"","SeqID","County","ID","State","Route","Order","Direction","Notes","LumpID","Parent","Mileage.Notes","SliverID","County2","State2","Manual.Miles","Miles","Vital","Pres"
"1","0.0%","Los Angeles",211,"CA","I.10",1,"WE","",0,0,"",0,"Los Angeles","CA",NA,48.56,0,0
"2","0.0%","San Bernardino",228,"CA","I.10",2,"WE","",0,0,"",0,"San Bernardino","CA",NA,39.22,0,0
"3","0.0%","Riverside",225,"CA","I.10",3,"WE","",0,0,"",0,"Riverside","CA",NA,156.23,0,0
"4","0.0%","La Paz",109,"AZ","I.10",4,"WE","",0,0,"",0,"La Paz","AZ",NA,70.82,0,0
"5","0.1%","Maricopa",110,"AZ","I.10",5,"WE","",0,0,"",0,"Maricopa","AZ",NA,98.58,0,0
"6","0.1%","Pinal",114,"AZ","I.10",6,"WE","",0,0,"",0,"Pinal","AZ",NA,64.08,0,0
"7","0.1%","Pima",113,"AZ","I.10",7,"WE","",0,0,"",0,"Pima","AZ",NA,64.24,0,0
"8","0.1%","Cochise",104,"AZ","I.10",8,"WE","",0,0,"",0,"Cochise","AZ",NA,95.54,0,0
"9","0.1%","Hidalgo",1818,"NM","I.10",9,"WE","",0,0,"",0,"Hidalgo","NM",NA,34.32,0,0
"10","0.1%","Grant",1815,"NM","I.10",10,"WE","",0,0,"",0,"Grant","NM",NA,20.3,0,1
"11","0.1%","Luna",1822,"NM","I.10",11,"WE","",0,0,"",0,"Luna","NM",NA,55.86,0,0
"12","0.1%","Doña Ana",1813,"NM","I.10",12,"WE","",0,0,"",0,"Doña Ana","NM",NA,54.38,0,0
"13","0.2%","El Paso",2685,"TX","I.10",13,"WE","",0,0,"",0,"El Paso","TX",NA,61.89,0,0
"14","0.2%","Hudspeth",2730,"TX","I.10",14,"WE","",0,0,"",0,"Hudspeth","TX",NA,73.97,0,0
"15","0.2%","Culberson",2670,"TX","I.10",15,"WE","",0,0,"",0,"Culberson","TX",NA,43.84,0,0
"16","0.2%","Jeff Davis",2737,"TX","I.10",16,"WE","",0,0,"",0,"Jeff Davis","TX",NA,7.08,0,0
"17","0.2%","Reeves",2810,"TX","I.10",17,"WE","",0,0,"",0,"Reeves","TX",NA,41.59,0,0
"18","0.2%","Pecos",2801,"TX","I.10",18,"WE","",0,0,"",0,"Pecos","TX",NA,101.15,0,0
"19","0.2%","Crockett",2668,"TX","I.10",19,"WE","",0,0,"",0,"Crockett","TX",NA,53.19,0,0
"20","0.2%","Sutton",2833,"TX","I.10",20,"WE","",0,0,"",0,"Sutton","TX",NA,54.16,0,0
"21","0.2%","Kimble",2749,"TX","I.10",21,"WE","",0,0,"",0,"Kimble","TX",NA,44.04,0,0
"22","0.3%","Kerr",2748,"TX","I.10",22,"WE","Reentry from East",0,0,"",2001,"Kerr","TX","15.05",15.05,0,0
"23","0.3%","Gillespie",2701,"TX","I.10",23,"WE","",0,0,"",0,"Gillespie","TX",NA,5.95,0,0
"24","0.3%","Kerr",2748,"TX","I.10",24,"WE","Reentry from West",0,0,"",3001,"Kerr","TX",NA,22.72,0,0
"25","0.3%","Kendall",2745,"TX","I.10",25,"WE","",0,0,"",0,"Kendall","TX",NA,22.91,0,0
"26","0.3%","Bexar",2630,"TX","I.10",26,"WE","",0,0,"",0,"Bexar","TX",NA,49.21,0,0
"27","0.3%","Guadalupe",2709,"TX","I.10",27,"WE","",0,0,"",0,"Guadalupe","TX",NA,35.88,0,0
"28","0.3%","Caldwell",2643,"TX","I.10",28,"WE","",0,0,"",0,"Caldwell","TX",NA,4.66,0,0
"29","0.3%","Gonzales",2704,"TX","I.10",29,"WE","",0,0,"",0,"Gonzales","TX",NA,22.47,0,0
"30","0.3%","Fayette",2690,"TX","I.10",30,"WE","",0,0,"",0,"Fayette","TX",NA,22.99,0,0
"31","0.4%","Colorado",2660,"TX","I.10",31,"WE","",0,0,"",0,"Colorado","TX",NA,32.4,0,0
"32","0.4%","Austin",2623,"TX","I.10",32,"WE","",0,0,"",0,"Austin","TX",NA,16.21,0,0
"33","0.4%","Waller",2852,"TX","I.10",33,"WE","",0,0,"",0,"Waller","TX",NA,11.09,0,0
"34","0.4%","Fort Bend",2694,"TX","I.10",34,"WE","",0,0,"",0,"Fort Bend","TX",NA,2.67,0,0
"35","0.4%","Harris",2716,"TX","I.10",35,"WE","",0,0,"",0,"Harris","TX",NA,56.21,0,0
"36","0.4%","Chambers",2651,"TX","I.10",36,"WE","",0,0,"",0,"Chambers","TX",NA,34.46,1,0
"37","0.4%","Jefferson",2738,"TX","I.10",37,"WE","",0,0,"",0,"Jefferson","TX",NA,24.44,0,1
"38","0.4%","Orange",2796,"TX","I.10",38,"WE","",0,0,"",0,"Orange","TX",NA,24.97,0,0
"39","0.5%","Calcasieu",1131,"LA","I.10",39,"WE","",0,0,"",0,"Calcasieu","LA",NA,44.39,0,0
"40","0.5%","Jefferson Davis",1148,"LA","I.10",40,"WE","",0,0,"",0,"Jefferson Davis","LA",NA,22.64,0,0
"41","0.5%","Acadia",1122,"LA","I.10",41,"WE","",0,0,"",0,"Acadia","LA",NA,27.2,0,0
"42","0.5%","Lafayette",1149,"LA","I.10",42,"WE","",0,0,"",0,"Lafayette","LA",NA,14.09,0,0
"43","0.5%","St. Martin",1171,"LA","I.10",43,"WE","",0,0,"",0,"St. Martin","LA",NA,19.33,0,0
"44","0.5%","Iberville",1145,"LA","I.10",44,"WE","",0,0,"",0,"Iberville","LA",NA,14.94,1,0
"45","0.5%","West Baton Rouge",1182,"LA","I.10",45,"WE","",0,0,"",0,"West Baton Rouge","LA",NA,13.14,0,0
"46","0.5%","East Baton Rouge",1138,"LA","I.10",46,"WE","",0,0,"",0,"East Baton Rouge","LA",NA,13.87,0,0
"47","0.5%","Ascension",1124,"LA","I.10",47,"WE","",0,0,"",0,"Ascension","LA",NA,21.57,0,0
"48","0.6%","St. James",1168,"LA","I.10",48,"WE","",0,0,"",0,"St. James","LA",NA,6.82,0,0
"49","0.6%","St. John the Baptist",1169,"LA","I.10",49,"WE","",0,0,"",0,"St. John the Baptist","LA",NA,14.76,0,0
"50","0.6%","St. Charles",1166,"LA","I.10",50,"WE","",0,0,"",0,"St. Charles","LA",NA,9.46,0,0
"51","0.6%","Jefferson",1147,"LA","I.10",51,"WE","",0,0,"",0,"Jefferson","LA",NA,9.58,0,1
"52","0.6%","Orleans",1157,"LA","I.10",52,"WE","",0,0,"",0,"Orleans","LA",NA,27.19,0,0
"53","0.6%","St. Tammany",1173,"LA","I.10",53,"WE","",0,0,"",0,"St. Tammany","LA",NA,16.12,0,0
"54","0.6%","Hancock",1433,"MS","I.10",54,"WE","",0,0,"",0,"Hancock","MS",NA,19.08,0,0
"55","0.6%","Harrison",1434,"MS","I.10",55,"WE","",0,0,"",0,"Harrison","MS",NA,28.78,0,1
"56","0.6%","Jackson",1440,"MS","I.10",56,"WE","",0,0,"",0,"Jackson","MS",NA,29.89,0,1
"57","0.7%","Mobile",49,"AL","I.10",57,"WE","",0,0,"",0,"Mobile","AL",NA,29.24,0,0
"58","0.7%","Baldwin",2,"AL","I.10",58,"WE","",0,0,"",0,"Baldwin","AL",NA,37.36,0,0
"59","0.7%","Escambia",343,"FL","I.10",59,"WE","",0,0,"",0,"Escambia","FL",NA,17.9,0,0
"60","0.7%","Santa Rosa",384,"FL","I.10",60,"WE","",0,0,"",0,"Santa Rosa","FL",NA,24.71,0,0
"61","0.7%","Okaloosa",373,"FL","I.10",61,"WE","",0,0,"",0,"Okaloosa","FL",NA,24.75,0,0
"62","0.7%","Walton",393,"FL","I.10",62,"WE","",0,0,"",0,"Walton","FL",NA,27.53,0,0
"63","0.7%","Holmes",356,"FL","I.10",63,"WE","",0,0,"",0,"Holmes","FL",NA,15.65,0,0
"64","0.7%","Washington",394,"FL","I.10",64,"WE","",0,0,"",0,"Washington","FL",NA,16.84,0,1
"65","0.8%","Jackson",358,"FL","I.10",65,"WE","",0,0,"",0,"Jackson","FL",NA,33.69,0,1
"66","0.8%","Gadsden",346,"FL","I.10",66,"WE","",0,0,"",0,"Gadsden","FL",NA,32.95,0,0
"67","0.8%","Leon",363,"FL","I.10",67,"WE","",0,0,"",0,"Leon","FL",NA,22.17,0,0
"68","0.8%","Jefferson",359,"FL","I.10",68,"WE","",0,0,"",0,"Jefferson","FL",NA,19.52,0,1
"69","0.8%","Madison",366,"FL","I.10",69,"WE","",0,0,"",0,"Madison","FL",NA,32.82,0,1
"70","0.8%","Suwannee",388,"FL","I.10",70,"WE","",0,0,"",0,"Suwannee","FL",NA,25.49,0,0
"71","0.8%","Columbia",339,"FL","I.10",71,"WE","",0,0,"",0,"Columbia","FL",NA,20.74,0,0
"72","0.8%","Baker",329,"FL","I.10",72,"WE","",0,0,"",0,"Baker","FL",NA,25.53,0,0
"73","0.8%","Nassau",372,"FL","I.10",73,"WE","",0,0,"",0,"Nassau","FL",NA,0.74,0,0
"74","0.9%","Duval",342,"FL","I.10",74,"WE","",0,0,"",0,"Duval","FL",NA,21.48,0,0
"75","0.9%","Los Angeles",211,"CA","I.105.CA",1,"WE","",0,0,"FHWA",0,"Los Angeles","CA","17.64",17.96,0,0
"76","0.9%","Lane",2242,"OR","I.105.OR",1,"WE","",0,0,"GE",0,"Lane","OR","3.48",3.47,0,0
"77","0.9%","Clark",1759,"NV","I.11",1,"SN","",0,0,"",0,"Clark","NV","54.19",53.74,0,0
"78","0.9%","Los Angeles",211,"CA","I.110.CA",1,"SN","",0,0,"",0,"Los Angeles","CA",NA,20.24,0,0
"79","0.9%","El Paso",2685,"TX","I.110.TX",1,"SN","",0,0,"W",0,"El Paso","TX","0.92",0.92,0,0
"80","0.9%","East Baton Rouge",1138,"LA","I.110.LA",1,"SN","",0,0,"W",0,"East Baton Rouge","LA","9.06",8.2,0,0
"81","0.9%","Harrison",1434,"MS","I.110.MS",1,"SN","",0,0,"W",0,"Harrison","MS","4.10",3.67,0,1
"82","0.9%","Escambia",343,"FL","I.110.FL",1,"SN","",0,0,"W",0,"Escambia","FL","6.34",5.51,0,0
"83","1.0%","Silver Bow",1655,"MT","I.115",1,"WE","",0,0,"W",0,"Silver Bow","MT","1.19",1.2,0,0
"84","1.0%","East Baton Rouge",1138,"LA","I.12",1,"WE","",0,0,"",0,"East Baton Rouge","LA",NA,7.73,0,0
"85","1.0%","Livingston",1153,"LA","I.12",2,"WE","",0,0,"",0,"Livingston","LA",NA,25.92,0,0
"86","1.0%","Tangipahoa",1174,"LA","I.12",3,"WE","",0,0,"",0,"Tangipahoa","LA",NA,18.86,0,0
"87","1.0%","St. Tammany",1173,"LA","I.12",4,"WE","",0,0,"",0,"St. Tammany","LA",NA,33.51,0,0
"88","1.0%","Hamilton",2553,"TN","I.124",1,"SN","Unsigned",0,0,"",0,"Hamilton","TN","1.97",1.89,0,0
"89","1.0%","Richland",2448,"SC","I.126",1,"WE","",0,0,"W",0,"Richland","SC","3.68",3.54,0,0
"90","1.0%","Dakota",1686,"NE","I.129",1,"WE","",0,0,"W",0,"Dakota","NE","0.29",3.39,0,0
"91","1.1%","Woodbury",894,"IA","I.129",2,"WE","",0,0,"W",0,"Woodbury","IA","3.21",0.21,0,0
"92","1.1%","Sedgwick",983,"KS","I.135",1,"SN","",0,0,"",0,"Sedgwick","KS",NA,22.04,0,0
"93","1.1%","Harvey",936,"KS","I.135",2,"SN","",0,0,"",0,"Harvey","KS",NA,20.79,0,0
"94","1.1%","McPherson",955,"KS","I.135",3,"SN","",0,0,"",0,"McPherson","KS",NA,33.82,0,0
"95","1.1%","Saline",981,"KS","I.135",4,"SN","",0,0,"",0,"Saline","KS",NA,18.8,0,0
"96","1.1%","Coryell",2665,"TX","I.14",1,"WE","",0,0,"",0,"Coryell","TX",NA,2.72,0,0
"97","1.1%","Bell",2629,"TX","I.14",2,"WE","",0,0,"",0,"Bell","TX",NA,22.3,0,0
"98","1.1%","Knox",2567,"TN","I.140.TN",1,"WE","",0,0,"GE",0,"Knox","TN","9.00",8.97,0,0
"99","1.1%","Blount",2525,"TN","I.140.TN",2,"WE","",0,0,"GE",0,"Blount","TN","4.98",2.24,0,0
"100","1.2%","Brunswick",1910,"NC","I.140.NC",1,"WE","",0,0,"GE",0,"Brunswick","NC","10.40",10.19,0,0
"101","1.2%","New Hanover",1965,"NC","I.140.NC",2,"WE","",0,0,"GE",0,"New Hanover","NC","9.10",9.82,0,0
"102","1.2%","San Diego",229,"CA","I.15",1,"SN","",0,0,"",0,"San Diego","CA",NA,48.22,0,0
"103","1.2%","Riverside",225,"CA","I.15",2,"SN","",0,0,"",0,"Riverside","CA",NA,52.63,0,0
"104","1.2%","San Bernardino",228,"CA","I.15",3,"SN","",0,0,"",0,"San Bernardino","CA",NA,187.74,0,0
"105","1.2%","Clark",1759,"NV","I.15",4,"SN","",0,0,"W",0,"Clark","NV","123.76",123.17,0,0
"106","1.2%","Mohave",111,"AZ","I.15",5,"SN","",0,0,"W",0,"Mohave","AZ","29.43",29.28,0,0
"107","1.2%","Washington",2907,"UT","I.15",6,"SN","",0,0,"",0,"Washington","UT",NA,42.08,1,1
"108","1.2%","Iron",2891,"UT","I.15",7,"SN","",0,0,"",0,"Iron","UT",NA,58.95,1,0
"109","1.3%","Beaver",2881,"UT","I.15",8,"SN","",0,0,"",0,"Beaver","UT",NA,30.73,1,0
"110","1.3%","Millard",2894,"UT","I.15",9,"SN","",0,0,"",0,"Millard","UT",NA,62.14,0,0
"111","1.3%","Juab",2892,"UT","I.15",10,"SN","",0,0,"",0,"Juab","UT",NA,47.45,0,0
"112","1.3%","Utah",2905,"UT","I.15",11,"SN","",0,0,"",0,"Utah","UT",NA,44.4,0,0
"113","1.3%","Salt Lake",2898,"UT","I.15",12,"SN","",0,0,"",0,"Salt Lake","UT",NA,26.45,0,0
"114","1.3%","Davis",2886,"UT","I.15",13,"SN","",0,0,"",0,"Davis","UT",NA,25.56,0,0
"115","1.3%","Weber",2909,"UT","I.15",14,"SN","",0,0,"",0,"Weber","UT",NA,13.7,0,0
"116","1.3%","Box Elder",2882,"UT","I.15",15,"SN","",0,0,"",0,"Box Elder","UT",NA,49.21,0,0
"117","1.4%","Oneida",595,"ID","I.15",16,"SN","",0,0,"",0,"Oneida","ID",NA,24.97,0,0
"118","1.4%","Bannock",562,"ID","I.15",17,"SN","",0,0,"",0,"Bannock","ID",NA,55,0,0
"119","1.4%","Bingham",565,"ID","I.15",18,"SN","",0,0,"",0,"Bingham","ID",NA,31.95,0,0
"120","1.4%","Bonneville",569,"ID","I.15",19,"SN","",0,0,"",0,"Bonneville","ID",NA,15.8,0,0
"121","1.4%","Jefferson",585,"ID","I.15",20,"SN","",0,0,"",0,"Jefferson","ID",NA,31.23,0,1
"122","1.4%","Clark",576,"ID","I.15",21,"SN","",0,0,"",0,"Clark","ID",NA,37.21,1,0
"123","1.4%","Beaverhead",1609,"MT","I.15",22,"SN","",0,0,"",0,"Beaverhead","MT",NA,85.78,1,0
"124","1.4%","Madison",1636,"MT","I.15",23,"SN","",0,0,"",0,"Madison","MT",NA,7.6,0,1
"125","1.4%","Silver Bow",1655,"MT","I.15",24,"SN","",0,0,"",0,"Silver Bow","MT",NA,40.42,0,0
"126","1.5%","Jefferson",1630,"MT","I.15",25,"SN","",0,0,"",0,"Jefferson","MT",NA,55.85,0,1
"127","1.5%","Lewis and Clark",1633,"MT","I.15",26,"SN","",0,0,"",0,"Lewis and Clark","MT",NA,50.04,0,0
"128","1.5%","Cascade",1615,"MT","I.15",27,"SN","",0,0,"",0,"Cascade","MT",NA,60.91,0,0
"129","1.5%","Teton",1658,"MT","I.15",28,"SN","",0,0,"",0,"Teton","MT",NA,21.38,0,0
"130","1.5%","Pondera",1645,"MT","I.15",29,"SN","",0,0,"",0,"Pondera","MT",NA,30.66,0,0
"131","1.5%","Toole",1659,"MT","I.15",30,"SN","",0,0,"",0,"Toole","MT",NA,32.79,0,0
"132","1.5%","Pemiscot",1570,"MO","I.155.MO",1,"WE","",0,0,"W",0,"Pemiscot","MO","10.72",10.12,0,0
"133","1.5%","Dyer",2543,"TN","I.155.MO",2,"WE","",0,0,"W",0,"Dyer","TN","15.90",16.19,0,0
"134","1.5%","Logan",657,"IL","I.155.IL",1,"SN","",0,0,"",0,"Logan","IL",NA,11.35,0,0
"135","1.6%","Tazewell",693,"IL","I.155.IL",2,"SN","",0,0,"",0,"Tazewell","IL",NA,20.63,0,0
"136","1.6%","Bibb",405,"GA","I.16",1,"WE","",0,0,"",0,"Bibb","GA",NA,8.45,0,0
"137","1.6%","Twiggs",537,"GA","I.16",2,"WE","",0,0,"",0,"Twiggs","GA",NA,22.55,0,0
"138","1.6%","Bleckley",406,"GA","I.16",3,"WE","",0,0,"",0,"Bleckley","GA",NA,1.63,0,0
"139","1.6%","Laurens",481,"GA","I.16",4,"WE","",0,0,"",0,"Laurens","GA",NA,31.64,0,0
"140","1.6%","Treutlen",534,"GA","I.16",5,"WE","",0,0,"",0,"Treutlen","GA",NA,18.42,0,0
"141","1.6%","Emanuel",447,"GA","I.16",6,"WE","",0,0,"",0,"Emanuel","GA",NA,10.03,0,0
"142","1.6%","Candler",415,"GA","I.16",7,"WE","",0,0,"",0,"Candler","GA",NA,17.34,1,0
"143","1.7%","Bulloch",410,"GA","I.16",8,"WE","",0,0,"",0,"Bulloch","GA",NA,25.92,0,0
"144","1.7%","Bryan",409,"GA","I.16",9,"WE","",0,0,"",0,"Bryan","GA",NA,8.96,0,0
"145","1.7%","Effingham",445,"GA","I.16",10,"WE","",0,0,"",0,"Effingham","GA",NA,2.87,0,0
"146","1.7%","Chatham",419,"GA","I.16",11,"WE","",0,0,"",0,"Chatham","GA",NA,16.48,0,0
"147","1.7%","Mobile",49,"AL","I.165.AL",1,"SN","",0,0,"W",0,"Mobile","AL","5.07",4.45,0,0
"148","1.7%","Warren",1115,"KY","I.165.KY",1,"SN","",0,0,"",0,"Warren","KY",NA,18.12,0,0
"149","1.7%","Butler",1017,"KY","I.165.KY",2,"SN","",0,0,"",0,"Butler","KY",NA,16.92,0,0
"150","1.7%","Ohio",1093,"KY","I.165.KY",3,"SN","",0,0,"",0,"Ohio","KY",NA,24.24,0,0
"151","1.7%","Daviess",1031,"KY","I.165.KY",4,"SN","",0,0,"",0,"Daviess","KY",NA,10.46,0,0
"152","1.8%","Cameron",2646,"TX","I.169.TX",1,"SN","",0,0,"W",0,"Cameron","TX","9.74",4.5,0,0
"153","1.8%","Christian",1025,"KY","I.169.KY",1,"SN","",0,0,"",0,"Christian","KY",NA,28.03,0,0
"154","1.8%","Hopkins",1055,"KY","I.169.KY",2,"SN","",0,0,"",0,"Hopkins","KY",NA,6.83,0,0
"155","1.8%","Maricopa",110,"AZ","I.17",1,"SN","",0,0,"",0,"Maricopa","AZ",NA,46.87,0,0
"156","1.8%","Yavapai",116,"AZ","I.17",2,"SN","",0,0,"",0,"Yavapai","AZ",NA,69.3,0,0
"157","1.8%","Coconino",105,"AZ","I.17",3,"SN","",0,0,"",0,"Coconino","AZ",NA,28.76,0,0
"158","1.8%","St. Louis",1588,"MO","I.170",1,"SN","",0,0,"W",0,"St. Louis","MO","11.17",10.42,0,0
"159","1.8%","Pike",678,"IL","I.172",1,"SN","",0,0,"",0,"Pike","IL",NA,0.28,0,0
"160","1.8%","Adams",604,"IL","I.172",2,"SN","",0,0,"",0,"Adams","IL",NA,18.55,0,1
"161","1.9%","Pinellas",379,"FL","I.175",1,"WE","",0,0,"W",0,"Pinellas","FL","1.37",0.92,0,0
"162","1.9%","Berks",2264,"PA","I.176",1,"SN","",0,0,"W",0,"Berks","PA","11.35",11.41,0,0
"163","1.9%","Laramie",3263,"WY","I.180.WY",1,"SN","",0,0,"W",0,"Laramie","WY","1.09",1.12,0,0
"164","1.9%","Lancaster",1719,"NE","I.180.NE",1,"SN","",0,0,"W",0,"Lancaster","NE","3.47",3.62,0,0
"165","1.9%","Putnam",681,"IL","I.180.IL",1,"SN","",0,0,"",0,"Putnam","IL",NA,1.42,1,0
"166","1.9%","Bureau",609,"IL","I.180.IL",2,"SN","",0,0,"",0,"Bureau","IL",NA,11.73,0,0
"167","1.9%","Lycoming",2299,"PA","I.180.PA",1,"CCW","",0,0,"",0,"Lycoming","PA",NA,18.98,0,0
"168","1.9%","Northumberland",2307,"PA","I.180.PA",2,"CCW","",0,0,"",0,"Northumberland","PA",NA,9.51,0,0
"169","2.0%","Benton",3089,"WA","I.182",1,"WE","",0,0,"",0,"Benton","WA",NA,5.67,0,0
"170","2.0%","Franklin",3097,"WA","I.182",2,"WE","",0,0,"",0,"Franklin","WA",NA,9.11,0,0
"171","2.0%","Ada",560,"ID","I.184",1,"WE","",0,0,"W",0,"Ada","ID","3.62",3.77,0,0
"172","2.0%","Muscogee",500,"GA","I.185.GA",1,"SN","",0,0,"",0,"Muscogee","GA",NA,14.23,0,0
"173","2.0%","Harris",466,"GA","I.185.GA",2,"SN","",0,0,"",0,"Harris","GA",NA,20.66,0,0
"174","2.0%","Troup",535,"GA","I.185.GA",3,"SN","",0,0,"",0,"Troup","GA",NA,14.22,0,0
"175","2.0%","Greenville",2431,"SC","I.185.SC",1,"CCW","",0,0,"W",0,"Greenville","SC","17.70",17.97,0,0
"176","2.0%","Chittenden",2913,"VT","I.189",1,"WE","",0,0,"W",0,"Chittenden","VT","1.49",1.45,0,0
"177","2.0%","Santa Cruz",115,"AZ","I.19",1,"SN","",0,0,"GE",0,"Santa Cruz","AZ","30.00",30.06,1,0
"178","2.1%","Pima",113,"AZ","I.19",2,"SN","",0,0,"GE",0,"Pima","AZ","33.90",32.98,0,0
"179","2.1%","Pennington",2506,"SD","I.190.SD",1,"SN","",0,0,"W",0,"Pennington","SD","1.72",1.23,0,0
"180","2.1%","Cook",619,"IL","I.190.IL",1,"WE","",0,0,"W",0,"Cook","IL","3.07",3.89,0,0
"181","2.1%","Erie",1853,"NY","I.190.NY",1,"SN","",0,0,"",0,"Erie","NY",NA,20.43,0,0
"182","2.1%","Niagara",1870,"NY","I.190.NY",2,"SN","",0,0,"",0,"Niagara","NY",NA,7.65,0,0
"183","2.1%","Worcester",1240,"MA","I.190.MA",1,"SN","",0,0,"W",0,"Worcester","MA","19.26",19.25,0,0
"184","2.1%","Morton",2030,"ND","I.194.ND",1,"SN","",0,0,"W",0,"Morton","ND","1.10",1.08,0,0
"185","2.1%","Calhoun",1253,"MI","I.194.MI",1,"SN","",0,0,"W",0,"Calhoun","MI","3.37",3.49,0,0
"186","2.1%","Miami-Dade",370,"FL","I.195.FL",1,"WE","",0,0,"W",0,"Miami-Dade","FL","4.42",4.06,0,0
"187","2.2%","Richmond, City of",2999,"VA","I.195.VA",1,"SN","Reentry from North",3,0,"",2001,"Richmond, City of","VA",NA,1.92,0,0
"188","2.2%","Henrico",2997,"VA","I.195.VA",2,"SN","",3,1,"",0,"Henrico","VA",NA,0.37,0,0
"189","2.2%","Richmond, City of",2999,"VA","I.195.VA",3,"SN","Reentry from South",3,0,"",3001,"Richmond, City of","VA","0.48",0.48,0,0
"190","2.2%","Anne Arundel",1203,"MD","I.195.MD",1,"SN","",0,0,"",0,"Anne Arundel","MD",NA,2.2,0,0
"191","2.2%","Baltimore",1205,"MD","I.195.MD",2,"SN","",0,0,"",0,"Baltimore","MD",NA,1.67,0,0
"192","2.2%","Mercer",1795,"NJ","I.195.NJ",1,"WE","",0,0,"",0,"Mercer","NJ",NA,8.51,0,0
"193","2.2%","Monmouth",1797,"NJ","I.195.NJ",2,"WE","Reentry from East",0,0,"",2002,"Monmouth","NJ",NA,8.09,0,0
"194","2.2%","Ocean",1799,"NJ","I.195.NJ",3,"WE","",0,0,"",0,"Ocean","NJ",NA,8.83,0,0
"195","2.3%","Monmouth",1797,"NJ","I.195.NJ",4,"WE","Reentry from West",0,0,"",3002,"Monmouth","NJ","8.51",8.51,0,0
"196","2.3%","Providence",2407,"RI","I.195.MA",1,"WE","",0,0,"",0,"Providence","RI",NA,3.51,0,0
"197","2.3%","Bristol",1229,"MA","I.195.MA",2,"WE","",0,0,"",0,"Bristol","MA",NA,28.78,0,0
"198","2.3%","Plymouth",1238,"MA","I.195.MA",3,"WE","",0,0,"",0,"Plymouth","MA",NA,10.64,0,0
"199","2.3%","York",1201,"ME","I.195.ME",1,"WE","",0,0,"W",0,"York","ME","1.55",2.14,0,0
"200","2.3%","Berrien",1251,"MI","I.196",1,"SN","",0,0,"",0,"Berrien","MI",NA,8.72,0,0
"201","2.3%","Van Buren",1320,"MI","I.196",2,"SN","",0,0,"",0,"Van Buren","MI",NA,13.56,0,1
"202","2.3%","Allegan",1243,"MI","I.196",3,"SN","",0,0,"",0,"Allegan","MI",NA,29.72,0,0
"203","2.3%","Ottawa",1310,"MI","I.196",4,"SN","",0,0,"",0,"Ottawa","MI",NA,15.65,0,0
"204","2.4%","Kent",1281,"MI","I.196",5,"SN","",0,0,"",0,"Kent","MI",NA,14.16,0,0
"205","2.4%","Hidalgo",2723,"TX","I.2",1,"WE","",0,0,"W",0,"Hidalgo","TX","37.36",37.24,0,0
"206","2.4%","Cameron",2646,"TX","I.2",2,"WE","",0,0,"W",0,"Cameron","TX","9.44",8.92,0,0
"207","2.4%","Reeves",2810,"TX","I.20",1,"WE","",0,0,"",0,"Reeves","TX",NA,48.19,0,0
"208","2.4%","Ward",2853,"TX","I.20",2,"WE","",0,0,"",0,"Ward","TX",NA,40.65,1,0
"209","2.4%","Crane",2667,"TX","I.20",3,"WE","",0,0,"",0,"Crane","TX",NA,1.58,0,0
"210","2.4%","Ector",2683,"TX","I.20",4,"WE","",0,0,"",0,"Ector","TX",NA,31.73,0,0
"211","2.4%","Midland",2780,"TX","I.20",5,"WE","",0,0,"",0,"Midland","TX",NA,27.8,1,0
"212","2.4%","Martin",2771,"TX","I.20",6,"WE","",0,0,"",0,"Martin","TX",NA,13.53,0,0
"213","2.5%","Howard",2729,"TX","I.20",7,"WE","",0,0,"",0,"Howard","TX",NA,33.66,0,0
"214","2.5%","Mitchell",2783,"TX","I.20",8,"WE","",0,0,"",0,"Mitchell","TX",NA,32.24,0,0
"215","2.5%","Nolan",2792,"TX","I.20",9,"WE","",0,0,"",0,"Nolan","TX",NA,32.09,0,0
"216","2.5%","Taylor",2836,"TX","I.20",10,"WE","",0,0,"",0,"Taylor","TX",NA,32.58,0,1
"217","2.5%","Callahan",2645,"TX","I.20",11,"WE","",0,0,"",0,"Callahan","TX",NA,30.75,0,0
"218","2.5%","Eastland",2682,"TX","I.20",12,"WE","",0,0,"",0,"Eastland","TX",NA,40.14,0,0
"219","2.5%","Erath",2687,"TX","I.20",13,"WE","",0,0,"",0,"Erath","TX",NA,6,0,0
"220","2.5%","Palo Pinto",2797,"TX","I.20",14,"WE","",0,0,"",0,"Palo Pinto","TX",NA,20.6,0,0
"221","2.6%","Parker",2799,"TX","I.20",15,"WE","",0,0,"",0,"Parker","TX",NA,33.25,0,0
"222","2.6%","Tarrant",2835,"TX","I.20",16,"WE","",0,0,"",0,"Tarrant","TX",NA,31.2,0,0
"223","2.6%","Dallas",2672,"TX","I.20",17,"WE","",0,0,"",0,"Dallas","TX",NA,31.78,0,0
"224","2.6%","Kaufman",2744,"TX","I.20",18,"WE","",0,0,"",0,"Kaufman","TX",NA,27.11,0,0
"225","2.6%","Van Zandt",2849,"TX","I.20",19,"WE","",0,0,"",0,"Van Zandt","TX",NA,30.26,0,0
"226","2.6%","Smith",2827,"TX","I.20",20,"WE","",0,0,"",0,"Smith","TX",NA,36.34,0,0
"227","2.6%","Gregg",2707,"TX","I.20",21,"WE","",0,0,"",0,"Gregg","TX",NA,17.07,0,0
"228","2.6%","Harrison",2717,"TX","I.20",22,"WE","",0,0,"",0,"Harrison","TX",NA,39.39,0,1
"229","2.6%","Caddo",1130,"LA","I.20",23,"WE","",0,0,"",0,"Caddo","LA",NA,19.67,0,0
"230","2.7%","Bossier",1129,"LA","I.20",24,"WE","",0,0,"",0,"Bossier","LA",NA,18.48,0,0
"231","2.7%","Webster",1181,"LA","I.20",25,"WE","",0,0,"",0,"Webster","LA",NA,16.31,0,0
"232","2.7%","Bienville",1128,"LA","I.20",26,"WE","",0,0,"",0,"Bienville","LA",NA,17.37,0,0
"233","2.7%","Lincoln",1152,"LA","I.20",27,"WE","",0,0,"",0,"Lincoln","LA",NA,27.46,0,1
"234","2.7%","Ouachita",1158,"LA","I.20",28,"WE","",0,0,"",0,"Ouachita","LA",NA,28.58,0,0
"235","2.7%","Richland",1163,"LA","I.20",29,"WE","",0,0,"",0,"Richland","LA",NA,27.61,0,0
"236","2.7%","Madison",1154,"LA","I.20",30,"WE","",0,0,"",0,"Madison","LA",NA,34.69,0,1
"237","2.7%","Warren",1485,"MS","I.20",31,"WE","",0,0,"",0,"Warren","MS",NA,17.47,0,0
"238","2.7%","Hinds",1435,"MS","I.20",32,"WE","",0,0,"",0,"Hinds","MS",NA,28.62,0,0
"239","2.8%","Rankin",1471,"MS","I.20",33,"WE","",0,0,"",0,"Rankin","MS",NA,27.41,0,0
"240","2.8%","Scott",1472,"MS","I.20",34,"WE","",0,0,"",0,"Scott","MS",NA,24.73,0,0
"241","2.8%","Newton",1461,"MS","I.20",35,"WE","",0,0,"",0,"Newton","MS",NA,24.56,0,0
"242","2.8%","Lauderdale",1448,"MS","I.20",36,"WE","",0,0,"",0,"Lauderdale","MS",NA,32.59,0,0
"243","2.8%","Sumter",60,"AL","I.20",37,"WE","",0,0,"",0,"Sumter","AL",NA,27.25,0,0
"244","2.8%","Greene",32,"AL","I.20",38,"WE","",0,0,"",0,"Greene","AL",NA,28.43,0,0
"245","2.8%","Tuscaloosa",63,"AL","I.20",39,"WE","",0,0,"",0,"Tuscaloosa","AL",NA,45.89,0,0
"246","2.8%","Jefferson",37,"AL","I.20",40,"WE","",0,0,"",0,"Jefferson","AL",NA,42.14,0,1
"247","2.9%","St. Clair",58,"AL","I.20",41,"WE","",0,0,"",0,"St. Clair","AL",NA,21.95,0,0
"248","2.9%","Talladega",61,"AL","I.20",42,"WE","",0,0,"",0,"Talladega","AL",NA,18.05,0,0
"249","2.9%","Calhoun",8,"AL","I.20",43,"WE","",0,0,"",0,"Calhoun","AL",NA,11.27,0,0
"250","2.9%","Cleburne",15,"AL","I.20",44,"WE","",0,0,"",0,"Cleburne","AL",NA,21.06,0,0
"251","2.9%","Haralson",465,"GA","I.20",45,"WE","",0,0,"",0,"Haralson","GA",NA,9.64,0,0
"252","2.9%","Carroll",416,"GA","I.20",46,"WE","",0,0,"",0,"Carroll","GA",NA,15.96,0,0
"253","2.9%","Douglas",442,"GA","I.20",47,"WE","",0,0,"",0,"Douglas","GA",NA,18.89,0,0
"254","2.9%","Cobb",427,"GA","I.20",48,"WE","",0,0,"",0,"Cobb","GA",NA,3.61,0,0
"255","2.9%","Fulton",454,"GA","I.20",49,"WE","",0,0,"",0,"Fulton","GA",NA,11.57,0,0
"256","3.0%","DeKalb",438,"GA","I.20",50,"WE","",0,0,"",0,"DeKalb","GA",NA,17.53,0,0
"257","3.0%","Rockdale",516,"GA","I.20",51,"WE","",0,0,"",0,"Rockdale","GA",NA,8.51,0,0
"258","3.0%","Newton",501,"GA","I.20",52,"WE","",0,0,"",0,"Newton","GA",NA,15.07,0,0
"259","3.0%","Walton",541,"GA","I.20",53,"WE","",0,0,"",0,"Walton","GA",NA,1.45,0,0
"260","3.0%","Morgan",498,"GA","I.20",54,"WE","",0,0,"",0,"Morgan","GA",NA,24.26,0,0
"261","3.0%","Greene",460,"GA","I.20",55,"WE","",0,0,"",0,"Greene","GA",NA,16.37,0,0
"262","3.0%","Taliaferro",525,"GA","I.20",56,"WE","",0,0,"",0,"Taliaferro","GA",NA,10.12,0,0
"263","3.0%","Warren",543,"GA","I.20",57,"WE","",0,0,"",0,"Warren","GA",NA,13.04,0,0
"264","3.0%","McDuffie",491,"GA","I.20",58,"WE","",0,0,"",0,"McDuffie","GA",NA,11.92,0,0
"265","3.1%","Columbia",430,"GA","I.20",59,"WE","",0,0,"",0,"Columbia","GA",NA,16.91,0,0
"266","3.1%","Richmond",515,"GA","I.20",60,"WE","",0,0,"",0,"Richmond","GA",NA,6.66,0,0
"267","3.1%","Aiken",2410,"SC","I.20",61,"WE","",0,0,"",0,"Aiken","SC",NA,37.49,0,0
"268","3.1%","Lexington",2440,"SC","I.20",62,"WE","",0,0,"",0,"Lexington","SC",NA,27.23,0,0
"269","3.1%","Richland",2448,"SC","I.20",63,"WE","",0,0,"",0,"Richland","SC",NA,20.34,0,0
"270","3.1%","Kershaw",2436,"SC","I.20",64,"WE","",0,0,"",0,"Kershaw","SC",NA,22.12,0,0
"271","3.1%","Lee",2439,"SC","I.20",65,"WE","",0,0,"",0,"Lee","SC",NA,19.15,0,0
"272","3.1%","Darlington",2424,"SC","I.20",66,"WE","",0,0,"",0,"Darlington","SC",NA,13.31,0,0
"273","3.2%","Florence",2429,"SC","I.20",67,"WE","",0,0,"",0,"Florence","SC",NA,2.1,0,0
"274","3.2%","Alameda",193,"CA","I.205.CA",1,"WE","",0,0,"",0,"Alameda","CA",NA,0.96,0,0
"275","3.2%","San Joaquin",231,"CA","I.205.CA",2,"WE","",0,0,"",0,"San Joaquin","CA",NA,13.54,0,0
"276","3.2%","Washington",2256,"OR","I.205.OR",1,"CCW","",0,0,"",0,"Washington","OR",NA,0.91,0,1
"277","3.2%","Clackamas",2225,"OR","I.205.OR",2,"CCW","",0,0,"",0,"Clackamas","OR",NA,15.3,0,0
"278","3.2%","Multnomah",2248,"OR","I.205.OR",3,"CCW","",0,0,"",0,"Multnomah","OR",NA,10.1,0,0
"279","3.2%","Clark",3092,"WA","I.205.OR",4,"CCW","",0,0,"",0,"Clark","WA",NA,10.99,0,0
"280","3.2%","Los Angeles",211,"CA","I.210.CA",1,"WE","",0,0,"GE",0,"Los Angeles","CA","43.80",44.4,0,0
"281","3.2%","Calcasieu",1131,"LA","I.210.LA",1,"WE","",0,0,"W",0,"Calcasieu","LA","12.40",11.42,0,0
"282","3.3%","Riverside",225,"CA","I.215.CA",1,"SN","",0,0,"",0,"Riverside","CA",NA,36.96,0,0
"283","3.3%","San Bernardino",228,"CA","I.215.CA",2,"SN","",0,0,"",0,"San Bernardino","CA",NA,18.28,0,0
"284","3.3%","Clark",1759,"NV","I.215.NV",1,"WE","",0,0,"W",0,"Clark","NV","11.17",10.77,0,0
"285","3.3%","Salt Lake",2898,"UT","I.215.UT",1,"CCW","",0,0,"",0,"Salt Lake","UT",NA,27.13,0,0
"286","3.3%","Davis",2886,"UT","I.215.UT",2,"CCW","",0,0,"",0,"Davis","UT",NA,1.71,0,0
"287","3.3%","Marshall",1457,"MS","I.22",1,"WE","",0,0,"",0,"Marshall","MS",NA,29.57,0,0
"288","3.3%","Benton",1415,"MS","I.22",2,"WE","",0,0,"",0,"Benton","MS",NA,7.97,0,0
"289","3.3%","Union",1483,"MS","I.22",3,"WE","",0,0,"",0,"Union","MS",NA,25.44,0,0
"290","3.3%","Pontotoc",1468,"MS","I.22",4,"WE","",0,0,"",0,"Pontotoc","MS",NA,2.63,0,0
"291","3.4%","Lee",1451,"MS","I.22",5,"WE","",0,0,"",0,"Lee","MS",NA,17.3,0,0
"292","3.4%","Itawamba",1439,"MS","I.22",6,"WE","",0,0,"",0,"Itawamba","MS",NA,22.03,0,0
"293","3.4%","Marion",47,"AL","I.22",7,"WE","",0,0,"",0,"Marion","AL",NA,38.29,0,0
"294","3.4%","Walker",64,"AL","I.22",8,"WE","",0,0,"",0,"Walker","AL",NA,41.53,0,0
"295","3.4%","Jefferson",37,"AL","I.22",9,"WE","",0,0,"",0,"Jefferson","AL",NA,15.31,0,1
"296","3.4%","Caddo",1130,"LA","I.220.LA",1,"WE","",0,0,"",0,"Caddo","LA",NA,8.54,0,0
"297","3.4%","Bossier",1129,"LA","I.220.LA",2,"WE","",0,0,"",0,"Bossier","LA",NA,8.56,0,0
"298","3.4%","Hinds",1435,"MS","I.220.MS",1,"SN","",0,0,"",0,"Hinds","MS",NA,9.27,0,0
"299","3.5%","Madison",1455,"MS","I.220.MS",2,"SN","",0,0,"",0,"Madison","MS",NA,1.75,0,1
"300","3.5%","Denver",267,"CO","I.225",1,"SN","",0,0,"",0,"Denver","CO",NA,1.4,0,0
"301","3.5%","Arapahoe",253,"CO","I.225",2,"SN","",0,0,"",0,"Arapahoe","CO",NA,8.33,0,0
"302","3.5%","Adams",251,"CO","I.225",3,"SN","",0,0,"",0,"Adams","CO",NA,1.77,0,1
"303","3.5%","Buchanan",1503,"MO","I.229.MO",1,"SN","",0,0,"",0,"Buchanan","MO",NA,9.88,0,1
"304","3.5%","Andrew",1494,"MO","I.229.MO",2,"SN","",0,0,"",0,"Andrew","MO",NA,4.34,0,0
"305","3.5%","Minnehaha",2503,"SD","I.229.SD",1,"SN","",0,0,"",0,"Minnehaha","SD",NA,9.18,0,0
"306","3.5%","Lincoln",2495,"SD","I.229.SD",2,"SN","",0,0,"",0,"Lincoln","SD",NA,1.63,0,1
"307","3.5%","Sedgwick",983,"KS","I.235.KS",1,"CCW","",0,0,"W",0,"Sedgwick","KS","5.38",15.52,0,0
"308","3.6%","Oklahoma",2200,"OK","I.235.OK",1,"SN","",0,0,"W",0,"Oklahoma","OK","16.52",5.01,0,0
"309","3.6%","Polk",874,"IA","I.235.IA",1,"CCW","",0,0,"W",0,"Polk","IA","13.78",12.94,0,1
"310","3.6%","Alameda",193,"CA","I.238",1,"WE","",0,0,"GE",0,"Alameda","CA","2.51",3.11,0,0
"311","3.6%","Williamson",703,"IL","I.24",1,"WE","",0,0,"",0,"Williamson","IL",NA,0.33,0,0
"312","3.6%","Johnson",647,"IL","I.24",2,"WE","",0,0,"",0,"Johnson","IL",NA,21.96,0,1
"313","3.6%","Massac",664,"IL","I.24",3,"WE","",0,0,"",0,"Massac","IL",NA,15.08,0,0
"314","3.6%","McCracken",1080,"KY","I.24",4,"WE","",0,0,"",0,"McCracken","KY",NA,17.23,0,0
"315","3.6%","Marshall",1077,"KY","I.24",5,"WE","",0,0,"",0,"Marshall","KY",NA,12.06,0,0
"316","3.7%","Livingston",1071,"KY","I.24",6,"WE","",0,0,"",0,"Livingston","KY",NA,4.52,0,0
"317","3.7%","Lyon",1073,"KY","I.24",7,"WE","",0,0,"",0,"Lyon","KY",NA,20.91,0,0
"318","3.7%","Caldwell",1018,"KY","I.24",8,"WE","",0,0,"",0,"Caldwell","KY",NA,2.55,0,0
"319","3.7%","Trigg",1112,"KY","I.24",9,"WE","",0,0,"",0,"Trigg","KY",NA,12.41,0,0
"320","3.7%","Christian",1025,"KY","I.24",10,"WE","",0,0,"",0,"Christian","KY",NA,23.35,0,0
"321","3.7%","Montgomery",2583,"TN","I.24",11,"WE","",0,0,"",0,"Montgomery","TN",NA,17.09,0,0
"322","3.7%","Robertson",2594,"TN","I.24",12,"WE","Reentry from East",0,0,"",2001,"Robertson","TN",NA,8.07,0,0
"323","3.7%","Cheatham",2531,"TN","I.24",13,"WE","Reentry from East",0,0,"",2002,"Cheatham","TN","0.64",0.64,0,0
"324","3.7%","Robertson",2594,"TN","I.24",14,"WE","Reentry from West",0,0,"",3001,"Robertson","TN","2.36",2.36,0,0
"325","3.8%","Cheatham",2531,"TN","I.24",15,"WE","Reentry from West",0,0,"",3002,"Cheatham","TN",NA,3.61,0,0
"326","3.8%","Davidson",2539,"TN","I.24",16,"WE","",0,0,"",0,"Davidson","TN",NA,31.11,0,0
"327","3.8%","Rutherford",2595,"TN","I.24",17,"WE","",0,0,"",0,"Rutherford","TN",NA,33.05,0,0
"328","3.8%","Bedford",2522,"TN","I.24",18,"WE","",0,0,"",0,"Bedford","TN",NA,0.45,0,0
"329","3.8%","Coffee",2536,"TN","I.24",19,"WE","",0,0,"",0,"Coffee","TN",NA,29.96,0,0
"330","3.8%","Grundy",2551,"TN","I.24",20,"WE","",0,0,"",0,"Grundy","TN",NA,7.29,0,0
"331","3.8%","Marion",2576,"TN","I.24",21,"WE","",0,0,"",0,"Marion","TN",NA,32.05,0,0
"332","3.8%","Hamilton",2553,"TN","I.24",22,"WE","Reentry from East",0,0,"",2003,"Hamilton","TN","0.32",0.32,0,0
"333","3.8%","Dade",435,"GA","I.24",23,"WE","",0,0,"",0,"Dade","GA",NA,4.1,0,0
"334","3.9%","Hamilton",2553,"TN","I.24",24,"WE","Reentry from West",0,0,"",3003,"Hamilton","TN",NA,14.16,0,0
"335","3.9%","Oklahoma",2200,"OK","I.240.OK",1,"WE","",0,0,"W",0,"Oklahoma","OK","26.80",22.66,0,0
"336","3.9%","Shelby",2599,"TN","I.240.TN",1,"CCW","",0,0,"W",0,"Shelby","TN","19.27",20.89,0,0
"337","3.9%","Buncombe",1911,"NC","I.240.NC",1,"WE","",0,0,"W",0,"Buncombe","NC","9.14",9.68,0,0
"338","3.9%","Tulsa",2217,"OK","I.244",1,"WE","",0,0,"W",0,"Tulsa","OK","15.75",16.28,0,0
"339","3.9%","Doña Ana",1813,"NM","I.25",1,"SN","",0,0,"",0,"Doña Ana","NM",NA,50.76,0,0
"340","3.9%","Sierra",1833,"NM","I.25",2,"SN","",0,0,"",0,"Sierra","NM",NA,51.87,0,0
"341","3.9%","Socorro",1834,"NM","I.25",3,"SN","",0,0,"",0,"Socorro","NM",NA,80.99,0,0
"342","4.0%","Valencia",1838,"NM","I.25",4,"SN","",0,0,"",0,"Valencia","NM",NA,23.21,0,0
"343","4.0%","Bernalillo",1806,"NM","I.25",5,"SN","",0,0,"",0,"Bernalillo","NM",NA,27.45,0,0
"344","4.0%","Sandoval",1831,"NM","I.25",6,"SN","",0,0,"",0,"Sandoval","NM",NA,28.07,0,0
"345","4.0%","Santa Fe",1832,"NM","I.25",7,"SN","",0,0,"",0,"Santa Fe","NM",NA,39.77,0,0
"346","4.0%","San Miguel",1830,"NM","I.25",8,"SN","",0,0,"",0,"San Miguel","NM",NA,61.08,0,0
"347","4.0%","Mora",1824,"NM","I.25",9,"SN","",0,0,"",0,"Mora","NM",NA,38.52,0,0
"348","4.0%","Colfax",1810,"NM","I.25",10,"SN","",0,0,"",0,"Colfax","NM",NA,57.77,0,0
"349","4.0%","Las Animas",287,"CO","I.25",11,"SN","",0,0,"",0,"Las Animas","CO",NA,39.07,0,0
"350","4.0%","Huerfano",279,"CO","I.25",12,"SN","",0,0,"",0,"Huerfano","CO",NA,29.78,0,0
"351","4.1%","Pueblo",302,"CO","I.25",13,"SN","",0,0,"",0,"Pueblo","CO",NA,47.44,0,0
"352","4.1%","El Paso",271,"CO","I.25",14,"SN","",0,0,"",0,"El Paso","CO",NA,46.91,0,0
"353","4.1%","Douglas",269,"CO","I.25",15,"SN","",0,0,"",0,"Douglas","CO",NA,31.65,0,0
"354","4.1%","Arapahoe",253,"CO","I.25",16,"SN","",0,0,"",0,"Arapahoe","CO",NA,4.33,0,0
"355","4.1%","Denver",267,"CO","I.25",17,"SN","",0,0,"",0,"Denver","CO",NA,15.06,0,0
"356","4.1%","Adams",251,"CO","I.25",18,"SN","",0,0,"",0,"Adams","CO",NA,13.91,0,1
"357","4.1%","Broomfield",258,"CO","I.25",19,"SN","",0,0,"",0,"Broomfield","CO",NA,2.72,0,0
"358","4.1%","Weld",313,"CO","I.25",20,"SN","Reentry from North",0,0,"",2004,"Weld","CO",NA,22.06,0,0
"359","4.1%","Larimer",286,"CO","I.25",21,"SN","",0,0,"",0,"Larimer","CO",NA,38.78,0,0
"360","4.2%","Weld",313,"CO","I.25",22,"SN","Reentry from South",0,0,"",3004,"Weld","CO","6.87",6.87,0,0
"361","4.2%","Laramie",3263,"WY","I.25",23,"SN","",0,0,"",0,"Laramie","WY",NA,47.11,0,0
"362","4.2%","Platte",3268,"WY","I.25",24,"SN","",0,0,"",0,"Platte","WY",NA,73.49,0,0
"363","4.2%","Converse",3257,"WY","I.25",25,"SN","",0,0,"",0,"Converse","WY",NA,54.27,0,0
"364","4.2%","Natrona",3265,"WY","I.25",26,"SN","",0,0,"",0,"Natrona","WY",NA,60.31,0,0
"365","4.2%","Johnson",3262,"WY","I.25",27,"SN","",0,0,"",0,"Johnson","WY",NA,65.3,0,1
"366","4.2%","St. Louis",1588,"MO","I.255",1,"CCW","",0,0,"",0,"St. Louis","MO",NA,3.74,0,0
"367","4.2%","Monroe",670,"IL","I.255",2,"CCW","",0,0,"",0,"Monroe","IL",NA,3.54,0,1
"368","4.3%","St. Clair",685,"IL","I.255",3,"CCW","",0,0,"",0,"St. Clair","IL",NA,16.39,0,0
"369","4.3%","Madison",660,"IL","I.255",4,"CCW","",0,0,"",0,"Madison","IL",NA,7.88,0,1
"370","4.3%","Unicoi",2606,"TN","I.26",1,"WE","",0,0,"",0,"Unicoi","TN",NA,26.89,0,0
"371","4.3%","Carter",2530,"TN","I.26",2,"WE","",0,0,"",0,"Carter","TN",NA,2.67,0,1
"372","4.3%","Washington",2610,"TN","I.26",3,"WE","",0,0,"",0,"Washington","TN",NA,15.03,0,1
"373","4.3%","Sullivan",2602,"TN","I.26",4,"WE","",0,0,"",0,"Sullivan","TN",NA,9.87,0,0
"374","4.3%","Madison",1957,"NC","I.26",5,"WE","",0,0,"",0,"Madison","NC",NA,12.59,0,1
"375","4.3%","Buncombe",1911,"NC","I.26",6,"WE","",0,0,"",0,"Buncombe","NC",NA,27.83,0,0
"376","4.3%","Henderson",1945,"NC","I.26",7,"WE","",0,0,"",0,"Henderson","NC",NA,16.71,0,0
"377","4.4%","Polk",1975,"NC","I.26",8,"WE","",0,0,"",0,"Polk","NC",NA,13.06,0,1
"378","4.4%","Spartanburg",2450,"SC","I.26",9,"WE","",0,0,"",0,"Spartanburg","SC",NA,45.4,0,0
"379","4.4%","Laurens",2438,"SC","I.26",10,"WE","",0,0,"",0,"Laurens","SC",NA,15.45,0,0
"380","4.4%","Newberry",2444,"SC","I.26",11,"WE","",0,0,"",0,"Newberry","SC",NA,27.43,0,0
"381","4.4%","Lexington",2440,"SC","I.26",12,"WE","Reentry from East",0,0,"GE",2001,"Lexington","SC","3.16",3.16,0,0
"382","4.4%","Richland",2448,"SC","I.26",13,"WE","Reentry from East",0,0,"GE",2002,"Richland","SC","11.30",11.1,0,0
"383","4.4%","Lexington",2440,"SC","I.26",14,"WE","Reentry",0,0,"GE",1001,"Lexington","SC","3.67",3.67,0,0
"384","4.4%","Richland",2448,"SC","I.26",15,"WE","Reentry from West",0,0,"GE",3002,"Richland","SC","1.10",1.1,0,0
"385","4.4%","Lexington",2440,"SC","I.26",16,"WE","Reentry",0,0,"",1001,"Lexington","SC",NA,11.68,0,0
"386","4.5%","Calhoun",2417,"SC","I.26",17,"WE","Reentry from East",0,0,"GE",2003,"Calhoun","SC","7.12",7.12,0,0
"387","4.5%","Lexington",2440,"SC","I.26",18,"WE","Reentry from West",0,0,"GE",3001,"Lexington","SC","3.11",3.11,0,0
"388","4.5%","Calhoun",2417,"SC","I.26",19,"WE","Reentry from West",0,0,"GE",3003,"Calhoun","SC","10.20",10.07,0,0
"389","4.5%","Orangeburg",2446,"SC","I.26",20,"WE","",0,0,"",0,"Orangeburg","SC",NA,28.05,0,0
"390","4.5%","Dorchester",2426,"SC","I.26",21,"WE","",0,0,"",0,"Dorchester","SC",NA,16.69,0,0
"391","4.5%","Berkeley",2416,"SC","I.26",22,"WE","",0,0,"",0,"Berkeley","SC",NA,17.66,0,0
"392","4.5%","Charleston",2418,"SC","I.26",23,"WE","",0,0,"",0,"Charleston","SC",NA,16.84,0,0
"393","4.5%","Jefferson",1057,"KY","I.264.KY",1,"CCW","",0,0,"W",0,"Jefferson","KY","22.93",22.45,0,1
"394","4.6%","Chesapeake, City of",2963,"VA","I.264.VA",1,"WE","",14,1,"",0,"Chesapeake, City of","VA",NA,0.56,0,0
"395","4.6%","Portsmouth, City of",2965,"VA","I.264.VA",2,"WE","",14,0,"",0,"Portsmouth, City of","VA",NA,5.81,0,0
"396","4.6%","Norfolk, City of",3026,"VA","I.264.VA",3,"WE","",0,0,"",0,"Norfolk, City of","VA",NA,6.74,0,0
"397","4.6%","Virginia Beach, City of",3074,"VA","I.264.VA",4,"WE","",0,0,"",0,"Virginia Beach, City of","VA",NA,11.33,0,0
"398","4.6%","Jefferson",1057,"KY","I.265",1,"CCW","",0,0,"W",0,"Jefferson","KY","38.90",29.31,0,1
"399","4.6%",NA,NA,"Gap","I.265",2,"CCW","",0,0,"",0,"Gap","Gap",NA,0,1,0
"400","4.6%","Clark",715,"IN","I.265",3,"CCW","",0,0,"",0,"Clark","IN",NA,7.32,0,0
"401","4.6%","Floyd",727,"IN","I.265",4,"CCW","",0,0,"",0,"Floyd","IN",NA,9.33,0,0
"402","4.6%","DeSoto",1427,"MS","I.269",1,"CCW","",0,0,"",0,"DeSoto","MS",NA,15.66,0,0
"403","4.7%","Marshall",1457,"MS","I.269",2,"CCW","",0,0,"",0,"Marshall","MS",NA,10.43,0,0
"404","4.7%","Fayette",2544,"TN","I.269",3,"CCW","Reentry from CW",0,0,"",2001,"Fayette","TN","0.40",0.4,0,0
"405","4.7%","Shelby",2599,"TN","I.269",4,"CCW","Reentry from CW",0,0,"",2002,"Shelby","TN","1.53",1.53,0,0
"406","4.7%","Fayette",2544,"TN","I.269",5,"CCW","Reentry",0,0,"",1001,"Fayette","TN","2.94",2.94,0,0
"407","4.7%","Shelby",2599,"TN","I.269",6,"CCW","Reentry",0,0,"",1002,"Shelby","TN","2.22",2.22,0,0
"408","4.7%","Fayette",2544,"TN","I.269",7,"CCW","Reentry",0,0,"",1001,"Fayette","TN","2.64",2.64,0,0
"409","4.7%","Shelby",2599,"TN","I.269",8,"CCW","Reentry",0,0,"",1002,"Shelby","TN","1.00",1,0,0
"410","4.7%","Fayette",2544,"TN","I.269",9,"CCW","Reentry from CCW",0,0,"",3001,"Fayette","TN",NA,1.51,0,0
"411","4.7%","Shelby",2599,"TN","I.269",10,"CCW","Reentry from CCW",0,0,"",3002,"Shelby","TN",NA,6.92,0,0
"412","4.8%","Lubbock",2767,"TX","I.27",1,"SN","",0,0,"",0,"Lubbock","TX",NA,25.53,0,0
"413","4.8%","Hale",2710,"TX","I.27",2,"SN","",0,0,"",0,"Hale","TX",NA,37.6,0,0
"414","4.8%","Swisher",2834,"TX","I.27",3,"SN","",0,0,"",0,"Swisher","TX",NA,31.32,0,0
"415","4.8%","Randall",2806,"TX","I.27",4,"SN","",0,0,"",0,"Randall","TX",NA,33.03,0,0
"416","4.8%","Potter",2803,"TX","I.27",5,"SN","",0,0,"GE",0,"Potter","TX","0.69",0.45,0,0
"417","4.8%","Adams",251,"CO","I.270.CO",1,"WE","",0,0,"",0,"Adams","CO",NA,5.32,0,1
"418","4.8%","Denver",267,"CO","I.270.CO",2,"WE","",0,0,"",0,"Denver","CO",NA,1.62,0,0
"419","4.8%","Madison",660,"IL","I.270.MO",1,"CCW","",0,0,"W",0,"Madison","IL","14.57",15.3,0,1
"420","4.9%","St. Louis, City of",1589,"MO","I.270.MO",2,"CCW","",24,0,"",0,"St. Louis, City of","MO",NA,0.68,0,0
"421","4.9%","St. Louis",1588,"MO","I.270.MO",3,"CCW","",24,1,"",0,"St. Louis","MO",NA,34.77,0,0
"422","4.9%","Franklin",2082,"OH","I.270.OH",1,"CCW","",0,0,"W",0,"Franklin","OH","54.97",55,0,0
"423","4.9%","Frederick",1213,"MD","I.270.MD",1,"WE","",0,0,"",0,"Frederick","MD",NA,9.68,0,0
"424","4.9%","Montgomery",1218,"MD","I.270.MD",2,"WE","",0,0,"",0,"Montgomery","MD",NA,22.48,0,0
"425","4.9%","Medina",2109,"OH","I.271",1,"SN","",0,0,"",0,"Medina","OH",NA,6.66,0,0
"426","4.9%","Summit",2134,"OH","I.271",2,"SN","",0,0,"",0,"Summit","OH",NA,15.29,0,0
"427","4.9%","Cuyahoga",2075,"OH","I.271",3,"SN","",0,0,"",0,"Cuyahoga","OH",NA,16.75,0,0
"428","4.9%","Lake",2100,"OH","I.271",4,"SN","",0,0,"",0,"Lake","OH",NA,3.15,0,0
"429","5.0%","Manatee",367,"FL","I.275.FL",1,"SN","",0,0,"",0,"Manatee","FL",NA,8,0,0
"430","5.0%","Hillsborough",355,"FL","I.275.FL",2,"SN","Reentry from North; Bridge only",0,0,"",2001,"Hillsborough","FL","3.33",3.33,0,0
"431","5.0%","Pinellas",379,"FL","I.275.FL",3,"SN","",0,0,"",0,"Pinellas","FL",NA,22.78,0,0
"432","5.0%","Hillsborough",355,"FL","I.275.FL",4,"SN","Reentry from South",0,0,"",3001,"Hillsborough","FL",NA,24.83,0,0
"433","5.0%","Pasco",378,"FL","I.275.FL",5,"SN","",0,0,"GE",0,"Pasco","FL","0.20",0.34,0,0
"434","5.0%","Knox",2567,"TN","I.275.TN",1,"SN","",0,0,"W",0,"Knox","TN","2.98",3.01,0,0
"435","5.0%","Kenton",1060,"KY","I.275.OH",2,"CCW","",0,0,"",0,"Kenton","KY",NA,7.75,0,0
"436","5.0%","Boone",1009,"KY","I.275.OH",3,"CCW","",0,0,"",0,"Boone","KY",NA,12.14,0,0
"437","5.0%","Campbell",1020,"KY","I.275.OH",4,"CCW","",0,0,"",0,"Campbell","KY",NA,4.45,0,0
"438","5.1%","Dearborn",720,"IN","I.275.OH",1,"CCW","",0,0,"",0,"Dearborn","IN",NA,3.33,0,0
"439","5.1%","Hamilton",2088,"OH","I.275.OH",2,"CCW","",0,0,"",0,"Hamilton","OH",NA,41.78,0,0
"440","5.1%","Clermont",2070,"OH","I.275.OH",3,"CCW","",0,0,"",0,"Clermont","OH",NA,13.95,0,0
"441","5.1%","Monroe",1298,"MI","I.275.MI",1,"SN","",0,0,"",0,"Monroe","MI",NA,7.98,0,1
"442","5.1%","Oakland",1303,"MI","I.275.MI",2,"SN","",0,0,"",0,"Oakland","MI",NA,3.61,0,0
"443","5.1%","Wayne",1322,"MI","I.275.MI",3,"SN","",0,0,"",0,"Wayne","MI",NA,25.74,0,0
"444","5.1%","Montgomery",2304,"PA","I.276",1,"WE","",0,0,"",0,"Montgomery","PA",NA,20.12,0,0
"445","5.1%","Bucks",2267,"PA","I.276",2,"WE","",0,0,"",0,"Bucks","PA",NA,10.41,0,0
"446","5.2%","Mecklenburg",1960,"NC","I.277.NC",1,"CCW","",0,0,"W",0,"Mecklenburg","NC",NA,4.37,0,0
"447","5.2%","Summit",2134,"OH","I.277.OH",1,"WE","",0,0,"W",0,"Summit","OH","4.14",3.88,0,0
"448","5.2%","Union",1804,"NJ","I.278",1,"WE","",0,0,"",0,"Union","NJ",NA,2.05,0,0
"449","5.2%","Richmond",1881,"NY","I.278",2,"WE","",0,0,"",0,"Richmond","NY",NA,8.89,1,0
"450","5.2%","Kings",1862,"NY","I.278",3,"WE","",0,0,"",0,"Kings","NY",NA,12.75,0,0
"451","5.2%","Queens",1879,"NY","I.278",4,"WE","",0,0,"",0,"Queens","NY",NA,5.38,0,0
"452","5.2%","New York",1869,"NY","I.278",5,"WE","",0,0,"",0,"New York","NY",NA,1.66,0,0
"453","5.2%","Bronx",1841,"NY","I.278",6,"WE","",0,0,"",0,"Bronx","NY",NA,5.37,0,0
"454","5.2%","Allegheny",2260,"PA","I.279",1,"SN","",0,0,"W",0,"Allegheny","PA","13.32",13.41,0,0
"455","5.3%","Santa Clara",235,"CA","I.280.CA",1,"SN","",0,0,"",0,"Santa Clara","CA",NA,22.01,0,0
"456","5.3%","San Mateo",233,"CA","I.280.CA",2,"SN","",0,0,"",0,"San Mateo","CA",NA,28.16,0,0
"457","5.3%","San Francisco",230,"CA","I.280.CA",3,"SN","",0,0,"",0,"San Francisco","CA",NA,7.46,0,0
"458","5.3%","Scott",879,"IA","I.280.IL",1,"CCW","",0,0,"",0,"Scott","IA",NA,9.17,0,0
"459","5.3%","Rock Island",684,"IL","I.280.IL",2,"CCW","",0,0,"",0,"Rock Island","IL",NA,11.53,0,0
"460","5.3%","Henry",640,"IL","I.280.IL",3,"CCW","",0,0,"",0,"Henry","IL",NA,6.04,0,0
"461","5.3%","Wood",2144,"OH","I.280.OH",1,"SN","",0,0,"",0,"Wood","OH",NA,6.48,0,0
"462","5.3%","Lucas",2105,"OH","I.280.OH",2,"SN","",0,0,"",0,"Lucas","OH",NA,5.42,0,0
"463","5.3%","Morris",1798,"NJ","I.280.NJ",1,"WE","",0,0,"",0,"Morris","NJ",NA,2.62,0,0
"464","5.4%","Essex",1791,"NJ","I.280.NJ",2,"WE","",0,0,"",0,"Essex","NJ",NA,11.1,0,0
"465","5.4%","Hudson",1793,"NJ","I.280.NJ",3,"WE","",0,0,"",0,"Hudson","NJ",NA,2.79,0,0
"466","5.4%","Dauphin",2280,"PA","I.283",1,"SN","",0,0,"W",0,"Dauphin","PA","2.91",2.83,0,0
"467","5.4%","Fulton",454,"GA","I.285.GA",1,"CCW","Reentry from CW",0,0,"",2001,"Fulton","GA",NA,15.25,0,0
"468","5.4%","Clayton",425,"GA","I.285.GA",2,"CCW","",0,0,"",0,"Clayton","GA",NA,5.98,0,0
"469","5.4%","Fulton",454,"GA","I.285.GA",3,"CCW","Reentry",0,0,"",1001,"Fulton","GA","1.65",1.65,0,0
"470","5.4%","DeKalb",438,"GA","I.285.GA",4,"CCW","",0,0,"",0,"DeKalb","GA",NA,26.35,0,0
"471","5.4%","Fulton",454,"GA","I.285.GA",5,"CCW","Reentry from CCW",0,0,"",3001,"Fulton","GA","5.89",5.89,0,0
"472","5.5%","Cobb",427,"GA","I.285.GA",6,"CCW","",0,0,"",0,"Cobb","GA",NA,7.66,0,0
"473","5.5%","Davidson",438,"NC","I.285.NC",1,"SN","",0,0,"",0,"Davidson","NC",NA,18.7,0,0
"474","5.5%","Forsyth",438,"NC","I.285.NC",2,"SN","",0,0,"",0,"Forsyth","NC",NA,4.75,0,0
"475","5.5%","Middlesex",1796,"NJ","I.287",1,"CCW","",0,0,"",0,"Middlesex","NJ",NA,10.09,0,0
"476","5.5%","Somerset",1802,"NJ","I.287",2,"CCW","",0,0,"",0,"Somerset","NJ",NA,20.02,0,0
"477","5.5%","Morris",1798,"NJ","I.287",3,"CCW","",0,0,"",0,"Morris","NJ",NA,23.89,0,0
"478","5.5%","Passaic",1800,"NJ","I.287",4,"CCW","",0,0,"",0,"Passaic","NJ",NA,3.32,0,0
"479","5.5%","Bergen",1786,"NJ","I.287",5,"CCW","",0,0,"",0,"Bergen","NJ",NA,10.41,0,0
"480","5.5%","Rockland",1882,"NY","I.287",6,"CCW","",0,0,"",0,"Rockland","NY",NA,15.69,0,0
"481","5.6%","Westchester",1898,"NY","I.287",7,"CCW","",0,0,"",0,"Westchester","NY",NA,14.61,0,0
"482","5.6%","Jackson",1540,"MO","I.29",1,"SN","",0,0,"",0,"Jackson","MO",NA,1.25,0,1
"483","5.6%","Clay",1516,"MO","I.29",2,"SN","",0,0,"",0,"Clay","MO",NA,6.19,0,0
"484","5.6%","Platte",1575,"MO","I.29",3,"SN","",0,0,"",0,"Platte","MO",NA,28.03,0,0
"485","5.6%","Buchanan",1503,"MO","I.29",4,"SN","",0,0,"",0,"Buchanan","MO",NA,20.05,0,1
"486","5.6%","Andrew",1494,"MO","I.29",5,"SN","",0,0,"",0,"Andrew","MO",NA,15.29,0,0
"487","5.6%","Holt",1536,"MO","I.29",6,"SN","",0,0,"",0,"Holt","MO",NA,32.86,0,0
"488","5.6%","Atchison",1495,"MO","I.29",7,"SN","",0,0,"",0,"Atchison","MO",NA,24.8,0,0
"489","5.6%","Fremont",833,"IA","I.29",8,"SN","",0,0,"",0,"Fremont","IA",NA,25.43,0,0
"490","5.7%","Mills",862,"IA","I.29",9,"SN","",0,0,"",0,"Mills","IA",NA,18.12,0,0
"491","5.7%","Pottawattamie",875,"IA","I.29",10,"SN","",0,0,"",0,"Pottawattamie","IA",NA,29.01,0,0
"492","5.7%","Harrison",840,"IA","I.29",11,"SN","",0,0,"",0,"Harrison","IA",NA,28.32,0,1
"493","5.7%","Monona",864,"IA","I.29",12,"SN","",0,0,"",0,"Monona","IA",NA,25.75,1,0
"494","5.7%","Woodbury",894,"IA","I.29",13,"SN","",0,0,"",0,"Woodbury","IA",NA,25.26,0,0
"495","5.7%","Union",2517,"SD","I.29",14,"SN","",0,0,"",0,"Union","SD",NA,47.23,1,0
"496","5.7%","Lincoln",2495,"SD","I.29",15,"SN","",0,0,"",0,"Lincoln","SD",NA,28.85,0,1
"497","5.7%","Minnehaha",2503,"SD","I.29",16,"SN","",0,0,"",0,"Minnehaha","SD",NA,24.41,0,0
"498","5.8%","Moody",2504,"SD","I.29",17,"SN","",0,0,"",0,"Moody","SD",NA,24.17,1,0
"499","5.8%","Brookings",2459,"SD","I.29",18,"SN","",0,0,"",0,"Brookings","SD",NA,24.05,0,0
"500","5.8%","Deuel",2473,"SD","I.29",19,"SN","",0,0,"",0,"Deuel","SD",NA,15.74,0,0
"501","5.8%","Hamlin",2482,"SD","I.29",20,"SN","",0,0,"",0,"Hamlin","SD",NA,5.63,0,0
"502","5.8%","Codington",2468,"SD","I.29",21,"SN","",0,0,"",0,"Codington","SD",NA,25.74,0,0
"503","5.8%","Grant",2479,"SD","I.29",22,"SN","",0,0,"",0,"Grant","SD",NA,10.14,0,1
"504","5.8%","Roberts",2509,"SD","I.29",23,"SN","",0,0,"",0,"Roberts","SD",NA,46.61,0,0
"505","5.8%","Richland",2039,"ND","I.29",24,"SN","",0,0,"",0,"Richland","ND",NA,48.2,0,0
"506","5.8%","Cass",2009,"ND","I.29",25,"SN","",0,0,"",0,"Cass","ND",NA,43.98,0,0
"507","5.9%","Traill",2049,"ND","I.29",26,"SN","",0,0,"",0,"Traill","ND",NA,30.86,0,0
"508","5.9%","Grand Forks",2018,"ND","I.29",27,"SN","",0,0,"",0,"Grand Forks","ND",NA,37.67,0,0
"509","5.9%","Walsh",2050,"ND","I.29",28,"SN","",0,0,"",0,"Walsh","ND",NA,24.17,0,0
"510","5.9%","Pembina",2034,"ND","I.29",29,"SN","",0,0,"",0,"Pembina","ND",NA,32.63,0,0
"511","5.9%","Cook",619,"IL","I.290.IL",1,"CCW","Reentry from CCW",0,0,"",2001,"Cook","IL","4.54",4.54,0,0
"512","5.9%","DuPage",625,"IL","I.290.IL",2,"CCW","",0,0,"",0,"DuPage","IL",NA,9.64,0,0
"513","5.9%","Cook",619,"IL","I.290.IL",3,"CCW","Reentry from CW",0,0,"",3001,"Cook","IL",NA,15.86,0,0
"514","5.9%","Erie",1853,"NY","I.290.NY",1,"WE","",0,0,"W",0,"Erie","NY","9.80",9.42,0,0
"515","5.9%","Worcester",1240,"MA","I.290.MA",1,"WE","",0,0,"",0,"Worcester","MA",NA,18.15,0,0
"516","6.0%","Middlesex",1235,"MA","I.290.MA",2,"WE","",0,0,"",0,"Middlesex","MA",NA,2.05,0,0
"517","6.0%","Capitol",315,"CT","I.291.CT",1,"WE","",0,0,"",0,"Capitol","CT",NA,5.56,0,0
"518","6.0%","Hampden",1233,"MA","I.291.MA",1,"SN","",0,0,"",0,"Hampden","MA",NA,4.49,0,0
"519","6.0%","Hillsborough",1780,"NH","I.293",1,"SN","",0,0,"",0,"Hillsborough","NH",NA,10.67,0,0
"520","6.0%","Merrimack",1781,"NH","I.293",2,"SN","",0,0,"",0,"Merrimack","NH",NA,1.17,0,0
"521","6.0%","Lake",652,"IL","I.294",1,"CCW","",0,0,"",0,"Lake","IL",NA,0.55,0,0
"522","6.0%","Cook",619,"IL","I.294",2,"CCW","",0,0,"W",0,"Cook","IL","53.45",55.03,0,0
"523","6.0%","Duval",342,"FL","I.295.FL",1,"CCW","",0,0,"W",0,"Duval","FL","61.04",59.7,0,0
"524","6.1%","Clay",337,"FL","I.295.FL",2,"CCW","Abuts, to the South, on bridge",0,0,"W",0,"Clay","FL",NA,1.1,0,0
"525","6.1%","Cumberland",1926,"NC","I.295.NC",1,"CCW","",0,0,"GE",0,"Cumberland","NC","22.50",21.86,0,0
"526","6.1%","Prince George",3038,"VA","I.295.VA",1,"CCW","Reentry from North",20,1,"",2001,"Prince George","VA",NA,8.97,0,0
"527","6.1%","Hopewell, City of",3040,"VA","I.295.VA",2,"CCW","Reentry from North",20,0,"",2002,"Hopewell, City of","VA","0.47",0.47,0,0
"528","6.1%","Prince George",3038,"VA","I.295.VA",3,"CCW","Reentry",20,1,"",1001,"Prince George","VA","0.84",0.84,0,0
"529","6.1%","Hopewell, City of",3040,"VA","I.295.VA",4,"CCW","Reentry",20,0,"",1002,"Hopewell, City of","VA","0.55",0.55,0,0
"530","6.1%","Prince George",3038,"VA","I.295.VA",5,"CCW","Reentry from South",20,1,"",3001,"Prince George","VA","1.10",1.1,0,0
"531","6.1%","Hopewell, City of",3040,"VA","I.295.VA",6,"CCW","Reentry from South",20,0,"",3002,"Hopewell, City of","VA",NA,1.4,0,0
"532","6.1%","Chesterfield",2960,"VA","I.295.VA",7,"CCW","",0,0,"",0,"Chesterfield","VA",NA,4.82,0,0
"533","6.2%","Henrico",2997,"VA","I.295.VA",8,"CCW","",0,0,"",0,"Henrico","VA",NA,24.46,0,0
"534","6.2%","Hanover",2996,"VA","I.295.VA",9,"CCW","",0,0,"",0,"Hanover","VA",NA,10.22,0,0
"535","6.2%","Prince George's",1219,"MD","I.295.DC",1,"SN","",0,0,"W",0,"Prince George's","MD","0.80",0.44,0,0
"536","6.2%","District of Columbia",327,"DC","I.295.DC",2,"SN","",0,0,"W",0,"District of Columbia","DC","5.20",4.85,0,0
"537","6.2%","New Castle",325,"DE","I.295.NJ",1,"CCW","",0,0,"W",0,"New Castle","DE","5.70",3.73,0,0
"538","6.2%","Salem",1801,"NJ","I.295.NJ",2,"CCW","",0,0,"",0,"Salem","NJ",NA,8.81,0,0
"539","6.2%","Gloucester",1792,"NJ","I.295.NJ",3,"CCW","",0,0,"",0,"Gloucester","NJ",NA,17.06,0,0
"540","6.2%","Camden",1788,"NJ","I.295.NJ",4,"CCW","",0,0,"",0,"Camden","NJ",NA,10.01,0,0
"541","6.2%","Burlington",1787,"NJ","I.295.NJ",5,"CCW","",0,0,"",0,"Burlington","NJ",NA,22.2,0,0
"542","6.3%","Mercer",1795,"NJ","I.295.NJ",6,"CCW","",0,0,"",0,"Mercer","NJ",NA,19,0,0
"543","6.3%","Bucks",2267,"PA","I.295.NJ",7,"CCW","",0,0,"W",0,"Bucks","PA","10.30",11.77,0,0
"544","6.3%","Queens",1879,"NY","I.295.NY",8,"SN","",0,0,"",0,"Queens","NY",NA,5.79,0,0
"545","6.3%","Bronx",1841,"NY","I.295.NY",9,"SN","",0,0,"",0,"Bronx","NY",NA,3.88,0,0
"546","6.3%","Kent",2405,"RI","I.295.RI",1,"CCW","",0,0,"",0,"Kent","RI",NA,1.83,0,0
"547","6.3%","Providence",2407,"RI","I.295.RI",2,"CCW","",0,0,"",0,"Providence","RI",NA,21.84,0,0
"548","6.3%","Bristol",1229,"MA","I.295.RI",3,"CCW","",0,0,"",0,"Bristol","MA",NA,3.65,0,0
"549","6.3%","Cumberland",1188,"ME","I.295.ME",1,"SN","",0,0,"",0,"Cumberland","ME",NA,30.32,0,0
"550","6.4%","Sagadahoc",1197,"ME","I.295.ME",2,"SN","",0,0,"",0,"Sagadahoc","ME",NA,18.58,0,0
"551","6.4%","Kennebec",1191,"ME","I.295.ME",3,"SN","",0,0,"",0,"Kennebec","ME",NA,4.23,0,0
"552","6.4%","Kent",1281,"MI","I.296",1,"SN","",0,0,"",0,"Kent","MI","3.39",3.23,0,0
"553","6.4%","Parker",2799,"TX","I.30",1,"WE","",0,0,"",0,"Parker","TX",NA,1.81,0,0
"554","6.4%","Tarrant",2835,"TX","I.30",2,"WE","",0,0,"",0,"Tarrant","TX",NA,30.8,0,0
"555","6.4%","Dallas",2672,"TX","I.30",3,"WE","",0,0,"",0,"Dallas","TX",NA,32.58,0,0
"556","6.4%","Rockwall",2814,"TX","I.30",4,"WE","",0,0,"",0,"Rockwall","TX",NA,15.11,0,0
"557","6.4%","Hunt",2731,"TX","I.30",5,"WE","",0,0,"",0,"Hunt","TX",NA,29.9,0,0
"558","6.4%","Hopkins",2727,"TX","I.30",6,"WE","",0,0,"",0,"Hopkins","TX",NA,33.67,0,0
"559","6.5%","Franklin",2695,"TX","I.30",7,"WE","",0,0,"",0,"Franklin","TX",NA,10.74,0,0
"560","6.5%","Titus",2840,"TX","I.30",8,"WE","",0,0,"",0,"Titus","TX",NA,20.78,0,0
"561","6.5%","Morris",2787,"TX","I.30",9,"WE","",0,0,"",0,"Morris","TX",NA,7.23,0,0
"562","6.5%","Bowie",2634,"TX","I.30",10,"WE","",0,0,"",0,"Bowie","TX",NA,42.69,0,0
"563","6.5%","Miller",163,"AR","I.30",11,"WE","",0,0,"",0,"Miller","AR",NA,17,0,0
"564","6.5%","Hempstead",146,"AR","I.30",12,"WE","",0,0,"",0,"Hempstead","AR",NA,23.33,0,0
"565","6.5%","Nevada",167,"AR","I.30",13,"WE","",0,0,"",0,"Nevada","AR",NA,13.01,0,0
"566","6.5%","Clark",127,"AR","I.30",14,"WE","",0,0,"",0,"Clark","AR",NA,27.57,0,0
"567","6.5%","Hot Spring",147,"AR","I.30",15,"WE","",0,0,"",0,"Hot Spring","AR",NA,25,0,0
"568","6.6%","Saline",180,"AR","I.30",16,"WE","",0,0,"",0,"Saline","AR",NA,20.92,0,0
"569","6.6%","Pulaski",177,"AR","I.30",17,"WE","",0,0,"",0,"Pulaski","AR",NA,16.08,0,0
"570","6.6%","Sacramento",226,"CA","I.305",1,"WE","",0,0,"GE",0,"Sacramento","CA","2.50",2.48,0,0
"571","6.6%","Yolo",249,"CA","I.305",2,"WE","",0,0,"GE",0,"Yolo","CA","2.80",2.78,0,0
"572","6.6%","St. Charles",1166,"LA","I.310.LA",1,"SN","",0,0,"W",0,"St. Charles","LA","11.71",11.16,0,0
"573","6.6%","Harrison",1434,"MS","I.310.MS",1,"SN","",0,0,"",0,"Harrison","LA",NA,5.13,0,1
"574","6.6%","Cascade",1615,"MT","I.315",1,"WE","Unsigned",0,0,"W, K",0,"Cascade","MT","0.83",0.67,0,0
"575","6.6%","Oklahoma",2200,"OK","I.335.OK",1,"SN","",0,0,"",0,"Oklahoma","OK","19.60",17.93,0,0
"576","6.7%","Lyon",952,"KS","I.335.KS",1,"SN","",0,0,"",0,"Lyon","KS",NA,27.61,0,0
"577","6.7%","Wabaunsee",995,"KS","I.335.KS",2,"SN","",0,0,"",0,"Wabaunsee","KS",NA,0.58,0,0
"578","6.7%","Osage",966,"KS","I.335.KS",3,"SN","",0,0,"",0,"Osage","KS",NA,10.6,0,0
"579","6.7%","Shawnee",985,"KS","I.335.KS",4,"SN","",0,0,"",0,"Shawnee","KS",NA,11.58,0,0
"580","6.7%","Oklahoma",2200,"OK","I.344",1,"CCW","Reentry from CW",0,0,"",2001,"Oklahoma","OK",NA,14.23,0,0
"581","6.7%","Canadian",2154,"OK","I.344",2,"CCW","",0,0,"",0,"Canadian","OK",NA,16.06,0,0
"582","6.7%","Oklahoma",2200,"OK","I.344",3,"CCW","Reentry from CCW",0,0,"",3001,"Oklahoma","OK","0.91",0.91,0,0
"583","6.7%","Webb",2855,"TX","I.35.W",1,"SN","",0,0,"",0,"Webb","TX",NA,38.82,0,0
"584","6.7%","La Salle",2754,"TX","I.35.W",2,"SN","",0,0,"",0,"La Salle","TX",NA,43.8,0,0
"585","6.8%","Frio",2697,"TX","I.35.W",3,"SN","",0,0,"",0,"Frio","TX",NA,35.63,0,0
"586","6.8%","Medina",2778,"TX","I.35.W",4,"SN","",0,0,"",0,"Medina","TX",NA,12.59,0,0
"587","6.8%","Atascosa",2622,"TX","I.35.W",5,"SN","",0,0,"",0,"Atascosa","TX",NA,2.55,0,0
"588","6.8%","Bexar",2630,"TX","I.35.W",6,"SN","",0,0,"",0,"Bexar","TX",NA,40.58,0,0
"589","6.8%","Guadalupe",2709,"TX","I.35.W",7,"SN","",0,0,"",0,"Guadalupe","TX",NA,3.34,0,0
"590","6.8%","Comal",2661,"TX","I.35.W",8,"SN","",0,0,"",0,"Comal","TX",NA,20.37,0,0
"591","6.8%","Hays",2720,"TX","I.35.W",9,"SN","",0,0,"",0,"Hays","TX",NA,24.31,0,0
"592","6.8%","Travis",2842,"TX","I.35.W",10,"SN","",0,0,"",0,"Travis","TX",NA,28.29,0,0
"593","6.8%","Williamson",2861,"TX","I.35.W",11,"SN","",0,0,"",0,"Williamson","TX",NA,27.33,0,0
"594","6.9%","Bell",2629,"TX","I.35.W",12,"SN","",0,0,"",0,"Bell","TX",NA,35.65,0,0
"595","6.9%","Falls",2688,"TX","I.35.W",13,"SN","",0,0,"",0,"Falls","TX",NA,1.96,0,0
"596","6.9%","McLennan",2776,"TX","I.35.W",14,"SN","",0,0,"",0,"McLennan","TX",NA,39.75,0,0
"597","6.9%","Hill",2724,"TX","I.35.W",15,"SN","",0,0,"",0,"Hill","TX",NA,29.66,0,0
"598","8.8%","Johnson",2741,"TX","I.35.W",16,"SN","",0,0,"",0,"Johnson","TX",NA,23.06,0,1
"599","8.8%","Tarrant",2835,"TX","I.35.W",17,"SN","",0,0,"",0,"Tarrant","TX",NA,30.44,0,0
"600","6.9%","Denton",2676,"TX","I.35.W",18,"SN","",0,0,"",0,"Denton","TX",NA,31.96,0,0
"601","6.9%","Cooke",2664,"TX","I.35.W",19,"SN","",0,0,"",0,"Cooke","TX",NA,21.56,0,0
"602","7.0%","Love",2188,"OK","I.35.W",20,"SN","",0,0,"",0,"Love","OK",NA,24.34,0,0
"603","7.0%","Carter",2155,"OK","I.35.W",21,"SN","",0,0,"",0,"Carter","OK",NA,21.35,0,1
"604","7.0%","Murray",2195,"OK","I.35.W",22,"SN","",0,0,"",0,"Murray","OK",NA,9.86,0,0
"605","7.0%","Garvin",2170,"OK","I.35.W",23,"SN","",0,0,"",0,"Garvin","OK",NA,25.77,0,0
"606","7.0%","McClain",2192,"OK","I.35.W",24,"SN","",0,0,"",0,"McClain","OK",NA,25.73,0,0
"607","7.0%","Cleveland",2159,"OK","I.35.W",25,"SN","",0,0,"",0,"Cleveland","OK",NA,13.29,0,1
"608","7.0%","Oklahoma",2200,"OK","I.35.W",26,"SN","",0,0,"",0,"Oklahoma","OK",NA,25.69,0,0
"609","7.0%","Logan",2187,"OK","I.35.W",27,"SN","",0,0,"",0,"Logan","OK",NA,18.82,0,0
"610","7.0%","Payne",2205,"OK","I.35.W",28,"SN","",0,0,"",0,"Payne","OK",NA,12.17,0,0
"611","7.1%","Noble",2197,"OK","I.35.W",29,"SN","",0,0,"",0,"Noble","OK",NA,30.08,0,0
"612","7.1%","Kay",2181,"OK","I.35.W",30,"SN","",0,0,"",0,"Kay","OK",NA,27.97,0,0
"613","7.1%","Sumner",992,"KS","I.35.W",31,"SN","",0,0,"",0,"Sumner","KS",NA,33.3,0,0
"614","7.1%","Sedgwick",983,"KS","I.35.W",32,"SN","",0,0,"",0,"Sedgwick","KS",NA,21.08,0,0
"615","7.1%","Butler",904,"KS","I.35.W",33,"SN","",0,0,"",0,"Butler","KS",NA,41.95,0,0
"616","7.1%","Chase",905,"KS","I.35.W",34,"SN","",0,0,"",0,"Chase","KS",NA,19.88,0,0
"617","7.1%","Lyon",952,"KS","I.35.W",35,"SN","",0,0,"",0,"Lyon","KS",NA,26.95,0,0
"618","7.1%","Coffey",912,"KS","I.35.W",36,"SN","",0,0,"",0,"Coffey","KS",NA,13.46,0,0
"619","7.2%","Osage",966,"KS","I.35.W",37,"SN","",0,0,"",0,"Osage","KS",NA,11.42,0,0
"620","7.2%","Franklin",926,"KS","I.35.W",38,"SN","",0,0,"",0,"Franklin","KS",NA,31.1,0,0
"621","7.2%","Miami",957,"KS","I.35.W",39,"SN","",0,0,"",0,"Miami","KS",NA,2.84,0,0
"622","7.2%","Johnson",942,"KS","I.35.W",40,"SN","",0,0,"",0,"Johnson","KS",NA,29.89,0,1
"623","7.2%","Wyandotte",1001,"KS","I.35.W",41,"SN","",0,0,"",0,"Wyandotte","KS",NA,3.74,0,0
"624","7.2%","Jackson",1540,"MO","I.35.W",42,"SN","",0,0,"",0,"Jackson","MO",NA,5.29,0,1
"625","7.2%","Clay",1516,"MO","I.35.W",43,"SN","",0,0,"",0,"Clay","MO",NA,27.77,0,0
"626","7.2%","Clinton",1517,"MO","I.35.W",44,"SN","",0,0,"",0,"Clinton","MO",NA,20.96,0,1
"627","7.2%","DeKalb",1524,"MO","I.35.W",45,"SN","",0,0,"",0,"DeKalb","MO",NA,2.99,0,0
"628","7.3%","Caldwell",1505,"MO","I.35.W",46,"SN","",0,0,"",0,"Caldwell","MO",NA,0.08,0,0
"629","7.3%","Daviess",1523,"MO","I.35.W",47,"SN","",0,0,"",0,"Daviess","MO",NA,25.97,0,0
"630","7.3%","Harrison",1533,"MO","I.35.W",48,"SN","",0,0,"",0,"Harrison","MO",NA,31.45,0,1
"631","7.3%","Decatur",824,"IA","I.35.W",49,"SN","",0,0,"",0,"Decatur","IA",NA,24.35,0,0
"632","7.3%","Clarke",817,"IA","I.35.W",50,"SN","",0,0,"",0,"Clarke","IA",NA,18.53,0,0
"633","7.3%","Warren",888,"IA","I.35.W",51,"SN","",0,0,"",0,"Warren","IA",NA,24.21,0,0
"634","7.3%","Polk",874,"IA","I.35.W",52,"SN","",0,0,"",0,"Polk","IA",NA,34.72,0,1
"635","7.3%","Story",882,"IA","I.35.W",53,"SN","",0,0,"",0,"Story","IA",NA,24.23,0,0
"636","7.3%","Hamilton",837,"IA","I.35.W",54,"SN","",0,0,"",0,"Hamilton","IA",NA,24.09,0,0
"637","7.4%","Wright",896,"IA","I.35.W",55,"SN","",0,0,"",0,"Wright","IA",NA,5.13,0,0
"638","7.4%","Franklin",832,"IA","I.35.W",56,"SN","",0,0,"",0,"Franklin","IA",NA,22.32,0,0
"639","7.4%","Cerro Gordo",814,"IA","I.35.W",57,"SN","",0,0,"",0,"Cerro Gordo","IA",NA,24.27,0,0
"640","7.4%","Worth",895,"IA","I.35.W",58,"SN","",0,0,"",0,"Worth","IA",NA,16.87,0,0
"641","7.4%","Freeborn",1347,"MN","I.35.W",59,"SN","",0,0,"",0,"Freeborn","MN",NA,25.07,0,0
"642","7.4%","Steele",1397,"MN","I.35.W",60,"SN","",0,0,"",0,"Steele","MN",NA,24.62,0,0
"643","7.4%","Rice",1389,"MN","I.35.W",61,"SN","",0,0,"",0,"Rice","MN",NA,25.16,0,0
"644","7.4%","Scott",1393,"MN","I.35.W",62,"SN","",0,0,"",0,"Scott","MN",NA,6.03,0,0
"645","7.5%","Dakota",1342,"MN","I.35.W",63,"SN","",0,0,"",0,"Dakota","MN",NA,11.87,0,0
"646","8.9%","Hennepin",1350,"MN","I.35.W",64,"SN","",0,0,"",0,"Hennepin","MN",NA,17.37,0,0
"647","8.9%","Ramsey",1385,"MN","I.35.W",65,"SN","",0,0,"",0,"Ramsey","MN",NA,8.95,0,0
"648","7.5%","Anoka",1325,"MN","I.35.W",66,"SN","",0,0,"",0,"Anoka","MN",NA,13.58,0,0
"649","7.5%","Washington",1405,"MN","I.35.W",67,"SN","",0,0,"",0,"Washington","MN",NA,2.95,0,1
"650","7.5%","Chisago",1336,"MN","I.35.W",68,"SN","",0,0,"",0,"Chisago","MN",NA,30.25,0,0
"651","7.5%","Pine",1381,"MN","I.35.W",69,"SN","",0,0,"",0,"Pine","MN",NA,50.17,0,0
"652","7.5%","Carlton",1332,"MN","I.35.W",70,"SN","",0,0,"",0,"Carlton","MN",NA,31.84,0,0
"653","7.5%","St. Louis",1392,"MN","I.35.W",71,"SN","",0,0,"",0,"St. Louis","MN",NA,14.33,0,0
"654","7.6%","Webb",2855,"TX","I.35.E",1,"SN","",0,0,"",0,"Webb","TX",NA,38.82,0,0
"655","7.6%","La Salle",2754,"TX","I.35.E",2,"SN","",0,0,"",0,"La Salle","TX",NA,43.8,0,0
"656","7.6%","Frio",2697,"TX","I.35.E",3,"SN","",0,0,"",0,"Frio","TX",NA,35.63,0,0
"657","7.6%","Medina",2778,"TX","I.35.E",4,"SN","",0,0,"",0,"Medina","TX",NA,12.59,0,0
"658","7.6%","Atascosa",2622,"TX","I.35.E",5,"SN","",0,0,"",0,"Atascosa","TX",NA,2.55,0,0
"659","7.6%","Bexar",2630,"TX","I.35.E",6,"SN","",0,0,"",0,"Bexar","TX",NA,40.58,0,0
"660","7.6%","Guadalupe",2709,"TX","I.35.E",7,"SN","",0,0,"",0,"Guadalupe","TX",NA,3.34,0,0
"661","7.6%","Comal",2661,"TX","I.35.E",8,"SN","",0,0,"",0,"Comal","TX",NA,20.37,0,0
"662","7.6%","Hays",2720,"TX","I.35.E",9,"SN","",0,0,"",0,"Hays","TX",NA,24.31,0,0
"663","7.7%","Travis",2842,"TX","I.35.E",10,"SN","",0,0,"",0,"Travis","TX",NA,28.29,0,0
"664","7.7%","Williamson",2861,"TX","I.35.E",11,"SN","",0,0,"",0,"Williamson","TX",NA,27.33,0,0
"665","7.7%","Bell",2629,"TX","I.35.E",12,"SN","",0,0,"",0,"Bell","TX",NA,35.65,0,0
"666","7.7%","Falls",2688,"TX","I.35.E",13,"SN","",0,0,"",0,"Falls","TX",NA,1.96,0,0
"667","7.7%","McLennan",2776,"TX","I.35.E",14,"SN","",0,0,"",0,"McLennan","TX",NA,39.75,0,0
"668","7.7%","Hill",2724,"TX","I.35.E",15,"SN","",0,0,"",0,"Hill","TX",NA,23.37,0,0
"669","8.7%","Ellis",2686,"TX","I.35.E",16,"SN","",0,0,"",0,"Ellis","TX",NA,33.02,0,0
"670","8.7%","Dallas",2672,"TX","I.35.E",17,"SN","",0,0,"",0,"Dallas","TX",NA,34.4,0,0
"671","7.8%","Denton",2676,"TX","I.35.E",18,"SN","",0,0,"",0,"Denton","TX",NA,36.07,0,0
"672","7.8%","Cooke",2664,"TX","I.35.E",19,"SN","",0,0,"",0,"Cooke","TX",NA,21.56,0,0
"673","7.8%","Love",2188,"OK","I.35.E",20,"SN","",0,0,"",0,"Love","OK",NA,24.34,0,0
"674","7.8%","Carter",2155,"OK","I.35.E",21,"SN","",0,0,"",0,"Carter","OK",NA,21.35,0,1
"675","7.8%","Murray",2195,"OK","I.35.E",22,"SN","",0,0,"",0,"Murray","OK",NA,9.86,0,0
"676","7.8%","Garvin",2170,"OK","I.35.E",23,"SN","",0,0,"",0,"Garvin","OK",NA,25.77,0,0
"677","7.8%","McClain",2192,"OK","I.35.E",24,"SN","",0,0,"",0,"McClain","OK",NA,25.73,0,0
"678","7.8%","Cleveland",2159,"OK","I.35.E",25,"SN","",0,0,"",0,"Cleveland","OK",NA,13.29,0,1
"679","7.8%","Oklahoma",2200,"OK","I.35.E",26,"SN","",0,0,"",0,"Oklahoma","OK",NA,25.69,0,0
"680","7.9%","Logan",2187,"OK","I.35.E",27,"SN","",0,0,"",0,"Logan","OK",NA,18.82,0,0
"681","7.9%","Payne",2205,"OK","I.35.E",28,"SN","",0,0,"",0,"Payne","OK",NA,12.17,0,0
"682","7.9%","Noble",2197,"OK","I.35.E",29,"SN","",0,0,"",0,"Noble","OK",NA,30.08,0,0
"683","7.9%","Kay",2181,"OK","I.35.E",30,"SN","",0,0,"",0,"Kay","OK",NA,27.97,0,0
"684","7.9%","Sumner",992,"KS","I.35.E",31,"SN","",0,0,"",0,"Sumner","KS",NA,33.3,0,0
"685","7.9%","Sedgwick",983,"KS","I.35.E",32,"SN","",0,0,"",0,"Sedgwick","KS",NA,21.08,0,0
"686","7.9%","Butler",904,"KS","I.35.E",33,"SN","",0,0,"",0,"Butler","KS",NA,41.95,0,0
"687","7.9%","Chase",905,"KS","I.35.E",34,"SN","",0,0,"",0,"Chase","KS",NA,19.88,0,0
"688","7.9%","Lyon",952,"KS","I.35.E",35,"SN","",0,0,"",0,"Lyon","KS",NA,26.95,0,0
"689","8.0%","Coffey",912,"KS","I.35.E",36,"SN","",0,0,"",0,"Coffey","KS",NA,13.46,0,0
"690","8.0%","Osage",966,"KS","I.35.E",37,"SN","",0,0,"",0,"Osage","KS",NA,11.42,0,0
"691","8.0%","Franklin",926,"KS","I.35.E",38,"SN","",0,0,"",0,"Franklin","KS",NA,31.1,0,0
"692","8.0%","Miami",957,"KS","I.35.E",39,"SN","",0,0,"",0,"Miami","KS",NA,2.84,0,0
"693","8.0%","Johnson",942,"KS","I.35.E",40,"SN","",0,0,"",0,"Johnson","KS",NA,29.89,0,1
"694","8.0%","Wyandotte",1001,"KS","I.35.E",41,"SN","",0,0,"",0,"Wyandotte","KS",NA,3.74,0,0
"695","8.0%","Jackson",1540,"MO","I.35.E",42,"SN","",0,0,"",0,"Jackson","MO",NA,5.29,0,1
"696","8.0%","Clay",1516,"MO","I.35.E",43,"SN","",0,0,"",0,"Clay","MO",NA,27.77,0,0
"697","8.1%","Clinton",1517,"MO","I.35.E",44,"SN","",0,0,"",0,"Clinton","MO",NA,20.96,0,1
"698","8.1%","DeKalb",1524,"MO","I.35.E",45,"SN","",0,0,"",0,"DeKalb","MO",NA,2.99,0,0
"699","8.1%","Caldwell",1505,"MO","I.35.E",46,"SN","",0,0,"",0,"Caldwell","MO",NA,0.08,0,0
"700","8.1%","Daviess",1523,"MO","I.35.E",47,"SN","",0,0,"",0,"Daviess","MO",NA,25.97,0,0
"701","8.1%","Harrison",1533,"MO","I.35.E",48,"SN","",0,0,"",0,"Harrison","MO",NA,31.45,0,1
"702","8.1%","Decatur",824,"IA","I.35.E",49,"SN","",0,0,"",0,"Decatur","IA",NA,24.35,0,0
"703","8.1%","Clarke",817,"IA","I.35.E",50,"SN","",0,0,"",0,"Clarke","IA",NA,18.53,0,0
"704","8.1%","Warren",888,"IA","I.35.E",51,"SN","",0,0,"",0,"Warren","IA",NA,24.21,0,0
"705","8.1%","Polk",874,"IA","I.35.E",52,"SN","",0,0,"",0,"Polk","IA",NA,34.72,0,1
"706","8.2%","Story",882,"IA","I.35.E",53,"SN","",0,0,"",0,"Story","IA",NA,24.23,0,0
"707","8.2%","Hamilton",837,"IA","I.35.E",54,"SN","",0,0,"",0,"Hamilton","IA",NA,24.09,0,0
"708","8.2%","Wright",896,"IA","I.35.E",55,"SN","",0,0,"",0,"Wright","IA",NA,5.13,0,0
"709","8.2%","Franklin",832,"IA","I.35.E",56,"SN","",0,0,"",0,"Franklin","IA",NA,22.32,0,0
"710","8.2%","Cerro Gordo",814,"IA","I.35.E",57,"SN","",0,0,"",0,"Cerro Gordo","IA",NA,24.27,0,0
"711","8.2%","Worth",895,"IA","I.35.E",58,"SN","",0,0,"",0,"Worth","IA",NA,16.87,0,0
"712","8.2%","Freeborn",1347,"MN","I.35.E",59,"SN","",0,0,"",0,"Freeborn","MN",NA,25.07,0,0
"713","8.2%","Steele",1397,"MN","I.35.E",60,"SN","",0,0,"",0,"Steele","MN",NA,24.62,0,0
"714","8.2%","Rice",1389,"MN","I.35.E",61,"SN","",0,0,"",0,"Rice","MN",NA,25.16,0,0
"715","8.3%","Scott",1393,"MN","I.35.E",62,"SN","",0,0,"",0,"Scott","MN",NA,6.03,0,0
"716","8.3%","Dakota",1342,"MN","I.35.E",63,"SN","",0,0,"",0,"Dakota","MN",NA,22.01,0,0
"717","8.7%","Ramsey",1385,"MN","I.35.E",64,"SN","",0,0,"",0,"Ramsey","MN",NA,17.8,0,0
"718","8.3%","Anoka",1325,"MN","I.35.E",65,"SN","",0,0,"",0,"Anoka","MN",NA,9.58,0,0
"719","8.3%","Washington",1405,"MN","I.35.E",66,"SN","",0,0,"",0,"Washington","MN",NA,2.95,0,1
"720","8.3%","Chisago",1336,"MN","I.35.E",67,"SN","",0,0,"",0,"Chisago","MN",NA,30.25,0,0
"721","8.3%","Pine",1381,"MN","I.35.E",68,"SN","",0,0,"",0,"Pine","MN",NA,50.17,0,0
"722","8.3%","Carlton",1332,"MN","I.35.E",69,"SN","",0,0,"",0,"Carlton","MN",NA,31.84,0,0
"723","8.4%","St. Louis",1392,"MN","I.35.E",70,"SN","",0,0,"",0,"St. Louis","MN",NA,14.33,0,0
"724","8.4%","Will",702,"IL","I.355",1,"SN","Reentry from North",0,0,"",2001,"Will","IL",NA,7.82,0,0
"725","8.4%","Cook",619,"IL","I.355",2,"SN","",0,0,"",0,"Cook","IL",NA,2.22,0,0
"726","8.4%","Will",702,"IL","I.355",3,"SN","Reentry from South",0,0,"",3001,"Will","IL","4.00",4,0,0
"727","8.4%","DuPage",625,"IL","I.355",4,"SN","",0,0,"",0,"DuPage","IL",NA,18.24,0,0
"728","8.4%","Tuscaloosa",63,"AL","I.359",1,"SN","",0,0,"W",0,"Tuscaloosa","AL","2.76",2.44,0,0
"729","8.4%","Hill",2724,"TX","I.35E.TX",1,"SN","",0,0,"",0,"Hill","TX",NA,8.07,0,0
"730","8.4%","Ellis",2686,"TX","I.35E.TX",2,"SN","",0,0,"",0,"Ellis","TX",NA,33.02,0,0
"731","8.4%","Dallas",2672,"TX","I.35E.TX",3,"SN","",0,0,"",0,"Dallas","TX",NA,34.4,0,0
"732","8.5%","Denton",2676,"TX","I.35E.TX",4,"SN","",0,0,"",0,"Denton","TX",NA,21.98,0,0
"733","8.5%","Dakota",1342,"MN","I.35E.MN",1,"SN","",0,0,"",0,"Dakota","MN",NA,14.57,0,0
"734","8.5%","Ramsey",1385,"MN","I.35E.MN",2,"SN","",0,0,"",0,"Ramsey","MN",NA,17.8,0,0
"735","8.5%","Anoka",1325,"MN","I.35E.MN",3,"SN","",0,0,"",0,"Anoka","MN",NA,7.1,0,0
"736","8.5%","Hill",2724,"TX","I.35W.TX",1,"SN","",0,0,"",0,"Hill","TX",NA,14.35,0,0
"737","8.5%","Johnson",2741,"TX","I.35W.TX",2,"SN","",0,0,"",0,"Johnson","TX",NA,23.06,0,1
"738","8.5%","Tarrant",2835,"TX","I.35W.TX",3,"SN","",0,0,"",0,"Tarrant","TX",NA,30.44,0,0
"739","8.5%","Denton",2676,"TX","I.35W.TX",4,"SN","",0,0,"",0,"Denton","TX",NA,17.86,0,0
"740","8.5%","Dakota",1342,"MN","I.35W.MN",5,"SN","",0,0,"",0,"Dakota","MN",NA,4.43,0,0
"741","8.6%","Hennepin",1350,"MN","I.35W.MN",6,"SN","",0,0,"",0,"Hennepin","MN",NA,17.37,0,0
"742","8.6%","Ramsey",1385,"MN","I.35W.MN",7,"SN","",0,0,"",0,"Ramsey","MN",NA,8.95,0,0
"743","8.6%","Anoka",1325,"MN","I.35W.MN",8,"SN","",0,0,"",0,"Anoka","MN",NA,11.09,0,0
"744","8.6%","Bowie",2634,"TX","I.369",1,"SN","",0,0,"W",0,"Bowie","TX","4.21",3.96,0,0
"745","8.6%","Nueces",2793,"TX","I.37",1,"SN","",0,0,"",0,"Nueces","TX",NA,17.31,0,0
"746","8.6%","San Patricio",2820,"TX","I.37",2,"SN","",0,0,"",0,"San Patricio","TX",NA,22.66,0,0
"747","8.6%","Live Oak",2764,"TX","I.37",3,"SN","",0,0,"",0,"Live Oak","TX",NA,44.11,0,0
"748","8.6%","Atascosa",2622,"TX","I.37",4,"SN","",0,0,"",0,"Atascosa","TX",NA,34.68,0,0
"749","8.7%","Bexar",2630,"TX","I.37",5,"SN","",0,0,"",0,"Bexar","TX",NA,24,0,0
"750","8.7%","Montgomery",1218,"MD","I.370",1,"WE","",0,0,"W",0,"Montgomery","MD","2.54",2.2,0,0
"751","8.7%","Pinellas",379,"FL","I.375.FL",1,"WE","",0,0,"W",0,"Pinellas","FL","1.22",0.9,0,0
"752","8.7%","Wayne",1322,"MI","I.375.MI",1,"SN","",0,0,"W",0,"Wayne","MI","1.06",1,0,0
"753","8.7%","Mercer",2301,"PA","I.376",1,"CCW","",0,0,"",0,"Mercer","PA",NA,4.33,0,0
"754","8.7%","Lawrence",2295,"PA","I.376",2,"CCW","",0,0,"",0,"Lawrence","PA",NA,20.65,0,0
"755","8.7%","Beaver",2262,"PA","I.376",3,"CCW","",0,0,"",0,"Beaver","PA",NA,24.35,0,0
"756","8.7%","Allegheny",2260,"PA","I.376",4,"CCW","",0,0,"",0,"Allegheny","PA",NA,35.05,0,0
"757","8.7%","San Mateo",233,"CA","I.380.CA",1,"WE","",0,0,"W",0,"San Mateo","CA","3.30",1.84,0,0
"758","8.8%","Johnson",849,"IA","I.380.IA",1,"SN","",0,0,"",0,"Johnson","IA",NA,11.86,0,1
"759","8.8%","Linn",854,"IA","I.380.IA",2,"SN","",0,0,"",0,"Linn","IA",NA,27.65,0,0
"760","8.8%","Benton",803,"IA","I.380.IA",3,"SN","",0,0,"",0,"Benton","IA",NA,9.14,0,0
"761","8.8%","Buchanan",807,"IA","I.380.IA",4,"SN","",0,0,"",0,"Buchanan","IA",NA,6.75,0,1
"762","8.8%","Black Hawk",804,"IA","I.380.IA",5,"SN","",0,0,"",0,"Black Hawk","IA",NA,17.6,0,0
"763","8.8%","Monroe",2303,"PA","I.380.PA",1,"SN","",0,0,"",0,"Monroe","PA",NA,13.26,0,1
"764","8.8%","Wayne",2322,"PA","I.380.PA",2,"SN","",0,0,"GE",0,"Wayne","PA","0.19",0.22,0,0
"765","8.8%","Lackawanna",2293,"PA","I.380.PA",3,"SN","",0,0,"",0,"Lackawanna","PA",NA,14.33,0,0
"766","8.8%","Bristol, City of",3078,"VA","I.381",1,"CCW","",0,0,"GE",0,"Bristol, City of","VA","1.50",1.11,0,0
"767","8.9%","Capitol",315,"CT","I.384",1,"WE","",0,0,"W",0,"Capitol","CT","8.20",7.26,0,0
"768","8.9%","Laurens",2438,"SC","I.385",1,"SN","",0,0,"",0,"Laurens","SC",NA,22.5,0,0
"769","8.9%","Greenville",2431,"SC","I.385",2,"SN","",0,0,"",0,"Greenville","SC",NA,19.21,0,0
"770","8.9%","McLean",667,"IL","I.39",1,"SN","",0,0,"",0,"McLean","IL",NA,8.33,0,0
"771","8.9%","Woodford",705,"IL","I.39",2,"SN","",0,0,"",0,"Woodford","IL",NA,19.23,0,0
"772","8.9%","Marshall",662,"IL","I.39",3,"SN","",0,0,"",0,"Marshall","IL",NA,12.59,0,0
"773","8.9%","LaSalle",653,"IL","I.39",4,"SN","",0,0,"",0,"LaSalle","IL",NA,36.59,0,0
"774","8.9%","Lee",655,"IL","I.39",5,"SN","",0,0,"",0,"Lee","IL",NA,19.27,0,0
"775","9.0%","Ogle",674,"IL","I.39",6,"SN","",0,0,"",0,"Ogle","IL",NA,18.14,0,0
"776","9.0%","Winnebago",704,"IL","I.39",7,"SN","",0,0,"",0,"Winnebago","IL",NA,25.82,0,0
"777","9.0%","Rock",3234,"WI","I.39",8,"SN","",0,0,"",0,"Rock","WI",NA,25.39,0,0
"778","9.0%","Dane",3193,"WI","I.39",9,"SN","",0,0,"",0,"Dane","WI",NA,39.18,0,0
"779","9.0%","Columbia",3191,"WI","I.39",10,"SN","",0,0,"",0,"Columbia","WI",NA,25.87,0,0
"780","9.0%","Marquette",3219,"WI","I.39",11,"SN","",0,0,"",0,"Marquette","WI",NA,23.84,0,0
"781","9.0%","Waushara",3250,"WI","I.39",12,"SN","",0,0,"",0,"Waushara","WI",NA,18.89,0,0
"782","9.0%","Portage",3230,"WI","I.39",13,"SN","",0,0,"",0,"Portage","WI",NA,32.97,0,0
"783","9.0%","Marathon",3217,"WI","I.39",14,"SN","",0,0,"",0,"Marathon","WI",NA,16.27,0,0
"784","9.1%","Steuben",1889,"NY","I.390",1,"SN","",0,0,"",0,"Steuben","NY",NA,21.13,0,0
"785","9.1%","Livingston",1864,"NY","I.390",2,"SN","",0,0,"",0,"Livingston","NY",NA,36,0,0
"786","9.1%","Monroe",1866,"NY","I.390",3,"SN","",0,0,"",0,"Monroe","NY",NA,19.11,0,1
"787","9.1%","Hampden",1233,"MA","I.391",1,"SN","",0,0,"W",0,"Hampden","MA","4.46",4.49,0,0
"788","9.1%","Merrimack",1781,"NH","I.393",1,"WE","",0,0,"W",0,"Merrimack","NH","4.60",4.67,0,0
"789","9.1%","Hennepin",1350,"MN","I.394",1,"WE","",0,0,"W",0,"Hennepin","MN","9.75",9.59,0,0
"790","9.1%","Miami-Dade",370,"FL","I.395.FL",1,"WE","",0,0,"GE",0,"Miami-Dade","FL","1.16",1.02,0,0
"791","9.1%","Fairfax",2975,"VA","I.395.VA",1,"SN","",0,0,"",0,"Fairfax","VA",NA,3.57,0,0
"792","9.1%","Alexandria, City of",2939,"VA","I.395.VA",2,"SN","Reentry from North",5,0,"",2001,"Alexandria, City of","VA",NA,2.97,0,0
"793","9.2%","Arlington",2937,"VA","I.395.VA",3,"SN","",5,1,"",2002,"Arlington","VA","0.79",0.79,0,0
"794","9.2%","Alexandria, City of",2939,"VA","I.395.VA",4,"SN","Reentry from South",5,0,"",3001,"Alexandria, City of","VA","0.26",0.26,0,0
"795","9.2%","Arlington",2937,"VA","I.395.VA",5,"SN","",5,1,"",3002,"Arlington","VA",NA,3.36,0,0
"796","9.2%","District of Columbia",327,"DC","I.395.VA",6,"SN","",0,0,"",0,"District of Columbia","DC",NA,3.45,0,0
"797","9.2%","Baltimore, City of",1206,"MD","I.395.MD",1,"SN","",0,0,"W",0,"Baltimore City","MD","1.98",0.98,0,0
"798","9.2%","Southeastern Connecticut",322,"CT","I.395.CT",1,"SN","",0,0,"",0,"Southeastern Connecticut","CT",NA,26.16,0,0
"799","9.2%","Northeastern Connecticut",319,"CT","I.395.CT",2,"SN","",0,0,"",0,"Northeastern Connecticut","CT",NA,29.16,0,0
"800","9.2%","Worcester",1240,"MA","I.395.CT",3,"SN","",0,0,"",0,"Worcester","MA",NA,12.03,0,0
"801","9.3%","Penobscot",1195,"ME","I.395.ME",1,"WE","",0,0,"W",0,"Penobscot","ME","4.99",4.8,0,0
"802","9.3%","Hillsborough",355,"FL","I.4",1,"WE","",0,0,"",0,"Hillsborough","FL",NA,25.38,0,0
"803","9.3%","Polk",380,"FL","I.4",2,"WE","",0,0,"",0,"Polk","FL",NA,32.54,0,1
"804","9.3%","Osceola",376,"FL","I.4",3,"WE","",0,0,"",0,"Osceola","FL",NA,8.01,0,0
"805","9.3%","Orange",375,"FL","I.4",4,"WE","",0,0,"",0,"Orange","FL",NA,24.8,0,0
"806","9.3%","Seminole",386,"FL","I.4",5,"WE","",0,0,"",0,"Seminole","FL",NA,14.41,0,0
"807","9.3%","Volusia",391,"FL","I.4",6,"WE","",0,0,"",0,"Volusia","FL",NA,27.34,0,0
"808","9.3%","San Bernardino",228,"CA","I.40",1,"WE","",0,0,"W",0,"San Bernardino","CA","154.64",155.08,0,0
"809","9.3%","Mohave",111,"AZ","I.40",2,"WE","",0,0,"",0,"Mohave","AZ",NA,92.8,0,0
"810","9.4%","Yavapai",116,"AZ","I.40",3,"WE","",0,0,"",0,"Yavapai","AZ",NA,54.56,0,0
"811","9.4%","Coconino",105,"AZ","I.40",4,"WE","",0,0,"",0,"Coconino","AZ",NA,102.8,0,0
"812","9.4%","Navajo",112,"AZ","I.40",5,"WE","",0,0,"",0,"Navajo","AZ",NA,56.74,0,0
"813","9.4%","Apache",103,"AZ","I.40",6,"WE","",0,0,"",0,"Apache","AZ",NA,52.27,0,0
"814","9.4%","McKinley",1823,"NM","I.40",7,"WE","",0,0,"",0,"McKinley","NM",NA,69.1,0,1
"815","9.4%","Cibola",1809,"NM","I.40",8,"WE","",0,0,"",0,"Cibola","NM",NA,63.09,1,0
"816","9.4%","Bernalillo",1806,"NM","I.40",9,"WE","",0,0,"",0,"Bernalillo","NM",NA,51.92,0,0
"817","9.4%","Santa Fe",1832,"NM","I.40",10,"WE","",0,0,"",0,"Santa Fe","NM",NA,7,0,0
"818","9.4%","Torrance",1836,"NM","I.40",11,"WE","",0,0,"",0,"Torrance","NM",NA,48.7,0,0
"819","9.5%","Guadalupe",1816,"NM","I.40",12,"WE","",0,0,"",0,"Guadalupe","NM",NA,69.95,0,0
"820","9.5%","Quay",1826,"NM","I.40",13,"WE","",0,0,"",0,"Quay","NM",NA,65.27,0,0
"821","9.5%","Deaf Smith",2674,"TX","I.40",14,"WE","",0,0,"",0,"Deaf Smith","TX",NA,2.14,0,0
"822","9.5%","Oldham",2795,"TX","I.40",15,"WE","",0,0,"",0,"Oldham","TX",NA,49.42,0,0
"823","9.5%","Potter",2803,"TX","I.40",16,"WE","",0,0,"",0,"Potter","TX",NA,31.53,0,0
"824","9.5%","Carson",2648,"TX","I.40",17,"WE","",0,0,"",0,"Carson","TX",NA,31.39,0,0
"825","9.5%","Gray",2705,"TX","I.40",18,"WE","Reentry from East",0,0,"",2001,"Gray","TX","4.72",4.72,0,0
"826","9.5%","Donley",2680,"TX","I.40",19,"WE","Reentry from East",0,0,"",2002,"Donley","TX",NA,8.04,0,0
"827","9.6%","Gray",2705,"TX","I.40",20,"WE","Reentry",0,0,"GE",1001,"Gray","TX","0.59",0.59,0,0
"828","9.6%","Donley",2680,"TX","I.40",21,"WE","Reentry from West",0,0,"",3002,"Donley","TX","2.27",2.27,0,0
"829","9.6%","Gray",2705,"TX","I.40",22,"WE","Reentry from West",0,0,"",3001,"Gray","TX",NA,16.86,0,0
"830","9.6%","Wheeler",2857,"TX","I.40",23,"WE","",0,0,"",0,"Wheeler","TX",NA,30.66,0,0
"831","9.6%","Beckham",2150,"OK","I.40",24,"WE","",0,0,"",0,"Beckham","OK",NA,41.99,0,0
"832","9.6%","Washita",2220,"OK","I.40",25,"WE","",0,0,"",0,"Washita","OK",NA,13.63,0,0
"833","9.6%","Custer",2165,"OK","I.40",26,"WE","",0,0,"",0,"Custer","OK",NA,30.76,0,0
"834","9.6%","Caddo",2153,"OK","I.40",27,"WE","",0,0,"",0,"Caddo","OK",NA,18.03,0,0
"835","9.6%","Canadian",2154,"OK","I.40",28,"WE","",0,0,"",0,"Canadian","OK",NA,37.39,0,0
"836","9.7%","Oklahoma",2200,"OK","I.40",29,"WE","",0,0,"",0,"Oklahoma","OK",NA,31.66,0,0
"837","9.7%","Pottawatomie",2208,"OK","I.40",30,"WE","",0,0,"",0,"Pottawatomie","OK",NA,20.91,0,0
"838","9.7%","Seminole",2212,"OK","I.40",31,"WE","",0,0,"",0,"Seminole","OK",NA,19.09,0,0
"839","9.7%","Okfuskee",2199,"OK","I.40",32,"WE","",0,0,"",0,"Okfuskee","OK",NA,20.64,0,0
"840","9.7%","Okmulgee",2201,"OK","I.40",33,"WE","",0,0,"",0,"Okmulgee","OK",NA,12.12,0,0
"841","9.7%","McIntosh",2194,"OK","I.40",34,"WE","",0,0,"",0,"McIntosh","OK",NA,30.59,0,0
"842","9.7%","Muskogee",2196,"OK","I.40",35,"WE","",0,0,"",0,"Muskogee","OK",NA,14.3,0,0
"843","9.7%","Sequoyah",2213,"OK","I.40",36,"WE","",0,0,"",0,"Sequoyah","OK",NA,40.56,0,0
"844","9.7%","Crawford",134,"AR","I.40",37,"WE","",0,0,"",0,"Crawford","AR",NA,24.62,0,0
"845","9.8%","Franklin",141,"AR","I.40",38,"WE","",0,0,"",0,"Franklin","AR",NA,19.4,0,0
"846","9.8%","Johnson",153,"AR","I.40",39,"WE","",0,0,"",0,"Johnson","AR",NA,27.56,0,1
"847","9.8%","Pope",175,"AR","I.40",40,"WE","",0,0,"",0,"Pope","AR",NA,27.33,0,0
"848","9.8%","Conway",132,"AR","I.40",41,"WE","",0,0,"",0,"Conway","AR",NA,21.44,0,0
"849","9.8%","Faulkner",140,"AR","I.40",42,"WE","",0,0,"",0,"Faulkner","AR",NA,18,0,0
"850","9.8%","Pulaski",177,"AR","I.40",43,"WE","",0,0,"",0,"Pulaski","AR",NA,25.48,0,0
"851","9.8%","Lonoke",160,"AR","I.40",44,"WE","",0,0,"",0,"Lonoke","AR",NA,21.81,0,0
"852","9.8%","Prairie",176,"AR","I.40",45,"WE","",0,0,"",0,"Prairie","AR",NA,19.86,0,0
"853","9.9%","Monroe",165,"AR","I.40",46,"WE","",0,0,"",0,"Monroe","AR",NA,13.11,0,1
"854","9.9%","St. Francis",179,"AR","I.40",47,"WE","",0,0,"",0,"St. Francis","AR",NA,46.41,0,0
"855","9.9%","Crittenden",135,"AR","I.40",48,"WE","",0,0,"",0,"Crittenden","AR",NA,20.05,0,0
"856","9.9%","Shelby",2599,"TN","I.40",49,"WE","",0,0,"",0,"Shelby","TN",NA,30.67,0,0
"857","9.9%","Fayette",2544,"TN","I.40",50,"WE","",0,0,"",0,"Fayette","TN",NA,16.2,0,0
"858","9.9%","Haywood",2558,"TN","I.40",51,"WE","",0,0,"",0,"Haywood","TN",NA,24.03,0,0
"859","9.9%","Madison",2575,"TN","I.40",52,"WE","",0,0,"",0,"Madison","TN",NA,28.04,0,1
"860","9.9%","Henderson",2559,"TN","I.40",53,"WE","Reentry from East",0,0,"",2003,"Henderson","TN",NA,20.87,0,0
"861","9.9%","Carroll",2529,"TN","I.40",54,"WE","Reentry from East only",0,0,"GE",1004,"Carroll","TN","0.50",0.5,0,0
"862","10.0%","Henderson",2559,"TN","I.40",55,"WE","Reentry from West",0,0,"",3003,"Henderson","TN","3.43",3.43,0,0
"863","10.0%","Carroll",2529,"TN","I.40",56,"WE","Reentry from West",0,0,"GE",4,"Carroll","TN","0.62",0.62,0,0
"864","10.0%","Decatur",2540,"TN","I.40",57,"WE","",0,0,"",0,"Decatur","TN",NA,5.72,0,0
"865","10.0%","Benton",2523,"TN","I.40",58,"WE","",0,0,"",0,"Benton","TN",NA,8.77,0,0
"866","10.0%","Humphreys",2563,"TN","I.40",59,"WE","Reentry from East",0,0,"",2005,"Humphreys","TN",NA,11.15,0,0
"867","10.0%","Hickman",2561,"TN","I.40",60,"WE","Reentry from East",0,0,"",2006,"Hickman","TN","0.26",0.26,0,0
"868","10.0%","Humphreys",2563,"TN","I.40",61,"WE","Reentry",0,0,"",1005,"Humphreys","TN","0.31",0.31,0,0
"869","10.0%","Hickman",2561,"TN","I.40",62,"WE","Reentry",0,0,"GE",1006,"Hickman","TN","0.57",0.57,0,0
"870","10.0%","Humphreys",2563,"TN","I.40",63,"WE","Reentry from West",0,0,"GE",3005,"Humphreys","TN","2.64",2.64,0,0
"871","10.1%","Hickman",2561,"TN","I.40",64,"WE","Reentry from West",0,0,"",3006,"Hickman","TN",NA,13.75,0,0
"872","10.1%","Dickson",2542,"TN","I.40",65,"WE","",0,0,"",0,"Dickson","TN",NA,17.88,0,0
"873","10.1%","Williamson",2614,"TN","I.40",66,"WE","",0,0,"",0,"Williamson","TN",NA,3.12,0,0
"874","10.1%","Cheatham",2531,"TN","I.40",67,"WE","",0,0,"",0,"Cheatham","TN",NA,7.19,0,0
"875","10.1%","Davidson",2539,"TN","I.40",68,"WE","",0,0,"",0,"Davidson","TN",NA,31.26,0,0
"876","10.1%","Wilson",1998,"TN","I.40",69,"WE","",0,0,"",0,"Wilson","TN",NA,27.41,0,1
"877","10.1%","Smith",2600,"TN","I.40",70,"WE","",0,0,"",0,"Smith","TN",NA,17.17,0,0
"878","10.1%","Putnam",2591,"TN","I.40",71,"WE","",0,0,"",0,"Putnam","TN",NA,37.05,0,0
"879","10.2%","Cumberland",2538,"TN","I.40",72,"WE","",0,0,"",0,"Cumberland","TN",NA,35.89,0,0
"880","10.2%","Roane",2593,"TN","I.40",73,"WE","",0,0,"",0,"Roane","TN",NA,22.73,0,0
"881","10.2%","Loudon",2573,"TN","I.40",74,"WE","",0,0,"",0,"Loudon","TN",NA,5.76,0,0
"882","10.2%","Knox",2567,"TN","I.40",75,"WE","",0,0,"",0,"Knox","TN",NA,36.2,0,0
"883","10.2%","Sevier",2598,"TN","I.40",76,"WE","",0,0,"",0,"Sevier","TN",NA,4.72,0,0
"884","10.2%","Jefferson",2565,"TN","I.40",77,"WE","",0,0,"",0,"Jefferson","TN",NA,20.17,0,1
"885","10.2%","Cocke",2535,"TN","I.40",78,"WE","",0,0,"",0,"Cocke","TN",NA,21.83,0,0
"886","10.2%","Haywood",1944,"NC","I.40",79,"WE","",0,0,"",0,"Haywood","NC",NA,36.63,0,0
"887","10.2%","Buncombe",1911,"NC","I.40",80,"WE","",0,0,"",0,"Buncombe","NC",NA,30.19,0,0
"888","10.3%","McDowell",1959,"NC","I.40",81,"WE","",0,0,"",0,"McDowell","NC",NA,26.18,0,0
"889","10.3%","Burke",1912,"NC","I.40",82,"WE","",0,0,"",0,"Burke","NC",NA,26.59,0,0
"890","10.3%","Catawba",1918,"NC","I.40",83,"WE","",0,0,"",0,"Catawba","NC",NA,19.74,0,0
"891","10.3%","Iredell",1949,"NC","I.40",84,"WE","",0,0,"",0,"Iredell","NC",NA,22.98,0,0
"892","10.3%","Davie",1930,"NC","I.40",85,"WE","",0,0,"",0,"Davie","NC",NA,19.39,0,0
"893","10.3%","Forsyth",1934,"NC","I.40",86,"WE","",0,0,"",0,"Forsyth","NC",NA,23.26,0,0
"894","10.3%","Guilford",1941,"NC","I.40",87,"WE","",0,0,"",0,"Guilford","NC",NA,29.48,0,0
"895","10.3%","Alamance",1901,"NC","I.40",88,"WE","",0,0,"",0,"Alamance","NC",NA,15.99,0,0
"896","10.4%","Orange",1968,"NC","I.40",89,"WE","",0,0,"",0,"Orange","NC",NA,19.01,0,0
"897","10.4%","Durham",1932,"NC","I.40",90,"WE","",0,0,"",0,"Durham","NC",NA,12.69,0,0
"898","10.4%","Wake",1992,"NC","I.40",91,"WE","",0,0,"",0,"Wake","NC",NA,27.55,0,0
"899","10.4%","Johnston",1951,"NC","I.40",92,"WE","",0,0,"",0,"Johnston","NC",NA,29.36,0,0
"900","10.4%","Sampson",1982,"NC","I.40",93,"WE","",0,0,"",0,"Sampson","NC",NA,19.96,0,0
"901","10.4%","Duplin",1931,"NC","I.40",94,"WE","",0,0,"",0,"Duplin","NC",NA,27.82,0,0
"902","10.4%","Pender",1971,"NC","I.40",95,"WE","",0,0,"",0,"Pender","NC",NA,25.69,0,0
"903","10.4%","New Hanover",1965,"NC","I.40",96,"WE","",0,0,"",0,"New Hanover","NC",NA,6.68,0,0
"904","10.4%","Orange",222,"CA","I.405.CA",1,"SN","",0,0,"",0,"Orange","CA",NA,24.61,0,0
"905","10.5%","Los Angeles",211,"CA","I.405.CA",2,"SN","",0,0,"",0,"Los Angeles","CA",NA,49.13,0,0
"906","10.5%","Multnomah",2248,"OR","I.405.OR",1,"SN","",0,0,"W",0,"Multnomah","OR","4.25",3.5,0,0
"907","10.5%","King",3103,"WA","I.405.WA",1,"SN","",0,0,"",0,"King","WA",NA,25.01,0,0
"908","10.5%","Snohomish",3117,"WA","I.405.WA",2,"SN","",0,0,"",0,"Snohomish","WA",NA,5.21,0,0
"909","10.5%","Lake",652,"IL","I.41",1,"SN","",0,0,"",0,"Lake","IL",NA,0.85,0,0
"910","10.5%","Kenosha",3210,"WI","I.41",2,"SN","",0,0,"",0,"Kenosha","WI",NA,12.12,0,0
"911","10.5%","Racine",3232,"WI","I.41",3,"SN","",0,0,"",0,"Racine","WI",NA,12.05,0,0
"912","10.5%","Milwaukee",3221,"WI","I.41",4,"SN","",0,0,"",0,"Milwaukee","WI",NA,27.99,0,0
"913","10.5%","Waukesha",3248,"WI","I.41",5,"SN","",0,0,"",0,"Waukesha","WI",NA,3.62,0,0
"914","10.6%","Washington",3247,"WI","I.41",6,"SN","",0,0,"",0,"Washington","WI",NA,28.53,0,1
"915","10.6%","Dodge",3194,"WI","I.41",7,"SN","",0,0,"",0,"Dodge","WI",NA,7.32,0,0
"916","10.6%","Fond du Lac",3200,"WI","I.41",8,"SN","",0,0,"",0,"Fond du Lac","WI",NA,21.16,0,0
"917","10.6%","Winnebago",3251,"WI","I.41",9,"SN","",0,0,"",0,"Winnebago","WI",NA,26.17,0,0
"918","10.6%","Outagamie",3225,"WI","I.41",10,"SN","",0,0,"",0,"Outagamie","WI",NA,18.71,0,0
"919","10.6%","Brown",3185,"WI","I.41",11,"SN","",0,0,"",0,"Brown","WI",NA,17.13,0,0
"920","10.6%","Rock",3234,"WI","I.43",1,"SN","",0,0,"",0,"Rock","WI",NA,10.58,0,0
"921","10.6%","Walworth",3245,"WI","I.43",2,"SN","",0,0,"",0,"Walworth","WI",NA,31.19,0,0
"922","10.7%","Waukesha",3248,"WI","I.43",3,"SN","",0,0,"",0,"Waukesha","WI",NA,16.13,0,0
"923","10.7%","Milwaukee",3221,"WI","I.43",4,"SN","",0,0,"",0,"Milwaukee","WI",NA,24.06,0,0
"924","10.7%","Ozaukee",3226,"WI","I.43",5,"SN","",0,0,"",0,"Ozaukee","WI",NA,27.47,1,0
"925","10.7%","Sheboygan",3240,"WI","I.43",6,"SN","",0,0,"",0,"Sheboygan","WI",NA,24.78,1,0
"926","10.7%","Manitowoc",3216,"WI","I.43",7,"SN","",0,0,"",0,"Manitowoc","WI",NA,33.89,0,0
"927","10.7%","Brown",3185,"WI","I.43",8,"SN","",0,0,"",0,"Brown","WI",NA,21.48,0,0
"928","10.7%","Pulaski",177,"AR","I.430",1,"SN","",0,0,"W",0,"Pulaski","AR","12.93",12.39,0,0
"929","10.7%","Wichita",2858,"TX","I.44",1,"WE","",0,0,"W",0,"Wichita","TX","15.40",15.55,0,0
"930","10.7%","Cotton",2162,"OK","I.44",2,"WE","",0,0,"",0,"Cotton","OK",NA,25.68,0,0
"931","10.8%","Comanche",2161,"OK","I.44",3,"WE","",0,0,"",0,"Comanche","OK",NA,36.54,0,0
"932","10.8%","Caddo",2153,"OK","I.44",4,"WE","",0,0,"",0,"Caddo","OK",NA,4.72,0,0
"933","10.8%","Grady",2171,"OK","I.44",5,"WE","",0,0,"",0,"Grady","OK",NA,34.69,0,0
"934","10.8%","McClain",2192,"OK","I.44",6,"WE","",0,0,"",0,"McClain","OK",NA,6.48,0,0
"935","10.8%","Cleveland",2159,"OK","I.44",7,"WE","",0,0,"",0,"Cleveland","OK",NA,5.27,0,1
"936","10.8%","Oklahoma",2200,"OK","I.44",8,"WE","",0,0,"",0,"Oklahoma","OK",NA,37.96,0,0
"937","10.8%","Lincoln",2186,"OK","I.44",9,"WE","",0,0,"",0,"Lincoln","OK",NA,30.62,0,1
"938","10.8%","Creek",2164,"OK","I.44",10,"WE","",0,0,"",0,"Creek","OK",NA,39.47,1,0
"939","10.8%","Tulsa",2217,"OK","I.44",11,"WE","",0,0,"",0,"Tulsa","OK",NA,18.55,0,0
"940","10.9%","Wagoner",2218,"OK","I.44",12,"WE","",0,0,"",0,"Wagoner","OK",NA,0.63,0,0
"941","10.9%","Rogers",2211,"OK","I.44",13,"WE","",0,0,"",0,"Rogers","OK",NA,24.41,0,0
"942","10.9%","Mayes",2191,"OK","I.44",14,"WE","",0,0,"",0,"Mayes","OK",NA,12.95,0,0
"943","10.9%","Craig",2163,"OK","I.44",15,"WE","",0,0,"",0,"Craig","OK",NA,20.45,0,0
"944","10.9%","Ottawa",2203,"OK","I.44",16,"WE","",0,0,"",0,"Ottawa","OK",NA,31.39,0,0
"945","10.9%","Newton",1565,"MO","I.44",17,"WE","",0,0,"",0,"Newton","MO",NA,10.72,0,0
"946","10.9%","Jasper",1541,"MO","I.44",18,"WE","",0,0,"",0,"Jasper","MO",NA,21.88,0,0
"947","10.9%","Lawrence",1547,"MO","I.44",19,"WE","",0,0,"",0,"Lawrence","MO",NA,27.43,0,0
"948","11.0%","Greene",1531,"MO","I.44",20,"WE","",0,0,"",0,"Greene","MO",NA,31.14,0,0
"949","11.0%","Webster",1606,"MO","I.44",21,"WE","",0,0,"",0,"Webster","MO",NA,20.84,0,0
"950","11.0%","Laclede",1545,"MO","I.44",22,"WE","",0,0,"",0,"Laclede","MO",NA,33.79,1,0
"951","11.0%","Pulaski",1577,"MO","I.44",23,"WE","",0,0,"",0,"Pulaski","MO",NA,23.5,1,0
"952","11.0%","Phelps",1573,"MO","I.44",24,"WE","",0,0,"",0,"Phelps","MO",NA,32.32,0,0
"953","11.0%","Crawford",1520,"MO","I.44",25,"WE","",0,0,"",0,"Crawford","MO",NA,22.9,1,0
"954","11.0%","Franklin",1528,"MO","I.44",26,"WE","",0,0,"",0,"Franklin","MO",NA,34.32,0,0
"955","11.0%","St. Louis",1588,"MO","I.44",27,"WE","",24,1,"",0,"St. Louis","MO",NA,25.17,0,0
"956","11.0%","St. Louis, City of",1589,"MO","I.44",28,"WE","",24,0,"",0,"St. Louis, City of","MO",NA,9.87,0,0
"957","11.1%","Pulaski",177,"AR","I.440.AR",1,"CCW","",0,0,"W",0,"Pulaski","AR","14.16",14.28,0,0
"958","11.1%","Davidson",2539,"TN","I.440.TN",1,"CCW","",0,0,"W",0,"Davidson","TN","7.64",6.97,0,0
"959","11.1%","Wake",1992,"NC","I.440.NC",1,"CCW","",0,0,"W",0,"Wake","NC","16.40",16.3,0,0
"960","11.1%","Tulsa",2217,"OK","I.444",1,"CCW","",0,0,"W",0,"Tulsa","OK","2.86",2.5,0,0
"961","11.1%","Galveston",2699,"TX","I.45",1,"SN","",0,0,"",0,"Galveston","TX",NA,23.8,1,0
"962","11.1%","Harris",2716,"TX","I.45",2,"SN","",0,0,"",0,"Harris","TX",NA,48.54,0,0
"963","11.1%","Montgomery",2785,"TX","I.45",3,"SN","",0,0,"",0,"Montgomery","TX",NA,27.72,0,0
"964","11.1%","Walker",2851,"TX","I.45",4,"SN","",0,0,"",0,"Walker","TX",NA,32.78,0,0
"965","11.1%","Madison",2769,"TX","I.45",5,"SN","",0,0,"",0,"Madison","TX",NA,18.5,0,1
"966","11.2%","Leon",2760,"TX","I.45",6,"SN","",0,0,"",0,"Leon","TX",NA,28.4,0,0
"967","11.2%","Freestone",2696,"TX","I.45",7,"SN","",0,0,"",0,"Freestone","TX",NA,31.95,0,0
"968","11.2%","Navarro",2790,"TX","I.45",8,"SN","",0,0,"",0,"Navarro","TX",NA,30.63,0,0
"969","11.2%","Ellis",2686,"TX","I.45",9,"SN","",0,0,"",0,"Ellis","TX",NA,23.35,0,0
"970","11.2%","Dallas",2672,"TX","I.45",10,"SN","",0,0,"",0,"Dallas","TX",NA,17.84,0,0
"971","11.2%","Jefferson",37,"AL","I.459",1,"CCW","",0,0,"W",0,"Jefferson","AL","32.80",32.88,0,1
"972","11.2%","Chesapeake, City of",2963,"VA","I.464",1,"SN","",0,0,"GE",0,"Chesapeake, City of","VA","4.73",4.58,0,0
"973","11.2%","Norfolk, City of",3026,"VA","I.464",2,"SN","",0,0,"GE",0,"Norfolk, City of","VA","1.23",0.71,0,0
"974","11.3%","Allen",707,"IN","I.469",1,"CCW","",0,0,"W",0,"Allen","IN","30.83",30.56,0,0
"975","11.3%","Shawnee",985,"KS","I.470.KS",1,"WE","",0,0,"W",0,"Shawnee","KS","13.72",14.17,0,0
"976","11.3%","Jackson",1540,"MO","I.470.MO",1,"CCW","",0,0,"W",0,"Jackson","MO","17.08",16.84,0,1
"977","11.3%","Belmont",2064,"OH","I.470.OH",1,"WE","",0,0,"W",0,"Belmont","OH","6.69",6.77,0,0
"978","11.3%","Ohio",3160,"WV","I.470.OH",2,"WE","",0,0,"W",0,"Ohio","WV","3.94",3.95,0,0
"979","11.3%","Campbell",1020,"KY","I.471",1,"SN","",0,0,"GE",0,"Campbell","KY","4.96",4.61,0,0
"980","11.3%","Hamilton",2088,"OH","I.471",2,"SN","",0,0,"GE",0,"Hamilton","OH","0.59",0.93,0,0
"981","11.3%","Peoria",675,"IL","I.474",1,"CCW","",0,0,"",0,"Peoria","IL",NA,8.57,0,0
"982","11.3%","Tazewell",693,"IL","I.474",2,"CCW","",0,0,"",0,"Tazewell","IL",NA,5.37,0,0
"983","11.4%","Bibb",405,"GA","I.475.GA",1,"SN","",0,0,"",0,"Bibb","GA",NA,11.81,0,0
"984","11.4%","Monroe",496,"GA","I.475.GA",2,"SN","",0,0,"",0,"Monroe","GA",NA,3.95,0,1
"985","11.4%","Lucas",2105,"OH","I.475.OH",1,"CCW","",0,0,"",0,"Lucas","OH",NA,16.04,0,0
"986","11.4%","Wood",2144,"OH","I.475.OH",2,"CCW","",0,0,"",0,"Wood","OH",NA,3.22,0,0
"987","11.4%","Genesee",1265,"MI","I.475.MI",1,"SN","",0,0,"",0,"Genesee","MI",NA,17.08,0,0
"988","11.4%","Delaware",2281,"PA","I.476",1,"SN","",0,0,"",0,"Delaware","PA",NA,14.03,0,0
"989","11.4%","Montgomery",2304,"PA","I.476",2,"SN","",0,0,"",0,"Montgomery","PA",NA,25.11,0,0
"990","11.4%","Bucks",2267,"PA","I.476",3,"SN","",0,0,"",0,"Bucks","PA",NA,6.66,0,0
"991","11.4%","Lehigh",2297,"PA","I.476",4,"SN","",0,0,"",0,"Lehigh","PA",NA,25.62,0,0
"992","11.5%","Carbon",2271,"PA","I.476",5,"SN","",0,0,"",0,"Carbon","PA",NA,26.94,0,0
"993","11.5%","Luzerne",2298,"PA","I.476",6,"SN","",0,0,"",0,"Luzerne","PA",NA,20.17,0,0
"994","11.5%","Lackawanna",2293,"PA","I.476",7,"SN","",0,0,"",0,"Lackawanna","PA",NA,12.79,0,0
"995","11.5%","Kings",1862,"NY","I.478",1,"SN","",0,0,"W",0,"Kings","NY","0.50",0.8,0,0
"996","11.5%","New York",1869,"NY","I.478",2,"SN","",0,0,"W",0,"New York","NY","1.64",1.6,0,0
"997","11.5%","Douglas",1692,"NE","I.480.NE",1,"CCW","",0,0,"W",0,"Douglas","NE","4.23",3.8,0,0
"998","11.5%","Pottawattamie",875,"IA","I.480.NE",2,"CCW","",0,0,"W",0,"Pottawattamie","IA","0.72",0.47,0,0
"999","11.5%","Lorain",2104,"OH","I.480.OH",1,"WE","",0,0,"",0,"Lorain","OH",NA,2.26,0,0
"1000","11.6%","Cuyahoga",2075,"OH","I.480.OH",2,"WE","",0,0,"",0,"Cuyahoga","OH",NA,29.96,0,0
"1001","11.6%","Summit",2134,"OH","I.480.OH",3,"WE","",0,0,"",0,"Summit","OH",NA,8.63,0,0
"1002","11.6%","Portage",2124,"OH","I.480.OH",4,"WE","",0,0,"",0,"Portage","OH",NA,1.4,0,0
"1003","11.6%","Onondaga",1872,"NY","I.481",1,"CCW","",0,0,"W",0,"Onondaga","NY","15.04",15.23,0,0
"1004","11.6%","Lafayette",1149,"LA","I.49.S",1,"SN","",0,0,"",0,"Lafayette","LA",NA,8.76,0,0
"1005","11.6%","St. Landry",1170,"LA","I.49.S",2,"SN","Reentry from North",0,0,"",2001,"St. Landry","LA",NA,30.07,0,0
"1006","11.6%","Evangeline",1141,"LA","I.49.S",3,"SN","Reentry from North",0,0,"",2002,"Evangeline","LA","0.41",0.41,0,0
"1007","11.6%","St. Landry",1170,"LA","I.49.S",4,"SN","Reentry from South",0,0,"",3001,"St. Landry","LA","3.10",3.1,0,0
"1008","11.6%","Evangeline",1141,"LA","I.49.S",5,"SN","Reentry",0,0,"",1002,"Evangeline","LA",NA,3.36,0,0
"1009","11.7%","Avoyelles",1126,"LA","I.49.S",6,"SN","",0,0,"",0,"Avoyelles","LA",NA,8.54,0,0
"1010","11.7%","Evangeline",1141,"LA","I.49.S",7,"SN","Reentry from South",0,0,"",3002,"Evangeline","LA","0.63",0.63,0,0
"1011","11.7%","Rapides",1161,"LA","I.49.S",8,"SN","",0,0,"",0,"Rapides","LA",NA,53.91,0,0
"1012","11.7%","Natchitoches",1156,"LA","I.49.S",9,"SN","",0,0,"",0,"Natchitoches","LA",NA,50.63,0,0
"1013","11.7%","De Soto",1137,"LA","I.49.S",10,"SN","",0,0,"",0,"De Soto","LA",NA,35.85,0,0
"1014","11.7%","Caddo",1130,"LA","I.49.S",11,"SN","",0,0,"",0,"Caddo","LA",NA,10.38,0,0
"1015","11.7%","Caddo",1130,"LA","I.49.C",1,"SN","",0,0,"",0,"Caddo","LA",NA,35.28,0,0
"1016","11.7%","Miller",163,"AR","I.49.C",2,"SN","",0,0,"",0,"Miller","AR",NA,41.37,0,0
"1017","11.7%","Sebastian",183,"AR","I.49.N",1,"SN","Under Construction",0,0,"",0,"Sebastian","AR","5.64",5.64,0,0
"1018","11.8%","Crawford",134,"AR","I.49.N",2,"SN","",0,0,"",0,"Crawford","AR",NA,20.26,0,0
"1019","11.8%","Washington",189,"AR","I.49.N",3,"SN","",0,0,"",0,"Washington","AR",NA,33.89,0,1
"1020","11.8%","Benton",121,"AR","I.49.N",4,"SN","",0,0,"",0,"Benton","AR",NA,30.96,0,0
"1021","11.8%","McDonald",1556,"MO","I.49.N",5,"SN","",0,0,"",0,"McDonald","MO",NA,18.71,0,0
"1022","11.8%","Newton",1565,"MO","I.49.N",6,"SN","",0,0,"",0,"Newton","MO",NA,20.58,0,0
"1023","11.8%","Jasper",1541,"MO","I.49.N",7,"SN","",0,0,"",0,"Jasper","MO",NA,28.29,0,0
"1024","11.8%","Barton",1498,"MO","I.49.N",8,"SN","",0,0,"",0,"Barton","MO",NA,20.36,0,0
"1025","11.8%","Vernon",1602,"MO","I.49.N",9,"SN","",0,0,"",0,"Vernon","MO",NA,29.91,0,0
"1026","11.9%","Bates",1499,"MO","I.49.N",10,"SN","",0,0,"",0,"Bates","MO",NA,29.3,0,0
"1027","11.9%","Cass",1511,"MO","I.49.N",11,"SN","",0,0,"",0,"Cass","MO",NA,29.74,0,0
"1028","11.9%","Jackson",1540,"MO","I.49.N",12,"SN","",0,0,"",0,"Jackson","MO",NA,6.77,0,1
"1029","11.9%","Cuyahoga",2075,"OH","I.490.OH",1,"WE","",0,0,"W",0,"Cuyahoga","OH","2.43",2.68,0,0
"1030","11.9%","Genesee",1857,"NY","I.490.NY",1,"WE","",0,0,"",0,"Genesee","NY",NA,3.89,0,0
"1031","11.9%","Monroe",1866,"NY","I.490.NY",2,"WE","",0,0,"",0,"Monroe","NY",NA,31.88,0,1
"1032","11.9%","Ontario",1873,"NY","I.490.NY",3,"WE","",0,0,"",0,"Ontario","NY",NA,1.85,0,0
"1033","11.9%","Hennepin",1350,"MN","I.494",1,"CCW","",0,0,"",0,"Hennepin","MN",NA,27.35,0,0
"1034","11.9%","Dakota",1342,"MN","I.494",2,"CCW","",0,0,"",0,"Dakota","MN",NA,9.65,0,0
"1035","12.0%","Washington",1405,"MN","I.494",3,"CCW","Reentry from CW",0,0,"",2001,"Washington","MN",NA,1.05,0,1
"1036","12.0%","Ramsey",1385,"MN","I.494",4,"CCW","",0,0,"",0,"Ramsey","MN",NA,1.62,0,0
"1037","12.0%","Washington",1405,"MN","I.494",5,"CCW","Reentry from CCW",0,0,"",3001,"Washington","MN","2.93",2.93,0,1
"1038","12.0%","District of Columbia",327,"DC","I.495.DC",1,"CCW","",0,0,"GE",0,"District of Columbia","DC","0.10",0.06,0,0
"1039","12.0%","Prince George's",1219,"MD","I.495.DC",2,"CCW","",0,0,"",0,"Prince George's","MD",NA,27.25,0,0
"1040","12.0%","Montgomery",1218,"MD","I.495.DC",3,"CCW","",0,0,"",0,"Montgomery","MD",NA,14.38,0,0
"1041","12.0%","Fairfax",2975,"VA","I.495.DC",4,"CCW","",0,0,"",0,"Fairfax","VA",NA,20.91,0,0
"1042","12.0%","Alexandria, City of",2939,"VA","I.495.DC",5,"CCW","",0,0,"GE",0,"Alexandria, City of","VA","1.33",1.33,0,0
"1043","12.0%","New Castle",325,"DE","I.495.DE",1,"SN","",0,0,"W",0,"New Castle","DE","11.47",11.75,0,0
"1044","12.1%","New York",1869,"NY","I.495.NY",1,"WE","",0,0,"",0,"New York","NY",NA,0.88,0,0
"1045","12.1%","Queens",1879,"NY","I.495.NY",2,"WE","",0,0,"",0,"Queens","NY",NA,13.61,0,0
"1046","12.1%","Nassau",1868,"NY","I.495.NY",3,"WE","",0,0,"",0,"Nassau","NY",NA,15.63,1,0
"1047","12.1%","Suffolk",1890,"NY","I.495.NY",4,"WE","",0,0,"",0,"Suffolk","NY",NA,40.49,1,0
"1048","12.1%","Plymouth",1238,"MA","I.495.MA",1,"SN","Reentry from North",0,0,"",2004,"Plymouth","MA",NA,16.33,0,0
"1049","12.1%","Bristol",1229,"MA","I.495.MA",2,"SN","Reentry from North",0,0,"",2001,"Bristol","MA","1.95",1.95,0,0
"1050","12.1%","Plymouth",1238,"MA","I.495.MA",3,"SN","Reentry from South",0,0,"",3004,"Plymouth","MA","1.10",1.1,0,0
"1051","12.1%","Bristol",1229,"MA","I.495.MA",4,"SN","Reentry from South",0,0,"",3001,"Bristol","MA",NA,12.88,0,0
"1052","12.2%","Norfolk",1237,"MA","I.495.MA",5,"SN","",0,0,"",0,"Norfolk","MA",NA,14.31,0,0
"1053","12.2%","Worcester",1240,"MA","I.495.MA",6,"SN","Reentry from North",0,0,"",2002,"Worcester","MA","4.92",4.92,0,0
"1054","12.2%","Middlesex",1235,"MA","I.495.MA",7,"SN","Reentry from North",0,0,"",2003,"Middlesex","MA","5.57",5.57,0,0
"1055","12.2%","Worcester",1240,"MA","I.495.MA",8,"SN","Reentry",0,0,"",1002,"Worcester","MA","3.68",3.68,0,0
"1056","12.2%","Middlesex",1235,"MA","I.495.MA",9,"SN","Reentry",0,0,"",1003,"Middlesex","MA","4.26",4.26,0,0
"1057","12.2%","Worcester",1240,"MA","I.495.MA",10,"SN","Reentry from South",0,0,"",3002,"Worcester","MA",NA,7.82,0,0
"1058","12.2%","Middlesex",1235,"MA","I.495.MA",11,"SN","Reentry from South",0,0,"",3003,"Middlesex","MA",NA,21.36,0,0
"1059","12.2%","Essex",1231,"MA","I.495.MA",12,"SN","",0,0,"",0,"Essex","MA",NA,25.86,0,0
"1060","12.2%","Cumberland",1188,"ME","I.495.ME",1,"WE","",0,0,"GE",0,"Cumberland","ME","3.87",3.8,0,0
"1061","12.3%","Ingham",1273,"MI","I.496",1,"CCW","",0,0,"",0,"Ingham","MI",NA,8.53,0,0
"1062","12.3%","Eaton",1263,"MI","I.496",2,"CCW","",0,0,"",0,"Eaton","MI",NA,2.71,0,0
"1063","12.3%","San Diego",229,"CA","I.5",1,"SN","",0,0,"",0,"San Diego","CA",NA,72.57,0,0
"1064","12.3%","Orange",222,"CA","I.5",2,"SN","",0,0,"",0,"Orange","CA",NA,44.74,0,0
"1065","12.3%","Los Angeles",211,"CA","I.5",3,"SN","",0,0,"",0,"Los Angeles","CA",NA,89.18,0,0
"1066","12.3%","Kern",207,"CA","I.5",4,"SN","",0,0,"",0,"Kern","CA",NA,87.92,0,0
"1067","12.3%","Kings",208,"CA","I.5",5,"SN","",0,0,"",0,"Kings","CA",NA,27.02,1,0
"1068","12.3%","Fresno",202,"CA","I.5",6,"SN","",0,0,"",0,"Fresno","CA",NA,66.95,1,0
"1069","12.3%","Merced",216,"CA","I.5",7,"SN","",0,0,"",0,"Merced","CA",NA,32.75,1,0
"1070","12.4%","Stanislaus",242,"CA","I.5",8,"SN","",0,0,"",0,"Stanislaus","CA",NA,28.43,1,0
"1071","12.4%","San Joaquin",231,"CA","I.5",9,"SN","",0,0,"",0,"San Joaquin","CA",NA,50.1,0,0
"1072","12.4%","Sacramento",226,"CA","I.5",10,"SN","",0,0,"",0,"Sacramento","CA",NA,34.85,0,0
"1073","12.4%","Yolo",249,"CA","I.5",11,"SN","",0,0,"",0,"Yolo","CA",NA,29.1,0,0
"1074","12.4%","Colusa",198,"CA","I.5",12,"SN","",0,0,"",0,"Colusa","CA",NA,34.66,1,0
"1075","12.4%","Glenn",203,"CA","I.5",13,"SN","",0,0,"",0,"Glenn","CA",NA,29.04,1,0
"1076","12.4%","Tehama",244,"CA","I.5",14,"SN","",0,0,"",0,"Tehama","CA",NA,40.98,1,0
"1077","12.4%","Shasta",237,"CA","I.5",15,"SN","",0,0,"",0,"Shasta","CA",NA,65.36,1,0
"1078","12.5%","Siskiyou",239,"CA","I.5",16,"SN","",0,0,"",0,"Siskiyou","CA",NA,69.27,0,0
"1079","12.5%","Jackson",2237,"OR","I.5",17,"SN","",0,0,"",0,"Jackson","OR",NA,52.37,1,1
"1080","12.5%","Josephine",2239,"OR","I.5",18,"SN","",0,0,"",0,"Josephine","OR",NA,28.21,0,0
"1081","12.5%","Douglas",2232,"OR","I.5",19,"SN","",0,0,"",0,"Douglas","OR",NA,87.87,0,0
"1082","12.5%","Lane",2242,"OR","I.5",20,"SN","",0,0,"",0,"Lane","OR",NA,35.74,0,0
"1083","12.5%","Linn",2244,"OR","I.5",21,"SN","",0,0,"",0,"Linn","OR",NA,37.55,0,0
"1084","12.5%","Marion",2246,"OR","I.5",22,"SN","",0,0,"",0,"Marion","OR",NA,40.27,1,0
"1085","12.5%","Clackamas",2225,"OR","I.5",23,"SN","",0,0,"",0,"Clackamas","OR",NA,6.36,0,0
"1086","12.5%","Washington",2256,"OR","I.5",24,"SN","",0,0,"",0,"Washington","OR",NA,6.35,0,1
"1087","12.6%","Multnomah",2248,"OR","I.5",25,"SN","",0,0,"",0,"Multnomah","OR",NA,15.01,0,0
"1088","12.6%","Clark",3092,"WA","I.5",26,"SN","",0,0,"",0,"Clark","WA",NA,20.59,0,0
"1089","12.6%","Cowlitz",3094,"WA","I.5",27,"SN","",0,0,"",0,"Cowlitz","WA",NA,37.04,1,0
"1090","12.6%","Lewis",3107,"WA","I.5",28,"SN","",0,0,"",0,"Lewis","WA",NA,28.56,0,0
"1091","12.6%","Thurston",3120,"WA","I.5",29,"SN","",0,0,"",0,"Thurston","WA",NA,29.48,0,0
"1092","12.6%","Pierce",3113,"WA","I.5",30,"SN","",0,0,"",0,"Pierce","WA",NA,24.44,0,1
"1093","12.6%","King",3103,"WA","I.5",31,"SN","",0,0,"",0,"King","WA",NA,38.56,0,0
"1094","12.6%","Snohomish",3117,"WA","I.5",32,"SN","",0,0,"",0,"Snohomish","WA",NA,40.14,0,0
"1095","12.6%","Skagit",3115,"WA","I.5",33,"SN","",0,0,"",0,"Skagit","WA",NA,25.17,1,0
"1096","12.7%","Whatcom",3123,"WA","I.5",34,"SN","",0,0,"",0,"Whatcom","WA",NA,33.95,1,0
"1097","12.7%","Solano",240,"CA","I.505",1,"SN","",0,0,"",0,"Solano","CA",NA,10.4,0,0
"1098","12.7%","Yolo",249,"CA","I.505",2,"SN","",0,0,"",0,"Yolo","CA",NA,23.17,0,0
"1099","12.7%","Orleans",1157,"LA","I.510",1,"SN","",0,0,"W",0,"Orleans","LA","3.04",3.08,0,0
"1100","12.7%","Chatham",419,"GA","I.516",1,"SN","",0,0,"",0,"Chatham","GA","6.49",6.68,0,0
"1101","12.7%","Richmond",515,"GA","I.520",1,"CCW","",0,0,"W",0,"Richmond","GA","15.62",15.04,0,0
"1102","12.7%","Aiken",2410,"SC","I.520",2,"CCW","",0,0,"W",0,"Aiken","SC","7.72",7.3,0,0
"1103","12.7%","Charleston",2418,"SC","I.526",1,"CCW","Reentry from CCW",0,0,"",2001,"Charleston","SC","4.30",4.3,0,0
"1104","12.8%","Berkeley",2416,"SC","I.526",2,"CCW","",0,0,"",0,"Berkeley","SC",NA,4.46,0,0
"1105","12.8%","Charleston",2418,"SC","I.526",3,"CCW","Reentry from CW",0,0,"",3001,"Charleston","SC",NA,10.65,0,0
"1106","12.8%","Jefferson",152,"AR","I.530",1,"CCW","",0,0,"",0,"Jefferson","AR",NA,28.77,0,1
"1107","12.8%","Grant",144,"AR","I.530",2,"CCW","",0,0,"",0,"Grant","AR",NA,1.53,0,1
"1108","12.8%","Pulaski",177,"AR","I.530",3,"CCW","Reentry from North",0,0,"",2001,"Pulaski","AR",NA,9.17,0,0
"1109","12.8%","Saline",180,"AR","I.530",4,"CCW","",0,0,"",0,"Saline","AR",NA,3.28,0,0
"1110","12.8%","Pulaski",177,"AR","I.530",5,"CCW","Reentry from South",0,0,"",3001,"Pulaski","AR","3.80",3.8,0,0
"1111","12.8%","Douglas",3196,"WI","I.535",1,"SN","",0,0,"W",0,"Douglas","WI","1.21",1.17,0,0
"1112","12.8%","St. Louis",1392,"MN","I.535",2,"SN","",0,0,"W",0,"St. Louis","MN","1.57",1.44,0,0
"1113","12.9%","Sebastian",183,"AR","I.540.AR",1,"CCW","",0,0,"",0,"Sebastian","AR",NA,11.6,0,0
"1114","12.9%","Crawford",134,"AR","I.540.AR",2,"CCW","",0,0,"",0,"Crawford","AR",NA,2.96,0,0
"1115","12.9%","Wake",1992,"NC","I.540.NC",1,"CCW","",0,0,"",0,"Wake","NC",NA,24.37,0,0
"1116","12.9%","St. John the Baptist",1169,"LA","I.55",1,"SN","",0,0,"",0,"St. John the Baptist","LA",NA,13.64,0,0
"1117","12.9%","Tangipahoa",1174,"LA","I.55",2,"SN","",0,0,"",0,"Tangipahoa","LA",NA,50.92,0,0
"1118","12.9%","Pike",1467,"MS","I.55",3,"SN","",0,0,"",0,"Pike","MS",NA,24.15,0,0
"1119","12.9%","Lincoln",1453,"MS","I.55",4,"SN","",0,0,"",0,"Lincoln","MS",NA,24.23,0,1
"1120","12.9%","Copiah",1425,"MS","I.55",5,"SN","",0,0,"",0,"Copiah","MS",NA,25.24,0,0
"1121","12.9%","Hinds",1435,"MS","I.55",6,"SN","",0,0,"",0,"Hinds","MS",NA,27.35,0,0
"1122","13.0%","Rankin",1471,"MS","I.55",7,"SN","",0,0,"",0,"Rankin","MS",NA,1.14,0,0
"1123","13.0%","Madison",1455,"MS","I.55",8,"SN","",0,0,"",0,"Madison","MS",NA,24.64,0,1
"1124","13.0%","Yazoo",1492,"MS","I.55",9,"SN","",0,0,"",0,"Yazoo","MS",NA,12.13,0,0
"1125","13.0%","Holmes",1436,"MS","I.55",10,"SN","",0,0,"",0,"Holmes","MS",NA,26.69,0,0
"1126","13.0%","Carroll",1418,"MS","I.55",11,"SN","Reentry from North",0,0,"",2001,"Carroll","MS",NA,12.94,0,0
"1127","13.0%","Montgomery",1459,"MS","I.55",12,"SN","",0,0,"",0,"Montgomery","MS",NA,14,0,0
"1128","13.0%","Carroll",1418,"MS","I.55",13,"SN","Reentry from South",0,0,"",3001,"Carroll","MS","4.44",4.44,0,0
"1129","13.0%","Grenada",1432,"MS","I.55",14,"SN","",0,0,"",0,"Grenada","MS",NA,15.6,0,0
"1130","13.1%","Yalobusha",1491,"MS","I.55",15,"SN","",0,0,"",0,"Yalobusha","MS",NA,18.73,0,0
"1131","13.1%","Panola",1464,"MS","I.55",16,"SN","",0,0,"",0,"Panola","MS",NA,27.25,0,0
"1132","13.1%","Tate",1479,"MS","I.55",17,"SN","",0,0,"",0,"Tate","MS",NA,11.89,0,0
"1133","13.1%","DeSoto",1427,"MS","I.55",18,"SN","",0,0,"",0,"DeSoto","MS",NA,18.9,0,0
"1134","13.1%","Shelby",2599,"TN","I.55",19,"SN","",0,0,"W",0,"Shelby","TN","12.28",12.24,0,0
"1135","13.1%","Crittenden",135,"AR","I.55",20,"SN","",0,0,"",0,"Crittenden","AR",NA,27.92,0,0
"1136","13.1%","Mississippi",164,"AR","I.55",21,"SN","",0,0,"",0,"Mississippi","AR",NA,44.51,0,0
"1137","13.1%","Pemiscot",1570,"MO","I.55",22,"SN","",0,0,"",0,"Pemiscot","MO",NA,31.89,0,0
"1138","13.1%","New Madrid",1564,"MO","I.55",23,"SN","",0,0,"",0,"New Madrid","MO",NA,34.07,0,0
"1139","13.2%","Scott",1594,"MO","I.55",24,"SN","",0,0,"",0,"Scott","MO",NA,26.09,0,0
"1140","13.2%","Cape Girardeau",1508,"MO","I.55",25,"SN","",0,0,"",0,"Cape Girardeau","MO",NA,27.15,0,0
"1141","13.2%","Perry",1571,"MO","I.55",26,"SN","",0,0,"",0,"Perry","MO",NA,20.56,0,0
"1142","13.2%","Ste. Genevieve",1590,"MO","I.55",27,"SN","",0,0,"",0,"Ste. Genevieve","MO",NA,25.01,0,0
"1143","13.2%","Jefferson",1542,"MO","I.55",28,"SN","",0,0,"",0,"Jefferson","MO",NA,27.78,0,1
"1144","13.2%","St. Louis",1588,"MO","I.55",29,"SN","",24,1,"",0,"St. Louis","MO",NA,8.94,0,0
"1145","13.2%","St. Louis, City of",1589,"MO","I.55",30,"SN","",24,0,"",0,"St. Louis, City of","MO",NA,7.95,0,0
"1146","13.2%","St. Clair",685,"IL","I.55",31,"SN","",0,0,"",0,"St. Clair","IL",NA,5.51,0,0
"1147","13.2%","Madison",660,"IL","I.55",32,"SN","",0,0,"",0,"Madison","IL",NA,33.52,0,1
"1148","13.3%","Macoupin",659,"IL","I.55",33,"SN","",0,0,"",0,"Macoupin","IL",NA,11.25,1,0
"1149","13.3%","Montgomery",671,"IL","I.55",34,"SN","",0,0,"",0,"Montgomery","IL",NA,26.79,1,0
"1150","13.3%","Sangamon",687,"IL","I.55",35,"SN","",0,0,"",0,"Sangamon","IL",NA,34.06,0,0
"1151","13.3%","Logan",657,"IL","I.55",36,"SN","",0,0,"",0,"Logan","IL",NA,30.49,0,0
"1152","13.3%","McLean",667,"IL","I.55",37,"SN","",0,0,"",0,"McLean","IL",NA,46.41,0,0
"1153","13.3%","Livingston",656,"IL","I.55",38,"SN","",0,0,"",0,"Livingston","IL",NA,30.45,0,0
"1154","13.3%","Grundy",635,"IL","I.55",39,"SN","",0,0,"",0,"Grundy","IL",NA,15.35,0,0
"1155","13.3%","Will",702,"IL","I.55",40,"SN","",0,0,"",0,"Will","IL",NA,36.04,0,0
"1156","13.4%","DuPage",625,"IL","I.55",41,"SN","",0,0,"",0,"DuPage","IL",NA,6.92,0,0
"1157","13.4%","Cook",619,"IL","I.55",42,"SN","",0,0,"",0,"Cook","IL",NA,17.36,0,0
"1158","13.4%","Crittenden",135,"AR","I.555",1,"SN","",0,0,"",0,"Crittenden","AR",NA,3.51,0,0
"1159","13.4%","Poinsett",173,"AR","I.555",2,"SN","",0,0,"",0,"Poinsett","AR",NA,26.7,0,0
"1160","13.4%","Craighead",133,"AR","I.555",3,"SN","",0,0,"",0,"Craighead","AR",NA,18.71,0,0
"1161","13.4%","Norfolk, City of",3026,"VA","I.564",1,"WE","",0,0,"W",0,"Norfolk, City of","VA","3.03",2.96,0,0
"1162","13.4%","Limestone",42,"AL","I.565",1,"WE","",0,0,"",0,"Limestone","AL",NA,7.08,0,0
"1163","13.4%","Madison",45,"AL","I.565",2,"WE","",0,0,"",0,"Madison","AL",NA,15.11,0,1
"1164","13.4%","Pulaski",177,"AR","I.57.S",1,"SN","",0,0,"",0,"Pulaski","AR",NA,15.35,0,0
"1165","13.5%","Lonoke",160,"AR","I.57.S",2,"SN","",0,0,"",0,"Lonoke","AR",NA,10.18,0,0
"1166","13.5%","White",190,"AR","I.57.S",3,"SN","",0,0,"",0,"White","AR",NA,41.64,0,0
"1167","13.5%","Jackson",151,"AR","I.57.S",4,"SN","",0,0,"",0,"Jackson","AR",NA,35.17,0,1
"1168","13.5%","Craighead",133,"AR","I.57.S",5,"SN","",0,0,"",0,"Craighead","AR",NA,7.51,0,0
"1169","13.5%","Lawrence",155,"AR","I.57.S",6,"SN","",0,0,"",0,"Lawrence","AR",NA,14.42,0,0
"1170","13.5%","Scott",1594,"MO","I.57.N",1,"SN","",0,0,"",0,"Scott","MO",NA,1.99,0,0
"1171","13.5%","Mississippi",1559,"MO","I.57.N",2,"SN","",0,0,"",0,"Mississippi","MO",NA,20.19,0,0
"1172","13.5%","Alexander",605,"IL","I.57.N",3,"SN","",0,0,"",0,"Alexander","IL",NA,4.23,0,0
"1173","13.5%","Pulaski",680,"IL","I.57.N",4,"SN","",0,0,"",0,"Pulaski","IL",NA,17.74,0,0
"1174","13.6%","Union",694,"IL","I.57.N",5,"SN","",0,0,"",0,"Union","IL",NA,17.06,0,0
"1175","13.6%","Johnson",647,"IL","I.57.N",6,"SN","",0,0,"",0,"Johnson","IL",NA,4.27,0,1
"1176","13.6%","Williamson",703,"IL","I.57.N",7,"SN","",0,0,"",0,"Williamson","IL",NA,18.83,0,0
"1177","13.6%","Franklin",631,"IL","I.57.N",8,"SN","",0,0,"",0,"Franklin","IL",NA,18.59,1,0
"1178","13.6%","Jefferson",644,"IL","I.57.N",9,"SN","",0,0,"",0,"Jefferson","IL",NA,25.33,0,1
"1179","13.6%","Marion",661,"IL","I.57.N",10,"SN","",0,0,"",0,"Marion","IL",NA,28.06,0,0
"1180","13.6%","Fayette",629,"IL","I.57.N",11,"SN","",0,0,"",0,"Fayette","IL",NA,8.48,0,0
"1181","13.6%","Clay",616,"IL","I.57.N",12,"SN","",0,0,"",0,"Clay","IL",NA,0.36,0,0
"1182","13.7%","Effingham",628,"IL","I.57.N",13,"SN","",0,0,"",0,"Effingham","IL",NA,25.57,0,0
"1183","13.7%","Shelby",690,"IL","I.57.N",14,"SN","",0,0,"",0,"Shelby","IL",NA,3.55,0,0
"1184","13.7%","Cumberland",621,"IL","I.57.N",15,"SN","",0,0,"",0,"Cumberland","IL",NA,8.28,0,0
"1185","13.7%","Coles",618,"IL","I.57.N",16,"SN","",0,0,"",0,"Coles","IL",NA,21.43,0,0
"1186","13.7%","Douglas",624,"IL","I.57.N",17,"SN","",0,0,"",0,"Douglas","IL",NA,16.21,0,0
"1187","13.7%","Champaign",613,"IL","I.57.N",18,"SN","",0,0,"",0,"Champaign","IL",NA,39.57,0,0
"1188","13.7%","Ford",630,"IL","I.57.N",19,"SN","",0,0,"",0,"Ford","IL",NA,6.37,0,1
"1189","13.7%","Iroquois",641,"IL","I.57.N",20,"SN","",0,0,"",0,"Iroquois","IL",NA,38.57,0,0
"1190","13.7%","Kankakee",649,"IL","I.57.N",21,"SN","",0,0,"",0,"Kankakee","IL",NA,23.09,0,0
"1191","13.8%","Will",702,"IL","I.57.N",22,"SN","",0,0,"",0,"Will","IL",NA,13.14,0,0
"1192","13.8%","Cook",619,"IL","I.57.N",23,"SN","",0,0,"",0,"Cook","IL",NA,19.78,0,0
"1193","13.8%","Cobb",427,"GA","I.575",1,"SN","",0,0,"",0,"Cobb","GA",NA,6.45,0,0
"1194","13.8%","Cherokee",422,"GA","I.575",2,"SN","",0,0,"",0,"Cherokee","GA",NA,24.03,0,0
"1195","13.8%","Pickens",506,"GA","I.575",3,"SN","",0,0,"",0,"Pickens","GA",NA,0.52,1,0
"1196","13.8%","Allegheny",2260,"PA","I.579",1,"SN","",0,0,"W",0,"Allegheny","PA","2.73",1.52,0,0
"1197","13.8%","Marin",213,"CA","I.580.CA",1,"WE","",0,0,"",0,"Marin","CA",NA,5.12,0,0
"1198","13.8%","Contra Costa",199,"CA","I.580.CA",2,"WE","",0,0,"",0,"Contra Costa","CA",NA,7.69,0,0
"1199","13.9%","Alameda",193,"CA","I.580.CA",3,"WE","",0,0,"",0,"Alameda","CA",NA,51.49,0,0
"1200","13.9%","San Joaquin",231,"CA","I.580.CA",4,"WE","",0,0,"",0,"San Joaquin","CA",NA,16.11,0,0
"1201","13.9%","Carson City",1774,"NV","I.580.NV",1,"SN","",0,0,"",0,"Carson City","NV",NA,9.35,0,0
"1202","13.9%","Washoe",1772,"NV","I.580.NV",2,"SN","",0,0,"",0,"Washoe","NV",NA,25.55,0,0
"1203","13.9%","Roanoke, City of",3050,"VA","I.581",1,"SN","",21,0,"GE",0,"Roanoke, City of","VA","5.42",5.28,0,0
"1204","13.9%","Roanoke",3048,"VA","I.581",2,"SN","",21,1,"GE",0,"Roanoke","VA","1.16",0.81,0,0
"1205","13.9%","Spartanburg",2450,"SC","I.585",1,"WE","",0,0,"W",0,"Spartanburg","SC","2.25",2.03,0,0
"1206","13.9%","Wilson",1998,"NC","I.587.NC",1,"WE","",0,0,"",0,"Wilson","NC",NA,19.47,0,1
"1207","13.9%","Greene",1940,"NC","I.587.NC",2,"WE","",0,0,"",0,"Greene","NC",NA,4.14,0,0
"1208","14.0%","Pitt",1974,"NC","I.587.NC",3,"WE","",0,0,"",0,"Pitt","NC",NA,13.2,0,0
"1209","14.0%","Ulster",1894,"NY","I.587.NY",1,"WE","",0,0,"W",0,"Ulster","NY","1.21",1.21,0,0
"1210","14.0%","St. Tammany",1173,"LA","I.59",1,"SN","",0,0,"W",0,"St. Tammany","LA","11.48",11.26,0,0
"1211","14.0%","Pearl River",1465,"MS","I.59",2,"SN","",0,0,"",0,"Pearl River","MS",NA,41.7,0,0
"1212","14.0%","Lamar",1447,"MS","I.59",3,"SN","Reentry from North",0,0,"",2001,"Lamar","MS",NA,12.37,0,0
"1213","14.0%","Forrest",1428,"MS","I.59",4,"SN","Reentry from North",0,0,"",2002,"Forrest","MS",NA,7.66,0,0
"1214","14.0%","Lamar",1447,"MS","I.59",5,"SN","Reentry from South",0,0,"",3001,"Lamar","MS","4.99",4.99,0,0
"1215","14.0%","Forrest",1428,"MS","I.59",6,"SN","Reentry from South",0,0,"",3002,"Forrest","MS","6.64",6.64,0,0
"1216","14.0%","Jones",1444,"MS","I.59",7,"SN","",0,0,"",0,"Jones","MS",NA,33.25,0,0
"1217","14.1%","Jasper",1441,"MS","I.59",8,"SN","",0,0,"",0,"Jasper","MS",NA,18.81,0,0
"1218","14.1%","Clarke",1422,"MS","I.59",9,"SN","",0,0,"",0,"Clarke","MS",NA,13.22,0,0
"1219","14.1%","Lauderdale",1448,"MS","I.59",10,"SN","",0,0,"",0,"Lauderdale","MS",NA,33.3,0,0
"1220","14.1%","Sumter",60,"AL","I.59",11,"SN","",0,0,"",0,"Sumter","AL",NA,27.25,0,0
"1221","14.1%","Greene",32,"AL","I.59",12,"SN","",0,0,"",0,"Greene","AL",NA,28.43,0,0
"1222","14.1%","Tuscaloosa",63,"AL","I.59",13,"SN","",0,0,"",0,"Tuscaloosa","AL",NA,45.89,0,0
"1223","14.1%","Jefferson",37,"AL","I.59",14,"SN","",0,0,"",0,"Jefferson","AL",NA,47.22,0,1
"1224","14.1%","St. Clair",58,"AL","I.59",15,"SN","",0,0,"",0,"St. Clair","AL",NA,27.74,0,0
"1225","14.2%","Etowah",28,"AL","I.59",16,"SN","",0,0,"",0,"Etowah","AL",NA,23.44,0,0
"1226","14.2%","DeKalb",25,"AL","I.59",17,"SN","",0,0,"",0,"DeKalb","AL",NA,42.7,0,0
"1227","14.2%","Dade",435,"GA","I.59",18,"SN","",0,0,"W",0,"Dade","GA","20.67",19.53,0,0
"1228","14.2%","Monroe",1866,"NY","I.590",1,"CCW","",0,0,"W",0,"Monroe","NY","5.31",5.31,0,1
"1229","14.2%","Broward",333,"FL","I.595.FL",1,"WE","",0,0,"",0,"Broward","FL","12.86",15.42,0,0
"1230","14.2%","Prince George's",1219,"MD","I.595.MD",1,"WE","Unsigned",0,0,"",0,"Prince George's","MD",NA,8.97,0,0
"1231","14.2%","Anne Arundel",1203,"MD","I.595.MD",2,"WE","Unsigned",0,0,"",0,"Anne Arundel","MD",NA,10.33,0,0
"1232","14.2%","Orange",222,"CA","I.605",1,"SN","",0,0,"",0,"Orange","CA",NA,1.32,0,0
"1233","14.2%","Los Angeles",211,"CA","I.605",2,"SN","",0,0,"",0,"Los Angeles","CA",NA,25.3,0,0
"1234","14.3%","Harris",2716,"TX","I.610.TX",1,"CCW","",0,0,"W",0,"Harris","TX","37.97",38.12,0,0
"1235","14.3%","Orleans",1157,"LA","I.610.LA",1,"WE","",0,0,"W",0,"Orleans","LA","4.52",3.52,0,0
"1236","14.3%","Pulaski",177,"AR","I.630",1,"WE","",0,0,"W",0,"Pulaski","AR","7.40",7.82,0,0
"1237","14.3%","Dallas",2672,"TX","I.635.TX",1,"CCW","",0,0,"",0,"Dallas","TX",NA,36.73,0,0
"1238","14.3%","Tarrant",2835,"TX","I.635.TX",2,"CCW","",0,0,"",0,"Tarrant","TX",NA,0.1,0,0
"1239","14.3%","Johnson",942,"KS","I.635.KS",1,"SN","",0,0,"",0,"Johnson","KS",NA,0.46,0,1
"1240","14.3%","Wyandotte",1001,"KS","I.635.KS",2,"SN","",0,0,"",0,"Wyandotte","KS",NA,8.6,0,0
"1241","14.3%","Platte",1575,"MO","I.635.KS",3,"SN","",0,0,"",0,"Platte","MO",NA,3.38,0,0
"1242","14.3%","St. Charles",1584,"MO","I.64",1,"WE","",0,0,"",0,"St. Charles","MO",NA,12.85,0,0
"1243","14.4%","St. Louis",1588,"MO","I.64",2,"WE","",24,1,"",0,"St. Louis","MO",NA,20.45,0,0
"1244","14.4%","St. Louis, City of",1589,"MO","I.64",3,"WE","",24,0,"",0,"St. Louis, City of","MO",NA,7.15,0,0
"1245","14.4%","St. Clair",685,"IL","I.64",4,"WE","",0,0,"",0,"St. Clair","IL",NA,28.89,0,0
"1246","14.4%","Clinton",617,"IL","I.64",5,"WE","",0,0,"",0,"Clinton","IL",NA,7.47,0,1
"1247","14.4%","Washington",698,"IL","I.64",6,"WE","",0,0,"",0,"Washington","IL",NA,25.72,0,1
"1248","14.4%","Jefferson",644,"IL","I.64",7,"WE","",0,0,"",0,"Jefferson","IL",NA,28.54,0,1
"1249","14.4%","Wayne",699,"IL","I.64",8,"WE","",0,0,"",0,"Wayne","IL",NA,25.11,0,0
"1250","14.4%","White",700,"IL","I.64",9,"WE","",0,0,"",0,"White","IL",NA,14.62,0,0
"1251","14.5%","Posey",770,"IN","I.64",10,"WE","",0,0,"",0,"Posey","IN",NA,17.38,1,0
"1252","14.5%","Vanderburgh",787,"IN","I.64",11,"WE","",0,0,"",0,"Vanderburgh","IN",NA,8.66,0,0
"1253","14.5%","Gibson",731,"IN","I.64",12,"WE","",0,0,"",0,"Gibson","IN",NA,3.94,0,0
"1254","14.5%","Warrick",792,"IN","I.64",13,"WE","",0,0,"",0,"Warrick","IN",NA,25,0,0
"1255","14.5%","Spencer",779,"IN","I.64",14,"WE","Reentry from East",0,0,"",2001,"Spencer","IN",NA,7.07,0,0
"1256","14.5%","Dubois",724,"IN","I.64",15,"WE","Reentry from East",0,0,"",2002,"Dubois","IN",NA,2.27,0,0
"1257","14.5%","Spencer",779,"IN","I.64",16,"WE","Reentry from West",0,0,"",3001,"Spencer","IN","2.00",2,0,0
"1258","14.5%","Dubois",724,"IN","I.64",17,"WE","Reentry from West",0,0,"",3002,"Dubois","IN","1.16",1.16,0,0
"1259","14.5%","Perry",767,"IN","I.64",18,"WE","",0,0,"",0,"Perry","IN",NA,12.68,1,0
"1260","14.6%","Crawford",718,"IN","I.64",19,"WE","",0,0,"",0,"Crawford","IN",NA,17.07,1,0
"1261","14.6%","Harrison",736,"IN","I.64",20,"WE","",0,0,"",0,"Harrison","IN",NA,17.37,0,1
"1262","14.6%","Floyd",727,"IN","I.64",21,"WE","",0,0,"",0,"Floyd","IN",NA,9.55,0,0
"1263","14.6%","Jefferson",1057,"KY","I.64",22,"WE","",0,0,"",0,"Jefferson","KY",NA,23.88,0,1
"1264","14.6%","Shelby",1107,"KY","I.64",23,"WE","",0,0,"",0,"Shelby","KY",NA,22.24,0,0
"1265","14.6%","Franklin",1038,"KY","I.64",24,"WE","",0,0,"",0,"Franklin","KY",NA,13.14,0,0
"1266","14.6%","Woodford",1121,"KY","I.64",25,"WE","",0,0,"",0,"Woodford","KY",NA,7.67,0,0
"1267","14.6%","Scott",1106,"KY","I.64",26,"WE","",0,0,"",0,"Scott","KY",NA,3.85,0,0
"1268","14.6%","Fayette",1035,"KY","I.64",27,"WE","",0,0,"",0,"Fayette","KY",NA,18.34,0,0
"1269","14.7%","Clark",1026,"KY","I.64",28,"WE","",0,0,"",0,"Clark","KY",NA,14.79,0,0
"1270","14.7%","Montgomery",1088,"KY","I.64",29,"WE","",0,0,"",0,"Montgomery","KY",NA,11.44,0,0
"1271","14.7%","Bath",1007,"KY","I.64",30,"WE","",0,0,"",0,"Bath","KY",NA,13.34,0,0
"1272","14.7%","Rowan",1104,"KY","I.64",31,"WE","",0,0,"",0,"Rowan","KY",NA,19.77,0,0
"1273","14.7%","Carter",1023,"KY","I.64",32,"WE","",0,0,"",0,"Carter","KY",NA,32.14,0,1
"1274","14.7%","Boyd",1011,"KY","I.64",33,"WE","",0,0,"",0,"Boyd","KY",NA,10.59,0,0
"1275","14.7%","Wayne",3175,"WV","I.64",34,"WE","",0,0,"",0,"Wayne","WV",NA,5.88,0,0
"1276","14.7%","Cabell",3131,"WV","I.64",35,"WE","",0,0,"",0,"Cabell","WV",NA,25.89,0,0
"1277","14.8%","Putnam",3165,"WV","I.64",36,"WE","",0,0,"",0,"Putnam","WV",NA,13.51,0,0
"1278","14.8%","Kanawha",3145,"WV","I.64",37,"WE","",0,0,"",0,"Kanawha","WV",NA,47,0,0
"1279","14.8%","Fayette",3135,"WV","I.64",38,"WE","",0,0,"",0,"Fayette","WV",NA,47.02,0,0
"1280","14.8%","Raleigh",3166,"WV","I.64",39,"WE","",0,0,"",0,"Raleigh","WV",NA,31.18,0,0
"1281","14.8%","Summers",3170,"WV","I.64",40,"WE","",0,0,"",0,"Summers","WV",NA,9.59,1,0
"1282","14.8%","Greenbrier",3138,"WV","I.64",41,"WE","",0,0,"",0,"Greenbrier","WV",NA,36.17,0,0
"1283","14.8%","Alleghany",2931,"VA","I.64",42,"WE","Reentry from East",7,1,"",2003,"Alleghany","VA","14.60",14.6,0,0
"1284","14.8%","Covington, City of",2933,"VA","I.64",43,"WE","",7,0,"",0,"Covington, City of","VA",NA,1.44,0,0
"1285","14.8%","Alleghany",2931,"VA","I.64",44,"WE","Reentry from West",7,1,"",3003,"Alleghany","VA",NA,24.94,0,0
"1286","14.9%","Rockbridge",3052,"VA","I.64",45,"WE","",0,0,"",0,"Rockbridge","VA",NA,30.18,0,0
"1287","14.9%","Augusta",2940,"VA","I.64",46,"WE","Reentry from East",8,1,"",2004,"Augusta","VA",NA,23.34,0,0
"1288","14.9%","Waynesboro, City of",2943,"VA","I.64",47,"WE","",8,0,"",0,"Waynesboro, City of","VA",NA,2.56,0,0
"1289","14.9%","Augusta",2940,"VA","I.64",48,"WE","Reentry from West",8,1,"",3004,"Augusta","VA","2.86",2.86,0,0
"1290","14.9%","Nelson",3023,"VA","I.64",49,"WE","",0,0,"",0,"Nelson","VA",NA,1.37,0,0
"1291","14.9%","Albemarle",2928,"VA","I.64",50,"WE","Reentry from East",6,1,"",2005,"Albemarle","VA",NA,20.57,0,0
"1292","14.9%","Charlottesville, City of",2930,"VA","I.64",51,"WE","",6,0,"GE",0,"Charlottesville, City of","VA","0.20",0.2,0,0
"1293","14.9%","Albemarle",2928,"VA","I.64",52,"WE","Reentry from West",6,1,"",3005,"Albemarle","VA","8.75",8.75,0,0
"1294","14.9%","Fluvanna",2981,"VA","I.64",53,"WE","",0,0,"GE",0,"Fluvanna","VA","1.55",1.55,0,0
"1295","15.0%","Louisa",3014,"VA","I.64",54,"WE","Reentry from East",0,0,"",2006,"Louisa","VA",NA,14.86,0,0
"1296","15.0%","Goochland",2988,"VA","I.64",55,"WE","Reentry from East",0,0,"",2007,"Goochland","VA","10.20",10.2,0,0
"1297","15.0%","Louisa",3014,"VA","I.64",56,"WE","Reentry",0,0,"",1006,"Louisa","VA","3.56",3.56,0,0
"1298","15.0%","Goochland",2988,"VA","I.64",57,"WE","Reentry",0,0,"",1007,"Goochland","VA","0.12",0.12,0,0
"1299","15.0%","Louisa",3014,"VA","I.64",58,"WE","Reentry from West",0,0,"",3006,"Louisa","VA","0.58",0.58,0,0
"1300","15.0%","Goochland",2988,"VA","I.64",59,"WE","Reentry from West",0,0,"",3007,"Goochland","VA",NA,13.88,0,0
"1301","15.0%","Henrico",2997,"VA","I.64",60,"WE","Reentry from East",3,1,"",2008,"Henrico","VA",NA,10.79,0,0
"1302","15.0%","Richmond, City of",2999,"VA","I.64",61,"WE","Reentry from East",3,0,"",2009,"Richmond, City of","VA",NA,5.79,0,0
"1303","15.1%","Henrico",2997,"VA","I.64",62,"WE","Reentry",3,1,"",1008,"Henrico","VA","0.76",0.76,0,0
"1304","15.1%","Richmond, City of",2999,"VA","I.64",63,"WE","Reentry from West",3,0,"",3009,"Richmond, City of","VA","0.25",0.25,0,0
"1305","15.1%","Henrico",2997,"VA","I.64",64,"WE","Reentry from West",3,1,"",3008,"Henrico","VA","10.90",10.9,0,0
"1306","15.1%","New Kent",3024,"VA","I.64",65,"WE","",0,0,"",0,"New Kent","VA",NA,19.88,0,0
"1307","15.1%","James City",3005,"VA","I.64",66,"WE","Reentry from East",0,0,"",2010,"James City","VA",NA,8.54,0,0
"1308","15.1%","York",3084,"VA","I.64",67,"WE","Reentry from East",0,0,"",2011,"York","VA",NA,11.13,0,0
"1309","15.1%","James City",3005,"VA","I.64",68,"WE","Reentry from West",0,0,"",3010,"James City","VA","2.22",2.22,0,0
"1310","15.1%","York",3084,"VA","I.64",69,"WE","Reentry from West",0,0,"",3011,"York","VA","0.37",0.37,0,0
"1311","15.1%","Newport News, City of",3025,"VA","I.64",70,"WE","",0,0,"",0,"Newport News, City of","VA",NA,12.36,0,0
"1312","15.2%","Hampton, City of",2995,"VA","I.64",71,"WE","",0,0,"",0,"Hampton, City of","VA",NA,12.34,0,0
"1313","15.2%","Norfolk, City of",3026,"VA","I.64",72,"WE","",0,0,"",0,"Norfolk, City of","VA",NA,13.43,0,0
"1314","15.2%","Virginia Beach, City of",3074,"VA","I.64",73,"WE","",0,0,"",0,"Virginia Beach, City of","VA",NA,2.91,0,0
"1315","15.2%","Chesapeake, City of",2963,"VA","I.64",74,"WE","",0,0,"",0,"Chesapeake, City of","VA",NA,11.6,0,0
"1316","15.2%","Knox",2567,"TN","I.640",1,"CCW","",0,0,"W",0,"Knox","TN","10.80",10.13,0,0
"1317","15.2%","Mobile",49,"AL","I.65",1,"SN","",0,0,"",0,"Mobile","AL",NA,25.25,0,0
"1318","15.2%","Baldwin",2,"AL","I.65",2,"SN","",0,0,"",0,"Baldwin","AL",NA,22.45,0,0
"1319","15.2%","Escambia",27,"AL","I.65",3,"SN","",0,0,"",0,"Escambia","AL",NA,28.21,0,0
"1320","15.2%","Conecuh",18,"AL","I.65",4,"SN","",0,0,"",0,"Conecuh","AL",NA,30.04,0,0
"1321","15.3%","Butler",7,"AL","I.65",5,"SN","",0,0,"",0,"Butler","AL",NA,34.62,0,0
"1322","15.3%","Lowndes",43,"AL","I.65",6,"SN","",0,0,"",0,"Lowndes","AL",NA,18.83,0,0
"1323","15.3%","Montgomery",51,"AL","I.65",7,"SN","",0,0,"",0,"Montgomery","AL",NA,17.91,0,0
"1324","15.3%","Elmore",26,"AL","I.65",8,"SN","",0,0,"",0,"Elmore","AL",NA,4.94,0,0
"1325","15.3%","Autauga",1,"AL","I.65",9,"SN","",0,0,"",0,"Autauga","AL",NA,16.23,0,0
"1326","15.3%","Chilton",11,"AL","I.65",10,"SN","",0,0,"",0,"Chilton","AL",NA,27.7,0,0
"1327","15.3%","Shelby",59,"AL","I.65",11,"SN","",0,0,"",0,"Shelby","AL",NA,22.5,0,0
"1328","15.3%","Jefferson",37,"AL","I.65",12,"SN","",0,0,"",0,"Jefferson","AL",NA,35.23,0,1
"1329","15.4%","Blount",5,"AL","I.65",13,"SN","",0,0,"",0,"Blount","AL",NA,6.83,0,0
"1330","15.4%","Cullman",22,"AL","I.65",14,"SN","",0,0,"",0,"Cullman","AL",NA,26.82,0,0
"1331","15.4%","Morgan",52,"AL","I.65",15,"SN","",0,0,"",0,"Morgan","AL",NA,18.91,0,0
"1332","15.4%","Limestone",42,"AL","I.65",16,"SN","",0,0,"",0,"Limestone","AL",NA,29.62,0,0
"1333","15.4%","Giles",2548,"TN","I.65",17,"SN","",0,0,"",0,"Giles","TN",NA,22.42,0,0
"1334","15.4%","Marshall",2577,"TN","I.65",18,"SN","",0,0,"",0,"Marshall","TN",NA,12.73,0,0
"1335","15.4%","Maury",2578,"TN","I.65",19,"SN","",0,0,"",0,"Maury","TN",NA,17.72,0,0
"1336","15.4%","Williamson",2614,"TN","I.65",20,"SN","",0,0,"",0,"Williamson","TN",NA,21.45,0,0
"1337","15.4%","Davidson",2539,"TN","I.65",21,"SN","",0,0,"",0,"Davidson","TN",NA,24.15,0,0
"1338","15.5%","Sumner",2603,"TN","I.65",22,"SN","",0,0,"",0,"Sumner","TN",NA,5.95,0,0
"1339","15.5%","Robertson",2594,"TN","I.65",23,"SN","",0,0,"",0,"Robertson","TN",NA,17.8,0,0
"1340","15.5%","Simpson",1108,"KY","I.65",24,"SN","",0,0,"",0,"Simpson","KY",NA,13.82,0,0
"1341","15.5%","Warren",1115,"KY","I.65",25,"SN","",0,0,"",0,"Warren","KY",NA,29.34,0,0
"1342","15.5%","Barren",1006,"KY","I.65",26,"SN","Reentry from North",0,0,"",2001,"Barren","KY","0.42",0.42,0,0
"1343","15.5%","Edmonson",1032,"KY","I.65",27,"SN","",0,0,"",0,"Edmonson","KY",NA,2.61,0,0
"1344","15.5%","Barren",1006,"KY","I.65",28,"SN","Reentry from South",0,0,"",3001,"Barren","KY",NA,8.09,0,0
"1345","15.5%","Hart",1051,"KY","I.65",29,"SN","",0,0,"",0,"Hart","KY",NA,20.84,0,0
"1346","15.5%","Larue",1063,"KY","I.65",30,"SN","",0,0,"",0,"LaRue","KY",NA,4.05,0,0
"1347","15.6%","Hardin",1048,"KY","I.65",31,"SN","",0,0,"",0,"Hardin","KY",NA,24.68,0,0
"1348","15.6%","Bullitt",1016,"KY","I.65",32,"SN","",0,0,"",0,"Bullitt","KY",NA,19.96,0,0
"1349","15.6%","Jefferson",1057,"KY","I.65",33,"SN","",0,0,"",0,"Jefferson","KY",NA,13.9,0,1
"1350","15.6%","Clark",715,"IN","I.65",34,"SN","",0,0,"",0,"Clark","IN",NA,23.73,0,0
"1351","15.6%","Scott",777,"IN","I.65",35,"SN","",0,0,"",0,"Scott","IN",NA,11.52,0,0
"1352","15.6%","Jackson",741,"IN","I.65",36,"SN","",0,0,"",0,"Jackson","IN",NA,21.29,0,1
"1353","15.6%","Bartholomew",708,"IN","I.65",37,"SN","",0,0,"",0,"Bartholomew","IN",NA,22.57,0,0
"1354","15.6%","Shelby",778,"IN","I.65",38,"SN","",0,0,"",0,"Shelby","IN",NA,4.39,0,0
"1355","15.7%","Johnson",746,"IN","I.65",39,"SN","",0,0,"",0,"Johnson","IN",NA,17.33,0,1
"1356","15.7%","Marion",754,"IN","I.65",40,"SN","",0,0,"",0,"Marion","IN",NA,26.62,0,0
"1357","15.7%","Hendricks",737,"IN","I.65",41,"SN","",0,0,"",0,"Hendricks","IN",NA,0.69,0,0
"1358","15.7%","Boone",711,"IN","I.65",42,"SN","",0,0,"",0,"Boone","IN",NA,21.75,0,0
"1359","15.7%","Clinton",717,"IN","I.65",43,"SN","",0,0,"",0,"Clinton","IN",NA,10.46,0,1
"1360","15.7%","Tippecanoe",784,"IN","I.65",44,"SN","",0,0,"",0,"Tippecanoe","IN",NA,23.63,0,0
"1361","15.7%","White",796,"IN","I.65",45,"SN","",0,0,"",0,"White","IN",NA,15.22,0,0
"1362","15.7%","Jasper",742,"IN","I.65",46,"SN","",0,0,"",0,"Jasper","IN",NA,32.18,0,0
"1363","15.7%","Newton",761,"IN","I.65",47,"SN","",0,0,"",0,"Newton","IN",NA,2.91,0,0
"1364","15.8%","Lake",750,"IN","I.65",48,"SN","",0,0,"",0,"Lake","IN",NA,27.59,0,0
"1365","15.8%","Warren",3075,"VA","I.66",1,"WE","",0,0,"",0,"Warren","VA",NA,14.18,0,0
"1366","15.8%","Fauquier",2979,"VA","I.66",2,"WE","",0,0,"",0,"Fauquier","VA",NA,21.75,0,0
"1367","15.8%","Prince William",3041,"VA","I.66",3,"WE","",0,0,"",0,"Prince William","VA",NA,12.35,0,0
"1368","15.8%","Fairfax",2975,"VA","I.66",4,"WE","",0,0,"",0,"Fairfax","VA",NA,18.98,0,0
"1369","15.8%","Arlington",2937,"VA","I.66",5,"WE","",0,0,"",0,"Arlington","VA",NA,6.86,0,0
"1370","15.8%","District of Columbia",327,"DC","I.66",6,"WE","",0,0,"W",0,"District of Columbia","DC","1.60",1.19,0,0
"1371","15.8%","Chesapeake, City of",2963,"VA","I.664",1,"SN","",0,0,"",0,"Chesapeake, City of","VA",NA,6.53,0,0
"1372","15.8%","Suffolk, City of",3070,"VA","I.664",2,"SN","",0,0,"",0,"Suffolk, City of","VA",NA,5.6,0,0
"1373","15.9%","Newport News, City of",3025,"VA","I.664",3,"SN","",0,0,"",0,"Newport News, City of","VA",NA,5.62,0,0
"1374","15.9%","Hampton, City of",2995,"VA","I.664",4,"SN","",0,0,"",0,"Hampton, City of","VA",NA,2.73,0,0
"1375","15.9%","Wyandotte",1001,"KS","I.670.MO",1,"WE","",0,0,"W",0,"Wyandotte","KS","0.83",1.78,0,0
"1376","15.9%","Jackson",1540,"MO","I.670.MO",2,"WE","",0,0,"W",0,"Jackson","MO","1.98",1.8,0,1
"1377","15.9%","Franklin",2082,"OH","I.670.OH",3,"WE","",0,0,"",0,"Franklin","OH","10.43",10.46,0,0
"1378","15.9%","Henry",469,"GA","I.675.GA",1,"SN","",0,0,"",0,"Henry","GA",NA,0.72,0,0
"1379","15.9%","Clayton",425,"GA","I.675.GA",2,"SN","",0,0,"",0,"Clayton","GA",NA,7.56,0,0
"1380","15.9%","DeKalb",438,"GA","I.675.GA",3,"SN","",0,0,"",0,"DeKalb","GA",NA,1.77,0,0
"1381","16.0%","Montgomery",2114,"OH","I.675.OH",1,"SN","",0,0,"",0,"Montgomery","OH",NA,6.14,0,0
"1382","16.0%","Greene",2086,"OH","I.675.OH",2,"SN","",0,0,"",0,"Greene","OH",NA,17.73,0,0
"1383","16.0%","Clark",2069,"OH","I.675.OH",3,"SN","",0,0,"",0,"Clark","OH",NA,1.34,0,0
"1384","16.0%","Saginaw",1313,"MI","I.675.MI",1,"CCW","",0,0,"W",0,"Saginaw","MI","7.73",6.99,0,0
"1385","16.0%","Philadelphia",2309,"PA","I.676",1,"WE","",0,0,"",0,"Philadelphia","PA","4.67",2.84,0,0
"1386","16.0%","Camden",1788,"NJ","I.676",2,"WE","",0,0,"",0,"Camden","NJ","2.69",4.71,0,0
"1387","16.0%","Queens",1879,"NY","I.678",1,"SN","",0,0,"",0,"Queens","NY",NA,12.35,0,0
"1388","16.0%","Bronx",1841,"NY","I.678",2,"SN","",0,0,"",0,"Bronx","NY",NA,1.87,0,0
"1389","16.0%","Monongalia",3156,"WV","I.68",1,"WE","",0,0,"",0,"Monongalia","WV",NA,14.21,0,0
"1390","16.1%","Preston",3164,"WV","I.68",2,"WE","",0,0,"",0,"Preston","WV",NA,17.28,0,0
"1391","16.1%","Garrett",1214,"MD","I.68",3,"WE","",0,0,"",0,"Garrett","MD",NA,30.76,0,0
"1392","16.1%","Allegany",1202,"MD","I.68",4,"WE","",0,0,"",0,"Allegany","MD",NA,40.67,0,0
"1393","16.1%","Washington",1224,"MD","I.68",5,"WE","",0,0,"",0,"Washington","MD",NA,8.56,0,1
"1394","16.1%","Santa Clara",235,"CA","I.680.CA",1,"SN","",0,0,"",0,"Santa Clara","CA",NA,10.01,0,0
"1395","16.1%","Alameda",193,"CA","I.680.CA",2,"SN","",0,0,"",0,"Alameda","CA",NA,21.57,0,0
"1396","16.1%","Contra Costa",199,"CA","I.680.CA",3,"SN","",0,0,"",0,"Contra Costa","CA",NA,25.95,0,0
"1397","16.1%","Solano",240,"CA","I.680.CA",4,"SN","",0,0,"",0,"Solano","CA",NA,13.23,0,0
"1398","16.1%","Douglas",1692,"NE","I.680.NE",1,"CCW","",0,0,"W",0,"Douglas","NE","13.32",12.92,0,0
"1399","16.2%","Pottawattamie",875,"IA","I.680.NE",2,"CCW","",0,0,"W",0,"Pottawattamie","IA","3.17",3.08,0,0
"1400","16.2%","Mahoning",2107,"OH","I.680.OH",1,"CCW","",0,0,"W",0,"Mahoning","OH","16.43",17.07,0,0
"1401","16.2%","Westchester",1898,"NY","I.684",1,"SN","Reentry from North",0,0,"",2001,"Westchester","NY","4.78",4.78,0,0
"1402","16.2%","Western Connecticut",323,"CT","I.684",2,"SN","",0,0,"GE",0,"Western Connecticut","CT","1.38",1.38,0,0
"1403","16.2%","Westchester",1898,"NY","I.684",3,"SN","Reentry from South",0,0,"",3001,"Westchester","NY",NA,18.55,0,0
"1404","16.2%","Putnam",1878,"NY","I.684",4,"SN","",0,0,"",0,"Putnam","NY",NA,2.94,0,0
"1405","16.2%","Fort Bend",2694,"TX","I.69.TX",1,"SN","",0,0,"",0,"Fort Bend","TX",NA,20.36,0,0
"1406","16.2%","Harris",2716,"TX","I.69.TX",2,"SN","",0,0,"",0,"Harris","TX",NA,37.17,0,0
"1407","16.3%","Montgomery",2785,"TX","I.69.TX",3,"SN","",0,0,"",0,"Montgomery","TX",NA,17.6,0,0
"1408","16.3%","Liberty",2761,"TX","I.69.TX",4,"SN","",0,0,"",0,"Liberty","TX",NA,8.45,0,0
"1409","16.3%","Tunica",1482,"MS","I.69.MS",1,"SN","",0,0,"",0,"Tunica","MS",NA,0.13,0,0
"1410","16.3%","DeSoto",1427,"MS","I.69.MS",2,"SN","",0,0,"",0,"DeSoto","MS",NA,22.69,0,0
"1411","16.3%","Shelby",2599,"TN","I.69.MS",3,"SN","",0,0,"W",0,"Shelby","TN","15.10",15.27,0,0
"1412","16.3%","Fulton",1039,"KY","I.69.KY",1,"SN","",0,0,"",0,"Fulton","KY",NA,3.48,0,0
"1413","16.3%","Hickman",1054,"KY","I.69.KY",2,"SN","",0,0,"",0,"Hickman","KY",NA,4.89,0,0
"1414","16.3%","Graves",1043,"KY","I.69.KY",3,"SN","",0,0,"",0,"Graves","KY",NA,26.27,0,0
"1415","16.3%","Marshall",1077,"KY","I.69.KY",4,"SN","",0,0,"",0,"Marshall","KY",NA,21.17,0,0
"1416","16.4%","Livingston",1071,"KY","I.69.KY",5,"SN","",0,0,"",0,"Livingston","KY",NA,4.52,0,0
"1417","16.4%","Lyon",1073,"KY","I.69.KY",6,"SN","",0,0,"",0,"Lyon","KY",NA,13.45,0,0
"1418","16.4%","Caldwell",1018,"KY","I.69.KY",7,"SN","",0,0,"",0,"Caldwell","KY",NA,16.22,0,0
"1419","16.4%","Hopkins",1055,"KY","I.69.KY",8,"SN","",0,0,"",0,"Hopkins","KY",NA,37.07,0,0
"1420","16.4%","Webster",1118,"KY","I.69.KY",9,"SN","",0,0,"",0,"Webster","KY",NA,10.3,0,0
"1421","16.4%","Henderson",1052,"KY","I.69.KY",10,"SN","",0,0,"",0,"Henderson","KY",NA,14.48,0,0
"1422","16.4%","Vanderburgh",787,"IN","I.69.N",1,"SN","Reentry from North",0,0,"",2001,"Vanderburgh","IN","5.42",5.42,0,0
"1423","16.4%","Warrick",792,"IN","I.69.N",2,"SN","",0,0,"",0,"Warrick","IN",NA,1.53,0,0
"1424","16.4%","Vanderburgh",787,"IN","I.69.N",3,"SN","Reentry from South",0,0,"",3001,"Vanderburgh","IN",NA,14.25,0,0
"1425","16.5%","Gibson",731,"IN","I.69.N",4,"SN","",0,0,"",0,"Gibson","IN",NA,17.68,0,0
"1426","16.5%","Pike",768,"IN","I.69.N",5,"SN","",0,0,"",0,"Pike","IN",NA,14.92,1,0
"1427","16.5%","Daviess",719,"IN","I.69.N",6,"SN","",0,0,"",0,"Daviess","IN",NA,31.02,0,0
"1428","16.5%","Greene",733,"IN","I.69.N",7,"SN","",0,0,"",0,"Greene","IN",NA,20.46,0,0
"1429","16.5%","Monroe",758,"IN","I.69.N",8,"SN","",0,0,"",0,"Monroe","IN",NA,26.89,1,1
"1430","16.5%","Morgan",760,"IN","I.69.N",9,"SN","",0,0,"",0,"Morgan","IN",NA,21.22,0,0
"1431","16.5%","Johnson",746,"IN","I.69.N",10,"SN","",0,0,"",0,"Johnson","IN",NA,5.94,0,1
"1432","16.5%","Marion",754,"IN","I.69.N",11,"SN","",0,0,"",0,"Marion","IN",NA,28.09,0,0
"1433","16.6%","Hamilton",734,"IN","I.69.N",12,"SN","",0,0,"",0,"Hamilton","IN",NA,10.86,0,0
"1434","16.6%","Madison",753,"IN","I.69.N",13,"SN","",0,0,"",0,"Madison","IN",NA,17.92,0,1
"1435","16.6%","Delaware",723,"IN","I.69.N",14,"SN","",0,0,"",0,"Delaware","IN",NA,20.62,0,0
"1436","16.6%","Grant",732,"IN","I.69.N",15,"SN","",0,0,"",0,"Grant","IN",NA,19.85,0,1
"1437","16.6%","Huntington",740,"IN","I.69.N",16,"SN","",0,0,"",0,"Huntington","IN",NA,20.34,0,0
"1438","16.6%","Wells",795,"IN","I.69.N",17,"SN","",0,0,"",0,"Wells","IN",NA,1.08,0,0
"1439","16.6%","Allen",707,"IN","I.69.N",18,"SN","",0,0,"",0,"Allen","IN",NA,29.07,0,0
"1440","16.6%","DeKalb",722,"IN","I.69.N",19,"SN","",0,0,"",0,"DeKalb","IN",NA,18.46,0,0
"1441","16.6%","Steuben",781,"IN","I.69.N",20,"SN","",0,0,"",0,"Steuben","IN",NA,17.5,0,0
"1442","16.7%","Branch",1252,"MI","I.69.N",21,"SN","",0,0,"",0,"Branch","MI",NA,22.2,0,0
"1443","16.7%","Calhoun",1253,"MI","I.69.N",22,"SN","",0,0,"",0,"Calhoun","MI",NA,25.27,0,0
"1444","16.7%","Eaton",1263,"MI","I.69.N",23,"SN","",0,0,"",0,"Eaton","MI",NA,31.24,0,0
"1445","16.7%","Clinton",1259,"MI","I.69.N",24,"SN","",0,0,"",0,"Clinton","MI",NA,18.21,0,1
"1446","16.7%","Shiawassee",1318,"MI","I.69.N",25,"SN","",0,0,"",0,"Shiawassee","MI",NA,25.64,1,0
"1447","16.7%","Genesee",1265,"MI","I.69.N",26,"SN","",0,0,"",0,"Genesee","MI",NA,25,0,0
"1448","16.7%","Lapeer",1284,"MI","I.69.N",27,"SN","",0,0,"",0,"Lapeer","MI",NA,24.75,1,0
"1449","16.7%","St. Clair",1314,"MI","I.69.N",28,"SN","",0,0,"",0,"St. Clair","MI",NA,30.33,0,0
"1450","16.7%","Onondaga",1872,"NY","I.690",1,"WE","",0,0,"W",0,"Onondaga","NY","14.19",13.27,0,0
"1451","16.8%","Naugatuck Valley",318,"CT","I.691",1,"WE","",0,0,"",0,"Naugatuck Valley","CT",NA,2.15,0,0
"1452","16.8%","Capitol",315,"CT","I.691",2,"WE","",0,0,"",0,"Capitol","CT",NA,1.36,0,0
"1453","16.8%","South Central Connecticut",321,"CT","I.691",3,"WE","",0,0,"",0,"South Central Connecticut","CT",NA,4.55,0,0
"1454","16.8%","Hennepin",1350,"MN","I.694",1,"CCW","",0,0,"",0,"Hennepin","MN",NA,8.02,0,0
"1455","16.8%","Anoka",1325,"MN","I.694",2,"CCW","",0,0,"",0,"Anoka","MN",NA,2.71,0,0
"1456","16.8%","Ramsey",1385,"MN","I.694",3,"CCW","",0,0,"",0,"Ramsey","MN",NA,12.54,0,0
"1457","16.8%","Washington",1405,"MN","I.694",4,"CCW","",0,0,"",0,"Washington","MN",NA,6.87,0,1
"1458","16.8%","District of Columbia",327,"DC","I.695.DC",1,"CCW","",0,0,"W",0,"District of Columbia","DC","2.00",2.29,0,0
"1459","16.9%","Anne Arundel",1203,"MD","I.695.MD",1,"CCW","Reentry from CCW",0,0,"GE",2001,"Anne Arundel","MD",NA,5.38,0,0
"1460","16.9%","Baltimore, City of",1206,"MD","I.695.MD",2,"CCW","",9,0,"",0,"Baltimore City","MD",NA,3.2,0,0
"1461","16.9%","Anne Arundel",1203,"MD","I.695.MD",3,"CCW","Reentry from CW, bridge only",0,0,"",3001,"Anne Arundel","MD","0.10",0.1,0,0
"1462","16.9%","Baltimore",1205,"MD","I.695.MD",4,"CCW","",9,1,"",0,"Baltimore","MD",NA,43.05,0,0
"1463","16.9%","Bronx",1841,"NY","I.695.NY",1,"SN","",0,0,"W",0,"Bronx","NY","1.40",1.82,0,0
"1464","16.9%","Oakland",1303,"MI","I.696",1,"WE","",0,0,"",0,"Oakland","MI",NA,20.29,0,0
"1465","16.9%","Macomb",1290,"MI","I.696",2,"WE","",0,0,"",0,"Macomb","MI",NA,8.66,0,0
"1466","16.9%","Hidalgo",2723,"TX","I.69C",1,"SN","",0,0,"",0,"Hidalgo","TX","18.00",17.55,0,0
"1467","16.9%","Cameron",2646,"TX","I.69E",1,"SN","",0,0,"",0,"Cameron","TX",NA,37.65,0,0
"1468","17.0%","Willacy",2860,"TX","I.69E",2,"SN","",0,0,"",0,"Willacy","TX",NA,18.07,0,0
"1469","17.0%","Kenedy",2746,"TX","I.69E",3,"SN","",0,0,"",0,"Kenedy","TX",NA,46.18,0,0
"1470","17.0%","Kleberg",2752,"TX","I.69E",4,"SN","",0,0,"",0,"Kleberg","TX",NA,21.46,0,0
"1471","17.0%","Nueces",2793,"TX","I.69E",5,"SN","",0,0,"",0,"Nueces","TX",NA,26.7,0,0
"1472","17.0%","San Patricio",2820,"TX","I.69E",6,"SN","",0,0,"",0,"San Patricio","TX",NA,21.14,0,0
"1473","17.0%","Refugio",2811,"TX","I.69E",7,"SN","",0,0,"",0,"Refugio","TX",NA,37.25,0,0
"1474","17.0%","Victoria",2850,"TX","I.69E",8,"SN","",0,0,"",0,"Victoria","TX",NA,14.91,0,0
"1475","17.0%","Webb",2855,"TX","I.69W",1,"WE","",0,0,"",0,"Webb","TX","1.44",3.36,0,0
"1476","17.0%","Millard",2894,"UT","I.70",1,"WE","",0,0,"",0,"Millard","UT",NA,6.48,0,0
"1477","17.1%","Sevier",2901,"UT","I.70",2,"WE","",0,0,"",0,"Sevier","UT",NA,87.29,0,0
"1478","17.1%","Emery",2888,"UT","I.70",3,"WE","",0,0,"",0,"Emery","UT",NA,68.71,0,0
"1479","17.1%","Grand",2890,"UT","I.70",4,"WE","",0,0,"",0,"Grand","UT",NA,68.65,0,0
"1480","17.1%","Mesa",290,"CO","I.70",5,"WE","",0,0,"",0,"Mesa","CO",NA,65.52,0,0
"1481","17.1%","Garfield",274,"CO","I.70",6,"WE","",0,0,"",0,"Garfield","CO",NA,65.38,0,1
"1482","17.1%","Eagle",270,"CO","I.70",7,"WE","",0,0,"",0,"Eagle","CO",NA,60.03,0,0
"1483","17.1%","Summit",310,"CO","I.70",8,"WE","",0,0,"",0,"Summit","CO",NA,24.17,0,0
"1484","17.1%","Clear Creek",261,"CO","I.70",9,"WE","",0,0,"",0,"Clear Creek","CO",NA,33.22,0,0
"1485","17.2%","Jefferson",281,"CO","I.70",10,"WE","",0,0,"",0,"Jefferson","CO",NA,22.95,0,1
"1486","17.2%","Denver",267,"CO","I.70",11,"WE","",0,0,"",0,"Denver","CO",NA,12.13,0,0
"1487","17.2%","Adams",251,"CO","I.70",12,"WE","",0,0,"",0,"Adams","CO",NA,15.16,0,1
"1488","17.2%","Arapahoe",253,"CO","I.70",13,"WE","",0,0,"",0,"Arapahoe","CO",NA,34.39,0,0
"1489","17.2%","Elbert",272,"CO","I.70",14,"WE","",0,0,"",0,"Elbert","CO",NA,27.22,0,0
"1490","17.2%","Lincoln",288,"CO","I.70",15,"WE","",0,0,"",0,"Lincoln","CO",NA,30.48,0,1
"1491","17.2%","Kit Carson",283,"CO","I.70",16,"WE","",0,0,"",0,"Kit Carson","CO",NA,60.14,0,0
"1492","17.2%","Sherman",987,"KS","I.70",17,"WE","",0,0,"",0,"Sherman","KS",NA,35.32,0,0
"1493","17.2%","Thomas",993,"KS","I.70",18,"WE","",0,0,"",0,"Thomas","KS",NA,39.55,0,0
"1494","17.3%","Logan",951,"KS","I.70",19,"WE","",0,0,"",0,"Logan","KS",NA,0.82,0,0
"1495","17.3%","Gove",928,"KS","I.70",20,"WE","",0,0,"",0,"Gove","KS",NA,37.54,0,0
"1496","17.3%","Trego",994,"KS","I.70",21,"WE","",0,0,"",0,"Trego","KS",NA,30.62,0,0
"1497","17.3%","Ellis",922,"KS","I.70",22,"WE","",0,0,"",0,"Ellis","KS",NA,31.25,0,0
"1498","17.3%","Russell",980,"KS","I.70",23,"WE","",0,0,"",0,"Russell","KS",NA,30.06,0,0
"1499","17.3%","Ellsworth",923,"KS","I.70",24,"WE","",0,0,"",0,"Ellsworth","KS",NA,23.27,0,0
"1500","17.3%","Lincoln",949,"KS","I.70",25,"WE","",0,0,"",0,"Lincoln","KS",NA,7.25,0,1
"1501","17.3%","Saline",981,"KS","I.70",26,"WE","",0,0,"",0,"Saline","KS",NA,30.58,0,0
"1502","17.4%","Dickinson",917,"KS","I.70",27,"WE","",0,0,"",0,"Dickinson","KS",NA,23.47,0,0
"1503","17.4%","Geary",927,"KS","I.70",28,"WE","",0,0,"",0,"Geary","KS",NA,26.56,0,0
"1504","17.4%","Riley",977,"KS","I.70",29,"WE","",0,0,"",0,"Riley","KS",NA,5.97,0,0
"1505","17.4%","Wabaunsee",995,"KS","I.70",30,"WE","",0,0,"",0,"Wabaunsee","KS",NA,24.02,0,0
"1506","17.4%","Shawnee",985,"KS","I.70",31,"WE","",0,0,"",0,"Shawnee","KS",NA,26.17,0,0
"1507","17.4%","Douglas",919,"KS","I.70",32,"WE","",0,0,"",0,"Douglas","KS",NA,17.3,0,0
"1508","17.4%","Leavenworth",948,"KS","I.70",33,"WE","",0,0,"",0,"Leavenworth","KS",NA,16.59,0,0
"1509","17.4%","Wyandotte",1001,"KS","I.70",34,"WE","",0,0,"",0,"Wyandotte","KS",NA,17.79,0,0
"1510","17.4%","Jackson",1540,"MO","I.70",35,"WE","",0,0,"",0,"Jackson","MO",NA,29.18,0,1
"1511","17.5%","Lafayette",1546,"MO","I.70",36,"WE","",0,0,"",0,"Lafayette","MO",NA,33.42,0,0
"1512","17.5%","Saline",1591,"MO","I.70",37,"WE","",0,0,"",0,"Saline","MO",NA,24.15,0,0
"1513","17.5%","Cooper",1519,"MO","I.70",38,"WE","",0,0,"",0,"Cooper","MO",NA,28.03,0,0
"1514","17.5%","Boone",1502,"MO","I.70",39,"WE","",0,0,"",0,"Boone","MO",NA,21.86,0,0
"1515","17.5%","Callaway",1506,"MO","I.70",40,"WE","",0,0,"",0,"Callaway","MO",NA,28.17,0,0
"1516","17.5%","Montgomery",1562,"MO","I.70",41,"WE","",0,0,"",0,"Montgomery","MO",NA,21.33,0,0
"1517","17.5%","Warren",1603,"MO","I.70",42,"WE","",0,0,"",0,"Warren","MO",NA,17.24,0,0
"1518","17.5%","St. Charles",1584,"MO","I.70",43,"WE","",0,0,"",0,"St. Charles","MO",NA,26.73,0,0
"1519","17.5%","St. Louis",1588,"MO","I.70",44,"WE","",24,1,"",0,"St. Louis","MO",NA,12.85,0,0
"1520","17.6%","St. Louis, City of",1589,"MO","I.70",45,"WE","",24,0,"",0,"St. Louis, City of","MO",NA,7.08,0,0
"1521","17.6%","St. Clair",685,"IL","I.70",46,"WE","",0,0,"",0,"St. Clair","IL",NA,5.19,0,0
"1522","17.6%","Madison",660,"IL","I.70",47,"WE","",0,0,"",0,"Madison","IL",NA,31.31,0,1
"1523","17.6%","Bond",606,"IL","I.70",48,"WE","",0,0,"",0,"Bond","IL",NA,20.55,0,0
"1524","17.6%","Fayette",629,"IL","I.70",49,"WE","",0,0,"",0,"Fayette","IL",NA,26.33,0,0
"1525","17.6%","Effingham",628,"IL","I.70",50,"WE","",0,0,"",0,"Effingham","IL",NA,26.98,0,0
"1526","17.6%","Cumberland",621,"IL","I.70",51,"WE","",0,0,"",0,"Cumberland","IL",NA,21.85,0,0
"1527","17.6%","Clark",615,"IL","I.70",52,"WE","",0,0,"",0,"Clark","IL",NA,27.94,0,0
"1528","17.7%","Vigo",789,"IN","I.70",53,"WE","",0,0,"",0,"Vigo","IN",NA,16.43,0,0
"1529","17.7%","Clay",716,"IN","I.70",54,"WE","",0,0,"",0,"Clay","IN",NA,12.55,0,0
"1530","17.7%","Putnam",772,"IN","I.70",55,"WE","",0,0,"",0,"Putnam","IN",NA,20.61,0,0
"1531","17.7%","Morgan",760,"IN","I.70",56,"WE","Reentry from East",0,0,"",2001,"Morgan","IN",NA,7.73,0,0
"1532","17.7%","Hendricks",737,"IN","I.70",57,"WE","Reentry from East",0,0,"GE",2002,"Hendricks","IN","2.99",2.99,0,0
"1533","17.7%","Morgan",760,"IN","I.70",58,"WE","Reentry from West",0,0,"GE",3001,"Morgan","IN","1.33",1.33,0,0
"1534","17.7%","Hendricks",737,"IN","I.70",59,"WE","Reentry from West",0,0,"",3002,"Hendricks","IN",NA,7.46,0,0
"1535","17.7%","Marion",754,"IN","I.70",60,"WE","",0,0,"",0,"Marion","IN",NA,24.76,0,0
"1536","17.7%","Hancock",735,"IN","I.70",61,"WE","",0,0,"",0,"Hancock","IN",NA,19.11,0,0
"1537","17.8%","Henry",738,"IN","I.70",62,"WE","",0,0,"",0,"Henry","IN",NA,20.3,0,0
"1538","17.8%","Wayne",794,"IN","I.70",63,"WE","",0,0,"",0,"Wayne","IN",NA,22.91,0,0
"1539","17.8%","Preble",2125,"OH","I.70",64,"WE","",0,0,"",0,"Preble","OH",NA,17.61,0,0
"1540","17.8%","Montgomery",2114,"OH","I.70",65,"WE","",0,0,"",0,"Montgomery","OH",NA,23.49,0,0
"1541","17.8%","Clark",2069,"OH","I.70",66,"WE","",0,0,"",0,"Clark","OH",NA,29.19,0,0
"1542","17.8%","Madison",2106,"OH","I.70",67,"WE","",0,0,"",0,"Madison","OH",NA,15.56,0,1
"1543","17.8%","Franklin",2082,"OH","I.70",68,"WE","Reentry from East",0,0,"",2003,"Franklin","OH",NA,24.4,0,0
"1544","17.8%","Fairfield",2080,"OH","I.70",69,"WE","Reentry from East",0,0,"GE",2004,"Fairfield","OH","1.44",1.44,0,0
"1545","17.8%","Franklin",2082,"OH","I.70",70,"WE","Reentry from West",0,0,"GE",3003,"Franklin","OH","0.47",0.47,0,0
"1546","17.9%","Fairfield",2080,"OH","I.70",71,"WE","Reentry from West",0,0,"",3004,"Fairfield","OH",NA,0.96,0,0
"1547","17.9%","Licking",2102,"OH","I.70",72,"WE","",0,0,"",0,"Licking","OH",NA,29.24,0,0
"1548","17.9%","Muskingum",2117,"OH","I.70",73,"WE","",0,0,"",0,"Muskingum","OH",NA,27.28,0,0
"1549","17.9%","Guernsey",2087,"OH","I.70",74,"WE","",0,0,"",0,"Guernsey","OH",NA,28.42,0,0
"1550","17.9%","Belmont",2064,"OH","I.70",75,"WE","",0,0,"",0,"Belmont","OH",NA,26.93,0,0
"1551","17.9%","Ohio",3160,"WV","I.70",76,"WE","",0,0,"W",0,"Ohio","WV","14.45",14.18,0,0
"1552","17.9%","Washington",2321,"PA","I.70",77,"WE","",0,0,"",0,"Washington","PA",NA,40.33,0,1
"1553","17.9%","Westmoreland",2323,"PA","I.70",78,"WE","",0,0,"",0,"Westmoreland","PA",NA,42.54,0,0
"1554","18.0%","Bedford",2263,"PA","I.70",79,"WE","",0,0,"",0,"Bedford","PA",NA,37.24,0,0
"1555","18.0%","Somerset",2314,"PA","I.70",80,"WE","",0,0,"",0,"Somerset","PA",NA,30.11,0,0
"1556","18.0%","Fulton",2287,"PA","I.70",81,"WE","",0,0,"",0,"Fulton","PA",NA,19.87,0,0
"1557","18.0%","Washington",1224,"MD","I.70",82,"WE","",0,0,"",0,"Washington","MD",NA,37.99,0,1
"1558","18.0%","Frederick",1213,"MD","I.70",83,"WE","",0,0,"",0,"Frederick","MD",NA,29.1,0,0
"1559","18.0%","Carroll",1209,"MD","I.70",84,"WE","",0,0,"",0,"Carroll","MD",NA,1.59,0,0
"1560","18.0%","Howard",1216,"MD","I.70",85,"WE","",0,0,"",0,"Howard","MD",NA,19.27,0,0
"1561","18.0%","Baltimore",1205,"MD","I.70",86,"WE","",0,0,"",0,"Baltimore","MD",NA,2.89,0,0
"1562","18.0%","Pierce",3113,"WA","I.705",1,"SN","",0,0,"W",0,"Pierce","WA","1.50",1.63,0,1
"1563","18.1%","Jefferson",1057,"KY","I.71",1,"SN","",0,0,"",0,"Jefferson","KY",NA,11.74,0,1
"1564","18.1%","Oldham",1094,"KY","I.71",2,"SN","",0,0,"",0,"Oldham","KY",NA,13.57,0,0
"1565","18.1%","Henry",1053,"KY","I.71",3,"SN","",0,0,"",0,"Henry","KY",NA,13.38,0,0
"1566","18.1%","Trimble",1113,"KY","I.71",4,"SN","",0,0,"",0,"Trimble","KY",NA,0.73,0,0
"1567","18.1%","Carroll",1022,"KY","I.71",5,"SN","",0,0,"",0,"Carroll","KY",NA,14.68,0,0
"1568","18.1%","Gallatin",1040,"KY","I.71",6,"SN","",0,0,"",0,"Gallatin","KY",NA,16.49,0,0
"1569","18.1%","Boone",1009,"KY","I.71",7,"SN","",0,0,"",0,"Boone","KY",NA,17.83,0,0
"1570","18.1%","Kenton",1060,"KY","I.71",8,"SN","",0,0,"",0,"Kenton","KY",NA,8.19,0,0
"1571","18.1%","Hamilton",2088,"OH","I.71",9,"SN","",0,0,"",0,"Hamilton","OH",NA,19.97,0,0
"1572","18.2%","Warren",2140,"OH","I.71",10,"SN","",0,0,"",0,"Warren","OH",NA,22.32,0,0
"1573","18.2%","Clinton",2071,"OH","I.71",11,"SN","",0,0,"",0,"Clinton","OH",NA,15.38,0,1
"1574","18.2%","Greene",2086,"OH","I.71",12,"SN","",0,0,"",0,"Greene","OH",NA,4.05,0,0
"1575","18.2%","Fayette",2081,"OH","I.71",13,"SN","",0,0,"",0,"Fayette","OH",NA,14.66,0,0
"1576","18.2%","Madison",2106,"OH","I.71",14,"SN","",0,0,"",0,"Madison","OH",NA,11.76,0,1
"1577","18.2%","Pickaway",2122,"OH","I.71",15,"SN","",0,0,"",0,"Pickaway","OH",NA,3.28,0,0
"1578","18.2%","Franklin",2082,"OH","I.71",16,"SN","",0,0,"",0,"Franklin","OH",NA,29.93,0,0
"1579","18.2%","Delaware",2078,"OH","I.71",17,"SN","",0,0,"",0,"Delaware","OH",NA,17.32,0,0
"1580","18.3%","Morrow",2116,"OH","I.71",18,"SN","",0,0,"",0,"Morrow","OH",NA,20.01,0,0
"1581","18.3%","Richland",2127,"OH","I.71",19,"SN","",0,0,"",0,"Richland","OH",NA,20.77,0,0
"1582","18.3%","Ashland",2060,"OH","I.71",20,"SN","",0,0,"",0,"Ashland","OH",NA,16.16,0,0
"1583","18.3%","Wayne",2142,"OH","I.71",21,"SN","",0,0,"",0,"Wayne","OH",NA,7.14,0,0
"1584","18.3%","Medina",2109,"OH","I.71",22,"SN","",0,0,"",0,"Medina","OH",NA,26.77,0,0
"1585","18.3%","Cuyahoga",2075,"OH","I.71",23,"SN","",0,0,"",0,"Cuyahoga","OH",NA,19.31,0,0
"1586","18.3%","Los Angeles",211,"CA","I.710",1,"SN","",0,0,"GE",0,"Los Angeles","CA","24.90",24.07,0,0
"1587","18.3%","Marion",1555,"MO","I.72",1,"WE","",0,0,"W",0,"Marion","MO","2.06",2.07,0,0
"1588","18.3%","Pike",678,"IL","I.72",2,"WE","",0,0,"",0,"Pike","IL",NA,41.94,0,0
"1589","18.4%","Scott",689,"IL","I.72",3,"WE","",0,0,"",0,"Scott","IL",NA,14.46,0,0
"1590","18.4%","Morgan",672,"IL","I.72",4,"WE","",0,0,"",0,"Morgan","IL",NA,22.34,0,0
"1591","18.4%","Sangamon",687,"IL","I.72",5,"WE","",0,0,"",0,"Sangamon","IL",NA,45.14,0,0
"1592","18.4%","Macon",658,"IL","I.72",6,"WE","",0,0,"",0,"Macon","IL",NA,31.55,0,0
"1593","18.4%","Piatt",677,"IL","I.72",7,"WE","",0,0,"",0,"Piatt","IL",NA,17.5,0,0
"1594","18.4%","Champaign",613,"IL","I.72",8,"WE","",0,0,"",0,"Champaign","IL",NA,8.41,0,0
"1595","18.4%","Richmond",1977,"NC","I.73",1,"SN","",0,0,"",0,"Richmond","NC",NA,19.87,0,0
"1596","18.4%","Montgomery",1962,"NC","I.73",2,"SN","",0,0,"",0,"Montgomery","NC",NA,24.47,0,0
"1597","18.4%","Randolph",1976,"NC","I.73",3,"SN","",0,0,"",0,"Randolph","NC",NA,28.78,0,0
"1598","18.5%","Guilford",1941,"NC","I.73",4,"SN","",0,0,"",0,"Guilford","NC",NA,31.88,0,0
"1599","18.5%","Rockingham",1979,"NC","I.73",5,"SN","",0,0,"",0,"Rockingham","NC",NA,2.5,0,0
"1600","18.5%","Scott",879,"IA","I.74.W",1,"WE","",0,0,"W",0,"Scott","IA","5.36",5.09,0,0
"1601","18.5%","Rock Island",684,"IL","I.74.W",2,"WE","",0,0,"",0,"Rock Island","IL",NA,8.1,0,0
"1602","18.5%","Henry",640,"IL","I.74.W",3,"WE","",0,0,"",0,"Henry","IL",NA,25.94,0,0
"1603","18.5%","Knox",651,"IL","I.74.W",4,"WE","",0,0,"",0,"Knox","IL",NA,34.24,0,0
"1604","18.5%","Peoria",675,"IL","I.74.W",5,"WE","",0,0,"",0,"Peoria","IL",NA,25.52,0,0
"1605","18.5%","Tazewell",693,"IL","I.74.W",6,"WE","",0,0,"",0,"Tazewell","IL",NA,15.61,0,0
"1606","18.6%","Woodford",705,"IL","I.74.W",7,"WE","",0,0,"",0,"Woodford","IL",NA,9.21,0,0
"1607","18.6%","McLean",667,"IL","I.74.W",8,"WE","",0,0,"",0,"McLean","IL",NA,36.24,0,0
"1608","18.6%","De Witt",623,"IL","I.74.W",9,"WE","",0,0,"",0,"DeWitt","IL",NA,5.18,0,0
"1609","18.6%","Piatt",677,"IL","I.74.W",10,"WE","",0,0,"",0,"Piatt","IL",NA,7.91,0,0
"1610","18.6%","Champaign",613,"IL","I.74.W",11,"WE","",0,0,"",0,"Champaign","IL",NA,29.54,0,0
"1611","18.6%","Vermilion",695,"IL","I.74.W",12,"WE","",0,0,"",0,"Vermilion","IL",NA,22.27,0,0
"1612","18.6%","Vermillion",788,"IN","I.74.W",13,"WE","",0,0,"",0,"Vermillion","IN",NA,6.6,0,0
"1613","18.6%","Fountain",728,"IN","I.74.W",14,"WE","",0,0,"",0,"Fountain","IN",NA,16.94,0,0
"1614","18.6%","Montgomery",759,"IN","I.74.W",15,"WE","",0,0,"",0,"Montgomery","IN",NA,23.18,0,0
"1615","18.7%","Boone",711,"IN","I.74.W",16,"WE","",0,0,"",0,"Boone","IN",NA,7.43,0,0
"1616","18.7%","Hendricks",737,"IN","I.74.W",17,"WE","",0,0,"",0,"Hendricks","IN",NA,15.57,0,0
"1617","18.7%","Marion",754,"IN","I.74.W",18,"WE","",0,0,"",0,"Marion","IN",NA,30.28,0,0
"1618","18.7%","Shelby",778,"IN","I.74.W",19,"WE","",0,0,"",0,"Shelby","IN",NA,22.75,0,0
"1619","18.7%","Rush",775,"IN","I.74.W",20,"WE","",0,0,"GE",0,"Rush","IN","0.06",0.03,0,0
"1620","18.7%","Decatur",721,"IN","I.74.W",21,"WE","",0,0,"",0,"Decatur","IN",NA,21.37,0,0
"1621","18.7%","Franklin",729,"IN","I.74.W",22,"WE","",0,0,"",0,"Franklin","IN",NA,4.35,0,0
"1622","18.7%","Ripley",774,"IN","I.74.W",23,"WE","",0,0,"",0,"Ripley","IN",NA,8.4,0,0
"1623","18.7%","Dearborn",720,"IN","I.74.W",24,"WE","",0,0,"",0,"Dearborn","IN",NA,13.93,0,0
"1624","18.8%","Hamilton",2088,"OH","I.74.W",25,"WE","",0,0,"W",0,"Hamilton","OH","19.47",19.16,0,0
"1625","18.8%","Surry",1986,"NC","I.74.E",1,"WE","",0,0,"GE",0,"Surry","NC","17.90",17.24,0,0
"1626","18.8%","Gap",7777,"NC","I.74.E",2,"WE","Gap between segments",0,0,"",0,"Gap","NC",NA,0,0,0
"1627","18.8%","Forsyth",1934,"NC","I.74.E",3,"WE","",0,0,"",0,"Forsyth","NC",NA,8.43,0,0
"1628","18.8%","Guilford",1941,"NC","I.74.E",4,"WE","",0,0,"",0,"Guilford","NC",NA,11.75,0,0
"1629","18.8%","Randolph",1976,"NC","I.74.E",5,"WE","",0,0,"",0,"Randolph","NC",NA,30.49,0,0
"1630","18.8%","Montgomery",1962,"NC","I.74.E",6,"WE","",0,0,"",0,"Montgomery","NC",NA,24.46,0,0
"1631","18.8%","Richmond",1977,"NC","I.74.E",7,"WE","",0,0,"",0,"Richmond","NC",NA,19.63,0,0
"1632","18.9%","Gap",7777,"NC","I.74.E",8,"WE","Gap between segments",0,0,"",0,"Gap","NC",NA,0,0,0
"1633","18.9%","Robeson",1978,"NC","I.74.E",9,"WE","",0,0,"",0,"Robeson","NC",NA,19.88,0,0
"1634","18.9%","Miami-Dade",370,"FL","I.75",1,"SN","",0,0,"",0,"Miami-Dade","FL",NA,4.99,0,0
"1635","18.9%","Broward",333,"FL","I.75",2,"SN","",0,0,"",0,"Broward","FL",NA,45.38,0,0
"1636","18.9%","Collier",338,"FL","I.75",3,"SN","",0,0,"",0,"Collier","FL",NA,64,0,0
"1637","18.9%","Lee",362,"FL","I.75",4,"SN","",0,0,"",0,"Lee","FL",NA,33.72,0,0
"1638","18.9%","Charlotte",335,"FL","I.75",5,"SN","",0,0,"",0,"Charlotte","FL",NA,21.65,0,0
"1639","18.9%","DeSoto",340,"FL","I.75",6,"SN","",0,0,"GE",0,"DeSoto","FL","0.22",0.25,0,0
"1640","18.9%","Sarasota",385,"FL","I.75",7,"SN","",0,0,"",0,"Sarasota","FL",NA,42.15,0,0
"1641","19.0%","Manatee",367,"FL","I.75",8,"SN","",0,0,"",0,"Manatee","FL",NA,20.48,0,0
"1642","19.0%","Hillsborough",355,"FL","I.75",9,"SN","",0,0,"",0,"Hillsborough","FL",NA,39.77,0,0
"1643","19.0%","Pasco",378,"FL","I.75",10,"SN","",0,0,"",0,"Pasco","FL",NA,20.5,0,0
"1644","19.0%","Hernando",353,"FL","I.75",11,"SN","",0,0,"",0,"Hernando","FL",NA,11.53,0,0
"1645","19.0%","Sumter",387,"FL","I.75",12,"SN","",0,0,"",0,"Sumter","FL",NA,29.08,0,0
"1646","19.0%","Marion",368,"FL","I.75",13,"SN","",0,0,"",0,"Marion","FL",NA,37.82,0,0
"1647","19.0%","Alachua",328,"FL","I.75",14,"SN","",0,0,"",0,"Alachua","FL",NA,34.82,0,0
"1648","19.0%","Columbia",339,"FL","I.75",15,"SN","",0,0,"",0,"Columbia","FL",NA,29.92,0,0
"1649","19.0%","Suwannee",388,"FL","I.75",16,"SN","",0,0,"GE",0,"Suwannee","FL","3.62",3.57,0,0
"1650","19.1%","Hamilton",350,"FL","I.75",17,"SN","",0,0,"",0,"Hamilton","FL",NA,28.41,0,0
"1651","19.1%","Lowndes",486,"GA","I.75",18,"SN","",0,0,"",0,"Lowndes","GA",NA,30.98,0,0
"1652","19.1%","Cook",431,"GA","I.75",19,"SN","",0,0,"",0,"Cook","GA",NA,21.08,0,0
"1653","19.1%","Tift",531,"GA","I.75",20,"SN","",0,0,"",0,"Tift","GA",NA,19.94,0,0
"1654","19.1%","Turner",536,"GA","I.75",21,"SN","",0,0,"",0,"Turner","GA",NA,16.58,0,0
"1655","19.1%","Crisp",434,"GA","I.75",22,"SN","",0,0,"",0,"Crisp","GA",NA,15.81,0,0
"1656","19.1%","Dooly",440,"GA","I.75",23,"SN","",0,0,"",0,"Dooly","GA",NA,18.26,0,0
"1657","19.1%","Houston",470,"GA","I.75",24,"SN","",0,0,"",0,"Houston","GA",NA,16.9,0,0
"1658","19.2%","Peach",505,"GA","I.75",25,"SN","",0,0,"",0,"Peach","GA",NA,11.09,0,0
"1659","19.2%","Crawford",433,"GA","I.75",26,"SN","",0,0,"",0,"Crawford","GA",NA,0.14,0,0
"1660","19.2%","Bibb",405,"GA","I.75",27,"SN","",0,0,"",0,"Bibb","GA",NA,21.31,0,0
"1661","19.2%","Monroe",496,"GA","I.75",28,"SN","",0,0,"",0,"Monroe","GA",NA,24.58,0,1
"1662","19.2%","Lamar",479,"GA","I.75",29,"SN","",0,0,"",0,"Lamar","GA",NA,2.66,0,0
"1663","19.2%","Butts",412,"GA","I.75",30,"SN","",0,0,"",0,"Butts","GA",NA,5.4,0,0
"1664","19.2%","Spalding",520,"GA","I.75",31,"SN","",0,0,"",0,"Spalding","GA",NA,1.87,0,0
"1665","19.2%","Henry",469,"GA","I.75",32,"SN","",0,0,"",0,"Henry","GA",NA,20.46,0,0
"1666","19.2%","Clayton",425,"GA","I.75",33,"SN","",0,0,"",0,"Clayton","GA",NA,10.74,0,0
"1667","19.3%","Fulton",454,"GA","I.75",34,"SN","",0,0,"",0,"Fulton","GA",NA,17.77,0,0
"1668","19.3%","Cobb",427,"GA","I.75",35,"SN","",0,0,"",0,"Cobb","GA",NA,17.7,0,0
"1669","19.3%","Cherokee",422,"GA","I.75",36,"SN","",0,0,"",0,"Cherokee","GA",NA,2.1,0,0
"1670","19.3%","Bartow",402,"GA","I.75",37,"SN","",0,0,"",0,"Bartow","GA",NA,29.78,0,0
"1671","19.3%","Gordon",458,"GA","I.75",38,"SN","",0,0,"",0,"Gordon","GA",NA,15.61,0,0
"1672","19.3%","Whitfield",549,"GA","I.75",39,"SN","",0,0,"",0,"Whitfield","GA",NA,18.53,0,0
"1673","19.3%","Catoosa",417,"GA","I.75",40,"SN","",0,0,"",0,"Catoosa","GA",NA,13.31,0,0
"1674","19.3%","Hamilton",2553,"TN","I.75",41,"SN","",0,0,"",0,"Hamilton","TN",NA,15.77,0,0
"1675","19.3%","Bradley",2526,"TN","I.75",42,"SN","",0,0,"",0,"Bradley","TN",NA,19.41,0,0
"1676","19.4%","McMinn",2579,"TN","I.75",43,"SN","",0,0,"",0,"McMinn","TN",NA,25.19,0,0
"1677","19.4%","Monroe",2582,"TN","I.75",44,"SN","Reentry from North",0,0,"",2002,"Monroe","TN",NA,6.07,0,1
"1678","19.4%","Loudon",2573,"TN","I.75",45,"SN","Reentry from North",0,0,"GE",2003,"Loudon","TN","0.10",0.1,0,0
"1679","19.4%","Monroe",2582,"TN","I.75",46,"SN","Reentry from South",0,0,"GE",3002,"Monroe","TN","0.49",0.49,0,1
"1680","19.4%","Loudon",2573,"TN","I.75",47,"SN","Reentry from South",0,0,"",3003,"Loudon","TN",NA,19.15,0,0
"1681","19.4%","Knox",2567,"TN","I.75",48,"SN","",0,0,"",0,"Knox","TN",NA,29.9,0,0
"1682","19.4%","Anderson",2521,"TN","I.75",49,"SN","",0,0,"",0,"Anderson","TN",NA,12.03,0,0
"1683","19.4%","Campbell",2527,"TN","I.75",50,"SN","",0,0,"",0,"Campbell","TN",NA,31.67,0,0
"1684","19.5%","Whitley",1119,"KY","I.75",51,"SN","",0,0,"",0,"Whitley","KY",NA,27.98,0,0
"1685","19.5%","Laurel",1064,"KY","I.75",52,"SN","",0,0,"",0,"Laurel","KY",NA,22.82,0,0
"1686","19.5%","Rockcastle",1103,"KY","I.75",53,"SN","",0,0,"",0,"Rockcastle","KY",NA,22.58,0,0
"1687","19.5%","Madison",1074,"KY","I.75",54,"SN","",0,0,"",0,"Madison","KY",NA,24.39,0,1
"1688","19.5%","Fayette",1035,"KY","I.75",55,"SN","",0,0,"",0,"Fayette","KY",NA,23.05,0,0
"1689","19.5%","Scott",1106,"KY","I.75",56,"SN","",0,0,"",0,"Scott","KY",NA,22.46,0,0
"1690","19.5%","Grant",1042,"KY","I.75",57,"SN","",0,0,"",0,"Grant","KY",NA,23.1,0,1
"1691","19.5%","Kenton",1060,"KY","I.75",58,"SN","Reentry from North",0,0,"",2001,"Kenton","KY",NA,8.2,0,0
"1692","19.5%","Boone",1009,"KY","I.75",59,"SN","",0,0,"",0,"Boone","KY",NA,14.05,0,0
"1693","19.6%","Kenton",1060,"KY","I.75",60,"SN","Reentry from South",0,0,"",3001,"Kenton","KY","3.10",3.1,0,0
"1694","19.6%","Hamilton",2088,"OH","I.75",61,"SN","",0,0,"",0,"Hamilton","OH",NA,17.53,0,0
"1695","19.6%","Butler",2066,"OH","I.75",62,"SN","",0,0,"",0,"Butler","OH",NA,11.29,0,0
"1696","19.6%","Warren",2140,"OH","I.75",63,"SN","",0,0,"",0,"Warren","OH",NA,12.3,0,0
"1697","19.6%","Montgomery",2114,"OH","I.75",64,"SN","",0,0,"",0,"Montgomery","OH",NA,24.46,0,0
"1698","19.6%","Miami",2112,"OH","I.75",65,"SN","",0,0,"",0,"Miami","OH",NA,20.01,0,0
"1699","19.6%","Shelby",2132,"OH","I.75",66,"SN","",0,0,"",0,"Shelby","OH",NA,20.63,1,0
"1700","19.6%","Auglaize",2063,"OH","I.75",67,"SN","",0,0,"",0,"Auglaize","OH",NA,12.58,0,0
"1701","19.6%","Allen",2059,"OH","I.75",68,"SN","",0,0,"",0,"Allen","OH",NA,23.17,0,0
"1702","19.7%","Hancock",2089,"OH","I.75",69,"SN","",0,0,"",0,"Hancock","OH",NA,25.31,0,0
"1703","19.7%","Wood",2144,"OH","I.75",70,"SN","",0,0,"",0,"Wood","OH",NA,33.02,0,0
"1704","19.7%","Lucas",2105,"OH","I.75",71,"SN","",0,0,"",0,"Lucas","OH",NA,11.87,0,0
"1705","19.7%","Monroe",1298,"MI","I.75",72,"SN","",0,0,"",0,"Monroe","MI",NA,26.91,0,1
"1706","19.7%","Wayne",1322,"MI","I.75",73,"SN","",0,0,"",0,"Wayne","MI",NA,32.37,0,0
"1707","19.7%","Oakland",1303,"MI","I.75",74,"SN","",0,0,"",0,"Oakland","MI",NA,46.43,0,0
"1708","19.7%","Genesee",1265,"MI","I.75",75,"SN","",0,0,"",0,"Genesee","MI",NA,27.92,0,0
"1709","19.7%","Saginaw",1313,"MI","I.75",76,"SN","",0,0,"",0,"Saginaw","MI",NA,23.55,0,0
"1710","19.8%","Bay",1249,"MI","I.75",77,"SN","",0,0,"",0,"Bay","MI",NA,28.38,0,0
"1711","19.8%","Arenac",1246,"MI","I.75",78,"SN","",0,0,"",0,"Arenac","MI",NA,19.49,0,0
"1712","19.8%","Ogemaw",1305,"MI","I.75",79,"SN","",0,0,"",0,"Ogemaw","MI",NA,15.32,1,0
"1713","19.8%","Roscommon",1312,"MI","I.75",80,"SN","",0,0,"",0,"Roscommon","MI",NA,23.58,0,0
"1714","19.8%","Crawford",1260,"MI","I.75",81,"SN","",0,0,"",0,"Crawford","MI",NA,25.19,0,0
"1715","19.8%","Otsego",1309,"MI","I.75",82,"SN","",0,0,"",0,"Otsego","MI",NA,25.82,1,0
"1716","19.8%","Cheboygan",1256,"MI","I.75",83,"SN","Reentry from North",0,0,"",2004,"Cheboygan","MI",NA,42.85,0,0
"1717","19.8%","Emmet",1264,"MI","I.75",84,"SN","",0,0,"",0,"Emmet","MI",NA,1.65,0,0
"1718","19.8%","Cheboygan",1256,"MI","I.75",85,"SN","Reentry from South; mostly on the bridge.",0,0,"",3004,"Cheboygan","MI","1.66",1.66,0,0
"1719","19.9%","Mackinac",1289,"MI","I.75",86,"SN","",0,0,"",0,"Mackinac","MI",NA,27.76,0,0
"1720","19.9%","Chippewa",1257,"MI","I.75",87,"SN","",0,0,"",0,"Chippewa","MI",NA,27.41,1,0
"1721","19.9%","Etowah",28,"AL","I.759",1,"WE","",0,0,"W",0,"Etowah","AL","4.54",4.36,0,0
"1722","19.9%","Jefferson",281,"CO","I.76.W",1,"WE","Reentry from East",0,0,"",2001,"Jefferson","CO",NA,0.87,0,1
"1723","19.9%","Denver",267,"CO","I.76.W",2,"WE","",0,0,"",0,"Denver","CO",NA,0.17,0,0
"1724","19.9%","Jefferson",281,"CO","I.76.W",3,"WE","Reentry from West",0,0,"",3001,"Jefferson","CO","0.62",0.62,0,1
"1725","19.9%","Adams",251,"CO","I.76.W",4,"WE","",0,0,"",0,"Adams","CO",NA,23.61,0,1
"1726","19.9%","Weld",313,"CO","I.76.W",5,"WE","",0,0,"",0,"Weld","CO",NA,35.69,0,0
"1727","19.9%","Morgan",295,"CO","I.76.W",6,"WE","",0,0,"",0,"Morgan","CO",NA,38.16,0,0
"1728","20.0%","Washington",312,"CO","I.76.W",7,"WE","",0,0,"",0,"Washington","CO",NA,10.66,0,1
"1729","20.0%","Logan",289,"CO","I.76.W",8,"WE","",0,0,"",0,"Logan","CO",NA,47.71,0,0
"1730","20.0%","Sedgwick",309,"CO","I.76.W",9,"WE","",0,0,"",0,"Sedgwick","CO",NA,26.7,0,0
"1731","20.0%","Deuel",1689,"NE","I.76.W",10,"WE","",0,0,"",0,"Deuel","NE",NA,3.02,0,0
"1732","20.0%","Medina",2109,"OH","I.76.E",1,"WE","",0,0,"",0,"Medina","OH",NA,11.7,0,0
"1733","20.0%","Summit",2134,"OH","I.76.E",2,"WE","",0,0,"",0,"Summit","OH",NA,17.9,0,0
"1734","20.0%","Portage",2124,"OH","I.76.E",3,"WE","",0,0,"",0,"Portage","OH",NA,21.1,0,0
"1735","20.0%","Mahoning",2107,"OH","I.76.E",4,"WE","",0,0,"",0,"Mahoning","OH",NA,30.7,0,0
"1736","20.1%","Lawrence",2295,"PA","I.76.E",5,"WE","",0,0,"",0,"Lawrence","PA",NA,8,0,0
"1737","20.1%","Beaver",2262,"PA","I.76.E",6,"WE","",0,0,"",0,"Beaver","PA",NA,16.3,0,0
"1738","20.1%","Butler",2268,"PA","I.76.E",7,"WE","",0,0,"",0,"Butler","PA",NA,4.4,0,0
"1739","20.1%","Allegheny",2260,"PA","I.76.E",8,"WE","",0,0,"",0,"Allegheny","PA",NA,30,0,0
"1740","20.1%","Westmoreland",2323,"PA","I.76.E",9,"WE","",0,0,"",0,"Westmoreland","PA",NA,41,0,0
"1741","20.1%","Somerset",2314,"PA","I.76.E",10,"WE","",0,0,"",0,"Somerset","PA",NA,30.1,0,0
"1742","20.1%","Bedford",2263,"PA","I.76.E",11,"WE","",0,0,"",0,"Bedford","PA",NA,35.3,0,0
"1743","20.1%","Fulton",2287,"PA","I.76.E",12,"WE","",0,0,"",0,"Fulton","PA",NA,19.5,0,0
"1744","20.1%","Huntingdon",2289,"PA","I.76.E",13,"WE","",0,0,"",0,"Huntingdon","PA",NA,2.6,0,0
"1745","20.2%","Franklin",2286,"PA","I.76.E",14,"WE","",0,0,"",0,"Franklin","PA",NA,14.8,0,0
"1746","20.2%","Cumberland",2279,"PA","I.76.E",15,"WE","",0,0,"",0,"Cumberland","PA",NA,37.65,0,0
"1747","20.2%","York",2325,"PA","I.76.E",16,"WE","",0,0,"",0,"York","PA",NA,6.25,0,0
"1748","20.2%","Dauphin",2280,"PA","I.76.E",17,"WE","",0,0,"",0,"Dauphin","PA",NA,12.94,0,0
"1749","20.2%","Lebanon",2296,"PA","I.76.E",18,"WE","",0,0,"",0,"Lebanon","PA",NA,5.92,0,0
"1750","20.2%","Lancaster",2294,"PA","I.76.E",19,"WE","",0,0,"",0,"Lancaster","PA",NA,30.28,0,0
"1751","20.2%","Berks",2264,"PA","I.76.E",20,"WE","",0,0,"",0,"Berks","PA",NA,4.67,0,0
"1752","20.2%","Chester",2273,"PA","I.76.E",21,"WE","",0,0,"",0,"Chester","PA",NA,25.8,0,0
"1753","20.2%","Montgomery",2304,"PA","I.76.E",22,"WE","",0,0,"",0,"Montgomery","PA",NA,13.32,0,0
"1754","20.3%","Philadelphia",2309,"PA","I.76.E",23,"WE","",0,0,"",0,"Philadelphia","PA",NA,11.68,0,0
"1755","20.3%","Camden",1788,"NJ","I.76.E",24,"WE","",0,0,"",0,"Camden","NJ",NA,3.15,0,0
"1756","20.3%","Lexington",2440,"SC","I.77",1,"SN","",0,0,"",0,"Lexington","SC",NA,2.76,0,0
"1757","20.3%","Richland",2448,"SC","I.77",2,"SN","",0,0,"",0,"Richland","SC",NA,26.22,0,0
"1758","20.3%","Fairfield",2428,"SC","I.77",3,"SN","",0,0,"",0,"Fairfield","SC",NA,21.35,0,0
"1759","20.3%","Chester",2420,"SC","I.77",4,"SN","",0,0,"",0,"Chester","SC",NA,19.01,0,0
"1760","20.3%","York",2454,"SC","I.77",5,"SN","",0,0,"",0,"York","SC",NA,21.4,0,0
"1761","20.3%","Mecklenburg",1960,"NC","I.77",6,"SN","",0,0,"",0,"Mecklenburg","NC",NA,30.41,0,0
"1762","20.4%","Iredell",1949,"NC","I.77",7,"SN","",0,0,"",0,"Iredell","NC",NA,38.64,0,0
"1763","20.4%","Yadkin",1999,"NC","I.77",8,"SN","",0,0,"",0,"Yadkin","NC",NA,13.78,0,0
"1764","20.4%","Surry",1986,"NC","I.77",9,"SN","",0,0,"",0,"Surry","NC",NA,23.09,0,0
"1765","20.4%","Carroll",2955,"VA","I.77",10,"SN","",0,0,"",0,"Carroll","VA",NA,24.15,0,0
"1766","20.4%","Wythe",3083,"VA","I.77",11,"SN","",0,0,"",0,"Wythe","VA",NA,22.16,0,0
"1767","20.4%","Bland",2946,"VA","I.77",12,"SN","",0,0,"",0,"Bland","VA",NA,21.05,0,0
"1768","20.4%","Mercer",3153,"WV","I.77",13,"SN","",0,0,"",0,"Mercer","WV",NA,27.23,0,0
"1769","20.4%","Raleigh",3166,"WV","I.77",14,"SN","",0,0,"",0,"Raleigh","WV",NA,25.17,0,0
"1770","20.4%","Fayette",3135,"WV","I.77",15,"SN","",0,0,"",0,"Fayette","WV",NA,14.41,0,0
"1771","20.5%","Kanawha",3145,"WV","I.77",16,"SN","",0,0,"",0,"Kanawha","WV",NA,50.32,0,0
"1772","20.5%","Jackson",3143,"WV","I.77",17,"SN","",0,0,"",0,"Jackson","WV",NA,39.61,0,1
"1773","20.5%","Wood",3179,"WV","I.77",18,"SN","",0,0,"",0,"Wood","WV",NA,30.3,0,0
"1774","20.5%","Washington",2141,"OH","I.77",19,"SN","",0,0,"",0,"Washington","OH",NA,17.66,0,1
"1775","20.5%","Noble",2118,"OH","I.77",20,"SN","",0,0,"",0,"Noble","OH",NA,18.93,1,0
"1776","20.5%","Guernsey",2087,"OH","I.77",21,"SN","",0,0,"",0,"Guernsey","OH",NA,23.52,0,0
"1777","20.5%","Tuscarawas",2136,"OH","I.77",22,"SN","",0,0,"",0,"Tuscarawas","OH",NA,35.13,0,0
"1778","20.5%","Stark",2133,"OH","I.77",23,"SN","",0,0,"",0,"Stark","OH",NA,18.62,0,0
"1779","20.5%","Summit",2134,"OH","I.77",24,"SN","",0,0,"",0,"Summit","OH",NA,33.63,0,0
"1780","20.6%","Cuyahoga",2075,"OH","I.77",25,"SN","",0,0,"",0,"Cuyahoga","OH",NA,16.25,0,0
"1781","20.6%","Lebanon",2296,"PA","I.78",1,"WE","",0,0,"",0,"Lebanon","PA",NA,7.59,0,0
"1782","20.6%","Berks",2264,"PA","I.78",2,"WE","",0,0,"",0,"Berks","PA",NA,35.15,0,0
"1783","20.6%","Lehigh",2297,"PA","I.78",3,"WE","",0,0,"",0,"Lehigh","PA",NA,19.15,0,0
"1784","20.6%","Northampton",2306,"PA","I.78",4,"WE","",0,0,"",0,"Northampton","PA",NA,14.54,0,0
"1785","20.6%","Warren",1805,"NJ","I.78",5,"WE","",0,0,"",0,"Warren","NJ",NA,7.02,0,0
"1786","20.6%","Hunterdon",1794,"NJ","I.78",6,"WE","",0,0,"",0,"Hunterdon","NJ",NA,19.47,0,0
"1787","20.6%","Somerset",1802,"NJ","I.78",7,"WE","",0,0,"",0,"Somerset","NJ",NA,15.88,0,0
"1788","20.7%","Union",1804,"NJ","I.78",8,"WE","Reentry from East",0,0,"",2001,"Union","NJ",NA,7.48,0,0
"1789","20.7%","Essex",1791,"NJ","I.78",9,"WE","Reentry from East",0,0,"",2002,"Essex","NJ","0.26",0.26,0,0
"1790","20.7%","Union",1804,"NJ","I.78",10,"WE","Reentry from West",0,0,"",3001,"Union","NJ","3.86",3.86,0,0
"1791","20.7%","Essex",1791,"NJ","I.78",11,"WE","Reentry from West",0,0,"",3002,"Essex","NJ",NA,6.31,0,0
"1792","20.7%","Hudson",1793,"NJ","I.78",12,"WE","",0,0,"",0,"Hudson","NJ",NA,7.27,0,0
"1793","20.7%","New York",1869,"NY","I.78",13,"WE","",0,0,"W",0,"New York","NY","0.50",1.1,0,0
"1794","20.7%","Solano",240,"CA","I.780",1,"WE","",0,0,"W",0,"Solano","CA","6.50",6.74,0,0
"1795","20.7%","Jefferson",1861,"NY","I.781",1,"WE","",0,0,"W",0,"Jefferson","NY","4.30",4.39,0,1
"1796","20.7%","Guilford",1941,"NC","I.785",1,"CCW","",0,0,"W",0,"Guilford","NC","6.81",7,0,0
"1797","20.8%","Albany",1839,"NY","I.787",1,"SN","",0,0,"W",0,"Albany","NY","9.55",9.75,0,0
"1798","20.8%","Rensselaer",1880,"NY","I.787",2,"SN","",0,0,"",0,"Rensselaer","NY",NA,0.36,0,0
"1799","20.8%","Kanawha",3145,"WV","I.79",1,"SN","",0,0,"",0,"Kanawha","WV",NA,21.5,0,0
"1800","20.8%","Roane",3169,"WV","I.79",2,"SN","",0,0,"",0,"Roane","WV",NA,14.62,0,0
"1801","20.8%","Clay",3133,"WV","I.79",3,"SN","",0,0,"",0,"Clay","WV",NA,8.44,1,0
"1802","20.8%","Braxton",3129,"WV","I.79",4,"SN","Reentry from North",0,0,"",2001,"Braxton","WV",NA,38.39,0,0
"1803","20.8%","Gilmer",3136,"WV","I.79",5,"SN","Reentry from North",0,0,"GE",2002,"Gilmer","WV","0.21",0.21,0,0
"1804","20.8%","Braxton",3129,"WV","I.79",6,"SN","Reentry from South",0,0,"GE",3001,"Braxton","WV","0.19",0.19,0,0
"1805","20.9%","Gilmer",3136,"WV","I.79",7,"SN","Reentry from South",0,0,"GE",3002,"Gilmer","WV","0.03",0.03,0,0
"1806","20.9%","Lewis",3146,"WV","I.79",8,"SN","",0,0,"",0,"Lewis","WV",NA,22.87,0,0
"1807","20.9%","Harrison",3142,"WV","I.79",9,"SN","",0,0,"",0,"Harrison","WV",NA,22.85,0,1
"1808","20.9%","Marion",3149,"WV","I.79",10,"SN","",0,0,"",0,"Marion","WV",NA,13.19,0,0
"1809","20.9%","Monongalia",3156,"WV","I.79",11,"SN","",0,0,"",0,"Monongalia","WV",NA,18.1,0,0
"1810","20.9%","Greene",2288,"PA","I.79",12,"SN","",0,0,"",0,"Greene","PA",NA,21.9,0,0
"1811","20.9%","Washington",2321,"PA","I.79",13,"SN","",0,0,"",0,"Washington","PA",NA,27.63,0,1
"1812","20.9%","Allegheny",2260,"PA","I.79",14,"SN","",0,0,"",0,"Allegheny","PA",NA,27.96,0,0
"1813","20.9%","Butler",2268,"PA","I.79",15,"SN","",0,0,"",0,"Butler","PA",NA,27.76,0,0
"1814","21.0%","Lawrence",2295,"PA","I.79",16,"SN","",0,0,"",0,"Lawrence","PA",NA,5.2,0,0
"1815","21.0%","Mercer",2301,"PA","I.79",17,"SN","",0,0,"",0,"Mercer","PA",NA,26.21,0,0
"1816","21.0%","Crawford",2278,"PA","I.79",18,"SN","",0,0,"",0,"Crawford","PA",NA,27.2,0,0
"1817","21.0%","Erie",2283,"PA","I.79",19,"SN","",0,0,"",0,"Erie","PA",NA,19.91,0,0
"1818","21.0%","Oneida",1871,"NY","I.790",1,"CCW","",0,0,"W",0,"Oneida","NY","2.41",2.24,0,0
"1819","21.0%","Milwaukee",3221,"WI","I.794",1,"CCW","",0,0,"W",0,"Milwaukee","WI","3.75",3.72,0,0
"1820","21.0%","St. Johns",382,"FL","I.795.FL",1,"SN","Unsigned",0,0,"",0,"St. Johns","FL",NA,2.21,0,0
"1821","21.0%","Duval",342,"FL","I.795.FL",2,"SN","Unsigned",0,0,"",0,"Duval","FL",NA,5.63,0,0
"1822","21.0%","Wayne",1996,"NC","I.795.NC",1,"SN","",0,0,"",0,"Wayne","NC",NA,13.36,0,0
"1823","21.1%","Wilson",1998,"NC","I.795.NC",2,"SN","",0,0,"",0,"Wilson","NC",NA,12.02,0,1
"1824","21.1%","Baltimore",1205,"MD","I.795.MD",1,"SN","",0,0,"W",0,"Baltimore","MD","8.99",9.01,0,0
"1825","21.1%","San Diego",229,"CA","I.8",1,"WE","Reentry from East",0,0,"",2005,"San Diego","CA",NA,76.09,0,0
"1826","21.1%","Imperial",205,"CA","I.8",2,"WE","Reentry from East",0,0,"",2006,"Imperial","CA",NA,93.37,0,0
"1827","21.1%","San Diego",229,"CA","I.8",3,"WE","Reentry",0,0,"GE",1005,"San Diego","CA","1.80",1.8,0,0
"1828","21.1%","Imperial",205,"CA","I.8",4,"WE","Reentry, eastbound only",0,0,"GE",1006,"Imperial","CA","0.27",0.27,0,0
"1829","21.1%","San Diego",229,"CA","I.8",5,"WE","Reentry, eastbound only",0,0,"GE",3005,"San Diego","CA","0.19",0.19,0,0
"1830","21.1%","Imperial",205,"CA","I.8",6,"WE","Reentry from West",0,0,"GE",3006,"Imperial","CA","0.39",0.39,0,0
"1831","21.2%","Yuma",117,"AZ","I.8",7,"WE","",0,0,"",0,"Yuma","AZ",NA,79.8,0,0
"1832","21.2%","Maricopa",110,"AZ","I.8",8,"WE","",0,0,"",0,"Maricopa","AZ",NA,67.91,0,0
"1833","21.2%","Pinal",114,"AZ","I.8",9,"WE","",0,0,"",0,"Pinal","AZ",NA,30.41,0,0
"1834","21.2%","San Francisco",230,"CA","I.80",1,"WE","",0,0,"",0,"San Francisco","CA",NA,4.61,0,0
"1835","21.2%","Alameda",193,"CA","I.80",2,"WE","",0,0,"",0,"Alameda","CA",NA,8.07,0,0
"1836","21.2%","Contra Costa",199,"CA","I.80",3,"WE","",0,0,"",0,"Contra Costa","CA",NA,14.14,0,0
"1837","21.2%","Solano",240,"CA","I.80",4,"WE","Reentry from East",0,0,"",2001,"Solano","CA","6.79",6.79,0,0
"1838","21.2%","Napa",220,"CA","I.80",5,"WE","",0,0,"",0,"Napa","CA",NA,1.18,1,0
"1839","21.2%","Solano",240,"CA","I.80",6,"WE","Reentry from West",0,0,"",3001,"Solano","CA",NA,36.43,0,0
"1840","21.3%","Yolo",249,"CA","I.80",7,"WE","",0,0,"",0,"Yolo","CA",NA,11.64,0,0
"1841","21.3%","Sacramento",226,"CA","I.80",8,"WE","",0,0,"",0,"Sacramento","CA",NA,17.44,0,0
"1842","21.3%","Placer",223,"CA","I.80",9,"WE","Reentry from East",0,0,"",2002,"Placer","CA",NA,58.41,0,0
"1843","21.3%","Nevada",221,"CA","I.80",10,"WE","Reentry from East",0,0,"",2003,"Nevada","CA","4.11",4.11,0,0
"1844","21.3%","Placer",223,"CA","I.80",11,"WE","Reentry from West",0,0,"",3002,"Placer","CA","6.99",6.99,0,0
"1845","21.3%","Nevada",221,"CA","I.80",12,"WE","Reentry from West",0,0,"",3003,"Nevada","CA",NA,30.86,0,0
"1846","21.3%","Sierra",238,"CA","I.80",13,"WE","",0,0,"",0,"Sierra","CA",NA,1.67,0,0
"1847","21.3%","Washoe",1772,"NV","I.80",14,"WE","",0,0,"",0,"Washoe","NV",NA,42.98,0,0
"1848","21.3%","Storey",1771,"NV","I.80",15,"WE","",0,0,"",0,"Storey","NV",NA,1.9,1,0
"1849","21.4%","Lyon",1767,"NV","I.80",16,"WE","",0,0,"",0,"Lyon","NV",NA,15.55,0,0
"1850","21.4%","Churchill",1758,"NV","I.80",17,"WE","",0,0,"",0,"Churchill","NV",NA,27.78,0,0
"1851","21.4%","Pershing",1770,"NV","I.80",18,"WE","",0,0,"",0,"Pershing","NV",NA,74.92,0,0
"1852","21.4%","Humboldt",1764,"NV","I.80",19,"WE","",0,0,"",0,"Humboldt","NV",NA,61.35,0,0
"1853","21.4%","Lander",1765,"NV","I.80",20,"WE","",0,0,"",0,"Lander","NV",NA,26.79,0,0
"1854","21.4%","Eureka",1763,"NV","I.80",21,"WE","",0,0,"",0,"Eureka","NV",NA,25.75,0,0
"1855","21.4%","Elko",1761,"NV","I.80",22,"WE","",0,0,"",0,"Elko","NV",NA,132.48,0,0
"1856","21.4%","Tooele",2903,"UT","I.80",23,"WE","",0,0,"",0,"Tooele","UT",NA,101.65,1,0
"1857","21.5%","Salt Lake",2898,"UT","I.80",24,"WE","",0,0,"",0,"Salt Lake","UT",NA,37.32,0,0
"1858","21.5%","Summit",2902,"UT","I.80",25,"WE","",0,0,"",0,"Summit","UT",NA,57.83,0,0
"1859","21.5%","Uinta",3273,"WY","I.80",26,"WE","",0,0,"",0,"Uinta","WY",NA,56.96,0,0
"1860","21.5%","Sweetwater",3271,"WY","I.80",27,"WE","",0,0,"",0,"Sweetwater","WY",NA,141.77,0,0
"1861","21.5%","Carbon",3256,"WY","I.80",28,"WE","",0,0,"",0,"Carbon","WY",NA,81.71,0,0
"1862","21.5%","Albany",3253,"WY","I.80",29,"WE","",0,0,"",0,"Albany","WY",NA,55.73,0,0
"1863","21.5%","Laramie",3263,"WY","I.80",30,"WE","",0,0,"",0,"Laramie","WY",NA,66.15,0,0
"1864","21.5%","Kimball",1717,"NE","I.80",31,"WE","",0,0,"",0,"Kimball","NE",NA,35.71,0,0
"1865","21.5%","Cheyenne",1681,"NE","I.80",32,"WE","",0,0,"",0,"Cheyenne","NE",NA,41.9,0,0
"1866","21.6%","Deuel",1689,"NE","I.80",33,"WE","",0,0,"",0,"Deuel","NE",NA,30.54,0,0
"1867","21.6%","Keith",1715,"NE","I.80",34,"WE","",0,0,"",0,"Keith","NE",NA,41.93,0,0
"1868","21.6%","Lincoln",1720,"NE","I.80",35,"WE","",0,0,"",0,"Lincoln","NE",NA,58.04,0,1
"1869","21.6%","Dawson",1688,"NE","I.80",36,"WE","",0,0,"",0,"Dawson","NE",NA,46.9,0,0
"1870","21.6%","Buffalo",1674,"NE","I.80",37,"WE","",0,0,"",0,"Buffalo","NE",NA,37.31,0,0
"1871","21.6%","Hall",1704,"NE","I.80",38,"WE","",0,0,"",0,"Hall","NE",NA,24.82,0,0
"1872","21.6%","Hamilton",1705,"NE","I.80",39,"WE","",0,0,"",0,"Hamilton","NE",NA,23.96,0,0
"1873","21.6%","York",1757,"NE","I.80",40,"WE","",0,0,"",0,"York","NE",NA,23.99,0,0
"1874","21.6%","Seward",1744,"NE","I.80",41,"WE","",0,0,"",0,"Seward","NE",NA,24.01,0,0
"1875","21.7%","Lancaster",1719,"NE","I.80",42,"WE","",0,0,"",0,"Lancaster","NE",NA,26.49,0,0
"1876","21.7%","Cass",1677,"NE","I.80",43,"WE","",0,0,"",0,"Cass","NE",NA,11.62,0,0
"1877","21.7%","Sarpy",1741,"NE","I.80",44,"WE","",0,0,"",0,"Sarpy","NE",NA,16.22,0,0
"1878","21.7%","Douglas",1692,"NE","I.80",45,"WE","",0,0,"",0,"Douglas","NE",NA,11.87,0,0
"1879","21.7%","Pottawattamie",875,"IA","I.80",46,"WE","",0,0,"",0,"Pottawattamie","IA",NA,49.5,0,0
"1880","21.7%","Cass",812,"IA","I.80",47,"WE","",0,0,"",0,"Cass","IA",NA,23.62,0,0
"1881","21.7%","Adair",798,"IA","I.80",48,"WE","",0,0,"",0,"Adair","IA",NA,23.93,0,0
"1882","21.7%","Madison",858,"IA","I.80",49,"WE","",0,0,"",0,"Madison","IA",NA,1.96,0,1
"1883","21.8%","Dallas",822,"IA","I.80",50,"WE","",0,0,"",0,"Dallas","IA",NA,23.18,0,0
"1884","21.8%","Polk",874,"IA","I.80",51,"WE","",0,0,"",0,"Polk","IA",NA,28.54,0,1
"1885","21.8%","Jasper",847,"IA","I.80",52,"WE","",0,0,"",0,"Jasper","IA",NA,30.72,0,0
"1886","21.8%","Poweshiek",876,"IA","I.80",53,"WE","",0,0,"",0,"Poweshiek","IA",NA,24.14,0,0
"1887","21.8%","Iowa",845,"IA","I.80",54,"WE","",0,0,"",0,"Iowa","IA",NA,24.11,0,0
"1888","21.8%","Johnson",849,"IA","I.80",55,"WE","",0,0,"",0,"Johnson","IA",NA,24.65,0,1
"1889","21.8%","Cedar",813,"IA","I.80",56,"WE","",0,0,"",0,"Cedar","IA",NA,24.46,0,0
"1890","21.8%","Scott",879,"IA","I.80",57,"WE","",0,0,"",0,"Scott","IA",NA,28.68,0,0
"1891","21.8%","Rock Island",684,"IL","I.80",58,"WE","",0,0,"",0,"Rock Island","IL",NA,5.14,0,0
"1892","21.9%","Henry",640,"IL","I.80",59,"WE","",0,0,"",0,"Henry","IL",NA,31.12,0,0
"1893","21.9%","Bureau",609,"IL","I.80",60,"WE","",0,0,"",0,"Bureau","IL",NA,36.97,0,0
"1894","21.9%","LaSalle",653,"IL","I.80",61,"WE","",0,0,"",0,"LaSalle","IL",NA,29.94,0,0
"1895","21.9%","Grundy",635,"IL","I.80",62,"WE","",0,0,"",0,"Grundy","IL",NA,18.56,0,0
"1896","21.9%","Kendall",650,"IL","I.80",63,"WE","Abuts, to the North, 2.41 mi. shared with Grundy",0,0,"",0,"Kendall","IL","2.41",1.21,0,0
"1897","21.9%","Will",702,"IL","I.80",64,"WE","",0,0,"",0,"Will","IL",NA,26.17,0,0
"1898","21.9%","Cook",619,"IL","I.80",65,"WE","",0,0,"",0,"Cook","IL",NA,14.53,0,0
"1899","21.9%","Lake",750,"IN","I.80",66,"WE","",0,0,"",0,"Lake","IN",NA,16.82,0,0
"1900","21.9%","Porter",769,"IN","I.80",67,"WE","",0,0,"",0,"Porter","IN",NA,15.76,0,0
"1901","22.0%","LaPorte",751,"IN","I.80",68,"WE","",0,0,"",0,"LaPorte","IN",NA,24.65,0,0
"1902","22.0%","St. Joseph",776,"IN","I.80",69,"WE","",0,0,"",0,"St. Joseph","IN",NA,25.17,0,0
"1903","22.0%","Elkhart",725,"IN","I.80",70,"WE","",0,0,"",0,"Elkhart","IN",NA,21.27,0,0
"1904","22.0%","LaGrange",749,"IN","I.80",71,"WE","",0,0,"",0,"LaGrange","IN",NA,24.74,0,0
"1905","22.0%","Steuben",781,"IN","I.80",72,"WE","",0,0,"",0,"Steuben","IN",NA,23.57,0,0
"1906","22.0%","Williams",2143,"OH","I.80",73,"WE","",0,0,"",0,"Williams","OH",NA,22.1,0,0
"1907","22.0%","Fulton",2083,"OH","I.80",74,"WE","",0,0,"",0,"Fulton","OH",NA,26.15,0,0
"1908","22.0%","Lucas",2105,"OH","I.80",75,"WE","",0,0,"",0,"Lucas","OH",NA,14.51,0,0
"1909","22.1%","Wood",2144,"OH","I.80",76,"WE","",0,0,"",0,"Wood","OH",NA,11.1,0,0
"1910","22.1%","Ottawa",2119,"OH","I.80",77,"WE","Reentry from East",0,0,"",2004,"Ottawa","OH","1.39",1.39,0,0
"1911","22.1%","Sandusky",2129,"OH","I.80",78,"WE","Reentry from East",0,0,"",2005,"Sandusky","OH","3.19",3.19,0,0
"1912","22.1%","Ottawa",2119,"OH","I.80",79,"WE","Reentry from West",0,0,"",3004,"Ottawa","OH",NA,3.12,0,0
"1913","22.1%","Sandusky",2129,"OH","I.80",80,"WE","Reentry from West",0,0,"",3005,"Sandusky","OH",NA,24.02,0,0
"1914","22.1%","Erie",2079,"OH","I.80",81,"WE","",0,0,"",0,"Erie","OH",NA,26.24,0,0
"1915","22.1%","Lorain",2104,"OH","I.80",82,"WE","",0,0,"",0,"Lorain","OH",NA,20.73,0,0
"1916","22.1%","Cuyahoga",2075,"OH","I.80",83,"WE","",0,0,"",0,"Cuyahoga","OH",NA,18.7,0,0
"1917","22.1%","Summit",2134,"OH","I.80",84,"WE","",0,0,"",0,"Summit","OH",NA,13.56,0,0
"1918","22.2%","Portage",2124,"OH","I.80",85,"WE","",0,0,"",0,"Portage","OH",NA,20.23,0,0
"1919","22.2%","Trumbull",2135,"OH","I.80",86,"WE","Reentry from East",0,0,"",2006,"Trumbull","OH","10.70",10.7,0,0
"1920","22.2%","Mahoning",2107,"OH","I.80",87,"WE","",0,0,"",0,"Mahoning","OH",NA,8.09,0,0
"1921","22.2%","Trumbull",2135,"OH","I.80",88,"WE","Reentry from West",0,0,"",3006,"Trumbull","OH",NA,12.23,0,0
"1922","22.2%","Mercer",2301,"PA","I.80",89,"WE","",0,0,"",0,"Mercer","PA",NA,27.6,0,0
"1923","22.2%","Venango",2319,"PA","I.80",90,"WE","Reentry from East",0,0,"",2007,"Venango","PA",NA,14.98,0,0
"1924","22.2%","Butler",2268,"PA","I.80",91,"WE","",0,0,"",0,"Butler","PA",NA,1.78,0,0
"1925","22.2%","Venango",2319,"PA","I.80",92,"WE","Reentry",0,0,"",1007,"Venango","PA","0.10",0.1,0,0
"1926","22.2%","Clarion",2274,"PA","I.80",93,"WE","Reentry from East",0,0,"",2008,"Clarion","PA","1.53",1.53,0,0
"1927","22.3%","Venango",2319,"PA","I.80",94,"WE","Reentry from West",0,0,"",3007,"Venango","PA","0.26",0.26,0,0
"1928","22.3%","Clarion",2274,"PA","I.80",95,"WE","Reentry from West",0,0,"",3008,"Clarion","PA",NA,26.15,0,0
"1929","22.3%","Jefferson",2291,"PA","I.80",96,"WE","",0,0,"",0,"Jefferson","PA",NA,23.64,0,1
"1930","22.3%","Clearfield",2275,"PA","I.80",97,"WE","",0,0,"",0,"Clearfield","PA",NA,41.55,0,0
"1931","22.3%","Centre",2272,"PA","I.80",98,"WE","",0,0,"",0,"Centre","PA",NA,32.51,0,0
"1932","22.3%","Clinton",2276,"PA","I.80",99,"WE","",0,0,"",0,"Clinton","PA",NA,23.82,0,1
"1933","22.3%","Union",2318,"PA","I.80",100,"WE","",0,0,"",0,"Union","PA",NA,16.17,0,0
"1934","22.3%","Northumberland",2307,"PA","I.80",101,"WE","",0,0,"",0,"Northumberland","PA",NA,5.4,0,0
"1935","22.4%","Montour",2305,"PA","I.80",102,"WE","",0,0,"",0,"Montour","PA",NA,11.62,0,0
"1936","22.4%","Columbia",2277,"PA","I.80",103,"WE","",0,0,"",0,"Columbia","PA",NA,19.03,0,0
"1937","22.4%","Luzerne",2298,"PA","I.80",104,"WE","",0,0,"",0,"Luzerne","PA",NA,25.41,0,0
"1938","22.4%","Carbon",2271,"PA","I.80",105,"WE","",0,0,"",0,"Carbon","PA",NA,10.12,0,0
"1939","22.4%","Monroe",2303,"PA","I.80",106,"WE","",0,0,"",0,"Monroe","PA",NA,28.02,0,1
"1940","22.4%","Warren",1805,"NJ","I.80",107,"WE","Reentry from East",0,0,"",2010,"Warren","NJ",NA,21.66,0,0
"1941","22.4%","Sussex",1803,"NJ","I.80",108,"WE","Reentry from East, westbound lanes only",0,0,"",1009,"Sussex","NJ","0.34",0.34,0,0
"1942","22.4%","Warren",1805,"NJ","I.80",109,"WE","Reentry from West",0,0,"",3010,"Warren","NJ","0.57",0.57,0,0
"1943","22.4%","Sussex",1803,"NJ","I.80",110,"WE","",0,0,"",9,"Sussex","NJ",NA,0.48,0,0
"1944","22.5%","Morris",1798,"NJ","I.80",111,"WE","",0,0,"",0,"Morris","NJ",NA,24.98,0,0
"1945","22.5%","Essex",1791,"NJ","I.80",112,"WE","",0,0,"",0,"Essex","NJ",NA,4.43,0,0
"1946","22.5%","Passaic",1800,"NJ","I.80",113,"WE","",0,0,"",0,"Passaic","NJ",NA,7.54,0,0
"1947","22.5%","Bergen",1786,"NJ","I.80",114,"WE","",0,0,"",0,"Bergen","NJ",NA,7.47,0,0
"1948","22.5%","San Diego",229,"CA","I.805",1,"SN","",0,0,"W",0,"San Diego","CA","28.02",29.08,0,0
"1949","22.5%","Jefferson",2565,"TN","I.81",1,"SN","",0,0,"",0,"Jefferson","TN",NA,7.65,0,1
"1950","22.5%","Hamblen",2552,"TN","I.81",2,"SN","",0,0,"",0,"Hamblen","TN",NA,9.97,0,0
"1951","22.5%","Greene",2550,"TN","I.81",3,"SN","",0,0,"",0,"Greene","TN",NA,32.29,0,0
"1952","22.5%","Washington",2610,"TN","I.81",4,"SN","",0,0,"",0,"Washington","TN",NA,3.97,0,1
"1953","22.6%","Sullivan",2602,"TN","I.81",5,"SN","",0,0,"",0,"Sullivan","TN",NA,22.23,0,0
"1954","22.6%","Washington",3076,"VA","I.81",6,"SN","Reentry from North",12,1,"",2001,"Washington","VA","0.67",0.67,0,1
"1955","22.6%","Bristol, City of",3078,"VA","I.81",7,"SN","",12,0,"",0,"Bristol, City of","VA",NA,7.5,0,0
"1956","22.6%","Washington",3076,"VA","I.81",8,"SN","Reentry from South",12,1,"",3001,"Washington","VA",NA,26.31,0,1
"1957","22.6%","Smyth",3062,"VA","I.81",9,"SN","",0,0,"",0,"Smyth","VA",NA,23.27,0,0
"1958","22.6%","Wythe",3083,"VA","I.81",10,"SN","",0,0,"",0,"Wythe","VA",NA,29.9,0,0
"1959","22.6%","Pulaski",3045,"VA","I.81",11,"SN","",0,0,"",0,"Pulaski","VA",NA,17.69,0,0
"1960","22.6%","Montgomery",3020,"VA","I.81",12,"SN","",0,0,"",0,"Montgomery","VA",NA,25.46,0,0
"1961","22.7%","Radford, City of",3022,"VA","I.81",13,"SN","Abuts, to the West, 1 mi. shared with Montgomery",0,0,"",0,"Radford, City of","VA","1.00",0.5,0,0
"1962","22.7%","Roanoke",3048,"VA","I.81",14,"SN","",21,1,"",0,"Roanoke","VA",NA,14.49,0,0
"1963","22.7%","Salem, City of",3051,"VA","I.81",15,"SN","",0,0,"",0,"Salem, City of","VA",NA,4.1,0,0
"1964","22.7%","Botetourt",2947,"VA","I.81",16,"SN","",0,0,"",0,"Botetourt","VA",NA,26.98,0,0
"1965","22.7%","Rockbridge",3052,"VA","I.81",17,"SN","",0,0,"",0,"Rockbridge","VA",NA,31.9,0,0
"1966","22.7%","Augusta",2940,"VA","I.81",18,"SN","",8,1,"",0,"Augusta","VA",NA,31.79,0,0
"1967","22.7%","Rockingham",3056,"VA","I.81",19,"SN","Reentry from North",23,1,"",2002,"Rockingham","VA","5.52",5.52,0,0
"1968","22.7%","Harrisonburg, City of",3058,"VA","I.81",20,"SN","",23,0,"",0,"Harrisonburg, City of","VA",NA,6.5,0,0
"1969","22.7%","Rockingham",3056,"VA","I.81",21,"SN","Reentry from South",23,1,"",3002,"Rockingham","VA",NA,15.27,0,0
"1970","22.8%","Shenandoah",3061,"VA","I.81",22,"SN","",0,0,"",0,"Shenandoah","VA",NA,35.38,0,0
"1971","22.8%","Warren",3075,"VA","I.81",23,"SN","",0,0,"",0,"Warren","VA",NA,1.31,0,0
"1972","22.8%","Frederick",2983,"VA","I.81",24,"SN","Reentry from North",11,1,"",2003,"Frederick","VA","10.70",10.7,0,0
"1973","22.8%","Winchester, City of",2985,"VA","I.81",25,"SN","Abuts, to the West, 4.47 mi. shared with Frederick",11,0,"",0,"Winchester, City of","VA","4.47",2.24,0,0
"1974","22.8%","Frederick",2983,"VA","I.81",26,"SN","Reentry from South",11,1,"",3003,"Frederick","VA",NA,15.54,0,0
"1975","22.8%","Berkeley",3127,"WV","I.81",27,"SN","",0,0,"W",0,"Berkeley","WV","26.00",26.2,0,0
"1976","22.8%","Washington",1224,"MD","I.81",28,"SN","",0,0,"W",0,"Washington","MD","12.08",12.08,0,1
"1977","22.8%","Franklin",2286,"PA","I.81",29,"SN","",0,0,"",0,"Franklin","PA",NA,26.07,0,0
"1978","22.8%","Cumberland",2279,"PA","I.81",30,"SN","",0,0,"",0,"Cumberland","PA",NA,39.41,0,0
"1979","22.9%","Dauphin",2280,"PA","I.81",31,"SN","",0,0,"",0,"Dauphin","PA",NA,16.39,0,0
"1980","22.9%","Lebanon",2296,"PA","I.81",32,"SN","",0,0,"",0,"Lebanon","PA",NA,15.29,0,0
"1981","22.9%","Schuylkill",2312,"PA","I.81",33,"SN","",0,0,"",0,"Schuylkill","PA",NA,42.94,0,0
"1982","22.9%","Luzerne",2298,"PA","I.81",34,"SN","",0,0,"",0,"Luzerne","PA",NA,39.33,0,0
"1983","22.9%","Lackawanna",2293,"PA","I.81",35,"SN","",0,0,"",0,"Lackawanna","PA",NA,26.77,0,0
"1984","22.9%","Susquehanna",2316,"PA","I.81",36,"SN","",0,0,"",0,"Susquehanna","PA",NA,27.38,0,0
"1985","22.9%","Broome",1842,"NY","I.81",37,"SN","",0,0,"",0,"Broome","NY",NA,35.88,0,0
"1986","22.9%","Cortland",1850,"NY","I.81",38,"SN","",0,0,"",0,"Cortland","NY",NA,29.5,0,0
"1987","23.0%","Onondaga",1872,"NY","I.81",39,"SN","",0,0,"",0,"Onondaga","NY",NA,34.46,0,0
"1988","23.0%","Oswego",1876,"NY","I.81",40,"SN","",0,0,"",0,"Oswego","NY",NA,31.16,0,0
"1989","23.0%","Jefferson",1861,"NY","I.81",41,"SN","",0,0,"",0,"Jefferson","NY",NA,53.84,0,1
"1990","23.0%","Kittitas",3105,"WA","I.82",1,"WE","",0,0,"",0,"Kittitas","WA",NA,19.41,0,0
"1991","23.0%","Yakima",3125,"WA","I.82",2,"WE","",0,0,"",0,"Yakima","WA",NA,55.26,0,0
"1992","23.0%","Benton",3089,"WA","I.82",3,"WE","",0,0,"",0,"Benton","WA",NA,57.03,0,0
"1993","23.0%","Umatilla",2252,"OR","I.82",4,"WE","",0,0,"W",0,"Umatilla","OR","11.10",10.4,0,0
"1994","23.0%","Tarrant",2835,"TX","I.820",1,"CCW","",0,0,"",0,"Tarrant","TX","35.17",35.74,0,0
"1995","23.0%","Baltimore, City of",1206,"MD","I.83",1,"SN","",9,1,"",0,"Baltimore City","MD",NA,6.63,0,0
"1996","23.1%","Baltimore",1205,"MD","I.83",2,"SN","",9,1,"",0,"Baltimore","MD",NA,27.7,0,0
"1997","23.1%","York",2325,"PA","I.83",3,"SN","",9,1,"",0,"York","PA",NA,39.56,0,0
"1998","23.1%","Cumberland",2279,"PA","I.83",4,"SN","",9,1,"",0,"Cumberland","PA",NA,2.47,0,0
"1999","23.1%","Dauphin",2280,"PA","I.83",5,"SN","",9,1,"",0,"Dauphin","PA",NA,7.87,0,0
"2000","23.1%","Multnomah",2248,"OR","I.84.W",1,"WE","",0,0,"",0,"Multnomah","OR",NA,38.95,0,0
"2001","23.1%","Hood River",2236,"OR","I.84.W",2,"WE","",0,0,"",0,"Hood River","OR",NA,25.47,0,0
"2002","23.1%","Wasco",2255,"OR","I.84.W",3,"WE","",0,0,"",0,"Wasco","OR",NA,32.05,0,0
"2003","23.1%","Sherman",2250,"OR","I.84.W",4,"WE","",0,0,"",0,"Sherman","OR",NA,14.63,0,0
"2004","23.1%","Gilliam",2233,"OR","I.84.W",5,"WE","",0,0,"",0,"Gilliam","OR",NA,34.75,0,0
"2005","23.2%","Morrow",2247,"OR","I.84.W",6,"WE","",0,0,"",0,"Morrow","OR",NA,27.66,0,0
"2006","23.2%","Umatilla",2252,"OR","I.84.W",7,"WE","",0,0,"",0,"Umatilla","OR",NA,66.45,0,0
"2007","23.2%","Union",2253,"OR","I.84.W",8,"WE","",0,0,"",0,"Union","OR",NA,42.25,0,0
"2008","23.2%","Baker",2223,"OR","I.84.W",9,"WE","",0,0,"",0,"Baker","OR",NA,65.92,0,0
"2009","23.2%","Malheur",2245,"OR","I.84.W",10,"WE","",0,0,"",0,"Malheur","OR",NA,26.1,0,0
"2010","23.2%","Payette",597,"ID","I.84.W",11,"WE","",0,0,"",0,"Payette","ID",NA,17.31,0,0
"2011","23.2%","Canyon",573,"ID","I.84.W",12,"WE","",0,0,"",0,"Canyon","ID",NA,22.77,0,0
"2012","23.2%","Ada",560,"ID","I.84.W",13,"WE","",0,0,"",0,"Ada","ID",NA,32.58,0,0
"2013","23.3%","Elmore",579,"ID","I.84.W",14,"WE","",0,0,"",0,"Elmore","ID",NA,59.7,0,0
"2014","23.3%","Gooding",583,"ID","I.84.W",15,"WE","",0,0,"",0,"Gooding","ID",NA,29.05,0,0
"2015","23.3%","Jerome",586,"ID","I.84.W",16,"WE","",0,0,"",0,"Jerome","ID",NA,39.15,0,0
"2016","23.3%","Minidoka",593,"ID","I.84.W",17,"WE","",0,0,"",0,"Minidoka","ID",NA,15.45,0,0
"2017","23.3%","Cassia",575,"ID","I.84.W",18,"WE","",0,0,"",0,"Cassia","ID",NA,45.17,0,0
"2018","23.3%","Oneida",595,"ID","I.84.W",19,"WE","",0,0,"",0,"Oneida","ID",NA,14.54,0,0
"2019","23.3%","Box Elder",2882,"UT","I.84.W",20,"WE","",0,0,"",0,"Box Elder","UT",NA,69.97,0,0
"2020","23.3%","Weber",2909,"UT","I.84.W",21,"WE","",0,0,"",0,"Weber","UT",NA,16.12,0,0
"2021","23.3%","Davis",2886,"UT","I.84.W",22,"WE","",0,0,"",0,"Davis","UT",NA,5.07,0,0
"2022","23.4%","Morgan",2895,"UT","I.84.W",23,"WE","",0,0,"",0,"Morgan","UT",NA,21.23,1,0
"2023","23.4%","Summit",2902,"UT","I.84.W",24,"WE","",0,0,"",0,"Summit","UT",NA,7.39,0,0
"2024","23.4%","Lackawanna",2293,"PA","I.84.E",1,"WE","",0,0,"",0,"Lackawanna","PA",NA,12.29,0,0
"2025","23.4%","Wayne",2322,"PA","I.84.E",2,"WE","",0,0,"",0,"Wayne","PA",NA,6.33,0,0
"2026","23.4%","Pike",2310,"PA","I.84.E",3,"WE","",0,0,"",0,"Pike","PA",NA,34.95,0,0
"2027","23.4%","Orange",1874,"NY","I.84.E",4,"WE","",0,0,"",0,"Orange","NY",NA,40.12,0,0
"2028","23.4%","Dutchess",1852,"NY","I.84.E",5,"WE","",0,0,"",0,"Dutchess","NY",NA,18.07,0,0
"2029","23.4%","Putnam",1878,"NY","I.84.E",6,"WE","",0,0,"",0,"Putnam","NY",NA,12.9,0,0
"2030","23.4%","Western Connecticut",323,"CT","I.84.E",7,"WE","",0,0,"",0,"Western Connecticut","CT",NA,18.47,0,0
"2031","23.5%","Naugatuck Valley",318,"CT","I.84.E",8,"WE","",0,0,"",0,"Naugatuck Valley","CT",NA,21.92,0,0
"2032","23.5%","Capitol",315,"CT","I.84.E",9,"WE","",0,0,"",0,"Capitol","CT",NA,50.17,0,0
"2033","23.5%","Northeastern Connecticut",319,"CT","I.84.E",10,"WE","",0,0,"",0,"Northeastern Connecticut","CT",NA,7.56,0,0
"2034","23.5%","Hampden",1233,"MA","I.84.E",11,"WE","",0,0,"GE",0,"Hampden","MA","0.10",0.05,0,0
"2035","23.5%","Worcester",1240,"MA","I.84.E",12,"WE","",0,0,"GE",0,"Worcester","MA","7.89",7.79,0,0
"2036","23.5%","Dickson",2542,"TN","I.840.TN",1,"CCW","",0,0,"",0,"Dickson","TN",NA,4.99,0,0
"2037","23.5%","Hickman",2561,"TN","I.840.TN",2,"CCW","",0,0,"",0,"Hickman","TN",NA,1.37,0,0
"2038","23.5%","Williamson",2614,"TN","I.840.TN",3,"CCW","",0,0,"",0,"Williamson","TN",NA,39.21,0,0
"2039","23.6%","Rutherford",2595,"TN","I.840.TN",4,"CCW","",0,0,"",0,"Rutherford","TN",NA,20.53,0,0
"2040","23.6%","Wilson",2615,"TN","I.840.TN",5,"CCW","",0,0,"",0,"Wilson","TN",NA,10.64,0,1
"2041","23.6%","Guilford",1941,"NC","I.840.NC",1,"CCW","",0,0,"W",0,"Guilford","NC","21.90",22.43,0,0
"2042","23.6%","Montgomery",51,"AL","I.85",1,"SN","",0,0,"",0,"Montgomery","AL",NA,19.18,0,0
"2043","23.6%","Macon",44,"AL","I.85",2,"SN","",0,0,"",0,"Macon","AL",NA,29,0,0
"2044","23.6%","Lee",41,"AL","I.85",3,"SN","Reentry from North",0,0,"",2001,"Lee","AL",NA,21.98,0,0
"2045","23.6%","Chambers",9,"AL","I.85",4,"SN","Reentry from North",0,0,"GE",2002,"Chambers","AL","0.88",0.88,0,0
"2046","23.6%","Lee",41,"AL","I.85",5,"SN","Reentry from South",0,0,"GE",3001,"Lee","AL","0.32",0.32,0,0
"2047","23.6%","Chambers",9,"AL","I.85",6,"SN","Reentry from South",0,0,"",3002,"Chambers","AL",NA,9.74,0,0
"2048","23.7%","Harris",466,"GA","I.85",7,"SN","",0,0,"",0,"Harris","GA",NA,1.5,0,0
"2049","23.7%","Troup",535,"GA","I.85",8,"SN","",0,0,"",0,"Troup","GA",NA,28.2,0,0
"2050","23.7%","Meriwether",493,"GA","I.85",9,"SN","",0,0,"",0,"Meriwether","GA",NA,4.47,0,0
"2051","23.7%","Coweta",432,"GA","I.85",10,"SN","",0,0,"",0,"Coweta","GA",NA,23.46,0,0
"2052","23.7%","Fulton",454,"GA","I.85",11,"SN","Reentry from North",0,0,"",2003,"Fulton","GA","13.40",13.4,0,0
"2053","23.7%","Clayton",425,"GA","I.85",12,"SN","Reentry from North",0,0,"GE",2004,"Clayton","GA","1.40",1.39,0,0
"2054","23.7%","Fulton",454,"GA","I.85",13,"SN","Reentry",0,0,"GE",1003,"Fulton","GA","0.43",0.43,0,0
"2055","23.7%","Clayton",425,"GA","I.85",14,"SN","Reentry from South",0,0,"GE",3004,"Clayton","GA","0.23",0.23,0,0
"2056","23.7%","Fulton",454,"GA","I.85",15,"SN","Reentry from South",0,0,"",3003,"Fulton","GA",NA,15.85,0,0
"2057","23.8%","DeKalb",438,"GA","I.85",16,"SN","",0,0,"",0,"DeKalb","GA",NA,8.73,0,0
"2058","23.8%","Gwinnett",461,"GA","I.85",17,"SN","",0,0,"",0,"Gwinnett","GA",NA,28.07,0,0
"2059","23.8%","Barrow",401,"GA","I.85",18,"SN","",0,0,"",0,"Barrow","GA",NA,2.42,0,0
"2060","23.8%","Jackson",472,"GA","I.85",19,"SN","",0,0,"",0,"Jackson","GA",NA,21.93,0,1
"2061","23.8%","Banks",400,"GA","I.85",20,"SN","",0,0,"",0,"Banks","GA",NA,6.55,0,0
"2062","23.8%","Franklin",453,"GA","I.85",21,"SN","",0,0,"",0,"Franklin","GA",NA,21.67,0,0
"2063","23.8%","Hart",467,"GA","I.85",22,"SN","",0,0,"",0,"Hart","GA",NA,2.27,0,0
"2064","23.8%","Oconee",2445,"SC","I.85",23,"SN","",0,0,"",0,"Oconee","SC",NA,4.09,0,0
"2065","23.9%","Anderson",2412,"SC","I.85",24,"SN","",0,0,"",0,"Anderson","SC",NA,36.8,0,0
"2066","23.9%","Greenville",2431,"SC","I.85",25,"SN","",0,0,"",0,"Greenville","SC",NA,15.32,0,0
"2067","23.9%","Spartanburg",2450,"SC","I.85",26,"SN","",0,0,"",0,"Spartanburg","SC",NA,28.3,0,0
"2068","23.9%","Cherokee",2419,"SC","I.85",27,"SN","",0,0,"",0,"Cherokee","SC",NA,24.38,0,0
"2069","23.9%","Cleveland",1923,"NC","I.85",28,"SN","",0,0,"",0,"Cleveland","NC",NA,10.1,0,1
"2070","23.9%","Gaston",1936,"NC","I.85",29,"SN","",0,0,"",0,"Gaston","NC",NA,19.42,0,0
"2071","23.9%","Mecklenburg",1960,"NC","I.85",30,"SN","",0,0,"",0,"Mecklenburg","NC",NA,21.22,0,0
"2072","23.9%","Cabarrus",1913,"NC","I.85",31,"SN","",0,0,"",0,"Cabarrus","NC",NA,14.23,0,0
"2073","23.9%","Rowan",1980,"NC","I.85",32,"SN","",0,0,"",0,"Rowan","NC",NA,19.54,0,0
"2074","24.0%","Davidson",1929,"NC","I.85",33,"SN","",0,0,"",0,"Davidson","NC",NA,22.57,0,0
"2075","24.0%","Randolph",1976,"NC","I.85",34,"SN","",0,0,"",0,"Randolph","NC",NA,7.38,0,0
"2076","24.0%","Guilford",1941,"NC","I.85",35,"SN","",0,0,"",0,"Guilford","NC",NA,28.28,0,0
"2077","24.0%","Alamance",1901,"NC","I.85",36,"SN","",0,0,"",0,"Alamance","NC",NA,15.99,0,0
"2078","24.0%","Orange",1968,"NC","I.85",37,"SN","",0,0,"",0,"Orange","NC",NA,15.95,0,0
"2079","24.0%","Durham",1932,"NC","I.85",38,"SN","",0,0,"",0,"Durham","NC",NA,13.71,0,0
"2080","24.0%","Granville",1939,"NC","I.85",39,"SN","",0,0,"",0,"Granville","NC",NA,23.85,0,0
"2081","24.0%","Vance",1991,"NC","I.85",40,"SN","",0,0,"",0,"Vance","NC",NA,14.71,0,0
"2082","24.0%","Warren",1993,"NC","I.85",41,"SN","",0,0,"",0,"Warren","NC",NA,10.6,0,0
"2083","24.1%","Mecklenburg",3018,"VA","I.85",42,"SN","",0,0,"",0,"Mecklenburg","VA",NA,19.64,0,0
"2084","24.1%","Brunswick",2948,"VA","I.85",43,"SN","",0,0,"",0,"Brunswick","VA",NA,20.92,0,0
"2085","24.1%","Dinwiddie",2971,"VA","I.85",44,"SN","",1,1,"",0,"Dinwiddie","VA",NA,24.87,0,0
"2086","24.1%","Petersburg, City of",2973,"VA","I.85",45,"SN","",1,0,"",0,"Petersburg, City of","VA",NA,4.34,0,0
"2087","24.1%","Cassia",575,"ID","I.86.ID",1,"WE","",0,0,"",0,"Cassia","ID",NA,17.98,0,0
"2088","24.1%","Power",598,"ID","I.86.ID",2,"WE","",0,0,"",0,"Power","ID",NA,40.86,0,0
"2089","24.1%","Bannock",562,"ID","I.86.ID",3,"WE","",0,0,"",0,"Bannock","ID",NA,3.72,0,0
"2090","24.1%","Erie",2283,"PA","I.86.NY",1,"WE","",0,0,"",0,"Erie","PA",NA,6.91,0,0
"2091","24.2%","Chautauqua",1845,"NY","I.86.NY",2,"WE","",0,0,"",0,"Chautauqua","NY",NA,37.69,0,0
"2092","24.2%","Cattaraugus",1843,"NY","I.86.NY",3,"WE","",0,0,"",0,"Cattaraugus","NY",NA,51.71,0,0
"2093","24.2%","Allegany",1840,"NY","I.86.NY",4,"WE","",0,0,"",0,"Allegany","NY",NA,34.31,1,0
"2094","24.2%","Steuben",1889,"NY","I.86.NY",5,"WE","",0,0,"",0,"Steuben","NY",NA,53.11,0,0
"2095","24.2%","Chemung",1846,"NY","I.86.NY",6,"WE","",0,0,"",0,"Chemung","NY",NA,27.42,1,0
"2096","24.2%","Tioga",1892,"NY","I.86.NY",7,"WE","Reentry from East",0,0,"",2001,"Tioga","NY","0.27",0.27,0,0
"2097","24.2%","Bradford",2266,"PA","I.86.NY",8,"WE","",0,0,"GE",0,"Bradford","PA","0.96",0.96,0,0
"2098","24.2%","Tioga",1892,"NY","I.86.NY",9,"WE","Reentry from West",0,0,"",3001,"Tioga","NY",NA,27.13,0,0
"2099","24.2%","Broome",1842,"NY","I.86.NY",10,"WE","Gap in Broome County",0,0,"",0,"Broome","NY",NA,18.89,0,0
"2100","24.3%","Boone",711,"IN","I.865",1,"WE","",0,0,"W",0,"Boone","IN","4.72",5.09,0,0
"2101","24.3%","Bronx",1841,"NY","I.87.NY",2,"SN","",0,0,"",0,"Bronx","NY",NA,8.39,0,0
"2102","24.3%","Westchester",1898,"NY","I.87.NY",3,"SN","",0,0,"",0,"Westchester","NY",NA,14.89,0,0
"2103","24.3%","Rockland",1882,"NY","I.87.NY",4,"SN","",0,0,"",0,"Rockland","NY",NA,20.37,0,0
"2104","24.3%","Orange",1874,"NY","I.87.NY",5,"SN","",0,0,"",0,"Orange","NY",NA,31.47,0,0
"2105","24.3%","Ulster",1894,"NY","I.87.NY",6,"SN","",0,0,"",0,"Ulster","NY",NA,39.8,0,0
"2106","24.3%","Greene",1858,"NY","I.87.NY",7,"SN","",0,0,"",0,"Greene","NY",NA,24.1,0,0
"2107","24.3%","Albany",1839,"NY","I.87.NY",8,"SN","",0,0,"",0,"Albany","NY",NA,27.8,0,0
"2108","24.4%","Saratoga",1884,"NY","I.87.NY",9,"SN","",0,0,"",0,"Saratoga","NY",NA,34.94,0,0
"2109","24.4%","Warren",1895,"NY","I.87.NY",10,"SN","",0,0,"",0,"Warren","NY",NA,38.7,0,0
"2110","24.4%","Essex",1854,"NY","I.87.NY",11,"SN","",0,0,"",0,"Essex","NY",NA,57.68,0,0
"2111","24.4%","Clinton",1848,"NY","I.87.NY",12,"SN","",0,0,"",0,"Clinton","NY",NA,38.25,0,1
"2112","24.4%","Wake",1992,"NC","I.87.NC",1,"WE","",0,0,"W",0,"Wake","NC","12.90",13.85,0,0
"2113","24.4%","Rock Island",684,"IL","I.88.IL",1,"WE","Reentry from East",0,0,"",2001,"Rock Island","IL",NA,13.08,0,0
"2114","24.4%","Whiteside",701,"IL","I.88.IL",2,"WE","Reentry from East",0,0,"",2002,"Whiteside","IL",NA,30.69,0,0
"2115","24.4%","Rock Island",684,"IL","I.88.IL",3,"WE","Reentry from West",0,0,"GE",3001,"Rock Island","IL","0.25",0.25,0,0
"2116","24.4%","Whiteside",701,"IL","I.88.IL",4,"WE","Reentry from West",0,0,"GE",3002,"Whiteside","IL","0.51",0.51,0,0
"2117","24.5%","Lee",655,"IL","I.88.IL",5,"WE","",0,0,"",0,"Lee","IL",NA,29.97,0,0
"2118","24.5%","Ogle",674,"IL","I.88.IL",6,"WE","",0,0,"",0,"Ogle","IL",NA,8.19,0,0
"2119","24.5%","DeKalb",622,"IL","I.88.IL",7,"WE","",0,0,"",0,"DeKalb","IL",NA,18.23,0,0
"2120","24.5%","Kane",648,"IL","I.88.IL",8,"WE","",0,0,"",0,"Kane","IL",NA,19.16,0,0
"2121","24.5%","DuPage",625,"IL","I.88.IL",9,"WE","",0,0,"",0,"DuPage","IL",NA,19.56,0,0
"2122","24.5%","Cook",619,"IL","I.88.IL",10,"WE","",0,0,"",0,"Cook","IL",NA,1.04,0,0
"2123","24.5%","Broome",1842,"NY","I.88.NY",1,"WE","",0,0,"",0,"Broome","NY",NA,19.35,0,0
"2124","24.5%","Chenango",1847,"NY","I.88.NY",2,"WE","",0,0,"",0,"Chenango","NY",NA,13.19,1,0
"2125","24.5%","Delaware",1851,"NY","I.88.NY",3,"WE","Reentry from East",0,0,"",2003,"Delaware","NY","6.27",6.27,0,0
"2126","24.6%","Otsego",1877,"NY","I.88.NY",4,"WE","Reentry from East",0,0,"GE",2004,"Otsego","NY","0.22",0.22,0,0
"2127","24.6%","Delaware",1851,"NY","I.88.NY",5,"WE","Reentry from West",0,0,"",3003,"Delaware","NY",NA,7.34,0,0
"2128","24.6%","Otsego",1877,"NY","I.88.NY",6,"WE","Reentry from West",0,0,"",3004,"Otsego","NY",NA,37.02,0,0
"2129","24.6%","Schoharie",1886,"NY","I.88.NY",7,"WE","",0,0,"",0,"Schoharie","NY",NA,20.02,0,0
"2130","24.6%","Schenectady",1885,"NY","I.88.NY",8,"WE","",0,0,"",0,"Schenectady","NY",NA,14.14,0,0
"2131","24.6%","Santa Clara",235,"CA","I.880.CA",1,"SN","",0,0,"",0,"Santa Clara","CA",NA,10.55,0,0
"2132","24.6%","Alameda",193,"CA","I.880.CA",2,"SN","",0,0,"",0,"Alameda","CA",NA,35.95,0,0
"2133","24.6%","Pottawattamie",875,"IA","I.880.IA",1,"WE","",0,0,"W",0,"Pottawattamie","IA","19.63",16,0,0
"2134","24.7%","Durham",1932,"NC","I.885",1,"SN","",0,0,"GE",0,"Durham","NC","8.56",8.43,0,0
"2135","24.7%","Merrimack",1781,"NH","I.89",1,"SN","",0,0,"",0,"Merrimack","NH",NA,36.46,0,0
"2136","24.7%","Sullivan",1784,"NH","I.89",2,"SN","",0,0,"",0,"Sullivan","NH",NA,11.54,1,0
"2137","24.7%","Grafton",1779,"NH","I.89",3,"SN","",0,0,"",0,"Grafton","NH",NA,12.8,0,0
"2138","24.7%","Windsor",2923,"VT","I.89",4,"SN","",0,0,"",0,"Windsor","VT",NA,26.72,0,0
"2139","24.7%","Orange",2918,"VT","I.89",5,"SN","",0,0,"",0,"Orange","VT",NA,19.79,0,0
"2140","24.7%","Washington",2921,"VT","I.89",6,"SN","",0,0,"",0,"Washington","VT",NA,21.45,0,1
"2141","24.7%","Chittenden",2913,"VT","I.89",7,"SN","",0,0,"",0,"Chittenden","VT",NA,37.25,0,0
"2142","24.7%","Franklin",2915,"VT","I.89",8,"SN","",0,0,"",0,"Franklin","VT",NA,25.45,0,0
"2143","24.8%","Schenectady",1885,"NY","I.890",1,"CCW","",0,0,"",0,"Schenectady","NY",NA,7.77,0,0
"2144","24.8%","Albany",1839,"NY","I.890",2,"CCW","",0,0,"",0,"Albany","NY",NA,0.39,0,0
"2145","24.8%","Milwaukee",3221,"WI","I.894",1,"CCW","",0,0,"W",0,"Milwaukee","WI","9.92",8.27,0,0
"2146","24.8%","Howard",1216,"MD","I.895",1,"CCW","",0,0,"",0,"Howard","MD",NA,0.89,0,0
"2147","24.8%","Baltimore",1205,"MD","I.895",2,"CCW","",0,0,"",0,"Baltimore","MD",NA,4.75,0,0
"2148","24.8%","Anne Arundel",1203,"MD","I.895",3,"CCW","",0,0,"",0,"Anne Arundel","MD",NA,0.81,0,0
"2149","24.8%","Baltimore, City of",1206,"MD","I.895",4,"CCW","",0,0,"",0,"Baltimore City","MD",NA,8.53,0,0
"2150","24.8%","King",3103,"WA","I.90",1,"WE","",0,0,"",0,"King","WA",NA,50.55,0,0
"2151","24.8%","Kittitas",3105,"WA","I.90",2,"WE","",0,0,"",0,"Kittitas","WA",NA,84.8,0,0
"2152","24.9%","Grant",3099,"WA","I.90",3,"WE","",0,0,"",0,"Grant","WA",NA,54.07,0,1
"2153","24.9%","Adams",3087,"WA","I.90",4,"WE","",0,0,"",0,"Adams","WA",NA,46.4,0,1
"2154","24.9%","Lincoln",3108,"WA","I.90",5,"WE","",0,0,"",0,"Lincoln","WA",NA,16.24,0,1
"2155","24.9%","Spokane",3118,"WA","I.90",6,"WE","",0,0,"",0,"Spokane","WA",NA,44.45,0,0
"2156","24.9%","Kootenai",587,"ID","I.90",7,"WE","",0,0,"",0,"Kootenai","ID",NA,39.75,0,0
"2157","24.9%","Shoshone",599,"ID","I.90",8,"WE","",0,0,"",0,"Shoshone","ID",NA,33.69,1,0
"2158","24.9%","Mineral",1639,"MT","I.90",9,"WE","",0,0,"",0,"Mineral","MT",NA,76.34,1,0
"2159","24.9%","Missoula",1640,"MT","I.90",10,"WE","",0,0,"",0,"Missoula","MT",NA,54.4,0,0
"2160","25.0%","Granite",1628,"MT","I.90",11,"WE","",0,0,"",0,"Granite","MT",NA,28.61,0,0
"2161","25.0%","Powell",1647,"MT","I.90",12,"WE","",0,0,"",0,"Powell","MT",NA,34.36,0,0
"2162","25.0%","Deer Lodge",1620,"MT","I.90",13,"WE","",0,0,"",0,"Deer Lodge","MT",NA,14.36,1,0
"2163","25.0%","Silver Bow",1655,"MT","I.90",14,"WE","",0,0,"",0,"Silver Bow","MT",NA,22.65,0,0
"2164","25.0%","Jefferson",1630,"MT","I.90",15,"WE","",0,0,"",0,"Jefferson","MT",NA,38.63,0,1
"2165","25.0%","Broadwater",1612,"MT","I.90",16,"WE","",0,0,"",0,"Broadwater","MT",NA,5.68,0,0
"2166","25.0%","Gallatin",1624,"MT","I.90",17,"WE","",0,0,"",0,"Gallatin","MT",NA,43.77,0,0
"2167","25.0%","Park",1642,"MT","I.90",18,"WE","",0,0,"",0,"Park","MT",NA,32.31,0,0
"2168","25.0%","Sweet Grass",1657,"MT","I.90",19,"WE","",0,0,"",0,"Sweet Grass","MT",NA,37.05,0,0
"2169","25.1%","Stillwater",1656,"MT","I.90",20,"WE","",0,0,"",0,"Stillwater","MT",NA,38.05,1,0
"2170","25.1%","Yellowstone",1664,"MT","I.90",21,"WE","",0,0,"",0,"Yellowstone","MT",NA,43.82,0,0
"2171","25.1%","Big Horn",1610,"MT","I.90",22,"WE","",0,0,"",0,"Big Horn","MT",NA,81.19,0,0
"2172","25.1%","Sheridan",3269,"WY","I.90",23,"WE","",0,0,"",0,"Sheridan","WY",NA,43.51,0,0
"2173","25.1%","Johnson",3262,"WY","I.90",24,"WE","",0,0,"",0,"Johnson","WY",NA,54.09,0,1
"2174","25.1%","Campbell",3255,"WY","I.90",25,"WE","",0,0,"",0,"Campbell","WY",NA,51.48,0,0
"2175","25.1%","Crook",3258,"WY","I.90",26,"WE","",0,0,"",0,"Crook","WY",NA,59.66,0,0
"2176","25.1%","Lawrence",2494,"SD","I.90",27,"WE","",0,0,"",0,"Lawrence","SD",NA,28.14,0,0
"2177","25.1%","Meade",2500,"SD","I.90",28,"WE","",0,0,"",0,"Meade","SD",NA,25.06,0,0
"2178","25.2%","Pennington",2506,"SD","I.90",29,"WE","",0,0,"",0,"Pennington","SD",NA,71.31,0,0
"2179","25.2%","Jackson",2489,"SD","I.90",30,"WE","",0,0,"",0,"Jackson","SD",NA,50.28,0,1
"2180","25.2%","Jones",2491,"SD","I.90",31,"WE","",0,0,"",0,"Jones","SD",NA,35.61,0,0
"2181","25.2%","Lyman",2496,"SD","I.90",32,"WE","",0,0,"",0,"Lyman","SD",NA,52.49,0,0
"2182","25.2%","Brule",2461,"SD","I.90",33,"WE","",0,0,"",0,"Brule","SD",NA,29.56,1,0
"2183","25.2%","Aurora",2455,"SD","I.90",34,"WE","",0,0,"",0,"Aurora","SD",NA,24.19,0,0
"2184","25.2%","Davison",2471,"SD","I.90",35,"WE","",0,0,"",0,"Davison","SD",NA,18,1,0
"2185","25.2%","Hanson",2484,"SD","I.90",36,"WE","",0,0,"",0,"Hanson","SD",NA,18.62,1,0
"2186","25.3%","McCook",2498,"SD","I.90",37,"WE","",0,0,"",0,"McCook","SD",NA,23.93,0,0
"2187","25.3%","Minnehaha",2503,"SD","I.90",38,"WE","",0,0,"",0,"Minnehaha","SD",NA,35.47,0,0
"2188","25.3%","Rock",1390,"MN","I.90",39,"WE","",0,0,"",0,"Rock","MN",NA,20.49,0,0
"2189","25.3%","Nobles",1376,"MN","I.90",40,"WE","",0,0,"",0,"Nobles","MN",NA,30.23,0,0
"2190","25.3%","Jackson",1355,"MN","I.90",41,"WE","",0,0,"",0,"Jackson","MN",NA,30.34,0,1
"2191","25.3%","Martin",1368,"MN","I.90",42,"WE","",0,0,"",0,"Martin","MN",NA,31.15,1,0
"2192","25.3%","Faribault",1345,"MN","I.90",43,"WE","",0,0,"",0,"Faribault","MN",NA,30.45,0,0
"2193","25.3%","Freeborn",1347,"MN","I.90",44,"WE","",0,0,"",0,"Freeborn","MN",NA,31.05,0,0
"2194","25.3%","Mower",1373,"MN","I.90",45,"WE","",0,0,"",0,"Mower","MN",NA,30.58,0,0
"2195","25.4%","Olmsted",1378,"MN","I.90",46,"WE","",0,0,"",0,"Olmsted","MN",NA,27.19,0,0
"2196","25.4%","Winona",1408,"MN","I.90",47,"WE","",0,0,"",0,"Winona","MN",NA,43.83,0,0
"2197","25.4%","La Crosse",3212,"WI","I.90",48,"WE","",0,0,"",0,"La Crosse","WI",NA,20.49,0,0
"2198","25.4%","Monroe",3222,"WI","I.90",49,"WE","",0,0,"",0,"Monroe","WI",NA,31.82,0,1
"2199","25.4%","Juneau",3209,"WI","I.90",50,"WE","",0,0,"",0,"Juneau","WI",NA,33.8,0,0
"2200","25.4%","Sauk",3237,"WI","I.90",51,"WE","",0,0,"",0,"Sauk","WI",NA,15.39,0,0
"2201","25.4%","Columbia",3191,"WI","I.90",52,"WE","",0,0,"",0,"Columbia","WI",NA,21.14,0,0
"2202","25.4%","Dane",3193,"WI","I.90",53,"WE","",0,0,"",0,"Dane","WI",NA,39.12,0,0
"2203","25.4%","Rock",3234,"WI","I.90",54,"WE","",0,0,"",0,"Rock","WI",NA,25.38,0,0
"2204","25.5%","Winnebago",704,"IL","I.90",55,"WE","",0,0,"",0,"Winnebago","IL",NA,18.48,0,0
"2205","25.5%","Boone",607,"IL","I.90",56,"WE","",0,0,"",0,"Boone","IL",NA,12.75,0,0
"2206","25.5%","McHenry",666,"IL","I.90",57,"WE","",0,0,"",0,"McHenry","IL",NA,8.96,0,0
"2207","25.5%","Kane",648,"IL","I.90",58,"WE","",0,0,"",0,"Kane","IL",NA,15.84,0,0
"2208","25.5%","Cook",619,"IL","I.90",59,"WE","",0,0,"",0,"Cook","IL",NA,51.72,0,0
"2209","25.5%","Lake",750,"IN","I.90",60,"WE","",0,0,"",0,"Lake","IN",NA,21.36,0,0
"2210","25.5%","Porter",769,"IN","I.90",61,"WE","",0,0,"",0,"Porter","IN",NA,15.76,0,0
"2211","25.5%","LaPorte",751,"IN","I.90",62,"WE","",0,0,"",0,"LaPorte","IN",NA,24.65,0,0
"2212","25.6%","St. Joseph",776,"IN","I.90",63,"WE","",0,0,"",0,"St. Joseph","IN",NA,25.17,0,0
"2213","25.6%","Elkhart",725,"IN","I.90",64,"WE","",0,0,"",0,"Elkhart","IN",NA,21.27,0,0
"2214","25.6%","LaGrange",749,"IN","I.90",65,"WE","",0,0,"",0,"LaGrange","IN",NA,24.74,0,0
"2215","25.6%","Steuben",781,"IN","I.90",66,"WE","",0,0,"",0,"Steuben","IN",NA,23.57,0,0
"2216","25.6%","Williams",2143,"OH","I.90",67,"WE","",0,0,"",0,"Williams","OH",NA,22.1,0,0
"2217","25.6%","Fulton",2083,"OH","I.90",68,"WE","",0,0,"",0,"Fulton","OH",NA,26.15,0,0
"2218","25.6%","Lucas",2105,"OH","I.90",69,"WE","",0,0,"",0,"Lucas","OH",NA,14.51,0,0
"2219","25.6%","Wood",2144,"OH","I.90",70,"WE","",0,0,"",0,"Wood","OH",NA,11.1,0,0
"2220","25.6%","Ottawa",2119,"OH","I.90",71,"WE","Reentry from East",0,0,"",2002,"Ottawa","OH","1.45",1.45,0,0
"2221","25.7%","Sandusky",2129,"OH","I.90",72,"WE","Reentry from East",0,0,"",2001,"Sandusky","OH","3.14",3.14,0,0
"2222","25.7%","Ottawa",2119,"OH","I.90",73,"WE","Reentry from West",0,0,"",3002,"Ottawa","OH","3.15",3.06,0,0
"2223","25.7%","Sandusky",2129,"OH","I.90",74,"WE","Reentry from West",0,0,"",3001,"Sandusky","OH",NA,24.07,0,0
"2224","25.7%","Erie",2079,"OH","I.90",75,"WE","",0,0,"",0,"Erie","OH",NA,26.24,0,0
"2225","25.7%","Lorain",2104,"OH","I.90",76,"WE","",0,0,"",0,"Lorain","OH",NA,23.32,0,0
"2226","25.7%","Cuyahoga",2075,"OH","I.90",77,"WE","",0,0,"",0,"Cuyahoga","OH",NA,30.25,0,0
"2227","25.7%","Lake",2100,"OH","I.90",78,"WE","",0,0,"",0,"Lake","OH",NA,29.09,0,0
"2228","25.7%","Ashtabula",2061,"OH","I.90",79,"WE","",0,0,"",0,"Ashtabula","OH",NA,28.68,0,0
"2229","25.7%","Erie",2283,"PA","I.90",80,"WE","",0,0,"W",0,"Erie","PA","46.30",46.34,0,0
"2230","25.8%","Chautauqua",1845,"NY","I.90",81,"WE","",0,0,"",0,"Chautauqua","NY",NA,41.62,0,0
"2231","25.8%","Erie",1853,"NY","I.90",82,"WE","",0,0,"",0,"Erie","NY",NA,49.9,0,0
"2232","25.8%","Genesee",1857,"NY","I.90",83,"WE","",0,0,"",0,"Genesee","NY",NA,28.92,0,0
"2233","25.8%","Monroe",1866,"NY","I.90",84,"WE","",0,0,"",0,"Monroe","NY",NA,21.87,0,1
"2234","25.8%","Ontario",1873,"NY","I.90",85,"WE","",0,0,"",0,"Ontario","NY",NA,26.93,0,0
"2235","25.8%","Seneca",1888,"NY","I.90",86,"WE","",0,0,"",0,"Seneca","NY",NA,12.82,0,0
"2236","25.8%","Cayuga",1844,"NY","I.90",87,"WE","",0,0,"",0,"Cayuga","NY",NA,12.6,0,0
"2237","25.8%","Onondaga",1872,"NY","I.90",88,"WE","",0,0,"",0,"Onondaga","NY",NA,27.26,0,0
"2238","25.9%","Madison",1865,"NY","I.90",89,"WE","",0,0,"",0,"Madison","NY",NA,16.57,0,1
"2239","25.9%","Oneida",1871,"NY","I.90",90,"WE","",0,0,"",0,"Oneida","NY",NA,25.2,0,0
"2240","25.9%","Herkimer",1860,"NY","I.90",91,"WE","",0,0,"",0,"Herkimer","NY",NA,24.41,0,0
"2241","25.9%","Montgomery",1867,"NY","I.90",92,"WE","",0,0,"",0,"Montgomery","NY",NA,38.23,1,0
"2242","25.9%","Schenectady",1885,"NY","I.90",93,"WE","",0,0,"",0,"Schenectady","NY",NA,13.28,0,0
"2243","25.9%","Albany",1839,"NY","I.90",94,"WE","",0,0,"",0,"Albany","NY",NA,13.11,0,0
"2244","25.9%","Rensselaer",1880,"NY","I.90",95,"WE","",0,0,"",0,"Rensselaer","NY",NA,16.65,0,0
"2245","25.9%","Columbia",1849,"NY","I.90",96,"WE","",0,0,"",0,"Columbia","NY",NA,15.25,0,0
"2246","25.9%","Berkshire",1228,"MA","I.90",97,"WE","",0,0,"",0,"Berkshire","MA",NA,23.69,0,0
"2247","26.0%","Hampden",1233,"MA","I.90",98,"WE","Reentry from East",0,0,"",2003,"Hampden","MA",NA,43.06,0,0
"2248","26.0%","Worcester",1240,"MA","I.90",99,"WE","Reentry from East",0,0,"",2004,"Worcester","MA","4.72",4.72,0,0
"2249","26.0%","Hampden",1233,"MA","I.90",100,"WE","Reentry from West",0,0,"",3003,"Hampden","MA","2.10",2.1,0,0
"2250","26.0%","Worcester",1240,"MA","I.90",101,"WE","Reentry",0,0,"",1004,"Worcester","MA",NA,29.73,0,0
"2251","26.0%","Middlesex",1235,"MA","I.90",102,"WE","Reentry from East",0,0,"",2005,"Middlesex","MA","2.32",2.32,0,0
"2252","26.0%","Worcester",1240,"MA","I.90",103,"WE","Reentry from West",0,0,"",3004,"Worcester","MA","3.42",3.42,0,0
"2253","26.0%","Middlesex",1235,"MA","I.90",104,"WE","Reentry from West",0,0,"",3005,"Middlesex","MA",NA,18.25,0,0
"2254","26.0%","Suffolk",1239,"MA","I.90",105,"WE","Reentry from East",0,0,"",2006,"Suffolk","MA","3.26",3.26,0,0
"2255","26.0%","Norfolk",1237,"MA","I.90",106,"WE","",0,0,"GE",0,"Norfolk","MA","0.21",0.23,0,0
"2256","26.1%","Suffolk",1239,"MA","I.90",107,"WE","Reentry from West",0,0,"",3006,"Suffolk","MA",NA,6.17,0,0
"2257","26.1%","South Central Connecticut",321,"CT","I.91",1,"SN","",0,0,"",0,"South Central Connecticut","CT",NA,20.76,0,0
"2258","26.1%","Lower Connecticut River Valley",317,"CT","I.91",2,"SN","",0,0,"",0,"Lower Connecticut River Valley","CT",NA,6.99,0,0
"2259","26.1%","Capitol",315,"CT","I.91",3,"SN","",0,0,"",0,"Capitol","CT",NA,30.43,0,0
"2260","26.1%","Hampden",1233,"MA","I.91",4,"SN","",0,0,"",0,"Hampden","MA",NA,20.98,0,0
"2261","26.1%","Hampshire",1234,"MA","I.91",5,"SN","",0,0,"",0,"Hampshire","MA",NA,10.33,0,0
"2262","26.1%","Franklin",1232,"MA","I.91",6,"SN","",0,0,"",0,"Franklin","MA",NA,24.08,0,0
"2263","26.1%","Windham",2922,"VT","I.91",7,"SN","",0,0,"",0,"Windham","VT",NA,39.57,0,0
"2264","26.2%","Windsor",2923,"VT","I.91",8,"SN","",0,0,"",0,"Windsor","VT",NA,42.81,0,0
"2265","26.2%","Orange",2918,"VT","I.91",9,"SN","",0,0,"",0,"Orange","VT",NA,29.8,0,0
"2266","26.2%","Caledonia",2912,"VT","I.91",10,"SN","",0,0,"",0,"Caledonia","VT",NA,42.19,0,0
"2267","26.2%","Orleans",2919,"VT","I.91",11,"SN","",0,0,"",0,"Orleans","VT",NA,24.83,0,0
"2268","26.2%","Norfolk",1237,"MA","I.93",1,"SN","",0,0,"",0,"Norfolk","MA",NA,11.04,0,0
"2269","26.2%","Suffolk",1239,"MA","I.93",2,"SN","Reentry from North",0,0,"",2001,"Suffolk","MA",NA,7.95,0,0
"2270","26.2%","Middlesex",1235,"MA","I.93",3,"SN","Reentry from North",0,0,"",2002,"Middlesex","MA","0.33",0.33,0,0
"2271","26.2%","Suffolk",1239,"MA","I.93",4,"SN","Reentry from South",0,0,"",3001,"Suffolk","MA","0.40",0.4,0,0
"2272","26.2%","Middlesex",1235,"MA","I.93",5,"SN","Reentry",0,0,"",1002,"Middlesex","MA",NA,16.33,0,0
"2273","26.3%","Essex",1231,"MA","I.93",6,"SN","Reentry from North",0,0,"",2003,"Essex","MA","0.91",0.91,0,0
"2274","26.3%","Middlesex",1235,"MA","I.93",7,"SN","Reentry from South",0,0,"",3002,"Middlesex","MA","0.27",0.27,0,0
"2275","26.3%","Essex",1231,"MA","I.93",8,"SN","Reentry from South",0,0,"",3003,"Essex","MA",NA,9.14,0,0
"2276","26.3%","Rockingham",1782,"NH","I.93",9,"SN","",0,0,"",0,"Rockingham","NH",NA,16.8,0,0
"2277","26.3%","Hillsborough",1780,"NH","I.93",10,"SN","Reentry from North",0,0,"",2004,"Hillsborough","NH",NA,6.56,0,0
"2278","26.3%","Merrimack",1781,"NH","I.93",11,"SN","Reentry from North",0,0,"",2005,"Merrimack","NH","1.30",1.3,0,0
"2279","26.3%","Hillsborough",1780,"NH","I.93",12,"SN","Reentry from South",0,0,"",3004,"Hillsborough","NH","0.58",0.58,0,0
"2280","26.3%","Merrimack",1781,"NH","I.93",13,"SN","Reentry from South",0,0,"",3005,"Merrimack","NH",NA,31.64,0,0
"2281","26.3%","Belknap",1775,"NH","I.93",14,"SN","",0,0,"",0,"Belknap","NH",NA,17.74,0,0
"2282","26.4%","Grafton",1779,"NH","I.93",15,"SN","",0,0,"",0,"Grafton","NH",NA,57.71,0,0
"2283","26.4%","Caledonia",2912,"VT","I.93",16,"SN","",0,0,"W",0,"Caledonia","VT","11.10",11.05,0,0
"2284","26.4%","Yellowstone",1664,"MT","I.94",1,"WE","",0,0,"",0,"Yellowstone","MT",NA,51.47,0,0
"2285","26.4%","Treasure",1660,"MT","I.94",2,"WE","",0,0,"",0,"Treasure","MT",NA,26.17,1,0
"2286","26.4%","Rosebud",1652,"MT","I.94",3,"WE","",0,0,"",0,"Rosebud","MT",NA,41.91,0,0
"2287","26.4%","Custer",1617,"MT","I.94",4,"WE","",0,0,"",0,"Custer","MT",NA,42.86,0,0
"2288","26.4%","Prairie",1648,"MT","I.94",5,"WE","",0,0,"",0,"Prairie","MT",NA,27.88,1,0
"2289","26.4%","Dawson",1619,"MT","I.94",6,"WE","",0,0,"",0,"Dawson","MT",NA,43.68,1,0
"2290","26.5%","Wibaux",1663,"MT","I.94",7,"WE","",0,0,"",0,"Wibaux","MT",NA,15.27,1,0
"2291","26.5%","Golden Valley",2017,"ND","I.94",8,"WE","",0,0,"",0,"Golden Valley","ND",NA,21.23,1,0
"2292","26.5%","Billings",2004,"ND","I.94",9,"WE","",0,0,"",0,"Billings","ND",NA,19.14,0,0
"2293","26.5%","Stark",2045,"ND","I.94",10,"WE","",0,0,"",0,"Stark","ND",NA,54.87,0,0
"2294","26.5%","Morton",2030,"ND","I.94",11,"WE","",0,0,"",0,"Morton","ND",NA,61.11,0,0
"2295","26.5%","Burleigh",2008,"ND","I.94",12,"WE","",0,0,"",0,"Burleigh","ND",NA,36.73,0,0
"2296","26.5%","Kidder",2022,"ND","I.94",13,"WE","",0,0,"",0,"Kidder","ND",NA,30.19,1,0
"2297","26.5%","Stutsman",2047,"ND","I.94",14,"WE","",0,0,"",0,"Stutsman","ND",NA,48.07,0,0
"2298","26.5%","Barnes",2002,"ND","I.94",15,"WE","",0,0,"",0,"Barnes","ND",NA,36.38,0,0
"2299","26.6%","Cass",2009,"ND","I.94",16,"WE","",0,0,"",0,"Cass","ND",NA,44.72,0,0
"2300","26.6%","Clay",1337,"MN","I.94",17,"WE","",0,0,"",0,"Clay","MN",NA,27.04,0,0
"2301","26.6%","Wilkin",1407,"MN","I.94",18,"WE","",0,0,"",0,"Wilkin","MN",NA,11.22,0,0
"2302","26.6%","Otter Tail",1379,"MN","I.94",19,"WE","",0,0,"",0,"Otter Tail","MN",NA,32.7,0,0
"2303","26.6%","Grant",1349,"MN","I.94",20,"WE","",0,0,"",0,"Grant","MN",NA,9.62,0,1
"2304","26.6%","Douglas",1344,"MN","I.94",21,"WE","",0,0,"",0,"Douglas","MN",NA,34.67,0,0
"2305","26.6%","Todd",1400,"MN","I.94",22,"WE","",0,0,"",0,"Todd","MN",NA,5.87,0,0
"2306","26.6%","Stearns",1396,"MN","I.94",23,"WE","",0,0,"",0,"Stearns","MN",NA,57.65,0,0
"2307","26.6%","Wright",1409,"MN","I.94",24,"WE","",0,0,"",0,"Wright","MN",NA,27.04,0,0
"2308","26.7%","Hennepin",1350,"MN","I.94",25,"WE","",0,0,"",0,"Hennepin","MN",NA,31.13,0,0
"2309","26.7%","Ramsey",1385,"MN","I.94",26,"WE","",0,0,"",0,"Ramsey","MN",NA,11.33,0,0
"2310","26.7%","Washington",1405,"MN","I.94",27,"WE","",0,0,"",0,"Washington","MN",NA,11.21,0,1
"2311","26.7%","St. Croix",3236,"WI","I.94",28,"WE","",0,0,"",0,"St. Croix","WI",NA,31.2,0,0
"2312","26.7%","Dunn",3197,"WI","I.94",29,"WE","",0,0,"",0,"Dunn","WI",NA,25.05,0,0
"2313","26.7%","Eau Claire",3198,"WI","I.94",30,"WE","",0,0,"",0,"Eau Claire","WI",NA,30.11,0,0
"2314","26.7%","Trempealeau",3242,"WI","I.94",31,"WE","",0,0,"",0,"Trempealeau","WI",NA,4.29,0,0
"2315","26.7%","Jackson",3207,"WI","I.94",32,"WE","",0,0,"",0,"Jackson","WI",NA,40.96,0,1
"2316","26.8%","Monroe",3222,"WI","I.94",33,"WE","",0,0,"",0,"Monroe","WI",NA,21.97,0,1
"2317","26.8%","Juneau",3209,"WI","I.94",34,"WE","",0,0,"",0,"Juneau","WI",NA,33.8,0,0
"2318","26.8%","Sauk",3237,"WI","I.94",35,"WE","",0,0,"",0,"Sauk","WI",NA,15.39,0,0
"2319","26.8%","Columbia",3191,"WI","I.94",36,"WE","",0,0,"",0,"Columbia","WI",NA,21.14,0,0
"2320","26.8%","Dane",3193,"WI","I.94",37,"WE","",0,0,"",0,"Dane","WI",NA,28.74,0,0
"2321","26.8%","Jefferson",3208,"WI","I.94",38,"WE","",0,0,"",0,"Jefferson","WI",NA,24.5,0,1
"2322","26.8%","Waukesha",3248,"WI","I.94",39,"WE","",0,0,"",0,"Waukesha","WI",NA,24.59,0,0
"2323","26.8%","Milwaukee",3221,"WI","I.94",40,"WE","",0,0,"",0,"Milwaukee","WI",NA,21.7,0,0
"2324","26.8%","Racine",3232,"WI","I.94",41,"WE","",0,0,"",0,"Racine","WI",NA,12.05,0,0
"2325","26.9%","Kenosha",3210,"WI","I.94",42,"WE","",0,0,"",0,"Kenosha","WI",NA,12.12,0,0
"2326","26.9%","Cook",619,"IL","I.94",43,"WE","",0,0,"",0,"Cook","IL",NA,52.12,0,0
"2327","26.9%","Lake",652,"IL","I.94",44,"WE","",0,0,"",0,"Lake","IL",NA,25.3,0,0
"2328","26.9%","Lake",750,"IN","I.94",45,"WE","",0,0,"",0,"Lake","IN",NA,16.09,0,0
"2329","26.9%","Porter",769,"IN","I.94",46,"WE","",0,0,"",0,"Porter","IN",NA,16.37,0,0
"2330","26.9%","LaPorte",751,"IN","I.94",47,"WE","",0,0,"",0,"LaPorte","IN",NA,13.21,0,0
"2331","26.9%","Berrien",1251,"MI","I.94",48,"WE","",0,0,"",0,"Berrien","MI",NA,42.89,0,0
"2332","26.9%","Van Buren",1320,"MI","I.94",49,"WE","",0,0,"",0,"Van Buren","MI",NA,23.99,0,1
"2333","26.9%","Kalamazoo",1279,"MI","I.94",50,"WE","",0,0,"",0,"Kalamazoo","MI",NA,25.09,0,0
"2334","27.0%","Calhoun",1253,"MI","I.94",51,"WE","",0,0,"",0,"Calhoun","MI",NA,31.31,0,0
"2335","27.0%","Jackson",1278,"MI","I.94",52,"WE","",0,0,"",0,"Jackson","MI",NA,30.44,0,1
"2336","27.0%","Washtenaw",1321,"MI","I.94",53,"WE","",0,0,"",0,"Washtenaw","MI",NA,33.23,0,0
"2337","27.0%","Wayne",1322,"MI","I.94",54,"WE","",0,0,"",0,"Wayne","MI",NA,38.46,0,0
"2338","27.0%","Macomb",1290,"MI","I.94",55,"WE","",0,0,"",0,"Macomb","MI",NA,23.99,0,0
"2339","27.0%","St. Clair",1314,"MI","I.94",56,"WE","",0,0,"",0,"St. Clair","MI",NA,25.85,0,0
"2340","27.0%","Miami-Dade",370,"FL","I.95",1,"SN","",0,0,"",0,"Miami-Dade","FL",NA,17.23,0,0
"2341","27.0%","Broward",333,"FL","I.95",2,"SN","",0,0,"",0,"Broward","FL",NA,25.27,0,0
"2342","27.1%","Palm Beach",377,"FL","I.95",3,"SN","",0,0,"",0,"Palm Beach","FL",NA,45.71,0,0
"2343","27.1%","Martin",369,"FL","I.95",4,"SN","",0,0,"",0,"Martin","FL",NA,24.45,0,0
"2344","27.1%","St. Lucie",383,"FL","I.95",5,"SN","",0,0,"",0,"St. Lucie","FL",NA,27.04,0,0
"2345","27.1%","Indian River",357,"FL","I.95",6,"SN","",0,0,"",0,"Indian River","FL",NA,18.9,0,0
"2346","27.1%","Brevard",332,"FL","I.95",7,"SN","",0,0,"",0,"Brevard","FL",NA,71.89,0,0
"2347","27.1%","Volusia",391,"FL","I.95",8,"SN","",0,0,"",0,"Volusia","FL",NA,45.23,0,0
"2348","27.1%","Flagler",344,"FL","I.95",9,"SN","",0,0,"",0,"Flagler","FL",NA,18.38,0,0
"2349","27.1%","St. Johns",382,"FL","I.95",10,"SN","",0,0,"",0,"St. Johns","FL",NA,34.42,0,0
"2350","27.1%","Duval",342,"FL","I.95",11,"SN","",0,0,"",0,"Duval","FL",NA,37.6,0,0
"2351","27.2%","Nassau",372,"FL","I.95",12,"SN","",0,0,"",0,"Nassau","FL",NA,12.15,0,0
"2352","27.2%","Camden",414,"GA","I.95",13,"SN","",0,0,"",0,"Camden","GA",NA,27.71,0,0
"2353","27.2%","Glynn",457,"GA","I.95",14,"SN","",0,0,"",0,"Glynn","GA",NA,17.04,0,0
"2354","27.2%","McIntosh",492,"GA","I.95",15,"SN","",0,0,"",0,"McIntosh","GA",NA,21.99,0,0
"2355","27.2%","Liberty",483,"GA","I.95",16,"SN","",0,0,"",0,"Liberty","GA",NA,13.25,0,0
"2356","27.2%","Bryan",409,"GA","I.95",17,"SN","",0,0,"",0,"Bryan","GA",NA,11.55,0,0
"2357","27.2%","Chatham",419,"GA","I.95",18,"SN","",0,0,"",0,"Chatham","GA",NA,20.27,0,0
"2358","27.2%","Effingham",445,"GA","I.95",19,"SN","",0,0,"",0,"Effingham","GA",NA,0.63,0,0
"2359","27.2%","Jasper",2435,"SC","I.95",20,"SN","",0,0,"",0,"Jasper","SC",NA,34.2,0,0
"2360","27.3%","Hampton",2433,"SC","I.95",21,"SN","",0,0,"",0,"Hampton","SC",NA,6.66,0,0
"2361","27.3%","Colleton",2423,"SC","I.95",22,"SN","",0,0,"",0,"Colleton","SC",NA,28.56,0,0
"2362","27.3%","Dorchester",2426,"SC","I.95",23,"SN","",0,0,"",0,"Dorchester","SC",NA,16.21,0,0
"2363","27.3%","Orangeburg",2446,"SC","I.95",24,"SN","",0,0,"",0,"Orangeburg","SC",NA,14.92,0,0
"2364","27.3%","Clarendon",2422,"SC","I.95",25,"SN","",0,0,"",0,"Clarendon","SC",NA,34.67,0,0
"2365","27.3%","Sumter",2451,"SC","I.95",26,"SN","",0,0,"",0,"Sumter","SC",NA,12.99,0,0
"2366","27.3%","Florence",2429,"SC","I.95",27,"SN","Reentry from North",0,0,"",2001,"Florence","SC",NA,19.97,0,0
"2367","27.3%","Darlington",2424,"SC","I.95",28,"SN","",0,0,"",0,"Darlington","SC",NA,1.5,0,0
"2368","27.4%","Florence",2429,"SC","I.95",29,"SN","Reentry from South",0,0,"",3001,"Florence","SC","7.10",7.1,0,0
"2369","27.4%","Marlboro",2442,"SC","I.95",30,"SN","",0,0,"",0,"Marlboro","SC",NA,0.13,0,0
"2370","27.4%","Dillon",2425,"SC","I.95",31,"SN","",0,0,"",0,"Dillon","SC",NA,23.88,0,0
"2371","27.4%","Robeson",1978,"NC","I.95",32,"SN","",0,0,"",0,"Robeson","NC",NA,38.99,0,0
"2372","27.4%","Cumberland",1926,"NC","I.95",33,"SN","",0,0,"",0,"Cumberland","NC",NA,30.72,0,0
"2373","27.4%","Harnett",1943,"NC","I.95",34,"SN","",0,0,"",0,"Harnett","NC",NA,8.98,0,0
"2374","27.4%","Johnston",1951,"NC","I.95",35,"SN","",0,0,"",0,"Johnston","NC",NA,30.63,0,0
"2375","27.4%","Wilson",1998,"NC","I.95",36,"SN","",0,0,"",0,"Wilson","NC",NA,16.63,0,1
"2376","27.4%","Nash",1964,"NC","I.95",37,"SN","",0,0,"",0,"Nash","NC",NA,26.55,0,0
"2377","27.5%","Halifax",1942,"NC","I.95",38,"SN","",0,0,"",0,"Halifax","NC",NA,23.28,0,0
"2378","27.5%","Northampton",1966,"NC","I.95",39,"SN","",0,0,"",0,"Northampton","NC",NA,7.59,0,0
"2379","27.5%","Greensville",2991,"VA","I.95",40,"SN","Reentry from North",16,1,"",2002,"Greensville","VA",NA,9.84,0,0
"2380","27.5%","Emporia, City of",2993,"VA","I.95",41,"SN","",16,0,"",0,"Emporia, City of","VA",NA,3.01,0,0
"2381","27.5%","Greensville",2991,"VA","I.95",42,"SN","Reentry from South",16,1,"",3002,"Greensville","VA","5.20",5.2,0,0
"2382","27.5%","Sussex",3072,"VA","I.95",43,"SN","",0,0,"",0,"Sussex","VA",NA,17.78,0,0
"2383","27.5%","Prince George",3038,"VA","I.95",44,"SN","",0,0,"",0,"Prince George","VA",NA,12.88,0,0
"2384","27.5%","Petersburg, City of",2973,"VA","I.95",45,"SN","",0,0,"",0,"Petersburg, City of","VA",NA,5.4,0,0
"2385","27.5%","Colonial Heights, City of",2962,"VA","I.95",46,"SN","",2,0,"",0,"Colonial Heights, City of","VA",NA,3.55,0,0
"2386","27.6%","Chesterfield",2960,"VA","I.95",47,"SN","",2,1,"",0,"Chesterfield","VA",NA,11.98,0,0
"2387","27.6%","Richmond, City of",2999,"VA","I.95",48,"SN","",3,0,"",0,"Richmond, City of","VA",NA,11.63,0,0
"2388","27.6%","Henrico",2997,"VA","I.95",49,"SN","",3,1,"",0,"Henrico","VA",NA,6.47,0,0
"2389","27.6%","Hanover",2996,"VA","I.95",50,"SN","",0,0,"",0,"Hanover","VA",NA,14.81,0,0
"2390","27.6%","Caroline",2954,"VA","I.95",51,"SN","",2,1,"",0,"Caroline","VA",NA,15.51,0,0
"2391","27.6%","Spotsylvania",3066,"VA","I.95",52,"SN","",4,1,"",0,"Spotsylvania","VA",NA,12.57,0,0
"2392","27.6%","Fredericksburg, City of",3068,"VA","I.95",53,"SN","",4,0,"",0,"Fredericksburg, City of","VA",NA,3.27,0,0
"2393","27.6%","Stafford",3069,"VA","I.95",54,"SN","",0,0,"",0,"Stafford","VA",NA,16.39,0,0
"2394","27.7%","Prince William",3041,"VA","I.95",55,"SN","",0,0,"",0,"Prince William","VA",NA,13.23,0,0
"2395","27.7%","Fairfax",2975,"VA","I.95",56,"SN","",0,0,"",0,"Fairfax","VA",NA,15.67,0,0
"2396","27.7%","Alexandria, City of",2939,"VA","I.95",57,"SN","",5,0,"",0,"Alexandria, City of","VA",NA,1.34,0,0
"2397","27.7%","District of Columbia",327,"DC","I.95",58,"SN","",0,0,"GE",0,"District of Columbia","DC","0.08",0.05,0,0
"2398","27.7%","Prince George's",1219,"MD","I.95",59,"SN","",0,0,"",0,"Prince George's","MD",NA,33.71,0,0
"2399","27.7%","Howard",1216,"MD","I.95",60,"SN","",0,0,"",0,"Howard","MD",NA,11.66,0,0
"2400","27.7%","Baltimore",1205,"MD","I.95",61,"SN","",9,1,"",0,"Baltimore","MD",NA,15.21,0,0
"2401","27.7%","Baltimore, City of",1206,"MD","I.95",62,"SN","",9,0,"",0,"Baltimore City","MD",NA,11.35,0,0
"2402","27.7%","Harford",1215,"MD","I.95",63,"SN","",0,0,"",0,"Harford","MD",NA,18.39,0,0
"2403","27.8%","Cecil",1210,"MD","I.95",64,"SN","",0,0,"",0,"Cecil","MD",NA,18.41,0,0
"2404","27.8%","New Castle",325,"DE","I.95",65,"SN","",0,0,"W",0,"New Castle","DE","23.43",23.56,0,0
"2405","27.8%","Delaware",2281,"PA","I.95",66,"SN","",0,0,"",0,"Delaware","PA",NA,11.41,0,0
"2406","27.8%","Philadelphia",2309,"PA","I.95",67,"SN","",0,0,"",0,"Philadelphia","PA",NA,21.79,0,0
"2407","27.8%","Bucks",2267,"PA","I.95",68,"SN","",0,0,"",0,"Bucks","PA",NA,10.62,0,0
"2408","27.8%","Burlington",1787,"NJ","I.95",69,"SN","",0,0,"",0,"Burlington","NJ",NA,11.59,0,0
"2409","27.8%","Mercer",1795,"NJ","I.95",70,"SN","",0,0,"",0,"Mercer","NJ",NA,11.94,0,0
"2410","27.8%","Middlesex",1796,"NJ","I.95",71,"SN","",0,0,"",0,"Middlesex","NJ",NA,27.79,0,0
"2411","27.9%","Union",1804,"NJ","I.95",72,"SN","",0,0,"",0,"Union","NJ",NA,7.4,0,0
"2412","27.9%","Essex",1791,"NJ","I.95",73,"SN","",0,0,"",0,"Essex","NJ",NA,4.4,0,0
"2413","27.9%","Hudson",1793,"NJ","I.95",74,"SN","",0,0,"",0,"Hudson","NJ",NA,2.66,0,0
"2414","27.9%","Bergen",1786,"NJ","I.95",75,"SN","",0,0,"",0,"Bergen","NJ",NA,12.45,0,0
"2415","27.9%","New York",1869,"NY","I.95",76,"SN","",0,0,"",0,"New York","NY",NA,1.33,0,0
"2416","27.9%","Bronx",1841,"NY","I.95",77,"SN","",0,0,"",0,"Bronx","NY",NA,10.61,0,0
"2417","27.9%","Westchester",1898,"NY","I.95",78,"SN","",0,0,"",0,"Westchester","NY",NA,11.53,0,0
"2418","27.9%","Western Connecticut",323,"CT","I.95",79,"SN","",0,0,"",0,"Western Connecticut","CT",NA,22.41,0,0
"2419","27.9%","Greater Bridgeport",316,"CT","I.95",80,"SN","",0,0,"",0,"Greater Bridgeport","CT",NA,12.18,0,0
"2420","28.0%","South Central Connecticut",321,"CT","I.95",81,"SN","",0,0,"",0,"South Central Connecticut","CT",NA,32.02,0,0
"2421","28.0%","Lower Connecticut River Valley",317,"CT","I.95",82,"SN","",0,0,"",0,"Lower Connecticut River Valley","CT",NA,16.7,0,0
"2422","28.0%","Southeastern Connecticut",322,"CT","I.95",83,"SN","",0,0,"",0,"Southeastern Connecticut","CT",NA,27.94,0,0
"2423","28.0%","Washington",2408,"RI","I.95",84,"SN","",0,0,"",0,"Washington","RI",NA,13.76,0,1
"2424","28.0%","Kent",2405,"RI","I.95",85,"SN","Reentry from North",0,0,"",2003,"Kent","RI",NA,16.92,0,0
"2425","28.0%","Providence",2407,"RI","I.95",86,"SN","Reentry from North",0,0,"",2004,"Providence","RI","0.32",0.32,0,0
"2426","28.0%","Kent",2405,"RI","I.95",87,"SN","Reentry from South",0,0,"",3003,"Kent","RI","1.21",1.21,0,0
"2427","28.0%","Providence",2407,"RI","I.95",88,"SN","Reentry from South",0,0,"",3004,"Providence","RI",NA,11.47,0,0
"2428","28.0%","Bristol",1229,"MA","I.95",89,"SN","",0,0,"",0,"Bristol","MA",NA,11.79,0,0
"2429","28.1%","Norfolk",1237,"MA","I.95",90,"SN","",0,0,"",0,"Norfolk","MA",NA,26.12,0,0
"2430","28.1%","Middlesex",1235,"MA","I.95",91,"SN","Reentry from North",0,0,"",2005,"Middlesex","MA",NA,21.34,0,0
"2431","28.1%","Essex",1231,"MA","I.95",92,"SN","Reentry from North",0,0,"",2006,"Essex","MA","0.45",0.45,0,0
"2432","28.1%","Middlesex",1235,"MA","I.95",93,"SN","Reentry from South",0,0,"",3005,"Middlesex","MA","1.53",1.53,0,0
"2433","28.1%","Essex",1231,"MA","I.95",94,"SN","Reentry from South",0,0,"",3006,"Essex","MA",NA,30.06,0,0
"2434","28.1%","Rockingham",1782,"NH","I.95",95,"SN","",0,0,"W",0,"Rockingham","NH","16.13",16.38,0,0
"2435","28.1%","York",1201,"ME","I.95",96,"SN","",0,0,"",0,"York","ME",NA,39,0,0
"2436","28.1%","Cumberland",1188,"ME","I.95",97,"SN","",0,0,"",0,"Cumberland","ME",NA,34.4,0,0
"2437","28.2%","Androscoggin",1186,"ME","I.95",98,"SN","",0,0,"",0,"Androscoggin","ME",NA,16.85,0,0
"2438","28.2%","Kennebec",1191,"ME","I.95",99,"SN","Reentry from North",0,0,"",2007,"Kennebec","ME",NA,40.84,0,0
"2439","28.2%","Somerset",1198,"ME","I.95",100,"SN","Reentry from North",0,0,"",2008,"Somerset","ME","2.40",2.4,0,0
"2440","28.2%","Kennebec",1191,"ME","I.95",101,"SN","Reentry from South",0,0,"",3007,"Kennebec","ME","8.26",8.26,0,0
"2441","28.2%","Waldo",1199,"ME","I.95",102,"SN","",0,0,"",0,"Waldo","ME",NA,0.84,0,0
"2442","28.2%","Somerset",1198,"ME","I.95",103,"SN","Reentry from South",0,0,"",3008,"Somerset","ME",NA,14.39,0,0
"2443","28.2%","Penobscot",1195,"ME","I.95",104,"SN","",0,0,"",0,"Penobscot","ME",NA,105.59,0,0
"2444","28.2%","Aroostook",1187,"ME","I.95",105,"SN","",0,0,"",0,"Aroostook","ME",NA,42.75,0,0
"2445","28.2%","Muskegon",1301,"MI","I.96",1,"WE","",0,0,"",0,"Muskegon","MI",NA,5.71,0,0
"2446","28.3%","Ottawa",1310,"MI","I.96",2,"WE","",0,0,"",0,"Ottawa","MI",NA,19.45,0,0
"2447","28.3%","Kent",1281,"MI","I.96",3,"WE","",0,0,"",0,"Kent","MI",NA,30.37,0,0
"2448","28.3%","Ionia",1274,"MI","I.96",4,"WE","",0,0,"",0,"Ionia","MI",NA,25.5,1,0
"2449","28.3%","Clinton",1259,"MI","I.96",5,"WE","",0,0,"",0,"Clinton","MI",NA,10.12,0,1
"2450","28.3%","Eaton",1263,"MI","I.96",6,"WE","",0,0,"",0,"Eaton","MI",NA,9.62,0,0
"2451","28.3%","Ingham",1273,"MI","I.96",7,"WE","",0,0,"",0,"Ingham","MI",NA,23.77,0,0
"2452","28.3%","Livingston",1287,"MI","I.96",8,"WE","",0,0,"",0,"Livingston","MI",NA,27.31,0,0
"2453","28.3%","Oakland",1303,"MI","I.96",9,"WE","",0,0,"",0,"Oakland","MI",NA,15.29,0,0
"2454","28.3%","Wayne",1322,"MI","I.96",10,"WE","",0,0,"",0,"Wayne","MI",NA,24.7,0,0
"2455","28.4%","Anne Arundel",1203,"MD","I.97",1,"SN","",0,0,"W",0,"Anne Arundel","MD","17.62",16.41,0,0
"2456","28.4%","Alameda",193,"CA","I.980",1,"SN","",0,0,"W",0,"Alameda","CA","2.03",1.43,0,0
"2457","28.4%","Gwinnett",461,"GA","I.985",1,"SN","",0,0,"",0,"Gwinnett","GA",NA,7.48,0,0
"2458","28.4%","Hall",463,"GA","I.985",2,"SN","",0,0,"",0,"Hall","GA",NA,17.06,0,0
"2459","28.4%","Bedford",2263,"PA","I.99",1,"SN","",0,0,"",0,"Bedford","PA",NA,14.33,0,0
"2460","28.4%","Blair",2265,"PA","I.99",2,"SN","",0,0,"",0,"Blair","PA",NA,41.83,0,0
"2461","28.4%","Centre",2272,"PA","I.99",3,"SN","",0,0,"",0,"Centre","PA",NA,29.46,0,0
"2462","28.4%","Gap",7777,"PA","I.99",4,"SN","",0,0,"",0,"Gap","Gap",NA,0,0,0
"2463","28.5%","Steuben",1889,"NY","I.99",5,"SN","",0,0,"",0,"Steuben","NY",NA,11.93,0,0
"2464","28.5%","Erie",1853,"NY","I.990",1,"WE","",0,0,"W",0,"Erie","NY","6.35",5.49,0,0
"2465","28.5%","Monroe",371,"FL","US.1",1,"SN","",0,0,"GE",0,"Monroe","FL","112.60",110.44,0,1
"2466","28.5%","Miami-Dade",370,"FL","US.1",2,"SN","",0,0,"GE",0,"Miami-Dade","FL","59.66",59.71,0,0
"2467","28.5%","Broward",333,"FL","US.1",3,"SN","",0,0,"GE",0,"Broward","FL","25.66",25.72,0,0
"2468","28.5%","Palm Beach",377,"FL","US.1",4,"SN","",0,0,"GE",0,"Palm Beach","FL","45.66",45.65,0,0
"2469","28.5%","Martin",369,"FL","US.1",5,"SN","",0,0,"GE",0,"Martin","FL","23.91",23.91,0,0
"2470","28.5%","St. Lucie",383,"FL","US.1",6,"SN","",0,0,"GE",0,"St. Lucie","FL","21.10",21.11,0,0
"2471","28.5%","Indian River",357,"FL","US.1",7,"SN","",0,0,"GE",0,"Indian River","FL","22.08",22.06,0,0
"2472","28.6%","Brevard",332,"FL","US.1",8,"SN","",0,0,"GE",0,"Brevard","FL","69.36",69.37,0,0
"2473","28.6%","Volusia",391,"FL","US.1",9,"SN","",0,0,"GE",0,"Volusia","FL","44.95",44.94,0,0
"2474","28.6%","Flagler",344,"FL","US.1",10,"SN","",0,0,"GE",0,"Flagler","FL","23.40",23.54,0,0
"2475","28.6%","St. Johns",382,"FL","US.1",11,"SN","",0,0,"GE",0,"St. Johns","FL","34.39",34.39,0,0
"2476","28.6%","Duval",342,"FL","US.1",12,"SN","",0,0,"GE",0,"Duval","FL","35.58",35.7,0,0
"2477","28.6%","Nassau",372,"FL","US.1",13,"SN","",0,0,"GE",0,"Nassau","FL","22.24",22.23,0,0
"2478","28.6%","Charlton",418,"GA","US.1",14,"SN","",0,0,"GE",0,"Charlton","GA","19.25",19.28,0,0
"2479","28.6%","Ware",542,"GA","US.1",15,"SN","",0,0,"GE",0,"Ware","GA","36.72",38.44,0,0
"2480","28.6%","Bacon",397,"GA","US.1",16,"SN","",0,0,"GE",0,"Bacon","GA","17.88",17.87,0,0
"2481","28.7%","Appling",395,"GA","US.1",17,"SN","",0,0,"GE",0,"Appling","GA","21.22",21.23,0,0
"2482","28.7%","Toombs",532,"GA","US.1",18,"SN","",0,0,"GE",0,"Toombs","GA","26.08",26.16,0,0
"2483","28.7%","Emanuel",447,"GA","US.1",19,"SN","",0,0,"GE",0,"Emanuel","GA","39.91",39.87,0,0
"2484","28.7%","Jefferson",475,"GA","US.1",20,"SN","",0,0,"GE",0,"Jefferson","GA","35.73",35.72,0,1
"2485","28.7%","Richmond",515,"GA","US.1",21,"SN","",0,0,"GE",0,"Richmond","GA","26.64",26.06,0,0
"2486","28.7%","Aiken",2410,"SC","US.1",22,"SN","",0,0,"GE",0,"Aiken","SC","40.04",40.08,0,0
"2487","28.7%","Saluda",2449,"SC","US.1",23,"SN","",0,0,"GE",0,"Saluda","SC","2.23",2.24,0,0
"2488","28.7%","Lexington",2440,"SC","US.1",24,"SN","",0,0,"GE",0,"Lexington","SC","31.72",31.74,0,0
"2489","28.8%","Richland",2448,"SC","US.1",25,"SN","",0,0,"GE",0,"Richland","SC","18.36",19.03,0,0
"2490","28.8%","Kershaw",2436,"SC","US.1",26,"SN","Reentry from East",0,0,"GE",2001,"Kershaw","SC","37.02",36.96,0,0
"2491","28.8%","Chesterfield",2421,"SC","US.1",27,"SN","Reentry from East",0,0,"GE",2001,"Chesterfield","SC","0.12",0.12,0,0
"2492","28.8%","Kershaw",2436,"SC","US.1",28,"SN","Reentry from West",0,0,"GE",3001,"Kershaw","SC","0.06",0.06,0,0
"2493","28.8%","Chesterfield",2421,"SC","US.1",29,"SN","Reentry from West",0,0,"GE",3002,"Chesterfield","SC","34.10",34.19,0,0
"2494","28.8%","Marlboro",2442,"SC","US.1",30,"SN","",0,0,"GE",0,"Marlboro","SC","7.58",7.63,0,0
"2495","28.8%","Richmond",1977,"NC","US.1",31,"SN","",0,0,"GE",0,"Richmond","NC","31.45",31.52,0,0
"2496","28.8%","Moore",1963,"NC","US.1",32,"SN","",0,0,"GE",0,"Moore","NC","26.11",26.13,0,0
"2497","28.8%","Lee",1953,"NC","US.1",33,"SN","",0,0,"GE",0,"Lee","NC","22.27",22.27,0,0
"2498","28.9%","Chatham",1919,"NC","US.1",34,"SN","",0,0,"GE",0,"Chatham","NC","6.65",6.64,0,0
"2499","28.9%","Wake",1992,"NC","US.1",35,"SN","",0,0,"GE",0,"Wake","NC","42.66",42.77,0,0
"2500","28.9%","Franklin",1935,"NC","US.1",36,"SN","",0,0,"GE",0,"Franklin","NC","11.92",11.92,0,0
"2501","28.9%","Vance",1991,"NC","US.1",37,"SN","",0,0,"GE",0,"Vance","NC","20.27",20.31,0,0
"2502","28.9%","Warren",1993,"NC","US.1",38,"SN","",0,0,"GE",0,"Warren","NC","13.96",13.96,0,0
"2503","28.9%","Mecklenburg",3018,"VA","US.1",39,"SN","",0,0,"GE",0,"Mecklenburg","VA","22.15",22.14,0,0
"2504","28.9%","Brunswick",2948,"VA","US.1",40,"SN","",0,0,"GE",0,"Brunswick","VA","20.76",20.76,0,0
"2505","28.9%","Dinwiddie",2971,"VA","US.1",41,"SN","",1,1,"GE",0,"Dinwiddie","VA","25.57",25.57,0,0
"2506","28.9%","Petersburg, City of",2973,"VA","US.1",42,"SN","",1,0,"GE",0,"Petersburg, City of","VA","3.40",3.4,0,0
"2507","29.0%","Colonial Heights, City of",2962,"VA","US.1",43,"SN","",2,0,"GE",0,"Colonial Heights, City of","VA","3.31",3.31,0,0
"2508","29.0%","Chesterfield",2960,"VA","US.1",44,"SN","",2,1,"GE",0,"Chesterfield","VA","12.58",12.59,0,0
"2509","29.0%","Richmond, City of",2999,"VA","US.1",45,"SN","",3,0,"GE",0,"Richmond, City of","VA","10.31",10.32,0,0
"2510","29.0%","Henrico",2997,"VA","US.1",46,"SN","",3,1,"GE",0,"Henrico","VA","5.46",5.47,0,0
"2511","29.0%","Hanover",2996,"VA","US.1",47,"SN","",0,0,"GE",0,"Hanover","VA","14.76",14.76,0,0
"2512","29.0%","Caroline",2954,"VA","US.1",48,"SN","",0,0,"GE",0,"Caroline","VA","14.78",14.78,0,0
"2513","29.0%","Spotsylvania",3066,"VA","US.1",49,"SN","",4,1,"GE",0,"Spotsylvania","VA","12.76",13.26,0,0
"2514","29.0%","Fredericksburg, City of",3068,"VA","US.1",50,"SN","",4,0,"GE",0,"Fredericksburg, City of","VA","3.40",3.4,0,0
"2515","29.1%","Stafford",3069,"VA","US.1",51,"SN","",0,0,"GE",0,"Stafford","VA","15.95",16.1,0,0
"2516","29.1%","Prince William",3041,"VA","US.1",52,"SN","",0,0,"GE",0,"Prince William","VA","12.46",12.44,0,0
"2517","29.1%","Fairfax",2975,"VA","US.1",53,"SN","",0,0,"GE",0,"Fairfax","VA","14.87",14.96,0,0
"2518","29.1%","Alexandria, City of",2939,"VA","US.1",54,"SN","",5,0,"GE",0,"Alexandria, City of","VA","3.46",3.46,0,0
"2519","29.1%","Arlington",2937,"VA","US.1",55,"SN","",5,1,"GE",0,"Arlington","VA","2.47",2.46,0,0
"2520","29.1%","District of Columbia",327,"DC","US.1",56,"SN","",0,0,"GE",0,"District of Columbia","DC","7.07",7.06,0,0
"2521","29.1%","Prince George's",1219,"MD","US.1",57,"SN","",0,0,"GE",0,"Prince George's","MD","14.19",14.27,0,0
"2522","29.1%","Howard",1216,"MD","US.1",58,"SN","",0,0,"GE",0,"Howard","MD","10.98",11,0,0
"2523","29.1%","Baltimore",1205,"MD","US.1",59,"SN","Reentry from North",9,1,"GE",2003,"Baltimore","MD","3.70",3.7,0,0
"2524","29.2%","Baltimore, City of",1206,"MD","US.1",60,"SN","",9,0,"GE",0,"Baltimore City","MD","11.90",11.89,0,0
"2525","29.2%","Baltimore",1205,"MD","US.1",61,"SN","Reentry from South",9,1,"GE",3003,"Baltimore","MD","10.70",10.97,0,0
"2526","29.2%","Harford",1215,"MD","US.1",62,"SN","",0,0,"GE",0,"Harford","MD","19.95",19.94,0,0
"2527","29.2%","Cecil",1210,"MD","US.1",63,"SN","",0,0,"GE",0,"Cecil","MD","9.32",9.32,0,0
"2528","29.2%","Chester",2273,"PA","US.1",64,"SN","",0,0,"GE",0,"Chester","PA","27.89",27.9,0,0
"2529","29.2%","Delaware",2281,"PA","US.1",65,"SN","",0,0,"GE",0,"Delaware","PA","19.32",19.49,0,0
"2530","29.2%","Montgomery",2304,"PA","US.1",66,"SN","Abuts, to the North",0,0,"GE",0,"Montgomery","PA","1.79",2.87,0,0
"2531","29.2%","Philadelphia",2309,"PA","US.1",67,"SN","",0,0,"GE",0,"Philadelphia","PA","18.48",17.29,0,0
"2532","29.2%","Bucks",2267,"PA","US.1",68,"SN","",0,0,"GE",0,"Bucks","PA","13.74",13.75,0,0
"2533","29.3%","Mercer",1795,"NJ","US.1",69,"SN","",0,0,"GE",0,"Mercer","NJ","12.06",12.07,0,0
"2534","29.3%","Middlesex",1796,"NJ","US.1",70,"SN","",0,0,"GE",0,"Middlesex","NJ","26.57",26.57,0,0
"2535","29.3%","Union",1804,"NJ","US.1",71,"SN","",0,0,"GE",0,"Union","NJ","7.91",7.91,0,0
"2536","29.3%","Essex",1791,"NJ","US.1",72,"SN","",0,0,"GE",0,"Essex","NJ","5.69",5.66,0,0
"2537","29.3%","Hudson",1793,"NJ","US.1",73,"SN","",0,0,"GE",0,"Hudson","NJ","8.83",8.81,0,0
"2538","29.3%","Bergen",1786,"NJ","US.1",74,"SN","",0,0,"GE",0,"Bergen","NJ","5.51",5.51,0,0
"2539","29.3%","New York",1869,"NY","US.1",75,"SN","",0,0,"GE",0,"New York","NY","1.34",1.33,0,0
"2540","29.3%","Bronx",1841,"NY","US.1",76,"SN","",0,0,"GE",0,"Bronx","NY","7.55",7.75,0,0
"2541","29.4%","Westchester",1898,"NY","US.1",77,"SN","",0,0,"GE",0,"Westchester","NY","12.68",12.82,0,0
"2542","29.4%","Western Connecticut",323,"CT","US.1",78,"SN","",0,0,"GE",0,"Western Connecticut","CT","22.77",22.82,0,0
"2543","29.4%","Greater Bridgeport",316,"CT","US.1",79,"SN","",0,0,"GE",0,"Greater Bridgeport","CT","12.52",12.62,0,0
"2544","29.4%","South Central Connecticut",321,"CT","US.1",80,"SN","",0,0,"GE",0,"South Central Connecticut","CT","35.21",35.29,0,0
"2545","29.4%","Lower Connecticut River Valley",317,"CT","US.1",81,"SN","",0,0,"GE",0,"Lower Connecticut River Valley","CT","17.86",17.82,0,0
"2546","29.4%","Southeastern Connecticut",322,"CT","US.1",82,"SN","",0,0,"GE",0,"Southeastern Connecticut","CT","28.73",28.87,0,0
"2547","29.4%","Washington",2408,"RI","US.1",83,"SN","",0,0,"GE",0,"Washington","RI","36.31",36.52,0,1
"2548","29.4%","Kent",2405,"RI","US.1",84,"SN","",0,0,"GE",0,"Kent","RI","10.17",10.17,0,0
"2549","29.4%","Providence",2407,"RI","US.1",85,"SN","",0,0,"GE",0,"Providence","RI","10.61",10.68,0,0
"2550","29.5%","Bristol",1229,"MA","US.1",86,"SN","",0,0,"GE",0,"Bristol","MA","7.92",7.91,0,0
"2551","29.5%","Norfolk",1237,"MA","US.1",87,"SN","",0,0,"GE",0,"Norfolk","MA","31.46",31.69,0,0
"2552","29.5%","Suffolk",1239,"MA","US.1",88,"SN","Reentry from East",0,0,"GE",2004,"Suffolk","MA","13.47",13.77,0,0
"2553","29.5%","Middlesex",1235,"MA","US.1",89,"SN","Curved exit only",0,0,"GE",2005,"Middlesex","MA","0.35",0.7,0,0
"2554","29.5%","Suffolk",1239,"MA","US.1",90,"SN","Reentry",0,0,"GE",1004,"Suffolk","MA","0.01",0.01,0,0
"2555","29.5%","Essex",1231,"MA","US.1",91,"SN","",0,0,"GE",0,"Essex","MA","32.02",32.1,0,0
"2556","29.5%","Middlesex",1235,"MA","US.1",92,"SN","Reentry from West",0,0,"GE",3005,"Middlesex","MA","0.42",0.42,0,0
"2557","29.5%","Suffolk",1239,"MA","US.1",93,"SN","Reentry from West",0,0,"GE",3004,"Suffolk","MA","0.04",0.04,0,0
"2558","29.5%","Rockingham",1782,"NH","US.1",94,"SN","",0,0,"GE",0,"Rockingham","NH","16.89",16.92,0,0
"2559","29.6%","York",1201,"ME","US.1",95,"SN","",0,0,"GE",0,"York","ME","39.91",39.94,0,0
"2560","29.6%","Cumberland",1188,"ME","US.1",96,"SN","",0,0,"GE",0,"Cumberland","ME","41.67",41.69,0,0
"2561","29.6%","Sagadahoc",1197,"ME","US.1",97,"SN","",0,0,"GE",0,"Sagadahoc","ME","9.01",9.01,0,0
"2562","29.6%","Lincoln",1193,"ME","US.1",98,"SN","",0,0,"GE",0,"Lincoln","ME","25.37",25.38,1,1
"2563","29.6%","Knox",1192,"ME","US.1",99,"SN","",0,0,"GE",0,"Knox","ME","23.49",23.51,1,0
"2564","29.6%","Waldo",1199,"ME","US.1",100,"SN","",0,0,"GE",0,"Waldo","ME","32.26",32.27,0,0
"2565","29.6%","Hancock",1190,"ME","US.1",101,"SN","",0,0,"GE",0,"Hancock","ME","44.89",44.93,0,0
"2566","29.6%","Washington",1200,"ME","US.1",102,"SN","",0,0,"GE",0,"Washington","ME","154.13",154.24,1,1
"2567","29.7%","Aroostook",1187,"ME","US.1",103,"SN","",0,0,"GE",0,"Aroostook","ME","155.85",155.82,0,0
"2568","29.7%","Providence",2407,"RI","US.1A.RI",1,"SN","",0,0,"",0,"Providence","RI",NA,11.72,0,0
"2569","29.7%","Waldo",1199,"ME","US.1A.ME.S",1,"SN","",0,0,"",0,"Waldo","ME",NA,16.25,0,0
"2570","29.7%","Penobscot",1195,"ME","US.1A.ME.S",2,"SN","",0,0,"",0,"Penobscot","ME",NA,17.25,0,0
"2571","29.7%","Hancock",1190,"ME","US.1A.ME.S",3,"SN","",0,0,"",0,"Hancock","ME",NA,17.23,0,0
"2572","29.7%","Aroostook",1187,"ME","US.1A.ME.N",1,"SN","",0,0,"",0,"Aroostook","ME",NA,50.52,0,0
"2573","29.7%","Cass",2009,"ND","US.10",1,"WE","",0,0,"W",0,"Cass","ND","8.36",7.74,0,0
"2574","29.7%","Clay",1337,"MN","US.10",2,"WE","",0,0,"",0,"Clay","MN","28.62",28.59,0,0
"2575","29.7%","Becker",1326,"MN","US.10",3,"WE","",0,0,"",0,"Becker","MN","26.57",26.5,0,0
"2576","29.8%","Otter Tail",1379,"MN","US.10",4,"WE","",0,0,"",0,"Otter Tail","MN","34.52",34.4,0,0
"2577","29.8%","Wadena",1403,"MN","US.10",5,"WE","",0,0,"",0,"Wadena","MN","13.52",13.41,0,0
"2578","29.8%","Todd",1400,"MN","US.10",6,"WE","Reentry from East",0,0,"",2001,"Todd","MN","11.97",12.14,0,0
"2579","29.8%","Morrison",1372,"MN","US.10",7,"WE","Reentry from East",0,0,"",2002,"Morrison","MN","8.73",8.4,0,0
"2580","29.8%","Todd",1400,"MN","US.10",8,"WE","Reentry from West",0,0,"",3001,"Todd","MN","0.80",0.8,0,0
"2581","29.8%","Morrison",1372,"MN","US.10",9,"WE","Reentry from West",0,0,"",3002,"Morrison","MN","35.35",35.35,0,0
"2582","29.8%","Benton",1328,"MN","US.10",10,"WE","",0,0,"",0,"Benton","MN","20.79",20.77,1,0
"2583","29.8%","Sherburne",1394,"MN","US.10",11,"WE","",0,0,"",0,"Sherburne","MN","39.37",39.25,0,0
"2584","29.8%","Anoka",1325,"MN","US.10",12,"WE","",0,0,"",0,"Anoka","MN","17.85",17.72,0,0
"2585","29.9%","Ramsey",1385,"MN","US.10",13,"WE","",0,0,"",0,"Ramsey","MN","22.87",22.69,0,0
"2586","29.9%","Washington",1405,"MN","US.10",14,"WE","",0,0,"",0,"Washington","MN","15.07",14.92,0,1
"2587","29.9%","Pierce",3228,"WI","US.10",15,"WE","",0,0,"",0,"Pierce","WI","38.40",38.06,0,1
"2588","29.9%","Pepin",3227,"WI","US.10",16,"WE","",0,0,"",0,"Pepin","WI","18.62",18.41,1,0
"2589","29.9%","Buffalo",3186,"WI","US.10",17,"WE","",0,0,"",0,"Buffalo","WI","13.10",13.04,1,0
"2590","29.9%","Trempealeau",3242,"WI","US.10",18,"WE","",0,0,"",0,"Trempealeau","WI","18.96",18.86,0,0
"2591","29.9%","Jackson",3207,"WI","US.10",19,"WE","",0,0,"",0,"Jackson","WI","10.77",10.88,0,1
"2592","29.9%","Eau Claire",3198,"WI","US.10",20,"WE","",0,0,"",0,"Eau Claire","WI","1.54",1.37,0,0
"2593","30.0%","Clark",3190,"WI","US.10",21,"WE","",0,0,"",0,"Clark","WI","33.50",33.34,0,0
"2594","30.0%","Wood",3252,"WI","US.10",22,"WE","",0,0,"",0,"Wood","WI","25.70",25.64,1,0
"2595","30.0%","Portage",3230,"WI","US.10",23,"WE","",0,0,"",0,"Portage","WI","37.87",37.69,0,0
"2596","30.0%","Waupaca",3249,"WI","US.10",24,"WE","",0,0,"",0,"Waupaca","WI","26.29",26.19,0,0
"2597","30.0%","Winnebago",3251,"WI","US.10",25,"WE","",0,0,"",0,"Winnebago","WI","22.07",22.19,0,0
"2598","30.0%","Calumet",3188,"WI","US.10",26,"WE","",0,0,"",0,"Calumet","WI","19.62",19.17,0,0
"2599","30.0%","Manitowoc",3216,"WI","US.10",27,"WE","",0,0,"",0,"Manitowoc","WI","25.78",25.9,0,0
"2600","30.0%","Ferry",8888,"Gap","US.10",28,"WE","Gap for ferry",0,0,"",0,"Ferry","Gap","-",0,0,0
"2601","30.0%","Mason",1293,"MI","US.10",29,"WE","",0,0,"",0,"Mason","MI","21.64",21.12,0,0
"2602","30.1%","Lake",1283,"MI","US.10",30,"WE","",0,0,"",0,"Lake","MI","26.94",26.91,1,0
"2603","30.1%","Osceola",1307,"MI","US.10",31,"WE","",0,0,"",0,"Osceola","MI","25.02",24.9,0,0
"2604","30.1%","Clare",1258,"MI","US.10",32,"WE","",0,0,"",0,"Clare","MI","21.84",21.98,0,0
"2605","30.1%","Isabella",1277,"MI","US.10",33,"WE","",0,0,"",0,"Isabella","MI","7.18",7.22,0,0
"2606","30.1%","Midland",1296,"MI","US.10",34,"WE","",0,0,"",0,"Midland","MI","26.12",26.14,1,0
"2607","30.1%","Bay",1249,"MI","US.10",35,"WE","",0,0,"",0,"Bay","MI","11.84",11.48,0,0
"2608","30.1%","Los Angeles",211,"CA","US.101",1,"SN","",0,0,"",0,"Los Angeles","CA","40.69",40.69,0,0
"2609","30.1%","Ventura",248,"CA","US.101",2,"SN","",0,0,"",0,"Ventura","CA","43.11",43.75,1,0
"2610","30.1%","Santa Barbara",234,"CA","US.101",3,"SN","",0,0,"",0,"Santa Barbara","CA","90.88",90.87,1,0
"2611","30.2%","San Luis Obispo",232,"CA","US.101",4,"SN","",0,0,"",0,"San Luis Obispo","CA","69.48",69.48,1,0
"2612","30.2%","Monterey",219,"CA","US.101",5,"SN","",0,0,"",0,"Monterey","CA","99.95",99.96,1,0
"2613","30.2%","San Benito",227,"CA","US.101",6,"SN","",0,0,"",0,"San Benito","CA","7.37",7.37,1,0
"2614","30.2%","Santa Clara",235,"CA","US.101",7,"SN","",0,0,"",0,"Santa Clara","CA","53.34",53.35,0,0
"2615","30.2%","San Mateo",233,"CA","US.101",8,"SN","",0,0,"",0,"San Mateo","CA","26.30",26.29,0,0
"2616","30.2%","San Francisco",230,"CA","US.101",9,"SN","",0,0,"",0,"San Francisco","CA","10.67",11.81,0,0
"2617","30.2%","Marin",213,"CA","US.101",10,"SN","",0,0,"",0,"Marin","CA","28.07",28.11,0,0
"2618","30.2%","Sonoma",241,"CA","US.101",11,"SN","",0,0,"",0,"Sonoma","CA","56.28",56.27,1,0
"2619","30.3%","Mendocino",215,"CA","US.101",12,"SN","",0,0,"",0,"Mendocino","CA","105.71",105.76,1,0
"2620","30.3%","Humboldt",204,"CA","US.101",13,"SN","",0,0,"",0,"Humboldt","CA","134.85",134.88,1,0
"2621","30.3%","Del Norte",200,"CA","US.101",14,"SN","",0,0,"",0,"Del Norte","CA","45.52",45.54,0,0
"2622","30.3%","Curry",2230,"OR","US.101",15,"SN","",0,0,"",0,"Curry","OR","77.60",77.58,1,0
"2623","30.3%","Coos",2228,"OR","US.101",16,"SN","",0,0,"",0,"Coos","OR","53.66",53.64,1,0
"2624","30.3%","Douglas",2232,"OR","US.101",17,"SN","",0,0,"",0,"Douglas","OR","22.10",22.1,0,0
"2625","30.3%","Lane",2242,"OR","US.101",18,"SN","",0,0,"",0,"Lane","OR","31.17",31.12,0,0
"2626","30.3%","Lincoln",2243,"OR","US.101",19,"SN","",0,0,"",0,"Lincoln","OR","60.04",59.92,0,1
"2627","30.3%","Tillamook",2251,"OR","US.101",20,"SN","",0,0,"",0,"Tillamook","OR","68.42",69.03,0,0
"2628","30.4%","Clatsop",2226,"OR","US.101",21,"SN","",0,0,"",0,"Clatsop","OR","30.01",35.16,0,0
"2629","30.4%","Pacific",3111,"WA","US.101",22,"SN","",0,0,"",0,"Pacific","WA","66.13",67.02,1,0
"2630","30.4%","Grays Harbor",3100,"WA","US.101",23,"SN","Reentry from North",0,0,"",2001,"Grays Harbor","WA","80.64",77.14,0,0
"2631","30.4%","Jefferson",3102,"WA","US.101",24,"SN","Reentry from North",0,0,"",2002,"Jefferson","WA","3.68",3.68,0,1
"2632","30.4%","Grays Harbor",3100,"WA","US.101",25,"SN","Reentry from South",0,0,"",3001,"Grays Harbor","WA","3.49",3.49,0,0
"2633","30.4%","Jefferson",3102,"WA","US.101",26,"SN","Reentry",0,0,"",1002,"Jefferson","WA","76.81",33.1,0,1
"2634","30.4%","Clallam",3091,"WA","US.101",27,"SN","",0,0,"",0,"Clallam","WA","88.97",89.13,1,0
"2635","30.4%","Jefferson",3102,"WA","US.101",28,"SN","Reentry from South",0,0,"",3002,"Jefferson","WA","40.00",40,0,1
"2636","30.4%","Mason",3109,"WA","US.101",29,"SN","",0,0,"",0,"Mason","WA","41.45",41.71,1,0
"2637","30.5%","Thurston",3120,"WA","US.101",30,"SN","",0,0,"",0,"Thurston","WA","10.35",10.09,0,0
"2638","30.5%","Orleans",1157,"LA","US.11.E",1,"SN","",0,0,"",0,"Orleans","LA",NA,8.24,0,0
"2639","30.5%","St. Tammany",1173,"LA","US.11.E",2,"SN","",0,0,"",0,"St. Tammany","LA",NA,22.89,0,0
"2640","30.5%","Pearl River",1465,"MS","US.11.E",3,"SN","",0,0,"",0,"Pearl River","MS",NA,39.97,0,0
"2641","30.5%","Lamar",1447,"MS","US.11.E",4,"SN","",0,0,"",0,"Lamar","MS",NA,20.09,0,0
"2642","30.5%","Forrest",1428,"MS","US.11.E",5,"SN","",0,0,"",0,"Forrest","MS",NA,15.46,0,0
"2643","30.5%","Jones",1444,"MS","US.11.E",6,"SN","",0,0,"",0,"Jones","MS",NA,33.6,0,0
"2644","30.5%","Jasper",1441,"MS","US.11.E",7,"SN","",0,0,"",0,"Jasper","MS",NA,11.04,0,0
"2645","30.6%","Clarke",1422,"MS","US.11.E",8,"SN","",0,0,"",0,"Clarke","MS",NA,21.65,0,0
"2646","30.6%","Lauderdale",1448,"MS","US.11.E",9,"SN","",0,0,"",0,"Lauderdale","MS",NA,30.78,0,0
"2647","30.6%","Sumter",60,"AL","US.11.E",10,"SN","",0,0,"",0,"Sumter","AL",NA,27.07,0,0
"2648","30.6%","Greene",32,"AL","US.11.E",11,"SN","",0,0,"",0,"Greene","AL",NA,32.33,0,0
"2649","30.6%","Tuscaloosa",63,"AL","US.11.E",12,"SN","Reentry from East",0,0,"",2001,"Tuscaloosa","AL",NA,43.56,0,0
"2650","30.6%","Bibb",4,"AL","US.11.E",13,"SN","",0,0,"",0,"Bibb","AL",NA,3.36,0,0
"2651","30.6%","Tuscaloosa",63,"AL","US.11.E",14,"SN","Reentry from West",0,0,"",3001,"Tuscaloosa","AL","6.19",6.19,0,0
"2652","30.6%","Jefferson",37,"AL","US.11.E",15,"SN","",0,0,"",0,"Jefferson","AL",NA,45.83,0,1
"2653","30.6%","St. Clair",58,"AL","US.11.E",16,"SN","",0,0,"",0,"St. Clair","AL",NA,28.96,0,0
"2654","30.7%","Etowah",28,"AL","US.11.E",17,"SN","",0,0,"",0,"Etowah","AL",NA,22.49,0,0
"2655","30.7%","DeKalb",25,"AL","US.11.E",18,"SN","",0,0,"",0,"DeKalb","AL",NA,42.75,0,0
"2656","30.7%","Dade",435,"GA","US.11.E",19,"SN","",0,0,"W",0,"Dade","GA","22.80",22.87,0,0
"2657","30.7%","Hamilton",2553,"TN","US.11.E",20,"SN","",0,0,"",0,"Hamilton","TN",NA,29.74,0,0
"2658","30.7%","Bradley",2526,"TN","US.11.E",21,"SN","",0,0,"",0,"Bradley","TN",NA,21.07,0,0
"2659","30.7%","McMinn",2579,"TN","US.11.E",22,"SN","",0,0,"",0,"McMinn","TN",NA,24.59,0,0
"2660","30.7%","Monroe",2582,"TN","US.11.E",23,"SN","",0,0,"",0,"Monroe","TN",NA,8.72,0,1
"2661","30.7%","Loudon",2573,"TN","US.11.E",24,"SN","",0,0,"",0,"Loudon","TN",NA,18.63,0,0
"2662","30.7%","Knox",2567,"TN","US.11.E",25,"SN","",0,0,"",0,"Knox","TN",NA,35.9,0,0
"2663","30.8%","Jefferson",2565,"TN","US.11.E",26,"SN","",0,0,"",0,"Jefferson","TN",NA,16.6,0,1
"2664","30.8%","Hamblen",2552,"TN","US.11.E",27,"SN","",0,0,"",0,"Hamblen","TN",NA,21.44,0,0
"2665","30.8%","Hawkins",2557,"TN","US.11.E",28,"SN","",0,0,"",0,"Hawkins","TN",NA,2.24,0,0
"2666","30.8%","Greene",2550,"TN","US.11.E",29,"SN","",0,0,"",0,"Greene","TN",NA,27.94,0,0
"2667","30.8%","Washington",2610,"TN","US.11.E",30,"SN","",0,0,"",0,"Washington","TN",NA,23.85,0,1
"2668","30.8%","Sullivan",2602,"TN","US.11.E",31,"SN","",0,0,"",0,"Sullivan","TN",NA,17.17,0,0
"2669","30.8%","Bristol, City of",3078,"VA","US.11.E",32,"SN","",12,0,"",0,"Bristol, City of","VA",NA,6,0,0
"2670","30.8%","Washington",3076,"VA","US.11.E",33,"SN","",12,1,"",0,"Washington","VA",NA,26.52,0,1
"2671","30.9%","Smyth",3062,"VA","US.11.E",34,"SN","",0,0,"",0,"Smyth","VA",NA,23.59,0,0
"2672","30.9%","Wythe",3083,"VA","US.11.E",35,"SN","",0,0,"",0,"Wythe","VA",NA,29.43,0,0
"2673","30.9%","Pulaski",3045,"VA","US.11.E",36,"SN","",0,0,"",0,"Pulaski","VA",NA,22.17,0,0
"2674","30.9%","Radford, City of",3022,"VA","US.11.E",37,"SN","",18,0,"",0,"Radford, City of","VA",NA,3.64,0,0
"2675","30.9%","Montgomery",3020,"VA","US.11.E",38,"SN","",18,1,"",0,"Montgomery","VA",NA,22.43,0,0
"2676","30.9%","Roanoke",3048,"VA","US.11.E",39,"SN","Reentry from East",21,1,"",2002,"Roanoke","VA",NA,5.89,0,0
"2677","30.9%","Salem, City of",3051,"VA","US.11.E",40,"SN","",0,0,"",0,"Salem, City of","VA",NA,6.79,0,0
"2678","30.9%","Roanoke, City of",3050,"VA","US.11.E",41,"SN","",21,0,"",0,"Roanoke, City of","VA",NA,9.28,0,0
"2679","30.9%","Roanoke",3048,"VA","US.11.E",42,"SN","Reentry from West",21,1,"",3002,"Roanoke","VA","3.20",3.2,0,0
"2680","31.0%","Botetourt",2947,"VA","US.11.E",43,"SN","",0,0,"",0,"Botetourt","VA",NA,27.22,0,0
"2681","31.0%","Rockbridge",3052,"VA","US.11.E",44,"SN","Reentry from East",22,1,"",2003,"Rockbridge","VA",NA,17.29,0,0
"2682","31.0%","Lexington, City of",3055,"VA","US.11.E",45,"SN","",22,0,"",0,"Lexington, City of","VA",NA,0.7,0,0
"2683","31.0%","Rockbridge",3052,"VA","US.11.E",46,"SN","Reentry from West",22,1,"",3003,"Rockbridge","VA","15.80",15.8,0,0
"2684","31.0%","Augusta",2940,"VA","US.11.E",47,"SN","Reentry from East",8,1,"",2004,"Augusta","VA",NA,16.63,0,0
"2685","31.0%","Staunton, City of",2942,"VA","US.11.E",48,"SN","",8,0,"",0,"Staunton, City of","VA",NA,5.7,0,0
"2686","31.0%","Augusta",2940,"VA","US.11.E",49,"SN","Reentry from West",8,1,"",3004,"Augusta","VA","10.30",10.3,0,0
"2687","31.0%","Rockingham",3056,"VA","US.11.E",50,"SN","Reentry from East",23,1,"",2005,"Rockingham","VA","5.81",5.81,0,0
"2688","31.1%","Harrisonburg, City of",3058,"VA","US.11.E",51,"SN","",23,0,"",0,"Harrisonburg, City of","VA",NA,6.87,0,0
"2689","31.1%","Rockingham",3056,"VA","US.11.E",52,"SN","Reentry from West",23,1,"",3005,"Rockingham","VA",NA,15.34,0,0
"2690","31.1%","Shenandoah",3061,"VA","US.11.E",53,"SN","",0,0,"",0,"Shenandoah","VA",NA,35.24,0,0
"2691","31.1%","Warren",3075,"VA","US.11.E",54,"SN","",0,0,"",0,"Warren","VA",NA,0.51,0,0
"2692","31.1%","Frederick",2983,"VA","US.11.E",55,"SN","Reentry from East",11,1,"",2006,"Frederick","VA",NA,11.71,0,0
"2693","31.1%","Winchester, City of",2985,"VA","US.11.E",56,"SN","",11,0,"",0,"Winchester, City of","VA",NA,4.86,0,0
"2694","31.1%","Frederick",2983,"VA","US.11.E",57,"SN","Reentry from West",11,1,"",3006,"Frederick","VA","7.89",7.89,0,0
"2695","31.1%","Berkeley",3127,"WV","US.11.E",58,"SN","",0,0,"W",0,"Berkeley","WV","26.20",26.45,0,0
"2696","31.1%","Washington",1224,"MD","US.11.E",59,"SN","",0,0,"W",0,"Washington","MD","12.83",12.74,0,1
"2697","31.2%","Franklin",2286,"PA","US.11.E",60,"SN","",0,0,"",0,"Franklin","PA",NA,26.88,0,0
"2698","31.2%","Cumberland",2279,"PA","US.11.E",61,"SN","",0,0,"",0,"Cumberland","PA",NA,45.01,0,0
"2699","31.2%","Perry",2308,"PA","US.11.E",62,"SN","Reentry from East",0,0,"",2007,"Perry","PA","11.40",11.4,0,0
"2700","31.2%","Dauphin",2280,"PA","US.11.E",63,"SN","",0,0,"",0,"Dauphin","PA",NA,0.77,0,0
"2701","31.2%","Perry",2308,"PA","US.11.E",64,"SN","Reentry from West",0,0,"",3007,"Perry","PA",NA,16.97,0,0
"2702","31.2%","Juniata",2292,"PA","US.11.E",65,"SN","",0,0,"",0,"Juniata","PA",NA,1.18,0,0
"2703","31.2%","Snyder",2313,"PA","US.11.E",66,"SN","",0,0,"",0,"Snyder","PA",NA,19.49,0,0
"2704","31.2%","Union",2318,"PA","US.11.E",67,"SN","",0,0,"",0,"Union","PA",NA,0.11,0,0
"2705","31.2%","Northumberland",2307,"PA","US.11.E",68,"SN","",0,0,"",0,"Northumberland","PA",NA,9.72,0,0
"2706","31.3%","Montour",2305,"PA","US.11.E",69,"SN","",0,0,"",0,"Montour","PA",NA,6.94,0,0
"2707","31.3%","Columbia",2277,"PA","US.11.E",70,"SN","",0,0,"",0,"Columbia","PA",NA,17.2,0,0
"2708","31.3%","Luzerne",2298,"PA","US.11.E",71,"SN","",0,0,"",0,"Luzerne","PA",NA,38.19,0,0
"2709","31.3%","Lackawanna",2293,"PA","US.11.E",72,"SN","",0,0,"",0,"Lackawanna","PA",NA,20.54,0,0
"2710","31.3%","Wyoming",2324,"PA","US.11.E",73,"SN","",0,0,"",0,"Wyoming","PA",NA,7.44,0,0
"2711","31.3%","Susquehanna",2316,"PA","US.11.E",74,"SN","",0,0,"",0,"Susquehanna","PA",NA,27.7,0,0
"2712","31.3%","Broome",1842,"NY","US.11.E",75,"SN","",0,0,"",0,"Broome","NY",NA,37.25,0,0
"2713","31.3%","Cortland",1850,"NY","US.11.E",76,"SN","",0,0,"",0,"Cortland","NY",NA,30.43,0,0
"2714","31.4%","Onondaga",1872,"NY","US.11.E",77,"SN","",0,0,"",0,"Onondaga","NY",NA,34.83,0,0
"2715","31.4%","Oswego",1876,"NY","US.11.E",78,"SN","",0,0,"",0,"Oswego","NY",NA,30.95,0,0
"2716","31.4%","Jefferson",1861,"NY","US.11.E",79,"SN","",0,0,"",0,"Jefferson","NY",NA,53.08,0,1
"2717","31.4%","St. Lawrence",1883,"NY","US.11.E",80,"SN","",0,0,"",0,"St. Lawrence","NY",NA,63.23,0,0
"2718","31.4%","Franklin",1855,"NY","US.11.E",81,"SN","",0,0,"",0,"Franklin","NY",NA,32.99,0,0
"2719","31.4%","Clinton",1848,"NY","US.11.E",82,"SN","",0,0,"",0,"Clinton","NY",NA,37.21,0,1
"2720","31.4%","Orleans",1157,"LA","US.11.W",1,"SN","",0,0,"",0,"Orleans","LA",NA,8.24,0,0
"2721","31.4%","St. Tammany",1173,"LA","US.11.W",2,"SN","",0,0,"",0,"St. Tammany","LA",NA,22.89,0,0
"2722","31.4%","Pearl River",1465,"MS","US.11.W",3,"SN","",0,0,"",0,"Pearl River","MS",NA,39.97,0,0
"2723","31.5%","Lamar",1447,"MS","US.11.W",4,"SN","",0,0,"",0,"Lamar","MS",NA,20.09,0,0
"2724","31.5%","Forrest",1428,"MS","US.11.W",5,"SN","",0,0,"",0,"Forrest","MS",NA,15.46,0,0
"2725","31.5%","Jones",1444,"MS","US.11.W",6,"SN","",0,0,"",0,"Jones","MS",NA,33.6,0,0
"2726","31.5%","Jasper",1441,"MS","US.11.W",7,"SN","",0,0,"",0,"Jasper","MS",NA,11.04,0,0
"2727","31.5%","Clarke",1422,"MS","US.11.W",8,"SN","",0,0,"",0,"Clarke","MS",NA,21.65,0,0
"2728","31.5%","Lauderdale",1448,"MS","US.11.W",9,"SN","",0,0,"",0,"Lauderdale","MS",NA,30.78,0,0
"2729","31.5%","Sumter",60,"AL","US.11.W",10,"SN","",0,0,"",0,"Sumter","AL",NA,27.07,0,0
"2730","31.5%","Greene",32,"AL","US.11.W",11,"SN","",0,0,"",0,"Greene","AL",NA,32.33,0,0
"2731","31.5%","Tuscaloosa",63,"AL","US.11.W",12,"SN","Reentry from East",0,0,"",2001,"Tuscaloosa","AL",NA,43.56,0,0
"2732","31.6%","Bibb",4,"AL","US.11.W",13,"SN","",0,0,"",0,"Bibb","AL",NA,3.36,0,0
"2733","31.6%","Tuscaloosa",63,"AL","US.11.W",14,"SN","Reentry from West",0,0,"",3001,"Tuscaloosa","AL","6.19",6.19,0,0
"2734","31.6%","Jefferson",37,"AL","US.11.W",15,"SN","",0,0,"",0,"Jefferson","AL",NA,45.83,0,1
"2735","31.6%","St. Clair",58,"AL","US.11.W",16,"SN","",0,0,"",0,"St. Clair","AL",NA,28.96,0,0
"2736","31.6%","Etowah",28,"AL","US.11.W",17,"SN","",0,0,"",0,"Etowah","AL",NA,22.49,0,0
"2737","31.6%","DeKalb",25,"AL","US.11.W",18,"SN","",0,0,"",0,"DeKalb","AL",NA,42.75,0,0
"2738","31.6%","Dade",435,"GA","US.11.W",19,"SN","",0,0,"W",0,"Dade","GA","22.80",22.87,0,0
"2739","31.6%","Hamilton",2553,"TN","US.11.W",20,"SN","",0,0,"",0,"Hamilton","TN",NA,29.74,0,0
"2740","31.7%","Bradley",2526,"TN","US.11.W",21,"SN","",0,0,"",0,"Bradley","TN",NA,21.07,0,0
"2741","31.7%","McMinn",2579,"TN","US.11.W",22,"SN","",0,0,"",0,"McMinn","TN",NA,24.59,0,0
"2742","31.7%","Monroe",2582,"TN","US.11.W",23,"SN","",0,0,"",0,"Monroe","TN",NA,8.72,0,1
"2743","31.7%","Loudon",2573,"TN","US.11.W",24,"SN","",0,0,"",0,"Loudon","TN",NA,18.63,0,0
"2744","31.7%","Knox",2567,"TN","US.11.W",25,"SN","",0,0,"",0,"Knox","TN",NA,37.57,0,0
"2745","31.7%","Grainger",2549,"TN","US.11.W",2,"SN","",0,0,"",0,"Grainger","TN",NA,31.48,0,0
"2746","31.7%","Hawkins",2557,"TN","US.11.W",3,"SN","",0,0,"",0,"Hawkins","TN",NA,41.48,0,0
"2747","31.7%","Sullivan",2602,"TN","US.11.W",4,"SN","",0,0,"",0,"Sullivan","TN",NA,24,0,0
"2748","31.7%","Bristol, City of",3078,"VA","US.11.W",27,"SN","",12,0,"",0,"Bristol, City of","VA",NA,6.54,0,0
"2749","31.8%","Washington",3076,"VA","US.11.W",28,"SN","",12,1,"",0,"Washington","VA",NA,26.52,0,1
"2750","31.8%","Smyth",3062,"VA","US.11.W",29,"SN","",0,0,"",0,"Smyth","VA",NA,23.59,0,0
"2751","31.8%","Wythe",3083,"VA","US.11.W",30,"SN","",0,0,"",0,"Wythe","VA",NA,29.43,0,0
"2752","31.8%","Pulaski",3045,"VA","US.11.W",31,"SN","",0,0,"",0,"Pulaski","VA",NA,22.17,0,0
"2753","31.8%","Radford, City of",3022,"VA","US.11.W",32,"SN","",18,0,"",0,"Radford, City of","VA",NA,3.64,0,0
"2754","31.8%","Montgomery",3020,"VA","US.11.W",33,"SN","",18,1,"",0,"Montgomery","VA",NA,22.43,0,0
"2755","31.8%","Roanoke",3048,"VA","US.11.W",34,"SN","Reentry from East",21,1,"",2002,"Roanoke","VA",NA,5.89,0,0
"2756","31.8%","Salem, City of",3051,"VA","US.11.W",35,"SN","",0,0,"",0,"Salem, City of","VA",NA,6.79,0,0
"2757","31.8%","Roanoke, City of",3050,"VA","US.11.W",36,"SN","",21,0,"",0,"Roanoke, City of","VA",NA,9.28,0,0
"2758","31.9%","Roanoke",3048,"VA","US.11.W",37,"SN","Reentry from West",21,1,"",3002,"Roanoke","VA","3.20",3.2,0,0
"2759","31.9%","Botetourt",2947,"VA","US.11.W",38,"SN","",0,0,"",0,"Botetourt","VA",NA,27.22,0,0
"2760","31.9%","Rockbridge",3052,"VA","US.11.W",39,"SN","Reentry from East",22,1,"",2003,"Rockbridge","VA",NA,17.29,0,0
"2761","31.9%","Lexington, City of",3055,"VA","US.11.W",40,"SN","",22,0,"",0,"Lexington, City of","VA",NA,0.7,0,0
"2762","31.9%","Rockbridge",3052,"VA","US.11.W",41,"SN","Reentry from West",22,1,"",3003,"Rockbridge","VA","15.80",15.8,0,0
"2763","31.9%","Augusta",2940,"VA","US.11.W",42,"SN","Reentry from East",8,1,"",2004,"Augusta","VA",NA,16.63,0,0
"2764","31.9%","Staunton, City of",2942,"VA","US.11.W",43,"SN","",8,0,"",0,"Staunton, City of","VA",NA,5.7,0,0
"2765","31.9%","Augusta",2940,"VA","US.11.W",44,"SN","Reentry from West",8,1,"",3004,"Augusta","VA","10.30",10.3,0,0
"2766","32.0%","Rockingham",3056,"VA","US.11.W",45,"SN","Reentry from East",23,1,"",2005,"Rockingham","VA","5.81",5.81,0,0
"2767","32.0%","Harrisonburg, City of",3058,"VA","US.11.W",46,"SN","",23,0,"",0,"Harrisonburg, City of","VA",NA,6.87,0,0
"2768","32.0%","Rockingham",3056,"VA","US.11.W",47,"SN","Reentry from West",23,1,"",3005,"Rockingham","VA",NA,15.34,0,0
"2769","32.0%","Shenandoah",3061,"VA","US.11.W",48,"SN","",0,0,"",0,"Shenandoah","VA",NA,35.24,0,0
"2770","32.0%","Warren",3075,"VA","US.11.W",49,"SN","",0,0,"",0,"Warren","VA",NA,0.51,0,0
"2771","32.0%","Frederick",2983,"VA","US.11.W",50,"SN","Reentry from East",11,1,"",2006,"Frederick","VA",NA,11.71,0,0
"2772","32.0%","Winchester, City of",2985,"VA","US.11.W",51,"SN","",11,0,"",0,"Winchester, City of","VA",NA,4.86,0,0
"2773","32.0%","Frederick",2983,"VA","US.11.W",52,"SN","Reentry from West",11,1,"",3006,"Frederick","VA","7.89",7.89,0,0
"2774","32.0%","Berkeley",3127,"WV","US.11.W",53,"SN","",0,0,"W",0,"Berkeley","WV","26.20",26.45,0,0
"2775","32.1%","Washington",1224,"MD","US.11.W",54,"SN","",0,0,"W",0,"Washington","MD","12.83",12.74,0,1
"2776","32.1%","Franklin",2286,"PA","US.11.W",55,"SN","",0,0,"",0,"Franklin","PA",NA,26.88,0,0
"2777","32.1%","Cumberland",2279,"PA","US.11.W",56,"SN","",0,0,"",0,"Cumberland","PA",NA,45.01,0,0
"2778","32.1%","Perry",2308,"PA","US.11.W",57,"SN","Reentry from East",0,0,"",2007,"Perry","PA","11.40",11.4,0,0
"2779","32.1%","Dauphin",2280,"PA","US.11.W",58,"SN","",0,0,"",0,"Dauphin","PA",NA,0.77,0,0
"2780","32.1%","Perry",2308,"PA","US.11.W",59,"SN","Reentry from West",0,0,"",3007,"Perry","PA",NA,16.97,0,0
"2781","32.1%","Juniata",2292,"PA","US.11.W",60,"SN","",0,0,"",0,"Juniata","PA",NA,1.18,0,0
"2782","32.1%","Snyder",2313,"PA","US.11.W",61,"SN","",0,0,"",0,"Snyder","PA",NA,19.49,0,0
"2783","32.1%","Union",2318,"PA","US.11.W",62,"SN","",0,0,"",0,"Union","PA",NA,0.11,0,0
"2784","32.2%","Northumberland",2307,"PA","US.11.W",63,"SN","",0,0,"",0,"Northumberland","PA",NA,9.72,0,0
"2785","32.2%","Montour",2305,"PA","US.11.W",64,"SN","",0,0,"",0,"Montour","PA",NA,6.94,0,0
"2786","32.2%","Columbia",2277,"PA","US.11.W",65,"SN","",0,0,"",0,"Columbia","PA",NA,17.2,0,0
"2787","32.2%","Luzerne",2298,"PA","US.11.W",66,"SN","",0,0,"",0,"Luzerne","PA",NA,38.19,0,0
"2788","32.2%","Lackawanna",2293,"PA","US.11.W",67,"SN","",0,0,"",0,"Lackawanna","PA",NA,20.54,0,0
"2789","32.2%","Wyoming",2324,"PA","US.11.W",68,"SN","",0,0,"",0,"Wyoming","PA",NA,7.44,0,0
"2790","32.2%","Susquehanna",2316,"PA","US.11.W",69,"SN","",0,0,"",0,"Susquehanna","PA",NA,27.7,0,0
"2791","32.2%","Broome",1842,"NY","US.11.W",70,"SN","",0,0,"",0,"Broome","NY",NA,37.25,0,0
"2792","32.3%","Cortland",1850,"NY","US.11.W",71,"SN","",0,0,"",0,"Cortland","NY",NA,30.43,0,0
"2793","32.3%","Onondaga",1872,"NY","US.11.W",72,"SN","",0,0,"",0,"Onondaga","NY",NA,34.83,0,0
"2794","32.3%","Oswego",1876,"NY","US.11.W",73,"SN","",0,0,"",0,"Oswego","NY",NA,30.95,0,0
"2795","32.3%","Jefferson",1861,"NY","US.11.W",74,"SN","",0,0,"",0,"Jefferson","NY",NA,53.08,0,1
"2796","32.3%","St. Lawrence",1883,"NY","US.11.W",75,"SN","",0,0,"",0,"St. Lawrence","NY",NA,63.23,0,0
"2797","32.3%","Franklin",1855,"NY","US.11.W",76,"SN","",0,0,"",0,"Franklin","NY",NA,32.99,0,0
"2798","32.3%","Clinton",1848,"NY","US.11.W",77,"SN","",0,0,"",0,"Clinton","NY",NA,37.21,0,1
"2799","32.3%","Worcester",1226,"MD","US.113",1,"SN","",0,0,"",0,"Worcester","MD",NA,37.47,0,0
"2800","32.3%","Sussex",326,"DE","US.113",2,"SN","",0,0,"",0,"Sussex","DE",NA,35.33,0,0
"2801","32.4%","Kent",324,"DE","US.113",3,"SN","",0,0,"",0,"Kent","DE",NA,2.26,0,0
"2802","32.4%","New Hanover",1965,"NC","US.117",1,"SN","",0,0,"",0,"New Hanover","NC",NA,15.57,0,0
"2803","32.4%","Pender",1971,"NC","US.117",2,"SN","",0,0,"",0,"Pender","NC",NA,26.27,0,0
"2804","32.4%","Duplin",1931,"NC","US.117",3,"SN","",0,0,"",0,"Duplin","NC",NA,34.1,0,0
"2805","32.4%","Wayne",1996,"NC","US.117",4,"SN","",0,0,"",0,"Wayne","NC",NA,30.86,0,0
"2806","32.4%","Wilson",1998,"NC","US.117",5,"SN","",0,0,"",0,"Wilson","NC",NA,6.94,0,1
"2807","32.4%","Duplin",1931,"NC","US.117A",1,"SN","",0,0,"",0,"Duplin","NC",NA,2.21,0,0
"2808","32.4%","Wayne",1996,"NC","US.117A",2,"SN","",0,0,"",0,"Wayne","NC",NA,10.57,0,0
"2809","32.4%","Bell",1008,"KY","US.119",1,"SN","",0,0,"",0,"Bell","KY","15.90",15.91,0,0
"2810","32.5%","Harlan",1049,"KY","US.119",2,"SN","",0,0,"",0,"Harlan","KY","39.10",39.16,0,0
"2811","32.5%","Letcher",1068,"KY","US.119",3,"SN","",0,0,"",0,"Letcher","KY","32.70",32.79,0,0
"2812","32.5%","Pike",1099,"KY","US.119",4,"SN","Reentry from North",0,0,"",2001,"Pike","KY","51.58",51.64,0,0
"2813","32.5%","Mingo",3155,"WV","US.119",5,"SN","Reentry from North",0,0,"",2002,"Mingo","WV","1.00",1.04,0,0
"2814","32.5%","Pike",1099,"KY","US.119",6,"SN","Reentry",0,0,"",1001,"Pike","KY","0.21",0.21,0,0
"2815","32.5%","Mingo",3155,"WV","US.119",7,"SN","Reentry",0,0,"",1002,"Mingo","WV","0.79",0.79,0,0
"2816","32.5%","Pike",1099,"KY","US.119",8,"SN","Reentry from South",0,0,"",3001,"Pike","KY","0.81",0.81,0,0
"2817","32.5%","Mingo",3155,"WV","US.119",9,"SN","Reentry from South",0,0,"",3002,"Mingo","WV","18.31",18.31,0,0
"2818","32.6%","Logan",3148,"WV","US.119",10,"SN","",0,0,"",0,"Logan","WV","18.70",18.69,0,0
"2819","32.6%","Boone",3128,"WV","US.119",11,"SN","Reentry from North",0,0,"",2003,"Boone","WV","22.70",20.59,0,0
"2820","32.6%","Lincoln",3147,"WV","US.119",12,"SN","Reentry from North",0,0,"",2005,"Lincoln","WV","0.07",0.07,0,1
"2821","32.6%","Boone",3128,"WV","US.119",13,"SN","Reentry from South",0,0,"",3003,"Boone","WV","2.18",2.18,0,0
"2822","32.6%","Kanawha",3145,"WV","US.119",14,"SN","Reentry from North",0,0,"",2004,"Kanawha","WV","1.10",1.1,0,0
"2823","32.6%","Lincoln",3147,"WV","US.119",15,"SN","Reentry from South",0,0,"",3005,"Lincoln","WV",NA,4.72,0,1
"2824","32.6%","Kanawha",3145,"WV","US.119",16,"SN","Reentry from South",0,0,"",3004,"Kanawha","WV",NA,38.19,0,0
"2825","32.6%","Roane",3169,"WV","US.119",17,"SN","",0,0,"",0,"Roane","WV","31.30",31.46,0,0
"2826","32.6%","Calhoun",3132,"WV","US.119",18,"SN","",0,0,"",0,"Calhoun","WV","15.40",15.36,0,0
"2827","32.7%","Gilmer",3136,"WV","US.119",19,"SN","",0,0,"",0,"Gilmer","WV","26.30",26.51,0,0
"2828","32.7%","Lewis",3146,"WV","US.119",20,"SN","",0,0,"",0,"Lewis","WV","26.70",26.77,0,0
"2829","32.7%","Upshur",3174,"WV","US.119",21,"SN","",0,0,"",0,"Upshur","WV","13.60",13.58,0,0
"2830","32.7%","Barbour",3126,"WV","US.119",22,"SN","",0,0,"",0,"Barbour","WV","18.60",18.62,0,0
"2831","32.7%","Taylor",3171,"WV","US.119",23,"SN","",0,0,"",0,"Taylor","WV","19.50",19.55,0,1
"2832","32.7%","Marion",3149,"WV","US.119",24,"SN","Corner touch",0,0,"",0,"Marion","WV","-",0,0,0
"2833","32.7%","Monongalia",3156,"WV","US.119",25,"SN","",0,0,"",0,"Monongalia","WV","22.70",22.77,0,0
"2834","32.7%","Fayette",2284,"PA","US.119",26,"SN","",0,0,"",0,"Fayette","PA",NA,37.97,0,0
"2835","32.7%","Westmoreland",2323,"PA","US.119",27,"SN","",0,0,"",0,"Westmoreland","PA",NA,33.82,0,0
"2836","32.8%","Indiana",2290,"PA","US.119",28,"SN","",0,0,"",0,"vvv vv v v v","PA",NA,40.7,0,0
"2837","32.8%","Jefferson",2291,"PA","US.119",29,"SN","",0,0,"",0,"Jefferson","PA",NA,17.97,0,1
"2838","32.8%","Clearfield",2275,"PA","US.119",30,"SN","",0,0,"",0,"Clearfield","PA",NA,2.92,0,0
"2839","32.8%","Knox",2567,"TN","US.11E",1,"SN","",0,0,"",0,"Knox","TN",NA,11.62,0,0
"2840","32.8%","Jefferson",2565,"TN","US.11E",2,"SN","",0,0,"",0,"Jefferson","TN",NA,16.61,0,1
"2841","32.8%","Hamblen",2552,"TN","US.11E",3,"SN","",0,0,"",0,"Hamblen","TN",NA,21.23,0,0
"2842","32.8%","Hawkins",2557,"TN","US.11E",4,"SN","",0,0,"",0,"Hawkins","TN",NA,2.24,0,0
"2843","32.8%","Greene",2550,"TN","US.11E",5,"SN","",0,0,"",0,"Greene","TN",NA,27.94,0,0
"2844","32.9%","Washington",2610,"TN","US.11E",6,"SN","",0,0,"",0,"Washington","TN",NA,23.86,0,1
"2845","32.9%","Sullivan",2602,"TN","US.11E",7,"SN","",0,0,"",0,"Sullivan","TN",NA,17.08,0,0
"2846","32.9%","Bristol, City of",3078,"VA","US.11E",8,"SN","",0,0,"",0,"Bristol, City of","VA",NA,0.59,0,0
"2847","32.9%","Knox",2567,"TN","US.11W",1,"SN","",0,0,"",0,"Knox","TN",NA,13.29,0,0
"2848","32.9%","Grainger",2549,"TN","US.11W",2,"SN","",0,0,"",0,"Grainger","TN",NA,31.48,0,0
"2849","32.9%","Hawkins",2557,"TN","US.11W",3,"SN","",0,0,"",0,"Hawkins","TN",NA,41.48,0,0
"2850","32.9%","Sullivan",2602,"TN","US.11W",4,"SN","",0,0,"",0,"Sullivan","TN",NA,24,0,0
"2851","32.9%","Bristol, City of",3078,"VA","US.11W",5,"SN","",0,0,"W",0,"Bristol, City of","VA","1.12",1.14,0,0
"2852","32.9%","Grays Harbor",3100,"WA","US.12",1,"WE","",0,0,"",0,"Grays Harbor","WA",NA,38.48,0,0
"2853","33.0%","Thurston",3120,"WA","US.12",2,"WE","",0,0,"",0,"Thurston","WA",NA,10.72,0,0
"2854","33.0%","Lewis",3107,"WA","US.12",3,"WE","",0,0,"",0,"Lewis","WA",NA,101.18,0,0
"2855","33.0%","Yakima",3125,"WA","US.12",4,"WE","",0,0,"",0,"Yakima","WA",NA,95.42,0,0
"2856","33.0%","Benton",3089,"WA","US.12",5,"WE","",0,0,"",0,"Benton","WA",NA,32.83,0,0
"2857","33.0%","Franklin",3097,"WA","US.12",6,"WE","",0,0,"",0,"Franklin","WA",NA,12.11,0,0
"2858","33.0%","Walla Walla",3122,"WA","US.12",7,"WE","",0,0,"",0,"Walla Walla","WA",NA,64.01,0,0
"2859","33.0%","Columbia",3093,"WA","US.12",8,"WE","",0,0,"",0,"Columbia","WA",NA,29.04,1,0
"2860","33.0%","Garfield",3098,"WA","US.12",9,"WE","",0,0,"",0,"Garfield","WA",NA,33.27,1,1
"2861","33.0%","Asotin",3088,"WA","US.12",10,"WE","",0,0,"",0,"Asotin","WA",NA,12.13,1,0
"2862","33.1%","Nez Perce",594,"ID","US.12",11,"WE","",0,0,"",0,"Nez Perce","ID",NA,38.63,0,0
"2863","33.1%","Clearwater",577,"ID","US.12",12,"WE","",0,0,"",0,"Clearwater","ID",NA,11.68,1,0
"2864","33.1%","Lewis",590,"ID","US.12",13,"WE","",0,0,"",0,"Lewis","ID",NA,17.06,0,0
"2865","33.1%","Idaho",584,"ID","US.12",14,"WE","",0,0,"",0,"Idaho","ID",NA,107.55,0,0
"2866","33.1%","Missoula",1640,"MT","US.12",15,"WE","",0,0,"",0,"Missoula","MT",NA,70.33,0,0
"2867","33.1%","Granite",1628,"MT","US.12",16,"WE","",0,0,"",0,"Granite","MT",NA,28.59,0,0
"2868","33.1%","Powell",1647,"MT","US.12",17,"WE","",0,0,"",0,"Powell","MT",NA,41.59,0,0
"2869","33.1%","Lewis and Clark",1633,"MT","US.12",18,"WE","",0,0,"GE",0,"Lewis and Clark","MT","26.80",26.76,0,0
"2870","33.2%","Jefferson",1630,"MT","US.12",19,"WE","",0,0,"GE",0,"Jefferson","MT","1.50",1.49,0,1
"2871","33.2%","Broadwater",1612,"MT","US.12",20,"WE","",0,0,"GE",0,"Broadwater","MT","44.80",44.84,0,0
"2872","33.2%","Meagher",1638,"MT","US.12",21,"WE","",0,0,"",0,"Meagher","MT",NA,53.82,0,0
"2873","33.2%","Wheatland",1662,"MT","US.12",22,"WE","",0,0,"GE",0,"Wheatland","MT","45.10",45.16,0,0
"2874","33.2%","Golden Valley",1627,"MT","US.12",23,"WE","",0,0,"GE",0,"Golden Valley","MT","29.30",29.37,1,0
"2875","33.2%","Musselshell",1641,"MT","US.12",24,"WE","",0,0,"GE",0,"Musselshell","MT","55.00",55.09,0,0
"2876","33.2%","Rosebud",1652,"MT","US.12",25,"WE","",0,0,"",0,"Rosebud","MT",NA,90.3,0,0
"2877","33.2%","Custer",1617,"MT","US.12",26,"WE","",0,0,"",0,"Custer","MT",NA,65.94,0,0
"2878","33.2%","Fallon",1621,"MT","US.12",27,"WE","",0,0,"",0,"Fallon","MT",NA,43.74,1,0
"2879","33.3%","Slope",2044,"ND","US.12",28,"WE","",0,0,"GE",0,"Slope","ND","9.10",9.08,0,0
"2880","33.3%","Bowman",2006,"ND","US.12",29,"WE","",0,0,"GE",0,"Bowman","ND","44.90",45.04,0,0
"2881","33.3%","Adams",2001,"ND","US.12",30,"WE","",0,0,"GE",0,"Adams","ND","33.30",33.34,1,1
"2882","33.3%","Perkins",2507,"SD","US.12",31,"WE","",0,0,"",0,"Perkins","SD",NA,19.07,1,0
"2883","33.3%","Corson",2469,"SD","US.12",32,"WE","",0,0,"",0,"Corson","SD",NA,87.14,1,0
"2884","33.3%","Walworth",2518,"SD","US.12",33,"WE","",0,0,"",0,"Walworth","SD",NA,43.25,0,0
"2885","33.3%","Edmunds",2476,"SD","US.12",34,"WE","",0,0,"",0,"Edmunds","SD",NA,48.31,1,0
"2886","33.3%","Brown",2460,"SD","US.12",35,"WE","",0,0,"",0,"Brown","SD",NA,36.94,0,0
"2887","33.3%","Day",2472,"SD","US.12",36,"WE","",0,0,"",0,"Day","SD",NA,39.37,1,0
"2888","33.4%","Roberts",2509,"SD","US.12",37,"WE","",0,0,"",0,"Roberts","SD",NA,11.37,0,0
"2889","33.4%","Grant",2479,"SD","US.12",38,"WE","",0,0,"",0,"Grant","SD",NA,30.42,0,1
"2890","33.4%","Big Stone",1329,"MN","US.12",39,"WE","",0,0,"",0,"Big Stone","MN",NA,16.61,0,0
"2891","33.4%","Swift",1399,"MN","US.12",40,"WE","",0,0,"",0,"Swift","MN",NA,46.75,0,0
"2892","33.4%","Kandiyohi",1357,"MN","US.12",41,"WE","",0,0,"",0,"Kandiyohi","MN",NA,25.3,0,0
"2893","33.4%","Meeker",1370,"MN","US.12",42,"WE","",0,0,"",0,"Meeker","MN",NA,26.55,1,0
"2894","33.4%","Wright",1409,"MN","US.12",43,"WE","",0,0,"",0,"Wright","MN",NA,25.71,0,0
"2895","33.4%","Hennepin",1350,"MN","US.12",44,"WE","",0,0,"",0,"Hennepin","MN",NA,31.79,0,0
"2896","33.5%","Ramsey",1385,"MN","US.12",45,"WE","",0,0,"",0,"Ramsey","MN",NA,11.33,0,0
"2897","33.5%","Washington",1405,"MN","US.12",46,"WE","",0,0,"",0,"Washington","MN",NA,11.21,0,1
"2898","33.5%","St. Croix",3236,"WI","US.12",47,"WE","",0,0,"",0,"St. Croix","WI",NA,34.23,0,0
"2899","33.5%","Dunn",3197,"WI","US.12",48,"WE","",0,0,"",0,"Dunn","WI",NA,28.39,0,0
"2900","33.5%","Chippewa",3189,"WI","US.12",49,"WE","",0,0,"",0,"Chippewa","WI",NA,1.24,0,0
"2901","33.5%","Eau Claire",3198,"WI","US.12",50,"WE","",0,0,"",0,"Eau Claire","WI",NA,42.19,0,0
"2902","33.5%","Clark",3190,"WI","US.12",51,"WE","",0,0,"",0,"Clark","WI",NA,7.23,0,0
"2903","33.5%","Jackson",3207,"WI","US.12",52,"WE","",0,0,"",0,"Jackson","WI",NA,32.96,0,1
"2904","33.5%","Monroe",3222,"WI","US.12",53,"WE","",0,0,"",0,"Monroe","WI",NA,24.83,0,1
"2905","33.6%","Juneau",3209,"WI","US.12",54,"WE","",0,0,"",0,"Juneau","WI",NA,34.86,0,0
"2906","33.6%","Sauk",3237,"WI","US.12",55,"WE","",0,0,"",0,"Sauk","WI",NA,28.94,0,0
"2907","33.6%","Dane",3193,"WI","US.12",56,"WE","",0,0,"",0,"Dane","WI",NA,47.76,0,0
"2908","33.6%","Jefferson",3208,"WI","US.12",57,"WE","",0,0,"",0,"Jefferson","WI",NA,17.69,0,1
"2909","33.6%","Rock",3234,"WI","US.12",58,"WE","",0,0,"GE",0,"Rock","WI","0.50",0.53,0,0
"2910","33.6%","Walworth",3245,"WI","US.12",59,"WE","",0,0,"",0,"Walworth","WI",NA,38.8,0,0
"2911","33.6%","McHenry",666,"IL","US.12",60,"WE","",0,0,"",0,"McHenry","IL",NA,9.86,0,0
"2912","33.6%","Lake",652,"IL","US.12",61,"WE","",0,0,"",0,"Lake","IL",NA,21.85,0,0
"2913","33.6%","Cook",619,"IL","US.12",62,"WE","",0,0,"",0,"Cook","IL",NA,52.7,0,0
"2914","33.7%","Lake",750,"IN","US.12",63,"WE","",0,0,"",0,"Lake","IN",NA,21.32,0,0
"2915","33.7%","Porter",769,"IN","US.12",64,"WE","",0,0,"",0,"Porter","IN",NA,17,0,0
"2916","33.7%","LaPorte",751,"IN","US.12",65,"WE","",0,0,"",0,"LaPorte","IN",NA,8.12,0,0
"2917","33.7%","Berrien",1251,"MI","US.12",66,"WE","",0,0,"",0,"Berrien","MI",NA,31.05,0,0
"2918","33.7%","Cass",1254,"MI","US.12",67,"WE","",0,0,"",0,"Cass","MI",NA,26.29,1,0
"2919","33.7%","St. Joseph",1315,"MI","US.12",68,"WE","",0,0,"",0,"St. Joseph","MI",NA,24.97,0,0
"2920","33.7%","Branch",1252,"MI","US.12",69,"WE","",0,0,"",0,"Branch","MI",NA,27.12,0,0
"2921","33.7%","Hillsdale",1270,"MI","US.12",70,"WE","",0,0,"",0,"Hillsdale","MI",NA,25.82,0,0
"2922","33.8%","Lenawee",1286,"MI","US.12",71,"WE","",0,0,"",0,"Lenawee","MI",NA,20.32,0,0
"2923","33.8%","Washtenaw",1321,"MI","US.12",72,"WE","",0,0,"",0,"Washtenaw","MI",NA,27.44,0,0
"2924","33.8%","Wayne",1322,"MI","US.12",73,"WE","",0,0,"",0,"Wayne","MI",NA,26.25,0,0
"2925","33.8%","Habersham",462,"GA","US.123",1,"WE","",0,0,"",0,"Habersham","GA",NA,2.58,0,0
"2926","33.8%","Stephens",521,"GA","US.123",2,"WE","",0,0,"",0,"Stephens","GA",NA,14.54,1,0
"2927","33.8%","Oconee",2445,"SC","US.123",3,"WE","",0,0,"",0,"Oconee","SC",NA,26.38,0,0
"2928","33.8%","Pickens",2447,"SC","US.123",4,"WE","",0,0,"",0,"Pickens","SC",NA,24.76,0,0
"2929","33.8%","Greenville",2431,"SC","US.123",5,"WE","",0,0,"",0,"Greenville","SC",NA,6.44,0,0
"2930","33.8%","Hamilton",2553,"TN","US.127",1,"SN","",0,0,"",0,"Hamilton","TN",NA,10.82,0,0
"2931","33.9%","Sequatchie",2597,"TN","US.127",2,"SN","",0,0,"",0,"Sequatchie","TN",NA,21.25,1,0
"2932","33.9%","Bledsoe",2524,"TN","US.127",3,"SN","",0,0,"",0,"Bledsoe","TN",NA,29.16,1,0
"2933","33.9%","Cumberland",2538,"TN","US.127",4,"SN","",0,0,"",0,"Cumberland","TN",NA,30.48,0,0
"2934","33.9%","Fentress",2545,"TN","US.127",5,"SN","",0,0,"",0,"Fentress","TN",NA,34.3,1,0
"2935","33.9%","Pickett",2589,"TN","US.127",6,"SN","",0,0,"",0,"Pickett","TN",NA,7.01,1,0
"2936","33.9%","Clinton",1028,"KY","US.127",7,"SN","",0,0,"",0,"Clinton","KY",NA,21.53,1,1
"2937","33.9%","Russell",1105,"KY","US.127",8,"SN","",0,0,"",0,"Russell","KY",NA,26.07,1,0
"2938","33.9%","Casey",1024,"KY","US.127",9,"SN","",0,0,"",0,"Casey","KY",NA,24,1,0
"2939","33.9%","Lincoln",1070,"KY","US.127",10,"SN","",0,0,"",0,"Lincoln","KY",NA,10.72,0,1
"2940","34.0%","Boyle",1012,"KY","US.127",11,"SN","",0,0,"",0,"Boyle","KY",NA,10.25,0,0
"2941","34.0%","Mercer",1085,"KY","US.127",12,"SN","",0,0,"",0,"Mercer","KY",NA,17.41,0,0
"2942","34.0%","Anderson",1004,"KY","US.127",13,"SN","",0,0,"",0,"Anderson","KY",NA,11.63,0,0
"2943","34.0%","Franklin",1038,"KY","US.127",14,"SN","",0,0,"",0,"Franklin","KY",NA,21.61,0,0
"2944","34.0%","Owen",1095,"KY","US.127",15,"SN","",0,0,"",0,"Owen","KY",NA,28.51,1,0
"2945","34.0%","Gallatin",1040,"KY","US.127",16,"SN","",0,0,"",0,"Gallatin","KY",NA,11.2,0,0
"2946","34.0%","Boone",1009,"KY","US.127",17,"SN","",0,0,"",0,"Boone","KY",NA,16.09,0,0
"2947","34.0%","Kenton",1060,"KY","US.127",18,"SN","",0,0,"",0,"Kenton","KY",NA,8.89,0,0
"2948","34.1%","Hamilton",2088,"OH","US.127",19,"SN","",0,0,"",0,"Hamilton","OH",NA,16.25,0,0
"2949","34.1%","Butler",2066,"OH","US.127",20,"SN","",0,0,"",0,"Butler","OH",NA,21.09,0,0
"2950","34.1%","Preble",2125,"OH","US.127",21,"SN","",0,0,"",0,"Preble","OH",NA,24.98,0,0
"2951","34.1%","Darke",2076,"OH","US.127",22,"SN","",0,0,"",0,"Darke","OH",NA,31.3,0,0
"2952","34.1%","Mercer",2111,"OH","US.127",23,"SN","",0,0,"",0,"Mercer","OH",NA,26.21,0,0
"2953","34.1%","Van Wert",2138,"OH","US.127",24,"SN","",0,0,"",0,"Van Wert","OH",NA,18.51,0,0
"2954","34.1%","Paulding",2120,"OH","US.127",25,"SN","",0,0,"",0,"Paulding","OH",NA,19.03,0,0
"2955","34.1%","Defiance",2077,"OH","US.127",26,"SN","",0,0,"",0,"Defiance","OH",NA,12.21,0,0
"2956","34.1%","Williams",2143,"OH","US.127",27,"SN","",0,0,"",0,"Williams","OH",NA,20.64,0,0
"2957","34.2%","Fulton",2083,"OH","US.127",28,"SN","",0,0,"",0,"Fulton","OH",NA,4.72,0,0
"2958","34.2%","Hillsdale",1270,"MI","US.127",29,"SN","Reentry from North, 12.1 mi. shared with Lenawee",0,0,"",2001,"Hillsdale","MI",NA,12.16,0,0
"2959","34.2%","Lenawee",1286,"MI","US.127",30,"SN","12.1 mi. shared with Hillsdale",0,0,"",0,"Lenawee","MI","7.10",13.15,0,0
"2960","34.2%","Hillsdale",1270,"MI","US.127",31,"SN","Reentry from South",0,0,"",3001,"Hillsdale","MI","0.59",0.59,0,0
"2961","34.2%","Jackson",1278,"MI","US.127",32,"SN","",0,0,"",0,"Jackson","MI",NA,28.54,0,1
"2962","34.2%","Ingham",1273,"MI","US.127",33,"SN","",0,0,"",0,"Ingham","MI",NA,25.58,0,0
"2963","34.2%","Clinton",1259,"MI","US.127",34,"SN","",0,0,"",0,"Clinton","MI",NA,25.77,0,1
"2964","34.2%","Gratiot",1269,"MI","US.127",35,"SN","",0,0,"",0,"Gratiot","MI",NA,26.71,1,0
"2965","34.2%","Isabella",1277,"MI","US.127",36,"SN","",0,0,"",0,"Isabella","MI",NA,26.42,0,0
"2966","34.3%","Clare",1258,"MI","US.127",37,"SN","",0,0,"",0,"Clare","MI",NA,25.12,0,0
"2967","34.3%","Roscommon",1312,"MI","US.127",38,"SN","",0,0,"",0,"Roscommon","MI",NA,24.63,0,0
"2968","34.3%","Crawford",1260,"MI","US.127",39,"SN","",0,0,"",0,"Crawford","MI",NA,6.35,0,0
"2969","34.3%","Levy",364,"FL","US.129",1,"SN","",0,0,"",0,"Levy","FL",NA,7.87,0,0
"2970","34.3%","Gilchrist",347,"FL","US.129",2,"SN","",0,0,"",0,"Gilchrist","FL",NA,23.29,0,0
"2971","34.3%","Suwannee",388,"FL","US.129",3,"SN","",0,0,"",0,"Suwannee","FL",NA,39.21,0,0
"2972","34.3%","Hamilton",350,"FL","US.129",4,"SN","",0,0,"",0,"Hamilton","FL",NA,17.13,0,0
"2973","34.3%","Echols",444,"GA","US.129",5,"SN","",0,0,"",0,"Echols","GA",NA,17.01,0,0
"2974","34.4%","Lanier",480,"GA","US.129",6,"SN","",0,0,"",0,"Lanier","GA",NA,21.81,0,0
"2975","34.4%","Berrien",404,"GA","US.129",7,"SN","",0,0,"",0,"Berrien","GA",NA,31.14,0,0
"2976","34.4%","Irwin",471,"GA","US.129",8,"SN","",0,0,"",0,"Irwin","GA",NA,12.52,0,0
"2977","34.4%","Ben Hill",403,"GA","US.129",9,"SN","",0,0,"",0,"Ben Hill","GA",NA,14.76,0,0
"2978","34.4%","Wilcox",550,"GA","US.129",10,"SN","",0,0,"",0,"Wilcox","GA",NA,23.26,0,0
"2979","34.4%","Pulaski",510,"GA","US.129",11,"SN","",0,0,"",0,"Pulaski","GA",NA,19.74,0,0
"2980","34.4%","Houston",470,"GA","US.129",12,"SN","",0,0,"",0,"Houston","GA",NA,21.92,0,0
"2981","34.4%","Bibb",405,"GA","US.129",13,"SN","",0,0,"",0,"Bibb","GA",NA,17.76,0,0
"2982","34.4%","Jones",478,"GA","US.129",14,"SN","",0,0,"",0,"Jones","GA",NA,25.21,1,0
"2983","34.5%","Putnam",511,"GA","US.129",15,"SN","",0,0,"",0,"Putnam","GA",NA,22.86,0,0
"2984","34.5%","Morgan",498,"GA","US.129",16,"SN","",0,0,"",0,"Morgan","GA",NA,20.75,0,0
"2985","34.5%","Oconee",502,"GA","US.129",17,"SN","",0,0,"",0,"Oconee","GA",NA,14.63,0,0
"2986","34.5%","Clarke",423,"GA","US.129",18,"SN","",0,0,"",0,"Clarke","GA",NA,13.77,0,0
"2987","34.5%","Jackson",472,"GA","US.129",19,"SN","",0,0,"",0,"Jackson","GA",NA,23.6,0,1
"2988","34.5%","Hall",463,"GA","US.129",20,"SN","",0,0,"",0,"Hall","GA",NA,27,0,0
"2989","34.5%","White",548,"GA","US.129",21,"SN","",0,0,"",0,"White","GA",NA,14.94,1,0
"2990","34.5%","Lumpkin",487,"GA","US.129",22,"SN","",0,0,"",0,"Lumpkin","GA",NA,9.65,0,0
"2991","34.6%","Union",538,"GA","US.129",23,"SN","",0,0,"",0,"Union","GA",NA,25,0,0
"2992","34.6%","Cherokee",1920,"NC","US.129",24,"SN","",0,0,"",0,"Cherokee","NC",NA,33.65,0,0
"2993","34.6%","Graham",1938,"NC","US.129",25,"SN","",0,0,"",0,"Graham","NC",NA,27.11,1,0
"2994","34.6%","Swain",1987,"NC","US.129",26,"SN","",0,0,"",0,"Swain","NC",NA,2.83,0,0
"2995","34.6%","Blount",2525,"TN","US.129",27,"SN","Reentry from North",0,0,"",2001,"Blount","TN","20.80",20.8,0,0
"2996","34.6%","Monroe",2582,"TN","US.129",28,"SN","",0,0,"",0,"Monroe","TN",NA,0.54,0,1
"2997","34.6%","Blount",2525,"TN","US.129",29,"SN","Reentry from South",0,0,"",3001,"Blount","TN",NA,25.07,0,0
"2998","34.6%","Knox",2567,"TN","US.129",30,"SN","",0,0,"",0,"Knox","TN",NA,6.49,0,0
"2999","34.6%","Pulaski",510,"GA","US.129A",1,"SN","",0,0,"",0,"Pulaski","GA",NA,4.98,0,0
"3000","34.7%","Bleckley",406,"GA","US.129A",2,"SN","",0,0,"",0,"Bleckley","GA",NA,14.47,0,0
"3001","34.7%","Twiggs",537,"GA","US.129A",3,"SN","",0,0,"",0,"Twiggs","GA",NA,20.05,0,0
"3002","34.7%","Bibb",405,"GA","US.129A",4,"SN","",0,0,"",0,"Bibb","GA",NA,8.9,0,0
"3003","34.7%","Cumberland",1926,"NC","US.13",1,"SN","",0,0,"",0,"Cumberland","NC",NA,7.83,0,0
"3004","34.7%","Sampson",1982,"NC","US.13",2,"SN","",0,0,"",0,"Sampson","NC",NA,21.96,0,0
"3005","34.7%","Wayne",1996,"NC","US.13",3,"SN","",0,0,"",0,"Wayne","NC",NA,34.05,0,0
"3006","34.7%","Greene",1940,"NC","US.13",4,"SN","",0,0,"",0,"Greene","NC",NA,18.42,0,0
"3007","34.7%","Pitt",1974,"NC","US.13",5,"SN","",0,0,"",0,"Pitt","NC",NA,27.76,0,0
"3008","34.7%","Edgecombe",1933,"NC","US.13",6,"SN","",0,0,"",0,"Edgecombe","NC",NA,1.8,0,0
"3009","34.8%","Martin",1958,"NC","US.13",7,"SN","",0,0,"",0,"Martin","NC",NA,19.98,0,0
"3010","34.8%","Bertie",1908,"NC","US.13",8,"SN","",0,0,"",0,"Bertie","NC",NA,30.19,0,0
"3011","34.8%","Hertford",1946,"NC","US.13",9,"SN","",0,0,"",0,"Hertford","NC",NA,13.61,0,0
"3012","34.8%","Gates",1937,"NC","US.13",10,"SN","",0,0,"",0,"Gates","NC",NA,14.77,0,0
"3013","34.8%","Suffolk, City of",3070,"VA","US.13",11,"SN","",0,0,"",0,"Suffolk, City of","VA",NA,29.37,0,0
"3014","34.8%","Chesapeake, City of",2963,"VA","US.13",12,"SN","",0,0,"",0,"Chesapeake, City of","VA",NA,14.96,0,0
"3015","34.8%","Virginia Beach, City of",3074,"VA","US.13",13,"SN","Reentry from East",0,0,"",2001,"Virginia Beach, City of","VA","1.69",1.69,0,0
"3016","34.8%","Norfolk, City of",3026,"VA","US.13",14,"SN","",0,0,"",0,"Norfolk, City of","VA",NA,3.92,0,0
"3017","34.9%","Virginia Beach, City of",3074,"VA","US.13",15,"SN","Reentry from West",0,0,"",3001,"Virginia Beach, City of","VA",NA,13.48,0,0
"3018","34.9%","Northampton",3027,"VA","US.13",16,"SN","",0,0,"",0,"Northampton","VA",NA,41.98,1,0
"3019","34.9%","Accomack",2927,"VA","US.13",17,"SN","",0,0,"",0,"Accomack","VA",NA,37.51,1,0
"3020","34.9%","Worcester",1226,"MD","US.13",18,"SN","",0,0,"",0,"Worcester","MD",NA,6.23,0,0
"3021","34.9%","Somerset",1222,"MD","US.13",19,"SN","",0,0,"",0,"Somerset","MD",NA,20.04,1,0
"3022","34.9%","Wicomico",1225,"MD","US.13",20,"SN","",0,0,"",0,"Wicomico","MD",NA,15.88,0,0
"3023","34.9%","Sussex",326,"DE","US.13",21,"SN","",0,0,"",0,"Sussex","DE",NA,26.87,0,0
"3024","34.9%","Kent",324,"DE","US.13",22,"SN","",0,0,"",0,"Kent","DE",NA,35.32,0,0
"3025","34.9%","New Castle",325,"DE","US.13",23,"SN","",0,0,"",0,"New Castle","DE",NA,42.08,0,0
"3026","35.0%","Delaware",2281,"PA","US.13",24,"SN","",0,0,"",0,"Delaware","PA",NA,15.14,0,0
"3027","35.0%","Philadelphia",2309,"PA","US.13",25,"SN","",0,0,"",0,"Philadelphia","PA",NA,19.42,0,0
"3028","35.0%","Bucks",2267,"PA","US.13",26,"SN","",0,0,"",0,"Bucks","PA",NA,14.81,0,0
"3029","35.0%","Salem",1801,"NJ","US.130",1,"SN","",0,0,"",0,"Salem","NJ",NA,6.7,0,0
"3030","35.0%","Gloucester",1792,"NJ","US.130",2,"SN","",0,0,"",0,"Gloucester","NJ",NA,16.65,0,0
"3031","35.0%","Camden",1788,"NJ","US.130",3,"SN","",0,0,"",0,"Camden","NJ",NA,10.32,0,0
"3032","35.0%","Burlington",1787,"NJ","US.130",4,"SN","",0,0,"",0,"Burlington","NJ",NA,22.66,0,0
"3033","35.0%","Mercer",1795,"NJ","US.130",5,"SN","",0,0,"",0,"Mercer","NJ",NA,11.86,0,0
"3034","35.0%","Middlesex",1796,"NJ","US.130",6,"SN","",0,0,"",0,"Middlesex","NJ",NA,13.54,0,0
"3035","35.1%","Elkhart",725,"IN","US.131",1,"SN","",0,0,"W",0,"Elkhart","IN","0.64",0.65,0,0
"3036","35.1%","St. Joseph",1315,"MI","US.131",2,"SN","",0,0,"",0,"St. Joseph","MI",NA,22.71,0,0
"3037","35.1%","Kalamazoo",1279,"MI","US.131",3,"SN","",0,0,"",0,"Kalamazoo","MI",NA,24.74,0,0
"3038","35.1%","Allegan",1243,"MI","US.131",4,"SN","",0,0,"",0,"Allegan","MI",NA,24.35,0,0
"3039","35.1%","Kent",1281,"MI","US.131",5,"SN","",0,0,"",0,"Kent","MI",NA,39.03,0,0
"3040","35.1%","Montcalm",1299,"MI","US.131",6,"SN","",0,0,"",0,"Montcalm","MI",NA,13.13,1,0
"3041","35.1%","Mecosta",1294,"MI","US.131",7,"SN","",0,0,"",0,"Mecosta","MI",NA,24.63,1,0
"3042","35.1%","Osceola",1307,"MI","US.131",8,"SN","",0,0,"",0,"Osceola","MI",NA,25.28,0,0
"3043","35.2%","Wexford",1323,"MI","US.131",9,"SN","",0,0,"",0,"Wexford","MI",NA,26.62,1,0
"3044","35.2%","Grand Traverse",1268,"MI","US.131",10,"SN","",0,0,"",0,"Grand Traverse","MI",NA,7.04,0,0
"3045","35.2%","Kalkaska",1280,"MI","US.131",11,"SN","",0,0,"",0,"Kalkaska","MI",NA,22,1,0
"3046","35.2%","Antrim",1245,"MI","US.131",12,"SN","",0,0,"",0,"Antrim","MI",NA,21.61,0,0
"3047","35.2%","Charlevoix",1255,"MI","US.131",13,"SN","",0,0,"",0,"Charlevoix","MI",NA,13.31,0,0
"3048","35.2%","Emmet",1264,"MI","US.131",14,"SN","",0,0,"",0,"Emmet","MI",NA,5.77,0,0
"3049","35.2%","Furnas",1697,"NE","US.136",1,"WE","",0,0,"",0,"Furnas","NE",NA,10.14,0,0
"3050","35.2%","Harlan",1706,"NE","US.136",2,"WE","",0,0,"",0,"Harlan","NE",NA,29.56,0,0
"3051","35.2%","Franklin",1695,"NE","US.136",3,"WE","",0,0,"",0,"Franklin","NE",NA,24.67,1,0
"3052","35.3%","Webster",1755,"NE","US.136",4,"WE","",0,0,"",0,"Webster","NE",NA,24.05,0,0
"3053","35.3%","Nuckolls",1729,"NE","US.136",5,"WE","",0,0,"",0,"Nuckolls","NE",NA,27.97,1,0
"3054","35.3%","Thayer",1749,"NE","US.136",6,"WE","",0,0,"",0,"Thayer","NE",NA,24.1,0,0
"3055","35.3%","Jefferson",1712,"NE","US.136",7,"WE","",0,0,"",0,"Jefferson","NE",NA,25.43,1,1
"3056","35.3%","Gage",1698,"NE","US.136",8,"WE","",0,0,"",0,"Gage","NE",NA,27.79,0,0
"3057","35.3%","Johnson",1713,"NE","US.136",9,"WE","",0,0,"",0,"Johnson","NE",NA,23.56,1,1
"3058","35.3%","Nemaha",1728,"NE","US.136",10,"WE","",0,0,"",0,"Nemaha","NE",NA,22.84,0,0
"3059","35.3%","Atchison",1495,"MO","US.136",11,"WE","",0,0,"",0,"Atchison","MO",NA,26.87,0,0
"3060","35.3%","Nodaway",1566,"MO","US.136",12,"WE","",0,0,"",0,"Nodaway","MO",NA,43.05,0,0
"3061","35.4%","Gentry",1530,"MO","US.136",13,"WE","",0,0,"",0,"Gentry","MO",NA,23.84,0,0
"3062","35.4%","Harrison",1533,"MO","US.136",14,"WE","",0,0,"",0,"Harrison","MO",NA,27.67,0,1
"3063","35.4%","Mercer",1557,"MO","US.136",15,"WE","",0,0,"",0,"Mercer","MO",NA,25.01,0,0
"3064","35.4%","Putnam",1578,"MO","US.136",16,"WE","",0,0,"",0,"Putnam","MO",NA,36.68,1,0
"3065","35.4%","Schuyler",1592,"MO","US.136",17,"WE","",0,0,"",0,"Schuyler","MO",NA,21.5,0,0
"3066","35.4%","Scotland",1593,"MO","US.136",18,"WE","",0,0,"",0,"Scotland","MO",NA,22.61,1,0
"3067","35.4%","Clark",1515,"MO","US.136",19,"WE","",0,0,"",0,"Clark","MO",NA,30.26,0,0
"3068","35.4%","Lee",853,"IA","US.136",20,"WE","",0,0,"W",0,"Lee","IA","3.59",3.62,0,0
"3069","35.5%","Hancock",637,"IL","US.136",21,"WE","",0,0,"",0,"Hancock","IL",NA,25.89,1,0
"3070","35.5%","McDonough",665,"IL","US.136",22,"WE","",0,0,"",0,"McDonough","IL",NA,28.88,0,0
"3071","35.5%","Fulton",632,"IL","US.136",23,"WE","",0,0,"",0,"Fulton","IL",NA,23.99,0,0
"3072","35.5%","Mason",663,"IL","US.136",24,"WE","",0,0,"",0,"Mason","IL",NA,25.04,1,0
"3073","35.5%","Logan",657,"IL","US.136",25,"WE","",0,0,"",0,"Logan","IL",NA,17.9,0,0
"3074","35.5%","McLean",667,"IL","US.136",26,"WE","",0,0,"",0,"McLean","IL",NA,42.36,0,0
"3075","35.5%","Champaign",613,"IL","US.136",27,"WE","",0,0,"",0,"Champaign","IL",NA,28.1,0,0
"3076","35.5%","Vermilion",695,"IL","US.136",28,"WE","",0,0,"",0,"Vermilion","IL",NA,33.44,0,0
"3077","35.5%","Vermillion",788,"IN","US.136",29,"WE","",0,0,"",0,"Vermillion","IN",NA,2.32,0,0
"3078","35.6%","Warren",791,"IN","US.136",30,"WE","",0,0,"",0,"Warren","IN",NA,4.59,0,0
"3079","35.6%","Fountain",728,"IN","US.136",31,"WE","",0,0,"",0,"Fountain","IN",NA,18.38,0,0
"3080","35.6%","Montgomery",759,"IN","US.136",32,"WE","",0,0,"",0,"Montgomery","IN",NA,24.12,0,0
"3081","35.6%","Boone",711,"IN","US.136",33,"WE","",0,0,"",0,"Boone","IN",NA,4.6,0,0
"3082","35.6%","Hendricks",737,"IN","US.136",34,"WE","",0,0,"",0,"Hendricks","IN",NA,17.41,0,0
"3083","35.6%","Marion",754,"IN","US.136",35,"WE","",0,0,"",0,"Marion","IN",NA,3.03,0,0
"3084","35.6%","Logan",289,"CO","US.138",1,"WE","",0,0,"",0,"Logan","CO",NA,35.96,0,0
"3085","35.6%","Sedgwick",309,"CO","US.138",2,"WE","",0,0,"",0,"Sedgwick","CO",NA,23.78,0,0
"3086","35.6%","Deuel",1689,"NE","US.138",3,"WE","",0,0,"W",0,"Deuel","NE","11.47",11.51,0,0
"3087","35.7%","Park",3267,"WY","US.14",1,"WE","",0,0,"",0,"Park","WY",NA,77.16,0,0
"3088","35.7%","Big Horn",3254,"WY","US.14",2,"WE","",0,0,"",0,"Big Horn","WY",NA,65.32,0,0
"3089","35.7%","Sheridan",3269,"WY","US.14",3,"WE","",0,0,"",0,"Sheridan","WY",NA,118.14,0,0
"3090","35.7%","Campbell",3255,"WY","US.14",4,"WE","",0,0,"",0,"Campbell","WY",NA,68.53,0,0
"3091","35.7%","Crook",3258,"WY","US.14",5,"WE","",0,0,"",0,"Crook","WY",NA,73.41,0,0
"3092","35.7%","Lawrence",2494,"SD","US.14",6,"WE","",0,0,"",0,"Lawrence","SD",NA,28.15,0,0
"3093","35.7%","Meade",2500,"SD","US.14",7,"WE","",0,0,"",0,"Meade","SD",NA,25.06,0,0
"3094","35.7%","Pennington",2506,"SD","US.14",8,"WE","",0,0,"",0,"Pennington","SD",NA,69.16,0,0
"3095","35.8%","Jackson",2489,"SD","US.14",9,"WE","",0,0,"",0,"Jackson","SD",NA,12.57,0,1
"3096","35.8%","Haakon",2481,"SD","US.14",10,"WE","",0,0,"",0,"Haakon","SD",NA,40.15,1,0
"3097","35.8%","Stanley",2512,"SD","US.14",11,"WE","",0,0,"",0,"Stanley","SD",NA,52.34,0,0
"3098","35.8%","Hughes",2486,"SD","US.14",12,"WE","",0,0,"",0,"Hughes","SD",NA,40.91,0,0
"3099","35.8%","Hyde",2488,"SD","US.14",13,"WE","",0,0,"",0,"Hyde","SD",NA,17.94,1,0
"3100","35.8%","Hand",2483,"SD","US.14",14,"WE","",0,0,"",0,"Hand","SD",NA,31.43,0,0
"3101","35.8%","Beadle",2456,"SD","US.14",15,"WE","",0,0,"",0,"Beadle","SD",NA,46.68,0,0
"3102","35.8%","Kingsbury",2492,"SD","US.14",16,"WE","",0,0,"",0,"Kingsbury","SD",NA,39.19,0,0
"3103","35.8%","Brookings",2459,"SD","US.14",17,"WE","",0,0,"",0,"Brookings","SD",NA,38.76,0,0
"3104","35.9%","Lincoln",1364,"MN","US.14",18,"WE","",0,0,"",0,"Lincoln","MN",NA,19.54,0,1
"3105","35.9%","Lyon",1365,"MN","US.14",19,"WE","",0,0,"",0,"Lyon","MN",NA,24.29,0,0
"3106","35.9%","Redwood",1387,"MN","US.14",20,"WE","",0,0,"",0,"Redwood","MN",NA,24.68,0,0
"3107","35.9%","Brown",1331,"MN","US.14",21,"WE","",0,0,"",0,"Brown","MN",NA,35.28,1,0
"3108","35.9%","Nicollet",1375,"MN","US.14",22,"WE","",0,0,"",0,"Nicollet","MN",NA,26.43,0,0
"3109","35.9%","Blue Earth",1330,"MN","US.14",23,"WE","",0,0,"",0,"Blue Earth","MN",NA,13.28,0,0
"3110","35.9%","Waseca",1404,"MN","US.14",24,"WE","",0,0,"",0,"Waseca","MN",NA,21.55,1,0
"3111","35.9%","Steele",1397,"MN","US.14",25,"WE","",0,0,"",0,"Steele","MN",NA,18.06,0,0
"3112","35.9%","Dodge",1343,"MN","US.14",26,"WE","",0,0,"",0,"Dodge","MN",NA,19.14,0,0
"3113","36.0%","Olmsted",1378,"MN","US.14",27,"WE","",0,0,"",0,"Olmsted","MN",NA,32.56,0,0
"3114","36.0%","Winona",1408,"MN","US.14",28,"WE","",0,0,"",0,"Winona","MN",NA,48.58,0,0
"3115","36.0%","Houston",1351,"MN","US.14",29,"WE","",0,0,"",0,"Houston","MN",NA,3.18,0,0
"3116","36.0%","La Crosse",3212,"WI","US.14",30,"WE","",0,0,"",0,"La Crosse","WI",NA,13.57,0,0
"3117","36.0%","Vernon",3243,"WI","US.14",31,"WE","",0,0,"",0,"Vernon","WI",NA,37.38,0,0
"3118","36.0%","Richland",3233,"WI","US.14",32,"WE","",0,0,"",0,"Richland","WI",NA,33.65,1,0
"3119","36.0%","Sauk",3237,"WI","US.14",33,"WE","",0,0,"",0,"Sauk","WI",NA,8.13,0,0
"3120","36.0%","Iowa",3205,"WI","US.14",34,"WE","",0,0,"",0,"Iowa","WI",NA,10.5,0,0
"3121","36.1%","Dane",3193,"WI","US.14",35,"WE","",0,0,"",0,"Dane","WI",NA,44.03,0,0
"3122","36.1%","Rock",3234,"WI","US.14",36,"WE","",0,0,"",0,"Rock","WI",NA,35.54,0,0
"3123","36.1%","Walworth",3245,"WI","US.14",37,"WE","",0,0,"",0,"Walworth","WI",NA,15.97,0,0
"3124","36.1%","McHenry",666,"IL","US.14",38,"WE","",0,0,"",0,"McHenry","IL",NA,34.62,0,0
"3125","36.1%","Lake",652,"IL","US.14",39,"WE","",0,0,"",0,"Lake","IL",NA,4.67,0,0
"3126","36.1%","Cook",619,"IL","US.14",40,"WE","",0,0,"",0,"Cook","IL",NA,29.75,0,0
"3127","36.1%","Brown",3185,"WI","US.141",1,"SN","",0,0,"",0,"Brown","WI",NA,20.52,0,0
"3128","36.1%","Oconto",3223,"WI","US.141",2,"SN","",0,0,"",0,"Oconto","WI",NA,24.33,0,0
"3129","36.1%","Marinette",3218,"WI","US.141",3,"SN","",0,0,"",0,"Marinette","WI",NA,58.12,0,0
"3130","36.2%","Florence",3199,"WI","US.141",4,"SN","",0,0,"",0,"Florence","WI",NA,14.51,0,0
"3131","36.2%","Dickinson",1262,"MI","US.141",5,"SN","",0,0,"",0,"Dickinson","MI",NA,8.01,0,0
"3132","36.2%","Iron",1276,"MI","US.141",6,"SN","",0,0,"",0,"Iron","MI",NA,35.96,0,0
"3133","36.2%","Baraga",1247,"MI","US.141",7,"SN","",0,0,"",0,"Baraga","MI",NA,13.74,0,0
"3134","36.2%","Park",3267,"WY","US.14A.WY",1,"WE","",0,0,"",0,"Park","WY",NA,33.67,0,0
"3135","36.2%","Big Horn",3254,"WY","US.14A.WY",2,"WE","",0,0,"",0,"Big Horn","WY",NA,50.05,0,0
"3136","36.2%","Lawrence",2494,"SD","US.14A.SD",1,"WE","",0,0,"",0,"Lawrence","SD",NA,41.84,0,0
"3137","36.2%","Meade",2500,"SD","US.14A.SD",2,"WE","",0,0,"",0,"Meade","SD",NA,2.45,0,0
"3138","36.2%","Colleton",2423,"SC","US.15",1,"SN","",0,0,"",0,"Colleton","SC",NA,11.89,0,0
"3139","36.3%","Dorchester",2426,"SC","US.15",2,"SN","",0,0,"",0,"Dorchester","SC",NA,18.99,0,0
"3140","36.3%","Orangeburg",2446,"SC","US.15",3,"SN","",0,0,"",0,"Orangeburg","SC",NA,17.23,0,0
"3141","36.3%","Clarendon",2422,"SC","US.15",4,"SN","",0,0,"",0,"Clarendon","SC",NA,21.81,0,0
"3142","36.3%","Sumter",2451,"SC","US.15",5,"SN","",0,0,"",0,"Sumter","SC",NA,22.44,0,0
"3143","36.3%","Lee",2439,"SC","US.15",6,"SN","",0,0,"",0,"Lee","SC",NA,18.97,0,0
"3144","36.3%","Darlington",2424,"SC","US.15",7,"SN","",0,0,"",0,"Darlington","SC",NA,26.71,0,0
"3145","36.3%","Marlboro",2442,"SC","US.15",8,"SN","",0,0,"",0,"Marlboro","SC",NA,21.82,0,0
"3146","36.3%","Scotland",1983,"NC","US.15",9,"SN","",0,0,"",0,"Scotland","NC",NA,24.72,0,0
"3147","36.4%","Hoke",1947,"NC","US.15",10,"SN","",0,0,"",0,"Hoke","NC",NA,3.53,0,0
"3148","36.4%","Moore",1963,"NC","US.15",11,"SN","",0,0,"",0,"Moore","NC",NA,27.59,0,0
"3149","36.4%","Lee",1953,"NC","US.15",12,"SN","",0,0,"",0,"Lee","NC",NA,15.95,0,0
"3150","36.4%","Chatham",1919,"NC","US.15",13,"SN","",0,0,"",0,"Chatham","NC",NA,25.41,0,0
"3151","36.4%","Orange",1968,"NC","US.15",14,"SN","",0,0,"",0,"Orange","NC",NA,8.51,0,0
"3152","36.4%","Durham",1932,"NC","US.15",15,"SN","",0,0,"",0,"Durham","NC",NA,17.94,0,0
"3153","36.4%","Granville",1939,"NC","US.15",16,"SN","",0,0,"",0,"Granville","NC",NA,38.05,0,0
"3154","36.4%","Mecklenburg",3018,"VA","US.15",17,"SN","Reentry from North",0,0,"",2001,"Mecklenburg","VA",NA,6.97,0,0
"3155","36.4%","Halifax",2994,"VA","US.15",18,"SN","Sliver, bridge only",0,0,"GE",0,"Halifax","VA","0.11",0.12,0,0
"3156","36.5%","Mecklenburg",3018,"VA","US.15",19,"SN","Reentry from South",0,0,"",3001,"Mecklenburg","VA","8.94",8.94,0,0
"3157","36.5%","Charlotte",2959,"VA","US.15",20,"SN","",0,0,"",0,"Charlotte","VA",NA,28.89,0,0
"3158","36.5%","Prince Edward",3037,"VA","US.15",21,"SN","",0,0,"",0,"Prince Edward","VA",NA,21.63,0,0
"3159","36.5%","Buckingham",2950,"VA","US.15",22,"SN","",0,0,"",0,"Buckingham","VA",NA,32.26,0,0
"3160","36.5%","Fluvanna",2981,"VA","US.15",23,"SN","",0,0,"",0,"Fluvanna","VA",NA,21.88,0,0
"3161","36.5%","Louisa",3014,"VA","US.15",24,"SN","",0,0,"",0,"Louisa","VA",NA,11.59,0,0
"3162","36.5%","Orange",3030,"VA","US.15",25,"SN","",0,0,"",0,"Orange","VA",NA,12.91,0,0
"3163","36.5%","Madison",3016,"VA","US.15",26,"SN","",0,0,"",0,"Madison","VA",NA,5.39,0,1
"3164","36.5%","Culpeper",2968,"VA","US.15",27,"SN","",0,0,"",0,"Culpeper","VA",NA,21.13,0,0
"3165","36.6%","Fauquier",2979,"VA","US.15",28,"SN","",0,0,"",0,"Fauquier","VA",NA,21.04,0,0
"3166","36.6%","Prince William",3041,"VA","US.15",29,"SN","",0,0,"",0,"Prince William","VA",NA,12.01,0,0
"3167","36.6%","Loudoun",3013,"VA","US.15",30,"SN","",0,0,"",0,"Loudoun","VA",NA,27.47,0,0
"3168","36.6%","Frederick",1213,"MD","US.15",31,"SN","",0,0,"W",0,"Frederick","MD","37.85",37.93,0,0
"3169","36.6%","Adams",2259,"PA","US.15",32,"SN","",0,0,"",0,"Adams","PA",NA,26.8,0,1
"3170","36.6%","York",2325,"PA","US.15",33,"SN","",0,0,"",0,"York","PA",NA,8.84,0,0
"3171","36.6%","Cumberland",2279,"PA","US.15",34,"SN","",0,0,"",0,"Cumberland","PA",NA,16.02,0,0
"3172","36.6%","Perry",2308,"PA","US.15",35,"SN","Reentry from North",0,0,"",2002,"Perry","PA","11.40",11.4,0,0
"3173","36.7%","Dauphin",2280,"PA","US.15",36,"SN","",0,0,"",0,"Dauphin","PA",NA,0.77,0,0
"3174","36.7%","Perry",2308,"PA","US.15",37,"SN","Reentry from South",0,0,"",3002,"Perry","PA",NA,16.97,0,0
"3175","36.7%","Juniata",2292,"PA","US.15",38,"SN","",0,0,"",0,"Juniata","PA",NA,1.18,0,0
"3176","36.7%","Snyder",2313,"PA","US.15",39,"SN","",0,0,"",0,"Snyder","PA",NA,20.56,0,0
"3177","36.7%","Union",2318,"PA","US.15",40,"SN","",0,0,"",0,"Union","PA",NA,19.42,0,0
"3178","36.7%","Lycoming",2299,"PA","US.15",41,"SN","",0,0,"",0,"Lycoming","PA",NA,38.48,0,0
"3179","36.7%","Tioga",2317,"PA","US.15",42,"SN","",0,0,"",0,"Tioga","PA",NA,35.34,0,0
"3180","36.7%","Steuben",1889,"NY","US.15",43,"SN","",0,0,"W",0,"Steuben","NY","12.68",12.96,0,0
"3181","36.7%","Rock Island",684,"IL","US.150",1,"WE","",0,0,"",0,"Rock Island","IL",NA,4.27,0,0
"3182","36.8%","Henry",640,"IL","US.150",2,"WE","",0,0,"",0,"Henry","IL",NA,19.13,0,0
"3183","36.8%","Knox",651,"IL","US.150",3,"WE","",0,0,"",0,"Knox","IL",NA,36.72,0,0
"3184","36.8%","Peoria",675,"IL","US.150",4,"WE","",0,0,"",0,"Peoria","IL",NA,29.41,0,0
"3185","36.8%","Tazewell",693,"IL","US.150",5,"WE","",0,0,"",0,"Tazewell","IL",NA,20.96,0,0
"3186","36.8%","Woodford",705,"IL","US.150",6,"WE","",0,0,"",0,"Woodford","IL",NA,11.42,0,0
"3187","36.8%","McLean",667,"IL","US.150",7,"WE","",0,0,"",0,"McLean","IL",NA,37.1,0,0
"3188","36.8%","De Witt",623,"IL","US.150",8,"WE","",0,0,"",0,"DeWitt","IL",NA,4.88,0,0
"3189","36.8%","Piatt",677,"IL","US.150",9,"WE","",0,0,"",0,"Piatt","IL",NA,8.09,0,0
"3190","36.8%","Champaign",613,"IL","US.150",10,"WE","",0,0,"",0,"Champaign","IL",NA,30.78,0,0
"3191","36.9%","Vermilion",695,"IL","US.150",11,"WE","",0,0,"",0,"Vermilion","IL",NA,34.03,0,0
"3192","36.9%","Edgar",626,"IL","US.150",12,"WE","",0,0,"",0,"Edgar","IL",NA,28.31,0,0
"3193","36.9%","Vermillion",788,"IN","US.150",13,"WE","Abuts, to the North",0,0,"",0,"Vermillion","IN",NA,0.14,0,0
"3194","36.9%","Vigo",789,"IN","US.150",14,"WE","",0,0,"",0,"Vigo","IN",NA,29.51,0,0
"3195","36.9%","Sullivan",782,"IN","US.150",15,"WE","",0,0,"",0,"Sullivan","IN",NA,25.92,0,0
"3196","36.9%","Knox",747,"IN","US.150",16,"WE","",0,0,"",0,"Knox","IN",NA,29.49,0,0
"3197","36.9%","Daviess",719,"IN","US.150",17,"WE","",0,0,"",0,"Daviess","IN",NA,19.04,0,0
"3198","36.9%","Martin",756,"IN","US.150",18,"WE","",0,0,"",0,"Martin","IN",NA,17.72,0,0
"3199","37.0%","Orange",764,"IN","US.150",19,"WE","",0,0,"",0,"Orange","IN",NA,24.1,1,0
"3200","37.0%","Washington",793,"IN","US.150",20,"WE","",0,0,"",0,"Washington","IN",NA,9.61,1,1
"3201","37.0%","Harrison",736,"IN","US.150",21,"WE","",0,0,"",0,"Harrison","IN",NA,6.83,0,1
"3202","37.0%","Floyd",727,"IN","US.150",22,"WE","",0,0,"",0,"Floyd","IN",NA,14.76,0,0
"3203","37.0%","Jefferson",1057,"KY","US.150",23,"WE","",0,0,"",0,"Jefferson","KY",NA,23.31,0,1
"3204","37.0%","Bullitt",1016,"KY","US.150",24,"WE","Reentry from East",0,0,"",2001,"Bullitt","KY",NA,5.15,0,0
"3205","37.0%","Spencer",1109,"KY","US.150",25,"WE","",0,0,"",0,"Spencer","KY",NA,1.87,0,0
"3206","37.0%","Bullitt",1016,"KY","US.150",26,"WE","Reentry from West",0,0,"",3001,"Bullitt","KY","0.24",0.24,0,0
"3207","37.0%","Nelson",1091,"KY","US.150",27,"WE","",0,0,"",0,"Nelson","KY",NA,21.27,0,0
"3208","37.1%","Washington",1116,"KY","US.150",28,"WE","",0,0,"",0,"Washington","KY",NA,20.96,1,1
"3209","37.1%","Boyle",1012,"KY","US.150",29,"WE","",0,0,"",0,"Boyle","KY",NA,19.46,0,0
"3210","37.1%","Lincoln",1070,"KY","US.150",30,"WE","",0,0,"",0,"Lincoln","KY",NA,18.63,0,1
"3211","37.1%","Rockcastle",1103,"KY","US.150",31,"WE","",0,0,"",0,"Rockcastle","KY",NA,10.16,0,0
"3212","37.1%","Iowa",845,"IA","US.151",1,"SN","",0,0,"",0,"Iowa","IA",NA,14.7,0,0
"3213","37.1%","Benton",803,"IA","US.151",2,"SN","",0,0,"",0,"Benton","IA",NA,2.94,0,0
"3214","37.1%","Linn",854,"IA","US.151",3,"SN","",0,0,"",0,"Linn","IA",NA,35.02,0,0
"3215","37.1%","Jones",850,"IA","US.151",4,"SN","",0,0,"",0,"Jones","IA",NA,26.57,1,0
"3216","37.1%","Dubuque",828,"IA","US.151",5,"SN","",0,0,"",0,"Dubuque","IA",NA,28.41,0,0
"3217","37.2%","Grant",3202,"WI","US.151",6,"SN","",0,0,"",0,"Grant","WI",NA,21.63,0,1
"3218","37.2%","Lafayette",3213,"WI","US.151",7,"SN","",0,0,"",0,"Lafayette","WI",NA,11.19,1,0
"3219","37.2%","Iowa",3205,"WI","US.151",8,"SN","",0,0,"",0,"Iowa","WI",NA,28.73,0,0
"3220","37.2%","Dane",3193,"WI","US.151",9,"SN","",0,0,"",0,"Dane","WI",NA,51.52,0,0
"3221","37.2%","Columbia",3191,"WI","US.151",10,"SN","",0,0,"",0,"Columbia","WI",NA,6.82,0,0
"3222","37.2%","Dodge",3194,"WI","US.151",11,"SN","",0,0,"",0,"Dodge","WI",NA,26.43,0,0
"3223","37.2%","Fond du Lac",3200,"WI","US.151",12,"SN","",0,0,"",0,"Fond du Lac","WI",NA,33.65,0,0
"3224","37.2%","Calumet",3188,"WI","US.151",13,"SN","",0,0,"",0,"Calumet","WI",NA,18.62,0,0
"3225","37.3%","Manitowoc",3216,"WI","US.151",14,"SN","",0,0,"",0,"Manitowoc","WI",NA,17.76,0,0
"3226","37.3%","Davie",1930,"NC","US.158",1,"WE","",0,0,"",0,"Davie","NC",NA,12.84,0,0
"3227","37.3%","Forsyth",1934,"NC","US.158",2,"WE","",0,0,"",0,"Forsyth","NC",NA,28.48,0,0
"3228","37.3%","Guilford",1941,"NC","US.158",3,"WE","",0,0,"",0,"Guilford","NC",NA,8.68,0,0
"3229","37.3%","Rockingham",1979,"NC","US.158",4,"WE","",0,0,"",0,"Rockingham","NC",NA,27.76,0,0
"3230","37.3%","Caswell",1917,"NC","US.158",5,"WE","",0,0,"",0,"Caswell","NC",NA,25.02,0,0
"3231","37.3%","Person",1973,"NC","US.158",6,"WE","",0,0,"",0,"Person","NC",NA,21.99,0,0
"3232","37.3%","Granville",1939,"NC","US.158",7,"WE","",0,0,"",0,"Granville","NC",NA,18.35,0,0
"3233","37.3%","Vance",1991,"NC","US.158",8,"WE","",0,0,"",0,"Vance","NC",NA,14.21,0,0
"3234","37.4%","Warren",1993,"NC","US.158",9,"WE","",0,0,"",0,"Warren","NC",NA,22.86,0,0
"3235","37.4%","Halifax",1942,"NC","US.158",10,"WE","",0,0,"",0,"Halifax","NC",NA,19.98,0,0
"3236","37.4%","Northampton",1966,"NC","US.158",11,"WE","",0,0,"",0,"Northampton","NC",NA,30.06,0,0
"3237","37.4%","Hertford",1946,"NC","US.158",12,"WE","",0,0,"",0,"Hertford","NC",NA,12.51,0,0
"3238","37.4%","Gates",1937,"NC","US.158",13,"WE","",0,0,"",0,"Gates","NC",NA,28.27,0,0
"3239","37.4%","Pasquotank",1970,"NC","US.158",14,"WE","",0,0,"",0,"Pasquotank","NC",NA,19.87,0,0
"3240","37.4%","Camden",1915,"NC","US.158",15,"WE","",0,0,"",0,"Camden","NC",NA,7.54,0,0
"3241","37.4%","Currituck",1927,"NC","US.158",16,"WE","",0,0,"",0,"Currituck","NC",NA,34.23,1,0
"3242","37.4%","Dare",1928,"NC","US.158",17,"WE","",0,0,"",0,"Dare","NC",NA,17.87,0,0
"3243","37.5%","Jefferson",940,"KS","US.159",1,"SN","",0,0,"",0,"Jefferson","KS",NA,0.72,0,1
"3244","37.5%","Atchison",899,"KS","US.159",2,"SN","",0,0,"",0,"Atchison","KS",NA,26.68,0,0
"3245","37.5%","Brown",903,"KS","US.159",3,"SN","",0,0,"",0,"Brown","KS",NA,25.98,0,0
"3246","37.5%","Richardson",1738,"NE","US.159",4,"SN","",0,0,"W",0,"Richardson","NE","13.86",13.86,0,0
"3247","37.5%","Holt",1536,"MO","US.159",5,"SN","",0,0,"W",0,"Holt","MO","17.42",17.65,0,0
"3248","37.5%","Park",3267,"WY","US.16",1,"WE","",0,0,"",0,"Park","WY",NA,77.16,0,0
"3249","37.5%","Big Horn",3254,"WY","US.16",2,"WE","Reentry from East",0,0,"",2001,"Big Horn","WY",NA,54.73,0,0
"3250","37.5%","Washakie",3274,"WY","US.16",3,"WE","Reentry from East",0,0,"",2002,"Washakie","WY",NA,54.85,0,0
"3251","37.6%","Big Horn",3254,"WY","US.16",4,"WE","Reentry from West",0,0,"",3001,"Big Horn","WY","3.84",3.84,0,0
"3252","37.6%","Washakie",3274,"WY","US.16",5,"WE","Reentry from West",0,0,"",3002,"Washakie","WY","4.62",4.62,0,0
"3253","37.6%","Johnson",3262,"WY","US.16",6,"WE","",0,0,"",0,"Johnson","WY",NA,55.73,0,1
"3254","37.6%","Sheridan",3269,"WY","US.16",7,"WE","",0,0,"",0,"Sheridan","WY",NA,32.71,0,0
"3255","37.6%","Campbell",3255,"WY","US.16",8,"WE","",0,0,"",0,"Campbell","WY",NA,68.53,0,0
"3256","37.6%","Crook",3258,"WY","US.16",9,"WE","",0,0,"",0,"Crook","WY",NA,17.54,0,0
"3257","37.6%","Weston",3275,"WY","US.16",10,"WE","",0,0,"",0,"Weston","WY",NA,48.22,0,0
"3258","37.6%","Custer",2470,"SD","US.16",11,"WE","",0,0,"",0,"Custer","SD",NA,33.39,0,0
"3259","37.6%","Pennington",2506,"SD","US.16",12,"WE","",0,0,"",0,"Pennington","SD",NA,35.71,0,0
"3260","37.7%","Custer",2470,"SD","US.16A",1,"WE","Reentry from East",0,0,"",2001,"Custer","SD",NA,27.34,0,0
"3261","37.7%","Pennington",2506,"SD","US.16A",2,"WE","Reentry from East",0,0,"",2002,"Pennington","SD","1.40",1.4,0,0
"3262","37.7%","Custer",2470,"SD","US.16A",3,"WE","Reentry from West",0,0,"",3001,"Custer","SD","0.57",0.57,0,0
"3263","37.7%","Pennington",2506,"SD","US.16A",4,"WE","Reentry from West",0,0,"",3002,"Pennington","SD",NA,7.4,0,0
"3264","37.7%","Coconino",105,"AZ","US.160",1,"WE","",0,0,"",0,"Coconino","AZ",NA,46.38,0,0
"3265","37.7%","Navajo",112,"AZ","US.160",2,"WE","",0,0,"",0,"Navajo","AZ",NA,50.14,0,0
"3266","37.7%","Apache",103,"AZ","US.160",3,"WE","",0,0,"",0,"Apache","AZ",NA,62.43,0,0
"3267","37.7%","San Juan",1829,"NM","US.160",4,"WE","",0,0,"W",0,"San Juan","NM","0.89",0.85,0,0
"3268","37.7%","Montezuma",293,"CO","US.160",5,"WE","",0,0,"",0,"Montezuma","CO",NA,61.84,0,0
"3269","37.8%","La Plata",284,"CO","US.160",6,"WE","",0,0,"",0,"La Plata","CO",NA,48.82,0,0
"3270","37.8%","Archuleta",254,"CO","US.160",7,"WE","",0,0,"",0,"Archuleta","CO",NA,43.45,0,0
"3271","37.8%","Mineral",291,"CO","US.160",8,"WE","",0,0,"",0,"Mineral","CO",NA,24.94,1,0
"3272","37.8%","Rio Grande",304,"CO","US.160",9,"WE","",0,0,"",0,"Rio Grande","CO",NA,42.33,0,0
"3273","37.8%","Alamosa",252,"CO","US.160",10,"WE","",0,0,"",0,"Alamosa","CO",NA,25.5,0,0
"3274","37.8%","Costilla",263,"CO","US.160",11,"WE","",0,0,"",0,"Costilla","CO",NA,30.73,1,0
"3275","37.8%","Huerfano",279,"CO","US.160",12,"WE","",0,0,"",0,"Huerfano","CO",NA,37.88,0,0
"3276","37.8%","Las Animas",287,"CO","US.160",13,"WE","",0,0,"",0,"Las Animas","CO",NA,111.79,0,0
"3277","37.9%","Baca",255,"CO","US.160",14,"WE","",0,0,"",0,"Baca","CO",NA,65.63,0,0
"3278","37.9%","Stanton",990,"KS","US.160",15,"WE","",0,0,"",0,"Stanton","KS",NA,30.65,1,0
"3279","37.9%","Grant",930,"KS","US.160",16,"WE","",0,0,"",0,"Grant","KS",NA,24.17,1,1
"3280","37.9%","Haskell",937,"KS","US.160",17,"WE","",0,0,"",0,"Haskell","KS",NA,24.13,0,0
"3281","37.9%","Seward",984,"KS","US.160",18,"WE","",0,0,"",0,"Seward","KS",NA,20.9,0,0
"3282","37.9%","Meade",956,"KS","US.160",19,"WE","",0,0,"",0,"Meade","KS",NA,30.49,0,0
"3283","37.9%","Clark",909,"KS","US.160",20,"WE","",0,0,"",0,"Clark","KS",NA,35.82,0,0
"3284","37.9%","Comanche",913,"KS","US.160",21,"WE","",0,0,"",0,"Comanche","KS",NA,35.91,0,0
"3285","37.9%","Barber",900,"KS","US.160",22,"WE","",0,0,"",0,"Barber","KS",NA,36.76,0,0
"3286","38.0%","Harper",935,"KS","US.160",23,"WE","",0,0,"",0,"Harper","KS",NA,33.68,1,0
"3287","38.0%","Sumner",992,"KS","US.160",24,"WE","",0,0,"",0,"Sumner","KS",NA,37.04,0,0
"3288","38.0%","Cowley",914,"KS","US.160",25,"WE","",0,0,"",0,"Cowley","KS",NA,41.26,0,0
"3289","38.0%","Elk",921,"KS","US.160",26,"WE","",0,0,"",0,"Elk","KS",NA,34.67,1,0
"3290","38.0%","Montgomery",959,"KS","US.160",27,"WE","",0,0,"",0,"Montgomery","KS",NA,32.34,0,0
"3291","38.0%","Labette",946,"KS","US.160",28,"WE","",0,0,"",0,"Labette","KS",NA,25.84,0,0
"3292","38.0%","Cherokee",907,"KS","US.160",29,"WE","",0,0,"",0,"Cherokee","KS",NA,31.65,0,0
"3293","38.0%","Crawford",915,"KS","US.160",30,"WE","",0,0,"",0,"Crawford","KS",NA,14.55,0,0
"3294","38.1%","Barton",1498,"MO","US.160",31,"WE","",0,0,"",0,"Barton","MO",NA,37.18,0,0
"3295","38.1%","Dade",1521,"MO","US.160",32,"WE","",0,0,"",0,"Dade","MO",NA,33.44,1,0
"3296","38.1%","Greene",1531,"MO","US.160",33,"WE","",0,0,"",0,"Greene","MO",NA,32.03,0,0
"3297","38.1%","Christian",1514,"MO","US.160",34,"WE","",0,0,"",0,"Christian","MO",NA,20.45,0,0
"3298","38.1%","Stone",1598,"MO","US.160",35,"WE","",0,0,"",0,"Stone","MO",NA,6.81,1,0
"3299","38.1%","Taney",1600,"MO","US.160",36,"WE","",0,0,"",0,"Taney","MO",NA,42.93,0,0
"3300","38.1%","Ozark",1569,"MO","US.160",37,"WE","",0,0,"",0,"Ozark","MO",NA,41.85,1,0
"3301","38.1%","Howell",1538,"MO","US.160",38,"WE","",0,0,"",0,"Howell","MO",NA,31.7,0,0
"3302","38.1%","Oregon",1567,"MO","US.160",39,"WE","",0,0,"",0,"Oregon","MO",NA,38.57,0,0
"3303","38.2%","Ripley",1583,"MO","US.160",40,"WE","",0,0,"",0,"Ripley","MO",NA,34.25,1,0
"3304","38.2%","Butler",1504,"MO","US.160",41,"WE","",0,0,"",0,"Butler","MO",NA,4.35,0,0
"3305","38.2%","Navajo",112,"AZ","US.163",1,"SN","",0,0,"",0,"Navajo","AZ","23.21",23.16,0,0
"3306","38.2%","San Juan",2899,"UT","US.163",2,"SN","",0,0,"",0,"San Juan","UT","41.41",41.37,0,0
"3307","38.2%","Calcasieu",1131,"LA","US.165",1,"SN","",0,0,"",0,"Calcasieu","LA",NA,0.29,0,0
"3308","38.2%","Jefferson Davis",1148,"LA","US.165",2,"SN","",0,0,"",0,"Jefferson Davis","LA",NA,15.82,0,0
"3309","38.2%","Allen",1123,"LA","US.165",3,"SN","",0,0,"",0,"Allen","LA",NA,35.21,0,0
"3310","38.2%","Rapides",1161,"LA","US.165",4,"SN","",0,0,"",0,"Rapides","LA",NA,41.78,0,0
"3311","38.2%","Grant",1143,"LA","US.165",5,"SN","",0,0,"",0,"Grant","LA",NA,25.41,0,1
"3312","38.3%","LaSalle",1151,"LA","US.165",6,"SN","",0,0,"",0,"LaSalle","LA",NA,13.42,0,0
"3313","38.3%","Caldwell",1132,"LA","US.165",7,"SN","",0,0,"",0,"Caldwell","LA",NA,28.27,1,0
"3314","38.3%","Ouachita",1158,"LA","US.165",8,"SN","",0,0,"",0,"Ouachita","LA",NA,32.36,0,0
"3315","38.3%","Morehouse",1155,"LA","US.165",9,"SN","",0,0,"",0,"Morehouse","LA",NA,35.45,0,0
"3316","38.3%","Ashley",119,"AR","US.165",10,"SN","",0,0,"",0,"Ashley","AR",NA,28.58,0,0
"3317","38.3%","Drew",139,"AR","US.165",11,"SN","Reentry from North",0,0,"",2001,"Drew","AR",NA,2.68,0,0
"3318","38.3%","Chicot",126,"AR","US.165",12,"SN","",0,0,"",0,"Chicot","AR",NA,11,0,0
"3319","38.3%","Desha",138,"AR","US.165",13,"SN","Reentry from North",0,0,"",2002,"Desha","AR","10.90",10.9,0,0
"3320","38.4%","Drew",139,"AR","US.165",14,"SN","Reentry from South",0,0,"",3001,"Drew","AR","4.55",4.55,0,0
"3321","38.4%","Desha",138,"AR","US.165",15,"SN","Reentry from South",0,0,"",3002,"Desha","AR",NA,18.45,0,0
"3322","38.4%","Arkansas",118,"AR","US.165",16,"SN","",0,0,"",0,"Arkansas","AR",NA,54,0,0
"3323","38.4%","Prairie",176,"AR","US.165",17,"SN","",0,0,"",0,"Prairie","AR",NA,2.87,0,0
"3324","38.4%","Lonoke",160,"AR","US.165",18,"SN","",0,0,"",0,"Lonoke","AR",NA,31.45,0,0
"3325","38.4%","Pulaski",177,"AR","US.165",19,"SN","",0,0,"",0,"Pulaski","AR",NA,8.44,0,0
"3326","38.4%","Sumner",992,"KS","US.166",1,"WE","",0,0,"",0,"Sumner","KS",NA,14.01,0,0
"3327","38.4%","Cowley",914,"KS","US.166",2,"WE","",0,0,"",0,"Cowley","KS",NA,37.5,0,0
"3328","38.4%","Chautauqua",906,"KS","US.166",3,"WE","",0,0,"",0,"Chautauqua","KS",NA,32.06,1,0
"3329","38.5%","Montgomery",959,"KS","US.166",4,"WE","",0,0,"",0,"Montgomery","KS",NA,28.16,0,0
"3330","38.5%","Labette",946,"KS","US.166",5,"WE","",0,0,"",0,"Labette","KS",NA,25.71,0,0
"3331","38.5%","Cherokee",907,"KS","US.166",6,"WE","",0,0,"",0,"Cherokee","KS",NA,25.92,0,0
"3332","38.5%","Newton",1565,"MO","US.166",7,"WE","",0,0,"W",0,"Newton","MO","0.94",0.63,0,0
"3333","38.5%","Vermilion",1178,"LA","US.167",1,"SN","",0,0,"",0,"Vermilion","LA",NA,10.52,1,0
"3334","38.5%","Lafayette",1149,"LA","US.167",2,"SN","",0,0,"",0,"Lafayette","LA",NA,23.28,0,0
"3335","38.5%","St. Landry",1170,"LA","US.167",3,"SN","",0,0,"",0,"St. Landry","LA",NA,25.19,0,0
"3336","38.5%","Evangeline",1141,"LA","US.167",4,"SN","",0,0,"",0,"Evangeline","LA",NA,31.54,0,0
"3337","38.5%","Rapides",1161,"LA","US.167",5,"SN","",0,0,"",0,"Rapides","LA",NA,32.24,0,0
"3338","38.6%","Grant",1143,"LA","US.167",6,"SN","",0,0,"",0,"Grant","LA",NA,26.82,0,1
"3339","38.6%","Winn",1185,"LA","US.167",7,"SN","",0,0,"",0,"Winn","LA",NA,27.36,0,0
"3340","38.6%","Jackson",1146,"LA","US.167",8,"SN","",0,0,"",0,"Jackson","LA",NA,23.27,1,1
"3341","38.6%","Lincoln",1152,"LA","US.167",9,"SN","",0,0,"",0,"Lincoln","LA",NA,22.19,0,1
"3342","38.6%","Union",1177,"LA","US.167",10,"SN","",0,0,"",0,"Union","LA",NA,18.81,0,0
"3343","38.6%","Claiborne",1135,"LA","US.167",11,"SN","",0,0,"",0,"Claiborne","LA",NA,0.43,0,0
"3344","38.6%","Union",187,"AR","US.167",12,"SN","",0,0,"",0,"Union","AR",NA,28.71,0,0
"3345","38.6%","Calhoun",124,"AR","US.167",13,"SN","",0,0,"",0,"Calhoun","AR",NA,32.57,0,0
"3346","38.7%","Dallas",137,"AR","US.167",14,"SN","Reentry from North",0,0,"",2001,"Dallas","AR",NA,11.15,0,0
"3347","38.7%","Cleveland",130,"AR","US.167",15,"SN","",0,0,"",0,"Cleveland","AR",NA,8.72,0,1
"3348","38.7%","Dallas",137,"AR","US.167",16,"SN","Reentry from South",0,0,"",3001,"Dallas","AR","3.96",3.96,0,0
"3349","38.7%","Grant",144,"AR","US.167",17,"SN","",0,0,"",0,"Grant","AR",NA,28.41,0,1
"3350","38.7%","Saline",180,"AR","US.167",18,"SN","",0,0,"",0,"Saline","AR",NA,8.14,0,0
"3351","38.7%","Pulaski",177,"AR","US.167",19,"SN","",0,0,"",0,"Pulaski","AR",NA,30.35,0,0
"3352","38.7%","Lonoke",160,"AR","US.167",20,"SN","",0,0,"",0,"Lonoke","AR",NA,10.18,0,0
"3353","38.7%","White",190,"AR","US.167",21,"SN","Reentry from North",0,0,"",2002,"White","AR",NA,38.93,0,0
"3354","38.7%","Jackson",151,"AR","US.167",22,"SN","",0,0,"",0,"Jackson","AR",NA,1.5,0,1
"3355","38.8%","White",190,"AR","US.167",23,"SN","Reentry from South",0,0,"",3002,"White","AR","5.16",5.16,0,0
"3356","38.8%","Independence",149,"AR","US.167",24,"SN","",0,0,"",0,"Independence","AR",NA,31.97,1,0
"3357","38.8%","Sharp",185,"AR","US.167",25,"SN","",0,0,"",0,"Sharp","AR",NA,23.17,0,0
"3358","38.8%","Tulsa",2217,"OK","US.169",1,"SN","Reentry from North",0,0,"",2001,"Tulsa","OK",NA,26.14,0,0
"3359","38.8%","Rogers",2211,"OK","US.169",2,"SN","Reentry from North",0,0,"",2002,"Rogers","OK","1.24",1.24,0,0
"3360","38.8%","Tulsa",2217,"OK","US.169",3,"SN","Reentry from South",0,0,"",3001,"Tulsa","OK","0.19",0.19,0,0
"3361","38.8%","Rogers",2211,"OK","US.169",4,"SN","Reentry from South",0,0,"",3002,"Rogers","OK",NA,17.44,0,0
"3362","38.8%","Nowata",2198,"OK","US.169",5,"SN","",0,0,"",0,"Nowata","OK",NA,28.27,0,0
"3363","38.8%","Montgomery",959,"KS","US.169",6,"SN","",0,0,"",0,"Montgomery","KS",NA,27.59,0,0
"3364","38.9%","Labette",946,"KS","US.169",7,"SN","",0,0,"",0,"Labette","KS",NA,1.83,0,0
"3365","38.9%","Neosho",963,"KS","US.169",8,"SN","",0,0,"",0,"Neosho","KS",NA,24.96,0,0
"3366","38.9%","Allen",897,"KS","US.169",9,"SN","",0,0,"",0,"Allen","KS",NA,22.9,0,0
"3367","38.9%","Anderson",898,"KS","US.169",10,"SN","",0,0,"",0,"Anderson","KS",NA,30.66,0,0
"3368","38.9%","Franklin",926,"KS","US.169",11,"SN","",0,0,"",0,"Franklin","KS",NA,2.38,0,0
"3369","38.9%","Miami",957,"KS","US.169",12,"SN","",0,0,"",0,"Miami","KS",NA,29.07,0,0
"3370","38.9%","Johnson",942,"KS","US.169",13,"SN","",0,0,"",0,"Johnson","KS",NA,27.1,0,1
"3371","38.9%","Wyandotte",1001,"KS","US.169",14,"SN","",0,0,"",0,"Wyandotte","KS",NA,5.87,0,0
"3372","39.0%","Jackson",1540,"MO","US.169",15,"SN","",0,0,"",0,"Jackson","MO",NA,1.37,0,1
"3373","39.0%","Clay",1516,"MO","US.169",16,"SN","",0,0,"",0,"Clay","MO",NA,24.21,0,0
"3374","39.0%","Clinton",1517,"MO","US.169",17,"SN","",0,0,"",0,"Clinton","MO",NA,12.63,0,1
"3375","39.0%","Buchanan",1503,"MO","US.169",18,"SN","",0,0,"",0,"Buchanan","MO",NA,19.94,0,1
"3376","39.0%","Andrew",1494,"MO","US.169",19,"SN","",0,0,"",0,"Andrew","MO",NA,16.86,0,0
"3377","39.0%","DeKalb",1524,"MO","US.169",20,"SN","",0,0,"",0,"DeKalb","MO",NA,8.05,0,0
"3378","39.0%","Gentry",1530,"MO","US.169",21,"SN","",0,0,"",0,"Gentry","MO",NA,30.91,0,0
"3379","39.0%","Worth",1607,"MO","US.169",22,"SN","",0,0,"",0,"Worth","MO",NA,12.83,1,0
"3380","39.0%","Ringgold",877,"IA","US.169",23,"SN","",0,0,"",0,"Ringgold","IA",NA,30.36,1,0
"3381","39.1%","Union",885,"IA","US.169",24,"SN","",0,0,"",0,"Union","IA",NA,25.36,0,0
"3382","39.1%","Madison",858,"IA","US.169",25,"SN","",0,0,"",0,"Madison","IA",NA,25.56,0,1
"3383","39.1%","Dallas",822,"IA","US.169",26,"SN","",0,0,"",0,"Dallas","IA",NA,24.97,0,0
"3384","39.1%","Boone",805,"IA","US.169",27,"SN","",0,0,"",0,"Boone","IA",NA,28.08,0,0
"3385","39.1%","Webster",891,"IA","US.169",28,"SN","",0,0,"",0,"Webster","IA",NA,34.68,0,0
"3386","39.1%","Humboldt",843,"IA","US.169",29,"SN","",0,0,"",0,"Humboldt","IA",NA,18.21,1,0
"3387","39.1%","Kossuth",852,"IA","US.169",30,"SN","",0,0,"",0,"Kossuth","IA",NA,48.15,0,0
"3388","39.1%","Faribault",1345,"MN","US.169",31,"SN","",0,0,"",0,"Faribault","MN",NA,25.3,0,0
"3389","39.1%","Blue Earth",1330,"MN","US.169",32,"SN","Reentry from North",0,0,"",2001,"Blue Earth","MN",NA,27.21,0,0
"3390","39.2%","Nicollet",1375,"MN","US.169",33,"SN","Reentry from North",0,0,"",2002,"Nicollet","MN","1.78",1.78,0,0
"3391","39.2%","Blue Earth",1330,"MN","US.169",34,"SN","Reentry",0,0,"",1001,"Blue Earth","MN","0.64",0.64,0,0
"3392","39.2%","Nicollet",1375,"MN","US.169",35,"SN","Reentry",0,0,"",1002,"Nicollet","MN","0.42",0.42,0,0
"3393","39.2%","Blue Earth",1330,"MN","US.169",36,"SN","Reentry from South",0,0,"",3001,"Blue Earth","MN","0.16",0.16,0,0
"3394","39.2%","Nicollet",1375,"MN","US.169",37,"SN","Reentry from South",0,0,"",3002,"Nicollet","MN",NA,19.77,0,0
"3395","39.2%","Sibley",1395,"MN","US.169",38,"SN","",0,0,"",0,"Sibley","MN",NA,2.46,1,0
"3396","39.2%","Le Sueur",1363,"MN","US.169",39,"SN","",0,0,"",0,"Le Sueur","MN",NA,5.76,1,0
"3397","39.2%","Scott",1393,"MN","US.169",40,"SN","",0,0,"",0,"Scott","MN",NA,31.87,0,0
"3398","39.3%","Hennepin",1350,"MN","US.169",41,"SN","",0,0,"",0,"Hennepin","MN",NA,27.69,0,0
"3399","39.3%","Anoka",1325,"MN","US.169",42,"SN","",0,0,"",0,"Anoka","MN",NA,7.89,0,0
"3400","39.3%","Sherburne",1394,"MN","US.169",43,"SN","",0,0,"",0,"Sherburne","MN",NA,23.18,0,0
"3401","39.3%","Mille Lacs",1371,"MN","US.169",44,"SN","",0,0,"",0,"Mille Lacs","MN",NA,52.49,1,0
"3402","39.3%","Crow Wing",1341,"MN","US.169",45,"SN","",0,0,"",0,"Crow Wing","MN",NA,5.41,1,0
"3403","39.3%","Aitkin",1324,"MN","US.169",46,"SN","",0,0,"",0,"Aitkin","MN",NA,54.96,0,0
"3404","39.3%","Itasca",1354,"MN","US.169",47,"SN","",0,0,"",0,"Itasca","MN",NA,41.19,0,0
"3405","39.3%","St. Louis",1392,"MN","US.169",48,"SN","",0,0,"",0,"St. Louis","MN",NA,30.48,0,0
"3406","39.3%","Charlotte",335,"FL","US.17",1,"SN","",0,0,"",0,"Charlotte","FL",NA,11.05,0,0
"3407","39.4%","DeSoto",340,"FL","US.17",2,"SN","",0,0,"",0,"DeSoto","FL",NA,23.88,0,0
"3408","39.4%","Hardee",351,"FL","US.17",3,"SN","",0,0,"",0,"Hardee","FL",NA,21.37,1,0
"3409","39.4%","Polk",380,"FL","US.17",4,"SN","",0,0,"",0,"Polk","FL",NA,52.27,0,1
"3410","39.4%","Osceola",376,"FL","US.17",5,"SN","",0,0,"",0,"Osceola","FL",NA,14.94,0,0
"3411","39.4%","Orange",375,"FL","US.17",6,"SN","",0,0,"",0,"Orange","FL",NA,22.14,0,0
"3412","39.4%","Seminole",386,"FL","US.17",7,"SN","",0,0,"",0,"Seminole","FL",NA,18.51,0,0
"3413","39.4%","Volusia",391,"FL","US.17",8,"SN","",0,0,"",0,"Volusia","FL",NA,40.79,0,0
"3414","39.4%","Putnam",381,"FL","US.17",9,"SN","",0,0,"",0,"Putnam","FL",NA,43.53,1,0
"3415","39.4%","Clay",337,"FL","US.17",10,"SN","",0,0,"",0,"Clay","FL",NA,25.41,0,0
"3416","39.5%","Duval",342,"FL","US.17",11,"SN","",0,0,"",0,"Duval","FL",NA,30.89,0,0
"3417","39.5%","Nassau",372,"FL","US.17",12,"SN","",0,0,"",0,"Nassau","FL",NA,13.26,0,0
"3418","39.5%","Camden",414,"GA","US.17",13,"SN","",0,0,"",0,"Camden","GA",NA,31.58,0,0
"3419","39.5%","Glynn",457,"GA","US.17",14,"SN","",0,0,"",0,"Glynn","GA",NA,25.58,0,0
"3420","39.5%","McIntosh",492,"GA","US.17",15,"SN","",0,0,"",0,"McIntosh","GA",NA,22.97,0,0
"3421","39.5%","Liberty",483,"GA","US.17",16,"SN","",0,0,"",0,"Liberty","GA",NA,18.2,0,0
"3422","39.5%","Bryan",409,"GA","US.17",17,"SN","",0,0,"",0,"Bryan","GA",NA,9.3,0,0
"3423","39.5%","Chatham",419,"GA","US.17",18,"SN","",0,0,"",0,"Chatham","GA",NA,16.89,0,0
"3424","39.6%","Jasper",2435,"SC","US.17",19,"SN","",0,0,"",0,"Jasper","SC",NA,42.6,0,0
"3425","39.6%","Beaufort",2415,"SC","US.17",20,"SN","",0,0,"",0,"Beaufort","SC",NA,12.58,0,0
"3426","39.6%","Colleton",2423,"SC","US.17",21,"SN","",0,0,"",0,"Colleton","SC",NA,17.5,0,0
"3427","39.6%","Charleston",2418,"SC","US.17",22,"SN","",0,0,"",0,"Charleston","SC",NA,75.62,0,0
"3428","39.6%","Georgetown",2430,"SC","US.17",23,"SN","",0,0,"",0,"Georgetown","SC",NA,38.32,0,0
"3429","39.6%","Horry",2434,"SC","US.17",24,"SN","",0,0,"",0,"Horry","SC",NA,36.24,0,0
"3430","39.6%","Brunswick",1910,"NC","US.17",25,"SN","",0,0,"",0,"Brunswick","NC",NA,47.64,0,0
"3431","39.6%","New Hanover",1965,"NC","US.17",26,"SN","",0,0,"",0,"New Hanover","NC",NA,16.35,0,0
"3432","39.6%","Pender",1971,"NC","US.17",27,"SN","",0,0,"",0,"Pender","NC",NA,15.81,0,0
"3433","39.7%","Onslow",1967,"NC","US.17",28,"SN","",0,0,"",0,"Onslow","NC",NA,40.18,0,0
"3434","39.7%","Jones",1952,"NC","US.17",29,"SN","",0,0,"",0,"Jones","NC",NA,12.98,0,0
"3435","39.7%","Craven",1925,"NC","US.17",30,"SN","",0,0,"",0,"Craven","NC",NA,35.96,0,0
"3436","39.7%","Beaufort",1907,"NC","US.17",31,"SN","",0,0,"",0,"Beaufort","NC",NA,22.48,0,0
"3437","39.7%","Martin",1958,"NC","US.17",32,"SN","",0,0,"",0,"Martin","NC",NA,11.98,0,0
"3438","39.7%","Bertie",1908,"NC","US.17",33,"SN","",0,0,"",0,"Bertie","NC",NA,27.59,0,0
"3439","39.7%","Chowan",1921,"NC","US.17",34,"SN","",0,0,"",0,"Chowan","NC",NA,9.3,1,0
"3440","39.7%","Perquimans",1972,"NC","US.17",35,"SN","",0,0,"",0,"Perquimans","NC",NA,17.4,1,0
"3441","39.7%","Pasquotank",1970,"NC","US.17",36,"SN","",0,0,"",0,"Pasquotank","NC",NA,18.78,0,0
"3442","39.8%","Camden",1915,"NC","US.17",37,"SN","",0,0,"",0,"Camden","NC",NA,9.56,0,0
"3443","39.8%","Chesapeake, City of",2963,"VA","US.17",38,"SN","",14,1,"",0,"Chesapeake, City of","VA",NA,25.38,0,0
"3444","39.8%","Portsmouth, City of",2965,"VA","US.17",39,"SN","",14,0,"",0,"Portsmouth, City of","VA",NA,7.45,0,0
"3445","39.8%","Suffolk, City of",3070,"VA","US.17",40,"SN","",0,0,"",0,"Suffolk, City of","VA",NA,7.26,0,0
"3446","39.8%","Isle of Wight",3004,"VA","US.17",41,"SN","",0,0,"",0,"Isle of Wight","VA",NA,7.21,0,0
"3447","39.8%","Newport News, City of",3025,"VA","US.17",42,"SN","",0,0,"",0,"Newport News, City of","VA",NA,9.62,0,0
"3448","39.8%","York",3084,"VA","US.17",43,"SN","",0,0,"",0,"York","VA",NA,11.1,0,0
"3449","39.8%","Gloucester",2987,"VA","US.17",44,"SN","",0,0,"",0,"Gloucester","VA",NA,27.44,1,0
"3450","39.9%","Middlesex",3019,"VA","US.17",45,"SN","",0,0,"",0,"Middlesex","VA",NA,14.34,1,0
"3451","39.9%","Essex",2974,"VA","US.17",46,"SN","",0,0,"",0,"Essex","VA",NA,36.13,0,0
"3452","39.9%","Caroline",2954,"VA","US.17",47,"SN","",0,0,"",0,"Caroline","VA",NA,18.32,0,0
"3453","39.9%","Spotsylvania",3066,"VA","US.17",48,"SN","",0,0,"",0,"Spotsylvania","VA",NA,11.15,0,0
"3454","39.9%","Fredericksburg, City of",3068,"VA","US.17",49,"SN","",0,0,"",0,"Fredericksburg, City of","VA",NA,3.29,0,0
"3455","39.9%","Stafford",3069,"VA","US.17",50,"SN","",0,0,"",0,"Stafford","VA",NA,11.33,0,0
"3456","39.9%","Fauquier",2979,"VA","US.17",51,"SN","",0,0,"",0,"Fauquier","VA",NA,50.11,0,0
"3457","39.9%","Clarke",2966,"VA","US.17",52,"SN","",0,0,"",0,"Clarke","VA",NA,9.79,0,0
"3458","39.9%","Frederick",2983,"VA","US.17",53,"SN","",11,1,"",0,"Frederick","VA",NA,5.57,0,0
"3459","40.0%","Winchester, City of",2985,"VA","US.17",54,"SN","",11,0,"",0,"Winchester, City of","VA",NA,1.58,0,0
"3460","40.0%","Calcasieu",1131,"LA","US.171",1,"SN","",0,0,"",0,"Calcasieu","LA",NA,12.58,0,0
"3461","40.0%","Beauregard",1127,"LA","US.171",2,"SN","",0,0,"",0,"Beauregard","LA",NA,35.17,0,0
"3462","40.0%","Vernon",1179,"LA","US.171",3,"SN","",0,0,"",0,"Vernon","LA",NA,34.89,1,0
"3463","40.0%","Sabine",1164,"LA","US.171",4,"SN","",0,0,"",0,"Sabine","LA",NA,44.47,1,0
"3464","40.0%","De Soto",1137,"LA","US.171",5,"SN","",0,0,"",0,"De Soto","LA",NA,36.28,0,0
"3465","40.0%","Caddo",1130,"LA","US.171",6,"SN","",0,0,"",0,"Caddo","LA",NA,13.25,0,0
"3466","40.0%","Dallas",2672,"TX","US.175",1,"WE","",0,0,"",0,"Dallas","TX",NA,16.95,0,0
"3467","40.0%","Kaufman",2744,"TX","US.175",2,"WE","",0,0,"",0,"Kaufman","TX",NA,35.2,0,0
"3468","40.1%","Henderson",2722,"TX","US.175",3,"WE","",0,0,"",0,"Henderson","TX",NA,38.88,1,0
"3469","40.1%","Anderson",2616,"TX","US.175",4,"WE","",0,0,"",0,"Anderson","TX",NA,8.17,0,0
"3470","40.1%","Cherokee",2652,"TX","US.175",5,"WE","",0,0,"",0,"Cherokee","TX",NA,10.82,0,0
"3471","40.1%","Henderson",1945,"NC","US.176",1,"WE","",0,0,"",0,"Henderson","NC",NA,9.08,0,0
"3472","40.1%","Polk",1975,"NC","US.176",2,"WE","",0,0,"",0,"Polk","NC",NA,10.03,0,1
"3473","40.1%","Greenville",2431,"SC","US.176",3,"WE","",0,0,"",0,"Greenville","SC",NA,0.84,0,0
"3474","40.1%","Spartanburg",2450,"SC","US.176",4,"WE","",0,0,"",0,"Spartanburg","SC",NA,36.44,0,0
"3475","40.1%","Union",2452,"SC","US.176",5,"WE","",0,0,"",0,"Union","SC",NA,30.18,1,0
"3476","40.2%","Newberry",2444,"SC","US.176",6,"WE","",0,0,"",0,"Newberry","SC",NA,27.53,0,0
"3477","40.2%","Richland",2448,"SC","US.176",7,"WE","",0,0,"",0,"Richland","SC",NA,26.15,0,0
"3478","40.2%","Lexington",2440,"SC","US.176",8,"WE","",0,0,"",0,"Lexington","SC",NA,10.34,0,0
"3479","40.2%","Calhoun",2417,"SC","US.176",9,"WE","",0,0,"",0,"Calhoun","SC",NA,36.25,0,0
"3480","40.2%","Orangeburg",2446,"SC","US.176",10,"WE","",0,0,"",0,"Orangeburg","SC",NA,21.62,0,0
"3481","40.2%","Berkeley",2416,"SC","US.176",11,"WE","",0,0,"",0,"Berkeley","SC",NA,26.69,0,0
"3482","40.2%","Marshall",2190,"OK","US.177",1,"SN","",0,0,"",0,"Marshall","OK",NA,6.36,0,0
"3483","40.2%","Johnston",2180,"OK","US.177",2,"SN","",0,0,"",0,"Johnston","OK",NA,5.8,0,0
"3484","40.2%","Carter",2155,"OK","US.177",3,"SN","",0,0,"",0,"Carter","OK",NA,13.41,0,1
"3485","40.3%","Murray",2195,"OK","US.177",4,"SN","",0,0,"",0,"Murray","OK",NA,21.28,0,0
"3486","40.3%","Garvin",2170,"OK","US.177",5,"SN","",0,0,"",0,"Garvin","OK",NA,14.98,0,0
"3487","40.3%","McClain",2192,"OK","US.177",6,"SN","",0,0,"",0,"McClain","OK",NA,7.46,0,0
"3488","40.3%","Pontotoc",2207,"OK","US.177",7,"SN","",0,0,"",0,"Pontotoc","OK",NA,0.86,0,0
"3489","40.3%","Pottawatomie",2208,"OK","US.177",8,"SN","",0,0,"",0,"Pottawatomie","OK",NA,36.18,0,0
"3490","40.3%","Lincoln",2186,"OK","US.177",9,"SN","",0,0,"",0,"Lincoln","OK",NA,33.23,0,1
"3491","40.3%","Payne",2205,"OK","US.177",10,"SN","",0,0,"",0,"Payne","OK",NA,23.36,0,0
"3492","40.3%","Noble",2197,"OK","US.177",11,"SN","",0,0,"",0,"Noble","OK",NA,24,0,0
"3493","40.3%","Kay",2181,"OK","US.177",12,"SN","",0,0,"",0,"Kay","OK",NA,42.11,0,0
"3494","40.4%","Sumner",992,"KS","US.177",13,"SN","",0,0,"W",0,"Sumner","KS","3.51",3.5,0,0
"3495","40.4%","Transylvania",1988,"NC","US.178",1,"WE","",0,0,"W",0,"Transylvania","NC","6.35",6.7,0,0
"3496","40.4%","Pickens",2447,"SC","US.178",2,"WE","",0,0,"",0,"Pickens","SC",NA,31.48,0,0
"3497","40.4%","Anderson",2412,"SC","US.178",3,"WE","",0,0,"",0,"Anderson","SC",NA,37.56,0,0
"3498","40.4%","Abbeville",2409,"SC","US.178",4,"WE","",0,0,"",0,"Abbeville","SC",NA,7.11,1,0
"3499","40.4%","Greenwood",2432,"SC","US.178",5,"WE","",0,0,"",0,"Greenwood","SC",NA,34.32,0,0
"3500","40.4%","Saluda",2449,"SC","US.178",6,"WE","",0,0,"",0,"Saluda","SC",NA,25.55,0,0
"3501","40.4%","Lexington",2440,"SC","US.178",7,"WE","",0,0,"",0,"Lexington","SC",NA,31.23,0,0
"3502","40.5%","Orangeburg",2446,"SC","US.178",8,"WE","",0,0,"",0,"Orangeburg","SC",NA,45.79,0,0
"3503","40.5%","Dorchester",2426,"SC","US.178",9,"WE","",0,0,"",0,"Dorchester","SC",NA,17.39,0,0
"3504","40.5%","Beaufort",2415,"SC","US.17A",1,"SN","",0,0,"",0,"Beaufort","SC",NA,2.6,0,0
"3505","40.5%","Hampton",2433,"SC","US.17A",2,"SN","",0,0,"",0,"Hampton","SC",NA,3.26,0,0
"3506","40.5%","Colleton",2423,"SC","US.17A",3,"SN","",0,0,"",0,"Colleton","SC",NA,35.64,0,0
"3507","40.5%","Dorchester",2426,"SC","US.17A",4,"SN","",0,0,"",0,"Dorchester","SC",NA,16.52,0,0
"3508","40.5%","Berkeley",2416,"SC","US.17A",5,"SN","",0,0,"",0,"Berkeley","SC",NA,38.47,0,0
"3509","40.5%","Williamsburg",2453,"SC","US.17A",6,"SN","",0,0,"",0,"Williamsburg","SC",NA,0.49,0,0
"3510","40.5%","Georgetown",2430,"SC","US.17A",7,"SN","",0,0,"",0,"Georgetown","SC",NA,27.14,0,0
"3511","40.6%","Converse",3257,"WY","US.18",1,"WE","",0,0,"",0,"Converse","WY",NA,18.4,0,0
"3512","40.6%","Niobrara",3266,"WY","US.18",2,"WE","",0,0,"",0,"Niobrara","WY",NA,80.27,0,0
"3513","40.6%","Fall River",2477,"SD","US.18",3,"WE","",0,0,"",0,"Fall River","SD",NA,70.94,0,0
"3514","40.6%","Oglala Lakota",2505,"SD","US.18",4,"WE","",0,0,"",0,"Oglala Lakota","SD",NA,54.89,1,0
"3515","40.6%","Bennett",2457,"SD","US.18",5,"WE","",0,0,"",0,"Bennett","SD",NA,45.76,1,0
"3516","40.6%","Todd",2514,"SD","US.18",6,"WE","",0,0,"",0,"Todd","SD",NA,57.7,0,0
"3517","40.6%","Tripp",2515,"SD","US.18",7,"WE","",0,0,"",0,"Tripp","SD",NA,38.63,0,0
"3518","40.6%","Gregory",2480,"SD","US.18",8,"WE","",0,0,"",0,"Gregory","SD",NA,58.18,0,0
"3519","40.6%","Charles Mix",2465,"SD","US.18",9,"WE","",0,0,"",0,"Charles Mix","SD",NA,29.7,0,0
"3520","40.7%","Douglas",2475,"SD","US.18",10,"WE","",0,0,"",0,"Douglas","SD",NA,7.27,0,0
"3521","40.7%","Hutchinson",2487,"SD","US.18",11,"WE","",0,0,"",0,"Hutchinson","SD",NA,35.86,0,0
"3522","40.7%","Turner",2516,"SD","US.18",12,"WE","",0,0,"",0,"Turner","SD",NA,24.99,0,0
"3523","40.7%","Lincoln",2495,"SD","US.18",13,"WE","",0,0,"",0,"Lincoln","SD",NA,23.18,0,1
"3524","40.7%","Lyon",857,"IA","US.18",14,"WE","",0,0,"",0,"Lyon","IA",NA,7.97,0,0
"3525","40.7%","Sioux",881,"IA","US.18",15,"WE","",0,0,"",0,"Sioux","IA",NA,33.8,0,0
"3526","40.7%","O'Brien",868,"IA","US.18",16,"WE","",0,0,"",0,"O'Brien","IA",NA,23.94,0,0
"3527","40.7%","Clay",818,"IA","US.18",17,"WE","",0,0,"",0,"Clay","IA",NA,27.68,0,0
"3528","40.8%","Palo Alto",871,"IA","US.18",18,"WE","",0,0,"",0,"Palo Alto","IA",NA,26.26,1,0
"3529","40.8%","Kossuth",852,"IA","US.18",19,"WE","",0,0,"",0,"Kossuth","IA",NA,24.15,0,0
"3530","40.8%","Hancock",838,"IA","US.18",20,"WE","",0,0,"",0,"Hancock","IA",NA,24.23,0,0
"3531","40.8%","Cerro Gordo",814,"IA","US.18",21,"WE","",0,0,"",0,"Cerro Gordo","IA",NA,27.48,0,0
"3532","40.8%","Floyd",831,"IA","US.18",22,"WE","",0,0,"",0,"Floyd","IA",NA,30.99,0,0
"3533","40.8%","Chickasaw",816,"IA","US.18",23,"WE","",0,0,"",0,"Chickasaw","IA",NA,30.32,0,0
"3534","40.8%","Fayette",830,"IA","US.18",24,"WE","",0,0,"",0,"Fayette","IA",NA,28.49,1,0
"3535","40.8%","Allamakee",800,"IA","US.18",25,"WE","",0,0,"",0,"Allamakee","IA",NA,2.21,0,0
"3536","40.8%","Clayton",819,"IA","US.18",26,"WE","",0,0,"",0,"Clayton","IA",NA,24.09,0,0
"3537","40.9%","Crawford",3192,"WI","US.18",27,"WE","",0,0,"",0,"Crawford","WI",NA,8.3,0,0
"3538","40.9%","Grant",3202,"WI","US.18",28,"WE","",0,0,"",0,"Grant","WI",NA,35.32,0,1
"3539","40.9%","Iowa",3205,"WI","US.18",29,"WE","",0,0,"",0,"Iowa","WI",NA,31.27,0,0
"3540","40.9%","Dane",3193,"WI","US.18",30,"WE","",0,0,"",0,"Dane","WI",NA,46.74,0,0
"3541","40.9%","Jefferson",3208,"WI","US.18",31,"WE","",0,0,"",0,"Jefferson","WI",NA,24.83,0,1
"3542","40.9%","Waukesha",3248,"WI","US.18",32,"WE","",0,0,"",0,"Waukesha","WI",NA,30.34,0,0
"3543","40.9%","Milwaukee",3221,"WI","US.18",33,"WE","",0,0,"",0,"Milwaukee","WI",NA,9.47,0,0
"3544","40.9%","Coconino",105,"AZ","US.180",1,"WE","",0,0,"",0,"Coconino","AZ",NA,104.38,0,0
"3545","40.9%","Navajo",112,"AZ","US.180",2,"WE","",0,0,"",0,"Navajo","AZ",NA,57.18,0,0
"3546","41.0%","Apache",103,"AZ","US.180",3,"WE","",0,0,"",0,"Apache","AZ",NA,98.71,0,0
"3547","41.0%","Catron",1807,"NM","US.180",4,"WE","",0,0,"",0,"Catron","NM",NA,60.11,0,0
"3548","41.0%","Grant",1815,"NM","US.180",5,"WE","",0,0,"",0,"Grant","NM",NA,82.73,0,1
"3549","41.0%","Luna",1822,"NM","US.180",6,"WE","",0,0,"",0,"Luna","NM",NA,50.29,0,0
"3550","41.0%","Doña Ana",1813,"NM","US.180",7,"WE","",0,0,"",0,"Doña Ana","NM",NA,54.39,0,0
"3551","41.0%","El Paso",2685,"TX","US.180",8,"WE","",0,0,"",0,"El Paso","TX",NA,49.78,0,0
"3552","41.0%","Hudspeth",2730,"TX","US.180",9,"WE","",0,0,"",0,"Hudspeth","TX",NA,65.97,0,0
"3553","41.0%","Culberson",2670,"TX","US.180",10,"WE","",0,0,"",0,"Culberson","TX",NA,32.68,0,0
"3554","41.1%","Eddy",1814,"NM","US.180",11,"WE","",0,0,"",0,"Eddy","NM",NA,62.39,0,0
"3555","41.1%","Lea",1819,"NM","US.180",12,"WE","",0,0,"",0,"Lea","NM",NA,47.38,0,0
"3556","41.1%","Gaines",2698,"TX","US.180",13,"WE","",0,0,"",0,"Gaines","TX",NA,50.68,0,0
"3557","41.1%","Dawson",2673,"TX","US.180",14,"WE","",0,0,"",0,"Dawson","TX",NA,32.33,0,0
"3558","41.1%","Borden",2632,"TX","US.180",15,"WE","",0,0,"",0,"Borden","TX",NA,30.82,1,0
"3559","41.1%","Scurry",2823,"TX","US.180",16,"WE","",0,0,"",0,"Scurry","TX",NA,31.01,0,0
"3560","41.1%","Fisher",2691,"TX","US.180",17,"WE","",0,0,"",0,"Fisher","TX",NA,30.38,0,0
"3561","41.1%","Jones",2742,"TX","US.180",18,"WE","",0,0,"",0,"Jones","TX",NA,31.74,0,0
"3562","41.1%","Shackelford",2824,"TX","US.180",19,"WE","",0,0,"",0,"Shackelford","TX",NA,32.59,0,0
"3563","41.2%","Stephens",2830,"TX","US.180",20,"WE","",0,0,"",0,"Stephens","TX",NA,31.6,0,0
"3564","41.2%","Palo Pinto",2797,"TX","US.180",21,"WE","",0,0,"",0,"Palo Pinto","TX",NA,33.38,0,0
"3565","41.2%","Parker",2799,"TX","US.180",22,"WE","",0,0,"",0,"Parker","TX",NA,22.83,0,0
"3566","41.2%","Nueces",2793,"TX","US.181",1,"SN","",0,0,"",0,"Nueces","TX",NA,4.29,0,0
"3567","41.2%","San Patricio",2820,"TX","US.181",2,"SN","",0,0,"",0,"San Patricio","TX",NA,30.09,0,0
"3568","41.2%","Bee",2628,"TX","US.181",3,"SN","",0,0,"",0,"Bee","TX",NA,42,0,0
"3569","41.2%","Karnes",2743,"TX","US.181",4,"SN","",0,0,"",0,"Karnes","TX",NA,27.27,1,0
"3570","41.2%","Wilson",2862,"TX","US.181",5,"SN","",0,0,"",0,"Wilson","TX",NA,24.04,0,1
"3571","41.2%","Bexar",2630,"TX","US.181",6,"SN","",0,0,"",0,"Bexar","TX",NA,8.29,0,0
"3572","41.3%","Refugio",2811,"TX","US.183",1,"SN","",0,0,"",0,"Refugio","TX",NA,8.49,0,0
"3573","41.3%","Goliad",2703,"TX","US.183",2,"SN","",0,0,"",0,"Goliad","TX",NA,32.96,0,0
"3574","41.3%","DeWitt",2677,"TX","US.183",3,"SN","",0,0,"",0,"DeWitt","TX",NA,32.03,0,0
"3575","41.3%","Gonzales",2704,"TX","US.183",4,"SN","",0,0,"",0,"Gonzales","TX",NA,27.82,0,0
"3576","41.3%","Caldwell",2643,"TX","US.183",5,"SN","",0,0,"",0,"Caldwell","TX",NA,30.35,0,0
"3577","41.3%","Travis",2842,"TX","US.183",6,"SN","",0,0,"",0,"Travis","TX",NA,30.72,0,0
"3578","41.3%","Williamson",2861,"TX","US.183",7,"SN","",0,0,"",0,"Williamson","TX",NA,30.3,0,0
"3579","41.3%","Burnet",2642,"TX","US.183",8,"SN","",0,0,"",0,"Burnet","TX",NA,20.52,0,0
"3580","41.4%","Lampasas",2757,"TX","US.183",9,"SN","",0,0,"",0,"Lampasas","TX",NA,27.35,0,0
"3581","41.4%","Mills",2782,"TX","US.183",10,"SN","",0,0,"",0,"Mills","TX",NA,32.7,0,0
"3582","41.4%","Brown",2640,"TX","US.183",11,"SN","",0,0,"",0,"Brown","TX",NA,37.95,0,0
"3583","41.4%","Eastland",2682,"TX","US.183",12,"SN","",0,0,"",0,"Eastland","TX",NA,32.69,0,0
"3584","41.4%","Stephens",2830,"TX","US.183",13,"SN","",0,0,"",0,"Stephens","TX",NA,33.14,0,0
"3585","41.4%","Throckmorton",2839,"TX","US.183",14,"SN","",0,0,"",0,"Throckmorton","TX",NA,35.73,0,0
"3586","41.4%","Baylor",2627,"TX","US.183",15,"SN","",0,0,"",0,"Baylor","TX",NA,36.28,0,0
"3587","41.4%","Wilbarger",2859,"TX","US.183",16,"SN","",0,0,"",0,"Wilbarger","TX",NA,39.18,0,0
"3588","41.4%","Tillman",2216,"OK","US.183",17,"SN","",0,0,"",0,"Tillman","OK",NA,27.55,0,0
"3589","41.5%","Kiowa",2183,"OK","US.183",18,"SN","",0,0,"",0,"Kiowa","OK",NA,38.35,0,0
"3590","41.5%","Washita",2220,"OK","US.183",19,"SN","",0,0,"",0,"Washita","OK",NA,25.59,0,0
"3591","41.5%","Custer",2165,"OK","US.183",20,"SN","",0,0,"",0,"Custer","OK",NA,24.18,0,0
"3592","41.5%","Dewey",2167,"OK","US.183",21,"SN","",0,0,"",0,"Dewey","OK",NA,24.67,0,0
"3593","41.5%","Major",2189,"OK","US.183",22,"SN","Abuts, to the East, 0.56 mi. shared with Woodward",0,0,"",0,"Major","OK","0.56",0.28,0,0
"3594","41.5%","Woodward",2222,"OK","US.183",23,"SN","",0,0,"",0,"Woodward","OK",NA,48.68,0,0
"3595","41.5%","Harper",2175,"OK","US.183",24,"SN","",0,0,"",0,"Harper","OK",NA,29.06,0,0
"3596","41.5%","Clark",909,"KS","US.183",25,"SN","",0,0,"",0,"Clark","KS",NA,19.51,0,0
"3597","41.6%","Comanche",913,"KS","US.183",26,"SN","",0,0,"",0,"Comanche","KS",NA,25,0,0
"3598","41.6%","Kiowa",945,"KS","US.183",27,"SN","",0,0,"",0,"Kiowa","KS",NA,24.24,0,0
"3599","41.6%","Edwards",920,"KS","US.183",28,"SN","",0,0,"",0,"Edwards","KS",NA,23.81,0,0
"3600","41.6%","Pawnee",969,"KS","US.183",29,"SN","",0,0,"",0,"Pawnee","KS",NA,24.43,0,0
"3601","41.6%","Rush",979,"KS","US.183",30,"SN","",0,0,"",0,"Rush","KS",NA,24.05,1,0
"3602","41.6%","Ellis",922,"KS","US.183",31,"SN","",0,0,"",0,"Ellis","KS",NA,30.26,0,0
"3603","41.6%","Rooks",978,"KS","US.183",32,"SN","",0,0,"",0,"Rooks","KS",NA,30.37,0,0
"3604","41.6%","Phillips",970,"KS","US.183",33,"SN","",0,0,"",0,"Phillips","KS",NA,32.74,0,0
"3605","41.6%","Harlan",1706,"NE","US.183",34,"SN","",0,0,"",0,"Harlan","NE",NA,24.11,0,0
"3606","41.7%","Phelps",1733,"NE","US.183",35,"SN","",0,0,"",0,"Phelps","NE",NA,21.88,0,0
"3607","41.7%","Buffalo",1674,"NE","US.183",36,"SN","",0,0,"",0,"Buffalo","NE",NA,26.53,0,0
"3608","41.7%","Custer",1685,"NE","US.183",37,"SN","",0,0,"",0,"Custer","NE",NA,49.39,1,0
"3609","41.7%","Loup",1722,"NE","US.183",38,"SN","",0,0,"",0,"Loup","NE",NA,26.27,1,0
"3610","41.7%","Rock",1739,"NE","US.183",39,"SN","",0,0,"",0,"Rock","NE",NA,41.58,0,0
"3611","41.7%","Brown",1673,"NE","US.183",40,"SN","",0,0,"",0,"Brown","NE",NA,17.36,0,0
"3612","41.7%","Keya Paha",1716,"NE","US.183",41,"SN","",0,0,"",0,"Keya Paha","NE",NA,18.61,1,0
"3613","41.7%","Tripp",2515,"SD","US.183",42,"SN","",0,0,"",0,"Tripp","SD",NA,61.45,0,0
"3614","41.7%","Lyman",2496,"SD","US.183",43,"SN","",0,0,"",0,"Lyman","SD",NA,13.7,0,0
"3615","41.8%","Utah",2905,"UT","US.189",1,"SN","",0,0,"",0,"Utah","UT",NA,14.18,0,0
"3616","41.8%","Wasatch",2906,"UT","US.189",2,"SN","",0,0,"",0,"Wasatch","UT",NA,26.4,0,0
"3617","41.8%","Summit",2902,"UT","US.189",3,"SN","",0,0,"",0,"Summit","UT",NA,55.76,0,0
"3618","41.8%","Uinta",3273,"WY","US.189",4,"SN","",0,0,"",0,"Uinta","WY",NA,39.1,0,0
"3619","41.8%","Lincoln",3264,"WY","US.189",5,"SN","",0,0,"",0,"Lincoln","WY",NA,65.06,0,1
"3620","41.8%","Sublette",3270,"WY","US.189",6,"SN","",0,0,"",0,"Sublette","WY",NA,89.74,0,0
"3621","41.8%","Teton",3272,"WY","US.189",7,"SN","",0,0,"",0,"Teton","WY",NA,22.02,0,0
"3622","41.8%","Pinellas",379,"FL","US.19A",1,"SN","",0,0,"",0,"Pinellas","FL",NA,36.14,0,0
"3623","41.9%","Pasco",378,"FL","US.19A",2,"SN","",0,0,"",0,"Pasco","FL",NA,0.87,0,0
"3624","41.9%","Manatee",367,"FL","US.19.E",1,"SN","",0,0,"",0,"Manatee","FL",NA,7.07,0,0
"3625","41.9%","Hillsborough",355,"FL","US.19.E",2,"SN","Bridge only",0,0,"",0,"Hillsborough","FL",NA,3.27,0,0
"3626","41.9%","Pinellas",379,"FL","US.19.E",3,"SN","",0,0,"",0,"Pinellas","FL",NA,37.11,0,0
"3627","41.9%","Pasco",378,"FL","US.19.E",4,"SN","",0,0,"",0,"Pasco","FL",NA,19.78,0,0
"3628","41.9%","Hernando",353,"FL","US.19.E",5,"SN","",0,0,"",0,"Hernando","FL",NA,19.58,0,0
"3629","41.9%","Citrus",336,"FL","US.19.E",6,"SN","",0,0,"",0,"Citrus","FL",NA,24.84,0,0
"3630","41.9%","Levy",364,"FL","US.19.E",7,"SN","",0,0,"",0,"Levy","FL",NA,44.4,0,0
"3631","41.9%","Gilchrist",347,"FL","US.19.E",8,"SN","",0,0,"",0,"Gilchrist","FL",NA,0.51,0,0
"3632","42.0%","Dixie",341,"FL","US.19.E",9,"SN","",0,0,"",0,"Dixie","FL",NA,28.95,0,0
"3633","42.0%","Taylor",389,"FL","US.19.E",10,"SN","",0,0,"",0,"Taylor","FL",NA,44.31,0,1
"3634","42.0%","Madison",366,"FL","US.19.E",11,"SN","",0,0,"",0,"Madison","FL",NA,5.71,0,1
"3635","42.0%","Jefferson",359,"FL","US.19.E",12,"SN","",0,0,"",0,"Jefferson","FL",NA,25.05,0,1
"3636","42.0%","Thomas",530,"GA","US.19.E",13,"SN","",0,0,"",0,"Thomas","GA",NA,31.1,0,0
"3637","42.0%","Mitchell",495,"GA","US.19.E",14,"SN","",0,0,"",0,"Mitchell","GA",NA,29.03,0,0
"3638","42.0%","Dougherty",441,"GA","US.19.E",15,"SN","",0,0,"",0,"Dougherty","GA",NA,14.62,0,0
"3639","42.0%","Lee",482,"GA","US.19.E",16,"SN","",0,0,"",0,"Lee","GA",NA,21.51,0,0
"3640","42.0%","Sumter",523,"GA","US.19.E",17,"SN","",0,0,"",0,"Sumter","GA",NA,18.49,0,0
"3641","42.1%","Schley",517,"GA","US.19.E",18,"SN","",0,0,"",0,"Schley","GA",NA,15.62,0,0
"3642","42.1%","Taylor",527,"GA","US.19.E",19,"SN","",0,0,"",0,"Taylor","GA",NA,26.8,0,1
"3643","42.1%","Upson",539,"GA","US.19.E",20,"SN","",0,0,"",0,"Upson","GA",NA,23.05,0,0
"3644","42.1%","Pike",508,"GA","US.19.E",21,"SN","",0,0,"",0,"Pike","GA",NA,15.3,0,0
"3645","42.1%","Spalding",520,"GA","US.19.E",22,"SN","",0,0,"",0,"Spalding","GA",NA,11.67,0,0
"3646","42.1%","Henry",469,"GA","US.19.E",23,"SN","",0,0,"",0,"Henry","GA",NA,5.46,0,0
"3647","42.1%","Clayton",425,"GA","US.19.E",24,"SN","",0,0,"",0,"Clayton","GA",NA,16.19,0,0
"3648","42.1%","Fulton",454,"GA","US.19.E",25,"SN","",0,0,"",0,"Fulton","GA",NA,37.48,0,0
"3649","42.2%","Forsyth",452,"GA","US.19.E",26,"SN","",0,0,"",0,"Forsyth","GA",NA,20.28,0,0
"3650","42.2%","Dawson",436,"GA","US.19.E",27,"SN","",0,0,"",0,"Dawson","GA",NA,7.41,0,0
"3651","42.2%","Lumpkin",487,"GA","US.19.E",28,"SN","",0,0,"",0,"Lumpkin","GA",NA,29.83,0,0
"3652","42.2%","Union",538,"GA","US.19.E",29,"SN","",0,0,"",0,"Union","GA",NA,25,0,0
"3653","42.2%","Cherokee",1920,"NC","US.19.E",30,"SN","",0,0,"",0,"Cherokee","NC",NA,33.63,0,0
"3654","42.2%","Macon",1956,"NC","US.19.E",31,"SN","",0,0,"",0,"Macon","NC",NA,2.63,0,0
"3655","42.2%","Swain",1987,"NC","US.19.E",32,"SN","Reentry from East",0,0,"",2001,"Swain","NC",NA,28.03,0,0
"3656","42.2%","Jackson",1950,"NC","US.19.E",33,"SN","Reentry from East",0,0,"GE",2002,"Jackson","NC","0.24",0.24,0,1
"3657","42.2%","Swain",1987,"NC","US.19.E",34,"SN","Reentry from West",0,0,"",3001,"Swain","NC","3.00",3,0,0
"3658","42.3%","Jackson",1950,"NC","US.19.E",35,"SN","Reentry from West",0,0,"",3002,"Jackson","NC",NA,11.33,0,1
"3659","42.3%","Haywood",1944,"NC","US.19.E",36,"SN","",0,0,"",0,"Haywood","NC",NA,24.02,0,0
"3660","42.3%","Buncombe",1911,"NC","US.19.E",37,"SN","",0,0,"",0,"Buncombe","NC",NA,27.36,0,0
"3661","42.3%","Madison",1957,"NC","US.19.E",38,"SN","",0,0,"",0,"Madison","NC",NA,9.93,0,1
"3662","42.3%","Yancey",2000,"NC","US.19.E",39,"SN","Signed as US.19E",0,0,"",0,"Yancey","NC",NA,26.41,0,0
"3663","42.3%","Mitchell",1961,"NC","US.19.E",40,"SN","Signed as US.19E",0,0,"",0,"Mitchell","NC",NA,8.25,0,0
"3664","42.3%","Avery",1906,"NC","US.19.E",41,"SN","Signed as US.19E",0,0,"",0,"Avery","NC",NA,22.1,0,0
"3665","42.3%","Carter",2530,"TN","US.19.E",42,"SN","Signed as US.19E",0,0,"",0,"Carter","TN",NA,27.52,0,1
"3666","42.3%","Sullivan",2602,"TN","US.19.E",43,"SN","Signed as US.19E",0,0,"W",0,"Sullivan","TN","11.80",15.09,0,0
"3667","42.4%","Bristol, City of",3078,"VA","US.19.E",44,"SN","",12,0,"",0,"Bristol, City of","VA",NA,6,0,0
"3668","42.4%","Washington",3076,"VA","US.19.E",45,"SN","",12,1,"",0,"Washington","VA",NA,18.91,0,1
"3669","42.4%","Russell",3059,"VA","US.19.E",46,"SN","",0,0,"",0,"Russell","VA",NA,26.68,0,0
"3670","42.4%","Tazewell",3073,"VA","US.19.E",47,"SN","",0,0,"",0,"Tazewell","VA",NA,37.51,0,0
"3671","42.4%","Mercer",3153,"WV","US.19.E",48,"SN","",0,0,"",0,"Mercer","WV",NA,36.5,0,0
"3672","42.4%","Raleigh",3166,"WV","US.19.E",49,"SN","",0,0,"",0,"Raleigh","WV",NA,23.97,0,0
"3673","42.4%","Fayette",3135,"WV","US.19.E",50,"SN","",0,0,"",0,"Fayette","WV",NA,26.26,0,0
"3674","42.4%","Nicholas",3159,"WV","US.19.E",51,"SN","",0,0,"",0,"Nicholas","WV",NA,31.89,0,0
"3675","42.5%","Braxton",3129,"WV","US.19.E",52,"SN","",0,0,"",0,"Braxton","WV",NA,34.44,0,0
"3676","42.5%","Lewis",3146,"WV","US.19.E",53,"SN","",0,0,"",0,"Lewis","WV",NA,33.23,0,0
"3677","42.5%","Harrison",3142,"WV","US.19.E",54,"SN","",0,0,"",0,"Harrison","WV",NA,29.39,0,1
"3678","42.5%","Marion",3149,"WV","US.19.E",55,"SN","",0,0,"",0,"Marion","WV",NA,17.38,0,0
"3679","42.5%","Monongalia",3156,"WV","US.19.E",56,"SN","",0,0,"",0,"Monongalia","WV",NA,20.96,0,0
"3680","42.5%","Greene",2288,"PA","US.19.E",57,"SN","",0,0,"",0,"Greene","PA",NA,25.39,0,0
"3681","42.5%","Washington",2321,"PA","US.19.E",58,"SN","",0,0,"",0,"Washington","PA",NA,27.12,0,1
"3682","42.5%","Allegheny",2260,"PA","US.19.E",59,"SN","",0,0,"",0,"Allegheny","PA",NA,30.68,0,0
"3683","42.5%","Butler",2268,"PA","US.19.E",60,"SN","",0,0,"",0,"Butler","PA",NA,22.04,0,0
"3684","42.6%","Lawrence",2295,"PA","US.19.E",61,"SN","",0,0,"",0,"Lawrence","PA",NA,10.5,0,0
"3685","42.6%","Mercer",2301,"PA","US.19.E",62,"SN","",0,0,"",0,"Mercer","PA",NA,26.07,0,0
"3686","42.6%","Crawford",2278,"PA","US.19.E",63,"SN","",0,0,"",0,"Crawford","PA",NA,31.84,0,0
"3687","42.6%","Erie",2283,"PA","US.19.E",64,"SN","",0,0,"",0,"Erie","PA",NA,20.72,0,0
"3688","42.6%","Manatee",367,"FL","US.19.W",1,"SN","",0,0,"",0,"Manatee","FL",NA,7.07,0,0
"3689","42.6%","Hillsborough",355,"FL","US.19.W",2,"SN","Bridge only",0,0,"",0,"Hillsborough","FL",NA,3.27,0,0
"3690","42.6%","Pinellas",379,"FL","US.19.W",3,"SN","",0,0,"",0,"Pinellas","FL",NA,37.11,0,0
"3691","42.6%","Pasco",378,"FL","US.19.W",4,"SN","",0,0,"",0,"Pasco","FL",NA,19.78,0,0
"3692","42.6%","Hernando",353,"FL","US.19.W",5,"SN","",0,0,"",0,"Hernando","FL",NA,19.58,0,0
"3693","42.7%","Citrus",336,"FL","US.19.W",6,"SN","",0,0,"",0,"Citrus","FL",NA,24.84,0,0
"3694","42.7%","Levy",364,"FL","US.19.W",7,"SN","",0,0,"",0,"Levy","FL",NA,44.4,0,0
"3695","42.7%","Gilchrist",347,"FL","US.19.W",8,"SN","",0,0,"",0,"Gilchrist","FL",NA,0.51,0,0
"3696","42.7%","Dixie",341,"FL","US.19.W",9,"SN","",0,0,"",0,"Dixie","FL",NA,28.95,0,0
"3697","42.7%","Taylor",389,"FL","US.19.W",10,"SN","",0,0,"",0,"Taylor","FL",NA,44.31,0,1
"3698","42.7%","Madison",366,"FL","US.19.W",11,"SN","",0,0,"",0,"Madison","FL",NA,5.71,0,1
"3699","42.7%","Jefferson",359,"FL","US.19.W",12,"SN","",0,0,"",0,"Jefferson","FL",NA,25.05,0,1
"3700","42.7%","Thomas",530,"GA","US.19.W",13,"SN","",0,0,"",0,"Thomas","GA",NA,31.1,0,0
"3701","42.8%","Mitchell",495,"GA","US.19.W",14,"SN","",0,0,"",0,"Mitchell","GA",NA,29.03,0,0
"3702","42.8%","Dougherty",441,"GA","US.19.W",15,"SN","",0,0,"",0,"Dougherty","GA",NA,14.62,0,0
"3703","42.8%","Lee",482,"GA","US.19.W",16,"SN","",0,0,"",0,"Lee","GA",NA,21.51,0,0
"3704","42.8%","Sumter",523,"GA","US.19.W",17,"SN","",0,0,"",0,"Sumter","GA",NA,18.49,0,0
"3705","42.8%","Schley",517,"GA","US.19.W",18,"SN","",0,0,"",0,"Schley","GA",NA,15.62,0,0
"3706","42.8%","Taylor",527,"GA","US.19.W",19,"SN","",0,0,"",0,"Taylor","GA",NA,26.8,0,1
"3707","42.8%","Upson",539,"GA","US.19.W",20,"SN","",0,0,"",0,"Upson","GA",NA,23.05,0,0
"3708","42.8%","Pike",508,"GA","US.19.W",21,"SN","",0,0,"",0,"Pike","GA",NA,15.3,0,0
"3709","42.8%","Spalding",520,"GA","US.19.W",22,"SN","",0,0,"",0,"Spalding","GA",NA,11.67,0,0
"3710","42.9%","Henry",469,"GA","US.19.W",23,"SN","",0,0,"",0,"Henry","GA",NA,5.46,0,0
"3711","42.9%","Clayton",425,"GA","US.19.W",24,"SN","",0,0,"",0,"Clayton","GA",NA,16.19,0,0
"3712","42.9%","Fulton",454,"GA","US.19.W",25,"SN","",0,0,"",0,"Fulton","GA",NA,37.48,0,0
"3713","42.9%","Forsyth",452,"GA","US.19.W",26,"SN","",0,0,"",0,"Forsyth","GA",NA,20.28,0,0
"3714","42.9%","Dawson",436,"GA","US.19.W",27,"SN","",0,0,"",0,"Dawson","GA",NA,7.41,0,0
"3715","42.9%","Lumpkin",487,"GA","US.19.W",28,"SN","",0,0,"",0,"Lumpkin","GA",NA,29.83,0,0
"3716","42.9%","Union",538,"GA","US.19.W",29,"SN","",0,0,"",0,"Union","GA",NA,25,0,0
"3717","42.9%","Cherokee",1920,"NC","US.19.W",30,"SN","",0,0,"",0,"Cherokee","NC",NA,33.63,0,0
"3718","42.9%","Macon",1956,"NC","US.19.W",31,"SN","",0,0,"",0,"Macon","NC",NA,2.63,0,0
"3719","43.0%","Swain",1987,"NC","US.19.W",32,"SN","Reentry from East",0,0,"",2001,"Swain","NC",NA,28.03,0,0
"3720","43.0%","Jackson",1950,"NC","US.19.W",33,"SN","Reentry from East",0,0,"GE",2002,"Jackson","NC","0.24",0.24,0,1
"3721","43.0%","Swain",1987,"NC","US.19.W",34,"SN","Reentry from West",0,0,"",3001,"Swain","NC",NA,3,0,0
"3722","43.0%","Jackson",1950,"NC","US.19.W",35,"SN","Reentry from West",0,0,"",3002,"Jackson","NC",NA,11.33,0,1
"3723","43.0%","Haywood",1944,"NC","US.19.W",36,"SN","",0,0,"",0,"Haywood","NC",NA,24.02,0,0
"3724","43.0%","Buncombe",1911,"NC","US.19.W",37,"SN","",0,0,"",0,"Buncombe","NC",NA,27.36,0,0
"3725","43.0%","Madison",1957,"NC","US.19.W",38,"SN","",0,0,"",0,"Madison","NC",NA,9.93,0,1
"3726","43.0%","Yancey",2000,"NC","US.19.W",39,"SN","Signed as US.19W",0,0,"",0,"Yancey","NC",NA,19.06,0,0
"3727","43.1%","Unicoi",2606,"TN","US.19.W",40,"SN","Signed as US.19W",0,0,"",0,"Unicoi","TN",NA,23.57,0,0
"3728","43.1%","Carter",2530,"TN","US.19.W",41,"SN","Signed as US.19W",0,0,"",0,"Carter","TN",NA,2.68,0,1
"3729","43.1%","Washington",2610,"TN","US.19.W",42,"SN","Signed as US.19W",0,0,"",0,"Washington","TN",NA,9.27,0,1
"3730","43.1%","Sullivan",2602,"TN","US.19.W",43,"SN","Signed as US.19W",0,0,"W",0,"Sullivan","TN",NA,17.09,0,0
"3731","43.1%","Bristol, City of",3078,"VA","US.19.W",44,"SN","",12,0,"",0,"Bristol, City of","VA",NA,6,0,0
"3732","43.1%","Washington",3076,"VA","US.19.W",45,"SN","",12,1,"",0,"Washington","VA",NA,18.91,0,1
"3733","43.1%","Russell",3059,"VA","US.19.W",46,"SN","",0,0,"",0,"Russell","VA",NA,26.68,0,0
"3734","43.1%","Tazewell",3073,"VA","US.19.W",47,"SN","",0,0,"",0,"Tazewell","VA",NA,37.51,0,0
"3735","43.1%","Mercer",3153,"WV","US.19.W",48,"SN","",0,0,"",0,"Mercer","WV",NA,36.5,0,0
"3736","43.2%","Raleigh",3166,"WV","US.19.W",49,"SN","",0,0,"",0,"Raleigh","WV",NA,23.97,0,0
"3737","43.2%","Fayette",3135,"WV","US.19.W",50,"SN","",0,0,"",0,"Fayette","WV",NA,26.26,0,0
"3738","43.2%","Nicholas",3159,"WV","US.19.W",51,"SN","",0,0,"",0,"Nicholas","WV",NA,31.89,0,0
"3739","43.2%","Braxton",3129,"WV","US.19.W",52,"SN","",0,0,"",0,"Braxton","WV",NA,34.44,0,0
"3740","43.2%","Lewis",3146,"WV","US.19.W",53,"SN","",0,0,"",0,"Lewis","WV",NA,33.23,0,0
"3741","43.2%","Harrison",3142,"WV","US.19.W",54,"SN","",0,0,"",0,"Harrison","WV",NA,29.39,0,1
"3742","43.2%","Marion",3149,"WV","US.19.W",55,"SN","",0,0,"",0,"Marion","WV",NA,17.38,0,0
"3743","43.2%","Monongalia",3156,"WV","US.19.W",56,"SN","",0,0,"",0,"Monongalia","WV",NA,20.96,0,0
"3744","43.2%","Greene",2288,"PA","US.19.W",57,"SN","",0,0,"",0,"Greene","PA",NA,25.39,0,0
"3745","43.3%","Washington",2321,"PA","US.19.W",58,"SN","",0,0,"",0,"Washington","PA",NA,27.12,0,1
"3746","43.3%","Allegheny",2260,"PA","US.19.W",59,"SN","",0,0,"",0,"Allegheny","PA",NA,30.68,0,0
"3747","43.3%","Butler",2268,"PA","US.19.W",60,"SN","",0,0,"",0,"Butler","PA",NA,22.04,0,0
"3748","43.3%","Lawrence",2295,"PA","US.19.W",61,"SN","",0,0,"",0,"Lawrence","PA",NA,10.5,0,0
"3749","43.3%","Mercer",2301,"PA","US.19.W",62,"SN","",0,0,"",0,"Mercer","PA",NA,26.07,0,0
"3750","43.3%","Crawford",2278,"PA","US.19.W",63,"SN","",0,0,"",0,"Crawford","PA",NA,31.84,0,0
"3751","43.3%","Erie",2283,"PA","US.19.W",64,"SN","",0,0,"",0,"Erie","PA",NA,20.72,0,0
"3752","43.3%","Pecos",2801,"TX","US.190",1,"WE","",0,0,"",0,"Pecos","TX",NA,15.34,0,0
"3753","43.4%","Crockett",2668,"TX","US.190",2,"WE","",0,0,"",0,"Crockett","TX",NA,56.03,0,0
"3754","43.4%","Schleicher",2822,"TX","US.190",3,"WE","",0,0,"",0,"Schleicher","TX",NA,52.12,0,0
"3755","43.4%","Menard",2779,"TX","US.190",4,"WE","",0,0,"",0,"Menard","TX",NA,33.32,0,0
"3756","43.4%","McCulloch",2775,"TX","US.190",5,"WE","",0,0,"",0,"McCulloch","TX",NA,39.27,0,0
"3757","43.4%","San Saba",2821,"TX","US.190",6,"WE","",0,0,"",0,"San Saba","TX",NA,33.44,1,0
"3758","43.4%","Lampasas",2757,"TX","US.190",7,"WE","",0,0,"",0,"Lampasas","TX",NA,44.43,0,0
"3759","43.4%","Coryell",2665,"TX","US.190",8,"WE","",0,0,"",0,"Coryell","TX",NA,7.96,0,0
"3760","43.4%","Bell",2629,"TX","US.190",9,"WE","",0,0,"",0,"Bell","TX",NA,44.55,0,0
"3761","43.4%","Milam",2781,"TX","US.190",10,"WE","",0,0,"",0,"Milam","TX",NA,43.47,0,0
"3762","43.5%","Robertson",2813,"TX","US.190",11,"WE","",0,0,"",0,"Robertson","TX",NA,17.33,0,0
"3763","43.5%","Brazos",2636,"TX","US.190",12,"WE","",0,0,"",0,"Brazos","TX",NA,22.79,1,0
"3764","43.5%","Madison",2769,"TX","US.190",13,"WE","",0,0,"",0,"Madison","TX",NA,29.49,0,1
"3765","43.5%","Walker",2851,"TX","US.190",14,"WE","",0,0,"",0,"Walker","TX",NA,31.7,0,0
"3766","43.5%","San Jacinto",2819,"TX","US.190",15,"WE","",0,0,"",0,"San Jacinto","TX",NA,12.91,0,0
"3767","43.5%","Polk",2802,"TX","US.190",16,"WE","",0,0,"",0,"Polk","TX",NA,38.24,0,1
"3768","43.5%","Tyler",2844,"TX","US.190",17,"WE","",0,0,"",0,"Tyler","TX",NA,25.71,0,1
"3769","43.5%","Jasper",2736,"TX","US.190",18,"WE","",0,0,"",0,"Jasper","TX",NA,21.19,0,0
"3770","43.5%","Newton",2791,"TX","US.190",19,"WE","",0,0,"",0,"Newton","TX",NA,20.25,1,0
"3771","43.6%","Beauregard",1127,"LA","US.190",20,"WE","",0,0,"",0,"Beauregard","LA",NA,55.15,0,0
"3772","43.6%","Allen",1123,"LA","US.190",21,"WE","",0,0,"",0,"Allen","LA",NA,22.12,0,0
"3773","43.6%","Jefferson Davis",1148,"LA","US.190",22,"WE","",0,0,"",0,"Jefferson Davis","LA",NA,8.58,0,0
"3774","43.6%","Acadia",1122,"LA","US.190",23,"WE","",0,0,"",0,"Acadia","LA",NA,4.89,0,0
"3775","43.6%","Evangeline",1141,"LA","US.190",24,"WE","",0,0,"",0,"Evangeline","LA",NA,5.23,0,0
"3776","43.6%","St. Landry",1170,"LA","US.190",25,"WE","",0,0,"",0,"St. Landry","LA",NA,45.66,0,0
"3777","43.6%","Pointe Coupee",1160,"LA","US.190",26,"WE","",0,0,"",0,"Pointe Coupee","LA",NA,20.36,1,0
"3778","43.6%","West Baton Rouge",1182,"LA","US.190",27,"WE","",0,0,"",0,"West Baton Rouge","LA",NA,13.94,0,0
"3779","43.7%","East Baton Rouge",1138,"LA","US.190",28,"WE","",0,0,"",0,"East Baton Rouge","LA",NA,14.87,0,0
"3780","43.7%","Livingston",1153,"LA","US.190",29,"WE","",0,0,"",0,"Livingston","LA",NA,26.27,0,0
"3781","43.7%","Tangipahoa",1174,"LA","US.190",30,"WE","",0,0,"",0,"Tangipahoa","LA",NA,19.65,0,0
"3782","43.7%","St. Tammany",1173,"LA","US.190",31,"WE","",0,0,"",0,"St. Tammany","LA",NA,47.32,0,0
"3783","43.7%","Cochise",104,"AZ","US.191",1,"SN","",0,0,"",0,"Cochise","AZ",NA,92.62,0,0
"3784","43.7%","Graham",107,"AZ","US.191",2,"SN","",0,0,"",0,"Graham","AZ",NA,51.92,0,0
"3785","43.7%","Greenlee",108,"AZ","US.191",3,"SN","",0,0,"",0,"Greenlee","AZ",NA,106.58,0,0
"3786","43.7%","Apache",103,"AZ","US.191",4,"SN","",0,0,"",0,"Apache","AZ",NA,264.94,0,0
"3787","43.7%","San Juan",2899,"UT","US.191",5,"SN","",0,0,"",0,"San Juan","UT",NA,119.09,0,0
"3788","43.8%","Grand",2890,"UT","US.191",6,"SN","",0,0,"",0,"Grand","UT",NA,57.39,0,0
"3789","43.8%","Emery",2888,"UT","US.191",7,"SN","",0,0,"",0,"Emery","UT",NA,43.54,0,0
"3790","43.8%","Carbon",2884,"UT","US.191",8,"SN","",0,0,"",0,"Carbon","UT",NA,40.69,0,0
"3791","43.8%","Duchesne",2887,"UT","US.191",9,"SN","",0,0,"",0,"Duchesne","UT",NA,63.56,0,0
"3792","43.8%","Uintah",2904,"UT","US.191",10,"SN","",0,0,"",0,"Uintah","UT",NA,54.83,0,0
"3793","43.8%","Daggett",2885,"UT","US.191",11,"SN","",0,0,"",0,"Daggett","UT",NA,26.03,1,0
"3794","43.8%","Sweetwater",3271,"WY","US.191",12,"SN","",0,0,"",0,"Sweetwater","WY",NA,107.67,0,0
"3795","43.8%","Sublette",3270,"WY","US.191",13,"SN","",0,0,"",0,"Sublette","WY",NA,103.22,0,0
"3796","43.8%","Teton",3272,"WY","US.191",14,"SN","",0,0,"",0,"Teton","WY",NA,79.07,0,0
"3797","43.9%","National Park Roads",9999,"WY","US.191",15,"SN","Not signed in park.",0,0,"",0,"National Park Roads","WY",NA,0,0,0
"3798","43.9%","Gallatin",1624,"MT","US.191",16,"SN","Not signed in park. Reentry from North",0,0,"",2001,"Gallatin","MT","15.70",15.7,0,0
"3799","43.9%","Park",3267,"WY","US.191",17,"SN","Not signed in park.",0,0,"",0,"Park","WY",NA,5.43,0,0
"3800","43.9%","Gallatin",1624,"MT","US.191",18,"SN","Reentry from South",0,0,"",3001,"Gallatin","MT",NA,82.12,0,0
"3801","43.9%","Park",1642,"MT","US.191",19,"SN","",0,0,"",0,"Park","MT",NA,32.31,0,0
"3802","43.9%","Sweet Grass",1657,"MT","US.191",20,"SN","",0,0,"",0,"Sweet Grass","MT",NA,43.24,0,0
"3803","43.9%","Wheatland",1662,"MT","US.191",21,"SN","",0,0,"",0,"Wheatland","MT",NA,36.02,0,0
"3804","43.9%","Fergus",1631,"MT","US.191",22,"SN","Reentry from North",0,0,"",2002,"Fergus","MT","2.96",2.96,0,0
"3805","44.0%","Judith Basin",1622,"MT","US.191",23,"SN","Reentry from North",0,0,"",2003,"Judith Basin","MT","0.71",0.71,0,0
"3806","44.0%","Fergus",1631,"MT","US.191",24,"SN","Reentry",0,0,"",1002,"Fergus","MT","10.50",10.5,0,0
"3807","44.0%","Judith Basin",1622,"MT","US.191",25,"SN","Reentry from South",0,0,"",3003,"Judith Basin","MT",NA,2.9,0,0
"3808","44.0%","Fergus",1631,"MT","US.191",26,"SN","Reentry from South",0,0,"",3002,"Fergus","MT",NA,84.5,0,0
"3809","44.0%","Phillips",1644,"MT","US.191",27,"SN","",0,0,"",0,"Phillips","MT",NA,123.93,0,0
"3810","44.0%","Lake",361,"FL","US.192",1,"WE","Abuts, to the North, 1 mi. shared with Polk",0,0,"",0,"Lake","FL","0.50",0.5,0,0
"3811","44.0%","Polk",380,"FL","US.192",2,"WE","Abuts, to the South, 1 mi. shared with Lake",0,0,"",0,"Polk","FL","0.50",0.5,0,1
"3812","44.0%","Orange",375,"FL","US.192",3,"WE","Abuts, to the North, 3 mi. shared with Osceola",0,0,"",0,"Orange","FL","1.50",1.5,0,0
"3813","44.0%","Osceola",376,"FL","US.192",4,"WE","",0,0,"",0,"Osceola","FL",NA,53.38,0,0
"3814","44.1%","Brevard",332,"FL","US.192",5,"WE","",0,0,"",0,"Brevard","FL",NA,18.59,0,0
"3815","44.1%","Nez Perce",594,"ID","US.195",1,"SN","",0,0,"",0,"Nez Perce","ID","0.65",0.62,0,0
"3816","44.1%","Whitman",3124,"WA","US.195",2,"SN","",0,0,"",0,"Whitman","WA",NA,64.53,1,0
"3817","44.1%","Spokane",3118,"WA","US.195",3,"SN","",0,0,"",0,"Spokane","WA",NA,28.88,0,0
"3818","44.1%","Wasco",2255,"OR","US.197",1,"SN","",0,0,"",0,"Wasco","OR","67.17",61,0,0
"3819","44.1%","Klickitat",3106,"WA","US.197",2,"SN","",0,0,"",0,"Klickitat","WA","2.76",2.8,0,0
"3820","44.1%","Del Norte",200,"CA","US.199",1,"SN","",0,0,"W",0,"Del Norte","CA","36.17",36.47,0,0
"3821","44.1%","Josephine",2239,"OR","US.199",2,"SN","",0,0,"W",0,"Josephine","OR","43.57",43.43,0,0
"3822","44.1%","Yancey",2000,"NC","US.19E",1,"SN","",0,0,"",0,"Yancey","NC",NA,14.6,0,0
"3823","44.2%","Mitchell",1961,"NC","US.19E",2,"SN","",0,0,"",0,"Mitchell","NC",NA,8.25,0,0
"3824","44.2%","Avery",1906,"NC","US.19E",3,"SN","",0,0,"",0,"Avery","NC",NA,22.1,0,0
"3825","44.2%","Carter",2530,"TN","US.19E",4,"SN","",0,0,"",0,"Carter","TN",NA,27.52,0,1
"3826","44.2%","Sullivan",2602,"TN","US.19E",5,"SN","",0,0,"",0,"Sullivan","TN",NA,3.43,0,0
"3827","44.2%","Yancey",2000,"NC","US.19W",1,"SN","",0,0,"",0,"Yancey","NC",NA,21.95,0,0
"3828","44.2%","Unicoi",2606,"TN","US.19W",2,"SN","",0,0,"",0,"Unicoi","TN",NA,23.57,0,0
"3829","44.2%","Carter",2530,"TN","US.19W",3,"SN","",0,0,"",0,"Carter","TN",NA,2.68,0,1
"3830","44.2%","Washington",2610,"TN","US.19W",4,"SN","",0,0,"",0,"Washington","TN",NA,9.27,0,1
"3831","44.3%","Sullivan",2602,"TN","US.19W",5,"SN","",0,0,"",0,"Sullivan","TN",NA,5.43,0,0
"3832","44.3%","Snohomish",3117,"WA","US.2.W",1,"WE","",0,0,"",0,"Snohomish","WA",NA,40.23,0,0
"3833","44.3%","King",3103,"WA","US.2.W",2,"WE","",0,0,"",0,"King","WA",NA,23.78,0,0
"3834","44.3%","Chelan",3090,"WA","US.2.W",3,"WE","",0,0,"",0,"Chelan","WA",NA,55.45,0,0
"3835","44.3%","Douglas",3095,"WA","US.2.W",4,"WE","",0,0,"",0,"Douglas","WA",NA,60.25,0,0
"3836","44.3%","Grant",3099,"WA","US.2.W",5,"WE","",0,0,"",0,"Grant","WA",NA,19.14,0,1
"3837","44.3%","Lincoln",3108,"WA","US.2.W",6,"WE","",0,0,"",0,"Lincoln","WA",NA,58.78,0,1
"3838","44.3%","Spokane",3118,"WA","US.2.W",7,"WE","",0,0,"",0,"Spokane","WA",NA,48.69,0,0
"3839","44.3%","Pend Oreille",3112,"WA","US.2.W",8,"WE","",0,0,"",0,"Pend Oreille","WA",NA,18.93,1,0
"3840","44.4%","Bonner",568,"ID","US.2.W",9,"WE","",0,0,"",0,"Bonner","ID",NA,45.93,0,0
"3841","44.4%","Boundary",570,"ID","US.2.W",10,"WE","",0,0,"",0,"Boundary","ID",NA,34.36,0,0
"3842","44.4%","Lincoln",1635,"MT","US.2.W",11,"WE","",0,0,"",0,"Lincoln","MT",NA,80.25,0,1
"3843","44.4%","Flathead",1623,"MT","US.2.W",12,"WE","",0,0,"",0,"Flathead","MT",NA,115.85,0,0
"3844","44.4%","Glacier",1626,"MT","US.2.W",13,"WE","",0,0,"",0,"Glacier","MT",NA,66.42,0,0
"3845","44.4%","Toole",1659,"MT","US.2.W",14,"WE","",0,0,"",0,"Toole","MT",NA,43.67,0,0
"3846","44.4%","Liberty",1634,"MT","US.2.W",15,"WE","",0,0,"",0,"Liberty","MT",NA,25.5,1,0
"3847","44.4%","Hill",1629,"MT","US.2.W",16,"WE","",0,0,"",0,"Hill","MT",NA,58.3,0,0
"3848","44.4%","Blaine",1611,"MT","US.2.W",17,"WE","",0,0,"",0,"Blaine","MT",NA,54.38,1,0
"3849","44.5%","Phillips",1644,"MT","US.2.W",18,"WE","",0,0,"",0,"Phillips","MT",NA,54.87,0,0
"3850","44.5%","Valley",1661,"MT","US.2.W",19,"WE","",0,0,"",0,"Valley","MT",NA,79.65,1,0
"3851","44.5%","Roosevelt",1651,"MT","US.2.W",20,"WE","",0,0,"",0,"Roosevelt","MT",NA,85.98,1,1
"3852","44.5%","Williams",2053,"ND","US.2.W",21,"WE","",0,0,"",0,"Williams","ND",NA,69,0,0
"3853","44.5%","Mountrail",2031,"ND","US.2.W",22,"WE","",0,0,"",0,"Mountrail","ND",NA,42.75,1,0
"3854","44.5%","Ward",2051,"ND","US.2.W",23,"WE","",0,0,"",0,"Ward","ND",NA,46.13,0,0
"3855","44.5%","McHenry",2025,"ND","US.2.W",24,"WE","",0,0,"",0,"McHenry","ND",NA,39.61,0,0
"3856","44.5%","Pierce",2035,"ND","US.2.W",25,"WE","",0,0,"",0,"Pierce","ND",NA,17.97,0,1
"3857","44.6%","Benson",2003,"ND","US.2.W",26,"WE","",0,0,"",0,"Benson","ND",NA,31.47,0,0
"3858","44.6%","Ramsey",2036,"ND","US.2.W",27,"WE","",0,0,"",0,"Ramsey","ND",NA,41.52,0,0
"3859","44.6%","Nelson",2032,"ND","US.2.W",28,"WE","",0,0,"",0,"Nelson","ND",NA,25.61,1,0
"3860","44.6%","Grand Forks",2018,"ND","US.2.W",29,"WE","",0,0,"",0,"Grand Forks","ND",NA,41.06,0,0
"3861","44.6%","Polk",1383,"MN","US.2.W",30,"WE","Reentry from East",0,0,"",2003,"Polk","MN",NA,40.56,0,1
"3862","44.6%","Red Lake",1386,"MN","US.2.W",31,"WE","Abuts, to the North, 3.33 mi. shared with Polk",0,0,"",0,"Red Lake","MN","3.33",1.67,0,0
"3863","44.6%","Polk",1383,"MN","US.2.W",32,"WE","Reentry from West",0,0,"",3003,"Polk","MN","38.70",38.7,0,1
"3864","44.6%","Clearwater",1338,"MN","US.2.W",33,"WE","",0,0,"",0,"Clearwater","MN",NA,17.7,1,0
"3865","44.6%","Beltrami",1327,"MN","US.2.W",34,"WE","",0,0,"",0,"Beltrami","MN",NA,21.67,0,0
"3866","44.7%","Hubbard",1352,"MN","US.2.W",35,"WE","",0,0,"",0,"Hubbard","MN",NA,6.99,0,0
"3867","44.7%","Cass",1334,"MN","US.2.W",36,"WE","",0,0,"",0,"Cass","MN",NA,33.74,1,0
"3868","44.7%","Itasca",1354,"MN","US.2.W",37,"WE","",0,0,"",0,"Itasca","MN",NA,48.84,0,0
"3869","44.7%","Aitkin",1324,"MN","US.2.W",38,"WE","",0,0,"",0,"Aitkin","MN",NA,2.02,0,0
"3870","44.7%","St. Louis",1392,"MN","US.2.W",39,"WE","",0,0,"",0,"St. Louis","MN",NA,52.13,0,0
"3871","44.7%","Douglas",3196,"WI","US.2.W",40,"WE","",0,0,"",0,"Douglas","WI",NA,33.41,0,0
"3872","44.7%","Bayfield",3184,"WI","US.2.W",41,"WE","",0,0,"",0,"Bayfield","WI",NA,31.91,0,0
"3873","44.7%","Ashland",3182,"WI","US.2.W",42,"WE","",0,0,"",0,"Ashland","WI",NA,21.11,1,0
"3874","44.7%","Iron",3206,"WI","US.2.W",43,"WE","",0,0,"",0,"Iron","WI",NA,18.03,0,0
"3875","44.8%","Gogebic",1267,"MI","US.2.W",44,"WE","",0,0,"",0,"Gogebic","MI",NA,64.25,0,0
"3876","44.8%","Iron",1276,"MI","US.2.W",45,"WE","",0,0,"",0,"Iron","MI",NA,44.79,0,0
"3877","44.8%","Florence",3199,"WI","US.2.W",46,"WE","",0,0,"",0,"Florence","WI",NA,14.51,0,0
"3878","44.8%","Dickinson",1262,"MI","US.2.W",47,"WE","",0,0,"",0,"Dickinson","MI",NA,23.5,0,0
"3879","44.8%","Menominee",1295,"MI","US.2.W",48,"WE","",0,0,"",0,"Menominee","MI",NA,19.69,0,0
"3880","44.8%","Delta",1261,"MI","US.2.W",49,"WE","",0,0,"",0,"Delta","MI",NA,52.32,0,0
"3881","44.8%","Schoolcraft",1317,"MI","US.2.W",50,"WE","",0,0,"",0,"Schoolcraft","MI",NA,38.04,1,0
"3882","44.8%","Mackinac",1289,"MI","US.2.W",51,"WE","",0,0,"",0,"Mackinac","MI",NA,62.3,0,0
"3883","44.9%","Clinton",1848,"NY","US.2.E",1,"WE","",0,0,"W",0,"Clinton","NY","0.87",0.04,0,1
"3884","44.9%","Grand Isle",2916,"VT","US.2.E",2,"WE","",0,0,"",0,"Grand Isle","VT",NA,33.22,1,0
"3885","44.9%","Chittenden",2913,"VT","US.2.E",3,"WE","",0,0,"",0,"Chittenden","VT",NA,36.93,0,0
"3886","44.9%","Washington",2921,"VT","US.2.E",4,"WE","",0,0,"",0,"Washington","VT",NA,40.41,0,1
"3887","44.9%","Caledonia",2912,"VT","US.2.E",5,"WE","",0,0,"",0,"Caledonia","VT",NA,18.74,0,0
"3888","44.9%","Essex",2914,"VT","US.2.E",6,"WE","",0,0,"",0,"Essex","VT",NA,20.86,1,0
"3889","44.9%","Coos",1778,"NH","US.2.E",7,"WE","",0,0,"",0,"Coos","NH",NA,35.19,0,0
"3890","44.9%","Oxford",1194,"ME","US.2.E",8,"WE","Reentry from East",0,0,"",2001,"Oxford","ME",NA,48.74,0,0
"3891","44.9%","Franklin",1189,"ME","US.2.E",9,"WE","Reentry from East",0,0,"GE",2002,"Franklin","ME","2.40",2.4,0,0
"3892","45.0%","Oxford",1194,"ME","US.2.E",10,"WE","Reentry from West",0,0,"GE",3001,"Oxford","ME","0.70",0.7,0,0
"3893","45.0%","Franklin",1189,"ME","US.2.E",11,"WE","Reentry from West",0,0,"",3002,"Franklin","ME",NA,25.01,0,0
"3894","45.0%","Somerset",1198,"ME","US.2.E",12,"WE","",0,0,"",0,"Somerset","ME",NA,38.76,0,0
"3895","45.0%","Penobscot",1195,"ME","US.2.E",13,"WE","",0,0,"",0,"Penobscot","ME",NA,94.21,0,0
"3896","45.0%","Aroostook",1187,"ME","US.2.E",14,"WE","",0,0,"",0,"Aroostook","ME",NA,63.61,0,0
"3897","45.0%","Aroostook",1187,"ME","US.2A",1,"WE","",0,0,"",0,"Aroostook","ME",NA,43.6,0,0
"3898","45.0%","Lincoln",2243,"OR","US.20",1,"WE","",0,0,"",0,"Lincoln","OR",NA,28.11,0,1
"3899","45.0%","Benton",2224,"OR","US.20",2,"WE","",0,0,"",0,"Benton","OR",NA,31.17,1,0
"3900","45.1%","Linn",2244,"OR","US.20",3,"WE","",0,0,"",0,"Linn","OR",NA,82.09,0,0
"3901","45.1%","Jefferson",2238,"OR","US.20",4,"WE","",0,0,"",0,"Jefferson","OR",NA,10.01,0,1
"3902","45.1%","Deschutes",2231,"OR","US.20",5,"WE","",0,0,"",0,"Deschutes","OR",NA,99.01,0,0
"3903","45.1%","Lake",2241,"OR","US.20",6,"WE","",0,0,"",0,"Lake","OR",NA,14.48,0,0
"3904","45.1%","Harney",2235,"OR","US.20",7,"WE","",0,0,"",0,"Harney","OR",NA,95.82,0,0
"3905","45.1%","Malheur",2245,"OR","US.20",8,"WE","",0,0,"",0,"Malheur","OR",NA,85.11,0,0
"3906","45.1%","Canyon",573,"ID","US.20",9,"WE","",0,0,"",0,"Canyon","ID",NA,30.83,0,0
"3907","45.1%","Payette",597,"ID","US.20",10,"WE","Abuts, to the East, 2.46 mi. shared with Canyon",0,0,"",0,"Payette","ID","2.46",1.23,0,0
"3908","45.1%","Ada",560,"ID","US.20",11,"WE","",0,0,"",0,"Ada","ID",NA,38.28,0,0
"3909","45.2%","Elmore",579,"ID","US.20",12,"WE","",0,0,"",0,"Elmore","ID",NA,63.58,0,0
"3910","45.2%","Camas",572,"ID","US.20",13,"WE","",0,0,"",0,"Camas","ID",NA,28.59,1,0
"3911","45.2%","Blaine",566,"ID","US.20",14,"WE","",0,0,"",0,"Blaine","ID",NA,49.29,0,0
"3912","45.2%","Butte",571,"ID","US.20",15,"WE","",0,0,"",0,"Butte","ID",NA,52.71,0,0
"3913","45.2%","Bingham",565,"ID","US.20",16,"WE","",0,0,"",0,"Bingham","ID",NA,15.38,0,0
"3914","45.2%","Bonneville",569,"ID","US.20",17,"WE","",0,0,"",0,"Bonneville","ID",NA,35.21,0,0
"3915","45.2%","Jefferson",585,"ID","US.20",18,"WE","",0,0,"",0,"Jefferson","ID",NA,8.23,0,1
"3916","45.2%","Madison",592,"ID","US.20",19,"WE","",0,0,"",0,"Madison","ID",NA,14.07,1,1
"3917","45.2%","Fremont",581,"ID","US.20",20,"WE","",0,0,"",0,"Fremont","ID",NA,65.18,1,0
"3918","45.3%","Gallatin",1624,"MT","US.20",21,"WE","",0,0,"W",0,"Gallatin","MT","9.68",9.67,0,0
"3919","45.3%","National Park Roads",9999,"WY","US.20",22,"WE","Not signed in park.",0,0,"",0,"National Park Roads","WY",NA,0,0,0
"3920","45.3%","Park",3267,"WY","US.20",23,"WE","",0,0,"",0,"Park","WY",NA,77.16,0,0
"3921","45.3%","Big Horn",3254,"WY","US.20",24,"WE","",0,0,"",0,"Big Horn","WY",NA,54.74,0,0
"3922","45.3%","Washakie",3274,"WY","US.20",25,"WE","",0,0,"",0,"Washakie","WY",NA,28.66,0,0
"3923","45.3%","Hot Springs",3261,"WY","US.20",26,"WE","",0,0,"",0,"Hot Springs","WY",NA,30.62,1,0
"3924","45.3%","Fremont",3259,"WY","US.20",27,"WE","",0,0,"",0,"Fremont","WY",NA,48.71,0,0
"3925","45.3%","Natrona",3265,"WY","US.20",28,"WE","",0,0,"",0,"Natrona","WY",NA,79.79,0,0
"3926","45.4%","Converse",3257,"WY","US.20",29,"WE","",0,0,"",0,"Converse","WY",NA,68.3,0,0
"3927","45.4%","Niobrara",3266,"WY","US.20",30,"WE","",0,0,"",0,"Niobrara","WY",NA,45.85,0,0
"3928","45.4%","Sioux",1747,"NE","US.20",31,"WE","",0,0,"",0,"Sioux","NE",NA,30.82,0,0
"3929","45.4%","Dawes",1687,"NE","US.20",32,"WE","",0,0,"",0,"Dawes","NE",NA,42.88,0,0
"3930","45.4%","Sheridan",1745,"NE","US.20",33,"WE","",0,0,"",0,"Sheridan","NE",NA,38.16,1,0
"3931","45.4%","Cherry",1680,"NE","US.20",34,"WE","",0,0,"",0,"Cherry","NE",NA,112.25,0,0
"3932","45.4%","Brown",1673,"NE","US.20",35,"WE","",0,0,"",0,"Brown","NE",NA,27.44,0,0
"3933","45.4%","Rock",1739,"NE","US.20",36,"WE","",0,0,"",0,"Rock","NE",NA,22.55,0,0
"3934","45.4%","Holt",1709,"NE","US.20",37,"WE","",0,0,"",0,"Holt","NE",NA,54.55,0,0
"3935","45.5%","Antelope",1666,"NE","US.20",38,"WE","",0,0,"",0,"Antelope","NE",NA,24.05,0,0
"3936","45.5%","Pierce",1734,"NE","US.20",39,"WE","",0,0,"",0,"Pierce","NE",NA,24.28,0,1
"3937","45.5%","Cedar",1678,"NE","US.20",40,"WE","",0,0,"",0,"Cedar","NE",NA,21.17,0,0
"3938","45.5%","Dixon",1690,"NE","US.20",41,"WE","",0,0,"",0,"Dixon","NE",NA,15.12,1,0
"3939","45.5%","Dakota",1686,"NE","US.20",42,"WE","",0,0,"",0,"Dakota","NE",NA,18.29,0,0
"3940","45.5%","Woodbury",894,"IA","US.20",43,"WE","",0,0,"",0,"Woodbury","IA",NA,38.18,0,0
"3941","45.5%","Ida",844,"IA","US.20",44,"WE","",0,0,"",0,"Ida","IA",NA,14.4,0,0
"3942","45.5%","Sac",878,"IA","US.20",45,"WE","",0,0,"",0,"Sac","IA",NA,27.74,0,0
"3943","45.5%","Calhoun",810,"IA","US.20",46,"WE","",0,0,"",0,"Calhoun","IA",NA,23.52,1,0
"3944","45.6%","Webster",891,"IA","US.20",47,"WE","",0,0,"",0,"Webster","IA",NA,23.93,0,0
"3945","45.6%","Hamilton",837,"IA","US.20",48,"WE","",0,0,"",0,"Hamilton","IA",NA,23.98,0,0
"3946","45.6%","Hardin",839,"IA","US.20",49,"WE","",0,0,"",0,"Hardin","IA",NA,25.19,0,0
"3947","45.6%","Grundy",835,"IA","US.20",50,"WE","",0,0,"",0,"Grundy","IA",NA,24.01,1,0
"3948","45.6%","Black Hawk",804,"IA","US.20",51,"WE","",0,0,"",0,"Black Hawk","IA",NA,24.38,0,0
"3949","45.6%","Buchanan",807,"IA","US.20",52,"WE","",0,0,"",0,"Buchanan","IA",NA,23.99,0,1
"3950","45.6%","Delaware",825,"IA","US.20",53,"WE","",0,0,"",0,"Delaware","IA",NA,23.73,1,0
"3951","45.6%","Dubuque",828,"IA","US.20",54,"WE","",0,0,"",0,"Dubuque","IA",NA,27.1,0,0
"3952","45.7%","Jo Daviess",646,"IL","US.20",55,"WE","",0,0,"",0,"Jo Daviess","IL",NA,45.92,1,0
"3953","45.7%","Stephenson",692,"IL","US.20",56,"WE","",0,0,"",0,"Stephenson","IL",NA,29.89,1,0
"3954","45.7%","Winnebago",704,"IL","US.20",57,"WE","",0,0,"",0,"Winnebago","IL",NA,26.43,0,0
"3955","45.7%","Boone",607,"IL","US.20",58,"WE","",0,0,"",0,"Boone","IL",NA,12.29,0,0
"3956","45.7%","McHenry",666,"IL","US.20",59,"WE","",0,0,"",0,"McHenry","IL",NA,13.38,0,0
"3957","45.7%","Kane",648,"IL","US.20",60,"WE","",0,0,"",0,"Kane","IL",NA,17.92,0,0
"3958","45.7%","DuPage",625,"IL","US.20",61,"WE","",0,0,"",0,"DuPage","IL",NA,13.14,0,0
"3959","45.7%","Cook",619,"IL","US.20",62,"WE","",0,0,"",0,"Cook","IL",NA,39.46,0,0
"3960","45.7%","Lake",750,"IN","US.20",63,"WE","",0,0,"",0,"Lake","IN",NA,20.9,0,0
"3961","45.8%","Porter",769,"IN","US.20",64,"WE","",0,0,"",0,"Porter","IN",NA,17.13,0,0
"3962","45.8%","LaPorte",751,"IN","US.20",65,"WE","",0,0,"",0,"LaPorte","IN",NA,22.8,0,0
"3963","45.8%","St. Joseph",776,"IN","US.20",66,"WE","",0,0,"",0,"St. Joseph","IN",NA,28.6,0,0
"3964","45.8%","Elkhart",725,"IN","US.20",67,"WE","",0,0,"",0,"Elkhart","IN",NA,22.06,0,0
"3965","45.8%","LaGrange",749,"IN","US.20",68,"WE","",0,0,"",0,"LaGrange","IN",NA,24.17,0,0
"3966","45.8%","Steuben",781,"IN","US.20",69,"WE","",0,0,"",0,"Steuben","IN",NA,20.5,0,0
"3967","45.8%","Williams",2143,"OH","US.20",70,"WE","",0,0,"",0,"Williams","OH",NA,22.26,0,0
"3968","45.8%","Fulton",2083,"OH","US.20",71,"WE","",0,0,"",0,"Fulton","OH",NA,27.82,0,0
"3969","45.8%","Lucas",2105,"OH","US.20",72,"WE","",0,0,"",0,"Lucas","OH",NA,19.25,0,0
"3970","45.9%","Wood",2144,"OH","US.20",73,"WE","",0,0,"",0,"Wood","OH",NA,13.93,0,0
"3971","45.9%","Sandusky",2129,"OH","US.20",74,"WE","",0,0,"",0,"Sandusky","OH",NA,33.41,0,0
"3972","45.9%","Huron",2096,"OH","US.20",75,"WE","",0,0,"",0,"Huron","OH",NA,28.53,0,0
"3973","45.9%","Lorain",2104,"OH","US.20",76,"WE","",0,0,"",0,"Lorain","OH",NA,25.7,0,0
"3974","45.9%","Cuyahoga",2075,"OH","US.20",77,"WE","",0,0,"",0,"Cuyahoga","OH",NA,30.95,0,0
"3975","45.9%","Lake",2100,"OH","US.20",78,"WE","",0,0,"",0,"Lake","OH",NA,30.37,0,0
"3976","45.9%","Ashtabula",2061,"OH","US.20",79,"WE","",0,0,"",0,"Ashtabula","OH",NA,27.76,0,0
"3977","45.9%","Erie",2283,"PA","US.20",80,"WE","",0,0,"W",0,"Erie","PA","45.43",45.33,0,0
"3978","46.0%","Chautauqua",1845,"NY","US.20",81,"WE","",0,0,"",0,"Chautauqua","NY",NA,41.35,0,0
"3979","46.0%","Erie",1853,"NY","US.20",82,"WE","",0,0,"",0,"Erie","NY",NA,45.77,0,0
"3980","46.0%","Genesee",1857,"NY","US.20",83,"WE","",0,0,"",0,"Genesee","NY",NA,26.82,0,0
"3981","46.0%","Livingston",1864,"NY","US.20",84,"WE","",0,0,"",0,"Livingston","NY",NA,19.47,0,0
"3982","46.0%","Ontario",1873,"NY","US.20",85,"WE","",0,0,"",0,"Ontario","NY",NA,31.96,0,0
"3983","46.0%","Seneca",1888,"NY","US.20",86,"WE","",0,0,"",0,"Seneca","NY",NA,14.34,0,0
"3984","46.0%","Cayuga",1844,"NY","US.20",87,"WE","",0,0,"",0,"Cayuga","NY",NA,15.32,0,0
"3985","46.0%","Onondaga",1872,"NY","US.20",88,"WE","",0,0,"",0,"Onondaga","NY",NA,31.14,0,0
"3986","46.0%","Madison",1865,"NY","US.20",89,"WE","",0,0,"",0,"Madison","NY",NA,24.95,0,1
"3987","46.1%","Oneida",1871,"NY","US.20",90,"WE","Reentry from East",0,0,"GE",2001,"Oneida","NY","11.40",11.32,0,0
"3988","46.1%","Otsego",1877,"NY","US.20",91,"WE","Reentry from East",0,0,"GE",2002,"Otsego","NY","1.60",1.6,0,0
"3989","46.1%","Herkimer",1860,"NY","US.20",92,"WE","Corner touch",0,0,"GE",2003,"Herkimer","NY","0.04",0.08,0,0
"3990","46.1%","Oneida",1871,"NY","US.20",93,"WE","Reentry from West",0,0,"GE",3001,"Oneida","NY","0.60",0.6,0,0
"3991","46.1%","Herkimer",1860,"NY","US.20",94,"WE","Reentry",0,0,"GE",1003,"Herkimer","NY","4.23",4.23,0,0
"3992","46.1%","Otsego",1877,"NY","US.20",95,"WE","Reentry",0,0,"GE",1002,"Otsego","NY","8.40",8.4,0,0
"3993","46.1%","Herkimer",1860,"NY","US.20",96,"WE","Reentry from West",0,0,"GE",3003,"Herkimer","NY","3.63",3.63,0,0
"3994","46.1%","Otsego",1877,"NY","US.20",97,"WE","Reentry from West",0,0,"GE",3002,"Otsego","NY",NA,12.34,0,0
"3995","46.1%","Schoharie",1886,"NY","US.20",98,"WE","",0,0,"",0,"Schoharie","NY",NA,11.22,0,0
"3996","46.2%","Schenectady",1885,"NY","US.20",99,"WE","",0,0,"",0,"Schenectady","NY",NA,11.22,0,0
"3997","46.2%","Albany",1839,"NY","US.20",100,"WE","",0,0,"",0,"Albany","NY",NA,16.62,0,0
"3998","46.2%","Rensselaer",1880,"NY","US.20",101,"WE","",0,0,"",0,"Rensselaer","NY",NA,18.68,0,0
"3999","46.2%","Columbia",1849,"NY","US.20",102,"WE","",0,0,"",0,"Columbia","NY",NA,8.96,0,0
"4000","46.2%","Berkshire",1228,"MA","US.20",103,"WE","",0,0,"GE",0,"Berkshire","MA","33.60",33.59,0,0
"4001","46.2%","Hampden",1233,"MA","US.20",104,"WE","Reentry from East",0,0,"GE",2004,"Hampden","MA","6.40",6.4,0,0
"4002","46.2%","Hampshire",1234,"MA","US.20",105,"WE","",0,0,"GE",0,"Hampshire","MA","2.71",2.71,0,0
"4003","46.2%","Hampden",1233,"MA","US.20",106,"WE","Reentry from West",0,0,"GE",3004,"Hampden","MA",NA,48.2,0,0
"4004","46.3%","Worcester",1240,"MA","US.20",107,"WE","",0,0,"GE",0,"Worcester","MA","34.30",34.3,0,0
"4005","46.3%","Middlesex",1235,"MA","US.20",108,"WE","",0,0,"GE",0,"Middlesex","MA","24.50",24.5,0,0
"4006","46.3%","Suffolk",1239,"MA","US.20",109,"WE","Reentry from East",0,0,"GE",2005,"Suffolk","MA","2.10",2.1,0,0
"4007","46.3%","Norfolk",1237,"MA","US.20",110,"WE","Abuts, to the South",0,0,"GE",0,"Norfolk","MA","0.84",0.84,0,0
"4008","46.3%","Suffolk",1239,"MA","US.20",111,"WE","Reentry from South",0,0,"GE",3005,"Suffolk","MA","0.92",0.44,0,0
"4009","46.3%","Cumberland",1188,"ME","US.201",1,"SN","",0,0,"",0,"Cumberland","ME",NA,0.2,0,0
"4010","46.3%","Sagadahoc",1197,"ME","US.201",2,"SN","",0,0,"",0,"Sagadahoc","ME",NA,19.28,0,0
"4011","46.3%","Kennebec",1191,"ME","US.201",3,"SN","",0,0,"",0,"Kennebec","ME",NA,33.67,0,0
"4012","46.3%","Somerset",1198,"ME","US.201",4,"SN","",0,0,"",0,"Somerset","ME",NA,105.24,0,0
"4013","46.4%","Somerset",1198,"ME","US.201A",1,"SN","",0,0,"",0,"Somerset","ME",NA,26.24,0,0
"4014","46.4%","New Castle",325,"DE","US.202",1,"SN","",0,0,"W",0,"New Castle","DE","12.65",13.23,0,0
"4015","46.4%","Delaware",2281,"PA","US.202",2,"SN","",0,0,"",0,"Delaware","PA",NA,4.67,0,0
"4016","46.4%","Chester",2273,"PA","US.202",3,"SN","",0,0,"",0,"Chester","PA",NA,20.5,0,0
"4017","46.4%","Montgomery",2304,"PA","US.202",4,"SN","",0,0,"",0,"Montgomery","PA",NA,16.82,0,0
"4018","46.4%","Bucks",2267,"PA","US.202",5,"SN","",0,0,"",0,"Bucks","PA",NA,17.22,0,0
"4019","46.4%","Hunterdon",1794,"NJ","US.202",6,"SN","",0,0,"",0,"Hunterdon","NJ",NA,17.72,0,0
"4020","46.4%","Somerset",1802,"NJ","US.202",7,"SN","",0,0,"",0,"Somerset","NJ",NA,21.5,0,0
"4021","46.4%","Morris",1798,"NJ","US.202",8,"SN","",0,0,"",0,"Morris","NJ",NA,23.37,0,0
"4022","46.5%","Passaic",1800,"NJ","US.202",9,"SN","",0,0,"",0,"Passaic","NJ",NA,8.28,0,0
"4023","46.5%","Bergen",1786,"NJ","US.202",10,"SN","",0,0,"",0,"Bergen","NJ",NA,9.78,0,0
"4024","46.5%","Rockland",1882,"NY","US.202",11,"SN","Reentry from North",0,0,"",2001,"Rockland","NY",NA,22.7,0,0
"4025","46.5%","Orange",1874,"NY","US.202",12,"SN","",0,0,"",0,"Orange","NY",NA,0.28,0,0
"4026","46.5%","Rockland",1882,"NY","US.202",13,"SN","Reentry from South",0,0,"",3001,"Rockland","NY","0.27",0.27,0,0
"4027","46.5%","Westchester",1898,"NY","US.202",14,"SN","",0,0,"",0,"Westchester","NY",NA,24.38,0,0
"4028","46.5%","Putnam",1878,"NY","US.202",15,"SN","",0,0,"",0,"Putnam","NY",NA,7.88,0,0
"4029","46.5%","Western Connecticut",323,"CT","US.202",16,"SN","",0,0,"",0,"Western Connecticut","CT",NA,25.87,0,0
"4030","46.6%","Northwest Hills",320,"CT","US.202",17,"SN","",0,0,"",0,"Northwest Hills","CT",NA,29.21,0,0
"4031","46.6%","Capitol",315,"CT","US.202",18,"SN","",0,0,"",0,"Capitol","CT",NA,20.41,0,0
"4032","46.6%","Hampden",1233,"MA","US.202",19,"SN","",0,0,"",0,"Hampden","MA",NA,22.31,0,0
"4033","46.6%","Hampshire",1234,"MA","US.202",20,"SN","",0,0,"",0,"Hampshire","MA",NA,22.33,0,0
"4034","46.6%","Franklin",1232,"MA","US.202",21,"SN","",0,0,"",0,"Franklin","MA",NA,13.29,0,0
"4035","46.6%","Worcester",1240,"MA","US.202",22,"SN","",0,0,"",0,"Worcester","MA",NA,21.98,0,0
"4036","46.6%","Cheshire",1777,"NH","US.202",23,"SN","",0,0,"",0,"Cheshire","NH",NA,10.48,1,0
"4037","46.6%","Hillsborough",1780,"NH","US.202",24,"SN","",0,0,"",0,"Hillsborough","NH",NA,25.93,0,0
"4038","46.6%","Merrimack",1781,"NH","US.202",25,"SN","",0,0,"",0,"Merrimack","NH",NA,34.9,0,0
"4039","46.7%","Rockingham",1782,"NH","US.202",26,"SN","",0,0,"",0,"Rockingham","NH",NA,8.36,0,0
"4040","46.7%","Strafford",1783,"NH","US.202",27,"SN","",0,0,"",0,"Strafford","NH",NA,15.61,0,0
"4041","46.7%","York",1201,"ME","US.202",28,"SN","",0,0,"",0,"York","ME",NA,37.74,0,0
"4042","46.7%","Cumberland",1188,"ME","US.202",29,"SN","",0,0,"",0,"Cumberland","ME",NA,28.79,0,0
"4043","46.7%","Androscoggin",1186,"ME","US.202",30,"SN","",0,0,"",0,"Androscoggin","ME",NA,19.6,0,0
"4044","46.7%","Kennebec",1191,"ME","US.202",31,"SN","",0,0,"",0,"Kennebec","ME",NA,46.01,0,0
"4045","46.7%","Waldo",1199,"ME","US.202",32,"SN","",0,0,"",0,"Waldo","ME",NA,14.55,0,0
"4046","46.7%","Penobscot",1195,"ME","US.202",33,"SN","",0,0,"",0,"Penobscot","ME",NA,23.12,0,0
"4047","46.7%","Atlantic",1785,"NJ","US.206",1,"SN","",0,0,"",0,"Atlantic","NJ",NA,6.37,0,0
"4048","46.8%","Burlington",1787,"NJ","US.206",2,"SN","",0,0,"",0,"Burlington","NJ",NA,32.5,0,0
"4049","46.8%","Mercer",1795,"NJ","US.206",3,"SN","",0,0,"",0,"Mercer","NJ",NA,18.88,0,0
"4050","46.8%","Somerset",1802,"NJ","US.206",4,"SN","",0,0,"",0,"Somerset","NJ",NA,26.07,0,0
"4051","46.8%","Morris",1798,"NJ","US.206",5,"SN","",0,0,"",0,"Morris","NJ",NA,14.9,0,0
"4052","46.8%","Sussex",1803,"NJ","US.206",6,"SN","",0,0,"",0,"Sussex","NJ",NA,32.15,0,0
"4053","46.8%","Pike",2310,"PA","US.206",7,"SN","",0,0,"W",0,"Pike","PA","0.46",1.22,0,0
"4054","46.8%","Dauphin",2280,"PA","US.209",1,"SN","",0,0,"",0,"Dauphin","PA",NA,20.83,0,0
"4055","46.8%","Schuylkill",2312,"PA","US.209",2,"SN","",0,0,"",0,"Schuylkill","PA",NA,43.4,0,0
"4056","46.9%","Carbon",2271,"PA","US.209",3,"SN","",0,0,"",0,"Carbon","PA",NA,25.04,0,0
"4057","46.9%","Monroe",2303,"PA","US.209",4,"SN","",0,0,"",0,"Monroe","PA",NA,34.87,0,1
"4058","46.9%","Pike",2310,"PA","US.209",5,"SN","",0,0,"",0,"Pike","PA",NA,26.95,0,0
"4059","46.9%","Orange",1874,"NY","US.209",6,"SN","",0,0,"",0,"Orange","NY",NA,11.94,0,0
"4060","46.9%","Sullivan",1891,"NY","US.209",7,"SN","",0,0,"",0,"Sullivan","NY",NA,14.14,1,0
"4061","46.9%","Ulster",1894,"NY","US.209",8,"SN","",0,0,"",0,"Ulster","NY",NA,35.15,0,0
"4062","46.9%","Williams",2143,"OH","US.20A.OH",1,"WE","",0,0,"GE",0,"Williams","OH","13.80",13.84,0,0
"4063","46.9%","Fulton",2083,"OH","US.20A.OH",2,"WE","",0,0,"GE",0,"Fulton","OH","26.20",26.17,0,0
"4064","46.9%","Lucas",2105,"OH","US.20A.OH",3,"WE","",0,0,"GE",0,"Lucas","OH","12.40",12.33,0,0
"4065","47.0%","Erie",1853,"NY","US.20A.NY",1,"WE","",0,0,"",0,"Erie","NY",NA,18.09,0,0
"4066","47.0%","Livingston",1864,"NY","US.20A.NY",2,"WE","",0,0,"",0,"Livingston","NY",NA,23.54,0,0
"4067","47.0%","Ontario",1873,"NY","US.20A.NY",3,"WE","",0,0,"",0,"Ontario","NY",NA,14.5,0,0
"4068","47.0%","Wyoming",1899,"NY","US.20A.NY",4,"WE","",0,0,"",0,"Wyoming","NY",NA,26.86,1,0
"4069","47.0%","Beaufort",2415,"SC","US.21",1,"SN","",0,0,"",0,"Beaufort","SC",NA,46.51,0,0
"4070","47.0%","Hampton",2433,"SC","US.21",2,"SN","",0,0,"GE",0,"Hampton","SC","3.24",3.26,0,0
"4071","47.0%","Colleton",2423,"SC","US.21",3,"SN","",0,0,"",0,"Colleton","SC",NA,35.29,0,0
"4072","47.0%","Bamberg",2413,"SC","US.21",4,"SN","",0,0,"GE",0,"Bamberg","SC","0.28",0.27,0,0
"4073","47.0%","Orangeburg",2446,"SC","US.21",5,"SN","",0,0,"",0,"Orangeburg","SC",NA,32.58,0,0
"4074","47.1%","Calhoun",2417,"SC","US.21",6,"SN","Reentry from North",0,0,"",2001,"Calhoun","SC",NA,9.28,0,0
"4075","47.1%","Lexington",2440,"SC","US.21",7,"SN","Reentry from North",0,0,"GE",2002,"Lexington","SC","2.82",2.82,0,0
"4076","47.1%","Calhoun",2417,"SC","US.21",8,"SN","Reentry from South",0,0,"",3001,"Calhoun","SC","8.19",8.19,0,0
"4077","47.1%","Lexington",2440,"SC","US.21",9,"SN","Reentry from South",0,0,"",3002,"Lexington","SC",NA,10.35,0,0
"4078","47.1%","Richland",2448,"SC","US.21",10,"SN","",0,0,"",0,"Richland","SC",NA,21.02,0,0
"4079","47.1%","Fairfield",2428,"SC","US.21",11,"SN","",0,0,"",0,"Fairfield","SC",NA,20.99,0,0
"4080","47.1%","Chester",2420,"SC","US.21",12,"SN","",0,0,"",0,"Chester","SC",NA,20.77,0,0
"4081","47.1%","York",2454,"SC","US.21",13,"SN","",0,0,"",0,"York","SC",NA,22.62,0,0
"4082","47.2%","Mecklenburg",1960,"NC","US.21",14,"SN","",0,0,"",0,"Mecklenburg","NC",NA,31.12,0,0
"4083","47.2%","Iredell",1949,"NC","US.21",15,"SN","",0,0,"",0,"Iredell","NC",NA,43.81,0,0
"4084","47.2%","Yadkin",1999,"NC","US.21",16,"SN","",0,0,"",0,"Yadkin","NC",NA,15.07,0,0
"4085","47.2%","Surry",1986,"NC","US.21",17,"SN","",0,0,"",0,"Surry","NC",NA,8.29,0,0
"4086","47.2%","Wilkes",1997,"NC","US.21",18,"SN","",0,0,"",0,"Wilkes","NC",NA,7.28,0,0
"4087","47.2%","Alleghany",1903,"NC","US.21",19,"SN","",0,0,"",0,"Alleghany","NC",NA,19.31,0,0
"4088","47.2%","Grayson",2989,"VA","US.21",20,"SN","",0,0,"",0,"Grayson","VA",NA,16.95,0,0
"4089","47.2%","Wythe",3083,"VA","US.21",21,"SN","",0,0,"",0,"Wythe","VA",NA,18.18,0,0
"4090","47.2%","Shenandoah",3061,"VA","US.211",1,"WE","",0,0,"",0,"Shenandoah","VA",NA,4.25,0,0
"4091","47.3%","Page",3031,"VA","US.211",2,"WE","",0,0,"",0,"Page","VA",NA,19.28,0,0
"4092","47.3%","Rappahannock",3046,"VA","US.211",3,"WE","",0,0,"",0,"Rappahannock","VA",NA,24.31,0,0
"4093","47.3%","Culpeper",2968,"VA","US.211",4,"WE","",0,0,"",0,"Culpeper","VA",NA,3.87,0,0
"4094","47.3%","Fauquier",2979,"VA","US.211",5,"WE","",0,0,"",0,"Fauquier","VA",NA,7.27,0,0
"4095","47.3%","Park",1642,"MT","US.212",1,"WE","",0,0,"",0,"Park","MT",NA,8.29,0,0
"4096","47.3%","Park",3267,"WY","US.212",2,"WE","",0,0,"W",0,"Park","WY","38.00",34.86,0,0
"4097","47.3%","Carbon",1613,"MT","US.212",3,"WE","",0,0,"",0,"Carbon","MT",NA,66.5,0,0
"4098","47.3%","Yellowstone",1664,"MT","US.212",4,"WE","",0,0,"",0,"Yellowstone","MT",NA,41.62,0,0
"4099","47.3%","Big Horn",1610,"MT","US.212",5,"WE","",0,0,"",0,"Big Horn","MT",NA,76.3,0,0
"4100","47.4%","Rosebud",1652,"MT","US.212",6,"WE","",0,0,"",0,"Rosebud","MT",NA,25.55,0,0
"4101","47.4%","Powder River",1646,"MT","US.212",7,"WE","",0,0,"",0,"Powder River","MT",NA,64.41,1,0
"4102","47.4%","Carter",1614,"MT","US.212",8,"WE","",0,0,"",0,"Carter","MT",NA,38.25,1,1
"4103","47.4%","Crook",3258,"WY","US.212",9,"WE","",0,0,"W",0,"Crook","WY","20.30",20.41,0,0
"4104","47.4%","Butte",2463,"SD","US.212",10,"WE","",0,0,"",0,"Butte","SD",NA,66.2,0,0
"4105","47.4%","Meade",2500,"SD","US.212",11,"WE","",0,0,"",0,"Meade","SD",NA,49.05,0,0
"4106","47.4%","Ziebach",2520,"SD","US.212",12,"WE","",0,0,"",0,"Ziebach","SD",NA,25.51,1,0
"4107","47.4%","Dewey",2474,"SD","US.212",13,"WE","",0,0,"",0,"Dewey","SD",NA,66.08,1,0
"4108","47.5%","Potter",2508,"SD","US.212",14,"WE","",0,0,"",0,"Potter","SD",NA,37.34,0,0
"4109","47.5%","Faulk",2478,"SD","US.212",15,"WE","",0,0,"",0,"Faulk","SD",NA,44.36,1,0
"4110","47.5%","Hand",2483,"SD","US.212",16,"WE","Abuts, to the South, 14.6 mi. shared with Faulk, 0.55 mi. shared with Spink",0,0,"GE",0,"Hand","SD","14.60",7.58,0,0
"4111","47.5%","Spink",2511,"SD","US.212",17,"WE","",0,0,"",0,"Spink","SD","0.55",36.58,0,0
"4112","47.5%","Clark",2466,"SD","US.212",18,"WE","",0,0,"",0,"Clark","SD",NA,24.36,1,0
"4113","47.5%","Codington",2468,"SD","US.212",19,"WE","",0,0,"",0,"Codington","SD",NA,30.49,0,0
"4114","47.5%","Deuel",2473,"SD","US.212",20,"WE","",0,0,"",0,"Deuel","SD",NA,23.74,0,0
"4115","47.5%","Lac qui Parle",1360,"MN","US.212",21,"WE","",0,0,"",0,"Lac qui Parle","MN",NA,35.11,0,0
"4116","47.5%","Yellow Medicine",1410,"MN","US.212",22,"WE","Reentry from East",0,0,"GE",2001,"Yellow Medicine","MN","0.20",0.2,0,0
"4117","47.6%","Chippewa",1335,"MN","US.212",23,"WE","Reentry from East",0,0,"GE",2002,"Chippewa","MN","3.60",3.6,0,0
"4118","47.6%","Yellow Medicine",1410,"MN","US.212",24,"WE","Reentry from West",0,0,"GE",3001,"Yellow Medicine","MN","10.20",10.23,0,0
"4119","47.6%","Chippewa",1335,"MN","US.212",25,"WE","Reentry from West",0,0,"GE",3002,"Chippewa","MN","3.20",3.18,0,0
"4120","47.6%","Renville",1388,"MN","US.212",26,"WE","",0,0,"",0,"Renville","MN",NA,49.39,0,0
"4121","47.6%","McLeod",1369,"MN","US.212",27,"WE","",0,0,"",0,"McLeod","MN",NA,25.06,1,0
"4122","47.6%","Carver",1333,"MN","US.212",28,"WE","",0,0,"",0,"Carver","MN",NA,26.96,1,0
"4123","47.6%","Hennepin",1350,"MN","US.212",29,"WE","",0,0,"",0,"Hennepin","MN",NA,8.04,0,0
"4124","47.6%","Lee",853,"IA","US.218",1,"SN","",0,0,"",0,"Lee","IA",NA,32.48,0,0
"4125","47.6%","Henry",841,"IA","US.218",2,"SN","",0,0,"",0,"Henry","IA",NA,25.66,0,0
"4126","47.7%","Washington",889,"IA","US.218",3,"SN","",0,0,"",0,"Washington","IA",NA,24.58,1,1
"4127","47.7%","Johnson",849,"IA","US.218",4,"SN","",0,0,"",0,"Johnson","IA",NA,26.27,0,1
"4128","47.7%","Linn",854,"IA","US.218",5,"SN","",0,0,"",0,"Linn","IA",NA,13.88,0,0
"4129","47.7%","Benton",803,"IA","US.218",6,"SN","",0,0,"",0,"Benton","IA",NA,42.27,0,0
"4130","47.7%","Black Hawk",804,"IA","US.218",7,"SN","",0,0,"",0,"Black Hawk","IA",NA,30.24,0,0
"4131","47.7%","Bremer",806,"IA","US.218",8,"SN","",0,0,"",0,"Bremer","IA",NA,21.76,0,0
"4132","47.7%","Chickasaw",816,"IA","US.218",9,"SN","",0,0,"",0,"Chickasaw","IA",NA,3.65,0,0
"4133","47.7%","Floyd",831,"IA","US.218",10,"SN","",0,0,"",0,"Floyd","IA",NA,23.31,0,0
"4134","47.8%","Mitchell",863,"IA","US.218",11,"SN","",0,0,"",0,"Mitchell","IA",NA,29.97,1,0
"4135","47.8%","Mower",1373,"MN","US.218",12,"SN","",0,0,"",0,"Mower","MN",NA,27.17,0,0
"4136","47.8%","Dodge",1343,"MN","US.218",13,"SN","",0,0,"GE",0,"Dodge","MN","0.69",0.69,0,0
"4137","47.8%","Steele",1397,"MN","US.218",14,"SN","",0,0,"",0,"Steele","MN",NA,18.86,0,0
"4138","47.8%","Giles",2986,"VA","US.219",1,"SN","",0,0,"",0,"Giles","VA",NA,1.74,0,0
"4139","47.8%","Monroe",3157,"WV","US.219",2,"SN","",0,0,"",0,"Monroe","WV",NA,33.51,1,1
"4140","47.8%","Greenbrier",3138,"WV","US.219",3,"SN","",0,0,"",0,"Greenbrier","WV",NA,34.35,0,0
"4141","47.8%","Pocahontas",3163,"WV","US.219",4,"SN","",0,0,"",0,"Pocahontas","WV",NA,42.23,0,0
"4142","47.8%","Randolph",3167,"WV","US.219",5,"SN","",0,0,"",0,"Randolph","WV",NA,54.74,0,0
"4143","47.9%","Tucker",3172,"WV","US.219",6,"SN","",0,0,"",0,"Tucker","WV",NA,27.63,0,0
"4144","47.9%","Preston",3164,"WV","US.219",7,"SN","",0,0,"",0,"Preston","WV",NA,4.83,0,0
"4145","47.9%","Garrett",1214,"MD","US.219",8,"SN","",0,0,"",0,"Garrett","MD",NA,48.86,0,0
"4146","47.9%","Somerset",2314,"PA","US.219",9,"SN","",0,0,"",0,"Somerset","PA",NA,43.7,0,0
"4147","47.9%","Cambria",2269,"PA","US.219",10,"SN","",0,0,"",0,"Cambria","PA",NA,40.72,0,0
"4148","47.9%","Indiana",2290,"PA","US.219",11,"SN","",0,0,"",0,"Indiana","PA",NA,0.81,0,0
"4149","47.9%","Clearfield",2275,"PA","US.219",12,"SN","Reentry from North",0,0,"",2001,"Clearfield","PA",NA,44.77,0,0
"4150","47.9%","Jefferson",2291,"PA","US.219",13,"SN","Reentry from North",0,0,"",2002,"Jefferson","PA","2.14",2.14,0,1
"4151","47.9%","Clearfield",2275,"PA","US.219",14,"SN","Reentry from South",0,0,"",3001,"Clearfield","PA","0.97",0.97,0,0
"4152","48.0%","Jefferson",2291,"PA","US.219",15,"SN","Reentry from South",0,0,"",3002,"Jefferson","PA",NA,6.95,0,1
"4153","48.0%","Elk",2282,"PA","US.219",16,"SN","",0,0,"",0,"Elk","PA",NA,32.74,1,0
"4154","48.0%","McKean",2300,"PA","US.219",17,"SN","",0,0,"",0,"McKean","PA",NA,29.15,0,0
"4155","48.0%","Cattaraugus",1843,"NY","US.219",18,"SN","",0,0,"",0,"Cattaraugus","NY",NA,40.17,0,0
"4156","48.0%","Erie",1853,"NY","US.219",19,"SN","",0,0,"",0,"Erie","NY",NA,27.65,0,0
"4157","48.0%","Hamilton",2088,"OH","US.22",1,"WE","",0,0,"",0,"Hamilton","OH",NA,19.22,0,0
"4158","48.0%","Warren",2140,"OH","US.22",2,"WE","",0,0,"",0,"Warren","OH",NA,19.81,0,0
"4159","48.0%","Clinton",2071,"OH","US.22",3,"WE","",0,0,"",0,"Clinton","OH",NA,22.82,0,1
"4160","48.1%","Fayette",2081,"OH","US.22",4,"WE","",0,0,"",0,"Fayette","OH",NA,17.6,0,0
"4161","48.1%","Pickaway",2122,"OH","US.22",5,"WE","",0,0,"",0,"Pickaway","OH",NA,23.96,0,0
"4162","48.1%","Fairfield",2080,"OH","US.22",6,"WE","",0,0,"",0,"Fairfield","OH",NA,26.05,0,0
"4163","48.1%","Perry",2121,"OH","US.22",7,"WE","",0,0,"",0,"Perry","OH",NA,14.26,1,0
"4164","48.1%","Muskingum",2117,"OH","US.22",8,"WE","",0,0,"",0,"Muskingum","OH",NA,27.74,0,0
"4165","48.1%","Guernsey",2087,"OH","US.22",9,"WE","",0,0,"",0,"Guernsey","OH",NA,31.05,0,0
"4166","48.1%","Harrison",2091,"OH","US.22",10,"WE","",0,0,"",0,"Harrison","OH",NA,25.25,0,1
"4167","48.1%","Jefferson",2098,"OH","US.22",11,"WE","",0,0,"",0,"Jefferson","OH",NA,16.39,0,1
"4168","48.1%","Brooke",3130,"WV","US.22",12,"WE","Reentry from East",0,0,"",2001,"Brooke","WV","2.12",2.12,0,0
"4169","48.2%","Hancock",3140,"WV","US.22",13,"WE","",0,0,"GE",0,"Hancock","WV","0.36",0.34,0,0
"4170","48.2%","Brooke",3130,"WV","US.22",14,"WE","Reentry from West",0,0,"",3001,"Brooke","WV",NA,3.52,0,0
"4171","48.2%","Washington",2321,"PA","US.22",15,"WE","",0,0,"",0,"Washington","PA",NA,12.63,0,1
"4172","48.2%","Allegheny",2260,"PA","US.22",16,"WE","",0,0,"",0,"Allegheny","PA",NA,34.65,0,0
"4173","48.2%","Westmoreland",2323,"PA","US.22",17,"WE","",0,0,"",0,"Westmoreland","PA",NA,23.93,0,0
"4174","48.2%","Indiana",2290,"PA","US.22",18,"WE","",0,0,"",0,"Indiana","PA",NA,17.68,0,0
"4175","48.2%","Cambria",2269,"PA","US.22",19,"WE","",0,0,"",0,"Cambria","PA",NA,23.66,0,0
"4176","48.2%","Blair",2265,"PA","US.22",20,"WE","",0,0,"",0,"Blair","PA",NA,26.22,0,0
"4177","48.2%","Huntingdon",2289,"PA","US.22",21,"WE","",0,0,"",0,"Huntingdon","PA",NA,23.58,0,0
"4178","48.3%","Mifflin",2302,"PA","US.22",22,"WE","",0,0,"",0,"Mifflin","PA",NA,29.76,0,0
"4179","48.3%","Juniata",2292,"PA","US.22",23,"WE","",0,0,"",0,"Juniata","PA",NA,20.86,0,0
"4180","48.3%","Perry",2308,"PA","US.22",24,"WE","",0,0,"",0,"Perry","PA",NA,14.59,0,0
"4181","48.3%","Dauphin",2280,"PA","US.22",25,"WE","",0,0,"",0,"Dauphin","PA",NA,30,0,0
"4182","48.3%","Lebanon",2296,"PA","US.22",26,"WE","",0,0,"",0,"Lebanon","PA",NA,15.28,0,0
"4183","48.3%","Berks",2264,"PA","US.22",27,"WE","",0,0,"",0,"Berks","PA",NA,35.15,0,0
"4184","48.3%","Lehigh",2297,"PA","US.22",28,"WE","",0,0,"",0,"Lehigh","PA",NA,18.32,0,0
"4185","48.3%","Northampton",2306,"PA","US.22",29,"WE","",0,0,"",0,"Northampton","PA",NA,12.28,0,0
"4186","48.4%","Warren",1805,"NJ","US.22",30,"WE","",0,0,"",0,"Warren","NJ",NA,7.91,0,0
"4187","48.4%","Hunterdon",1794,"NJ","US.22",31,"WE","",0,0,"",0,"Hunterdon","NJ",NA,20.4,0,0
"4188","48.4%","Somerset",1802,"NJ","US.22",32,"WE","",0,0,"",0,"Somerset","NJ",NA,18.34,0,0
"4189","48.4%","Union",1804,"NJ","US.22",33,"WE","",0,0,"",0,"Union","NJ",NA,11.36,0,0
"4190","48.4%","Essex",1791,"NJ","US.22",34,"WE","",0,0,"",0,"Essex","NJ",NA,2.41,0,0
"4191","48.4%","Richmond",1977,"NC","US.220",1,"SN","",0,0,"",0,"Richmond","NC",NA,18.99,0,0
"4192","48.4%","Montgomery",1962,"NC","US.220",2,"SN","",0,0,"",0,"Montgomery","NC",NA,24.16,0,0
"4193","48.4%","Randolph",1976,"NC","US.220",3,"SN","",0,0,"",0,"Randolph","NC",NA,28.78,0,0
"4194","48.4%","Guilford",1941,"NC","US.220",4,"SN","",0,0,"",0,"Guilford","NC",NA,30.63,0,0
"4195","48.5%","Rockingham",1979,"NC","US.220",5,"SN","",0,0,"",0,"Rockingham","NC",NA,20.69,0,0
"4196","48.5%","Henry",3000,"VA","US.220",6,"SN","",0,0,"",0,"Henry","VA",NA,24.22,0,0
"4197","48.5%","Franklin",2982,"VA","US.220",7,"SN","",0,0,"",0,"Franklin","VA",NA,27.64,1,0
"4198","48.5%","Roanoke",3048,"VA","US.220",8,"SN","Reentry from North",21,1,"",2001,"Roanoke","VA",NA,7.67,0,0
"4199","48.5%","Roanoke, City of",3050,"VA","US.220",9,"SN","",21,0,"",0,"Roanoke, City of","VA",NA,10.16,0,0
"4200","48.5%","Roanoke",3048,"VA","US.220",10,"SN","Reentry from South",21,1,"",3001,"Roanoke","VA","4.39",4.39,0,0
"4201","48.5%","Botetourt",2947,"VA","US.220",11,"SN","",0,0,"",0,"Botetourt","VA",NA,35.43,0,0
"4202","48.5%","Alleghany",2931,"VA","US.220",12,"SN","Reentry from North",7,1,"",2002,"Alleghany","VA","14.40",14.4,0,0
"4203","48.6%","Covington, City of",2933,"VA","US.220",13,"SN","",7,0,"",0,"Covington, City of","VA",NA,3.09,0,0
"4204","48.6%","Alleghany",2931,"VA","US.220",14,"SN","Reentry from South",7,1,"",3002,"Alleghany","VA",NA,10.04,0,0
"4205","48.6%","Bath",2944,"VA","US.220",15,"SN","",0,0,"",0,"Bath","VA",NA,26.9,1,0
"4206","48.6%","Highland",3003,"VA","US.220",16,"SN","",0,0,"",0,"Highland","VA",NA,23.71,0,0
"4207","48.6%","Pendleton",3161,"WV","US.220",17,"SN","",0,0,"",0,"Pendleton","WV",NA,33.62,0,0
"4208","48.6%","Grant",3137,"WV","US.220",18,"SN","",0,0,"",0,"Grant","WV",NA,13.03,0,1
"4209","48.6%","Hardy",3141,"WV","US.220",19,"SN","",0,0,"",0,"Hardy","WV",NA,21.01,0,0
"4210","48.6%","Hampshire",3139,"WV","US.220",20,"SN","",0,0,"",0,"Hampshire","WV",NA,10.03,0,0
"4211","48.6%","Mineral",3154,"WV","US.220",21,"SN","",0,0,"",0,"Mineral","WV",NA,15.04,0,0
"4212","48.7%","Allegany",1202,"MD","US.220",22,"SN","",0,0,"W",0,"Allegany","MD","27.30",27.03,0,0
"4213","48.7%","Bedford",2263,"PA","US.220",23,"SN","",0,0,"",0,"Bedford","PA",NA,40.93,0,0
"4214","48.7%","Blair",2265,"PA","US.220",24,"SN","",0,0,"",0,"Blair","PA",NA,41.83,0,0
"4215","48.7%","Centre",2272,"PA","US.220",25,"SN","",0,0,"",0,"Centre","PA",NA,40.57,0,0
"4216","48.7%","Clinton",2276,"PA","US.220",26,"SN","",0,0,"",0,"Clinton","PA",NA,23.92,0,1
"4217","48.7%","Lycoming",2299,"PA","US.220",27,"SN","",0,0,"",0,"Lycoming","PA",NA,42.99,0,0
"4218","48.7%","Sullivan",2315,"PA","US.220",28,"SN","",0,0,"",0,"Sullivan","PA",NA,23.34,1,0
"4219","48.7%","Bradford",2266,"PA","US.220",29,"SN","",0,0,"",0,"Bradford","PA",NA,35.28,0,0
"4220","48.7%","Taylor",389,"FL","US.221",1,"SN","",0,0,"",0,"Taylor","FL",NA,15.25,0,1
"4221","48.8%","Madison",366,"FL","US.221",2,"SN","",0,0,"",0,"Madison","FL",NA,18.74,0,1
"4222","48.8%","Jefferson",359,"FL","US.221",3,"SN","",0,0,"",0,"Jefferson","FL",NA,6.52,0,1
"4223","48.8%","Brooks",408,"GA","US.221",4,"SN","",0,0,"",0,"Brooks","GA",NA,17.41,0,0
"4224","48.8%","Lowndes",486,"GA","US.221",5,"SN","",0,0,"",0,"Lowndes","GA",NA,24.34,0,0
"4225","48.8%","Lanier",480,"GA","US.221",6,"SN","",0,0,"",0,"Lanier","GA",NA,17.9,0,0
"4226","48.8%","Clinch",426,"GA","US.221",7,"SN","",0,0,"",0,"Clinch","GA",NA,3.87,0,0
"4227","48.8%","Atkinson",396,"GA","US.221",8,"SN","",0,0,"",0,"Atkinson","GA",NA,16.77,0,0
"4228","48.8%","Coffee",428,"GA","US.221",9,"SN","",0,0,"",0,"Coffee","GA",NA,22.16,0,0
"4229","48.9%","Jeff Davis",474,"GA","US.221",10,"SN","",0,0,"",0,"Jeff Davis","GA",NA,24.32,0,0
"4230","48.9%","Montgomery",497,"GA","US.221",11,"SN","",0,0,"",0,"Montgomery","GA",NA,26.97,0,0
"4231","48.9%","Treutlen",534,"GA","US.221",12,"SN","",0,0,"",0,"Treutlen","GA",NA,15.23,0,0
"4232","48.9%","Emanuel",447,"GA","US.221",13,"SN","",0,0,"",0,"Emanuel","GA",NA,10.29,0,0
"4233","48.9%","Johnson",477,"GA","US.221",14,"SN","",0,0,"",0,"Johnson","GA",NA,12.54,0,1
"4234","48.9%","Jefferson",475,"GA","US.221",15,"SN","",0,0,"",0,"Jefferson","GA",NA,39.04,0,1
"4235","48.9%","McDuffie",491,"GA","US.221",16,"SN","",0,0,"",0,"McDuffie","GA",NA,6.24,0,0
"4236","48.9%","Columbia",430,"GA","US.221",17,"SN","",0,0,"",0,"Columbia","GA",NA,23.53,0,0
"4237","48.9%","McCormick",2443,"SC","US.221",18,"SN","",0,0,"",0,"McCormick","SC",NA,28.23,0,0
"4238","49.0%","Greenwood",2432,"SC","US.221",19,"SN","",0,0,"",0,"Greenwood","SC",NA,25.01,0,0
"4239","49.0%","Laurens",2438,"SC","US.221",20,"SN","",0,0,"",0,"Laurens","SC",NA,28.95,0,0
"4240","49.0%","Spartanburg",2450,"SC","US.221",21,"SN","",0,0,"",0,"Spartanburg","SC",NA,41.23,0,0
"4241","49.0%","Cherokee",2419,"SC","US.221",22,"SN","",0,0,"",0,"Cherokee","SC",NA,2.48,0,0
"4242","49.0%","Rutherford",1981,"NC","US.221",23,"SN","",0,0,"",0,"Rutherford","NC",NA,27.12,0,0
"4243","49.0%","McDowell",1959,"NC","US.221",24,"SN","",0,0,"",0,"McDowell","NC",NA,36.46,0,0
"4244","49.0%","Burke",1912,"NC","US.221",25,"SN","",0,0,"",0,"Burke","NC",NA,0.13,0,0
"4245","49.0%","Avery",1906,"NC","US.221",26,"SN","",0,0,"",0,"Avery","NC",NA,20.15,0,0
"4246","49.0%","Caldwell",1914,"NC","US.221",27,"SN","",0,0,"",0,"Caldwell","NC",NA,2.06,0,0
"4247","49.1%","Watauga",1995,"NC","US.221",28,"SN","",0,0,"",0,"Watauga","NC",NA,26.57,0,0
"4248","49.1%","Ashe",1905,"NC","US.221",29,"SN","",0,0,"",0,"Ashe","NC",NA,26.81,1,0
"4249","49.1%","Alleghany",1903,"NC","US.221",30,"SN","",0,0,"",0,"Alleghany","NC",NA,14.1,0,0
"4250","49.1%","Grayson",2989,"VA","US.221",31,"SN","",0,0,"",0,"Grayson","VA",NA,16.56,0,0
"4251","49.1%","Galax, City of",2957,"VA","US.221",32,"SN","",13,0,"",0,"Galax, City of","VA",NA,5.07,0,0
"4252","49.1%","Carroll",2955,"VA","US.221",33,"SN","",13,1,"",0,"Carroll","VA",NA,21.44,0,0
"4253","49.1%","Floyd",2980,"VA","US.221",34,"SN","",0,0,"",0,"Floyd","VA",NA,37.07,0,0
"4254","49.1%","Roanoke",3048,"VA","US.221",35,"SN","Reentry from North",0,0,"",2001,"Roanoke","VA",NA,14.82,0,0
"4255","49.2%","Roanoke, City of",3050,"VA","US.221",36,"SN","",0,0,"",0,"Roanoke, City of","VA",NA,8.26,0,0
"4256","49.2%","Roanoke",3048,"VA","US.221",37,"SN","Reentry from South",0,0,"",3001,"Roanoke","VA","1.89",1.89,0,0
"4257","49.2%","Botetourt",2947,"VA","US.221",38,"SN","",0,0,"",0,"Botetourt","VA",NA,5.54,0,0
"4258","49.2%","Bedford",2945,"VA","US.221",39,"SN","",10,1,"",0,"Bedford","VA",NA,34.99,0,0
"4259","49.2%","Lynchburg, City of",2953,"VA","US.221",40,"SN","",10,0,"",0,"Lynchburg, City of","VA",NA,5.13,0,0
"4260","49.2%","Cecil",1210,"MD","US.222",1,"SN","",0,0,"",0,"Cecil","MD",NA,3.62,0,0
"4261","49.2%","Lancaster",2294,"PA","US.222",2,"SN","",0,0,"",0,"Lancaster","PA",NA,50.49,0,0
"4262","49.2%","Berks",2264,"PA","US.222",3,"SN","",0,0,"",0,"Berks","PA",NA,32.76,0,0
"4263","49.2%","Lehigh",2297,"PA","US.222",4,"SN","",0,0,"",0,"Lehigh","PA",NA,8.65,0,0
"4264","49.3%","Lucas",2105,"OH","US.223",1,"SN","",0,0,"W",0,"Lucas","OH","0.66",0.81,0,0
"4265","49.3%","Monroe",1298,"MI","US.223",2,"SN","",0,0,"",0,"Monroe","MI",NA,9.03,0,1
"4266","49.3%","Lenawee",1286,"MI","US.223",3,"SN","",0,0,"",0,"Lenawee","MI",NA,37.15,0,0
"4267","49.3%","Huntington",740,"IN","US.224",1,"WE","",0,0,"",0,"Huntington","IN",NA,10.98,0,0
"4268","49.3%","Wells",795,"IN","US.224",2,"WE","",0,0,"",0,"Wells","IN",NA,13.92,0,0
"4269","49.3%","Adams",706,"IN","US.224",3,"WE","",0,0,"",0,"Adams","IN",NA,14.61,0,1
"4270","49.3%","Van Wert",2138,"OH","US.224",4,"WE","",0,0,"",0,"Van Wert","OH",NA,25.69,0,0
"4271","49.3%","Putnam",2126,"OH","US.224",5,"WE","",0,0,"",0,"Putnam","OH",NA,29.57,0,0
"4272","49.3%","Hancock",2089,"OH","US.224",6,"WE","",0,0,"",0,"Hancock","OH",NA,25.99,0,0
"4273","49.4%","Seneca",2131,"OH","US.224",7,"WE","",0,0,"",0,"Seneca","OH",NA,32.01,0,0
"4274","49.4%","Huron",2096,"OH","US.224",8,"WE","",0,0,"",0,"Huron","OH",NA,21.15,0,0
"4275","49.4%","Ashland",2060,"OH","US.224",9,"WE","",0,0,"",0,"Ashland","OH",NA,13.64,0,0
"4276","49.4%","Medina",2109,"OH","US.224",10,"WE","",0,0,"",0,"Medina","OH",NA,26.9,0,0
"4277","49.4%","Summit",2134,"OH","US.224",11,"WE","",0,0,"",0,"Summit","OH",NA,15.95,0,0
"4278","49.4%","Portage",2124,"OH","US.224",12,"WE","",0,0,"",0,"Portage","OH",NA,21.11,0,0
"4279","49.4%","Mahoning",2107,"OH","US.224",13,"WE","",0,0,"",0,"Mahoning","OH",NA,25.13,0,0
"4280","49.4%","Lawrence",2295,"PA","US.224",14,"WE","",0,0,"W",0,"Lawrence","PA","10.15",10.08,0,0
"4281","49.5%","Roanoke, City of",3050,"VA","US.220A.VA",1,"SN","",21,0,"",0,"Roanoke, City of","VA",NA,3.49,0,0
"4282","49.5%","Roanoke",3048,"VA","US.220A.VA",2,"SN","",21,1,"",0,"Roanoke","VA",NA,2.12,0,0
"4283","49.5%","Botetourt",2947,"VA","US.220A.VA",3,"SN","",0,0,"",0,"Botetourt","VA",NA,4.45,0,0
"4284","49.5%","Centre",2272,"PA","US.220A.PA",1,"SN","",0,0,"",0,"Centre","PA",NA,21.37,0,0
"4285","49.5%","Montgomery",1962,"NC","US.220A.NC",1,"SN","",0,0,"",0,"Montgomery","NC",NA,18.97,0,0
"4286","49.5%","Randolph",1976,"NC","US.220A.NC",2,"SN","",0,0,"",0,"Randolph","NC",NA,8.38,0,0
"4287","49.5%","Duval",342,"FL","US.23",1,"SN","",0,0,"",0,"Duval","FL",NA,14.94,0,0
"4288","49.5%","Nassau",372,"FL","US.23",2,"SN","",0,0,"",0,"Nassau","FL",NA,22.23,0,0
"4289","49.5%","Charlton",418,"GA","US.23",3,"SN","",0,0,"",0,"Charlton","GA",NA,19.09,0,0
"4290","49.6%","Ware",542,"GA","US.23",4,"SN","",0,0,"",0,"Ware","GA",NA,38.43,0,0
"4291","49.6%","Bacon",397,"GA","US.23",5,"SN","",0,0,"",0,"Bacon","GA",NA,21.75,0,0
"4292","49.6%","Appling",395,"GA","US.23",6,"SN","Reentry from North",0,0,"GE",2001,"Appling","GA","0.30",0.3,0,0
"4293","49.6%","Jeff Davis",474,"GA","US.23",7,"SN","Reentry from North",0,0,"GE",2002,"Jeff Davis","GA","1.74",1.74,0,0
"4294","49.6%","Appling",395,"GA","US.23",8,"SN","Reentry from South",0,0,"",3001,"Appling","GA","1.00",1,0,0
"4295","49.6%","Jeff Davis",474,"GA","US.23",9,"SN","Reentry from South",0,0,"",3002,"Jeff Davis","GA",NA,15.48,0,0
"4296","49.6%","Telfair",528,"GA","US.23",10,"SN","",0,0,"",0,"Telfair","GA",NA,21.94,0,0
"4297","49.6%","Dodge",439,"GA","US.23",11,"SN","Reentry from North",0,0,"",2003,"Dodge","GA",NA,26.58,0,0
"4298","49.6%","Bleckley",406,"GA","US.23",12,"SN","Reentry from North",0,0,"GE",2004,"Bleckley","GA","0.88",0.88,0,0
"4299","49.7%","Dodge",439,"GA","US.23",13,"SN","Reentry from South",0,0,"GE",3003,"Dodge","GA","0.90",0.9,0,0
"4300","49.7%","Bleckley",406,"GA","US.23",14,"SN","Reentry from South",0,0,"",3004,"Bleckley","GA",NA,13.25,0,0
"4301","49.7%","Twiggs",537,"GA","US.23",15,"SN","",0,0,"",0,"Twiggs","GA",NA,20.06,0,0
"4302","49.7%","Bibb",405,"GA","US.23",16,"SN","",0,0,"",0,"Bibb","GA",NA,19.06,0,0
"4303","49.7%","Monroe",496,"GA","US.23",17,"SN","",0,0,"",0,"Monroe","GA",NA,18.53,0,1
"4304","49.7%","Butts",412,"GA","US.23",18,"SN","",0,0,"",0,"Butts","GA",NA,16.45,0,0
"4305","49.7%","Henry",469,"GA","US.23",19,"SN","",0,0,"",0,"Henry","GA",NA,23.31,0,0
"4306","49.7%","Clayton",425,"GA","US.23",20,"SN","",0,0,"",0,"Clayton","GA",NA,6.95,0,0
"4307","49.8%","DeKalb",438,"GA","US.23",21,"SN","Reentry from North",0,0,"",2005,"DeKalb","GA","3.54",3.54,0,0
"4308","49.8%","Fulton",454,"GA","US.23",22,"SN","Abuts, to the West, 5.83 mi. shared with DeKalb",0,0,"",0,"Fulton","GA","5.83",2.92,0,0
"4309","49.8%","DeKalb",438,"GA","US.23",23,"SN","Reentry from South",0,0,"",3005,"DeKalb","GA","13.80",16.79,0,0
"4310","49.8%","Gwinnett",461,"GA","US.23",24,"SN","",0,0,"",0,"Gwinnett","GA",NA,24.41,0,0
"4311","49.8%","Hall",463,"GA","US.23",25,"SN","",0,0,"",0,"Hall","GA",NA,30.02,0,0
"4312","49.8%","Habersham",462,"GA","US.23",26,"SN","",0,0,"",0,"Habersham","GA",NA,27,0,0
"4313","49.8%","Rabun",513,"GA","US.23",27,"SN","",0,0,"",0,"Rabun","GA",NA,19.98,0,0
"4314","49.8%","Jackson",1950,"NC","US.23",28,"SN","",0,0,"",0,"Jackson","NC",NA,23.64,0,1
"4315","49.8%","Macon",1956,"NC","US.23",29,"SN","",0,0,"",0,"Macon","NC",NA,21.84,0,0
"4316","49.9%","Haywood",1944,"NC","US.23",30,"SN","",0,0,"",0,"Haywood","NC",NA,21.42,0,0
"4317","49.9%","Buncombe",1911,"NC","US.23",31,"SN","",0,0,"",0,"Buncombe","NC",NA,27.36,0,0
"4318","49.9%","Madison",1957,"NC","US.23",32,"SN","",0,0,"",0,"Madison","NC",NA,12.59,0,1
"4319","49.9%","Unicoi",2606,"TN","US.23",33,"SN","",0,0,"",0,"Unicoi","TN",NA,26.92,0,0
"4320","49.9%","Carter",2530,"TN","US.23",34,"SN","",0,0,"",0,"Carter","TN",NA,2.68,0,1
"4321","49.9%","Washington",2610,"TN","US.23",35,"SN","",0,0,"",0,"Washington","TN",NA,15.01,0,1
"4322","49.9%","Sullivan",2602,"TN","US.23",36,"SN","",0,0,"",0,"Sullivan","TN",NA,12.88,0,0
"4323","49.9%","Scott",3060,"VA","US.23",37,"SN","",0,0,"",0,"Scott","VA",NA,24.86,0,0
"4324","49.9%","Lee",3012,"VA","US.23",38,"SN","",0,0,"",0,"Lee","VA",NA,4.37,0,0
"4325","50.0%","Wise",3080,"VA","US.23",39,"SN","Reentry from North",0,0,"",2006,"Wise","VA","11.40",11.4,0,0
"4326","50.0%","Norton, City of",3082,"VA","US.23",40,"SN","",0,0,"",0,"Norton, City of","VA",NA,3.4,1,0
"4327","50.0%","Wise",3080,"VA","US.23",41,"SN","Reentry from South",0,0,"",3006,"Wise","VA",NA,17.09,0,0
"4328","50.0%","Letcher",1068,"KY","US.23",42,"SN","",0,0,"",0,"Letcher","KY",NA,7.3,0,0
"4329","50.0%","Pike",1099,"KY","US.23",43,"SN","",0,0,"",0,"Pike","KY",NA,32.68,0,0
"4330","50.0%","Floyd",1037,"KY","US.23",44,"SN","",0,0,"",0,"Floyd","KY",NA,21.98,0,0
"4331","50.0%","Johnson",1059,"KY","US.23",45,"SN","",0,0,"",0,"Johnson","KY",NA,16.91,0,1
"4332","50.0%","Lawrence",1065,"KY","US.23",46,"SN","",0,0,"",0,"Lawrence","KY",NA,29.1,1,0
"4333","50.1%","Boyd",1011,"KY","US.23",47,"SN","",0,0,"",0,"Boyd","KY",NA,21.03,0,0
"4334","50.1%","Greenup",1046,"KY","US.23",48,"SN","",0,0,"",0,"Greenup","KY",NA,29.05,1,0
"4335","50.1%","Scioto",2130,"OH","US.23",49,"SN","",0,0,"",0,"Scioto","OH",NA,16.33,0,0
"4336","50.1%","Pike",2123,"OH","US.23",50,"SN","",0,0,"",0,"Pike","OH",NA,16.29,1,0
"4337","50.1%","Ross",2128,"OH","US.23",51,"SN","",0,0,"",0,"Ross","OH",NA,22.29,0,0
"4338","50.1%","Pickaway",2122,"OH","US.23",52,"SN","",0,0,"",0,"Pickaway","OH",NA,23.24,0,0
"4339","50.1%","Franklin",2082,"OH","US.23",53,"SN","",0,0,"",0,"Franklin","OH",NA,24.89,0,0
"4340","50.1%","Delaware",2078,"OH","US.23",54,"SN","",0,0,"",0,"Delaware","OH",NA,21.59,0,0
"4341","50.1%","Marion",2108,"OH","US.23",55,"SN","",0,0,"",0,"Marion","OH",NA,20.02,1,0
"4342","50.2%","Wyandot",2145,"OH","US.23",56,"SN","",0,0,"",0,"Wyandot","OH",NA,27.06,0,0
"4343","50.2%","Seneca",2131,"OH","US.23",57,"SN","3.0 mi. shared with Wood",0,0,"",0,"Seneca","OH","12.60",14.49,0,0
"4344","50.2%","Hancock",2089,"OH","US.23",58,"SN","Abuts, to the West, 0.78mi. shared with Seneca, 3.0 mi. shared with Wood",0,0,"",0,"Hancock","OH","0.78",0.39,0,0
"4345","50.2%","Sandusky",2129,"OH","US.23",59,"SN","Abuts, to the East, 15.0  mi. shared with Wood",0,0,"",0,"Sandusky","OH","15.00",7.5,0,0
"4346","50.2%","Wood",2144,"OH","US.23",60,"SN","",0,0,"",0,"Wood","OH","3.00",28.35,0,0
"4347","50.2%","Lucas",2105,"OH","US.23",61,"SN","",0,0,"",0,"Lucas","OH",NA,12.71,0,0
"4348","50.2%","Monroe",1298,"MI","US.23",62,"SN","",0,0,"",0,"Monroe","MI",NA,25.6,0,1
"4349","50.2%","Washtenaw",1321,"MI","US.23",63,"SN","",0,0,"",0,"Washtenaw","MI",NA,27.21,0,0
"4350","50.2%","Livingston",1287,"MI","US.23",64,"SN","",0,0,"",0,"Livingston","MI",NA,25.39,0,0
"4351","50.3%","Genesee",1265,"MI","US.23",65,"SN","",0,0,"",0,"Genesee","MI",NA,31.67,0,0
"4352","50.3%","Saginaw",1313,"MI","US.23",66,"SN","",0,0,"",0,"Saginaw","MI",NA,23.55,0,0
"4353","50.3%","Bay",1249,"MI","US.23",67,"SN","",0,0,"",0,"Bay","MI",NA,28.38,0,0
"4354","50.3%","Arenac",1246,"MI","US.23",68,"SN","",0,0,"",0,"Arenac","MI",NA,34.61,0,0
"4355","50.3%","Iosco",1275,"MI","US.23",69,"SN","",0,0,"",0,"Iosco","MI",NA,30.68,1,0
"4356","50.3%","Alcona",1241,"MI","US.23",70,"SN","",0,0,"",0,"Alcona","MI",NA,26.89,1,0
"4357","50.3%","Alpena",1244,"MI","US.23",71,"SN","",0,0,"",0,"Alpena","MI",NA,27,1,0
"4358","50.3%","Presque Isle",1311,"MI","US.23",72,"SN","",0,0,"",0,"Presque Isle","MI",NA,52.75,1,0
"4359","50.4%","Cheboygan",1256,"MI","US.23",73,"SN","",0,0,"",0,"Cheboygan","MI",NA,29.54,0,0
"4360","50.4%","Emmet",1264,"MI","US.23",74,"SN","",0,0,"GE",0,"Emmet","MI","0.15",0.56,0,0
"4361","50.4%","Bay",330,"FL","US.231",1,"SN","",0,0,"",0,"Bay","FL",NA,34.99,0,0
"4362","50.4%","Jackson",358,"FL","US.231",2,"SN","",0,0,"",0,"Jackson","FL",NA,31.69,0,1
"4363","50.4%","Houston",35,"AL","US.231",3,"SN","",0,0,"",0,"Houston","AL",NA,21.73,0,0
"4364","50.4%","Dale",23,"AL","US.231",4,"SN","",0,0,"",0,"Dale","AL",NA,28.97,0,0
"4365","50.4%","Coffee",16,"AL","US.231",5,"SN","",0,0,"",0,"Coffee","AL",NA,1.28,0,0
"4366","50.4%","Pike",55,"AL","US.231",6,"SN","",0,0,"",0,"Pike","AL",NA,30.16,0,0
"4367","50.4%","Montgomery",51,"AL","US.231",7,"SN","",0,0,"",0,"Montgomery","AL",NA,40.01,0,0
"4368","50.5%","Elmore",26,"AL","US.231",8,"SN","",0,0,"",0,"Elmore","AL",NA,23.27,0,0
"4369","50.5%","Coosa",19,"AL","US.231",9,"SN","",0,0,"",0,"Coosa","AL",NA,25.57,0,0
"4370","50.5%","Talladega",61,"AL","US.231",10,"SN","",0,0,"",0,"Talladega","AL",NA,14.83,0,0
"4371","50.5%","Shelby",59,"AL","US.231",11,"SN","",0,0,"",0,"Shelby","AL",NA,14.5,0,0
"4372","50.5%","St. Clair",58,"AL","US.231",12,"SN","",0,0,"",0,"St. Clair","AL",NA,38.32,0,0
"4373","50.5%","Blount",5,"AL","US.231",13,"SN","",0,0,"",0,"Blount","AL",NA,36.05,0,0
"4374","50.5%","Cullman",22,"AL","US.231",14,"SN","",0,0,"",0,"Cullman","AL",NA,3.56,0,0
"4375","50.5%","Marshall",48,"AL","US.231",15,"SN","",0,0,"",0,"Marshall","AL",NA,12.27,0,0
"4376","50.5%","Morgan",52,"AL","US.231",16,"SN","",0,0,"",0,"Morgan","AL",NA,8.88,0,0
"4377","50.6%","Madison",45,"AL","US.231",17,"SN","",0,0,"",0,"Madison","AL",NA,29.5,0,1
"4378","50.6%","Lincoln",2572,"TN","US.231",18,"SN","Reentry from North",0,0,"",2001,"Lincoln","TN","24.22",24.76,0,1
"4379","50.6%","Moore",2584,"TN","US.231",19,"SN","Reentry from North",0,0,"",2002,"Moore","TN","0.32",0.32,0,0
"4380","50.6%","Lincoln",2572,"TN","US.231",20,"SN","Reentry",0,0,"GE",1001,"Lincoln","TN","0.13",0.13,0,1
"4381","50.6%","Moore",2584,"TN","US.231",21,"SN","Reentry",0,0,"",1002,"Moore","TN","0.64",0.64,0,0
"4382","50.6%","Lincoln",2572,"TN","US.231",22,"SN","Reentry from South",0,0,"GE",3001,"Lincoln","TN","0.79",0.79,0,1
"4383","50.6%","Moore",2584,"TN","US.231",23,"SN","Reentry from South",0,0,"",3002,"Moore","TN","0.89",0.89,0,0
"4384","50.6%","Bedford",2522,"TN","US.231",24,"SN","",0,0,"",0,"Bedford","TN",NA,22.8,0,0
"4385","50.7%","Rutherford",2595,"TN","US.231",25,"SN","",0,0,"",0,"Rutherford","TN",NA,25.45,0,0
"4386","50.7%","Wilson",2615,"TN","US.231",26,"SN","",0,0,"",0,"Wilson","TN",NA,21.03,0,1
"4387","50.7%","Trousdale",2605,"TN","US.231",27,"SN","",0,0,"",0,"Trousdale","TN",NA,10.71,1,0
"4388","50.7%","Sumner",2603,"TN","US.231",28,"SN","",0,0,"",0,"Sumner","TN",NA,14.36,0,0
"4389","50.7%","Allen",1003,"KY","US.231",29,"SN","",0,0,"",0,"Allen","KY",NA,17.13,0,0
"4390","50.7%","Warren",1115,"KY","US.231",30,"SN","",0,0,"",0,"Warren","KY",NA,27.59,0,0
"4391","50.7%","Butler",1017,"KY","US.231",31,"SN","",0,0,"",0,"Butler","KY",NA,18.77,0,0
"4392","50.7%","Ohio",1093,"KY","US.231",32,"SN","",0,0,"",0,"Ohio","KY",NA,25.08,0,0
"4393","50.7%","Daviess",1031,"KY","US.231",33,"SN","",0,0,"",0,"Daviess","KY",NA,25.76,0,0
"4394","50.8%","Spencer",779,"IN","US.231",34,"SN","",0,0,"",0,"Spencer","IN",NA,22.46,0,0
"4395","50.8%","Dubois",724,"IN","US.231",35,"SN","",0,0,"",0,"Dubois","IN",NA,21.72,0,0
"4396","50.8%","Martin",756,"IN","US.231",36,"SN","",0,0,"",0,"Martin","IN",NA,22.79,0,0
"4397","50.8%","Daviess",719,"IN","US.231",37,"SN","",0,0,"",0,"Daviess","IN",NA,6.14,0,0
"4398","50.8%","Greene",733,"IN","US.231",38,"SN","",0,0,"",0,"Greene","IN",NA,24.09,0,0
"4399","50.8%","Owen",765,"IN","US.231",39,"SN","",0,0,"",0,"Owen","IN",NA,27.48,1,0
"4400","50.8%","Putnam",772,"IN","US.231",40,"SN","",0,0,"",0,"Putnam","IN",NA,29.14,0,0
"4401","50.8%","Montgomery",759,"IN","US.231",41,"SN","",0,0,"",0,"Montgomery","IN",NA,24.48,0,0
"4402","50.8%","Tippecanoe",784,"IN","US.231",42,"SN","",0,0,"",0,"Tippecanoe","IN",NA,28.75,0,0
"4403","50.9%","White",796,"IN","US.231",43,"SN","",0,0,"",0,"White","IN",NA,17.08,0,0
"4404","50.9%","Jasper",742,"IN","US.231",44,"SN","",0,0,"",0,"Jasper","IN",NA,39.7,0,0
"4405","50.9%","Porter",769,"IN","US.231",45,"SN","",0,0,"",0,"Porter","IN",NA,5.67,0,0
"4406","50.9%","Lake",750,"IN","US.231",46,"SN","",0,0,"",0,"Lake","IN",NA,15.08,0,0
"4407","50.9%","Eagle",270,"CO","US.24",1,"WE","",0,0,"",0,"Eagle","CO",NA,22.33,0,0
"4408","50.9%","Lake",285,"CO","US.24",2,"WE","",0,0,"",0,"Lake","CO",NA,26.39,1,0
"4409","50.9%","Chaffee",259,"CO","US.24",3,"WE","",0,0,"",0,"Chaffee","CO",NA,32.74,0,0
"4410","50.9%","Park",298,"CO","US.24",4,"WE","",0,0,"",0,"Park","CO",NA,41.62,0,0
"4411","51.0%","Teller",311,"CO","US.24",5,"WE","",0,0,"",0,"Teller","CO",NA,21.1,1,0
"4412","51.0%","El Paso",271,"CO","US.24",6,"WE","",0,0,"",0,"El Paso","CO",NA,63.49,0,0
"4413","51.0%","Elbert",272,"CO","US.24",7,"WE","",0,0,"",0,"Elbert","CO",NA,26.02,0,0
"4414","51.0%","Lincoln",288,"CO","US.24",8,"WE","",0,0,"",0,"Lincoln","CO",NA,30.55,0,1
"4415","51.0%","Kit Carson",283,"CO","US.24",9,"WE","",0,0,"",0,"Kit Carson","CO",NA,60.57,0,0
"4416","51.0%","Sherman",987,"KS","US.24",10,"WE","",0,0,"",0,"Sherman","KS",NA,35.32,0,0
"4417","51.0%","Thomas",993,"KS","US.24",11,"WE","",0,0,"",0,"Thomas","KS",NA,37.97,0,0
"4418","51.0%","Sheridan",986,"KS","US.24",12,"WE","",0,0,"",0,"Sheridan","KS",NA,30.54,0,0
"4419","51.0%","Graham",929,"KS","US.24",13,"WE","",0,0,"",0,"Graham","KS",NA,30.59,0,0
"4420","51.1%","Rooks",978,"KS","US.24",14,"WE","",0,0,"",0,"Rooks","KS",NA,31.04,0,0
"4421","51.1%","Osborne",967,"KS","US.24",15,"WE","",0,0,"",0,"Osborne","KS",NA,34.14,0,0
"4422","51.1%","Mitchell",958,"KS","US.24",16,"WE","",0,0,"",0,"Mitchell","KS",NA,32.82,1,0
"4423","51.1%","Cloud",911,"KS","US.24",17,"WE","",0,0,"",0,"Cloud","KS",NA,31.4,0,0
"4424","51.1%","Clay",910,"KS","US.24",18,"WE","",0,0,"",0,"Clay","KS",NA,21.91,1,0
"4425","51.1%","Riley",977,"KS","US.24",19,"WE","",0,0,"",0,"Riley","KS",NA,31.04,0,0
"4426","51.1%","Pottawatomie",971,"KS","US.24",20,"WE","",0,0,"",0,"Pottawatomie","KS",NA,29.21,1,0
"4427","51.1%","Shawnee",985,"KS","US.24",21,"WE","",0,0,"",0,"Shawnee","KS",NA,25.94,0,0
"4428","51.1%","Jefferson",940,"KS","US.24",22,"WE","",0,0,"",0,"Jefferson","KS",NA,18.68,0,1
"4429","51.2%","Douglas",919,"KS","US.24",23,"WE","",0,0,"",0,"Douglas","KS",NA,6.64,0,0
"4430","51.2%","Leavenworth",948,"KS","US.24",24,"WE","",0,0,"",0,"Leavenworth","KS",NA,19.73,0,0
"4431","51.2%","Wyandotte",1001,"KS","US.24",25,"WE","",0,0,"",0,"Wyandotte","KS",NA,19.41,0,0
"4432","51.2%","Jackson",1540,"MO","US.24",26,"WE","",0,0,"",0,"Jackson","MO",NA,33.93,0,1
"4433","51.2%","Lafayette",1546,"MO","US.24",27,"WE","",0,0,"",0,"Lafayette","MO",NA,35.8,0,0
"4434","51.2%","Carroll",1509,"MO","US.24",28,"WE","",0,0,"",0,"Carroll","MO",NA,29.84,0,0
"4435","51.2%","Chariton",1513,"MO","US.24",29,"WE","",0,0,"",0,"Chariton","MO",NA,26.4,1,0
"4436","51.2%","Randolph",1580,"MO","US.24",30,"WE","",0,0,"",0,"Randolph","MO",NA,22.43,0,0
"4437","51.3%","Monroe",1561,"MO","US.24",31,"WE","",0,0,"",0,"Monroe","MO",NA,38.38,0,1
"4438","51.3%","Ralls",1579,"MO","US.24",32,"WE","",0,0,"",0,"Ralls","MO",NA,6.17,0,0
"4439","51.3%","Marion",1555,"MO","US.24",33,"WE","",0,0,"",0,"Marion","MO",NA,29.2,0,0
"4440","51.3%","Adams",604,"IL","US.24",34,"WE","",0,0,"",0,"Adams","IL",NA,31.73,0,1
"4441","51.3%","Brown",608,"IL","US.24",35,"WE","",0,0,"",0,"Brown","IL",NA,16.99,1,0
"4442","51.3%","Schuyler",688,"IL","US.24",36,"WE","",0,0,"",0,"Schuyler","IL",NA,17.92,0,0
"4443","51.3%","Fulton",632,"IL","US.24",37,"WE","",0,0,"",0,"Fulton","IL",NA,42.82,0,0
"4444","51.3%","Peoria",675,"IL","US.24",38,"WE","",0,0,"",0,"Peoria","IL",NA,19,0,0
"4445","51.3%","Tazewell",693,"IL","US.24",39,"WE","",0,0,"",0,"Tazewell","IL",NA,19.27,0,0
"4446","51.4%","Woodford",705,"IL","US.24",40,"WE","",0,0,"",0,"Woodford","IL",NA,18.34,0,0
"4447","51.4%","McLean",667,"IL","US.24",41,"WE","",0,0,"",0,"McLean","IL",NA,21.1,0,0
"4448","51.4%","Livingston",656,"IL","US.24",42,"WE","",0,0,"",0,"Livingston","IL",NA,18.18,0,0
"4449","51.4%","Ford",630,"IL","US.24",43,"WE","",0,0,"",0,"Ford","IL",NA,5.98,0,1
"4450","51.4%","Iroquois",641,"IL","US.24",44,"WE","",0,0,"",0,"Iroquois","IL",NA,32.66,0,0
"4451","51.4%","Newton",761,"IN","US.24",45,"WE","",0,0,"",0,"Newton","IN",NA,13.55,0,0
"4452","51.4%","Jasper",742,"IN","US.24",46,"WE","",0,0,"",0,"Jasper","IN",NA,8.83,0,0
"4453","51.4%","White",796,"IN","US.24",47,"WE","",0,0,"",0,"White","IN",NA,28.63,0,0
"4454","51.4%","Cass",714,"IN","US.24",48,"WE","",0,0,"",0,"Cass","IN",NA,24.07,0,0
"4455","51.5%","Miami",757,"IN","US.24",49,"WE","",0,0,"",0,"Miami","IN",NA,12.83,0,0
"4456","51.5%","Wabash",790,"IN","US.24",50,"WE","",0,0,"",0,"Wabash","IN",NA,17.07,1,0
"4457","51.5%","Huntington",740,"IN","US.24",51,"WE","",0,0,"",0,"Huntington","IN",NA,21.62,0,0
"4458","51.5%","Whitley",797,"IN","US.24",52,"WE","",0,0,"GE",0,"Whitley","IN","0.65",0.66,0,0
"4459","51.5%","Allen",707,"IN","US.24",53,"WE","",0,0,"",0,"Allen","IN",NA,39.08,0,0
"4460","51.5%","Paulding",2120,"OH","US.24",54,"WE","",0,0,"",0,"Paulding","OH",NA,19.24,0,0
"4461","51.5%","Defiance",2077,"OH","US.24",55,"WE","",0,0,"",0,"Defiance","OH",NA,14.8,0,0
"4462","51.5%","Henry",2092,"OH","US.24",56,"WE","",0,0,"",0,"Henry","OH",NA,19.53,0,0
"4463","51.6%","Lucas",2105,"OH","US.24",57,"WE","",0,0,"",0,"Lucas","OH",NA,29.86,0,0
"4464","51.6%","Monroe",1298,"MI","US.24",58,"WE","",0,0,"",0,"Monroe","MI",NA,28.77,0,1
"4465","51.6%","Wayne",1322,"MI","US.24",59,"WE","",0,0,"",0,"Wayne","MI",NA,24.56,0,0
"4466","51.6%","Oakland",1303,"MI","US.24",60,"WE","",0,0,"",0,"Oakland","MI",NA,25.35,0,0
"4467","51.6%","Glynn",457,"GA","US.25.E",1,"SN","",0,0,"",0,"Glynn","GA",NA,21.7,0,0
"4468","51.6%","Wayne",545,"GA","US.25.E",2,"SN","",0,0,"",0,"Wayne","GA",NA,23.57,0,0
"4469","51.6%","Long",485,"GA","US.25.E",3,"SN","",0,0,"",0,"Long","GA",NA,20.92,0,0
"4470","51.6%","Tattnall",526,"GA","US.25.E",4,"SN","",0,0,"",0,"Tattnall","GA",NA,14.74,0,0
"4471","51.6%","Evans",448,"GA","US.25.E",5,"SN","",0,0,"",0,"Evans","GA",NA,14.91,0,0
"4472","51.7%","Bulloch",410,"GA","US.25.E",6,"SN","",0,0,"",0,"Bulloch","GA",NA,29.75,0,0
"4473","51.7%","Jenkins",476,"GA","US.25.E",7,"SN","",0,0,"",0,"Jenkins","GA",NA,22.1,0,0
"4474","51.7%","Burke",411,"GA","US.25.E",8,"SN","",0,0,"",0,"Burke","GA",NA,22.46,0,0
"4475","51.7%","Richmond",515,"GA","US.25.E",9,"SN","",0,0,"",0,"Richmond","GA",NA,19.34,0,0
"4476","51.7%","Aiken",2410,"SC","US.25.E",10,"SN","",0,0,"",0,"Aiken","SC",NA,8.85,0,0
"4477","51.7%","Edgefield",2427,"SC","US.25.E",11,"SN","",0,0,"",0,"Edgefield","SC",NA,31.62,0,0
"4478","51.7%","McCormick",2443,"SC","US.25.E",12,"SN","Abuts, to the West, 2.1 mi. shared with Greenwood",0,0,"",0,"McCormick","SC","2.09",1.05,0,0
"4479","51.7%","Greenwood",2432,"SC","US.25.E",13,"SN","",0,0,"",0,"Greenwood","SC",NA,35.86,0,0
"4480","51.8%","Laurens",2438,"SC","US.25.E",14,"SN","",0,0,"",0,"Laurens","SC",NA,8.8,0,0
"4481","51.8%","Greenville",2431,"SC","US.25.E",15,"SN","",0,0,"",0,"Greenville","SC",NA,53.75,0,0
"4482","51.8%","Henderson",1945,"NC","US.25.E",16,"SN","",0,0,"",0,"Henderson","NC",NA,22.81,0,0
"4483","51.8%","Buncombe",1911,"NC","US.25.E",17,"SN","",0,0,"",0,"Buncombe","NC",NA,25.24,0,0
"4484","51.8%","Madison",1957,"NC","US.25.E",18,"SN","",0,0,"",0,"Madison","NC",NA,26.78,0,1
"4485","51.8%","Cocke",2535,"TN","US.25.E",19,"SN","",0,0,"",0,"Cocke","TN","20.20",26.4,0,0
"4486","51.8%","Jefferson",2565,"TN","US.25.E",20,"SN","",0,0,"",0,"Jefferson","TN",NA,6.43,0,1
"4487","51.8%","Hamblen",2552,"TN","US.25.E",21,"SN","",0,0,"",0,"Hamblen","TN",NA,9.93,0,0
"4488","51.8%","Grainger",2549,"TN","US.25.E",22,"SN","",0,0,"",0,"Grainger","TN",NA,19.76,0,0
"4489","51.9%","Claiborne",2533,"TN","US.25.E",23,"SN","",0,0,"",0,"Claiborne","TN",NA,20.89,0,0
"4490","51.9%","Bell",1008,"KY","US.25.E",24,"SN","",0,0,"",0,"Bell","KY",NA,18.55,0,0
"4491","51.9%","Knox",1062,"KY","US.25.E",25,"SN","",0,0,"",0,"Knox","KY",NA,26.21,0,0
"4492","51.9%","Laurel",1064,"KY","US.25.E",26,"SN","",0,0,"",0,"Laurel","KY",NA,24.21,0,0
"4493","51.9%","Rockcastle",1103,"KY","US.25.E",27,"SN","",0,0,"",0,"Rockcastle","KY",NA,27.14,0,0
"4494","51.9%","Madison",1074,"KY","US.25.E",23,"SN","",0,0,"",0,"Madison","KY",NA,28.64,0,1
"4495","51.9%","Fayette",1035,"KY","US.25.E",28,"SN","",0,0,"",0,"Fayette","KY",NA,23.02,0,0
"4496","51.9%","Scott",1106,"KY","US.25.E",29,"SN","",0,0,"",0,"Scott","KY",NA,25.26,0,0
"4497","51.9%","Grant",1042,"KY","US.25.E",30,"SN","",0,0,"",0,"Grant","KY",NA,23.99,0,1
"4498","52.0%","Kenton",1060,"KY","US.25.E",31,"SN","Reentry from North",0,0,"",2001,"Kenton","KY","4.97",4.97,0,0
"4499","52.0%","Boone",1009,"KY","US.25.E",32,"SN","",0,0,"",0,"Boone","KY",NA,11.44,0,0
"4500","52.0%","Kenton",1060,"KY","US.25.E",33,"SN","Reentry from South",0,0,"",3001,"Kenton","KY",NA,8.89,0,0
"4501","52.0%","Glynn",457,"GA","US.25",1,"SN","",0,0,"",0,"Glynn","GA",NA,21.7,0,0
"4502","52.0%","Wayne",545,"GA","US.25",2,"SN","",0,0,"",0,"Wayne","GA",NA,23.57,0,0
"4503","52.0%","Long",485,"GA","US.25",3,"SN","",0,0,"",0,"Long","GA",NA,20.92,0,0
"4504","52.0%","Tattnall",526,"GA","US.25",4,"SN","",0,0,"",0,"Tattnall","GA",NA,14.74,0,0
"4505","52.0%","Evans",448,"GA","US.25",5,"SN","",0,0,"",0,"Evans","GA",NA,14.91,0,0
"4506","52.1%","Bulloch",410,"GA","US.25",6,"SN","",0,0,"",0,"Bulloch","GA",NA,29.75,0,0
"4507","52.1%","Jenkins",476,"GA","US.25",7,"SN","",0,0,"",0,"Jenkins","GA",NA,22.1,0,0
"4508","52.1%","Burke",411,"GA","US.25",8,"SN","",0,0,"",0,"Burke","GA",NA,22.46,0,0
"4509","52.1%","Richmond",515,"GA","US.25",9,"SN","",0,0,"",0,"Richmond","GA",NA,19.34,0,0
"4510","52.1%","Aiken",2410,"SC","US.25",10,"SN","",0,0,"",0,"Aiken","SC",NA,8.85,0,0
"4511","52.1%","Edgefield",2427,"SC","US.25",11,"SN","",0,0,"",0,"Edgefield","SC",NA,31.62,0,0
"4512","52.1%","McCormick",2443,"SC","US.25",12,"SN","Abuts, to the West, 2.1 mi. shared with Greenwood",0,0,"",0,"McCormick","SC","2.10",1.05,0,0
"4513","52.1%","Greenwood",2432,"SC","US.25",13,"SN","",0,0,"",0,"Greenwood","SC",NA,35.86,0,0
"4514","52.1%","Laurens",2438,"SC","US.25",14,"SN","",0,0,"",0,"Laurens","SC",NA,8.8,0,0
"4515","52.2%","Greenville",2431,"SC","US.25",15,"SN","",0,0,"",0,"Greenville","SC",NA,53.75,0,0
"4516","52.2%","Henderson",1945,"NC","US.25",16,"SN","",0,0,"",0,"Henderson","NC",NA,22.81,0,0
"4517","52.2%","Buncombe",1911,"NC","US.25",17,"SN","",0,0,"",0,"Buncombe","NC",NA,25.24,0,0
"4518","52.2%","Madison",1957,"NC","US.25",18,"SN","",0,0,"",0,"Madison","NC",NA,26.78,0,1
"4519","52.2%","Cocke",2535,"TN","US.25",19,"SN","",0,0,"",0,"Cocke","TN","20.20",24.71,0,0
"4520","52.2%","Jefferson",2565,"TN","US.25W",20,"SN","",0,0,"",0,"Jefferson","TN",NA,22.21,0,1
"4521","52.2%","Sevier",2598,"TN","US.25W",21,"SN","",0,0,"",0,"Sevier","TN",NA,2.89,0,0
"4522","52.2%","Knox",2567,"TN","US.25W",22,"SN","",0,0,"",0,"Knox","TN",NA,25.33,0,0
"4523","52.2%","Anderson",2521,"TN","US.25W",23,"SN","",0,0,"",0,"Anderson","TN",NA,18.77,0,0
"4524","52.3%","Campbell",2527,"TN","US.25W",24,"SN","",0,0,"",0,"Campbell","TN",NA,37.09,0,0
"4525","52.3%","Whitley",1119,"KY","US.25W",25,"SN","",0,0,"",0,"Whitley","KY",NA,33.8,0,0
"4526","52.3%","Laurel",1064,"KY","US.25",26,"SN","",0,0,"",0,"Laurel","KY",NA,24.91,0,0
"4527","52.3%","Rockcastle",1103,"KY","US.25",27,"SN","",0,0,"",0,"Rockcastle","KY",NA,27.14,0,0
"4528","52.3%","Madison",1074,"KY","US.25",28,"SN","",0,0,"",0,"Madison","KY",NA,28.64,0,1
"4529","52.3%","Fayette",1035,"KY","US.25",29,"SN","",0,0,"",0,"Fayette","KY",NA,23.02,0,0
"4530","52.3%","Scott",1106,"KY","US.25",30,"SN","",0,0,"",0,"Scott","KY",NA,25.26,0,0
"4531","52.3%","Grant",1042,"KY","US.25",31,"SN","",0,0,"",0,"Grant","KY",NA,23.99,0,1
"4532","52.4%","Kenton",1060,"KY","US.25",32,"SN","Reentry from North",0,0,"",2001,"Kenton","KY","4.97",4.97,0,0
"4533","52.4%","Boone",1009,"KY","US.25",33,"SN","",0,0,"",0,"Boone","KY",NA,11.44,0,0
"4534","52.4%","Kenton",1060,"KY","US.25",34,"SN","Reentry from South",0,0,"",3001,"Kenton","KY",NA,8.89,0,0
"4535","52.4%","Erie",2079,"OH","US.250",1,"WE","",0,0,"",0,"Erie","OH",NA,12.46,0,0
"4536","52.4%","Huron",2096,"OH","US.250",2,"WE","",0,0,"",0,"Huron","OH",NA,19.8,0,0
"4537","52.4%","Ashland",2060,"OH","US.250",3,"WE","",0,0,"",0,"Ashland","OH",NA,24.9,0,0
"4538","52.4%","Wayne",2142,"OH","US.250",4,"WE","",0,0,"",0,"Wayne","OH",NA,30.09,0,0
"4539","52.4%","Stark",2133,"OH","US.250",5,"WE","",0,0,"",0,"Stark","OH",NA,4.16,0,0
"4540","52.4%","Tuscarawas",2136,"OH","US.250",6,"WE","",0,0,"",0,"Tuscarawas","OH",NA,26.65,0,0
"4541","52.5%","Harrison",2091,"OH","US.250",7,"WE","",0,0,"",0,"Harrison","OH",NA,30.8,0,1
"4542","52.5%","Jefferson",2098,"OH","US.250",8,"WE","",0,0,"",0,"Jefferson","OH",NA,2.5,0,1
"4543","52.5%","Belmont",2064,"OH","US.250",9,"WE","",0,0,"",0,"Belmont","OH",NA,9.63,0,0
"4544","52.5%","Ohio",3160,"WV","US.250",10,"WE","",0,0,"",0,"Ohio","WV",NA,4.56,0,0
"4545","52.5%","Marshall",3150,"WV","US.250",11,"WE","",0,0,"",0,"Marshall","WV",NA,39.16,1,0
"4546","52.5%","Wetzel",3177,"WV","US.250",12,"WE","",0,0,"",0,"Wetzel","WV",NA,11.04,1,0
"4547","52.5%","Marion",3149,"WV","US.250",13,"WE","",0,0,"",0,"Marion","WV",NA,31.43,0,0
"4548","52.5%","Taylor",3171,"WV","US.250",14,"WE","",0,0,"",0,"Taylor","WV",NA,16.52,0,1
"4549","52.5%","Barbour",3126,"WV","US.250",15,"WE","",0,0,"",0,"Barbour","WV",NA,24.45,0,0
"4550","52.6%","Randolph",3167,"WV","US.250",16,"WE","",0,0,"",0,"Randolph","WV",NA,42.78,0,0
"4551","52.6%","Pocahontas",3163,"WV","US.250",17,"WE","",0,0,"",0,"Pocahontas","WV",NA,16.92,0,0
"4552","52.6%","Highland",3003,"VA","US.250",18,"WE","",0,0,"",0,"Highland","VA",NA,32.17,0,0
"4553","52.6%","Augusta",2940,"VA","US.250",19,"WE","Reentry from East",8,1,"",2001,"Augusta","VA",NA,21.7,0,0
"4554","52.6%","Staunton, City of",2942,"VA","US.250",20,"WE","",8,0,"",0,"Staunton, City of","VA",NA,5.42,0,0
"4555","52.6%","Augusta",2940,"VA","US.250",21,"WE","Reentry",8,1,"",1001,"Augusta","VA","6.70",6.7,0,0
"4556","52.6%","Waynesboro, City of",2943,"VA","US.250",22,"WE","",8,0,"",0,"Waynesboro, City of","VA",NA,4.74,0,0
"4557","52.6%","Augusta",2940,"VA","US.250",23,"WE","Reentry from West",8,1,"",3001,"Augusta","VA","1.93",1.93,0,0
"4558","52.7%","Nelson",3023,"VA","US.250",24,"WE","",0,0,"",0,"Nelson","VA",NA,1.43,0,0
"4559","52.7%","Albemarle",2928,"VA","US.250",25,"WE","Reentry from East",6,1,"",2002,"Albemarle","VA",NA,19.42,0,0
"4560","52.7%","Charlottesville, City of",2930,"VA","US.250",26,"WE","",6,0,"",0,"Charlottesville, City of","VA",NA,3.35,0,0
"4561","52.7%","Albemarle",2928,"VA","US.250",27,"WE","Reentry from West",6,1,"",3002,"Albemarle","VA","8.39",8.39,0,0
"4562","52.7%","Fluvanna",2981,"VA","US.250",28,"WE","Reentry from East",0,0,"",2003,"Fluvanna","VA",NA,5.76,0,0
"4563","52.7%","Louisa",3014,"VA","US.250",29,"WE","Reentry from East",0,0,"",2004,"Louisa","VA",NA,8.95,0,0
"4564","52.7%","Fluvanna",2981,"VA","US.250",30,"WE","Reentry from West",0,0,"",3003,"Fluvanna","VA","0.78",0.78,0,0
"4565","52.7%","Goochland",2988,"VA","US.250",31,"WE","Reentry from East",0,0,"",2005,"Goochland","VA","11.80",11.8,0,0
"4566","52.7%","Louisa",3014,"VA","US.250",32,"WE","Reentry from West",0,0,"",3003,"Louisa","VA","3.10",3.1,0,0
"4567","52.8%","Goochland",2988,"VA","US.250",33,"WE","Reentry from West",0,0,"",3005,"Goochland","VA",NA,13.86,0,0
"4568","52.8%","Henrico",2997,"VA","US.250",34,"WE","",3,1,"",0,"Henrico","VA",NA,10.52,0,0
"4569","52.8%","Richmond, City of",2999,"VA","US.250",35,"WE","",3,0,"",0,"Richmond, City of","VA",NA,5.22,0,0
"4570","52.8%","Onslow",1967,"NC","US.258",1,"SN","",0,0,"",0,"Onslow","NC",NA,20.71,0,0
"4571","52.8%","Jones",1952,"NC","US.258",2,"SN","",0,0,"",0,"Jones","NC",NA,4.84,0,0
"4572","52.8%","Lenoir",1954,"NC","US.258",3,"SN","",0,0,"",0,"Lenoir","NC",NA,24.77,0,0
"4573","52.8%","Greene",1940,"NC","US.258",4,"SN","",0,0,"",0,"Greene","NC",NA,16.81,0,0
"4574","52.8%","Pitt",1974,"NC","US.258",5,"SN","",0,0,"",0,"Pitt","NC",NA,12.68,0,0
"4575","52.8%","Edgecombe",1933,"NC","US.258",6,"SN","",0,0,"",0,"Edgecombe","NC",NA,28.75,0,0
"4576","52.9%","Halifax",1942,"NC","US.258",7,"SN","",0,0,"",0,"Halifax","NC",NA,14.12,0,0
"4577","52.9%","Northampton",1966,"NC","US.258",8,"SN","",0,0,"",0,"Northampton","NC",NA,22.52,0,0
"4578","52.9%","Hertford",1946,"NC","US.258",9,"SN","",0,0,"",0,"Hertford","NC",NA,14.04,0,0
"4579","52.9%","Southampton",3063,"VA","US.258",10,"SN","Reentry from North",25,1,"",2001,"Southampton","VA",NA,8.85,0,0
"4580","52.9%","Franklin, City of",3065,"VA","US.258",11,"SN","Abuts, to the North",25,0,"",0,"Franklin, City of","VA","1.82",1.29,0,0
"4581","52.9%","Southampton",3063,"VA","US.258",12,"SN","Reentry from South",25,1,"",3001,"Southampton","VA","0.98",0.98,0,0
"4582","52.9%","Suffolk, City of",3070,"VA","US.258",13,"SN","",0,0,"",0,"Suffolk, City of","VA",NA,2.02,0,0
"4583","52.9%","Isle of Wight",3004,"VA","US.258",14,"SN","",0,0,"",0,"Isle of Wight","VA",NA,41.91,0,0
"4584","53.0%","Newport News, City of",3025,"VA","US.258",15,"SN","",0,0,"",0,"Newport News, City of","VA",NA,3.44,0,0
"4585","53.0%","Hampton, City of",2995,"VA","US.258",16,"SN","",0,0,"",0,"Hampton, City of","VA",NA,9.46,0,0
"4586","53.0%","Nacogdoches",2789,"TX","US.259",1,"SN","",0,0,"",0,"Nacogdoches","TX",NA,11.39,0,0
"4587","53.0%","Rusk",2816,"TX","US.259",2,"SN","",0,0,"",0,"Rusk","TX",NA,40.33,0,0
"4588","53.0%","Gregg",2707,"TX","US.259",3,"SN","",0,0,"",0,"Gregg","TX",NA,27.36,0,0
"4589","53.0%","Upshur",2845,"TX","US.259",4,"SN","",0,0,"",0,"Upshur","TX",NA,17.71,0,0
"4590","53.0%","Camp",2647,"TX","US.259",5,"SN","",0,0,"",0,"Camp","TX",NA,0.13,0,0
"4591","53.0%","Morris",2787,"TX","US.259",6,"SN","",0,0,"",0,"Morris","TX",NA,29.59,0,0
"4592","53.0%","Bowie",2634,"TX","US.259",7,"SN","",0,0,"",0,"Bowie","TX",NA,27.78,0,0
"4593","53.1%","McCurtain",2193,"OK","US.259",8,"SN","",0,0,"",0,"McCurtain","OK",NA,73.2,0,0
"4594","53.1%","Le Flore",2185,"OK","US.259",9,"SN","",0,0,"",0,"Le Flore","OK",NA,25.11,0,0
"4595","53.1%","Cocke",2535,"TN","US.25E",1,"SN","",0,0,"",0,"Cocke","TN",NA,6.12,0,0
"4596","53.1%","Jefferson",2565,"TN","US.25E",2,"SN","",0,0,"",0,"Jefferson","TN",NA,6.43,0,1
"4597","53.1%","Hamblen",2552,"TN","US.25E",3,"SN","",0,0,"",0,"Hamblen","TN",NA,9.93,0,0
"4598","53.1%","Grainger",2549,"TN","US.25E",4,"SN","",0,0,"",0,"Grainger","TN",NA,19.76,0,0
"4599","53.1%","Claiborne",2533,"TN","US.25E",5,"SN","",0,0,"",0,"Claiborne","TN",NA,20.89,0,0
"4600","53.1%","Bell",1008,"KY","US.25E",6,"SN","",0,0,"",0,"Bell","KY",NA,18.55,0,0
"4601","53.1%","Knox",1062,"KY","US.25E",7,"SN","",0,0,"",0,"Knox","KY",NA,26.21,0,0
"4602","53.2%","Laurel",1064,"KY","US.25E",8,"SN","",0,0,"",0,"Laurel","KY",NA,2.02,0,0
"4603","53.2%","Cocke",2535,"TN","US.25W",1,"SN","",0,0,"",0,"Cocke","TN",NA,4.43,0,0
"4604","53.2%","Jefferson",2565,"TN","US.25W",2,"SN","",0,0,"",0,"Jefferson","TN",NA,22.21,0,1
"4605","53.2%","Sevier",2598,"TN","US.25W",3,"SN","",0,0,"",0,"Sevier","TN",NA,2.89,0,0
"4606","53.2%","Knox",2567,"TN","US.25W",4,"SN","",0,0,"",0,"Knox","TN",NA,25.33,0,0
"4607","53.2%","Anderson",2521,"TN","US.25W",5,"SN","",0,0,"",0,"Anderson","TN",NA,18.77,0,0
"4608","53.2%","Campbell",2527,"TN","US.25W",6,"SN","",0,0,"",0,"Campbell","TN",NA,37.09,0,0
"4609","53.2%","Whitley",1119,"KY","US.25W",7,"SN","",0,0,"",0,"Whitley","KY",NA,33.8,0,0
"4610","53.3%","Laurel",1064,"KY","US.25W",8,"SN","",0,0,"",0,"Laurel","KY",NA,1.05,0,0
"4611","53.3%","Clatsop",2226,"OR","US.26",1,"WE","",0,0,"",0,"Clatsop","OR",NA,30.18,0,0
"4612","53.3%","Tillamook",2251,"OR","US.26",2,"WE","",0,0,"",0,"Tillamook","OR",NA,3.39,0,0
"4613","53.3%","Washington",2256,"OR","US.26",3,"WE","Reentry from East",0,0,"",2001,"Washington","OR","0.29",0.29,0,1
"4614","53.3%","Columbia",2227,"OR","US.26",4,"WE","",0,0,"",0,"Columbia","OR",NA,0.76,0,0
"4615","53.3%","Washington",2256,"OR","US.26",5,"WE","Reentry from West",0,0,"",3001,"Washington","OR",NA,35.59,0,1
"4616","53.3%","Multnomah",2248,"OR","US.26",6,"WE","",0,0,"",0,"Multnomah","OR",NA,20.55,0,0
"4617","53.3%","Clackamas",2225,"OR","US.26",7,"WE","",0,0,"",0,"Clackamas","OR",NA,42.97,0,0
"4618","53.3%","Wasco",2255,"OR","US.26",8,"WE","",0,0,"",0,"Wasco","OR",NA,34.41,0,0
"4619","53.4%","Jefferson",2238,"OR","US.26",9,"WE","",0,0,"",0,"Jefferson","OR",NA,39.83,0,1
"4620","53.4%","Crook",2229,"OR","US.26",10,"WE","",0,0,"",0,"Crook","OR",NA,41.67,1,0
"4621","53.4%","Wheeler",2257,"OR","US.26",11,"WE","",0,0,"",0,"Wheeler","OR",NA,45.69,1,0
"4622","53.4%","Grant",2234,"OR","US.26",12,"WE","",0,0,"",0,"Grant","OR",NA,76.45,0,1
"4623","53.4%","Baker",2223,"OR","US.26",13,"WE","",0,0,"",0,"Baker","OR",NA,22.61,0,0
"4624","53.4%","Malheur",2245,"OR","US.26",14,"WE","",0,0,"",0,"Malheur","OR",NA,75.2,0,0
"4625","53.4%","Canyon",573,"ID","US.26",15,"WE","",0,0,"",0,"Canyon","ID",NA,32.01,0,0
"4626","53.4%","Payette",597,"ID","US.26",16,"WE","Abuts, to the East",0,0,"",0,"Payette","ID",NA,0.13,0,0
"4627","53.4%","Ada",560,"ID","US.26",17,"WE","",0,0,"",0,"Ada","ID",NA,38.23,0,0
"4628","53.5%","Elmore",579,"ID","US.26",18,"WE","",0,0,"",0,"Elmore","ID",NA,59.7,0,0
"4629","53.5%","Gooding",583,"ID","US.26",19,"WE","",0,0,"",0,"Gooding","ID",NA,25.34,0,0
"4630","53.5%","Lincoln",591,"ID","US.26",20,"WE","",0,0,"",0,"Lincoln","ID",NA,38.63,0,1
"4631","53.5%","Blaine",566,"ID","US.26",21,"WE","",0,0,"",0,"Blaine","ID",NA,27.75,0,0
"4632","53.5%","Butte",571,"ID","US.26",22,"WE","",0,0,"",0,"Butte","ID",NA,53.6,0,0
"4633","53.5%","Bingham",565,"ID","US.26",23,"WE","",0,0,"",0,"Bingham","ID",NA,48.75,0,0
"4634","53.5%","Bonneville",569,"ID","US.26",24,"WE","",0,0,"",0,"Bonneville","ID",NA,76.14,0,0
"4635","53.5%","Lincoln",3264,"WY","US.26",25,"WE","",0,0,"",0,"Lincoln","WY",NA,16.73,0,1
"4636","53.6%","Teton",3272,"WY","US.26",26,"WE","",0,0,"",0,"Teton","WY",NA,78.44,0,0
"4637","53.6%","Fremont",3259,"WY","US.26",27,"WE","",0,0,"",0,"Fremont","WY",NA,160.38,0,0
"4638","53.6%","Natrona",3265,"WY","US.26",28,"WE","",0,0,"",0,"Natrona","WY",NA,79.79,0,0
"4639","53.6%","Converse",3257,"WY","US.26",29,"WE","",0,0,"",0,"Converse","WY",NA,55.56,0,0
"4640","53.6%","Platte",3268,"WY","US.26",30,"WE","",0,0,"",0,"Platte","WY",NA,48.44,0,0
"4641","53.6%","Goshen",3260,"WY","US.26",31,"WE","",0,0,"",0,"Goshen","WY",NA,36.1,0,0
"4642","53.6%","Sioux",1747,"NE","US.26",32,"WE","",0,0,"GE",0,"Sioux","NE","0.16",0.16,0,0
"4643","53.6%","Scotts Bluff",1743,"NE","US.26",33,"WE","",0,0,"",0,"Scotts Bluff","NE",NA,39.83,1,0
"4644","53.6%","Morrill",1726,"NE","US.26",34,"WE","",0,0,"",0,"Morrill","NE",NA,49.11,0,0
"4645","53.7%","Garden",1699,"NE","US.26",35,"WE","",0,0,"",0,"Garden","NE",NA,37.92,1,0
"4646","53.7%","Keith",1715,"NE","US.26",36,"WE","",0,0,"",0,"Keith","NE",NA,23.85,0,0
"4647","53.7%","Wake",1992,"NC","US.264",1,"WE","",0,0,"",0,"Wake","NC",NA,20.05,0,0
"4648","53.7%","Johnston",1951,"NC","US.264",2,"WE","Corner touch",0,0,"",0,"Johnston","NC","0.01",0.01,0,0
"4649","53.7%","Nash",1964,"NC","US.264",3,"WE","",0,0,"",0,"Nash","NC",NA,10.96,0,0
"4650","53.7%","Wilson",1998,"NC","US.264",4,"WE","",0,0,"",0,"Wilson","NC",NA,23.69,0,1
"4651","53.7%","Greene",1940,"NC","US.264",5,"WE","",0,0,"",0,"Greene","NC",NA,5.5,0,0
"4652","53.7%","Pitt",1974,"NC","US.264",6,"WE","",0,0,"",0,"Pitt","NC",NA,36.57,0,0
"4653","53.7%","Beaufort",1907,"NC","US.264",7,"WE","",0,0,"",0,"Beaufort","NC",NA,43.38,0,0
"4654","53.8%","Hyde",1948,"NC","US.264",8,"WE","",0,0,"",0,"Hyde","NC",NA,52.07,1,0
"4655","53.8%","Dare",1928,"NC","US.264",9,"WE","",0,0,"",0,"Dare","NC",NA,25.98,0,0
"4656","53.8%","Wake",1992,"NC","US.264A.W",1,"WE","",0,0,"",0,"Wake","NC",NA,0.65,0,0
"4657","53.8%","Johnston",1951,"NC","US.264A.W",2,"WE","",0,0,"",0,"Johnston","NC",NA,0.23,0,0
"4658","53.8%","Nash",1964,"NC","US.264A.W",3,"WE","",0,0,"",0,"Nash","NC",NA,10.52,0,0
"4659","53.8%","Wilson",1998,"NC","US.264A.W",4,"WE","",0,0,"",0,"Wilson","NC",NA,19.96,0,1
"4660","53.8%","Pitt",1974,"NC","US.264A.E",1,"WE","",0,0,"",0,"Pitt","NC",NA,10.23,0,0
"4661","53.8%","Okmulgee",2201,"OK","US.266",1,"WE","",0,0,"",0,"Okmulgee","OK",NA,9.39,0,0
"4662","53.9%","McIntosh",2194,"OK","US.266",2,"WE","",0,0,"",0,"McIntosh","OK",NA,28.22,0,0
"4663","53.9%","Muskogee",2196,"OK","US.266",3,"WE","",0,0,"",0,"Muskogee","OK",NA,5.6,0,0
"4664","53.9%","Miami-Dade",370,"FL","US.27",1,"SN","",0,0,"",0,"Miami-Dade","FL",NA,19.41,0,0
"4665","53.9%","Broward",333,"FL","US.27",2,"SN","",0,0,"",0,"Broward","FL",NA,27.24,0,0
"4666","53.9%","Palm Beach",377,"FL","US.27",3,"SN","",0,0,"",0,"Palm Beach","FL",NA,38.13,0,0
"4667","53.9%","Hendry",352,"FL","US.27",4,"SN","",0,0,"",0,"Hendry","FL",NA,13.26,1,0
"4668","53.9%","Glades",348,"FL","US.27",5,"SN","",0,0,"",0,"Glades","FL",NA,29.23,1,0
"4669","53.9%","Highlands",354,"FL","US.27",6,"SN","",0,0,"",0,"Highlands","FL",NA,46,0,0
"4670","53.9%","Polk",380,"FL","US.27",7,"SN","",0,0,"",0,"Polk","FL",NA,50.41,0,1
"4671","54.0%","Lake",361,"FL","US.27",8,"SN","",0,0,"",0,"Lake","FL",NA,47.55,0,0
"4672","54.0%","Sumter",387,"FL","US.27",9,"SN","",0,0,"",0,"Sumter","FL",NA,0.99,0,0
"4673","54.0%","Marion",368,"FL","US.27",10,"SN","",0,0,"",0,"Marion","FL",NA,40.45,0,0
"4674","54.0%","Levy",364,"FL","US.27",11,"SN","",0,0,"",0,"Levy","FL",NA,10.58,0,0
"4675","54.0%","Alachua",328,"FL","US.27",12,"SN","",0,0,"",0,"Alachua","FL",NA,28.26,0,0
"4676","54.0%","Columbia",339,"FL","US.27",13,"SN","",0,0,"",0,"Columbia","FL",NA,12.46,0,0
"4677","54.0%","Suwannee",388,"FL","US.27",14,"SN","",0,0,"",0,"Suwannee","FL",NA,8.7,0,0
"4678","54.0%","Lafayette",360,"FL","US.27",15,"SN","",0,0,"",0,"Lafayette","FL",NA,30.79,1,0
"4679","54.0%","Taylor",389,"FL","US.27",16,"SN","",0,0,"",0,"Taylor","FL",NA,30.94,0,1
"4680","54.1%","Madison",366,"FL","US.27",17,"SN","",0,0,"",0,"Madison","FL",NA,5.72,0,1
"4681","54.1%","Jefferson",359,"FL","US.27",18,"SN","",0,0,"",0,"Jefferson","FL",NA,16.99,0,1
"4682","54.1%","Leon",363,"FL","US.27",19,"SN","",0,0,"",0,"Leon","FL",NA,23.29,0,0
"4683","54.1%","Gadsden",346,"FL","US.27",20,"SN","",0,0,"",0,"Gadsden","FL",NA,11.31,0,0
"4684","54.1%","Decatur",437,"GA","US.27",21,"SN","",0,0,"",0,"Decatur","GA",NA,32.52,0,0
"4685","54.1%","Miller",494,"GA","US.27",22,"SN","",0,0,"",0,"Miller","GA",NA,15.95,1,0
"4686","54.1%","Early",443,"GA","US.27",23,"SN","",0,0,"",0,"Early","GA",NA,21.25,0,0
"4687","54.1%","Clay",424,"GA","US.27",24,"SN","",0,0,"",0,"Clay","GA",NA,8.64,1,0
"4688","54.2%","Randolph",514,"GA","US.27",25,"SN","",0,0,"",0,"Randolph","GA",NA,22.84,0,0
"4689","54.2%","Stewart",522,"GA","US.27",26,"SN","",0,0,"",0,"Stewart","GA",NA,22.94,0,0
"4690","54.2%","Chattahoochee",420,"GA","US.27",27,"SN","",0,0,"",0,"Chattahoochee","GA",NA,14.72,0,0
"4691","54.2%","Muscogee",500,"GA","US.27",28,"SN","",0,0,"",0,"Muscogee","GA",NA,19.74,0,0
"4692","54.2%","Harris",466,"GA","US.27",29,"SN","",0,0,"",0,"Harris","GA",NA,20.9,0,0
"4693","54.2%","Troup",535,"GA","US.27",30,"SN","",0,0,"",0,"Troup","GA",NA,27.78,0,0
"4694","54.2%","Heard",468,"GA","US.27",31,"SN","",0,0,"",0,"Heard","GA",NA,18.5,1,0
"4695","54.2%","Carroll",416,"GA","US.27",32,"SN","",0,0,"",0,"Carroll","GA",NA,21.49,0,0
"4696","54.2%","Haralson",465,"GA","US.27",33,"SN","",0,0,"",0,"Haralson","GA",NA,15.92,0,0
"4697","54.3%","Polk",509,"GA","US.27",34,"SN","",0,0,"",0,"Polk","GA",NA,16.32,0,1
"4698","54.3%","Floyd",451,"GA","US.27",35,"SN","",0,0,"",0,"Floyd","GA",NA,26.37,0,0
"4699","54.3%","Chattooga",421,"GA","US.27",36,"SN","",0,0,"",0,"Chattooga","GA",NA,18.65,1,0
"4700","54.3%","Walker",540,"GA","US.27",37,"SN","Reentry from North",0,0,"",2001,"Walker","GA",NA,19.19,0,0
"4701","54.3%","Catoosa",417,"GA","US.27",38,"SN","Reentry from North",0,0,"",2002,"Catoosa","GA","1.36",1.36,0,0
"4702","54.3%","Walker",540,"GA","US.27",39,"SN","Reentry",0,0,"",1001,"Walker","GA","6.88",6.88,0,0
"4703","54.3%","Catoosa",417,"GA","US.27",40,"SN","Reentry from South",0,0,"",3002,"Catoosa","GA",NA,1.41,0,0
"4704","54.3%","Walker",540,"GA","US.27",41,"SN","Reentry from South",0,0,"",3001,"Walker","GA","1.89",1.89,0,0
"4705","54.3%","Hamilton",2553,"TN","US.27",42,"SN","",0,0,"",0,"Hamilton","TN",NA,37.04,0,0
"4706","54.4%","Rhea",2592,"TN","US.27",43,"SN","",0,0,"",0,"Rhea","TN",NA,32.15,1,0
"4707","54.4%","Roane",2593,"TN","US.27",44,"SN","",0,0,"",0,"Roane","TN",NA,21.09,0,0
"4708","54.4%","Morgan",2585,"TN","US.27",45,"SN","",0,0,"",0,"Morgan","TN",NA,28.21,1,0
"4709","54.4%","Scott",2596,"TN","US.27",46,"SN","",0,0,"",0,"Scott","TN",NA,27.1,1,0
"4710","54.4%","McCreary",1081,"KY","US.27",47,"SN","",0,0,"",0,"McCreary","KY",NA,22.26,1,0
"4711","54.4%","Pulaski",1101,"KY","US.27",48,"SN","",0,0,"",0,"Pulaski","KY",NA,30.79,1,0
"4712","54.4%","Lincoln",1070,"KY","US.27",49,"SN","",0,0,"",0,"Lincoln","KY",NA,21.97,0,1
"4713","54.4%","Garrard",1041,"KY","US.27",50,"SN","",0,0,"",0,"Garrard","KY",NA,16.69,1,0
"4714","54.5%","Jessamine",1058,"KY","US.27",51,"SN","",0,0,"",0,"Jessamine","KY",NA,15.41,0,0
"4715","54.5%","Fayette",1035,"KY","US.27",52,"SN","",0,0,"",0,"Fayette","KY",NA,16.15,0,0
"4716","54.5%","Bourbon",1010,"KY","US.27",53,"SN","",0,0,"",0,"Bourbon","KY",NA,15.45,0,0
"4717","54.5%","Harrison",1050,"KY","US.27",54,"SN","",0,0,"",0,"Harrison","KY",NA,20.51,0,1
"4718","54.5%","Pendleton",1097,"KY","US.27",55,"SN","",0,0,"",0,"Pendleton","KY",NA,19.35,1,0
"4719","54.5%","Campbell",1020,"KY","US.27",56,"SN","",0,0,"",0,"Campbell","KY",NA,22.73,0,0
"4720","54.5%","Hamilton",2088,"OH","US.27",57,"SN","",0,0,"",0,"Hamilton","OH",NA,18.78,0,0
"4721","54.5%","Butler",2066,"OH","US.27",58,"SN","",0,0,"",0,"Butler","OH",NA,22,0,0
"4722","54.5%","Union",786,"IN","US.27",59,"SN","",0,0,"",0,"Union","IN",NA,14.18,1,0
"4723","54.6%","Wayne",794,"IN","US.27",60,"SN","",0,0,"",0,"Wayne","IN",NA,20.53,0,0
"4724","54.6%","Randolph",773,"IN","US.27",61,"SN","",0,0,"",0,"Randolph","IN",NA,21.52,0,0
"4725","54.6%","Jay",743,"IN","US.27",62,"SN","",0,0,"",0,"Jay","IN",NA,18.3,1,0
"4726","54.6%","Adams",706,"IN","US.27",63,"SN","",0,0,"",0,"Adams","IN",NA,26.24,0,1
"4727","54.6%","Allen",707,"IN","US.27",64,"SN","",0,0,"",0,"Allen","IN",NA,16.86,0,0
"4728","54.6%","Levy",364,"FL","US.27A.FL",1,"SN","",0,0,"",0,"Levy","FL",NA,34.72,0,0
"4729","54.6%","Gilchrist",347,"FL","US.27A.FL",2,"SN","",0,0,"",0,"Gilchrist","FL",NA,0.69,0,0
"4730","54.6%","Dixie",341,"FL","US.27A.FL",3,"SN","",0,0,"",0,"Dixie","FL",NA,28.93,0,0
"4731","54.6%","Taylor",389,"FL","US.27A.FL",4,"SN","",0,0,"",0,"Taylor","FL",NA,28.12,0,1
"4732","54.7%","Muscogee",500,"GA","US.27A.GA",1,"SN","",0,0,"",0,"Muscogee","GA",NA,11.27,0,0
"4733","54.7%","Harris",466,"GA","US.27A.GA",2,"SN","Reentry from North",0,0,"",2001,"Harris","GA",NA,16.59,0,0
"4734","54.7%","Talbot",524,"GA","US.27A.GA",3,"SN","Reentry from North",0,0,"",2002,"Talbot","GA",NA,0.3,0,0
"4735","54.7%","Harris",466,"GA","US.27A.GA",4,"SN","Reentry from South",0,0,"",3001,"Harris","GA","3.82",3.82,0,0
"4736","54.7%","Talbot",524,"GA","US.27A.GA",5,"SN","Reentry from South",0,0,"",3002,"Talbot","GA","0.50",0.5,0,0
"4737","54.7%","Meriwether",493,"GA","US.27A.GA",6,"SN","",0,0,"",0,"Meriwether","GA",NA,27.99,0,0
"4738","54.7%","Coweta",432,"GA","US.27A.GA",7,"SN","",0,0,"",0,"Coweta","GA",NA,20.48,0,0
"4739","54.7%","Carroll",416,"GA","US.27A.GA",8,"SN","",0,0,"",0,"Carroll","GA",NA,12.95,0,0
"4740","54.8%","Seward",984,"KS","US.270",1,"WE","",0,0,"",0,"Seward","KS",NA,3.11,0,0
"4741","54.8%","Beaver",2149,"OK","US.270",2,"WE","",0,0,"",0,"Beaver","OK",NA,75.86,0,0
"4742","54.8%","Harper",2175,"OK","US.270",3,"WE","",0,0,"",0,"Harper","OK",NA,20.98,0,0
"4743","54.8%","Ellis",2168,"OK","US.270",4,"WE","",0,0,"",0,"Ellis","OK",NA,1.81,0,0
"4744","54.8%","Woodward",2222,"OK","US.270",5,"WE","",0,0,"",0,"Woodward","OK",NA,48.39,0,0
"4745","54.8%","Major",2189,"OK","US.270",6,"WE","",0,0,"",0,"Major","OK",NA,1.38,0,0
"4746","54.8%","Dewey",2167,"OK","US.270",7,"WE","",0,0,"",0,"Dewey","OK",NA,26.21,0,0
"4747","54.8%","Blaine",2151,"OK","US.270",8,"WE","",0,0,"",0,"Blaine","OK",NA,30.09,0,0
"4748","54.8%","Canadian",2154,"OK","US.270",9,"WE","",0,0,"",0,"Canadian","OK",NA,42.61,0,0
"4749","54.9%","Oklahoma",2200,"OK","US.270",10,"WE","",0,0,"",0,"Oklahoma","OK",NA,31.66,0,0
"4750","54.9%","Pottawatomie",2208,"OK","US.270",11,"WE","",0,0,"",0,"Pottawatomie","OK",NA,26.51,0,0
"4751","54.9%","Seminole",2212,"OK","US.270",12,"WE","",0,0,"",0,"Seminole","OK",NA,21.71,0,0
"4752","54.9%","Hughes",2177,"OK","US.270",13,"WE","",0,0,"",0,"Hughes","OK",NA,32.29,0,0
"4753","54.9%","Pittsburg",2206,"OK","US.270",14,"WE","",0,0,"",0,"Pittsburg","OK",NA,38.28,0,0
"4754","54.9%","Latimer",2184,"OK","US.270",15,"WE","",0,0,"",0,"Latimer","OK",NA,34.44,1,0
"4755","54.9%","Le Flore",2185,"OK","US.270",16,"WE","",0,0,"",0,"Le Flore","OK",NA,46.13,0,0
"4756","54.9%","Polk",174,"AR","US.270",17,"WE","",0,0,"",0,"Polk","AR",NA,23.08,0,1
"4757","54.9%","Scott",181,"AR","US.270",18,"WE","",0,0,"",0,"Scott","AR",NA,20.36,0,0
"4758","55.0%","Montgomery",166,"AR","US.270",19,"WE","",0,0,"",0,"Montgomery","AR",NA,33.77,0,0
"4759","55.0%","Garland",143,"AR","US.270",20,"WE","",0,0,"",0,"Garland","AR",NA,31.7,0,0
"4760","55.0%","Hot Spring",147,"AR","US.270",21,"WE","",0,0,"",0,"Hot Spring","AR",NA,20.05,0,0
"4761","55.0%","Grant",144,"AR","US.270",22,"WE","",0,0,"",0,"Grant","AR",NA,27.42,0,1
"4762","55.0%","Jefferson",152,"AR","US.270",23,"WE","",0,0,"",0,"Jefferson","AR",NA,6.92,0,1
"4763","55.0%","Smith",2827,"TX","US.271",1,"SN","",0,0,"",0,"Smith","TX",NA,22.6,0,0
"4764","55.0%","Gregg",2707,"TX","US.271",2,"SN","",0,0,"",0,"Gregg","TX",NA,4.35,0,0
"4765","55.0%","Upshur",2845,"TX","US.271",3,"SN","",0,0,"",0,"Upshur","TX",NA,24.76,0,0
"4766","55.1%","Camp",2647,"TX","US.271",4,"SN","",0,0,"",0,"Camp","TX",NA,12.18,0,0
"4767","55.1%","Titus",2840,"TX","US.271",5,"SN","",0,0,"",0,"Titus","TX",NA,24.1,0,0
"4768","55.1%","Franklin",2695,"TX","US.271",6,"SN","",0,0,"GE",0,"Franklin","TX","0.55",0.55,0,0
"4769","55.1%","Red River",2809,"TX","US.271",7,"SN","",0,0,"",0,"Red River","TX",NA,14.03,0,0
"4770","55.1%","Lamar",2755,"TX","US.271",8,"SN","",0,0,"",0,"Lamar","TX",NA,32.01,0,0
"4771","55.1%","Choctaw",2157,"OK","US.271",9,"SN","",0,0,"",0,"Choctaw","OK",NA,25.81,0,0
"4772","55.1%","Pushmataha",2209,"OK","US.271",10,"SN","",0,0,"",0,"Pushmataha","OK",NA,62.51,1,0
"4773","55.1%","Le Flore",2185,"OK","US.271",11,"SN","",0,0,"",0,"Le Flore","OK",NA,70.88,0,0
"4774","55.1%","Sebastian",183,"AR","US.271",12,"SN","",0,0,"W",0,"Sebastian","AR","3.20",3.26,0,0
"4775","55.2%","Atchison",1495,"MO","US.275",1,"SN","",0,0,"W",0,"Atchison","MO","15.58",15.59,0,0
"4776","55.2%","Fremont",833,"IA","US.275",2,"SN","",0,0,"",0,"Fremont","IA",NA,24.6,0,0
"4777","55.2%","Mills",862,"IA","US.275",3,"SN","",0,0,"",0,"Mills","IA",NA,24.97,0,0
"4778","55.2%","Pottawattamie",875,"IA","US.275",4,"SN","",0,0,"",0,"Pottawattamie","IA",NA,9.61,0,0
"4779","55.2%","Douglas",1692,"NE","US.275",5,"SN","",0,0,"",0,"Douglas","NE",NA,34.28,0,0
"4780","55.2%","Dodge",1691,"NE","US.275",6,"SN","",0,0,"",0,"Dodge","NE",NA,33.06,0,0
"4781","55.2%","Cuming",1684,"NE","US.275",7,"SN","",0,0,"",0,"Cuming","NE",NA,28.09,1,0
"4782","55.2%","Stanton",1748,"NE","US.275",8,"SN","",0,0,"",0,"Stanton","NE",NA,17.94,1,0
"4783","55.3%","Madison",1723,"NE","US.275",9,"SN","",0,0,"",0,"Madison","NE",NA,24.77,0,1
"4784","55.3%","Antelope",1666,"NE","US.275",10,"SN","",0,0,"",0,"Antelope","NE",NA,29.12,0,0
"4785","55.3%","Holt",1709,"NE","US.275",11,"SN","",0,0,"",0,"Holt","NE",NA,24.25,0,0
"4786","55.3%","Greenville",2431,"SC","US.276",1,"SN","",0,0,"W",0,"Greenville","SC","43.50",43.49,0,0
"4787","55.3%","Transylvania",1988,"NC","US.276",2,"SN","",0,0,"",0,"Transylvania","NC",NA,30.91,0,0
"4788","55.3%","Haywood",1944,"NC","US.276",3,"SN","",0,0,"",0,"Haywood","NC",NA,31.9,0,0
"4789","55.3%","Dimmit",2679,"TX","US.277",1,"SN","",0,0,"",0,"Dimmit","TX",NA,19.4,0,0
"4790","55.3%","Maverick",2774,"TX","US.277",2,"SN","",0,0,"",0,"Maverick","TX",NA,52.56,0,0
"4791","55.3%","Kinney",2751,"TX","US.277",3,"SN","",0,0,"",0,"Kinney","TX",NA,13.6,0,0
"4792","55.4%","Val Verde",2848,"TX","US.277",4,"SN","",0,0,"",0,"Val Verde","TX",NA,67.21,0,0
"4793","55.4%","Edwards",2684,"TX","US.277",5,"SN","",0,0,"",0,"Edwards","TX",NA,13.37,0,0
"4794","55.4%","Sutton",2833,"TX","US.277",6,"SN","",0,0,"",0,"Sutton","TX",NA,31.47,0,0
"4795","55.4%","Schleicher",2822,"TX","US.277",7,"SN","",0,0,"",0,"Schleicher","TX",NA,28.3,0,0
"4796","55.4%","Tom Green",2841,"TX","US.277",8,"SN","",0,0,"",0,"Tom Green","TX",NA,46.53,0,0
"4797","55.4%","Coke",2656,"TX","US.277",9,"SN","",0,0,"",0,"Coke","TX",NA,26.33,0,0
"4798","55.4%","Runnels",2815,"TX","US.277",10,"SN","",0,0,"",0,"Runnels","TX",NA,4.84,0,0
"4799","55.4%","Nolan",2792,"TX","US.277",11,"SN","",0,0,"",0,"Nolan","TX",NA,0.62,0,0
"4800","55.4%","Taylor",2836,"TX","US.277",12,"SN","",0,0,"",0,"Taylor","TX",NA,40.3,0,1
"4801","55.5%","Jones",2742,"TX","US.277",13,"SN","",0,0,"",0,"Jones","TX",NA,33.93,0,0
"4802","55.5%","Haskell",2719,"TX","US.277",14,"SN","",0,0,"",0,"Haskell","TX",NA,32.19,0,0
"4803","55.5%","Knox",2753,"TX","US.277",15,"SN","",0,0,"",0,"Knox","TX",NA,12.84,0,0
"4804","55.5%","Baylor",2627,"TX","US.277",16,"SN","",0,0,"",0,"Baylor","TX",NA,36.05,0,0
"4805","55.5%","Archer",2620,"TX","US.277",17,"SN","",0,0,"",0,"Archer","TX",NA,18.74,0,0
"4806","55.5%","Wichita",2858,"TX","US.277",18,"SN","",0,0,"",0,"Wichita","TX",NA,27.04,0,0
"4807","55.5%","Cotton",2162,"OK","US.277",19,"SN","",0,0,"",0,"Cotton","OK",NA,30,0,0
"4808","55.5%","Comanche",2161,"OK","US.277",20,"SN","",0,0,"",0,"Comanche","OK",NA,37.03,0,0
"4809","55.6%","Caddo",2153,"OK","US.277",21,"SN","",0,0,"",0,"Caddo","OK",NA,11.32,0,0
"4810","55.6%","Grady",2171,"OK","US.277",22,"SN","",0,0,"",0,"Grady","OK",NA,33.1,0,0
"4811","55.6%","McClain",2192,"OK","US.277",23,"SN","",0,0,"",0,"McClain","OK",NA,13.04,0,0
"4812","55.6%","Polk",174,"AR","US.278",1,"WE","",0,0,"",0,"Polk","AR",NA,4.89,0,1
"4813","55.6%","Howard",148,"AR","US.278",2,"WE","",0,0,"",0,"Howard","AR",NA,48.99,0,0
"4814","55.6%","Hempstead",146,"AR","US.278",3,"WE","",0,0,"",0,"Hempstead","AR",NA,34,0,0
"4815","55.6%","Nevada",167,"AR","US.278",4,"WE","",0,0,"",0,"Nevada","AR",NA,24.2,0,0
"4816","55.6%","Ouachita",169,"AR","US.278",5,"WE","",0,0,"",0,"Ouachita","AR",NA,27.47,0,0
"4817","55.6%","Calhoun",124,"AR","US.278",6,"WE","",0,0,"",0,"Calhoun","AR",NA,25.24,0,0
"4818","55.7%","Bradley",123,"AR","US.278",7,"WE","",0,0,"",0,"Bradley","AR",NA,22.98,0,0
"4819","55.7%","Drew",139,"AR","US.278",8,"WE","",0,0,"",0,"Drew","AR",NA,34.2,0,0
"4820","55.7%","Desha",138,"AR","US.278",9,"WE","",0,0,"",0,"Desha","AR",NA,8.2,0,0
"4821","55.7%","Chicot",126,"AR","US.278",10,"WE","",0,0,"",0,"Chicot","AR",NA,28.86,0,0
"4822","55.7%","Washington",1486,"MS","US.278",11,"WE","",0,0,"",0,"Washington","MS",NA,27.62,0,1
"4823","55.7%","Bolivar",1416,"MS","US.278",12,"WE","",0,0,"",0,"Bolivar","MS",NA,44.02,0,0
"4824","55.7%","Coahoma",1424,"MS","US.278",13,"WE","",0,0,"",0,"Coahoma","MS",NA,17.44,0,0
"4825","55.7%","Quitman",1470,"MS","US.278",14,"WE","",0,0,"",0,"Quitman","MS",NA,17.37,1,0
"4826","55.7%","Panola",1464,"MS","US.278",15,"WE","",0,0,"",0,"Panola","MS",NA,26.41,0,0
"4827","55.8%","Lafayette",1446,"MS","US.278",16,"WE","",0,0,"",0,"Lafayette","MS",NA,28.07,1,0
"4828","55.8%","Pontotoc",1468,"MS","US.278",17,"WE","",0,0,"",0,"Pontotoc","MS",NA,26.49,0,0
"4829","55.8%","Lee",1451,"MS","US.278",18,"WE","",0,0,"",0,"Lee","MS",NA,17.59,0,0
"4830","55.8%","Monroe",1458,"MS","US.278",19,"WE","",0,0,"",0,"Monroe","MS",NA,31.84,0,1
"4831","55.8%","Lamar",38,"AL","US.278",20,"WE","",0,0,"",0,"Lamar","AL",NA,17.23,1,0
"4832","55.8%","Marion",47,"AL","US.278",21,"WE","",0,0,"",0,"Marion","AL",NA,37.19,0,0
"4833","55.8%","Winston",67,"AL","US.278",22,"WE","",0,0,"",0,"Winston","AL",NA,35.44,1,0
"4834","55.8%","Cullman",22,"AL","US.278",23,"WE","",0,0,"",0,"Cullman","AL",NA,33.91,0,0
"4835","55.9%","Blount",5,"AL","US.278",24,"WE","",0,0,"",0,"Blount","AL",NA,16.01,0,0
"4836","55.9%","Etowah",28,"AL","US.278",25,"WE","",0,0,"",0,"Etowah","AL",NA,36.54,0,0
"4837","55.9%","Calhoun",8,"AL","US.278",26,"WE","",0,0,"",0,"Calhoun","AL",NA,11.31,0,0
"4838","55.9%","Cherokee",10,"AL","US.278",27,"WE","Reentry from East",0,0,"",2001,"Cherokee","AL",NA,9.23,0,0
"4839","55.9%","Cleburne",15,"AL","US.278",28,"WE","Reentry from East",0,0,"",2002,"Cleburne","AL","0.37",0.37,0,0
"4840","55.9%","Cherokee",10,"AL","US.278",29,"WE","Reentry from West",0,0,"",3001,"Cherokee","AL","0.73",0.73,0,0
"4841","55.9%","Cleburne",15,"AL","US.278",30,"WE","Reentry from West",0,0,"",3002,"Cleburne","AL",NA,0.62,0,0
"4842","55.9%","Polk",509,"GA","US.278",31,"WE","",0,0,"",0,"Polk","GA",NA,29.45,0,1
"4843","55.9%","Paulding",504,"GA","US.278",32,"WE","",0,0,"",0,"Paulding","GA",NA,16.62,1,0
"4844","56.0%","Cobb",427,"GA","US.278",33,"WE","Reentry from East",0,0,"",2003,"Cobb","GA","7.30",7.3,0,0
"4845","56.0%","Douglas",442,"GA","US.278",34,"WE","",0,0,"",0,"Douglas","GA",NA,1.44,0,0
"4846","56.0%","Cobb",427,"GA","US.278",35,"WE","Reentry from West",0,0,"",3003,"Cobb","GA",NA,8.57,0,0
"4847","56.0%","Fulton",454,"GA","US.278",36,"WE","",0,0,"",0,"Fulton","GA",NA,10,0,0
"4848","56.0%","DeKalb",438,"GA","US.278",37,"WE","",0,0,"",0,"DeKalb","GA",NA,18.83,0,0
"4849","56.0%","Rockdale",516,"GA","US.278",38,"WE","",0,0,"",0,"Rockdale","GA",NA,8.52,0,0
"4850","56.0%","Newton",501,"GA","US.278",39,"WE","",0,0,"",0,"Newton","GA",NA,16.09,0,0
"4851","56.0%","Walton",541,"GA","US.278",40,"WE","",0,0,"",0,"Walton","GA",NA,2.21,0,0
"4852","56.0%","Morgan",498,"GA","US.278",41,"WE","",0,0,"",0,"Morgan","GA",NA,19.9,0,0
"4853","56.1%","Greene",460,"GA","US.278",42,"WE","",0,0,"",0,"Greene","GA",NA,22.82,0,0
"4854","56.1%","Taliaferro",525,"GA","US.278",43,"WE","",0,0,"",0,"Taliaferro","GA",NA,12.4,0,0
"4855","56.1%","Warren",543,"GA","US.278",44,"WE","",0,0,"",0,"Warren","GA",NA,19.06,0,0
"4856","56.1%","McDuffie",491,"GA","US.278",45,"WE","",0,0,"",0,"McDuffie","GA",NA,15.61,0,0
"4857","56.1%","Columbia",430,"GA","US.278",46,"WE","",0,0,"",0,"Columbia","GA",NA,6.87,0,0
"4858","56.1%","Richmond",515,"GA","US.278",47,"WE","",0,0,"",0,"Richmond","GA",NA,18.2,0,0
"4859","56.1%","Aiken",2410,"SC","US.278",48,"WE","",0,0,"",0,"Aiken","SC",NA,30.43,0,0
"4860","56.1%","Barnwell",2414,"SC","US.278",49,"WE","",0,0,"",0,"Barnwell","SC",NA,22.84,0,0
"4861","56.2%","Allendale",2411,"SC","US.278",50,"WE","",0,0,"",0,"Allendale","SC",NA,13.8,0,0
"4862","56.2%","Hampton",2433,"SC","US.278",51,"WE","",0,0,"",0,"Hampton","SC",NA,19.68,0,0
"4863","56.2%","Jasper",2435,"SC","US.278",52,"WE","",0,0,"",0,"Jasper","SC",NA,38.08,0,0
"4864","56.2%","Beaufort",2415,"SC","US.278",53,"WE","",0,0,"",0,"Beaufort","SC",NA,20.75,0,0
"4865","56.2%","Jefferson",37,"AL","US.280",1,"WE","",0,0,"",0,"Jefferson","AL",NA,9.1,0,1
"4866","56.2%","Shelby",59,"AL","US.280",2,"WE","",0,0,"",0,"Shelby","AL",NA,25.8,0,0
"4867","56.2%","Talladega",61,"AL","US.280",3,"WE","",0,0,"",0,"Talladega","AL",NA,15.4,0,0
"4868","56.2%","Coosa",19,"AL","US.280",4,"WE","",0,0,"",0,"Coosa","AL",NA,16.3,0,0
"4869","56.2%","Tallapoosa",62,"AL","US.280",5,"WE","",0,0,"",0,"Tallapoosa","AL",NA,29.7,1,0
"4870","56.3%","Chambers",9,"AL","US.280",6,"WE","",0,0,"",0,"Chambers","AL",NA,0.8,0,0
"4871","56.3%","Lee",41,"AL","US.280",7,"WE","",0,0,"",0,"Lee","AL",NA,37.7,0,0
"4872","56.3%","Russell",57,"AL","US.280",8,"WE","",0,0,"",0,"Russell","AL",NA,5.7,0,0
"4873","56.3%","Muscogee",500,"GA","US.280",9,"WE","",0,0,"",0,"Muscogee","GA",NA,7.7,0,0
"4874","56.3%","Chattahoochee",420,"GA","US.280",10,"WE","",0,0,"",0,"Chattahoochee","GA",NA,16,0,0
"4875","56.3%","Stewart",522,"GA","US.280",11,"WE","",0,0,"",0,"Stewart","GA",NA,12.8,0,0
"4876","56.3%","Webster",546,"GA","US.280",12,"WE","",0,0,"",0,"Webster","GA",NA,13.4,1,0
"4877","56.3%","Sumter",523,"GA","US.280",13,"WE","",0,0,"",0,"Sumter","GA",NA,35,0,0
"4878","56.3%","Crisp",434,"GA","US.280",14,"WE","",0,0,"",0,"Crisp","GA",NA,19.7,0,0
"4879","56.4%","Wilcox",550,"GA","US.280",15,"WE","",0,0,"",0,"Wilcox","GA",NA,20.6,0,0
"4880","56.4%","Dodge",439,"GA","US.280",16,"WE","",0,0,"",0,"Dodge","GA",NA,13.2,0,0
"4881","56.4%","Telfair",528,"GA","US.280",17,"WE","",0,0,"",0,"Telfair","GA",NA,12.4,0,0
"4882","56.4%","Wheeler",547,"GA","US.280",18,"WE","",0,0,"",0,"Wheeler","GA",NA,17.7,0,0
"4883","56.4%","Montgomery",497,"GA","US.280",19,"WE","",0,0,"",0,"Montgomery","GA",NA,12.3,0,0
"4884","56.4%","Toombs",532,"GA","US.280",20,"WE","",0,0,"",0,"Toombs","GA",NA,16.8,0,0
"4885","56.4%","Tattnall",526,"GA","US.280",21,"WE","",0,0,"",0,"Tattnall","GA",NA,14.3,0,0
"4886","56.4%","Evans",448,"GA","US.280",22,"WE","",0,0,"",0,"Evans","GA",NA,12.9,0,0
"4887","56.5%","Bryan",409,"GA","US.280",23,"WE","",0,0,"",0,"Bryan","GA",NA,22,0,0
"4888","56.5%","Cameron",2646,"TX","US.281",1,"SN","",0,0,"",0,"Cameron","TX",NA,26.6,0,0
"4889","56.5%","Hidalgo",2723,"TX","US.281",2,"SN","",0,0,"",0,"Hidalgo","TX",NA,69.6,0,0
"4890","56.5%","Brooks",2639,"TX","US.281",3,"SN","",0,0,"",0,"Brooks","TX",NA,33.2,1,0
"4891","56.5%","Jim Wells",2740,"TX","US.281",4,"SN","",0,0,"",0,"Jim Wells","TX",NA,55.7,1,0
"4892","56.5%","Live Oak",2764,"TX","US.281",5,"SN","",0,0,"",0,"Live Oak","TX",NA,44.3,0,0
"4893","56.5%","Atascosa",2622,"TX","US.281",6,"SN","",0,0,"",0,"Atascosa","TX",NA,37.7,0,0
"4894","56.5%","Bexar",2630,"TX","US.281",7,"SN","",0,0,"",0,"Bexar","TX",NA,46.3,0,0
"4895","56.5%","Comal",2661,"TX","US.281",8,"SN","",0,0,"",0,"Comal","TX",NA,15.6,0,0
"4896","56.6%","Blanco",2631,"TX","US.281",9,"SN","",0,0,"",0,"Blanco","TX",NA,39.2,0,0
"4897","56.6%","Burnet",2642,"TX","US.281",10,"SN","",0,0,"",0,"Burnet","TX",NA,40.2,0,0
"4898","56.6%","Lampasas",2757,"TX","US.281",11,"SN","",0,0,"",0,"Lampasas","TX",NA,29.2,0,0
"4899","56.6%","Coryell",2665,"TX","US.281",12,"SN","",0,0,"",0,"Coryell","TX",NA,2.2,0,0
"4900","56.6%","Hamilton",2712,"TX","US.281",13,"SN","",0,0,"",0,"Hamilton","TX",NA,37.9,0,0
"4901","56.6%","Erath",2687,"TX","US.281",14,"SN","",0,0,"",0,"Erath","TX",NA,38.5,0,0
"4902","56.6%","Palo Pinto",2797,"TX","US.281",15,"SN","",0,0,"",0,"Palo Pinto","TX",NA,35,0,0
"4903","56.6%","Jack",2734,"TX","US.281",16,"SN","",0,0,"",0,"Jack","TX",NA,41.6,0,0
"4904","56.6%","Archer",2620,"TX","US.281",17,"SN","",0,0,"",0,"Archer","TX",NA,27.2,0,0
"4905","56.7%","Wichita",2858,"TX","US.281",18,"SN","",0,0,"",0,"Wichita","TX",NA,20.6,0,0
"4906","56.7%","Cotton",2162,"OK","US.281",19,"SN","",0,0,"",0,"Cotton","OK",NA,25.7,0,0
"4907","56.7%","Comanche",2161,"OK","US.281",20,"SN","",0,0,"",0,"Comanche","OK",NA,29.2,0,0
"4908","56.7%","Caddo",2153,"OK","US.281",21,"SN","",0,0,"",0,"Caddo","OK",NA,62.2,0,0
"4909","56.7%","Canadian",2154,"OK","US.281",22,"SN","",0,0,"",0,"Canadian","OK",NA,5.2,0,0
"4910","56.7%","Blaine",2151,"OK","US.281",23,"SN","",0,0,"",0,"Blaine","OK",NA,30.5,0,0
"4911","56.7%","Dewey",2167,"OK","US.281",24,"SN","",0,0,"",0,"Dewey","OK",NA,26.1,0,0
"4912","56.7%","Major",2189,"OK","US.281",25,"SN","",0,0,"",0,"Major","OK",NA,24.7,0,0
"4913","56.8%","Woods",2221,"OK","US.281",26,"SN","",0,0,"",0,"Woods","OK",NA,46.7,0,0
"4914","56.8%","Barber",900,"KS","US.281",27,"SN","",0,0,"",0,"Barber","KS",NA,40.6,0,0
"4915","56.8%","Pratt",972,"KS","US.281",28,"SN","",0,0,"",0,"Pratt","KS",NA,25.9,0,0
"4916","56.8%","Stafford",989,"KS","US.281",29,"SN","",0,0,"",0,"Stafford","KS",NA,30.2,0,0
"4917","56.8%","Barton",901,"KS","US.281",30,"SN","",0,0,"",0,"Barton","KS",NA,33.9,0,0
"4918","56.8%","Russell",980,"KS","US.281",31,"SN","",0,0,"",0,"Russell","KS",NA,38.7,0,0
"4919","56.8%","Osborne",967,"KS","US.281",32,"SN","",0,0,"",0,"Osborne","KS",NA,30,0,0
"4920","56.8%","Smith",988,"KS","US.281",33,"SN","",0,0,"",0,"Smith","KS",NA,45.4,0,0
"4921","56.8%","Webster",1755,"NE","US.281",34,"SN","",0,0,"",0,"Webster","NE",NA,27.8,0,0
"4922","56.9%","Adams",1665,"NE","US.281",35,"SN","",0,0,"",0,"Adams","NE",NA,26.4,0,1
"4923","56.9%","Hall",1704,"NE","US.281",36,"SN","",0,0,"",0,"Hall","NE",NA,25.2,0,0
"4924","56.9%","Howard",1711,"NE","US.281",37,"SN","",0,0,"",0,"Howard","NE",NA,25.6,1,0
"4925","56.9%","Greeley",1703,"NE","US.281",38,"SN","",0,0,"",0,"Greeley","NE",NA,25.7,1,0
"4926","56.9%","Wheeler",1756,"NE","US.281",39,"SN","",0,0,"",0,"Wheeler","NE",NA,26.2,1,0
"4927","56.9%","Holt",1709,"NE","US.281",40,"SN","",0,0,"",0,"Holt","NE",NA,50.2,0,0
"4928","56.9%","Boyd",1672,"NE","US.281",41,"SN","",0,0,"",0,"Boyd","NE",NA,15.5,1,0
"4929","56.9%","Gregory",2480,"SD","US.281",42,"SN","",0,0,"",0,"Gregory","SD",NA,11.1,0,0
"4930","56.9%","Charles Mix",2465,"SD","US.281",43,"SN","",0,0,"",0,"Charles Mix","SD",NA,24.2,0,0
"4931","57.0%","Douglas",2475,"SD","US.281",44,"SN","",0,0,"",0,"Douglas","SD",NA,18.8,0,0
"4932","57.0%","Aurora",2455,"SD","US.281",45,"SN","",0,0,"",0,"Aurora","SD",NA,30.7,0,0
"4933","57.0%","Jerauld",2490,"SD","US.281",46,"SN","",0,0,"",0,"Jerauld","SD",NA,18,1,0
"4934","57.0%","Beadle",2456,"SD","US.281",47,"SN","",0,0,"",0,"Beadle","SD",NA,30.8,0,0
"4935","57.0%","Spink",2511,"SD","US.281",48,"SN","",0,0,"",0,"Spink","SD",NA,42.8,0,0
"4936","57.0%","Brown",2460,"SD","US.281",49,"SN","",0,0,"",0,"Brown","SD",NA,48.3,0,0
"4937","57.0%","Dickey",2011,"ND","US.281",50,"SN","",0,0,"",0,"Dickey","ND",NA,25.2,1,0
"4938","57.0%","LaMoure",2023,"ND","US.281",51,"SN","",0,0,"",0,"LaMoure","ND",NA,24.5,1,0
"4939","57.1%","Stutsman",2047,"ND","US.281",52,"SN","",0,0,"",0,"Stutsman","ND",NA,53.6,0,0
"4940","57.1%","Foster",2016,"ND","US.281",53,"SN","",0,0,"",0,"Foster","ND",NA,19,0,0
"4941","57.1%","Eddy",2014,"ND","US.281",54,"SN","",0,0,"",0,"Eddy","ND",NA,18.6,1,0
"4942","57.1%","Benson",2003,"ND","US.281",55,"SN","",0,0,"",0,"Benson","ND",NA,42.25,0,0
"4943","57.1%","Ramsey",2036,"ND","US.281",56,"SN","Abuts, to the East, 6.5 mi. shared with Benson",0,0,"",0,"Ramsey","ND","6.50",3.25,0,0
"4944","57.1%","Towner",2048,"ND","US.281",57,"SN","",0,0,"",0,"Towner","ND",NA,46.1,1,0
"4945","57.1%","Rolette",2040,"ND","US.281",58,"SN","",0,0,"",0,"Rolette","ND",NA,39,1,0
"4946","57.1%","McCulloch",2775,"TX","US.283",1,"SN","",0,0,"",0,"McCulloch","TX",NA,18.6,0,0
"4947","57.1%","Coleman",2657,"TX","US.283",2,"SN","",0,0,"",0,"Coleman","TX",NA,47.9,0,0
"4948","57.2%","Callahan",2645,"TX","US.283",3,"SN","",0,0,"",0,"Callahan","TX",NA,30.6,0,0
"4949","57.2%","Shackelford",2824,"TX","US.283",4,"SN","",0,0,"",0,"Shackelford","TX",NA,35,0,0
"4950","57.2%","Throckmorton",2839,"TX","US.283",5,"SN","",0,0,"",0,"Throckmorton","TX",NA,31.2,0,0
"4951","57.2%","Baylor",2627,"TX","US.283",6,"SN","",0,0,"",0,"Baylor","TX",NA,36.3,0,0
"4952","57.2%","Wilbarger",2859,"TX","US.283",7,"SN","",0,0,"",0,"Wilbarger","TX",NA,43.1,0,0
"4953","57.2%","Jackson",2178,"OK","US.283",8,"SN","",0,0,"",0,"Jackson","OK",NA,26.4,0,1
"4954","57.2%","Greer",2173,"OK","US.283",9,"SN","",0,0,"",0,"Greer","OK",NA,31.8,1,0
"4955","57.2%","Beckham",2150,"OK","US.283",10,"SN","",0,0,"",0,"Beckham","OK",NA,23.7,0,0
"4956","57.2%","Roger Mills",2210,"OK","US.283",11,"SN","",0,0,"",0,"Roger Mills","OK",NA,32,1,0
"4957","57.3%","Ellis",2168,"OK","US.283",12,"SN","",0,0,"",0,"Ellis","OK",NA,57.3,0,0
"4958","57.3%","Harper",2175,"OK","US.283",13,"SN","",0,0,"",0,"Harper","OK",NA,31.5,0,0
"4959","57.3%","Clark",909,"KS","US.283",14,"SN","",0,0,"",0,"Clark","KS",NA,33.7,0,0
"4960","57.3%","Ford",925,"KS","US.283",15,"SN","",0,0,"",0,"Ford","KS",NA,35.4,0,1
"4961","57.3%","Hodgeman",938,"KS","US.283",16,"SN","",0,0,"",0,"Hodgeman","KS",NA,24.1,1,0
"4962","57.3%","Ness",964,"KS","US.283",17,"SN","",0,0,"",0,"Ness","KS",NA,30.2,1,0
"4963","57.3%","Trego",994,"KS","US.283",18,"SN","",0,0,"",0,"Trego","KS",NA,31.1,0,0
"4964","57.3%","Graham",929,"KS","US.283",19,"SN","",0,0,"",0,"Graham","KS",NA,30.3,0,0
"4965","57.4%","Norton",965,"KS","US.283",20,"SN","",0,0,"",0,"Norton","KS",NA,32,0,0
"4966","57.4%","Furnas",1697,"NE","US.283",21,"SN","",0,0,"",0,"Furnas","NE",NA,24.2,0,0
"4967","57.4%","Gosper",1701,"NE","US.283",22,"SN","",0,0,"",0,"Gosper","NE",NA,26.7,1,0
"4968","57.4%","Dawson",1688,"NE","US.283",23,"SN","",0,0,"",0,"Dawson","NE",NA,7.6,0,0
"4969","57.4%","Terrell",2837,"TX","US.285",1,"SN","",0,0,"",0,"Terrell","TX",NA,10.5,0,0
"4970","57.4%","Pecos",2801,"TX","US.285",2,"SN","",0,0,"",0,"Pecos","TX",NA,80.9,0,0
"4971","57.4%","Reeves",2810,"TX","US.285",3,"SN","",0,0,"",0,"Reeves","TX",NA,77.5,0,0
"4972","57.4%","Culberson",2670,"TX","US.285",4,"SN","",0,0,"GE",0,"Culberson","TX","0.70",0.7,0,0
"4973","57.4%","Eddy",1814,"NM","US.285",5,"SN","",0,0,"",0,"Eddy","NM",NA,78.3,0,0
"4974","57.5%","Chaves",1808,"NM","US.285",6,"SN","Reentry from North",0,0,"",2001,"Chaves","NM",NA,75.81,0,0
"4975","57.5%","De Baca",1812,"NM","US.285",7,"SN","Reentry from North",0,0,"GE",2002,"De Baca","NM","7.27",7.27,0,0
"4976","57.5%","Chaves",1808,"NM","US.285",8,"SN","Reentry from South",0,0,"GE",3001,"Chaves","NM","0.99",0.99,0,0
"4977","57.5%","De Baca",1812,"NM","US.285",9,"SN","Reentry from South",0,0,"GE",3002,"De Baca","NM","10.50",10.5,0,0
"4978","57.5%","Lincoln",1820,"NM","US.285",10,"SN","",0,0,"GE",0,"Lincoln","NM","10.00",10.1,0,1
"4979","57.5%","Guadalupe",1816,"NM","US.285",11,"SN","",0,0,"",0,"Guadalupe","NM",NA,28.6,0,0
"4980","57.5%","Torrance",1836,"NM","US.285",12,"SN","",0,0,"",0,"Torrance","NM",NA,39.8,0,0
"4981","57.5%","San Miguel",1830,"NM","US.285",13,"SN","",0,0,"GE",0,"San Miguel","NM","4.34",4.4,0,0
"4982","57.5%","Santa Fe",1832,"NM","US.285",14,"SN","",0,0,"",0,"Santa Fe","NM",NA,69.5,0,0
"4983","57.6%","Rio Arriba",1827,"NM","US.285",15,"SN","Reentry from North",0,0,"",2003,"Rio Arriba","NM",NA,25.06,0,0
"4984","57.6%","Taos",1835,"NM","US.285",16,"SN","Reentry from North",0,0,"",2004,"Taos","NM",NA,28.92,0,0
"4985","57.6%","Rio Arriba",1827,"NM","US.285",17,"SN","Reentry",0,0,"",1003,"Rio Arriba","NM","1.10",1.1,0,0
"4986","57.6%","Taos",1835,"NM","US.285",18,"SN","Reentry",0,0,"",1004,"Taos","NM","3.55",3.55,0,0
"4987","57.6%","Rio Arriba",1827,"NM","US.285",19,"SN","Reentry",0,0,"",1003,"Rio Arriba","NM","6.33",6.33,0,0
"4988","57.6%","Taos",1835,"NM","US.285",20,"SN","Reentry",0,0,"",1004,"Taos","NM","0.12",0.12,0,0
"4989","57.6%","Rio Arriba",1827,"NM","US.285",21,"SN","Reentry",0,0,"",1003,"Rio Arriba","NM","3.18",3.18,0,0
"4990","57.6%","Taos",1835,"NM","US.285",22,"SN","Reentry",0,0,"",1004,"Taos","NM","7.89",7.89,0,0
"4991","57.7%","Rio Arriba",1827,"NM","US.285",23,"SN","Reentry from South",0,0,"",3003,"Rio Arriba","NM","1.73",1.73,0,0
"4992","57.7%","Taos",1835,"NM","US.285",24,"SN","Reentry from South",0,0,"",3004,"Taos","NM","3.42",3.42,0,0
"4993","57.7%","Conejos",262,"CO","US.285",25,"SN","",0,0,"",0,"Conejos","CO",NA,25.7,1,0
"4994","57.7%","Alamosa",252,"CO","US.285",26,"SN","",0,0,"",0,"Alamosa","CO",NA,19,0,0
"4995","57.7%","Rio Grande",304,"CO","US.285",27,"SN","",0,0,"",0,"Rio Grande","CO",NA,18.4,0,0
"4996","57.7%","Saguache",306,"CO","US.285",28,"SN","",0,0,"",0,"Saguache","CO",NA,56.1,0,0
"4997","57.7%","Chaffee",259,"CO","US.285",29,"SN","",0,0,"",0,"Chaffee","CO",NA,41.6,0,0
"4998","57.7%","Park",298,"CO","US.285",30,"SN","",0,0,"",0,"Park","CO",NA,67.9,0,0
"4999","57.7%","Jefferson",281,"CO","US.285",31,"SN","",0,0,"",0,"Jefferson","CO",NA,27,0,1
"5000","57.8%","Denver",267,"CO","US.285",32,"SN","Reentry from North",0,0,"",2005,"Denver","CO","6.12",6.12,0,0
"5001","57.8%","Arapahoe",253,"CO","US.285",33,"SN","",0,0,"",0,"Arapahoe","CO","0.62",0.62,0,0
"5002","57.8%","Denver",267,"CO","US.285",34,"SN","Reentry from South",0,0,"",3005,"Denver","CO","1.37",1.37,0,0
"5003","57.8%","Jefferson",2738,"TX","US.287",1,"SN","",0,0,"",0,"Jefferson","TX",NA,27.8,0,1
"5004","57.8%","Hardin",2715,"TX","US.287",2,"SN","",0,0,"",0,"Hardin","TX",NA,28.1,0,0
"5005","57.8%","Tyler",2844,"TX","US.287",3,"SN","",0,0,"",0,"Tyler","TX",NA,36.6,0,1
"5006","57.8%","Polk",2802,"TX","US.287",4,"SN","",0,0,"",0,"Polk","TX",NA,21.7,0,1
"5007","57.8%","Trinity",2843,"TX","US.287",5,"SN","",0,0,"",0,"Trinity","TX",NA,21.1,1,0
"5008","57.8%","Houston",2728,"TX","US.287",6,"SN","",0,0,"",0,"Houston","TX",NA,33.7,1,0
"5009","57.9%","Anderson",2616,"TX","US.287",7,"SN","",0,0,"",0,"Anderson","TX",NA,47.1,0,0
"5010","57.9%","Freestone",2696,"TX","US.287",8,"SN","",0,0,"",0,"Freestone","TX",NA,4.3,0,0
"5011","57.9%","Navarro",2790,"TX","US.287",9,"SN","",0,0,"",0,"Navarro","TX",NA,36,0,0
"5012","57.9%","Ellis",2686,"TX","US.287",10,"SN","",0,0,"",0,"Ellis","TX",NA,42.4,0,0
"5013","57.9%","Johnson",2741,"TX","US.287",11,"SN","",0,0,"",0,"Johnson","TX",NA,2.2,0,1
"5014","57.9%","Tarrant",2835,"TX","US.287",12,"SN","",0,0,"",0,"Tarrant","TX",NA,39.5,0,0
"5015","57.9%","Wise",2864,"TX","US.287",13,"SN","",0,0,"",0,"Wise","TX",NA,37.8,0,0
"5016","57.9%","Montague",2784,"TX","US.287",14,"SN","",0,0,"",0,"Montague","TX",NA,18.5,0,0
"5017","58.0%","Clay",2654,"TX","US.287",15,"SN","",0,0,"",0,"Clay","TX",NA,33,0,0
"5018","58.0%","Wichita",2858,"TX","US.287",16,"SN","",0,0,"",0,"Wichita","TX",NA,34.8,0,0
"5019","58.0%","Wilbarger",2859,"TX","US.287",17,"SN","",0,0,"",0,"Wilbarger","TX",NA,34.3,0,0
"5020","58.0%","Hardeman",2714,"TX","US.287",18,"SN","",0,0,"",0,"Hardeman","TX",NA,31.7,1,0
"5021","58.0%","Childress",2653,"TX","US.287",19,"SN","",0,0,"",0,"Childress","TX",NA,26.8,0,0
"5022","58.0%","Hall",2711,"TX","US.287",20,"SN","",0,0,"",0,"Hall","TX",NA,18.4,1,0
"5023","58.0%","Donley",2680,"TX","US.287",21,"SN","",0,0,"",0,"Donley","TX",NA,37.7,0,0
"5024","58.0%","Armstrong",2621,"TX","US.287",22,"SN","",0,0,"",0,"Armstrong","TX",NA,32.5,1,0
"5025","58.0%","Carson",2648,"TX","US.287",23,"SN","",0,0,"",0,"Carson","TX",NA,0.5,0,0
"5026","58.1%","Potter",2803,"TX","US.287",24,"SN","",0,0,"",0,"Potter","TX",NA,43.7,0,0
"5027","58.1%","Moore",2786,"TX","US.287",25,"SN","",0,0,"",0,"Moore","TX",NA,30.6,0,0
"5028","58.1%","Sherman",2826,"TX","US.287",26,"SN","",0,0,"",0,"Sherman","TX",NA,27.7,0,0
"5029","58.1%","Dallam",2671,"TX","US.287",27,"SN","",0,0,"",0,"Dallam","TX",NA,7,0,0
"5030","58.1%","Cimarron",2158,"OK","US.287",28,"SN","",0,0,"W",0,"Cimarron","OK","40.80",40.8,0,0
"5031","58.1%","Baca",255,"CO","US.287",29,"SN","",0,0,"",0,"Baca","CO",NA,46.7,0,0
"5032","58.1%","Prowers",301,"CO","US.287",30,"SN","",0,0,"",0,"Prowers","CO",NA,48.9,0,0
"5033","58.1%","Kiowa",282,"CO","US.287",31,"SN","",0,0,"",0,"Kiowa","CO",NA,27.2,0,0
"5034","58.1%","Cheyenne",260,"CO","US.287",32,"SN","",0,0,"",0,"Cheyenne","CO",NA,34.3,0,0
"5035","58.2%","Lincoln",288,"CO","US.287",33,"SN","",0,0,"",0,"Lincoln","CO",NA,40.7,0,1
"5036","58.2%","Elbert",272,"CO","US.287",34,"SN","",0,0,"",0,"Elbert","CO",NA,27.2,0,0
"5037","58.2%","Arapahoe",253,"CO","US.287",35,"SN","",0,0,"",0,"Arapahoe","CO",NA,37.6,0,0
"5038","58.2%","Denver",267,"CO","US.287",36,"SN","",0,0,"",0,"Denver","CO",NA,11.4,0,0
"5039","58.2%","Adams",251,"CO","US.287",37,"SN","",0,0,"",0,"Adams","CO",NA,24.9,0,1
"5040","58.2%","Broomfield",258,"CO","US.287",38,"SN","",0,0,"",0,"Broomfield","CO",NA,3.9,0,0
"5041","58.2%","Boulder",257,"CO","US.287",39,"SN","",0,0,"",0,"Boulder","CO",NA,22.4,0,0
"5042","58.2%","Larimer",286,"CO","US.287",40,"SN","",0,0,"",0,"Larimer","CO",NA,63,0,0
"5043","58.3%","Albany",3253,"WY","US.287",41,"SN","",0,0,"",0,"Albany","WY",NA,74.9,0,0
"5044","58.3%","Carbon",3256,"WY","US.287",42,"SN","",0,0,"",0,"Carbon","WY",NA,116.7,0,0
"5045","58.3%","Fremont",3259,"WY","US.287",43,"SN","Reentry from North",0,0,"GE",2001,"Fremont","WY","0.09",0.09,0,0
"5046","58.3%","Natrona",3265,"WY","US.287",44,"SN","",0,0,"GE",0,"Natrona","WY","1.40",1.4,0,0
"5047","58.3%","Fremont",3259,"WY","US.287",45,"SN","Reentry from South",0,0,"",3001,"Fremont","WY",NA,176.71,0,0
"5048","58.3%","Teton",3272,"WY","US.287",46,"SN","",0,0,"",0,"Teton","WY",NA,53.4,0,0
"5049","58.3%","Gallatin",1624,"MT","US.287",47,"SN","Reentry from North",0,0,"",2002,"Gallatin","MT",NA,24.4,0,0
"5050","58.3%","Madison",1636,"MT","US.287",48,"SN","",0,0,"",0,"Madison","MT",NA,78.9,0,1
"5051","58.3%","Gallatin",1624,"MT","US.287",49,"SN","Reentry from South",0,0,"GE",3002,"Gallatin","MT","2.30",2.3,0,0
"5052","58.4%","Jefferson",1630,"MT","US.287",50,"SN","",0,0,"",0,"Jefferson","MT",NA,7.5,0,1
"5053","58.4%","Broadwater",1612,"MT","US.287",51,"SN","",0,0,"",0,"Broadwater","MT",NA,57.9,0,0
"5054","58.4%","Lewis and Clark",1633,"MT","US.287",52,"SN","",0,0,"",0,"Lewis and Clark","MT",NA,88.7,0,0
"5055","58.4%","Teton",1658,"MT","US.287",53,"SN","",0,0,"",0,"Teton","MT",NA,21.6,0,0
"5056","58.4%","Escambia",343,"FL","US.29",1,"SN","",0,0,"W",0,"Escambia","FL","43.70",43.4,0,0
"5057","58.4%","Escambia",27,"AL","US.29",2,"SN","",0,0,"",0,"Escambia","AL",NA,41,0,0
"5058","58.4%","Covington",20,"AL","US.29",3,"SN","",0,0,"",0,"Covington","AL",NA,35.5,0,0
"5059","58.4%","Crenshaw",21,"AL","US.29",4,"SN","",0,0,"",0,"Crenshaw","AL",NA,30.3,0,0
"5060","58.4%","Pike",55,"AL","US.29",5,"SN","",0,0,"",0,"Pike","AL",NA,32.4,0,0
"5061","58.5%","Bullock",6,"AL","US.29",6,"SN","",0,0,"",0,"Bullock","AL",NA,26.6,0,0
"5062","58.5%","Macon",44,"AL","US.29",7,"SN","",0,0,"",0,"Macon","AL",NA,26.4,0,0
"5063","58.5%","Lee",41,"AL","US.29",8,"SN","",0,0,"",0,"Lee","AL",NA,25.2,0,0
"5064","58.5%","Chambers",9,"AL","US.29",9,"SN","",0,0,"",0,"Chambers","AL",NA,10.6,0,0
"5065","58.5%","Troup",535,"GA","US.29",10,"SN","",0,0,"",0,"Troup","GA",NA,34.7,0,0
"5066","58.5%","Coweta",432,"GA","US.29",11,"SN","",0,0,"",0,"Coweta","GA",NA,27.8,0,0
"5067","58.5%","Fulton",454,"GA","US.29",12,"SN","Reentry from North",0,0,"",2001,"Fulton","GA",NA,16.4,0,0
"5068","58.5%","Clayton",425,"GA","US.29",13,"SN","",0,0,"",0,"Clayton","GA",NA,0.4,0,0
"5069","58.6%","Fulton",454,"GA","US.29",14,"SN","Reentry from South",0,0,"",3001,"Fulton","GA",NA,12.9,0,0
"5070","58.6%","DeKalb",438,"GA","US.29",15,"SN","",0,0,"",0,"DeKalb","GA",NA,12.2,0,0
"5071","58.6%","Gwinnett",461,"GA","US.29",16,"SN","",0,0,"",0,"Gwinnett","GA",NA,23.9,0,0
"5072","58.6%","Barrow",401,"GA","US.29",17,"SN","",0,0,"",0,"Barrow","GA",NA,15.8,0,0
"5073","58.6%","Oconee",502,"GA","US.29",18,"SN","",0,0,"",0,"Oconee","GA",NA,10.3,0,0
"5074","58.6%","Clarke",423,"GA","US.29",19,"SN","",0,0,"",0,"Clarke","GA",NA,10.3,0,0
"5075","58.6%","Madison",489,"GA","US.29",20,"SN","",0,0,"",0,"Madison","GA",NA,18.5,1,1
"5076","58.6%","Franklin",453,"GA","US.29",21,"SN","",0,0,"",0,"Franklin","GA",NA,6.8,0,0
"5077","58.6%","Hart",467,"GA","US.29",22,"SN","",0,0,"",0,"Hart","GA",NA,19.6,0,0
"5078","58.7%","Anderson",2412,"SC","US.29",23,"SN","",0,0,"",0,"Anderson","SC",NA,39.3,0,0
"5079","58.7%","Greenville",2431,"SC","US.29",24,"SN","",0,0,"",0,"Greenville","SC",NA,18.9,0,0
"5080","58.7%","Spartanburg",2450,"SC","US.29",25,"SN","",0,0,"",0,"Spartanburg","SC",NA,27.4,0,0
"5081","58.7%","Cherokee",2419,"SC","US.29",26,"SN","",0,0,"",0,"Cherokee","SC",NA,24.1,0,0
"5082","58.7%","Cleveland",1923,"NC","US.29",27,"SN","",0,0,"",0,"Cleveland","NC",NA,8.7,0,1
"5083","58.7%","Gaston",1936,"NC","US.29",28,"SN","",0,0,"",0,"Gaston","NC",NA,18.8,0,0
"5084","58.7%","Mecklenburg",1960,"NC","US.29",29,"SN","",0,0,"",0,"Mecklenburg","NC",NA,22.8,0,0
"5085","58.7%","Cabarrus",1913,"NC","US.29",30,"SN","",0,0,"",0,"Cabarrus","NC",NA,14.1,0,0
"5086","58.8%","Rowan",1980,"NC","US.29",31,"SN","",0,0,"",0,"Rowan","NC",NA,20.6,0,0
"5087","58.8%","Davidson",1929,"NC","US.29",32,"SN","",0,0,"",0,"Davidson","NC",NA,24.7,0,0
"5088","58.8%","Randolph",1976,"NC","US.29",33,"SN","",0,0,"",0,"Randolph","NC",NA,1.6,0,0
"5089","58.8%","Guilford",1941,"NC","US.29",34,"SN","",0,0,"",0,"Guilford","NC",NA,32.2,0,0
"5090","58.8%","Rockingham",1979,"NC","US.29",35,"SN","",0,0,"",0,"Rockingham","NC",NA,19.2,0,0
"5091","58.8%","Caswell",1917,"NC","US.29",36,"SN","",0,0,"",0,"Caswell","NC",NA,5.9,0,0
"5092","58.8%","Danville, City of",3035,"VA","US.29",37,"SN","",19,0,"",0,"Danville, City of","VA",NA,9.1,0,0
"5093","58.8%","Pittsylvania",3033,"VA","US.29",38,"SN","",19,1,"",0,"Pittsylvania","VA",NA,38.6,0,0
"5094","58.8%","Campbell",2951,"VA","US.29",39,"SN","Reentry from North",10,1,"",2002,"Campbell","VA",NA,21.15,0,0
"5095","58.9%","Lynchburg, City of",2953,"VA","US.29",40,"SN","Reentry from North",10,0,"",2005,"Lynchburg, City of","VA",NA,6.09,0,0
"5096","58.9%","Campbell",2951,"VA","US.29",41,"SN","Reentry from South",10,1,"",3002,"Campbell","VA","0.55",0.55,0,0
"5097","58.9%","Lynchburg, City of",2953,"VA","US.29",42,"SN","Reentry from South",10,0,"",3005,"Lynchburg, City of","VA","0.41",0.41,0,0
"5098","58.9%","Amherst",2935,"VA","US.29",43,"SN","",0,0,"",0,"Amherst","VA",NA,21.1,0,0
"5099","58.9%","Nelson",3023,"VA","US.29",44,"SN","",0,0,"",0,"Nelson","VA",NA,21.7,0,0
"5100","58.9%","Albemarle",2928,"VA","US.29",45,"SN","Reentry from North",6,1,"",2003,"Albemarle","VA",NA,20.3,0,0
"5101","58.9%","Charlottesville, City of",2930,"VA","US.29",46,"SN","",6,0,"",0,"Charlottesville, City of","VA",NA,0.7,0,0
"5102","58.9%","Albemarle",2928,"VA","US.29",47,"SN","Reentry from South",6,1,"",3003,"Albemarle","VA","10.40",10.4,0,0
"5103","58.9%","Greene",2990,"VA","US.29",48,"SN","",0,0,"",0,"Greene","VA",NA,6.9,0,0
"5104","59.0%","Madison",3016,"VA","US.29",49,"SN","",0,0,"",0,"Madison","VA",NA,16.8,0,1
"5105","59.0%","Culpeper",2968,"VA","US.29",50,"SN","",0,0,"",0,"Culpeper","VA",NA,19.9,0,0
"5106","59.0%","Fauquier",2979,"VA","US.29",51,"SN","",0,0,"",0,"Fauquier","VA",NA,21,0,0
"5107","59.0%","Prince William",3041,"VA","US.29",52,"SN","",0,0,"",0,"Prince William","VA",NA,10,0,0
"5108","59.0%","Fairfax",2975,"VA","US.29",53,"SN","Reentry from North",15,1,"",2004,"Fairfax","VA",NA,9.41,0,0
"5109","59.0%","Fairfax, City of",2977,"VA","US.29",54,"SN","",15,0,"",0,"Fairfax, City of","VA",NA,3.5,0,0
"5110","59.0%","Fairfax",2975,"VA","US.29",55,"SN","Reentry from South",15,1,"",3004,"Fairfax","VA","5.19",5.19,0,0
"5111","59.0%","Falls Church, City of",2978,"VA","US.29",56,"SN","",15,0,"",0,"Falls Church, City of","VA",NA,1.1,1,0
"5112","59.1%","Arlington",2937,"VA","US.29",57,"SN","",0,0,"",0,"Arlington","VA",NA,5.5,0,0
"5113","59.1%","District of Columbia",327,"DC","US.29",58,"SN","",0,0,"W",0,"District of Columbia","DC","8.60",8.6,0,0
"5114","59.1%","Montgomery",1218,"MD","US.29",59,"SN","",0,0,"",0,"Montgomery","MD",NA,12.3,0,0
"5115","59.1%","Howard",1216,"MD","US.29",60,"SN","",0,0,"",0,"Howard","MD",NA,13.6,0,0
"5116","59.1%","Kimble",2749,"TX","US.290",1,"WE","",0,0,"",0,"Kimble","TX",NA,14.6,0,0
"5117","59.1%","Gillespie",2701,"TX","US.290",2,"WE","",0,0,"",0,"Gillespie","TX",NA,46,0,0
"5118","59.1%","Blanco",2631,"TX","US.290",3,"WE","",0,0,"",0,"Blanco","TX",NA,26.3,0,0
"5119","59.1%","Hays",2720,"TX","US.290",4,"WE","",0,0,"",0,"Hays","TX",NA,17.1,0,0
"5120","59.1%","Travis",2842,"TX","US.290",5,"WE","",0,0,"",0,"Travis","TX",NA,40.3,0,0
"5121","59.2%","Bastrop",2626,"TX","US.290",6,"WE","",0,0,"",0,"Bastrop","TX",NA,24.6,1,0
"5122","59.2%","Lee",2759,"TX","US.290",7,"WE","",0,0,"",0,"Lee","TX",NA,16.3,0,0
"5123","59.2%","Fayette",2690,"TX","US.290",8,"WE","Reentry from East",0,0,"",2001,"Fayette","TX",NA,2.25,0,0
"5124","59.2%","Washington",2854,"TX","US.290",9,"WE","Reentry from East",0,0,"",2002,"Washington","TX","0.60",0.6,0,1
"5125","59.2%","Fayette",2690,"TX","US.290",10,"WE","Reentry",0,0,"",1001,"Fayette","TX","2.31",2.31,0,0
"5126","59.2%","Washington",2854,"TX","US.290",11,"WE","Reentry",0,0,"",1002,"Washington","TX","0.40",0.4,0,1
"5127","59.2%","Fayette",2690,"TX","US.290",12,"WE","Reentry from West",0,0,"",3001,"Fayette","TX","2.14",2.14,0,0
"5128","59.2%","Washington",2854,"TX","US.290",13,"WE","Reentry from West",0,0,"",3002,"Washington","TX",NA,31.8,0,1
"5129","59.2%","Waller",2852,"TX","US.290",14,"WE","",0,0,"",0,"Waller","TX",NA,16.7,0,0
"5130","59.3%","Harris",2716,"TX","US.290",15,"WE","",0,0,"",0,"Harris","TX",NA,35.1,0,0
"5131","59.3%","Middlesex",1235,"MA","US.3",1,"SN","",0,0,"",0,"Middlesex","MA",NA,35.4,0,0
"5132","59.3%","Hillsborough",1780,"NH","US.3",2,"SN","",0,0,"",0,"Hillsborough","NH",NA,27.4,0,0
"5133","59.3%","Merrimack",1781,"NH","US.3",3,"SN","",0,0,"",0,"Merrimack","NH",NA,36.7,0,0
"5134","59.3%","Belknap",1775,"NH","US.3",4,"SN","",0,0,"",0,"Belknap","NH",NA,28.2,0,0
"5135","59.3%","Grafton",1779,"NH","US.3",5,"SN","",0,0,"",0,"Grafton","NH",NA,55.4,0,0
"5136","59.3%","Coos",1778,"NH","US.3",6,"SN","",0,0,"",0,"Coos","NH",NA,95.8,0,0
"5137","59.3%","Clatsop",2226,"OR","US.30",1,"WE","",0,0,"",0,"Clatsop","OR",NA,27.3,0,0
"5138","59.4%","Columbia",2227,"OR","US.30",2,"WE","",0,0,"",0,"Columbia","OR",NA,50.3,0,0
"5139","59.4%","Multnomah",2248,"OR","US.30",3,"WE","",0,0,"",0,"Multnomah","OR",NA,58.3,0,0
"5140","59.4%","Hood River",2236,"OR","US.30",4,"WE","",0,0,"",0,"Hood River","OR",NA,26.1,0,0
"5141","59.4%","Wasco",2255,"OR","US.30",5,"WE","",0,0,"",0,"Wasco","OR",NA,35.4,0,0
"5142","59.4%","Sherman",2250,"OR","US.30",6,"WE","",0,0,"",0,"Sherman","OR",NA,14.6,0,0
"5143","59.4%","Gilliam",2233,"OR","US.30",7,"WE","",0,0,"",0,"Gilliam","OR",NA,34.8,0,0
"5144","59.4%","Morrow",2247,"OR","US.30",8,"WE","",0,0,"",0,"Morrow","OR",NA,27.7,0,0
"5145","59.4%","Umatilla",2252,"OR","US.30",9,"WE","",0,0,"",0,"Umatilla","OR",NA,66,0,0
"5146","59.4%","Union",2253,"OR","US.30",10,"WE","",0,0,"",0,"Union","OR",NA,42.2,0,0
"5147","59.5%","Baker",2223,"OR","US.30",11,"WE","",0,0,"",0,"Baker","OR",NA,67.6,0,0
"5148","59.5%","Malheur",2245,"OR","US.30",12,"WE","",0,0,"",0,"Malheur","OR",NA,25.1,0,0
"5149","59.5%","Payette",597,"ID","US.30",13,"WE","",0,0,"",0,"Payette","ID",NA,21.7,0,0
"5150","59.5%","Canyon",573,"ID","US.30",14,"WE","",0,0,"",0,"Canyon","ID",NA,22.8,0,0
"5151","59.5%","Ada",560,"ID","US.30",15,"WE","",0,0,"",0,"Ada","ID",NA,32.6,0,0
"5152","59.5%","Elmore",579,"ID","US.30",16,"WE","",0,0,"",0,"Elmore","ID",NA,59.7,0,0
"5153","59.5%","Gooding",583,"ID","US.30",17,"WE","",0,0,"",0,"Gooding","ID",NA,20.9,0,0
"5154","59.5%","Twin Falls",601,"ID","US.30",18,"WE","",0,0,"",0,"Twin Falls","ID",NA,56,0,0
"5155","59.5%","Cassia",575,"ID","US.30",19,"WE","Reentry from East",0,0,"",2001,"Cassia","ID",NA,17.5,0,0
"5156","59.6%","Minidoka",593,"ID","US.30",20,"WE","",0,0,"",0,"Minidoka","ID",NA,7.4,0,0
"5157","59.6%","Cassia",575,"ID","US.30",21,"WE","Reentry from West",0,0,"",3001,"Cassia","ID","23.40",23.4,0,0
"5158","59.6%","Power",598,"ID","US.30",22,"WE","",0,0,"",0,"Power","ID",NA,41.2,0,0
"5159","59.6%","Bannock",562,"ID","US.30",23,"WE","",0,0,"",0,"Bannock","ID",NA,44,0,0
"5160","59.6%","Caribou",574,"ID","US.30",24,"WE","",0,0,"",0,"Caribou","ID",NA,25.2,1,0
"5161","59.6%","Bear Lake",563,"ID","US.30",25,"WE","",0,0,"",0,"Bear Lake","ID",NA,42.4,0,0
"5162","59.6%","Lincoln",3264,"WY","US.30",26,"WE","",0,0,"",0,"Lincoln","WY",NA,90.7,0,1
"5163","59.6%","Sweetwater",3271,"WY","US.30",27,"WE","",0,0,"",0,"Sweetwater","WY",NA,143.5,0,0
"5164","59.7%","Carbon",3256,"WY","US.30",28,"WE","",0,0,"",0,"Carbon","WY",NA,79.8,0,0
"5165","59.7%","Albany",3253,"WY","US.30",29,"WE","",0,0,"",0,"Albany","WY",NA,73.4,0,0
"5166","59.7%","Laramie",3263,"WY","US.30",30,"WE","",0,0,"",0,"Laramie","WY",NA,66.9,0,0
"5167","59.7%","Kimball",1717,"NE","US.30",31,"WE","",0,0,"",0,"Kimball","NE",NA,36.3,0,0
"5168","59.7%","Cheyenne",1681,"NE","US.30",32,"WE","",0,0,"",0,"Cheyenne","NE",NA,41.6,0,0
"5169","59.7%","Deuel",1689,"NE","US.30",33,"WE","",0,0,"",0,"Deuel","NE",NA,29.7,0,0
"5170","59.7%","Keith",1715,"NE","US.30",34,"WE","",0,0,"",0,"Keith","NE",NA,41.6,0,0
"5171","59.7%","Lincoln",1720,"NE","US.30",35,"WE","",0,0,"",0,"Lincoln","NE",NA,59.2,0,1
"5172","59.7%","Dawson",1688,"NE","US.30",36,"WE","",0,0,"",0,"Dawson","NE",NA,45.1,0,0
"5173","59.8%","Buffalo",1674,"NE","US.30",37,"WE","",0,0,"",0,"Buffalo","NE",NA,38.2,0,0
"5174","59.8%","Hall",1704,"NE","US.30",38,"WE","",0,0,"",0,"Hall","NE",NA,26,0,0
"5175","59.8%","Merrick",1725,"NE","US.30",39,"WE","",0,0,"",0,"Merrick","NE",NA,45.3,0,0
"5176","59.8%","Platte",1735,"NE","US.30",40,"WE","",0,0,"",0,"Platte","NE",NA,21.1,0,0
"5177","59.8%","Colfax",1683,"NE","US.30",41,"WE","",0,0,"",0,"Colfax","NE",NA,18.8,1,0
"5178","59.8%","Dodge",1691,"NE","US.30",42,"WE","",0,0,"",0,"Dodge","NE",NA,30.1,0,0
"5179","59.8%","Washington",1753,"NE","US.30",43,"WE","",0,0,"",0,"Washington","NE",NA,18.1,0,1
"5180","59.8%","Harrison",840,"IA","US.30",44,"WE","",0,0,"",0,"Harrison","IA",NA,38.5,0,1
"5181","59.8%","Crawford",821,"IA","US.30",45,"WE","",0,0,"",0,"Crawford","IA",NA,31.7,0,0
"5182","59.9%","Carroll",811,"IA","US.30",46,"WE","",0,0,"",0,"Carroll","IA",NA,24.6,0,0
"5183","59.9%","Greene",834,"IA","US.30",47,"WE","",0,0,"",0,"Greene","IA",NA,24.5,1,0
"5184","59.9%","Boone",805,"IA","US.30",48,"WE","",0,0,"",0,"Boone","IA",NA,24.5,0,0
"5185","59.9%","Story",882,"IA","US.30",49,"WE","",0,0,"",0,"Story","IA",NA,24.3,0,0
"5186","59.9%","Marshall",861,"IA","US.30",50,"WE","",0,0,"",0,"Marshall","IA",NA,24.2,1,0
"5187","59.9%","Tama",883,"IA","US.30",51,"WE","",0,0,"",0,"Tama","IA",NA,24.8,0,0
"5188","59.9%","Benton",803,"IA","US.30",52,"WE","",0,0,"",0,"Benton","IA",NA,23.9,0,0
"5189","59.9%","Linn",854,"IA","US.30",53,"WE","",0,0,"",0,"Linn","IA",NA,25.2,0,0
"5190","60.0%","Cedar",813,"IA","US.30",54,"WE","",0,0,"",0,"Cedar","IA",NA,25.3,0,0
"5191","60.0%","Clinton",820,"IA","US.30",55,"WE","",0,0,"",0,"Clinton","IA",NA,39.4,0,1
"5192","60.0%","Whiteside",701,"IL","US.30",56,"WE","",0,0,"",0,"Whiteside","IL",NA,31,0,0
"5193","60.0%","Lee",655,"IL","US.30",57,"WE","",0,0,"",0,"Lee","IL",NA,35.6,0,0
"5194","60.0%","DeKalb",622,"IL","US.30",58,"WE","",0,0,"",0,"DeKalb","IL",NA,17.8,0,0
"5195","60.0%","Kane",648,"IL","US.30",59,"WE","",0,0,"",0,"Kane","IL",NA,14.8,0,0
"5196","60.0%","Kendall",650,"IL","US.30",60,"WE","",0,0,"",0,"Kendall","IL",NA,7.1,0,0
"5197","60.0%","Will",702,"IL","US.30",61,"WE","",0,0,"",0,"Will","IL",NA,32,0,0
"5198","60.0%","Cook",619,"IL","US.30",62,"WE","",0,0,"",0,"Cook","IL",NA,14.3,0,0
"5199","60.1%","Lake",750,"IN","US.30",63,"WE","",0,0,"",0,"Lake","IN",NA,15.9,0,0
"5200","60.1%","Porter",769,"IN","US.30",64,"WE","",0,0,"",0,"Porter","IN",NA,15.5,0,0
"5201","60.1%","LaPorte",751,"IN","US.30",65,"WE","",0,0,"",0,"LaPorte","IN",NA,12.4,0,0
"5202","60.1%","Starke",780,"IN","US.30",66,"WE","",0,0,"",0,"Starke","IN",NA,12.6,0,0
"5203","60.1%","Marshall",755,"IN","US.30",67,"WE","",0,0,"",0,"Marshall","IN",NA,22.7,0,0
"5204","60.1%","Kosciusko",748,"IN","US.30",68,"WE","",0,0,"",0,"Kosciusko","IN",NA,23,1,0
"5205","60.1%","Whitley",797,"IN","US.30",69,"WE","",0,0,"",0,"Whitley","IN",NA,17.5,0,0
"5206","60.1%","Allen",707,"IN","US.30",70,"WE","",0,0,"",0,"Allen","IN",NA,35.6,0,0
"5207","60.1%","Paulding",2120,"OH","US.30",71,"WE","",0,0,"",0,"Paulding","OH",NA,1.2,0,0
"5208","60.2%","Van Wert",2138,"OH","US.30",72,"WE","",0,0,"",0,"Van Wert","OH",NA,26,0,0
"5209","60.2%","Putnam",2126,"OH","US.30",73,"WE","",0,0,"",0,"Putnam","OH",NA,1.4,0,0
"5210","60.2%","Allen",2059,"OH","US.30",74,"WE","",0,0,"",0,"Allen","OH",NA,23.9,0,0
"5211","60.2%","Hancock",2089,"OH","US.30",75,"WE","",0,0,"",0,"Hancock","OH",NA,19.1,0,0
"5212","60.2%","Wyandot",2145,"OH","US.30",76,"WE","",0,0,"",0,"Wyandot","OH",NA,24.4,0,0
"5213","60.2%","Crawford",2074,"OH","US.30",77,"WE","",0,0,"",0,"Crawford","OH",NA,22.1,1,0
"5214","60.2%","Richland",2127,"OH","US.30",78,"WE","",0,0,"",0,"Richland","OH",NA,19.1,0,0
"5215","60.2%","Ashland",2060,"OH","US.30",79,"WE","",0,0,"",0,"Ashland","OH",NA,13.3,0,0
"5216","60.3%","Wayne",2142,"OH","US.30",80,"WE","",0,0,"",0,"Wayne","OH",NA,26.4,0,0
"5217","60.3%","Stark",2133,"OH","US.30",81,"WE","",0,0,"",0,"Stark","OH",NA,32.9,0,0
"5218","60.3%","Columbiana",2072,"OH","US.30",82,"WE","",0,0,"",0,"Columbiana","OH",NA,35.7,0,0
"5219","60.3%","Hancock",3140,"WV","US.30",83,"WE","",0,0,"",0,"Hancock","WV","3.40",3.4,0,0
"5220","60.3%","Beaver",2262,"PA","US.30",84,"WE","",0,0,"",0,"Beaver","PA",NA,13.5,0,0
"5221","60.3%","Allegheny",2260,"PA","US.30",85,"WE","",0,0,"",0,"Allegheny","PA",NA,36.7,0,0
"5222","60.3%","Westmoreland",2323,"PA","US.30",86,"WE","",0,0,"",0,"Westmoreland","PA",NA,40.7,0,0
"5223","60.3%","Somerset",2314,"PA","US.30",87,"WE","",0,0,"",0,"Somerset","PA",NA,22.8,0,0
"5224","60.3%","Bedford",2263,"PA","US.30",88,"WE","",0,0,"",0,"Bedford","PA",NA,35,0,0
"5225","60.4%","Fulton",2287,"PA","US.30",89,"WE","",0,0,"",0,"Fulton","PA",NA,18.5,0,0
"5226","60.4%","Franklin",2286,"PA","US.30",90,"WE","",0,0,"",0,"Franklin","PA",NA,28.4,0,0
"5227","60.4%","Adams",2259,"PA","US.30",91,"WE","",0,0,"",0,"Adams","PA",NA,28.2,0,1
"5228","60.4%","York",2325,"PA","US.30",92,"WE","",0,0,"",0,"York","PA",NA,27.4,0,0
"5229","60.4%","Lancaster",2294,"PA","US.30",93,"WE","",0,0,"",0,"Lancaster","PA",NA,31.6,0,0
"5230","60.4%","Chester",2273,"PA","US.30",94,"WE","",0,0,"",0,"Chester","PA",NA,31.1,0,0
"5231","60.4%","Delaware",2281,"PA","US.30",95,"WE","Reentry from East",0,0,"",2002,"Delaware","PA",NA,4.35,0,0
"5232","60.4%","Montgomery",2304,"PA","US.30",96,"WE","Reentry from West",0,0,"",2003,"Montgomery","PA","0.95",0.95,0,0
"5233","60.4%","Delaware",2281,"PA","US.30",97,"WE","Reentry from East",0,0,"",3002,"Delaware","PA","0.25",0.25,0,0
"5234","60.5%","Montgomery",2304,"PA","US.30",98,"WE","Reentry from West",0,0,"",3003,"Montgomery","PA",NA,3.55,0,0
"5235","60.5%","Philadelphia",2309,"PA","US.30",99,"WE","",0,0,"",0,"Philadelphia","PA",NA,7.3,0,0
"5236","60.5%","Camden",1788,"NJ","US.30",100,"WE","",0,0,"",0,"Camden","NJ",NA,27.8,0,0
"5237","60.5%","Atlantic",1785,"NJ","US.30",101,"WE","",0,0,"",0,"Atlantic","NJ",NA,30,0,0
"5238","60.5%","Sarasota",385,"FL","US.301",1,"SN","",0,0,"",0,"Sarasota","FL",NA,4.1,0,0
"5239","60.5%","Manatee",367,"FL","US.301",2,"SN","",0,0,"",0,"Manatee","FL",NA,25.9,0,0
"5240","60.5%","Hillsborough",355,"FL","US.301",3,"SN","",0,0,"",0,"Hillsborough","FL",NA,42,0,0
"5241","60.5%","Pasco",378,"FL","US.301",4,"SN","",0,0,"",0,"Pasco","FL",NA,22.4,0,0
"5242","60.6%","Hernando",353,"FL","US.301",5,"SN","",0,0,"",0,"Hernando","FL",NA,6.7,0,0
"5243","60.6%","Sumter",387,"FL","US.301",6,"SN","",0,0,"",0,"Sumter","FL",NA,30.4,0,0
"5244","60.6%","Marion",368,"FL","US.301",7,"SN","",0,0,"",0,"Marion","FL",NA,35.5,0,0
"5245","60.6%","Alachua",328,"FL","US.301",8,"SN","",0,0,"",0,"Alachua","FL",NA,29.4,0,0
"5246","60.6%","Bradford",331,"FL","US.301",9,"SN","",0,0,"",0,"Bradford","FL",NA,20.4,1,0
"5247","60.6%","Clay",337,"FL","US.301",10,"SN","",0,0,"",0,"Clay","FL",NA,5.6,0,0
"5248","60.6%","Duval",342,"FL","US.301",11,"SN","",0,0,"",0,"Duval","FL",NA,13.7,0,0
"5249","60.6%","Nassau",372,"FL","US.301",12,"SN","",0,0,"",0,"Nassau","FL",NA,33.4,0,0
"5250","60.6%","Charlton",418,"GA","US.301",13,"SN","",0,0,"",0,"Charlton","GA",NA,20.3,0,0
"5251","60.7%","Brantley",407,"GA","US.301",14,"SN","",0,0,"",0,"Brantley","GA",NA,20.2,0,0
"5252","60.7%","Wayne",545,"GA","US.301",15,"SN","",0,0,"",0,"Wayne","GA",NA,23.5,0,0
"5253","60.7%","Long",485,"GA","US.301",16,"SN","",0,0,"",0,"Long","GA",NA,20.9,0,0
"5254","60.7%","Tattnall",526,"GA","US.301",17,"SN","",0,0,"",0,"Tattnall","GA",NA,14.7,0,0
"5255","60.7%","Evans",448,"GA","US.301",18,"SN","",0,0,"",0,"Evans","GA",NA,14.9,0,0
"5256","60.7%","Bulloch",410,"GA","US.301",19,"SN","",0,0,"",0,"Bulloch","GA",NA,24.3,0,0
"5257","60.7%","Screven",518,"GA","US.301",20,"SN","",0,0,"",0,"Screven","GA",NA,31,1,0
"5258","60.7%","Allendale",2411,"SC","US.301",21,"SN","",0,0,"",0,"Allendale","SC",NA,23.6,0,0
"5259","60.7%","Bamberg",2413,"SC","US.301",22,"SN","",0,0,"",0,"Bamberg","SC",NA,19.3,0,0
"5260","60.8%","Orangeburg",2446,"SC","US.301",23,"SN","",0,0,"",0,"Orangeburg","SC",NA,41,0,0
"5261","60.8%","Clarendon",2422,"SC","US.301",24,"SN","",0,0,"",0,"Clarendon","SC",NA,42.8,0,0
"5262","60.8%","Florence",2429,"SC","US.301",25,"SN","",0,0,"",0,"Florence","SC",NA,37.6,0,0
"5263","60.8%","Marion",2441,"SC","US.301",26,"SN","",0,0,"",0,"Marion","SC",NA,8.3,0,0
"5264","60.8%","Dillon",2425,"SC","US.301",27,"SN","",0,0,"",0,"Dillon","SC",NA,17.8,0,0
"5265","60.8%","Robeson",1978,"NC","US.301",28,"SN","",0,0,"",0,"Robeson","NC",NA,41.2,0,0
"5266","60.8%","Cumberland",1926,"NC","US.301",29,"SN","",0,0,"",0,"Cumberland","NC",NA,31.1,0,0
"5267","60.8%","Harnett",1943,"NC","US.301",30,"SN","",0,0,"",0,"Harnett","NC",NA,9.8,0,0
"5268","60.9%","Johnston",1951,"NC","US.301",31,"SN","",0,0,"",0,"Johnston","NC",NA,31.7,0,0
"5269","60.9%","Wilson",1998,"NC","US.301",32,"SN","",0,0,"",0,"Wilson","NC",NA,25,0,1
"5270","60.9%","Nash",1964,"NC","US.301",33,"SN","",0,0,"",0,"Nash","NC",NA,22.6,0,0
"5271","60.9%","Edgecombe",1933,"NC","US.301",34,"SN","",0,0,"",0,"Edgecombe","NC",NA,2.3,0,0
"5272","60.9%","Halifax",1942,"NC","US.301",35,"SN","",0,0,"",0,"Halifax","NC",NA,21.9,0,0
"5273","60.9%","Northampton",1966,"NC","US.301",36,"SN","",0,0,"",0,"Northampton","NC",NA,9.4,0,0
"5274","60.9%","Greensville",2991,"VA","US.301",37,"SN","Reentry from North",16,1,"",2001,"Greensville","VA",NA,9.2,0,0
"5275","60.9%","Emporia, City of",2993,"VA","US.301",38,"SN","",16,0,"",0,"Emporia, City of","VA",NA,3,0,0
"5276","60.9%","Greensville",2991,"VA","US.301",39,"SN","Reentry from South",16,1,"",3001,"Greensville","VA","4.30",4.3,0,0
"5277","61.0%","Sussex",3072,"VA","US.301",40,"SN","",0,0,"",0,"Sussex","VA",NA,18.3,0,0
"5278","61.0%","Prince George",3038,"VA","US.301",41,"SN","",0,0,"",0,"Prince George","VA",NA,13.6,0,0
"5279","61.0%","Petersburg, City of",2973,"VA","US.301",42,"SN","",0,0,"",0,"Petersburg, City of","VA",NA,5.7,0,0
"5280","61.0%","Colonial Heights, City of",2962,"VA","US.301",43,"SN","",2,0,"",0,"Colonial Heights, City of","VA",NA,3.3,0,0
"5281","61.0%","Chesterfield",2960,"VA","US.301",44,"SN","",2,1,"",0,"Chesterfield","VA",NA,12.6,0,0
"5282","61.0%","Richmond, City of",2999,"VA","US.301",45,"SN","",3,0,"",0,"Richmond, City of","VA",NA,10.1,0,0
"5283","61.0%","Henrico",2997,"VA","US.301",46,"SN","",3,1,"",0,"Henrico","VA",NA,3.2,0,0
"5284","61.0%","Hanover",2996,"VA","US.301",47,"SN","",0,0,"",0,"Hanover","VA",NA,12,0,0
"5285","61.0%","Caroline",2954,"VA","US.301",48,"SN","",0,0,"",0,"Caroline","VA",NA,31.1,0,0
"5286","61.1%","King George",3009,"VA","US.301",49,"SN","",0,0,"",0,"King George","VA",NA,17.4,1,0
"5287","61.1%","Charles",1211,"MD","US.301",50,"SN","",0,0,"",0,"Charles","MD",NA,26.3,1,0
"5288","61.1%","Prince George's",1219,"MD","US.301",51,"SN","",0,0,"",0,"Prince George's","MD",NA,25.4,0,0
"5289","61.1%","Anne Arundel",1203,"MD","US.301",52,"SN","",0,0,"",0,"Anne Arundel","MD",NA,19.8,0,0
"5290","61.1%","Queen Anne's",1220,"MD","US.301",53,"SN","",0,0,"",0,"Queen Anne's","MD",NA,39.4,0,0
"5291","61.1%","Kent",1217,"MD","US.301",54,"SN","",0,0,"",0,"Kent","MD",NA,8.8,1,0
"5292","61.1%","Cecil",1210,"MD","US.301",55,"SN","",0,0,"",0,"Cecil","MD",NA,3.2,0,0
"5293","61.1%","New Castle",325,"DE","US.301",56,"SN","",0,0,"W",0,"New Castle","DE","11.90",11.5,0,0
"5294","61.2%","Washington",2921,"VT","US.302",1,"WE","",0,0,"",0,"Washington","VT",NA,9.4,0,1
"5295","61.2%","Caledonia",2912,"VT","US.302",2,"WE","",0,0,"",0,"Caledonia","VT",NA,11.5,0,0
"5296","61.2%","Orange",2918,"VT","US.302",3,"WE","",0,0,"",0,"Orange","VT",NA,14.6,0,0
"5297","61.2%","Grafton",1779,"NH","US.302",4,"WE","",0,0,"",0,"Grafton","NH",NA,32.6,0,0
"5298","61.2%","Coos",1778,"NH","US.302",5,"WE","",0,0,"",0,"Coos","NH",NA,11,0,0
"5299","61.2%","Carroll",1776,"NH","US.302",6,"WE","",0,0,"",0,"Carroll","NH",NA,35.5,1,0
"5300","61.2%","Oxford",1194,"ME","US.302",7,"WE","",0,0,"",0,"Oxford","ME",NA,8.6,0,0
"5301","61.2%","Cumberland",1188,"ME","US.302",8,"WE","",0,0,"",0,"Cumberland","ME",NA,45.2,0,0
"5302","61.2%","Baldwin",2,"AL","US.31",1,"SN","",0,0,"",0,"Baldwin","AL",NA,34.2,0,0
"5303","61.3%","Escambia",27,"AL","US.31",2,"SN","",0,0,"",0,"Escambia","AL",NA,47.7,0,0
"5304","61.3%","Conecuh",18,"AL","US.31",3,"SN","",0,0,"",0,"Conecuh","AL",NA,31.6,0,0
"5305","61.3%","Butler",7,"AL","US.31",4,"SN","",0,0,"",0,"Butler","AL",NA,35.7,0,0
"5306","61.3%","Lowndes",43,"AL","US.31",5,"SN","",0,0,"",0,"Lowndes","AL",NA,11,0,0
"5307","61.3%","Montgomery",51,"AL","US.31",6,"SN","",0,0,"",0,"Montgomery","AL",NA,25.8,0,0
"5308","61.3%","Elmore",26,"AL","US.31",7,"SN","",0,0,"",0,"Elmore","AL",NA,0.9,0,0
"5309","61.3%","Autauga",1,"AL","US.31",8,"SN","",0,0,"",0,"Autauga","AL",NA,21.2,0,0
"5310","61.3%","Chilton",11,"AL","US.31",9,"SN","",0,0,"",0,"Chilton","AL",NA,32.1,0,0
"5311","61.3%","Shelby",59,"AL","US.31",10,"SN","",0,0,"",0,"Shelby","AL",NA,22.3,0,0
"5312","61.4%","Jefferson",37,"AL","US.31",11,"SN","",0,0,"",0,"Jefferson","AL",NA,35.8,0,1
"5313","61.4%","Blount",5,"AL","US.31",12,"SN","",0,0,"",0,"Blount","AL",NA,13.9,0,0
"5314","61.4%","Cullman",22,"AL","US.31",13,"SN","",0,0,"",0,"Cullman","AL",NA,23.8,0,0
"5315","61.4%","Morgan",52,"AL","US.31",14,"SN","",0,0,"",0,"Morgan","AL",NA,22.1,0,0
"5316","61.4%","Limestone",42,"AL","US.31",15,"SN","",0,0,"",0,"Limestone","AL",NA,27.7,0,0
"5317","61.4%","Giles",2548,"TN","US.31",16,"SN","",0,0,"",0,"Giles","TN",NA,35.4,0,0
"5318","61.4%","Maury",2578,"TN","US.31",17,"SN","",0,0,"",0,"Maury","TN",NA,25.3,0,0
"5319","61.4%","Williamson",2614,"TN","US.31",18,"SN","",0,0,"",0,"Williamson","TN",NA,21.6,0,0
"5320","61.5%","Davidson",2539,"TN","US.31",19,"SN","",0,0,"",0,"Davidson","TN",NA,11.1,0,0
"5321","61.5%","Jefferson",1057,"KY","US.31",21,"SN","",0,0,"",0,"Jefferson","KY",NA,0.8,0,1
"5322","61.5%","Clark",715,"IN","US.31",22,"SN","",0,0,"",0,"Clark","IN",NA,24.2,0,0
"5323","61.5%","Scott",777,"IN","US.31",23,"SN","",0,0,"",0,"Scott","IN",NA,12.3,0,0
"5324","61.5%","Jackson",741,"IN","US.31",24,"SN","",0,0,"",0,"Jackson","IN",NA,21.3,0,1
"5325","61.5%","Bartholomew",708,"IN","US.31",25,"SN","",0,0,"",0,"Bartholomew","IN",NA,22.7,0,0
"5326","61.5%","Johnson",746,"IN","US.31",26,"SN","",0,0,"",0,"Johnson","IN",NA,22.1,0,1
"5327","61.5%","Marion",754,"IN","US.31",27,"SN","",0,0,"",0,"Marion","IN",NA,27.7,0,0
"5328","61.6%","Hamilton",734,"IN","US.31",28,"SN","",0,0,"",0,"Hamilton","IN",NA,22.3,0,0
"5329","61.6%","Tipton",785,"IN","US.31",29,"SN","",0,0,"",0,"Tipton","IN",NA,12.9,1,0
"5330","61.6%","Howard",739,"IN","US.31",30,"SN","",0,0,"",0,"Howard","IN",NA,11.5,0,0
"5331","61.6%","Miami",757,"IN","US.31",31,"SN","",0,0,"",0,"Miami","IN",NA,30.4,0,0
"5332","61.6%","Fulton",730,"IN","US.31",32,"SN","",0,0,"",0,"Fulton","IN",NA,14.2,1,0
"5333","61.6%","Marshall",755,"IN","US.31",33,"SN","",0,0,"",0,"Marshall","IN",NA,21.9,0,0
"5334","61.6%","St. Joseph",776,"IN","US.31",34,"SN","",0,0,"",0,"St. Joseph","IN",NA,23.2,0,0
"5335","61.6%","Berrien",1251,"MI","US.31",35,"SN","",0,0,"",0,"Berrien","MI",NA,36.7,0,0
"5336","61.6%","Van Buren",1320,"MI","US.31",36,"SN","",0,0,"",0,"Van Buren","MI",NA,13.6,0,1
"5337","61.7%","Allegan",1243,"MI","US.31",37,"SN","",0,0,"",0,"Allegan","MI",NA,27.3,0,0
"5338","61.7%","Ottawa",1310,"MI","US.31",38,"SN","",0,0,"",0,"Ottawa","MI",NA,25.8,0,0
"5339","61.7%","Muskegon",1301,"MI","US.31",39,"SN","",0,0,"",0,"Muskegon","MI",NA,26.9,0,0
"5340","61.7%","Oceana",1304,"MI","US.31",40,"SN","",0,0,"",0,"Oceana","MI",NA,25.8,1,0
"5341","61.7%","Mason",1293,"MI","US.31",41,"SN","",0,0,"",0,"Mason","MI",NA,31.7,0,0
"5342","61.7%","Manistee",1291,"MI","US.31",42,"SN","",0,0,"",0,"Manistee","MI",NA,29,1,0
"5343","61.7%","Benzie",1250,"MI","US.31",43,"SN","",0,0,"",0,"Benzie","MI",NA,23.5,1,0
"5344","61.7%","Grand Traverse",1268,"MI","US.31",44,"SN","",0,0,"",0,"Grand Traverse","MI",NA,30.2,0,0
"5345","61.8%","Antrim",1245,"MI","US.31",45,"SN","",0,0,"",0,"Antrim","MI",NA,25.3,0,0
"5346","61.8%","Charlevoix",1255,"MI","US.31",46,"SN","",0,0,"",0,"Charlevoix","MI",NA,19.9,0,0
"5347","61.8%","Emmet",1264,"MI","US.31",47,"SN","",0,0,"",0,"Emmet","MI",NA,39,0,0
"5348","61.8%","Cheboygan",1256,"MI","US.31",48,"SN","",0,0,"",0,"Cheboygan","MI",NA,1,0,0
"5349","61.8%","Big Horn",3254,"WY","US.310",1,"SN","",0,0,"",0,"Big Horn","WY",NA,44.5,0,0
"5350","61.8%","Park",3267,"WY","US.310",2,"SN","",0,0,"",0,"Park","WY",NA,3.4,0,0
"5351","61.8%","Carbon",1613,"MT","US.310",3,"SN","",0,0,"",0,"Carbon","MT",NA,50.8,0,0
"5352","61.8%","Yellowstone",1664,"MT","US.310",4,"SN","",0,0,"",0,"Yellowstone","MT",NA,3.9,0,0
"5353","61.8%","Forsyth",1934,"NC","US.311",1,"SN","",0,0,"KML",0,"Forsyth","NC","13.90",14,0,0
"5354","61.9%","Stokes",1985,"NC","US.311",2,"SN","",0,0,"KML",0,"Stokes","NC","32.60",10.9,0,0
"5355","61.9%","Rockingham",1979,"NC","US.311",3,"SN","",0,0,"KML",0,"Rockingham","NC","10.90",32.8,0,0
"5356","61.9%","Pittsylvania",3033,"VA","US.311",4,"SN","",0,0,"KML",0,"Pittsylvania","VA","7.50",7.6,0,0
"5357","61.9%","Franklin",345,"FL","US.319",1,"SN","",0,0,"",0,"Franklin","FL",NA,37.9,0,0
"5358","61.9%","Ben Hill",403,"GA","US.319",2,"SN","",0,0,"",0,"Ben Hill","GA",NA,20.5,0,0
"5359","61.9%","Wakulla",392,"FL","US.319",3,"SN","",0,0,"",0,"Wakulla","FL",NA,27.5,0,0
"5360","61.9%","Leon",363,"FL","US.319",4,"SN","",0,0,"",0,"Leon","FL",NA,32.4,0,0
"5361","61.9%","Grady",459,"GA","US.319",5,"SN","",0,0,"",0,"Grady","GA",NA,7.7,0,0
"5362","61.9%","Thomas",530,"GA","US.319",6,"SN","",0,0,"",0,"Thomas","GA",NA,24.6,0,0
"5363","62.0%","Colquitt",429,"GA","US.319",7,"SN","",0,0,"",0,"Colquitt","GA",NA,27.1,1,0
"5364","62.0%","Tift",531,"GA","US.319",8,"SN","",0,0,"",0,"Tift","GA",NA,21.2,0,0
"5365","62.0%","Irwin",471,"GA","US.319",9,"SN","",0,0,"",0,"Irwin","GA",NA,14.3,0,0
"5366","62.0%","Coffee",428,"GA","US.319",10,"SN","",0,0,"",0,"Coffee","GA",NA,3.1,0,0
"5367","62.0%","Telfair",528,"GA","US.319",11,"SN","",0,0,"",0,"Telfair","GA",NA,21.5,0,0
"5368","62.0%","Wheeler",547,"GA","US.319",12,"SN","",0,0,"",0,"Wheeler","GA",NA,5.7,0,0
"5369","62.0%","Dodge",439,"GA","US.319",13,"SN","",0,0,"",0,"Dodge","GA",NA,2,0,0
"5370","62.0%","Laurens",481,"GA","US.319",14,"SN","",0,0,"",0,"Laurens","GA",NA,37.9,0,0
"5371","62.1%","Johnson",477,"GA","US.319",15,"SN","",0,0,"",0,"Johnson","GA",NA,19.6,0,1
"5372","62.1%","Jefferson",475,"GA","US.319",16,"SN","",0,0,"",0,"Jefferson","GA",NA,10,0,1
"5373","62.1%","Davidson",2539,"TN","US.31E",1,"SN","",0,0,"",0,"Davidson","TN",NA,12.7,0,0
"5374","62.1%","Sumner",2603,"TN","US.31E",2,"SN","",0,0,"",0,"Sumner","TN",NA,38.8,0,0
"5375","62.1%","Allen",1003,"KY","US.31E",3,"SN","",0,0,"",0,"Allen","KY",NA,19.2,0,0
"5376","62.1%","Barren",1006,"KY","US.31E",4,"SN","",0,0,"",0,"Barren","KY",NA,26,0,0
"5377","62.1%","Hart",1051,"KY","US.31E",5,"SN","",0,0,"",0,"Hart","KY",NA,21.8,0,0
"5378","62.1%","Larue",1063,"KY","US.31E",6,"SN","",0,0,"",0,"LaRue","KY",NA,20.6,0,0
"5379","62.1%","Nelson",1091,"KY","US.31E",7,"SN","",0,0,"",0,"Nelson","KY",NA,27.5,0,0
"5380","62.2%","Bullitt",1016,"KY","US.31E",8,"SN","Reentry from North",0,0,"GE",2001,"Bullitt","KY","0.24",0.24,0,0
"5381","62.2%","Spencer",1109,"KY","US.31E",9,"SN","",0,0,"",0,"Spencer","KY",NA,1.9,0,0
"5382","62.2%","Bullitt",1016,"KY","US.31E",10,"SN","Reentry from South",0,0,"",3001,"Bullitt","KY",NA,5.16,0,0
"5383","62.2%","Jefferson",1057,"KY","US.31E",11,"SN","",0,0,"",0,"Jefferson","KY",NA,17.8,0,1
"5384","62.2%","Davidson",2539,"TN","US.31W",1,"SN","",0,0,"",0,"Davidson","TN",NA,12.9,0,0
"5385","62.2%","Sumner",2603,"TN","US.31W",2,"SN","",0,0,"",0,"Sumner","TN",NA,13.1,0,0
"5386","62.2%","Robertson",2594,"TN","US.31W",3,"SN","Abuts, to the West",0,0,"",0,"Robertson","TN",NA,10.1,0,0
"5387","62.2%","Simpson",1108,"KY","US.31W",4,"SN","",0,0,"",0,"Simpson","KY",NA,14,0,0
"5388","62.3%","Warren",1115,"KY","US.31W",5,"SN","",0,0,"",0,"Warren","KY",NA,28.9,0,0
"5389","62.3%","Edmonson",1032,"KY","US.31W",6,"SN","",0,0,"",0,"Edmonson","KY",NA,8,0,0
"5390","62.3%","Barren",1006,"KY","US.31W",7,"SN","",0,0,"",0,"Barren","KY",NA,9.1,0,0
"5391","62.3%","Hart",1051,"KY","US.31W",8,"SN","",0,0,"",0,"Hart","KY",NA,22.6,0,0
"5392","62.3%","Larue",1063,"KY","US.31W",9,"SN","",0,0,"",0,"LaRue","KY",NA,4.9,0,0
"5393","62.3%","Hardin",1048,"KY","US.31W",10,"SN","Reentry from North",0,0,"",2001,"Hardin","KY",NA,29.78,0,0
"5394","62.3%","Meade",1083,"KY","US.31W",11,"SN","",0,0,"",0,"Meade","KY",NA,3.5,0,0
"5395","62.3%","Hardin",1048,"KY","US.31W",12,"SN","Reentry from South",0,0,"",3001,"Hardin","KY","4.12",4.12,0,0
"5396","62.3%","Jefferson",1057,"KY","US.31W",13,"SN","",0,0,"",0,"Jefferson","KY",NA,22.2,0,1
"5397","62.4%","Jasper",2435,"SC","US.321",1,"SN","",0,0,"",0,"Jasper","SC",NA,24.3,0,0
"5398","62.4%","Hampton",2433,"SC","US.321",2,"SN","",0,0,"",0,"Hampton","SC",NA,22.1,0,0
"5399","62.4%","Allendale",2411,"SC","US.321",3,"SN","",0,0,"",0,"Allendale","SC",NA,14.9,0,0
"5400","62.4%","Bamberg",2413,"SC","US.321",4,"SN","",0,0,"",0,"Bamberg","SC",NA,20.1,0,0
"5401","62.4%","Orangeburg",2446,"SC","US.321",5,"SN","",0,0,"",0,"Orangeburg","SC",NA,20.8,0,0
"5402","62.4%","Lexington",2440,"SC","US.321",6,"SN","",0,0,"",0,"Lexington","SC",NA,23.2,0,0
"5403","62.4%","Richland",2448,"SC","US.321",7,"SN","",0,0,"",0,"Richland","SC",NA,18.8,0,0
"5404","62.4%","Fairfield",2428,"SC","US.321",8,"SN","",0,0,"",0,"Fairfield","SC",NA,25.1,0,0
"5405","62.4%","Chester",2420,"SC","US.321",9,"SN","",0,0,"",0,"Chester","SC",NA,20.7,0,0
"5406","62.5%","York",2454,"SC","US.321",10,"SN","",0,0,"",0,"York","SC",NA,26.8,0,0
"5407","62.5%","Gaston",1936,"NC","US.321",11,"SN","",0,0,"",0,"Gaston","NC",NA,18.4,0,0
"5408","62.5%","Lincoln",1955,"NC","US.321",12,"SN","",0,0,"",0,"Lincoln","NC",NA,11,1,1
"5409","62.5%","Catawba",1918,"NC","US.321",13,"SN","",0,0,"",0,"Catawba","NC",NA,16.3,0,0
"5410","62.5%","Burke",1912,"NC","US.321",14,"SN","",0,0,"",0,"Burke","NC",NA,0.3,0,0
"5411","62.5%","Caldwell",1914,"NC","US.321",15,"SN","",0,0,"",0,"Caldwell","NC",NA,32.5,0,0
"5412","62.5%","Watauga",1995,"NC","US.321",16,"SN","",0,0,"",0,"Watauga","NC",NA,24.1,0,0
"5413","62.5%","Avery",1906,"NC","US.321",17,"SN","",0,0,"",0,"Avery","NC",NA,2.4,0,0
"5414","62.6%","Johnson",2566,"TN","US.321",18,"SN","",0,0,"",0,"Johnson","TN",NA,4,0,1
"5415","62.6%","Carter",2530,"TN","US.321",19,"SN","",0,0,"",0,"Carter","TN",NA,30.6,0,1
"5416","62.6%","Washington",2610,"TN","US.321",20,"SN","",0,0,"",0,"Washington","TN",NA,20.8,0,1
"5417","62.6%","Greene",2550,"TN","US.321",21,"SN","",0,0,"",0,"Greene","TN",NA,26.5,0,0
"5418","62.6%","Cocke",2535,"TN","US.321",22,"SN","",0,0,"",0,"Cocke","TN",NA,29.4,0,0
"5419","62.6%","Sevier",2598,"TN","US.321",23,"SN","",0,0,"",0,"Sevier","TN",NA,34.6,0,0
"5420","62.6%","Blount",2525,"TN","US.321",24,"SN","",0,0,"",0,"Blount","TN",NA,33.7,0,0
"5421","62.6%","Loudon",2573,"TN","US.321",25,"SN","",0,0,"",0,"Loudon","TN",NA,14.9,0,0
"5422","62.6%","Caldwell",1914,"NC","US.321A",1,"SN","",0,0,"W",0,"Caldwell","NC","11.80",11.7,0,0
"5423","62.7%","Cuyahoga",2075,"OH","US.322",1,"WE","",0,0,"",0,"Cuyahoga","OH",NA,16.6,0,0
"5424","62.7%","Geauga",2085,"OH","US.322",2,"WE","",0,0,"",0,"Geauga","OH",NA,20.2,0,0
"5425","62.7%","Ashtabula",2061,"OH","US.322",3,"WE","",0,0,"",0,"Ashtabula","OH",NA,25,0,0
"5426","62.7%","Crawford",2278,"PA","US.322",4,"WE","Reentry from East",0,0,"",2001,"Crawford","PA","5.00",5,0,0
"5427","62.7%","Mercer",2301,"PA","US.322",5,"WE","Reentry from East",0,0,"",2002,"Mercer","PA","1.10",1.1,0,0
"5428","62.7%","Crawford",2278,"PA","US.322",6,"WE","Reentry from West",0,0,"",3001,"Crawford","PA",NA,33.1,0,0
"5429","62.7%","Mercer",2301,"PA","US.322",7,"WE","Reentry from West",0,0,"",3002,"Mercer","PA",NA,1.1,0,0
"5430","62.7%","Venango",2319,"PA","US.322",8,"WE","",0,0,"",0,"Venango","PA",NA,27,0,0
"5431","62.7%","Clarion",2274,"PA","US.322",9,"WE","",0,0,"",0,"Clarion","PA",NA,23.2,0,0
"5432","62.8%","Jefferson",2291,"PA","US.322",10,"WE","",0,0,"",0,"Jefferson","PA",NA,24.2,0,1
"5433","62.8%","Clearfield",2275,"PA","US.322",11,"WE","",0,0,"",0,"Clearfield","PA",NA,38.7,0,0
"5434","62.8%","Centre",2272,"PA","US.322",12,"WE","",0,0,"",0,"Centre","PA",NA,40.9,0,0
"5435","62.8%","Mifflin",2302,"PA","US.322",13,"WE","",0,0,"",0,"Mifflin","PA",NA,18.5,0,0
"5436","62.8%","Juniata",2292,"PA","US.322",14,"WE","",0,0,"",0,"Juniata","PA",NA,20.9,0,0
"5437","62.8%","Perry",2308,"PA","US.322",15,"WE","",0,0,"",0,"Perry","PA",NA,14.6,0,0
"5438","62.8%","Dauphin",2280,"PA","US.322",16,"WE","",0,0,"",0,"Dauphin","PA",NA,31.7,0,0
"5439","62.8%","Lebanon",2296,"PA","US.322",17,"WE","",0,0,"",0,"Lebanon","PA",NA,13.9,0,0
"5440","62.9%","Lancaster",2294,"PA","US.322",18,"WE","",0,0,"",0,"Lancaster","PA",NA,25.5,0,0
"5441","62.9%","Chester",2273,"PA","US.322",19,"WE","",0,0,"",0,"Chester","PA",NA,28.9,0,0
"5442","62.9%","Delaware",2281,"PA","US.322",20,"WE","",0,0,"",0,"Delaware","PA",NA,12.5,0,0
"5443","62.9%","Gloucester",1792,"NJ","US.322",21,"WE","",0,0,"",0,"Gloucester","NJ",NA,32.5,0,0
"5444","62.9%","Atlantic",1785,"NJ","US.322",22,"WE","",0,0,"",0,"Atlantic","NJ",NA,29.4,0,0
"5445","62.9%","Adams",706,"IN","US.33",1,"WE","",0,0,"",0,"Adams","IN",NA,18,0,1
"5446","62.9%","Allen",707,"IN","US.33",2,"WE","",0,0,"",0,"Allen","IN",NA,39.6,0,0
"5447","62.9%","Whitley",797,"IN","US.33",3,"WE","",0,0,"",0,"Whitley","IN",NA,6.3,0,0
"5448","62.9%","Noble",762,"IN","US.33",4,"WE","",0,0,"",0,"Noble","IN",NA,20.8,0,0
"5449","63.0%","Elkhart",725,"IN","US.33",5,"WE","",0,0,"",0,"Elkhart","IN",NA,22.5,0,0
"5450","63.0%","Van Wert",2138,"OH","US.33",6,"WE","",0,0,"",0,"Van Wert","OH",NA,3.7,0,0
"5451","63.0%","Mercer",2111,"OH","US.33",7,"WE","",0,0,"",0,"Mercer","OH",NA,18.5,0,0
"5452","63.0%","Auglaize",2063,"OH","US.33",8,"WE","",0,0,"",0,"Auglaize","OH",NA,28.7,0,0
"5453","63.0%","Logan",2103,"OH","US.33",9,"WE","",0,0,"",0,"Logan","OH",NA,29.5,0,0
"5454","63.0%","Union",2137,"OH","US.33",10,"WE","",0,0,"",0,"Union","OH",NA,25,0,0
"5455","63.0%","Franklin",2082,"OH","US.33",11,"WE","",0,0,"",0,"Franklin","OH",NA,31,0,0
"5456","63.0%","Fairfield",2080,"OH","US.33",12,"WE","",0,0,"",0,"Fairfield","OH",NA,24.8,0,0
"5457","63.0%","Hocking",2094,"OH","US.33",13,"WE","Reentry from East",0,0,"",2001,"Hocking","OH",NA,18.3,0,0
"5458","63.1%","Athens",2062,"OH","US.33",14,"WE","Reentry from East",0,0,"",2002,"Athens","OH","1.20",1.2,0,0
"5459","63.1%","Hocking",2094,"OH","US.33",15,"WE","Reentry from West",0,0,"",3001,"Hocking","OH","1.50",1.5,0,0
"5460","63.1%","Athens",2062,"OH","US.33",16,"WE","Reentry from West",0,0,"",3002,"Athens","OH",NA,24.1,0,0
"5461","63.1%","Meigs",2110,"OH","US.33",17,"WE","",0,0,"",0,"Meigs","OH",NA,27.7,1,0
"5462","63.1%","Jackson",3143,"WV","US.33",18,"WE","",0,0,"",0,"Jackson","WV",NA,24.8,0,1
"5463","63.1%","Roane",3169,"WV","US.33",19,"WE","",0,0,"",0,"Roane","WV",NA,20.4,0,0
"5464","63.1%","Calhoun",3132,"WV","US.33",20,"WE","",0,0,"",0,"Calhoun","WV",NA,15.3,0,0
"5465","63.1%","Gilmer",3136,"WV","US.33",21,"WE","",0,0,"",0,"Gilmer","WV",NA,26.4,0,0
"5466","63.2%","Lewis",3146,"WV","US.33",22,"WE","",0,0,"",0,"Lewis","WV",NA,26.7,0,0
"5467","63.2%","Upshur",3174,"WV","US.33",23,"WE","",0,0,"",0,"Upshur","WV",NA,15.4,0,0
"5468","63.2%","Barbour",3126,"WV","US.33",24,"WE","",0,0,"",0,"Barbour","WV",NA,4.5,0,0
"5469","63.2%","Randolph",3167,"WV","US.33",25,"WE","",0,0,"",0,"Randolph","WV",NA,37.2,0,0
"5470","63.2%","Pendleton",3161,"WV","US.33",26,"WE","",0,0,"",0,"Pendleton","WV",NA,51.5,0,0
"5471","63.2%","Rockingham",3056,"VA","US.33",27,"WE","Reentry from East",23,1,"",2003,"Rockingham","VA",NA,19.9,0,0
"5472","63.2%","Harrisonburg, City of",3058,"VA","US.33",28,"WE","",23,0,"",0,"Harrisonburg, City of","VA",NA,5.1,0,0
"5473","63.2%","Rockingham",3056,"VA","US.33",29,"WE","Reentry from West",23,1,"",3003,"Rockingham","VA","20.20",20.2,0,0
"5474","63.2%","Greene",2990,"VA","US.33",30,"WE","",0,0,"",0,"Greene","VA",NA,16.3,0,0
"5475","63.3%","Orange",3030,"VA","US.33",31,"WE","",0,0,"",0,"Orange","VA",NA,11.3,0,0
"5476","63.3%","Louisa",3014,"VA","US.33",32,"WE","",0,0,"",0,"Louisa","VA",NA,33,0,0
"5477","63.3%","Hanover",2996,"VA","US.33",33,"WE","",0,0,"",0,"Hanover","VA",NA,17.2,0,0
"5478","63.3%","Henrico",2997,"VA","US.33",34,"WE","",3,1,"",0,"Henrico","VA",NA,8,0,0
"5479","63.3%","Richmond, City of",2999,"VA","US.33",35,"WE","",3,0,"",0,"Richmond, City of","VA",NA,3,0,0
"5480","63.3%","Walton",393,"FL","US.331",1,"SN","",0,0,"KML",0,"Walton","FL","49.40",49.2,0,0
"5481","63.3%","Covington",20,"AL","US.331",2,"SN","",0,0,"",0,"Covington","AL","35.80",35.7,0,0
"5482","63.3%","Crenshaw",21,"AL","US.331",3,"SN","",0,0,"",0,"Crenshaw","AL","41.00",40.2,0,0
"5483","63.3%","Montgomery",51,"AL","US.331",4,"SN","",0,0,"",0,"Montgomery","AL","25.80",26.4,0,0
"5484","63.4%","Grand",276,"CO","US.34",1,"WE","",0,0,"",0,"Grand","CO",NA,32.1,0,0
"5485","63.4%","Larimer",286,"CO","US.34",2,"WE","",0,0,"",0,"Larimer","CO",NA,64.6,0,0
"5486","63.4%","Weld",313,"CO","US.34",3,"WE","",0,0,"",0,"Weld","CO",NA,44.3,0,0
"5487","63.4%","Morgan",295,"CO","US.34",4,"WE","",0,0,"",0,"Morgan","CO",NA,37.3,0,0
"5488","63.4%","Washington",312,"CO","US.34",5,"WE","",0,0,"",0,"Washington","CO",NA,37.7,0,1
"5489","63.4%","Yuma",314,"CO","US.34",6,"WE","",0,0,"",0,"Yuma","CO",NA,41.3,0,0
"5490","63.4%","Dundy",1693,"NE","US.34",7,"WE","",0,0,"",0,"Dundy","NE",NA,43.5,1,0
"5491","63.4%","Hitchcock",1708,"NE","US.34",8,"WE","",0,0,"",0,"Hitchcock","NE",NA,32,0,0
"5492","63.5%","Red Willow",1737,"NE","US.34",9,"WE","",0,0,"",0,"Red Willow","NE",NA,31.4,0,0
"5493","63.5%","Furnas",1697,"NE","US.34",10,"WE","",0,0,"",0,"Furnas","NE",NA,30.3,0,0
"5494","63.5%","Harlan",1706,"NE","US.34",11,"WE","",0,0,"",0,"Harlan","NE",NA,8.1,0,0
"5495","63.5%","Phelps",1733,"NE","US.34",12,"WE","",0,0,"",0,"Phelps","NE",NA,20.5,0,0
"5496","63.5%","Kearney",1714,"NE","US.34",13,"WE","",0,0,"",0,"Kearney","NE",NA,25.4,0,0
"5497","63.5%","Adams",1665,"NE","US.34",14,"WE","",0,0,"",0,"Adams","NE",NA,26.7,0,1
"5498","63.5%","Hall",1704,"NE","US.34",15,"WE","",0,0,"",0,"Hall","NE",NA,18.7,0,0
"5499","63.5%","Merrick",1725,"NE","US.34",16,"WE","",0,0,"",0,"Merrick","NE",NA,0.2,0,0
"5500","63.5%","Hamilton",1705,"NE","US.34",17,"WE","",0,0,"",0,"Hamilton","NE",NA,24.1,0,0
"5501","63.6%","York",1757,"NE","US.34",18,"WE","",0,0,"",0,"York","NE",NA,24.6,0,0
"5502","63.6%","Seward",1744,"NE","US.34",19,"WE","",0,0,"",0,"Seward","NE",NA,24.6,0,0
"5503","63.6%","Lancaster",1719,"NE","US.34",20,"WE","",0,0,"",0,"Lancaster","NE",NA,27.1,0,0
"5504","63.6%","Cass",1677,"NE","US.34",21,"WE","",0,0,"",0,"Cass","NE",NA,46.2,0,0
"5505","63.6%","Sarpy",1741,"NE","US.34",22,"WE","",0,0,"",0,"Sarpy","NE",NA,4.7,0,0
"5506","63.6%","Mills",862,"IA","US.34",23,"WE","",0,0,"",0,"Mills","IA",NA,27.2,0,0
"5507","63.6%","Montgomery",866,"IA","US.34",24,"WE","",0,0,"",0,"Montgomery","IA",NA,24.6,0,0
"5508","63.6%","Adams",799,"IA","US.34",25,"WE","",0,0,"",0,"Adams","IA",NA,24,1,1
"5509","63.6%","Union",885,"IA","US.34",26,"WE","",0,0,"",0,"Union","IA",NA,26.8,0,0
"5510","63.7%","Clarke",817,"IA","US.34",27,"WE","",0,0,"",0,"Clarke","IA",NA,24.1,0,0
"5511","63.7%","Lucas",856,"IA","US.34",28,"WE","",0,0,"",0,"Lucas","IA",NA,24.7,0,0
"5512","63.7%","Monroe",865,"IA","US.34",29,"WE","",0,0,"",0,"Monroe","IA",NA,24.3,1,1
"5513","63.7%","Wapello",887,"IA","US.34",30,"WE","",0,0,"",0,"Wapello","IA",NA,26,0,0
"5514","63.7%","Jefferson",848,"IA","US.34",31,"WE","",0,0,"",0,"Jefferson","IA",NA,26.4,1,1
"5515","63.7%","Henry",841,"IA","US.34",32,"WE","",0,0,"",0,"Henry","IA",NA,22.3,0,0
"5516","63.7%","Des Moines",826,"IA","US.34",33,"WE","",0,0,"",0,"Des Moines","IA",NA,18.7,0,0
"5517","63.7%","Henderson",639,"IL","US.34",34,"WE","",0,0,"",0,"Henderson","IL",NA,17.7,1,0
"5518","63.8%","Warren",697,"IL","US.34",35,"WE","",0,0,"",0,"Warren","IL",NA,22.8,0,0
"5519","63.8%","Knox",651,"IL","US.34",36,"WE","",0,0,"",0,"Knox","IL",NA,23.4,0,0
"5520","63.8%","Henry",640,"IL","US.34",37,"WE","",0,0,"",0,"Henry","IL",NA,22.8,0,0
"5521","63.8%","Bureau",609,"IL","US.34",38,"WE","",0,0,"",0,"Bureau","IL",NA,47,0,0
"5522","63.8%","LaSalle",653,"IL","US.34",39,"WE","",0,0,"",0,"LaSalle","IL",NA,26.9,0,0
"5523","63.8%","DeKalb",622,"IL","US.34",40,"WE","",0,0,"",0,"DeKalb","IL",NA,5.3,0,0
"5524","63.8%","Kendall",650,"IL","US.34",41,"WE","",0,0,"",0,"Kendall","IL",NA,18.9,0,0
"5525","63.8%","Kane",648,"IL","US.34",42,"WE","",0,0,"",0,"Kane","IL",NA,0.8,0,0
"5526","63.8%","DuPage",625,"IL","US.34",43,"WE","",0,0,"",0,"DuPage","IL",NA,20.3,0,0
"5527","63.9%","Cook",619,"IL","US.34",44,"WE","",0,0,"",0,"Cook","IL",NA,6.2,0,0
"5528","63.9%","Augusta",2940,"VA","US.340",1,"SN","Reentry from North",8,1,"",2001,"Augusta","VA",NA,11.8,0,0
"5529","63.9%","Waynesboro, City of",2943,"VA","US.340",2,"SN","",8,0,"",0,"Waynesboro, City of","VA",NA,6.1,0,0
"5530","63.9%","Augusta",2940,"VA","US.340",3,"SN","Reentry from South",8,1,"",3001,"Augusta","VA","12.00",12,0,0
"5531","63.9%","Rockingham",3056,"VA","US.340",4,"SN","",0,0,"",0,"Rockingham","VA",NA,20.7,0,0
"5532","63.9%","Page",3031,"VA","US.340",5,"SN","",0,0,"",0,"Page","VA",NA,32,0,0
"5533","63.9%","Warren",3075,"VA","US.340",6,"SN","",0,0,"",0,"Warren","VA",NA,21,0,0
"5534","63.9%","Frederick",2983,"VA","US.340",7,"SN","",0,0,"",0,"Frederick","VA",NA,0.3,0,0
"5535","63.9%","Clarke",2966,"VA","US.340",8,"SN","",0,0,"",0,"Clarke","VA",NA,18.4,0,0
"5536","64.0%","Jefferson",3144,"WV","US.340",9,"SN","",0,0,"",0,"Jefferson","WV",NA,16.1,1,1
"5537","64.0%","Loudoun",3013,"VA","US.340",10,"SN","",0,0,"GE",0,"Loudoun","VA","0.61",0.6,0,0
"5538","64.0%","Washington",1224,"MD","US.340",11,"SN","",0,0,"",0,"Washington","MD",NA,2.2,0,1
"5539","64.0%","Frederick",1213,"MD","US.340",12,"SN","",0,0,"",0,"Frederick","MD",NA,14.7,0,0
"5540","64.0%","Glynn",457,"GA","US.341",1,"SN","",0,0,"",0,"Glynn","GA",NA,22.5,0,0
"5541","64.0%","Wayne",545,"GA","US.341",2,"SN","",0,0,"",0,"Wayne","GA",NA,35.4,0,0
"5542","64.0%","Appling",395,"GA","US.341",3,"SN","",0,0,"",0,"Appling","GA",NA,24.5,0,0
"5543","64.0%","Jeff Davis",474,"GA","US.341",4,"SN","",0,0,"",0,"Jeff Davis","GA",NA,11.2,0,0
"5544","64.1%","Telfair",528,"GA","US.341",5,"SN","",0,0,"",0,"Telfair","GA",NA,22,0,0
"5545","64.1%","Dodge",439,"GA","US.341",6,"SN","",0,0,"",0,"Dodge","GA",NA,23.5,0,0
"5546","64.1%","Pulaski",510,"GA","US.341",7,"SN","",0,0,"",0,"Pulaski","GA",NA,18.7,0,0
"5547","64.1%","Houston",470,"GA","US.341",8,"SN","",0,0,"",0,"Houston","GA",NA,18,0,0
"5548","64.1%","Peach",505,"GA","US.341",9,"SN","",0,0,"",0,"Peach","GA",NA,11.2,0,0
"5549","64.1%","Crawford",433,"GA","US.341",10,"SN","",0,0,"",0,"Crawford","GA",NA,20.9,0,0
"5550","64.1%","Monroe",496,"GA","US.341",11,"SN","",0,0,"",0,"Monroe","GA",NA,6.2,0,1
"5551","64.1%","Lamar",479,"GA","US.341",12,"SN","",0,0,"",0,"Lamar","GA",NA,8.1,0,0
"5552","64.1%","Putnam",3165,"WV","US.35",1,"SN","",0,0,"",0,"Putnam","WV",NA,16.8,0,0
"5553","64.2%","Mason",3151,"WV","US.35",2,"SN","",0,0,"",0,"Mason","WV",NA,18.3,1,0
"5554","64.2%","Gallia",2084,"OH","US.35",3,"SN","",0,0,"",0,"Gallia","OH",NA,17.8,1,0
"5555","64.2%","Jackson",2097,"OH","US.35",4,"SN","",0,0,"",0,"Jackson","OH",NA,27.1,1,1
"5556","64.2%","Ross",2128,"OH","US.35",5,"SN","",0,0,"",0,"Ross","OH",NA,36.8,0,0
"5557","64.2%","Fayette",2081,"OH","US.35",6,"SN","",0,0,"",0,"Fayette","OH",NA,23.9,0,0
"5558","64.2%","Greene",2086,"OH","US.35",7,"SN","",0,0,"",0,"Greene","OH",NA,27.1,0,0
"5559","64.2%","Montgomery",2114,"OH","US.35",8,"SN","",0,0,"",0,"Montgomery","OH",NA,21.1,0,0
"5560","64.2%","Preble",2125,"OH","US.35",9,"SN","",0,0,"",0,"Preble","OH",NA,19.9,0,0
"5561","64.2%","Wayne",794,"IN","US.35",10,"SN","",0,0,"",0,"Wayne","IN",NA,25,0,0
"5562","64.3%","Randolph",773,"IN","US.35",11,"SN","",0,0,"",0,"Randolph","IN",NA,3.9,0,0
"5563","64.3%","Henry",738,"IN","US.35",12,"SN","",0,0,"",0,"Henry","IN",NA,4,0,0
"5564","64.3%","Delaware",723,"IN","US.35",13,"SN","",0,0,"",0,"Delaware","IN",NA,34.1,0,0
"5565","64.3%","Grant",732,"IN","US.35",14,"SN","",0,0,"",0,"Grant","IN",NA,24.1,0,1
"5566","64.3%","Howard",739,"IN","US.35",15,"SN","",0,0,"",0,"Howard","IN",NA,20.5,0,0
"5567","64.3%","Cass",714,"IN","US.35",16,"SN","",0,0,"",0,"Cass","IN",NA,32.9,0,0
"5568","64.3%","Pulaski",771,"IN","US.35",17,"SN","",0,0,"",0,"Pulaski","IN",NA,19.3,0,0
"5569","64.3%","Starke",780,"IN","US.35",18,"SN","",0,0,"",0,"Starke","IN",NA,18.5,0,0
"5570","64.4%","LaPorte",751,"IN","US.35",19,"SN","",0,0,"",0,"LaPorte","IN",NA,22.8,0,0
"5571","64.4%","Las Animas",287,"CO","US.350",1,"SN","",0,0,"",0,"Las Animas","CO","37.30",37.3,0,0
"5572","64.4%","Otero",296,"CO","US.350",2,"SN","",0,0,"",0,"Otero","CO","35.30",35.1,0,0
"5573","64.4%","Larimer",286,"CO","US.36",1,"WE","",0,0,"",0,"Larimer","CO",NA,20.4,0,0
"5574","64.4%","Boulder",257,"CO","US.36",2,"WE","",0,0,"",0,"Boulder","CO",NA,31.9,0,0
"5575","64.4%","Broomfield",258,"CO","US.36",3,"WE","",0,0,"",0,"Broomfield","CO",NA,4.2,0,0
"5576","64.4%","Jefferson",281,"CO","US.36",4,"WE","",0,0,"",0,"Jefferson","CO",NA,3.3,0,1
"5577","64.4%","Adams",251,"CO","US.36",5,"WE","Reentry from East",0,0,"",2001,"Adams","CO",NA,9.7,0,1
"5578","64.4%","Denver",267,"CO","US.36",6,"WE","",0,0,"",0,"Denver","CO",NA,4.4,0,0
"5579","64.5%","Adams",251,"CO","US.36",7,"WE","Reentry",0,0,"",1001,"Adams","CO",NA,5.7,0,1
"5580","64.5%","Arapahoe",253,"CO","US.36",8,"WE","32.9 miles shared with Adams",0,0,"",0,"Arapahoe","CO",NA,39.55,0,0
"5581","64.5%","Adams",251,"CO","US.36",9,"WE","Reentry from West, 32.9 miles shared with Arapahoe",0,0,"",3001,"Adams","CO",NA,16.45,0,1
"5582","64.5%","Washington",312,"CO","US.36",10,"WE","",0,0,"",0,"Washington","CO",NA,50.8,0,1
"5583","64.5%","Yuma",314,"CO","US.36",11,"WE","",0,0,"",0,"Yuma","CO",NA,44.4,0,0
"5584","64.5%","Cheyenne",908,"KS","US.36",12,"WE","",0,0,"",0,"Cheyenne","KS",NA,34.8,1,0
"5585","64.5%","Rawlins",973,"KS","US.36",13,"WE","",0,0,"",0,"Rawlins","KS",NA,36.4,1,0
"5586","64.5%","Decatur",916,"KS","US.36",14,"WE","",0,0,"",0,"Decatur","KS",NA,29.9,0,0
"5587","64.5%","Norton",965,"KS","US.36",15,"WE","",0,0,"",0,"Norton","KS",NA,29.8,0,0
"5588","64.6%","Phillips",970,"KS","US.36",16,"WE","",0,0,"",0,"Phillips","KS",NA,31.6,0,0
"5589","64.6%","Smith",988,"KS","US.36",17,"WE","",0,0,"",0,"Smith","KS",NA,30.3,0,0
"5590","64.6%","Jewell",941,"KS","US.36",18,"WE","",0,0,"",0,"Jewell","KS",NA,30.7,1,0
"5591","64.6%","Republic",975,"KS","US.36",19,"WE","",0,0,"",0,"Republic","KS",NA,30.4,0,0
"5592","64.6%","Washington",997,"KS","US.36",20,"WE","",0,0,"",0,"Washington","KS",NA,30.5,1,1
"5593","64.6%","Marshall",954,"KS","US.36",21,"WE","",0,0,"",0,"Marshall","KS",NA,30.2,0,0
"5594","64.6%","Nemaha",962,"KS","US.36",22,"WE","",0,0,"",0,"Nemaha","KS",NA,24,0,0
"5595","64.6%","Brown",903,"KS","US.36",23,"WE","",0,0,"",0,"Brown","KS",NA,24.3,0,0
"5596","64.7%","Doniphan",918,"KS","US.36",24,"WE","",0,0,"",0,"Doniphan","KS",NA,27.8,1,0
"5597","64.7%","Buchanan",1503,"MO","US.36",25,"WE","",0,0,"",0,"Buchanan","MO",NA,14,0,1
"5598","64.7%","DeKalb",1524,"MO","US.36",26,"WE","",0,0,"",0,"DeKalb","MO",NA,21.5,0,0
"5599","64.7%","Caldwell",1505,"MO","US.36",27,"WE","",0,0,"",0,"Caldwell","MO",NA,24.1,0,0
"5600","64.7%","Livingston",1551,"MO","US.36",28,"WE","",0,0,"",0,"Livingston","MO",NA,22.3,0,0
"5601","64.7%","Linn",1550,"MO","US.36",29,"WE","",0,0,"",0,"Linn","MO",NA,27.2,1,0
"5602","64.7%","Macon",1552,"MO","US.36",30,"WE","",0,0,"",0,"Macon","MO",NA,30.5,0,0
"5603","64.7%","Shelby",1596,"MO","US.36",31,"WE","",0,0,"",0,"Shelby","MO",NA,25.5,1,0
"5604","64.7%","Marion",1555,"MO","US.36",32,"WE","Reentry from East",0,0,"",2002,"Marion","MO","2.11",2.11,0,0
"5605","64.8%","Monroe",1561,"MO","US.36",33,"WE","Abuts, to the South, shared with Marion",0,0,"",0,"Monroe","MO","3.06",3.06,0,1
"5606","64.8%","Marion",1555,"MO","US.36",34,"WE","Reentry",0,0,"",1002,"Marion","MO","2.45",2.45,0,0
"5607","64.8%","Ralls",1579,"MO","US.36",35,"WE","",0,0,"",0,"Ralls","MO","4.28",4.28,0,0
"5608","64.8%","Marion",1555,"MO","US.36",36,"WE","Reentry from West",0,0,"",3002,"Marion","MO","2.90",12.9,0,0
"5609","64.8%","Pike",678,"IL","US.36",37,"WE","",0,0,"",0,"Pike","IL",NA,42,0,0
"5610","64.8%","Scott",689,"IL","US.36",38,"WE","",0,0,"",0,"Scott","IL",NA,14.5,0,0
"5611","64.8%","Morgan",672,"IL","US.36",39,"WE","",0,0,"",0,"Morgan","IL",NA,22.3,0,0
"5612","64.8%","Sangamon",687,"IL","US.36",40,"WE","",0,0,"",0,"Sangamon","IL",NA,45.1,0,0
"5613","64.8%","Macon",658,"IL","US.36",41,"WE","",0,0,"",0,"Macon","IL",NA,25.95,0,0
"5614","64.9%","Piatt",677,"IL","US.36",42,"WE","Abuts, to the North",0,0,"",0,"Piatt","IL",NA,7.55,0,0
"5615","64.9%","Moultrie",673,"IL","US.36",43,"WE","Abuts, to the South",0,0,"",0,"Moultrie","IL",NA,7.6,1,0
"5616","64.9%","Douglas",624,"IL","US.36",44,"WE","",0,0,"",0,"Douglas","IL",NA,27.45,0,0
"5617","64.9%","Edgar",626,"IL","US.36",45,"WE","",0,0,"",0,"Edgar","IL",NA,22.35,0,0
"5618","64.9%","Vermillion",788,"IN","US.36",46,"WE","",0,0,"",0,"Vermillion","IN",NA,8.7,0,0
"5619","64.9%","Parke",766,"IN","US.36",47,"WE","",0,0,"",0,"Parke","IN",NA,20.1,0,0
"5620","64.9%","Putnam",772,"IN","US.36",48,"WE","",0,0,"",0,"Putnam","IN",NA,17.4,0,0
"5621","64.9%","Hendricks",737,"IN","US.36",49,"WE","",0,0,"",0,"Hendricks","IN",NA,19.3,0,0
"5622","65.0%","Marion",754,"IN","US.36",50,"WE","",0,0,"",0,"Marion","IN",NA,34.4,0,0
"5623","65.0%","Hancock",735,"IN","US.36",51,"WE","",0,0,"",0,"Hancock","IN",NA,7.1,0,0
"5624","65.0%","Madison",753,"IN","US.36",52,"WE","",0,0,"",0,"Madison","IN",NA,14.8,0,1
"5625","65.0%","Henry",738,"IN","US.36",53,"WE","",0,0,"",0,"Henry","IN",NA,19.3,0,0
"5626","65.0%","Randolph",773,"IN","US.36",54,"WE","",0,0,"",0,"Randolph","IN",NA,22.4,0,0
"5627","65.0%","Darke",2076,"OH","US.36",55,"WE","",0,0,"",0,"Darke","OH",NA,22.7,0,0
"5628","65.0%","Miami",2112,"OH","US.36",56,"WE","",0,0,"",0,"Miami","OH",NA,21.9,0,0
"5629","65.0%","Champaign",2068,"OH","US.36",57,"WE","",0,0,"",0,"Champaign","OH",NA,29,0,0
"5630","65.0%","Union",2137,"OH","US.36",58,"WE","",0,0,"",0,"Union","OH",NA,19,0,0
"5631","65.1%","Delaware",2078,"OH","US.36",59,"WE","",0,0,"",0,"Delaware","OH",NA,28.8,0,0
"5632","65.1%","Knox",2099,"OH","US.36",60,"WE","",0,0,"",0,"Knox","OH",NA,35.8,0,0
"5633","65.1%","Coshocton",2073,"OH","US.36",61,"WE","",0,0,"",0,"Coshocton","OH",NA,33.5,1,0
"5634","65.1%","Tuscarawas",2136,"OH","US.36",62,"WE","",0,0,"",0,"Tuscarawas","OH",NA,18,0,0
"5635","65.1%","Danville, City of",3035,"VA","US.360",1,"WE","",0,0,"",0,"Danville, City of","VA",NA,4.7,0,0
"5636","65.1%","Pittsylvania",3033,"VA","US.360",2,"WE","",0,0,"",0,"Pittsylvania","VA",NA,5.3,0,0
"5637","65.1%","Halifax",2994,"VA","US.360",3,"WE","",0,0,"",0,"Halifax","VA",NA,36.8,0,0
"5638","65.1%","Charlotte",2959,"VA","US.360",4,"WE","",0,0,"",0,"Charlotte","VA",NA,24.1,0,0
"5639","65.1%","Lunenburg",3015,"VA","US.360",5,"WE","Abuts, to the South",0,0,"",0,"Lunenburg","VA",NA,1.3,1,0
"5640","65.2%","Prince Edward",3037,"VA","US.360",6,"WE","",0,0,"",0,"Prince Edward","VA",NA,12.9,0,0
"5641","65.2%","Nottoway",3029,"VA","US.360",7,"WE","",0,0,"",0,"Nottoway","VA",NA,10.3,0,0
"5642","65.2%","Amelia",2934,"VA","US.360",8,"WE","",0,0,"",0,"Amelia","VA",NA,17.7,1,0
"5643","65.2%","Chesterfield",2960,"VA","US.360",9,"WE","",0,0,"",0,"Chesterfield","VA",NA,21.8,0,0
"5644","65.2%","Richmond, City of",2999,"VA","US.360",10,"WE","",3,0,"",0,"Richmond, City of","VA",NA,8,0,0
"5645","65.2%","Henrico",2997,"VA","US.360",11,"WE","",3,1,"",0,"Henrico","VA",NA,3,0,0
"5646","65.2%","Hanover",2996,"VA","US.360",12,"WE","",0,0,"",0,"Hanover","VA",NA,13,0,0
"5647","65.2%","King William",3010,"VA","US.360",13,"WE","",0,0,"",0,"King William","VA",NA,8.5,1,0
"5648","65.3%","King and Queen",3008,"VA","US.360",14,"WE","",0,0,"",0,"King and Queen","VA",NA,8.5,1,0
"5649","65.3%","Essex",2974,"VA","US.360",15,"WE","",0,0,"",0,"Essex","VA",NA,10.8,0,0
"5650","65.3%","Richmond",3047,"VA","US.360",16,"WE","",0,0,"",0,"Richmond","VA",NA,14.8,1,0
"5651","65.3%","Northumberland",3028,"VA","US.360",17,"WE","",0,0,"",0,"Northumberland","VA",NA,23.4,1,0
"5652","65.3%","De Soto",1137,"LA","US.371",1,"SN","",0,0,"",0,"De Soto","LA",NA,2.1,0,0
"5653","65.3%","Red River",1162,"LA","US.371",2,"SN","",0,0,"",0,"Red River","LA",NA,22.9,0,0
"5654","65.3%","Bienville",1128,"LA","US.371",3,"SN","",0,0,"",0,"Bienville","LA",NA,11.9,0,0
"5655","65.3%","Webster",1181,"LA","US.371",4,"SN","",0,0,"",0,"Webster","LA",NA,46.4,0,0
"5656","65.3%","Columbia",131,"AR","US.371",5,"SN","",0,0,"",0,"Columbia","AR",NA,38.7,0,0
"5657","65.4%","Nevada",167,"AR","US.371",6,"SN","",0,0,"",0,"Nevada","AR",NA,34.3,0,0
"5658","65.4%","Hempstead",146,"AR","US.371",7,"SN","",0,0,"",0,"Hempstead","AR",NA,27,0,0
"5659","65.4%","Howard",148,"AR","US.371",8,"SN","",0,0,"",0,"Howard","AR",NA,14.1,0,0
"5660","65.4%","Sevier",184,"AR","US.371",9,"SN","",0,0,"",0,"Sevier","AR",NA,19.9,0,0
"5661","65.4%","Val Verde",2848,"TX","US.377",1,"SN","",0,0,"",0,"Val Verde","TX",NA,34.8,0,0
"5662","65.4%","Edwards",2684,"TX","US.377",2,"SN","",0,0,"",0,"Edwards","TX",NA,69.2,0,0
"5663","65.4%","Kimble",2749,"TX","US.377",3,"SN","",0,0,"",0,"Kimble","TX",NA,42.4,0,0
"5664","65.4%","Menard",2779,"TX","US.377",4,"SN","",0,0,"",0,"Menard","TX",NA,4,0,0
"5665","65.4%","Mason",2772,"TX","US.377",5,"SN","",0,0,"",0,"Mason","TX",NA,28.1,0,0
"5666","65.5%","McCulloch",2775,"TX","US.377",6,"SN","",0,0,"",0,"McCulloch","TX",NA,40.5,0,0
"5667","65.5%","Brown",2640,"TX","US.377",7,"SN","",0,0,"",0,"Brown","TX",NA,36.6,0,0
"5668","65.5%","Comanche",2662,"TX","US.377",8,"SN","",0,0,"",0,"Comanche","TX",NA,27.2,0,0
"5669","65.5%","Erath",2687,"TX","US.377",9,"SN","",0,0,"",0,"Erath","TX",NA,34.5,0,0
"5670","65.5%","Hood",2726,"TX","US.377",10,"SN","",0,0,"",0,"Hood","TX",NA,26.5,1,0
"5671","65.5%","Johnson",2741,"TX","US.377",11,"SN","",0,0,"",0,"Johnson","TX",NA,1.6,0,1
"5672","65.5%","Parker",2799,"TX","US.377",12,"SN","",0,0,"",0,"Parker","TX",NA,5.4,0,0
"5673","65.5%","Tarrant",2835,"TX","US.377",13,"SN","",0,0,"",0,"Tarrant","TX",NA,36.5,0,0
"5674","65.6%","Denton",2676,"TX","US.377",14,"SN","",0,0,"",0,"Denton","TX",NA,39.4,0,0
"5675","65.6%","Grayson",2706,"TX","US.377",15,"SN","",0,0,"",0,"Grayson","TX",NA,33.3,0,0
"5676","65.6%","Marshall",2190,"OK","US.377",16,"SN","",0,0,"",0,"Marshall","OK",NA,23.8,0,0
"5677","65.6%","Johnston",2180,"OK","US.377",17,"SN","",0,0,"",0,"Johnston","OK",NA,26,0,0
"5678","65.6%","Pontotoc",2207,"OK","US.377",18,"SN","",0,0,"",0,"Pontotoc","OK",NA,32,0,0
"5679","65.6%","Seminole",2212,"OK","US.377",19,"SN","",0,0,"",0,"Seminole","OK",NA,32.2,0,0
"5680","65.6%","Pottawatomie",2208,"OK","US.377",20,"SN","",0,0,"",0,"Pottawatomie","OK",NA,4.5,0,0
"5681","65.6%","Lincoln",2186,"OK","US.377",21,"SN","",0,0,"",0,"Lincoln","OK",NA,20.7,0,1
"5682","65.6%","Wilkes",551,"GA","US.378",1,"WE","",0,0,"",0,"Wilkes","GA",NA,10.6,0,0
"5683","65.7%","Lincoln",484,"GA","US.378",2,"WE","",0,0,"",0,"Lincoln","GA",NA,12.8,1,1
"5684","65.7%","McCormick",2443,"SC","US.378",3,"WE","",0,0,"",0,"McCormick","SC",NA,15.6,0,0
"5685","65.7%","Edgefield",2427,"SC","US.378",4,"WE","",0,0,"",0,"Edgefield","SC",NA,16.2,0,0
"5686","65.7%","Saluda",2449,"SC","US.378",5,"WE","",0,0,"",0,"Saluda","SC",NA,25,0,0
"5687","65.7%","Lexington",2440,"SC","US.378",6,"WE","",0,0,"",0,"Lexington","SC",NA,26.9,0,0
"5688","65.7%","Richland",2448,"SC","US.378",7,"WE","",0,0,"",0,"Richland","SC",NA,26.5,0,0
"5689","65.7%","Sumter",2451,"SC","US.378",8,"WE","",0,0,"",0,"Sumter","SC",NA,33.9,0,0
"5690","65.7%","Clarendon",2422,"SC","US.378",9,"WE","",0,0,"",0,"Clarendon","SC",NA,8.4,0,0
"5691","65.8%","Florence",2429,"SC","US.378",10,"WE","Reentry from East",0,0,"",2001,"Florence","SC",NA,4.13,0,0
"5692","65.8%","Williamsburg",2453,"SC","US.378",11,"WE","",0,0,"",0,"Williamsburg","SC",NA,2.4,0,0
"5693","65.8%","Florence",2429,"SC","US.378",12,"WE","Reentry from West",0,0,"",3001,"Florence","SC",NA,25.27,0,0
"5694","65.8%","Marion",2441,"SC","US.378",13,"WE","",0,0,"",0,"Marion","SC",NA,12.4,0,0
"5695","65.8%","Horry",2434,"SC","US.378",14,"WE","",0,0,"",0,"Horry","SC",NA,12.2,0,0
"5696","65.8%","Socorro",1834,"NM","US.380",1,"WE","",0,0,"",0,"Socorro","NM",NA,52,0,0
"5697","65.8%","Lincoln",1820,"NM","US.380",2,"WE","",0,0,"",0,"Lincoln","NM",NA,82.2,0,1
"5698","65.8%","Chaves",1808,"NM","US.380",3,"WE","",0,0,"",0,"Chaves","NM",NA,68.3,0,0
"5699","65.8%","Lea",1819,"NM","US.380",4,"WE","",0,0,"",0,"Lea","NM",NA,40.7,0,0
"5700","65.9%","Yoakum",2866,"TX","US.380",5,"WE","",0,0,"",0,"Yoakum","TX",NA,28.8,0,0
"5701","65.9%","Terry",2838,"TX","US.380",6,"WE","",0,0,"",0,"Terry","TX",NA,30.6,0,0
"5702","65.9%","Lynn",2768,"TX","US.380",7,"WE","",0,0,"",0,"Lynn","TX",NA,30.4,0,0
"5703","65.9%","Garza",2700,"TX","US.380",8,"WE","",0,0,"",0,"Garza","TX",NA,31.1,0,0
"5704","65.9%","Kent",2747,"TX","US.380",9,"WE","",0,0,"",0,"Kent","TX",NA,35.8,1,0
"5705","65.9%","Stonewall",2832,"TX","US.380",10,"WE","",0,0,"",0,"Stonewall","TX",NA,35.1,0,0
"5706","65.9%","Haskell",2719,"TX","US.380",11,"WE","",0,0,"",0,"Haskell","TX",NA,31.2,0,0
"5707","65.9%","Throckmorton",2839,"TX","US.380",12,"WE","",0,0,"",0,"Throckmorton","TX",NA,30.4,0,0
"5708","65.9%","Young",2867,"TX","US.380",13,"WE","",0,0,"",0,"Young","TX",NA,36.8,1,0
"5709","66.0%","Jack",2734,"TX","US.380",14,"WE","",0,0,"",0,"Jack","TX",NA,32.9,0,0
"5710","66.0%","Wise",2864,"TX","US.380",15,"WE","",0,0,"",0,"Wise","TX",NA,32.7,0,0
"5711","66.0%","Denton",2676,"TX","US.380",16,"WE","",0,0,"",0,"Denton","TX",NA,32.5,0,0
"5712","66.0%","Collin",2658,"TX","US.380",17,"WE","",0,0,"",0,"Collin","TX",NA,32.4,0,0
"5713","66.0%","Hunt",2731,"TX","US.380",18,"WE","",0,0,"",0,"Hunt","TX",NA,12.9,0,0
"5714","66.0%","Brewster",2637,"TX","US.385",1,"SN","",0,0,"",0,"Brewster","TX",NA,57.8,0,0
"5715","66.0%","Pecos",2801,"TX","US.385",2,"SN","",0,0,"",0,"Pecos","TX",NA,75.6,0,0
"5716","66.0%","Crockett",2668,"TX","US.385",3,"SN","",0,0,"",0,"Crockett","TX",NA,0.8,0,0
"5717","66.1%","Crane",2667,"TX","US.385",4,"SN","Reentry from North",0,0,"",2001,"Crane","TX","3.40",3.4,0,0
"5718","66.1%","Upton",2846,"TX","US.385",5,"SN","",0,0,"",0,"Upton","TX",NA,11.3,0,0
"5719","66.1%","Crane",2667,"TX","US.385",6,"SN","Reentry from South",0,0,"",3001,"Crane","TX",NA,32.2,0,0
"5720","66.1%","Ector",2683,"TX","US.385",7,"SN","",0,0,"",0,"Ector","TX",NA,31.4,0,0
"5721","66.1%","Andrews",2617,"TX","US.385",8,"SN","",0,0,"",0,"Andrews","TX",NA,31.5,1,0
"5722","66.1%","Gaines",2698,"TX","US.385",9,"SN","",0,0,"",0,"Gaines","TX",NA,32.8,0,0
"5723","66.1%","Terry",2838,"TX","US.385",10,"SN","",0,0,"",0,"Terry","TX",NA,36,0,0
"5724","66.1%","Hockley",2725,"TX","US.385",11,"SN","",0,0,"",0,"Hockley","TX",NA,31.7,0,0
"5725","66.1%","Lamb",2756,"TX","US.385",12,"SN","",0,0,"",0,"Lamb","TX",NA,33.8,0,0
"5726","66.2%","Castro",2650,"TX","US.385",13,"SN","",0,0,"",0,"Castro","TX",NA,31.2,0,0
"5727","66.2%","Deaf Smith",2674,"TX","US.385",14,"SN","",0,0,"",0,"Deaf Smith","TX",NA,31.2,0,0
"5728","66.2%","Oldham",2795,"TX","US.385",15,"SN","",0,0,"",0,"Oldham","TX",NA,35,0,0
"5729","66.2%","Hartley",2718,"TX","US.385",16,"SN","",0,0,"",0,"Hartley","TX",NA,33,0,0
"5730","66.2%","Dallam",2671,"TX","US.385",17,"SN","",0,0,"",0,"Dallam","TX",NA,31.7,0,0
"5731","66.2%","Cimarron",2158,"OK","US.385",18,"SN","",0,0,"",0,"Cimarron","OK",NA,35.8,0,0
"5732","66.2%","Baca",255,"CO","US.385",19,"SN","",0,0,"",0,"Baca","CO",NA,46.7,0,0
"5733","66.2%","Prowers",301,"CO","US.385",20,"SN","",0,0,"",0,"Prowers","CO",NA,62.5,0,0
"5734","66.2%","Kiowa",282,"CO","US.385",21,"SN","",0,0,"",0,"Kiowa","CO",NA,26.1,0,0
"5735","66.3%","Cheyenne",260,"CO","US.385",22,"SN","",0,0,"",0,"Cheyenne","CO",NA,34.8,0,0
"5736","66.3%","Kit Carson",283,"CO","US.385",23,"SN","",0,0,"",0,"Kit Carson","CO",NA,37.5,0,0
"5737","66.3%","Yuma",314,"CO","US.385",24,"SN","",0,0,"",0,"Yuma","CO",NA,62,0,0
"5738","66.3%","Phillips",299,"CO","US.385",25,"SN","",0,0,"",0,"Phillips","CO",NA,21.6,0,0
"5739","66.3%","Sedgwick",309,"CO","US.385",26,"SN","",0,0,"",0,"Sedgwick","CO",NA,27.9,0,0
"5740","66.3%","Deuel",1689,"NE","US.385",27,"SN","",0,0,"",0,"Deuel","NE",NA,16.3,0,0
"5741","66.3%","Cheyenne",1681,"NE","US.385",28,"SN","",0,0,"",0,"Cheyenne","NE",NA,38.2,0,0
"5742","66.3%","Morrill",1726,"NE","US.385",29,"SN","",0,0,"",0,"Morrill","NE",NA,47.2,0,0
"5743","66.4%","Box Butte",1671,"NE","US.385",30,"SN","",0,0,"",0,"Box Butte","NE",NA,32.2,1,0
"5744","66.4%","Dawes",1687,"NE","US.385",31,"SN","",0,0,"",0,"Dawes","NE",NA,46.4,0,0
"5745","66.4%","Fall River",2477,"SD","US.385",32,"SN","",0,0,"",0,"Fall River","SD",NA,39.4,0,0
"5746","66.4%","Custer",2470,"SD","US.385",33,"SN","",0,0,"",0,"Custer","SD",NA,34.7,0,0
"5747","66.4%","Pennington",2506,"SD","US.385",34,"SN","",0,0,"",0,"Pennington","SD",NA,27.4,0,0
"5748","66.4%","Lawrence",2494,"SD","US.385",35,"SN","",0,0,"",0,"Lawrence","SD",NA,19.8,0,0
"5749","66.4%","San Bernardino",228,"CA","US.395",1,"SN","",0,0,"",0,"San Bernardino","CA",NA,70.4,0,0
"5750","66.4%","Kern",207,"CA","US.395",2,"SN","",0,0,"",0,"Kern","CA",NA,35.7,0,0
"5751","66.4%","Inyo",206,"CA","US.395",3,"SN","",0,0,"",0,"Inyo","CA",NA,129.8,0,0
"5752","66.5%","Mono",218,"CA","US.395",4,"SN","",0,0,"",0,"Mono","CA",NA,120.2,0,0
"5753","66.5%","Douglas",1760,"NV","US.395",5,"SN","",0,0,"",0,"Douglas","NV",NA,34.3,0,0
"5754","66.5%","Carson City",1774,"NV","US.395",6,"SN","",0,0,"",0,"Carson City","NV",NA,9.7,0,0
"5755","66.5%","Washoe",1772,"NV","US.395",7,"SN","",0,0,"",0,"Washoe","NV",NA,41.7,0,0
"5756","66.5%","Sierra",238,"CA","US.395",8,"SN","",0,0,"",0,"Sierra","CA",NA,3.1,0,0
"5757","66.5%","Lassen",210,"CA","US.395",9,"SN","",0,0,"",0,"Lassen","CA",NA,129.4,1,0
"5758","66.5%","Modoc",217,"CA","US.395",10,"SN","",0,0,"",0,"Modoc","CA",NA,61.1,1,0
"5759","66.5%","Lake",2241,"OR","US.395",11,"SN","Reentry from North",0,0,"",2001,"Lake","OR",NA,91.47,0,0
"5760","66.5%","Harney",2235,"OR","US.395",12,"SN","Reentry from North",0,0,"",2002,"Harney","OR","0.62",0.62,0,0
"5761","66.6%","Lake",2241,"OR","US.395",13,"SN","Reentry",0,0,"",1001,"Lake","OR","1.80",1.8,0,0
"5762","66.6%","Harney",2235,"OR","US.395",14,"SN","Reentry",0,0,"",1002,"Harney","OR","2.31",2.31,0,0
"5763","66.6%","Lake",2241,"OR","US.395",15,"SN","Reentry from South",0,0,"",3001,"Lake","OR","0.93",0.93,0,0
"5764","66.6%","Harney",2235,"OR","US.395",16,"SN","Reentry from South",0,0,"",3002,"Harney","OR",NA,86.57,0,0
"5765","66.6%","Grant",2234,"OR","US.395",17,"SN","",0,0,"",0,"Grant","OR",NA,103.4,0,1
"5766","66.6%","Umatilla",2252,"OR","US.395",18,"SN","",0,0,"",0,"Umatilla","OR",NA,96.7,0,0
"5767","66.6%","Benton",3089,"WA","US.395",19,"SN","",0,0,"",0,"Benton","WA",NA,25.6,0,0
"5768","66.6%","Franklin",3097,"WA","US.395",20,"SN","",0,0,"",0,"Franklin","WA",NA,42.4,0,0
"5769","66.7%","Adams",3087,"WA","US.395",21,"SN","",0,0,"",0,"Adams","WA",NA,53.1,0,1
"5770","66.7%","Lincoln",3108,"WA","US.395",22,"SN","",0,0,"",0,"Lincoln","WA",NA,16.2,0,1
"5771","66.7%","Spokane",3118,"WA","US.395",23,"SN","",0,0,"",0,"Spokane","WA",NA,51.4,0,0
"5772","66.7%","Stevens",3119,"WA","US.395",24,"SN","",0,0,"",0,"Stevens","WA",NA,57.9,1,0
"5773","66.7%","Ferry",3096,"WA","US.395",25,"SN","",0,0,"",0,"Ferry","WA",NA,28.7,1,0
"5774","66.7%","Rensselaer",1880,"NY","US.4",1,"WE","",0,0,"",0,"Rensselaer","NY",NA,14.2,0,0
"5775","66.7%","Saratoga",1884,"NY","US.4",2,"WE","",0,0,"",0,"Saratoga","NY",NA,26.5,0,0
"5776","66.7%","Washington",1896,"NY","US.4",3,"WE","",0,0,"",0,"Washington","NY",NA,39.7,1,1
"5777","66.7%","Rutland",2920,"VT","US.4",4,"WE","",0,0,"",0,"Rutland","VT",NA,37.8,0,0
"5778","66.8%","Windsor",2923,"VT","US.4",5,"WE","",0,0,"",0,"Windsor","VT",NA,28,0,0
"5779","66.8%","Grafton",1779,"NH","US.4",6,"WE","",0,0,"",0,"Grafton","NH",NA,28.1,0,0
"5780","66.8%","Merrimack",1781,"NH","US.4",7,"WE","",0,0,"",0,"Merrimack","NH",NA,48.4,0,0
"5781","66.8%","Rockingham",1782,"NH","US.4",8,"WE","Reentry from East",0,0,"",2001,"Rockingham","NH",NA,12.66,0,0
"5782","66.8%","Strafford",1783,"NH","US.4",9,"WE","",0,0,"",0,"Strafford","NH",NA,12.6,0,0
"5783","66.8%","Rockingham",1782,"NH","US.4",10,"WE","Reentry from West",0,0,"",3001,"Rockingham","NH","3.44",3.44,0,0
"5784","66.8%","Summit",2902,"UT","US.40",1,"WE","",0,0,"",0,"Summit","UT",NA,5.9,0,0
"5785","66.8%","Wasatch",2906,"UT","US.40",2,"WE","",0,0,"",0,"Wasatch","UT",NA,52.8,0,0
"5786","66.8%","Duchesne",2887,"UT","US.40",3,"WE","",0,0,"",0,"Duchesne","UT",NA,56.7,0,0
"5787","66.9%","Uintah",2904,"UT","US.40",4,"WE","",0,0,"",0,"Uintah","UT",NA,59.6,0,0
"5788","66.9%","Moffat",292,"CO","US.40",5,"WE","",0,0,"",0,"Moffat","CO",NA,97.2,1,0
"5789","66.9%","Routt",305,"CO","US.40",6,"WE","",0,0,"",0,"Routt","CO",NA,54.4,1,0
"5790","66.9%","Grand",276,"CO","US.40",7,"WE","Reentry from East",0,0,"",2001,"Grand","CO","2.27",2.27,0,0
"5791","66.9%","Jackson",280,"CO","US.40",8,"WE","",0,0,"GE",0,"Jackson","CO","3.13",3.13,1,1
"5792","66.9%","Grand",276,"CO","US.40",9,"WE","Reentry from West",0,0,"",3001,"Grand","CO",NA,85.83,0,0
"5793","66.9%","Clear Creek",261,"CO","US.40",10,"WE","",0,0,"",0,"Clear Creek","CO",NA,30.5,0,0
"5794","66.9%","Jefferson",281,"CO","US.40",11,"WE","",0,0,"",0,"Jefferson","CO",NA,22.9,0,1
"5795","67.0%","Denver",267,"CO","US.40",12,"WE","",0,0,"",0,"Denver","CO",NA,9.1,0,0
"5796","67.0%","Adams",251,"CO","US.40",13,"WE","Abuts, to the North",0,0,"",0,"Adams","CO",NA,9,0,1
"5797","67.0%","Arapahoe",253,"CO","US.40",14,"WE","",0,0,"",0,"Arapahoe","CO",NA,42.6,0,0
"5798","67.0%","Elbert",272,"CO","US.40",15,"WE","",0,0,"",0,"Elbert","CO",NA,27.2,0,0
"5799","67.0%","Lincoln",288,"CO","US.40",16,"WE","",0,0,"",0,"Lincoln","CO",NA,40.7,0,1
"5800","67.0%","Cheyenne",260,"CO","US.40",17,"WE","",0,0,"",0,"Cheyenne","CO",NA,64.9,0,0
"5801","67.0%","Wallace",996,"KS","US.40",18,"WE","",0,0,"",0,"Wallace","KS",NA,32,1,0
"5802","67.0%","Logan",951,"KS","US.40",19,"WE","",0,0,"",0,"Logan","KS",NA,38.9,0,0
"5803","67.0%","Gove",928,"KS","US.40",20,"WE","",0,0,"",0,"Gove","KS",NA,37.4,0,0
"5804","67.1%","Trego",994,"KS","US.40",21,"WE","",0,0,"",0,"Trego","KS",NA,30.6,0,0
"5805","67.1%","Ellis",922,"KS","US.40",22,"WE","",0,0,"",0,"Ellis","KS",NA,31.3,0,0
"5806","67.1%","Russell",980,"KS","US.40",23,"WE","",0,0,"",0,"Russell","KS",NA,30.1,0,0
"5807","67.1%","Ellsworth",923,"KS","US.40",24,"WE","",0,0,"",0,"Ellsworth","KS",NA,23.3,0,0
"5808","67.1%","Lincoln",949,"KS","US.40",25,"WE","",0,0,"",0,"Lincoln","KS",NA,7.3,0,1
"5809","67.1%","Saline",981,"KS","US.40",26,"WE","",0,0,"",0,"Saline","KS",NA,30.6,0,0
"5810","67.1%","Dickinson",917,"KS","US.40",27,"WE","",0,0,"",0,"Dickinson","KS",NA,23.5,0,0
"5811","67.1%","Geary",927,"KS","US.40",28,"WE","",0,0,"",0,"Geary","KS",NA,26.6,0,0
"5812","67.1%","Riley",977,"KS","US.40",29,"WE","",0,0,"",0,"Riley","KS",NA,6,0,0
"5813","67.2%","Wabaunsee",995,"KS","US.40",30,"WE","",0,0,"",0,"Wabaunsee","KS",NA,24,0,0
"5814","67.2%","Shawnee",985,"KS","US.40",31,"WE","",0,0,"",0,"Shawnee","KS",NA,27.6,0,0
"5815","67.2%","Douglas",919,"KS","US.40",32,"WE","",0,0,"",0,"Douglas","KS",NA,27.1,0,0
"5816","67.2%","Leavenworth",948,"KS","US.40",33,"WE","",0,0,"",0,"Leavenworth","KS",NA,19.8,0,0
"5817","67.2%","Wyandotte",1001,"KS","US.40",34,"WE","",0,0,"",0,"Wyandotte","KS",NA,18.9,0,0
"5818","67.2%","Jackson",1540,"MO","US.40",35,"WE","",0,0,"",0,"Jackson","MO",NA,30.5,0,1
"5819","67.2%","Lafayette",1546,"MO","US.40",36,"WE","",0,0,"",0,"Lafayette","MO",NA,33.5,0,0
"5820","67.2%","Saline",1591,"MO","US.40",37,"WE","",0,0,"",0,"Saline","MO",NA,24.2,0,0
"5821","67.3%","Cooper",1519,"MO","US.40",38,"WE","",0,0,"",0,"Cooper","MO",NA,19.1,0,0
"5822","67.3%","Howard",1537,"MO","US.40",39,"WE","",0,0,"",0,"Howard","MO",NA,11.2,1,0
"5823","67.3%","Boone",1502,"MO","US.40",40,"WE","",0,0,"",0,"Boone","MO",NA,23.3,0,0
"5824","67.3%","Callaway",1506,"MO","US.40",41,"WE","",0,0,"",0,"Callaway","MO",NA,28.2,0,0
"5825","67.3%","Montgomery",1562,"MO","US.40",42,"WE","",0,0,"",0,"Montgomery","MO",NA,21.3,0,0
"5826","67.3%","Warren",1603,"MO","US.40",43,"WE","",0,0,"",0,"Warren","MO",NA,17.2,0,0
"5827","67.3%","St. Charles",1584,"MO","US.40",44,"WE","",0,0,"",0,"St. Charles","MO",NA,19.4,0,0
"5828","67.3%","St. Louis",1588,"MO","US.40",45,"WE","",24,1,"",0,"St. Louis","MO",NA,20.6,0,0
"5829","67.3%","St. Louis, City of",1589,"MO","US.40",46,"WE","",24,0,"",0,"St. Louis, City of","MO",NA,7.2,0,0
"5830","67.4%","St. Clair",685,"IL","US.40",47,"WE","",0,0,"",0,"St. Clair","IL",NA,5.5,0,0
"5831","67.4%","Madison",660,"IL","US.40",48,"WE","",0,0,"",0,"Madison","IL",NA,30.8,0,1
"5832","67.4%","Bond",606,"IL","US.40",49,"WE","",0,0,"",0,"Bond","IL",NA,20.9,0,0
"5833","67.4%","Fayette",629,"IL","US.40",50,"WE","",0,0,"",0,"Fayette","IL",NA,27.9,0,0
"5834","67.4%","Effingham",628,"IL","US.40",51,"WE","",0,0,"",0,"Effingham","IL",NA,26,0,0
"5835","67.4%","Cumberland",621,"IL","US.40",52,"WE","",0,0,"",0,"Cumberland","IL",NA,21,0,0
"5836","67.4%","Clark",615,"IL","US.40",53,"WE","",0,0,"",0,"Clark","IL",NA,28.3,0,0
"5837","67.4%","Vigo",789,"IN","US.40",54,"WE","",0,0,"",0,"Vigo","IN",NA,19.9,0,0
"5838","67.4%","Clay",716,"IN","US.40",55,"WE","",0,0,"",0,"Clay","IN",NA,12.6,0,0
"5839","67.5%","Putnam",772,"IN","US.40",56,"WE","",0,0,"",0,"Putnam","IN",NA,19.8,0,0
"5840","67.5%","Hendricks",737,"IN","US.40",57,"WE","",0,0,"",0,"Hendricks","IN",NA,19.2,0,0
"5841","67.5%","Marion",754,"IN","US.40",58,"WE","",0,0,"",0,"Marion","IN",NA,27.5,0,0
"5842","67.5%","Hancock",735,"IN","US.40",59,"WE","",0,0,"",0,"Hancock","IN",NA,18.9,0,0
"5843","67.5%","Henry",738,"IN","US.40",60,"WE","",0,0,"",0,"Henry","IN",NA,20.1,0,0
"5844","67.5%","Wayne",794,"IN","US.40",61,"WE","",0,0,"",0,"Wayne","IN",NA,21.9,0,0
"5845","67.5%","Preble",2125,"OH","US.40",62,"WE","",0,0,"",0,"Preble","OH",NA,17.6,0,0
"5846","67.5%","Montgomery",2114,"OH","US.40",63,"WE","",0,0,"",0,"Montgomery","OH",NA,20.4,0,0
"5847","67.6%","Miami",2112,"OH","US.40",64,"WE","",0,0,"",0,"Miami","OH",NA,6.3,0,0
"5848","67.6%","Clark",2069,"OH","US.40",65,"WE","",0,0,"",0,"Clark","OH",NA,27.5,0,0
"5849","67.6%","Madison",2106,"OH","US.40",66,"WE","",0,0,"",0,"Madison","OH",NA,16.2,0,1
"5850","67.6%","Franklin",2082,"OH","US.40",67,"WE","",0,0,"",0,"Franklin","OH",NA,25.1,0,0
"5851","67.6%","Licking",2102,"OH","US.40",68,"WE","Reentry from East",0,0,"",2002,"Licking","OH",NA,29.34,0,0
"5852","67.6%","Muskingum",2117,"OH","US.40",69,"WE","Reentry from East",0,0,"GE",2003,"Muskingum","OH","1.10",1.1,0,0
"5853","67.6%","Licking",2102,"OH","US.40",70,"WE","Reentry from West",0,0,"GE",3002,"Licking","OH","0.76",0.76,0,0
"5854","67.6%","Muskingum",2117,"OH","US.40",71,"WE","Reentry from West",0,0,"",3003,"Muskingum","OH",NA,26.5,0,0
"5855","67.6%","Guernsey",2087,"OH","US.40",72,"WE","",0,0,"",0,"Guernsey","OH",NA,28.4,0,0
"5856","67.7%","Belmont",2064,"OH","US.40",73,"WE","",0,0,"",0,"Belmont","OH",NA,28,0,0
"5857","67.7%","Ohio",3160,"WV","US.40",74,"WE","",0,0,"W",0,"Ohio","WV","16.00",16.1,0,0
"5858","67.7%","Washington",2321,"PA","US.40",75,"WE","",0,0,"",0,"Washington","PA",NA,39.7,0,1
"5859","67.7%","Fayette",2284,"PA","US.40",76,"WE","",0,0,"",0,"Fayette","PA",NA,36.2,0,0
"5860","67.7%","Somerset",2314,"PA","US.40",77,"WE","",0,0,"",0,"Somerset","PA",NA,6.3,0,0
"5861","67.7%","Garrett",1214,"MD","US.40",78,"WE","",0,0,"",0,"Garrett","MD",NA,20.8,0,0
"5862","67.7%","Allegany",1202,"MD","US.40",79,"WE","",0,0,"",0,"Allegany","MD",NA,40.7,0,0
"5863","67.7%","Washington",1224,"MD","US.40",80,"WE","",0,0,"",0,"Washington","MD",NA,45.6,0,1
"5864","67.7%","Frederick",1213,"MD","US.40",81,"WE","",0,0,"",0,"Frederick","MD",NA,29,0,0
"5865","67.8%","Carroll",1209,"MD","US.40",82,"WE","",0,0,"",0,"Carroll","MD",NA,1.6,0,0
"5866","67.8%","Howard",1216,"MD","US.40",83,"WE","",0,0,"",0,"Howard","MD",NA,20.8,0,0
"5867","67.8%","Baltimore",1205,"MD","US.40",84,"WE","Reentry from East",9,1,"",2004,"Baltimore","MD","3.93",3.93,0,0
"5868","67.8%","Baltimore, City of",1206,"MD","US.40",85,"WE","",9,0,"",0,"Baltimore City","MD",NA,10,0,0
"5869","67.8%","Baltimore",1205,"MD","US.40",86,"WE","Reentry from West",9,1,"",3004,"Baltimore","MD",NA,11.57,0,0
"5870","67.8%","Harford",1215,"MD","US.40",87,"WE","",0,0,"",0,"Harford","MD",NA,18.7,0,0
"5871","67.8%","Cecil",1210,"MD","US.40",88,"WE","",0,0,"",0,"Cecil","MD",NA,17.1,0,0
"5872","67.8%","New Castle",325,"DE","US.40",89,"WE","",0,0,"W",0,"New Castle","DE","17.18",17.3,0,0
"5873","67.9%","Salem",1801,"NJ","US.40",90,"WE","",0,0,"",0,"Salem","NJ",NA,24.4,0,0
"5874","67.9%","Gloucester",1792,"NJ","US.40",91,"WE","",0,0,"",0,"Gloucester","NJ",NA,8,0,0
"5875","67.9%","Atlantic",1785,"NJ","US.40",92,"WE","",0,0,"",0,"Atlantic","NJ",NA,31.3,0,0
"5876","67.9%","Prowers",301,"CO","US.400",1,"WE","",0,0,"W",0,"Prowers","CO","14.81",14.8,0,0
"5877","67.9%","Hamilton",934,"KS","US.400",2,"WE","",0,0,"",0,"Hamilton","KS",NA,28.6,0,0
"5878","67.9%","Kearny",943,"KS","US.400",3,"WE","",0,0,"",0,"Kearny","KS",NA,25.4,0,0
"5879","67.9%","Finney",924,"KS","US.400",4,"WE","",0,0,"",0,"Finney","KS",NA,30.1,0,0
"5880","67.9%","Gray",931,"KS","US.400",5,"WE","",0,0,"",0,"Gray","KS",NA,26.1,0,0
"5881","67.9%","Ford",925,"KS","US.400",6,"WE","",0,0,"",0,"Ford","KS",NA,45.2,0,1
"5882","68.0%","Kiowa",945,"KS","US.400",7,"WE","",0,0,"",0,"Kiowa","KS",NA,30.3,0,0
"5883","68.0%","Pratt",972,"KS","US.400",8,"WE","",0,0,"",0,"Pratt","KS",NA,30.4,0,0
"5884","68.0%","Kingman",944,"KS","US.400",9,"WE","",0,0,"",0,"Kingman","KS",NA,36.8,0,0
"5885","68.0%","Sedgwick",983,"KS","US.400",10,"WE","",0,0,"",0,"Sedgwick","KS",NA,36.2,0,0
"5886","68.0%","Butler",904,"KS","US.400",11,"WE","",0,0,"",0,"Butler","KS",NA,35.1,0,0
"5887","68.0%","Greenwood",933,"KS","US.400",12,"WE","",0,0,"",0,"Greenwood","KS",NA,31.6,0,0
"5888","68.0%","Wilson",999,"KS","US.400",13,"WE","",0,0,"",0,"Wilson","KS",NA,24.7,0,1
"5889","68.0%","Montgomery",959,"KS","US.400",14,"WE","",0,0,"",0,"Montgomery","KS",NA,11.9,0,0
"5890","68.0%","Labette",946,"KS","US.400",15,"WE","",0,0,"",0,"Labette","KS",NA,25.6,0,0
"5891","68.1%","Crawford",915,"KS","US.400",16,"WE","Abuts, to the North, shared with Cherokee",0,0,"",0,"Crawford","KS","10.20",10.2,0,0
"5892","68.1%","Cherokee",907,"KS","US.400",17,"WE","",0,0,"",0,"Cherokee","KS",NA,38.5,0,0
"5893","68.1%","Newton",1565,"MO","US.400",18,"WE","",0,0,"GE",0,"Newton","MO","0.63",0.6,0,0
"5894","68.1%","Sumter",2451,"SC","US.401",1,"SN","",0,0,"",0,"Sumter","SC",NA,9.4,0,0
"5895","68.1%","Lee",2439,"SC","US.401",2,"SN","",0,0,"",0,"Lee","SC",NA,10.3,0,0
"5896","68.1%","Darlington",2424,"SC","US.401",3,"SN","",0,0,"",0,"Darlington","SC",NA,36.3,0,0
"5897","68.1%","Marlboro",2442,"SC","US.401",4,"SN","",0,0,"",0,"Marlboro","SC",NA,21.8,0,0
"5898","68.1%","Scotland",1983,"NC","US.401",5,"SN","",0,0,"",0,"Scotland","NC",NA,18.8,0,0
"5899","68.2%","Hoke",1947,"NC","US.401",6,"SN","",0,0,"",0,"Hoke","NC",NA,19,0,0
"5900","68.2%","Cumberland",1926,"NC","US.401",7,"SN","",0,0,"",0,"Cumberland","NC",NA,27.9,0,0
"5901","68.2%","Harnett",1943,"NC","US.401",8,"SN","",0,0,"",0,"Harnett","NC",NA,22.2,0,0
"5902","68.2%","Wake",1992,"NC","US.401",9,"SN","",0,0,"",0,"Wake","NC",NA,39.8,0,0
"5903","68.2%","Franklin",1935,"NC","US.401",10,"SN","",0,0,"",0,"Franklin","NC",NA,24.5,0,0
"5904","68.2%","Warren",1993,"NC","US.401",11,"SN","",0,0,"",0,"Warren","NC",NA,23.1,0,0
"5905","68.2%","Miami-Dade",370,"FL","US.41",1,"SN","",0,0,"",0,"Miami-Dade","FL",NA,44.2,0,0
"5906","68.2%","Monroe",371,"FL","US.41",2,"SN","Corner Touch, southbound only",0,0,"",0,"Monroe","FL",NA,0,0,1
"5907","68.2%","Collier",338,"FL","US.41",3,"SN","",0,0,"",0,"Collier","FL",NA,75.9,0,0
"5908","68.3%","Lee",362,"FL","US.41",4,"SN","",0,0,"",0,"Lee","FL",NA,33,0,0
"5909","68.3%","Charlotte",335,"FL","US.41",5,"SN","",0,0,"",0,"Charlotte","FL",NA,25.5,0,0
"5910","68.3%","Sarasota",385,"FL","US.41",6,"SN","",0,0,"",0,"Sarasota","FL",NA,39.3,0,0
"5911","68.3%","Manatee",367,"FL","US.41",7,"SN","",0,0,"",0,"Manatee","FL",NA,19.6,0,0
"5912","68.3%","Hillsborough",355,"FL","US.41",8,"SN","",0,0,"",0,"Hillsborough","FL",NA,43.7,0,0
"5913","68.3%","Pasco",378,"FL","US.41",9,"SN","",0,0,"",0,"Pasco","FL",NA,19.7,0,0
"5914","68.3%","Hernando",353,"FL","US.41",10,"SN","",0,0,"",0,"Hernando","FL",NA,19.1,0,0
"5915","68.3%","Citrus",336,"FL","US.41",11,"SN","",0,0,"",0,"Citrus","FL",NA,29.7,0,0
"5916","68.3%","Marion",368,"FL","US.41",12,"SN","",0,0,"",0,"Marion","FL",NA,11.9,0,0
"5917","68.4%","Levy",364,"FL","US.41",13,"SN","",0,0,"",0,"Levy","FL",NA,19.5,0,0
"5918","68.4%","Alachua",328,"FL","US.41",14,"SN","",0,0,"",0,"Alachua","FL",NA,28,0,0
"5919","68.4%","Columbia",339,"FL","US.41",15,"SN","",0,0,"",0,"Columbia","FL",NA,35.2,0,0
"5920","68.4%","Hamilton",350,"FL","US.41",16,"SN","",0,0,"",0,"Hamilton","FL",NA,32.5,0,0
"5921","68.4%","Echols",444,"GA","US.41",17,"SN","",0,0,"",0,"Echols","GA",NA,1.6,0,0
"5922","68.4%","Lowndes",486,"GA","US.41",18,"SN","",0,0,"",0,"Lowndes","GA",NA,38,0,0
"5923","68.4%","Cook",431,"GA","US.41",19,"SN","",0,0,"",0,"Cook","GA",NA,21.4,0,0
"5924","68.4%","Tift",531,"GA","US.41",20,"SN","",0,0,"",0,"Tift","GA",NA,20.9,0,0
"5925","68.5%","Turner",536,"GA","US.41",21,"SN","",0,0,"",0,"Turner","GA",NA,16.5,0,0
"5926","68.5%","Crisp",434,"GA","US.41",22,"SN","",0,0,"",0,"Crisp","GA",NA,16.9,0,0
"5927","68.5%","Dooly",440,"GA","US.41",23,"SN","",0,0,"",0,"Dooly","GA",NA,19.8,0,0
"5928","68.5%","Houston",470,"GA","US.41",24,"SN","",0,0,"",0,"Houston","GA",NA,30.4,0,0
"5929","68.5%","Peach",505,"GA","US.41",25,"SN","Abuts, to the West",0,0,"",0,"Peach","GA",NA,0.1,0,0
"5930","68.5%","Bibb",405,"GA","US.41",26,"SN","",0,0,"",0,"Bibb","GA",NA,20.5,0,0
"5931","68.5%","Monroe",496,"GA","US.41",27,"SN","",0,0,"",0,"Monroe","GA",NA,20.7,0,1
"5932","68.5%","Lamar",479,"GA","US.41",28,"SN","",0,0,"",0,"Lamar","GA",NA,17.7,0,0
"5933","68.5%","Pike",508,"GA","US.41",29,"SN","",0,0,"",0,"Pike","GA",NA,3.3,0,0
"5934","68.6%","Spalding",520,"GA","US.41",30,"SN","",0,0,"",0,"Spalding","GA",NA,11.7,0,0
"5935","68.6%","Henry",469,"GA","US.41",31,"SN","",0,0,"",0,"Henry","GA",NA,5.5,0,0
"5936","68.6%","Clayton",425,"GA","US.41",32,"SN","",0,0,"",0,"Clayton","GA",NA,16.2,0,0
"5937","68.6%","Fulton",454,"GA","US.41",33,"SN","",0,0,"",0,"Fulton","GA",NA,17.8,0,0
"5938","68.6%","Cobb",427,"GA","US.41",34,"SN","",0,0,"",0,"Cobb","GA",NA,22.7,0,0
"5939","68.6%","Bartow",402,"GA","US.41",35,"SN","",0,0,"",0,"Bartow","GA",NA,27.8,0,0
"5940","68.6%","Gordon",458,"GA","US.41",36,"SN","",0,0,"",0,"Gordon","GA",NA,15.6,0,0
"5941","68.6%","Whitfield",549,"GA","US.41",37,"SN","",0,0,"",0,"Whitfield","GA",NA,27.2,0,0
"5942","68.6%","Catoosa",417,"GA","US.41",38,"SN","",0,0,"",0,"Catoosa","GA",NA,13.4,0,0
"5943","68.7%","Hamilton",2553,"TN","US.41",39,"SN","",0,0,"",0,"Hamilton","TN",NA,16.5,0,0
"5944","68.7%","Marion",2576,"TN","US.41",40,"SN","",0,0,"",0,"Marion","TN",NA,32.7,0,0
"5945","68.7%","Grundy",2551,"TN","US.41",41,"SN","",0,0,"",0,"Grundy","TN",NA,17.1,0,0
"5946","68.7%","Coffee",2536,"TN","US.41",42,"SN","",0,0,"",0,"Coffee","TN",NA,29.7,0,0
"5947","68.7%","Rutherford",2595,"TN","US.41",43,"SN","",0,0,"",0,"Rutherford","TN",NA,33.7,0,0
"5948","68.7%","Davidson",2539,"TN","US.41",44,"SN","Reentry from North",0,0,"",2001,"Davidson","TN",NA,29.51,0,0
"5949","68.7%","Sumner",2603,"TN","US.41",45,"SN","",0,0,"",0,"Sumner","TN",NA,1.4,0,0
"5950","68.7%","Davidson",2539,"TN","US.41",46,"SN","Reentry from South",0,0,"",3001,"Davidson","TN","3.39",3.39,0,0
"5951","68.8%","Robertson",2594,"TN","US.41",47,"SN","",0,0,"",0,"Robertson","TN",NA,26.8,0,0
"5952","68.8%","Montgomery",2583,"TN","US.41",48,"SN","",0,0,"",0,"Montgomery","TN",NA,2.9,0,0
"5953","68.8%","Todd",1111,"KY","US.41",49,"SN","",0,0,"",0,"Todd","KY",NA,12.4,0,0
"5954","68.8%","Christian",1025,"KY","US.41",50,"SN","",0,0,"",0,"Christian","KY",NA,31.6,0,0
"5955","68.8%","Hopkins",1055,"KY","US.41",51,"SN","",0,0,"",0,"Hopkins","KY",NA,27.7,0,0
"5956","68.8%","Webster",1118,"KY","US.41",52,"SN","",0,0,"",0,"Webster","KY",NA,12.3,0,0
"5957","68.8%","Henderson",1052,"KY","US.41",53,"SN","",0,0,"",0,"Henderson","KY",NA,20.8,0,0
"5958","68.8%","Vanderburgh",787,"IN","US.41",54,"SN","",0,0,"",0,"Vanderburgh","IN",NA,17.1,0,0
"5959","68.8%","Gibson",731,"IN","US.41",55,"SN","",0,0,"",0,"Gibson","IN",NA,23.7,0,0
"5960","68.9%","Knox",747,"IN","US.41",56,"SN","",0,0,"",0,"Knox","IN",NA,30.8,0,0
"5961","68.9%","Sullivan",782,"IN","US.41",57,"SN","",0,0,"",0,"Sullivan","IN",NA,25.9,0,0
"5962","68.9%","Vigo",789,"IN","US.41",58,"SN","",0,0,"",0,"Vigo","IN",NA,25.4,0,0
"5963","68.9%","Parke",766,"IN","US.41",59,"SN","",0,0,"",0,"Parke","IN",NA,28.5,0,0
"5964","68.9%","Fountain",728,"IN","US.41",60,"SN","",0,0,"",0,"Fountain","IN",NA,24.1,0,0
"5965","68.9%","Warren",791,"IN","US.41",61,"SN","",0,0,"",0,"Warren","IN",NA,15.9,0,0
"5966","68.9%","Benton",709,"IN","US.41",62,"SN","",0,0,"",0,"Benton","IN",NA,19.3,0,0
"5967","68.9%","Newton",761,"IN","US.41",63,"SN","",0,0,"",0,"Newton","IN",NA,30.7,0,0
"5968","68.9%","Lake",750,"IN","US.41",64,"SN","",0,0,"",0,"Lake","IN",NA,38.7,0,0
"5969","69.0%","Cook",619,"IL","US.41",65,"SN","",0,0,"",0,"Cook","IL",NA,37.9,0,0
"5970","69.0%","Lake",652,"IL","US.41",66,"SN","",0,0,"",0,"Lake","IL",NA,26,0,0
"5971","69.0%","Kenosha",3210,"WI","US.41",67,"SN","",0,0,"",0,"Kenosha","WI",NA,12.1,0,0
"5972","69.0%","Racine",3232,"WI","US.41",68,"SN","",0,0,"",0,"Racine","WI",NA,12.1,0,0
"5973","69.0%","Milwaukee",3221,"WI","US.41",69,"SN","",0,0,"",0,"Milwaukee","WI",NA,28,0,0
"5974","69.0%","Waukesha",3248,"WI","US.41",70,"SN","",0,0,"",0,"Waukesha","WI",NA,3.6,0,0
"5975","69.0%","Washington",3247,"WI","US.41",71,"SN","",0,0,"",0,"Washington","WI",NA,28.5,0,1
"5976","69.0%","Dodge",3194,"WI","US.41",72,"SN","",0,0,"",0,"Dodge","WI",NA,7.3,0,0
"5977","69.1%","Fond du Lac",3200,"WI","US.41",73,"SN","",0,0,"",0,"Fond du Lac","WI",NA,21.2,0,0
"5978","69.1%","Winnebago",3251,"WI","US.41",74,"SN","",0,0,"",0,"Winnebago","WI",NA,26.2,0,0
"5979","69.1%","Outagamie",3225,"WI","US.41",75,"SN","",0,0,"",0,"Outagamie","WI",NA,18.7,0,0
"5980","69.1%","Brown",3185,"WI","US.41",76,"SN","",0,0,"",0,"Brown","WI",NA,25,0,0
"5981","69.1%","Oconto",3223,"WI","US.41",77,"SN","",0,0,"",0,"Oconto","WI",NA,26.8,0,0
"5982","69.1%","Marinette",3218,"WI","US.41",78,"SN","",0,0,"",0,"Marinette","WI",NA,14.6,0,0
"5983","69.1%","Menominee",1295,"MI","US.41",79,"SN","",0,0,"",0,"Menominee","MI",NA,51.9,0,0
"5984","69.1%","Delta",1261,"MI","US.41",80,"SN","",0,0,"",0,"Delta","MI",NA,43.3,0,0
"5985","69.1%","Alger",1242,"MI","US.41",81,"SN","",0,0,"",0,"Alger","MI",NA,11.1,1,0
"5986","69.2%","Marquette",1292,"MI","US.41",82,"SN","",0,0,"",0,"Marquette","MI",NA,60.7,1,0
"5987","69.2%","Baraga",1247,"MI","US.41",83,"SN","",0,0,"",0,"Baraga","MI",NA,46.3,0,0
"5988","69.2%","Houghton",1271,"MI","US.41",84,"SN","",0,0,"",0,"Houghton","MI",NA,32.6,1,0
"5989","69.2%","Keweenaw",1282,"MI","US.41",85,"SN","",0,0,"",0,"Keweenaw","MI",NA,32.9,1,0
"5990","69.2%","Jefferson",37,"AL","US.411",1,"SN","",0,0,"GE",0,"Jefferson","AL","0.86",0.9,0,1
"5991","69.2%","St. Clair",58,"AL","US.411",2,"SN","",0,0,"",0,"St. Clair","AL",NA,37,0,0
"5992","69.2%","Etowah",28,"AL","US.411",3,"SN","",0,0,"",0,"Etowah","AL",NA,23.4,0,0
"5993","69.2%","Cherokee",10,"AL","US.411",4,"SN","",0,0,"",0,"Cherokee","AL",NA,27.6,0,0
"5994","69.3%","Floyd",451,"GA","US.411",5,"SN","",0,0,"",0,"Floyd","GA",NA,26.7,0,0
"5995","69.3%","Bartow",402,"GA","US.411",6,"SN","",0,0,"",0,"Bartow","GA",NA,32,0,0
"5996","69.3%","Gordon",458,"GA","US.411",7,"SN","",0,0,"",0,"Gordon","GA",NA,13.2,0,0
"5997","69.3%","Murray",499,"GA","US.411",8,"SN","",0,0,"",0,"Murray","GA",NA,28.2,0,0
"5998","69.3%","Polk",2590,"TN","US.411",9,"SN","",0,0,"",0,"Polk","TN",NA,24.5,0,1
"5999","69.3%","McMinn",2579,"TN","US.411",10,"SN","",0,0,"",0,"McMinn","TN",NA,15,0,0
"6000","69.3%","Monroe",2582,"TN","US.411",11,"SN","",0,0,"",0,"Monroe","TN",NA,18.3,0,1
"6001","69.3%","Loudon",2573,"TN","US.411",12,"SN","",0,0,"",0,"Loudon","TN",NA,4.1,0,0
"6002","69.3%","Blount",2525,"TN","US.411",13,"SN","",0,0,"",0,"Blount","TN",NA,25.8,0,0
"6003","69.4%","Sevier",2598,"TN","US.411",14,"SN","",0,0,"",0,"Sevier","TN",NA,27.6,0,0
"6004","69.4%","Jefferson",2565,"TN","US.411",15,"SN","",0,0,"",0,"Jefferson","TN",NA,5.2,0,1
"6005","69.4%","Cocke",2535,"TN","US.411",16,"SN","",0,0,"GE",0,"Cocke","TN","1.00",1,0,0
"6006","69.4%","Colfax",1810,"NM","US.412",1,"WE","",0,0,"",0,"Colfax","NM",NA,33.9,0,0
"6007","69.4%","Union",1837,"NM","US.412",2,"WE","",0,0,"",0,"Union","NM",NA,60.4,0,0
"6008","69.4%","Cimarron",2158,"OK","US.412",3,"WE","",0,0,"",0,"Cimarron","OK",NA,59.2,0,0
"6009","69.4%","Texas",2215,"OK","US.412",4,"WE","",0,0,"",0,"Texas","OK",NA,66.5,0,0
"6010","69.4%","Beaver",2149,"OK","US.412",5,"WE","",0,0,"",0,"Beaver","OK",NA,53,0,0
"6011","69.4%","Harper",2175,"OK","US.412",6,"WE","",0,0,"",0,"Harper","OK",NA,21,0,0
"6012","69.5%","Ellis",2168,"OK","US.412",7,"WE","",0,0,"",0,"Ellis","OK",NA,1.8,0,0
"6013","69.5%","Woodward",2222,"OK","US.412",8,"WE","",0,0,"",0,"Woodward","OK",NA,41.5,0,0
"6014","69.5%","Major",2189,"OK","US.412",9,"WE","",0,0,"",0,"Major","OK",NA,50.2,0,0
"6015","69.5%","Garfield",2169,"OK","US.412",10,"WE","",0,0,"",0,"Garfield","OK",NA,36.1,0,1
"6016","69.5%","Noble",2197,"OK","US.412",11,"WE","Reentry from East",0,0,"",2001,"Noble","OK",NA,23.71,0,0
"6017","69.5%","Pawnee",2204,"OK","US.412",12,"WE","Reentry from East",0,0,"",2002,"Pawnee","OK","1.95",1.95,0,0
"6018","69.5%","Noble",2197,"OK","US.412",13,"WE","Reentry from West",0,0,"",3001,"Noble","OK","8.29",8.29,0,0
"6019","69.5%","Payne",2205,"OK","US.412",14,"WE","",0,0,"",0,"Payne","OK",NA,8.3,0,0
"6020","69.6%","Pawnee",2204,"OK","US.412",15,"WE","Reentry from West",0,0,"",3002,"Pawnee","OK",NA,32.35,0,0
"6021","69.6%","Osage",2202,"OK","US.412",16,"WE","",0,0,"",0,"Osage","OK",NA,1.5,0,0
"6022","69.6%","Tulsa",2217,"OK","US.412",17,"WE","",0,0,"",0,"Tulsa","OK",NA,28.7,0,0
"6023","69.6%","Rogers",2211,"OK","US.412",18,"WE","",0,0,"",3,"Rogers","OK",NA,17.8,0,0
"6024","69.6%","Wagoner",2218,"OK","US.412",19,"WE","Abuts, to the South. Eastbound lane only.",0,0,"GE",1003,"Wagoner","OK","0.29",0.4,0,0
"6025","69.6%","Mayes",2191,"OK","US.412",20,"WE","",0,0,"",0,"Mayes","OK",NA,25.4,0,0
"6026","69.6%","Delaware",2166,"OK","US.412",21,"WE","",0,0,"",0,"Delaware","OK",NA,26,0,0
"6027","69.6%","Benton",121,"AR","US.412",22,"WE","",0,0,"",0,"Benton","AR",NA,13.7,0,0
"6028","69.6%","Washington",189,"AR","US.412",23,"WE","",0,0,"",0,"Washington","AR",NA,25,0,1
"6029","69.7%","Madison",161,"AR","US.412",24,"WE","",0,0,"",0,"Madison","AR",NA,24.3,1,1
"6030","69.7%","Carroll",125,"AR","US.412",25,"WE","",0,0,"",0,"Carroll","AR",NA,21.2,0,0
"6031","69.7%","Boone",122,"AR","US.412",26,"WE","",0,0,"",0,"Boone","AR",NA,28.2,0,0
"6032","69.7%","Marion",162,"AR","US.412",27,"WE","",0,0,"",0,"Marion","AR",NA,23.8,0,0
"6033","69.7%","Baxter",120,"AR","US.412",28,"WE","",0,0,"",0,"Baxter","AR",NA,25.9,0,0
"6034","69.7%","Fulton",142,"AR","US.412",29,"WE","",0,0,"",2004,"Fulton","AR",NA,36.07,0,0
"6035","69.7%","Sharp",185,"AR","US.412",30,"WE","",0,0,"",2005,"Sharp","AR","2.89",2.89,0,0
"6036","69.7%","Fulton",142,"AR","US.412",31,"WE","",0,0,"",3004,"Fulton","AR","1.23",1.23,0,0
"6037","69.7%","Sharp",185,"AR","US.412",32,"WE","",0,0,"",3005,"Sharp","AR",NA,23.51,0,0
"6038","69.8%","Lawrence",155,"AR","US.412",33,"WE","",0,0,"",2006,"Lawrence","AR","1.64",1.64,0,0
"6039","69.8%","Randolph",178,"AR","US.412",34,"WE","",0,0,"",0,"Randolph","AR","0.17",0.17,0,0
"6040","69.8%","Lawrence",155,"AR","US.412",35,"WE","",0,0,"",3006,"Lawrence","AR",NA,30.26,0,0
"6041","69.8%","Greene",145,"AR","US.412",36,"WE","",0,0,"",0,"Greene","AR",NA,27.7,0,0
"6042","69.8%","Dunklin",1527,"MO","US.412",37,"WE","",0,0,"",0,"Dunklin","MO",NA,28,0,0
"6043","69.8%","Pemiscot",1570,"MO","US.412",38,"WE","",0,0,"",0,"Pemiscot","MO",NA,22.9,0,0
"6044","69.8%","Dyer",2543,"TN","US.412",39,"WE","",0,0,"",0,"Dyer","TN",NA,29,0,0
"6045","69.8%","Crockett",2537,"TN","US.412",40,"WE","",0,0,"",0,"Crockett","TN",NA,22.2,0,0
"6046","69.9%","Madison",2575,"TN","US.412",41,"WE","",0,0,"",0,"Madison","TN",NA,24.1,0,1
"6047","69.9%","Henderson",2559,"TN","US.412",42,"WE","",0,0,"",0,"Henderson","TN",NA,24.9,0,0
"6048","69.9%","Decatur",2540,"TN","US.412",43,"WE","",0,0,"",0,"Decatur","TN",NA,9.1,0,0
"6049","69.9%","Perry",2588,"TN","US.412",44,"WE","",0,0,"",0,"Perry","TN",NA,24.9,1,0
"6050","69.9%","Lewis",2571,"TN","US.412",45,"WE","",0,0,"",0,"Lewis","TN",NA,20.9,1,0
"6051","69.9%","Maury",2578,"TN","US.412",46,"WE","",0,0,"",0,"Maury","TN",NA,27.7,0,0
"6052","69.9%","Grundy",2551,"TN","US.41A",1,"SN","Abuts, to the North",0,0,"",0,"Grundy","TN",NA,1.9,0,0
"6053","69.9%","Marion",2576,"TN","US.41A",2,"SN","Abuts, to the South",0,0,"",0,"Marion","TN",NA,2.5,0,0
"6054","69.9%","Franklin",2546,"TN","US.41A",3,"SN","",0,0,"",0,"Franklin","TN",NA,27.5,0,0
"6055","70.0%","Coffee",2536,"TN","US.41A",4,"SN","",0,0,"",0,"Coffee","TN",NA,5.4,0,0
"6056","70.0%","Moore",2584,"TN","US.41A",5,"SN","",0,0,"",0,"Moore","TN",NA,1.1,0,0
"6057","70.0%","Bedford",2522,"TN","US.41A",6,"SN","",0,0,"",0,"Bedford","TN",NA,30.6,0,0
"6058","70.0%","Rutherford",2595,"TN","US.41A",7,"SN","",0,0,"",0,"Rutherford","TN",NA,6.5,0,0
"6059","70.0%","Williamson",2614,"TN","US.41A",8,"SN","",0,0,"",0,"Williamson","TN",NA,14.7,0,0
"6060","70.0%","Davidson",2539,"TN","US.41A",9,"SN","",0,0,"",0,"Davidson","TN",NA,30.1,0,0
"6061","70.0%","Cheatham",2531,"TN","US.41A",10,"SN","Reentry from North",0,0,"",2001,"Cheatham","TN",NA,4.67,0,0
"6062","70.0%","Robertson",2594,"TN","US.41A",11,"SN","Reentry from North",0,0,"",2002,"Robertson","TN","0.20",0.2,0,0
"6063","70.0%","Cheatham",2531,"TN","US.41A",12,"SN","Reentry",0,0,"",1001,"Cheatham","TN","6.10",6.1,0,0
"6064","70.1%","Robertson",2594,"TN","US.41A",13,"SN","Reentry from South",0,0,"",3002,"Robertson","TN",NA,1.3,0,0
"6065","70.1%","Cheatham",2531,"TN","US.41A",14,"SN","Reentry from South",0,0,"",3001,"Cheatham","TN","2.13",2.13,0,0
"6066","70.1%","Montgomery",2583,"TN","US.41A",15,"SN","",0,0,"",0,"Montgomery","TN",NA,23.8,0,0
"6067","70.1%","Christian",1025,"KY","US.41A",16,"SN","",0,0,"",0,"Christian","KY",NA,16,0,0
"6068","70.1%","Jefferson",1057,"KY","US.42",1,"WE","",0,0,"",0,"Jefferson","KY",NA,11.9,0,1
"6069","70.1%","Oldham",1094,"KY","US.42",2,"WE","",0,0,"",0,"Oldham","KY",NA,19.4,0,0
"6070","70.1%","Henry",1053,"KY","US.42",3,"WE","",0,0,"",0,"Henry","KY",NA,1,0,0
"6071","70.1%","Trimble",1113,"KY","US.42",4,"WE","",0,0,"",0,"Trimble","KY",NA,14.6,0,0
"6072","70.2%","Carroll",1022,"KY","US.42",5,"WE","",0,0,"",0,"Carroll","KY",NA,16.5,0,0
"6073","70.2%","Gallatin",1040,"KY","US.42",6,"WE","",0,0,"",0,"Gallatin","KY",NA,17,0,0
"6074","70.2%","Boone",1009,"KY","US.42",7,"WE","",0,0,"",0,"Boone","KY",NA,16.1,0,0
"6075","70.2%","Kenton",1060,"KY","US.42",8,"WE","",0,0,"",0,"Kenton","KY",NA,8.9,0,0
"6076","70.2%","Hamilton",2088,"OH","US.42",9,"WE","",0,0,"",0,"Hamilton","OH",NA,16.9,0,0
"6077","70.2%","Butler",2066,"OH","US.42",10,"WE","",0,0,"",0,"Butler","OH",NA,3.3,0,0
"6078","70.2%","Warren",2140,"OH","US.42",11,"WE","",0,0,"",0,"Warren","OH",NA,24.9,0,0
"6079","70.2%","Greene",2086,"OH","US.42",12,"WE","",0,0,"",0,"Greene","OH",NA,23.2,0,0
"6080","70.2%","Clark",2069,"OH","US.42",13,"WE","",0,0,"",0,"Clark","OH",NA,10.1,0,0
"6081","70.3%","Madison",2106,"OH","US.42",14,"WE","",0,0,"",0,"Madison","OH",NA,25.3,0,1
"6082","70.3%","Union",2137,"OH","US.42",15,"WE","",0,0,"",0,"Union","OH",NA,9.9,0,0
"6083","70.3%","Delaware",2078,"OH","US.42",16,"WE","",0,0,"",0,"Delaware","OH",NA,19.3,0,0
"6084","70.3%","Morrow",2116,"OH","US.42",17,"WE","",0,0,"",0,"Morrow","OH",NA,25.8,0,0
"6085","70.3%","Richland",2127,"OH","US.42",18,"WE","",0,0,"",0,"Richland","OH",NA,18.1,0,0
"6086","70.3%","Ashland",2060,"OH","US.42",19,"WE","",0,0,"",0,"Ashland","OH",NA,19.4,0,0
"6087","70.3%","Wayne",2142,"OH","US.42",20,"WE","",0,0,"",0,"Wayne","OH",NA,3.3,0,0
"6088","70.3%","Medina",2109,"OH","US.42",21,"WE","",0,0,"",0,"Medina","OH",NA,26.7,0,0
"6089","70.3%","Cuyahoga",2075,"OH","US.42",22,"WE","",0,0,"",0,"Cuyahoga","OH",NA,18.9,0,0
"6090","70.4%","New Hanover",1965,"NC","US.421",1,"SN","",0,0,"",0,"New Hanover","NC",NA,21.25,0,0
"6091","70.4%","Brunswick",1910,"NC","US.421",2,"SN","",0,0,"",0,"Brunswick","NC",NA,0.5,0,0
"6092","70.4%","New Hanover",1965,"NC","US.421",3,"SN","",0,0,"",0,"New Hanover","NC","7.55",7.55,0,0
"6093","70.4%","Pender",1971,"NC","US.421",4,"SN","",0,0,"",0,"Pender","NC",NA,26.3,0,0
"6094","70.4%","Sampson",1982,"NC","US.421",5,"SN","",0,0,"",0,"Sampson","NC",NA,50.2,0,0
"6095","70.4%","Harnett",1943,"NC","US.421",6,"SN","",0,0,"",0,"Harnett","NC",NA,31.9,0,0
"6096","70.4%","Lee",1953,"NC","US.421",7,"SN","",0,0,"",0,"Lee","NC",NA,14.8,0,0
"6097","70.4%","Chatham",1919,"NC","US.421",8,"SN","",0,0,"",0,"Chatham","NC",NA,25.5,0,0
"6098","70.5%","Randolph",1976,"NC","US.421",9,"SN","",0,0,"",0,"Randolph","NC",NA,9.9,0,0
"6099","70.5%","Guilford",1941,"NC","US.421",10,"SN","",0,0,"",0,"Guilford","NC",NA,27.6,0,0
"6100","70.5%","Forsyth",1934,"NC","US.421",11,"SN","",0,0,"",0,"Forsyth","NC",NA,27.5,0,0
"6101","70.5%","Yadkin",1999,"NC","US.421",12,"SN","",0,0,"",0,"Yadkin","NC",NA,21.2,0,0
"6102","70.5%","Wilkes",1997,"NC","US.421",13,"SN","",0,0,"",0,"Wilkes","NC",NA,35.3,0,0
"6103","70.5%","Watauga",1995,"NC","US.421",14,"SN","",0,0,"",0,"Watauga","NC",NA,26.4,0,0
"6104","70.5%","Johnson",2566,"TN","US.421",15,"SN","",0,0,"",0,"Johnson","TN",NA,24.6,0,1
"6105","70.5%","Sullivan",2602,"TN","US.421",16,"SN","",0,0,"",0,"Sullivan","TN",NA,20,0,0
"6106","70.5%","Bristol, City of",3078,"VA","US.421",17,"SN","",12,0,"",0,"Bristol, City of","VA",NA,1.3,0,0
"6107","70.6%","Washington",3076,"VA","US.421",18,"SN","",12,1,"",0,"Washington","VA",NA,6.5,0,1
"6108","70.6%","Scott",3060,"VA","US.421",19,"SN","",0,0,"",0,"Scott","VA",NA,40,0,0
"6109","70.6%","Lee",3012,"VA","US.421",20,"SN","",0,0,"",0,"Lee","VA",NA,18.9,0,0
"6110","70.6%","Harlan",1049,"KY","US.421",21,"SN","",0,0,"",0,"Harlan","KY",NA,27.5,0,0
"6111","70.6%","Leslie",1067,"KY","US.421",22,"SN","",0,0,"",0,"Leslie","KY",NA,35.2,1,0
"6112","70.6%","Clay",1027,"KY","US.421",23,"SN","",0,0,"",0,"Clay","KY",NA,32.4,1,0
"6113","70.6%","Jackson",1056,"KY","US.421",24,"SN","",0,0,"",0,"Jackson","KY",NA,29.4,1,1
"6114","70.6%","Rockcastle",1103,"KY","US.421",25,"SN","",0,0,"",0,"Rockcastle","KY",NA,0.5,0,0
"6115","70.6%","Madison",1074,"KY","US.421",26,"SN","",0,0,"",0,"Madison","KY",NA,29.3,0,1
"6116","70.7%","Fayette",1035,"KY","US.421",27,"SN","",0,0,"",0,"Fayette","KY",NA,23.5,0,0
"6117","70.7%","Scott",1106,"KY","US.421",28,"SN","",0,0,"",0,"Scott","KY",NA,1.6,0,0
"6118","70.7%","Woodford",1121,"KY","US.421",29,"SN","",0,0,"",0,"Woodford","KY",NA,7.3,0,0
"6119","70.7%","Franklin",1038,"KY","US.421",30,"SN","",0,0,"",0,"Franklin","KY",NA,21.4,0,0
"6120","70.7%","Henry",1053,"KY","US.421",31,"SN","",0,0,"",2001,"Henry","KY","6.25",6.25,0,0
"6121","70.7%","Shelby",1107,"KY","US.421",32,"SN","",0,0,"",0,"Shelby","KY",NA,0.8,0,0
"6122","70.7%","Henry",1053,"KY","US.421",33,"SN","",0,0,"",3001,"Henry","KY",NA,18.75,0,0
"6123","70.7%","Trimble",1113,"KY","US.421",34,"SN","",0,0,"",0,"Trimble","KY",NA,19.3,0,0
"6124","70.8%","Jefferson",744,"IN","US.421",35,"SN","",0,0,"",0,"Jefferson","IN",NA,13.7,1,1
"6125","70.8%","Ripley",774,"IN","US.421",36,"SN","",0,0,"",0,"Ripley","IN",NA,26.1,0,0
"6126","70.8%","Decatur",721,"IN","US.421",37,"SN","",0,0,"",0,"Decatur","IN",NA,22,0,0
"6127","70.8%","Rush",775,"IN","US.421",38,"SN","",0,0,"",0,"Rush","IN",NA,0.1,0,0
"6128","70.8%","Shelby",778,"IN","US.421",39,"SN","",0,0,"",0,"Shelby","IN",NA,22.7,0,0
"6129","70.8%","Marion",754,"IN","US.421",40,"SN","Reentry from North",0,0,"",2002,"Marion","IN",NA,23.07,0,0
"6130","70.8%","Hamilton",734,"IN","US.421",41,"SN","Reentry from North",0,0,"",2003,"Hamilton","IN",NA,2.72,0,0
"6131","70.8%","Marion",754,"IN","US.421",42,"SN","Reentry from South",0,0,"",3002,"Marion","IN","2.83",2.83,0,0
"6132","70.8%","Hamilton",734,"IN","US.421",43,"SN","Reentry from South",0,0,"",3003,"Hamilton","IN","1.78",1.78,0,0
"6133","70.9%","Boone",711,"IN","US.421",44,"SN","",0,0,"",0,"Boone","IN",NA,16.8,0,0
"6134","70.9%","Clinton",717,"IN","US.421",45,"SN","",0,0,"",0,"Clinton","IN",NA,25.8,0,1
"6135","70.9%","Carroll",713,"IN","US.421",46,"SN","",0,0,"",0,"Carroll","IN",NA,24.7,1,0
"6136","70.9%","White",796,"IN","US.421",47,"SN","",0,0,"",0,"White","IN",NA,18.7,0,0
"6137","70.9%","Pulaski",771,"IN","US.421",48,"SN","",0,0,"",0,"Pulaski","IN",NA,18.2,0,0
"6138","70.9%","Starke",780,"IN","US.421",49,"SN","",0,0,"",0,"Starke","IN",NA,5.8,0,0
"6139","70.9%","LaPorte",751,"IN","US.421",50,"SN","",0,0,"",0,"LaPorte","IN",NA,29.4,0,0
"6140","70.9%","Cuyahoga",2075,"OH","US.422.W",1,"WE","",0,0,"",0,"Cuyahoga","OH",NA,20.3,0,0
"6141","70.9%","Geauga",2085,"OH","US.422.W",2,"WE","",0,0,"",0,"Geauga","OH",NA,19.8,0,0
"6142","71.0%","Portage",2124,"OH","US.422.W",3,"WE","",0,0,"",0,"Portage","OH",NA,1.9,0,0
"6143","71.0%","Trumbull",2135,"OH","US.422.W",4,"WE","",0,0,"",0,"Trumbull","OH",NA,22.4,0,0
"6144","71.0%","Mahoning",2107,"OH","US.422.W",5,"WE","",0,0,"",0,"Mahoning","OH",NA,10.1,0,0
"6145","71.0%","Lawrence",2295,"PA","US.422.W",6,"WE","",0,0,"",0,"Lawrence","PA",NA,23.5,0,0
"6146","71.0%","Butler",2268,"PA","US.422.W",7,"WE","",0,0,"",0,"Butler","PA",NA,27.6,0,0
"6147","71.0%","Armstrong",2261,"PA","US.422.W",8,"WE","",0,0,"",0,"Armstrong","PA",NA,25.8,1,0
"6148","71.0%","Indiana",2290,"PA","US.422.W",9,"WE","",0,0,"",0,"Indiana","PA",NA,27.2,0,0
"6149","71.0%","Cambria",2269,"PA","US.422.W",10,"WE","",0,0,"",0,"Cambria","PA",NA,8.5,0,0
"6150","71.1%","Dauphin",2280,"PA","US.422.E",1,"WE","",0,0,"",0,"Dauphin","PA",NA,4.8,0,0
"6151","71.1%","Lebanon",2296,"PA","US.422.E",2,"WE","",0,0,"",0,"Lebanon","PA",NA,20,0,0
"6152","71.1%","Berks",2264,"PA","US.422.E",3,"WE","",0,0,"",0,"Berks","PA",NA,34.5,0,0
"6153","71.1%","Montgomery",2304,"PA","US.422.E",4,"WE","Reentry from East",0,0,"",2001,"Montgomery","PA","1.26",1.26,0,0
"6154","71.1%","Chester",2273,"PA","US.422.E",5,"WE","",0,0,"",0,"Chester","PA",NA,3.3,0,0
"6155","71.1%","Montgomery",2304,"PA","US.422.E",6,"WE","Reentry from West",0,0,"",3001,"Montgomery","PA",NA,18.54,0,0
"6156","71.1%","Adams",1411,"MS","US.425",1,"SN","",0,0,"",0,"Adams","MS",NA,2.8,0,1
"6157","71.1%","Concordia",1136,"LA","US.425",2,"SN","",0,0,"",0,"Concordia","LA",NA,16.6,0,0
"6158","71.1%","Catahoula",1134,"LA","US.425",3,"SN","",0,0,"",0,"Catahoula","LA",NA,19.2,0,0
"6159","71.2%","Franklin",1142,"LA","US.425",4,"SN","",0,0,"",0,"Franklin","LA",NA,25.5,1,0
"6160","71.2%","Richland",1163,"LA","US.425",5,"SN","",0,0,"",0,"Richland","LA",NA,18.9,0,0
"6161","71.2%","Morehouse",1155,"LA","US.425",6,"SN","",0,0,"",0,"Morehouse","LA",NA,40.1,0,0
"6162","71.2%","Ashley",119,"AR","US.425",7,"SN","",0,0,"",0,"Ashley","AR",NA,28.4,0,0
"6163","71.2%","Drew",139,"AR","US.425",8,"SN","",0,0,"",0,"Drew","AR",NA,28.4,0,0
"6164","71.2%","Lincoln",157,"AR","US.425",9,"SN","",0,0,"",0,"Lincoln","AR",NA,23,0,1
"6165","71.2%","Jefferson",152,"AR","US.425",10,"SN","",0,0,"",0,"Jefferson","AR",NA,11.1,0,1
"6166","71.2%","Mobile",49,"AL","US.43",1,"SN","",0,0,"",0,"Mobile","AL",NA,30.1,0,0
"6167","71.2%","Washington",65,"AL","US.43",2,"SN","",0,0,"",0,"Washington","AL",NA,28.8,0,1
"6168","71.3%","Clarke",13,"AL","US.43",3,"SN","",0,0,"",0,"Clarke","AL",NA,38,0,0
"6169","71.3%","Marengo",46,"AL","US.43",4,"SN","",0,0,"",0,"Marengo","AL",NA,41.3,0,0
"6170","71.3%","Greene",32,"AL","US.43",5,"SN","",0,0,"",0,"Greene","AL",NA,37.5,0,0
"6171","71.3%","Tuscaloosa",63,"AL","US.43",6,"SN","",0,0,"",0,"Tuscaloosa","AL",NA,47.2,0,0
"6172","71.3%","Fayette",29,"AL","US.43",7,"SN","",0,0,"",0,"Fayette","AL",NA,30.9,1,0
"6173","71.3%","Marion",47,"AL","US.43",8,"SN","",0,0,"",0,"Marion","AL",NA,38,0,0
"6174","71.3%","Franklin",30,"AL","US.43",9,"SN","",0,0,"",0,"Franklin","AL",NA,19.9,1,0
"6175","71.3%","Colbert",17,"AL","US.43",10,"SN","",0,0,"",0,"Colbert","AL",NA,15.4,0,0
"6176","71.4%","Lauderdale",39,"AL","US.43",11,"SN","",0,0,"",0,"Lauderdale","AL",NA,20.2,0,0
"6177","71.4%","Lawrence",2570,"TN","US.43",12,"SN","",0,0,"",0,"Lawrence","TN",NA,35,0,0
"6178","71.4%","Maury",2578,"TN","US.43",13,"SN","",0,0,"",0,"Maury","TN",NA,23.3,0,0
"6179","71.4%","Houston",35,"AL","US.431",1,"SN","",0,0,"",0,"Houston","AL",NA,11.5,0,0
"6180","71.4%","Henry",34,"AL","US.431",2,"SN","",0,0,"",0,"Henry","AL",NA,27.8,1,0
"6181","71.4%","Barbour",3,"AL","US.431",3,"SN","",0,0,"",0,"Barbour","AL",NA,29.1,0,0
"6182","71.4%","Russell",57,"AL","US.431",4,"SN","",0,0,"",0,"Russell","AL",NA,37.8,0,0
"6183","71.4%","Lee",41,"AL","US.431",5,"SN","Reentry from North",0,0,"",2001,"Lee","AL",NA,27.17,0,0
"6184","71.4%","Chambers",9,"AL","US.431",6,"SN","Reentry from North",0,0,"",2002,"Chambers","AL",NA,31.1,0,0
"6185","71.5%","Lee",41,"AL","US.431",7,"SN","Reentry",0,0,"GE",1001,"Lee","AL","0.98",0.98,0,0
"6186","71.5%","Chambers",9,"AL","US.431",8,"SN","Reentry",0,0,"GE",1002,"Chambers","AL","0.18",0.18,0,0
"6187","71.5%","Lee",41,"AL","US.431",9,"SN","Reentry from South",0,0,"GE",3001,"Lee","AL","0.35",0.35,0,0
"6188","71.5%","Chambers",9,"AL","US.431",10,"SN","Reentry from South",0,0,"GE",3002,"Chambers","AL","0.62",0.62,0,0
"6189","71.5%","Randolph",56,"AL","US.431",11,"SN","",0,0,"",0,"Randolph","AL",NA,31.7,1,0
"6190","71.5%","Cleburne",15,"AL","US.431",12,"SN","",0,0,"",0,"Cleburne","AL",NA,11.5,0,0
"6191","71.5%","Calhoun",8,"AL","US.431",13,"SN","",0,0,"",0,"Calhoun","AL",NA,28,0,0
"6192","71.5%","Etowah",28,"AL","US.431",14,"SN","",0,0,"",0,"Etowah","AL",NA,28.6,0,0
"6193","71.5%","Marshall",48,"AL","US.431",15,"SN","",0,0,"",0,"Marshall","AL",NA,32.9,0,0
"6194","71.6%","Madison",45,"AL","US.431",16,"SN","",0,0,"",0,"Madison","AL",NA,40.1,0,1
"6195","71.6%","Lincoln",2572,"TN","US.431",17,"SN","",0,0,"",0,"Lincoln","TN",NA,23.6,0,1
"6196","71.6%","Marshall",2577,"TN","US.431",18,"SN","Reentry from North",0,0,"",2003,"Marshall","TN",NA,22.18,0,0
"6197","71.6%","Maury",2578,"TN","US.431",19,"SN","Reentry from North",0,0,"",2004,"Maury","TN","1.14",1.14,0,0
"6198","71.6%","Marshall",2577,"TN","US.431",20,"SN","Reentry from South",0,0,"",3003,"Marshall","TN","1.92",1.92,0,0
"6199","71.6%","Maury",2578,"TN","US.431",21,"SN","Reentry from South",0,0,"",3004,"Maury","TN",NA,8.26,0,0
"6200","71.6%","Williamson",2614,"TN","US.431",22,"SN","",0,0,"",0,"Williamson","TN",NA,25.5,0,0
"6201","71.6%","Davidson",2539,"TN","US.431",23,"SN","",0,0,"",0,"Davidson","TN",NA,30.1,0,0
"6202","71.7%","Robertson",2594,"TN","US.431",24,"SN","",0,0,"",0,"Robertson","TN",NA,19,0,0
"6203","71.7%","Logan",1072,"KY","US.431",25,"SN","",0,0,"",0,"Logan","KY",NA,32.8,0,0
"6204","71.7%","Muhlenberg",1090,"KY","US.431",26,"SN","",0,0,"",0,"Muhlenberg","KY",NA,29.8,0,0
"6205","71.7%","McLean",1082,"KY","US.431",27,"SN","",0,0,"",0,"McLean","KY",NA,11.4,1,0
"6206","71.7%","Daviess",1031,"KY","US.431",28,"SN","",0,0,"",0,"Daviess","KY",NA,11.4,0,0
"6207","71.7%","Ulster",1894,"NY","US.44",1,"WE","",0,0,"",0,"Ulster","NY",NA,29.6,0,0
"6208","71.7%","Dutchess",1852,"NY","US.44",2,"WE","",0,0,"",0,"Dutchess","NY",NA,36,0,0
"6209","71.7%","Northwest Hills",320,"CT","US.44",3,"WE","",0,0,"",0,"Northwest Hills","CT",NA,36.8,0,0
"6210","71.7%","Capitol",315,"CT","US.44",4,"WE","",0,0,"",0,"Capitol","CT",NA,42.2,0,0
"6211","71.8%","Northeastern Connecticut",319,"CT","US.44",5,"WE","",0,0,"",0,"Northeastern Connecticut","CT",NA,26.5,0,0
"6212","71.8%","Providence",2407,"RI","US.44",6,"WE","",0,0,"",0,"Providence","RI",NA,26,0,0
"6213","71.8%","Bristol",1229,"MA","US.44",7,"WE","",0,0,"",0,"Bristol","MA",NA,19.9,0,0
"6214","71.8%","Plymouth",1238,"MA","US.44",8,"WE","",0,0,"",0,"Plymouth","MA",NA,18,0,0
"6215","71.8%","Miami-Dade",370,"FL","US.441",1,"SN","",0,0,"",0,"Miami-Dade","FL",NA,14.5,0,0
"6216","71.8%","Broward",333,"FL","US.441",2,"SN","",0,0,"",0,"Broward","FL",NA,24.4,0,0
"6217","71.8%","Palm Beach",377,"FL","US.441",3,"SN","",0,0,"",0,"Palm Beach","FL",NA,72.2,0,0
"6218","71.8%","Martin",369,"FL","US.441",4,"SN","",0,0,"",0,"Martin","FL",NA,12.1,0,0
"6219","71.8%","Okeechobee",374,"FL","US.441",5,"SN","",0,0,"",0,"Okeechobee","FL",NA,43.4,0,0
"6220","71.9%","Osceola",376,"FL","US.441",6,"SN","",0,0,"",0,"Osceola","FL",NA,64.8,0,0
"6221","71.9%","Orange",375,"FL","US.441",7,"SN","Reentry from North",0,0,"",2001,"Orange","FL",NA,21.2,0,0
"6222","71.9%","Seminole",386,"FL","US.441",8,"SN","",0,0,"",0,"Seminole","FL",NA,0.3,0,0
"6223","71.9%","Orange",375,"FL","US.441",9,"SN","Reentry from South",0,0,"",3001,"Orange","FL","15.20",15.2,0,0
"6224","71.9%","Lake",361,"FL","US.441",10,"SN","",0,0,"",0,"Lake","FL",NA,29.2,0,0
"6225","71.9%","Sumter",387,"FL","US.441",11,"SN","",0,0,"",0,"Sumter","FL",NA,1,0,0
"6226","71.9%","Marion",368,"FL","US.441",12,"SN","",0,0,"",0,"Marion","FL",NA,41.7,0,0
"6227","71.9%","Alachua",328,"FL","US.441",13,"SN","",0,0,"",0,"Alachua","FL",NA,37.4,0,0
"6228","72.0%","Columbia",339,"FL","US.441",14,"SN","",0,0,"",0,"Columbia","FL",NA,52.6,0,0
"6229","72.0%","Echols",444,"GA","US.441",15,"SN","",0,0,"",0,"Echols","GA",NA,6.1,0,0
"6230","72.0%","Clinch",426,"GA","US.441",16,"SN","",0,0,"",0,"Clinch","GA",NA,44.4,0,0
"6231","72.0%","Atkinson",396,"GA","US.441",17,"SN","",0,0,"",0,"Atkinson","GA",NA,15.5,0,0
"6232","72.0%","Coffee",428,"GA","US.441",18,"SN","",0,0,"",0,"Coffee","GA",NA,28.8,0,0
"6233","72.0%","Telfair",528,"GA","US.441",19,"SN","",0,0,"",0,"Telfair","GA",NA,21.5,0,0
"6234","72.0%","Wheeler",547,"GA","US.441",20,"SN","",0,0,"",0,"Wheeler","GA",NA,5.8,0,0
"6235","72.0%","Dodge",439,"GA","US.441",21,"SN","",0,0,"",0,"Dodge","GA",NA,2,0,0
"6236","72.0%","Laurens",481,"GA","US.441",22,"SN","",0,0,"",0,"Laurens","GA",NA,38,0,0
"6237","72.1%","Wilkinson",552,"GA","US.441",23,"SN","",0,0,"",0,"Wilkinson","GA",NA,25.8,0,0
"6238","72.1%","Baldwin",399,"GA","US.441",24,"SN","",0,0,"",0,"Baldwin","GA",NA,16.2,1,0
"6239","72.1%","Putnam",511,"GA","US.441",25,"SN","",0,0,"",0,"Putnam","GA",NA,23.7,0,0
"6240","72.1%","Morgan",498,"GA","US.441",26,"SN","",0,0,"",0,"Morgan","GA",NA,20.5,0,0
"6241","72.1%","Oconee",502,"GA","US.441",27,"SN","",0,0,"",0,"Oconee","GA",NA,14.6,0,0
"6242","72.1%","Clarke",423,"GA","US.441",28,"SN","",0,0,"",0,"Clarke","GA",NA,11.7,0,0
"6243","72.1%","Jackson",472,"GA","US.441",29,"SN","",0,0,"",0,"Jackson","GA",NA,16.7,0,1
"6244","72.1%","Banks",400,"GA","US.441",30,"SN","",0,0,"",0,"Banks","GA",NA,19.1,0,0
"6245","72.1%","Habersham",462,"GA","US.441",31,"SN","",0,0,"",0,"Habersham","GA",NA,22.2,0,0
"6246","72.2%","Rabun",513,"GA","US.441",32,"SN","",0,0,"",0,"Rabun","GA",NA,20,0,0
"6247","72.2%","Macon",1956,"NC","US.441",33,"SN","",0,0,"",0,"Macon","NC",NA,21.9,0,0
"6248","72.2%","Jackson",1950,"NC","US.441",34,"SN","",0,0,"",0,"Jackson","NC",NA,22.5,0,1
"6249","72.2%","Swain",1987,"NC","US.441",35,"SN","",0,0,"",0,"Swain","NC",NA,20.1,0,0
"6250","72.2%","Sevier",2598,"TN","US.441",36,"SN","",0,0,"",0,"Sevier","TN",NA,43.4,0,0
"6251","72.2%","Blount",2525,"TN","US.441",37,"SN","",0,0,"",0,"Blount","TN",NA,0.3,0,0
"6252","72.2%","Knox",2567,"TN","US.441",38,"SN","",0,0,"",0,"Knox","TN",NA,24.8,0,0
"6253","72.2%","Anderson",2521,"TN","US.441",39,"SN","Reentry from North",0,0,"",2002,"Anderson","TN",NA,10.24,0,0
"6254","72.3%","Campbell",2527,"TN","US.441",40,"SN","Reentry from North",0,0,"",2003,"Campbell","TN","0.84",0.84,0,0
"6255","72.3%","Anderson",2521,"TN","US.441",41,"SN","Reentry",0,0,"",1002,"Anderson","TN","0.27",0.27,0,0
"6256","72.3%","Campbell",2527,"TN","US.441",42,"SN","Reentry",0,0,"",1003,"Campbell","TN","0.19",0.19,0,0
"6257","72.3%","Anderson",2521,"TN","US.441",43,"SN","Reentry",0,0,"",1002,"Anderson","TN","1.40",1.4,0,0
"6258","72.3%","Campbell",2527,"TN","US.441",44,"SN","Reentry from South",0,0,"",3003,"Campbell","TN",NA,1.17,0,0
"6259","72.3%","Anderson",2521,"TN","US.441",45,"SN","Reentry from South",0,0,"",3002,"Anderson","TN","1.19",1.19,0,0
"6260","72.3%","Mobile",49,"AL","US.45",1,"SN","",0,0,"",0,"Mobile","AL",NA,35.2,0,0
"6261","72.3%","Washington",65,"AL","US.45",2,"SN","",0,0,"",0,"Washington","AL",NA,23.4,0,1
"6262","72.3%","Greene",1431,"MS","US.45",3,"SN","",0,0,"",0,"Greene","MS",NA,0.2,0,0
"6263","72.4%","Wayne",1487,"MS","US.45",4,"SN","",0,0,"",0,"Wayne","MS",NA,32.2,0,0
"6264","72.4%","Clarke",1422,"MS","US.45",5,"SN","",0,0,"",0,"Clarke","MS",NA,28.6,0,0
"6265","72.4%","Lauderdale",1448,"MS","US.45",6,"SN","",0,0,"",0,"Lauderdale","MS",NA,30,0,0
"6266","72.4%","Kemper",1445,"MS","US.45",7,"SN","",0,0,"",0,"Kemper","MS",NA,25.5,1,0
"6267","72.4%","Noxubee",1462,"MS","US.45",8,"SN","",0,0,"",0,"Noxubee","MS",NA,25.6,0,0
"6268","72.4%","Lowndes",1454,"MS","US.45",9,"SN","",0,0,"",0,"Lowndes","MS",NA,30.1,0,0
"6269","72.4%","Monroe",1458,"MS","US.45",10,"SN","",0,0,"",0,"Monroe","MS",NA,36.4,0,1
"6270","72.4%","Lee",1451,"MS","US.45",11,"SN","",0,0,"",0,"Lee","MS",NA,32.7,0,0
"6271","72.5%","Prentiss",1469,"MS","US.45",12,"SN","",0,0,"",0,"Prentiss","MS",NA,18.6,1,0
"6272","72.5%","Alcorn",1412,"MS","US.45",13,"SN","",0,0,"",0,"Alcorn","MS",NA,17.1,0,0
"6273","72.5%","McNairy",2580,"TN","US.45",14,"SN","",0,0,"",0,"McNairy","TN",NA,28.1,0,0
"6274","72.5%","Chester",2532,"TN","US.45",15,"SN","",0,0,"",0,"Chester","TN",NA,9.6,1,0
"6275","72.5%","Madison",2575,"TN","US.45",16,"SN","",0,0,"",0,"Madison","TN",NA,11.5,0,1
"6276","72.5%","Gap",6666,"Gap","US.45",17,"SN","Gap for 45E and 45W",0,0,"",0,"Gap","Gap","-",0,0,0
"6277","72.5%","Obion",2586,"TN","US.45",18,"SN","",0,0,"W",0,"Obion","TN","0.45",0.5,0,0
"6278","72.5%","Fulton",1039,"KY","US.45",19,"SN","",0,0,"",0,"Fulton","KY",NA,3.1,0,0
"6279","72.5%","Hickman",1054,"KY","US.45",20,"SN","",0,0,"",0,"Hickman","KY",NA,3.4,0,0
"6280","72.6%","Graves",1043,"KY","US.45",21,"SN","",0,0,"",0,"Graves","KY",NA,31.5,0,0
"6281","72.6%","McCracken",1080,"KY","US.45",22,"SN","",0,0,"",0,"McCracken","KY",NA,13.8,0,0
"6282","72.6%","Massac",664,"IL","US.45",23,"SN","",0,0,"",0,"Massac","IL",NA,24.4,0,0
"6283","72.6%","Johnson",647,"IL","US.45",24,"SN","",0,0,"",0,"Johnson","IL",NA,22.9,0,1
"6284","72.6%","Williamson",703,"IL","US.45",25,"SN","",0,0,"",0,"Williamson","IL",NA,1.6,0,0
"6285","72.6%","Saline",686,"IL","US.45",26,"SN","",0,0,"",0,"Saline","IL",NA,28.6,1,0
"6286","72.6%","Gallatin",633,"IL","US.45",27,"SN","",0,0,"",0,"Gallatin","IL",NA,1.4,1,0
"6287","72.6%","White",700,"IL","US.45",28,"SN","",0,0,"",0,"White","IL",NA,24.9,0,0
"6288","72.6%","Wayne",699,"IL","US.45",29,"SN","",0,0,"",0,"Wayne","IL",NA,28.6,0,0
"6289","72.7%","Clay",616,"IL","US.45",30,"SN","",0,0,"",0,"Clay","IL",NA,25,0,0
"6290","72.7%","Effingham",628,"IL","US.45",31,"SN","",0,0,"",0,"Effingham","IL",NA,22.1,0,0
"6291","72.7%","Shelby",690,"IL","US.45",32,"SN","",0,0,"",0,"Shelby","IL",NA,4.8,0,0
"6292","72.7%","Cumberland",621,"IL","US.45",33,"SN","",0,0,"",0,"Cumberland","IL",NA,9,0,0
"6293","72.7%","Coles",618,"IL","US.45",34,"SN","",0,0,"",0,"Coles","IL",NA,20,0,0
"6294","72.7%","Douglas",624,"IL","US.45",35,"SN","",0,0,"",0,"Douglas","IL",NA,15.8,0,0
"6295","72.7%","Champaign",613,"IL","US.45",36,"SN","",0,0,"",0,"Champaign","IL",NA,39.9,0,0
"6296","72.7%","Ford",630,"IL","US.45",37,"SN","",0,0,"",0,"Ford","IL",NA,6.4,0,1
"6297","72.8%","Iroquois",641,"IL","US.45",38,"SN","",0,0,"",0,"Iroquois","IL",NA,42.1,0,0
"6298","72.8%","Kankakee",649,"IL","US.45",39,"SN","",0,0,"",0,"Kankakee","IL",NA,20.9,0,0
"6299","72.8%","Will",702,"IL","US.45",40,"SN","",0,0,"",0,"Will","IL",NA,18.8,0,0
"6300","72.8%","Cook",619,"IL","US.45",41,"SN","",0,0,"",0,"Cook","IL",NA,42.8,0,0
"6301","72.8%","Lake",652,"IL","US.45",42,"SN","",0,0,"",0,"Lake","IL",NA,26.3,0,0
"6302","72.8%","Kenosha",3210,"WI","US.45",43,"SN","",0,0,"",0,"Kenosha","WI",NA,12.7,0,0
"6303","72.8%","Racine",3232,"WI","US.45",44,"SN","",0,0,"",0,"Racine","WI",NA,13,0,0
"6304","72.8%","Waukesha",3248,"WI","US.45",45,"SN","Reentry from North",0,0,"",2001,"Waukesha","WI",NA,1.44,0,0
"6305","72.8%","Milwaukee",3221,"WI","US.45",46,"SN","",0,0,"",0,"Milwaukee","WI",NA,22.5,0,0
"6306","72.9%","Waukesha",3248,"WI","US.45",47,"SN","Reentry from South",0,0,"",3001,"Waukesha","WI","3.66",3.66,0,0
"6307","72.9%","Washington",3247,"WI","US.45",48,"SN","",0,0,"",0,"Washington","WI",NA,26.2,0,1
"6308","72.9%","Fond du Lac",3200,"WI","US.45",49,"SN","",0,0,"",0,"Fond du Lac","WI",NA,36.6,0,0
"6309","72.9%","Winnebago",3251,"WI","US.45",50,"SN","",0,0,"",0,"Winnebago","WI",NA,30.7,0,0
"6310","72.9%","Waupaca",3249,"WI","US.45",51,"SN","Reentry from North",0,0,"",2002,"Waupaca","WI",NA,4.45,0,0
"6311","72.9%","Outagamie",3225,"WI","US.45",52,"SN","",0,0,"",0,"Outagamie","WI",NA,8.35,0,0
"6312","72.9%","Waupaca",3249,"WI","US.45",53,"SN","Reentry from South",0,0,"",3002,"Waupaca","WI",NA,22.2,0,0
"6313","72.9%","Shawano",3239,"WI","US.45",54,"SN","",0,0,"",0,"Shawano","WI",NA,35.3,1,0
"6314","72.9%","Langlade",3214,"WI","US.45",55,"SN","",0,0,"",0,"Langlade","WI",NA,32.4,1,0
"6315","73.0%","Oneida",3224,"WI","US.45",56,"SN","",0,0,"",0,"Oneida","WI",NA,30,0,0
"6316","73.0%","Vilas",3244,"WI","US.45",57,"SN","",0,0,"",0,"Vilas","WI",NA,24.4,0,0
"6317","73.0%","Gogebic",1267,"MI","US.45",58,"SN","",0,0,"",0,"Gogebic","MI",NA,12.4,0,0
"6318","73.0%","Ontonagon",1306,"MI","US.45",59,"SN","",0,0,"",0,"Ontonagon","MI",NA,42.4,1,0
"6319","73.0%","Noxubee",1462,"MS","US.45A",1,"SN","",0,0,"",0,"Noxubee","MS",NA,3.9,0,0
"6320","73.0%","Lowndes",1454,"MS","US.45A",2,"SN","",0,0,"",0,"Lowndes","MS",NA,15.7,0,0
"6321","73.0%","Clay",1423,"MS","US.45A",3,"SN","",0,0,"",0,"Clay","MS",NA,12,1,0
"6322","73.0%","Monroe",1458,"MS","US.45A",4,"SN","Reentry from North",0,0,"",2001,"Monroe","MS","13.30",13.3,0,1
"6323","73.1%","Chickasaw",1419,"MS","US.45A",5,"SN","",0,0,"",0,"Chickasaw","MS",NA,6.1,1,0
"6324","73.1%","Monroe",1458,"MS","US.45A",6,"SN","Reentry from South",0,0,"",3001,"Monroe","MS",NA,9.9,0,1
"6325","73.1%","Lee",1451,"MS","US.45A",7,"SN","",0,0,"",0,"Lee","MS",NA,1.9,0,0
"6326","73.1%","Madison",2575,"TN","US.45E",1,"SN","",0,0,"",0,"Madison","TN",NA,3.9,0,1
"6327","73.1%","Gibson",2547,"TN","US.45E",2,"SN","",0,0,"",0,"Gibson","TN",NA,24.2,0,0
"6328","73.1%","Weakley",2612,"TN","US.45E",3,"SN","",0,0,"",0,"Weakley","TN",NA,24.2,1,0
"6329","73.1%","Obion",2586,"TN","US.45E",4,"SN","",0,0,"",0,"Obion","TN",NA,7.3,0,0
"6330","73.1%","Madison",2575,"TN","US.45W",1,"SN","",0,0,"",0,"Madison","TN",NA,3.1,0,1
"6331","73.1%","Gibson",2547,"TN","US.45W",2,"SN","",0,0,"",0,"Gibson","TN",NA,32.8,0,0
"6332","73.2%","Obion",2586,"TN","US.45W",3,"SN","",0,0,"",0,"Obion","TN",NA,27.6,0,0
"6333","73.2%","Warren",1805,"NJ","US.46",1,"WE","",0,0,"",0,"Warren","NJ",NA,21.7,0,0
"6334","73.2%","Morris",1798,"NJ","US.46",2,"WE","",0,0,"",0,"Morris","NJ",NA,30,0,0
"6335","73.2%","Essex",1791,"NJ","US.46",3,"WE","",0,0,"",0,"Essex","NJ",NA,3.4,0,0
"6336","73.2%","Passaic",1800,"NJ","US.46",4,"WE","",0,0,"",0,"Passaic","NJ",NA,8.5,0,0
"6337","73.2%","Bergen",1786,"NJ","US.46",5,"WE","",0,0,"",0,"Bergen","NJ",NA,11.1,0,0
"6338","73.2%","Franklin",1038,"KY","US.460",1,"WE","",0,0,"",0,"Franklin","KY",NA,6.1,0,0
"6339","73.2%","Scott",1106,"KY","US.460",2,"WE","",0,0,"",0,"Scott","KY",NA,17.5,0,0
"6340","73.2%","Bourbon",1010,"KY","US.460",3,"WE","",0,0,"",0,"Bourbon","KY",NA,22.9,0,0
"6341","73.3%","Montgomery",1088,"KY","US.460",4,"WE","",0,0,"",0,"Montgomery","KY",NA,22,0,0
"6342","73.3%","Menifee",1084,"KY","US.460",5,"WE","",0,0,"",0,"Menifee","KY",NA,18.9,1,0
"6343","73.3%","Morgan",1089,"KY","US.460",6,"WE","",0,0,"",0,"Morgan","KY",NA,28.2,1,0
"6344","73.3%","Magoffin",1075,"KY","US.460",7,"WE","",0,0,"",0,"Magoffin","KY",NA,20.3,1,0
"6345","73.3%","Johnson",1059,"KY","US.460",8,"WE","",0,0,"",0,"Johnson","KY",NA,14.7,0,1
"6346","73.3%","Floyd",1037,"KY","US.460",9,"WE","",0,0,"",0,"Floyd","KY",NA,22,0,0
"6347","73.3%","Pike",1099,"KY","US.460",10,"WE","",0,0,"",0,"Pike","KY",NA,38.9,0,0
"6348","73.3%","Buchanan",2949,"VA","US.460",11,"WE","",0,0,"",0,"Buchanan","VA",NA,34.4,1,1
"6349","73.4%","Tazewell",3073,"VA","US.460",12,"WE","",0,0,"",0,"Tazewell","VA",NA,45.3,0,0
"6350","73.4%","Mercer",3153,"WV","US.460",13,"WE","",0,0,"W",0,"Mercer","WV","26.80",26.9,0,0
"6351","73.4%","Giles",2986,"VA","US.460",14,"WE","",0,0,"",0,"Giles","VA",NA,27.8,0,0
"6352","73.4%","Montgomery",3020,"VA","US.460",15,"WE","",0,0,"",0,"Montgomery","VA",NA,30.6,0,0
"6353","73.4%","Roanoke",3048,"VA","US.460",16,"WE","Reentry from East",21,1,"",2001,"Roanoke","VA",NA,5.91,0,0
"6354","73.4%","Salem, City of",3051,"VA","US.460",17,"WE","",0,0,"",0,"Salem, City of","VA",NA,5.3,0,0
"6355","73.4%","Roanoke, City of",3050,"VA","US.460",18,"WE","",21,0,"",0,"Roanoke, City of","VA",NA,8.1,0,0
"6356","73.4%","Roanoke",3048,"VA","US.460",19,"WE","Reentry from West",21,1,"",3001,"Roanoke","VA","1.89",1.89,0,0
"6357","73.4%","Botetourt",2947,"VA","US.460",20,"WE","",0,0,"",0,"Botetourt","VA",NA,5.5,0,0
"6358","73.5%","Bedford",2945,"VA","US.460",21,"WE","",0,0,"",0,"Bedford","VA",NA,30.4,0,0
"6359","73.5%","Campbell",2951,"VA","US.460",22,"WE","Reentry from East",10,1,"",2002,"Campbell","VA","6.76",6.76,0,0
"6360","73.5%","Lynchburg, City of",2953,"VA","US.460",23,"WE","",10,0,"",0,"Lynchburg, City of","VA",NA,6.1,0,0
"6361","73.5%","Campbell",2951,"VA","US.460",24,"WE","Reentry from West",10,1,"",3002,"Campbell","VA",NA,7.54,0,0
"6362","73.5%","Appomattox",2936,"VA","US.460",25,"WE","",0,0,"",0,"Appomattox","VA",NA,19.8,0,0
"6363","73.5%","Prince Edward",3037,"VA","US.460",26,"WE","",0,0,"",0,"Prince Edward","VA",NA,28.7,0,0
"6364","73.5%","Nottoway",3029,"VA","US.460",27,"WE","",0,0,"",0,"Nottoway","VA",NA,23,0,0
"6365","73.5%","Dinwiddie",2971,"VA","US.460",28,"WE","",1,1,"",0,"Dinwiddie","VA",NA,27.3,0,0
"6366","73.5%","Petersburg, City of",2973,"VA","US.460",29,"WE","",1,0,"",0,"Petersburg, City of","VA",NA,8.6,0,0
"6367","73.6%","Prince George",3038,"VA","US.460",30,"WE","",0,0,"",0,"Prince George","VA",NA,10.3,0,0
"6368","73.6%","Sussex",3072,"VA","US.460",31,"WE","",0,0,"",0,"Sussex","VA",NA,16.5,0,0
"6369","73.6%","Surry",3071,"VA","US.460",32,"WE","",0,0,"",0,"Surry","VA",NA,0.1,1,0
"6370","73.6%","Southampton",3063,"VA","US.460",33,"WE","",0,0,"",0,"Southampton","VA",NA,8.3,0,0
"6371","73.6%","Isle of Wight",3004,"VA","US.460",34,"WE","",0,0,"",0,"Isle of Wight","VA",NA,9.5,0,0
"6372","73.6%","Suffolk, City of",3070,"VA","US.460",35,"WE","",0,0,"",0,"Suffolk, City of","VA",NA,14,0,0
"6373","73.6%","Chesapeake, City of",2963,"VA","US.460",36,"WE","",0,0,"",0,"Chesapeake, City of","VA",NA,14.3,0,0
"6374","73.6%","Norfolk, City of",3026,"VA","US.460",37,"WE","",0,0,"",0,"Norfolk, City of","VA",NA,9.8,0,0
"6375","73.7%","Lewis",3146,"WV","US.48",1,"WE","",0,0,"",0,"Lewis","WV",NA,6.9,0,0
"6376","73.7%","Upshur",3174,"WV","US.48",2,"WE","",0,0,"",0,"Upshur","WV",NA,15.4,0,0
"6377","73.7%","Barbour",3126,"WV","US.48",3,"WE","",0,0,"",0,"Barbour","WV",NA,4.5,0,0
"6378","73.7%","Randolph",3167,"WV","US.48",4,"WE","",0,0,"",0,"Randolph","WV",NA,20.3,0,0
"6379","73.7%","Tucker",3172,"WV","US.48",5,"WE","",0,0,"",0,"Tucker","WV",NA,35.5,0,0
"6380","73.7%","Grant",3137,"WV","US.48",6,"WE","",0,0,"",0,"Grant","WV",NA,21.4,0,1
"6381","73.7%","Hardy",3141,"WV","US.48",7,"WE","",0,0,"",0,"Hardy","WV",NA,38.3,0,0
"6382","73.7%","Shenandoah",3061,"VA","US.48",8,"WE","",0,0,"W",0,"Shenandoah","VA","14.00",8.7,0,0
"6383","73.7%","Harrison",1434,"MS","US.49",1,"SN","",0,0,"",0,"Harrison","MS",NA,21.7,0,1
"6384","73.8%","Stone",1476,"MS","US.49",2,"SN","",0,0,"",0,"Stone","MS",NA,16.6,1,0
"6385","73.8%","Forrest",1428,"MS","US.49",3,"SN","",0,0,"",0,"Forrest","MS",NA,39.8,0,0
"6386","73.8%","Covington",1426,"MS","US.49",4,"SN","",0,0,"",0,"Covington","MS",NA,28.5,0,0
"6387","73.8%","Simpson",1474,"MS","US.49",5,"SN","",0,0,"",0,"Simpson","MS",NA,26.8,1,0
"6388","73.8%","Rankin",1471,"MS","US.49",6,"SN","",0,0,"",0,"Rankin","MS",NA,21.1,0,0
"6389","73.8%","Hinds",1435,"MS","US.49",7,"SN","",0,0,"",0,"Hinds","MS",NA,20,0,0
"6390","73.8%","Madison",1455,"MS","US.49",8,"SN","",0,0,"",0,"Madison","MS",NA,9.2,0,1
"6391","73.8%","Yazoo",1492,"MS","US.49",9,"SN","",0,0,"",0,"Yazoo","MS",NA,19.5,0,0
"6392","73.8%","Gap",6666,"MS","US.49",10,"SN","Gap for 49E and 49W",0,0,"",0,"Gap","MS","-",0,0,0
"6393","73.9%","Tallahatchie",1478,"MS","US.49",11,"SN","",0,0,"",0,"Tallahatchie","MS",NA,2.1,0,0
"6394","73.9%","Coahoma",1424,"MS","US.49",12,"SN","",0,0,"",0,"Coahoma","MS",NA,38.7,0,0
"6395","73.9%","Phillips",171,"AR","US.49",13,"SN","",0,0,"",0,"Phillips","AR",NA,29.7,1,0
"6396","73.9%","Monroe",165,"AR","US.49",14,"SN","",0,0,"",0,"Monroe","AR",NA,32,0,1
"6397","73.9%","Woodruff",191,"AR","US.49",15,"SN","",0,0,"",0,"Woodruff","AR",NA,15.8,0,0
"6398","73.9%","Cross",136,"AR","US.49",16,"SN","",0,0,"",0,"Cross","AR",NA,16.2,0,0
"6399","73.9%","Poinsett",173,"AR","US.49",17,"SN","",0,0,"",0,"Poinsett","AR",NA,19.8,0,0
"6400","73.9%","Craighead",133,"AR","US.49",18,"SN","",0,0,"",0,"Craighead","AR",NA,29.2,0,0
"6401","74.0%","Greene",145,"AR","US.49",19,"SN","",0,0,"",0,"Greene","AR",NA,24.1,0,0
"6402","74.0%","Clay",128,"AR","US.49",20,"SN","",0,0,"",0,"Clay","AR",NA,15.6,0,0
"6403","74.0%","McKinley",1823,"NM","US.491",1,"SN","",0,0,"",0,"McKinley","NM",NA,36.8,0,1
"6404","74.0%","San Juan",1829,"NM","US.491",2,"SN","",0,0,"",0,"San Juan","NM",NA,70.3,0,0
"6405","74.0%","Montezuma",293,"CO","US.491",3,"SN","",0,0,"",0,"Montezuma","CO",NA,49.3,0,0
"6406","74.0%","Dolores",268,"CO","US.491",4,"SN","",0,0,"",0,"Dolores","CO",NA,20,1,0
"6407","74.0%","San Juan",2899,"UT","US.491",5,"SN","",0,0,"",0,"San Juan","UT",NA,17.1,0,0
"6408","74.0%","Yazoo",1492,"MS","US.49E",1,"SN","",0,0,"",0,"Yazoo","MS",NA,10,0,0
"6409","74.0%","Holmes",1436,"MS","US.49E",2,"SN","",0,0,"",0,"Holmes","MS",NA,27.3,0,0
"6410","74.1%","Leflore",1452,"MS","US.49E",3,"SN","",0,0,"",0,"Leflore","MS",NA,36,0,0
"6411","74.1%","Tallahatchie",1478,"MS","US.49E",4,"SN","",0,0,"",0,"Tallahatchie","MS",NA,16.5,0,0
"6412","74.1%","Yazoo",1492,"MS","US.49W",1,"SN","",0,0,"",0,"Yazoo","MS",NA,7.8,0,0
"6413","74.1%","Humphreys",1437,"MS","US.49W",2,"SN","",0,0,"",0,"Humphreys","MS",NA,24.5,1,0
"6414","74.1%","Sunflower",1477,"MS","US.49W",3,"SN","",0,0,"",0,"Sunflower","MS",NA,54.8,0,0
"6415","74.1%","Coahoma",1424,"MS","US.49W",4,"SN","",0,0,"",0,"Coahoma","MS",NA,0.5,0,0
"6416","74.1%","Tallahatchie",1478,"MS","US.49W",5,"SN","",0,0,"",0,"Tallahatchie","MS",NA,2,0,0
"6417","74.1%","South Central Connecticut",321,"CT","US.5",1,"SN","",0,0,"",0,"South Central Connecticut","CT",NA,20.8,0,0
"6418","74.1%","Capitol",315,"CT","US.5",2,"SN","",0,0,"",0,"Capitol","CT",NA,34.6,0,0
"6419","74.2%","Hampden",1233,"MA","US.5",3,"SN","",0,0,"",0,"Hampden","MA",NA,20.4,0,0
"6420","74.2%","Hampshire",1234,"MA","US.5",4,"SN","",0,0,"",0,"Hampshire","MA",NA,9.6,0,0
"6421","74.2%","Franklin",1232,"MA","US.5",5,"SN","",0,0,"",0,"Franklin","MA",NA,23.8,0,0
"6422","74.2%","Windham",2922,"VT","US.5",6,"SN","",0,0,"",0,"Windham","VT",NA,40.7,0,0
"6423","74.2%","Windsor",2923,"VT","US.5",7,"SN","",0,0,"",0,"Windsor","VT",NA,46.5,0,0
"6424","74.2%","Orange",2918,"VT","US.5",8,"SN","",0,0,"",0,"Orange","VT",NA,30.9,0,0
"6425","74.2%","Caledonia",2912,"VT","US.5",9,"SN","",0,0,"",0,"Caledonia","VT",NA,45,0,0
"6426","74.2%","Orleans",2919,"VT","US.5",10,"SN","",0,0,"",0,"Orleans","VT",NA,30.3,0,0
"6427","74.3%","Yolo",249,"CA","US.50",1,"WE","",0,0,"",0,"Yolo","CA",NA,3,0,0
"6428","74.3%","Sacramento",226,"CA","US.50",2,"WE","",0,0,"",0,"Sacramento","CA",NA,25.5,0,0
"6429","74.3%","El Dorado",201,"CA","US.50",3,"WE","",0,0,"",0,"El Dorado","CA",NA,78.9,1,0
"6430","74.3%","Douglas",1760,"NV","US.50",4,"WE","Reentry from East",0,0,"",2001,"Douglas","NV",NA,14.38,0,0
"6431","74.3%","Carson City",1774,"NV","US.50",5,"WE","Reentry from East",0,0,"",2002,"Carson City","NV","6.22",6.22,0,0
"6432","74.3%","Douglas",1760,"NV","US.50",6,"WE","Reentry from West",0,0,"",3001,"Douglas","NV","0.52",0.52,0,0
"6433","74.3%","Carson City",1774,"NV","US.50",7,"WE","Reentry from West",0,0,"",3002,"Carson City","NV",NA,9.68,0,0
"6434","74.3%","Lyon",1767,"NV","US.50",8,"WE","",0,0,"",0,"Lyon","NV",NA,52.5,0,0
"6435","74.3%","Churchill",1758,"NV","US.50",9,"WE","",0,0,"",0,"Churchill","NV",NA,104.5,0,0
"6436","74.4%","Lander",1765,"NV","US.50",10,"WE","",0,0,"",0,"Lander","NV",NA,56.8,0,0
"6437","74.4%","Eureka",1763,"NV","US.50",11,"WE","",0,0,"",0,"Eureka","NV",NA,47.3,0,0
"6438","74.4%","White Pine",1773,"NV","US.50",12,"WE","",0,0,"",0,"White Pine","NV",NA,130.9,0,0
"6439","74.4%","Millard",2894,"UT","US.50",13,"WE","",0,0,"",0,"Millard","UT",NA,148.7,0,0
"6440","74.4%","Sevier",2901,"UT","US.50",14,"WE","",0,0,"",0,"Sevier","UT",NA,48.7,0,0
"6441","74.4%","Emery",2888,"UT","US.50",15,"WE","",0,0,"",0,"Emery","UT",NA,68.7,0,0
"6442","74.4%","Grand",2890,"UT","US.50",16,"WE","",0,0,"",0,"Grand","UT",NA,68.7,0,0
"6443","74.4%","Mesa",290,"CO","US.50",17,"WE","",0,0,"",0,"Mesa","CO",NA,54,0,0
"6444","74.4%","Delta",266,"CO","US.50",18,"WE","",0,0,"",0,"Delta","CO",NA,24.8,1,0
"6445","74.5%","Montrose",294,"CO","US.50",19,"WE","",0,0,"",0,"Montrose","CO",NA,38.8,0,0
"6446","74.5%","Gunnison",277,"CO","US.50",20,"WE","Reentry from East",0,0,"",2003,"Gunnison","CO",NA,64.75,0,0
"6447","74.5%","Saguache",306,"CO","US.50",21,"WE","",0,0,"",0,"Saguache","CO",NA,9.1,0,0
"6448","74.5%","Gunnison",277,"CO","US.50",22,"WE","Reentry from West",0,0,"",3003,"Gunnison","CO","8.75",8.75,0,0
"6449","74.5%","Chaffee",259,"CO","US.50",23,"WE","",0,0,"",0,"Chaffee","CO",NA,26.1,0,0
"6450","74.5%","Fremont",273,"CO","US.50",24,"WE","",0,0,"",0,"Fremont","CO",NA,70.2,1,0
"6451","74.5%","Pueblo",302,"CO","US.50",25,"WE","",0,0,"",0,"Pueblo","CO",NA,52.9,0,0
"6452","74.5%","Otero",296,"CO","US.50",26,"WE","",0,0,"",0,"Otero","CO",NA,39.9,0,0
"6453","74.6%","Bent",256,"CO","US.50",27,"WE","",0,0,"",0,"Bent","CO",NA,38,1,0
"6454","74.6%","Prowers",301,"CO","US.50",28,"WE","",0,0,"",0,"Prowers","CO",NA,40.9,0,0
"6455","74.6%","Hamilton",934,"KS","US.50",29,"WE","",0,0,"",0,"Hamilton","KS",NA,28.5,0,0
"6456","74.6%","Kearny",943,"KS","US.50",30,"WE","",0,0,"",0,"Kearny","KS",NA,25.4,0,0
"6457","74.6%","Finney",924,"KS","US.50",31,"WE","",0,0,"",0,"Finney","KS",NA,30.9,0,0
"6458","74.6%","Gray",931,"KS","US.50",32,"WE","",0,0,"",0,"Gray","KS",NA,26,0,0
"6459","74.6%","Ford",925,"KS","US.50",33,"WE","",0,0,"",0,"Ford","KS",NA,38.5,0,1
"6460","74.6%","Edwards",920,"KS","US.50",34,"WE","",0,0,"",0,"Edwards","KS",NA,31.1,0,0
"6461","74.6%","Stafford",989,"KS","US.50",35,"WE","",0,0,"",0,"Stafford","KS",NA,30.1,0,0
"6462","74.7%","Reno",974,"KS","US.50",36,"WE","",0,0,"",0,"Reno","KS",NA,44.2,1,0
"6463","74.7%","Harvey",936,"KS","US.50",37,"WE","",0,0,"",0,"Harvey","KS",NA,33.9,0,0
"6464","74.7%","Marion",953,"KS","US.50",38,"WE","",0,0,"",0,"Marion","KS",NA,20.8,0,0
"6465","74.7%","Chase",905,"KS","US.50",39,"WE","",0,0,"",0,"Chase","KS",NA,30.3,0,0
"6466","74.7%","Lyon",952,"KS","US.50",40,"WE","",0,0,"",0,"Lyon","KS",NA,22.3,0,0
"6467","74.7%","Coffey",912,"KS","US.50",41,"WE","",0,0,"",0,"Coffey","KS",NA,13.5,0,0
"6468","74.7%","Osage",966,"KS","US.50",42,"WE","",0,0,"",0,"Osage","KS",NA,11.4,0,0
"6469","74.7%","Franklin",926,"KS","US.50",43,"WE","",0,0,"",0,"Franklin","KS",NA,31.1,0,0
"6470","74.7%","Miami",957,"KS","US.50",44,"WE","",0,0,"",0,"Miami","KS",NA,2.8,0,0
"6471","74.8%","Johnson",942,"KS","US.50",45,"WE","",0,0,"",0,"Johnson","KS",NA,28.4,0,1
"6472","74.8%","Jackson",1540,"MO","US.50",46,"WE","",0,0,"",0,"Jackson","MO",NA,28.6,0,1
"6473","74.8%","Johnson",1543,"MO","US.50",47,"WE","",0,0,"",0,"Johnson","MO",NA,35.9,1,1
"6474","74.8%","Pettis",1572,"MO","US.50",48,"WE","",0,0,"",0,"Pettis","MO",NA,25.2,0,0
"6475","74.8%","Morgan",1563,"MO","US.50",49,"WE","",0,0,"",0,"Morgan","MO",NA,12.4,1,0
"6476","74.8%","Moniteau",1560,"MO","US.50",50,"WE","",0,0,"",0,"Moniteau","MO",NA,23.3,1,0
"6477","74.8%","Cole",1518,"MO","US.50",51,"WE","",0,0,"",0,"Cole","MO",NA,26.6,0,0
"6478","74.8%","Osage",1568,"MO","US.50",52,"WE","",0,0,"",0,"Osage","MO",NA,22.9,0,0
"6479","74.9%","Gasconade",1529,"MO","US.50",53,"WE","",0,0,"",0,"Gasconade","MO",NA,20.7,1,0
"6480","74.9%","Franklin",1528,"MO","US.50",54,"WE","",0,0,"",0,"Franklin","MO",NA,38.1,0,0
"6481","74.9%","St. Louis",1588,"MO","US.50",55,"WE","",0,0,"",0,"St. Louis","MO",NA,27.6,0,0
"6482","74.9%","Monroe",670,"IL","US.50",56,"WE","",0,0,"",0,"Monroe","IL",NA,3.6,0,1
"6483","74.9%","St. Clair",685,"IL","US.50",57,"WE","",0,0,"",0,"St. Clair","IL",NA,35,0,0
"6484","74.9%","Clinton",617,"IL","US.50",58,"WE","",0,0,"",0,"Clinton","IL",NA,31.9,0,1
"6485","74.9%","Marion",661,"IL","US.50",59,"WE","",0,0,"",0,"Marion","IL",NA,24.4,0,0
"6486","74.9%","Clay",616,"IL","US.50",60,"WE","",0,0,"",0,"Clay","IL",NA,23.7,0,0
"6487","74.9%","Richland",683,"IL","US.50",61,"WE","",0,0,"",0,"Richland","IL",NA,20.9,1,0
"6488","75.0%","Lawrence",654,"IL","US.50",62,"WE","",0,0,"",0,"Lawrence","IL",NA,21.6,1,0
"6489","75.0%","Knox",747,"IN","US.50",63,"WE","",0,0,"",0,"Knox","IN",NA,16.3,0,0
"6490","75.0%","Daviess",719,"IN","US.50",64,"WE","",0,0,"",0,"Daviess","IN",NA,19.1,0,0
"6491","75.0%","Martin",756,"IN","US.50",65,"WE","",0,0,"",0,"Martin","IN",NA,16.4,0,0
"6492","75.0%","Lawrence",752,"IN","US.50",66,"WE","",0,0,"",0,"Lawrence","IN",NA,28.2,1,0
"6493","75.0%","Jackson",741,"IN","US.50",67,"WE","",0,0,"",0,"Jackson","IN",NA,28.7,0,1
"6494","75.0%","Jennings",745,"IN","US.50",68,"WE","",0,0,"",0,"Jennings","IN",NA,21.2,1,0
"6495","75.0%","Ripley",774,"IN","US.50",69,"WE","",0,0,"",0,"Ripley","IN",NA,18.4,0,0
"6496","75.0%","Dearborn",720,"IN","US.50",70,"WE","",0,0,"",0,"Dearborn","IN",NA,21.5,0,0
"6497","75.1%","Hamilton",2088,"OH","US.50",71,"WE","",0,0,"",0,"Hamilton","OH",NA,36.1,0,0
"6498","75.1%","Clermont",2070,"OH","US.50",72,"WE","",0,0,"",0,"Clermont","OH",NA,18.4,0,0
"6499","75.1%","Brown",2065,"OH","US.50",73,"WE","",0,0,"",0,"Brown","OH",NA,8.4,0,0
"6500","75.1%","Highland",2093,"OH","US.50",74,"WE","",0,0,"",0,"Highland","OH",NA,28.5,0,0
"6501","75.1%","Ross",2128,"OH","US.50",75,"WE","",0,0,"",0,"Ross","OH",NA,37.9,0,0
"6502","75.1%","Vinton",2139,"OH","US.50",76,"WE","",0,0,"",0,"Vinton","OH",NA,30.1,1,0
"6503","75.1%","Athens",2062,"OH","US.50",77,"WE","",0,0,"",0,"Athens","OH",NA,39,0,0
"6504","75.1%","Washington",2141,"OH","US.50",78,"WE","",0,0,"",0,"Washington","OH",NA,5.8,0,1
"6505","75.2%","Wood",3179,"WV","US.50",79,"WE","",0,0,"",0,"Wood","WV",NA,24,0,0
"6506","75.2%","Ritchie",3168,"WV","US.50",80,"WE","",0,0,"",0,"Ritchie","WV",NA,20.9,1,0
"6507","75.2%","Doddridge",3134,"WV","US.50",81,"WE","",0,0,"",0,"Doddridge","WV",NA,18.8,1,0
"6508","75.2%","Harrison",3142,"WV","US.50",82,"WE","",0,0,"",0,"Harrison","WV",NA,23.3,0,1
"6509","75.2%","Taylor",3171,"WV","US.50",83,"WE","",0,0,"",0,"Taylor","WV",NA,20.5,0,1
"6510","75.2%","Preston",3164,"WV","US.50",84,"WE","",0,0,"",0,"Preston","WV",NA,27.7,0,0
"6511","75.2%","Garrett",1214,"MD","US.50",85,"WE","",0,0,"",0,"Garrett","MD",NA,9,0,0
"6512","75.2%","Grant",3137,"WV","US.50",86,"WE","",0,0,"",0,"Grant","WV",NA,12,0,1
"6513","75.2%","Mineral",3154,"WV","US.50",87,"WE","",0,0,"",0,"Mineral","WV",NA,20.6,0,0
"6514","75.3%","Hampshire",3139,"WV","US.50",88,"WE","",0,0,"",0,"Hampshire","WV",NA,34.1,0,0
"6515","75.3%","Frederick",2983,"VA","US.50",89,"WE","Reentry from East",11,1,"",2004,"Frederick","VA",NA,14.2,0,0
"6516","75.3%","Winchester, City of",2985,"VA","US.50",90,"WE","",11,0,"",0,"Winchester, City of","VA",NA,3.5,0,0
"6517","75.3%","Frederick",2983,"VA","US.50",91,"WE","Reentry from West",11,1,"",3004,"Frederick","VA","5.60",5.6,0,0
"6518","75.3%","Clarke",2966,"VA","US.50",92,"WE","",0,0,"",0,"Clarke","VA",NA,9.8,0,0
"6519","75.3%","Fauquier",2979,"VA","US.50",93,"WE","Reentry from East",0,0,"",2006,"Fauquier","VA",NA,6.35,0,0
"6520","75.3%","Loudoun",3013,"VA","US.50",94,"WE","Reentry from East",0,0,"",2005,"Loudoun","VA","1.24",1.24,0,0
"6521","75.3%","Fauquier",2979,"VA","US.50",95,"WE","Reentry from West",0,0,"",3006,"Fauquier","VA","3.45",3.45,0,0
"6522","75.3%","Loudoun",3013,"VA","US.50",96,"WE","Reentry from West",0,0,"",3005,"Loudoun","VA",NA,16.96,0,0
"6523","75.4%","Fairfax",2975,"VA","US.50",97,"WE","Reentry from East",15,1,"",2007,"Fairfax","VA","8.44",8.44,0,0
"6524","75.4%","Fairfax, City of",2977,"VA","US.50",98,"WE","",15,0,"",0,"Fairfax, City of","VA",NA,3.6,0,0
"6525","75.4%","Fairfax",2975,"VA","US.50",99,"WE","Reentry from West",15,1,"",3007,"Fairfax","VA",NA,7.16,0,0
"6526","75.4%","Arlington",2937,"VA","US.50",100,"WE","",0,0,"",0,"Arlington","VA",NA,5,0,0
"6527","75.4%","District of Columbia",327,"DC","US.50",101,"WE","",0,0,"W",0,"District of Columbia","DC","7.70",7.7,0,0
"6528","75.4%","Prince George's",1219,"MD","US.50",102,"WE","",0,0,"",0,"Prince George's","MD",NA,14.3,0,0
"6529","75.4%","Anne Arundel",1203,"MD","US.50",103,"WE","",0,0,"",0,"Anne Arundel","MD",NA,19.7,0,0
"6530","75.4%","Queen Anne's",1220,"MD","US.50",104,"WE","",0,0,"",0,"Queen Anne's","MD",NA,18.6,0,0
"6531","75.5%","Talbot",1223,"MD","US.50",105,"WE","",0,0,"",0,"Talbot","MD",NA,25.5,1,0
"6532","75.5%","Dorchester",1212,"MD","US.50",106,"WE","",0,0,"",0,"Dorchester","MD",NA,16.9,1,0
"6533","75.5%","Wicomico",1225,"MD","US.50",107,"WE","",0,0,"",0,"Wicomico","MD",NA,30.3,0,0
"6534","75.5%","Worcester",1226,"MD","US.50",108,"WE","",0,0,"",0,"Worcester","MD",NA,14.1,0,0
"6535","75.5%","Horry",2434,"SC","US.501",1,"SN","",0,0,"",0,"Horry","SC",NA,33.3,0,0
"6536","75.5%","Marion",2441,"SC","US.501",2,"SN","",0,0,"",0,"Marion","SC",NA,23.2,0,0
"6537","75.5%","Dillon",2425,"SC","US.501",3,"SN","",0,0,"",0,"Dillon","SC",NA,16.8,0,0
"6538","75.5%","Robeson",1978,"NC","US.501",4,"SN","",0,0,"",0,"Robeson","NC",NA,15.4,0,0
"6539","75.5%","Scotland",1983,"NC","US.501",5,"SN","",0,0,"",0,"Scotland","NC",NA,26.3,0,0
"6540","75.6%","Hoke",1947,"NC","US.501",6,"SN","",0,0,"",0,"Hoke","NC",NA,3.5,0,0
"6541","75.6%","Moore",1963,"NC","US.501",7,"SN","",0,0,"",0,"Moore","NC",NA,27.6,0,0
"6542","75.6%","Lee",1953,"NC","US.501",8,"SN","",0,0,"",0,"Lee","NC",NA,16,0,0
"6543","75.6%","Chatham",1919,"NC","US.501",9,"SN","",0,0,"",0,"Chatham","NC",NA,22.8,0,0
"6544","75.6%","Orange",1968,"NC","US.501",10,"SN","",0,0,"",0,"Orange","NC",NA,8.5,0,0
"6545","75.6%","Durham",1932,"NC","US.501",11,"SN","",0,0,"",0,"Durham","NC",NA,25.1,0,0
"6546","75.6%","Person",1973,"NC","US.501",12,"SN","",0,0,"",0,"Person","NC",NA,23.7,0,0
"6547","75.6%","Halifax",2994,"VA","US.501",13,"SN","",0,0,"",0,"Halifax","VA",NA,39.5,0,0
"6548","75.6%","Campbell",2951,"VA","US.501",14,"SN","",10,1,"",0,"Campbell","VA",NA,28.1,0,0
"6549","75.7%","Lynchburg, City of",2953,"VA","US.501",15,"SN","",10,0,"",0,"Lynchburg, City of","VA",NA,13.4,0,0
"6550","75.7%","Bedford",2945,"VA","US.501",16,"SN","",0,0,"",0,"Bedford","VA",NA,14.3,0,0
"6551","75.7%","Amherst",2935,"VA","US.501",17,"SN","",0,0,"",0,"Amherst","VA",NA,4.7,0,0
"6552","75.7%","Rockbridge",3052,"VA","US.501",18,"SN","",22,1,"",0,"Rockbridge","VA",NA,8,0,0
"6553","75.7%","Buena Vista, City of",3054,"VA","US.501",19,"SN","",22,0,"",0,"Buena Vista, City of","VA",NA,3.1,0,0
"6554","75.7%","St. John the Baptist",1169,"LA","US.51",1,"SN","",0,0,"",0,"St. John the Baptist","LA",NA,17.5,0,0
"6555","75.7%","Tangipahoa",1174,"LA","US.51",2,"SN","",0,0,"",0,"Tangipahoa","LA",NA,51,0,0
"6556","75.7%","Pike",1467,"MS","US.51",3,"SN","",0,0,"",0,"Pike","MS",NA,25.6,0,0
"6557","75.8%","Lincoln",1453,"MS","US.51",4,"SN","",0,0,"",0,"Lincoln","MS",NA,24.6,0,1
"6558","75.8%","Copiah",1425,"MS","US.51",5,"SN","",0,0,"",0,"Copiah","MS",NA,27,0,0
"6559","75.8%","Hinds",1435,"MS","US.51",6,"SN","",0,0,"",0,"Hinds","MS",NA,27.8,0,0
"6560","75.8%","Madison",1455,"MS","US.51",7,"SN","",0,0,"",0,"Madison","MS",NA,34.4,0,1
"6561","75.8%","Yazoo",1492,"MS","US.51",8,"SN","",0,0,"",0,"Yazoo","MS",NA,1.1,0,0
"6562","75.8%","Holmes",1436,"MS","US.51",9,"SN","",0,0,"",0,"Holmes","MS",NA,26.6,0,0
"6563","75.8%","Carroll",1418,"MS","US.51",10,"SN","",0,0,"",0,"Carroll","MS",NA,14.4,0,0
"6564","75.8%","Montgomery",1459,"MS","US.51",11,"SN","",0,0,"",0,"Montgomery","MS",NA,20,0,0
"6565","75.8%","Grenada",1432,"MS","US.51",12,"SN","",0,0,"",0,"Grenada","MS",NA,17.3,0,0
"6566","75.9%","Yalobusha",1491,"MS","US.51",13,"SN","",0,0,"",0,"Yalobusha","MS",NA,19,0,0
"6567","75.9%","Panola",1464,"MS","US.51",14,"SN","",0,0,"",0,"Panola","MS",NA,27.4,0,0
"6568","75.9%","Tate",1479,"MS","US.51",15,"SN","",0,0,"",0,"Tate","MS",NA,11.6,0,0
"6569","75.9%","DeSoto",1427,"MS","US.51",16,"SN","",0,0,"",0,"DeSoto","MS",NA,19.3,0,0
"6570","75.9%","Shelby",2599,"TN","US.51",17,"SN","",0,0,"",0,"Shelby","TN",NA,32.4,0,0
"6571","75.9%","Tipton",2604,"TN","US.51",18,"SN","",0,0,"",0,"Tipton","TN",NA,22.5,0,0
"6572","75.9%","Lauderdale",2569,"TN","US.51",19,"SN","",0,0,"",0,"Lauderdale","TN",NA,25.1,1,0
"6573","75.9%","Dyer",2543,"TN","US.51",20,"SN","",0,0,"",0,"Dyer","TN",NA,25,0,0
"6574","76.0%","Obion",2586,"TN","US.51",21,"SN","",0,0,"",0,"Obion","TN",NA,30.8,0,0
"6575","76.0%","Fulton",1039,"KY","US.51",22,"SN","",0,0,"",0,"Fulton","KY",NA,6.5,0,0
"6576","76.0%","Hickman",1054,"KY","US.51",23,"SN","",0,0,"",0,"Hickman","KY",NA,14.7,0,0
"6577","76.0%","Carlisle",1021,"KY","US.51",24,"SN","",0,0,"",0,"Carlisle","KY",NA,12.7,0,0
"6578","76.0%","Ballard",1005,"KY","US.51",25,"SN","",0,0,"",0,"Ballard","KY",NA,8.2,0,0
"6579","76.0%","Alexander",605,"IL","US.51",26,"SN","",0,0,"",0,"Alexander","IL",NA,8,0,0
"6580","76.0%","Pulaski",680,"IL","US.51",27,"SN","",0,0,"",0,"Pulaski","IL",NA,17.7,0,0
"6581","76.0%","Union",694,"IL","US.51",28,"SN","",0,0,"",0,"Union","IL",NA,19.9,0,0
"6582","76.0%","Jackson",642,"IL","US.51",29,"SN","",0,0,"",0,"Jackson","IL",NA,25.1,1,1
"6583","76.1%","Perry",676,"IL","US.51",30,"SN","",0,0,"",0,"Perry","IL",NA,18.9,1,0
"6584","76.1%","Washington",698,"IL","US.51",31,"SN","",0,0,"",0,"Washington","IL",NA,21.1,0,1
"6585","76.1%","Jefferson",644,"IL","US.51",32,"SN","Abuts, to the East, 2.4 mi. shared with Washington",0,0,"",0,"Jefferson","IL","2.40",1.2,0,1
"6586","76.1%","Marion",661,"IL","US.51",33,"SN","",0,0,"",0,"Marion","IL",NA,25.4,0,0
"6587","76.1%","Fayette",629,"IL","US.51",34,"SN","",0,0,"",0,"Fayette","IL",NA,28.3,0,0
"6588","76.1%","Shelby",690,"IL","US.51",35,"SN","Reentry from North",0,0,"",2001,"Shelby","IL","9.34",9.34,0,0
"6589","76.1%","Christian",614,"IL","US.51",36,"SN","",0,0,"",0,"Christian","IL",NA,20.4,1,0
"6590","76.1%","Shelby",690,"IL","US.51",37,"SN","Reentry from South",0,0,"",3001,"Shelby","IL",NA,3.76,0,0
"6591","76.1%","Macon",658,"IL","US.51",38,"SN","",0,0,"",0,"Macon","IL",NA,33.3,0,0
"6592","76.2%","De Witt",623,"IL","US.51",39,"SN","",0,0,"",0,"DeWitt","IL",NA,17.1,0,0
"6593","76.2%","McLean",667,"IL","US.51",40,"SN","",0,0,"",0,"McLean","IL",NA,29.5,0,0
"6594","76.2%","Woodford",705,"IL","US.51",41,"SN","",0,0,"",0,"Woodford","IL",NA,19.2,0,0
"6595","76.2%","Marshall",662,"IL","US.51",42,"SN","",0,0,"",0,"Marshall","IL",NA,12.6,0,0
"6596","76.2%","LaSalle",653,"IL","US.51",43,"SN","",0,0,"",0,"LaSalle","IL",NA,36.6,0,0
"6597","76.2%","Lee",655,"IL","US.51",44,"SN","",0,0,"",0,"Lee","IL",NA,19.3,0,0
"6598","76.2%","Ogle",674,"IL","US.51",45,"SN","",0,0,"",0,"Ogle","IL",NA,18.1,0,0
"6599","76.2%","Winnebago",704,"IL","US.51",46,"SN","",0,0,"",0,"Winnebago","IL",NA,27.3,0,0
"6600","76.3%","Rock",3234,"WI","US.51",47,"SN","",0,0,"",0,"Rock","WI",NA,26.5,0,0
"6601","76.3%","Dane",3193,"WI","US.51",48,"SN","",0,0,"",0,"Dane","WI",NA,40.7,0,0
"6602","76.3%","Columbia",3191,"WI","US.51",49,"SN","",0,0,"",0,"Columbia","WI",NA,28.9,0,0
"6603","76.3%","Marquette",3219,"WI","US.51",50,"SN","",0,0,"",0,"Marquette","WI",NA,23.8,0,0
"6604","76.3%","Waushara",3250,"WI","US.51",51,"SN","",0,0,"",0,"Waushara","WI",NA,18.9,0,0
"6605","76.3%","Portage",3230,"WI","US.51",52,"SN","",0,0,"",0,"Portage","WI",NA,33,0,0
"6606","76.3%","Marathon",3217,"WI","US.51",53,"SN","",0,0,"",0,"Marathon","WI",NA,32.4,0,0
"6607","76.3%","Lincoln",3215,"WI","US.51",54,"SN","",0,0,"",0,"Lincoln","WI",NA,31.6,0,1
"6608","76.3%","Oneida",3224,"WI","US.51",55,"SN","",0,0,"",0,"Oneida","WI",NA,25.1,0,0
"6609","76.4%","Vilas",3244,"WI","US.51",56,"SN","",0,0,"",0,"Vilas","WI",NA,22,0,0
"6610","76.4%","Iron",3206,"WI","US.51",57,"SN","",0,0,"",0,"Iron","WI",NA,31.7,0,0
"6611","76.4%","Burke",2007,"ND","US.52",1,"WE","",0,0,"",0,"Burke","ND",NA,31.1,1,0
"6612","76.4%","Renville",2038,"ND","US.52",2,"WE","",0,0,"",0,"Renville","ND",NA,5.2,0,0
"6613","76.4%","Ward",2051,"ND","US.52",3,"WE","",0,0,"",0,"Ward","ND",NA,75.3,0,0
"6614","76.4%","McHenry",2025,"ND","US.52",4,"WE","",0,0,"",0,"McHenry","ND",NA,41.6,0,0
"6615","76.4%","Pierce",2035,"ND","US.52",5,"WE","",0,0,"",0,"Pierce","ND",NA,1.9,0,1
"6616","76.4%","Sheridan",2042,"ND","US.52",6,"WE","",0,0,"",0,"Sheridan","ND",NA,5.1,1,0
"6617","76.4%","Wells",2052,"ND","US.52",7,"WE","",0,0,"",0,"Wells","ND",NA,54.3,1,0
"6618","76.5%","Foster",2016,"ND","US.52",8,"WE","",0,0,"",0,"Foster","ND",NA,17,0,0
"6619","76.5%","Stutsman",2047,"ND","US.52",9,"WE","",0,0,"",0,"Stutsman","ND",NA,49.2,0,0
"6620","76.5%","Barnes",2002,"ND","US.52",10,"WE","",0,0,"",0,"Barnes","ND",NA,36.4,0,0
"6621","76.5%","Cass",2009,"ND","US.52",11,"WE","",0,0,"",0,"Cass","ND",NA,44.7,0,0
"6622","76.5%","Fillmore",1346,"MN","US.52",12,"WE","",0,0,"",0,"Fillmore","MN",NA,34.5,0,1
"6623","76.5%","Olmsted",1378,"MN","US.52",13,"WE","",0,0,"",0,"Olmsted","MN",NA,35.3,0,0
"6624","76.5%","Goodhue",1348,"MN","US.52",14,"WE","",0,0,"",0,"Goodhue","MN",NA,29.4,0,0
"6625","76.5%","Dakota",1342,"MN","US.52",15,"WE","",0,0,"",0,"Dakota","MN",NA,29.7,0,0
"6626","76.6%","Ramsey",1385,"MN","US.52",16,"WE","",0,0,"",0,"Ramsey","MN",NA,8.8,0,0
"6627","76.6%","Hennepin",1350,"MN","US.52",17,"WE","",0,0,"",0,"Hennepin","MN",NA,31.1,0,0
"6628","76.6%","Wright",1409,"MN","US.52",18,"WE","",0,0,"",0,"Wright","MN",NA,27,0,0
"6629","76.6%","Stearns",1396,"MN","US.52",19,"WE","",0,0,"",0,"Stearns","MN",NA,57.7,0,0
"6630","76.6%","Todd",1400,"MN","US.52",20,"WE","",0,0,"",0,"Todd","MN",NA,5.9,0,0
"6631","76.6%","Douglas",1344,"MN","US.52",21,"WE","",0,0,"",0,"Douglas","MN",NA,34.7,0,0
"6632","76.6%","Grant",1349,"MN","US.52",22,"WE","",0,0,"",0,"Grant","MN",NA,9.6,0,1
"6633","76.6%","Otter Tail",1379,"MN","US.52",23,"WE","",0,0,"",0,"Otter Tail","MN",NA,32.7,0,0
"6634","76.6%","Wilkin",1407,"MN","US.52",24,"WE","",0,0,"",0,"Wilkin","MN",NA,11.2,0,0
"6635","76.7%","Clay",1337,"MN","US.52",25,"WE","",0,0,"",0,"Clay","MN",NA,27,0,0
"6636","76.7%","Jackson",846,"IA","US.52",26,"WE","",0,0,"",0,"Jackson","IA",NA,36.1,0,1
"6637","76.7%","Dubuque",828,"IA","US.52",27,"WE","",0,0,"",0,"Dubuque","IA",NA,47.9,0,0
"6638","76.7%","Clayton",819,"IA","US.52",28,"WE","",0,0,"",0,"Clayton","IA",NA,45,0,0
"6639","76.7%","Allamakee",800,"IA","US.52",29,"WE","",0,0,"",0,"Allamakee","IA",NA,2.7,0,0
"6640","76.7%","Winneshiek",893,"IA","US.52",30,"WE","",0,0,"",0,"Winneshiek","IA",NA,40.9,1,0
"6641","76.7%","Carroll",611,"IL","US.52",31,"WE","",0,0,"",0,"Carroll","IL",NA,28.7,1,0
"6642","76.7%","Ogle",674,"IL","US.52",32,"WE","",0,0,"",0,"Ogle","IL",NA,15.4,0,0
"6643","76.7%","Lee",655,"IL","US.52",33,"WE","",0,0,"",0,"Lee","IL",NA,30.5,0,0
"6644","76.8%","LaSalle",653,"IL","US.52",34,"WE","",0,0,"",0,"LaSalle","IL",NA,38.9,0,0
"6645","76.8%","Kendall",650,"IL","US.52",35,"WE","",0,0,"",0,"Kendall","IL",NA,21.2,0,0
"6646","76.8%","Will",702,"IL","US.52",36,"WE","",0,0,"",0,"Will","IL",NA,31.9,0,0
"6647","76.8%","Kankakee",649,"IL","US.52",37,"WE","",0,0,"",0,"Kankakee","IL",NA,20.8,0,0
"6648","76.8%","Iroquois",641,"IL","US.52",38,"WE","",0,0,"",0,"Iroquois","IL",NA,31.8,0,0
"6649","76.8%","Newton",761,"IN","US.52",39,"WE","",0,0,"",0,"Newton","IN",NA,6.7,0,0
"6650","76.8%","Benton",709,"IN","US.52",40,"WE","",0,0,"",0,"Benton","IN",NA,26.5,0,0
"6651","76.8%","Tippecanoe",784,"IN","US.52",41,"WE","",0,0,"",0,"Tippecanoe","IN",NA,30.9,0,0
"6652","76.9%","Clinton",717,"IN","US.52",42,"WE","",0,0,"",0,"Clinton","IN",NA,6.3,0,1
"6653","76.9%","Boone",711,"IN","US.52",43,"WE","",0,0,"",0,"Boone","IN",NA,27.7,0,0
"6654","76.9%","Marion",754,"IN","US.52",44,"WE","Reentry from East",0,0,"",2003,"Marion","IN","3.94",3.94,0,0
"6655","76.9%","Hamilton",734,"IN","US.52",45,"WE","",0,0,"",0,"Hamilton","IN",NA,2.6,0,0
"6656","76.9%","Marion",754,"IN","US.52",46,"WE","Reentry from West",0,0,"",3003,"Marion","IN",NA,19.86,0,0
"6657","76.9%","Hancock",735,"IN","US.52",47,"WE","",0,0,"",0,"Hancock","IN",NA,8.5,0,0
"6658","76.9%","Shelby",778,"IN","US.52",48,"WE","",0,0,"",0,"Shelby","IN",NA,9.3,0,0
"6659","76.9%","Rush",775,"IN","US.52",49,"WE","",0,0,"",0,"Rush","IN",NA,21.3,0,0
"6660","76.9%","Franklin",729,"IN","US.52",50,"WE","",0,0,"",0,"Franklin","IN",NA,30.1,0,0
"6661","77.0%","Dearborn",720,"IN","US.52",51,"WE","",0,0,"",0,"Dearborn","IN",NA,5.1,0,0
"6662","77.0%","Hamilton",2088,"OH","US.52",52,"WE","",0,0,"",0,"Hamilton","OH",NA,39.6,0,0
"6663","77.0%","Clermont",2070,"OH","US.52",53,"WE","",0,0,"",0,"Clermont","OH",NA,25.5,0,0
"6664","77.0%","Brown",2065,"OH","US.52",54,"WE","",0,0,"",0,"Brown","OH",NA,23.6,0,0
"6665","77.0%","Adams",2058,"OH","US.52",55,"WE","",0,0,"",0,"Adams","OH",NA,29.2,1,1
"6666","77.0%","Scioto",2130,"OH","US.52",56,"WE","",0,0,"",0,"Scioto","OH",NA,39.5,0,0
"6667","77.0%","Lawrence",2101,"OH","US.52",57,"WE","",0,0,"",0,"Lawrence","OH",NA,22.5,1,0
"6668","77.0%","Cabell",3131,"WV","US.52",58,"WE","",0,0,"",0,"Cabell","WV",NA,1.7,0,0
"6669","77.0%","Wayne",3175,"WV","US.52",59,"WE","",0,0,"",0,"Wayne","WV",NA,53.1,0,0
"6670","77.1%","Mingo",3155,"WV","US.52",60,"WE","Reentry from East",0,0,"",2001,"Mingo","WV","17.50",17.5,0,0
"6671","77.1%","Pike",1099,"KY","US.52",61,"WE","Reentry from East",0,0,"",2002,"Pike","KY","0.79",0.79,0,0
"6672","77.1%","Mingo",3155,"WV","US.52",62,"WE","Reentry",0,0,"",1001,"Mingo","WV","0.80",0.8,0,0
"6673","77.1%","Pike",1099,"KY","US.52",63,"WE","Reentry from West",0,0,"",3002,"Pike","KY","0.17",0.21,0,0
"6674","77.1%","Mingo",3155,"WV","US.52",64,"WE","Reentry",0,0,"",1001,"Mingo","WV",NA,23.3,0,0
"6675","77.1%","Logan",3148,"WV","US.52",65,"WE","",0,0,"",0,"Logan","WV",NA,0.4,0,0
"6676","77.1%","Mingo",3155,"WV","US.52",66,"WE","Reentry from West",0,0,"",3001,"Mingo","WV","13.50",13.5,0,0
"6677","77.1%","Wyoming",3180,"WV","US.52",67,"WE","",0,0,"",0,"Wyoming","WV",NA,8.5,1,0
"6678","77.2%","McDowell",3152,"WV","US.52",68,"WE","",0,0,"",0,"McDowell","WV",NA,41.8,1,0
"6679","77.2%","Mercer",3153,"WV","US.52",69,"WE","",0,0,"",0,"Mercer","WV",NA,18.9,0,0
"6680","77.2%","Carroll",2955,"VA","US.52",70,"WE","",0,0,"",0,"Carroll","VA",NA,27.2,0,0
"6681","77.2%","Wythe",3083,"VA","US.52",71,"WE","",0,0,"",0,"Wythe","VA",NA,30.5,0,0
"6682","77.2%","Bland",2946,"VA","US.52",72,"WE","",0,0,"",0,"Bland","VA",NA,22.7,0,0
"6683","77.2%","Anson",1904,"NC","US.52",73,"WE","",0,0,"",0,"Anson","NC",NA,29.8,0,0
"6684","77.2%","Stanly",1984,"NC","US.52",74,"WE","",0,0,"",0,"Stanly","NC",NA,26,1,0
"6685","77.2%","Cabarrus",1913,"NC","US.52",75,"WE","",0,0,"",0,"Cabarrus","NC",NA,1,0,0
"6686","77.2%","Rowan",1980,"NC","US.52",76,"WE","",0,0,"",0,"Rowan","NC",NA,21.1,0,0
"6687","77.3%","Davidson",1929,"NC","US.52",77,"WE","",0,0,"",0,"Davidson","NC",NA,23.4,0,0
"6688","77.3%","Forsyth",1934,"NC","US.52",78,"WE","",0,0,"",0,"Forsyth","NC",NA,21.4,0,0
"6689","77.3%","Stokes",1985,"NC","US.52",79,"WE","",0,0,"",0,"Stokes","NC",NA,6.5,0,0
"6690","77.3%","Surry",1986,"NC","US.52",80,"WE","",0,0,"",0,"Surry","NC",NA,20.6,0,0
"6691","77.3%","Charleston",2418,"SC","US.52",81,"WE","",0,0,"",0,"Charleston","SC",NA,14.9,0,0
"6692","77.3%","Berkeley",2416,"SC","US.52",82,"WE","",0,0,"",0,"Berkeley","SC",NA,39.6,0,0
"6693","77.3%","Williamsburg",2453,"SC","US.52",83,"WE","",0,0,"",0,"Williamsburg","SC",NA,29.3,0,0
"6694","77.3%","Florence",2429,"SC","US.52",84,"WE","",0,0,"",0,"Florence","SC",NA,31,0,0
"6695","77.3%","Darlington",2424,"SC","US.52",85,"WE","",0,0,"",0,"Darlington","SC",NA,22.5,0,0
"6696","77.4%","Chesterfield",2421,"SC","US.52",86,"WE","",0,0,"",0,"Chesterfield","SC",NA,22.7,0,0
"6697","77.4%","Georgetown",2430,"SC","US.521",1,"SN","",0,0,"",0,"Georgetown","SC",NA,19.5,0,0
"6698","77.4%","Williamsburg",2453,"SC","US.521",2,"SN","",0,0,"",0,"Williamsburg","SC",NA,32.2,0,0
"6699","77.4%","Clarendon",2422,"SC","US.521",3,"SN","",0,0,"",0,"Clarendon","SC",NA,19.8,0,0
"6700","77.4%","Sumter",2451,"SC","US.521",4,"SN","",0,0,"",0,"Sumter","SC",NA,29.5,0,0
"6701","77.4%","Kershaw",2436,"SC","US.521",5,"SN","",0,0,"",0,"Kershaw","SC",NA,26.9,0,0
"6702","77.4%","Lancaster",2437,"SC","US.521",6,"SN","",0,0,"",0,"Lancaster","SC",NA,43.9,0,0
"6703","77.4%","Mecklenburg",1960,"NC","US.521",7,"SN","",0,0,"W",0,"Mecklenburg","NC","3.80",3.7,0,0
"6704","77.5%","Powhatan",3036,"VA","US.522",1,"SN","",0,0,"",0,"Powhatan","VA",NA,8.7,0,0
"6705","77.5%","Goochland",2988,"VA","US.522",2,"SN","",0,0,"",0,"Goochland","VA",NA,8.5,0,0
"6706","77.5%","Louisa",3014,"VA","US.522",3,"SN","",0,0,"",0,"Louisa","VA",NA,29.4,0,0
"6707","77.5%","Spotsylvania",3066,"VA","US.522",4,"SN","",0,0,"",0,"Spotsylvania","VA",NA,2.2,0,0
"6708","77.5%","Orange",3030,"VA","US.522",5,"SN","",0,0,"",0,"Orange","VA",NA,15.5,0,0
"6709","77.5%","Culpeper",2968,"VA","US.522",6,"SN","",0,0,"",0,"Culpeper","VA",NA,19.6,0,0
"6710","77.5%","Rappahannock",3046,"VA","US.522",7,"SN","",0,0,"",0,"Rappahannock","VA",NA,27.6,0,0
"6711","77.5%","Warren",3075,"VA","US.522",8,"SN","Reentry from North",0,0,"",2002,"Warren","VA",NA,13.97,0,0
"6712","77.5%","Frederick",2983,"VA","US.522",9,"SN","Reentry from North",11,1,"",2001,"Frederick","VA","0.28",0.28,0,0
"6713","77.6%","Warren",3075,"VA","US.522",10,"SN","Reentry from South",0,0,"",3002,"Warren","VA","0.23",0.23,0,0
"6714","77.6%","Clarke",2966,"VA","US.522",11,"SN","",0,0,"",0,"Clarke","VA",NA,2.1,0,0
"6715","77.6%","Frederick",2983,"VA","US.522",12,"SN","Reentry",11,1,"",1001,"Frederick","VA","7.26",7.26,0,0
"6716","77.6%","Winchester, City of",2985,"VA","US.522",13,"SN","",11,0,"",0,"Winchester, City of","VA",NA,3,0,0
"6717","77.6%","Frederick",2983,"VA","US.522",14,"SN","Reentry from South",11,0,"",3001,"Frederick","VA",NA,20.86,0,0
"6718","77.6%","Morgan",3158,"WV","US.522",15,"SN","",0,0,"",0,"Morgan","WV",NA,19.1,1,0
"6719","77.6%","Washington",1224,"MD","US.522",16,"SN","",0,0,"",0,"Washington","MD",NA,2.2,0,1
"6720","77.6%","Fulton",2287,"PA","US.522",17,"SN","",0,0,"",0,"Fulton","PA",NA,37.9,0,0
"6721","77.6%","Huntingdon",2289,"PA","US.522",18,"SN","",0,0,"",0,"Huntingdon","PA",NA,24.4,0,0
"6722","77.7%","Mifflin",2302,"PA","US.522",19,"SN","",0,0,"",0,"Mifflin","PA",NA,37.6,0,0
"6723","77.7%","Snyder",2313,"PA","US.522",20,"SN","",0,0,"",0,"Snyder","PA",NA,28.1,0,0
"6724","77.7%","La Crosse",3212,"WI","US.53",1,"SN","",0,0,"",0,"La Crosse","WI",NA,20.1,0,0
"6725","77.7%","Trempealeau",3242,"WI","US.53",2,"SN","",0,0,"",0,"Trempealeau","WI",NA,51.3,0,0
"6726","77.7%","Eau Claire",3198,"WI","US.53",3,"SN","",0,0,"",0,"Eau Claire","WI",NA,21.4,0,0
"6727","77.7%","Chippewa",3189,"WI","US.53",4,"SN","",0,0,"",0,"Chippewa","WI",NA,27.2,0,0
"6728","77.7%","Barron",3183,"WI","US.53",5,"SN","",0,0,"",0,"Barron","WI",NA,33.6,0,0
"6729","77.7%","Washburn",3246,"WI","US.53",6,"SN","",0,0,"",0,"Washburn","WI",NA,38,0,0
"6730","77.8%","Douglas",3196,"WI","US.53",7,"SN","",0,0,"",0,"Douglas","WI",NA,46.9,0,0
"6731","77.8%","St. Louis",1392,"MN","US.53",8,"SN","",0,0,"",0,"St. Louis","MN",NA,143.2,0,0
"6732","77.8%","Koochiching",1359,"MN","US.53",9,"SN","",0,0,"",0,"Koochiching","MN",NA,23.2,0,0
"6733","77.8%","El Paso",2685,"TX","US.54",1,"WE","",0,0,"W",0,"El Paso","TX","20.00",19.3,0,0
"6734","77.8%","Otero",1825,"NM","US.54",2,"WE","",0,0,"",0,"Otero","NM",NA,101.2,0,0
"6735","77.8%","Lincoln",1820,"NM","US.54",3,"WE","",0,0,"",0,"Lincoln","NM",NA,69.5,0,1
"6736","77.8%","Torrance",1836,"NM","US.54",4,"WE","",0,0,"",0,"Torrance","NM",NA,24.9,0,0
"6737","77.8%","Guadalupe",1816,"NM","US.54",5,"WE","",0,0,"",0,"Guadalupe","NM",NA,77.9,0,0
"6738","77.8%","Quay",1826,"NM","US.54",6,"WE","",0,0,"",0,"Quay","NM",NA,77.9,0,0
"6739","77.9%","Harding",1817,"NM","US.54",7,"WE","Abuts, to the North",0,0,"",0,"Harding","NM",NA,0.3,1,1
"6740","77.9%","Hartley",2718,"TX","US.54",8,"WE","",0,0,"",0,"Hartley","TX",NA,39.7,0,0
"6741","77.9%","Dallam",2671,"TX","US.54",9,"WE","",0,0,"",0,"Dallam","TX",NA,26.4,0,0
"6742","77.9%","Sherman",2826,"TX","US.54",10,"WE","",0,0,"",0,"Sherman","TX",NA,25.9,0,0
"6743","77.9%","Texas",2215,"OK","US.54",11,"WE","",0,0,"GE",0,"Texas","OK","56.00",56.1,0,0
"6744","77.9%","Seward",984,"KS","US.54",12,"WE","",0,0,"",0,"Seward","KS",NA,27,0,0
"6745","77.9%","Meade",956,"KS","US.54",13,"WE","",0,0,"",0,"Meade","KS",NA,33.4,0,0
"6746","77.9%","Clark",909,"KS","US.54",14,"WE","",0,0,"",0,"Clark","KS",NA,10.1,0,0
"6747","77.9%","Ford",925,"KS","US.54",15,"WE","",0,0,"",0,"Ford","KS",NA,22.4,0,1
"6748","78.0%","Kiowa",945,"KS","US.54",16,"WE","",0,0,"",0,"Kiowa","KS",NA,30.4,0,0
"6749","78.0%","Pratt",972,"KS","US.54",17,"WE","",0,0,"",0,"Pratt","KS",NA,30.4,0,0
"6750","78.0%","Kingman",944,"KS","US.54",18,"WE","",0,0,"",0,"Kingman","KS",NA,36.8,0,0
"6751","78.0%","Sedgwick",983,"KS","US.54",19,"WE","",0,0,"",0,"Sedgwick","KS",NA,36.2,0,0
"6752","78.0%","Butler",904,"KS","US.54",20,"WE","",0,0,"",0,"Butler","KS",NA,44.8,0,0
"6753","78.0%","Greenwood",933,"KS","US.54",21,"WE","",0,0,"",0,"Greenwood","KS",NA,31.7,0,0
"6754","78.0%","Woodson",1000,"KS","US.54",22,"WE","",0,0,"",0,"Woodson","KS",NA,25.9,0,0
"6755","78.0%","Allen",897,"KS","US.54",23,"WE","",0,0,"",0,"Allen","KS",NA,24.4,0,0
"6756","78.1%","Bourbon",902,"KS","US.54",24,"WE","",0,0,"",0,"Bourbon","KS",NA,27.3,0,0
"6757","78.1%","Vernon",1602,"MO","US.54",25,"WE","",0,0,"",0,"Vernon","MO",NA,31.2,0,0
"6758","78.1%","Cedar",1512,"MO","US.54",26,"WE","",0,0,"",0,"Cedar","MO",NA,14.7,1,0
"6759","78.1%","St. Clair",1585,"MO","US.54",27,"WE","",0,0,"",0,"St. Clair","MO",NA,13.9,1,0
"6760","78.1%","Hickory",1535,"MO","US.54",28,"WE","",0,0,"",0,"Hickory","MO",NA,30.6,0,0
"6761","78.1%","Camden",1507,"MO","US.54",29,"WE","",0,0,"",0,"Camden","MO",NA,35.3,1,0
"6762","78.1%","Miller",1558,"MO","US.54",30,"WE","",0,0,"",0,"Miller","MO",NA,23.2,1,0
"6763","78.1%","Cole",1518,"MO","US.54",31,"WE","",0,0,"",0,"Cole","MO",NA,20.3,0,0
"6764","78.1%","Callaway",1506,"MO","US.54",32,"WE","",0,0,"",0,"Callaway","MO",NA,39.1,0,0
"6765","78.2%","Audrain",1496,"MO","US.54",33,"WE","",0,0,"",0,"Audrain","MO",NA,37.3,1,0
"6766","78.2%","Ralls",1579,"MO","US.54",34,"WE","",0,0,"",0,"Ralls","MO",NA,1.5,0,0
"6767","78.2%","Pike",1574,"MO","US.54",35,"WE","",0,0,"",0,"Pike","MO",NA,25,0,0
"6768","78.2%","Pike",678,"IL","US.54",36,"WE","",0,0,"W",0,"Pike","IL","23.90",23.9,0,0
"6769","78.2%","Sandoval",1831,"NM","US.550",1,"SN","",0,0,"",0,"Sandoval","NM",NA,98.8,0,0
"6770","78.2%","Rio Arriba",1827,"NM","US.550",2,"SN","",0,0,"",0,"Rio Arriba","NM",NA,8.9,0,0
"6771","78.2%","San Juan",1829,"NM","US.550",3,"SN","",0,0,"",0,"San Juan","NM",NA,67.2,0,0
"6772","78.2%","La Plata",284,"CO","US.550",4,"SN","",0,0,"",0,"La Plata","CO",NA,48.4,0,0
"6773","78.2%","San Juan",307,"CO","US.550",5,"SN","",0,0,"",0,"San Juan","CO",NA,30.3,1,0
"6774","78.3%","Ouray",297,"CO","US.550",6,"SN","",0,0,"",0,"Ouray","CO",NA,37.5,1,0
"6775","78.3%","Montrose",294,"CO","US.550",7,"SN","",0,0,"",0,"Montrose","CO",NA,12.7,0,0
"6776","78.3%","Colfax",1810,"NM","US.56",1,"WE","",0,0,"",0,"Colfax","NM",NA,33.8,0,0
"6777","78.3%","Union",1837,"NM","US.56",2,"WE","",0,0,"",0,"Union","NM",NA,60.5,0,0
"6778","78.3%","Cimarron",2158,"OK","US.56",3,"WE","",0,0,"",0,"Cimarron","OK",NA,61.9,0,0
"6779","78.3%","Texas",2215,"OK","US.56",4,"WE","",0,0,"",0,"Texas","OK",NA,9.2,0,0
"6780","78.3%","Morton",961,"KS","US.56",5,"WE","",0,0,"",0,"Morton","KS",NA,21.8,1,0
"6781","78.3%","Stevens",991,"KS","US.56",6,"WE","",0,0,"",0,"Stevens","KS",NA,34.2,1,0
"6782","78.4%","Seward",984,"KS","US.56",7,"WE","",0,0,"GE",0,"Seward","KS","0.78",0.8,0,0
"6783","78.4%","Haskell",937,"KS","US.56",8,"WE","",0,0,"",0,"Haskell","KS",NA,25.3,0,0
"6784","78.4%","Gray",931,"KS","US.56",9,"WE","",0,0,"",0,"Gray","KS",NA,25.6,0,0
"6785","78.4%","Ford",925,"KS","US.56",10,"WE","",0,0,"",0,"Ford","KS",NA,41.4,0,1
"6786","78.4%","Edwards",920,"KS","US.56",11,"WE","",0,0,"",0,"Edwards","KS",NA,16.1,0,0
"6787","78.4%","Pawnee",969,"KS","US.56",12,"WE","",0,0,"",0,"Pawnee","KS",NA,26.2,0,0
"6788","78.4%","Barton",901,"KS","US.56",13,"WE","",0,0,"",0,"Barton","KS",NA,30.6,0,0
"6789","78.4%","Rice",976,"KS","US.56",14,"WE","",0,0,"",0,"Rice","KS",NA,30.8,1,0
"6790","78.4%","McPherson",955,"KS","US.56",15,"WE","",0,0,"",0,"McPherson","KS",NA,30.4,0,0
"6791","78.5%","Marion",953,"KS","US.56",16,"WE","",0,0,"",0,"Marion","KS",NA,39.8,0,0
"6792","78.5%","Dickinson",917,"KS","US.56",17,"WE","",0,0,"",0,"Dickinson","KS",NA,4,0,0
"6793","78.5%","Morris",960,"KS","US.56",18,"WE","",0,0,"",0,"Morris","KS",NA,32,0,0
"6794","78.5%","Lyon",952,"KS","US.56",19,"WE","",0,0,"",0,"Lyon","KS",NA,22.2,0,0
"6795","78.5%","Osage",966,"KS","US.56",20,"WE","",0,0,"",0,"Osage","KS",NA,32.8,0,0
"6796","78.5%","Douglas",919,"KS","US.56",21,"WE","",0,0,"",0,"Douglas","KS",NA,24.3,0,0
"6797","78.5%","Johnson",942,"KS","US.56",22,"WE","",0,0,"",0,"Johnson","KS",NA,33.6,0,1
"6798","78.5%","Jackson",1540,"MO","US.56",23,"WE","",0,0,"W",0,"Jackson","MO","2.95",3.2,0,1
"6799","78.5%","Maverick",2774,"TX","US.57",1,"WE","",0,0,"",0,"Maverick","TX",NA,30.4,0,0
"6800","78.6%","Zavala",2869,"TX","US.57",2,"WE","",0,0,"",0,"Zavala","TX",NA,44.2,0,0
"6801","78.6%","Frio",2697,"TX","US.57",3,"WE","",0,0,"",0,"Frio","TX",NA,24.4,0,0
"6802","78.6%","Claiborne",2533,"TN","US.58",1,"WE","",0,0,"GE",0,"Claiborne","TN","0.70",0.7,0,0
"6803","78.6%","Lee",3012,"VA","US.58",2,"WE","",0,0,"GE",0,"Lee","VA","48.50",48.5,0,0
"6804","78.6%","Scott",3060,"VA","US.58",3,"WE","",0,0,"GE",0,"Scott","VA","40.00",40,0,0
"6805","78.6%","Washington",3076,"VA","US.58",4,"WE","Reentry from East",12,1,"GE",2001,"Washington","VA","6.60",6.4,0,1
"6806","78.6%","Bristol, City of",3078,"VA","US.58",5,"WE","",12,0,"GE",0,"Bristol, City of","VA","7.30",7.3,0,0
"6807","78.6%","Washington",3076,"VA","US.58",6,"WE","Reentry from West",12,1,"GE",3001,"Washington","VA","38.80",38.8,0,1
"6808","78.7%","Grayson",2989,"VA","US.58",7,"WE","",0,0,"GE",0,"Grayson","VA","46.00",46.2,0,0
"6809","78.7%","Galax, City of",2957,"VA","US.58",8,"WE","",13,0,"GE",0,"Galax, City of","VA","5.10",5.1,0,0
"6810","78.7%","Carroll",2955,"VA","US.58",9,"WE","",13,1,"GE",0,"Carroll","VA","26.10",26.1,0,0
"6811","78.7%","Floyd",2980,"VA","US.58",10,"WE","",0,0,"GE",0,"Floyd","VA","1.60",1.6,0,0
"6812","78.7%","Patrick",3032,"VA","US.58",11,"WE","",0,0,"GE",0,"Patrick","VA","31.70",31.7,1,0
"6813","78.7%","Henry",3000,"VA","US.58",12,"WE","",0,0,"GE",0,"Henry","VA","23.90",23.9,0,0
"6814","78.7%","Pittsylvania",3033,"VA","US.58",13,"WE","Reentry from East",19,1,"GE",2002,"Pittsylvania","VA","16.10",16.1,0,0
"6815","78.7%","Danville, City of",3035,"VA","US.58",14,"WE","",19,0,"GE",0,"Danville, City of","VA","10.60",10.6,0,0
"6816","78.7%","Pittsylvania",3033,"VA","US.58",15,"WE","Reentry from West",19,1,"GE",3002,"Pittsylvania","VA","4.90",4.9,0,0
"6817","78.8%","Halifax",2994,"VA","US.58",16,"WE","",0,0,"GE",0,"Halifax","VA","31.00",31,0,0
"6818","78.8%","Mecklenburg",3018,"VA","US.58",17,"WE","",0,0,"GE",0,"Mecklenburg","VA","42.00",42,0,0
"6819","78.8%","Brunswick",2948,"VA","US.58",18,"WE","",0,0,"GE",0,"Brunswick","VA","23.20",23.2,0,0
"6820","78.8%","Greensville",2991,"VA","US.58",19,"WE","Reentry from East",16,1,"GE",2003,"Greensville","VA","6.30",6.3,0,0
"6821","78.8%","Emporia, City of",2993,"VA","US.58",20,"WE","",16,0,"GE",0,"Emporia, City of","VA","3.60",3.6,0,0
"6822","78.8%","Greensville",2991,"VA","US.58",21,"WE","Reentry from West",16,1,"GE",3003,"Greensville","VA","1.50",1.5,0,0
"6823","78.8%","Southampton",3063,"VA","US.58",22,"WE","Reentry from East",25,1,"GE",2004,"Southampton","VA","29.67",29.67,0,0
"6824","78.8%","Franklin, City of",3065,"VA","US.58",23,"WE","Abuts, to the North",25,0,"GE",0,"Franklin, City of","VA","3.25",3.25,0,0
"6825","78.8%","Southampton",3063,"VA","US.58",24,"WE","Reentry from West",25,1,"GE",3004,"Southampton","VA","0.98",0.98,0,0
"6826","78.9%","Suffolk, City of",3070,"VA","US.58",25,"WE","",0,0,"GE",0,"Suffolk, City of","VA","28.10",28.1,0,0
"6827","78.9%","Chesapeake, City of",2963,"VA","US.58",26,"WE","",14,1,"GE",0,"Chesapeake, City of","VA","4.80",4.8,0,0
"6828","78.9%","Portsmouth, City of",2965,"VA","US.58",27,"WE","",14,0,"GE",0,"Portsmouth, City of","VA","6.10",6.4,0,0
"6829","78.9%","Norfolk, City of",3026,"VA","US.58",28,"WE","",0,0,"GE",0,"Norfolk, City of","VA","8.10",8.4,0,0
"6830","78.9%","Virginia Beach, City of",3074,"VA","US.58",29,"WE","",0,0,"GE",0,"Virginia Beach, City of","VA","11.50",11.5,0,0
"6831","78.9%","Webb",2855,"TX","US.59",1,"SN","",0,0,"",0,"Webb","TX",NA,50.2,0,0
"6832","78.9%","Duval",2681,"TX","US.59",2,"SN","",0,0,"",0,"Duval","TX",NA,32.9,1,0
"6833","78.9%","McMullen",2777,"TX","US.59",3,"SN","",0,0,"",0,"McMullen","TX",NA,3.6,1,0
"6834","79.0%","Live Oak",2764,"TX","US.59",4,"SN","",0,0,"",0,"Live Oak","TX",NA,34.8,0,0
"6835","79.0%","Bee",2628,"TX","US.59",5,"SN","",0,0,"",0,"Bee","TX",NA,23.2,0,0
"6836","79.0%","Goliad",2703,"TX","US.59",6,"SN","",0,0,"",0,"Goliad","TX",NA,30.7,0,0
"6837","79.0%","Victoria",2850,"TX","US.59",7,"SN","",0,0,"",0,"Victoria","TX",NA,31.7,0,0
"6838","79.0%","Jackson",2735,"TX","US.59",8,"SN","",0,0,"",0,"Jackson","TX",NA,24.4,1,1
"6839","79.0%","Wharton",2856,"TX","US.59",9,"SN","",0,0,"",0,"Wharton","TX",NA,38.4,1,0
"6840","79.0%","Fort Bend",2694,"TX","US.59",10,"SN","",0,0,"",0,"Fort Bend","TX",NA,32,0,0
"6841","79.0%","Harris",2716,"TX","US.59",11,"SN","",0,0,"",0,"Harris","TX",NA,37.2,0,0
"6842","79.0%","Montgomery",2785,"TX","US.59",12,"SN","",0,0,"",0,"Montgomery","TX",NA,17.6,0,0
"6843","79.1%","Liberty",2761,"TX","US.59",13,"SN","",0,0,"",0,"Liberty","TX",NA,9.6,0,0
"6844","79.1%","San Jacinto",2819,"TX","US.59",14,"SN","",0,0,"",0,"San Jacinto","TX",NA,14.3,0,0
"6845","79.1%","Polk",2802,"TX","US.59",15,"SN","",0,0,"",0,"Polk","TX",NA,41.2,0,1
"6846","79.1%","Angelina",2618,"TX","US.59",16,"SN","",0,0,"",0,"Angelina","TX",NA,25.3,0,0
"6847","79.1%","Nacogdoches",2789,"TX","US.59",17,"SN","",0,0,"",0,"Nacogdoches","TX",NA,27.2,0,0
"6848","79.1%","San Augustine",2818,"TX","US.59",18,"SN","",0,0,"",0,"San Augustine","TX",NA,0.4,0,0
"6849","79.1%","Shelby",2825,"TX","US.59",19,"SN","",0,0,"",0,"Shelby","TX",NA,30.1,0,0
"6850","79.1%","Panola",2798,"TX","US.59",20,"SN","",0,0,"",0,"Panola","TX",NA,27.2,0,0
"6851","79.1%","Harrison",2717,"TX","US.59",21,"SN","",0,0,"",0,"Harrison","TX",NA,26.9,0,1
"6852","79.2%","Marion",2770,"TX","US.59",22,"SN","",0,0,"",0,"Marion","TX",NA,11.8,1,0
"6853","79.2%","Cass",2649,"TX","US.59",23,"SN","",0,0,"",0,"Cass","TX",NA,35.9,0,0
"6854","79.2%","Bowie",2634,"TX","US.59",24,"SN","",0,0,"",0,"Bowie","TX",NA,18.9,0,0
"6855","79.2%","Miller",163,"AR","US.59",25,"SN","",0,0,"",0,"Miller","AR",NA,1.5,0,0
"6856","79.2%","Little River",158,"AR","US.59",26,"SN","",0,0,"",0,"Little River","AR",NA,18.7,0,0
"6857","79.2%","Sevier",184,"AR","US.59",27,"SN","",0,0,"",0,"Sevier","AR",NA,37.1,0,0
"6858","79.2%","Polk",174,"AR","US.59",28,"SN","",0,0,"",0,"Polk","AR",NA,57.2,0,1
"6859","79.2%","Le Flore",2185,"OK","US.59",29,"SN","",0,0,"",0,"Le Flore","OK",NA,61.5,0,0
"6860","79.3%","Sequoyah",2213,"OK","US.59",30,"SN","",0,0,"",0,"Sequoyah","OK",NA,24.8,0,0
"6861","79.3%","Adair",2146,"OK","US.59",31,"SN","",0,0,"",0,"Adair","OK",NA,40.8,0,0
"6862","79.3%","Delaware",2166,"OK","US.59",32,"SN","",0,0,"",0,"Delaware","OK",NA,52.4,0,0
"6863","79.3%","Ottawa",2203,"OK","US.59",33,"SN","",0,0,"",0,"Ottawa","OK",NA,23.1,0,0
"6864","79.3%","Craig",2163,"OK","US.59",34,"SN","",0,0,"",0,"Craig","OK",NA,14.5,0,0
"6865","79.3%","Labette",946,"KS","US.59",35,"SN","",0,0,"",0,"Labette","KS",NA,36.3,0,0
"6866","79.3%","Neosho",963,"KS","US.59",36,"SN","",0,0,"",0,"Neosho","KS",NA,29.1,0,0
"6867","79.3%","Allen",897,"KS","US.59",37,"SN","",0,0,"",0,"Allen","KS",NA,22.8,0,0
"6868","79.3%","Anderson",898,"KS","US.59",38,"SN","",0,0,"",0,"Anderson","KS",NA,28.5,0,0
"6869","79.4%","Franklin",926,"KS","US.59",39,"SN","",0,0,"",0,"Franklin","KS",NA,27.4,0,0
"6870","79.4%","Douglas",919,"KS","US.59",40,"SN","",0,0,"",0,"Douglas","KS",NA,23.6,0,0
"6871","79.4%","Jefferson",940,"KS","US.59",41,"SN","",0,0,"",0,"Jefferson","KS",NA,29.7,0,1
"6872","79.4%","Atchison",899,"KS","US.59",42,"SN","",0,0,"",0,"Atchison","KS",NA,16.3,0,0
"6873","79.4%","Buchanan",1503,"MO","US.59",43,"SN","",0,0,"",0,"Buchanan","MO",NA,26.8,0,1
"6874","79.4%","Andrew",1494,"MO","US.59",44,"SN","",0,0,"",0,"Andrew","MO",NA,19.6,0,0
"6875","79.4%","Holt",1536,"MO","US.59",45,"SN","",0,0,"",0,"Holt","MO",NA,37.7,0,0
"6876","79.4%","Atchison",1495,"MO","US.59",46,"SN","",0,0,"",0,"Atchison","MO",NA,24.2,0,0
"6877","79.5%","Fremont",833,"IA","US.59",47,"SN","",0,0,"",0,"Fremont","IA",NA,13.1,0,0
"6878","79.5%","Page",870,"IA","US.59",48,"SN","Abuts, to the East",0,0,"",0,"Page","IA",NA,9.3,0,0
"6879","79.5%","Mills",862,"IA","US.59",49,"SN","",0,0,"",0,"Mills","IA",NA,18,0,0
"6880","79.5%","Pottawattamie",875,"IA","US.59",50,"SN","",0,0,"",0,"Pottawattamie","IA",NA,25.8,0,0
"6881","79.5%","Shelby",880,"IA","US.59",51,"SN","",0,0,"",0,"Shelby","IA",NA,24.9,1,0
"6882","79.5%","Crawford",821,"IA","US.59",52,"SN","",0,0,"",0,"Crawford","IA",NA,26,0,0
"6883","79.5%","Ida",844,"IA","US.59",53,"SN","",0,0,"",0,"Ida","IA",NA,28.3,0,0
"6884","79.5%","Cherokee",815,"IA","US.59",54,"SN","",0,0,"",0,"Cherokee","IA",NA,24.3,1,0
"6885","79.5%","O'Brien",868,"IA","US.59",55,"SN","",0,0,"",0,"O'Brien","IA",NA,28.9,0,0
"6886","79.6%","Osceola",869,"IA","US.59",56,"SN","",0,0,"",0,"Osceola","IA",NA,16.8,1,0
"6887","79.6%","Nobles",1376,"MN","US.59",57,"SN","",0,0,"",0,"Nobles","MN",NA,27,0,0
"6888","79.6%","Murray",1374,"MN","US.59",58,"SN","",0,0,"",0,"Murray","MN",NA,28.9,1,0
"6889","79.6%","Lyon",1365,"MN","US.59",59,"SN","",0,0,"",0,"Lyon","MN",NA,31.9,0,0
"6890","79.6%","Yellow Medicine",1410,"MN","US.59",60,"SN","Reentry from North",0,0,"",2001,"Yellow Medicine","MN",NA,18.11,0,0
"6891","79.6%","Lac qui Parle",1360,"MN","US.59",61,"SN","",0,0,"",0,"Lac qui Parle","MN",NA,6.1,0,0
"6892","79.6%","Yellow Medicine",1410,"MN","US.59",62,"SN","Reentry from South",0,0,"",3001,"Yellow Medicine","MN","0.19",0.19,0,0
"6893","79.6%","Chippewa",1335,"MN","US.59",63,"SN","",0,0,"",0,"Chippewa","MN",NA,19.7,0,0
"6894","79.6%","Swift",1399,"MN","US.59",64,"SN","",0,0,"",0,"Swift","MN",NA,22.5,0,0
"6895","79.7%","Stevens",1398,"MN","US.59",65,"SN","",0,0,"",0,"Stevens","MN",NA,24.4,1,0
"6896","79.7%","Grant",1349,"MN","US.59",66,"SN","",0,0,"",0,"Grant","MN",NA,26.2,0,1
"6897","79.7%","Otter Tail",1379,"MN","US.59",67,"SN","",0,0,"",0,"Otter Tail","MN",NA,49.7,0,0
"6898","79.7%","Becker",1326,"MN","US.59",68,"SN","",0,0,"",0,"Becker","MN",NA,32.4,0,0
"6899","79.7%","Mahnomen",1366,"MN","US.59",69,"SN","",0,0,"",0,"Mahnomen","MN",NA,24.7,1,0
"6900","79.7%","Polk",1383,"MN","US.59",70,"SN","",0,0,"",0,"Polk","MN",NA,18.5,0,1
"6901","79.7%","Red Lake",1386,"MN","US.59",71,"SN","",0,0,"",0,"Red Lake","MN",NA,14.5,0,0
"6902","79.7%","Pennington",1380,"MN","US.59",72,"SN","",0,0,"",0,"Pennington","MN",NA,18.1,1,0
"6903","79.8%","Marshall",1367,"MN","US.59",73,"SN","",0,0,"",0,"Marshall","MN",NA,28.9,0,0
"6904","79.8%","Kittson",1358,"MN","US.59",74,"SN","",0,0,"",0,"Kittson","MN",NA,36.3,0,0
"6905","79.8%","Inyo",206,"CA","US.6",1,"WE","",0,0,"",0,"Inyo","CA",NA,8.2,0,0
"6906","79.8%","Mono",218,"CA","US.6",2,"WE","",0,0,"",0,"Mono","CA",NA,32.4,0,0
"6907","79.8%","Mineral",1768,"NV","US.6",3,"WE","",0,0,"",0,"Mineral","NV",NA,15.1,0,0
"6908","79.8%","Esmeralda",1762,"NV","US.6",4,"WE","",0,0,"",0,"Esmeralda","NV",NA,57.7,0,0
"6909","79.8%","Nye",1769,"NV","US.6",5,"WE","",0,0,"",0,"Nye","NV",NA,130.7,0,0
"6910","79.8%","White Pine",1773,"NV","US.6",6,"WE","",0,0,"",0,"White Pine","NV",NA,101.3,0,0
"6911","79.8%","Millard",2894,"UT","US.6",7,"WE","",0,0,"",0,"Millard","UT",NA,107.2,0,0
"6912","79.9%","Juab",2892,"UT","US.6",8,"WE","",0,0,"",0,"Juab","UT",NA,33.5,0,0
"6913","79.9%","Utah",2905,"UT","US.6",9,"WE","Reentry from East",0,0,"",2001,"Utah","UT",NA,69.6,0,0
"6914","79.9%","Wasatch",2906,"UT","US.6",10,"WE","",0,0,"",0,"Wasatch","UT",NA,2.7,0,0
"6915","79.9%","Utah",2905,"UT","US.6",11,"WE","Reentry from West",0,0,"",3001,"Utah","UT","9.10",9.1,0,0
"6916","79.9%","Carbon",2884,"UT","US.6",12,"WE","",0,0,"",0,"Carbon","UT",NA,39.9,0,0
"6917","79.9%","Emery",2888,"UT","US.6",13,"WE","",0,0,"",0,"Emery","UT",NA,43.5,0,0
"6918","79.9%","Grand",2890,"UT","US.6",14,"WE","",0,0,"",0,"Grand","UT",NA,68.7,0,0
"6919","79.9%","Mesa",290,"CO","US.6",15,"WE","",0,0,"",0,"Mesa","CO",NA,66.7,0,0
"6920","79.9%","Garfield",274,"CO","US.6",16,"WE","",0,0,"",0,"Garfield","CO",NA,65.4,0,1
"6921","80.0%","Eagle",270,"CO","US.6",17,"WE","",0,0,"",0,"Eagle","CO",NA,61.3,0,0
"6922","80.0%","Summit",310,"CO","US.6",18,"WE","",0,0,"",0,"Summit","CO",NA,31.6,0,0
"6923","80.0%","Clear Creek",261,"CO","US.6",19,"WE","",0,0,"",0,"Clear Creek","CO",NA,35.1,0,0
"6924","80.0%","Gilpin",275,"CO","US.6",20,"WE","Sliver",0,0,"",0,"Gilpin","CO","0.01",0.01,1,0
"6925","80.0%","Jefferson",281,"CO","US.6",21,"WE","",0,0,"",0,"Jefferson","CO",NA,22.2,0,1
"6926","80.0%","Denver",267,"CO","US.6",22,"WE","",0,0,"",0,"Denver","CO",NA,9.6,0,0
"6927","80.0%","Adams",251,"CO","US.6",23,"WE","",0,0,"",0,"Adams","CO",NA,19.6,0,1
"6928","80.0%","Weld",313,"CO","US.6",24,"WE","",0,0,"",0,"Weld","CO",NA,35.7,0,0
"6929","80.1%","Morgan",295,"CO","US.6",25,"WE","",0,0,"",0,"Morgan","CO",NA,39.7,0,0
"6930","80.1%","Washington",312,"CO","US.6",26,"WE","",0,0,"",0,"Washington","CO",NA,7.4,0,1
"6931","80.1%","Logan",289,"CO","US.6",27,"WE","",0,0,"",0,"Logan","CO",NA,46.5,0,0
"6932","80.1%","Phillips",299,"CO","US.6",28,"WE","",0,0,"",0,"Phillips","CO",NA,32.9,0,0
"6933","80.1%","Chase",1679,"NE","US.6",29,"WE","",0,0,"",0,"Chase","NE",NA,44,1,0
"6934","80.1%","Hayes",1707,"NE","US.6",30,"WE","",0,0,"",0,"Hayes","NE",NA,12.5,1,1
"6935","80.1%","Hitchcock",1708,"NE","US.6",31,"WE","",0,0,"",0,"Hitchcock","NE",NA,21.9,0,0
"6936","80.1%","Red Willow",1737,"NE","US.6",32,"WE","",0,0,"",0,"Red Willow","NE",NA,31.4,0,0
"6937","80.1%","Furnas",1697,"NE","US.6",33,"WE","",0,0,"",0,"Furnas","NE",NA,30.3,0,0
"6938","80.2%","Harlan",1706,"NE","US.6",34,"WE","",0,0,"",0,"Harlan","NE",NA,8.2,0,0
"6939","80.2%","Phelps",1733,"NE","US.6",35,"WE","",0,0,"",0,"Phelps","NE",NA,20.5,0,0
"6940","80.2%","Kearney",1714,"NE","US.6",36,"WE","",0,0,"",0,"Kearney","NE",NA,25.4,0,0
"6941","80.2%","Adams",1665,"NE","US.6",37,"WE","",0,0,"",0,"Adams","NE",NA,24.3,0,1
"6942","80.2%","Clay",1682,"NE","US.6",38,"WE","",0,0,"",0,"Clay","NE",NA,25.3,1,0
"6943","80.2%","Fillmore",1694,"NE","US.6",39,"WE","",0,0,"",0,"Fillmore","NE",NA,24.3,0,1
"6944","80.2%","Saline",1740,"NE","US.6",40,"WE","",0,0,"",0,"Saline","NE",NA,15.9,1,0
"6945","80.2%","Seward",1744,"NE","US.6",41,"WE","",0,0,"",0,"Seward","NE",NA,18.8,0,0
"6946","80.2%","Lancaster",1719,"NE","US.6",42,"WE","",0,0,"",0,"Lancaster","NE",NA,26.9,0,0
"6947","80.3%","Cass",1677,"NE","US.6",43,"WE","",0,0,"",0,"Cass","NE",NA,6.3,0,0
"6948","80.3%","Saunders",1742,"NE","US.6",44,"WE","",0,0,"",0,"Saunders","NE",NA,4.5,0,0
"6949","80.3%","Sarpy",1741,"NE","US.6",45,"WE","",0,0,"",0,"Sarpy","NE",NA,11.3,0,0
"6950","80.3%","Douglas",1692,"NE","US.6",46,"WE","",0,0,"",0,"Douglas","NE",NA,21.3,0,0
"6951","80.3%","Pottawattamie",875,"IA","US.6",47,"WE","",0,0,"",0,"Pottawattamie","IA",NA,44.7,0,0
"6952","80.3%","Cass",812,"IA","US.6",48,"WE","",0,0,"",0,"Cass","IA",NA,34,0,0
"6953","80.3%","Adair",798,"IA","US.6",49,"WE","",0,0,"",0,"Adair","IA",NA,23.9,0,0
"6954","80.3%","Madison",858,"IA","US.6",50,"WE","",0,0,"",0,"Madison","IA",NA,2,0,1
"6955","80.4%","Dallas",822,"IA","US.6",51,"WE","",0,0,"",0,"Dallas","IA",NA,26.7,0,0
"6956","80.4%","Polk",874,"IA","US.6",52,"WE","",0,0,"",0,"Polk","IA",NA,26.2,0,1
"6957","80.4%","Jasper",847,"IA","US.6",53,"WE","",0,0,"",0,"Jasper","IA",NA,33,0,0
"6958","80.4%","Poweshiek",876,"IA","US.6",54,"WE","",0,0,"",0,"Poweshiek","IA",NA,24.3,0,0
"6959","80.4%","Iowa",845,"IA","US.6",55,"WE","",0,0,"",0,"Iowa","IA",NA,25.4,0,0
"6960","80.4%","Johnson",849,"IA","US.6",56,"WE","",0,0,"",0,"Johnson","IA",NA,28,0,1
"6961","80.4%","Muscatine",867,"IA","US.6",57,"WE","",0,0,"",0,"Muscatine","IA",NA,20.2,0,0
"6962","80.4%","Cedar",813,"IA","US.6",58,"WE","",0,0,"",0,"Cedar","IA",NA,9.7,0,0
"6963","80.4%","Scott",879,"IA","US.6",59,"WE","",0,0,"",0,"Scott","IA",NA,24.3,0,0
"6964","80.5%","Rock Island",684,"IL","US.6",60,"WE","",0,0,"",0,"Rock Island","IL",NA,8.1,0,0
"6965","80.5%","Henry",640,"IL","US.6",61,"WE","",0,0,"",0,"Henry","IL",NA,31.4,0,0
"6966","80.5%","Bureau",609,"IL","US.6",62,"WE","",0,0,"",0,"Bureau","IL",NA,39.2,0,0
"6967","80.5%","LaSalle",653,"IL","US.6",63,"WE","",0,0,"",0,"LaSalle","IL",NA,32.2,0,0
"6968","80.5%","Grundy",635,"IL","US.6",64,"WE","",0,0,"",0,"Grundy","IL",NA,21.4,0,0
"6969","80.5%","Will",702,"IL","US.6",65,"WE","",0,0,"",0,"Will","IL",NA,22,0,0
"6970","80.5%","Cook",619,"IL","US.6",66,"WE","",0,0,"",0,"Cook","IL",NA,23.8,0,0
"6971","80.5%","Lake",750,"IN","US.6",67,"WE","",0,0,"",0,"Lake","IN",NA,18.1,0,0
"6972","80.5%","Porter",769,"IN","US.6",68,"WE","",0,0,"",0,"Porter","IN",NA,15.1,0,0
"6973","80.6%","LaPorte",751,"IN","US.6",69,"WE","",0,0,"",0,"LaPorte","IN",NA,24.1,0,0
"6974","80.6%","St. Joseph",776,"IN","US.6",70,"WE","",0,0,"",0,"St. Joseph","IN",NA,3.5,0,0
"6975","80.6%","Marshall",755,"IN","US.6",71,"WE","",0,0,"",0,"Marshall","IN",NA,21.7,0,0
"6976","80.6%","Elkhart",725,"IN","US.6",72,"WE","",0,0,"",0,"Elkhart","IN",NA,21.1,0,0
"6977","80.6%","Noble",762,"IN","US.6",73,"WE","",0,0,"",0,"Noble","IN",NA,24.1,0,0
"6978","80.6%","DeKalb",722,"IN","US.6",74,"WE","",0,0,"",0,"DeKalb","IN",NA,20.5,0,0
"6979","80.6%","Williams",2143,"OH","US.6",75,"WE","",0,0,"",0,"Williams","OH",NA,24.2,0,0
"6980","80.6%","Henry",2092,"OH","US.6",76,"WE","",0,0,"",0,"Henry","OH",NA,27.6,0,0
"6981","80.7%","Wood",2144,"OH","US.6",77,"WE","",0,0,"",0,"Wood","OH",NA,25.3,0,0
"6982","80.7%","Sandusky",2129,"OH","US.6",78,"WE","",0,0,"",0,"Sandusky","OH",NA,32.2,0,0
"6983","80.7%","Erie",2079,"OH","US.6",79,"WE","",0,0,"",0,"Erie","OH",NA,29.3,0,0
"6984","80.7%","Lorain",2104,"OH","US.6",80,"WE","",0,0,"",0,"Lorain","OH",NA,21.2,0,0
"6985","80.7%","Cuyahoga",2075,"OH","US.6",81,"WE","",0,0,"",0,"Cuyahoga","OH",NA,28.2,0,0
"6986","80.7%","Lake",2100,"OH","US.6",82,"WE","",0,0,"",0,"Lake","OH",NA,10.1,0,0
"6987","80.7%","Geauga",2085,"OH","US.6",83,"WE","",0,0,"",0,"Geauga","OH",NA,16,0,0
"6988","80.7%","Ashtabula",2061,"OH","US.6",84,"WE","",0,0,"",0,"Ashtabula","OH",NA,32.3,0,0
"6989","80.7%","Crawford",2278,"PA","US.6",85,"WE","",0,0,"",0,"Crawford","PA",NA,41.6,0,0
"6990","80.8%","Erie",2283,"PA","US.6",86,"WE","",0,0,"",0,"Erie","PA",NA,24.7,0,0
"6991","80.8%","Warren",2320,"PA","US.6",87,"WE","",0,0,"",0,"Warren","PA",NA,46.3,0,0
"6992","80.8%","McKean",2300,"PA","US.6",88,"WE","",0,0,"",0,"McKean","PA",NA,49.7,0,0
"6993","80.8%","Potter",2311,"PA","US.6",89,"WE","",0,0,"",0,"Potter","PA",NA,36.3,1,0
"6994","80.8%","Tioga",2317,"PA","US.6",90,"WE","",0,0,"",0,"Tioga","PA",NA,43.7,0,0
"6995","80.8%","Bradford",2266,"PA","US.6",91,"WE","",0,0,"",0,"Bradford","PA",NA,49.1,0,0
"6996","80.8%","Wyoming",2324,"PA","US.6",92,"WE","",0,0,"",0,"Wyoming","PA",NA,27.8,0,0
"6997","80.8%","Lackawanna",2293,"PA","US.6",93,"WE","",0,0,"",0,"Lackawanna","PA",NA,31.1,0,0
"6998","80.8%","Wayne",2322,"PA","US.6",94,"WE","",0,0,"",0,"Wayne","PA",NA,22.3,0,0
"6999","80.9%","Pike",2310,"PA","US.6",95,"WE","",0,0,"",0,"Pike","PA",NA,30.7,0,0
"7000","80.9%","Orange",1874,"NY","US.6",96,"WE","",0,0,"",0,"Orange","NY",NA,45.2,0,0
"7001","80.9%","Rockland",1882,"NY","US.6",97,"WE","",0,0,"",0,"Rockland","NY",NA,0.3,0,0
"7002","80.9%","Westchester",1898,"NY","US.6",98,"WE","",0,0,"",0,"Westchester","NY",NA,14.9,0,0
"7003","80.9%","Putnam",1878,"NY","US.6",99,"WE","",0,0,"",0,"Putnam","NY",NA,16.8,0,0
"7004","80.9%","Western Connecticut",323,"CT","US.6",100,"WE","",0,0,"",0,"Western Connecticut","CT",NA,18.5,0,0
"7005","80.9%","Naugatuck Valley",318,"CT","US.6",101,"WE","",0,0,"",0,"Naugatuck Valley","CT",NA,31.4,0,0
"7006","80.9%","Capitol",315,"CT","US.6",102,"WE","Reentry from East",0,0,"",2003,"Capitol","CT",NA,38.99,0,0
"7007","81.0%","Southeastern Connecticut",322,"CT","US.6",103,"WE","Reentry from East",0,0,"",2004,"Southeastern Connecticut","CT","0.75",0.75,0,0
"7008","81.0%","Capitol",315,"CT","US.6",104,"WE","Reentry from West",0,0,"",3003,"Capitol","CT","2.31",2.31,0,0
"7009","81.0%","Southeastern Connecticut",322,"CT","US.6",105,"WE","Reentry from West",0,0,"",3004,"Southeastern Connecticut","CT",NA,3.05,0,0
"7010","81.0%","Northeastern Connecticut",319,"CT","US.6",106,"WE","",0,0,"",0,"Northeastern Connecticut","CT",NA,20.8,0,0
"7011","81.0%","Providence",2407,"RI","US.6",107,"WE","",0,0,"",0,"Providence","RI",NA,26.2,0,0
"7012","81.0%","Bristol",1229,"MA","US.6",108,"WE","",0,0,"",0,"Bristol","MA",NA,31.7,0,0
"7013","81.0%","Plymouth",1238,"MA","US.6",109,"WE","",0,0,"",0,"Plymouth","MA",NA,17.2,0,0
"7014","81.0%","Barnstable",1227,"MA","US.6",110,"WE","",0,0,"",0,"Barnstable","MA",NA,68.5,1,0
"7015","81.0%","La Paz",109,"AZ","US.60",1,"WE","",0,0,"",0,"La Paz","AZ",NA,43.1,0,0
"7016","81.1%","Maricopa",110,"AZ","US.60",2,"WE","",0,0,"",0,"Maricopa","AZ",NA,122.7,0,0
"7017","81.1%","Pinal",114,"AZ","US.60",3,"WE","",0,0,"",0,"Pinal","AZ",NA,41.9,0,0
"7018","81.1%","Gila",106,"AZ","US.60",4,"WE","",0,0,"",0,"Gila","AZ",NA,77.8,0,0
"7019","81.1%","Navajo",112,"AZ","US.60",5,"WE","",0,0,"",0,"Navajo","AZ",NA,35.3,0,0
"7020","81.1%","Apache",103,"AZ","US.60",6,"WE","",0,0,"",0,"Apache","AZ",NA,50,0,0
"7021","81.1%","Catron",1807,"NM","US.60",7,"WE","",0,0,"",0,"Catron","NM",NA,85.1,0,0
"7022","81.1%","Socorro",1834,"NM","US.60",8,"WE","",0,0,"",0,"Socorro","NM",NA,107.5,0,0
"7023","81.1%","Torrance",1836,"NM","US.60",9,"WE","",0,0,"",0,"Torrance","NM",NA,71.8,0,0
"7024","81.1%","Guadalupe",1816,"NM","US.60",10,"WE","",0,0,"",0,"Guadalupe","NM",NA,25.5,0,0
"7025","81.2%","De Baca",1812,"NM","US.60",11,"WE","",0,0,"",0,"De Baca","NM",NA,56.7,0,0
"7026","81.2%","Roosevelt",1828,"NM","US.60",12,"WE","",0,0,"",0,"Roosevelt","NM",NA,12.3,0,1
"7027","81.2%","Curry",1811,"NM","US.60",13,"WE","",0,0,"",0,"Curry","NM",NA,40.3,0,0
"7028","81.2%","Parmer",2800,"TX","US.60",14,"WE","",0,0,"",0,"Parmer","TX",NA,38.5,0,0
"7029","81.2%","Castro",2650,"TX","US.60",15,"WE","",0,0,"",0,"Castro","TX",NA,2.2,0,0
"7030","81.2%","Deaf Smith",2674,"TX","US.60",16,"WE","",0,0,"",0,"Deaf Smith","TX",NA,22.4,0,0
"7031","81.2%","Randall",2806,"TX","US.60",17,"WE","",0,0,"",0,"Randall","TX",NA,30.4,0,0
"7032","81.2%","Potter",2803,"TX","US.60",18,"WE","",0,0,"",0,"Potter","TX",NA,15.1,0,0
"7033","81.3%","Carson",2648,"TX","US.60",19,"WE","",0,0,"",0,"Carson","TX",NA,34,0,0
"7034","81.3%","Gray",2705,"TX","US.60",20,"WE","",0,0,"",0,"Gray","TX",NA,23.4,0,0
"7035","81.3%","Roberts",2812,"TX","US.60",21,"WE","",0,0,"",0,"Roberts","TX",NA,14.2,1,0
"7036","81.3%","Hemphill",2721,"TX","US.60",22,"WE","",0,0,"",0,"Hemphill","TX",NA,32.8,0,0
"7037","81.3%","Lipscomb",2763,"TX","US.60",23,"WE","",0,0,"",0,"Lipscomb","TX",NA,11.3,0,0
"7038","81.3%","Ellis",2168,"OK","US.60",24,"WE","",0,0,"",0,"Ellis","OK",NA,34.9,0,0
"7039","81.3%","Dewey",2167,"OK","US.60",25,"WE","",0,0,"",0,"Dewey","OK",NA,27.2,0,0
"7040","81.3%","Major",2189,"OK","US.60",26,"WE","",0,0,"",0,"Major","OK",NA,58.9,0,0
"7041","81.3%","Garfield",2169,"OK","US.60",27,"WE","",0,0,"",0,"Garfield","OK",NA,26.3,0,1
"7042","81.4%","Grant",2172,"OK","US.60",28,"WE","",0,0,"",0,"Grant","OK",NA,29.2,0,1
"7043","81.4%","Kay",2181,"OK","US.60",29,"WE","",0,0,"",0,"Kay","OK",NA,22.5,0,0
"7044","81.4%","Osage",2202,"OK","US.60",30,"WE","",0,0,"",0,"Osage","OK",NA,65.8,0,0
"7045","81.4%","Washington",2219,"OK","US.60",31,"WE","",0,0,"",0,"Washington","OK",NA,12.1,0,1
"7046","81.4%","Nowata",2198,"OK","US.60",32,"WE","",0,0,"",0,"Nowata","OK",NA,21.9,0,0
"7047","81.4%","Craig",2163,"OK","US.60",33,"WE","",0,0,"",0,"Craig","OK",NA,26.3,0,0
"7048","81.4%","Delaware",2166,"OK","US.60",34,"WE","",0,0,"",0,"Delaware","OK",NA,3.9,0,0
"7049","81.4%","Ottawa",2203,"OK","US.60",35,"WE","",0,0,"",0,"Ottawa","OK",NA,25.1,0,0
"7050","81.4%","Newton",1565,"MO","US.60",36,"WE","",0,0,"",0,"Newton","MO",NA,34.5,0,0
"7051","81.5%","Barry",1497,"MO","US.60",37,"WE","",0,0,"",0,"Barry","MO",NA,12.7,1,0
"7052","81.5%","Lawrence",1547,"MO","US.60",38,"WE","",0,0,"",0,"Lawrence","MO",NA,15.2,0,0
"7053","81.5%","Christian",1514,"MO","US.60",39,"WE","",0,0,"",0,"Christian","MO",NA,7.8,0,0
"7054","81.5%","Greene",1531,"MO","US.60",40,"WE","",0,0,"",0,"Greene","MO",NA,27.5,0,0
"7055","81.5%","Webster",1606,"MO","US.60",41,"WE","",0,0,"",0,"Webster","MO",NA,24,0,0
"7056","81.5%","Wright",1608,"MO","US.60",42,"WE","",0,0,"",0,"Wright","MO",NA,25,1,0
"7057","81.5%","Texas",1601,"MO","US.60",43,"WE","",0,0,"",0,"Texas","MO",NA,15.3,0,0
"7058","81.5%","Howell",1538,"MO","US.60",44,"WE","",0,0,"",0,"Howell","MO",NA,24.6,0,0
"7059","81.6%","Shannon",1595,"MO","US.60",45,"WE","",0,0,"",0,"Shannon","MO",NA,25.5,1,0
"7060","81.6%","Carter",1510,"MO","US.60",46,"WE","",0,0,"",0,"Carter","MO",NA,39.1,1,1
"7061","81.6%","Butler",1504,"MO","US.60",47,"WE","",0,0,"",0,"Butler","MO",NA,27.8,0,0
"7062","81.6%","Stoddard",1597,"MO","US.60",48,"WE","",0,0,"",0,"Stoddard","MO",NA,28.2,1,0
"7063","81.6%","New Madrid",1564,"MO","US.60",49,"WE","",0,0,"",0,"New Madrid","MO",NA,9.2,0,0
"7064","81.6%","Scott",1594,"MO","US.60",50,"WE","",0,0,"",0,"Scott","MO",NA,2.6,0,0
"7065","81.6%","Mississippi",1559,"MO","US.60",51,"WE","",0,0,"",0,"Mississippi","MO",NA,22.5,0,0
"7066","81.6%","Alexander",605,"IL","US.60",52,"WE","",0,0,"W",0,"Alexander","IL","0.92",1,0,0
"7067","81.6%","Ballard",1005,"KY","US.60",53,"WE","",0,0,"",0,"Ballard","KY",NA,21.5,0,0
"7068","81.7%","McCracken",1080,"KY","US.60",54,"WE","",0,0,"",0,"McCracken","KY",NA,21.7,0,0
"7069","81.7%","Livingston",1071,"KY","US.60",55,"WE","",0,0,"",0,"Livingston","KY",NA,29.6,0,0
"7070","81.7%","Crittenden",1029,"KY","US.60",56,"WE","",0,0,"",0,"Crittenden","KY",NA,23.3,0,0
"7071","81.7%","Union",1114,"KY","US.60",57,"WE","",0,0,"",0,"Union","KY",NA,26.5,1,0
"7072","81.7%","Henderson",1052,"KY","US.60",58,"WE","",0,0,"",0,"Henderson","KY",NA,29.6,0,0
"7073","81.7%","Daviess",1031,"KY","US.60",59,"WE","",0,0,"",0,"Daviess","KY",NA,33.4,0,0
"7074","81.7%","Hancock",1047,"KY","US.60",60,"WE","",0,0,"",0,"Hancock","KY",NA,17.7,1,0
"7075","81.7%","Breckinridge",1015,"KY","US.60",61,"WE","",0,0,"",0,"Breckinridge","KY",NA,31.9,1,0
"7076","81.7%","Meade",1083,"KY","US.60",62,"WE","",0,0,"",0,"Meade","KY",NA,18.2,0,0
"7077","81.8%","Hardin",1048,"KY","US.60",63,"WE","",0,0,"",0,"Hardin","KY",NA,4.2,0,0
"7078","81.8%","Jefferson",1057,"KY","US.60",64,"WE","",0,0,"",0,"Jefferson","KY",NA,41.3,0,1
"7079","81.8%","Shelby",1107,"KY","US.60",65,"WE","",0,0,"",0,"Shelby","KY",NA,23,0,0
"7080","81.8%","Franklin",1038,"KY","US.60",66,"WE","",0,0,"",0,"Franklin","KY",NA,14.1,0,0
"7081","81.8%","Woodford",1121,"KY","US.60",67,"WE","",0,0,"",0,"Woodford","KY",NA,13,0,0
"7082","81.8%","Fayette",1035,"KY","US.60",68,"WE","",0,0,"",0,"Fayette","KY",NA,20.3,0,0
"7083","81.8%","Clark",1026,"KY","US.60",69,"WE","",0,0,"",0,"Clark","KY",NA,17.2,0,0
"7084","81.8%","Montgomery",1088,"KY","US.60",70,"WE","",0,0,"",0,"Montgomery","KY",NA,12.2,0,0
"7085","81.9%","Bath",1007,"KY","US.60",71,"WE","",0,0,"",0,"Bath","KY",NA,16.3,0,0
"7086","81.9%","Rowan",1104,"KY","US.60",72,"WE","",0,0,"",0,"Rowan","KY",NA,20.7,0,0
"7087","81.9%","Carter",1023,"KY","US.60",73,"WE","",0,0,"",0,"Carter","KY",NA,35.1,0,1
"7088","81.9%","Boyd",1011,"KY","US.60",74,"WE","",0,0,"",0,"Boyd","KY",NA,19.7,0,0
"7089","81.9%","Wayne",3175,"WV","US.60",75,"WE","",0,0,"",0,"Wayne","WV",NA,5.6,0,0
"7090","81.9%","Cabell",3131,"WV","US.60",76,"WE","",0,0,"",0,"Cabell","WV",NA,26.7,0,0
"7091","81.9%","Putnam",3165,"WV","US.60",77,"WE","",0,0,"",0,"Putnam","WV",NA,9,0,0
"7092","81.9%","Kanawha",3145,"WV","US.60",78,"WE","",0,0,"",0,"Kanawha","WV",NA,43.9,0,0
"7093","81.9%","Fayette",3135,"WV","US.60",79,"WE","",0,0,"",0,"Fayette","WV",NA,45.9,0,0
"7094","82.0%","Greenbrier",3138,"WV","US.60",80,"WE","",0,0,"",0,"Greenbrier","WV",NA,46.3,0,0
"7095","82.0%","Alleghany",2931,"VA","US.60",81,"WE","Reentry from East",7,1,"",2001,"Alleghany","VA","14.90",14.9,0,0
"7096","82.0%","Covington, City of",2933,"VA","US.60",82,"WE","",7,0,"",0,"Covington, City of","VA",NA,1.9,0,0
"7097","82.0%","Alleghany",2931,"VA","US.60",83,"WE","Reentry from West",7,1,"",3001,"Alleghany","VA",NA,25.3,0,0
"7098","82.0%","Rockbridge",3052,"VA","US.60",84,"WE","Reentry from East",22,1,"",2002,"Rockbridge","VA",NA,15.67,0,0
"7099","82.0%","Lexington, City of",3055,"VA","US.60",85,"WE","",22,0,"",0,"Lexington, City of","VA",NA,1.4,0,0
"7100","82.0%","Rockbridge",3052,"VA","US.60",86,"WE","Reentry",22,1,"",1002,"Rockbridge","VA","4.71",4.71,0,0
"7101","82.0%","Buena Vista, City of",3054,"VA","US.60",87,"WE","",22,0,"",0,"Buena Vista, City of","VA",NA,2.2,0,0
"7102","82.0%","Rockbridge",3052,"VA","US.60",88,"WE","Reentry from West",22,1,"",3002,"Rockbridge","VA","3.12",3.12,0,0
"7103","82.1%","Amherst",2935,"VA","US.60",89,"WE","",0,0,"",0,"Amherst","VA",NA,30.8,0,0
"7104","82.1%","Nelson",3023,"VA","US.60",90,"WE","",0,0,"",0,"Nelson","VA",NA,6.3,0,0
"7105","82.1%","Appomattox",2936,"VA","US.60",91,"WE","",0,0,"",0,"Appomattox","VA",NA,4.2,0,0
"7106","82.1%","Buckingham",2950,"VA","US.60",92,"WE","",0,0,"",0,"Buckingham","VA",NA,25.2,0,0
"7107","82.1%","Cumberland",2969,"VA","US.60",93,"WE","",0,0,"",0,"Cumberland","VA",NA,15.2,1,0
"7108","82.1%","Powhatan",3036,"VA","US.60",94,"WE","",0,0,"",0,"Powhatan","VA",NA,21.6,0,0
"7109","82.1%","Chesterfield",2960,"VA","US.60",95,"WE","",0,0,"",0,"Chesterfield","VA",NA,12.2,0,0
"7110","82.1%","Richmond, City of",2999,"VA","US.60",96,"WE","",3,0,"",0,"Richmond, City of","VA",NA,10,0,0
"7111","82.2%","Henrico",2997,"VA","US.60",97,"WE","",3,1,"",0,"Henrico","VA",NA,10.5,0,0
"7112","82.2%","New Kent",3024,"VA","US.60",98,"WE","",0,0,"",0,"New Kent","VA",NA,18.8,0,0
"7113","82.2%","James City",3005,"VA","US.60",99,"WE","Reentry from East",17,1,"",2003,"James City","VA",NA,11.01,0,0
"7114","82.2%","York",3084,"VA","US.60",100,"WE","Reentry from East",0,0,"",2005,"York","VA","0.13",0.13,0,0
"7115","82.2%","James City",3005,"VA","US.60",101,"WE","Reentry",17,1,"",1003,"James City","VA","2.37",2.37,0,0
"7116","82.2%","Williamsburg, City of",3007,"VA","US.60",102,"WE","Reentry from East",17,0,"",2004,"Williamsburg, City of","VA","1.77",1.77,0,0
"7117","82.2%","York",3084,"VA","US.60",103,"WE","Reentry",0,0,"",1005,"York","VA",NA,1.17,0,0
"7118","82.2%","Williamsburg, City of",3007,"VA","US.60",104,"WE","Reentry from West",17,0,"",3004,"Williamsburg, City of","VA",NA,1.73,0,0
"7119","82.2%","James City",3005,"VA","US.60",105,"WE","Reentry",17,1,"",1003,"James City","VA","1.60",1.6,0,0
"7120","82.3%","York",3084,"VA","US.60",106,"WE","Reentry from West",0,0,"",3005,"York","VA","1.00",1,0,0
"7121","82.3%","James City",3005,"VA","US.60",107,"WE","Reentry from West",17,1,"",3003,"James City","VA","4.32",4.32,0,0
"7122","82.3%","Newport News, City of",3025,"VA","US.60",108,"WE","",0,0,"",0,"Newport News, City of","VA",NA,21.5,0,0
"7123","82.3%","Hampton, City of",2995,"VA","US.60",109,"WE","",0,0,"",0,"Hampton, City of","VA",NA,9.2,0,0
"7124","82.3%","Norfolk, City of",3026,"VA","US.60",110,"WE","",0,0,"",0,"Norfolk, City of","VA",NA,8.2,0,0
"7125","82.3%","Virginia Beach, City of",3074,"VA","US.60",111,"WE","",0,0,"",0,"Virginia Beach, City of","VA",NA,17.1,0,0
"7126","82.3%","Jasper",2435,"SC","US.601",1,"SN","",0,0,"",0,"Jasper","SC",NA,5.9,0,0
"7127","82.3%","Hampton",2433,"SC","US.601",2,"SN","",0,0,"",0,"Hampton","SC",NA,28,0,0
"7128","82.3%","Colleton",2423,"SC","US.601",3,"SN","",0,0,"",0,"Colleton","SC",NA,4.7,0,0
"7129","82.4%","Bamberg",2413,"SC","US.601",4,"SN","",0,0,"",0,"Bamberg","SC",NA,20.6,0,0
"7130","82.4%","Orangeburg",2446,"SC","US.601",5,"SN","",0,0,"",0,"Orangeburg","SC",NA,23.8,0,0
"7131","82.4%","Calhoun",2417,"SC","US.601",6,"SN","",0,0,"",0,"Calhoun","SC",NA,15.8,0,0
"7132","82.4%","Richland",2448,"SC","US.601",7,"SN","",0,0,"",0,"Richland","SC",NA,23.9,0,0
"7133","82.4%","Kershaw",2436,"SC","US.601",8,"SN","",0,0,"",0,"Kershaw","SC",NA,32.5,0,0
"7134","82.4%","Lancaster",2437,"SC","US.601",9,"SN","",0,0,"",0,"Lancaster","SC",NA,16.6,0,0
"7135","82.4%","Chesterfield",2421,"SC","US.601",10,"SN","",0,0,"",0,"Chesterfield","SC",NA,12.1,0,0
"7136","82.4%","Union",1990,"NC","US.601",11,"SN","",0,0,"",0,"Union","NC",NA,29.1,0,0
"7137","82.5%","Cabarrus",1913,"NC","US.601",12,"SN","",0,0,"",0,"Cabarrus","NC",NA,26.2,0,0
"7138","82.5%","Rowan",1980,"NC","US.601",13,"SN","",0,0,"",0,"Rowan","NC",NA,23,0,0
"7139","82.5%","Davie",1930,"NC","US.601",14,"SN","",0,0,"",0,"Davie","NC",NA,21.1,0,0
"7140","82.5%","Yadkin",1999,"NC","US.601",15,"SN","",0,0,"",0,"Yadkin","NC",NA,16.6,0,0
"7141","82.5%","Surry",1986,"NC","US.601",16,"SN","",0,0,"",0,"Surry","NC",NA,17.5,0,0
"7142","82.5%","Orleans",1157,"LA","US.61",1,"SN","",0,0,"",0,"Orleans","LA",NA,2.3,0,0
"7143","82.5%","Jefferson",1147,"LA","US.61",2,"SN","",0,0,"",0,"Jefferson","LA",NA,9.4,0,1
"7144","82.5%","St. Charles",1166,"LA","US.61",3,"SN","",0,0,"",0,"St. Charles","LA",NA,11.3,0,0
"7145","82.5%","St. John the Baptist",1169,"LA","US.61",4,"SN","",0,0,"",0,"St. John the Baptist","LA",NA,14.2,0,0
"7146","82.6%","St. James",1168,"LA","US.61",5,"SN","",0,0,"",0,"St. James","LA",NA,8.8,0,0
"7147","82.6%","Ascension",1124,"LA","US.61",6,"SN","",0,0,"",0,"Ascension","LA",NA,18.9,0,0
"7148","82.6%","East Baton Rouge",1138,"LA","US.61",7,"SN","",0,0,"",0,"East Baton Rouge","LA",NA,31.4,0,0
"7149","82.6%","East Feliciana",1140,"LA","US.61",8,"SN","",0,0,"",0,"East Feliciana","LA",NA,4.3,1,0
"7150","82.6%","West Feliciana",1184,"LA","US.61",9,"SN","",0,0,"",0,"West Feliciana","LA",NA,22,1,0
"7151","82.6%","Wilkinson",1489,"MS","US.61",10,"SN","",0,0,"",0,"Wilkinson","MS",NA,26.8,1,0
"7152","82.6%","Adams",1411,"MS","US.61",11,"SN","",0,0,"",0,"Adams","MS",NA,29.1,0,1
"7153","82.6%","Jefferson",1442,"MS","US.61",12,"SN","",0,0,"",0,"Jefferson","MS",NA,22.5,1,1
"7154","82.6%","Claiborne",1421,"MS","US.61",13,"SN","",0,0,"",0,"Claiborne","MS",NA,16.6,1,0
"7155","82.7%","Warren",1485,"MS","US.61",14,"SN","",0,0,"",0,"Warren","MS",NA,37.9,0,0
"7156","82.7%","Issaquena",1438,"MS","US.61",15,"SN","",0,0,"",0,"Issaquena","MS",NA,6.5,1,0
"7157","82.7%","Sharkey",1473,"MS","US.61",16,"SN","",0,0,"",0,"Sharkey","MS",NA,35.1,1,0
"7158","82.7%","Washington",1486,"MS","US.61",17,"SN","",0,0,"",0,"Washington","MS",NA,31.7,0,1
"7159","82.7%","Bolivar",1416,"MS","US.61",18,"SN","",0,0,"",0,"Bolivar","MS",NA,44,0,0
"7160","82.7%","Coahoma",1424,"MS","US.61",19,"SN","",0,0,"",0,"Coahoma","MS",NA,30.1,0,0
"7161","82.7%","Tunica",1482,"MS","US.61",20,"SN","",0,0,"",0,"Tunica","MS",NA,31.2,0,0
"7162","82.7%","DeSoto",1427,"MS","US.61",21,"SN","",0,0,"",0,"DeSoto","MS",NA,11.9,0,0
"7163","82.8%","Shelby",2599,"TN","US.61",22,"SN","",0,0,"",0,"Shelby","TN",NA,11.8,0,0
"7164","82.8%","Crittenden",135,"AR","US.61",23,"SN","",0,0,"",0,"Crittenden","AR",NA,28.7,0,0
"7165","82.8%","Mississippi",164,"AR","US.61",24,"SN","",0,0,"",0,"Mississippi","AR",NA,47.2,0,0
"7166","82.8%","Pemiscot",1570,"MO","US.61",25,"SN","",0,0,"",0,"Pemiscot","MO",NA,33.5,0,0
"7167","82.8%","New Madrid",1564,"MO","US.61",26,"SN","",0,0,"",0,"New Madrid","MO",NA,37.7,0,0
"7168","82.8%","Scott",1594,"MO","US.61",27,"SN","",0,0,"",0,"Scott","MO",NA,28.6,0,0
"7169","82.8%","Cape Girardeau",1508,"MO","US.61",28,"SN","",0,0,"",0,"Cape Girardeau","MO",NA,30.1,0,0
"7170","82.8%","Perry",1571,"MO","US.61",29,"SN","",0,0,"",0,"Perry","MO",NA,23.6,0,0
"7171","82.8%","Ste. Genevieve",1590,"MO","US.61",30,"SN","",0,0,"",0,"Ste. Genevieve","MO",NA,29.3,0,0
"7172","82.9%","Jefferson",1542,"MO","US.61",31,"SN","",0,0,"",0,"Jefferson","MO",NA,30.3,0,1
"7173","82.9%","St. Louis",1588,"MO","US.61",32,"SN","",0,0,"",0,"St. Louis","MO",NA,30.8,0,0
"7174","82.9%","St. Charles",1584,"MO","US.61",33,"SN","",0,0,"",0,"St. Charles","MO",NA,20.3,0,0
"7175","82.9%","Lincoln",1549,"MO","US.61",34,"SN","",0,0,"",0,"Lincoln","MO",NA,25,1,1
"7176","82.9%","Pike",1574,"MO","US.61",35,"SN","",0,0,"",0,"Pike","MO",NA,27.9,0,0
"7177","82.9%","Ralls",1579,"MO","US.61",36,"SN","",0,0,"",0,"Ralls","MO",NA,13.1,0,0
"7178","82.9%","Marion",1555,"MO","US.61",37,"SN","",0,0,"",0,"Marion","MO",NA,24.3,0,0
"7179","82.9%","Lewis",1548,"MO","US.61",38,"SN","",0,0,"",0,"Lewis","MO",NA,21.5,1,0
"7180","83.0%","Clark",1515,"MO","US.61",39,"SN","",0,0,"",0,"Clark","MO",NA,17,0,0
"7181","83.0%","Lee",853,"IA","US.61",40,"SN","",0,0,"",0,"Lee","IA",NA,31.9,0,0
"7182","83.0%","Des Moines",826,"IA","US.61",41,"SN","",0,0,"",0,"Des Moines","IA",NA,26.8,0,0
"7183","83.0%","Louisa",855,"IA","US.61",42,"SN","",0,0,"",0,"Louisa","IA",NA,18.4,1,0
"7184","83.0%","Muscatine",867,"IA","US.61",43,"SN","",0,0,"",0,"Muscatine","IA",NA,29,0,0
"7185","83.0%","Scott",879,"IA","US.61",44,"SN","",0,0,"",0,"Scott","IA",NA,30.3,0,0
"7186","83.0%","Clinton",820,"IA","US.61",45,"SN","",0,0,"",0,"Clinton","IA",NA,20.1,0,1
"7187","83.0%","Jackson",846,"IA","US.61",46,"SN","",0,0,"",0,"Jackson","IA",NA,19.4,0,1
"7188","83.0%","Dubuque",828,"IA","US.61",47,"SN","",0,0,"",0,"Dubuque","IA",NA,16.9,0,0
"7189","83.1%","Grant",3202,"WI","US.61",48,"SN","",0,0,"",0,"Grant","WI",NA,52.1,0,1
"7190","83.1%","Crawford",3192,"WI","US.61",49,"SN","",0,0,"",0,"Crawford","WI",NA,21.5,0,0
"7191","83.1%","Vernon",3243,"WI","US.61",50,"SN","",0,0,"",0,"Vernon","WI",NA,33,0,0
"7192","83.1%","La Crosse",3212,"WI","US.61",51,"SN","",0,0,"",0,"La Crosse","WI",NA,14,0,0
"7193","83.1%","Houston",1351,"MN","US.61",52,"SN","",0,0,"",0,"Houston","MN",NA,3.2,0,0
"7194","83.1%","Winona",1408,"MN","US.61",53,"SN","",0,0,"",0,"Winona","MN",NA,39.6,0,0
"7195","83.1%","Wabasha",1402,"MN","US.61",54,"SN","",0,0,"",0,"Wabasha","MN",NA,30.6,0,0
"7196","83.1%","Goodhue",1348,"MN","US.61",55,"SN","",0,0,"",0,"Goodhue","MN",NA,30.4,0,0
"7197","83.1%","Dakota",1342,"MN","US.61",56,"SN","",0,0,"",0,"Dakota","MN",NA,13.3,0,0
"7198","83.2%","Washington",1405,"MN","US.61",57,"SN","Reentry from North",0,0,"",2001,"Washington","MN",NA,13.2,0,1
"7199","83.2%","Ramsey",1385,"MN","US.61",58,"SN","",0,0,"",0,"Ramsey","MN",NA,19.1,0,0
"7200","83.2%","Washington",1405,"MN","US.61",59,"SN","Reentry from South",0,0,"",3001,"Washington","MN","12.20",12.2,0,1
"7201","83.2%","Chisago",1336,"MN","US.61",60,"SN","",0,0,"",0,"Chisago","MN",NA,3.2,0,0
"7202","83.2%","El Paso",2685,"TX","US.62",1,"WE","",0,0,"",0,"El Paso","TX",NA,30.88,0,0
"7203","83.2%","Hudspeth",2730,"TX","US.62",2,"WE","",0,0,"",0,"Hudspeth","TX",NA,65.97,0,0
"7204","83.2%","Culberson",2670,"TX","US.62",3,"WE","",0,0,"",0,"Culberson","TX",NA,32.68,0,0
"7205","83.2%","Eddy",1814,"NM","US.62",4,"WE","",0,0,"",0,"Eddy","NM",NA,62.39,0,0
"7206","83.3%","Lea",1819,"NM","US.62",5,"WE","",0,0,"",0,"Lea","NM",NA,47.38,0,0
"7207","83.3%","Gaines",2698,"TX","US.62",6,"WE","",0,0,"",0,"Gaines","TX",NA,43.76,0,0
"7208","83.3%","Terry",2838,"TX","US.62",7,"WE","",0,0,"",0,"Terry","TX",NA,37.15,0,0
"7209","83.3%","Hockley",2725,"TX","US.62",8,"WE","",0,0,"",0,"Hockley","TX",NA,8.03,0,0
"7210","83.3%","Lubbock",2767,"TX","US.62",9,"WE","",0,0,"",0,"Lubbock","TX",NA,34.86,0,0
"7211","83.3%","Crosby",2669,"TX","US.62",10,"WE","",0,0,"",0,"Crosby","TX",NA,20.51,0,0
"7212","83.3%","Floyd",2692,"TX","US.62",11,"WE","",0,0,"",0,"Floyd","TX",NA,28.24,0,0
"7213","83.3%","Motley",2788,"TX","US.62",12,"WE","",0,0,"",0,"Motley","TX",NA,31.68,0,0
"7214","83.3%","Cottle",2666,"TX","US.62",13,"WE","",0,0,"",0,"Cottle","TX",NA,34.34,0,0
"7215","83.4%","Childress",2653,"TX","US.62",14,"WE","",0,0,"",0,"Childress","TX",NA,36.97,0,0
"7216","83.4%","Harmon",2174,"OK","US.62",15,"WE","",0,0,"",0,"Harmon","OK",NA,19.45,1,0
"7217","83.4%","Jackson",2178,"OK","US.62",16,"WE","",0,0,"",0,"Jackson","OK",NA,32.8,0,1
"7218","83.4%","Tillman",2216,"OK","US.62",17,"WE","Abuts, to the South, 5.81 mi. shared with Kiowa",0,0,"",0,"Tillman","OK","5.81",2.91,0,0
"7219","83.4%","Kiowa",2183,"OK","US.62",18,"WE","",0,0,"",0,"Kiowa","OK",NA,13.48,0,0
"7220","83.4%","Comanche",2161,"OK","US.62",19,"WE","",0,0,"",0,"Comanche","OK",NA,41.16,0,0
"7221","83.4%","Caddo",2153,"OK","US.62",20,"WE","",0,0,"",0,"Caddo","OK",NA,31.43,0,0
"7222","83.4%","Grady",2171,"OK","US.62",21,"WE","",0,0,"",0,"Grady","OK",NA,26.86,0,0
"7223","83.4%","McClain",2192,"OK","US.62",22,"WE","",0,0,"",0,"McClain","OK",NA,14.15,0,0
"7224","83.5%","Cleveland",2159,"OK","US.62",23,"WE","",0,0,"",0,"Cleveland","OK",NA,5.27,0,1
"7225","83.5%","Oklahoma",2200,"OK","US.62",24,"WE","",0,0,"",0,"Oklahoma","OK",NA,32.84,0,0
"7226","83.5%","Lincoln",2186,"OK","US.62",25,"WE","",0,0,"",0,"Lincoln","OK",NA,30.19,0,1
"7227","83.5%","Okfuskee",2199,"OK","US.62",26,"WE","",0,0,"",0,"Okfuskee","OK",NA,33.2,0,0
"7228","83.5%","Okmulgee",2201,"OK","US.62",27,"WE","",0,0,"",0,"Okmulgee","OK",NA,33.58,0,0
"7229","83.5%","Muskogee",2196,"OK","US.62",28,"WE","",0,0,"",0,"Muskogee","OK",NA,43.22,0,0
"7230","83.5%","Cherokee",2156,"OK","US.62",29,"WE","",0,0,"",0,"Cherokee","OK",NA,27.04,1,0
"7231","83.5%","Adair",2146,"OK","US.62",30,"WE","",0,0,"",0,"Adair","OK",NA,16.89,0,0
"7232","83.6%","Washington",189,"AR","US.62",31,"WE","",0,0,"",0,"Washington","AR",NA,37,0,1
"7233","83.6%","Benton",121,"AR","US.62",32,"WE","",0,0,"",0,"Benton","AR",NA,35.38,0,0
"7234","83.6%","Carroll",125,"AR","US.62",33,"WE","",0,0,"",0,"Carroll","AR",NA,41.29,0,0
"7235","83.6%","Boone",122,"AR","US.62",34,"WE","",0,0,"",0,"Boone","AR",NA,28.19,0,0
"7236","83.6%","Marion",162,"AR","US.62",35,"WE","",0,0,"",0,"Marion","AR",NA,23.82,0,0
"7237","83.6%","Baxter",120,"AR","US.62",36,"WE","",0,0,"",0,"Baxter","AR",NA,25.91,0,0
"7238","83.6%","Fulton",142,"AR","US.62",37,"WE","Reentry from East",0,0,"",2001,"Fulton","AR",NA,34.43,0,0
"7239","83.6%","Sharp",185,"AR","US.62",38,"WE","Reentry from East",0,0,"",2002,"Sharp","AR",NA,25.03,0,0
"7240","83.6%","Fulton",142,"AR","US.62",39,"WE","Reentry from West",0,0,"",3001,"Fulton","AR","2.89",2.89,0,0
"7241","83.7%","Sharp",185,"AR","US.62",40,"WE","Reentry from West",0,0,"",3002,"Sharp","AR","1.24",1.24,0,0
"7242","83.7%","Lawrence",155,"AR","US.62",41,"WE","Reentry from East",0,0,"",2003,"Lawrence","AR","1.65",1.65,0,0
"7243","83.7%","Randolph",178,"AR","US.62",42,"WE","Reentry from East",0,0,"",2004,"Randolph","AR","0.16",0.16,0,0
"7244","83.7%","Lawrence",155,"AR","US.62",43,"WE","Reentry from West",0,0,"",3003,"Lawrence","AR",NA,4.75,0,0
"7245","83.7%","Randolph",178,"AR","US.62",44,"WE","Reentry from West",0,0,"",3004,"Randolph","AR",NA,28.39,0,0
"7246","83.7%","Clay",128,"AR","US.62",45,"WE","",0,0,"",0,"Clay","AR",NA,44.57,0,0
"7247","83.7%","Dunklin",1527,"MO","US.62",46,"WE","",0,0,"",0,"Dunklin","MO",NA,14.83,0,0
"7248","83.7%","New Madrid",1564,"MO","US.62",47,"WE","",0,0,"",0,"New Madrid","MO",NA,43.95,0,0
"7249","83.7%","Scott",1594,"MO","US.62",48,"WE","",0,0,"",0,"Scott","MO",NA,6.17,0,0
"7250","83.8%","Mississippi",1559,"MO","US.62",49,"WE","",0,0,"",0,"Mississippi","MO",NA,22.26,0,0
"7251","83.8%","Alexander",605,"IL","US.62",50,"WE","",0,0,"W",0,"Alexander","IL","0.92",0.99,0,0
"7252","83.8%","Ballard",1005,"KY","US.62",51,"WE","Reentry from East",0,0,"",2005,"Ballard","KY",NA,8.18,0,0
"7253","83.8%","Carlisle",1021,"KY","US.62",52,"WE","",0,0,"",0,"Carlisle","KY",NA,17.8,0,0
"7254","83.8%","Ballard",1005,"KY","US.62",53,"WE","Reentry from West",0,0,"",3005,"Ballard","KY","1.75",1.75,0,0
"7255","83.8%","McCracken",1080,"KY","US.62",54,"WE","",0,0,"",0,"McCracken","KY",NA,23.53,0,0
"7256","83.8%","Marshall",1077,"KY","US.62",55,"WE","",0,0,"",0,"Marshall","KY",NA,12.15,0,0
"7257","83.8%","Livingston",1071,"KY","US.62",56,"WE","",0,0,"",0,"Livingston","KY",NA,2.91,0,0
"7258","83.9%","Lyon",1073,"KY","US.62",57,"WE","",0,0,"",0,"Lyon","KY",NA,14.19,0,0
"7259","83.9%","Caldwell",1018,"KY","US.62",58,"WE","",0,0,"",0,"Caldwell","KY",NA,18.33,0,0
"7260","83.9%","Hopkins",1055,"KY","US.62",59,"WE","",0,0,"",0,"Hopkins","KY",NA,22.23,0,0
"7261","83.9%","Muhlenberg",1090,"KY","US.62",60,"WE","",0,0,"",0,"Muhlenberg","KY",NA,26.05,0,0
"7262","83.9%","Ohio",1093,"KY","US.62",61,"WE","",0,0,"",0,"Ohio","KY",NA,25.99,0,0
"7263","83.9%","Grayson",1044,"KY","US.62",62,"WE","",0,0,"",0,"Grayson","KY",NA,33.44,1,0
"7264","83.9%","Hardin",1048,"KY","US.62",63,"WE","",0,0,"",0,"Hardin","KY",NA,28.27,0,0
"7265","83.9%","Nelson",1091,"KY","US.62",64,"WE","",0,0,"",0,"Nelson","KY",NA,37.44,0,0
"7266","83.9%","Anderson",1004,"KY","US.62",65,"WE","",0,0,"",0,"Anderson","KY",NA,22.88,0,0
"7267","84.0%","Woodford",1121,"KY","US.62",66,"WE","",0,0,"",0,"Woodford","KY",NA,17.71,0,0
"7268","84.0%","Scott",1106,"KY","US.62",67,"WE","",0,0,"",0,"Scott","KY",NA,18.98,0,0
"7269","84.0%","Bourbon",1010,"KY","US.62",68,"WE","",0,0,"",0,"Bourbon","KY",NA,0.27,0,0
"7270","84.0%","Harrison",1050,"KY","US.62",69,"WE","",0,0,"",0,"Harrison","KY",NA,26.38,0,1
"7271","84.0%","Robertson",1102,"KY","US.62",70,"WE","",0,0,"",0,"Robertson","KY",NA,15.44,0,0
"7272","84.0%","Mason",1079,"KY","US.62",71,"WE","",0,0,"",0,"Mason","KY",NA,17.96,0,0
"7273","84.0%","Brown",2065,"OH","US.62",72,"WE","",0,0,"",0,"Brown","OH",NA,30.51,0,0
"7274","84.0%","Highland",2093,"OH","US.62",73,"WE","",0,0,"",0,"Highland","OH",NA,27.79,0,0
"7275","84.0%","Fayette",2081,"OH","US.62",74,"WE","",0,0,"",0,"Fayette","OH",NA,26.92,0,0
"7276","84.1%","Madison",2106,"OH","US.62",75,"WE","",0,0,"",0,"Madison","OH",NA,2.81,0,1
"7277","84.1%","Pickaway",2122,"OH","US.62",76,"WE","",0,0,"",0,"Pickaway","OH",NA,7.71,0,0
"7278","84.1%","Franklin",2082,"OH","US.62",77,"WE","",0,0,"",0,"Franklin","OH",NA,33.42,0,0
"7279","84.1%","Licking",2102,"OH","US.62",78,"WE","",0,0,"",0,"Licking","OH",NA,20.67,0,0
"7280","84.1%","Knox",2099,"OH","US.62",79,"WE","",0,0,"",0,"Knox","OH",NA,22.69,0,0
"7281","84.1%","Holmes",2095,"OH","US.62",80,"WE","",0,0,"",0,"Holmes","OH",NA,37.14,1,0
"7282","84.1%","Stark",2133,"OH","US.62",81,"WE","",0,0,"",0,"Stark","OH",NA,39.93,0,0
"7283","84.1%","Columbiana",2072,"OH","US.62",82,"WE","10.0 mi. shared with Mahoning",0,0,"",0,"Columbiana","OH",NA,9.51,0,0
"7284","84.2%","Mahoning",2107,"OH","US.62",83,"WE","10.0 mi. shared with Columbiana",0,0,"",0,"Mahoning","OH",NA,28.01,0,0
"7285","84.2%","Trumbull",2135,"OH","US.62",84,"WE","",0,0,"",0,"Trumbull","OH",NA,9.28,0,0
"7286","84.2%","Mercer",2301,"PA","US.62",85,"WE","",0,0,"",0,"Mercer","PA",NA,33.59,0,0
"7287","84.2%","Venango",2319,"PA","US.62",86,"WE","",0,0,"",0,"Venango","PA",NA,33.28,0,0
"7288","84.2%","Forest",2285,"PA","US.62",87,"WE","",0,0,"",0,"Forest","PA",NA,14.23,1,0
"7289","84.2%","Warren",2320,"PA","US.62",88,"WE","",0,0,"",0,"Warren","PA",NA,38.21,0,0
"7290","84.2%","Chautauqua",1845,"NY","US.62",89,"WE","",0,0,"",0,"Chautauqua","NY",NA,24.61,0,0
"7291","84.2%","Cattaraugus",1843,"NY","US.62",90,"WE","",0,0,"",0,"Cattaraugus","NY",NA,21.26,0,0
"7292","84.2%","Erie",1853,"NY","US.62",91,"WE","",0,0,"",0,"Erie","NY",NA,44.74,0,0
"7293","84.3%","Niagara",1870,"NY","US.62",92,"WE","",0,0,"",0,"Niagara","NY",NA,13.54,0,0
"7294","84.3%","Lincoln",1152,"LA","US.63",1,"SN","",0,0,"",0,"Lincoln","LA",NA,15.9,0,1
"7295","84.3%","Union",1177,"LA","US.63",2,"SN","",0,0,"",0,"Union","LA",NA,18.8,0,0
"7296","84.3%","Claiborne",1135,"LA","US.63",3,"SN","Abuts, to the West",0,0,"",0,"Claiborne","LA",NA,0.4,0,0
"7297","84.3%","Union",187,"AR","US.63",4,"SN","",0,0,"",0,"Union","AR",NA,34.2,0,0
"7298","84.3%","Bradley",123,"AR","US.63",5,"SN","",0,0,"",0,"Bradley","AR",NA,38.1,0,0
"7299","84.3%","Cleveland",130,"AR","US.63",6,"SN","",0,0,"",0,"Cleveland","AR",NA,25.8,0,1
"7300","84.3%","Jefferson",152,"AR","US.63",7,"SN","",0,0,"",0,"Jefferson","AR",NA,36.2,0,1
"7301","84.3%","Arkansas",118,"AR","US.63",8,"SN","",0,0,"",0,"Arkansas","AR",NA,15,0,0
"7302","84.4%","Prairie",176,"AR","US.63",9,"SN","",0,0,"",0,"Prairie","AR",NA,30.4,0,0
"7303","84.4%","Monroe",165,"AR","US.63",10,"SN","",0,0,"",0,"Monroe","AR",NA,17.6,0,1
"7304","84.4%","Woodruff",191,"AR","US.63",11,"SN","",0,0,"",0,"Woodruff","AR",NA,15.8,0,0
"7305","84.4%","Cross",136,"AR","US.63",12,"SN","",0,0,"",0,"Cross","AR",NA,16.2,0,0
"7306","84.4%","Poinsett",173,"AR","US.63",13,"SN","",0,0,"",0,"Poinsett","AR",NA,19.8,0,0
"7307","84.4%","Craighead",133,"AR","US.63",14,"SN","",0,0,"",0,"Craighead","AR",NA,26.1,0,0
"7308","84.4%","Greene",145,"AR","US.63",15,"SN","",0,0,"",0,"Greene","AR",NA,0.4,0,0
"7309","84.4%","Lawrence",155,"AR","US.63",16,"SN","Reentry from North",0,0,"",2001,"Lawrence","AR",NA,31.55,0,0
"7310","84.5%","Randolph",178,"AR","US.63",17,"SN","",0,0,"",0,"Randolph","AR","0.16",0.16,0,0
"7311","84.5%","Lawrence",155,"AR","US.63",18,"SN","Reentry from South",0,0,"",3001,"Lawrence","AR","1.65",1.65,0,0
"7312","84.5%","Sharp",185,"AR","US.63",19,"SN","",0,0,"",0,"Sharp","AR",NA,16.7,0,0
"7313","84.5%","Fulton",142,"AR","US.63",20,"SN","",0,0,"",0,"Fulton","AR",NA,14.6,0,0
"7314","84.5%","Oregon",1567,"MO","US.63",21,"SN","",0,0,"",0,"Oregon","MO",NA,14.5,0,0
"7315","84.5%","Howell",1538,"MO","US.63",22,"SN","",0,0,"",0,"Howell","MO",NA,39.4,0,0
"7316","84.5%","Texas",1601,"MO","US.63",23,"SN","",0,0,"",0,"Texas","MO",NA,44.3,0,0
"7317","84.5%","Phelps",1573,"MO","US.63",24,"SN","",0,0,"",0,"Phelps","MO",NA,34.4,0,0
"7318","84.5%","Maries",1554,"MO","US.63",25,"SN","",0,0,"",0,"Maries","MO",NA,25.4,1,0
"7319","84.6%","Osage",1568,"MO","US.63",26,"SN","",0,0,"",0,"Osage","MO",NA,17.6,0,0
"7320","84.6%","Cole",1518,"MO","US.63",27,"SN","",0,0,"",0,"Cole","MO",NA,12.3,0,0
"7321","84.6%","Callaway",1506,"MO","US.63",28,"SN","",0,0,"",0,"Callaway","MO",NA,6.7,0,0
"7322","84.6%","Boone",1502,"MO","US.63",29,"SN","",0,0,"",0,"Boone","MO",NA,43.8,0,0
"7323","84.6%","Randolph",1580,"MO","US.63",30,"SN","",0,0,"",0,"Randolph","MO",NA,27.1,0,0
"7324","84.6%","Macon",1552,"MO","US.63",31,"SN","",0,0,"",0,"Macon","MO",NA,30.5,0,0
"7325","84.6%","Adair",1493,"MO","US.63",32,"SN","",0,0,"",0,"Adair","MO",NA,23.8,1,0
"7326","84.6%","Schuyler",1592,"MO","US.63",33,"SN","",0,0,"",0,"Schuyler","MO",NA,17.8,0,0
"7327","84.6%","Davis",823,"IA","US.63",34,"SN","",0,0,"",0,"Davis","IA",NA,26.6,1,0
"7328","84.7%","Wapello",887,"IA","US.63",35,"SN","",0,0,"",0,"Wapello","IA",NA,29.5,0,0
"7329","84.7%","Mahaska",859,"IA","US.63",36,"SN","",0,0,"",0,"Mahaska","IA",NA,28.7,1,0
"7330","84.7%","Poweshiek",876,"IA","US.63",37,"SN","",0,0,"",0,"Poweshiek","IA",NA,27.4,0,0
"7331","84.7%","Tama",883,"IA","US.63",38,"SN","",0,0,"",0,"Tama","IA",NA,36.5,0,0
"7332","84.7%","Black Hawk",804,"IA","US.63",39,"SN","",0,0,"",0,"Black Hawk","IA",NA,26.4,0,0
"7333","84.7%","Bremer",806,"IA","US.63",40,"SN","",0,0,"",0,"Bremer","IA",NA,18.8,0,0
"7334","84.7%","Chickasaw",816,"IA","US.63",41,"SN","",0,0,"",0,"Chickasaw","IA",NA,22.5,0,0
"7335","84.7%","Howard",842,"IA","US.63",42,"SN","",0,0,"",0,"Howard","IA",NA,21.6,1,0
"7336","84.8%","Fillmore",1346,"MN","US.63",43,"SN","",0,0,"",0,"Fillmore","MN",NA,17.1,0,1
"7337","84.8%","Mower",1373,"MN","US.63",44,"SN","",0,0,"",0,"Mower","MN",NA,10.1,0,0
"7338","84.8%","Olmsted",1378,"MN","US.63",45,"SN","",0,0,"",0,"Olmsted","MN",NA,30.4,0,0
"7339","84.8%","Wabasha",1402,"MN","US.63",46,"SN","",0,0,"",0,"Wabasha","MN",NA,22,0,0
"7340","84.8%","Goodhue",1348,"MN","US.63",47,"SN","",0,0,"",0,"Goodhue","MN",NA,16.7,0,0
"7341","84.8%","Pierce",3228,"WI","US.63",48,"SN","",0,0,"",0,"Pierce","WI",NA,28,0,1
"7342","84.8%","St. Croix",3236,"WI","US.63",49,"SN","",0,0,"",0,"St. Croix","WI",NA,29.2,0,0
"7343","84.8%","Polk",3229,"WI","US.63",50,"SN","",0,0,"",0,"Polk","WI",NA,15.9,0,1
"7344","84.8%","Barron",3183,"WI","US.63",51,"SN","",0,0,"",0,"Barron","WI",NA,20.6,0,0
"7345","84.9%","Washburn",3246,"WI","US.63",52,"SN","",0,0,"",0,"Washburn","WI",NA,37.8,0,0
"7346","84.9%","Sawyer",3238,"WI","US.63",53,"SN","",0,0,"",0,"Sawyer","WI",NA,17,1,0
"7347","84.9%","Bayfield",3184,"WI","US.63",54,"SN","",0,0,"",0,"Bayfield","WI",NA,34.8,0,0
"7348","84.9%","Apache",103,"AZ","US.64",1,"WE","",0,0,"W",0,"Apache","AZ","4.16",4.1,0,0
"7349","84.9%","San Juan",1829,"NM","US.64",2,"WE","",0,0,"",0,"San Juan","NM",NA,86.5,0,0
"7350","84.9%","Rio Arriba",1827,"NM","US.64",3,"WE","",0,0,"",0,"Rio Arriba","NM",NA,135.2,0,0
"7351","84.9%","Taos",1835,"NM","US.64",4,"WE","",0,0,"",0,"Taos","NM",NA,50.5,0,0
"7352","84.9%","Colfax",1810,"NM","US.64",5,"WE","",0,0,"",0,"Colfax","NM",NA,103.5,0,0
"7353","84.9%","Union",1837,"NM","US.64",6,"WE","",0,0,"",0,"Union","NM",NA,66,0,0
"7354","85.0%","Cimarron",2158,"OK","US.64",7,"WE","",0,0,"",0,"Cimarron","OK",NA,59.2,0,0
"7355","85.0%","Texas",2215,"OK","US.64",8,"WE","",0,0,"",0,"Texas","OK",NA,68.5,0,0
"7356","85.0%","Beaver",2149,"OK","US.64",9,"WE","",0,0,"",0,"Beaver","OK",NA,57,0,0
"7357","85.0%","Harper",2175,"OK","US.64",10,"WE","",0,0,"",0,"Harper","OK",NA,40.5,0,0
"7358","85.0%","Woods",2221,"OK","US.64",11,"WE","",0,0,"",0,"Woods","OK",NA,44.7,0,0
"7359","85.0%","Alfalfa",2147,"OK","US.64",12,"WE","",0,0,"",0,"Alfalfa","OK",NA,33,1,0
"7360","85.0%","Grant",2172,"OK","US.64",13,"WE","",0,0,"",0,"Grant","OK",NA,18.1,0,1
"7361","85.0%","Garfield",2169,"OK","US.64",14,"WE","",0,0,"",0,"Garfield","OK",NA,36.9,0,1
"7362","85.1%","Noble",2197,"OK","US.64",15,"WE","",0,0,"",0,"Noble","OK",NA,38.1,0,0
"7363","85.1%","Pawnee",2204,"OK","US.64",16,"WE","",0,0,"",0,"Pawnee","OK",NA,44.2,0,0
"7364","85.1%","Osage",2202,"OK","US.64",17,"WE","",0,0,"",0,"Osage","OK",NA,1.5,0,0
"7365","85.1%","Tulsa",2217,"OK","US.64",18,"WE","",0,0,"",0,"Tulsa","OK",NA,45.8,0,0
"7366","85.1%","Wagoner",2218,"OK","US.64",19,"WE","",0,0,"",0,"Wagoner","OK",NA,4.8,0,0
"7367","85.1%","Muskogee",2196,"OK","US.64",20,"WE","",0,0,"",0,"Muskogee","OK",NA,54.3,0,0
"7368","85.1%","Sequoyah",2213,"OK","US.64",21,"WE","",0,0,"",0,"Sequoyah","OK",NA,43.4,0,0
"7369","85.1%","Sebastian",183,"AR","US.64",22,"WE","",0,0,"",0,"Sebastian","AR",NA,5.7,0,0
"7370","85.1%","Crawford",134,"AR","US.64",23,"WE","",0,0,"",0,"Crawford","AR",NA,20.3,0,0
"7371","85.2%","Franklin",141,"AR","US.64",24,"WE","",0,0,"",0,"Franklin","AR",NA,21.1,0,0
"7372","85.2%","Johnson",153,"AR","US.64",25,"WE","",0,0,"",0,"Johnson","AR",NA,29.4,0,1
"7373","85.2%","Pope",175,"AR","US.64",26,"WE","",0,0,"",0,"Pope","AR",NA,27.8,0,0
"7374","85.2%","Conway",132,"AR","US.64",27,"WE","",0,0,"",0,"Conway","AR",NA,22.4,0,0
"7375","85.2%","Faulkner",140,"AR","US.64",28,"WE","",0,0,"",0,"Faulkner","AR",NA,26.4,0,0
"7376","85.2%","White",190,"AR","US.64",29,"WE","",0,0,"",0,"White","AR",NA,50.5,0,0
"7377","85.2%","Woodruff",191,"AR","US.64",30,"WE","",0,0,"",0,"Woodruff","AR",NA,22.1,0,0
"7378","85.2%","Cross",136,"AR","US.64",31,"WE","",0,0,"",0,"Cross","AR",NA,31.4,0,0
"7379","85.2%","Crittenden",135,"AR","US.64",32,"WE","",0,0,"",0,"Crittenden","AR",NA,29.4,0,0
"7380","85.3%","Shelby",2599,"TN","US.64",33,"WE","",0,0,"",0,"Shelby","TN",NA,29,0,0
"7381","85.3%","Fayette",2544,"TN","US.64",34,"WE","",0,0,"",0,"Fayette","TN",NA,27.4,0,0
"7382","85.3%","Hardeman",2555,"TN","US.64",35,"WE","",0,0,"",0,"Hardeman","TN",NA,25.4,1,0
"7383","85.3%","McNairy",2580,"TN","US.64",36,"WE","",0,0,"",0,"McNairy","TN",NA,27.5,0,0
"7384","85.3%","Hardin",2556,"TN","US.64",37,"WE","",0,0,"",0,"Hardin","TN",NA,23.7,0,0
"7385","85.3%","Wayne",2611,"TN","US.64",38,"WE","",0,0,"",0,"Wayne","TN",NA,26.1,0,0
"7386","85.3%","Lawrence",2570,"TN","US.64",39,"WE","",0,0,"",0,"Lawrence","TN",NA,25.3,0,0
"7387","85.3%","Giles",2548,"TN","US.64",40,"WE","",0,0,"",0,"Giles","TN",NA,25.2,0,0
"7388","85.4%","Lincoln",2572,"TN","US.64",41,"WE","",0,0,"",0,"Lincoln","TN",NA,33.9,0,1
"7389","85.4%","Franklin",2546,"TN","US.64",42,"WE","",0,0,"",0,"Franklin","TN",NA,30.9,0,0
"7390","85.4%","Grundy",2551,"TN","US.64",43,"WE","Reentry from East",0,0,"GE",2001,"Grundy","TN","0.07",0.07,0,0
"7391","85.4%","Coffee",2536,"TN","US.64",44,"WE","",0,0,"",0,"Coffee","TN",NA,0.7,0,0
"7392","85.4%","Grundy",2551,"TN","US.64",45,"WE","Reentry from West",0,0,"",3001,"Grundy","TN",NA,7.03,0,0
"7393","85.4%","Marion",2576,"TN","US.64",46,"WE","",0,0,"",0,"Marion","TN",NA,40.7,0,0
"7394","85.4%","Hamilton",2553,"TN","US.64",47,"WE","",0,0,"",0,"Hamilton","TN",NA,28.9,0,0
"7395","85.4%","Bradley",2526,"TN","US.64",48,"WE","",0,0,"",0,"Bradley","TN",NA,18.5,0,0
"7396","85.4%","Polk",2590,"TN","US.64",49,"WE","",0,0,"",0,"Polk","TN",NA,29.9,0,1
"7397","85.5%","Cherokee",1920,"NC","US.64",50,"WE","",0,0,"",0,"Cherokee","NC",NA,25.9,0,0
"7398","85.5%","Clay",1922,"NC","US.64",51,"WE","",0,0,"",0,"Clay","NC",NA,26.7,1,0
"7399","85.5%","Macon",1956,"NC","US.64",52,"WE","",0,0,"",0,"Macon","NC",NA,38.9,0,0
"7400","85.5%","Jackson",1950,"NC","US.64",53,"WE","",0,0,"",0,"Jackson","NC",NA,11.9,0,1
"7401","85.5%","Transylvania",1988,"NC","US.64",54,"WE","",0,0,"",0,"Transylvania","NC",NA,31.1,0,0
"7402","85.5%","Henderson",1945,"NC","US.64",55,"WE","",0,0,"",0,"Henderson","NC",NA,25.9,0,0
"7403","85.5%","Rutherford",1981,"NC","US.64",56,"WE","",0,0,"",0,"Rutherford","NC",NA,36.1,0,0
"7404","85.5%","McDowell",1959,"NC","US.64",57,"WE","",0,0,"",0,"McDowell","NC",NA,4,0,0
"7405","85.5%","Burke",1912,"NC","US.64",58,"WE","",0,0,"",0,"Burke","NC",NA,22.9,0,0
"7406","85.6%","Caldwell",1914,"NC","US.64",59,"WE","",0,0,"",0,"Caldwell","NC",NA,19.7,0,0
"7407","85.6%","Alexander",1902,"NC","US.64",60,"WE","",0,0,"",0,"Alexander","NC",NA,18.8,1,0
"7408","85.6%","Iredell",1949,"NC","US.64",61,"WE","",0,0,"",0,"Iredell","NC",NA,24.4,0,0
"7409","85.6%","Davie",1930,"NC","US.64",62,"WE","",0,0,"",0,"Davie","NC",NA,21.4,0,0
"7410","85.6%","Davidson",1929,"NC","US.64",63,"WE","",0,0,"",0,"Davidson","NC",NA,20.4,0,0
"7411","85.6%","Randolph",1976,"NC","US.64",64,"WE","",0,0,"",0,"Randolph","NC",NA,31.1,0,0
"7412","85.6%","Chatham",1919,"NC","US.64",65,"WE","",0,0,"",0,"Chatham","NC",NA,35.3,0,0
"7413","85.6%","Wake",1992,"NC","US.64",66,"WE","",0,0,"",0,"Wake","NC",NA,43.6,0,0
"7414","85.7%","Franklin",1935,"NC","US.64",67,"WE","",0,0,"",0,"Franklin","NC",NA,3.7,0,0
"7415","85.7%","Nash",1964,"NC","US.64",68,"WE","",0,0,"",0,"Nash","NC",NA,26.9,0,0
"7416","85.7%","Edgecombe",1933,"NC","US.64",69,"WE","",0,0,"",0,"Edgecombe","NC",NA,27.6,0,0
"7417","85.7%","Martin",1958,"NC","US.64",70,"WE","",0,0,"",0,"Martin","NC",NA,34.8,0,0
"7418","85.7%","Washington",1994,"NC","US.64",71,"WE","",0,0,"",0,"Washington","NC",NA,26.4,1,1
"7419","85.7%","Tyrrell",1989,"NC","US.64",72,"WE","",0,0,"",0,"Tyrrell","NC",NA,22.1,1,0
"7420","85.7%","Dare",1928,"NC","US.64",73,"WE","",0,0,"",0,"Dare","NC",NA,28.6,0,0
"7421","85.7%","Wayne",2611,"TN","US.641",1,"SN","",0,0,"",0,"Wayne","TN",NA,7.9,0,0
"7422","85.7%","Hardin",2556,"TN","US.641",2,"SN","",0,0,"",0,"Hardin","TN",NA,3.7,0,0
"7423","85.8%","Decatur",2540,"TN","US.641",3,"SN","",0,0,"",0,"Decatur","TN",NA,33.2,0,0
"7424","85.8%","Benton",2523,"TN","US.641",4,"SN","",0,0,"",0,"Benton","TN",NA,24.1,0,0
"7425","85.8%","Henry",2560,"TN","US.641",5,"SN","",0,0,"",0,"Henry","TN",NA,26.8,0,0
"7426","85.8%","Calloway",1019,"KY","US.641",6,"SN","",0,0,"",0,"Calloway","KY",NA,17.4,1,0
"7427","85.8%","Marshall",1077,"KY","US.641",7,"SN","",0,0,"",0,"Marshall","KY",NA,20.9,0,0
"7428","85.8%","Livingston",1071,"KY","US.641",8,"SN","",0,0,"",0,"Livingston","KY",NA,2.9,0,0
"7429","85.8%","Lyon",1073,"KY","US.641",9,"SN","",0,0,"",0,"Lyon","KY",NA,16.2,0,0
"7430","85.8%","Caldwell",1018,"KY","US.641",10,"SN","",0,0,"",0,"Caldwell","KY",NA,4.6,0,0
"7431","85.8%","Crittenden",1029,"KY","US.641",11,"SN","",0,0,"",0,"Crittenden","KY",NA,7.5,0,0
"7432","85.9%","Concordia",1136,"LA","US.65",1,"SN","",0,0,"",0,"Concordia","LA",NA,4.1,0,0
"7433","85.9%","Tensas",1175,"LA","US.65",2,"SN","",0,0,"",0,"Tensas","LA",NA,38.8,1,0
"7434","85.9%","Madison",1154,"LA","US.65",3,"SN","",0,0,"",0,"Madison","LA",NA,23.5,0,1
"7435","85.9%","East Carroll",1139,"LA","US.65",4,"SN","",0,0,"",0,"East Carroll","LA",NA,34.3,1,0
"7436","85.9%","Chicot",126,"AR","US.65",5,"SN","",0,0,"",0,"Chicot","AR",NA,41.5,0,0
"7437","85.9%","Desha",138,"AR","US.65",6,"SN","Reentry from North",0,0,"",2001,"Desha","AR",NA,11.6,0,0
"7438","85.9%","Drew",139,"AR","US.65",7,"SN","",0,0,"",0,"Drew","AR",NA,4.5,0,0
"7439","85.9%","Desha",138,"AR","US.65",8,"SN","Reentry from South",0,0,"",3001,"Desha","AR","14.20",14.2,0,0
"7440","86.0%","Lincoln",157,"AR","US.65",9,"SN","",0,0,"",0,"Lincoln","AR",NA,13.7,0,1
"7441","86.0%","Jefferson",152,"AR","US.65",10,"SN","",0,0,"",0,"Jefferson","AR",NA,45.6,0,1
"7442","86.0%","Grant",144,"AR","US.65",11,"SN","",0,0,"",0,"Grant","AR",NA,1.2,0,1
"7443","86.0%","Pulaski",177,"AR","US.65",12,"SN","Reentry from North",0,0,"",2002,"Pulaski","AR",NA,28.48,0,0
"7444","86.0%","Saline",180,"AR","US.65",13,"SN","",0,0,"",0,"Saline","AR",NA,3.2,0,0
"7445","86.0%","Pulaski",177,"AR","US.65",14,"SN","Reentry from South",0,0,"",3002,"Pulaski","AR","3.82",3.82,0,0
"7446","86.0%","Faulkner",140,"AR","US.65",15,"SN","",0,0,"",0,"Faulkner","AR",NA,32.8,0,0
"7447","86.0%","Van Buren",188,"AR","US.65",16,"SN","",0,0,"",0,"Van Buren","AR",NA,34.3,1,1
"7448","86.0%","Searcy",182,"AR","US.65",17,"SN","Reentry from North",0,0,"",2003,"Searcy","AR",NA,35.55,0,0
"7449","86.1%","Newton",168,"AR","US.65",18,"SN","Reentry from North",0,0,"",2004,"Newton","AR","0.58",0.58,0,0
"7450","86.1%","Searcy",182,"AR","US.65",19,"SN","Reentry from South",0,0,"",3003,"Searcy","AR","0.35",0.35,0,0
"7451","86.1%","Newton",168,"AR","US.65",20,"SN","Reentry from South",0,0,"",3004,"Newton","AR",NA,3.02,0,0
"7452","86.1%","Boone",122,"AR","US.65",21,"SN","",0,0,"",0,"Boone","AR",NA,33.7,0,0
"7453","86.1%","Taney",1600,"MO","US.65",22,"SN","",0,0,"",0,"Taney","MO",NA,23.3,0,0
"7454","86.1%","Christian",1514,"MO","US.65",23,"SN","",0,0,"",0,"Christian","MO",NA,19.7,0,0
"7455","86.1%","Greene",1531,"MO","US.65",24,"SN","",0,0,"",0,"Greene","MO",NA,24.1,0,0
"7456","86.1%","Dallas",1522,"MO","US.65",25,"SN","",0,0,"",0,"Dallas","MO",NA,34.7,1,0
"7457","86.1%","Hickory",1535,"MO","US.65",26,"SN","",0,0,"",0,"Hickory","MO",NA,13.6,0,0
"7458","86.2%","Benton",1500,"MO","US.65",27,"SN","",0,0,"",0,"Benton","MO",NA,35.9,1,0
"7459","86.2%","Pettis",1572,"MO","US.65",28,"SN","",0,0,"",0,"Pettis","MO",NA,28.5,0,0
"7460","86.2%","Saline",1591,"MO","US.65",29,"SN","",0,0,"",0,"Saline","MO",NA,30.1,0,0
"7461","86.2%","Lafayette",1546,"MO","US.65",30,"SN","",0,0,"",0,"Lafayette","MO",NA,2.2,0,0
"7462","86.2%","Carroll",1509,"MO","US.65",31,"SN","",0,0,"",0,"Carroll","MO",NA,28.1,0,0
"7463","86.2%","Livingston",1551,"MO","US.65",32,"SN","",0,0,"",0,"Livingston","MO",NA,26.4,0,0
"7464","86.2%","Grundy",1532,"MO","US.65",33,"SN","",0,0,"",0,"Grundy","MO",NA,22.9,1,0
"7465","86.2%","Mercer",1557,"MO","US.65",34,"SN","",0,0,"",0,"Mercer","MO",NA,23.5,0,0
"7466","86.3%","Wayne",890,"IA","US.65",35,"SN","",0,0,"",0,"Wayne","IA",NA,22.4,1,0
"7467","86.3%","Lucas",856,"IA","US.65",36,"SN","",0,0,"",0,"Lucas","IA",NA,19.7,0,0
"7468","86.3%","Warren",888,"IA","US.65",37,"SN","",0,0,"",0,"Warren","IA",NA,28.2,0,0
"7469","86.3%","Polk",874,"IA","US.65",38,"SN","",0,0,"",0,"Polk","IA",NA,25.4,0,1
"7470","86.3%","Jasper",847,"IA","US.65",39,"SN","",0,0,"",0,"Jasper","IA",NA,6.8,0,0
"7471","86.3%","Story",882,"IA","US.65",40,"SN","",0,0,"",0,"Story","IA",NA,23.9,0,0
"7472","86.3%","Hardin",839,"IA","US.65",41,"SN","",0,0,"",0,"Hardin","IA",NA,29.4,0,0
"7473","86.3%","Franklin",832,"IA","US.65",42,"SN","",0,0,"",0,"Franklin","IA",NA,24.2,0,0
"7474","86.3%","Cerro Gordo",814,"IA","US.65",43,"SN","",0,0,"",0,"Cerro Gordo","IA",NA,24.2,0,0
"7475","86.4%","Worth",895,"IA","US.65",44,"SN","",0,0,"",0,"Worth","IA",NA,17.4,0,0
"7476","86.4%","Freeborn",1347,"MN","US.65",45,"SN","",0,0,"W",0,"Freeborn","MN","15.47",15.5,0,0
"7477","86.4%","Presidio",2804,"TX","US.67",1,"SN","",0,0,"",0,"Presidio","TX",NA,75.5,0,0
"7478","86.4%","Brewster",2637,"TX","US.67",2,"SN","",0,0,"",0,"Brewster","TX",NA,38.4,0,0
"7479","86.4%","Pecos",2801,"TX","US.67",3,"SN","",0,0,"",0,"Pecos","TX",NA,74.8,0,0
"7480","86.4%","Crockett",2668,"TX","US.67",4,"SN","",0,0,"",0,"Crockett","TX",NA,0.8,0,0
"7481","86.4%","Crane",2667,"TX","US.67",5,"SN","",0,0,"",0,"Crane","TX",NA,3.4,0,0
"7482","86.4%","Upton",2846,"TX","US.67",6,"SN","",0,0,"",0,"Upton","TX",NA,33.7,0,0
"7483","86.5%","Reagan",2807,"TX","US.67",7,"SN","",0,0,"",0,"Reagan","TX",NA,30.7,1,1
"7484","86.5%","Irion",2733,"TX","US.67",8,"SN","",0,0,"",0,"Irion","TX",NA,41.5,1,0
"7485","86.5%","Tom Green",2841,"TX","US.67",9,"SN","",0,0,"",0,"Tom Green","TX",NA,33.6,0,0
"7486","86.5%","Runnels",2815,"TX","US.67",10,"SN","",0,0,"",0,"Runnels","TX",NA,34.8,0,0
"7487","86.5%","Coleman",2657,"TX","US.67",11,"SN","",0,0,"",0,"Coleman","TX",NA,31.2,0,0
"7488","86.5%","Brown",2640,"TX","US.67",12,"SN","",0,0,"",0,"Brown","TX",NA,28.9,0,0
"7489","86.5%","Comanche",2662,"TX","US.67",13,"SN","",0,0,"",0,"Comanche","TX",NA,27.2,0,0
"7490","86.5%","Erath",2687,"TX","US.67",14,"SN","",0,0,"",0,"Erath","TX",NA,36.7,0,0
"7491","86.5%","Somervell",2828,"TX","US.67",15,"SN","",0,0,"",0,"Somervell","TX",NA,20.3,1,0
"7492","86.6%","Johnson",2741,"TX","US.67",16,"SN","",0,0,"",0,"Johnson","TX",NA,35.9,0,1
"7493","86.6%","Ellis",2686,"TX","US.67",17,"SN","",0,0,"",0,"Ellis","TX",NA,10.8,0,0
"7494","86.6%","Dallas",2672,"TX","US.67",18,"SN","",0,0,"",0,"Dallas","TX",NA,37.6,0,0
"7495","86.6%","Rockwall",2814,"TX","US.67",19,"SN","",0,0,"",0,"Rockwall","TX",NA,15.1,0,0
"7496","86.6%","Hunt",2731,"TX","US.67",20,"SN","",0,0,"",0,"Hunt","TX",NA,29.9,0,0
"7497","86.6%","Hopkins",2727,"TX","US.67",21,"SN","",0,0,"",0,"Hopkins","TX",NA,34.1,0,0
"7498","86.6%","Franklin",2695,"TX","US.67",22,"SN","",0,0,"",0,"Franklin","TX",NA,11,0,0
"7499","86.6%","Titus",2840,"TX","US.67",23,"SN","",0,0,"",0,"Titus","TX",NA,18.8,0,0
"7500","86.6%","Morris",2787,"TX","US.67",24,"SN","",0,0,"",0,"Morris","TX",NA,10.9,0,0
"7501","86.7%","Cass",2649,"TX","US.67",25,"SN","",0,0,"",0,"Cass","TX",NA,2.3,0,0
"7502","86.7%","Bowie",2634,"TX","US.67",26,"SN","",0,0,"",0,"Bowie","TX",NA,39.4,0,0
"7503","86.7%","Miller",163,"AR","US.67",27,"SN","",0,0,"",0,"Miller","AR",NA,18.7,0,0
"7504","86.7%","Hempstead",146,"AR","US.67",28,"SN","",0,0,"",0,"Hempstead","AR",NA,22,0,0
"7505","86.7%","Nevada",167,"AR","US.67",29,"SN","",0,0,"",0,"Nevada","AR",NA,15.1,0,0
"7506","86.7%","Clark",127,"AR","US.67",30,"SN","",0,0,"",0,"Clark","AR",NA,32.4,0,0
"7507","86.7%","Hot Spring",147,"AR","US.67",31,"SN","",0,0,"",0,"Hot Spring","AR",NA,29.3,0,0
"7508","86.7%","Saline",180,"AR","US.67",32,"SN","",0,0,"",0,"Saline","AR",NA,20.4,0,0
"7509","86.8%","Pulaski",177,"AR","US.67",33,"SN","",0,0,"",0,"Pulaski","AR",NA,32.9,0,0
"7510","86.8%","Lonoke",160,"AR","US.67",34,"SN","",0,0,"",0,"Lonoke","AR",NA,10.2,0,0
"7511","86.8%","White",190,"AR","US.67",35,"SN","",0,0,"",0,"White","AR",NA,41.6,0,0
"7512","86.8%","Jackson",151,"AR","US.67",36,"SN","",0,0,"",0,"Jackson","AR",NA,35.2,0,1
"7513","86.8%","Craighead",133,"AR","US.67",37,"SN","",0,0,"",0,"Craighead","AR",NA,7.5,0,0
"7514","86.8%","Lawrence",155,"AR","US.67",38,"SN","",0,0,"",0,"Lawrence","AR",NA,19.7,0,0
"7515","86.8%","Randolph",178,"AR","US.67",39,"SN","",0,0,"",0,"Randolph","AR",NA,23.3,0,0
"7516","86.8%","Clay",128,"AR","US.67",40,"SN","",0,0,"",0,"Clay","AR",NA,18.1,0,0
"7517","86.8%","Butler",1504,"MO","US.67",41,"SN","",0,0,"",0,"Butler","MO",NA,33.7,0,0
"7518","86.9%","Wayne",1605,"MO","US.67",42,"SN","",0,0,"",0,"Wayne","MO",NA,30.2,1,0
"7519","86.9%","Madison",1553,"MO","US.67",43,"SN","",0,0,"",0,"Madison","MO",NA,25.2,1,1
"7520","86.9%","St. Francois",1586,"MO","US.67",44,"SN","",0,0,"",0,"St. Francois","MO",NA,32,1,0
"7521","86.9%","Jefferson",1542,"MO","US.67",45,"SN","",0,0,"",0,"Jefferson","MO",NA,34.6,0,1
"7522","86.9%","St. Louis",1588,"MO","US.67",46,"SN","",0,0,"",0,"St. Louis","MO",NA,37.2,0,0
"7523","86.9%","St. Charles",1584,"MO","US.67",47,"SN","",0,0,"",0,"St. Charles","MO",NA,4.3,0,0
"7524","86.9%","Madison",660,"IL","US.67",48,"SN","",0,0,"",0,"Madison","IL",NA,10.6,0,1
"7525","86.9%","Jersey",645,"IL","US.67",49,"SN","",0,0,"",0,"Jersey","IL",NA,14.1,1,0
"7526","86.9%","Greene",634,"IL","US.67",50,"SN","",0,0,"",0,"Greene","IL",NA,25.4,1,0
"7527","87.0%","Scott",689,"IL","US.67",51,"SN","",0,0,"",0,"Scott","IL",NA,3.9,0,0
"7528","87.0%","Morgan",672,"IL","US.67",52,"SN","",0,0,"",0,"Morgan","IL",NA,30.1,0,0
"7529","87.0%","Cass",612,"IL","US.67",53,"SN","",0,0,"",0,"Cass","IL",NA,11,1,0
"7530","87.0%","Schuyler",688,"IL","US.67",54,"SN","",0,0,"",0,"Schuyler","IL",NA,21.4,0,0
"7531","87.0%","McDonough",665,"IL","US.67",55,"SN","",0,0,"",0,"McDonough","IL",NA,27.7,0,0
"7532","87.0%","Warren",697,"IL","US.67",56,"SN","",0,0,"",0,"Warren","IL",NA,33.1,0,0
"7533","87.0%","Mercer",669,"IL","US.67",57,"SN","",0,0,"",0,"Mercer","IL",NA,18.4,1,0
"7534","87.0%","Rock Island",684,"IL","US.67",58,"SN","",0,0,"",0,"Rock Island","IL",NA,13.8,0,0
"7535","87.1%","Scott",879,"IA","US.67",59,"SN","",0,0,"",0,"Scott","IA",NA,24.5,0,0
"7536","87.1%","Clinton",820,"IA","US.67",60,"SN","",0,0,"",0,"Clinton","IA",NA,27.7,0,1
"7537","87.1%","Jackson",846,"IA","US.67",61,"SN","",0,0,"",0,"Jackson","IA",NA,2.9,0,1
"7538","87.1%","McCracken",1080,"KY","US.68",1,"WE","",0,0,"",0,"McCracken","KY",NA,2.6,0,0
"7539","87.1%","Marshall",1077,"KY","US.68",2,"WE","",0,0,"",0,"Marshall","KY",NA,28.1,0,0
"7540","87.1%","Trigg",1112,"KY","US.68",3,"WE","",0,0,"",0,"Trigg","KY",NA,28.1,0,0
"7541","87.1%","Christian",1025,"KY","US.68",4,"WE","",0,0,"",0,"Christian","KY",NA,21.6,0,0
"7542","87.1%","Todd",1111,"KY","US.68",5,"WE","",0,0,"",0,"Todd","KY",NA,14.3,0,0
"7543","87.1%","Logan",1072,"KY","US.68",6,"WE","",0,0,"",0,"Logan","KY",NA,29.2,0,0
"7544","87.2%","Warren",1115,"KY","US.68",7,"WE","",0,0,"",0,"Warren","KY",NA,33.6,0,0
"7545","87.2%","Barren",1006,"KY","US.68",8,"WE","",0,0,"",0,"Barren","KY",NA,23,0,0
"7546","87.2%","Metcalfe",1086,"KY","US.68",9,"WE","",0,0,"",0,"Metcalfe","KY",NA,20,1,0
"7547","87.2%","Green",1045,"KY","US.68",10,"WE","",0,0,"",0,"Green","KY",NA,18.5,1,0
"7548","87.2%","Taylor",1110,"KY","US.68",11,"WE","",0,0,"",0,"Taylor","KY",NA,13.6,1,1
"7549","87.2%","Marion",1076,"KY","US.68",12,"WE","",0,0,"",0,"Marion","KY",NA,23.8,1,0
"7550","87.2%","Boyle",1012,"KY","US.68",13,"WE","",0,0,"",0,"Boyle","KY",NA,9.9,0,0
"7551","87.2%","Mercer",1085,"KY","US.68",14,"WE","",0,0,"",0,"Mercer","KY",NA,20.2,0,0
"7552","87.2%","Jessamine",1058,"KY","US.68",15,"WE","",0,0,"",0,"Jessamine","KY",NA,12.1,0,0
"7553","87.3%","Fayette",1035,"KY","US.68",16,"WE","",0,0,"",0,"Fayette","KY",NA,16.1,0,0
"7554","87.3%","Bourbon",1010,"KY","US.68",17,"WE","",0,0,"",0,"Bourbon","KY",NA,19.6,0,0
"7555","87.3%","Nicholas",1092,"KY","US.68",18,"WE","",0,0,"",0,"Nicholas","KY",NA,12.4,1,0
"7556","87.3%","Robertson",1102,"KY","US.68",19,"WE","",0,0,"",0,"Robertson","KY",NA,1.1,0,0
"7557","87.3%","Fleming",1036,"KY","US.68",20,"WE","",0,0,"",0,"Fleming","KY",NA,5.4,1,0
"7558","87.3%","Mason",1079,"KY","US.68",21,"WE","",0,0,"",0,"Mason","KY",NA,18.6,0,0
"7559","87.3%","Brown",2065,"OH","US.68",22,"WE","",0,0,"",0,"Brown","OH",NA,45.9,0,0
"7560","87.3%","Clinton",2071,"OH","US.68",23,"WE","",0,0,"",0,"Clinton","OH",NA,23.4,0,1
"7561","87.4%","Greene",2086,"OH","US.68",24,"WE","",0,0,"",0,"Greene","OH",NA,20.5,0,0
"7562","87.4%","Clark",2069,"OH","US.68",25,"WE","",0,0,"",0,"Clark","OH",NA,15.2,0,0
"7563","87.4%","Champaign",2068,"OH","US.68",26,"WE","",0,0,"",0,"Champaign","OH",NA,16.3,0,0
"7564","87.4%","Logan",2103,"OH","US.68",27,"WE","",0,0,"",0,"Logan","OH",NA,20.3,0,0
"7565","87.4%","Hardin",2090,"OH","US.68",28,"WE","",0,0,"",0,"Hardin","OH",NA,21.9,1,0
"7566","87.4%","Hancock",2089,"OH","US.68",29,"WE","",0,0,"",0,"Hancock","OH",NA,14.8,0,0
"7567","87.4%","Jefferson",2738,"TX","US.69",1,"SN","",0,0,"",0,"Jefferson","TX",NA,27.7,0,1
"7568","87.4%","Hardin",2715,"TX","US.69",2,"SN","",0,0,"",0,"Hardin","TX",NA,28,0,0
"7569","87.4%","Tyler",2844,"TX","US.69",3,"SN","",0,0,"",0,"Tyler","TX",NA,36.5,0,1
"7570","87.5%","Jasper",2736,"TX","US.69",4,"SN","",0,0,"",0,"Jasper","TX",NA,1.3,0,0
"7571","87.5%","Angelina",2618,"TX","US.69",5,"SN","",0,0,"",0,"Angelina","TX",NA,49.2,0,0
"7572","87.5%","Cherokee",2652,"TX","US.69",6,"SN","",0,0,"",0,"Cherokee","TX",NA,52,0,0
"7573","87.5%","Smith",2827,"TX","US.69",7,"SN","",0,0,"",0,"Smith","TX",NA,40.9,0,0
"7574","87.5%","Wood",2865,"TX","US.69",8,"SN","",0,0,"",0,"Wood","TX",NA,16.9,0,0
"7575","87.5%","Rains",2805,"TX","US.69",9,"SN","",0,0,"",0,"Rains","TX",NA,20.7,1,0
"7576","87.5%","Hunt",2731,"TX","US.69",10,"SN","",0,0,"",0,"Hunt","TX",NA,34.9,0,0
"7577","87.5%","Fannin",2689,"TX","US.69",11,"SN","",0,0,"",0,"Fannin","TX",NA,13.6,0,0
"7578","87.5%","Grayson",2706,"TX","US.69",12,"SN","",0,0,"",0,"Grayson","TX",NA,26.4,0,0
"7579","87.6%","Bryan",2152,"OK","US.69",13,"SN","",0,0,"",0,"Bryan","OK",NA,28.9,0,0
"7580","87.6%","Atoka",2148,"OK","US.69",14,"SN","",0,0,"",0,"Atoka","OK",NA,41.5,0,0
"7581","87.6%","Pittsburg",2206,"OK","US.69",15,"SN","",0,0,"",0,"Pittsburg","OK",NA,43.2,0,0
"7582","87.6%","McIntosh",2194,"OK","US.69",16,"SN","",0,0,"",0,"McIntosh","OK",NA,24.3,0,0
"7583","87.6%","Muskogee",2196,"OK","US.69",17,"SN","",0,0,"",0,"Muskogee","OK",NA,19.4,0,0
"7584","87.6%","Wagoner",2218,"OK","US.69",18,"SN","",0,0,"",0,"Wagoner","OK",NA,19.1,0,0
"7585","87.6%","Mayes",2191,"OK","US.69",19,"SN","",0,0,"",0,"Mayes","OK",NA,31.4,0,0
"7586","87.6%","Craig",2163,"OK","US.69",20,"SN","",0,0,"",0,"Craig","OK",NA,21.1,0,0
"7587","87.7%","Delaware",2166,"OK","US.69",21,"SN","",0,0,"",0,"Delaware","OK",NA,3.9,0,0
"7588","87.7%","Ottawa",2203,"OK","US.69",22,"SN","",0,0,"",0,"Ottawa","OK",NA,27.9,0,0
"7589","87.7%","Cherokee",907,"KS","US.69",23,"SN","",0,0,"",0,"Cherokee","KS",NA,30.4,0,0
"7590","87.7%","Crawford",915,"KS","US.69",24,"SN","",0,0,"",0,"Crawford","KS",NA,23.9,0,0
"7591","87.7%","Bourbon",902,"KS","US.69",25,"SN","",0,0,"",0,"Bourbon","KS",NA,25.3,0,0
"7592","87.7%","Linn",950,"KS","US.69",26,"SN","",0,0,"",0,"Linn","KS",NA,25.3,1,0
"7593","87.7%","Miami",957,"KS","US.69",27,"SN","",0,0,"",0,"Miami","KS",NA,24.4,0,0
"7594","87.7%","Johnson",942,"KS","US.69",28,"SN","",0,0,"",0,"Johnson","KS",NA,24.2,0,1
"7595","87.7%","Wyandotte",1001,"KS","US.69",29,"SN","",0,0,"",0,"Wyandotte","KS",NA,9.9,0,0
"7596","87.8%","Platte",1575,"MO","US.69",30,"SN","",0,0,"",0,"Platte","MO",NA,3.1,0,0
"7597","87.8%","Clay",1516,"MO","US.69",31,"SN","",0,0,"",0,"Clay","MO",NA,31.9,0,0
"7598","87.8%","Clinton",1517,"MO","US.69",32,"SN","",0,0,"",0,"Clinton","MO",NA,20.6,0,1
"7599","87.8%","DeKalb",1524,"MO","US.69",33,"SN","",0,0,"",0,"DeKalb","MO",NA,4.5,0,0
"7600","87.8%","Daviess",1523,"MO","US.69",34,"SN","",0,0,"",0,"Daviess","MO",NA,26.1,0,0
"7601","87.8%","Harrison",1533,"MO","US.69",35,"SN","",0,0,"",0,"Harrison","MO",NA,34.1,0,1
"7602","87.8%","Decatur",824,"IA","US.69",36,"SN","",0,0,"",0,"Decatur","IA",NA,31.5,0,0
"7603","87.8%","Clarke",817,"IA","US.69",37,"SN","",0,0,"",0,"Clarke","IA",NA,22.3,0,0
"7604","87.8%","Warren",888,"IA","US.69",38,"SN","",0,0,"",0,"Warren","IA",NA,26.4,0,0
"7605","87.9%","Polk",874,"IA","US.69",39,"SN","",0,0,"",0,"Polk","IA",NA,25,0,1
"7606","87.9%","Story",882,"IA","US.69",40,"SN","",0,0,"",0,"Story","IA",NA,24.6,0,0
"7607","87.9%","Hamilton",837,"IA","US.69",41,"SN","",0,0,"",0,"Hamilton","IA",NA,25,0,0
"7608","87.9%","Wright",896,"IA","US.69",42,"SN","",0,0,"",0,"Wright","IA",NA,25.1,0,0
"7609","87.9%","Hancock",838,"IA","US.69",43,"SN","",0,0,"",0,"Hancock","IA",NA,25.1,0,0
"7610","87.9%","Winnebago",892,"IA","US.69",44,"SN","",0,0,"",0,"Winnebago","IA",NA,22.1,1,0
"7611","87.9%","Worth",895,"IA","US.69",45,"SN","",0,0,"",0,"Worth","IA",NA,0.3,0,0
"7612","87.9%","Freeborn",1347,"MN","US.69",46,"SN","",0,0,"",0,"Freeborn","MN",NA,12.5,0,0
"7613","88.0%","Ottawa",2203,"OK","US.69A",1,"SN","",0,0,"GE",0,"Ottawa","OK","7.24",7.3,0,0
"7614","88.0%","Cherokee",907,"KS","US.69A",2,"SN","",0,0,"GE",0,"Cherokee","TX","13.06",13.1,0,0
"7615","88.0%","Erie",2283,"PA","US.6N",1,"WE","",0,0,"W",0,"Erie","PA","27.89",27.7,0,0
"7616","88.0%","Western Connecticut",323,"CT","US.7",1,"SN","",0,0,"",0,"Western Connecticut","CT",NA,46.4,0,0
"7617","88.0%","Northwest Hills",320,"CT","US.7",2,"SN","",0,0,"",0,"Northwest Hills","CT",NA,32,0,0
"7618","88.0%","Berkshire",1228,"MA","US.7",3,"SN","",0,0,"W",0,"Berkshire","MA","53.85",54.3,0,0
"7619","88.0%","Bennington",2911,"VT","US.7",4,"SN","",0,0,"",0,"Bennington","VT",NA,44.5,1,0
"7620","88.0%","Rutland",2920,"VT","US.7",5,"SN","",0,0,"",0,"Rutland","VT",NA,41.5,0,0
"7621","88.0%","Addison",2910,"VT","US.7",6,"SN","",0,0,"",0,"Addison","VT",NA,32.2,1,0
"7622","88.1%","Chittenden",2913,"VT","US.7",7,"SN","",0,0,"",0,"Chittenden","VT",NA,33.4,0,0
"7623","88.1%","Franklin",2915,"VT","US.7",8,"SN","",0,0,"",0,"Franklin","VT",NA,26.1,0,0
"7624","88.1%","Gila",106,"AZ","US.70",1,"WE","",0,0,"",0,"Gila","AZ",NA,19.6,0,0
"7625","88.1%","Graham",107,"AZ","US.70",2,"WE","",0,0,"",0,"Graham","AZ",NA,85.3,0,0
"7626","88.1%","Greenlee",108,"AZ","US.70",3,"WE","",0,0,"",0,"Greenlee","AZ",NA,17.9,0,0
"7627","88.1%","Hidalgo",1818,"NM","US.70",4,"WE","",0,0,"",0,"Hidalgo","NM",NA,41.6,0,0
"7628","88.1%","Grant",1815,"NM","US.70",5,"WE","",0,0,"",0,"Grant","NM",NA,20.3,0,1
"7629","88.1%","Luna",1822,"NM","US.70",6,"WE","",0,0,"",0,"Luna","NM",NA,55.9,0,0
"7630","88.1%","Doña Ana",1813,"NM","US.70",7,"WE","",0,0,"",0,"Doña Ana","NM",NA,61.2,0,0
"7631","88.2%","Otero",1825,"NM","US.70",8,"WE","",0,0,"",0,"Otero","NM",NA,81.6,0,0
"7632","88.2%","Lincoln",1820,"NM","US.70",9,"WE","",0,0,"",0,"Lincoln","NM",NA,51.5,0,1
"7633","88.2%","Chaves",1808,"NM","US.70",10,"WE","",0,0,"",0,"Chaves","NM",NA,74.3,0,0
"7634","88.2%","Roosevelt",1828,"NM","US.70",11,"WE","",0,0,"",0,"Roosevelt","NM",NA,49.6,0,1
"7635","88.2%","Curry",1811,"NM","US.70",12,"WE","",0,0,"",0,"Curry","NM",NA,15.4,0,0
"7636","88.2%","Parmer",2800,"TX","US.70",13,"WE","",0,0,"",0,"Parmer","TX",NA,10.7,0,0
"7637","88.2%","Bailey",2624,"TX","US.70",14,"WE","",0,0,"",0,"Bailey","TX",NA,17.7,0,0
"7638","88.2%","Lamb",2756,"TX","US.70",15,"WE","",0,0,"",0,"Lamb","TX",NA,31.4,0,0
"7639","88.3%","Hale",2710,"TX","US.70",16,"WE","",0,0,"",0,"Hale","TX",NA,30.6,0,0
"7640","88.3%","Floyd",2692,"TX","US.70",17,"WE","",0,0,"",0,"Floyd","TX",NA,36.5,0,0
"7641","88.3%","Motley",2788,"TX","US.70",18,"WE","",0,0,"",0,"Motley","TX",NA,31.7,0,0
"7642","88.3%","Cottle",2666,"TX","US.70",19,"WE","",0,0,"",0,"Cottle","TX",NA,29.2,0,0
"7643","88.3%","Foard",2693,"TX","US.70",20,"WE","",0,0,"",0,"Foard","TX",NA,36.4,1,0
"7644","88.3%","Wilbarger",2859,"TX","US.70",21,"WE","",0,0,"",0,"Wilbarger","TX",NA,30.8,0,0
"7645","88.3%","Tillman",2216,"OK","US.70",22,"WE","",0,0,"",0,"Tillman","OK",NA,30.2,0,0
"7646","88.3%","Cotton",2162,"OK","US.70",23,"WE","",0,0,"",0,"Cotton","OK",NA,28.1,0,0
"7647","88.3%","Jefferson",2179,"OK","US.70",24,"WE","",0,0,"",0,"Jefferson","OK",NA,33.5,0,1
"7648","88.4%","Carter",2155,"OK","US.70",25,"WE","",0,0,"",0,"Carter","OK",NA,36.3,0,1
"7649","88.4%","Marshall",2190,"OK","US.70",26,"WE","",0,0,"",0,"Marshall","OK",NA,24.9,0,0
"7650","88.4%","Bryan",2152,"OK","US.70",27,"WE","",0,0,"",0,"Bryan","OK",NA,41.1,0,0
"7651","88.4%","Choctaw",2157,"OK","US.70",28,"WE","",0,0,"",0,"Choctaw","OK",NA,48.6,0,0
"7652","88.4%","McCurtain",2193,"OK","US.70",29,"WE","",0,0,"",0,"McCurtain","OK",NA,47.5,0,0
"7653","88.4%","Sevier",184,"AR","US.70",30,"WE","",0,0,"",0,"Sevier","AR",NA,24.1,0,0
"7654","88.4%","Howard",148,"AR","US.70",31,"WE","",0,0,"",0,"Howard","AR",NA,13.7,0,0
"7655","88.4%","Pike",172,"AR","US.70",32,"WE","",0,0,"",0,"Pike","AR",NA,29.5,1,0
"7656","88.4%","Montgomery",166,"AR","US.70",33,"WE","",0,0,"",0,"Montgomery","AR",NA,5.9,0,0
"7657","88.5%","Hot Spring",147,"AR","US.70",34,"WE","",0,0,"",0,"Hot Spring","AR",NA,3.7,0,0
"7658","88.5%","Garland",143,"AR","US.70",35,"WE","",0,0,"",0,"Garland","AR",NA,37.5,0,0
"7659","88.5%","Saline",180,"AR","US.70",36,"WE","",0,0,"",0,"Saline","AR",NA,22.6,0,0
"7660","88.5%","Pulaski",177,"AR","US.70",37,"WE","",0,0,"",0,"Pulaski","AR",NA,26.2,0,0
"7661","88.5%","Lonoke",160,"AR","US.70",38,"WE","",0,0,"",0,"Lonoke","AR",NA,23,0,0
"7662","88.5%","Prairie",176,"AR","US.70",39,"WE","",0,0,"",0,"Prairie","AR",NA,19.9,0,0
"7663","88.5%","Monroe",165,"AR","US.70",40,"WE","",0,0,"",0,"Monroe","AR",NA,17.1,0,1
"7664","88.5%","St. Francis",179,"AR","US.70",41,"WE","",0,0,"",0,"St. Francis","AR",NA,45.6,0,0
"7665","88.6%","Crittenden",135,"AR","US.70",42,"WE","",0,0,"",0,"Crittenden","AR",NA,18.8,0,0
"7666","88.6%","Shelby",2599,"TN","US.70",43,"WE","",0,0,"",0,"Shelby","TN",NA,31.8,0,0
"7667","88.6%","Fayette",2544,"TN","US.70",44,"WE","",0,0,"",0,"Fayette","TN",NA,7.9,0,0
"7668","88.6%","Tipton",2604,"TN","US.70",45,"WE","",0,0,"",0,"Tipton","TN",NA,4.8,0,0
"7669","88.6%","Haywood",2558,"TN","US.70",46,"WE","",0,0,"",0,"Haywood","TN",NA,28.2,0,0
"7670","88.6%","Madison",2575,"TN","US.70",47,"WE","",0,0,"",0,"Madison","TN",NA,32.1,0,1
"7671","88.6%","Carroll",2529,"TN","US.70",48,"WE","",0,0,"",0,"Carroll","TN",NA,33.3,0,0
"7672","88.6%","Benton",2523,"TN","US.70",49,"WE","",0,0,"",0,"Benton","TN",NA,12.8,0,0
"7673","88.6%","Humphreys",2563,"TN","US.70",50,"WE","",0,0,"",0,"Humphreys","TN",NA,27.7,0,0
"7674","88.7%","Dickson",2542,"TN","US.70",51,"WE","",0,0,"",0,"Dickson","TN",NA,21.9,0,0
"7675","88.7%","Cheatham",2531,"TN","US.70",52,"WE","",0,0,"",0,"Cheatham","TN",NA,9.4,0,0
"7676","88.7%","Davidson",2539,"TN","US.70",53,"WE","",0,0,"",0,"Davidson","TN",NA,29.9,0,0
"7677","88.7%","Wilson",2615,"TN","US.70",54,"WE","",0,0,"",0,"Wilson","TN",NA,34.9,0,1
"7678","88.7%","DeKalb",2541,"TN","US.70",55,"WE","",0,0,"",0,"DeKalb","TN",NA,28.1,1,0
"7679","88.7%","White",2613,"TN","US.70",56,"WE","",0,0,"",0,"White","TN",NA,24.2,0,0
"7680","88.7%","Cumberland",2538,"TN","US.70",57,"WE","",0,0,"",0,"Cumberland","TN",NA,34.1,0,0
"7681","88.7%","Roane",2593,"TN","US.70",58,"WE","",0,0,"",0,"Roane","TN",NA,27.9,0,0
"7682","88.7%","Loudon",2573,"TN","US.70",59,"WE","",0,0,"",0,"Loudon","TN",NA,7.2,0,0
"7683","88.8%","Knox",2567,"TN","US.70",60,"WE","",0,0,"",0,"Knox","TN",NA,35.3,0,0
"7684","88.8%","Sevier",2598,"TN","US.70",61,"WE","",0,0,"",0,"Sevier","TN",NA,2.9,0,0
"7685","88.8%","Jefferson",2565,"TN","US.70",62,"WE","",0,0,"",0,"Jefferson","TN",NA,22.2,0,1
"7686","88.8%","Cocke",2535,"TN","US.70",63,"WE","",0,0,"",0,"Cocke","TN",NA,24.8,0,0
"7687","88.8%","Madison",1957,"NC","US.70",64,"WE","",0,0,"",0,"Madison","NC",NA,26.8,0,1
"7688","88.8%","Buncombe",1911,"NC","US.70",65,"WE","",0,0,"",0,"Buncombe","NC",NA,32,0,0
"7689","88.8%","McDowell",1959,"NC","US.70",66,"WE","",0,0,"",0,"McDowell","NC",NA,27.4,0,0
"7690","88.8%","Burke",1912,"NC","US.70",67,"WE","",0,0,"",0,"Burke","NC",NA,29.4,0,0
"7691","88.9%","Catawba",1918,"NC","US.70",68,"WE","",0,0,"",0,"Catawba","NC",NA,19.9,0,0
"7692","88.9%","Iredell",1949,"NC","US.70",69,"WE","",0,0,"",0,"Iredell","NC",NA,20.3,0,0
"7693","88.9%","Rowan",1980,"NC","US.70",70,"WE","",0,0,"",0,"Rowan","NC",NA,25.1,0,0
"7694","88.9%","Davidson",1929,"NC","US.70",71,"WE","",0,0,"",0,"Davidson","NC",NA,24.6,0,0
"7695","88.9%","Randolph",1976,"NC","US.70",72,"WE","",0,0,"",0,"Randolph","NC",NA,1.6,0,0
"7696","88.9%","Guilford",1941,"NC","US.70",73,"WE","",0,0,"",0,"Guilford","NC",NA,33.4,0,0
"7697","88.9%","Alamance",1901,"NC","US.70",74,"WE","",0,0,"",0,"Alamance","NC",NA,16.5,0,0
"7698","88.9%","Orange",1968,"NC","US.70",75,"WE","",0,0,"",0,"Orange","NC",NA,16.6,0,0
"7699","88.9%","Durham",1932,"NC","US.70",76,"WE","",0,0,"",0,"Durham","NC",NA,14.4,0,0
"7700","89.0%","Wake",1992,"NC","US.70",77,"WE","",0,0,"",0,"Wake","NC",NA,27.3,0,0
"7701","89.0%","Johnston",1951,"NC","US.70",78,"WE","",0,0,"",0,"Johnston","NC",NA,29,0,0
"7702","89.0%","Wayne",1996,"NC","US.70",79,"WE","",0,0,"",0,"Wayne","NC",NA,21.1,0,0
"7703","89.0%","Lenoir",1954,"NC","US.70",80,"WE","",0,0,"",0,"Lenoir","NC",NA,19.3,0,0
"7704","89.0%","Jones",1952,"NC","US.70",81,"WE","",0,0,"",0,"Jones","NC",NA,11.7,0,0
"7705","89.0%","Craven",1925,"NC","US.70",82,"WE","",0,0,"",0,"Craven","NC",NA,37.7,0,0
"7706","89.0%","Carteret",1916,"NC","US.70",83,"WE","",0,0,"",0,"Carteret","NC",NA,48.7,1,0
"7707","89.0%","Georgetown",2430,"SC","US.701",1,"SN","",0,0,"",0,"Georgetown","SC",NA,22.3,0,0
"7708","89.0%","Horry",2434,"SC","US.701",2,"SN","",0,0,"",0,"Horry","SC",NA,40,0,0
"7709","89.1%","Columbus",1924,"NC","US.701",3,"SN","",0,0,"",0,"Columbus","NC",NA,30.5,0,0
"7710","89.1%","Bladen",1909,"NC","US.701",4,"SN","",0,0,"",0,"Bladen","NC",NA,28.3,1,0
"7711","89.1%","Sampson",1982,"NC","US.701",5,"SN","",0,0,"",0,"Sampson","NC",NA,38.5,0,0
"7712","89.1%","Johnston",1951,"NC","US.701",6,"SN","",0,0,"",0,"Johnston","NC",NA,13,0,0
"7713","89.1%","Wilson",2615,"TN","US.70N",1,"WE","",0,0,"",0,"Wilson","TN",NA,9.3,0,1
"7714","89.1%","Smith",2600,"TN","US.70N",2,"WE","",0,0,"",0,"Smith","TN",NA,21.5,0,0
"7715","89.1%","Putnam",2591,"TN","US.70N",3,"WE","",0,0,"",0,"Putnam","TN",NA,40.1,0,0
"7716","89.1%","Cumberland",2538,"TN","US.70N",4,"WE","",0,0,"",0,"Cumberland","TN",NA,16.6,0,0
"7717","89.2%","Davidson",2539,"TN","US.70S",1,"WE","",0,0,"",0,"Davidson","TN",NA,28.6,0,0
"7718","89.2%","Rutherford",2595,"TN","US.70S",2,"WE","",0,0,"",0,"Rutherford","TN",NA,29.5,0,0
"7719","89.2%","Cannon",2528,"TN","US.70S",3,"WE","",0,0,"",0,"Cannon","TN",NA,14.8,1,0
"7720","89.2%","Warren",2609,"TN","US.70S",4,"WE","",0,0,"",0,"Warren","TN",NA,24.7,1,0
"7721","89.2%","Van Buren",2608,"TN","US.70S",5,"WE","",0,0,"",0,"Van Buren","TN",NA,2.9,1,1
"7722","89.2%","White",2613,"TN","US.70S",6,"WE","",0,0,"",0,"White","TN",NA,12.2,0,0
"7723","89.2%","St. Landry",1170,"LA","US.71",1,"SN","",0,0,"",0,"St. Landry","LA",NA,27,0,0
"7724","89.2%","Avoyelles",1126,"LA","US.71",2,"SN","",0,0,"",0,"Avoyelles","LA",NA,11.4,0,0
"7725","89.2%","Rapides",1161,"LA","US.71",3,"SN","",0,0,"",0,"Rapides","LA",NA,42.3,0,0
"7726","89.3%","Grant",1143,"LA","US.71",4,"SN","",0,0,"",0,"Grant","LA",NA,32.5,0,1
"7727","89.3%","Winn",1185,"LA","US.71",5,"SN","",0,0,"",0,"Winn","LA",NA,5.5,0,0
"7728","89.3%","Natchitoches",1156,"LA","US.71",6,"SN","",0,0,"",0,"Natchitoches","LA",NA,19.8,0,0
"7729","89.3%","Red River",1162,"LA","US.71",7,"SN","",0,0,"",0,"Red River","LA",NA,26.2,0,0
"7730","89.3%","Bienville",1128,"LA","US.71",8,"SN","",0,0,"GE",0,"Bienville","LA","0.25",0.3,0,0
"7731","89.3%","Bossier",1129,"LA","US.71",9,"SN","",0,0,"",0,"Bossier","LA",NA,27.3,0,0
"7732","89.3%","Caddo",1130,"LA","US.71",10,"SN","",0,0,"",0,"Caddo","LA",NA,37.7,0,0
"7733","89.3%","Miller",163,"AR","US.71",11,"SN","Reentry from North",0,0,"",2001,"Miller","AR",NA,35.26,0,0
"7734","89.3%","Bowie",2634,"TX","US.71",12,"SN","3.31 mi alone, 4.53 mi. shared with Miller",0,0,"",0,"Bowie","TX","5.58",5.58,0,0
"7735","89.4%","Miller",163,"AR","US.71",13,"SN","Reentry from South",0,0,"",3001,"Miller","AR","0.73",0.37,0,0
"7736","89.4%","Little River",158,"AR","US.71",14,"SN","",0,0,"",0,"Little River","AR",NA,18.7,0,0
"7737","89.4%","Sevier",184,"AR","US.71",15,"SN","",0,0,"",0,"Sevier","AR",NA,37,0,0
"7738","89.4%","Polk",174,"AR","US.71",16,"SN","",0,0,"",0,"Polk","AR",NA,47.8,0,1
"7739","89.4%","Scott",181,"AR","US.71",17,"SN","Reentry from North",0,0,"",2002,"Scott","AR",NA,34.55,0,0
"7740","89.4%","Logan",159,"AR","US.71",18,"SN","",0,0,"",0,"Logan","AR",NA,1.1,1,0
"7741","89.4%","Scott",181,"AR","US.71",19,"SN","Reentry from South",0,0,"",3002,"Scott","AR","6.55",6.55,0,0
"7742","89.4%","Sebastian",183,"AR","US.71",20,"SN","",0,0,"",0,"Sebastian","AR",NA,29.2,0,0
"7743","89.5%","Crawford",134,"AR","US.71",21,"SN","",0,0,"",0,"Crawford","AR",NA,31.8,0,0
"7744","89.5%","Washington",189,"AR","US.71",22,"SN","",0,0,"",0,"Washington","AR",NA,36.6,0,1
"7745","89.5%","Benton",121,"AR","US.71",23,"SN","",0,0,"",0,"Benton","AR",NA,24.2,0,0
"7746","89.5%","McDonald",1556,"MO","US.71",24,"SN","",0,0,"",0,"McDonald","MO",NA,22.4,0,0
"7747","89.5%","Newton",1565,"MO","US.71",25,"SN","",0,0,"",0,"Newton","MO",NA,20.6,0,0
"7748","89.5%","Jasper",1541,"MO","US.71",26,"SN","",0,0,"",0,"Jasper","MO",NA,28.3,0,0
"7749","89.5%","Barton",1498,"MO","US.71",27,"SN","",0,0,"",0,"Barton","MO",NA,20.4,0,0
"7750","89.5%","Vernon",1602,"MO","US.71",28,"SN","",0,0,"",0,"Vernon","MO",NA,29.9,0,0
"7751","89.5%","Bates",1499,"MO","US.71",29,"SN","",0,0,"",0,"Bates","MO",NA,29.3,0,0
"7752","89.6%","Cass",1511,"MO","US.71",30,"SN","",0,0,"",0,"Cass","MO",NA,29.7,0,0
"7753","89.6%","Jackson",1540,"MO","US.71",31,"SN","",0,0,"",0,"Jackson","MO",NA,20.2,0,1
"7754","89.6%","Clay",1516,"MO","US.71",32,"SN","",0,0,"",0,"Clay","MO",NA,6.2,0,0
"7755","89.6%","Platte",1575,"MO","US.71",33,"SN","",0,0,"",0,"Platte","MO",NA,28,0,0
"7756","89.6%","Buchanan",1503,"MO","US.71",34,"SN","",0,0,"",0,"Buchanan","MO",NA,20.1,0,1
"7757","89.6%","Andrew",1494,"MO","US.71",35,"SN","",0,0,"",0,"Andrew","MO",NA,22.9,0,0
"7758","89.6%","Nodaway",1566,"MO","US.71",36,"SN","",0,0,"",0,"Nodaway","MO",NA,39.2,0,0
"7759","89.6%","Page",870,"IA","US.71",37,"SN","",0,0,"",0,"Page","IA",NA,24.1,0,0
"7760","89.6%","Montgomery",866,"IA","US.71",38,"SN","",0,0,"",0,"Montgomery","IA",NA,18,0,0
"7761","89.7%","Cass",812,"IA","US.71",39,"SN","",0,0,"",0,"Cass","IA",NA,25.9,0,0
"7762","89.7%","Audubon",802,"IA","US.71",40,"SN","",0,0,"",0,"Audubon","IA",NA,26,1,0
"7763","89.7%","Carroll",811,"IA","US.71",41,"SN","",0,0,"",0,"Carroll","IA",NA,27,0,0
"7764","89.7%","Sac",878,"IA","US.71",42,"SN","",0,0,"",0,"Sac","IA",NA,37.9,0,0
"7765","89.7%","Buena Vista",808,"IA","US.71",43,"SN","",0,0,"",0,"Buena Vista","IA",NA,24.2,1,0
"7766","89.7%","Clay",818,"IA","US.71",44,"SN","",0,0,"",0,"Clay","IA",NA,24.8,0,0
"7767","89.7%","Dickinson",827,"IA","US.71",45,"SN","",0,0,"",0,"Dickinson","IA",NA,24,1,0
"7768","89.7%","Jackson",1355,"MN","US.71",46,"SN","",0,0,"",0,"Jackson","MN",NA,26.7,0,1
"7769","89.8%","Cottonwood",1340,"MN","US.71",47,"SN","",0,0,"",0,"Cottonwood","MN",NA,24.6,1,0
"7770","89.8%","Redwood",1387,"MN","US.71",48,"SN","",0,0,"",0,"Redwood","MN",NA,30.5,0,0
"7771","89.8%","Renville",1388,"MN","US.71",49,"SN","",0,0,"",0,"Renville","MN",NA,25.6,0,0
"7772","89.8%","Kandiyohi",1357,"MN","US.71",50,"SN","",0,0,"",0,"Kandiyohi","MN",NA,37.3,0,0
"7773","89.8%","Stearns",1396,"MN","US.71",51,"SN","",0,0,"",0,"Stearns","MN",NA,27.3,0,0
"7774","89.8%","Todd",1400,"MN","US.71",52,"SN","",0,0,"",0,"Todd","MN",NA,48,0,0
"7775","89.8%","Wadena",1403,"MN","US.71",53,"SN","",0,0,"",0,"Wadena","MN",NA,31.8,0,0
"7776","89.8%","Hubbard",1352,"MN","US.71",54,"SN","",0,0,"",0,"Hubbard","MN",NA,55.2,0,0
"7777","89.8%","Beltrami",1327,"MN","US.71",55,"SN","",0,0,"",0,"Beltrami","MN",NA,39.3,0,0
"7778","89.9%","Itasca",1354,"MN","US.71",56,"SN","",0,0,"",0,"Itasca","MN",NA,5.1,0,0
"7779","89.9%","Koochiching",1359,"MN","US.71",57,"SN","",0,0,"",0,"Koochiching","MN",NA,74.4,0,0
"7780","89.9%","Shelby",2599,"TN","US.72",1,"WE","",0,0,"",0,"Shelby","TN",NA,21.8,0,0
"7781","89.9%","Fayette",2544,"TN","US.72",2,"WE","",0,0,"GE",0,"Fayette","TN","1.88",1.88,0,0
"7782","89.9%","Marshall",1457,"MS","US.72",3,"WE","",0,0,"",0,"Marshall","MS",NA,15.7,0,0
"7783","89.9%","Benton",1415,"MS","US.72",4,"WE","",0,0,"",0,"Benton","MS",NA,19.1,0,0
"7784","89.9%","Tippah",1480,"MS","US.72",5,"WE","",0,0,"",0,"Tippah","MS",NA,11.2,1,0
"7785","89.9%","Alcorn",1412,"MS","US.72",6,"WE","",0,0,"",0,"Alcorn","MS",NA,27.9,0,0
"7786","90.0%","Tishomingo",1481,"MS","US.72",7,"WE","",0,0,"",0,"Tishomingo","MS",NA,15.9,1,0
"7787","90.0%","Colbert",17,"AL","US.72",8,"WE","",0,0,"",0,"Colbert","AL",NA,31.1,0,0
"7788","90.0%","Lauderdale",39,"AL","US.72",9,"WE","",0,0,"",0,"Lauderdale","AL",NA,28.6,0,0
"7789","90.0%","Limestone",42,"AL","US.72",10,"WE","",0,0,"",0,"Limestone","AL",NA,26.1,0,0
"7790","90.0%","Madison",45,"AL","US.72",11,"WE","",0,0,"",0,"Madison","AL",NA,28.5,0,1
"7791","90.0%","Jackson",36,"AL","US.72",12,"WE","",0,0,"",0,"Jackson","AL",NA,53.2,1,1
"7792","90.0%","Marion",2576,"TN","US.72",13,"WE","",0,0,"",0,"Marion","TN",NA,27.4,0,0
"7793","90.0%","Hamilton",2553,"TN","US.72",14,"WE","",0,0,"",0,"Hamilton","TN",NA,7.4,0,0
"7794","90.0%","Wyandotte",1001,"KS","US.73",1,"SN","",0,0,"",0,"Wyandotte","KS",NA,7.6,0,0
"7795","90.1%","Leavenworth",948,"KS","US.73",2,"SN","",0,0,"",0,"Leavenworth","KS",NA,21,0,0
"7796","90.1%","Atchison",899,"KS","US.73",3,"SN","",0,0,"",0,"Atchison","KS",NA,28.7,0,0
"7797","90.1%","Brown",903,"KS","US.73",4,"SN","",0,0,"",0,"Brown","KS",NA,33.8,0,0
"7798","90.1%","Richardson",1738,"NE","US.73",5,"SN","",0,0,"W",0,"Richardson","NE","22.05",22,0,0
"7799","90.1%","Morrow",2247,"OR","US.730",1,"WE","",0,0,"W",0,"Morrow","OR","10.70",10.7,0,0
"7800","90.1%","Umatilla",2252,"OR","US.730",2,"WE","",0,0,"W",0,"Umatilla","OR","24.60",24.5,0,0
"7801","90.1%","Walla Walla",3122,"WA","US.730",3,"WE","",0,0,"W",0,"Walla Walla","WA","6.08",6.1,0,0
"7802","90.1%","Hamilton",2553,"TN","US.74",1,"WE","",0,0,"",0,"Hamilton","TN",NA,14.2,0,0
"7803","90.1%","Bradley",2526,"TN","US.74",2,"WE","",0,0,"",0,"Bradley","TN",NA,18.7,0,0
"7804","90.2%","Polk",2590,"TN","US.74",3,"WE","",0,0,"",0,"Polk","TN",NA,29.9,0,1
"7805","90.2%","Cherokee",1920,"NC","US.74",4,"WE","",0,0,"",0,"Cherokee","NC",NA,44.5,0,0
"7806","90.2%","Macon",1956,"NC","US.74",5,"WE","",0,0,"",0,"Macon","NC",NA,2.6,0,0
"7807","90.2%","Swain",1987,"NC","US.74",6,"WE","",0,0,"",0,"Swain","NC",NA,25,0,0
"7808","90.2%","Jackson",1950,"NC","US.74",7,"WE","",0,0,"",0,"Jackson","NC",NA,22,0,1
"7809","90.2%","Haywood",1944,"NC","US.74",8,"WE","",0,0,"",0,"Haywood","NC",NA,22.5,0,0
"7810","90.2%","Buncombe",1911,"NC","US.74",9,"WE","",0,0,"",0,"Buncombe","NC",NA,19,0,0
"7811","90.2%","Henderson",1945,"NC","US.74",10,"WE","",0,0,"",0,"Henderson","NC",NA,16.7,0,0
"7812","90.3%","Polk",1975,"NC","US.74",11,"WE","",0,0,"",0,"Polk","NC",NA,20.4,0,1
"7813","90.3%","Rutherford",1981,"NC","US.74",12,"WE","",0,0,"",0,"Rutherford","NC",NA,16.8,0,0
"7814","90.3%","Cleveland",1923,"NC","US.74",13,"WE","",0,0,"",0,"Cleveland","NC",NA,24.6,0,1
"7815","90.3%","Gaston",1936,"NC","US.74",14,"WE","",0,0,"",0,"Gaston","NC",NA,18.4,0,0
"7816","90.3%","Mecklenburg",1960,"NC","US.74",15,"WE","",0,0,"",0,"Mecklenburg","NC",NA,22.8,0,0
"7817","90.3%","Union",1990,"NC","US.74",16,"WE","",0,0,"",0,"Union","NC",NA,25.3,0,0
"7818","90.3%","Anson",1904,"NC","US.74",17,"WE","",0,0,"",0,"Anson","NC",NA,25.4,0,0
"7819","90.3%","Richmond",1977,"NC","US.74",18,"WE","",0,0,"",0,"Richmond","NC",NA,17.7,0,0
"7820","90.3%","Scotland",1983,"NC","US.74",19,"WE","",0,0,"",0,"Scotland","NC",NA,18.4,0,0
"7821","90.4%","Brunswick",1910,"NC","US.74",20,"WE","",0,0,"",0,"Brunswick","NC",NA,15.5,0,0
"7822","90.4%","Columbus",1924,"NC","US.74",21,"WE","",0,0,"",0,"Columbus","NC",NA,47.1,0,0
"7823","90.4%","Robeson",1978,"NC","US.74",22,"WE","",0,0,"",0,"Robeson","NC",NA,33.3,0,0
"7824","90.4%","New Hanover",1965,"NC","US.74",23,"WE","",0,0,"",0,"New Hanover","NC",NA,13.8,0,0
"7825","90.4%","Dallas",2672,"TX","US.75",1,"SN","",0,0,"",0,"Dallas","TX",NA,14.5,0,0
"7826","90.4%","Collin",2658,"TX","US.75",2,"SN","",0,0,"",0,"Collin","TX",NA,30.3,0,0
"7827","90.4%","Grayson",2706,"TX","US.75",3,"SN","",0,0,"",0,"Grayson","TX",NA,31.9,0,0
"7828","90.4%","Bryan",2152,"OK","US.75",4,"SN","",0,0,"",0,"Bryan","OK",NA,28.8,0,0
"7829","90.4%","Atoka",2148,"OK","US.75",5,"SN","",0,0,"",0,"Atoka","OK",NA,22.5,0,0
"7830","90.5%","Coal",2160,"OK","US.75",6,"SN","",0,0,"",0,"Coal","OK",NA,26.2,1,0
"7831","90.5%","Hughes",2177,"OK","US.75",7,"SN","",0,0,"",0,"Hughes","OK",NA,38.7,0,0
"7832","90.5%","Okfuskee",2199,"OK","US.75",8,"SN","",0,0,"",0,"Okfuskee","OK",NA,13.3,0,0
"7833","90.5%","Okmulgee",2201,"OK","US.75",9,"SN","",0,0,"",0,"Okmulgee","OK",NA,37.4,0,0
"7834","90.5%","Tulsa",2217,"OK","US.75",10,"SN","",0,0,"",0,"Tulsa","OK",NA,42,0,0
"7835","90.5%","Washington",2219,"OK","US.75",11,"SN","",0,0,"",0,"Washington","OK",NA,40.2,0,1
"7836","90.5%","Montgomery",959,"KS","US.75",12,"SN","",0,0,"",0,"Montgomery","KS",NA,35.6,0,0
"7837","90.5%","Wilson",999,"KS","US.75",13,"SN","",0,0,"",0,"Wilson","KS",NA,27.9,0,1
"7838","90.6%","Woodson",1000,"KS","US.75",14,"SN","",0,0,"",0,"Woodson","KS",NA,22.2,0,0
"7839","90.6%","Coffey",912,"KS","US.75",15,"SN","",0,0,"",0,"Coffey","KS",NA,27.4,0,0
"7840","90.6%","Osage",966,"KS","US.75",16,"SN","",0,0,"",0,"Osage","KS",NA,31.1,0,0
"7841","90.6%","Shawnee",985,"KS","US.75",17,"SN","",0,0,"",0,"Shawnee","KS",NA,27.8,0,0
"7842","90.6%","Jackson",939,"KS","US.75",18,"SN","",0,0,"",0,"Jackson","KS",NA,30.7,1,1
"7843","90.6%","Brown",903,"KS","US.75",19,"SN","",0,0,"",0,"Brown","KS",NA,22.7,0,0
"7844","90.6%","Nemaha",962,"KS","US.75",20,"SN","",0,0,"",0,"Nemaha","KS",NA,2.5,0,0
"7845","90.6%","Richardson",1738,"NE","US.75",21,"SN","",0,0,"",0,"Richardson","NE",NA,18.7,0,0
"7846","90.6%","Nemaha",1728,"NE","US.75",22,"SN","",0,0,"",0,"Nemaha","NE",NA,18.5,0,0
"7847","90.7%","Otoe",1730,"NE","US.75",23,"SN","",0,0,"",0,"Otoe","NE",NA,19.6,1,0
"7848","90.7%","Cass",1677,"NE","US.75",24,"SN","",0,0,"",0,"Cass","NE",NA,19.2,0,0
"7849","90.7%","Sarpy",1741,"NE","US.75",25,"SN","",0,0,"",0,"Sarpy","NE",NA,9.2,0,0
"7850","90.7%","Douglas",1692,"NE","US.75",26,"SN","",0,0,"",0,"Douglas","NE",NA,15.6,0,0
"7851","90.7%","Washington",1753,"NE","US.75",27,"SN","",0,0,"",0,"Washington","NE",NA,25.2,0,1
"7852","90.7%","Burt",1675,"NE","US.75",28,"SN","",0,0,"",0,"Burt","NE",NA,26.3,0,0
"7853","90.7%","Thurston",1751,"NE","US.75",29,"SN","",0,0,"",0,"Thurston","NE",NA,19.6,0,0
"7854","90.7%","Dakota",1686,"NE","US.75",30,"SN","",0,0,"",0,"Dakota","NE",NA,15.4,0,0
"7855","90.7%","Woodbury",894,"IA","US.75",31,"SN","",0,0,"",0,"Woodbury","IA",NA,11,0,0
"7856","90.8%","Plymouth",872,"IA","US.75",32,"SN","",0,0,"",0,"Plymouth","IA",NA,26.6,1,0
"7857","90.8%","Sioux",881,"IA","US.75",33,"SN","",0,0,"",0,"Sioux","IA",NA,24.1,0,0
"7858","90.8%","Lyon",857,"IA","US.75",34,"SN","",0,0,"",0,"Lyon","IA",NA,18.3,0,0
"7859","90.8%","Rock",1390,"MN","US.75",35,"SN","",0,0,"",0,"Rock","MN",NA,24.4,0,0
"7860","90.8%","Pipestone",1382,"MN","US.75",36,"SN","",0,0,"",0,"Pipestone","MN",NA,25.3,1,0
"7861","90.8%","Lincoln",1364,"MN","US.75",37,"SN","",0,0,"",0,"Lincoln","MN",NA,30.9,0,1
"7862","90.8%","Yellow Medicine",1410,"MN","US.75",38,"SN","",0,0,"",0,"Yellow Medicine","MN",NA,13.8,0,0
"7863","90.8%","Lac qui Parle",1360,"MN","US.75",39,"SN","",0,0,"",0,"Lac qui Parle","MN",NA,32.5,0,0
"7864","90.9%","Big Stone",1329,"MN","US.75",40,"SN","",0,0,"",0,"Big Stone","MN",NA,28.6,0,0
"7865","90.9%","Traverse",1401,"MN","US.75",41,"SN","",0,0,"",0,"Traverse","MN",NA,31,1,0
"7866","90.9%","Wilkin",1407,"MN","US.75",42,"SN","",0,0,"",0,"Wilkin","MN",NA,46.4,0,0
"7867","90.9%","Clay",1337,"MN","US.75",43,"SN","",0,0,"",0,"Clay","MN",NA,37.6,0,0
"7868","90.9%","Norman",1377,"MN","US.75",44,"SN","",0,0,"",0,"Norman","MN",NA,24.3,1,0
"7869","90.9%","Polk",1383,"MN","US.75",45,"SN","",0,0,"",0,"Polk","MN",NA,53.6,0,1
"7870","90.9%","Marshall",1367,"MN","US.75",46,"SN","",0,0,"",0,"Marshall","MN",NA,26.7,0,0
"7871","90.9%","Kittson",1358,"MN","US.75",47,"SN","",0,0,"",0,"Kittson","MN",NA,36.9,0,0
"7872","90.9%","Hamilton",2553,"TN","US.76",1,"WE","",0,0,"W",0,"Hamilton","TN","8.90",8.8,0,0
"7873","91.0%","Catoosa",417,"GA","US.76",2,"WE","",0,0,"",0,"Catoosa","GA",NA,13.4,0,0
"7874","91.0%","Whitfield",549,"GA","US.76",3,"WE","",0,0,"",0,"Whitfield","GA",NA,15,0,0
"7875","91.0%","Murray",499,"GA","US.76",4,"WE","",0,0,"",0,"Murray","GA",NA,19.3,0,0
"7876","91.0%","Gilmer",455,"GA","US.76",5,"WE","",0,0,"",0,"Gilmer","GA",NA,25.3,1,0
"7877","91.0%","Fannin",449,"GA","US.76",6,"WE","",0,0,"",0,"Fannin","GA",NA,17.1,1,0
"7878","91.0%","Union",538,"GA","US.76",7,"WE","",0,0,"",0,"Union","GA",NA,15.7,0,0
"7879","91.0%","Towns",533,"GA","US.76",8,"WE","",0,0,"",0,"Towns","GA",NA,20.5,1,0
"7880","91.0%","Rabun",513,"GA","US.76",9,"WE","",0,0,"",0,"Rabun","GA",NA,24.3,0,0
"7881","91.0%","Oconee",2445,"SC","US.76",10,"WE","",0,0,"",0,"Oconee","SC",NA,33.5,0,0
"7882","91.1%","Pickens",2447,"SC","US.76",11,"WE","",0,0,"",0,"Pickens","SC",NA,4.2,0,0
"7883","91.1%","Anderson",2412,"SC","US.76",12,"WE","",0,0,"",0,"Anderson","SC",NA,39,0,0
"7884","91.1%","Greenville",2431,"SC","US.76",13,"WE","",0,0,"",0,"Greenville","SC",NA,3.1,0,0
"7885","91.1%","Laurens",2438,"SC","US.76",14,"WE","",0,0,"",0,"Laurens","SC",NA,34.6,0,0
"7886","91.1%","Newberry",2444,"SC","US.76",15,"WE","",0,0,"",0,"Newberry","SC",NA,29.4,0,0
"7887","91.1%","Lexington",2448,"SC","US.76",16,"WE","Reentry from East",0,0,"",2001,"Lexington","SC",NA,4.86,0,0
"7888","91.1%","Richland",2440,"SC","US.76",17,"WE","Reentry from East",0,0,"",2002,"Richland","SC","10.90",10.9,0,0
"7889","91.1%","Lexington",2448,"SC","US.76",18,"WE","Reentry from West",0,0,"",3001,"Lexington","SC","3.64",3.64,0,0
"7890","91.2%","Richland",2440,"SC","US.76",19,"WE","Reentry from West",0,0,"",3002,"Richland","SC",NA,31.1,0,0
"7891","91.2%","Sumter",2451,"SC","US.76",20,"WE","",0,0,"",0,"Sumter","SC",NA,28.6,0,0
"7892","91.2%","Lee",2439,"SC","US.76",21,"WE","",0,0,"",0,"Lee","SC",NA,9.9,0,0
"7893","91.2%","Florence",2429,"SC","US.76",22,"WE","",0,0,"",0,"Florence","SC",NA,30.9,0,0
"7894","91.2%","Marion",2441,"SC","US.76",23,"WE","",0,0,"",0,"Marion","SC",NA,26,0,0
"7895","91.2%","Horry",2434,"SC","US.76",24,"WE","",0,0,"",0,"Horry","SC",NA,7.4,0,0
"7896","91.2%","Columbus",1924,"NC","US.76",25,"WE","",0,0,"",0,"Columbus","NC",NA,52.2,0,0
"7897","91.2%","Brunswick",1910,"NC","US.76",26,"WE","",0,0,"",0,"Brunswick","NC",NA,15.3,0,0
"7898","91.2%","New Hanover",1965,"NC","US.76",27,"WE","",0,0,"",0,"New Hanover","NC",NA,12.7,0,0
"7899","91.3%","Cameron",2646,"TX","US.77",1,"SN","",0,0,"",0,"Cameron","TX",NA,38.3,0,0
"7900","91.3%","Willacy",2860,"TX","US.77",2,"SN","",0,0,"",0,"Willacy","TX",NA,18.1,0,0
"7901","91.3%","Kenedy",2746,"TX","US.77",3,"SN","",0,0,"",0,"Kenedy","TX",NA,46.2,0,0
"7902","91.3%","Kleberg",2752,"TX","US.77",4,"SN","",0,0,"",0,"Kleberg","TX",NA,21.5,0,0
"7903","91.3%","Nueces",2793,"TX","US.77",5,"SN","",0,0,"",0,"Nueces","TX",NA,26.6,0,0
"7904","91.3%","San Patricio",2820,"TX","US.77",6,"SN","",0,0,"",0,"San Patricio","TX",NA,21.1,0,0
"7905","91.3%","Refugio",2811,"TX","US.77",7,"SN","",0,0,"",0,"Refugio","TX",NA,37.3,0,0
"7906","91.3%","Victoria",2850,"TX","US.77",8,"SN","",0,0,"",0,"Victoria","TX",NA,43.9,0,0
"7907","91.3%","DeWitt",2677,"TX","US.77",9,"SN","",0,0,"",0,"DeWitt","TX",NA,1.3,0,0
"7908","91.4%","Lavaca",2758,"TX","US.77",10,"SN","",0,0,"",0,"Lavaca","TX",NA,36.6,0,0
"7909","91.4%","Fayette",2690,"TX","US.77",11,"SN","",0,0,"",0,"Fayette","TX",NA,32.7,0,0
"7910","91.4%","Lee",2759,"TX","US.77",12,"SN","",0,0,"",0,"Lee","TX",NA,33.2,0,0
"7911","91.4%","Milam",2781,"TX","US.77",13,"SN","",0,0,"",0,"Milam","TX",NA,36.7,0,0
"7912","91.4%","Falls",2688,"TX","US.77",14,"SN","",0,0,"",0,"Falls","TX",NA,25.7,0,0
"7913","91.4%","McLennan",2776,"TX","US.77",15,"SN","",0,0,"",0,"McLennan","TX",NA,32.6,0,0
"7914","91.4%","Hill",2724,"TX","US.77",16,"SN","",0,0,"",0,"Hill","TX",NA,23.4,0,0
"7915","91.4%","Ellis",2686,"TX","US.77",17,"SN","",0,0,"",0,"Ellis","TX",NA,33,0,0
"7916","91.5%","Dallas",2672,"TX","US.77",18,"SN","",0,0,"",0,"Dallas","TX",NA,34.4,0,0
"7917","91.5%","Denton",2676,"TX","US.77",19,"SN","",0,0,"",0,"Denton","TX",NA,36,0,0
"7918","91.5%","Cooke",2664,"TX","US.77",20,"SN","",0,0,"",0,"Cooke","TX",NA,21.6,0,0
"7919","91.5%","Love",2188,"OK","US.77",21,"SN","",0,0,"",0,"Love","OK",NA,24.9,0,0
"7920","91.5%","Carter",2155,"OK","US.77",22,"SN","",0,0,"",0,"Carter","OK",NA,21.2,0,1
"7921","91.5%","Murray",2195,"OK","US.77",23,"SN","",0,0,"",0,"Murray","OK",NA,19,0,0
"7922","91.5%","Garvin",2170,"OK","US.77",24,"SN","",0,0,"",0,"Garvin","OK",NA,20,0,0
"7923","91.5%","McClain",2192,"OK","US.77",25,"SN","",0,0,"",0,"McClain","OK",NA,13.2,0,0
"7924","91.5%","Cleveland",2159,"OK","US.77",26,"SN","",0,0,"",0,"Cleveland","OK",NA,30.4,0,1
"7925","91.6%","Oklahoma",2200,"OK","US.77",27,"SN","",0,0,"",0,"Oklahoma","OK",NA,28.4,0,0
"7926","91.6%","Logan",2187,"OK","US.77",28,"SN","",0,0,"",0,"Logan","OK",NA,32.3,0,0
"7927","91.6%","Noble",2197,"OK","US.77",29,"SN","",0,0,"",0,"Noble","OK",NA,34.1,0,0
"7928","91.6%","Kay",2181,"OK","US.77",30,"SN","",0,0,"",0,"Kay","OK",NA,44.8,0,0
"7929","91.6%","Cowley",914,"KS","US.77",31,"SN","",0,0,"",0,"Cowley","KS",NA,34.9,0,0
"7930","91.6%","Butler",904,"KS","US.77",32,"SN","",0,0,"",0,"Butler","KS",NA,50.1,0,0
"7931","91.6%","Marion",953,"KS","US.77",33,"SN","",0,0,"",0,"Marion","KS",NA,37.7,0,0
"7932","91.6%","Dickinson",917,"KS","US.77",34,"SN","Reentry from North, 7.98  mi shared with Morris",0,0,"",2002,"Dickinson","KS",NA,8.64,0,0
"7933","91.6%","Morris",960,"KS","US.77",35,"SN","Reentry from North",0,0,"",2001,"Morris","KS","6.46",6.46,0,0
"7934","91.7%","Dickinson",917,"KS","US.77",36,"SN","Reentry from South",0,0,"",3002,"Dickinson","KS","0.41",0.41,0,0
"7935","91.7%","Morris",960,"KS","US.77",37,"SN","Reentry from South",0,0,"",3001,"Morris","KS","4.69",4.69,0,0
"7936","91.7%","Geary",927,"KS","US.77",38,"SN","",0,0,"",0,"Geary","KS",NA,25.6,0,0
"7937","91.7%","Riley",977,"KS","US.77",39,"SN","",0,0,"",0,"Riley","KS",NA,34.1,0,0
"7938","91.7%","Marshall",954,"KS","US.77",40,"SN","",0,0,"",0,"Marshall","KS",NA,37.9,0,0
"7939","91.7%","Gage",1698,"NE","US.77",41,"SN","",0,0,"",0,"Gage","NE",NA,41.6,0,0
"7940","91.7%","Lancaster",1719,"NE","US.77",42,"SN","",0,0,"",0,"Lancaster","NE",NA,40,0,0
"7941","91.7%","Saunders",1742,"NE","US.77",43,"SN","",0,0,"",0,"Saunders","NE",NA,31.1,0,0
"7942","91.8%","Dodge",1691,"NE","US.77",44,"SN","",0,0,"",0,"Dodge","NE",NA,23.9,0,0
"7943","91.8%","Burt",1675,"NE","US.77",45,"SN","",0,0,"",0,"Burt","NE",NA,19.4,0,0
"7944","91.8%","Thurston",1751,"NE","US.77",46,"SN","",0,0,"",0,"Thurston","NE",NA,18.3,0,0
"7945","91.8%","Dakota",1686,"NE","US.77",47,"SN","",0,0,"",0,"Dakota","NE",NA,15.8,0,0
"7946","91.8%","Woodbury",894,"IA","US.77",48,"SN","",0,0,"W",0,"Woodbury","IA","0.31",0.3,0,0
"7947","91.8%","Refugio",2811,"TX","US.77A",1,"SN","",0,0,"",0,"Refugio","TX",NA,8.5,0,0
"7948","91.8%","Goliad",2703,"TX","US.77A",2,"SN","",0,0,"",0,"Goliad","TX",NA,33,0,0
"7949","91.8%","DeWitt",2677,"TX","US.77A",3,"SN","",0,0,"",0,"DeWitt","TX",NA,31.7,0,0
"7950","91.8%","Lavaca",2758,"TX","US.77A",4,"SN","",0,0,"",0,"Lavaca","TX",NA,16.4,0,0
"7951","91.9%","Craighead",133,"AR","US.78",1,"WE","",0,0,"",0,"Craighead","AR",NA,48.8,0,0
"7952","91.9%","Mississippi",164,"AR","US.78",2,"WE","",0,0,"",0,"Mississippi","AR",NA,66.6,0,0
"7953","91.9%","Crittenden",135,"AR","US.78",3,"WE","",0,0,"",0,"Crittenden","AR",NA,27.9,0,0
"7954","91.9%","Shelby",2599,"TN","US.78",4,"WE","",0,0,"W",0,"Shelby","TN","15.90",22.3,0,0
"7955","91.9%","DeSoto",1427,"MS","US.78",5,"WE","",0,0,"",0,"DeSoto","MS",NA,12.1,0,0
"7956","91.9%","Marshall",1457,"MS","US.78",6,"WE","",0,0,"",0,"Marshall","MS",NA,30.2,0,0
"7957","91.9%","Benton",1415,"MS","US.78",7,"WE","",0,0,"",0,"Benton","MS",NA,8,0,0
"7958","91.9%","Union",1483,"MS","US.78",8,"WE","",0,0,"",0,"Union","MS",NA,25.4,0,0
"7959","91.9%","Pontotoc",1468,"MS","US.78",9,"WE","",0,0,"",0,"Pontotoc","MS",NA,2.6,0,0
"7960","92.0%","Lee",1451,"MS","US.78",10,"WE","",0,0,"",0,"Lee","MS",NA,17.3,0,0
"7961","92.0%","Itawamba",1439,"MS","US.78",11,"WE","",0,0,"",0,"Itawamba","MS",NA,22,0,0
"7962","92.0%","Marion",47,"AL","US.78",12,"WE","",0,0,"",0,"Marion","AL",NA,38.3,0,0
"7963","92.0%","Walker",64,"AL","US.78",13,"WE","",0,0,"",0,"Walker","AL",NA,41.5,0,0
"7964","92.0%","Jefferson",37,"AL","US.78",14,"WE","",0,0,"",0,"Jefferson","AL",NA,38.8,0,1
"7965","92.0%","St. Clair",58,"AL","US.78",15,"WE","",0,0,"",0,"St. Clair","AL",NA,22.1,0,0
"7966","92.0%","Talladega",61,"AL","US.78",16,"WE","",0,0,"",0,"Talladega","AL",NA,10.3,0,0
"7967","92.0%","Calhoun",8,"AL","US.78",17,"WE","",0,0,"",0,"Calhoun","AL",NA,25.1,0,0
"7968","92.1%","Cleburne",15,"AL","US.78",18,"WE","",0,0,"",0,"Cleburne","AL",NA,20.8,0,0
"7969","92.1%","Haralson",465,"GA","US.78",19,"WE","",0,0,"",0,"Haralson","GA",NA,19.2,0,0
"7970","92.1%","Carroll",416,"GA","US.78",20,"WE","",0,0,"",0,"Carroll","GA",NA,8.4,0,0
"7971","92.1%","Douglas",442,"GA","US.78",21,"WE","",0,0,"",0,"Douglas","GA",NA,18.1,0,0
"7972","92.1%","Cobb",427,"GA","US.78",22,"WE","",0,0,"",0,"Cobb","GA",NA,8.5,0,0
"7973","92.1%","Fulton",454,"GA","US.78",23,"WE","",0,0,"",0,"Fulton","GA",NA,10,0,0
"7974","92.1%","DeKalb",438,"GA","US.78",24,"WE","",0,0,"",0,"DeKalb","GA",NA,14.9,0,0
"7975","92.1%","Gwinnett",461,"GA","US.78",25,"WE","",0,0,"",0,"Gwinnett","GA",NA,13.7,0,0
"7976","92.1%","Walton",541,"GA","US.78",26,"WE","",0,0,"",0,"Walton","GA",NA,21.2,0,0
"7977","92.2%","Oconee",502,"GA","US.78",27,"WE","",0,0,"",0,"Oconee","GA",NA,12.3,0,0
"7978","92.2%","Clarke",423,"GA","US.78",28,"WE","",0,0,"",0,"Clarke","GA",NA,11.6,0,0
"7979","92.2%","Oglethorpe",503,"GA","US.78",29,"WE","",0,0,"",0,"Oglethorpe","GA",NA,18.5,1,0
"7980","92.2%","Wilkes",551,"GA","US.78",30,"WE","",0,0,"",0,"Wilkes","GA",NA,26.6,0,0
"7981","92.2%","McDuffie",491,"GA","US.78",31,"WE","",0,0,"",0,"McDuffie","GA",NA,25.3,0,0
"7982","92.2%","Columbia",430,"GA","US.78",32,"WE","",0,0,"",0,"Columbia","GA",NA,6.9,0,0
"7983","92.2%","Richmond",515,"GA","US.78",33,"WE","",0,0,"",0,"Richmond","GA",NA,18.2,0,0
"7984","92.2%","Aiken",2410,"SC","US.78",34,"WE","",0,0,"",0,"Aiken","SC",NA,34.3,0,0
"7985","92.2%","Barnwell",2414,"SC","US.78",35,"WE","",0,0,"",0,"Barnwell","SC",NA,15.9,0,0
"7986","92.3%","Bamberg",2413,"SC","US.78",36,"WE","",0,0,"",0,"Bamberg","SC",NA,22.9,0,0
"7987","92.3%","Orangeburg",2446,"SC","US.78",37,"WE","",0,0,"",0,"Orangeburg","SC",NA,8.9,0,0
"7988","92.3%","Dorchester",2426,"SC","US.78",38,"WE","",0,0,"",0,"Dorchester","SC",NA,36.3,0,0
"7989","92.3%","Charleston",2418,"SC","US.78",39,"WE","",0,0,"",0,"Charleston","SC",NA,21.1,0,0
"7990","92.3%","Williamson",2861,"TX","US.79",1,"SN","",0,0,"",0,"Williamson","TX",NA,30.9,0,0
"7991","92.3%","Milam",2781,"TX","US.79",2,"SN","",0,0,"",0,"Milam","TX",NA,38.2,0,0
"7992","92.3%","Robertson",2813,"TX","US.79",3,"SN","",0,0,"",0,"Robertson","TX",NA,33.9,0,0
"7993","92.3%","Leon",2760,"TX","US.79",4,"SN","",0,0,"",0,"Leon","TX",NA,41.6,0,0
"7994","92.4%","Freestone",2696,"TX","US.79",5,"SN","",0,0,"",0,"Freestone","TX",NA,5.1,0,0
"7995","92.4%","Anderson",2616,"TX","US.79",6,"SN","",0,0,"",0,"Anderson","TX",NA,28,0,0
"7996","92.4%","Cherokee",2652,"TX","US.79",7,"SN","",0,0,"",0,"Cherokee","TX",NA,28.1,0,0
"7997","92.4%","Rusk",2816,"TX","US.79",8,"SN","",0,0,"",0,"Rusk","TX",NA,29.2,0,0
"7998","92.4%","Panola",2798,"TX","US.79",9,"SN","",0,0,"",0,"Panola","TX",NA,40.4,0,0
"7999","92.4%","Caddo",1130,"LA","US.79",10,"SN","",0,0,"",0,"Caddo","LA",NA,22.8,0,0
"8000","92.4%","Bossier",1129,"LA","US.79",11,"SN","",0,0,"",0,"Bossier","LA",NA,18.5,0,0
"8001","92.4%","Webster",1181,"LA","US.79",12,"SN","",0,0,"",0,"Webster","LA",NA,18.5,0,0
"8002","92.4%","Claiborne",1135,"LA","US.79",13,"SN","",0,0,"",0,"Claiborne","LA",NA,28.8,0,0
"8003","92.5%","Columbia",131,"AR","US.79",14,"SN","",0,0,"",0,"Columbia","AR",NA,31,0,0
"8004","92.5%","Ouachita",169,"AR","US.79",15,"SN","",0,0,"",0,"Ouachita","AR",NA,42.1,0,0
"8005","92.5%","Calhoun",124,"AR","US.79",16,"SN","",0,0,"",0,"Calhoun","AR",NA,8.6,0,0
"8006","92.5%","Dallas",137,"AR","US.79",17,"SN","",0,0,"",0,"Dallas","AR",NA,7.4,0,0
"8007","92.5%","Cleveland",130,"AR","US.79",18,"SN","",0,0,"",0,"Cleveland","AR",NA,20,0,1
"8008","92.5%","Jefferson",152,"AR","US.79",19,"SN","",0,0,"",0,"Jefferson","AR",NA,42.7,0,1
"8009","92.5%","Arkansas",118,"AR","US.79",20,"SN","",0,0,"",0,"Arkansas","AR",NA,17.4,0,0
"8010","92.5%","Prairie",176,"AR","US.79",21,"SN","Reentry from North",0,0,"",2001,"Prairie","AR",NA,4.44,0,0
"8011","92.5%","Monroe",165,"AR","US.79",22,"SN","Reentry from North",0,0,"",2002,"Monroe","AR","4.92",4.92,0,1
"8012","92.6%","Prairie",176,"AR","US.79",23,"SN","Reentry from South",0,0,"GE",3001,"Prairie","AR","0.06",0.06,0,0
"8013","92.6%","Monroe",165,"AR","US.79",24,"SN","Reentry from South",0,0,"",3002,"Monroe","AR",NA,17.48,0,1
"8014","92.6%","Lee",156,"AR","US.79",25,"SN","",0,0,"",0,"Lee","AR",NA,37.3,1,0
"8015","92.6%","St. Francis",179,"AR","US.79",26,"SN","Reentry from North",0,0,"",2003,"St. Francis","AR",NA,14.9,0,0
"8016","92.6%","Crittenden",135,"AR","US.79",27,"SN","Reentry from North",0,0,"GE",2004,"Crittenden","AR","0.05",0.05,0,0
"8017","92.6%","St. Francis",179,"AR","US.79",28,"SN","Reentry from South, abuts to the West, 10.1 mi. shared with Crittendon",0,0,"",3003,"St. Francis","AR","10.10",5.05,0,0
"8018","92.6%","Crittenden",135,"AR","US.79",29,"SN","Reentry from South",0,0,"GE",3004,"Crittenden","AR","18.70",18.7,0,0
"8019","92.6%","Shelby",2599,"TN","US.79",30,"SN","",0,0,"",0,"Shelby","TN",NA,31.8,0,0
"8020","92.7%","Fayette",2544,"TN","US.79",31,"SN","",0,0,"",0,"Fayette","TN",NA,7.9,0,0
"8021","92.7%","Tipton",2604,"TN","US.79",32,"SN","",0,0,"",0,"Tipton","TN",NA,4.8,0,0
"8022","92.7%","Haywood",2558,"TN","US.79",33,"SN","",0,0,"",0,"Haywood","TN",NA,30,0,0
"8023","92.7%","Crockett",2537,"TN","US.79",34,"SN","",0,0,"",0,"Crockett","TN",NA,12.3,0,0
"8024","92.7%","Gibson",2547,"TN","US.79",35,"SN","",0,0,"",0,"Gibson","TN",NA,17.5,0,0
"8025","92.7%","Carroll",2529,"TN","US.79",36,"SN","",0,0,"",0,"Carroll","TN",NA,18.4,0,0
"8026","92.7%","Henry",2560,"TN","US.79",37,"SN","",0,0,"",0,"Henry","TN",NA,31.9,0,0
"8027","92.7%","Stewart",2601,"TN","US.79",38,"SN","",0,0,"",0,"Stewart","TN",NA,28,1,0
"8028","92.7%","Montgomery",2583,"TN","US.79",39,"SN","",0,0,"",0,"Montgomery","TN",NA,27.6,0,0
"8029","92.8%","Todd",1111,"KY","US.79",40,"SN","",0,0,"",0,"Todd","KY",NA,10.6,0,0
"8030","92.8%","Logan",1072,"KY","US.79",41,"SN","",0,0,"",0,"Logan","KY",NA,16.2,0,0
"8031","92.8%","Washington",1405,"MN","US.8",1,"WE","",0,0,"",0,"Washington","MN",NA,1.7,0,1
"8032","92.8%","Chisago",1336,"MN","US.8",2,"WE","",0,0,"",0,"Chisago","MN",NA,20.3,0,0
"8033","92.8%","Polk",3229,"WI","US.8",3,"WE","",0,0,"",0,"Polk","WI",NA,24.1,0,1
"8034","92.8%","Barron",3183,"WI","US.8",4,"WE","",0,0,"",0,"Barron","WI",NA,31.1,0,0
"8035","92.8%","Rusk",3235,"WI","US.8",5,"WE","",0,0,"",0,"Rusk","WI",NA,44.6,1,0
"8036","92.8%","Price",3231,"WI","US.8",6,"WE","",0,0,"",0,"Price","WI",NA,31.3,1,0
"8037","92.8%","Lincoln",3215,"WI","US.8",7,"WE","",0,0,"",0,"Lincoln","WI",NA,18.5,0,1
"8038","92.9%","Oneida",3224,"WI","US.8",8,"WE","",0,0,"",0,"Oneida","WI",NA,37.2,0,0
"8039","92.9%","Forest",3201,"WI","US.8",9,"WE","",0,0,"",0,"Forest","WI",NA,37,1,0
"8040","92.9%","Marinette",3218,"WI","US.8",10,"WE","",0,0,"",0,"Marinette","WI",NA,34.2,0,0
"8041","92.9%","Dickinson",1262,"MI","US.8",11,"WE","",0,0,"W",0,"Dickinson","MI","2.32",2.3,0,0
"8042","92.9%","Dallas",2672,"TX","US.80",1,"WE","",0,0,"",0,"Dallas","TX",NA,9.8,0,0
"8043","92.9%","Kaufman",2744,"TX","US.80",2,"WE","",0,0,"",0,"Kaufman","TX",NA,27,0,0
"8044","92.9%","Van Zandt",2849,"TX","US.80",3,"WE","",0,0,"",0,"Van Zandt","TX",NA,28.7,0,0
"8045","92.9%","Smith",2827,"TX","US.80",4,"WE","",0,0,"",0,"Smith","TX",NA,1.4,0,0
"8046","93.0%","Wood",2865,"TX","US.80",5,"WE","",0,0,"",0,"Wood","TX",NA,25.7,0,0
"8047","93.0%","Upshur",2845,"TX","US.80",6,"WE","",0,0,"",0,"Upshur","TX",NA,11.8,0,0
"8048","93.0%","Gregg",2707,"TX","US.80",7,"WE","",0,0,"",0,"Gregg","TX",NA,15.6,0,0
"8049","93.0%","Harrison",2717,"TX","US.80",8,"WE","",0,0,"",0,"Harrison","TX",NA,40.6,0,1
"8050","93.0%","Caddo",1130,"LA","US.80",9,"WE","",0,0,"",0,"Caddo","LA",NA,20.5,0,0
"8051","93.0%","Bossier",1129,"LA","US.80",10,"WE","",0,0,"",0,"Bossier","LA",NA,18.5,0,0
"8052","93.0%","Webster",1181,"LA","US.80",11,"WE","",0,0,"",0,"Webster","LA",NA,17.3,0,0
"8053","93.0%","Bienville",1128,"LA","US.80",12,"WE","",0,0,"",0,"Bienville","LA",NA,20,0,0
"8054","93.0%","Lincoln",1152,"LA","US.80",13,"WE","",0,0,"",0,"Lincoln","LA",NA,29.2,0,1
"8055","93.1%","Ouachita",1158,"LA","US.80",14,"WE","",0,0,"",0,"Ouachita","LA",NA,31.6,0,0
"8056","93.1%","Richland",1163,"LA","US.80",15,"WE","",0,0,"",0,"Richland","LA",NA,26.3,0,0
"8057","93.1%","Madison",1154,"LA","US.80",16,"WE","",0,0,"",0,"Madison","LA",NA,36.6,0,1
"8058","93.1%","Warren",1485,"MS","US.80",17,"WE","",0,0,"",0,"Warren","MS",NA,17.5,0,0
"8059","93.1%","Hinds",1435,"MS","US.80",18,"WE","",0,0,"",0,"Hinds","MS",NA,28.3,0,0
"8060","93.1%","Rankin",1471,"MS","US.80",19,"WE","",0,0,"",0,"Rankin","MS",NA,27.6,0,0
"8061","93.1%","Scott",1472,"MS","US.80",20,"WE","",0,0,"",0,"Scott","MS",NA,24.8,0,0
"8062","93.1%","Newton",1461,"MS","US.80",21,"WE","",0,0,"",0,"Newton","MS",NA,24.8,0,0
"8063","93.2%","Lauderdale",1448,"MS","US.80",22,"WE","",0,0,"",0,"Lauderdale","MS",NA,33,0,0
"8064","93.2%","Sumter",60,"AL","US.80",23,"WE","",0,0,"",0,"Sumter","AL",NA,24.9,0,0
"8065","93.2%","Marengo",46,"AL","US.80",24,"WE","Reentry from East",0,0,"",2001,"Marengo","AL",NA,17.27,0,0
"8066","93.2%","Hale",33,"AL","US.80",25,"WE","",0,0,"",0,"Hale","AL",NA,5.4,1,0
"8067","93.2%","Marengo",46,"AL","US.80",26,"WE","Reentry from West",0,0,"",3001,"Marengo","AL","7.43",7.43,0,0
"8068","93.2%","Perry",53,"AL","US.80",27,"WE","",0,0,"",0,"Perry","AL",NA,6.1,1,0
"8069","93.2%","Dallas",24,"AL","US.80",28,"WE","",0,0,"",0,"Dallas","AL",NA,40.8,1,0
"8070","93.2%","Lowndes",43,"AL","US.80",29,"WE","",0,0,"",0,"Lowndes","AL",NA,21.1,0,0
"8071","93.2%","Montgomery",51,"AL","US.80",30,"WE","",0,0,"",0,"Montgomery","AL",NA,31.3,0,0
"8072","93.3%","Macon",44,"AL","US.80",31,"WE","",0,0,"",0,"Macon","AL",NA,37.2,0,0
"8073","93.3%","Lee",41,"AL","US.80",32,"WE","",0,0,"",0,"Lee","AL",NA,6.1,0,0
"8074","93.3%","Russell",57,"AL","US.80",33,"WE","",0,0,"",0,"Russell","AL",NA,21.5,0,0
"8075","93.3%","Muscogee",500,"GA","US.80",34,"WE","",0,0,"",0,"Muscogee","GA",NA,21.9,0,0
"8076","93.3%","Talbot",524,"GA","US.80",35,"WE","",0,0,"",0,"Talbot","GA",NA,28.6,0,0
"8077","93.3%","Taylor",527,"GA","US.80",36,"WE","",0,0,"",0,"Taylor","GA",NA,6.5,0,1
"8078","93.3%","Upson",539,"GA","US.80",37,"WE","",0,0,"",0,"Upson","GA",NA,4.6,0,0
"8079","93.3%","Crawford",433,"GA","US.80",38,"WE","",0,0,"",0,"Crawford","GA",NA,20.9,0,0
"8080","93.3%","Bibb",405,"GA","US.80",39,"WE","",0,0,"",0,"Bibb","GA",NA,24.6,0,0
"8081","93.4%","Twiggs",537,"GA","US.80",40,"WE","",0,0,"",0,"Twiggs","GA",NA,23.1,0,0
"8082","93.4%","Wilkinson",552,"GA","US.80",41,"WE","",0,0,"",0,"Wilkinson","GA",NA,1,0,0
"8083","93.4%","Laurens",481,"GA","US.80",42,"WE","",0,0,"",0,"Laurens","GA",NA,34.1,0,0
"8084","93.4%","Johnson",477,"GA","US.80",43,"WE","Reentry from East",0,0,"",2002,"Johnson","GA",NA,4.62,0,1
"8085","93.4%","Emanuel",447,"GA","US.80",44,"WE","Reentry from East",0,0,"",2003,"Emanuel","GA","0.51",0.51,0,0
"8086","93.4%","Johnson",477,"GA","US.80",45,"WE","Reentry from West",0,0,"",3002,"Johnson","GA","1.28",1.28,0,1
"8087","93.4%","Emanuel",447,"GA","US.80",46,"WE","Reentry from West",0,0,"",3003,"Emanuel","GA",NA,33.69,0,0
"8088","93.4%","Bulloch",410,"GA","US.80",47,"WE","",0,0,"",0,"Bulloch","GA",NA,42.3,0,0
"8089","93.5%","Bryan",409,"GA","US.80",48,"WE","",0,0,"",0,"Bryan","GA",NA,5.8,0,0
"8090","93.5%","Effingham",445,"GA","US.80",49,"WE","",0,0,"",0,"Effingham","GA",NA,6.3,0,0
"8091","93.5%","Chatham",419,"GA","US.80",50,"WE","",0,0,"",0,"Chatham","GA",NA,36.4,0,0
"8092","93.5%","Tarrant",2835,"TX","US.81",1,"SN","",0,0,"",0,"Tarrant","TX",NA,10.7,0,0
"8093","93.5%","Wise",2864,"TX","US.81",2,"SN","",0,0,"",0,"Wise","TX",NA,37.6,0,0
"8094","93.5%","Montague",2784,"TX","US.81",3,"SN","",0,0,"",0,"Montague","TX",NA,33.5,0,0
"8095","93.5%","Jefferson",2179,"OK","US.81",4,"SN","",0,0,"",0,"Jefferson","OK",NA,29.5,0,1
"8096","93.5%","Stephens",2214,"OK","US.81",5,"SN","",0,0,"",0,"Stephens","OK",NA,27.6,1,0
"8097","93.5%","Grady",2171,"OK","US.81",6,"SN","",0,0,"",0,"Grady","OK",NA,49.4,0,0
"8098","93.6%","Canadian",2154,"OK","US.81",7,"SN","",0,0,"",0,"Canadian","OK",NA,26.1,0,0
"8099","93.6%","Kingfisher",2182,"OK","US.81",8,"SN","",0,0,"",0,"Kingfisher","OK",NA,31.7,1,0
"8100","93.6%","Garfield",2169,"OK","US.81",9,"SN","",0,0,"",0,"Garfield","OK",NA,29.9,0,1
"8101","93.6%","Grant",2172,"OK","US.81",10,"SN","",0,0,"",0,"Grant","OK",NA,34.9,0,1
"8102","93.6%","Sumner",992,"KS","US.81",11,"SN","",0,0,"",0,"Sumner","KS",NA,46.7,0,0
"8103","93.6%","Sedgwick",983,"KS","US.81",12,"SN","",0,0,"",0,"Sedgwick","KS",NA,31.4,0,0
"8104","93.6%","Harvey",936,"KS","US.81",13,"SN","",0,0,"",0,"Harvey","KS",NA,20.8,0,0
"8105","93.6%","McPherson",955,"KS","US.81",14,"SN","",0,0,"",0,"McPherson","KS",NA,33.8,0,0
"8106","93.6%","Saline",981,"KS","US.81",15,"SN","",0,0,"",0,"Saline","KS",NA,24.6,0,0
"8107","93.7%","Ottawa",968,"KS","US.81",16,"SN","",0,0,"",0,"Ottawa","KS",NA,24.5,1,0
"8108","93.7%","Cloud",911,"KS","US.81",17,"SN","",0,0,"",0,"Cloud","KS",NA,24,0,0
"8109","93.7%","Republic",975,"KS","US.81",18,"SN","",0,0,"",0,"Republic","KS",NA,24.6,0,0
"8110","93.7%","Thayer",1749,"NE","US.81",19,"SN","",0,0,"",0,"Thayer","NE",NA,25.5,0,0
"8111","93.7%","Fillmore",1694,"NE","US.81",20,"SN","",0,0,"",0,"Fillmore","NE",NA,24.8,0,1
"8112","93.7%","York",1757,"NE","US.81",21,"SN","",0,0,"",0,"York","NE",NA,25.2,0,0
"8113","93.7%","Polk",1736,"NE","US.81",22,"SN","",0,0,"",0,"Polk","NE",NA,28.4,1,1
"8114","93.7%","Butler",1676,"NE","US.81",23,"SN","Abuts, to the East, 14.2 mi. shared with Polk",0,0,"",0,"Butler","NE","14.20",7.1,1,0
"8115","93.8%","Platte",1735,"NE","US.81",24,"SN","",0,0,"",0,"Platte","NE",NA,26.4,0,0
"8116","93.8%","Madison",1723,"NE","US.81",25,"SN","",0,0,"",0,"Madison","NE",NA,24.8,0,1
"8117","93.8%","Pierce",1734,"NE","US.81",26,"SN","",0,0,"",0,"Pierce","NE",NA,24,0,1
"8118","93.8%","Cedar",1678,"NE","US.81",27,"SN","",0,0,"",0,"Cedar","NE",NA,29.9,0,0
"8119","93.8%","Yankton",2519,"SD","US.81",28,"SN","",0,0,"",0,"Yankton","SD",NA,21.4,1,0
"8120","93.8%","Hutchinson",2487,"SD","US.81",29,"SN","",0,0,"",0,"Hutchinson","SD",NA,23.6,0,0
"8121","93.8%","Turner",2516,"SD","US.81",30,"SN","Abuts, to the South, 0.32 mi. shared with McCook",0,0,"",0,"Turner","SD","0.32",0.16,0,0
"8122","93.8%","McCook",2498,"SD","US.81",31,"SN","",0,0,"",0,"McCook","SD",NA,24.94,0,0
"8123","93.8%","Miner",2502,"SD","US.81",32,"SN","",0,0,"",0,"Miner","SD",NA,11.9,1,0
"8124","93.9%","Lake",2493,"SD","US.81",33,"SN","",0,0,"",0,"Lake","SD",NA,25.2,1,0
"8125","93.9%","Kingsbury",2492,"SD","US.81",34,"SN","Abuts, to the West, 24.1 mi. shared with Brookings",0,0,"",0,"Kingsbury","SD",NA,12.05,0,0
"8126","93.9%","Brookings",2459,"SD","US.81",35,"SN","Abuts, to the East, 24.1 mi. shared with Kingsbury",0,0,"",0,"Brookings","SD","24.10",12.05,0,0
"8127","93.9%","Hamlin",2482,"SD","US.81",36,"SN","",0,0,"",0,"Hamlin","SD",NA,18.4,0,0
"8128","93.9%","Codington",2468,"SD","US.81",37,"SN","",0,0,"",0,"Codington","SD",NA,26.6,0,0
"8129","93.9%","Grant",2479,"SD","US.81",38,"SN","",0,0,"",0,"Grant","SD",NA,10.1,0,1
"8130","93.9%","Roberts",2509,"SD","US.81",39,"SN","",0,0,"",0,"Roberts","SD",NA,46.6,0,0
"8131","93.9%","Richland",2039,"ND","US.81",40,"SN","",0,0,"",0,"Richland","ND",NA,48.2,0,0
"8132","93.9%","Cass",2009,"ND","US.81",41,"SN","",0,0,"",0,"Cass","ND",NA,44,0,0
"8133","94.0%","Traill",2049,"ND","US.81",42,"SN","",0,0,"",0,"Traill","ND",NA,30.9,0,0
"8134","94.0%","Grand Forks",2018,"ND","US.81",43,"SN","",0,0,"",0,"Grand Forks","ND",NA,37.7,0,0
"8135","94.0%","Walsh",2050,"ND","US.81",44,"SN","",0,0,"",0,"Walsh","ND",NA,24.2,0,0
"8136","94.0%","Pembina",2034,"ND","US.81",45,"SN","",0,0,"",0,"Pembina","ND",NA,32.6,0,0
"8137","94.0%","Otero",1825,"NM","US.82",1,"WE","",0,0,"",0,"Otero","NM",NA,43.8,0,0
"8138","94.0%","Chaves",1808,"NM","US.82",2,"WE","",0,0,"",0,"Chaves","NM",NA,36.1,0,0
"8139","94.0%","Eddy",1814,"NM","US.82",3,"WE","",0,0,"",0,"Eddy","NM",NA,63.1,0,0
"8140","94.0%","Lea",1819,"NM","US.82",4,"WE","",0,0,"",0,"Lea","NM",NA,49,0,0
"8141","94.1%","Yoakum",2866,"TX","US.82",5,"WE","",0,0,"",0,"Yoakum","TX",NA,29,0,0
"8142","94.1%","Terry",2838,"TX","US.82",6,"WE","",0,0,"",0,"Terry","TX",NA,34.2,0,0
"8143","94.1%","Hockley",2725,"TX","US.82",7,"WE","",0,0,"",0,"Hockley","TX",NA,8,0,0
"8144","94.1%","Lubbock",2767,"TX","US.82",8,"WE","",0,0,"",0,"Lubbock","TX",NA,34.7,0,0
"8145","94.1%","Crosby",2669,"TX","US.82",9,"WE","",0,0,"",0,"Crosby","TX",NA,30.7,0,0
"8146","94.1%","Dickens",2678,"TX","US.82",10,"WE","",0,0,"",0,"Dickens","TX",NA,31.9,1,0
"8147","94.1%","King",2750,"TX","US.82",11,"WE","",0,0,"",0,"King","TX",NA,33,0,0
"8148","94.1%","Knox",2753,"TX","US.82",12,"WE","",0,0,"",0,"Knox","TX",NA,30.9,0,0
"8149","94.1%","Baylor",2627,"TX","US.82",13,"WE","",0,0,"",0,"Baylor","TX",NA,33.3,0,0
"8150","94.2%","Archer",2620,"TX","US.82",14,"WE","",0,0,"",0,"Archer","TX",NA,18.7,0,0
"8151","94.2%","Wichita",2858,"TX","US.82",15,"WE","",0,0,"",0,"Wichita","TX",NA,15.8,0,0
"8152","94.2%","Clay",2654,"TX","US.82",16,"WE","",0,0,"",0,"Clay","TX",NA,27,0,0
"8153","94.2%","Montague",2784,"TX","US.82",17,"WE","",0,0,"",0,"Montague","TX",NA,31.1,0,0
"8154","94.2%","Cooke",2664,"TX","US.82",18,"WE","",0,0,"",0,"Cooke","TX",NA,31.9,0,0
"8155","94.2%","Grayson",2706,"TX","US.82",19,"WE","",0,0,"",0,"Grayson","TX",NA,33.5,0,0
"8156","94.2%","Fannin",2689,"TX","US.82",20,"WE","",0,0,"",0,"Fannin","TX",NA,30.8,0,0
"8157","94.2%","Lamar",2755,"TX","US.82",21,"WE","",0,0,"",0,"Lamar","TX",NA,34.5,0,0
"8158","94.2%","Red River",2809,"TX","US.82",22,"WE","",0,0,"",0,"Red River","TX",NA,35.3,0,0
"8159","94.3%","Bowie",2634,"TX","US.82",23,"WE","",0,0,"",0,"Bowie","TX",NA,43,0,0
"8160","94.3%","Miller",163,"AR","US.82",24,"WE","",0,0,"",0,"Miller","AR",NA,22.6,0,0
"8161","94.3%","Lafayette",154,"AR","US.82",25,"WE","",0,0,"",0,"Lafayette","AR",NA,17.1,1,0
"8162","94.3%","Columbia",131,"AR","US.82",26,"WE","",0,0,"",0,"Columbia","AR",NA,29,0,0
"8163","94.3%","Union",187,"AR","US.82",27,"WE","",0,0,"",0,"Union","AR",NA,54.8,0,0
"8164","94.3%","Ashley",119,"AR","US.82",28,"WE","",0,0,"",0,"Ashley","AR",NA,45.8,0,0
"8165","94.3%","Chicot",126,"AR","US.82",29,"WE","",0,0,"",0,"Chicot","AR",NA,21.9,0,0
"8166","94.3%","Washington",1486,"MS","US.82",30,"WE","",0,0,"",0,"Washington","MS",NA,26,0,1
"8167","94.4%","Sunflower",1477,"MS","US.82",31,"WE","",0,0,"",0,"Sunflower","MS",NA,18.4,0,0
"8168","94.4%","Leflore",1452,"MS","US.82",32,"WE","",0,0,"",0,"Leflore","MS",NA,23.1,0,0
"8169","94.4%","Carroll",1418,"MS","US.82",33,"WE","",0,0,"",0,"Carroll","MS",NA,18.6,0,0
"8170","94.4%","Montgomery",1459,"MS","US.82",34,"WE","",0,0,"",0,"Montgomery","MS",NA,23.8,0,0
"8171","94.4%","Webster",1488,"MS","US.82",35,"WE","",0,0,"",0,"Webster","MS",NA,20.5,1,0
"8172","94.4%","Choctaw",1420,"MS","US.82",36,"WE","",0,0,"GE",0,"Choctaw","MS","0.11",0.11,1,0
"8173","94.4%","Oktibbeha",1463,"MS","US.82",37,"WE","",0,0,"",0,"Oktibbeha","MS",NA,25.7,1,0
"8174","94.4%","Lowndes",1454,"MS","US.82",38,"WE","",0,0,"",0,"Lowndes","MS",NA,24.5,0,0
"8175","94.4%","Pickens",54,"AL","US.82",39,"WE","",0,0,"",0,"Pickens","AL",NA,30.5,1,0
"8176","94.5%","Tuscaloosa",63,"AL","US.82",40,"WE","",0,0,"",0,"Tuscaloosa","AL",NA,40.1,0,0
"8177","94.5%","Bibb",4,"AL","US.82",41,"WE","",0,0,"",0,"Bibb","AL",NA,26.9,0,0
"8178","94.5%","Chilton",11,"AL","US.82",42,"WE","",0,0,"",0,"Chilton","AL",NA,16.7,0,0
"8179","94.5%","Autauga",1,"AL","US.82",43,"WE","",0,0,"",0,"Autauga","AL",NA,27.9,0,0
"8180","94.5%","Elmore",26,"AL","US.82",44,"WE","",0,0,"",0,"Elmore","AL",NA,4.4,0,0
"8181","94.5%","Montgomery",51,"AL","US.82",45,"WE","",0,0,"",0,"Montgomery","AL",NA,34.3,0,0
"8182","94.5%","Bullock",6,"AL","US.82",46,"WE","",0,0,"",0,"Bullock","AL",NA,38.7,0,0
"8183","94.5%","Barbour",3,"AL","US.82",47,"WE","",0,0,"",0,"Barbour","AL",NA,21.6,0,0
"8184","94.5%","Quitman",512,"GA","US.82",48,"WE","",0,0,"",0,"Quitman","GA",NA,15.4,1,0
"8185","94.6%","Randolph",514,"GA","US.82",49,"WE","",0,0,"",0,"Randolph","GA",NA,21.1,0,0
"8186","94.6%","Terrell",529,"GA","US.82",50,"WE","Reentry from North",0,0,"",2001,"Terrell","GA",NA,19.54,0,0
"8187","94.6%","Lee",482,"GA","US.82",51,"WE","Reentry from North",0,0,"",2002,"Lee","GA","0.60",0.6,0,0
"8188","94.6%","Terrell",529,"GA","US.82",52,"WE","Reentry from South",0,0,"",3001,"Terrell","GA","0.76",0.76,0,0
"8189","94.6%","Lee",482,"GA","US.82",53,"WE","Reentry from South",0,0,"",3002,"Lee","GA",NA,5.8,0,0
"8190","94.6%","Dougherty",441,"GA","US.82",54,"WE","",0,0,"",0,"Dougherty","GA",NA,15.8,0,0
"8191","94.6%","Worth",553,"GA","US.82",55,"WE","",0,0,"",0,"Worth","GA",NA,20.1,1,0
"8192","94.6%","Tift",531,"GA","US.82",56,"WE","",0,0,"",0,"Tift","GA",NA,18.6,0,0
"8193","94.7%","Berrien",404,"GA","US.82",57,"WE","",0,0,"",0,"Berrien","GA",NA,16.6,0,0
"8194","94.7%","Atkinson",396,"GA","US.82",58,"WE","",0,0,"",0,"Atkinson","GA",NA,24.7,0,0
"8195","94.7%","Ware",542,"GA","US.82",59,"WE","",0,0,"",0,"Ware","GA",NA,31.7,0,0
"8196","94.7%","Brantley",407,"GA","US.82",60,"WE","",0,0,"",0,"Brantley","GA",NA,27.2,0,0
"8197","94.7%","Glynn",457,"GA","US.82",61,"WE","",0,0,"",0,"Glynn","GA",NA,13.2,0,0
"8198","94.7%","Cameron",2646,"TX","US.83",1,"SN","",0,0,"",0,"Cameron","TX",NA,36.6,0,0
"8199","94.7%","Hidalgo",2723,"TX","US.83",2,"SN","",0,0,"",0,"Hidalgo","TX",NA,47.8,0,0
"8200","94.7%","Starr",2829,"TX","US.83",3,"SN","",0,0,"",0,"Starr","TX",NA,46.7,1,0
"8201","94.7%","Zapata",2868,"TX","US.83",4,"SN","",0,0,"",0,"Zapata","TX",NA,55.3,1,0
"8202","94.8%","Webb",2855,"TX","US.83",5,"SN","",0,0,"",0,"Webb","TX",NA,71.5,0,0
"8203","94.8%","Dimmit",2679,"TX","US.83",6,"SN","",0,0,"",0,"Dimmit","TX",NA,37.8,0,0
"8204","94.8%","Zavala",2869,"TX","US.83",7,"SN","",0,0,"",0,"Zavala","TX",NA,31.6,0,0
"8205","94.8%","Uvalde",2847,"TX","US.83",8,"SN","",0,0,"",0,"Uvalde","TX",NA,41.6,0,0
"8206","94.8%","Real",2808,"TX","US.83",9,"SN","",0,0,"",0,"Real","TX",NA,34.6,1,0
"8207","94.8%","Kerr",2748,"TX","US.83",10,"SN","Reentry from North",0,0,"",2001,"Kerr","TX",NA,7.96,0,0
"8208","94.8%","Edwards",2684,"TX","US.83",11,"SN","",0,0,"",0,"Edwards","TX",NA,3.4,0,0
"8209","94.8%","Kerr",2748,"TX","US.83",12,"SN","Reentry from South",0,0,"",3001,"Kerr","TX","6.44",6.44,0,0
"8210","94.8%","Kimble",2749,"TX","US.83",13,"SN","",0,0,"",0,"Kimble","TX",NA,31,0,0
"8211","94.9%","Menard",2779,"TX","US.83",14,"SN","",0,0,"",0,"Menard","TX",NA,27,0,0
"8212","94.9%","Concho",2663,"TX","US.83",15,"SN","",0,0,"",0,"Concho","TX",NA,34.5,0,0
"8213","94.9%","Runnels",2815,"TX","US.83",16,"SN","",0,0,"",0,"Runnels","TX",NA,36.3,0,0
"8214","94.9%","Taylor",2836,"TX","US.83",17,"SN","",0,0,"",0,"Taylor","TX",NA,36.2,0,1
"8215","94.9%","Jones",2742,"TX","US.83",18,"SN","",0,0,"",0,"Jones","TX",NA,39.8,0,0
"8216","94.9%","Fisher",2691,"TX","US.83",19,"SN","",0,0,"",0,"Fisher","TX",NA,1.5,0,0
"8217","94.9%","Stonewall",2832,"TX","US.83",20,"SN","",0,0,"",0,"Stonewall","TX",NA,31.9,0,0
"8218","94.9%","King",2750,"TX","US.83",21,"SN","",0,0,"",0,"King","TX",NA,30.9,0,0
"8219","95.0%","Cottle",2666,"TX","US.83",22,"SN","",0,0,"",0,"Cottle","TX",NA,33.7,0,0
"8220","95.0%","Childress",2653,"TX","US.83",23,"SN","",0,0,"",0,"Childress","TX",NA,31.5,0,0
"8221","95.0%","Collingsworth",2659,"TX","US.83",24,"SN","",0,0,"",0,"Collingsworth","TX",NA,30.9,1,0
"8222","95.0%","Wheeler",2857,"TX","US.83",25,"SN","",0,0,"",0,"Wheeler","TX",NA,31.9,0,0
"8223","95.0%","Hemphill",2721,"TX","US.83",26,"SN","",0,0,"",0,"Hemphill","TX",NA,35.5,0,0
"8224","95.0%","Lipscomb",2763,"TX","US.83",27,"SN","",0,0,"",0,"Lipscomb","TX",NA,3.6,0,0
"8225","95.0%","Ochiltree",2794,"TX","US.83",28,"SN","",0,0,"",0,"Ochiltree","TX",NA,34.8,1,0
"8226","95.0%","Seward",984,"KS","US.83",29,"SN","",0,0,"",0,"Seward","KS",NA,29.6,0,0
"8227","95.0%","Haskell",937,"KS","US.83",30,"SN","",0,0,"",0,"Haskell","KS",NA,24,0,0
"8228","95.1%","Beaver",2149,"OK","US.83",31,"SN","",0,0,"",0,"Beaver","OK",NA,36.1,0,0
"8229","95.1%","Finney",924,"KS","US.83",32,"SN","",0,0,"",0,"Finney","KS",NA,39.5,0,0
"8230","95.1%","Scott",982,"KS","US.83",33,"SN","",0,0,"",0,"Scott","KS",NA,30.9,1,0
"8231","95.1%","Logan",951,"KS","US.83",34,"SN","",0,0,"",0,"Logan","KS",NA,31,0,0
"8232","95.1%","Thomas",993,"KS","US.83",35,"SN","",0,0,"",0,"Thomas","KS",NA,29.5,0,0
"8233","95.1%","Sheridan",986,"KS","US.83",36,"SN","",0,0,"",0,"Sheridan","KS",NA,12,0,0
"8234","95.1%","Decatur",916,"KS","US.83",37,"SN","",0,0,"",0,"Decatur","KS",NA,30.4,0,0
"8235","95.1%","Red Willow",1737,"NE","US.83",38,"SN","",0,0,"",0,"Red Willow","NE",NA,26.3,0,0
"8236","95.1%","Frontier",1696,"NE","US.83",39,"SN","",0,0,"",0,"Frontier","NE",NA,25.5,1,0
"8237","95.2%","Lincoln",1720,"NE","US.83",40,"SN","",0,0,"",0,"Lincoln","NE",NA,53.4,0,1
"8238","95.2%","Cherry",1680,"NE","US.83",41,"SN","",0,0,"",0,"Cherry","NE",NA,65.7,0,0
"8239","95.2%","Logan",1721,"NE","US.83",42,"SN","",0,0,"",0,"Logan","NE",NA,24.9,1,0
"8240","95.2%","Thomas",1750,"NE","US.83",43,"SN","",0,0,"",0,"Thomas","NE",NA,26.8,1,0
"8241","95.2%","Todd",2514,"SD","US.83",44,"SN","",0,0,"",0,"Todd","SD",NA,31.1,0,0
"8242","95.2%","Mellette",2501,"SD","US.83",45,"SN","",0,0,"",0,"Mellette","SD",NA,23.9,1,0
"8243","95.2%","Jones",2491,"SD","US.83",46,"SN","",0,0,"",0,"Jones","SD",NA,29.6,0,0
"8244","95.2%","Stanley",2512,"SD","US.83",47,"SN","",0,0,"",0,"Stanley","SD",NA,13.2,0,0
"8245","95.3%","Hughes",2486,"SD","US.83",48,"SN","",0,0,"",0,"Hughes","SD",NA,21.3,0,0
"8246","95.3%","Sully",2513,"SD","US.83",49,"SN","",0,0,"",0,"Sully","SD",NA,24.1,1,0
"8247","95.3%","Potter",2508,"SD","US.83",50,"SN","",0,0,"",0,"Potter","SD",NA,24.9,0,0
"8248","95.3%","Walworth",2518,"SD","US.83",51,"SN","",0,0,"",0,"Walworth","SD",NA,25.2,0,0
"8249","95.3%","Campbell",2464,"SD","US.83",52,"SN","",0,0,"",0,"Campbell","SD",NA,24.2,1,0
"8250","95.3%","Emmons",2015,"ND","US.83",53,"SN","",0,0,"",0,"Emmons","ND",NA,51.8,1,0
"8251","95.3%","Burleigh",2008,"ND","US.83",54,"SN","",0,0,"",0,"Burleigh","ND",NA,59.9,0,0
"8252","95.3%","McLean",2028,"ND","US.83",55,"SN","",0,0,"",0,"McLean","ND",NA,58.6,1,0
"8253","95.3%","Ward",2051,"ND","US.83",56,"SN","",0,0,"",0,"Ward","ND",NA,42.3,0,0
"8254","95.4%","Renville",2038,"ND","US.83",57,"SN","",0,0,"",0,"Renville","ND",NA,6,0,0
"8255","95.4%","Bottineau",2005,"ND","US.83",58,"SN","",0,0,"",0,"Bottineau","ND",NA,44,1,0
"8256","95.4%","Archuleta",254,"CO","US.84",1,"WE","",0,0,"",0,"Archuleta","CO",NA,27.9,0,0
"8257","95.4%","Rio Arriba",1827,"NM","US.84",2,"WE","",0,0,"",0,"Rio Arriba","NM",NA,100.1,0,0
"8258","95.4%","Santa Fe",1832,"NM","US.84",3,"WE","",0,0,"",0,"Santa Fe","NM",NA,47.5,0,0
"8259","95.4%","San Miguel",1830,"NM","US.84",4,"WE","",0,0,"",0,"San Miguel","NM",NA,61.2,0,0
"8260","95.4%","Guadalupe",1816,"NM","US.84",5,"WE","",0,0,"",0,"Guadalupe","NM",NA,61.7,0,0
"8261","95.4%","De Baca",1812,"NM","US.84",6,"WE","",0,0,"",0,"De Baca","NM",NA,36.3,0,0
"8262","95.4%","Roosevelt",1828,"NM","US.84",7,"WE","",0,0,"",0,"Roosevelt","NM",NA,12.3,0,1
"8263","95.5%","Curry",1811,"NM","US.84",8,"WE","",0,0,"",0,"Curry","NM",NA,40.2,0,0
"8264","95.5%","Parmer",2800,"TX","US.84",9,"WE","",0,0,"",0,"Parmer","TX",NA,10.7,0,0
"8265","95.5%","Bailey",2624,"TX","US.84",10,"WE","",0,0,"",0,"Bailey","TX",NA,19.8,0,0
"8266","95.5%","Lamb",2756,"TX","US.84",11,"WE","",0,0,"",0,"Lamb","TX",NA,34,0,0
"8267","95.5%","Hockley",2725,"TX","US.84",12,"WE","",0,0,"",0,"Hockley","TX",NA,7.8,0,0
"8268","95.5%","Lubbock",2767,"TX","US.84",13,"WE","",0,0,"",0,"Lubbock","TX",NA,39.5,0,0
"8269","95.5%","Lynn",2768,"TX","US.84",14,"WE","",0,0,"",0,"Lynn","TX",NA,3.7,0,0
"8270","95.5%","Garza",2700,"TX","US.84",15,"WE","",0,0,"",0,"Garza","TX",NA,39.5,0,0
"8271","95.6%","Scurry",2823,"TX","US.84",16,"WE","",0,0,"",0,"Scurry","TX",NA,40.8,0,0
"8272","95.6%","Mitchell",2783,"TX","US.84",17,"WE","",0,0,"",0,"Mitchell","TX",NA,0.5,0,0
"8273","95.6%","Nolan",2792,"TX","US.84",18,"WE","",0,0,"",0,"Nolan","TX",NA,33.5,0,0
"8274","95.6%","Taylor",2836,"TX","US.84",19,"WE","",0,0,"",0,"Taylor","TX",NA,49.9,0,1
"8275","95.6%","Coleman",2657,"TX","US.84",20,"WE","",0,0,"",0,"Coleman","TX",NA,41,0,0
"8276","95.6%","Brown",2640,"TX","US.84",21,"WE","",0,0,"",0,"Brown","TX",NA,28.1,0,0
"8277","95.6%","Mills",2782,"TX","US.84",22,"WE","",0,0,"",0,"Mills","TX",NA,34.2,0,0
"8278","95.6%","Hamilton",2712,"TX","US.84",23,"WE","",0,0,"",0,"Hamilton","TX",NA,9.8,0,0
"8279","95.6%","Coryell",2665,"TX","US.84",24,"WE","",0,0,"",0,"Coryell","TX",NA,39.4,0,0
"8280","95.7%","McLennan",2776,"TX","US.84",25,"WE","",0,0,"",0,"McLennan","TX",NA,40.8,0,0
"8281","95.7%","Limestone",2762,"TX","US.84",26,"WE","",0,0,"",0,"Limestone","TX",NA,27.7,1,0
"8282","95.7%","Freestone",2696,"TX","US.84",27,"WE","",0,0,"",0,"Freestone","TX",NA,42.1,0,0
"8283","95.7%","Anderson",2616,"TX","US.84",28,"WE","",0,0,"",0,"Anderson","TX",NA,28,0,0
"8284","95.7%","Cherokee",2652,"TX","US.84",29,"WE","",0,0,"",0,"Cherokee","TX",NA,26.7,0,0
"8285","95.7%","Rusk",2816,"TX","US.84",30,"WE","",0,0,"",0,"Rusk","TX",NA,28.9,0,0
"8286","95.7%","Shelby",2825,"TX","US.84",31,"WE","",0,0,"",0,"Shelby","TX",NA,31.6,0,0
"8287","95.7%","De Soto",1137,"LA","US.84",32,"WE","",0,0,"",0,"De Soto","LA",NA,33,0,0
"8288","95.7%","Red River",1162,"LA","US.84",33,"WE","",0,0,"",0,"Red River","LA",NA,22.8,0,0
"8289","95.8%","Natchitoches",1156,"LA","US.84",34,"WE","",0,0,"",0,"Natchitoches","LA",NA,19.3,0,0
"8290","95.8%","Winn",1185,"LA","US.84",35,"WE","",0,0,"",0,"Winn","LA",NA,41.1,0,0
"8291","95.8%","LaSalle",1151,"LA","US.84",36,"WE","",0,0,"",0,"LaSalle","LA",NA,27.7,0,0
"8292","95.8%","Catahoula",1134,"LA","US.84",37,"WE","",0,0,"",0,"Catahoula","LA",NA,13.2,0,0
"8293","95.8%","Concordia",1136,"LA","US.84",38,"WE","",0,0,"",0,"Concordia","LA",NA,26.1,0,0
"8294","95.8%","Adams",1411,"MS","US.84",39,"WE","",0,0,"",0,"Adams","MS",NA,18.9,0,1
"8295","95.8%","Franklin",1429,"MS","US.84",40,"WE","",0,0,"",0,"Franklin","MS",NA,33.7,0,0
"8296","95.8%","Lincoln",1453,"MS","US.84",41,"WE","",0,0,"",0,"Lincoln","MS",NA,23.7,0,1
"8297","95.9%","Lawrence",1449,"MS","US.84",42,"WE","",0,0,"",0,"Lawrence","MS",NA,16.9,1,0
"8298","95.9%","Jefferson Davis",1443,"MS","US.84",43,"WE","",0,0,"",0,"Jefferson Davis","MS",NA,14.6,1,0
"8299","95.9%","Covington",1426,"MS","US.84",44,"WE","",0,0,"",0,"Covington","MS",NA,23.5,0,0
"8300","95.9%","Jones",1444,"MS","US.84",45,"WE","",0,0,"",0,"Jones","MS",NA,30,0,0
"8301","95.9%","Wayne",1487,"MS","US.84",46,"WE","",0,0,"",0,"Wayne","MS",NA,30.8,0,0
"8302","95.9%","Choctaw",12,"AL","US.84",47,"WE","",0,0,"",0,"Choctaw","AL",NA,22.7,1,0
"8303","95.9%","Clarke",13,"AL","US.84",48,"WE","",0,0,"",0,"Clarke","AL",NA,36.3,0,0
"8304","95.9%","Monroe",50,"AL","US.84",49,"WE","",0,0,"",0,"Monroe","AL",NA,22,1,1
"8305","95.9%","Conecuh",18,"AL","US.84",50,"WE","",0,0,"",0,"Conecuh","AL",NA,37.6,0,0
"8306","96.0%","Covington",20,"AL","US.84",51,"WE","",0,0,"",0,"Covington","AL",NA,38,0,0
"8307","96.0%","Coffee",16,"AL","US.84",52,"WE","",0,0,"",0,"Coffee","AL",NA,30.4,0,0
"8308","96.0%","Dale",23,"AL","US.84",53,"WE","",0,0,"",0,"Dale","AL",NA,8.4,0,0
"8309","96.0%","Houston",35,"AL","US.84",54,"WE","",0,0,"",0,"Houston","AL",NA,41.5,0,0
"8310","96.0%","Early",443,"GA","US.84",55,"WE","",0,0,"",0,"Early","GA",NA,6.8,0,0
"8311","96.0%","Seminole",519,"GA","US.84",56,"WE","",0,0,"",0,"Seminole","GA",NA,13.7,1,0
"8312","96.0%","Decatur",437,"GA","US.84",57,"WE","",0,0,"",0,"Decatur","GA",NA,25.3,0,0
"8313","96.0%","Grady",459,"GA","US.84",58,"WE","",0,0,"",0,"Grady","GA",NA,19.1,0,0
"8314","96.0%","Thomas",530,"GA","US.84",59,"WE","",0,0,"",0,"Thomas","GA",NA,23.4,0,0
"8315","96.1%","Brooks",408,"GA","US.84",60,"WE","",0,0,"",0,"Brooks","GA",NA,17.2,0,0
"8316","96.1%","Lowndes",486,"GA","US.84",61,"WE","",0,0,"",0,"Lowndes","GA",NA,27,0,0
"8317","96.1%","Lanier",480,"GA","US.84",62,"WE","",0,0,"",0,"Lanier","GA",NA,4.4,0,0
"8318","96.1%","Clinch",426,"GA","US.84",63,"WE","",0,0,"",0,"Clinch","GA",NA,23.4,0,0
"8319","96.1%","Ware",542,"GA","US.84",64,"WE","",0,0,"",0,"Ware","GA",NA,22.3,0,0
"8320","96.1%","Pierce",507,"GA","US.84",65,"WE","",0,0,"",0,"Pierce","GA",NA,22.3,1,1
"8321","96.1%","Wayne",545,"GA","US.84",66,"WE","",0,0,"",0,"Wayne","GA",NA,21,0,0
"8322","96.1%","Long",485,"GA","US.84",67,"WE","",0,0,"",0,"Long","GA",NA,13.8,0,0
"8323","96.2%","Liberty",483,"GA","US.84",68,"WE","",0,0,"",0,"Liberty","GA",NA,21.5,0,0
"8324","96.2%","El Paso",2685,"TX","US.85",1,"SN","",0,0,"W",0,"El Paso","TX","5.63",19.7,0,0
"8325","96.2%","Doña Ana",1813,"NM","US.85",2,"SN","Unsigned",0,0,"",0,"Doña Ana","NM",NA,71.4,0,0
"8326","96.2%","Sierra",1833,"NM","US.85",3,"SN","Unsigned",0,0,"",0,"Sierra","NM",NA,51.9,0,0
"8327","96.2%","Socorro",1834,"NM","US.85",4,"SN","Unsigned",0,0,"",0,"Socorro","NM",NA,81,0,0
"8328","96.2%","Valencia",1838,"NM","US.85",5,"SN","Unsigned",0,0,"",0,"Valencia","NM",NA,23.2,0,0
"8329","96.2%","Bernalillo",1806,"NM","US.85",6,"SN","Unsigned",0,0,"",0,"Bernalillo","NM",NA,27.4,0,0
"8330","96.2%","Sandoval",1831,"NM","US.85",7,"SN","Unsigned",0,0,"",0,"Sandoval","NM",NA,28.1,0,0
"8331","96.2%","Santa Fe",1832,"NM","US.85",8,"SN","Unsigned",0,0,"",0,"Santa Fe","NM",NA,39.7,0,0
"8332","96.3%","San Miguel",1830,"NM","US.85",9,"SN","Unsigned",0,0,"",0,"San Miguel","NM",NA,61,0,0
"8333","96.3%","Mora",1824,"NM","US.85",10,"SN","Unsigned",0,0,"",0,"Mora","NM",NA,38.5,0,0
"8334","96.3%","Colfax",1810,"NM","US.85",11,"SN","Unsigned",0,0,"",0,"Colfax","NM",NA,57.8,0,0
"8335","96.3%","Las Animas",287,"CO","US.85",12,"SN","",0,0,"",0,"Las Animas","CO",NA,39.1,0,0
"8336","96.3%","Huerfano",279,"CO","US.85",13,"SN","",0,0,"",0,"Huerfano","CO",NA,29.8,0,0
"8337","96.3%","Pueblo",302,"CO","US.85",14,"SN","",0,0,"",0,"Pueblo","CO",NA,47.4,0,0
"8338","96.3%","El Paso",271,"CO","US.85",15,"SN","",0,0,"",0,"El Paso","CO",NA,47.3,0,0
"8339","96.3%","Douglas",269,"CO","US.85",16,"SN","",0,0,"",0,"Douglas","CO",NA,36.7,0,0
"8340","96.3%","Arapahoe",253,"CO","US.85",17,"SN","",0,0,"",0,"Arapahoe","CO",NA,7.4,0,0
"8341","96.4%","Denver",267,"CO","US.85",18,"SN","",0,0,"",0,"Denver","CO",NA,11.9,0,0
"8342","96.4%","Adams",251,"CO","US.85",19,"SN","",0,0,"",0,"Adams","CO",NA,16.2,0,1
"8343","96.4%","Weld",313,"CO","US.85",20,"SN","",0,0,"",0,"Weld","CO",NA,73.4,0,0
"8344","96.4%","Goshen",3260,"WY","US.85",21,"SN","",0,0,"",0,"Goshen","WY",NA,82.3,0,0
"8345","96.4%","Laramie",3263,"WY","US.85",22,"SN","",0,0,"",0,"Laramie","WY",NA,56.7,0,0
"8346","96.4%","Niobrara",3266,"WY","US.85",23,"SN","",0,0,"",0,"Niobrara","WY",NA,65.9,0,0
"8347","96.4%","Weston",3275,"WY","US.85",24,"SN","",0,0,"",0,"Weston","WY",NA,50.7,0,0
"8348","96.4%","Lawrence",2494,"SD","US.85",25,"SN","",0,0,"",0,"Lawrence","SD",NA,49.3,0,0
"8349","96.5%","Butte",2463,"SD","US.85",26,"SN","",0,0,"",0,"Butte","SD",NA,50.5,0,0
"8350","96.5%","Harding",2485,"SD","US.85",27,"SN","",0,0,"",0,"Harding","SD",NA,54,1,1
"8351","96.5%","Bowman",2006,"ND","US.85",28,"SN","",0,0,"",0,"Bowman","ND",NA,25.3,0,0
"8352","96.5%","Slope",2044,"ND","US.85",29,"SN","",0,0,"",0,"Slope","ND",NA,31.8,0,0
"8353","96.5%","Stark",2045,"ND","US.85",30,"SN","",0,0,"",0,"Stark","ND",NA,24.3,0,0
"8354","96.5%","Billings",2004,"ND","US.85",31,"SN","",0,0,"",0,"Billings","ND",NA,25.1,0,0
"8355","96.5%","McKenzie",2027,"ND","US.85",32,"SN","",0,0,"",0,"McKenzie","ND",NA,73.6,1,0
"8356","96.5%","Williams",2053,"ND","US.85",33,"SN","",0,0,"",0,"Williams","ND",NA,39.9,0,0
"8357","96.5%","Divide",2012,"ND","US.85",34,"SN","",0,0,"",0,"Divide","ND",NA,33.6,1,0
"8358","96.6%","Calhoun",2644,"TX","US.87",1,"SN","",0,0,"",0,"Calhoun","TX",NA,10.2,1,0
"8359","96.6%","Victoria",2850,"TX","US.87",2,"SN","",0,0,"",0,"Victoria","TX",NA,32.8,0,0
"8360","96.6%","DeWitt",2677,"TX","US.87",3,"SN","",0,0,"",0,"DeWitt","TX",NA,30.4,0,0
"8361","96.6%","Gonzales",2704,"TX","US.87",4,"SN","",0,0,"",0,"Gonzales","TX",NA,18.7,0,0
"8362","96.6%","Wilson",2862,"TX","US.87",5,"SN","",0,0,"",0,"Wilson","TX",NA,31,0,1
"8363","96.6%","Bexar",2630,"TX","US.87",6,"SN","",0,0,"",0,"Bexar","TX",NA,49.1,0,0
"8364","96.6%","Kendall",2745,"TX","US.87",7,"SN","Reentry from North",0,0,"",2001,"Kendall","TX",NA,28.04,0,0
"8365","96.6%","Kerr",2748,"TX","US.87",8,"SN","Reentry from North",0,0,"",2002,"Kerr","TX","0.60",0.6,0,0
"8366","96.7%","Kendall",2745,"TX","US.87",9,"SN","Reentry",0,0,"",1001,"Kendall","TX","0.18",0.18,0,0
"8367","96.7%","Kerr",2748,"TX","US.87",10,"SN","Reentry from South",0,0,"",3002,"Kerr","TX",NA,1.7,0,0
"8368","96.7%","Kendall",2745,"TX","US.87",11,"SN","Reentry from South",0,0,"",3001,"Kendall","TX","2.68",2.68,0,0
"8369","96.7%","Gillespie",2701,"TX","US.87",12,"SN","",0,0,"",0,"Gillespie","TX",NA,28.5,0,0
"8370","96.7%","Mason",2772,"TX","US.87",13,"SN","",0,0,"",0,"Mason","TX",NA,37.6,0,0
"8371","96.7%","McCulloch",2775,"TX","US.87",14,"SN","",0,0,"",0,"McCulloch","TX",NA,31.9,0,0
"8372","96.7%","Concho",2663,"TX","US.87",15,"SN","",0,0,"",0,"Concho","TX",NA,34.8,0,0
"8373","96.7%","Tom Green",2841,"TX","US.87",16,"SN","",0,0,"",0,"Tom Green","TX",NA,51.5,0,0
"8374","96.7%","Coke",2656,"TX","US.87",17,"SN","",0,0,"",0,"Coke","TX",NA,4.6,0,0
"8375","96.8%","Sterling",2831,"TX","US.87",18,"SN","",0,0,"",0,"Sterling","TX",NA,32,1,0
"8376","96.8%","Glasscock",2702,"TX","US.87",19,"SN","",0,0,"",0,"Glasscock","TX",NA,10.2,1,0
"8377","96.8%","Howard",2729,"TX","US.87",20,"SN","",0,0,"",0,"Howard","TX",NA,40.5,0,0
"8378","96.8%","Martin",2771,"TX","US.87",21,"SN","",0,0,"",0,"Martin","TX",NA,1.4,0,0
"8379","96.8%","Dawson",2673,"TX","US.87",22,"SN","",0,0,"",0,"Dawson","TX",NA,37.4,0,0
"8380","96.8%","Lynn",2768,"TX","US.87",23,"SN","",0,0,"",0,"Lynn","TX",NA,30.7,0,0
"8381","96.8%","Lubbock",2767,"TX","US.87",24,"SN","",0,0,"",0,"Lubbock","TX",NA,30.7,0,0
"8382","96.8%","Hale",2710,"TX","US.87",25,"SN","",0,0,"",0,"Hale","TX",NA,37.6,0,0
"8383","96.8%","Swisher",2834,"TX","US.87",26,"SN","",0,0,"",0,"Swisher","TX",NA,31.3,0,0
"8384","96.9%","Randall",2806,"TX","US.87",27,"SN","",0,0,"",0,"Randall","TX",NA,32.4,0,0
"8385","96.9%","Potter",2803,"TX","US.87",28,"SN","",0,0,"",0,"Potter","TX",NA,32.1,0,0
"8386","96.9%","Moore",2786,"TX","US.87",29,"SN","",0,0,"",0,"Moore","TX",NA,27.9,0,0
"8387","96.9%","Hartley",2718,"TX","US.87",30,"SN","",0,0,"",0,"Hartley","TX",NA,27,0,0
"8388","96.9%","Dallam",2671,"TX","US.87",31,"SN","",0,0,"",0,"Dallam","TX",NA,37.8,0,0
"8389","96.9%","Union",1837,"NM","US.87",32,"SN","",0,0,"",0,"Union","NM",NA,64.1,0,0
"8390","96.9%","Colfax",1810,"NM","US.87",33,"SN","",0,0,"",0,"Colfax","NM",NA,35.6,0,0
"8391","96.9%","Las Animas",287,"CO","US.87",34,"SN","",0,0,"",0,"Las Animas","CO",NA,39.1,0,0
"8392","97.0%","Huerfano",279,"CO","US.87",35,"SN","",0,0,"",0,"Huerfano","CO",NA,29.8,0,0
"8393","97.0%","Pueblo",302,"CO","US.87",36,"SN","",0,0,"",0,"Pueblo","CO",NA,47.5,0,0
"8394","97.0%","El Paso",271,"CO","US.87",37,"SN","",0,0,"",0,"El Paso","CO",NA,46.9,0,0
"8395","97.0%","Douglas",269,"CO","US.87",38,"SN","",0,0,"",0,"Douglas","CO",NA,31.7,0,0
"8396","97.0%","Arapahoe",253,"CO","US.87",39,"SN","",0,0,"",0,"Arapahoe","CO",NA,4.3,0,0
"8397","97.0%","Denver",267,"CO","US.87",40,"SN","",0,0,"",0,"Denver","CO",NA,15.1,0,0
"8398","97.0%","Adams",251,"CO","US.87",41,"SN","",0,0,"",0,"Adams","CO",NA,12.6,0,1
"8399","97.0%","Broomfield",258,"CO","US.87",42,"SN","",0,0,"",0,"Broomfield","CO",NA,4,0,0
"8400","97.0%","Weld",313,"CO","US.87",43,"SN","",0,0,"",0,"Weld","CO",NA,28.9,0,0
"8401","97.1%","Larimer",286,"CO","US.87",44,"SN","",0,0,"",0,"Larimer","CO",NA,38.8,0,0
"8402","97.1%","Laramie",3263,"WY","US.87",45,"SN","",0,0,"",0,"Laramie","WY",NA,47.1,0,0
"8403","97.1%","Platte",3268,"WY","US.87",46,"SN","",0,0,"",0,"Platte","WY",NA,73.5,0,0
"8404","97.1%","Converse",3257,"WY","US.87",47,"SN","",0,0,"",0,"Converse","WY",NA,55.4,0,0
"8405","97.1%","Natrona",3265,"WY","US.87",48,"SN","",0,0,"",0,"Natrona","WY",NA,60.7,0,0
"8406","97.1%","Johnson",3262,"WY","US.87",49,"SN","",0,0,"",0,"Johnson","WY",NA,80.8,0,1
"8407","97.1%","Sheridan",3269,"WY","US.87",50,"SN","",0,0,"",0,"Sheridan","WY",NA,44.5,0,0
"8408","97.1%","Big Horn",1610,"MT","US.87",51,"SN","",0,0,"",0,"Big Horn","MT",NA,81.2,0,0
"8409","97.1%","Yellowstone",1664,"MT","US.87",52,"SN","",0,0,"",0,"Yellowstone","MT",NA,45.3,0,0
"8410","97.2%","Musselshell",1641,"MT","US.87",53,"SN","",0,0,"",0,"Musselshell","MT",NA,46.1,0,0
"8411","97.2%","Petroleum",1643,"MT","US.87",54,"SN","",0,0,"",0,"Petroleum","MT",NA,4.7,1,0
"8412","97.2%","Fergus",1622,"MT","US.87",55,"SN","",0,0,"",0,"Fergus","MT",NA,67.1,0,0
"8413","97.2%","Judith Basin",1631,"MT","US.87",56,"SN","",0,0,"",0,"Judith Basin","MT",NA,56.8,0,0
"8414","97.2%","Cascade",1615,"MT","US.87",57,"SN","",0,0,"",0,"Cascade","MT",NA,45.4,0,0
"8415","97.2%","Chouteau",1616,"MT","US.87",58,"SN","",0,0,"",0,"Chouteau","MT",NA,72.6,1,0
"8416","97.2%","Hill",1629,"MT","US.87",59,"SN","",0,0,"",0,"Hill","MT",NA,21.9,0,0
"8417","97.2%","Coconino",105,"AZ","US.89",1,"SN","",0,0,"W",0,"Coconino","AZ","136.49",137.7,0,0
"8418","97.3%","Kane",2893,"UT","US.89",2,"SN","",0,0,"",0,"Kane","UT",NA,108.1,0,0
"8419","97.3%","Garfield",2889,"UT","US.89",3,"SN","",0,0,"",0,"Garfield","UT",NA,48.5,1,1
"8420","97.3%","Piute",2896,"UT","US.89",4,"SN","",0,0,"",0,"Piute","UT",NA,27.9,1,0
"8421","97.3%","Sevier",2901,"UT","US.89",5,"SN","",0,0,"",0,"Sevier","UT",NA,48.4,0,0
"8422","97.3%","Sanpete",2900,"UT","US.89",6,"SN","",0,0,"",0,"Sanpete","UT",NA,64.5,1,0
"8423","97.3%","Utah",2905,"UT","US.89",7,"SN","",0,0,"",0,"Utah","UT",NA,59.8,0,0
"8424","97.3%","Salt Lake",2898,"UT","US.89",8,"SN","",0,0,"",0,"Salt Lake","UT",NA,27,0,0
"8425","97.3%","Davis",2886,"UT","US.89",9,"SN","",0,0,"",0,"Davis","UT",NA,22.2,0,0
"8426","97.3%","Weber",2909,"UT","US.89",10,"SN","",0,0,"",0,"Weber","UT",NA,16.3,0,0
"8427","97.4%","Box Elder",2882,"UT","US.89",11,"SN","",0,0,"",0,"Box Elder","UT",NA,18.9,0,0
"8428","97.4%","Cache",2883,"UT","US.89",12,"SN","",0,0,"",0,"Cache","UT",NA,49.8,0,0
"8429","97.4%","Rich",2897,"UT","US.89",13,"SN","",0,0,"",0,"Rich","UT",NA,10.5,1,0
"8430","97.4%","Bear Lake",563,"ID","US.89",14,"SN","",0,0,"",0,"Bear Lake","ID",NA,43.7,0,0
"8431","97.4%","Lincoln",3264,"WY","US.89",15,"SN","",0,0,"",0,"Lincoln","WY",NA,76.8,0,1
"8432","97.4%","National Park Roads",9999,"WY","US.89",16,"SN","",0,0,"",0,"National Park Roads","WY","-",0,0,0
"8433","97.4%","Teton",3272,"WY","US.89",17,"SN","",0,0,"",0,"Teton","WY",NA,78.8,0,0
"8434","97.4%","Park",1642,"MT","US.89",18,"SN","",0,0,"",0,"Park","MT",NA,98.3,0,0
"8435","97.4%","Meagher",1638,"MT","US.89",19,"SN","",0,0,"",0,"Meagher","MT",NA,59.7,0,0
"8436","97.5%","Cascade",1615,"MT","US.89",20,"SN","",0,0,"",0,"Cascade","MT",NA,98.9,0,0
"8437","97.5%","Teton",1658,"MT","US.89",21,"SN","",0,0,"",0,"Teton","MT",NA,47.3,0,0
"8438","97.5%","Pondera",1645,"MT","US.89",22,"SN","",0,0,"",0,"Pondera","MT",NA,20.8,0,0
"8439","97.5%","Glacier",1626,"MT","US.89",23,"SN","",0,0,"",0,"Glacier","MT",NA,71.6,0,0
"8440","97.5%","Coconino",105,"AZ","US.89A",1,"SN","",0,0,"W",0,"Coconino","AZ","88.88",89,0,0
"8441","97.5%","Kane",2893,"UT","US.89A",2,"SN","",0,0,"W",0,"Kane","UT","2.95",3,0,0
"8442","97.5%","Sussex",326,"DE","US.9",1,"SN","",0,0,"W",0,"Sussex","DE","31.04",29.7,0,0
"8443","97.5%","Ferry",8888,"Gap","US.9",2,"SN","Gap for ferry",0,0,"",0,"Ferry","Gap","-",0,0,0
"8444","97.6%","Cape May",1789,"NJ","US.9",3,"SN","",0,0,"",0,"Cape May","NJ",NA,31.5,1,0
"8445","97.6%","Atlantic",1785,"NJ","US.9",4,"SN","",0,0,"",0,"Atlantic","NJ",NA,22.3,0,0
"8446","97.6%","Burlington",1787,"NJ","US.9",5,"SN","",0,0,"",0,"Burlington","NJ",NA,6.5,0,0
"8447","97.6%","Ocean",1799,"NJ","US.9",6,"SN","",0,0,"",0,"Ocean","NJ",NA,43.1,0,0
"8448","97.6%","Monmouth",1797,"NJ","US.9",7,"SN","",0,0,"",0,"Monmouth","NJ",NA,18.5,0,0
"8449","97.6%","Middlesex",1796,"NJ","US.9",8,"SN","",0,0,"",0,"Middlesex","NJ",NA,17.2,0,0
"8450","97.6%","Union",1804,"NJ","US.9",9,"SN","",0,0,"",0,"Union","NJ",NA,7.9,0,0
"8451","97.6%","Essex",1791,"NJ","US.9",10,"SN","",0,0,"",0,"Essex","NJ",NA,5.7,0,0
"8452","97.6%","Hudson",1793,"NJ","US.9",11,"SN","",0,0,"",0,"Hudson","NJ",NA,8.8,0,0
"8453","97.7%","Bergen",1786,"NJ","US.9",12,"SN","",0,0,"",0,"Bergen","NJ",NA,5.5,0,0
"8454","97.7%","New York",1869,"NY","US.9",13,"SN","",0,0,"",0,"New York","NY",NA,3.5,0,0
"8455","97.7%","Bronx",1841,"NY","US.9",14,"SN","",0,0,"",0,"Bronx","NY",NA,2.6,0,0
"8456","97.7%","Westchester",1898,"NY","US.9",15,"SN","",0,0,"",0,"Westchester","NY",NA,31.7,0,0
"8457","97.7%","Putnam",1878,"NY","US.9",16,"SN","",0,0,"",0,"Putnam","NY",NA,12.4,0,0
"8458","97.7%","Dutchess",1852,"NY","US.9",17,"SN","",0,0,"",0,"Dutchess","NY",NA,42.3,0,0
"8459","97.7%","Columbia",1849,"NY","US.9",18,"SN","",0,0,"",0,"Columbia","NY",NA,34.4,0,0
"8460","97.7%","Rensselaer",1880,"NY","US.9",19,"SN","",0,0,"",0,"Rensselaer","NY",NA,13.6,0,0
"8461","97.7%","Albany",1839,"NY","US.9",20,"SN","",0,0,"",0,"Albany","NY",NA,14.1,0,0
"8462","97.8%","Saratoga",1884,"NY","US.9",21,"SN","",0,0,"",0,"Saratoga","NY",NA,37.6,0,0
"8463","97.8%","Warren",1895,"NY","US.9",22,"SN","",0,0,"",0,"Warren","NY",NA,40.2,0,0
"8464","97.8%","Essex",1854,"NY","US.9",23,"SN","Reentry from East",0,0,"",2001,"Essex","NY",NA,58.36,0,0
"8465","97.8%","Clinton",1848,"NY","US.9",24,"SN","Reentry from East",0,0,"",2002,"Clinton","NY","1.53",1.53,0,1
"8466","97.8%","Essex",1854,"NY","US.9",25,"SN","Reentry from West",0,0,"",3001,"Essex","NY","1.14",1.14,0,0
"8467","97.8%","Clinton",1848,"NY","US.9",26,"SN","Reentry from West",0,0,"",3002,"Clinton","NY",NA,34.07,0,1
"8468","97.8%","Culberson",2670,"TX","US.90",1,"WE","",0,0,"",0,"Culberson","TX",NA,19.9,0,0
"8469","97.8%","Jeff Davis",2737,"TX","US.90",2,"WE","",0,0,"",0,"Jeff Davis","TX",NA,26,0,0
"8470","97.9%","Presidio",2804,"TX","US.90",3,"WE","Reentry from East",0,0,"",2002,"Presidio","TX",NA,42.08,0,0
"8471","97.9%","Brewster",2637,"TX","US.90",4,"WE","Reentry from East",0,0,"",2001,"Brewster","TX","1.27",1.27,0,0
"8472","97.9%","Presidio",2804,"TX","US.90",5,"WE","Reentry from West",0,0,"",3002,"Presidio","TX","1.52",1.52,0,0
"8473","97.9%","Brewster",2637,"TX","US.90",6,"WE","Reentry from West",0,0,"",3001,"Brewster","TX",NA,71.23,0,0
"8474","97.9%","Pecos",2801,"TX","US.90",7,"WE","",0,0,"",0,"Pecos","TX",NA,10.8,0,0
"8475","97.9%","Terrell",2837,"TX","US.90",8,"WE","",0,0,"",0,"Terrell","TX",NA,58.1,0,0
"8476","97.9%","Val Verde",2848,"TX","US.90",9,"WE","",0,0,"",0,"Val Verde","TX",NA,86,0,0
"8477","97.9%","Kinney",2751,"TX","US.90",10,"WE","",0,0,"",0,"Kinney","TX",NA,38.3,0,0
"8478","97.9%","Uvalde",2847,"TX","US.90",11,"WE","",0,0,"",0,"Uvalde","TX",NA,45.8,0,0
"8479","98.0%","Medina",2778,"TX","US.90",12,"WE","",0,0,"",0,"Medina","TX",NA,37.7,0,0
"8480","98.0%","Bexar",2630,"TX","US.90",13,"WE","",0,0,"",0,"Bexar","TX",NA,40,0,0
"8481","98.0%","Guadalupe",2709,"TX","US.90",14,"WE","",0,0,"",0,"Guadalupe","TX",NA,32.6,0,0
"8482","98.0%","Caldwell",2643,"TX","US.90",15,"WE","",0,0,"",0,"Caldwell","TX",NA,9.6,0,0
"8483","98.0%","Gonzales",2704,"TX","US.90",16,"WE","",0,0,"",0,"Gonzales","TX",NA,23.8,0,0
"8484","98.0%","Fayette",2690,"TX","US.90",17,"WE","",0,0,"",0,"Fayette","TX",NA,23,0,0
"8485","98.0%","Colorado",2660,"TX","US.90",18,"WE","",0,0,"",0,"Colorado","TX",NA,31.8,0,0
"8486","98.0%","Austin",2623,"TX","US.90",19,"WE","",0,0,"",0,"Austin","TX",NA,16.2,0,0
"8487","98.0%","Waller",2852,"TX","US.90",20,"WE","",0,0,"",0,"Waller","TX",NA,12.6,0,0
"8488","98.1%","Fort Bend",2694,"TX","US.90",21,"WE","",0,0,"",0,"Fort Bend","TX",NA,0.7,0,0
"8489","98.1%","Harris",2716,"TX","US.90",22,"WE","",0,0,"",0,"Harris","TX",NA,57,0,0
"8490","98.1%","Liberty",2761,"TX","US.90",23,"WE","",0,0,"",0,"Liberty","TX",NA,35.1,0,0
"8491","98.1%","Jefferson",2738,"TX","US.90",24,"WE","",0,0,"",0,"Jefferson","TX",NA,23.2,0,1
"8492","98.1%","Orange",2796,"TX","US.90",25,"WE","",0,0,"",0,"Orange","TX",NA,25,0,0
"8493","98.1%","Calcasieu",1131,"LA","US.90",26,"WE","",0,0,"",0,"Calcasieu","LA",NA,45,0,0
"8494","98.1%","Jefferson Davis",1148,"LA","US.90",27,"WE","",0,0,"",0,"Jefferson Davis","LA",NA,26,0,0
"8495","98.1%","Acadia",1122,"LA","US.90",28,"WE","",0,0,"",0,"Acadia","LA",NA,25.3,0,0
"8496","98.2%","Lafayette",1149,"LA","US.90",29,"WE","",0,0,"",0,"Lafayette","LA",NA,22.7,0,0
"8497","98.2%","St. Martin",1171,"LA","US.90",30,"WE","",0,0,"",0,"St. Martin","LA",NA,1.9,0,0
"8498","98.2%","Iberia",1144,"LA","US.90",31,"WE","",0,0,"",0,"Iberia","LA",NA,20.9,1,0
"8499","98.2%","St. Mary",1172,"LA","US.90",32,"WE","",0,0,"",0,"St. Mary","LA",NA,41,1,0
"8500","98.2%","Assumption",1125,"LA","US.90",33,"WE","",0,0,"",0,"Assumption","LA",NA,3.1,1,0
"8501","98.2%","Terrebonne",1176,"LA","US.90",34,"WE","",0,0,"",0,"Terrebonne","LA",NA,19,1,0
"8502","98.2%","Lafourche",1150,"LA","US.90",35,"WE","",0,0,"",0,"Lafourche","LA",NA,21.6,1,0
"8503","98.2%","St. Charles",1166,"LA","US.90",36,"WE","",0,0,"",0,"St. Charles","LA",NA,15.7,0,0
"8504","98.2%","Jefferson",1147,"LA","US.90",37,"WE","",0,0,"",0,"Jefferson","LA",NA,12.5,0,1
"8505","98.3%","Orleans",1157,"LA","US.90",38,"WE","",0,0,"",0,"Orleans","LA",NA,35.1,0,0
"8506","98.3%","St. Tammany",1173,"LA","US.90",39,"WE","",0,0,"",0,"St. Tammany","LA",NA,9.1,0,0
"8507","98.3%","Hancock",1433,"MS","US.90",40,"WE","",0,0,"",0,"Hancock","MS",NA,20.2,0,0
"8508","98.3%","Harrison",1434,"MS","US.90",41,"WE","",0,0,"",0,"Harrison","MS",NA,29.9,0,1
"8509","98.3%","Jackson",1440,"MS","US.90",42,"WE","",0,0,"",0,"Jackson","MS",NA,30.1,0,1
"8510","98.3%","Mobile",49,"AL","US.90",43,"WE","",0,0,"",0,"Mobile","AL",NA,38.5,0,0
"8511","98.3%","Baldwin",2,"AL","US.90",44,"WE","",0,0,"",0,"Baldwin","AL",NA,39.6,0,0
"8512","98.3%","Escambia",343,"FL","US.90",45,"WE","",0,0,"",0,"Escambia","FL",NA,29.6,0,0
"8513","98.3%","Santa Rosa",384,"FL","US.90",46,"WE","",0,0,"",0,"Santa Rosa","FL",NA,28.3,0,0
"8514","98.4%","Okaloosa",373,"FL","US.90",47,"WE","",0,0,"",0,"Okaloosa","FL",NA,25.8,0,0
"8515","98.4%","Walton",393,"FL","US.90",48,"WE","",0,0,"",0,"Walton","FL",NA,22,0,0
"8516","98.4%","Holmes",356,"FL","US.90",49,"WE","Reentry from East",0,0,"",2001,"Holmes","FL",NA,14.46,0,0
"8517","98.4%","Washington",394,"FL","US.90",50,"WE","Reentry from East",0,0,"",2002,"Washington","FL","4.78",4.78,0,1
"8518","98.4%","Holmes",356,"FL","US.90",51,"WE","Reentry from West",0,0,"",3001,"Holmes","FL","8.34",8.34,0,0
"8519","98.4%","Washington",394,"FL","US.90",52,"WE","Reentry from West",0,0,"",3002,"Washington","FL",NA,9.62,0,1
"8520","98.4%","Jackson",358,"FL","US.90",53,"WE","",0,0,"",0,"Jackson","FL",NA,37.5,0,1
"8521","98.4%","Gadsden",346,"FL","US.90",54,"WE","",0,0,"",0,"Gadsden","FL",NA,34.3,0,0
"8522","98.5%","Leon",363,"FL","US.90",55,"WE","Reentry from East",0,0,"",2003,"Leon","FL",NA,24.1,0,0
"8523","98.5%","Jefferson",359,"FL","US.90",56,"WE","Reentry from East",0,0,"",2004,"Jefferson","FL","0.61",0.61,0,1
"8524","98.5%","Leon",363,"FL","US.90",57,"WE","Reentry from West",0,0,"",3003,"Leon","FL","3.10",3.1,0,0
"8525","98.5%","Jefferson",359,"FL","US.90",58,"WE","Reentry from West",0,0,"",3004,"Jefferson","FL",NA,16.19,0,1
"8526","98.5%","Madison",366,"FL","US.90",59,"WE","",0,0,"",0,"Madison","FL",NA,36.1,0,1
"8527","98.5%","Suwannee",388,"FL","US.90",60,"WE","",0,0,"",0,"Suwannee","FL",NA,26,0,0
"8528","98.5%","Columbia",339,"FL","US.90",61,"WE","",0,0,"",0,"Columbia","FL",NA,21,0,0
"8529","98.5%","Baker",329,"FL","US.90",62,"WE","",0,0,"",0,"Baker","FL",NA,25.7,0,0
"8530","98.5%","Nassau",372,"FL","US.90",63,"WE","",0,0,"",0,"Nassau","FL",NA,2.2,0,0
"8531","98.6%","Duval",342,"FL","US.90",64,"WE","",0,0,"",0,"Duval","FL",NA,39.4,0,0
"8532","98.6%","Box Elder",2882,"UT","US.91",1,"SN","",0,0,"",0,"Box Elder","UT",NA,10,0,0
"8533","98.6%","Cache",2883,"UT","US.91",2,"SN","",0,0,"",0,"Cache","UT",NA,35.2,0,0
"8534","98.6%","Franklin",580,"ID","US.91",3,"SN","",0,0,"",0,"Franklin","ID",NA,21.8,1,0
"8535","98.6%","Bannock",562,"ID","US.91",4,"SN","",0,0,"",0,"Bannock","ID",NA,65.9,0,0
"8536","98.6%","Bingham",565,"ID","US.91",5,"SN","",0,0,"",0,"Bingham","ID",NA,32.7,0,0
"8537","98.6%","Bonneville",569,"ID","US.91",6,"SN","",0,0,"",0,"Bonneville","ID",NA,4.6,0,0
"8538","98.6%","Pinellas",379,"FL","US.92",1,"WE","",0,0,"",0,"Pinellas","FL",NA,10.6,0,0
"8539","98.6%","Hillsborough",355,"FL","US.92",2,"WE","",0,0,"",0,"Hillsborough","FL",NA,39.1,0,0
"8540","98.7%","Polk",380,"FL","US.92",3,"WE","",0,0,"",0,"Polk","FL",NA,40.9,0,1
"8541","98.7%","Osceola",376,"FL","US.92",4,"WE","",0,0,"",0,"Osceola","FL",NA,14.9,0,0
"8542","98.7%","Orange",375,"FL","US.92",5,"WE","",0,0,"",0,"Orange","FL",NA,22.1,0,0
"8543","98.7%","Seminole",386,"FL","US.92",6,"WE","",0,0,"",0,"Seminole","FL",NA,17.4,0,0
"8544","98.7%","Volusia",391,"FL","US.92",7,"WE","",0,0,"",0,"Volusia","FL",NA,37.7,0,0
"8545","98.7%","Maricopa",110,"AZ","US.93",1,"SN","",0,0,"GE",0,"Maricopa","AZ","3.00",3.1,0,0
"8546","98.7%","Yavapai",116,"AZ","US.93",2,"SN","",0,0,"",0,"Yavapai","AZ",NA,47.9,0,0
"8547","98.7%","Mohave",111,"AZ","US.93",3,"SN","",0,0,"",0,"Mohave","AZ",NA,149.3,0,0
"8548","98.8%","Clark",1759,"NV","US.93",4,"SN","",0,0,"",0,"Clark","NV",NA,93.6,0,0
"8549","98.8%","Lincoln",1766,"NV","US.93",5,"SN","",0,0,"",0,"Lincoln","NV",NA,172.7,1,1
"8550","98.8%","White Pine",1773,"NV","US.93",6,"SN","",0,0,"",0,"White Pine","NV",NA,117,0,0
"8551","98.8%","Elko",1761,"NV","US.93",7,"SN","",0,0,"",0,"Elko","NV",NA,142.2,0,0
"8552","98.8%","Twin Falls",601,"ID","US.93",8,"SN","",0,0,"",0,"Twin Falls","ID",NA,50.9,0,0
"8553","98.8%","Jerome",586,"ID","US.93",9,"SN","",0,0,"",0,"Jerome","ID",NA,18.7,0,0
"8554","98.8%","Lincoln",591,"ID","US.93",10,"SN","",0,0,"",0,"Lincoln","ID",NA,35,0,1
"8555","98.8%","Blaine",566,"ID","US.93",11,"SN","",0,0,"",0,"Blaine","ID",NA,27.7,0,0
"8556","98.8%","Butte",571,"ID","US.93",12,"SN","",0,0,"",0,"Butte","ID",NA,39.4,0,0
"8557","98.9%","Custer",578,"ID","US.93",13,"SN","",0,0,"",0,"Custer","ID",NA,83.6,1,0
"8558","98.9%","Lemhi",589,"ID","US.93",14,"SN","",0,0,"",0,"Lemhi","ID",NA,87,1,0
"8559","98.9%","Ravalli",1649,"MT","US.93",15,"SN","",0,0,"",0,"Ravalli","MT",NA,76.7,1,0
"8560","98.9%","Missoula",1640,"MT","US.93",16,"SN","",0,0,"",0,"Missoula","MT",NA,39.8,0,0
"8561","98.9%","Lake",1632,"MT","US.93",17,"SN","",0,0,"",0,"Lake","MT",NA,78.3,1,0
"8562","98.9%","Flathead",1623,"MT","US.93",18,"SN","",0,0,"",0,"Flathead","MT",NA,63.1,0,0
"8563","98.9%","Lincoln",1635,"MT","US.93",19,"SN","",0,0,"",0,"Lincoln","MT",NA,30.3,0,1
"8564","98.9%","Yuma",117,"AZ","US.95",1,"SN","Reentry from North",0,0,"",2001,"Yuma","AZ",NA,59.1,0,0
"8565","98.9%","La Paz",109,"AZ","US.95",2,"SN","Reentry from North",0,0,"",2002,"La Paz","AZ","12.00",12,0,0
"8566","99.0%","Yuma",117,"AZ","US.95",3,"SN","Reentry from South",0,0,"",3001,"Yuma","AZ","18.80",18.8,0,0
"8567","99.0%","La Paz",109,"AZ","US.95",4,"SN","Reentry from South",0,0,"",3002,"La Paz","AZ",NA,32.8,0,0
"8568","99.0%","Riverside",225,"CA","US.95",5,"SN","",0,0,"",0,"Riverside","CA",NA,38.6,0,0
"8569","99.0%","San Bernardino",228,"CA","US.95",6,"SN","",0,0,"",0,"San Bernardino","CA",NA,91.3,0,0
"8570","99.0%","Clark",1759,"NV","US.95",7,"SN","",0,0,"",0,"Clark","NV",NA,136.2,0,0
"8571","99.0%","Nye",1769,"NV","US.95",8,"SN","Reentry from North",0,0,"",2003,"Nye","NV",NA,107.7,0,0
"8572","99.0%","Esmeralda",1762,"NV","US.95",9,"SN","Reentry from North",0,0,"",2004,"Esmeralda","NV","44.50",44.5,0,0
"8573","99.0%","Nye",1769,"NV","US.95",10,"SN","Reentry from South",0,0,"",3003,"Nye","NV","3.00",3,0,0
"8574","99.1%","Esmeralda",1762,"NV","US.95",11,"SN","Reentry from South",0,0,"",3004,"Esmeralda","NV",NA,52.8,0,0
"8575","99.1%","Mineral",1768,"NV","US.95",12,"SN","",0,0,"",0,"Mineral","NV",NA,92.5,0,0
"8576","99.1%","Lyon",1767,"NV","US.95",13,"SN","",0,0,"",0,"Lyon","NV",NA,2.8,0,0
"8577","99.1%","Churchill",1758,"NV","US.95",14,"SN","",0,0,"",0,"Churchill","NV",NA,64.8,0,0
"8578","99.1%","Pershing",1770,"NV","US.95",15,"SN","",0,0,"",0,"Pershing","NV",NA,74.9,0,0
"8579","99.1%","Humboldt",1764,"NV","US.95",16,"SN","",0,0,"",0,"Humboldt","NV",NA,88.2,0,0
"8580","99.1%","Malheur",2245,"OR","US.95",17,"SN","",0,0,"",0,"Malheur","OR",NA,121.4,0,0
"8581","99.1%","Owyhee",596,"ID","US.95",18,"SN","",0,0,"",0,"Owyhee","ID",NA,32,1,0
"8582","99.1%","Canyon",573,"ID","US.95",19,"SN","",0,0,"",0,"Canyon","ID",NA,17.5,0,0
"8583","99.2%","Payette",597,"ID","US.95",20,"SN","",0,0,"",0,"Payette","ID",NA,21.9,0,0
"8584","99.2%","Washington",603,"ID","US.95",21,"SN","",0,0,"",0,"Washington","ID",NA,45.2,1,1
"8585","99.2%","Adams",561,"ID","US.95",22,"SN","Reentry from North",0,0,"",2004,"Adams","ID",NA,48.85,0,1
"8586","99.2%","Idaho",584,"ID","US.95",23,"SN","Reentry from North",0,0,"",2005,"Idaho","ID","1.17",1.17,0,0
"8587","99.2%","Adams",561,"ID","US.95",24,"SN","Reentry",0,0,"",1004,"Adams","ID","2.20",2.2,0,1
"8588","99.2%","Idaho",584,"ID","US.95",25,"SN","Reentry",0,0,"",1005,"Idaho","ID","2.47",2.47,0,0
"8589","99.2%","Adams",561,"ID","US.95",26,"SN","Reentry from South",0,0,"",3004,"Adams","ID","5.85",5.85,0,1
"8590","99.2%","Idaho",584,"ID","US.95",27,"SN","Reentry from South",0,0,"",3005,"Idaho","ID",NA,82.96,0,0
"8591","99.2%","Lewis",590,"ID","US.95",28,"SN","",0,0,"",0,"Lewis","ID",NA,17.5,0,0
"8592","99.3%","Nez Perce",594,"ID","US.95",29,"SN","",0,0,"",0,"Nez Perce","ID",NA,41.6,0,0
"8593","99.3%","Latah",588,"ID","US.95",30,"SN","",0,0,"",0,"Latah","ID",NA,42,1,0
"8594","99.3%","Benewah",564,"ID","US.95",31,"SN","",0,0,"",0,"Benewah","ID",NA,26,1,0
"8595","99.3%","Kootenai",587,"ID","US.95",32,"SN","",0,0,"",0,"Kootenai","ID",NA,51.7,0,0
"8596","99.3%","Bonner",568,"ID","US.95",33,"SN","",0,0,"",0,"Bonner","ID",NA,40.3,0,0
"8597","99.3%","Boundary",570,"ID","US.95",34,"SN","",0,0,"",0,"Boundary","ID",NA,46.3,0,0
"8598","99.3%","Jefferson",2738,"TX","US.96",1,"SN","",0,0,"",0,"Jefferson","TX",NA,27.8,0,1
"8599","99.3%","Hardin",2715,"TX","US.96",2,"SN","",0,0,"",0,"Hardin","TX",NA,16.5,0,0
"8600","99.4%","Jasper",2736,"TX","US.96",3,"SN","",0,0,"",0,"Jasper","TX",NA,60.3,0,0
"8601","99.4%","Sabine",2817,"TX","US.96",4,"SN","",0,0,"",0,"Sabine","TX",NA,15.7,1,0
"8602","99.4%","San Augustine",2818,"TX","US.96",5,"SN","",0,0,"",0,"San Augustine","TX",NA,20.3,0,0
"8603","99.4%","Shelby",2825,"TX","US.96",6,"SN","",0,0,"",0,"Shelby","TX",NA,23,0,0
"8604","99.4%","Siskiyou",239,"CA","US.97",1,"SN","",0,0,"W",0,"Siskiyou","CA","54.00",54.4,0,0
"8605","99.4%","Klamath",2240,"OR","US.97",2,"SN","",0,0,"",0,"Klamath","OR",NA,119.7,1,0
"8606","99.4%","Deschutes",2231,"OR","US.97",3,"SN","",0,0,"",0,"Deschutes","OR",NA,59.1,0,0
"8607","99.4%","Jefferson",2238,"OR","US.97",4,"SN","",0,0,"",0,"Jefferson","OR",NA,35.8,0,1
"8608","99.4%","Wasco",2255,"OR","US.97",5,"SN","",0,0,"",0,"Wasco","OR",NA,27,0,0
"8609","99.5%","Sherman",2250,"OR","US.97",6,"SN","",0,0,"",0,"Sherman","OR",NA,48.8,0,0
"8610","99.5%","Klickitat",3106,"WA","US.97",7,"SN","",0,0,"",0,"Klickitat","WA",NA,33.3,0,0
"8611","99.5%","Yakima",3125,"WA","US.97",8,"SN","",0,0,"",0,"Yakima","WA",NA,60.7,0,0
"8612","99.5%","Kittitas",3105,"WA","US.97",9,"SN","",0,0,"",0,"Kittitas","WA",NA,54.8,0,0
"8613","99.5%","Chelan",3090,"WA","US.97",10,"SN","Reentry from North",0,0,"",2001,"Chelan","WA","36.40",36.4,0,0
"8614","99.5%","Douglas",3095,"WA","US.97",11,"SN","",0,0,"",0,"Douglas","WA",NA,34.7,0,0
"8615","99.5%","Chelan",3090,"WA","US.97",12,"SN","Reentry from South",0,0,"",3001,"Chelan","WA",NA,12.2,0,0
"8616","99.5%","Okanogan",3110,"WA","US.97",13,"SN","",0,0,"",0,"Okanogan","WA",NA,89.8,1,0
"8617","99.5%","Franklin",1429,"MS","US.98",1,"WE","",0,0,"",0,"Franklin","MS",NA,19.2,0,0
"8618","99.6%","Lincoln",1453,"MS","US.98",2,"WE","",0,0,"",0,"Lincoln","MS",NA,2.3,0,1
"8619","99.6%","Amite",1413,"MS","US.98",3,"WE","",0,0,"",0,"Amite","MS",NA,3.4,1,0
"8620","99.6%","Pike",1467,"MS","US.98",4,"WE","",0,0,"",0,"Pike","MS",NA,23.9,0,0
"8621","99.6%","Walthall",1484,"MS","US.98",5,"WE","",0,0,"",0,"Walthall","MS",NA,15.9,1,0
"8622","99.6%","Marion",1456,"MS","US.98",6,"WE","",0,0,"",0,"Marion","MS",NA,24.1,1,0
"8623","99.6%","Lamar",1447,"MS","US.98",7,"WE","",0,0,"",0,"Lamar","MS",NA,22,0,0
"8624","99.6%","Forrest",1428,"MS","US.98",8,"WE","",0,0,"",0,"Forrest","MS",NA,14.1,0,0
"8625","99.6%","Perry",1466,"MS","US.98",9,"WE","",0,0,"",0,"Perry","MS",NA,19.9,1,0
"8626","99.7%","Greene",1431,"MS","US.98",10,"WE","",0,0,"",0,"Greene","MS",NA,13.8,0,0
"8627","99.7%","George",1430,"MS","US.98",11,"WE","",0,0,"",0,"George","MS",NA,19.3,1,0
"8628","99.7%","Mobile",49,"AL","US.98",12,"WE","",0,0,"",0,"Mobile","AL",NA,27.8,0,0
"8629","99.7%","Baldwin",2,"AL","US.98",13,"WE","",0,0,"",0,"Baldwin","AL",NA,50.9,0,0
"8630","99.7%","Escambia",343,"FL","US.98",14,"WE","",0,0,"",0,"Escambia","FL",NA,17.8,0,0
"8631","99.7%","Santa Rosa",384,"FL","US.98",15,"WE","",0,0,"",0,"Santa Rosa","FL",NA,25.6,0,0
"8632","99.7%","Okaloosa",373,"FL","US.98",16,"WE","",0,0,"",0,"Okaloosa","FL",NA,24.6,0,0
"8633","99.7%","Walton",393,"FL","US.98",17,"WE","",0,0,"",0,"Walton","FL",NA,26.7,0,0
"8634","99.7%","Bay",330,"FL","US.98",18,"WE","",0,0,"",0,"Bay","FL",NA,49.6,0,0
"8635","99.8%","Gulf",349,"FL","US.98",19,"WE","",0,0,"",0,"Gulf","FL",NA,20.8,1,0
"8636","99.8%","Franklin",345,"FL","US.98",20,"WE","",0,0,"",0,"Franklin","FL",NA,56.2,0,0
"8637","99.8%","Wakulla",392,"FL","US.98",21,"WE","",0,0,"",0,"Wakulla","FL",NA,30.2,0,0
"8638","99.8%","Jefferson",359,"FL","US.98",22,"WE","",0,0,"",0,"Jefferson","FL",NA,7.5,0,1
"8639","99.8%","Taylor",389,"FL","US.98",23,"WE","",0,0,"",0,"Taylor","FL",NA,52.7,0,1
"8640","99.8%","Dixie",341,"FL","US.98",24,"WE","",0,0,"",0,"Dixie","FL",NA,28.9,0,0
"8641","99.8%","Gilchrist",347,"FL","US.98",25,"WE","",0,0,"",0,"Gilchrist","FL",NA,0.7,0,0
"8642","99.8%","Levy",364,"FL","US.98",26,"WE","",0,0,"",0,"Levy","FL",NA,44.2,0,0
"8643","99.8%","Citrus",336,"FL","US.98",27,"WE","",0,0,"",0,"Citrus","FL",NA,26.3,0,0
"8644","99.9%","Hernando",353,"FL","US.98",28,"WE","",0,0,"",0,"Hernando","FL",NA,28.1,0,0
"8645","99.9%","Pasco",378,"FL","US.98",29,"WE","",0,0,"",0,"Pasco","FL",NA,19.2,0,0
"8646","99.9%","Polk",380,"FL","US.98",30,"WE","",0,0,"",0,"Polk","FL",NA,63,0,1
"8647","99.9%","Highlands",354,"FL","US.98",31,"WE","",0,0,"",0,"Highlands","FL",NA,42.2,0,0
"8648","99.9%","Okeechobee",374,"FL","US.98",32,"WE","",0,0,"",0,"Okeechobee","FL",NA,33.7,0,0
"8649","99.9%","Martin",369,"FL","US.98",33,"WE","",0,0,"",0,"Martin","FL",NA,12.1,0,0
"8650","99.9%","Palm Beach",377,"FL","US.98",34,"WE","",0,0,"",0,"Palm Beach","FL",NA,58.3,0,0
"8651","99.9%","Bergen",1786,"NJ","US.9W",1,"SN","",0,0,"W",0,"Bergen","NJ","11.87",11.3,0,0
"8652","100.0%","Rockland",1882,"NY","US.9W",2,"SN","",0,0,"",0,"Rockland","NY",NA,26.5,0,0
"8653","100.0%","Orange",1874,"NY","US.9W",3,"SN","",0,0,"",0,"Orange","NY",NA,23.4,0,0
"8654","100.0%","Ulster",1894,"NY","US.9W",4,"SN","",0,0,"",0,"Ulster","NY",NA,40.8,0,0
"8655","100.0%","Greene",1858,"NY","US.9W",5,"SN","",0,0,"",0,"Greene","NY",NA,24.6,0,0
"8656","100.0%","Albany",1839,"NY","US.9W",6,"SN","",0,0,"",0,"Albany","NY",NA,15.6,0,0
