<?xml version="1.0" encoding="UTF-8"?>
<kml xmlns="http://www.opengis.net/kml/2.2" xmlns:gx="http://www.google.com/kml/ext/2.2" xmlns:kml="http://www.opengis.net/kml/2.2" xmlns:atom="http://www.w3.org/2005/Atom">
<Document>
	<name>I.79.kml</name>
	<Placemark>
		<name>I.79</name>
			<LineString>
				<coordinates>
					-81.6065122,38.3731134,0 -81.6062654,38.373433,0 -81.60597919999999,38.3738867,0 -81.605434,38.374741,0 -81.605037,38.3753381,0 -81.6046829,38.3758554,0 -81.6044469,38.3762003,0 -81.603594,38.3773904,0 -81.6025365,38.3788559,0 -81.6018613,38.3797916,0 -81.601416,38.3803677,0 -81.6010459,38.380784,0 -81.600724,38.3811036,0 -81.6002573,38.3814989,0 -81.5998013,38.3818395,0 -81.5993185,38.3821549,0 -81.5989484,38.3823736,0 -81.5987299,38.3824914,0 -81.59847240000001,38.3826175,0 -81.59819880000001,38.3827227,0 -81.5978501,38.3828488,0 -81.59730829999999,38.3830254,0 -81.596729,38.3831978,0 -81.59411110000001,38.3839295,0 -81.59369270000001,38.3840472,0 -81.5901307,38.385069,0 -81.58957820000001,38.3852414,0 -81.58921340000001,38.3853886,0 -81.58884860000001,38.3855526,0 -81.58832289999999,38.3858554,0 -81.58790449999999,38.3861623,0 -81.5875183,38.3864861,0 -81.5872608,38.386751,0 -81.5870462,38.3870075,0 -81.5868531,38.3872892,0 -81.5867082,38.3875079,0 -81.5865634,38.387798,0 -81.5864132,38.3881512,0 -81.5862952,38.388538,0 -81.5862362,38.3888912,0 -81.586204,38.3892738,0 -81.5861986,38.3896018,0 -81.5862415,38.389913,0 -81.58630049999999,38.3902451,0 -81.58634549999999,38.3903888,0 -81.58644,38.3906908,0 -81.5865795,38.3910272,0 -81.5867351,38.3913173,0 -81.58696569999999,38.3916621,0 -81.587191,38.3919438,0 -81.58739490000001,38.3921624,0 -81.5876738,38.3924273,0 -81.5879796,38.3926796,0 -81.5882907,38.392894,0 -81.5886448,38.3931042,0 -81.5887729,38.3931746,0 -81.5890227,38.3933118,0 -81.5892188,38.3934195,0 -81.59012,38.3938988,0 -81.59081740000001,38.3942857,0 -81.5911875,38.3945043,0 -81.5915523,38.3947481,0 -81.59180979999999,38.3949668,0 -81.59204579999999,38.3952064,0 -81.5922872,38.3955007,0 -81.5924589,38.3957866,0 -81.5925984,38.3961103,0 -81.59266270000001,38.3963668,0 -81.5927057,38.3966821,0 -81.5927325,38.3969722,0 -81.5927057,38.3973212,0 -81.5926681,38.3975734,0 -81.59256619999999,38.3978971,0 -81.5924267,38.3982419,0 -81.59166500000001,38.3998773,0 -81.59118220000001,38.4008568,0 -81.59099980000001,38.4011679,0 -81.59084420000001,38.4013865,0 -81.5906189,38.4016388,0 -81.59039900000001,38.4018406,0 -81.59012540000001,38.402055,0 -81.5896801,38.4023492,0 -81.5858875,38.4045983,0 -81.58500770000001,38.4051112,0 -81.5836022,38.4059393,0 -81.5829746,38.4062924,0 -81.58243280000001,38.4065825,0 -81.581773,38.4069272,0 -81.58114,38.4072508,0 -81.5803299,38.4076334,0 -81.5794609,38.4080159,0 -81.5787153,38.4083396,0 -81.57828069999999,38.4085077,0 -81.5773044,38.408907,0 -81.5767465,38.4091172,0 -81.5763925,38.4092433,0 -81.5759365,38.4094031,0 -81.57254620000001,38.4105044,0 -81.5684263,38.4118411,0 -81.5677611,38.4120512,0 -81.5672622,38.4121941,0 -81.5667687,38.4123244,0 -81.56641999999999,38.4123959,0 -81.5660338,38.4124674,0 -81.5655993,38.4125346,0 -81.56518079999999,38.4125893,0 -81.5646283,38.4126397,0 -81.5641455,38.4126607,0 -81.5637914,38.4126649,0 -81.5633086,38.4126607,0 -81.5627829,38.4126397,0 -81.5623484,38.4126061,0 -81.5612916,38.4125262,0 -81.5606586,38.4124926,0 -81.5600793,38.4124632,0 -81.5593712,38.4124548,0 -81.55882939999999,38.4124632,0 -81.5582634,38.4124862,0 -81.55748560000001,38.4125535,0 -81.5569169,38.4126165,0 -81.5561391,38.4127342,0 -81.55537200000001,38.4128814,0 -81.5545566,38.4130705,0 -81.5536876,38.4133101,0 -81.5528722,38.4135833,0 -81.5518532,38.4139579,0 -81.5510431,38.4142557,0 -81.55043670000001,38.4144786,0 -81.5479476,38.4154201,0 -81.54756140000001,38.4155882,0 -81.5472395,38.415748,0 -81.546982,38.4158993,0 -81.5466119,38.4161304,0 -81.5464241,38.4162565,0 -81.5461827,38.4164541,0 -81.5458823,38.4167357,0 -81.54567849999999,38.4169669,0 -81.5453995,38.4172989,0 -81.5451796,38.4176309,0 -81.5449704,38.4179924,0 -81.5448524,38.4182446,0 -81.54473969999999,38.4185724,0 -81.5446883,38.4187788,0 -81.5446592,38.418896,0 -81.544611,38.4193205,0 -81.5445627,38.4199342,0 -81.54445,38.4215439,0 -81.5444071,38.4219053,0 -81.5443427,38.4222205,0 -81.5442462,38.4225988,0 -81.5441335,38.4229056,0 -81.543978,38.423246,0 -81.54374730000001,38.4236116,0 -81.5434523,38.4239856,0 -81.54310889999999,38.4243387,0 -81.5427924,38.4246202,0 -81.54119919999999,38.4258936,0 -81.54056079999999,38.4263895,0 -81.5402658,38.4265997,0 -81.53965959999999,38.4269779,0 -81.5392519,38.427188,0 -81.5388174,38.4273855,0 -81.5384687,38.4275032,0 -81.5379698,38.4276377,0 -81.5375514,38.4277259,0 -81.5368701,38.4278436,0 -81.53579190000001,38.4280201,0 -81.53530910000001,38.4281041,0 -81.5349389,38.4281882,0 -81.5345473,38.4282933,0 -81.5342362,38.4283941,0 -81.533807,38.4285622,0 -81.53336179999999,38.4287807,0 -81.5330077,38.4289824,0 -81.5325947,38.4292724,0 -81.53228350000001,38.4295245,0 -81.53197780000001,38.4297893,0 -81.53085660000001,38.4308483,0 -81.5306825,38.4310157,0 -81.53010020000001,38.4315753,0 -81.52963889999999,38.4320249,0 -81.5293331,38.4322686,0 -81.5289308,38.4325754,0 -81.5285875,38.4327855,0 -81.5281851,38.4329998,0 -81.5278472,38.4331427,0 -81.5275199,38.4332603,0 -81.52709609999999,38.4333906,0 -81.5265275,38.4335167,0 -81.52492359999999,38.4338192,0 -81.5242423,38.4339663,0 -81.52377559999999,38.4341092,0 -81.52328199999999,38.4342982,0 -81.5229602,38.4344411,0 -81.5226115,38.4346218,0 -81.5222253,38.4348655,0 -81.52187120000001,38.4351303,0 -81.5215601,38.435395,0 -81.5213509,38.4356051,0 -81.5212221,38.435769,0 -81.5210826,38.4359538,0 -81.520852,38.4362774,0 -81.52071789999999,38.4365085,0 -81.5206106,38.4367312,0 -81.5205086,38.4369875,0 -81.5204014,38.4372564,0 -81.5203209,38.4375548,0 -81.5202726,38.4377817,0 -81.52024040000001,38.437975,0 -81.520219,38.4382775,0 -81.520219,38.438433,0 -81.5202297,38.438601,0 -81.5202511,38.4387943,0 -81.520278,38.4390254,0 -81.5205247,38.4400675,0 -81.52069640000001,38.4407481,0 -81.5207822,38.4413364,0 -81.52083589999999,38.4418826,0 -81.52083589999999,38.44237,0 -81.5207822,38.4428657,0 -81.5206749,38.4434288,0 -81.52053549999999,38.4438825,0 -81.52035309999999,38.4443363,0 -81.5200849,38.4448993,0 -81.5198274,38.4453278,0 -81.51938749999999,38.4458824,0 -81.51900120000001,38.446311,0 -81.5185077,38.4467815,0 -81.51799269999999,38.4471848,0 -81.5174348,38.4475461,0 -81.5169842,38.4477898,0 -81.51642099999999,38.4480713,0 -81.5158577,38.4483108,0 -81.51536419999999,38.4484788,0 -81.5147741,38.4486301,0 -81.514184,38.4487561,0 -81.5136583,38.4488485,0 -81.5132184,38.4489073,0 -81.51276780000001,38.448941,0 -81.5111692,38.449025,0 -81.5105255,38.4490838,0 -81.50994609999999,38.4491678,0 -81.5094848,38.4492771,0 -81.5090234,38.4494367,0 -81.50851919999999,38.4496552,0 -81.50801490000001,38.4498988,0 -81.5074999,38.4502349,0 -81.5070279,38.450613,0 -81.5066953,38.4509911,0 -81.50634119999999,38.4514112,0 -81.506073,38.4518481,0 -81.5056546,38.4525203,0 -81.50531119999999,38.453016,0 -81.5049786,38.4533773,0 -81.504689,38.4536714,0 -81.5042491,38.4540326,0 -81.50392720000001,38.4542343,0 -81.503541,38.4544359,0 -81.5029509,38.4547048,0 -81.50250029999999,38.4548644,0 -81.5022321,38.4549316,0 -81.50183509999999,38.4550157,0 -81.5011914,38.4551081,0 -81.50063350000001,38.4551417,0 -81.5001185,38.4551417,0 -81.4994851,38.4551261,0 -81.49841259999999,38.4550997,0 -81.497844,38.4551333,0 -81.4973504,38.4551921,0 -81.496814,38.4553013,0 -81.4962132,38.4554693,0 -81.4957304,38.4556458,0 -81.4952476,38.455881,0 -81.4947755,38.4561667,0 -81.4944429,38.4563935,0 -81.4940996,38.4566624,0 -81.4937456,38.4569984,0 -81.4926834,38.458057,0 -81.4914994,38.4591982,0 -81.4878983,38.4626692,0 -81.4869435,38.4635429,0 -81.4854844,38.464971,0 -81.4849801,38.4653658,0 -81.48452949999999,38.465643,0 -81.4838321,38.4659959,0 -81.4830704,38.4663319,0 -81.482491,38.4665587,0 -81.48186870000001,38.4668191,0 -81.4812465,38.4671299,0 -81.4806993,38.4674659,0 -81.48038819999999,38.4676843,0 -81.4798624,38.4681715,0 -81.47941179999999,38.4686587,0 -81.4788861,38.4691544,0 -81.4785643,38.4694568,0 -81.4781887,38.4697676,0 -81.47766300000001,38.4700952,0 -81.4772339,38.4702968,0 -81.4767511,38.4704984,0 -81.4762683,38.470658,0 -81.4743156,38.4712711,0 -81.4737363,38.4715231,0 -81.4731891,38.4718087,0 -81.47273850000001,38.4721195,0 -81.4723201,38.4724723,0 -81.47196599999999,38.4728251,0 -81.47166559999999,38.4732115,0 -81.4714081,38.4736147,0 -81.4709039,38.4745974,0 -81.47064640000001,38.4751014,0 -81.47039959999999,38.4754793,0 -81.47015279999999,38.4757817,0 -81.4698739,38.4760757,0 -81.46956280000001,38.4763445,0 -81.4691014,38.4766972,0 -81.46727749999999,38.4778899,0 -81.46674109999999,38.4782427,0 -81.46474550000001,38.4797545,0 -81.460926,38.482778,0 -81.4604111,38.4831223,0 -81.4599068,38.4834163,0 -81.45941329999999,38.4836262,0 -81.4588554,38.4837858,0 -81.4579756,38.4839538,0 -81.4573748,38.4840125,0 -81.4565916,38.4840293,0 -81.45596930000001,38.4839622,0 -81.4553363,38.4838362,0 -81.4546282,38.4836262,0 -81.4538879,38.4833155,0 -81.4527185,38.4827948,0 -81.4520533,38.4825512,0 -81.4516241,38.4824252,0 -81.451195,38.4823329,0 -81.45049760000001,38.4822321,0 -81.45008989999999,38.4821985,0 -81.44960709999999,38.4821985,0 -81.448899,38.4822573,0 -81.448266,38.4823833,0 -81.4477296,38.482526,0 -81.4472253,38.4826856,0 -81.44671030000001,38.4828956,0 -81.4459164,38.4832231,0 -81.44503659999999,38.4835842,0 -81.44435,38.4838278,0 -81.4436419,38.4840545,0 -81.4429552,38.4842225,0 -81.44222569999999,38.4843653,0 -81.44167849999999,38.4844661,0 -81.44057340000001,38.4846004,0 -81.43987610000001,38.484634,0 -81.4392002,38.4846508,0 -81.4384599,38.4846256,0 -81.437741,38.4845752,0 -81.4342542,38.4842729,0 -81.4335246,38.4842477,0 -81.4329989,38.4842813,0 -81.4324517,38.4843485,0 -81.4320118,38.4844241,0 -81.4314861,38.4845752,0 -81.4309604,38.4847684,0 -81.4305313,38.4849532,0 -81.4300485,38.4852303,0 -81.4295549,38.4855494,0 -81.42924379999999,38.4858098,0 -81.4288468,38.4861961,0 -81.42855710000001,38.4865572,0 -81.4282353,38.4870023,0 -81.4257784,38.4904622,0 -81.4254136,38.4911508,0 -81.4245875,38.4929058,0 -81.42425489999999,38.4934601,0 -81.4240403,38.4937036,0 -81.4237399,38.4939807,0 -81.4232678,38.4944089,0 -81.4226992,38.49477,0 -81.4221735,38.4950303,0 -81.4204354,38.4958196,0 -81.4198346,38.4961891,0 -81.4194806,38.4964914,0 -81.4190943,38.4968441,0 -81.4165838,38.4994806,0 -81.415237,38.5008537,0 -81.41424240000001,38.5018181,0 -81.4139874,38.5021003,0 -81.4136333,38.5025201,0 -81.413054,38.5032422,0 -81.4127536,38.503704,0 -81.41246390000001,38.5042413,0 -81.4120777,38.5049801,0 -81.4117451,38.5054839,0 -81.4114232,38.5058701,0 -81.4110584,38.5062059,0 -81.41060779999999,38.506525,0 -81.41007140000001,38.5068104,0 -81.40952420000001,38.5070707,0 -81.4089341,38.5072722,0 -81.4082367,38.5074821,0 -81.4073355,38.5076668,0 -81.4051683,38.5078599,0 -81.4035804,38.508011,0 -81.40274359999999,38.5082041,0 -81.40183159999999,38.5084728,0 -81.4010913,38.508775,0 -81.40056559999999,38.5091108,0 -81.40014720000001,38.5094382,0 -81.399761,38.5098412,0 -81.39932109999999,38.5103785,0 -81.3989777,38.510899,0 -81.39853789999999,38.5117469,0 -81.3982482,38.5121667,0 -81.39785120000001,38.5125864,0 -81.3974006,38.5129726,0 -81.3969822,38.5132496,0 -81.3963385,38.5135854,0 -81.39578059999999,38.5137869,0 -81.395287,38.5139044,0 -81.3945575,38.5140555,0 -81.3938172,38.5141647,0 -81.3932271,38.5141815,0 -81.3926263,38.5141395,0 -81.3893862,38.5140975,0 -81.38840980000001,38.5141143,0 -81.3877876,38.514215,0 -81.3870687,38.5143997,0 -81.3863928,38.5146516,0 -81.3857598,38.5149286,0 -81.38541650000001,38.5151301,0 -81.3849659,38.5154407,0 -81.38446159999999,38.5158604,0 -81.3840539,38.5163137,0 -81.38379639999999,38.5166747,0 -81.3834102,38.5173882,0 -81.3831849,38.517766,0 -81.3829167,38.5181269,0 -81.38247680000001,38.5186054,0 -81.38183309999999,38.519109,0 -81.38128589999999,38.519512,0 -81.38061,38.5199737,0 -81.3800521,38.5202339,0 -81.37959069999999,38.5204101,0 -81.3790221,38.5205445,0 -81.3781853,38.5206368,0 -81.3773484,38.5207207,0 -81.3764901,38.5207291,0 -81.375782,38.5206871,0 -81.3750095,38.5205864,0 -81.3741727,38.5204101,0 -81.37342169999999,38.5201919,0 -81.372933,38.5199916,0 -81.37129899999999,38.5193221,0 -81.3706124,38.5191039,0 -81.3701188,38.5189947,0 -81.3695609,38.5189192,0 -81.36913180000001,38.518894,0 -81.3686812,38.5189024,0 -81.36818769999999,38.518936,0 -81.36778,38.5189863,0 -81.3672542,38.5190955,0 -81.3668036,38.5192466,0 -81.36594530000001,38.519532,0 -81.3652158,38.5197754,0 -81.3646686,38.5199097,0 -81.3641107,38.5200188,0 -81.3635957,38.520086,0 -81.3628983,38.5201196,0 -81.3622761,38.5200944,0 -81.3618147,38.5200272,0 -81.36102080000001,38.5198425,0 -81.3581884,38.5190787,0 -81.35743739999999,38.5189108,0 -81.35686870000001,38.5188436,0 -81.3561821,38.5187933,0 -81.3555276,38.5188017,0 -81.3549483,38.5188604,0 -81.3544655,38.5189444,0 -81.3539719,38.5190619,0 -81.3533819,38.5192466,0 -81.3528883,38.519448,0 -81.3525676,38.5196006,0 -81.3523412,38.5197082,0 -81.35190129999999,38.5199769,0 -81.3514292,38.5203462,0 -81.3510752,38.5206652,0 -81.34854319999999,38.5233596,0 -81.3434577,38.5287482,0 -81.3426745,38.5294616,0 -81.34185909999999,38.5300491,0 -81.3410222,38.5305443,0 -81.3403785,38.5308716,0 -81.3393164,38.5312577,0 -81.3371277,38.5320466,0 -81.3363767,38.5323739,0 -81.33584020000001,38.5327013,0 -81.33529299999999,38.5331125,0 -81.3349068,38.5334818,0 -81.331892,38.5367044,0 -81.3303363,38.5383829,0 -81.3298642,38.5388192,0 -81.32952090000001,38.539071,0 -81.32821199999999,38.5399018,0 -81.3245749,38.5422347,0 -81.32395270000001,38.542562,0 -81.32328750000001,38.5428221,0 -81.3225901,38.5430319,0 -81.3217532,38.5431829,0 -81.3212812,38.5432333,0 -81.32071259999999,38.5432501,0 -81.3142323,38.5432836,0 -81.3133418,38.5433675,0 -81.3125694,38.543527,0 -81.31193639999999,38.5437368,0 -81.31085280000001,38.5441899,0 -81.3055634,38.5464555,0 -81.3047373,38.5467324,0 -81.30406139999999,38.5469674,0 -81.3005209,38.5480498,0 -81.29996300000001,38.548226,0 -81.29846089999999,38.5487043,0 -81.2978279,38.5489476,0 -81.2973559,38.5491909,0 -81.2969267,38.5494678,0 -81.2965298,38.5497783,0 -81.2961328,38.5501978,0 -81.295768,38.5506425,0 -81.2954032,38.5511963,0 -81.2951135,38.551792,0 -81.29377239999999,38.5544434,0 -81.29328959999999,38.5551397,0 -81.2929463,38.5555425,0 -81.29247429999999,38.5559787,0 -81.292055,38.5562913,0 -81.29152929999999,38.5566101,0 -81.2908319,38.5569877,0 -81.2894479,38.557684,0 -81.2877742,38.5585314,0 -81.2865726,38.5591438,0 -81.2850062,38.5599576,0 -81.283826,38.5606288,0 -81.28287109999999,38.5611908,0 -81.2818733,38.56182,0 -81.28054299999999,38.5627596,0 -81.27955590000001,38.5634811,0 -81.278762,38.5640516,0 -81.2769488,38.5653015,0 -81.2751571,38.5665682,0 -81.274376,38.5670735,0 -81.27217450000001,38.5684976,0 -81.2707905,38.5694035,0 -81.26983559999999,38.5699907,0 -81.26935279999999,38.5702927,0 -81.2689666,38.5705024,0 -81.2682906,38.570796,0 -81.26735720000001,38.5711315,0 -81.2665848,38.571358,0 -81.2656513,38.5715342,0 -81.26484670000001,38.5716348,0 -81.2643102,38.57166,0 -81.26335539999999,38.5716684,0 -81.2625829,38.57166,0 -81.2604371,38.5715174,0 -81.2566606,38.5711483,0 -81.2556199,38.5710812,0 -81.25492250000001,38.5711064,0 -81.2542359,38.5711986,0 -81.2538174,38.5712741,0 -81.253281,38.5714335,0 -81.24904309999999,38.5729517,0 -81.2468866,38.5736479,0 -81.2458245,38.5739834,0 -81.2433676,38.5749145,0 -81.2427775,38.5752081,0 -81.24230540000001,38.5754932,0 -81.24184409999999,38.5758287,0 -81.24139340000001,38.5762397,0 -81.24093209999999,38.5767178,0 -81.2378315,38.5797373,0 -81.2374452,38.5800308,0 -81.2370054,38.5802992,0 -81.2365226,38.5805508,0 -81.2359647,38.5807773,0 -81.23543890000001,38.580945,0 -81.2348703,38.5810708,0 -81.2342373,38.5811547,0 -81.2337009,38.5811715,0 -81.2329606,38.5811463,0 -81.23238120000001,38.5810792,0 -81.2318126,38.5809702,0 -81.23119029999999,38.5807857,0 -81.22944149999999,38.5800644,0 -81.2269632,38.5790747,0 -81.2263731,38.5788566,0 -81.22583659999999,38.5786805,0 -81.22523579999999,38.5785631,0 -81.22469940000001,38.5785211,0 -81.2240986,38.5785127,0 -81.223251,38.5785631,0 -81.2226824,38.5786469,0 -81.2222639,38.5787392,0 -81.2217168,38.5789153,0 -81.22121249999999,38.579125,0 -81.2208155,38.5793347,0 -81.2203542,38.5796366,0 -81.21916330000001,38.5804586,0 -81.2182621,38.5811044,0 -81.2168351,38.5820269,0 -81.2163845,38.5822618,0 -81.2159017,38.5824547,0 -81.2152687,38.5826224,0 -81.21477520000001,38.582723,0 -81.21413149999999,38.5827734,0 -81.213477,38.5827482,0 -81.2128226,38.5826643,0 -81.21208230000001,38.5824966,0 -81.2113956,38.5823373,0 -81.2107948,38.5822114,0 -81.21032270000001,38.5821276,0 -81.2097756,38.5820353,0 -81.2090889,38.5819431,0 -81.20834859999999,38.5818844,0 -81.2074796,38.5819011,0 -81.2067715,38.5819682,0 -81.2062458,38.5820856,0 -81.205602,38.5822785,0 -81.2048403,38.5825553,0 -81.204615,38.5826476,0 -81.20432529999999,38.5827985,0 -81.2040356,38.5829747,0 -81.20378890000001,38.5831592,0 -81.2009886,38.5851803,0 -81.2006346,38.5853397,0 -81.20018399999999,38.5855158,0 -81.1988107,38.5858764,0 -81.1981777,38.5859771,0 -81.19765200000001,38.5860106,0 -81.1969331,38.5859854,0 -81.19633229999999,38.58591,0 -81.1898521,38.5846352,0 -81.1869875,38.5840985,0 -81.1854211,38.5838804,0 -81.1825243,38.583545,0 -81.1789516,38.5832011,0 -81.17704190000001,38.5829411,0 -81.1752931,38.5826476,0 -81.1737696,38.5821024,0 -81.1734155,38.5819095,0 -81.1730829,38.5816663,0 -81.1709264,38.5795528,0 -81.1677293,38.5768353,0 -81.1653153,38.5746293,0 -81.15924269999999,38.5692274,0 -81.1564082,38.5665467,0 -81.1553806,38.5656315,0 -81.1546924,38.5651668,0 -81.15405869999999,38.5648243,0 -81.1533647,38.5645629,0 -81.1523742,38.5643011,0 -81.152033,38.5642445,0 -81.1518828,38.5642361,0 -81.15125430000001,38.564178,0 -81.15055889999999,38.5642088,0 -81.14973430000001,38.5643075,0 -81.1486185,38.5645371,0 -81.1476519,38.5647709,0 -81.1470169,38.5648961,0 -81.146159,38.5650717,0 -81.1455819,38.5651429,0 -81.1449145,38.5651919,0 -81.1438978,38.5652321,0 -81.1425911,38.565264,0 -81.1417483,38.5653136,0 -81.14069840000001,38.5654366,0 -81.1392929,38.5656967,0 -81.1386866,38.5658016,0 -81.1375329,38.566121,0 -81.13596649999999,38.5666327,0 -81.1346897,38.5671445,0 -81.13348670000001,38.5676947,0 -81.1325976,38.5682014,0 -81.1323508,38.5683608,0 -81.1312887,38.5691074,0 -81.1306771,38.5696275,0 -81.1299798,38.570265,0 -81.1294219,38.5707934,0 -81.1290249,38.571238,0 -81.1286279,38.5717077,0 -81.1281666,38.5723285,0 -81.1276302,38.5732092,0 -81.1271474,38.5740899,0 -81.1267718,38.5749119,0 -81.12645000000001,38.5757507,0 -81.12525909999999,38.5799276,0 -81.125066,38.5804812,0 -81.1248192,38.5809173,0 -81.1245081,38.5813786,0 -81.1240682,38.5818399,0 -81.1236712,38.5821921,0 -81.123124,38.5825527,0 -81.1227056,38.5827876,0 -81.1160216,38.5862177,0 -81.1149916,38.5867041,0 -81.1142835,38.5869305,0 -81.1135539,38.5870731,0 -81.1127493,38.5871402,0 -81.1118695,38.5871234,0 -81.11112919999999,38.5870228,0 -81.1101314,38.5868215,0 -81.108683,38.5864861,0 -81.10735270000001,38.5862177,0 -81.10649429999999,38.5861087,0 -81.10571109999999,38.5860332,0 -81.1048528,38.5860416,0 -81.104016,38.5860835,0 -81.10336150000001,38.5861674,0 -81.1025032,38.5863267,0 -81.1016235,38.5865615,0 -81.10055060000001,38.5868886,0 -81.0991236,38.5873415,0 -81.0982331,38.5875763,0 -81.097289,38.5877608,0 -81.0964307,38.5878614,0 -81.0953793,38.5879033,0 -81.09201040000001,38.5879704,0 -81.09104480000001,38.5880459,0 -81.09021869999999,38.5881549,0 -81.08931750000001,38.5883478,0 -81.08865230000001,38.5885239,0 -81.08782619999999,38.5888174,0 -81.0871288,38.5890942,0 -81.08641,38.5893206,0 -81.0859847,38.5894494,0 -81.0855517,38.5895806,0 -81.0847899,38.5897483,0 -81.0839423,38.5898741,0 -81.0829124,38.5899496,0 -81.07771959999999,38.590176,0 -81.07668959999999,38.5902431,0 -81.0756382,38.590394,0 -81.07475839999999,38.590612,0 -81.0737714,38.5908972,0 -81.0726341,38.5912158,0 -81.07181869999999,38.5914255,0 -81.07101419999999,38.5915964,0 -81.06416919999999,38.5924098,0 -81.0634611,38.5925691,0 -81.06283879999999,38.592762,0 -81.0623775,38.5929465,0 -81.06180879999999,38.5932232,0 -81.0613797,38.5934831,0 -81.06090759999999,38.5938437,0 -81.0604999,38.5941707,0 -81.0601351,38.5944978,0 -81.05957720000001,38.5950596,0 -81.0589657,38.5956382,0 -81.0583434,38.5962084,0 -81.0576782,38.5967199,0 -81.05706669999999,38.5971224,0 -81.0565624,38.5973907,0 -81.0559938,38.5976423,0 -81.05527499999999,38.5978938,0 -81.0546205,38.5980531,0 -81.05389099999999,38.5981705,0 -81.0532472,38.598246,0 -81.05261419999999,38.5982628,0 -81.0519919,38.5982376,0 -81.0512731,38.5981621,0 -81.0506079,38.5980531,0 -81.0499964,38.597877,0 -81.0491166,38.5975584,0 -81.0482154,38.597114,0 -81.0462534,38.5962766,0 -81.0459776,38.5961703,0 -81.0457832,38.5961032,0 -81.0455793,38.5960487,0 -81.0453835,38.5959942,0 -81.04516630000001,38.5959502,0 -81.0448658,38.5958915,0 -81.0445976,38.5958579,0 -81.0443348,38.5958349,0 -81.04404510000001,38.5958139,0 -81.0437501,38.5958076,0 -81.04341479999999,38.5958118,0 -81.0430736,38.595831,0 -81.0427464,38.595872,0 -81.0424264,38.5959177,0 -81.04199130000001,38.5960071,0 -81.0417545,38.5960675,0 -81.04151040000001,38.5961451,0 -81.0411376,38.5962751,0 -81.0408774,38.5963778,0 -81.04062260000001,38.5964931,0 -81.04032220000001,38.5966608,0 -81.0401318,38.5967698,0 -81.03995740000001,38.5968788,0 -81.03978309999999,38.5969899,0 -81.03960069999999,38.5971115,0 -81.0394532,38.5972268,0 -81.0391849,38.5974259,0 -81.0387418,38.5977848,0 -81.0382408,38.598181,0 -81.0363332,38.5997343,0 -81.0353944,38.6004847,0 -81.0346541,38.6010465,0 -81.0337315,38.6017257,0 -81.0331199,38.6021281,0 -81.03110289999999,38.6032517,0 -81.0301802,38.6037966,0 -81.0295043,38.6042494,0 -81.02901079999999,38.6046602,0 -81.0285602,38.6051717,0 -81.0282383,38.6056412,0 -81.02798079999999,38.6061358,0 -81.02780919999999,38.606706,0 -81.0277019,38.6072174,0 -81.0274229,38.6104787,0 -81.0273371,38.6113589,0 -81.0272191,38.6119709,0 -81.0270367,38.6125494,0 -81.0266719,38.6131614,0 -81.0263393,38.6135721,0 -81.0257707,38.6141254,0 -81.02521280000001,38.6145194,0 -81.0244725,38.6149051,0 -81.0238717,38.615123,0 -81.0209105,38.6159362,0 -81.0200844,38.616196,0 -81.0195587,38.6163888,0 -81.01894710000001,38.6167325,0 -81.0184429,38.6170762,0 -81.01800299999999,38.6174451,0 -81.0176704,38.6178139,0 -81.01737,38.6182163,0 -81.0170803,38.6186941,0 -81.01661900000001,38.6195072,0 -81.0162864,38.6201024,0 -81.0159645,38.6205466,0 -81.0155139,38.6210496,0 -81.0150204,38.6215022,0 -81.0144839,38.6219381,0 -81.0137115,38.6223907,0 -81.01313210000001,38.6226925,0 -81.0123596,38.6229943,0 -81.0116301,38.6231787,0 -81.01055719999999,38.6233295,0 -81.0096023,38.623405,0 -81.0087226,38.6233882,0 -81.0079501,38.6233044,0 -81.0072634,38.6231954,0 -81.00653389999999,38.6229943,0 -81.0057721,38.6227344,0 -81.0046992,38.6223991,0 -81.003916,38.622198,0 -81.0031865,38.6220387,0 -81.0023389,38.6219213,0 -81.00157710000001,38.6218459,0 -81.00026819999999,38.6217202,0 -80.99938849999999,38.6215693,0 -80.9985516,38.6213513,0 -80.99769329999999,38.6210663,0 -80.9970388,38.6207897,0 -80.9963951,38.6205383,0 -80.9956012,38.6203287,0 -80.99480730000001,38.6201694,0 -80.99353050000001,38.619985,0 -80.9927902,38.6199431,0 -80.99180320000001,38.6199347,0 -80.9909663,38.6199012,0 -80.99035480000001,38.619809,0 -80.9896574,38.6195994,0 -80.9890673,38.6194066,0 -80.9840248,38.6170595,0 -80.9811323,38.6156836,0 -80.9799307,38.615189,0 -80.9792119,38.6149627,0 -80.978493,38.6148118,0 -80.9777527,38.6147615,0 -80.97691589999999,38.6148202,0 -80.9761541,38.6149376,0 -80.9753709,38.6151639,0 -80.97461989999999,38.6154405,0 -80.9741157,38.6157004,0 -80.9735792,38.6160273,0 -80.9718948,38.617159,0 -80.9704357,38.6180225,0 -80.9696203,38.6184332,0 -80.9686225,38.6187937,0 -80.9679144,38.6189697,0 -80.9667771,38.6191541,0 -80.9657686,38.6192463,0 -80.96494250000001,38.6192631,0 -80.9642344,38.6192212,0 -80.9633225,38.6190954,0 -80.96206720000001,38.6188859,0 -80.9599643,38.6184332,0 -80.9550514,38.6173228,0 -80.9541493,38.6171297,0 -80.9536933,38.61705,0 -80.95324960000001,38.6169983,0 -80.9528849,38.616969,0 -80.9524622,38.6169705,0 -80.9520721,38.6169836,0 -80.9517031,38.6170207,0 -80.9513962,38.6170633,0 -80.95113449999999,38.6171067,0 -80.95077929999999,38.6171827,0 -80.95049880000001,38.6172638,0 -80.95013400000001,38.6173853,0 -80.94974240000001,38.6175363,0 -80.94913630000001,38.6178066,0 -80.94822689999999,38.6182446,0 -80.9476921,38.61848,0 -80.94725870000001,38.6186364,0 -80.94685629999999,38.6187602,0 -80.946461,38.6188551,0 -80.9461429,38.6189131,0 -80.9457352,38.6189613,0 -80.9453264,38.6189955,0 -80.94470680000001,38.6190039,0 -80.9437585,38.6189696,0 -80.94115669999999,38.6188356,0 -80.9402662,38.6188272,0 -80.93819550000001,38.6187517,0 -80.9353631,38.6186344,0 -80.9345477,38.6186344,0 -80.9336358,38.6187266,0 -80.9328526,38.6189529,0 -80.9320372,38.6192631,0 -80.9315436,38.6195313,0 -80.9309428,38.6199421,0 -80.9283143,38.6217778,0 -80.9276813,38.6221131,0 -80.9270483,38.6224149,0 -80.9263831,38.6226412,0 -80.9257715,38.6227753,0 -80.925042,38.6228759,0 -80.9242266,38.6229262,0 -80.9236901,38.6229094,0 -80.9223168,38.6227501,0 -80.9208684,38.6224903,0 -80.91928059999999,38.6221718,0 -80.9184545,38.6219119,0 -80.9177249,38.6216102,0 -80.91722059999999,38.6213252,0 -80.9169524,38.6211575,0 -80.9160941,38.6206043,0 -80.91525729999999,38.6200762,0 -80.914517,38.6196906,0 -80.9138732,38.6194391,0 -80.9129506,38.6192044,0 -80.91213519999999,38.6190787,0 -80.9112125,38.6190703,0 -80.9062809,38.6192984,0 -80.9033103,38.6194553,0 -80.9015619,38.6195481,0 -80.8998077,38.6196403,0 -80.8980536,38.6197409,0 -80.8978132,38.6197546,0 -80.8975267,38.6197709,0 -80.89711370000001,38.6198107,0 -80.8967822,38.619854,0 -80.89646999999999,38.619905,0 -80.89621889999999,38.6199567,0 -80.89578179999999,38.6200636,0 -80.8939498,38.6206965,0 -80.89313439999999,38.6210485,0 -80.89014109999999,38.6221382,0 -80.8894437,38.6223143,0 -80.88887510000001,38.6223813,0 -80.88086060000001,38.6228004,0 -80.8788436,38.6229094,0 -80.8781355,38.6229178,0 -80.8775991,38.6228759,0 -80.8769446,38.6227501,0 -80.8760434,38.6224819,0 -80.8755391,38.6222472,0 -80.8751314,38.6220293,0 -80.8739405,38.6214341,0 -80.8729427,38.6209144,0 -80.87226680000001,38.620621,0 -80.8715909,38.6203612,0 -80.870797,38.6201097,0 -80.86974549999999,38.6197828,0 -80.8686297,38.6194475,0 -80.8678573,38.6192128,0 -80.8666879,38.6188356,0 -80.86617440000001,38.6186853,0 -80.86580379999999,38.6185899,0 -80.86543949999999,38.6185114,0 -80.86513480000001,38.6184562,0 -80.86482789999999,38.6184087,0 -80.86435969999999,38.6183578,0 -80.8639616,38.618327,0 -80.8635202,38.618318,0 -80.8630228,38.6183228,0 -80.86245529999999,38.6183473,0 -80.8605841,38.6184367,0 -80.8594351,38.6184919,0 -80.85831930000001,38.6185506,0 -80.8566242,38.6185925,0 -80.856077,38.6186092,0 -80.85556200000001,38.6185841,0 -80.8548432,38.6184919,0 -80.8545106,38.6184248,0 -80.85413509999999,38.6183326,0 -80.8535021,38.6181398,0 -80.8515173,38.6173686,0 -80.8489209,38.616304,0 -80.847966,38.6159687,0 -80.8471935,38.6157759,0 -80.8462279,38.615692,0 -80.8454876,38.6157004,0 -80.84452210000001,38.6157591,0 -80.8432775,38.6157842,0 -80.8423226,38.6156836,0 -80.8415931,38.615516,0 -80.8407991,38.6152226,0 -80.8401018,38.6148621,0 -80.8395117,38.6144513,0 -80.8390289,38.6140238,0 -80.8376985,38.6122968,0 -80.8373766,38.611928,0 -80.8369904,38.6115759,0 -80.8365613,38.6111986,0 -80.83603549999999,38.6108381,0 -80.8354669,38.6105195,0 -80.8348125,38.6102261,0 -80.83393270000001,38.6099159,0 -80.8330744,38.6096979,0 -80.8324307,38.6096057,0 -80.83171179999999,38.6095554,0 -80.8310037,38.609547,0 -80.8303171,38.609589,0 -80.8297914,38.609656,0 -80.8269911,38.6101758,0 -80.826165,38.6103183,0 -80.823869,38.6106956,0 -80.823279,38.6107794,0 -80.8225387,38.6108214,0 -80.82155160000001,38.610771,0 -80.82042509999999,38.6106201,0 -80.8195453,38.6103854,0 -80.8185905,38.6099914,0 -80.81771070000001,38.6095135,0 -80.81667,38.608935,0 -80.8158439,38.6085494,0 -80.815404,38.6083649,0 -80.8146852,38.6081637,0 -80.8141165,38.6080296,0 -80.8134513,38.6079206,0 -80.81267889999999,38.6078619,0 -80.81205660000001,38.6078871,0 -80.81139140000001,38.6079541,0 -80.81061889999999,38.6080966,0 -80.8099323,38.6082895,0 -80.8093744,38.6084739,0 -80.8079153,38.6089602,0 -80.80684239999999,38.6092536,0 -80.8056622,38.6095135,0 -80.80475029999999,38.609656,0 -80.8003514,38.6100081,0 -80.7989352,38.6100836,0 -80.7975941,38.6101255,0 -80.7932382,38.6104273,0 -80.7923155,38.6104609,0 -80.79150009999999,38.6104525,0 -80.7901912,38.6103267,0 -80.7890111,38.6101842,0 -80.78760560000001,38.6100333,0 -80.7866293,38.6100333,0 -80.7855993,38.6101339,0 -80.7846444,38.6103603,0 -80.7840114,38.6105866,0 -80.7834106,38.61088,0 -80.78193,38.6117435,0 -80.78110390000001,38.6120873,0 -80.78037430000001,38.6122801,0 -80.7796877,38.6123891,0 -80.77900649999999,38.612416,0 -80.7772899,38.612307,0 -80.77623850000001,38.6122903,0 -80.77534799999999,38.6123909,0 -80.774479,38.6125921,0 -80.7735885,38.6128771,0 -80.77275160000001,38.6132041,0 -80.7706058,38.6141597,0 -80.76944709999999,38.6146376,0 -80.7687712,38.6148555,0 -80.76819190000001,38.6149813,0 -80.7675052,38.6150483,0 -80.7668829,38.6150483,0 -80.76638939999999,38.6150148,0 -80.7644797,38.6147801,0 -80.7634068,38.6146711,0 -80.7624173,38.6147575,0 -80.7618523,38.6148462,0 -80.7613812,38.6149457,0 -80.7607909,38.6151373,0 -80.7605506,38.6152221,0 -80.76023290000001,38.6153644,0 -80.75998490000001,38.6154885,0 -80.75960910000001,38.6156974,0 -80.7592914,38.6159063,0 -80.75859010000001,38.6163664,0 -80.7576098,38.6170294,0 -80.7571216,38.6173503,0 -80.7568194,38.617529,0 -80.75660240000001,38.6176531,0 -80.7563428,38.6177802,0 -80.7560483,38.6179043,0 -80.7557655,38.6180073,0 -80.7554245,38.6181102,0 -80.75506420000001,38.618198,0 -80.75476190000001,38.6182555,0 -80.7543458,38.6183025,0 -80.75388239999999,38.6183328,0 -80.753407,38.6183435,0 -80.7529426,38.618334,0 -80.75099539999999,38.6183422,0 -80.7487417,38.6183734,0 -80.7481583,38.6184011,0 -80.74755589999999,38.6184337,0 -80.74724519999999,38.6184633,0 -80.7469686,38.6184988,0 -80.7466276,38.6185521,0 -80.7463927,38.6186024,0 -80.7460859,38.6186764,0 -80.7458434,38.6187474,0 -80.7455782,38.6188303,0 -80.7452978,38.6189339,0 -80.7450894,38.6190109,0 -80.7449227,38.6190967,0 -80.7447181,38.6191915,0 -80.7444491,38.6193276,0 -80.7442143,38.619452,0 -80.7439945,38.6195852,0 -80.7437937,38.6197154,0 -80.7435626,38.6198812,0 -80.74301319999999,38.6203109,0 -80.7397455,38.6229241,0 -80.73923050000001,38.6233311,0 -80.7388102,38.6236317,0 -80.73857340000001,38.6237936,0 -80.7382729,38.6239801,0 -80.7340312,38.6260796,0 -80.73363430000001,38.626331,0 -80.7329584,38.626792,0 -80.7323897,38.627253,0 -80.731982,38.6276386,0 -80.73153139999999,38.6281163,0 -80.7310808,38.6287198,0 -80.7307911,38.6291556,0 -80.7305444,38.629625,0 -80.7302869,38.6301111,0 -80.7300723,38.6306559,0 -80.7299221,38.6310833,0 -80.7297397,38.6317035,0 -80.7295895,38.6323321,0 -80.7295251,38.6328433,0 -80.7295037,38.6334216,0 -80.7295037,38.6340083,0 -80.7295573,38.6345866,0 -80.72979340000001,38.6362292,0 -80.72990059999999,38.6372348,0 -80.7299328,38.6375952,0 -80.7299436,38.6380477,0 -80.7299328,38.6384835,0 -80.7298792,38.6389025,0 -80.7298041,38.6392796,0 -80.7289243,38.6425646,0 -80.7288063,38.6431344,0 -80.7288063,38.643654,0 -80.7288707,38.6441484,0 -80.72902089999999,38.644735,0 -80.7292569,38.6453299,0 -80.7295144,38.6457489,0 -80.72990059999999,38.6462516,0 -80.7302976,38.6466287,0 -80.7307253,38.6469796,0 -80.7313154,38.6473399,0 -80.7365752,38.6500987,0 -80.7369858,38.6503374,0 -80.7373613,38.6505699,0 -80.7377259,38.6508276,0 -80.7382408,38.6512235,0 -80.7386432,38.6516048,0 -80.7391904,38.6521829,0 -80.7395551,38.6527443,0 -80.7399199,38.6533811,0 -80.7401345,38.6539257,0 -80.7402525,38.6543949,0 -80.7403491,38.6548389,0 -80.7404081,38.6557082,0 -80.7403813,38.6559386,0 -80.74033300000001,38.6561836,0 -80.7402364,38.6564894,0 -80.7400809,38.6568497,0 -80.7398609,38.6572623,0 -80.73956339999999,38.6577189,0 -80.73924940000001,38.6580917,0 -80.7389841,38.6583996,0 -80.7386995,38.6586489,0 -80.738096,38.6590783,0 -80.7370446,38.6596647,0 -80.7357035,38.6603685,0 -80.73477010000001,38.6609214,0 -80.7343517,38.661223,0 -80.7339547,38.6615832,0 -80.7335685,38.6620021,0 -80.73319290000001,38.6624461,0 -80.73289250000001,38.6629739,0 -80.7318733,38.6650347,0 -80.7309077,38.6669614,0 -80.73031760000001,38.6680504,0 -80.7298885,38.6686871,0 -80.7293198,38.6693321,0 -80.7286225,38.6699603,0 -80.72804309999999,38.6704462,0 -80.72750670000001,38.6708231,0 -80.7269917,38.6711247,0 -80.72613339999999,38.67151,0 -80.7252536,38.6717948,0 -80.7243309,38.6719707,0 -80.72317219999999,38.6721131,0 -80.7221315,38.6722555,0 -80.72136980000001,38.672356,0 -80.7209513,38.6724565,0 -80.7205651,38.6725654,0 -80.71997500000001,38.6727832,0 -80.7192884,38.673135,0 -80.718709,38.6735287,0 -80.71830129999999,38.6738554,0 -80.717958,38.6742155,0 -80.7174967,38.6748438,0 -80.7163594,38.6763347,0 -80.7158122,38.6768624,0 -80.7155011,38.6770885,0 -80.7149325,38.6774403,0 -80.71422440000001,38.6777921,0 -80.7115422,38.678906,0 -80.7105658,38.6793164,0 -80.709729,38.6797519,0 -80.7092569,38.6800032,0 -80.7009099,38.6855727,0 -80.6997404,38.6863683,0 -80.6984637,38.6871471,0 -80.6976483,38.6875407,0 -80.69720839999999,38.6877166,0 -80.6965325,38.6879511,0 -80.6957815,38.6881772,0 -80.69499829999999,38.6883531,0 -80.69449400000001,38.6884368,0 -80.6938181,38.6884954,0 -80.6895373,38.688688,0 -80.68781,38.6887466,0 -80.6857929,38.6888555,0 -80.684012,38.6889476,0 -80.68260650000001,38.6890733,0 -80.6811795,38.6893161,0 -80.67966680000001,38.6896678,0 -80.6780038,38.6901619,0 -80.6768987,38.6905053,0 -80.67582590000001,38.6909742,0 -80.67491390000001,38.691418,0 -80.6742165,38.6918451,0 -80.6736372,38.6922303,0 -80.672972,38.6927579,0 -80.6724785,38.6931933,0 -80.671824,38.6938381,0 -80.67113740000001,38.694508,0 -80.6702576,38.6953873,0 -80.6691311,38.6965009,0 -80.6684444,38.6971792,0 -80.6669424,38.698678,0 -80.6652472,38.7004699,0 -80.6641743,38.701684,0 -80.6630693,38.7029315,0 -80.6627689,38.7032664,0 -80.6619427,38.7042042,0 -80.6608162,38.7054684,0 -80.6599686,38.7064313,0 -80.6596146,38.7069085,0 -80.65915320000001,38.707662,0 -80.6588636,38.708315,0 -80.65857389999999,38.7091522,0 -80.6584237,38.7098973,0 -80.65837000000001,38.7105336,0 -80.65845520000001,38.7115575,0 -80.65851480000001,38.7118929,0 -80.6585788,38.7121579,0 -80.6586918,38.7125608,0 -80.65970040000001,38.7157742,0 -80.66017239999999,38.7173219,0 -80.66026960000001,38.7176039,0 -80.6605587,38.7182688,0 -80.6607106,38.7185624,0 -80.6608806,38.7188631,0 -80.6610915,38.7191896,0 -80.6613205,38.7195161,0 -80.66181400000001,38.720102,0 -80.6623934,38.7207047,0 -80.6629727,38.7211986,0 -80.6638525,38.7218264,0 -80.665097,38.7225379,0 -80.6660412,38.7229396,0 -80.6667922,38.7231907,0 -80.66806889999999,38.7235256,0 -80.6693456,38.7239357,0 -80.67017180000001,38.7243207,0 -80.67100859999999,38.7248648,0 -80.671588,38.7254089,0 -80.6720064,38.7258943,0 -80.67240339999999,38.726497,0 -80.67268230000001,38.7270494,0 -80.6729613,38.7280622,0 -80.6733582,38.7298282,0 -80.6736801,38.7311338,0 -80.6738625,38.7319791,0 -80.6742165,38.7329249,0 -80.6746242,38.7337116,0 -80.6751821,38.7345401,0 -80.6757829,38.7352766,0 -80.6768666,38.7366658,0 -80.6772957,38.7373269,0 -80.67751029999999,38.7378625,0 -80.6776605,38.73844,0 -80.6777249,38.7391513,0 -80.6777463,38.7397204,0 -80.67769269999999,38.740189,0 -80.6775961,38.7405907,0 -80.6774245,38.7410593,0 -80.67714549999999,38.7415028,0 -80.67672709999999,38.7422141,0 -80.676373,38.7428668,0 -80.6760941,38.7435363,0 -80.67593309999999,38.7441555,0 -80.6758473,38.7447413,0 -80.6758473,38.7452768,0 -80.6759224,38.7458291,0 -80.6765018,38.7482222,0 -80.67672709999999,38.7491677,0 -80.67679149999999,38.7501049,0 -80.6767593,38.7511759,0 -80.67672709999999,38.7522217,0 -80.6768022,38.7532007,0 -80.6769738,38.7539202,0 -80.67718840000001,38.7544473,0 -80.677639,38.7553258,0 -80.6781862,38.7562294,0 -80.6793771,38.7586138,0 -80.68086839999999,38.7613495,0 -80.6818662,38.7632402,0 -80.68205930000001,38.7638509,0 -80.682113,38.7643863,0 -80.682113,38.765089,0 -80.6820379,38.7655742,0 -80.6819091,38.7661263,0 -80.6817267,38.766553,0 -80.6815229,38.7669378,0 -80.6810186,38.7676572,0 -80.6802891,38.7683431,0 -80.6798921,38.7686275,0 -80.6791625,38.769096,0 -80.67821840000001,38.7696648,0 -80.6774781,38.7701751,0 -80.67660909999999,38.7708275,0 -80.67599749999999,38.7713294,0 -80.6753538,38.7719233,0 -80.6744848,38.7728099,0 -80.6738196,38.7736046,0 -80.67310070000001,38.7745581,0 -80.6725106,38.7754782,0 -80.6720708,38.7763146,0 -80.6716845,38.777151,0 -80.6701825,38.7818515,0 -80.6694207,38.7840594,0 -80.6690881,38.7846448,0 -80.6686268,38.7852804,0 -80.66818689999999,38.785707,0 -80.6674144,38.786284,0 -80.6668244,38.7866353,0 -80.6660626,38.7870868,0 -80.665612,38.7874046,0 -80.6651078,38.7878061,0 -80.66459279999999,38.7883413,0 -80.66420650000001,38.7888598,0 -80.6639168,38.7893448,0 -80.663713,38.7897964,0 -80.6635199,38.7904403,0 -80.6634341,38.7911344,0 -80.6634662,38.7918117,0 -80.6636164,38.7927901,0 -80.66384170000001,38.7941197,0 -80.66390610000001,38.7946549,0 -80.6638954,38.7951399,0 -80.66380959999999,38.7956583,0 -80.6636701,38.7961935,0 -80.66344479999999,38.7967203,0 -80.6632195,38.7971133,0 -80.6624577,38.7981752,0 -80.6621251,38.7987354,0 -80.6618462,38.7993458,0 -80.6616531,38.8001401,0 -80.6615887,38.8006586,0 -80.6616018,38.8010908,0 -80.6622026,38.8054301,0 -80.66235279999999,38.8061241,0 -80.6625781,38.8067595,0 -80.66289999999999,38.807328,0 -80.6632326,38.8077878,0 -80.6637798,38.8083647,0 -80.6645844,38.809092,0 -80.6652282,38.8096605,0 -80.6658504,38.8103043,0 -80.666344,38.8108728,0 -80.6667946,38.8114663,0 -80.66710569999999,38.8119512,0 -80.6673096,38.8123023,0 -80.6675456,38.8127956,0 -80.66765289999999,38.8130631,0 -80.6678996,38.8137653,0 -80.668082,38.8143756,0 -80.66818929999999,38.814827,0 -80.6682644,38.8155376,0 -80.66829660000001,38.816106,0 -80.6682859,38.8166912,0 -80.66823220000001,38.8172847,0 -80.66811420000001,38.8179033,0 -80.6679426,38.8184717,0 -80.66771730000001,38.8190986,0 -80.6669019,38.8210296,0 -80.66662289999999,38.8217902,0 -80.66638690000001,38.8226094,0 -80.6661938,38.8236292,0 -80.66608650000001,38.8244817,0 -80.6660543,38.8268806,0 -80.6660543,38.8277331,0 -80.66614010000001,38.8283516,0 -80.6663118,38.8288865,0 -80.6665478,38.8294298,0 -80.6668375,38.8301235,0 -80.6670306,38.8307587,0 -80.66710569999999,38.8313187,0 -80.6671272,38.8318201,0 -80.66710569999999,38.8322714,0 -80.6670199,38.8327729,0 -80.6668911,38.8332911,0 -80.6665478,38.8341268,0 -80.6662903,38.8348121,0 -80.66614010000001,38.8354138,0 -80.66607569999999,38.8360573,0 -80.66607569999999,38.8366256,0 -80.6661294,38.8372106,0 -80.6662367,38.8377622,0 -80.666301,38.8384307,0 -80.666301,38.838999,0 -80.6662259,38.8400018,0 -80.6656466,38.8439878,0 -80.66489559999999,38.8491769,0 -80.66475610000001,38.8501378,0 -80.66439130000001,38.8525274,0 -80.66428399999999,38.8531122,0 -80.66409090000001,38.8538976,0 -80.6638978,38.8544825,0 -80.6635867,38.8551509,0 -80.6632326,38.8557441,0 -80.6628142,38.856354,0 -80.6624279,38.8568135,0 -80.66205239999999,38.8572229,0 -80.66135509999999,38.8578996,0 -80.6608186,38.8583006,0 -80.6603787,38.8585847,0 -80.659499,38.859111,0 -80.6586085,38.8595956,0 -80.6575249,38.8601219,0 -80.65696029999999,38.8604243,0 -80.6566954,38.8605662,0 -80.6560121,38.8609322,0 -80.6546281,38.8616507,0 -80.65324409999999,38.8623942,0 -80.65170980000001,38.863238,0 -80.65058329999999,38.8638478,0 -80.650353,38.8639861,0 -80.64998249999999,38.8642153,0 -80.64981400000001,38.8643336,0 -80.6495877,38.8645119,0 -80.649328,38.8647584,0 -80.6487487,38.865293,0 -80.64810490000001,38.8659947,0 -80.64697839999999,38.8672895,0 -80.6464634,38.8677657,0 -80.6459806,38.8682001,0 -80.6452833,38.868743,0 -80.6445215,38.8692359,0 -80.6438349,38.8695951,0 -80.6427834,38.8700879,0 -80.64192509999999,38.8704304,0 -80.6412921,38.8706476,0 -80.63824510000001,38.871558,0 -80.63754779999999,38.8718922,0 -80.63694700000001,38.8722597,0 -80.6363676,38.8726857,0 -80.6359277,38.87312,0 -80.6355307,38.8736379,0 -80.63430769999999,38.8754588,0 -80.6338356,38.8760769,0 -80.6331382,38.8767534,0 -80.63236569999999,38.8775385,0 -80.6315611,38.8781649,0 -80.63134650000001,38.8784489,0 -80.63015559999999,38.8804033,0 -80.62941530000001,38.8818649,0 -80.6292866,38.8822658,0 -80.6292651,38.882508,0 -80.6293939,38.8856481,0 -80.6294797,38.8865167,0 -80.62949039999999,38.8867421,0 -80.6294475,38.8871931,0 -80.6293402,38.8876691,0 -80.6291471,38.8881785,0 -80.6288574,38.8886128,0 -80.6266365,38.8910095,0 -80.62623960000001,38.8915272,0 -80.62601429999999,38.891928,0 -80.6258533,38.8922203,0 -80.6254993,38.8930303,0 -80.62523109999999,38.8934812,0 -80.62493069999999,38.8939322,0 -80.6245981,38.8943163,0 -80.6241153,38.8947922,0 -80.6237398,38.8952348,0 -80.6233321,38.8957525,0 -80.6228278,38.8964289,0 -80.622345,38.897172,0 -80.6220553,38.8976814,0 -80.6219159,38.8980154,0 -80.6217978,38.8984496,0 -80.62162619999999,38.8989172,0 -80.62142230000001,38.8992845,0 -80.6211112,38.8997187,0 -80.620682,38.9001529,0 -80.6201671,38.9005286,0 -80.6195019,38.9009378,0 -80.6189758,38.9012039,0 -80.6184394,38.901421,0 -80.6178493,38.9016464,0 -80.6170875,38.9018969,0 -80.61643309999999,38.902089,0 -80.6104249,38.9034249,0 -80.6097383,38.9035751,0 -80.60775340000001,38.9040427,0 -80.60705609999999,38.9042431,0 -80.60645529999999,38.9044936,0 -80.6058223,38.9048359,0 -80.6053287,38.9052283,0 -80.6048674,38.9056457,0 -80.60451329999999,38.9060882,0 -80.60421289999999,38.9065725,0 -80.6039554,38.9070233,0 -80.60337610000001,38.9081253,0 -80.60307570000001,38.9086012,0 -80.6028182,38.9089101,0 -80.6024427,38.9092858,0 -80.6020242,38.9096114,0 -80.6017131,38.9098117,0 -80.6009621,38.9102292,0 -80.6000287,38.9106466,0 -80.5984515,38.9113061,0 -80.5976823,38.9115803,0 -80.5970461,38.911807,0 -80.59532950000001,38.9123246,0 -80.59435310000001,38.9125416,0 -80.5934197,38.9126752,0 -80.5924005,38.9127253,0 -80.5915636,38.912717,0 -80.5908877,38.9126919,0 -80.5883006,38.9125309,0 -80.5874008,38.9124749,0 -80.58655330000001,38.9124415,0 -80.58582370000001,38.9124498,0 -80.5851049,38.9125166,0 -80.5844611,38.9126335,0 -80.58384959999999,38.9128338,0 -80.5832702,38.9130759,0 -80.5825943,38.9134015,0 -80.5815429,38.9139608,0 -80.5809206,38.9142446,0 -80.58042709999999,38.9144367,0 -80.5797726,38.9146287,0 -80.57916109999999,38.9147455,0 -80.57862470000001,38.914804,0 -80.57616779999999,38.9148624,0 -80.5752129,38.9149709,0 -80.5745692,38.9151379,0 -80.57375380000001,38.9153967,0 -80.5729276,38.9157473,0 -80.5715436,38.9162982,0 -80.57063170000001,38.9166071,0 -80.569827,38.9168408,0 -80.5689794,38.9170412,0 -80.56805679999999,38.9171914,0 -80.567413,38.9172415,0 -80.5667478,38.9172499,0 -80.56612560000001,38.9172332,0 -80.5653102,38.9171413,0 -80.5642909,38.916966,0 -80.56348629999999,38.9169076,0 -80.5624456,38.9169159,0 -80.56173750000001,38.916966,0 -80.5608684,38.9171163,0 -80.5600852,38.91735,0 -80.55919470000001,38.9177507,0 -80.5586368,38.918093,0 -80.5574459,38.9189945,0 -80.5568129,38.9193451,0 -80.55577220000001,38.9199127,0 -80.55523580000001,38.9201214,0 -80.554238,38.9203968,0 -80.55354389999999,38.9205517,0 -80.552854,38.9207057,0 -80.5519099,38.9209978,0 -80.5512018,38.9212482,0 -80.5507404,38.921482,0 -80.5501611,38.9218159,0 -80.5495817,38.9222833,0 -80.54905599999999,38.9227674,0 -80.5486805,38.923143,0 -80.5483586,38.9236021,0 -80.5481977,38.9240028,0 -80.54797240000001,38.9246288,0 -80.5476183,38.9255552,0 -80.5473823,38.9259642,0 -80.54712480000001,38.9263148,0 -80.5467171,38.9267405,0 -80.5464381,38.9270242,0 -80.5460197,38.9275334,0 -80.5456228,38.9279256,0 -80.5449898,38.9283847,0 -80.54436750000001,38.9290441,0 -80.54412069999999,38.9294029,0 -80.54393829999999,38.9298036,0 -80.5437452,38.930296,0 -80.543595,38.9308552,0 -80.5435414,38.9313559,0 -80.5435306,38.9319485,0 -80.5436808,38.9336677,0 -80.5436808,38.9342603,0 -80.543595,38.9346942,0 -80.54346630000001,38.9350865,0 -80.54315510000001,38.9357541,0 -80.5428869,38.9361296,0 -80.5423612,38.9370476,0 -80.5421252,38.9375317,0 -80.54197499999999,38.9380491,0 -80.5418569,38.9387083,0 -80.5416745,38.93991,0 -80.5415994,38.9404608,0 -80.54154579999999,38.9412285,0 -80.54146,38.9417292,0 -80.54136339999999,38.942113,0 -80.5411917,38.942597,0 -80.5409557,38.9429809,0 -80.5406875,38.9433147,0 -80.5403549,38.9436651,0 -80.5399584,38.9440082,0 -80.5386816,38.9448677,0 -80.53769459999999,38.9455436,0 -80.53727619999999,38.9457939,0 -80.5365681,38.946111,0 -80.5359565,38.9465115,0 -80.5355059,38.9468703,0 -80.5351197,38.9473292,0 -80.53483,38.9477715,0 -80.534594,38.9482554,0 -80.5344545,38.9486142,0 -80.5343472,38.9490648,0 -80.5342828,38.9494319,0 -80.5342828,38.9498491,0 -80.5343687,38.9505667,0 -80.53449740000001,38.9512342,0 -80.5346047,38.9517848,0 -80.5346691,38.9522771,0 -80.5347012,38.9526275,0 -80.5347227,38.9529613,0 -80.5346691,38.9533033,0 -80.534594,38.9536871,0 -80.53449740000001,38.9539875,0 -80.5343687,38.9542962,0 -80.53415409999999,38.9546716,0 -80.533918,38.9550137,0 -80.5336284,38.9553808,0 -80.5333172,38.9556895,0 -80.53282369999999,38.9560733,0 -80.5322658,38.9564154,0 -80.5314075,38.9568993,0 -80.5308603,38.957233,0 -80.53031319999999,38.9576334,0 -80.52987330000001,38.9580422,0 -80.52944410000001,38.9584761,0 -80.52896130000001,38.9589182,0 -80.5285214,38.9592603,0 -80.5280279,38.9595856,0 -80.5276202,38.9598192,0 -80.5268907,38.9601362,0 -80.5263113,38.9603281,0 -80.52554960000001,38.9605117,0 -80.5249058,38.9605951,0 -80.52439080000001,38.9606118,0 -80.5238866,38.9605951,0 -80.52301749999999,38.9605117,0 -80.5219768,38.9604032,0 -80.52133310000001,38.9603531,0 -80.52068939999999,38.9603365,0 -80.5201529,38.9603782,0 -80.5194448,38.9605033,0 -80.5187904,38.9606451,0 -80.5179321,38.9609288,0 -80.5173205,38.9612541,0 -80.5167841,38.9616462,0 -80.5162047,38.9621635,0 -80.5157756,38.9626557,0 -80.5153954,38.963127,0 -80.51528209999999,38.9633147,0 -80.5152044,38.9634788,0 -80.5150859,38.9637551,0 -80.5149115,38.9642337,0 -80.5148193,38.9646277,0 -80.5147305,38.9650781,0 -80.514431,38.9666748,0 -80.5142895,38.9670228,0 -80.51411830000001,38.9673733,0 -80.5137478,38.9680195,0 -80.5130075,38.9690205,0 -80.51255690000001,38.9696294,0 -80.5122673,38.9701132,0 -80.51202050000001,38.9706221,0 -80.5116986,38.9714562,0 -80.51143039999999,38.9723654,0 -80.5112158,38.973333,0 -80.51110850000001,38.9739752,0 -80.5111193,38.9746091,0 -80.51119439999999,38.977445,0 -80.51112999999999,38.9778953,0 -80.51099050000001,38.9783707,0 -80.5108403,38.9786877,0 -80.5106043,38.9791047,0 -80.51032530000001,38.9794633,0 -80.5100035,38.9798053,0 -80.509113,38.9806393,0 -80.5087375,38.981048,0 -80.50836200000001,38.9815567,0 -80.5081259,38.9819904,0 -80.5078792,38.9824825,0 -80.50680629999999,38.9853764,0 -80.5057012,38.9883452,0 -80.5056046,38.9888289,0 -80.5055832,38.9893125,0 -80.50559389999999,38.9896461,0 -80.5056905,38.9900964,0 -80.5058729,38.9906218,0 -80.50619469999999,38.9914807,0 -80.5062698,38.9919143,0 -80.5063127,38.9923312,0 -80.5062913,38.9928065,0 -80.50620549999999,38.9932318,0 -80.5060874,38.9936071,0 -80.5058836,38.9940156,0 -80.505669,38.9944159,0 -80.5051218,38.9951413,0 -80.504285,38.9961336,0 -80.5031156,38.9975094,0 -80.5023645,38.9984683,0 -80.5015277,38.999694,0 -80.5009805,39.0006028,0 -80.5003797,39.0016951,0 -80.4998969,39.0027289,0 -80.4995643,39.0034293,0 -80.49917809999999,39.004138,0 -80.4987811,39.0048049,0 -80.49833049999999,39.0055303,0 -80.4948651,39.0108326,0 -80.49400679999999,39.0121247,0 -80.4936098,39.0126082,0 -80.49321279999999,39.013,0 -80.4928481,39.0132751,0 -80.49242959999999,39.0135419,0 -80.49194679999999,39.0138003,0 -80.4913782,39.0140421,0 -80.4907238,39.0142421,0 -80.4900586,39.0143839,0 -80.4892217,39.0144672,0 -80.48870669999999,39.0144589,0 -80.4880094,39.0143839,0 -80.4832672,39.0133918,0 -80.48191540000001,39.0130917,0 -80.48118580000001,39.0130084,0 -80.4803275,39.0129917,0 -80.4795979,39.0130667,0 -80.478686,39.0132001,0 -80.4777419,39.0133585,0 -80.47498450000001,39.0138837,0 -80.4731177,39.0142338,0 -80.4723989,39.0143172,0 -80.4716908,39.0143672,0 -80.47073589999999,39.0143839,0 -80.4704033,39.0143839,0 -80.4701137,39.0143839,0 -80.469191,39.0143505,0 -80.46832190000001,39.0142255,0 -80.4676353,39.0140421,0 -80.4667019,39.013717,0 -80.4655217,39.0132585,0 -80.4642557,39.0127249,0 -80.46287169999999,39.0121747,0 -80.4619383,39.0118663,0 -80.46087609999999,39.0116245,0 -80.4600822,39.0115328,0 -80.4592561,39.0114911,0 -80.45846210000001,39.0115078,0 -80.4573678,39.0116412,0 -80.45600520000001,39.011883,0 -80.4544281,39.0122498,0 -80.4527544,39.0126999,0 -80.4519497,39.0130167,0 -80.451188,39.0134085,0 -80.4505657,39.013792,0 -80.4500936,39.0141588,0 -80.44966049999999,39.0145519,0 -80.4489739,39.0152438,0 -80.4481048,39.0161274,0 -80.4475791,39.0166026,0 -80.4470749,39.0170027,0 -80.4467101,39.0172528,0 -80.4461414,39.0175862,0 -80.4455943,39.017803,0 -80.4451437,39.0179613,0 -80.4444999,39.018128,0 -80.4437489,39.0182364,0 -80.4430301,39.0182698,0 -80.4421181,39.0182031,0 -80.44152800000001,39.0180947,0 -80.4408092,39.017903,0 -80.4378481,39.0167026,0 -80.4371185,39.0164442,0 -80.4363889,39.0162692,0 -80.43579889999999,39.0161775,0 -80.4350586,39.0161358,0 -80.4343075,39.0161608,0 -80.43368529999999,39.0162608,0 -80.43307369999999,39.0164192,0 -80.43247289999999,39.0166109,0 -80.4319043,39.016836,0 -80.43133570000001,39.0171694,0 -80.4309494,39.0174112,0 -80.430649,39.0176529,0 -80.4302587,39.0180847,0 -80.4301354,39.0182032,0 -80.4292296,39.0193388,0 -80.4287039,39.020064,0 -80.4284274,39.0204438,0 -80.4276552,39.0214342,0 -80.4273226,39.0219176,0 -80.42609280000001,39.0234178,0 -80.4254147,39.0242913,0 -80.4249957,39.0248473,0 -80.4247968,39.0250515,0 -80.42420850000001,39.0260403,0 -80.4235755,39.0271822,0 -80.42308199999999,39.0284074,0 -80.4222007,39.030882,0 -80.4211794,39.0338289,0 -80.4199777,39.0370291,0 -80.4196917,39.0377747,0 -80.41940200000001,39.0383997,0 -80.4190694,39.0388997,0 -80.4187074,39.0393157,0 -80.41759159999999,39.0404291,0 -80.41706809999999,39.0410157,0 -80.41633849999999,39.0420157,0 -80.4154115,39.0433556,0 -80.4149566,39.0439222,0 -80.4141556,39.0445828,0 -80.4132973,39.0450494,0 -80.4113088,39.0459954,0 -80.41033040000001,39.0465286,0 -80.4097124,39.0469686,0 -80.4084592,39.0482018,0 -80.4077719,39.048899,0 -80.40722479999999,39.0493156,0 -80.4066385,39.0496778,0 -80.40431359999999,39.0507981,0 -80.403237,39.0513133,0 -80.4021695,39.051907,0 -80.4017048,39.0522734,0 -80.4012354,39.0527233,0 -80.4008626,39.0531566,0 -80.4004925,39.053772,0 -80.4001513,39.054572,0 -80.3999721,39.0551228,0 -80.3998862,39.0558476,0 -80.3999077,39.0564141,0 -80.40000430000001,39.0568307,0 -80.4001974,39.0574139,0 -80.400683,39.0584063,0 -80.4012323,39.0595326,0 -80.40167,39.0606856,0 -80.40187109999999,39.0615626,0 -80.4019117,39.0618916,0 -80.4019462,39.0621708,0 -80.40215000000001,39.0634703,0 -80.4023481,39.0648708,0 -80.4024312,39.0651672,0 -80.4025358,39.0654609,0 -80.4027584,39.0659461,0 -80.4033539,39.0668478,0 -80.4037909,39.0675002,0 -80.4042707,39.0683428,0 -80.4046999,39.0692357,0 -80.4050146,39.070151,0 -80.40517560000001,39.070934,0 -80.40520770000001,39.0718085,0 -80.4051863,39.0725499,0 -80.405079,39.0732079,0 -80.404961,39.0737576,0 -80.40475139999999,39.0744266,0 -80.4044853,39.0749663,0 -80.40327550000001,39.0768885,0 -80.4032358,39.0769484,0 -80.40273430000001,39.0777049,0 -80.4001251,39.0815426,0 -80.39781619999999,39.0850804,0 -80.39597089999999,39.0878252,0 -80.39525639999999,39.0888214,0 -80.3951694,39.0889428,0 -80.3939103,39.0908803,0 -80.3935589,39.0914684,0 -80.3933859,39.0918108,0 -80.39291249999999,39.0928454,0 -80.3925692,39.0936615,0 -80.3921514,39.0954195,0 -80.3920742,39.0962234,0 -80.3920148,39.0972551,0 -80.3919878,39.0993658,0 -80.39198469999999,39.099709,0 -80.3919368,39.103326,0 -80.3919197,39.1059036,0 -80.3918611,39.1071081,0 -80.39175400000001,39.1077336,0 -80.3916572,39.1082986,0 -80.3914219,39.1092669,0 -80.3911208,39.1100968,0 -80.3905736,39.1113371,0 -80.3898226,39.1129022,0 -80.3887697,39.1151075,0 -80.3883062,39.1162396,0 -80.38748219999999,39.11887,0 -80.38719039999999,39.1199354,0 -80.3867005,39.1218755,0 -80.38635720000001,39.1230782,0 -80.3860269,39.1242964,0 -80.3854881,39.1262868,0 -80.3850697,39.1273521,0 -80.384659,39.1280501,0 -80.3840505,39.1288627,0 -80.383396,39.129541,0 -80.38236670000001,39.1303626,0 -80.3814912,39.1309685,0 -80.37948280000001,39.13232,0 -80.37782780000001,39.1334608,0 -80.3771733,39.1339518,0 -80.3766047,39.1345344,0 -80.3755895,39.1357605,0 -80.3749668,39.1363542,0 -80.3745876,39.1366398,0 -80.37427289999999,39.1368472,0 -80.3735262,39.1372733,0 -80.3725992,39.1376794,0 -80.37065080000001,39.1384915,0 -80.3697324,39.1389442,0 -80.36896,39.1395034,0 -80.36753520000001,39.1407949,0 -80.36447099999999,39.1434776,0 -80.36387019999999,39.1441699,0 -80.3635048,39.1448113,0 -80.3632265,39.1454879,0 -80.36272870000001,39.1474516,0 -80.36253120000001,39.1479042,0 -80.3622817,39.1482976,0 -80.36207779999999,39.1485306,0 -80.3609348,39.1494219,0 -80.3595351,39.1504941,0 -80.3588592,39.1511431,0 -80.3585051,39.1515924,0 -80.358076,39.1521997,0 -80.35751740000001,39.1533396,0 -80.35732280000001,39.1538771,0 -80.3566862,39.1562508,0 -80.3566046,39.1565302,0 -80.3563944,39.1572912,0 -80.3560047,39.1583229,0 -80.3557077,39.1589196,0 -80.3553252,39.1595329,0 -80.35494199999999,39.1600581,0 -80.3542882,39.160889,0 -80.35348620000001,39.1617043,0 -80.3532273,39.1619569,0 -80.3510385,39.1641305,0 -80.35005030000001,39.1650733,0 -80.3491813,39.1657804,0 -80.3484464,39.1663398,0 -80.3473359,39.1671945,0 -80.3463381,39.167993,0 -80.3459841,39.1683673,0 -80.34566220000001,39.1687666,0 -80.3453725,39.1692906,0 -80.3445571,39.1711538,0 -80.3440636,39.1722767,0 -80.3438383,39.1728256,0 -80.343495,39.1735908,0 -80.34302289999999,39.1745556,0 -80.3424033,39.1754872,0 -80.340745,39.1774794,0 -80.3403826,39.177849,0 -80.33934840000001,39.179029,0 -80.3385483,39.1800402,0 -80.3385382,39.1800529,0 -80.33773360000001,39.1810345,0 -80.337401,39.1816499,0 -80.3371113,39.1823152,0 -80.33693340000001,39.1827988,0 -80.3367894,39.1835294,0 -80.3366178,39.1847103,0 -80.33653200000001,39.185176,0 -80.3363518,39.1856464,0 -80.3360706,39.1861489,0 -80.33582389999999,39.1864317,0 -80.3354698,39.186756,0 -80.3349655,39.1870886,0 -80.3344266,39.1873669,0 -80.3333504,39.1878371,0 -80.33255080000001,39.1881735,0 -80.3313146,39.1887489,0 -80.32979419999999,39.1894586,0 -80.32948829999999,39.1896354,0 -80.32852819999999,39.1901904,0 -80.3276699,39.1908556,0 -80.3266507,39.1915956,0 -80.32534939999999,39.1924942,0 -80.3244739,39.1929864,0 -80.3231522,39.1935918,0 -80.3210395,39.1946306,0 -80.318955,39.1956539,0 -80.3173381,39.1965181,0 -80.31651189999999,39.1970419,0 -80.3157449,39.1975829,0 -80.3140765,39.1989127,0 -80.3132718,39.1996693,0 -80.31267099999999,39.2003344,0 -80.3117591,39.2014901,0 -80.3111261,39.2024545,0 -80.3105789,39.2034854,0 -80.30978829999999,39.2049259,0 -80.30947380000001,39.2055805,0 -80.3090232,39.2063703,0 -80.30821760000001,39.2075662,0 -80.3076607,39.2082907,0 -80.30708129999999,39.2089308,0 -80.30611570000001,39.2100364,0 -80.30539690000001,39.2108677,0 -80.3049355,39.2115162,0 -80.30462439999999,39.2121978,0 -80.30444199999999,39.2128628,0 -80.30438839999999,39.2137606,0 -80.3043562,39.2149244,0 -80.3043454,39.2166616,0 -80.3043162,39.217113,0 -80.3042489,39.2176757,0 -80.3040665,39.2182077,0 -80.3038305,39.2187563,0 -80.30347639999999,39.2193714,0 -80.3029605,39.219951,0 -80.3019297,39.2208785,0 -80.3012109,39.2215316,0 -80.2995269,39.2229114,0 -80.29912760000001,39.2232434,0 -80.2989432,39.2233967,0 -80.2979905,39.2242744,0 -80.29725999999999,39.2252507,0 -80.29702450000001,39.2257549,0 -80.2968278,39.2262758,0 -80.2966564,39.2269482,0 -80.2965571,39.2278117,0 -80.2965142,39.2285098,0 -80.2964908,39.2288268,0 -80.29639400000001,39.2301387,0 -80.2963024,39.2311452,0 -80.2962481,39.2321665,0 -80.29618429999999,39.2335552,0 -80.29613070000001,39.2344361,0 -80.2959688,39.2358467,0 -80.29596119999999,39.2358901,0 -80.2958345,39.236611,0 -80.2955272,39.2375182,0 -80.2951758,39.2382836,0 -80.2947118,39.2389541,0 -80.29431750000001,39.2394636,0 -80.2938884,39.2399289,0 -80.2932612,39.240503,0 -80.2921111,39.2415001,0 -80.2904522,39.2429542,0 -80.2893885,39.2438933,0 -80.28855919999999,39.2446242,0 -80.2873391,39.2457702,0 -80.2862777,39.2470561,0 -80.2857403,39.247922,0 -80.2852216,39.2489582,0 -80.28491459999999,39.2499279,0 -80.2848762,39.2500658,0 -80.28467190000001,39.2513001,0 -80.28460750000001,39.251998,0 -80.2846095,39.2530126,0 -80.28481549999999,39.2541691,0 -80.2852103,39.2553455,0 -80.2858626,39.2566282,0 -80.2861549,39.2572114,0 -80.28630269999999,39.2575061,0 -80.2866353,39.2581208,0 -80.2873434,39.2594417,0 -80.28769010000001,39.2601034,0 -80.2881051,39.2608954,0 -80.2885236,39.2622993,0 -80.2886738,39.2631798,0 -80.28877230000001,39.2640381,0 -80.2887379,39.2648688,0 -80.28859869999999,39.265838,0 -80.2883734,39.2667018,0 -80.2878281,39.2682511,0 -80.2870834,39.27034,0 -80.28633379999999,39.2724889,0 -80.2860895,39.2731563,0 -80.28604540000001,39.273335,0 -80.28569109999999,39.2743702,0 -80.2851624,39.27576,0 -80.2847424,39.2769556,0 -80.2841672,39.2784141,0 -80.2840356,39.2787668,0 -80.28347599999999,39.2803618,0 -80.28311909999999,39.2813904,0 -80.28295489999999,39.2817133,0 -80.2828358,39.2820647,0 -80.28246369999999,39.2829747,0 -80.281705,39.2850333,0 -80.2812709,39.2861028,0 -80.2809275,39.2868335,0 -80.2802111,39.2881863,0 -80.2797358,39.2890053,0 -80.2788058,39.2906678,0 -80.2783951,39.2921807,0 -80.2783757,39.2935482,0 -80.27870609999999,39.2953083,0 -80.2789756,39.2965842,0 -80.2790703,39.2974524,0 -80.279087,39.2981665,0 -80.2790258,39.2988922,0 -80.2788285,39.300149,0 -80.27858139999999,39.3010888,0 -80.2781979,39.3019727,0 -80.277715,39.3029051,0 -80.277331,39.3036464,0 -80.2765929,39.3046825,0 -80.27580330000001,39.3055591,0 -80.27483359999999,39.3065029,0 -80.2740933,39.3070757,0 -80.27333470000001,39.3076231,0 -80.2727332,39.3079939,0 -80.2721469,39.3083508,0 -80.2715288,39.3087,0 -80.27085030000001,39.3090014,0 -80.2699812,39.3093366,0 -80.26959530000001,39.3094866,0 -80.2689288,39.3097012,0 -80.267757,39.3100167,0 -80.2668845,39.3102008,0 -80.266454,39.310288,0 -80.2659445,39.3103751,0 -80.2655987,39.3104071,0 -80.26403879999999,39.3105501,0 -80.2620926,39.3107495,0 -80.2591695,39.3110935,0 -80.2575494,39.3113508,0 -80.2562939,39.3117686,0 -80.2556416,39.3120873,0 -80.2544166,39.3128201,0 -80.2542428,39.3129435,0 -80.2535046,39.3134676,0 -80.2529467,39.3138577,0 -80.2524487,39.3141393,0 -80.25147029999999,39.3146174,0 -80.250612,39.3150225,0 -80.24953050000001,39.3155803,0 -80.2489983,39.3158857,0 -80.2483031,39.3164236,0 -80.2473487,39.3172616,0 -80.2469567,39.3177239,0 -80.2455954,39.3189429,0 -80.24527620000001,39.3192385,0 -80.2452371,39.3192747,0 -80.2449294,39.3195559,0 -80.2444565,39.3199775,0 -80.2439804,39.3203388,0 -80.2434181,39.3207487,0 -80.2428214,39.3211435,0 -80.2420989,39.3215612,0 -80.2412408,39.3219959,0 -80.24088570000001,39.3221306,0 -80.23920510000001,39.3228047,0 -80.2385165,39.3231623,0 -80.2378942,39.3235606,0 -80.23743279999999,39.3239424,0 -80.2367074,39.3246306,0 -80.23578689999999,39.326155,0 -80.23571010000001,39.326337,0 -80.235553,39.3266953,0 -80.2353499,39.3272261,0 -80.2352295,39.3275408,0 -80.2351012,39.3278114,0 -80.2347048,39.3285893,0 -80.2343784,39.3290244,0 -80.234151,39.3292837,0 -80.23369630000001,39.329773,0 -80.23295589999999,39.330375,0 -80.23213389999999,39.3308575,0 -80.2308984,39.3314954,0 -80.22980680000001,39.3320262,0 -80.2287255,39.3325599,0 -80.2278056,39.3330391,0 -80.2274508,39.3332231,0 -80.2271068,39.3334183,0 -80.2268526,39.3335669,0 -80.2265635,39.333748,0 -80.2262946,39.3339235,0 -80.22603669999999,39.3341046,0 -80.2256653,39.3343734,0 -80.225272,39.3346875,0 -80.22476899999999,39.3351205,0 -80.22448540000001,39.3353865,0 -80.2241434,39.3357303,0 -80.2238964,39.3360133,0 -80.2235744,39.3363924,0 -80.2231994,39.3368905,0 -80.2229616,39.337264,0 -80.2226872,39.3377224,0 -80.222641,39.3378116,0 -80.222553,39.3379744,0 -80.2225026,39.338079,0 -80.222358,39.3383831,0 -80.2222117,39.3387114,0 -80.22206540000001,39.3391075,0 -80.22192269999999,39.3395376,0 -80.22095059999999,39.3424553,0 -80.2205111,39.3437567,0 -80.2200562,39.3452568,0 -80.21979399999999,39.3460764,0 -80.2194382,39.3471883,0 -80.2190263,39.3485158,0 -80.2182452,39.3508653,0 -80.21721549999999,39.3541625,0 -80.21717580000001,39.354294,0 -80.21672599999999,39.3557833,0 -80.2159535,39.3582321,0 -80.2153012,39.3603425,0 -80.2147605,39.361902,0 -80.2142344,39.3638074,0 -80.2140011,39.3647478,0 -80.2137865,39.3663652,0 -80.21364699999999,39.3675928,0 -80.2135397,39.3688121,0 -80.2134217,39.3702221,0 -80.2132771,39.3715578,0 -80.21322859999999,39.3720053,0 -80.2130355,39.3731249,0 -80.212795,39.3743169,0 -80.21238099999999,39.3758369,0 -80.2119411,39.3771887,0 -80.2114444,39.3784317,0 -80.2110405,39.3794569,0 -80.2104174,39.380905,0 -80.20934459999999,39.383426,0 -80.2086903,39.3851249,0 -80.2082504,39.3867916,0 -80.2076022,39.3895821,0 -80.2073063,39.3907386,0 -80.2070059,39.3915594,0 -80.2064587,39.3926456,0 -80.20623689999999,39.3929784,0 -80.2058901,39.3935162,0 -80.2043664,39.3953794,0 -80.20334339999999,39.3965744,0 -80.2028538,39.3972223,0 -80.20246760000001,39.3978441,0 -80.20222080000001,39.3984162,0 -80.2020277,39.3990297,0 -80.2018989,39.399693,0 -80.2018453,39.4005718,0 -80.2018989,39.4012433,0 -80.20203840000001,39.4019231,0 -80.202489,39.4030671,0 -80.20258459999999,39.4032568,0 -80.2029931,39.4040679,0 -80.2034654,39.4048163,0 -80.2038945,39.4056039,0 -80.2042593,39.40635,0 -80.2044095,39.4067727,0 -80.20450599999999,39.4071624,0 -80.20450599999999,39.4074774,0 -80.20445239999999,39.407925,0 -80.20433439999999,39.4083975,0 -80.2041949,39.4088203,0 -80.20394810000001,39.4092845,0 -80.2036477,39.409757,0 -80.2020491,39.4120034,0 -80.2012338,39.413197,0 -80.20059000000001,39.4142248,0 -80.200118,39.4151117,0 -80.1996137,39.4161561,0 -80.1993026,39.4169103,0 -80.19903429999999,39.4177143,0 -80.198809,39.4184603,0 -80.19856230000001,39.4193554,0 -80.19837990000001,39.4203666,0 -80.19816659999999,39.4216464,0 -80.1978233,39.4236935,0 -80.19761149999999,39.4245911,0 -80.1970965,39.4259038,0 -80.1968219,39.4264276,0 -80.1963755,39.4270773,0 -80.1957747,39.4277668,0 -80.1951739,39.4283701,0 -80.19443579999999,39.4289867,0 -80.193792,39.4294508,0 -80.19281359999999,39.4300342,0 -80.1913967,39.4306797,0 -80.1903882,39.4310772,0 -80.1882639,39.4319144,0 -80.18748069999999,39.4322045,0 -80.1867833,39.4324614,0 -80.1863542,39.4326188,0 -80.185174,39.4331077,0 -80.1844552,39.4335386,0 -80.18382219999999,39.4340192,0 -80.18301750000001,39.4347319,0 -80.18195540000001,39.4356765,0 -80.18110780000001,39.4363228,0 -80.1805655,39.4366899,0 -80.1762047,39.4389412,0 -80.1735439,39.4402504,0 -80.1701886,39.4418537,0 -80.1676909,39.4432324,0 -80.16626960000001,39.4440723,0 -80.16586270000001,39.4443128,0 -80.1640603,39.4454197,0 -80.16263549999999,39.4461885,0 -80.1610562,39.4469905,0 -80.1582152,39.4482962,0 -80.15715950000001,39.4487668,0 -80.15607799999999,39.4492639,0 -80.15446439999999,39.4500062,0 -80.1526191,39.4508678,0 -80.1508681,39.4517758,0 -80.14977810000001,39.4525048,0 -80.1481301,39.4538104,0 -80.1466418,39.4553239,0 -80.145252,39.4567371,0 -80.1448765,39.4571347,0 -80.1437184,39.4582704,0 -80.1415641,39.460497,0 -80.1407143,39.4612591,0 -80.13998479999999,39.4618223,0 -80.13859429999999,39.4628428,0 -80.13689789999999,39.4641762,0 -80.1362219,39.4646835,0 -80.135935,39.4649009,0 -80.13451739999999,39.4658379,0 -80.1316748,39.4680077,0 -80.1307968,39.4685276,0 -80.1301313,39.4688261,0 -80.1295993,39.4690648,0 -80.12723889999999,39.4699526,0 -80.1233422,39.4712049,0 -80.1215741,39.4718012,0 -80.1209619,39.4719941,0 -80.1203289,39.472226,0 -80.11893910000001,39.4728878,0 -80.117892,39.4734708,0 -80.1171109,39.4740141,0 -80.115257,39.4756174,0 -80.11444160000001,39.4762336,0 -80.1140982,39.4764257,0 -80.1135403,39.4766642,0 -80.1128537,39.4768961,0 -80.1122443,39.4770617,0 -80.1115147,39.4771545,0 -80.1090085,39.4773996,0 -80.10825319999999,39.4775056,0 -80.10745489999999,39.4777308,0 -80.1067855,39.4780157,0 -80.1061675,39.4783271,0 -80.1038672,39.4795461,0 -80.1008374,39.4811758,0 -80.09882899999999,39.4822821,0 -80.09814230000001,39.4827855,0 -80.0974042,39.4835142,0 -80.0967089,39.4844947,0 -80.09533570000001,39.4865349,0 -80.0947692,39.4872371,0 -80.093825,39.487926,0 -80.09304400000001,39.4883168,0 -80.09260190000001,39.4885011,0 -80.0922972,39.4886281,0 -80.0911986,39.4888467,0 -80.0898095,39.4890112,0 -80.089108,39.4890943,0 -80.0862805,39.4893303,0 -80.0849072,39.4894893,0 -80.0835495,39.4898407,0 -80.0826502,39.490132,0 -80.0815765,39.490583,0 -80.08085850000001,39.4909683,0 -80.0803152,39.491296,0 -80.0791823,39.4921322,0 -80.07802359999999,39.4934105,0 -80.0764272,39.4957022,0 -80.0749509,39.4977885,0 -80.07392950000001,39.4991463,0 -80.07219569999999,39.5016033,0 -80.0713631,39.5028683,0 -80.0706656,39.5044115,0 -80.07052090000001,39.5047119,0 -80.0697624,39.5065305,0 -80.0687217,39.5089029,0 -80.0685411,39.5092557,0 -80.0682726,39.5096255,0 -80.0678327,39.5102463,0 -80.0673749,39.5108239,0 -80.0665152,39.5116106,0 -80.0653654,39.512391,0 -80.06386759999999,39.5132436,0 -80.0635534,39.513422,0 -80.0620177,39.514269,0 -80.0602047,39.5152481,0 -80.0590887,39.5157257,0 -80.0581619,39.516036,0 -80.0573614,39.5162306,0 -80.05637659999999,39.5163737,0 -80.0517332,39.5166717,0 -80.0487806,39.5169167,0 -80.0477162,39.5171328,0 -80.04683230000001,39.5173603,0 -80.04568209999999,39.5178172,0 -80.043605,39.5188236,0 -80.04237759999999,39.5193996,0 -80.0416329,39.519715,0 -80.04080690000001,39.5199889,0 -80.03968260000001,39.5202405,0 -80.0384552,39.5204457,0 -80.0368244,39.5205053,0 -80.03476449999999,39.5203265,0 -80.0330822,39.5202206,0 -80.0320694,39.5202405,0 -80.0309793,39.5203663,0 -80.0241985,39.5215192,0 -80.02342609999999,39.5215937,0 -80.0223362,39.5215911,0 -80.0212052,39.5214199,0 -80.0202503,39.5211633,0 -80.0183365,39.5204391,0 -80.0174009,39.5201478,0 -80.0161627,39.5199467,0 -80.0156262,39.5199302,0 -80.014607,39.5200295,0 -80.0137165,39.5202364,0 -80.01287960000001,39.5205178,0 -80.012311,39.5207744,0 -80.0117209,39.5211633,0 -80.0111952,39.5215689,0 -80.0107124,39.5220985,0 -80.0103369,39.5225868,0 -80.0100365,39.5230751,0 -80.00944440000001,39.5245969,0 -80.0089895,39.5257555,0 -80.00855180000001,39.5265698,0 -80.00783939999999,39.5273709,0 -80.00680939999999,39.5281256,0 -80.0057623,39.5286883,0 -80.0043804,39.5291517,0 -80.00094919999999,39.5303327,0 -79.99890000000001,39.5310691,0 -79.9983099,39.5313174,0 -79.99768760000001,39.5316401,0 -79.99736799999999,39.5318858,0 -79.99651830000001,39.5326934,0 -79.9961921,39.5332362,0 -79.99551409999999,39.5346131,0 -79.99533289999999,39.53496,0 -79.9947674,39.5360429,0 -79.99400350000001,39.5368638,0 -79.99329950000001,39.537424,0 -79.9928274,39.5376888,0 -79.9918491,39.5382273,0 -79.990596,39.5388893,0 -79.9881711,39.5401958,0 -79.9876689,39.5404664,0 -79.98728060000001,39.5406757,0 -79.98650809999999,39.5412714,0 -79.9859096,39.5419142,0 -79.985223,39.542854,0 -79.9847595,39.5437277,0 -79.9844848,39.5444955,0 -79.984399,39.5457067,0 -79.98449340000001,39.5472025,0 -79.9846136,39.5483342,0 -79.9849655,39.5512131,0 -79.985017,39.552219,0 -79.9849569,39.5529404,0 -79.9846479,39.5540853,0 -79.9840385,39.5560441,0 -79.983103,39.5592536,0 -79.9829569,39.5600667,0 -79.98281110000001,39.5611791,0 -79.98230239999999,39.5642272,0 -79.9819528,39.5662807,0 -79.9817812,39.5670019,0 -79.98156659999999,39.5675246,0 -79.9811718,39.5681466,0 -79.98058810000001,39.5688744,0 -79.97980990000001,39.5697241,0 -79.97802729999999,39.5715538,0 -79.97736690000001,39.5722018,0 -79.9770201,39.5725893,0 -79.9767032,39.5729927,0 -79.9764892,39.5732824,0 -79.97630239999999,39.5736081,0 -79.9761816,39.5738153,0 -79.97602929999999,39.5741241,0 -79.9759042,39.5744201,0 -79.9757769,39.5747896,0 -79.97568750000001,39.5750823,0 -79.9755914,39.5755067,0 -79.97554049999999,39.5757959,0 -79.9755359,39.5761069,0 -79.97552659999999,39.5764015,0 -79.9755305,39.5767353,0 -79.97556760000001,39.577172,0 -79.9756009,39.5773949,0 -79.9756484,39.577637,0 -79.9757228,39.5778792,0 -79.9757852,39.5780734,0 -79.9758741,39.5783142,0 -79.9759286,39.5784533,0 -79.9760196,39.5786362,0 -79.9761051,39.5787924,0 -79.9761967,39.5789585,0 -79.9763619,39.579211,0 -79.9765798,39.5795126,0 -79.977039,39.5800585,0 -79.9774717,39.580561,0 -79.9780476,39.5812317,0 -79.9781876,39.5814038,0 -79.978302,39.581601,0 -79.9784078,39.581774,0 -79.97853910000001,39.5819909,0 -79.9787401,39.5823923,0 -79.9788672,39.5827367,0 -79.9789368,39.5830111,0 -79.97899169999999,39.5832899,0 -79.9790405,39.5837052,0 -79.9790666,39.5840826,0 -79.97908750000001,39.5845644,0 -79.9790989,39.5849345,0 -79.97910779999999,39.5860247,0 -79.97920550000001,39.5903591,0 -79.9792722,39.5910663,0 -79.9793581,39.5915045,0 -79.9794654,39.5919261,0 -79.97962630000001,39.592323,0 -79.97992669999999,39.5928191,0 -79.9802808,39.5933151,0 -79.9806348,39.5936706,0 -79.9810318,39.5940013,0 -79.9814287,39.5942824,0 -79.98221890000001,39.594713,0 -79.9827689,39.595011,0 -79.9841844,39.5957778,0 -79.9858152,39.5966839,0 -79.9868366,39.5972659,0 -79.9877121,39.5978677,0 -79.9890355,39.5989368,0 -79.99032130000001,39.6002883,0 -79.9908113,39.6009094,0 -79.9911065,39.6013279,0 -79.99143789999999,39.6018166,0 -79.991882,39.6025823,0 -79.9919108,39.602632,0 -79.99222709999999,39.6033007,0 -79.9924572,39.6039082,0 -79.9927332,39.6047389,0 -79.9928891,39.6054065,0 -79.9930099,39.6059357,0 -79.9930847,39.6064027,0 -79.99315850000001,39.6070483,0 -79.99317499999999,39.6072955,0 -79.9931895,39.6075141,0 -79.99320520000001,39.6078138,0 -79.99319130000001,39.6084146,0 -79.99313239999999,39.6089666,0 -79.9930593,39.6095533,0 -79.9928541,39.610542,0 -79.99257009999999,39.611497,0 -79.9919864,39.6127797,0 -79.9915573,39.6138906,0 -79.9905359,39.6163833,0 -79.9898187,39.6182619,0 -79.9888622,39.6206345,0 -79.9883385,39.6220845,0 -79.9881261,39.6227593,0 -79.9880199,39.6232097,0 -79.98793929999999,39.6237928,0 -79.9879006,39.6242633,0 -79.9878944,39.6245616,0 -79.9879028,39.6247831,0 -79.9879626,39.6254766,0 -79.9880576,39.6260136,0 -79.9881829,39.6265308,0 -79.9883071,39.6269597,0 -79.98841880000001,39.6272632,0 -79.9886382,39.6277264,0 -79.9888284,39.6281022,0 -79.9890442,39.6284537,0 -79.98921730000001,39.6287347,0 -79.9895746,39.6292298,0 -79.98985999999999,39.6295696,0 -79.99012620000001,39.6298691,0 -79.9904957,39.6302386,0 -79.9907984,39.6305215,0 -79.994158,39.6333272,0 -79.996425,39.6352786,0 -79.9969799,39.6357419,0 -79.9993137,39.6376891,0 -80.0046121,39.6421645,0 -80.00517000000001,39.6426536,0 -80.0054533,39.6430039,0 -80.00574570000001,39.6433991,0 -80.0057939,39.6434642,0 -80.0059978,39.6438855,0 -80.00624449999999,39.6445134,0 -80.0063947,39.6455543,0 -80.0067059,39.6480244,0 -80.00692960000001,39.6492956,0 -80.0073496,39.6504283,0 -80.0077895,39.6512048,0 -80.00811469999999,39.6517069,0 -80.0088865,39.6527849,0 -80.00984939999999,39.6541372,0 -80.0101343,39.6547662,0 -80.010366,39.6553001,0 -80.01051529999999,39.655814,0 -80.0106445,39.6564673,0 -80.0107452,39.6576003,0 -80.01083730000001,39.6588152,0 -80.0108974,39.6600522,0 -80.01093539999999,39.6605624,0 -80.0110296,39.6612985,0 -80.01134070000001,39.6619758,0 -80.0119507,39.6627759,0 -80.0128605,39.6635754,0 -80.0135401,39.6639745,0 -80.0141651,39.6642626,0 -80.015444,39.6647515,0 -80.0184309,39.6658153,0 -80.02049239999999,39.6665843,0 -80.0218228,39.6670716,0 -80.0227026,39.6673854,0 -80.02601780000001,39.6685829,0 -80.0267152,39.6689132,0 -80.0272731,39.6692931,0 -80.0277451,39.6696895,0 -80.0280563,39.6699951,0 -80.0284103,39.6703997,0 -80.02861420000001,39.6707466,0 -80.02891459999999,39.6712586,0 -80.0292901,39.671878,0 -80.029569,39.6722826,0 -80.030084,39.6728689,0 -80.03066339999999,39.6733479,0 -80.03124270000001,39.6737856,0 -80.0317577,39.6740746,0 -80.0327126,39.6745618,0 -80.0336889,39.6750655,0 -80.0344399,39.6755197,0 -80.0350407,39.6759491,0 -80.035663,39.6764115,0 -80.0361565,39.6768409,0 -80.0367037,39.6774024,0 -80.03719719999999,39.6779474,0 -80.03767999999999,39.6785419,0 -80.0380126,39.6790787,0 -80.03829159999999,39.6795906,0 -80.0385598,39.6800943,0 -80.0387851,39.680631,0 -80.03895679999999,39.6811347,0 -80.0390962,39.6816714,0 -80.0392035,39.6822329,0 -80.03928929999999,39.6828439,0 -80.0393108,39.6833888,0 -80.03932930000001,39.6851116,0 -80.039329,39.6855814,0 -80.03935300000001,39.6860046,0 -80.0394129,39.6864434,0 -80.0394991,39.6868262,0 -80.0396674,39.6873354,0 -80.0398974,39.6878562,0 -80.04002130000001,39.6881073,0 -80.04018240000001,39.6883763,0 -80.04051629999999,39.6888496,0 -80.0410019,39.6895406,0 -80.0413037,39.6899655,0 -80.04154080000001,39.6903184,0 -80.0417702,39.6907011,0 -80.0420067,39.6911427,0 -80.0421942,39.6915754,0 -80.0424744,39.6923972,0 -80.0426502,39.6929223,0 -80.0428787,39.6935915,0 -80.0430874,39.6941668,0 -80.0432698,39.6946343,0 -80.0435803,39.6952787,0 -80.0439646,39.6959338,0 -80.0444025,39.6965802,0 -80.0448569,39.6971402,0 -80.04541279999999,39.6977385,0 -80.046014,39.6983013,0 -80.0466144,39.6987868,0 -80.04935620000001,39.7008933,0 -80.0520889,39.7029793,0 -80.05281840000001,39.7036809,0 -80.0532154,39.7041267,0 -80.05366600000001,39.704688,0 -80.0541166,39.70534,0 -80.0544385,39.7059096,0 -80.0547174,39.7064708,0 -80.0549534,39.7070321,0 -80.0551895,39.7077419,0 -80.0553397,39.7083115,0 -80.05553279999999,39.7093679,0 -80.05566159999999,39.7098797,0 -80.05577959999999,39.7102346,0 -80.05599410000001,39.7107215,0 -80.0562516,39.7111837,0 -80.0565735,39.7116624,0 -80.0571099,39.7122731,0 -80.0582495,39.7137595,0 -80.0588975,39.7145176,0 -80.0593867,39.7150535,0 -80.0598143,39.7155582,0 -80.0601068,39.7159125,0 -80.0603371,39.7161866,0 -80.0605875,39.7165156,0 -80.0607885,39.7167982,0 -80.0609987,39.7171595,0 -80.0611796,39.7175321,0 -80.06130570000001,39.71784,0 -80.0614264,39.7182055,0 -80.0615251,39.7186258,0 -80.0615616,39.7188676,0 -80.0616055,39.7193161,0 -80.06161280000001,39.7196647,0 -80.0615854,39.720026,0 -80.0615287,39.7204,0 -80.06144279999999,39.7207725,0 -80.06137680000001,39.7210227,0 
				
					-80.06137680000001,39.7210227,0 -80.06098590000001,39.7225178,0 -80.05951659999999,39.7280721,0 -80.0589665,39.7301609,0 -80.05845840000001,39.7320711,0 -80.05830949999999,39.7326308,0 -80.0581574,39.7331896,0 -80.0578143,39.7345177,0 -80.0576959,39.7349587,0 -80.05743270000001,39.7359749,0 -80.05736690000001,39.7362756,0 -80.0573249,39.736575,0 -80.0573011,39.7368533,0 -80.0573029,39.7370866,0 -80.0573212,39.7373579,0 -80.057345,39.7375265,0 -80.05738940000001,39.7377742,0 -80.0574711,39.7380789,0 -80.0575606,39.7383431,0 -80.0577014,39.7386453,0 -80.0578567,39.7389376,0 -80.0580413,39.7392159,0 -80.0582296,39.7394576,0 -80.05848,39.7397485,0 -80.0587596,39.7400184,0 -80.059074,39.7402769,0 -80.0596113,39.7406424,0 -80.0604319,39.7411413,0 -80.0623353,39.7422838,0 -80.0636672,39.7430825,0 -80.0652138,39.7440063,0 -80.0674108,39.7453186,0 -80.0694922,39.7465725,0 -80.07270010000001,39.7484862,0 -80.07408409999999,39.7494514,0 -80.0750175,39.750202,0 -80.07557540000001,39.7506969,0 -80.0765088,39.7516868,0 -80.07720620000001,39.7525611,0 -80.07925349999999,39.7552448,0 -80.0797704,39.7559429,0 -80.0813261,39.7580131,0 -80.0816694,39.758607,0 -80.081884,39.7592173,0 -80.08195910000001,39.7598689,0 -80.0819269,39.7604379,0 -80.081841,39.7608998,0 -80.0817445,39.7613699,0 -80.0806609,39.7669284,0 -80.08049990000001,39.7676624,0 -80.0803926,39.7682067,0 -80.08031750000001,39.7687757,0 -80.0802961,39.7693365,0 -80.08031750000001,39.7700374,0 -80.08038190000001,39.7705322,0 -80.0805107,39.7711506,0 -80.0816908,39.7751335,0 -80.0818196,39.7756035,0 -80.0819054,39.776057,0 -80.0819269,39.7766094,0 -80.0819054,39.7772114,0 -80.0817874,39.7778875,0 -80.08165870000001,39.7784399,0 -80.0813904,39.7792068,0 -80.0811222,39.7797015,0 -80.080736,39.7803034,0 -80.0801137,39.7812351,0 -80.0794056,39.7822904,0 -80.0786224,39.7834694,0 -80.078322,39.7841125,0 -80.0781932,39.7845,0 -80.0780967,39.7850524,0 -80.0778802,39.7865523,0 -80.0775476,39.7890585,0 -80.0772257,39.7911113,0 -80.0769749,39.7925533,0 -80.076909,39.7932161,0 -80.0768941,39.7937861,0 -80.07691490000001,39.7942372,0 -80.07697709999999,39.7947815,0 -80.07709869999999,39.7953578,0 -80.0772261,39.7957929,0 -80.077404,39.7962826,0 -80.0776056,39.7967541,0 -80.0778902,39.797319,0 -80.0781659,39.7977563,0 -80.0784979,39.7982323,0 -80.0788833,39.7986992,0 -80.07917089999999,39.7990204,0 -80.0794703,39.799321,0 -80.0798928,39.7997155,0 -80.0814215,39.801123,0 -80.0825365,39.8021159,0 -80.0835343,39.802866,0 -80.08412439999999,39.8032946,0 -80.08474870000001,39.8036928,0 -80.0853461,39.8040483,0 -80.0877218,39.8053336,0 -80.0912902,39.8072446,0 -80.09210849999999,39.8076873,0 -80.09247910000001,39.8079012,0 -80.0928904,39.8081711,0 -80.0932203,39.8084196,0 -80.0934967,39.8086779,0 -80.0937601,39.8089593,0 -80.0940729,39.809374,0 -80.09430639999999,39.8097624,0 -80.0944157,39.8099812,0 -80.0946367,39.8104638,0 -80.0951214,39.8113387,0 -80.09619429999999,39.8135968,0 -80.0973637,39.8161598,0 -80.09747,39.8163856,0 -80.0983722,39.8183023,0 -80.09906960000001,39.8197115,0 -80.0996597,39.8206756,0 -80.1002498,39.8213595,0 -80.1007219,39.8218952,0 -80.10104370000001,39.8222412,0 -80.10557129999999,39.8262211,0 -80.1081891,39.8285446,0 -80.1092898,39.8296731,0 -80.1097082,39.830118,0 -80.1100622,39.8305547,0 -80.1105128,39.8312797,0 -80.1111035,39.8324099,0 -80.1114146,39.8331678,0 -80.1116935,39.834313,0 -80.1118008,39.8350792,0 -80.1118791,39.8358195,0 -80.1119865,39.8368463,0 -80.1121112,39.8379782,0 -80.1122329,39.8387365,0 -80.1124295,39.8395875,0 -80.11267669999999,39.8404253,0 -80.1128911,39.841032,0 -80.11478959999999,39.8452089,0 -80.1159997,39.8477928,0 -80.1163852,39.8487174,0 -80.1168787,39.8495905,0 -80.11744729999999,39.8503647,0 -80.1179516,39.850966,0 -80.11970839999999,39.8527324,0 -80.1203237,39.8534932,0 -80.12075609999999,39.8542376,0 -80.1210458,39.8548554,0 -80.12135689999999,39.8555966,0 -80.1239059,39.8619781,0 -80.12412980000001,39.8625457,0 -80.1243604,39.8631016,0 -80.124538,39.8635192,0 -80.1246517,39.8637678,0 -80.12479570000001,39.8640421,0 -80.1248789,39.864193,0 -80.1249469,39.8643127,0 -80.12503510000001,39.8644566,0 -80.1251559,39.8646323,0 -80.1252836,39.8648029,0 -80.1254268,39.8649864,0 -80.1257414,39.8653647,0 -80.1264389,39.8660318,0 -80.1268788,39.8664106,0 -80.128134,39.8673576,0 -80.1294108,39.868321,0 -80.1302154,39.8689633,0 -80.13044069999999,39.8692433,0 -80.1308484,39.8698115,0 -80.1311596,39.8705526,0 -80.1315244,39.8715324,0 -80.1318891,39.8727099,0 -80.13225389999999,39.874225,0 -80.13255340000001,39.8753661,0 -80.1326495,39.8757228,0 -80.1329191,39.8765881,0 -80.1330693,39.8773949,0 -80.1331873,39.8781689,0 -80.1332517,39.8788111,0 -80.1332732,39.8796179,0 -80.1332302,39.8802354,0 -80.1331551,39.8810752,0 -80.1330586,39.8823019,0 -80.1329605,39.88353,0 -80.13287459999999,39.8845756,0 -80.1328639,39.8854482,0 -80.13293899999999,39.8862303,0 -80.1330999,39.88707,0 -80.13335739999999,39.8878109,0 -80.1336793,39.8885518,0 -80.1339797,39.8890951,0 -80.1343181,39.889728,0 -80.1345695,39.8900899,0 -80.1347904,39.8903785,0 -80.13508760000001,39.8907072,0 -80.1354935,39.8911579,0 -80.13576089999999,39.8914437,0 -80.13619540000001,39.8918448,0 -80.1368544,39.8924219,0 -80.137967,39.8934074,0 -80.1415508,39.8965454,0 -80.1427231,39.8975858,0 -80.14334150000001,39.8981646,0 -80.1437737,39.8985859,0 -80.14436619999999,39.8991919,0 -80.14493779999999,39.8997819,0 -80.1454662,39.900366,0 -80.1458793,39.9008541,0 -80.1467471,39.9018811,0 -80.1472502,39.9024795,0 -80.14815040000001,39.903545,0 -80.1499407,39.9056524,0 -80.1507381,39.9066355,0 -80.1514248,39.9073597,0 -80.1520685,39.907977,0 -80.1525728,39.9083638,0 -80.1533774,39.9089481,0 -80.1547185,39.909878,0 -80.1559309,39.9106681,0 -80.15699309999999,39.9114334,0 -80.15793720000001,39.9121411,0 -80.1585702,39.9126596,0 -80.1591603,39.9132439,0 -80.1600615,39.9141984,0 -80.1607267,39.9150049,0 -80.1611558,39.9155891,0 -80.16130250000001,39.9158045,0 -80.1615314,39.9161405,0 -80.16202490000001,39.9170292,0 -80.162454,39.9179097,0 -80.1627652,39.9186585,0 -80.16299050000001,39.919399,0 -80.16317290000001,39.9201807,0 -80.1633123,39.920839,0 -80.1634411,39.9217194,0 -80.1634947,39.9228137,0 -80.16347330000001,39.9236448,0 -80.1633982,39.9243606,0 -80.1632587,39.9258416,0 -80.16313,39.9270182,0 -80.1631407,39.9277998,0 -80.1632587,39.9284991,0 -80.16340889999999,39.9290832,0 -80.1636342,39.9297003,0 -80.16394529999999,39.930342,0 -80.164514,39.9312388,0 -80.16510409999999,39.9319627,0 -80.167011,39.9341166,0 -80.1673234,39.9344658,0 -80.1678557,39.9350879,0 -80.16827979999999,39.9356401,0 -80.16858019999999,39.9360679,0 -80.16892350000001,39.9367095,0 -80.1691488,39.9372607,0 -80.16930979999999,39.9377789,0 -80.1694385,39.9382972,0 -80.16949219999999,39.9388812,0 -80.1695351,39.9394735,0 -80.16947070000001,39.9400905,0 -80.1693527,39.9407239,0 -80.1691381,39.9414889,0 -80.1689557,39.9419331,0 -80.16869079999999,39.9424307,0 -80.16568669999999,39.9475633,0 -80.1651932,39.948501,0 -80.1650001,39.9491096,0 -80.16494640000001,39.9494222,0 -80.16494640000001,39.9497676,0 -80.1650001,39.9502529,0 -80.1651181,39.9507217,0 -80.16526829999999,39.9510753,0 -80.1655902,39.9516017,0 -80.1659871,39.9521528,0 -80.1665835,39.9529102,0 -80.16892679999999,39.9559771,0 -80.1694327,39.9566486,0 -80.17009830000001,39.9575192,0 -80.17039560000001,39.9579238,0 -80.17101700000001,39.9587259,0 -80.17125919999999,39.959067,0 -80.1715851,39.959582,0 -80.1718236,39.9600396,0 -80.17199530000001,39.9604261,0 -80.17211330000001,39.9607468,0 -80.1722528,39.9612485,0 -80.17246729999999,39.9621284,0 -80.1726819,39.9629918,0 -80.172918,39.9639457,0 -80.1731218,39.9647022,0 -80.1732935,39.9652778,0 -80.1734544,39.9657877,0 -80.1736982,39.9664455,0 -80.1738864,39.9669414,0 -80.1743106,39.9679861,0 -80.17471829999999,39.9688699,0 -80.1791374,39.9782799,0 -80.1793254,39.9786779,0 -80.18807990000001,39.9972333,0 -80.18830869999999,39.9978216,0 -80.18850279999999,39.9985213,0 -80.1886018,39.9990299,0 -80.18871230000001,39.9998149,0 -80.1887323,40.000292,0 -80.18871230000001,40.0009609,0 -80.1886636,40.0014294,0 -80.1885825,40.0020221,0 -80.18847959999999,40.0024328,0 -80.1883711,40.0027927,0 -80.1880142,40.0037569,0 -80.1877705,40.0042832,0 -80.1874912,40.004728,0 -80.18721859999999,40.005115,0 -80.1868286,40.0055903,0 -80.1864983,40.0059282,0 -80.1860811,40.0062944,0 -80.1856705,40.0066108,0 -80.18522950000001,40.0069216,0 -80.1840127,40.0076158,0 -80.18211340000001,40.0086988,0 -80.1812048,40.0092267,0 -80.18034040000001,40.0097903,0 -80.18000379999999,40.0100359,0 -80.17930370000001,40.0106191,0 -80.17893650000001,40.010931,0 -80.178561,40.011309,0 -80.1781426,40.0117939,0 -80.17774559999999,40.0122787,0 -80.17744519999999,40.012706,0 -80.1771877,40.0131333,0 -80.1768659,40.0137003,0 -80.1765655,40.0143576,0 -80.1763294,40.0149986,0 -80.1761578,40.0155409,0 -80.1756918,40.0172283,0 -80.1756486,40.0173782,0 -80.1754749,40.0180321,0 -80.17441909999999,40.0217328,0 -80.17431240000001,40.0221962,0 -80.17423049999999,40.0226673,0 -80.17415579999999,40.0232015,0 -80.1741145,40.0237478,0 -80.1741165,40.0242007,0 -80.17412040000001,40.0246627,0 -80.1741538,40.0250945,0 -80.174201,40.0255053,0 -80.1742658,40.0258996,0 -80.17434249999999,40.0262998,0 -80.1744466,40.0267031,0 -80.1745763,40.02715,0 -80.1747257,40.0275879,0 -80.17490050000001,40.0280333,0 -80.1799,40.0398207,0 -80.18008450000001,40.0402417,0 -80.18226540000001,40.0454018,0 -80.1825475,40.0461328,0 -80.182816,40.0469198,0 -80.1830276,40.0475988,0 -80.1833694,40.0488156,0 -80.1836867,40.0499327,0 -80.183939,40.0508151,0 -80.1840177,40.0510913,0 -80.1842862,40.0520464,0 -80.1847087,40.0535334,0 -80.18513249999999,40.0550238,0 -80.1854811,40.0562024,0 -80.1857923,40.0573438,0 -80.1861785,40.0587645,0 -80.1864274,40.0598241,0 -80.1865087,40.060229,0 -80.1872303,40.0650495,0 -80.1873171,40.0655664,0 -80.1874852,40.0662265,0 -80.1876833,40.0668783,0 -80.1920179,40.0788364,0 -80.19215079999999,40.079293,0 -80.192262,40.0797226,0 -80.1923352,40.0801294,0 -80.1923895,40.0804325,0 -80.1924546,40.0809908,0 -80.192536,40.0822277,0 -80.1926802,40.0844212,0 -80.1928398,40.0864759,0 -80.19294840000001,40.0877948,0 -80.1929884,40.0881788,0 -80.19301059999999,40.0887774,0 -80.19307569999999,40.0896822,0 -80.1931002,40.0905288,0 -80.1931137,40.0912053,0 -80.19310830000001,40.0918818,0 -80.1930866,40.0924131,0 -80.1930595,40.0930771,0 -80.1930052,40.0938366,0 -80.1929672,40.0944591,0 -80.19294549999999,40.0952538,0 -80.1929944,40.0958452,0 -80.19306760000001,40.0964366,0 -80.19313270000001,40.0967561,0 -80.1932276,40.09714,0 -80.19332799999999,40.097472,0 -80.1935206,40.0980301,0 -80.19374569999999,40.098553,0 -80.1939569,40.0989899,0 -80.19444559999999,40.0997959,0 -80.194847,40.1003519,0 -80.1949954,40.1005348,0 -80.1952105,40.1008001,0 -80.1960168,40.1016981,0 -80.196651,40.1022193,0 -80.19745570000001,40.1028265,0 -80.198078,40.1032697,0 -80.198711,40.1037292,0 -80.19927800000001,40.1041116,0 -80.2000158,40.1046593,0 -80.20053489999999,40.1051325,0 -80.20087820000001,40.1054936,0 -80.2012256,40.1058917,0 -80.20156729999999,40.1063688,0 -80.2018288,40.1068395,0 -80.20207980000001,40.107422,0 -80.20227300000001,40.1079383,0 -80.20238790000001,40.1082823,0 -80.20252619999999,40.1088742,0 -80.202584,40.109222,0 -80.2026292,40.1096599,0 -80.2026335,40.1100487,0 -80.2026101,40.1105985,0 -80.2025697,40.1113257,0 -80.2025314,40.1119877,0 -80.2025122,40.1126726,0 -80.20252499999999,40.1132126,0 -80.20254629999999,40.1136795,0 -80.20261859999999,40.1142976,0 -80.2026973,40.1147677,0 -80.20280150000001,40.1153956,0 -80.202899,40.115787,0 -80.2030288,40.1162262,0 -80.203216,40.1168182,0 -80.20337550000001,40.1172802,0 -80.203501,40.1176787,0 -80.2036797,40.1181146,0 -80.2038562,40.1185001,0 -80.2040987,40.1189966,0 -80.2044348,40.1196228,0 -80.20518989999999,40.1210151,0 -80.2056961,40.1218853,0 -80.20602580000001,40.1224074,0 -80.20623190000001,40.1227282,0 -80.20647870000001,40.1231015,0 -80.2067844,40.1235486,0 -80.2070634,40.1239178,0 -80.20737990000001,40.1243526,0 -80.2077019,40.1247739,0 -80.2080826,40.1252521,0 -80.2086314,40.1259482,0 -80.20885680000001,40.1262718,0 -80.20904400000001,40.1265873,0 -80.2091865,40.1268703,0 -80.2093418,40.12722,0 -80.2094779,40.1276103,0 -80.2095961,40.1280951,0 -80.20964170000001,40.1283487,0 -80.20968209999999,40.1286967,0 -80.2096714,40.1290839,0 -80.20964669999999,40.1294618,0 -80.20958450000001,40.1298568,0 -80.2095041,40.1302405,0 -80.2093701,40.1306159,0 -80.20919309999999,40.1310957,0 -80.20888189999999,40.131875,0 -80.2083562,40.1331628,0 -80.2080021,40.1340241,0 -80.20729799999999,40.1358442,0 -80.2072184,40.1360621,0 -80.2071502,40.1362932,0 -80.2070774,40.1365656,0 -80.2070291,40.1367557,0 -80.2070013,40.1368877,0 -80.20695310000001,40.1371344,0 -80.2069078,40.1374042,0 -80.2068434,40.1378218,0 -80.2067737,40.1384657,0 -80.2065001,40.1409468,0 -80.20637139999999,40.1421483,0 -80.2062158,40.1434811,0 -80.2059529,40.1460251,0 -80.205851,40.1468436,0 -80.2057813,40.1475284,0 -80.20567939999999,40.1479917,0 -80.20553990000001,40.1484264,0 -80.2053092,40.1489553,0 -80.2050303,40.1494597,0 -80.2047513,40.1498164,0 -80.2043436,40.1502675,0 -80.2041955,40.1504401,0 -80.2040164,40.1505996,0 -80.2036677,40.1508784,0 -80.2031313,40.1513007,0 -80.20253580000001,40.1517846,0 -80.20157020000001,40.1525636,0 -80.1989256,40.1546793,0 -80.19541479999999,40.1573413,0 -80.1949948,40.1576599,0 -80.1947105,40.157894,0 -80.1943505,40.1582561,0 -80.1940252,40.158623,0 -80.1937504,40.1589923,0 -80.1935988,40.1592506,0 -80.1934251,40.159574,0 -80.1932704,40.1599023,0 -80.1931474,40.1603165,0 -80.1930747,40.160587,0 -80.19303050000001,40.1608597,0 -80.1930084,40.1611252,0 -80.19303050000001,40.1614173,0 -80.1930715,40.1616393,0 -80.19314730000001,40.1619121,0 -80.1932673,40.1621776,0 -80.193381,40.1624093,0 -80.19346950000001,40.1625734,0 -80.19358,40.162752,0 -80.1937853,40.1630006,0 -80.1941138,40.1633264,0 -80.19432740000001,40.1635278,0 -80.1945769,40.1637209,0 -80.19486740000001,40.1639067,0 -80.19517380000001,40.1640781,0 -80.1954265,40.1642012,0 -80.1958528,40.1643701,0 -80.1962097,40.1644812,0 -80.1966645,40.1645801,0 -80.19716029999999,40.1646598,0 -80.1979941,40.1647925,0 -80.1993459,40.164988,0 -80.199764,40.1650593,0 -80.2001178,40.165151,0 -80.20040830000001,40.1652355,0 -80.2007589,40.1653561,0 -80.2011031,40.165513,0 -80.2014569,40.1656989,0 -80.20175690000001,40.1658847,0 -80.2020412,40.1660971,0 -80.2023058,40.1663485,0 -80.2025496,40.1666329,0 -80.2029634,40.1671219,0 -80.20400170000001,40.1682699,0 -80.2049324,40.1694709,0 -80.2053236,40.1699459,0 -80.2055593,40.1702141,0 -80.20584220000001,40.1704917,0 -80.2060867,40.1707145,0 -80.2064901,40.1710254,0 -80.2067765,40.1712096,0 -80.2070873,40.1714111,0 -80.2073807,40.1715752,0 -80.20783729999999,40.1718014,0 -80.2081036,40.1719175,0 -80.20855589999999,40.1720916,0 -80.2097547,40.1724979,0 -80.21176440000001,40.1731651,0 -80.2171749,40.1749816,0 -80.21850329999999,40.1754261,0 -80.2190713,40.1756233,0 -80.21936770000001,40.1757318,0 -80.2197183,40.1758658,0 -80.2200752,40.1760215,0 -80.22042709999999,40.1761988,0 -80.2207482,40.1763856,0 -80.2211112,40.1766243,0 -80.2215174,40.1769338,0 -80.2218175,40.1771942,0 -80.2221114,40.1774791,0 -80.2223065,40.1776942,0 -80.22241390000001,40.1778169,0 -80.2226003,40.1780669,0 -80.2228016,40.1783603,0 -80.2230498,40.1787839,0 -80.22365360000001,40.179915,0 -80.22393889999999,40.1804386,0 -80.22415119999999,40.1808188,0 -80.22434629999999,40.1811348,0 -80.2245637,40.1814499,0 -80.2246687,40.1815902,0 -80.22476899999999,40.1817234,0 -80.22489830000001,40.1818943,0 -80.22518599999999,40.1822188,0 -80.2254083,40.1824669,0 -80.22573920000001,40.1827914,0 -80.2259973,40.1830244,0 -80.2262738,40.1832593,0 -80.2265677,40.1834923,0 -80.2270097,40.1838311,0 -80.2275412,40.1841792,0 -80.22772759999999,40.1842699,0 -80.22821399999999,40.1845399,0 -80.2288765,40.1848616,0 -80.229354,40.1850645,0 -80.2297456,40.1852182,0 -80.2301197,40.1853534,0 -80.2304745,40.1854662,0 -80.2306655,40.1855276,0 -80.2311411,40.1856577,0 -80.2323123,40.1859415,0 -80.2357054,40.186755,0 -80.2384038,40.1873984,0 -80.2403886,40.1878758,0 -80.240978,40.188017,0 -80.2416989,40.1881889,0 -80.2421623,40.1882995,0 -80.2426021,40.1884479,0 -80.24293179999999,40.1885309,0 -80.24323800000001,40.1886139,0 -80.24344670000001,40.1886762,0 -80.2436912,40.1887639,0 -80.2438999,40.1888544,0 -80.244153,40.1889808,0 -80.2443679,40.1891186,0 -80.24456669999999,40.1892553,0 -80.24476420000001,40.189427,0 -80.2449495,40.1896166,0 -80.2451125,40.1898185,0 -80.24524580000001,40.19001,0 -80.24537669999999,40.1902335,0 -80.2455224,40.1905184,0 -80.2457792,40.1910409,0 -80.245941,40.1913956,0 -80.2460373,40.1916295,0 -80.2463102,40.1923087,0 -80.2467584,40.1935782,0 -80.24682489999999,40.1937155,0 -80.24690099999999,40.1939817,0 -80.24780490000001,40.1967127,0 -80.2479986,40.1973068,0 -80.2483091,40.1982595,0 -80.2484003,40.1985996,0 -80.24847010000001,40.1988987,0 -80.2485693,40.199458,0 -80.24862299999999,40.1999783,0 -80.2486444,40.2005929,0 -80.2486337,40.2009207,0 -80.24860959999999,40.2012956,0 -80.24855049999999,40.201773,0 -80.2484808,40.2021417,0 -80.2483735,40.2026088,0 -80.24826090000001,40.2029837,0 -80.2480892,40.2034958,0 -80.2479122,40.2039321,0 -80.2476922,40.2043603,0 -80.2474187,40.2048683,0 -80.2470083,40.2055034,0 -80.24665419999999,40.2059643,0 -80.246161,40.2065427,0 -80.2457928,40.2069038,0 -80.2454067,40.2072834,0 -80.2450315,40.207603,0 -80.2445943,40.2079431,0 -80.2441705,40.2082544,0 -80.243787,40.2085064,0 -80.2433578,40.2087768,0 -80.2428991,40.2090369,0 -80.2419148,40.2095244,0 -80.2410538,40.2098809,0 -80.2396407,40.2103491,0 -80.2389731,40.2105114,0 -80.23844320000001,40.2106395,0 -80.2378351,40.2107616,0 -80.23722359999999,40.210862,0 -80.2366469,40.2109367,0 -80.2359678,40.2110004,0 -80.2357937,40.2110167,0 -80.2349735,40.2110442,0 -80.23422170000001,40.2110489,0 -80.233707,40.2110349,0 -80.2326941,40.2109733,0 -80.2308828,40.2108374,0 -80.2291635,40.2107227,0 -80.2284796,40.2106736,0 -80.2278814,40.2106449,0 -80.2273514,40.2106395,0 -80.2269024,40.2106613,0 -80.226484,40.2107022,0 -80.2261475,40.2107597,0 -80.2258135,40.2108174,0 -80.2254959,40.2108908,0 -80.22521829999999,40.2109557,0 -80.2248586,40.2110587,0 -80.2243812,40.2112246,0 -80.2240003,40.2113884,0 -80.22345850000001,40.211667,0 -80.22302929999999,40.2119333,0 -80.2226994,40.2121668,0 -80.2223937,40.2123952,0 -80.2219693,40.212758,0 -80.2216663,40.2130171,0 -80.22100159999999,40.2135924,0 -80.2203391,40.2141536,0 -80.21963100000001,40.214764,0 -80.21831400000001,40.2158946,0 -80.2168951,40.217105,0 -80.2161495,40.2177461,0 -80.2156264,40.2181905,0 -80.215259,40.2185449,0 -80.2147038,40.2191777,0 -80.2144168,40.2195689,0 -80.21409490000001,40.2200748,0 -80.21384279999999,40.2206134,0 -80.2136818,40.2209862,0 -80.2134753,40.2216006,0 -80.21325640000001,40.2225396,0 -80.21316280000001,40.2229076,0 -80.2122281,40.2266098,0 -80.21202150000001,40.227304,0 -80.2117748,40.2283218,0 -80.2114905,40.2294972,0 -80.2112893,40.2303245,0 -80.21115519999999,40.2308344,0 -80.2110103,40.2313156,0 -80.21056470000001,40.2324932,0 -80.21016779999999,40.2333081,0 -80.20977619999999,40.2340043,0 -80.2092236,40.234848,0 -80.2075875,40.237301,0 -80.2058816,40.2398685,0 -80.20480379999999,40.2414617,0 -80.20461520000001,40.2417405,0 -80.2040803,40.2424793,0 -80.20366730000001,40.2429469,0 -80.2033508,40.2432605,0 -80.2027461,40.2437806,0 -80.2021893,40.2441723,0 -80.2015505,40.2445733,0 -80.2006674,40.2450178,0 -80.2004185,40.245137,0 -80.19911620000001,40.2457662,0 -80.1981526,40.2462217,0 -80.1970196,40.2467804,0 -80.1964377,40.2471135,0 -80.1959169,40.2474299,0 -80.1950014,40.2480462,0 -80.193994,40.2487088,0 -80.1926744,40.2496014,0 -80.1911369,40.250623,0 -80.1904052,40.2510999,0 -80.1898903,40.2513742,0 -80.1891607,40.2516895,0 -80.1887577,40.2518576,0 -80.1879393,40.2521685,0 -80.1872288,40.2524642,0 -80.18682560000001,40.2526197,0 -80.1859367,40.2529873,0 -80.18496039999999,40.2533763,0 -80.184487,40.2535695,0 -80.1840538,40.2537652,0 -80.1835763,40.2540109,0 -80.18314719999999,40.2542974,0 -80.18276090000001,40.2546127,0 -80.1815754,40.2556812,0 -80.18093759999999,40.2562411,0 -80.18060250000001,40.2565438,0 -80.1805294,40.2565988,0 -80.1803511,40.2567328,0 -80.18000929999999,40.2569514,0 -80.1795249,40.2572006,0 -80.17898889999999,40.2574276,0 -80.1780935,40.2577456,0 -80.17698590000001,40.2581268,0 -80.17584960000001,40.2585379,0 -80.1753408,40.2587541,0 -80.17496869999999,40.2589537,0 -80.1746471,40.2591368,0 -80.1742447,40.2593995,0 -80.1737806,40.2597783,0 -80.1731655,40.2603412,0 -80.1726106,40.2609265,0 -80.1723391,40.2612161,0 -80.17126930000001,40.2623135,0 -80.1707224,40.2627586,0 -80.1700957,40.2631701,0 -80.169473,40.2634871,0 -80.1687866,40.2637581,0 -80.1682502,40.2639218,0 -80.1654017,40.2646668,0 -80.1644897,40.2649943,0 -80.1636422,40.2653955,0 -80.1628429,40.265903,0 -80.1620918,40.2664679,0 -80.16146929999999,40.2670659,0 -80.1610136,40.2676631,0 -80.1606111,40.2682975,0 -80.1601821,40.269104,0 -80.15975280000001,40.2699589,0 -80.159166,40.2714312,0 -80.1587126,40.2731211,0 -80.15863469999999,40.2734957,0 -80.1585606,40.2738922,0 -80.1585156,40.2741619,0 -80.1583797,40.2750551,0 -80.1583421,40.2757509,0 -80.1583528,40.2762543,0 -80.15840110000001,40.2766513,0 -80.1584977,40.277036,0 -80.1587284,40.2776581,0 -80.15894830000001,40.2780919,0 -80.1592218,40.2785156,0 -80.15945739999999,40.2788113,0 -80.16032250000001,40.279644,0 -80.1612769,40.2805171,0 -80.16227809999999,40.2814279,0 -80.16454299999999,40.283515,0 -80.1654771,40.2843533,0 -80.1675367,40.2862439,0 -80.1680571,40.2867349,0 -80.1685569,40.2872948,0 -80.16896850000001,40.2879614,0 -80.1692524,40.2885034,0 -80.1694511,40.2890399,0 -80.16953770000001,40.2893661,0 -80.1696001,40.289739,0 -80.1696503,40.2900985,0 -80.16964489999999,40.2904136,0 -80.1696479,40.2907081,0 -80.1696031,40.2912716,0 -80.16945939999999,40.2918917,0 -80.1691855,40.2929136,0 -80.1687944,40.2943772,0 -80.1684058,40.2958146,0 -80.1679104,40.2977257,0 -80.1678103,40.2981345,0 -80.1676494,40.2986582,0 -80.1675099,40.2991205,0 -80.1673007,40.2995419,0 -80.1671559,40.2997669,0 -80.16698700000001,40.3000497,0 -80.1668234,40.3002788,0 -80.1666249,40.3005038,0 -80.1663527,40.3007728,0 -80.16602949999999,40.301049,0 -80.1636918,40.3029246,0 -80.1619403,40.3043358,0 -80.1608938,40.3051789,0 -80.1600451,40.3058627,0 -80.1592138,40.3065324,0 -80.1587445,40.3069241,0 -80.15827779999999,40.3073311,0 -80.1578097,40.3077504,0 -80.15734430000001,40.308182,0 -80.1568951,40.3086146,0 -80.1564592,40.3090503,0 -80.156014,40.3095043,0 -80.1555996,40.3099472,0 -80.154938,40.310681,0 -80.151901,40.3140495,0 -80.1489571,40.3173147,0 -80.1472007,40.3192626,0 -80.1466957,40.31985,0 -80.1462015,40.3204496,0 -80.1458994,40.32083,0 -80.1456057,40.321214,0 -80.1451381,40.3218563,0 -80.1440411,40.3233632,0 -80.1413728,40.3270285,0 -80.13997430000001,40.3289494,0 -80.13548830000001,40.335111,0 -80.13526640000001,40.3353925,0 -80.1350418,40.3356675,0 -80.1348031,40.335943,0 -80.13456429999999,40.3362123,0 -80.1343162,40.3364802,0 -80.1340574,40.3367424,0 -80.13379519999999,40.3370025,0 -80.13352500000001,40.3372566,0 -80.1332275,40.3375198,0 -80.1325178,40.3380996,0 -80.1318151,40.3386393,0 -80.1307046,40.3393876,0 -80.1295245,40.3400663,0 -80.1261181,40.3417959,0 -80.1237792,40.3429775,0 -80.1219016,40.3439506,0 -80.1209897,40.3444453,0 -80.1203352,40.3448746,0 -80.1198363,40.345259,0 -80.1193428,40.3457087,0 -80.1188224,40.3462729,0 -80.1182431,40.347017,0 -80.117932,40.3475281,0 -80.117653,40.3480963,0 -80.1174384,40.3486564,0 -80.1173979,40.3488008,0 -80.1172399,40.3493637,0 -80.1171434,40.3499565,0 -80.11710050000001,40.3505207,0 -80.1171756,40.351416,0 -80.1172292,40.3517512,0 -80.1180222,40.3551288,0 -80.1180765,40.3554664,0 -80.118157,40.3558247,0 -80.11827340000001,40.356321,0 -80.1184557,40.3571675,0 -80.1185491,40.3578191,0 -80.1186859,40.3593784,0 -80.1187237,40.3608587,0 -80.1187486,40.3631116,0 -80.118762,40.3646961,0 -80.11879949999999,40.3668419,0 -80.1187888,40.3677125,0 -80.1187673,40.3680885,0 -80.1187137,40.3684931,0 -80.1185689,40.3689877,0 -80.11832750000001,40.3694863,0 -80.1181504,40.3697969,0 -80.1177105,40.3703282,0 -80.1171902,40.3708105,0 -80.1166484,40.3711906,0 -80.1160476,40.3715135,0 -80.1156506,40.3716933,0 -80.11523219999999,40.3718363,0 -80.11454550000001,40.3720162,0 -80.1136455,40.3721583,0 -80.1127592,40.3722164,0 -80.11169390000001,40.3722613,0 -80.1098085,40.3723293,0 -80.1088944,40.3723601,0 -80.10819410000001,40.3723945,0 -80.10750040000001,40.3724633,0 -80.1069032,40.3725621,0 -80.1062451,40.3727169,0 -80.1056031,40.3729294,0 -80.1051605,40.3730992,0 -80.10474480000001,40.3732933,0 -80.1042351,40.3735876,0 -80.1036987,40.3739656,0 -80.1032347,40.3743538,0 -80.102768,40.3748054,0 -80.10089739999999,40.3766868,0 -80.100517,40.3770628,0 -80.0993086,40.3782673,0 -80.0975569,40.3800321,0 -80.0971342,40.3805246,0 -80.09683680000001,40.3809622,0 -80.0966025,40.3813554,0 -80.096463,40.3817109,0 -80.09636639999999,40.3820419,0 -80.0963074,40.3823607,0 -80.0962699,40.3828183,0 -80.09628600000001,40.3832188,0 -80.09636639999999,40.3836397,0 -80.0965274,40.3841831,0 -80.09676380000001,40.384772,0 -80.09720660000001,40.3857702,0 -80.0985122,40.3887104,0 -80.09888239999999,40.389544,0 -80.0992868,40.3904736,0 -80.09964410000001,40.3912396,0 -80.1000016,40.3920012,0 -80.1000679,40.3921425,0 -80.1004327,40.3928412,0 -80.1007706,40.3934152,0 -80.10109199999999,40.3939356,0 -80.1011243,40.3939879,0 -80.1013207,40.3942598,0 -80.1015167,40.3945224,0 -80.1019428,40.3950535,0 -80.1021223,40.3952688,0 -80.102675,40.3959319,0 -80.1033912,40.3968041,0 -80.1042065,40.3978112,0 -80.1046154,40.3983179,0 -80.1048696,40.3986172,0 -80.10518020000001,40.3990653,0 -80.1054779,40.3995208,0 -80.1056767,40.3998705,0 -80.1058051,40.4001275,0 -80.10589899999999,40.400342,0 -80.1059822,40.4005605,0 -80.1061243,40.4009936,0 -80.10621279999999,40.4014,0 -80.1064811,40.4027665,0 -80.1066527,40.403608,0 -80.1069719,40.4051542,0 -80.107342,40.4069597,0 -80.10749490000001,40.4077215,0 -80.10758079999999,40.4082137,0 -80.1076317,40.4086671,0 -80.1076478,40.4090429,0 -80.1076183,40.4094636,0 -80.1075057,40.4100559,0 -80.107326,40.4105583,0 -80.1071462,40.4109381,0 -80.10692899999999,40.4113119,0 -80.10671979999999,40.41161,0 -80.10593660000001,40.4126311,0 -80.1053787,40.4133194,0 -80.1046035,40.4142792,0 -80.1037908,40.4153227,0 -80.1035333,40.4157128,0 -80.1033509,40.4160518,0 -80.10320609999999,40.416354,0 -80.10306660000001,40.4167584,0 -80.1029647,40.4171913,0 -80.10289779999999,40.4175634,0 -80.1028835,40.4180365,0 -80.10290000000001,40.4182317,0 -80.1029333,40.4185055,0 -80.10306199999999,40.4190128,0 -80.10323219999999,40.4195313,0 -80.1034468,40.4199724,0 -80.1035198,40.4200814,0 -80.1037257,40.4203889,0 -80.104018,40.420773,0 -80.10438670000001,40.4212074,0 -80.1049332,40.4218307,0 -80.1052305,40.4221899,0 -80.105504,40.4225452,0 -80.1056864,40.4228638,0 -80.105801,40.4230953,0 -80.1058915,40.4233104,0 -80.1059715,40.4235021,0 -80.10604360000001,40.4237246,0 -80.1060894,40.4239263,0 -80.1061381,40.4242043,0 -80.1061491,40.42442,0 -80.1061498,40.4248013,0 -80.10613739999999,40.425059,0 -80.106123,40.4252854,0 -80.1061069,40.4255826,0 -80.10604240000001,40.4265604,0 -80.1060148,40.4272477,0 -80.1060179,40.4276927,0 -80.1060489,40.4280555,0 -80.1061198,40.4284238,0 -80.1061768,40.4286424,0 -80.1062426,40.4288223,0 -80.1063633,40.4291284,0 -80.10645959999999,40.4293295,0 -80.10658960000001,40.4295662,0 -80.10673079999999,40.4297955,0 -80.10686889999999,40.4299884,0 -80.10723110000001,40.4304441,0 -80.107834,40.4310928,0 -80.10863809999999,40.4320008,0 -80.10892130000001,40.4323206,0 -80.1093051,40.4328005,0 -80.109972,40.4337918,0 -80.1103797,40.43449,0 -80.1107928,40.4353434,0 -80.1111705,40.4364353,0 -80.1114043,40.4373726,0 -80.1115599,40.4386914,0 -80.1115653,40.4393937,0 -80.111531,40.4399106,0 -80.1113721,40.4412595,0 -80.1112488,40.4423291,0 -80.11109860000001,40.443309,0 -80.11094300000001,40.444499,0 -80.1108371,40.4452365,0 -80.1107713,40.4457666,0 -80.11068280000001,40.4465648,0 -80.1106372,40.4471138,0 -80.11061840000001,40.4475751,0 -80.11061840000001,40.4482773,0 -80.1106587,40.4491407,0 -80.1107325,40.4497535,0 -80.11078980000001,40.4503527,0 -80.1108598,40.4512246,0 -80.11102080000001,40.4527983,0 -80.111154,40.454244,0 -80.11118980000001,40.4548107,0 -80.1113051,40.455876,0 -80.1113502,40.4563266,0 -80.1114204,40.4570291,0 -80.1115358,40.458174,0 -80.11163500000001,40.4591598,0 -80.1116565,40.45957,0 -80.11166179999999,40.4599679,0 -80.1116189,40.460625,0 -80.11156769999999,40.4609619,0 -80.1115063,40.4613658,0 -80.1113802,40.4622352,0 -80.11133460000001,40.4625903,0 -80.11129699999999,40.4630351,0 -80.1112917,40.4634086,0 -80.1113158,40.4637331,0 -80.1113587,40.4640698,0 -80.111407,40.4643779,0 -80.1114434,40.4645515,0 -80.1114982,40.464786,0 -80.1115733,40.4650391,0 -80.1116645,40.4653146,0 -80.1118067,40.4656635,0 -80.1119917,40.4660737,0 -80.1122197,40.4664757,0 -80.11237800000001,40.4667389,0 -80.1126596,40.4671511,0 -80.1136198,40.4684999,0 -80.1143521,40.4695099,0 -80.1146739,40.4699752,0 -80.11500119999999,40.4704424,0 -80.11530430000001,40.4708648,0 -80.1155108,40.4711607,0 -80.1157146,40.471481,0 -80.11589170000001,40.471781,0 -80.116117,40.4722258,0 -80.1165381,40.473046,0 -80.11694850000001,40.4738316,0 -80.1174742,40.4748477,0 -80.1178577,40.4756026,0 -80.1187187,40.4772736,0 -80.1194134,40.4786283,0 -80.1201832,40.4801238,0 -80.1209315,40.4815682,0 -80.12174419999999,40.4831452,0 -80.1237613,40.4870743,0 -80.12532229999999,40.490126,0 -80.1254698,40.4904116,0 -80.1255664,40.490638,0 -80.12566030000001,40.4909236,0 -80.1257112,40.4911704,0 -80.12573,40.4913621,0 -80.12574069999999,40.4916028,0 -80.12572729999999,40.491815,0 -80.12568709999999,40.4920618,0 -80.12562,40.4922984,0 -80.125553,40.4924779,0 -80.1254618,40.492688,0 -80.12536249999999,40.4928593,0 -80.1252472,40.4930388,0 -80.125089,40.4932408,0 -80.12493069999999,40.4934223,0 -80.12470810000001,40.4936324,0 -80.1245606,40.4937568,0 -80.12439430000001,40.4938894,0 -80.1227528,40.4949419,0 -80.12227799999999,40.495305,0 -80.1221037,40.4954559,0 -80.1218676,40.4956783,0 -80.12148139999999,40.4961046,0 -80.1212427,40.4964228,0 -80.1209396,40.4969266,0 -80.1208055,40.497206,0 -80.1206311,40.4977057,0 -80.1205614,40.4981034,0 -80.12055599999999,40.4983441,0 -80.1205909,40.4987316,0 -80.1206526,40.4989723,0 -80.1207465,40.4992273,0 -80.1208403,40.4994231,0 -80.120953,40.499629,0 -80.1210791,40.4998187,0 -80.1212534,40.5000329,0 -80.1216423,40.5004163,0 -80.121881,40.5006019,0 -80.1223317,40.5008875,0 -80.1230719,40.5012179,0 -80.12371570000001,40.5014361,0 -80.1242494,40.5015707,0 -80.1247886,40.5016706,0 -80.1253545,40.50174,0 -80.1257944,40.5017685,0 -80.12635229999999,40.5017869,0 -80.1282057,40.501793,0 -80.1302469,40.5018154,0 -80.1310488,40.5018256,0 -80.1326313,40.5018114,0 -80.1336103,40.5018195,0 -80.1338678,40.5018277,0 -80.1341951,40.5018624,0 -80.13465100000001,40.5019419,0 -80.135158,40.5020806,0 -80.1354959,40.502207,0 -80.13579369999999,40.5023416,0 -80.1360485,40.5024864,0 -80.13649909999999,40.5027985,0 -80.136681,40.5029459,0 -80.1368512,40.5031076,0 -80.1370008,40.5032814,0 -80.1371675,40.5034967,0 -80.13731079999999,40.5037228,0 -80.1374162,40.5039375,0 -80.137505,40.5041816,0 -80.1375681,40.5043933,0 -80.1376039,40.504641,0 -80.1376144,40.5048259,0 -80.1376089,40.5050325,0 -80.1375932,40.5052183,0 -80.1375693,40.5054092,0 -80.13752169999999,40.5056098,0 -80.13742929999999,40.5058977,0 -80.1372822,40.5063001,0 -80.13718830000001,40.5065571,0 -80.1371266,40.5067238,0 -80.13624179999999,40.5090832,0 -80.1345481,40.5135994,0 -80.1344366,40.5139149,0 -80.1334021,40.5168007,0 -80.13267980000001,40.5185643,0 -80.1324455,40.5191879,0 -80.1321208,40.5200609,0 -80.13168899999999,40.5212865,0 -80.1313445,40.5222556,0 -80.1311535,40.5228711,0 -80.1310678,40.5232781,0 -80.1309919,40.5237812,0 -80.1309062,40.5245343,0 -80.1307661,40.5257344,0 -80.1307252,40.5260362,0 -80.1306064,40.5264476,0 -80.13048379999999,40.526779,0 -80.1303826,40.527001,0 -80.1302635,40.5272287,0 -80.1299798,40.5276294,0 -80.12972670000001,40.5279372,0 -80.1293568,40.5283338,0 -80.1285803,40.5291294,0 -80.12765330000001,40.5300623,0 -80.12724230000001,40.5306097,0 -80.1269288,40.530996,0 -80.12640450000001,40.5320496,0 -80.1256535,40.5335394,0 -80.1251299,40.5345695,0 -80.1241715,40.5365082,0 -80.12408360000001,40.5366835,0 -80.1228572,40.5391296,0 -80.12225100000001,40.54032,0 -80.1219452,40.5409763,0 -80.121731,40.5416344,0 -80.1216663,40.5420607,0 -80.12166259999999,40.5425126,0 -80.12167700000001,40.5427074,0 -80.1216926,40.5428974,0 -80.121736,40.5432225,0 -80.12191300000001,40.5445229,0 -80.12193670000001,40.5448154,0 -80.1219447,40.5450208,0 -80.1219388,40.5452043,0 -80.12193240000001,40.545395,0 -80.1219007,40.5456726,0 -80.1218664,40.5459099,0 -80.1218251,40.5461263,0 -80.121765,40.5463571,0 -80.12170759999999,40.5465735,0 -80.12162979999999,40.5467924,0 -80.1215333,40.5470199,0 -80.1214415,40.5472057,0 -80.12134229999999,40.5473965,0 -80.1212532,40.5475394,0 -80.1211637,40.5476884,0 -80.1210725,40.5478384,0 -80.1209346,40.5480308,0 -80.12075919999999,40.5482586,0 -80.1204475,40.5486357,0 -80.1177905,40.5519536,0 -80.1173866,40.5524623,0 -80.11719239999999,40.5527321,0 -80.11693649999999,40.5531368,0 -80.1167332,40.5534959,0 -80.1165342,40.553921,0 -80.11640920000001,40.5542516,0 -80.11628690000001,40.5546168,0 -80.1161211,40.5552049,0 -80.11544790000001,40.5577657,0 -80.11510699999999,40.558947,0 -80.1141561,40.562685,0 -80.11399520000001,40.563386,0 -80.1139496,40.5636875,0 -80.11391740000001,40.5643335,0 -80.11393080000001,40.5646839,0 -80.11396569999999,40.5650324,0 -80.11408369999999,40.5656477,0 -80.11419100000001,40.5660084,0 -80.11429560000001,40.5662895,0 -80.11442700000001,40.5665972,0 -80.1145477,40.5668458,0 -80.1146523,40.5670536,0 -80.1154568,40.5684237,0 -80.11654179999999,40.5702969,0 -80.1166813,40.5705699,0 -80.1168261,40.5709,0 -80.1169656,40.5712626,0 -80.1170997,40.5716701,0 -80.11718020000001,40.5720246,0 -80.1172553,40.5724851,0 -80.1172821,40.5727581,0 -80.1173036,40.5732715,0 -80.1173143,40.5750236,0 -80.1173143,40.5766371,0 -80.1173089,40.5768082,0 -80.11727670000001,40.5770445,0 -80.1172231,40.5773257,0 -80.1171641,40.5775538,0 -80.1170997,40.5777738,0 -80.11699779999999,40.5780346,0 -80.1168529,40.5783239,0 -80.1166813,40.578605,0 -80.1165096,40.5788454,0 -80.1163219,40.5790736,0 -80.1160805,40.5793302,0 -80.11582300000001,40.5795584,0 -80.1156084,40.5797295,0 -80.115308,40.5799414,0 -80.1150505,40.5800962,0 -80.1148037,40.5802388,0 -80.114557,40.5803529,0 -80.1142512,40.5804873,0 -80.1139079,40.5806218,0 -80.1133607,40.5807888,0 -80.1096914,40.5817992,0 -80.1048943,40.5831188,0 -80.10468470000001,40.5831765,0 -80.1043002,40.5832822,0 -80.1038925,40.5834044,0 -80.10341510000001,40.5835796,0 -80.102884,40.58382,0 -80.1024656,40.5840481,0 -80.1020793,40.5842885,0 -80.1018433,40.5844515,0 -80.1015268,40.5846959,0 -80.10125859999999,40.5849322,0 -80.1009957,40.5852011,0 -80.10077579999999,40.5854496,0 -80.1005698,40.5857337,0 -80.1003501,40.58606,0 -80.10001750000001,40.5865672,0 -80.09960100000001,40.587186,0 -80.09872660000001,40.5884764,0 -80.0979112,40.589723,0 -80.0971655,40.5907536,0 -80.0958914,40.5927185,0 -80.0952826,40.5936703,0 -80.09467189999999,40.594648,0 -80.09442249999999,40.5951368,0 -80.09426689999999,40.5954688,0 -80.09404960000001,40.5959372,0 -80.093819,40.596485,0 -80.0936178,40.5970431,0 -80.09349090000001,40.597434,0 -80.0933675,40.5980246,0 -80.0933031,40.5987374,0 -80.0932871,40.5990755,0 -80.0932924,40.5995235,0 -80.09330850000001,40.5998738,0 -80.0933514,40.600273,0 -80.093566,40.6019225,0 -80.0938664,40.6042889,0 -80.09420969999999,40.6069728,0 -80.0944619,40.6088706,0 -80.0945177,40.6094502,0 -80.0947247,40.6111064,0 -80.0949339,40.6125154,0 -80.0950251,40.6132891,0 -80.0953416,40.6157161,0 -80.0956152,40.6178784,0 -80.0958512,40.6198451,0 -80.09614089999999,40.6219461,0 -80.0964869,40.6245762,0 -80.09657180000001,40.6252449,0 -80.096902,40.6278738,0 -80.0971141,40.629523,0 -80.0974666,40.6322204,0 -80.09767600000001,40.6338863,0 -80.0977448,40.6347338,0 -80.0977937,40.6356025,0 -80.0978047,40.6365702,0 -80.0977817,40.637425,0 -80.0977542,40.6379663,0 -80.0977046,40.6385964,0 -80.0976454,40.6391639,0 -80.0975476,40.6398755,0 -80.0974678,40.6403739,0 -80.0973769,40.6408891,0 -80.097235,40.6415662,0 -80.0970353,40.6423928,0 -80.0968852,40.6429508,0 -80.0967338,40.6434753,0 -80.09665390000001,40.6437313,0 -80.0965199,40.6441256,0 -80.0963019,40.6447601,0 -80.0957354,40.6463864,0 -80.0947032,40.6493202,0 -80.09432339999999,40.6504144,0 -80.0935667,40.6526008,0 -80.0924066,40.6559106,0 -80.091982,40.6571402,0 -80.09159579999999,40.658315,0 -80.0912088,40.6594721,0 -80.0908701,40.6603535,0 -80.0907436,40.6607168,0 -80.0906282,40.6610734,0 -80.09054500000001,40.6614279,0 -80.0905083,40.66168,0 -80.0904857,40.6619698,0 -80.0904846,40.6622381,0 -80.0905094,40.6625536,0 -80.0905569,40.662857,0 -80.0906597,40.6632437,0 -80.0907682,40.6635574,0 -80.0909547,40.6639963,0 -80.0914757,40.6651673,0 -80.0919401,40.6662002,0 -80.09231490000001,40.6670501,0 -80.09267699999999,40.6678538,0 -80.0931889,40.6690135,0 -80.0934895,40.6696868,0 -80.09350310000001,40.6697173,0 -80.0942143,40.6713157,0 -80.094567,40.672111,0 -80.0950837,40.6732796,0 -80.09539030000001,40.6739709,0 -80.0954926,40.6742116,0 -80.0956008,40.6745021,0 -80.0956769,40.6747084,0 -80.0957573,40.6749857,0 -80.095826,40.6752762,0 -80.0958874,40.6755624,0 -80.0959154,40.6759019,0 -80.0959532,40.6762655,0 -80.09596639999999,40.6765538,0 -80.0959708,40.6768188,0 -80.0959635,40.6770861,0 -80.0959415,40.6774022,0 -80.095905,40.6777149,0 -80.0958012,40.6784391,0 -80.09568729999999,40.679343,0 -80.09532040000001,40.6819039,0 -80.0952934,40.6823149,0 -80.0952288,40.6829849,0 -80.0951948,40.6834712,0 -80.0951678,40.6841117,0 -80.09517030000001,40.6845966,0 -80.09517769999999,40.6849775,0 -80.0952188,40.6854032,0 -80.0952637,40.6857351,0 -80.0953684,40.6863414,0 -80.09550609999999,40.6869818,0 -80.09566100000001,40.6875724,0 -80.0958052,40.6880398,0 -80.0961325,40.6890567,0 -80.09650259999999,40.6899841,0 -80.0973571,40.6916713,0 -80.0980958,40.6931526,0 -80.0993378,40.6955545,0 -80.1001933,40.6975656,0 -80.1005581,40.6987288,0 -80.1009153,40.7002736,0 -80.10098549999999,40.7006647,0 -80.1012197,40.7030246,0 -80.10150160000001,40.7067036,0 -80.10152290000001,40.7070731,0 -80.10154989999999,40.7075418,0 -80.10168880000001,40.7106271,0 -80.1016985,40.7134004,0 -80.10169860000001,40.7139208,0 -80.1016989,40.7154194,0 -80.10162870000001,40.7177998,0 -80.1015328,40.720982,0 -80.10151070000001,40.7221704,0 -80.10151070000001,40.7231136,0 -80.1015376,40.7238942,0 -80.1015536,40.7241856,0 -80.1016073,40.7249269,0 -80.10171459999999,40.7257887,0 -80.10182469999999,40.7265345,0 -80.1019613,40.7271872,0 -80.1021652,40.7278295,0 -80.1023936,40.7284373,0 -80.1030181,40.7298906,0 -80.1033668,40.7306507,0 -80.10352779999999,40.7311304,0 -80.10365109999999,40.7316385,0 -80.1037528,40.7322531,0 -80.1039998,40.7337157,0 -80.1041393,40.7343458,0 -80.1042788,40.7348173,0 -80.10452549999999,40.7355408,0 -80.1047401,40.7360693,0 -80.1049225,40.7364676,0 -80.1059149,40.738317,0 -80.1062958,40.7390405,0 -80.1065265,40.7395527,0 -80.10676789999999,40.7401908,0 -80.10692880000001,40.7407314,0 -80.1070522,40.7412801,0 -80.1071487,40.7419263,0 -80.107197,40.7425481,0 -80.107197,40.7432472,0 -80.1071326,40.7439585,0 -80.1069878,40.7447185,0 -80.106843,40.7454378,0 -80.1064245,40.7473683,0 -80.10637629999999,40.7478885,0 -80.1063655,40.7482461,0 -80.1063709,40.7486281,0 -80.1064138,40.749063,0 -80.10647280000001,40.7494694,0 -80.1065426,40.7497945,0 -80.10670349999999,40.7503391,0 -80.10695560000001,40.7509568,0 -80.1071843,40.7514125,0 -80.1075242,40.7519768,0 -80.10794799999999,40.7525538,0 -80.1085167,40.7531512,0 -80.10912279999999,40.7537689,0 -80.10980410000001,40.7543784,0 -80.1104157,40.7548945,0 -80.1112878,40.7555688,0 -80.1117102,40.7558952,0 -80.1138596,40.7575114,0 -80.115987,40.7589862,0 -80.1183221,40.7604917,0 -80.1216654,40.7623438,0 -80.1253385,40.7645443,0 -80.1255872,40.7647248,0 -80.12596569999999,40.7649995,0 -80.1272027,40.7658972,0 -80.1279342,40.7667388,0 -80.1284306,40.7676329,0 -80.1286976,40.7682136,0 -80.1289014,40.7688149,0 -80.12897649999999,40.7694162,0 -80.12903230000001,40.7700139,0 -80.1290624,40.7707406,0 -80.12905170000001,40.7713907,0 -80.1289658,40.7720894,0 -80.1288438,40.7726987,0 -80.1286966,40.7731641,0 -80.1284938,40.7736982,0 -80.1283328,40.7741288,0 -80.1281182,40.7745431,0 -80.12791439999999,40.7748681,0 -80.1276676,40.7752581,0 -80.1270885,40.7760954,0 -80.1270085,40.7762137,0 -80.1269241,40.7763385,0 -80.125878,40.777921,0 -80.12523710000001,40.7789018,0 -80.1243281,40.7802988,0 -80.1239427,40.7810672,0 -80.123617,40.7820864,0 -80.12347490000001,40.7825207,0 -80.1233257,40.7835205,0 -80.1233095,40.7842803,0 -80.1233144,40.7846492,0 -80.12334180000001,40.7850011,0 -80.1234102,40.7855464,0 -80.1234491,40.7857525,0 -80.1235227,40.7861123,0 -80.1235963,40.7864042,0 -80.12374149999999,40.7868877,0 -80.1238479,40.7872071,0 -80.1243087,40.7885434,0 -80.1244452,40.7889606,0 -80.1245686,40.7893651,0 -80.1246196,40.7895684,0 -80.12466999999999,40.7898187,0 -80.1247023,40.7900206,0 -80.12472529999999,40.7902382,0 -80.1247316,40.7904413,0 -80.12472940000001,40.7906428,0 -80.12470980000001,40.7909107,0 -80.1246778,40.7911743,0 -80.1246304,40.7914053,0 -80.1245294,40.7917716,0 -80.1243362,40.7922501,0 -80.1241622,40.7925819,0 -80.1240358,40.7927759,0 -80.1239126,40.7929576,0 -80.12363240000001,40.7933205,0 -80.1234329,40.7935397,0 -80.1232057,40.7937664,0 -80.1229317,40.7940085,0 -80.1227476,40.7941588,0 -80.12255949999999,40.7943006,0 -80.121758,40.7948802,0 -80.1210416,40.7953915,0 -80.1201937,40.7960174,0 -80.11985490000001,40.7962998,0 -80.1195874,40.7965555,0 -80.11936559999999,40.796797,0 -80.11917029999999,40.7970396,0 -80.1189821,40.7972999,0 -80.1188111,40.7975715,0 -80.11866430000001,40.7978467,0 -80.1185497,40.7980837,0 -80.11845769999999,40.7983076,0 -80.11836510000001,40.7985696,0 -80.11829830000001,40.7988334,0 -80.1182428,40.7990978,0 -80.1182088,40.7993269,0 -80.1181946,40.7994796,0 -80.1180365,40.8006685,0 -80.1179436,40.8014175,0 -80.1177678,40.8033552,0 -80.1176231,40.8040661,0 -80.11756819999999,40.8044886,0 -80.1174742,40.8052104,0 -80.11733150000001,40.8063324,0 -80.1172481,40.8071728,0 -80.11714480000001,40.8081473,0 -80.1170764,40.8086148,0 -80.11699350000001,40.8089667,0 -80.1169179,40.8092709,0 -80.1168394,40.8094872,0 -80.1167348,40.8097522,0 -80.1165915,40.8100698,0 -80.11643890000001,40.8103402,0 -80.1162155,40.8106779,0 -80.116069,40.8108686,0 -80.1158095,40.8111654,0 -80.11557759999999,40.8114123,0 -80.115376,40.8115833,0 -80.1151991,40.8117379,0 -80.11502710000001,40.8118674,0 -80.1148274,40.8120039,0 -80.1143983,40.8122825,0 -80.1140839,40.8124631,0 -80.113738,40.8126296,0 -80.1133718,40.8127934,0 -80.1127633,40.8130538,0 -80.11118380000001,40.8137215,0 -80.1105515,40.8140013,0 -80.11024449999999,40.8141427,0 -80.1099782,40.8142799,0 -80.1095583,40.814522,0 -80.109255,40.8147264,0 -80.1088907,40.8150022,0 -80.1086813,40.815186,0 -80.1083931,40.8154767,0 -80.1081102,40.8157972,0 -80.1079603,40.8159904,0 -80.1077162,40.8163585,0 -80.1075349,40.8166805,0 -80.1073944,40.8169674,0 -80.1072983,40.8171889,0 -80.1065193,40.8194705,0 -80.1063644,40.8199074,0 -80.106328,40.8200101,0 -80.10608120000001,40.8205541,0 -80.1057701,40.8211144,0 -80.1054589,40.821569,0 -80.104665,40.8226082,0 -80.1031522,40.8246055,0 -80.1027445,40.8252144,0 -80.10249779999999,40.8256528,0 -80.1023047,40.8260749,0 -80.1021545,40.8266189,0 -80.1020686,40.8270735,0 -80.1020472,40.8275038,0 -80.1020901,40.8280233,0 -80.1021866,40.8285997,0 -80.1024012,40.8291842,0 -80.1026158,40.8295901,0 -80.10470789999999,40.833649,0 -80.1048689,40.8340062,0 -80.1049869,40.8344121,0 -80.1050834,40.8348829,0 -80.10512629999999,40.8353294,0 -80.10512629999999,40.8356784,0 -80.10507269999999,40.8360356,0 -80.1049225,40.8366281,0 -80.1047616,40.8370421,0 -80.10453630000001,40.8374561,0 -80.1042573,40.8378944,0 -80.103914,40.8383408,0 -80.1029484,40.839672,0 -80.1026909,40.8401103,0 -80.1024871,40.840573,0 -80.1023261,40.8410194,0 -80.10224030000001,40.841409,0 -80.1021866,40.8419203,0 -80.1022296,40.8424398,0 -80.1025192,40.8462869,0 -80.1027016,40.8491599,0 -80.1027338,40.8495413,0 -80.1028196,40.8500039,0 -80.10296990000001,40.8504908,0 -80.1031308,40.8508885,0 -80.10334539999999,40.8513105,0 -80.1037101,40.8518948,0 -80.10633869999999,40.8556602,0 -80.1064353,40.8558144,0 -80.10672870000001,40.8562208,0 -80.1070721,40.8567158,0 -80.1074368,40.8573488,0 -80.107748,40.8578843,0 -80.1080269,40.8584118,0 -80.1083488,40.8590528,0 -80.108617,40.8596695,0 -80.1087994,40.8600752,0 -80.1089496,40.8605134,0 -80.1106662,40.8657063,0 -80.1114065,40.8687976,0 -80.11180349999999,40.8699902,0 -80.11208240000001,40.8707609,0 -80.11341280000001,40.8744036,0 -80.11353080000001,40.8749066,0 -80.11365960000001,40.8754176,0 -80.11373469999999,40.8758963,0 -80.1141531,40.8796198,0 -80.11431399999999,40.8803336,0 -80.114475,40.8809176,0 -80.11461439999999,40.8812583,0 -80.1149685,40.8819559,0 -80.11707130000001,40.8863361,0 -80.1195282,40.8913891,0 -80.1198394,40.8920461,0 -80.12148089999999,40.8955578,0 -80.1226289,40.8980799,0 -80.1227684,40.8985178,0 -80.122822,40.8988098,0 -80.1228435,40.8992964,0 -80.122822,40.9000749,0 -80.1225645,40.9044457,0 -80.1225752,40.9051187,0 -80.1226289,40.9056945,0 -80.12272539999999,40.9061161,0 -80.12285420000001,40.9064567,0 -80.12309019999999,40.906927,0 -80.12331570000001,40.907293,0 -80.1237187,40.9078073,0 -80.1240404,40.9081236,0 -80.1243884,40.9084108,0 -80.12486490000001,40.908774,0 -80.1276392,40.9106974,0 -80.1284225,40.9112649,0 -80.1290018,40.9117433,0 -80.129785,40.9124892,0 -80.1302893,40.9130243,0 -80.1307935,40.9136324,0 -80.1313407,40.914427,0 -80.13186640000001,40.9153512,0 -80.1321239,40.9158701,0 -80.1323599,40.9164376,0 -80.1325423,40.916989,0 -80.13271400000001,40.9176213,0 -80.1328549,40.9183049,0 -80.13292370000001,40.9189331,0 -80.1329697,40.9193399,0 -80.1329879,40.9201037,0 -80.13293969999999,40.9210147,0 -80.1328518,40.9216604,0 -80.13270230000001,40.9224531,0 -80.1322981,40.9244908,0 -80.1322419,40.9247472,0 -80.1321571,40.9251786,0 -80.132081,40.925566,0 -80.1318879,40.9266765,0 -80.13174840000001,40.9276006,0 -80.13168400000001,40.9283707,0 -80.1316947,40.9289057,0 -80.1317591,40.9296028,0 -80.1318879,40.9302188,0 -80.1327569,40.9330152,0 -80.1334865,40.935155,0 -80.1344735,40.9384132,0 -80.134731,40.9390535,0 -80.1351092,40.9397768,0 -80.1355464,40.9403097,0 -80.1358575,40.9406501,0 -80.1362438,40.941031,0 -80.1367266,40.94142,0 -80.1371747,40.9417501,0 -80.14063729999999,40.9441257,0 -80.14091070000001,40.9443166,0 -80.141166,40.9445004,0 -80.1414151,40.944696,0 -80.14161540000001,40.9448609,0 -80.14180469999999,40.9450286,0 -80.1419752,40.9451924,0 -80.1421428,40.9453659,0 -80.1423107,40.9455502,0 -80.1424688,40.9457415,0 -80.1426079,40.9459211,0 -80.1427474,40.9461177,0 -80.1428745,40.9463108,0 -80.1429924,40.9465052,0 -80.14310039999999,40.9467025,0 -80.14320240000001,40.9469147,0 -80.14329170000001,40.9471188,0 -80.1433694,40.947323,0 -80.1434409,40.9475359,0 -80.143503,40.947753,0 -80.1435625,40.9480108,0 -80.143614,40.9482831,0 -80.14364740000001,40.9485585,0 -80.14366699999999,40.9488254,0 -80.1436669,40.9490783,0 -80.1436518,40.9493679,0 -80.1436241,40.9496402,0 -80.1435781,40.949905,0 -80.1435149,40.9501821,0 -80.14343820000001,40.9504559,0 -80.14334580000001,40.9507201,0 -80.1432322,40.9509872,0 -80.14310570000001,40.9512428,0 -80.14296950000001,40.951491,0 -80.142815,40.9517468,0 -80.1426524,40.9519837,0 -80.1424741,40.9522251,0 -80.14226410000001,40.9524789,0 -80.1420286,40.9527416,0 -80.14174,40.9530403,0 -80.1374209,40.9574519,0 -80.13715929999999,40.9577148,0 -80.13690389999999,40.9579811,0 -80.1366611,40.9582513,0 -80.1364366,40.9585164,0 -80.1362159,40.9587997,0 -80.1360138,40.9590897,0 -80.13582289999999,40.9593872,0 -80.13565130000001,40.9596858,0 -80.1354943,40.9599862,0 -80.1353496,40.9602939,0 -80.1352186,40.9606028,0 -80.1350999,40.960924,0 -80.13499729999999,40.9612327,0 -80.13472729999999,40.9620344,0 -80.13457080000001,40.9624306,0 -80.13429069999999,40.9633022,0 -80.13290480000001,40.967712,0 -80.1328109,40.9680301,0 -80.1327351,40.9683316,0 -80.13268239999999,40.9686027,0 -80.1326395,40.968874,0 -80.13260940000001,40.9691502,0 -80.1325896,40.9694163,0 -80.13258260000001,40.969695,0 -80.1325805,40.9700122,0 -80.1325877,40.97035,0 -80.132767,40.9769822,0 -80.13296990000001,40.9842863,0 -80.13296939999999,40.9845637,0 -80.1329599,40.9848175,0 -80.1329363,40.9850783,0 -80.13290360000001,40.9853281,0 -80.1328575,40.9855885,0 -80.1328038,40.9858464,0 -80.13273220000001,40.9861057,0 -80.13265440000001,40.986349,0 -80.1325652,40.9865947,0 -80.13246049999999,40.9868409,0 -80.13234730000001,40.9870861,0 -80.13222500000001,40.9873235,0 -80.132091,40.9875652,0 -80.13195090000001,40.9878047,0 -80.1317988,40.9880419,0 -80.1316398,40.988265,0 -80.13145660000001,40.9884996,0 -80.1312697,40.9887247,0 -80.1310764,40.9889416,0 -80.1308746,40.9891507,0 -80.1306665,40.9893494,0 -80.1304239,40.9895665,0 -80.13017910000001,40.9897766,0 -80.1299035,40.9899909,0 -80.1296296,40.9901903,0 -80.12932929999999,40.9903936,0 -80.1290314,40.990579,0 -80.1287426,40.9907471,0 -80.12846399999999,40.9908981,0 -80.128176,40.991047,0 -80.123756,40.9932691,0 -80.1231993,40.9935728,0 -80.1226564,40.9938959,0 -80.1220776,40.9942805,0 -80.12151969999999,40.9947745,0 -80.1211656,40.9952199,0 -80.12085449999999,40.9956247,0 -80.1205863,40.9960539,0 -80.1204146,40.9964831,0 -80.1196851,40.9985641,0 -80.1186471,41.0014001,0 -80.11846730000001,41.0018719,0 -80.11829299999999,41.0022503,0 -80.11803810000001,41.0026916,0 -80.1177995,41.0030924,0 -80.1173622,41.0037361,0 -80.11630820000001,41.0052421,0 -80.1148517,41.0073533,0 -80.1144467,41.0079767,0 -80.1141892,41.0085089,0 -80.1140417,41.0089198,0 -80.11395589999999,41.0093489,0 -80.11389149999999,41.0097881,0 -80.1138995,41.0104095,0 -80.11399950000001,41.0110906,0 -80.1142287,41.0126854,0 -80.11456699999999,41.0149498,0 -80.1151783,41.0188638,0 -80.1154928,41.0208543,0 -80.1156051,41.0215605,0 -80.1157362,41.0224023,0 -80.1158606,41.0231603,0 -80.11598360000001,41.023742,0 -80.1160721,41.0241225,0 -80.1161881,41.0245013,0 -80.1163675,41.0250414,0 -80.1165898,41.0255855,0 -80.1168466,41.0261462,0 -80.11690710000001,41.0262678,0 -80.1171739,41.0268245,0 -80.1185959,41.0300035,0 -80.11940269999999,41.0317381,0 -80.11973879999999,41.0324159,0 -80.120188,41.0330662,0 -80.12077290000001,41.0337553,0 -80.1216598,41.034622,0 -80.12248169999999,41.0354787,0 -80.1231145,41.0361311,0 -80.1237457,41.036763,0 -80.1243351,41.0373315,0 -80.12476119999999,41.0377551,0 -80.12500180000001,41.037987,0 -80.12532899999999,41.0383179,0 -80.125727,41.038794,0 -80.125992,41.0391345,0 -80.12625,41.039522,0 -80.126396,41.039769,0 -80.12653299999999,41.040025,0 -80.126718,41.040414,0 -80.126879,41.04081,0 -80.126957,41.041034,0 -80.127015,41.041211,0 -80.127065,41.041432,0 -80.127133,41.041736,0 -80.12719800000001,41.042132,0 -80.127244,41.042529,0 -80.12726000000001,41.042887,0 -80.12725500000001,41.043245,0 -80.12722599999999,41.043602,0 -80.1270236,41.0452611,0 -80.1266803,41.0482549,0 -80.12644419999999,41.0500269,0 -80.1263477,41.0505932,0 -80.126294,41.0509978,0 -80.12619979999999,41.0513861,0 -80.12612369999999,41.0516843,0 -80.12600500000001,41.0521014,0 -80.12590779999999,41.0525108,0 -80.12577899999999,41.0530447,0 -80.1252641,41.0549946,0 -80.1244701,41.057899,0 -80.124115,41.059092,0 -80.1237191,41.0606738,0 -80.1234831,41.0615394,0 -80.122964,41.063361,0 -80.122908,41.063613,0 -80.122862,41.063866,0 -80.12282399999999,41.064121,0 -80.122795,41.064375,0 -80.122776,41.064631,0 -80.122764,41.065014,0 -80.12277,41.065272,0 -80.122783,41.0654414,0 -80.1228,41.065662,0 -80.12285199999999,41.066051,0 -80.12289800000001,41.066309,0 -80.12295399999999,41.066567,0 -80.12305600000001,41.06695,0 -80.1231836,41.0674221,0 -80.123502,41.068156,0 -80.12379300000001,41.068683,0 -80.123935,41.068918,0 -80.12408499999999,41.069151,0 -80.12424300000001,41.06938,0 -80.124493,41.069718,0 -80.12618670000001,41.0720712,0 -80.12674459999999,41.0728881,0 -80.12697559999999,41.0731964,0 -80.1274908,41.0739442,0 -80.12832179999999,41.0751447,0 -80.12973599999999,41.077198,0 -80.130495,41.078304,0 -80.130555,41.078391,0 -80.131263,41.079396,0 -80.1323666,41.080903,0 -80.1339047,41.0831446,0 -80.1340132,41.0832903,0 -80.13533099999999,41.085214,0 -80.13643,41.08678,0 -80.136751,41.087222,0 -80.137057,41.08767,0 -80.13734599999999,41.088124,0 -80.137597,41.088555,0 -80.137832,41.088991,0 -80.138053,41.089432,0 -80.1386,41.090665,0 -80.13919009999999,41.0918764,0 -80.1417221,41.097698,0 -80.14243020000001,41.0992988,0 -80.1438357,41.1025085,0 -80.1439859,41.1029289,0 -80.1441683,41.1034139,0 -80.1442541,41.1037858,0 -80.1443185,41.1040688,0 -80.1443936,41.1044892,0 -80.144469,41.105081,0 -80.14451699999999,41.105332,0 -80.144569,41.1056,0 -80.144694,41.1062192,0 -80.14488710000001,41.1071327,0 -80.1451339,41.1083776,0 -80.14580979999999,41.1120395,0 -80.14596,41.112864,0 -80.14617,41.114048,0 -80.1465286,41.1160729,0 -80.1468612,41.1172773,0 -80.147226,41.1181987,0 -80.14784830000001,41.1193949,0 -80.14861310000001,41.1206838,0 -80.1492859,41.1218762,0 -80.150509,41.1239937,0 -80.1512984,41.1253587,0 -80.15174279999999,41.1261273,0 -80.1521291,41.1268546,0 -80.1524402,41.1274931,0 -80.1526655,41.1281396,0 -80.1529015,41.1289719,0 -80.1530303,41.1299174,0 -80.15307319999999,41.1307417,0 -80.1531755,41.1328744,0 -80.1534058,41.1355417,0 -80.15381410000001,41.1375863,0 -80.1541039,41.1389923,0 -80.1545169,41.1409955,0 -80.1548588,41.1434774,0 -80.1550661,41.144982,0 -80.1553971,41.147463,0 -80.15568519999999,41.1495988,0 -80.156137,41.1528162,0 -80.1562267,41.1532404,0 -80.1563455,41.1536718,0 -80.15649260000001,41.1540896,0 -80.1566716,41.1545155,0 -80.1570305,41.1552531,0 -80.1574774,41.1561423,0 -80.15950789999999,41.1601524,0 -80.16219580000001,41.1654386,0 -80.1633618,41.1677633,0 -80.16387539999999,41.1688044,0 -80.1642429,41.169481,0 -80.164636,41.170277,0 -80.16506,41.171055,0 -80.1654812,41.1719713,0 -80.1661598,41.173313,0 -80.1670402,41.1750477,0 -80.1677086,41.1763714,0 -80.1682486,41.1774343,0 -80.168516,41.178021,0 -80.1686291,41.178337,0 -80.168757,41.1787696,0 -80.168862,41.1793033,0 -80.16889879999999,41.17963,0 -80.168924,41.1800745,0 -80.16891990000001,41.1804034,0 -80.1688846,41.1808445,0 -80.1688327,41.1812139,0 -80.1687483,41.1816031,0 -80.168629,41.1820479,0 -80.16843660000001,41.1825584,0 -80.1682417,41.182979,0 -80.1679,41.183577,0 -80.16670999999999,41.185417,0 -80.16563669999999,41.187083,0 -80.16501839999999,41.1880087,0 -80.1626089,41.1917019,0 -80.1623295,41.1921297,0 -80.1617954,41.1929099,0 -80.1611604,41.1938968,0 -80.1609744,41.194202,0 -80.16080169999999,41.194504,0 -80.1605991,41.1949106,0 -80.16041970000001,41.1953195,0 -80.16025639999999,41.1957455,0 -80.1601225,41.1961713,0 -80.1600334,41.1964913,0 -80.1599401,41.1969306,0 -80.1598156,41.1977743,0 -80.1597142,41.1985794,0 -80.1596785,41.1988685,0 -80.1594312,41.2007408,0 -80.1593871,41.2012305,0 -80.1593668,41.2015466,0 -80.15936429999999,41.20189,0 -80.1593725,41.2021594,0 -80.159391,41.2024869,0 -80.1594302,41.2028696,0 -80.1594772,41.2032064,0 -80.15952849999999,41.2034732,0 -80.1595768,41.2036666,0 -80.1596553,41.2039781,0 -80.1598032,41.204472,0 -80.15995270000001,41.2048506,0 -80.1601337,41.2052648,0 -80.1616052,41.2086565,0 -80.1620532,41.2097189,0 -80.1625763,41.2110607,0 -80.1629169,41.2120636,0 -80.1633353,41.2135446,0 -80.1634936,41.2141722,0 -80.1637022,41.2152524,0 -80.1638324,41.2160925,0 -80.16397259999999,41.2174762,0 -80.16403339999999,41.2184269,0 -80.164081,41.2202996,0 -80.1640273,41.2213568,0 -80.163963,41.2217764,0 -80.16384499999999,41.2227206,0 -80.1637484,41.2233097,0 -80.16346950000001,41.2248187,0 -80.16315830000001,41.225908,0 -80.1625253,41.2280383,0 -80.1619346,41.2301261,0 -80.1615571,41.23146,0 -80.1609696,41.2337187,0 -80.1605405,41.235405,0 -80.1603152,41.2366636,0 -80.16021859999999,41.2374462,0 -80.1601757,41.2382046,0 -80.16015419999999,41.2394793,0 -80.1601864,41.2404312,0 -80.1602937,41.2411896,0 -80.1604976,41.2423351,0 -80.1607443,41.2434081,0 -80.1614417,41.2458201,0 -80.16255750000001,41.2498857,0 -80.1643278,41.2562578,0 -80.16467110000001,41.2574999,0 -80.16498869999999,41.2587224,0 -80.165622,41.2609943,0 -80.1657676,41.2615293,0 -80.1659326,41.2621745,0 -80.1660603,41.2628259,0 -80.16615729999999,41.2635771,0 -80.1662109,41.2643376,0 -80.1662157,41.2647196,0 -80.16621240000001,41.2651016,0 -80.1661912,41.2655245,0 -80.1661124,41.2662963,0 -80.1660528,41.2666914,0 -80.1659636,41.2671671,0 -80.16586529999999,41.2675888,0 -80.16561249999999,41.2684435,0 -80.1653235,41.2692736,0 -80.16517380000001,41.2696329,0 -80.16478309999999,41.2704677,0 -80.16362479999999,41.2728453,0 -80.1624085,41.2753221,0 -80.16114880000001,41.2779034,0 -80.1608583,41.2785126,0 -80.1598509,41.2805778,0 -80.15919719999999,41.2819478,0 -80.15891329999999,41.2826418,0 -80.1586448,41.2833591,0 -80.1582635,41.2846321,0 -80.1579449,41.286248,0 -80.157822,41.2873332,0 -80.157774,41.2884086,0 -80.1577673,41.2902684,0 -80.15776030000001,41.293532,0 -80.1577566,41.2974438,0 -80.1577559,41.2999461,0 -80.1577533,41.3018212,0 -80.15775360000001,41.3038919,0 -80.157774,41.3047644,0 -80.1578439,41.3058423,0 -80.1579936,41.3071711,0 -80.15840249999999,41.3105935,0 -80.1587373,41.3133148,0 -80.1590662,41.3159902,0 -80.15927000000001,41.3175696,0 -80.159431,41.3196969,0 -80.15953829999999,41.3220578,0 -80.1595275,41.3245233,0 -80.15938800000001,41.3274077,0 -80.1591421,41.3324741,0 -80.1589589,41.3369543,0 -80.1588409,41.3398543,0 -80.158755,41.3422708,0 -80.1587936,41.3439888,0 -80.15899570000001,41.3469126,0 -80.1593879,41.3515229,0 -80.159414,41.3518373,0 -80.159549,41.3533937,0 -80.1596026,41.3543843,0 -80.1595919,41.3553105,0 -80.15951680000001,41.3562688,0 -80.1593666,41.3572674,0 -80.15908760000001,41.3585801,0 -80.15855120000001,41.360714,0 -80.1580469,41.3627111,0 -80.1575749,41.3645792,0 -80.1573174,41.3660044,0 -80.1571672,41.3672525,0 -80.157051,41.3682477,0 -80.157028,41.368648,0 -80.1570105,41.3691706,0 -80.1570072,41.3696798,0 -80.1570492,41.3707711,0 -80.15712430000001,41.3718258,0 -80.1572745,41.3730093,0 -80.15747829999999,41.3742653,0 -80.15800400000001,41.3770026,0 -80.1585941,41.3801423,0 -80.1587229,41.3810197,0 -80.1588301,41.3819777,0 -80.158916,41.383145,0 -80.1589482,41.3844571,0 -80.158916,41.3856323,0 -80.15880869999999,41.3870893,0 -80.1586478,41.3880713,0 -80.1584546,41.3890694,0 -80.15826149999999,41.3901399,0 -80.15800950000001,41.3912273,0 -80.1578037,41.3921151,0 -80.15717789999999,41.3950819,0 -80.1568283,41.3966421,0 -80.15616110000001,41.3998798,0 -80.15604070000001,41.4011662,0 -80.1560178,41.4026082,0 -80.1561265,41.4041438,0 -80.1562874,41.4051175,0 -80.1564726,41.4060488,0 -80.1567702,41.4072017,0 -80.1572316,41.4083765,0 -80.1576714,41.4094548,0 -80.1582186,41.4104606,0 -80.159667,41.4129791,0 -80.1606118,41.4145783,0 -80.1607927,41.4148978,0 -80.1614802,41.4160929,0 -80.1620595,41.4173239,0 -80.1626818,41.4188445,0 -80.16299290000001,41.4197134,0 -80.1632826,41.4206386,0 -80.1635938,41.4218132,0 -80.1638512,41.4229878,0 -80.1640014,41.4239613,0 -80.1641195,41.4248381,0 -80.1641946,41.4259403,0 -80.16422609999999,41.4269286,0 -80.16422679999999,41.4276376,0 -80.1641731,41.4287478,0 -80.1641302,41.4293752,0 -80.1640014,41.4304451,0 -80.16390490000001,41.4312093,0 -80.1636689,41.4324721,0 -80.163347,41.4336626,0 -80.1629511,41.4350866,0 -80.16247799999999,41.4367433,0 -80.161845,41.4387943,0 -80.16113679999999,41.4410463,0 -80.1608686,41.4419873,0 -80.16053599999999,41.4431615,0 -80.16035359999999,41.4437405,0 -80.16019900000001,41.4444511,0 -80.16008100000001,41.4453358,0 -80.16001660000001,41.4460354,0 -80.1600059,41.4469924,0 -80.16008100000001,41.4480057,0 -80.1602204,41.449019,0 -80.1604779,41.4500564,0 -80.1607676,41.4509088,0 -80.1610573,41.4516727,0 -80.1614221,41.4525653,0 -80.16289190000001,41.455637,0 -80.1640721,41.45821,0 -80.16495190000001,41.4602523,0 -80.1654561,41.4614825,0 -80.16584229999999,41.4626805,0 -80.1661428,41.4636935,0 -80.1663681,41.4644975,0 -80.1665397,41.4653015,0 -80.16668989999999,41.4662341,0 -80.1668401,41.4676169,0 -80.1669273,41.4687275,0 -80.1669796,41.4697232,0 -80.1669581,41.4710657,0 -80.1668938,41.4735176,0 -80.1668509,41.474868,0 -80.1667758,41.4765802,0 -80.1666685,41.4801411,0 -80.16663629999999,41.481186,0 -80.1666041,41.4830025,0 -80.16653100000001,41.4851966,0 -80.1664646,41.4877043,0 -80.1663788,41.490485,0 -80.16640529999999,41.4918798,0 -80.16652329999999,41.4934228,0 -80.16664129999999,41.494363,0 -80.16677009999999,41.4952791,0 -80.16707049999999,41.496589,0 -80.16747820000001,41.4980274,0 -80.1678215,41.4990398,0 -80.1685296,41.5009683,0 -80.1693772,41.5031459,0 -80.1704613,41.5059527,0 -80.1705953,41.5063143,0 -80.17115819999999,41.5077578,0 -80.1714264,41.5088344,0 -80.1716088,41.5098869,0 -80.1716624,41.5104814,0 -80.1716946,41.5116464,0 -80.1715774,41.5130603,0 -80.17139419999999,41.5140726,0 -80.1710509,41.5152776,0 -80.1694523,41.5200654,0 -80.1691733,41.5210133,0 -80.16904460000001,41.5217764,0 -80.1690124,41.522411,0 -80.16904460000001,41.5231099,0 -80.1690875,41.5237043,0 -80.1693772,41.5247083,0 -80.1696347,41.5253589,0 -80.1699565,41.5260256,0 -80.1702784,41.5265156,0 -80.1707612,41.5271742,0 -80.17140670000001,41.5278789,0 -80.17216670000001,41.5285557,0 -80.17449480000001,41.5304592,0 -80.1792461,41.5343716,0 -80.18039570000001,41.5353182,0 -80.180975,41.5358482,0 -80.1815115,41.5364345,0 -80.1819836,41.5370609,0 -80.1824234,41.5378078,0 -80.1827418,41.5385415,0 -80.182968,41.5391654,0 -80.1831852,41.5399921,0 -80.1832603,41.5406747,0 -80.1832637,41.5413346,0 -80.1832373,41.5419935,0 -80.1832182,41.5422334,0 -80.1831674,41.5425055,0 -80.1830685,41.5429278,0 -80.1810818,41.5497958,0 -80.1810042,41.550106,0 -80.1809133,41.5505102,0 -80.1808304,41.5509224,0 -80.1807716,41.5512866,0 -80.1807173,41.5516938,0 -80.18067000000001,41.5522731,0 -80.1806612,41.5528517,0 -80.180739,41.554076,0 -80.1809214,41.5556737,0 -80.181136,41.5584916,0 -80.181372,41.5606592,0 -80.18154370000001,41.5628267,0 -80.1820372,41.5674183,0 -80.1820908,41.5678759,0 -80.1822303,41.5693367,0 -80.1822303,41.5704525,0 -80.1821123,41.5714076,0 -80.18184410000001,41.5723548,0 -80.18154370000001,41.5731574,0 -80.181136,41.57396,0 -80.1799343,41.5761512,0 -80.17817479999999,41.5793133,0 -80.17608269999999,41.5832297,0 -80.1745485,41.5859581,0 -80.17392220000001,41.5870979,0 -80.17334839999999,41.5881405,0 -80.1730227,41.5887503,0 -80.17215590000001,41.5902673,0 -80.171362,41.5914789,0 -80.1706861,41.5924338,0 -80.16729580000001,41.5975127,0 -80.16656620000001,41.598636,0 -80.166062,41.5995185,0 -80.16553620000001,41.600714,0 -80.165268,41.6014842,0 -80.1650856,41.602142,0 -80.1648818,41.6030325,0 -80.1648174,41.6036583,0 -80.1647423,41.6043242,0 -80.164753,41.605335,0 -80.164796,41.6062335,0 -80.1649388,41.6070884,0 -80.16515,41.6080706,0 -80.1653968,41.6088647,0 -80.165665,41.6096027,0 -80.1661478,41.6105814,0 -80.1665126,41.6112392,0 -80.1669417,41.6119451,0 -80.1676008,41.612889,0 -80.16814340000001,41.6135333,0 -80.1689456,41.614369,0 -80.1698231,41.6152342,0 -80.17077190000001,41.616068,0 -80.17207209999999,41.6170903,0 -80.1723959,41.6173178,0 -80.1731992,41.6178823,0 -80.1736483,41.6181657,0 -80.1745451,41.6187228,0 -80.1754572,41.6192235,0 -80.1758896,41.6194608,0 -80.1774774,41.620303,0 -80.1782204,41.6207569,0 -80.1789686,41.6212692,0 -80.1792021,41.6214338,0 -80.1796447,41.6218108,0 -80.1800262,41.622138,0 -80.18076499999999,41.6227542,0 -80.1818119,41.6236073,0 -80.18249849999999,41.6241847,0 -80.1837431,41.6252594,0 -80.1845156,41.625909,0 -80.1855777,41.6268072,0 -80.1869028,41.6279318,0 -80.1877557,41.6286998,0 -80.18839939999999,41.6293013,0 -80.1898049,41.6306165,0 -80.1921974,41.63295,0 -80.19434320000001,41.6350108,0 -80.19609199999999,41.6367108,0 -80.19836650000001,41.6389238,0 -80.2003113,41.6407786,0 -80.20135980000001,41.6418424,0 -80.2018748,41.6424677,0 -80.2023362,41.6431813,0 -80.2026795,41.643935,0 -80.20293700000001,41.6447528,0 -80.203172,41.645705,0 -80.2034159,41.6468666,0 -80.20366,41.6480235,0 -80.2046459,41.6523085,0 -80.2047637,41.6528545,0 -80.2058159,41.6575131,0 -80.20688989999999,41.6621752,0 -80.2070382,41.6628133,0 -80.20729729999999,41.6639828,0 -80.20819470000001,41.66798,0 -80.208625,41.6698888,0 -80.2088375,41.6708686,0 -80.2089582,41.6714565,0 -80.2090211,41.6718563,0 -80.2090815,41.6723011,0 -80.2091234,41.6727459,0 -80.2091523,41.673277,0 -80.2091523,41.6737159,0 -80.2091313,41.6742077,0 -80.2090972,41.6747329,0 -80.209029,41.6752345,0 -80.20892929999999,41.6758204,0 -80.2088217,41.6762907,0 -80.20867749999999,41.6768413,0 -80.20853839999999,41.6773077,0 -80.2083626,41.677772,0 -80.2080898,41.6785009,0 -80.20736309999999,41.6804427,0 -80.2064996,41.6827182,0 -80.20638599999999,41.6830027,0 -80.20536679999999,41.6856587,0 -80.2043699,41.6883114,0 -80.2034149,41.6908229,0 -80.202376,41.6935636,0 -80.2017228,41.6953031,0 -80.2010329,41.697117,0 -80.2003665,41.6988603,0 -80.1996975,41.7006232,0 -80.19903909999999,41.7023469,0 -80.19890789999999,41.702766,0 -80.198761,41.7032674,0 -80.198538,41.7041821,0 -80.1984068,41.7048735,0 -80.198346,41.7052091,0 -80.198252,41.7059723,0 -80.1982074,41.706601,0 -80.19817329999999,41.7073158,0 -80.19817860000001,41.7078956,0 -80.1982022,41.70844,0 -80.19824680000001,41.7090609,0 -80.1983202,41.7096739,0 -80.1984042,41.7102183,0 -80.1985249,41.7108098,0 -80.1986849,41.7115128,0 -80.1989184,41.7123491,0 -80.19909680000001,41.7128877,0 -80.199534,41.7140097,0 -80.19999249999999,41.7150246,0 -80.2004206,41.7159741,0 -80.2005865,41.7163347,0 -80.2009949,41.7172194,0 -80.20139930000001,41.7181194,0 -80.2021034,41.7196681,0 -80.2032172,41.7221292,0 -80.2043302,41.7245909,0 -80.2045195,41.7250755,0 -80.2046641,41.7255324,0 -80.2047903,41.7260225,0 -80.20487559999999,41.7264129,0 -80.2049387,41.7268477,0 -80.2049684,41.7273018,0 -80.20497949999999,41.7277365,0 -80.2049684,41.7282044,0 -80.2049276,41.7287001,0 -80.20483849999999,41.7292621,0 -80.2047161,41.7297605,0 -80.2045751,41.7302617,0 -80.2043748,41.730796,0 -80.2041885,41.731237,0 -80.2038108,41.7319478,0 -80.20351770000001,41.7324351,0 -80.2031096,41.7329861,0 -80.202234,41.7341351,0 -80.2003753,41.7365631,0 -80.1999189,41.7372303,0 -80.1995257,41.7378782,0 -80.1992103,41.7384678,0 -80.19893949999999,41.7390188,0 -80.1987614,41.7394451,0 -80.198587,41.739888,0 -80.1984089,41.7404057,0 -80.1982457,41.7409732,0 -80.1980973,41.741549,0 -80.19797490000001,41.7422466,0 -80.19761870000001,41.7446744,0 -80.1972588,41.7470716,0 -80.19689889999999,41.7495489,0 -80.1965354,41.7520096,0 -80.1961718,41.7544812,0 -80.19581220000001,41.7569498,0 -80.1954483,41.7594049,0 -80.195081,41.7619067,0 -80.1949808,41.7624878,0 -80.1948324,41.7631437,0 -80.194684,41.7636473,0 -80.1945171,41.7641814,0 -80.1943316,41.7646768,0 -80.1940826,41.7652473,0 -80.1939624,41.7654918,0 -80.1935933,41.7661722,0 -80.1932183,41.7668059,0 -80.19269679999999,41.7675839,0 -80.1922221,41.7682045,0 -80.1911029,41.7695288,0 -80.18805570000001,41.7731999,0 -80.1862919,41.7753544,0 -80.1841003,41.7780026,0 -80.1825767,41.7798904,0 -80.1811118,41.7816689,0 -80.1808188,41.7820316,0 -80.18027379999999,41.7827438,0 -80.1797182,41.7834788,0 -80.1791956,41.7842557,0 -80.17869159999999,41.7850596,0 -80.1780119,41.7862525,0 -80.17750789999999,41.7872006,0 -80.1766114,41.7892279,0 -80.1762949,41.7900843,0 -80.1759668,41.7911285,0 -80.1756386,41.7923168,0 -80.1754042,41.7933916,0 -80.1752109,41.7944882,0 -80.1749882,41.7964235,0 -80.17492369999999,41.7975331,0 -80.17491200000001,41.7983981,0 -80.1750175,41.8006173,0 -80.1751423,41.8021818,0 -80.1751572,41.8025203,0 -80.1755368,41.8090785,0 -80.17559439999999,41.8101426,0 -80.17560589999999,41.8106317,0 -80.1755714,41.8118116,0 -80.1755138,41.813146,0 -80.1754505,41.8148407,0 -80.17526049999999,41.8185603,0 -80.1750632,41.8226478,0 -80.1750533,41.8229788,0 -80.1749051,41.82597,0 -80.1748644,41.8273465,0 -80.1748874,41.8287104,0 -80.17495099999999,41.8297478,0 -80.17501110000001,41.8303489,0 -80.17525790000001,41.8323913,0 -80.17529999999999,41.8327393,0 -80.1756936,41.8358779,0 -80.17584960000001,41.8370727,0 -80.17588670000001,41.8377761,0 -80.1759023,41.8381554,0 -80.17592380000001,41.8388312,0 -80.17592380000001,41.8399343,0 -80.1758043,41.8414327,0 -80.1756441,41.8428916,0 -80.1754931,41.8442658,0 -80.17530429999999,41.8458178,0 -80.1752134,41.8466471,0 -80.17515640000001,41.8471393,0 -80.1751027,41.8476508,0 -80.1750433,41.8481224,0 -80.1749897,41.8486419,0 -80.1749573,41.8491797,0 -80.1749703,41.8498542,0 -80.1750176,41.8504534,0 -80.1750727,41.8510177,0 -80.175172,41.8516228,0 -80.1753152,41.8523721,0 -80.17548309999999,41.8532249,0 -80.1760448,41.8561492,0 -80.17633189999999,41.8576088,0 -80.17641759999999,41.8581662,0 -80.1764737,41.8587217,0 -80.17649969999999,41.8593755,0 -80.1764939,41.8602398,0 -80.1764609,41.8620496,0 -80.17640950000001,41.8646145,0 -80.1763706,41.8664972,0 -80.1762834,41.870407,0 -80.1762557,41.8723518,0 -80.1761465,41.8752496,0 -80.1760814,41.8767399,0 -80.1759849,41.8784574,0 -80.17591040000001,41.8795843,0 -80.1758897,41.8800279,0 -80.1757995,41.8819402,0 -80.1756986,41.8843606,0 -80.17569399999999,41.8850547,0 -80.1756493,41.8875235,0 -80.1753623,41.8958152,0 -80.1753078,41.8978237,0 -80.1752456,41.9012711,0 -80.1752413,41.9025463,0 -80.17523749999999,41.902867,0 -80.1752578,41.9039107,0 -80.1752364,41.904837,0 -80.1752364,41.9055796,0 -80.17524710000001,41.9061385,0 -80.175569,41.9104662,0 -80.1758694,41.9144183,0 -80.1759874,41.9158793,0 -80.17609469999999,41.9173642,0 -80.17614829999999,41.9182823,0 -80.1761698,41.9191764,0 -80.1761376,41.9200386,0 -80.176084,41.9210445,0 -80.17591229999999,41.9226809,0 -80.1755046,41.9252673,0 -80.17471070000001,41.9304876,0 -80.1744143,41.9319837,0 -80.17433699999999,41.9326031,0 -80.1742426,41.9331969,0 -80.1741825,41.9337397,0 -80.174131,41.9343143,0 -80.1740624,41.9351125,0 -80.17398110000001,41.9364816,0 -80.1739489,41.9377187,0 -80.17393819999999,41.9384529,0 -80.1739275,41.9394585,0 -80.1738953,41.9402885,0 -80.17388459999999,41.9410387,0 -80.17386310000001,41.9418128,0 -80.1738309,41.9427864,0 -80.1738095,41.9436562,0 -80.17379870000001,41.944518,0 -80.173788,41.9451006,0 -80.1737773,41.945739,0 -80.1737558,41.9462736,0 -80.1737236,41.9467045,0 -80.17368070000001,41.9471035,0 -80.1736271,41.9475264,0 -80.1735734,41.9479414,0 -80.173509,41.9485398,0 -80.17340179999999,41.9492899,0 -80.1732945,41.9500719,0 -80.17313350000001,41.9512608,0 -80.172929,41.952765,0 -80.1727151,41.9541253,0 -80.1725971,41.9551944,0 -80.17255419999999,41.9559285,0 -80.17255419999999,41.9568141,0 -80.17261860000001,41.9575401,0 -80.17273659999999,41.9582502,0 -80.1728224,41.9588087,0 -80.17291899999999,41.9592554,0 -80.1732301,41.9607713,0 -80.1738095,41.963755,0 -80.17421710000001,41.9658531,0 -80.1744425,41.966914,0 -80.174818,41.9685015,0 -80.1752153,41.9700542,0 -80.1757728,41.9718039,0 -80.17655600000001,41.9744202,0 -80.1768028,41.9753853,0 -80.1769208,41.9760154,0 -80.1770066,41.9766934,0 -80.1770496,41.9774431,0 -80.17706029999999,41.9782407,0 -80.17703880000001,41.978783,0 -80.17693060000001,41.9794835,0 -80.17681810000001,41.9801243,0 -80.17669069999999,41.9808179,0 -80.1764536,41.9815493,0 -80.1762872,41.9820142,0 -80.1760689,41.9825826,0 -80.1758511,41.9831002,0 -80.1755625,41.9836427,0 -80.1753756,41.9840096,0 -80.1750814,41.9844785,0 -80.1748249,41.9848775,0 -80.1746471,41.9851674,0 -80.1742756,41.9856664,0 -80.1737911,41.986284,0 -80.17242539999999,41.988098,0 -80.1697003,41.9915589,0 -80.1688566,41.992526,0 -80.16831759999999,41.993244,0 -80.16799760000001,41.9936587,0 -80.1671085,41.9948155,0 -80.1665045,41.995581,0 -80.16581480000001,41.9964774,0 -80.165313,41.9971257,0 -80.1641612,41.9985955,0 -80.1624774,42.0007182,0 -80.1612181,42.0023353,0 -80.15832640000001,42.0060469,0 -80.1575387,42.0070111,0 -80.1570026,42.0075797,0 -80.156561,42.0080559,0 -80.1562327,42.0083695,0 -80.1558471,42.0087109,0 -80.1556276,42.0088862,0 -80.1552628,42.0092051,0 -80.1549163,42.0095001,0 -80.1545945,42.0097589,0 -80.1542865,42.0100023,0 -80.1536749,42.0104726,0 -80.1531327,42.0108407,0 -80.15249970000001,42.0112552,0 -80.15189890000001,42.0116299,0 -80.1513436,42.0119891,0 -80.1507625,42.0123049,0 -80.1500973,42.0126556,0 -80.1493785,42.0130064,0 -80.148724,42.0133173,0 -80.1480589,42.0136122,0 -80.1474702,42.0138746,0 -80.1463758,42.014305,0 -80.1453459,42.0147116,0 -80.14401549999999,42.0152456,0 -80.1429533,42.0156522,0 -80.14177309999999,42.0161065,0 -80.1393592,42.0170471,0 -80.137546,42.0177565,0 -80.1367628,42.0180594,0 -80.1358616,42.0184021,0 -80.1330904,42.0194609,0 -80.1314428,42.0201005,0 -80.1296708,42.02079,0 -80.1290956,42.0210129,0 -80.1285851,42.0212157,0 -80.12819020000001,42.0213873,0 -80.1277779,42.0215789,0 -80.1273905,42.0217753,0 -80.1270409,42.0219693,0 -80.1267581,42.0221345,0 -80.126429,42.0223437,0 -80.126075,42.022585,0 -80.12575769999999,42.0228175,0 -80.12544579999999,42.0230629,0 -80.12507239999999,42.0233843,0 -80.12474330000001,42.0236874,0 -80.12432459999999,42.0241187,0 -80.12399000000001,42.0245067,0 -80.123662,42.0249388,0 -80.1234073,42.025314,0 -80.1231612,42.0257212,0 -80.122995,42.0260387,0 -80.12285300000001,42.0263392,0 -80.12260329999999,42.0269589,0 -80.1225137,42.0272283,0 -80.1224144,42.027577,0 -80.1223519,42.0278407,0 -80.1222882,42.0281782,0 -80.1222472,42.028454,0 -80.1222191,42.0287394,0 -80.1221997,42.0290472,0 -80.1221954,42.0293566,0 -80.1221997,42.0296933,0 -80.1222202,42.030369,0 -80.1222479,42.03139,0 -80.1222521,42.0315938,0 -80.1222717,42.0322748,0 -80.1222894,42.0326301,0 -80.12234050000001,42.0341497,0 -80.12235920000001,42.0347047,0 -80.12236350000001,42.0349243,0 -80.1223624,42.0351119,0 -80.1223451,42.0353523,0 -80.1223257,42.0355872,0 -80.12229120000001,42.0358397,0 -80.122248,42.0361002,0 -80.1221833,42.0364031,0 -80.1220797,42.0367823,0 -80.1219761,42.0371005,0 -80.1217948,42.0375637,0 -80.12161879999999,42.0379557,0 -80.12145049999999,42.0382819,0 -80.12126600000001,42.0385953,0 -80.1211213,42.0388261,0 -80.12096270000001,42.0390529,0 -80.120749,42.039339,0 -80.1204965,42.0396556,0 -80.1200238,42.0402215,0 -80.1194691,42.0408947,0 -80.1188626,42.041628,0 -80.1183328,42.0422748,0 -80.11796029999999,42.0427232,0 -80.11788129999999,42.0428212,0 -80.1159663,42.0451961,0 -80.1155479,42.045714,0 -80.1151402,42.0461841,0 -80.1148183,42.0465984,0 -80.1144965,42.0470286,0 -80.11422829999999,42.047403,0 -80.1139708,42.0478811,0 -80.1137025,42.0483989,0 -80.11349869999999,42.048861,0 -80.113327,42.049339,0 -80.11319829999999,42.0497294,0 -80.1131125,42.0500799,0 -80.1130374,42.0504385,0 -80.112973,42.0509643,0 -80.1129315,42.051341,0 -80.11289979999999,42.0517744,0 -80.11287280000001,42.0522018,0 -80.11285719999999,42.0523926,0 -80.1128458,42.0525314,0 -80.11278249999999,42.053366,0 -80.1127601,42.0536613,0 -80.11270260000001,42.054418,0 -80.1126857,42.0546413,0 -80.11264199999999,42.055217,0 -80.112619,42.05572,0 -80.11255800000001,42.05622,0 -80.112466,42.05672,0 -80.11242799999999,42.056884,0 -80.112337,42.057216,0 -80.11223,42.05754,0 -80.112047,42.058024,0 -80.11197799999999,42.058185,0 -80.1118357,42.058572,0 -80.1116104,42.0590579,0 -80.1114066,42.0594164,0 -80.1111705,42.0597429,0 -80.1110096,42.05995,0 -80.11078430000001,42.060197,0 -80.11055899999999,42.0604359,0 -80.11014059999999,42.0608422,0 -80.1093145,42.0617104,0 -80.10877499999999,42.0622781,0 -80.10820940000001,42.0628733,0 -80.1073833,42.0637575,0 -80.1073497,42.0637966,0 -80.1066859,42.0645699,0 -80.1061041,42.065204,0 -80.1058383,42.0656053,0 -80.1056603,42.0658898,0 -80.1055259,42.0661597,0 -80.1053782,42.0665337,0 -80.1052139,42.0671297,0 -80.1051416,42.0677878,0 -80.1051674,42.0682536,0 -80.1052097,42.0685892,0 -80.10527070000001,42.0689022,0 -80.1053306,42.0691132,0 -80.105434,42.0694253,0 -80.1055585,42.0697218,0 -80.1057179,42.0700309,0 -80.1058915,42.0703171,0 -80.10694340000001,42.0720008,0 -80.1072116,42.0724149,0 -80.108417,42.074231,0 -80.10896200000001,42.075061,0 -80.1099327,42.0765024,0 -80.10993569999999,42.0765069,0 -80.1113744,42.078746,0 -80.1126189,42.0805218,0 -80.113581,42.08189,0 -80.11512949999999,42.0841448,0 -80.1162667,42.0858806,0 -80.1177473,42.0881817,0 -80.1180154,42.0885821,0 -80.1182987,42.0890052,0 -80.1183892,42.0891498,0 -80.118568,42.0894325,0 -80.119685,42.091122,0 -80.12112689999999,42.0932772,0 -80.1213066,42.0935619,0 -80.1215795,42.0939946,0 -80.1218159,42.0943467,0 -80.1219917,42.0946481,0 -80.12208560000001,42.0948297,0 -80.12218369999999,42.0950462,0 -80.1222346,42.0951744,0 -80.1223008,42.0953458,0 -80.1223394,42.0954695,0 -80.12236230000001,42.0955678,0 -80.12238840000001,42.0957102,0 -80.122405,42.0958205,0 -80.1224168,42.0958948,0 -80.12243309999999,42.0960437,0 -80.122445,42.0961928,0 -80.12244629999999,42.0963192,0 -80.1224448,42.0964876,0 -80.122443,42.0966746,0 -80.1224295,42.0967869,0 -80.1223973,42.0969862,0 -80.1223595,42.0971703,0 -80.1222661,42.097559,0 -80.1221674,42.0979402,0 -80.12197740000001,42.0987745,0 -80.12189669999999,42.0990761,0 -80.12185460000001,42.0993094,0 -80.12183229999999,42.0995256,0 -80.12182780000001,42.0999105,0 -80.12182780000001,42.1002744,0 -80.1218315,42.1005621,0 -80.12187489999999,42.1013347,0 -80.1219883,42.1031993,0 -80.1220174,42.1036031,0 -80.12213749999999,42.1049389,0 -80.1222856,42.1063564,0 -80.1224144,42.108012,0 -80.122407,42.1083361,0 -80.1223754,42.1086228,0 -80.1222786,42.1090475,0 -80.1222056,42.1091957,0 -80.1220605,42.1094901,0 -80.12189309999999,42.1097401,0 -80.1216678,42.1100068,0 -80.1214598,42.1102059,0 -80.1211299,42.1104644,0 -80.12086189999999,42.1106248,0 -80.1206273,42.1107513,0 -80.12043199999999,42.1108437,0 -80.1202083,42.1109347,0 -80.1200517,42.110995,0 
				</coordinates>
			</LineString>
		<atom:link rel="app" href="https://www.google.com/earth/about/versions/#earth-pro" title="Google Earth Pro 7.3.6.10201"></atom:link>
	</Placemark>
</Document>
</kml>
