<?xml version="1.0" encoding="UTF-8"?>
<kml xmlns="http://www.opengis.net/kml/2.2" xmlns:gx="http://www.google.com/kml/ext/2.2" xmlns:kml="http://www.opengis.net/kml/2.2" xmlns:atom="http://www.w3.org/2005/Atom">
<Document>
	<name>I.85.kml</name>
	<Placemark>
		<name>I.85</name>
			<LineString>
				<coordinates>
					-86.329427,32.3687018,0 -86.3291723,32.3686076,0 -86.32903659999999,32.3685591,0 -86.3271147,32.3678414,0 -86.3256061,32.3672752,0 -86.3248085,32.3669857,0 -86.32452069999999,32.3668958,0 -86.3239873,32.366813,0 -86.3234368,32.3667242,0 -86.32304689999999,32.3666889,0 -86.3226545,32.3666772,0 -86.32232329999999,32.3666683,0 -86.32209,32.3666631,0 -86.321805,32.366687,0 -86.32145,32.3667586,0 -86.3209243,32.3668673,0 -86.3203721,32.3669748,0 -86.319552,32.367158,0 -86.31888499999999,32.367267,0 -86.318049,32.367379,0 -86.317567,32.367434,0 -86.3172471,32.3674528,0 -86.3166435,32.3675062,0 -86.31556519999999,32.367556,0 -86.3143314,32.3675878,0 -86.3121415,32.3676181,0 -86.31163309999999,32.367624,0 -86.3089683,32.3676886,0 -86.3073421,32.3677201,0 -86.3062449,32.3677456,0 -86.304869,32.3677473,0 -86.3043292,32.3677418,0 -86.3036439,32.3677788,0 -86.30307190000001,32.3677943,0 -86.3023749,32.3677886,0 -86.30183150000001,32.3677934,0 -86.30036490000001,32.3678437,0 -86.2998077,32.367853,0 -86.2984697,32.3678762,0 -86.2965172,32.367899,0 -86.2959869,32.3678943,0 -86.29523330000001,32.367905,0 -86.29476080000001,32.3678631,0 -86.29436870000001,32.3678169,0 -86.29396269999999,32.3677192,0 -86.293378,32.3675832,0 -86.2928952,32.3674156,0 -86.2923158,32.3671528,0 -86.2903271,32.366123,0 -86.28957459999999,32.3658071,0 -86.2889684,32.3656032,0 -86.2884427,32.3654808,0 -86.2879116,32.3653947,0 -86.28743420000001,32.3653494,0 -86.28689780000001,32.3653313,0 -86.2834246,32.3654119,0 -86.28285940000001,32.3654279,0 -86.28107850000001,32.3654816,0 -86.27946470000001,32.3655314,0 -86.2782041,32.3655994,0 -86.27718729999999,32.3656523,0 -86.2767644,32.3656738,0 -86.2754972,32.3657308,0 -86.274463,32.365798,0 -86.27277239999999,32.3659033,0 -86.27157870000001,32.365963,0 -86.2709708,32.3660001,0 -86.27045080000001,32.3660053,0 -86.26990670000001,32.3659729,0 -86.2694597,32.3659268,0 -86.2690556,32.3658489,0 -86.2687214,32.3657574,0 -86.2683229,32.3656347,0 -86.2677738,32.3654299,0 -86.2673095,32.3651978,0 -86.26695290000001,32.3649915,0 -86.265674,32.364137,0 -86.262123,32.361792,0 -86.261702,32.361516,0 -86.261357,32.3613,0 -86.26088900000001,32.361023,0 -86.260544,32.36083,0 -86.260096,32.360597,0 -86.259653,32.360379,0 -86.25885700000001,32.360025,0 -86.25819300000001,32.359763,0 -86.257887,32.359651,0 -86.25752799999999,32.35953,0 -86.25716199999999,32.359411,0 -86.25675200000001,32.359287,0 -86.256305,32.359164,0 -86.256182,32.359133,0 -86.25588399999999,32.359059,0 -86.255679,32.359012,0 -86.255177,32.358902,0 -86.254774,32.358824,0 -86.254284,32.358739,0 -86.253733,32.358662,0 -86.253461,32.358629,0 -86.252836,32.358568,0 -86.252505,32.358541,0 -86.251828,32.358506,0 -86.251107,32.358492,0 -86.25045900000001,32.358503,0 -86.24998600000001,32.358523,0 -86.24822570000001,32.3586477,0 -86.2464128,32.3588317,0 -86.2448435,32.3589962,0 -86.243709,32.3591345,0 -86.24294380000001,32.359239,0 -86.24183069999999,32.3593989,0 -86.2392531,32.3598175,0 -86.2383919,32.3599525,0 -86.2378892,32.3600301,0 -86.2368688,32.3601893,0 -86.2348471,32.3605225,0 -86.231483,32.361027,0 -86.227435,32.361675,0 -86.224825,32.362091,0 -86.224554,32.362132,0 -86.22419600000001,32.362184,0 -86.223309,32.362299,0 -86.2225,32.362378,0 -86.22194090000001,32.3624258,0 -86.221588,32.362456,0 -86.22095299999999,32.362499,0 -86.220004,32.362567,0 -86.219561,32.362583,0 -86.21883200000001,32.3626,0 -86.217817,32.362606,0 -86.21733500000001,32.3626,0 -86.215942,32.362553,0 -86.214764,32.362504,0 -86.213729,32.362468,0 -86.212141,32.362406,0 -86.210793,32.362355,0 -86.207453,32.362226,0 -86.207116,32.362211,0 -86.206031,32.362158,0 -86.20529000000001,32.362145,0 -86.2044317,32.362112,0 -86.19715600000001,32.361832,0 -86.19599599999999,32.361789,0 -86.19371099999999,32.361694,0 -86.191346,32.361589,0 -86.190921,32.361567,0 -86.18795900000001,32.36142,0 -86.18710400000001,32.361378,0 -86.18452000000001,32.361243,0 -86.184235,32.361227,0 -86.1801,32.361015,0 -86.177734,32.360892,0 -86.177296,32.36087,0 -86.176717,32.360826,0 -86.17614,32.360794,0 -86.175456,32.360767,0 -86.174725,32.360751,0 -86.17223869999999,32.3608137,0 -86.1705864,32.3609406,0 -86.1690629,32.3611037,0 -86.167306,32.361418,0 -86.165414,32.361824,0 -86.16418899999999,32.362087,0 -86.16365500000001,32.362212,0 -86.163014,32.362364,0 -86.1591588,32.3632712,0 -86.158259,32.363483,0 -86.150842,32.365226,0 -86.1448171,32.366652,0 -86.14387499999999,32.3668702,0 -86.1432756,32.367014,0 -86.14310999999999,32.367053,0 -86.1422288,32.3672602,0 -86.14140999999999,32.367437,0 -86.140902,32.367534,0 -86.140069,32.367668,0 -86.139678,32.367718,0 -86.139111,32.36778,0 -86.138723,32.3678114,0 -86.1382761,32.3678449,0 -86.137923,32.36786,0 -86.137576,32.367873,0 -86.13411600000001,32.367911,0 -86.133402,32.367899,0 -86.131094,32.36793,0 -86.129985,32.367956,0 -86.1256339,32.368004,0 -86.1247572,32.3680133,0 -86.119899,32.368067,0 -86.119134,32.368066,0 -86.11835499999999,32.368049,0 -86.117643,32.368022,0 -86.116849,32.367978,0 -86.116248,32.367936,0 -86.115522,32.367872,0 -86.114761,32.367793,0 -86.11354300000001,32.367641,0 -86.10997500000001,32.367176,0 -86.106241,32.366692,0 -86.105925,32.36665,0 -86.10051300000001,32.365951,0 -86.09997300000001,32.365888,0 -86.099282,32.365822,0 -86.09850900000001,32.365764,0 -86.098179,32.365748,0 -86.097617,32.36572,0 -86.09667,32.365699,0 -86.095895,32.365706,0 -86.094815,32.36574,0 -86.094371,32.365767,0 -86.093586,32.365827,0 -86.093007,32.365882,0 -86.092266,32.365971,0 -86.09178,32.366038,0 -86.091067,32.366149,0 -86.090551,32.366239,0 -86.090014,32.366342,0 -86.089083,32.366543,0 -86.087386,32.366946,0 -86.085273,32.367447,0 -86.08461,32.367596,0 -86.08400899999999,32.36772,0 -86.083061,32.36789,0 -86.082393,32.367992,0 -86.081802,32.36807,0 -86.08159000000001,32.368094,0 -86.081434,32.368113,0 -86.080876,32.368172,0 -86.08040200000001,32.368212,0 -86.079561,32.368266,0 -86.07886000000001,32.368298,0 -86.07828000000001,32.36831,0 -86.077591,32.368308,0 -86.07736,32.368308,0 -86.075845,32.368267,0 -86.072211,32.368139,0 -86.0704424,32.3680843,0 -86.07000789999999,32.3680673,0 -86.069785,32.3680603,0 -86.06945709999999,32.3680502,0 -86.067064,32.367973,0 -86.061396,32.367781,0 -86.06119200000001,32.367773,0 -86.060451,32.367762,0 -86.05985200000001,32.367767,0 -86.05927200000001,32.367782,0 -86.058784,32.367798,0 -86.05829799999999,32.367824,0 -86.05774099999999,32.367862,0 -86.057384,32.367893,0 -86.056079,32.368029,0 -86.05553399999999,32.368114,0 -86.05545100000001,32.368127,0 -86.055217,32.368163,0 -86.054393,32.368304,0 -86.053586,32.368459,0 -86.05172899999999,32.368909,0 -86.051008,32.36911,0 -86.050476,32.369259,0 -86.050037,32.369351,0 -86.04973200000001,32.369456,0 -86.049508,32.369524,0 -86.04732,32.370154,0 -86.04561699999999,32.370666,0 -86.045209,32.370783,0 -86.0384079,32.3727305,0 -86.03663,32.373263,0 -86.033546,32.37415,0 -86.031516,32.374735,0 -86.029025,32.375453,0 -86.028216,32.375687,0 -86.026718,32.376116,0 -86.025193,32.376554,0 -86.021181,32.377716,0 -86.01483949999999,32.3795399,0 -86.013555,32.379914,0 -86.012839,32.380116,0 -86.0115977,32.3804736,0 -86.0108736,32.3806758,0 -86.0103945,32.3808095,0 -86.00810749999999,32.3814821,0 -86.00708160000001,32.3817858,0 -86.00643169999999,32.3819859,0 -86.0056404,32.382241,0 -86.00488180000001,32.3824916,0 -86.00408779999999,32.382766,0 -86.00313,32.383125,0 -86.002539,32.383339,0 -86.002399,32.383392,0 -86.00199000000001,32.383547,0 -86.00098300000001,32.383932,0 -86.00059400000001,32.384089,0 -86.000208,32.384245,0 -85.99905800000001,32.384721,0 -85.99814000000001,32.385118,0 -85.996933,32.385658,0 -85.99566299999999,32.386254,0 -85.99544899999999,32.38636,0 -85.993821,32.387171,0 -85.993629,32.38727,0 -85.993241,32.38747,0 -85.99207699999999,32.388091,0 -85.990932,32.388726,0 -85.99038,32.389042,0 -85.988748,32.390003,0 -85.98675299999999,32.391174,0 -85.984098,32.392733,0 -85.982687,32.393552,0 -85.9812901,32.3943491,0 -85.9802677,32.3949404,0 -85.979034,32.3956691,0 -85.9756557,32.3976467,0 -85.974441,32.398346,0 -85.97414759999999,32.3985212,0 -85.9738467,32.3986966,0 -85.97345300000001,32.398935,0 -85.972667,32.399382,0 -85.971807,32.399853,0 -85.970715,32.40043,0 -85.969678,32.400968,0 -85.96947400000001,32.401074,0 -85.96837499999999,32.401629,0 -85.96594899999999,32.40287,0 -85.965424,32.403137,0 -85.962278,32.404735,0 -85.961688,32.405029,0 -85.961406,32.405178,0 -85.959892,32.406046,0 -85.959751,32.406126,0 -85.959655,32.406184,0 -85.959406,32.406329,0 -85.95900899999999,32.406564,0 -85.95811,32.407094,0 -85.957481,32.407491,0 -85.956661,32.408009,0 -85.956101,32.408378,0 -85.955451,32.408793,0 -85.954635,32.40934,0 -85.954213,32.40963,0 -85.95335900000001,32.410235,0 -85.95299900000001,32.410486,0 -85.95032,32.412359,0 -85.94637400000001,32.415107,0 -85.94555,32.415678,0 -85.94538,32.415795,0 -85.944771,32.416204,0 -85.94436,32.416466,0 -85.943653,32.416894,0 -85.94352600000001,32.416972,0 -85.943242,32.417133,0 -85.943021,32.417254,0 -85.942956,32.41729,0 -85.942666,32.417441,0 -85.94222499999999,32.417665,0 -85.941929,32.417811,0 -85.94156099999999,32.417986,0 -85.941481,32.418025,0 -85.94080099999999,32.418329,0 -85.93995700000001,32.418681,0 -85.93834099999999,32.419347,0 -85.93695200000001,32.419913,0 -85.933488,32.421334,0 -85.932569,32.421718,0 -85.931415,32.422189,0 -85.93139499999999,32.422196,0 -85.930954,32.422382,0 -85.929334,32.423043,0 -85.92863800000001,32.423319,0 -85.928172,32.423499,0 -85.927694,32.423672,0 -85.927217,32.423831,0 -85.926738,32.423986,0 -85.926255,32.424131,0 -85.925764,32.424266,0 -85.92527200000001,32.424394,0 -85.924778,32.424512,0 -85.924278,32.424619,0 -85.923779,32.424719,0 -85.923277,32.424812,0 -85.92277300000001,32.424895,0 -85.92265999999999,32.424912,0 -85.92201300000001,32.425005,0 -85.92099899999999,32.425131,0 -85.90970660000001,32.4264803,0 -85.90766499999999,32.426727,0 -85.90755299999999,32.426741,0 -85.907473,32.42675,0 -85.9064887,32.426858,0 -85.90556100000001,32.426972,0 -85.90297,32.427287,0 -85.90176099999999,32.427442,0 -85.90134,32.427501,0 -85.90050100000001,32.427638,0 -85.89976299999999,32.427771,0 -85.89966800000001,32.427788,0 -85.898421,32.428047,0 -85.897762,32.428204,0 -85.897103,32.428368,0 -85.896289,32.428586,0 -85.895476,32.428823,0 -85.89505800000001,32.42895,0 -85.894496,32.42913,0 -85.894257,32.429206,0 -85.893782,32.429371,0 -85.892926,32.429682,0 -85.892132,32.429969,0 -85.891429,32.430238,0 -85.890961,32.43041,0 -85.890418,32.430618,0 -85.889796,32.430857,0 -85.885335,32.432524,0 -85.88346199999999,32.433233,0 -85.878777,32.434983,0 -85.876903,32.435693,0 -85.875967,32.436042,0 -85.875496,32.436213,0 -85.875017,32.43638,0 -85.874539,32.436537,0 -85.874048,32.436681,0 -85.87329699999999,32.436874,0 -85.872961,32.436949,0 -85.871619,32.437206,0 -85.87119800000001,32.437264,0 -85.870852,32.437314,0 -85.870251,32.437379,0 -85.869564,32.43743,0 -85.868965,32.437458,0 -85.86853600000001,32.437468,0 -85.868021,32.437469,0 -85.86716300000001,32.437452,0 -85.866392,32.437423,0 -85.865708,32.437381,0 -85.864773,32.437297,0 -85.864262,32.437241,0 -85.862647,32.437039,0 -85.85764,32.436394,0 -85.856302,32.436222,0 -85.855037,32.436073,0 -85.85470100000001,32.43604,0 -85.854529,32.436023,0 -85.854017,32.435992,0 -85.853503,32.435975,0 -85.852992,32.435966,0 -85.852479,32.435969,0 -85.851969,32.435983,0 -85.851454,32.43601,0 -85.850948,32.436053,0 -85.850432,32.436107,0 -85.84992699999999,32.436169,0 -85.849423,32.436247,0 -85.84892000000001,32.436334,0 -85.848421,32.43643,0 -85.847927,32.436542,0 -85.84257100000001,32.437846,0 -85.841032,32.438225,0 -85.840512,32.438353,0 -85.838869,32.438751,0 -85.835762,32.43951,0 -85.835258,32.439632,0 -85.83280000000001,32.440238,0 -85.831326,32.440606,0 -85.83035,32.440866,0 -85.828655,32.441343,0 -85.82767699999999,32.441612,0 -85.824997,32.442371,0 -85.822298,32.443129,0 -85.82171,32.443294,0 -85.81937600000001,32.443949,0 -85.818395,32.444214,0 -85.818063,32.444297,0 -85.817227,32.444476,0 -85.81672399999999,32.444564,0 -85.81621699999999,32.444642,0 -85.81571099999999,32.44471,0 -85.815201,32.444767,0 -85.81468599999999,32.444811,0 -85.814176,32.444842,0 -85.81366199999999,32.444858,0 -85.812635,32.444865,0 -85.812121,32.444859,0 -85.81057800000001,32.444851,0 -85.807498,32.444828,0 -85.800048,32.444785,0 -85.798627,32.444772,0 -85.79812099999999,32.444769,0 -85.79670299999999,32.444761,0 -85.79568,32.44475,0 -85.795509,32.444749,0 -85.79368100000001,32.444741,0 -85.791648,32.44473,0 -85.79127200000001,32.444724,0 -85.789833,32.444713,0 -85.78829399999999,32.444721,0 -85.78744,32.444741,0 -85.786756,32.444769,0 -85.785764,32.444829,0 -85.785455,32.444854,0 -85.784881,32.444904,0 -85.78411800000001,32.444983,0 -85.783102,32.445106,0 -85.782341,32.445214,0 -85.779651,32.445672,0 -85.777468,32.446057,0 -85.775713,32.446367,0 -85.774451,32.446586,0 -85.774316,32.44661,0 -85.773687,32.446724,0 -85.772683,32.446896,0 -85.77092500000001,32.447206,0 -85.769415,32.447459,0 -85.768906,32.447533,0 -85.768399,32.447595,0 -85.76789100000001,32.447649,0 -85.767381,32.447695,0 -85.76687,32.44773,0 -85.766356,32.447756,0 -85.765843,32.447772,0 -85.765331,32.447781,0 -85.764816,32.447781,0 -85.7641,32.447766,0 -85.76378699999999,32.447758,0 -85.763006,32.447736,0 -85.760707,32.447659,0 -85.76025799999999,32.447646,0 -85.75917200000001,32.447612,0 -85.75840599999999,32.4476,0 -85.757896,32.447604,0 -85.757383,32.44762,0 -85.75712900000001,32.447632,0 -85.756618,32.447664,0 -85.75611000000001,32.447713,0 -85.75560299999999,32.447772,0 -85.755098,32.44784,0 -85.75459499999999,32.447923,0 -85.75409500000001,32.448014,0 -85.753596,32.448118,0 -85.753378,32.448169,0 -85.752858,32.448295,0 -85.75163499999999,32.448636,0 -85.75133599999999,32.448724,0 -85.750669,32.448918,0 -85.750182,32.449053,0 -85.747711,32.449753,0 -85.743371,32.450983,0 -85.741173,32.4516,0 -85.740201,32.451867,0 -85.739992,32.451926,0 -85.738497,32.452346,0 -85.738254,32.452419,0 -85.73792299999999,32.452506,0 -85.735013,32.453338,0 -85.73412399999999,32.453586,0 -85.732263,32.454116,0 -85.73129400000001,32.454396,0 -85.73032600000001,32.454689,0 -85.730086,32.454771,0 -85.72961100000001,32.454942,0 -85.72914299999999,32.455119,0 -85.728911,32.455211,0 -85.72845,32.45541,0 -85.727996,32.455616,0 -85.72754999999999,32.455833,0 -85.727113,32.456058,0 -85.72668,32.456296,0 -85.72626,32.456546,0 -85.725782,32.456847,0 -85.72538,32.457118,0 -85.72516299999999,32.457271,0 -85.72492,32.457442,0 -85.723975,32.45818,0 -85.723607,32.458492,0 -85.720885,32.460803,0 -85.719075,32.462349,0 -85.71816200000001,32.463124,0 -85.71741400000001,32.463728,0 -85.71702999999999,32.464017,0 -85.71683299999999,32.464157,0 -85.716435,32.464429,0 -85.716025,32.464689,0 -85.715394,32.465066,0 -85.714963,32.465307,0 -85.71482399999999,32.465382,0 -85.71453099999999,32.465539,0 -85.714084,32.465758,0 -85.713634,32.46597,0 -85.713177,32.466166,0 -85.71271,32.466348,0 -85.71224100000001,32.466524,0 -85.711765,32.466687,0 -85.711288,32.466845,0 -85.70959999999999,32.467368,0 -85.70790599999999,32.467883,0 -85.706946,32.468183,0 -85.70598,32.468474,0 -85.704049,32.469065,0 -85.703087,32.469365,0 -85.70083099999999,32.4700433,0 -85.69987740000001,32.4703342,0 -85.699226,32.470539,0 -85.698702,32.4707,0 -85.696259,32.471452,0 -85.692571,32.4725878,0 -85.6919441,32.4727796,0 -85.689547,32.473509,0 -85.689274,32.473591,0 -85.68718699999999,32.4742246,0 -85.6865581,32.4744189,0 -85.68643969999999,32.4744555,0 -85.6851635,32.4748497,0 -85.68296100000001,32.475529,0 -85.68222900000001,32.475747,0 -85.681822,32.475854,0 -85.681574,32.475913,0 -85.68124299999999,32.475983,0 -85.68073699999999,32.476073,0 -85.68022999999999,32.476148,0 -85.67999,32.476174,0 -85.679461,32.476222,0 -85.67894200000001,32.47625,0 -85.678685,32.476258,0 -85.678172,32.476253,0 -85.67765900000001,32.476239,0 -85.677148,32.476203,0 -85.67663899999999,32.476149,0 -85.676131,32.476083,0 -85.67537900000001,32.475963,0 -85.6749918,32.4758978,0 -85.674459,32.475808,0 -85.67294800000001,32.475563,0 -85.672444,32.475489,0 -85.67177,32.475403,0 -85.671252,32.475351,0 -85.670924,32.475318,0 -85.670244,32.475267,0 -85.66982,32.475242,0 -85.669049,32.475212,0 -85.66853399999999,32.475206,0 -85.668019,32.475209,0 -85.66699,32.47524,0 -85.66622099999999,32.475279,0 -85.66571,32.47532,0 -85.665217,32.475375,0 -85.664692,32.47544,0 -85.663929,32.475544,0 -85.66316999999999,32.475673,0 -85.66242,32.475819,0 -85.661925,32.475927,0 -85.661421,32.476045,0 -85.661174,32.476108,0 -85.66068300000001,32.476239,0 -85.660197,32.476382,0 -85.65971399999999,32.476529,0 -85.659234,32.476686,0 -85.65876,32.476851,0 -85.658118,32.477093,0 -85.657819,32.477206,0 -85.65735599999999,32.477397,0 -85.656902,32.477597,0 -85.65487,32.478529,0 -85.652563,32.479596,0 -85.65204900000001,32.479833,0 -85.651248,32.480204,0 -85.646049,32.482595,0 -85.644299,32.483404,0 -85.64424200000001,32.483431,0 -85.639917,32.485422,0 -85.639803,32.485476,0 -85.639599,32.485565,0 -85.63889500000001,32.485895,0 -85.63369,32.488294,0 -85.63290600000001,32.488653,0 -85.632583,32.488802,0 -85.63190299999999,32.48912,0 -85.631687,32.489221,0 -85.6310809,32.4894899,0 -85.6302531,32.4898721,0 -85.627172,32.491301,0 -85.626054,32.491833,0 -85.62586,32.491929,0 -85.62553699999999,32.492088,0 -85.62431100000001,32.492739,0 -85.623671,32.493101,0 -85.62325199999999,32.493347,0 -85.623035,32.49348,0 -85.62262800000001,32.493727,0 -85.622006,32.494124,0 -85.621005,32.494802,0 -85.619818,32.49564,0 -85.6179865,32.4969432,0 -85.61647600000001,32.498018,0 -85.6148646,32.4991607,0 -85.614121,32.499688,0 -85.613885,32.499853,0 -85.61332899999999,32.500241,0 -85.612003,32.5011865,0 -85.611172,32.501779,0 -85.608419,32.503735,0 -85.607221,32.504562,0 -85.606814,32.504829,0 -85.605986,32.505345,0 -85.605355,32.505722,0 -85.604927,32.505968,0 -85.604282,32.506323,0 -85.603965,32.506489,0 -85.603178,32.506901,0 -85.60273100000001,32.50712,0 -85.601832,32.50754,0 -85.601146,32.50784,0 -85.599768,32.508414,0 -85.59854,32.5089139,0 -85.598052,32.509112,0 -85.597916,32.509166,0 -85.5975732,32.5092951,0 -85.59673220000001,32.5096367,0 -85.5882702,32.5130454,0 -85.5873988,32.5134043,0 -85.5851612,32.5143112,0 -85.58409829999999,32.5147476,0 -85.5835558,32.5149907,0 -85.5824781,32.5155195,0 -85.5819398,32.5158054,0 -85.58144059999999,32.5160854,0 -85.58089459999999,32.5164158,0 -85.5802274,32.5168344,0 -85.5793252,32.5174583,0 -85.5787931,32.5178501,0 -85.5782201,32.5183035,0 -85.5766196,32.519679,0 -85.57540280000001,32.5207293,0 -85.57380860000001,32.5221083,0 -85.5721015,32.5235893,0 -85.5698026,32.5255808,0 -85.5691861,32.5260958,0 -85.5687274,32.5264504,0 -85.5682738,32.5267803,0 -85.5676509,32.5272036,0 -85.5670787,32.5275537,0 -85.56644439999999,32.5279142,0 -85.5656573,32.5283155,0 -85.5652798,32.5284882,0 -85.5616438,32.5300957,0 -85.5562595,32.5324784,0 -85.5556208,32.5327514,0 -85.539117,32.540014,0 -85.538127,32.540464,0 -85.537643,32.540701,0 -85.536692,32.541201,0 -85.536227,32.541463,0 -85.5356852,32.5417833,0 -85.5347127,32.5424041,0 -85.5342105,32.5427535,0 -85.53373980000001,32.5431062,0 -85.53275429999999,32.543849,0 -85.5311389,32.5450781,0 -85.52648689999999,32.5486201,0 -85.52527739999999,32.5495331,0 -85.5248548,32.5498067,0 -85.52316620000001,32.5510004,0 -85.5220289,32.5517342,0 -85.5212528,32.552196,0 -85.5198556,32.5529651,0 -85.5188792,32.5534641,0 -85.5183332,32.5537247,0 -85.5178516,32.5539427,0 -85.51719660000001,32.5542339,0 -85.51643900000001,32.5545529,0 -85.5136516,32.5556888,0 -85.5102732,32.5570606,0 -85.50936249999999,32.5574504,0 -85.5078666,32.5580602,0 -85.5042545,32.55952,0 -85.5028887,32.560079,0 -85.502548,32.5602191,0 -85.50221089999999,32.5603653,0 -85.5018776,32.5605176,0 -85.5015482,32.5606758,0 -85.5012953,32.5607972,0 -85.50101290000001,32.5609429,0 -85.50072710000001,32.5610966,0 -85.50049509999999,32.5612273,0 -85.5002614,32.5613611,0 -85.500007,32.5615114,0 -85.4995337,32.5618005,0 -85.4987486,32.5622784,0 -85.4964957,32.5636582,0 -85.4949659,32.5645957,0 -85.4936809,32.5653767,0 -85.489017,32.5682416,0 -85.4843843,32.5710581,0 -85.48067829999999,32.5733349,0 -85.47703129999999,32.5755562,0 -85.4745988,32.5770439,0 -85.47410549999999,32.5773546,0 -85.4695229,32.5801538,0 -85.4687012,32.5806879,0 -85.4680267,32.5811733,0 -85.4673925,32.5816544,0 -85.45873779999999,32.5886924,0 -85.4562688,32.5907041,0 -85.4549598,32.5917663,0 -85.4521529,32.5940215,0 -85.4513441,32.594583,0 -85.4505674,32.5950582,0 -85.44991709999999,32.5954214,0 -85.4492465,32.5957645,0 -85.4488018,32.5959773,0 -85.4480393,32.5963106,0 -85.447023,32.5967751,0 -85.4455533,32.5974056,0 -85.43493719999999,32.6020776,0 -85.4334614,32.6027291,0 -85.4328234,32.6030056,0 -85.4315031,32.6035855,0 -85.4270519,32.6055449,0 -85.4263713,32.6058453,0 -85.4255723,32.6061939,0 -85.4243767,32.6067219,0 -85.4219334,32.6077942,0 -85.4210538,32.6081775,0 -85.4201176,32.6085748,0 -85.4162338,32.6101959,0 -85.4068166,32.6141268,0 -85.40509950000001,32.6148751,0 -85.403766,32.6154877,0 -85.4025601,32.6160706,0 -85.4006093,32.6170613,0 -85.3988288,32.6179793,0 -85.3979336,32.6184428,0 -85.39634390000001,32.6192626,0 -85.3951479,32.6198918,0 -85.39132050000001,32.6218523,0 -85.38826109999999,32.6234385,0 -85.38762509999999,32.6237621,0 -85.373733,32.6309172,0 -85.3731441,32.6312291,0 -85.37255570000001,32.631536,0 -85.3719141,32.6318555,0 -85.37096870000001,32.6323374,0 -85.3687034,32.6335119,0 -85.3676641,32.6340409,0 -85.3570229,32.6395279,0 -85.3565765,32.6397594,0 -85.35619029999999,32.6399843,0 -85.3557876,32.6402344,0 -85.35534629999999,32.6405413,0 -85.35475599999999,32.6410015,0 -85.354071,32.641665,0 -85.35386699999999,32.641886,0 -85.35376599999999,32.642009,0 -85.353583,32.642201,0 -85.353416,32.642404,0 -85.352959,32.643048,0 -85.352625,32.643548,0 -85.351989,32.644526,0 -85.351696,32.644967,0 -85.35131,32.645511,0 -85.350931,32.646079,0 -85.35071499999999,32.646397,0 -85.35064199999999,32.64652,0 -85.35055699999999,32.646634,0 -85.350212,32.647179,0 -85.343322,32.65748,0 -85.34250900000001,32.658645,0 -85.341234,32.660351,0 -85.340062,32.661872,0 -85.339834,32.662157,0 -85.33896900000001,32.663286,0 -85.338201,32.66428,0 -85.33548399999999,32.667797,0 -85.33481999999999,32.668644,0 -85.334172,32.66949,0 -85.333825,32.669915,0 -85.3297199,32.6752263,0 -85.32941460000001,32.6756206,0 -85.328417,32.676906,0 -85.3219076,32.6853371,0 -85.32144820000001,32.6859457,0 -85.32097330000001,32.6866037,0 -85.3204133,32.6874519,0 -85.320262,32.6876779,0 -85.3199216,32.6882295,0 -85.3192102,32.6894591,0 -85.31678719999999,32.693757,0 -85.316344,32.694535,0 -85.31579139999999,32.695508,0 -85.315456,32.69612,0 -85.3133304,32.6998823,0 -85.3127137,32.7009739,0 -85.3109378,32.7041062,0 -85.31050089999999,32.7048966,0 -85.3095907,32.7065,0 -85.3083432,32.7087186,0 -85.3074482,32.7103026,0 -85.30635580000001,32.7122376,0 -85.30529319999999,32.7141164,0 -85.3039971,32.7164281,0 -85.303707,32.7169342,0 -85.30312549999999,32.7179158,0 -85.3023185,32.7192096,0 -85.30165239999999,32.7201964,0 -85.30059780000001,32.7216606,0 -85.2992876,32.7233297,0 -85.2985382,32.7242601,0 -85.29333459999999,32.7306814,0 -85.2923445,32.7319018,0 -85.2909952,32.7335653,0 -85.28922110000001,32.7357833,0 -85.28727739999999,32.7381793,0 -85.286182,32.7395444,0 -85.2848652,32.7411736,0 -85.28319860000001,32.7432557,0 -85.2827276,32.7438329,0 -85.2816581,32.7451587,0 -85.28147,32.74546,0 -85.279993,32.747304,0 -85.27868100000001,32.748931,0 -85.27785299999999,32.749918,0 -85.277697,32.750085,0 -85.27755399999999,32.750262,0 -85.27694200000001,32.750946,0 -85.275854,32.752131,0 -85.275074,32.752972,0 -85.274447,32.753639,0 -85.273983,32.754145,0 -85.27242,32.755825,0 -85.27207199999999,32.756191,0 -85.270394,32.758004,0 -85.268835,32.759681,0 -85.26836400000001,32.760182,0 -85.267279,32.761358,0 -85.26463,32.764207,0 -85.26432200000001,32.764546,0 -85.262754,32.766221,0 -85.26212099999999,32.766886,0 -85.2615,32.767555,0 -85.25977,32.769382,0 -85.259148,32.770052,0 -85.256157,32.773213,0 -85.254282,32.775213,0 -85.253024,32.776544,0 -85.251294,32.778385,0 -85.250354,32.779397,0 -85.24027700000001,32.790917,0 -85.239842,32.791418,0 -85.239695,32.791576,0 -85.2384723,32.7929683,0 -85.2375249,32.7940543,0 -85.235843,32.79598,0 -85.235091,32.79683,0 -85.23434399999999,32.797689,0 -85.234049,32.798034,0 -85.233293,32.798889,0 -85.232699,32.799574,0 -85.231044,32.801457,0 -85.229606,32.803103,0 -85.226697,32.806429,0 -85.225646,32.807626,0 -85.224901,32.808483,0 -85.221448,32.812427,0 -85.218737,32.815514,0 -85.21633300000001,32.818261,0 -85.21615300000001,32.81843,0 -85.215711,32.818931,0 -85.215569,32.819086,0 -85.215073,32.819657,0 -85.21431699999999,32.820514,0 -85.213705,32.821219,0 -85.213571,32.821373,0 -85.213429,32.821551,0 -85.212564,32.822555,0 -85.21230199999999,32.82286,0 -85.21215599999999,32.823037,0 -85.21105900000001,32.824292,0 -85.210928,32.824433,0 -85.21075999999999,32.82463,0 -85.210632,32.824818,0 -85.21038900000001,32.825111,0 -85.20934,32.8263,0 -85.20925699999999,32.82638,0 -85.20890799999999,32.826743,0 -85.208303,32.827424,0 -85.20741,32.828451,0 -85.20693,32.828985,0 -85.20573,32.830357,0 -85.204369,32.831891,0 -85.20406199999999,32.832227,0 -85.203435,32.832893,0 -85.203275,32.833058,0 -85.202617,32.833709,0 -85.201942,32.834344,0 -85.201596,32.834656,0 -85.201244,32.834961,0 -85.200886,32.835265,0 -85.200267,32.835766,0 -85.20015600000001,32.835856,0 -85.199415,32.836433,0 -85.19903499999999,32.836714,0 -85.198269,32.837266,0 -85.19748300000001,32.837798,0 -85.19631200000001,32.838603,0 -85.195542,32.839151,0 -85.19497200000001,32.839571,0 -85.194407,32.839996,0 -85.19384700000001,32.840429,0 -85.192936,32.841164,0 -85.192395,32.841613,0 -85.191692,32.842222,0 -85.1906288,32.8431144,0 -85.1900023,32.8437003,0 -85.1895301,32.8441299,0 -85.189283,32.844395,0 -85.18887599999999,32.844761,0 -85.186581,32.846837,0 -85.186232,32.847146,0 -85.18584,32.847501,0 -85.184719,32.848506,0 -85.184507,32.848698,0 -85.18347799999999,32.849637,0 -85.18226319999999,32.8507558,0 -85.181521,32.851498,0 -85.18021400000001,32.852798,0 -85.1789972,32.8539721,0 -85.17833880000001,32.8546364,0 
				
					-85.17833880000001,32.8546364,0 -85.17672760000001,32.856262,0 -85.17578930000001,32.8571714,0 -85.17569,32.85727,0 -85.173812,32.85915,0 -85.17312699999999,32.859854,0 -85.172759,32.860216,0 -85.17229,32.860691,0 -85.17125,32.861725,0 -85.171046,32.861932,0 -85.170096,32.862786,0 -85.169186,32.863602,0 -85.168389,32.864263,0 -85.168136,32.864479,0 -85.166099,32.866284,0 -85.165291,32.866891,0 -85.165273,32.866906,0 -85.16486399999999,32.867247,0 -85.16410999999999,32.867886,0 -85.1610294,32.8704866,0 -85.1601533,32.8712094,0 -85.1593625,32.8718188,0 -85.1578171,32.8729709,0 -85.15625609999999,32.8741452,0 -85.15552959999999,32.8746854,0 -85.15469419999999,32.8752721,0 -85.15407930000001,32.8757247,0 -85.1536268,32.87609,0 -85.1516013,32.8775876,0 -85.1511083,32.8779523,0 -85.1502119,32.8786178,0 -85.1488724,32.879609,0 -85.1482018,32.8801098,0 -85.147717,32.8804902,0 -85.1473153,32.8808186,0 -85.14702509999999,32.8810668,0 -85.14667110000001,32.8813842,0 -85.1463881,32.8816642,0 -85.14609609999999,32.881951,0 -85.1457245,32.8823448,0 -85.14362939999999,32.8845812,0 -85.1409115,32.8874624,0 -85.1378054,32.8907691,0 -85.1351323,32.8936014,0 -85.1336355,32.8952096,0 -85.133156,32.8957474,0 -85.132588,32.8964101,0 -85.1313741,32.8978319,0 -85.130523,32.8988333,0 -85.12919410000001,32.9004587,0 -85.1276635,32.9022192,0 -85.12619479999999,32.9039693,0 -85.124965,32.9054579,0 -85.1230115,32.9077635,0 -85.1215988,32.9094178,0 -85.1204473,32.9108038,0 -85.1200932,32.9112298,0 -85.11849309999999,32.9131286,0 -85.1172638,32.9145874,0 -85.116506,32.9154866,0 -85.1157997,32.9163248,0 -85.11545049999999,32.916747,0 -85.1151234,32.9171248,0 -85.11445019999999,32.9179174,0 -85.1140791,32.9184051,0 -85.1138364,32.9187355,0 -85.1136035,32.9190709,0 -85.11340920000001,32.9193837,0 -85.1132198,32.9196986,0 -85.1130352,32.9200155,0 -85.1128554,32.9203344,0 -85.1126848,32.9206473,0 -85.1125188,32.920962,0 -85.1123638,32.9212459,0 -85.11191549999999,32.9221818,0 -85.1115741,32.9228302,0 -85.11111889999999,32.923697,0 -85.10984209999999,32.926097,0 -85.1089999,32.9277044,0 -85.1070285,32.9314281,0 -85.1064599,32.9324951,0 -85.1060683,32.933247,0 -85.105636,32.9340496,0 -85.10524479999999,32.9347981,0 -85.1049742,32.9353328,0 -85.1042551,32.9366913,0 -85.1037401,32.9376503,0 -85.1034987,32.9380667,0 -85.1026104,32.9397422,0 -85.10180750000001,32.9412618,0 -85.1011017,32.9426029,0 -85.10034090000001,32.9440637,0 -85.0998555,32.9449576,0 -85.0994991,32.9456039,0 -85.0993168,32.9459219,0 -85.0991365,32.9462193,0 -85.0989481,32.9465132,0 -85.0986961,32.9468707,0 -85.0984667,32.947175,0 -85.0982783,32.9474208,0 -85.0980366,32.9477061,0 -85.09778609999999,32.9479909,0 -85.0974981,32.9482999,0 -85.0971722,32.948624,0 -85.0968156,32.9489762,0 -85.096577,32.9492061,0 -85.0962912,32.9494657,0 -85.0959294,32.9497759,0 -85.0954375,32.9501772,0 -85.0944401,32.9509909,0 -85.0941862,32.9511954,0 -85.0937622,32.9515495,0 -85.0928814,32.9522886,0 -85.09143160000001,32.9534927,0 -85.0904468,32.9543617,0 -85.0895439,32.955107,0 -85.0883264,32.9561121,0 -85.086904,32.9573207,0 -85.08473770000001,32.9591273,0 -85.0842035,32.9595659,0 -85.0833267,32.9603219,0 -85.0830127,32.9605937,0 -85.081521,32.961756,0 -85.07868000000001,32.964162,0 -85.078232,32.964565,0 -85.0751872,32.9670919,0 -85.0748217,32.9673953,0 -85.074681,32.967512,0 -85.07291499999999,32.968978,0 -85.07201000000001,32.969699,0 -85.07123,32.970286,0 -85.07111500000001,32.970357,0 -85.070196,32.970925,0 -85.069553,32.971266,0 -85.068569,32.971739,0 -85.066067,32.972785,0 -85.05951399999999,32.975468,0 -85.056256,32.976816,0 -85.055453,32.977136,0 -85.054322,32.977528,0 -85.052719,32.978052,0 -85.051834,32.97833,0 -85.05116599999999,32.978496,0 -85.048162,32.979322,0 -85.045233,32.980155,0 -85.04367999999999,32.980556,0 -85.042323,32.980989,0 -85.04100200000001,32.981489,0 -85.039727,32.982005,0 -85.039151,32.982267,0 -85.037404,32.983385,0 -85.03505699999999,32.984988,0 -85.033945,32.985715,0 -85.033635,32.985948,0 -85.03331799999999,32.986168,0 -85.03191,32.987141,0 -85.02824099999999,32.989665,0 -85.026976,32.99054,0 -85.02612499999999,32.991141,0 -85.025036,32.991853,0 -85.021486,32.994324,0 -85.020663,32.994881,0 -85.019532,32.995596,0 -85.01865599999999,32.996138,0 -85.018355,32.996324,0 -85.017807,32.996646,0 -85.01747400000001,32.996842,0 -85.017151,32.997028,0 -85.016858,32.997196,0 -85.01670300000001,32.997284,0 -85.014714,32.998524,0 -85.0126472,32.9997908,0 -85.0120086,33.0001917,0 -85.010943,33.000782,0 -85.009992,33.001371,0 -85.00886800000001,33.00206,0 -85.00855799999999,33.002259,0 -85.00814699999999,33.002522,0 -85.007419,33.003,0 -85.00700999999999,33.003276,0 -85.006247,33.003847,0 -85.00588999999999,33.004106,0 -85.005599,33.004342,0 -85.00525,33.004635,0 -85.005196,33.00468,0 -85.00476399999999,33.005026,0 -85.00390899999999,33.005737,0 -85.003686,33.005899,0 -85.002843,33.006614,0 -85.00202299999999,33.007255,0 -85.00170300000001,33.007491,0 -85.00073,33.008249,0 -85.00033500000001,33.008564,0 -84.99967100000001,33.009127,0 -84.998571,33.009988,0 -84.998057,33.010406,0 -84.997737,33.010658,0 -84.997252,33.01104,0 -84.996831,33.011353,0 -84.99680499999999,33.011373,0 -84.996206,33.011803,0 -84.99587099999999,33.012033,0 -84.995536,33.012256,0 -84.995232,33.012448,0 -84.99491999999999,33.012628,0 -84.99461599999999,33.012808,0 -84.994208,33.013043,0 -84.993752,33.013316,0 -84.992846,33.013844,0 -84.99234199999999,33.01412,0 -84.991867,33.014395,0 -84.991497,33.014594,0 -84.99126200000001,33.014742,0 -84.991159,33.014806,0 -84.990891,33.014982,0 -84.99058599999999,33.015199,0 -84.990043,33.015597,0 -84.989475,33.016075,0 -84.989221,33.016312,0 -84.988952,33.016573,0 -84.98867799999999,33.016855,0 -84.988377,33.01719,0 -84.988,33.017677,0 -84.987753,33.018022,0 -84.98746300000001,33.018427,0 -84.987132,33.018884,0 -84.98697199999999,33.019104,0 -84.9861526,33.0202353,0 -84.98580990000001,33.0207004,0 -84.985112,33.02167,0 -84.98339900000001,33.024017,0 -84.98075900000001,33.027634,0 -84.97657820000001,33.0330414,0 -84.97626440000001,33.0334471,0 -84.97545100000001,33.03454,0 -84.975121,33.034968,0 -84.974053,33.036332,0 -84.973381,33.037087,0 -84.9705409,33.0408813,0 -84.9698808,33.0416959,0 -84.96931379999999,33.0423419,0 -84.9688285,33.042895,0 -84.96835799999999,33.043431,0 -84.96760500000001,33.044179,0 -84.96702399999999,33.044734,0 -84.966409,33.045287,0 -84.965895,33.045786,0 -84.965332,33.04627,0 -84.964837,33.046684,0 -84.963967,33.047431,0 -84.962565,33.0486,0 -84.962261,33.048855,0 -84.960793,33.050113,0 -84.96038299999999,33.050458,0 -84.9597926,33.0509343,0 -84.959642,33.051052,0 -84.95768099999999,33.052759,0 -84.95661200000001,33.053624,0 -84.95613400000001,33.053992,0 -84.955833,33.054222,0 -84.95488400000001,33.054934,0 -84.954239,33.055346,0 -84.953712,33.055704,0 -84.95332000000001,33.055979,0 -84.95226700000001,33.056666,0 -84.951655,33.057079,0 -84.950332,33.057957,0 -84.949719,33.058365,0 -84.94523,33.061383,0 -84.938485,33.065767,0 -84.93811599999999,33.066018,0 -84.936564,33.067031,0 -84.931718,33.070332,0 -84.930137,33.07135,0 -84.928814,33.072223,0 -84.928285,33.072573,0 -84.927808,33.072916,0 -84.927196,33.073316,0 -84.926787,33.073633,0 -84.926327,33.073963,0 -84.925731,33.074433,0 -84.925234,33.074916,0 -84.92504599999999,33.075097,0 -84.92468599999999,33.075429,0 -84.9227743,33.0775346,0 -84.9203411,33.0803063,0 -84.918119,33.082816,0 -84.917987,33.082948,0 -84.917759,33.083177,0 -84.91741500000001,33.083565,0 -84.915643,33.085593,0 -84.9142537,33.0871387,0 -84.912549,33.089036,0 -84.912325,33.0893,0 -84.912153,33.089494,0 -84.911945,33.089815,0 -84.91172,33.090107,0 -84.911461,33.090469,0 -84.91121699999999,33.090859,0 -84.91100900000001,33.09118,0 -84.91078,33.091623,0 -84.910763,33.091655,0 -84.909235,33.094673,0 -84.9081963,33.0968491,0 -84.90786369999999,33.0976542,0 -84.90770500000001,33.098096,0 -84.90737300000001,33.099044,0 -84.907258,33.099414,0 -84.906952,33.100741,0 -84.906717,33.101988,0 -84.906446,33.1036,0 -84.906195,33.104946,0 -84.906155,33.105325,0 -84.906049,33.105894,0 -84.90598,33.106205,0 -84.90589199999999,33.106465,0 -84.905582,33.107644,0 -84.90542000000001,33.108022,0 -84.905171,33.108694,0 -84.904781,33.109533,0 -84.90448499999999,33.110036,0 -84.903161,33.112211,0 -84.901977,33.114094,0 -84.90039299999999,33.116631,0 -84.89980199999999,33.117551,0 -84.89976799999999,33.117608,0 -84.898616,33.119546,0 -84.89773,33.120883,0 -84.896478,33.122964,0 -84.894975,33.125459,0 -84.89469699999999,33.125905,0 -84.893384,33.12807,0 -84.89235499999999,33.129683,0 -84.891064,33.131487,0 -84.8905513,33.1322103,0 -84.8897642,33.1331848,0 -84.88924230000001,33.1338135,0 -84.888096,33.135178,0 -84.88783599999999,33.135475,0 -84.88764399999999,33.135723,0 -84.88700799999999,33.136505,0 -84.88543,33.138351,0 -84.8843768,33.1397098,0 -84.88365810000001,33.1405978,0 -84.8832584,33.1410621,0 -84.881916,33.142664,0 -84.8797,33.145234,0 -84.87942,33.145559,0 -84.87875099999999,33.146406,0 -84.878497,33.146758,0 -84.87742299999999,33.14801,0 -84.876713,33.148862,0 -84.876485,33.149161,0 -84.874706,33.151373,0 -84.873959,33.152233,0 -84.8727633,33.1537161,0 -84.8713657,33.155434,0 -84.8704362,33.1565276,0 -84.8702339,33.1567692,0 -84.87003780000001,33.1570144,0 -84.869848,33.157263,0 -84.8696343,33.157558,0 -84.8694295,33.1578573,0 -84.8692337,33.1581609,0 -84.8690472,33.1584685,0 -84.86886990000001,33.1587799,0 -84.868702,33.159095,0 -84.8685576,33.1593674,0 -84.8684196,33.1596421,0 -84.86828800000001,33.159919,0 -84.8681579,33.1602094,0 -84.8680348,33.160502,0 -84.8679188,33.1607965,0 -84.86781000000001,33.161093,0 -84.867615,33.16165,0 -84.867135,33.163552,0 -84.8667042,33.1654129,0 -84.86631420000001,33.1669819,0 -84.86586200000001,33.168785,0 -84.865477,33.169953,0 -84.86515300000001,33.170748,0 -84.864859,33.171401,0 -84.864677,33.171792,0 -84.864553,33.17203,0 -84.864448,33.17219,0 -84.86436,33.172326,0 -84.864073,33.172725,0 -84.863637,33.173358,0 -84.862741,33.174685,0 -84.862544,33.175006,0 -84.861414,33.176485,0 -84.860663,33.177492,0 -84.859765,33.178797,0 -84.85805000000001,33.181164,0 -84.855723,33.184378,0 -84.85489200000001,33.185491,0 -84.85392299999999,33.186742,0 -84.85347299999999,33.187312,0 -84.85262899999999,33.188242,0 -84.851428,33.18939,0 -84.850433,33.190331,0 -84.8499382,33.1908348,0 -84.84911,33.191502,0 -84.84819299999999,33.192296,0 -84.84448399999999,33.195289,0 -84.844072,33.19569,0 -84.843267,33.196396,0 -84.84236,33.197127,0 -84.841008,33.198301,0 -84.839913,33.199184,0 -84.838337,33.200578,0 -84.836917,33.20178,0 -84.835836,33.202641,0 -84.83537800000001,33.203007,0 -84.834248,33.20396,0 -84.832656,33.205312,0 -84.829748,33.207728,0 -84.828345,33.208872,0 -84.826272,33.210697,0 -84.824561,33.21209,0 -84.823088,33.213346,0 -84.8225395,33.2138027,0 -84.82147999999999,33.214685,0 -84.821325,33.214823,0 -84.820933,33.215109,0 -84.819973,33.215955,0 -84.819425,33.216424,0 -84.8189228,33.2168492,0 -84.81783299999999,33.217748,0 -84.81737,33.218192,0 -84.815909,33.219645,0 -84.815375,33.2202,0 -84.81421899999999,33.221532,0 -84.813908,33.221907,0 -84.813563,33.22235,0 -84.81277609999999,33.2233933,0 -84.81186099999999,33.224798,0 -84.811559,33.225273,0 -84.811088,33.226106,0 -84.809984,33.228316,0 -84.809348,33.229601,0 -84.808296,33.232117,0 -84.80754899999999,33.233902,0 -84.8071334,33.2353292,0 -84.8069984,33.2360905,0 -84.80674999999999,33.237685,0 -84.806704,33.238839,0 -84.80654,33.241197,0 -84.80649320000001,33.241926,0 -84.80645920000001,33.2424556,0 -84.80644479999999,33.2427454,0 -84.80635700000001,33.24451,0 -84.80613099999999,33.246845,0 -84.806088,33.248576,0 -84.8060062,33.2493477,0 -84.805887,33.250554,0 -84.80582099999999,33.251199,0 -84.805674,33.253718,0 -84.80559,33.255811,0 -84.80558499999999,33.255937,0 -84.805488,33.257161,0 -84.80544399999999,33.257555,0 -84.805262,33.260799,0 -84.804934,33.265196,0 -84.804682,33.266551,0 -84.80424499999999,33.267939,0 -84.803866,33.269031,0 -84.802483,33.272599,0 -84.80237700000001,33.272872,0 -84.800956,33.276701,0 -84.79955200000001,33.280529,0 -84.799245,33.281383,0 -84.7988979,33.2824464,0 -84.7987524,33.2828463,0 -84.797236,33.286945,0 -84.796746,33.288168,0 -84.795813,33.290574,0 -84.795236,33.292143,0 -84.79476699999999,33.293445,0 -84.794732,33.29354,0 -84.79338,33.297232,0 -84.79187400000001,33.301085,0 -84.790537,33.304873,0 -84.790363,33.305317,0 -84.787918,33.311548,0 -84.787443,33.312427,0 -84.78666699999999,33.313577,0 -84.78641399999999,33.313952,0 -84.786196,33.314192,0 -84.785282,33.315196,0 -84.78510199999999,33.315393,0 -84.78442800000001,33.31617,0 -84.78141100000001,33.319364,0 -84.7807584,33.3201236,0 -84.7802629,33.3206502,0 -84.7799169,33.3210386,0 -84.7794418,33.3215553,0 -84.778097,33.3230188,0 -84.7771656,33.3239779,0 -84.77493939999999,33.3263759,0 -84.77365279999999,33.3279657,0 -84.770629,33.332324,0 -84.766942,33.337726,0 -84.766532,33.338326,0 -84.76550899999999,33.339864,0 -84.764454,33.341394,0 -84.763442,33.342923,0 -84.76252700000001,33.344229,0 -84.762377,33.344443,0 -84.76154699999999,33.345849,0 -84.761099,33.346808,0 -84.760964,33.347209,0 -84.76070799999999,33.348066,0 -84.760588,33.348745,0 -84.7604358,33.3514098,0 -84.7604218,33.3517981,0 -84.7603168,33.3536923,0 -84.7603005,33.3541558,0 -84.7602811,33.3545305,0 -84.7601457,33.3571384,0 -84.759991,33.360121,0 -84.759862,33.362392,0 -84.7597971,33.363537,0 -84.759716,33.364741,0 -84.75968829999999,33.3649625,0 -84.75966,33.365189,0 -84.759548,33.365744,0 -84.759351,33.366726,0 -84.759303,33.366965,0 -84.75928500000001,33.367063,0 -84.759162,33.367742,0 -84.758921,33.369292,0 -84.758304,33.372374,0 -84.75800099999999,33.373891,0 -84.75775400000001,33.375203,0 -84.757625,33.376025,0 -84.757616,33.376071,0 -84.75733200000001,33.377547,0 -84.75698300000001,33.379101,0 -84.756728,33.380637,0 -84.756398,33.382132,0 -84.756077,33.383663,0 -84.755833,33.385209,0 -84.755534,33.386744,0 -84.75513100000001,33.388073,0 -84.755078,33.388233,0 -84.75495100000001,33.388617,0 -84.75466400000001,33.389349,0 -84.754301,33.390116,0 -84.75398300000001,33.390698,0 -84.75345710000001,33.3915568,0 -84.75313300000001,33.392086,0 -84.752444,33.392961,0 -84.751891,33.39352,0 -84.750838,33.39464,0 -84.7491632,33.3963923,0 -84.7484644,33.3970738,0 -84.745538,33.400013,0 -84.74490900000001,33.400652,0 -84.744517,33.401051,0 -84.74415999999999,33.401414,0 -84.742323,33.403298,0 -84.73947800000001,33.4061466,0 -84.73868,33.406981,0 -84.73700100000001,33.408924,0 -84.73476700000001,33.412018,0 -84.734053,33.413006,0 -84.73261599999999,33.415064,0 -84.729668,33.419114,0 -84.727203,33.422547,0 -84.726709,33.423235,0 -84.724655,33.425834,0 -84.723772,33.426651,0 -84.723208,33.427173,0 -84.721892,33.428182,0 -84.72128600000001,33.428551,0 -84.718439,33.430281,0 -84.71513,33.432249,0 -84.713172,33.433326,0 -84.7130732,33.4333859,0 -84.711969,33.434055,0 -84.71176800000001,33.434177,0 -84.71127300000001,33.434511,0 -84.70989400000001,33.435357,0 -84.70847000000001,33.4361738,0 -84.706997,33.436908,0 -84.70555,33.437646,0 -84.70408399999999,33.438288,0 -84.703627,33.438509,0 -84.70269399999999,33.43896,0 -84.70124300000001,33.439655,0 -84.699879,33.44027,0 -84.699777,33.440316,0 -84.6978108,33.441274,0 -84.69670600000001,33.441808,0 -84.693915,33.443153,0 -84.693686,33.443278,0 -84.69311500000001,33.443514,0 -84.69239399999999,33.443835,0 -84.691917,33.444069,0 -84.69177000000001,33.444153,0 -84.691552,33.444279,0 -84.69114,33.444522,0 -84.690529,33.444916,0 -84.68992799999999,33.445317,0 -84.68953,33.44558,0 -84.689127,33.445884,0 -84.688503,33.446393,0 -84.688029,33.446804,0 -84.68745800000001,33.447246,0 -84.686742,33.447802,0 -84.685869,33.448523,0 -84.68494699999999,33.449227,0 -84.6845,33.449599,0 -84.68327600000001,33.450629,0 -84.682812,33.451027,0 -84.68173400000001,33.451881,0 -84.680408,33.452931,0 -84.679857,33.453412,0 -84.67939200000001,33.453843,0 -84.67858200000001,33.454627,0 -84.67805,33.455216,0 -84.677571,33.455765,0 -84.676374,33.457482,0 -84.675847,33.458244,0 -84.674496,33.460265,0 -84.674306,33.460566,0 -84.673958,33.461095,0 -84.67372899999999,33.461427,0 -84.67231700000001,33.463478,0 -84.672006,33.463918,0 -84.671603,33.464531,0 -84.671093,33.465263,0 -84.670571,33.465961,0 -84.669383,33.467407,0 -84.66913,33.467701,0 -84.66808399999999,33.468823,0 -84.66786999999999,33.469065,0 -84.667435,33.469575,0 -84.666805,33.470276,0 -84.666426,33.470716,0 -84.66556,33.471688,0 -84.66521400000001,33.472057,0 -84.664277,33.473111,0 -84.663552,33.473892,0 -84.663026,33.474497,0 -84.662092,33.47553,0 -84.661733,33.475914,0 -84.66112800000001,33.476599,0 -84.660471,33.477327,0 -84.65886399999999,33.47909,0 -84.658271,33.479731,0 -84.65743399999999,33.48069,0 -84.657044,33.481111,0 -84.655867,33.482359,0 -84.654749,33.483626,0 -84.654303,33.484119,0 -84.65355,33.484907,0 -84.65320199999999,33.485293,0 -84.652342,33.486291,0 -84.652323,33.486311,0 -84.65213,33.486523,0 -84.65103999999999,33.487651,0 -84.650021,33.48879,0 -84.64985,33.488971,0 -84.649389,33.489444,0 -84.648549,33.490285,0 -84.648161,33.49065,0 -84.647785,33.490992,0 -84.647313,33.491399,0 -84.646906,33.491762,0 -84.645706,33.492859,0 -84.64509700000001,33.49344,0 -84.64491099999999,33.493616,0 -84.644351,33.494141,0 -84.64351499999999,33.494872,0 -84.641828,33.496451,0 -84.641603,33.496696,0 -84.64100500000001,33.497258,0 -84.640753,33.497509,0 -84.640291,33.498011,0 -84.63992,33.498455,0 -84.639493,33.499012,0 -84.63918200000001,33.499447,0 -84.638932,33.499837,0 -84.638735,33.500163,0 -84.63778499999999,33.501682,0 -84.63709799999999,33.502751,0 -84.63621000000001,33.504074,0 -84.635971,33.504511,0 -84.635321,33.505535,0 -84.635187,33.50576,0 -84.634365,33.507135,0 -84.633366,33.508762,0 -84.63235,33.510351,0 -84.631625,33.5114329,0 -84.6306208,33.5128785,0 -84.6293076,33.515011,0 -84.627696,33.517443,0 -84.627033,33.518122,0 -84.626413,33.518749,0 -84.625874,33.519226,0 -84.625371,33.519605,0 -84.624424,33.520277,0 -84.622811,33.521366,0 -84.621858,33.521977,0 -84.62042700000001,33.522934,0 -84.617722,33.524704,0 -84.616614,33.525385,0 -84.61438200000001,33.526659,0 -84.61203500000001,33.527728,0 -84.609533,33.528829,0 -84.60871400000001,33.52921,0 -84.60803,33.529503,0 -84.606723,33.530092,0 -84.60588,33.530506,0 -84.60487000000001,33.531036,0 -84.602413,33.532483,0 -84.599907,33.533987,0 -84.59744999999999,33.535432,0 -84.59146800000001,33.53897,0 -84.58964400000001,33.539991,0 -84.587611,33.541178,0 -84.585516,33.542313,0 -84.58188699999999,33.543996,0 -84.581018,33.544364,0 -84.577648,33.545845,0 -84.57706899999999,33.54608,0 -84.576763,33.546196,0 -84.574298,33.547305,0 -84.57321399999999,33.547724,0 -84.5703766,33.5489731,0 -84.56862099999999,33.549746,0 -84.567038,33.550489,0 -84.564753,33.551445,0 -84.562489,33.552413,0 -84.560202,33.553404,0 -84.55468500000001,33.555818,0 -84.55368199999999,33.556228,0 -84.552909,33.556518,0 -84.551164,33.557282,0 -84.549346,33.558055,0 -84.545716,33.559632,0 -84.544009,33.560393,0 -84.542356,33.561117,0 -84.539969,33.562189,0 -84.53930099999999,33.562514,0 -84.53883500000001,33.562764,0 -84.538382,33.563026,0 -84.538051,33.563181,0 -84.537526,33.563546,0 -84.53682499999999,33.564056,0 -84.5363632,33.564413,0 -84.535326,33.565232,0 -84.53473099999999,33.565834,0 -84.53411699999999,33.566499,0 -84.53091139999999,33.5698447,0 -84.530537,33.570229,0 -84.529263,33.571535,0 -84.52759500000001,33.573035,0 -84.525852,33.574481,0 -84.524129,33.57589,0 -84.52063699999999,33.578721,0 -84.516959,33.5817325,0 -84.513312,33.584743,0 -84.509274,33.587394,0 -84.508054,33.588146,0 -84.505152,33.589884,0 -84.503011,33.59114,0 -84.498795,33.59365,0 -84.4971508,33.5947986,0 -84.49666499999999,33.595138,0 -84.49619250000001,33.5954804,0 -84.494528,33.596763,0 -84.49248969999999,33.5984069,0 -84.49153699999999,33.599163,0 -84.4875491,33.6024085,0 -84.4872702,33.6026452,0 -84.48699860000001,33.6028964,0 -84.48681929999999,33.6030862,0 -84.4866506,33.6032878,0 -84.486496,33.6035001,0 -84.4862906,33.6038215,0 -84.4860997,33.6041719,0 -84.48596910000001,33.6044441,0 -84.48586160000001,33.604705,0 -84.4857781,33.6049505,0 -84.4856984,33.6052563,0 -84.4856541,33.605459,0 -84.4856236,33.6056414,0 -84.485596,33.6058563,0 -84.48558300000001,33.606059,0 -84.48558970000001,33.606275,0 -84.4856023,33.6064891,0 -84.4856257,33.6067592,0 -84.4856564,33.6070243,0 -84.485709,33.607424,0 -84.4858984,33.6086987,0 -84.4860055,33.609389,0 -84.4862519,33.6108729,0 -84.486318,33.611339,0 -84.4863841,33.6118214,0 -84.48640880000001,33.6120428,0 -84.4864269,33.6122561,0 -84.4864444,33.612459,0 -84.48645860000001,33.6126809,0 -84.4864735,33.6129389,0 -84.4864819,33.6131833,0 -84.48647889999999,33.6134998,0 -84.4864712,33.6138417,0 -84.4864618,33.6140517,0 -84.48644090000001,33.6143613,0 -84.4864072,33.6146655,0 -84.486361,33.6149714,0 -84.48630199999999,33.6152454,0 -84.48625869999999,33.6154097,0 -84.48621129999999,33.6155781,0 -84.48616,33.6157126,0 -84.48596980000001,33.6161816,0 -84.4858077,33.6165097,0 -84.4856565,33.6167698,0 -84.4854665,33.617068,0 -84.485263,33.6173607,0 -84.4850368,33.6176338,0 -84.4847919,33.6178862,0 -84.4845658,33.6181035,0 -84.48439310000001,33.6182587,0 -84.4839951,33.6185858,0 -84.48369049999999,33.6187976,0 -84.4833118,33.6190344,0 -84.48289699999999,33.619268,0 -84.4824852,33.6194613,0 -84.482268,33.6195506,0 -84.48205900000001,33.6196328,0 -84.48181580000001,33.6197208,0 -84.48166569999999,33.6197676,0 -84.4814732,33.6198257,0 -84.4811206,33.6199216,0 -84.4808498,33.6199864,0 -84.4805132,33.6200479,0 -84.48016130000001,33.6201029,0 -84.4797494,33.6201626,0 -84.4791723,33.6202419,0 -84.478826,33.6202849,0 -84.4779904,33.6203636,0 -84.47746239999999,33.6203997,0 -84.477137,33.6204203,0 -84.47669550000001,33.6204379,0 -84.4759956,33.6204563,0 -84.4754739,33.6204586,0 -84.474777,33.6204547,0 -84.47386,33.620451,0 -84.4733746,33.6204399,0 -84.4721744,33.6204345,0 -84.4709581,33.6204179,0 -84.469902,33.620365,0 -84.469567,33.620343,0 -84.46837600000001,33.620245,0 -84.46799799999999,33.620191,0 -84.467341,33.62012,0 -84.466517,33.620025,0 -84.46615799999999,33.619982,0 -84.465711,33.619936,0 -84.4652641,33.6198916,0 -84.4648354,33.619858,0 -84.4644098,33.6198332,0 -84.46406450000001,33.6198277,0 -84.4637333,33.6198339,0 -84.46346579999999,33.6198488,0 -84.46315800000001,33.619878,0 -84.4627486,33.6199489,0 -84.4623809,33.6200386,0 -84.4620413,33.62014,0 -84.46168059999999,33.6202629,0 -84.461409,33.620378,0 -84.460948,33.620613,0 -84.46067480000001,33.620779,0 -84.4603656,33.6209995,0 -84.4600762,33.621235,0 -84.45983099999999,33.6214585,0 -84.459602,33.6216895,0 -84.4594129,33.621911,0 -84.45926300000001,33.622108,0 -84.45908729999999,33.622337,0 -84.4589194,33.6225701,0 -84.4576617,33.6243445,0 -84.4572361,33.6250006,0 -84.457027,33.6253097,0 -84.45690860000001,33.6254927,0 -84.45683270000001,33.6256099,0 -84.45658709999999,33.6260315,0 -84.4564168,33.6263551,0 -84.456237,33.626758,0 -84.45607029999999,33.627197,0 -84.455938,33.627636,0 -84.4558753,33.6279028,0 -84.45583999999999,33.628149,0 -84.4558103,33.6284232,0 -84.45578930000001,33.6286461,0 -84.455777,33.6288375,0 -84.4557741,33.629021,0 -84.4557815,33.6292158,0 -84.4557935,33.6294184,0 -84.4558297,33.6297635,0 -84.4558734,33.6300603,0 -84.4559431,33.6304267,0 -84.4560309,33.6308055,0 -84.456211,33.6315195,0 -84.4563421,33.6320361,0 -84.4564306,33.6323866,0 -84.45671129999999,33.6335023,0 -84.4568261,33.6339672,0 -84.4569078,33.6343655,0 -84.4569748,33.6348336,0 -84.45700309999999,33.6351839,0 -84.4570001,33.6355746,0 -84.45696959999999,33.6359792,0 -84.4569243,33.636304,0 -84.45687150000001,33.6365529,0 -84.4568098,33.6367968,0 -84.4567351,33.6370432,0 -84.4566287,33.6373361,0 -84.4565023,33.637638,0 -84.4563684,33.6378977,0 -84.456238,33.638125,0 -84.4559517,33.6385625,0 -84.4557935,33.6387783,0 -84.45561410000001,33.6389882,0 -84.4550958,33.6395573,0 -84.4546874,33.6399771,0 -84.4544994,33.6401709,0 -84.45376950000001,33.640943,0 -84.453029,33.641715,0 -84.4500936,33.6447212,0 -84.449691,33.6451324,0 -84.44839399999999,33.646474,0 -84.44805289999999,33.646809,0 -84.4478642,33.6469926,0 -84.447756,33.647099,0 -84.447655,33.6471952,0 -84.4475436,33.6472945,0 -84.44708900000001,33.647663,0 -84.44661120000001,33.6480173,0 -84.4463023,33.6482319,0 -84.4458478,33.6485252,0 -84.4456295,33.6486522,0 -84.4452939,33.6488371,0 -84.4448575,33.6490628,0 -84.4443283,33.6493242,0 -84.44383879999999,33.6495636,0 -84.44336199999999,33.649797,0 -84.44245479999999,33.6502454,0 -84.44187700000001,33.650545,0 -84.4413596,33.6508298,0 -84.44071599999999,33.651229,0 -84.4400325,33.651674,0 -84.43961729999999,33.6519654,0 -84.4393153,33.6521809,0 -84.4388738,33.652525,0 -84.4379935,33.6532591,0 -84.43758080000001,33.6536337,0 -84.4372697,33.6539077,0 -84.437014,33.65416,0 -84.43616900000001,33.6550179,0 -84.435812,33.6553613,0 -84.4349694,33.6561744,0 -84.4346151,33.6564824,0 -84.4343382,33.656726,0 -84.434234,33.6568303,0 -84.431369,33.659019,0 -84.43068169999999,33.659463,0 -84.429821,33.660019,0 -84.42957,33.660182,0 -84.428318,33.660926,0 -84.4281864,33.6609857,0 -84.4272125,33.6615158,0 -84.42629599999999,33.661998,0 -84.42570000000001,33.662261,0 -84.42492,33.662619,0 -84.424395,33.662848,0 -84.42373000000001,33.663098,0 -84.42265,33.663536,0 -84.421824,33.663872,0 -84.420436,33.664393,0 -84.420112,33.664521,0 -84.41983999999999,33.664628,0 -84.41935429999999,33.6648148,0 -84.4184822,33.6651866,0 -84.417962,33.665447,0 -84.41748200000001,33.6658,0 -84.417374,33.665903,0 -84.41672699999999,33.666475,0 -84.41637,33.666924,0 -84.41626100000001,33.66708,0 -84.4161445,33.6672239,0 -84.41602020000001,33.6674482,0 -84.4159038,33.6676646,0 -84.4158094,33.6678772,0 -84.4156905,33.6681594,0 -84.415612,33.668401,0 -84.4155607,33.668553,0 -84.4154771,33.6688003,0 -84.415341,33.6692274,0 -84.414439,33.672058,0 -84.4141169,33.6731139,0 -84.4135045,33.675083,0 -84.41236619999999,33.6786409,0 -84.41158489999999,33.6810538,0 -84.41154109999999,33.6811905,0 -84.41150500000001,33.681303,0 -84.4114709,33.6814075,0 -84.4114251,33.6815589,0 -84.4113392,33.6817867,0 -84.4112623,33.6819745,0 -84.411193,33.682122,0 -84.410993,33.6824418,0 -84.41088259999999,33.6825949,0 -84.4107601,33.682737,0 -84.41059559999999,33.6829096,0 -84.4104105,33.6830759,0 -84.40999600000001,33.6833656,0 -84.4097993,33.6834769,0 -84.40962,33.6835707,0 -84.409391,33.6836669,0 -84.40912040000001,33.6837644,0 -84.408838,33.683846,0 -84.40813489999999,33.6840463,0 -84.40766480000001,33.6841683,0 -84.4072055,33.6842916,0 -84.40542430000001,33.6847699,0 -84.4043027,33.6850626,0 -84.40380159999999,33.6851911,0 -84.4034274,33.6852889,0 -84.4030391,33.6853884,0 -84.40266149999999,33.685499,0 -84.40235319999999,33.6856024,0 -84.4021468,33.6856797,0 -84.40196450000001,33.6857616,0 -84.4017894,33.6858469,0 -84.401625,33.685939,0 -84.401233,33.686197,0 -84.401036,33.686357,0 -84.400863,33.686523,0 -84.40069200000001,33.686715,0 -84.400548,33.686909,0 -84.40042200000001,33.687113,0 -84.400316,33.687318,0 -84.400228,33.687529,0 -84.4001719,33.6877011,0 -84.4001162,33.687908,0 -84.4000841,33.6880859,0 -84.4000597,33.6883075,0 -84.4000545,33.6884573,0 -84.40006,33.6886284,0 -84.4000861,33.6888496,0 -84.4001264,33.6890776,0 -84.4001872,33.6892931,0 -84.4002436,33.6894526,0 -84.40035640000001,33.6896986,0 -84.4005497,33.6900289,0 -84.4008266,33.6904044,0 -84.40105800000001,33.690707,0 -84.4013288,33.6910133,0 -84.40158940000001,33.6913087,0 -84.4020052,33.6918441,0 -84.4024598,33.6923653,0 -84.4030109,33.6930385,0 -84.4034034,33.6935251,0 -84.4037034,33.6938942,0 -84.4040349,33.6943464,0 -84.40426549999999,33.694709,0 -84.4043889,33.6949378,0 -84.4045658,33.6952674,0 -84.40470120000001,33.6957968,0 -84.4047202,33.6960267,0 -84.4047238,33.6962696,0 -84.404721,33.6964361,0 -84.40470639999999,33.6966306,0 -84.4046757,33.6968847,0 -84.4045936,33.6973456,0 -84.4043442,33.6986266,0 -84.4042451,33.6990796,0 -84.40409769999999,33.6997193,0 -84.4039973,33.7002466,0 -84.4039604,33.7004657,0 -84.4039293,33.700697,0 -84.4038833,33.7011693,0 -84.4038592,33.7015754,0 -84.403831,33.702398,0 -84.4038225,33.7029541,0 -84.4038039,33.7034051,0 -84.403758,33.7039756,0 -84.403688,33.7044967,0 -84.4034793,33.705523,0 -84.4033867,33.7059201,0 -84.40322020000001,33.7065196,0 -84.4030259,33.7070822,0 -84.4029295,33.7073405,0 -84.4016577,33.7106722,0 -84.4015122,33.7110306,0 -84.40135100000001,33.7113955,0 -84.40103089999999,33.7119754,0 -84.40076929999999,33.7123685,0 -84.4005037,33.7127218,0 -84.40020199999999,33.7130877,0 -84.399625,33.713789,0 -84.39947100000001,33.7139854,0 -84.399331,33.714174,0 -84.39919570000001,33.7143679,0 -84.3990678,33.7145709,0 -84.3989863,33.7147166,0 -84.3989122,33.7148563,0 -84.3988172,33.7150455,0 -84.3987332,33.7152346,0 -84.3986202,33.7155134,0 -84.3985181,33.7158013,0 -84.39837009999999,33.7162369,0 -84.39821980000001,33.716653,0 -84.39804820000001,33.7170791,0 -84.397857,33.717495,0 -84.3975909,33.7179961,0 -84.39728940000001,33.7184912,0 -84.3967715,33.7192142,0 -84.39661630000001,33.7194257,0 -84.3963462,33.7197949,0 -84.395943,33.720329,0 -84.39484520000001,33.7217904,0 -84.3946557,33.7220476,0 -84.3944662,33.7223134,0 -84.3943505,33.7224941,0 -84.39424889999999,33.7226674,0 -84.3941691,33.7228197,0 -84.3940995,33.7229635,0 -84.39403,33.7231182,0 -84.3939606,33.7232842,0 -84.3938998,33.7234525,0 -84.393839,33.7236464,0 -84.3937633,33.7239359,0 -84.3937099,33.7242125,0 -84.39366560000001,33.7245244,0 -84.39363160000001,33.7248448,0 -84.39354590000001,33.7256512,0 -84.39344560000001,33.7267083,0 -84.3934002,33.727039,0 -84.3933597,33.7272908,0 -84.39329499999999,33.7276011,0 -84.39321889999999,33.7278761,0 -84.3931304,33.7281541,0 -84.3930301,33.7284517,0 -84.3929045,33.7287842,0 -84.392419,33.730103,0 -84.3922814,33.7304988,0 -84.3922189,33.7307033,0 -84.39216519999999,33.730915,0 -84.3921119,33.7311396,0 -84.39206729999999,33.7313714,0 -84.39203209999999,33.7315814,0 -84.3920012,33.7318059,0 -84.39195429999999,33.7327502,0 -84.391882,33.735303,0 -84.3918534,33.7365714,0 -84.3918414,33.7371075,0 -84.391839,33.7372362,0 -84.3918199,33.7376633,0 -84.3917975,33.7381799,0 -84.3917252,33.7391737,0 -84.39169680000001,33.7398687,0 -84.39157779999999,33.7413507,0 -84.39150720000001,33.7419583,0 -84.3913986,33.7425641,0 -84.39131980000001,33.7428589,0 -84.3912172,33.7431367,0 -84.3910932,33.7434265,0 -84.3909475,33.743704,0 -84.39076590000001,33.7439997,0 -84.3905536,33.7442931,0 -84.3903222,33.7445647,0 -84.390126,33.7447894,0 -84.38988089999999,33.7450031,0 -84.3896629,33.7451918,0 -84.38946780000001,33.7453435,0 -84.3886136,33.7459685,0 -84.3881039,33.7463489,0 -84.3874603,33.746826,0 -84.38681990000001,33.7472924,0 -84.38666120000001,33.747401,0 -84.3864952,33.7475103,0 -84.38630120000001,33.747625,0 -84.3861082,33.7477305,0 -84.3859095,33.7478271,0 -84.3856826,33.7479285,0 -84.3853871,33.7480489,0 -84.3850273,33.7481924,0 -84.3843395,33.7484602,0 -84.3839598,33.7486078,0 -84.3837676,33.7486866,0 -84.3835842,33.7487653,0 -84.3834114,33.7488564,0 -84.38316620000001,33.7489971,0 -84.3829424,33.7491378,0 -84.3826158,33.7493701,0 -84.38229149999999,33.7496162,0 -84.3819566,33.749891,0 -84.38148870000001,33.7502853,0 -84.3810446,33.7506739,0 -84.3804573,33.7511623,0 -84.3801856,33.7514013,0 -84.37992029999999,33.751643,0 -84.37971570000001,33.7518447,0 -84.3796037,33.7519678,0 -84.3794934,33.752089,0 -84.3793565,33.752255,0 -84.37922279999999,33.7524317,0 -84.3791313,33.7525658,0 -84.37904260000001,33.7527083,0 -84.3789397,33.7528795,0 -84.378838,33.7530649,0 -84.37875769999999,33.7532252,0 -84.3786669,33.7534377,0 -84.37858,33.7536638,0 -84.37850280000001,33.7538873,0 -84.3784491,33.7540569,0 -84.37840989999999,33.7541962,0 -84.3783742,33.7543668,0 -84.3783366,33.754585,0 -84.37828949999999,33.7549007,0 -84.3782688,33.7550825,0 -84.37825530000001,33.7552584,0 -84.3782497,33.7556552,0 -84.3782484,33.755678,0 -84.3782616,33.7560664,0 -84.37833209999999,33.7570056,0 -84.3783354,33.7570458,0 -84.37835149999999,33.7572517,0 -84.37838050000001,33.757535,0 -84.3784284,33.7578575,0 -84.3784679,33.7581164,0 -84.3785452,33.7584748,0 -84.3786525,33.7588125,0 -84.3788318,33.7592797,0 -84.37913450000001,33.7598976,0 -84.3792117,33.7600225,0 -84.379394,33.7602907,0 -84.379606,33.7605475,0 -84.3798209,33.7607748,0 -84.3802242,33.7611252,0 -84.381248,33.7618991,0 -84.38238010000001,33.7627779,0 -84.38294879999999,33.7632767,0 -84.3835455,33.7638313,0 -84.383831,33.7641284,0 -84.3844347,33.7647502,0 -84.38480149999999,33.7650802,0 -84.3851964,33.7653918,0 -84.3854374,33.7655556,0 -84.3859144,33.765842,0 -84.386269,33.7660262,0 -84.386415,33.766108,0 -84.38724310000001,33.7665625,0 -84.38778069999999,33.7668356,0 -84.3881804,33.7670842,0 -84.388564,33.7673494,0 -84.38872379999999,33.767484,0 -84.3888322,33.7675793,0 -84.3889878,33.7677443,0 -84.3892034,33.767982,0 -84.38942369999999,33.7682538,0 -84.3896211,33.7685402,0 -84.3897951,33.7688804,0 -84.3899286,33.7692327,0 -84.3900178,33.7695582,0 -84.39006860000001,33.7698913,0 -84.3900862,33.7702137,0 -84.3900902,33.7705359,0 -84.39008560000001,33.772616,0 -84.3900428,33.7730044,0 -84.390046,33.7737755,0 -84.3900848,33.7741735,0 -84.39018009999999,33.7745982,0 -84.3903016,33.7751868,0 -84.39039649999999,33.7756159,0 -84.3905134,33.7762305,0 -84.3905705,33.776597,0 -84.3906875,33.7772206,0 -84.3907578,33.7776025,0 -84.3907943,33.77788,0 -84.39082000000001,33.778136,0 -84.3908586,33.7787473,0 -84.3908698,33.7793613,0 -84.39088,33.7810854,0 -84.39084649999999,33.7842848,0 -84.3908294,33.7870302,0 -84.39081880000001,33.7886902,0 -84.3908429,33.7899772,0 -84.39084149999999,33.790182,0 -84.39090969999999,33.7907593,0 -84.3909417,33.7909936,0 -84.3909967,33.7913123,0 -84.3910557,33.7915242,0 -84.3911027,33.7916969,0 -84.3911684,33.7918663,0 -84.391204,33.7919582,0 -84.3913427,33.7922405,0 -84.39147920000001,33.7924601,0 -84.3915957,33.7926422,0 -84.39173599999999,33.7928469,0 -84.39249,33.7938179,0 -84.39267510000001,33.7940726,0 -84.39281939999999,33.7942921,0 -84.392923,33.79447,0 -84.3930265,33.7946601,0 -84.39311259999999,33.7948419,0 -84.3931881,33.7950261,0 -84.3932337,33.7951618,0 -84.39327179999999,33.7953044,0 -84.3933114,33.7955038,0 -84.3933445,33.7957115,0 -84.39337070000001,33.7959768,0 -84.39338100000001,33.7961483,0 -84.3933816,33.7963526,0 -84.393371,33.796558,0 -84.393345,33.796767,0 -84.3933078,33.7969826,0 -84.3932698,33.7971783,0 -84.39320480000001,33.7974081,0 -84.3931413,33.7975886,0 -84.393057,33.7977934,0 -84.39292810000001,33.7980327,0 -84.3928907,33.7980955,0 -84.3927652,33.7982861,0 -84.39249479999999,33.7986336,0 -84.39220950000001,33.7989437,0 -84.39195549999999,33.7991653,0 -84.39150669999999,33.7994885,0 -84.391158,33.799681,0 -84.390512,33.80001,0 -84.389774,33.800402,0 -84.38807300000001,33.801296,0 -84.3870273,33.801884,0 -84.38605099999999,33.802504,0 -84.3855008,33.8029022,0 -84.38458,33.8035804,0 -84.3839645,33.8040391,0 -84.383663,33.804259,0 -84.380973,33.8063341,0 -84.380351,33.8068139,0 -84.379148,33.8077244,0 -84.377928,33.808579,0 -84.377656,33.808741,0 -84.37730000000001,33.808949,0 -84.377073,33.809075,0 -84.3764946,33.8093777,0 -84.37620800000001,33.809521,0 -84.3757251,33.8097348,0 -84.3753081,33.8099155,0 -84.374364,33.810295,0 -84.3730214,33.8108015,0 -84.37228,33.811064,0 -84.371033,33.811492,0 -84.370366,33.81174,0 -84.369659,33.811992,0 -84.368634,33.812409,0 -84.3677979,33.8127824,0 -84.36709999999999,33.813137,0 -84.3668778,33.8132592,0 -84.3663391,33.8135693,0 -84.3660538,33.8137409,0 -84.3658408,33.8138703,0 -84.3655792,33.8140583,0 -84.3646578,33.8147925,0 -84.36449399999999,33.8149364,0 -84.36432379999999,33.8150948,0 -84.3636551,33.8157176,0 -84.3635033,33.8158621,0 -84.363135,33.81629,0 -84.36271979999999,33.8168213,0 -84.3623,33.8174004,0 -84.3618132,33.8181188,0 -84.361352,33.8188153,0 -84.360871,33.819566,0 -84.360682,33.819858,0 -84.3602638,33.8204446,0 -84.359881,33.8209782,0 -84.35980069999999,33.8210806,0 -84.35966860000001,33.821231,0 -84.3595507,33.8213734,0 -84.3594123,33.8215113,0 -84.359239,33.8216648,0 -84.35914030000001,33.8217433,0 -84.3589999,33.821857,0 -84.3588561,33.8219676,0 -84.3586957,33.8220801,0 -84.35856080000001,33.8221648,0 -84.358327,33.8223034,0 -84.35804640000001,33.8224477,0 -84.3576772,33.8226141,0 -84.35732729999999,33.8227384,0 -84.3571077,33.8228096,0 -84.3567802,33.8228967,0 -84.3564283,33.8229674,0 -84.35619370000001,33.823005,0 -84.3555793,33.8230933,0 -84.3540854,33.8232826,0 -84.3537285,33.8233336,0 -84.3533566,33.8233898,0 -84.3529872,33.8234605,0 -84.352586,33.823538,0 -84.35238990000001,33.823577,0 -84.35204450000001,33.8236642,0 -84.3518095,33.8237324,0 -84.351466,33.8238322,0 -84.3511855,33.8239202,0 -84.3507322,33.8240862,0 -84.3504238,33.8242077,0 -84.35012740000001,33.8243313,0 -84.3497009,33.8245252,0 -84.349485,33.8246266,0 -84.349231,33.824751,0 -84.3488024,33.8249675,0 -84.34819299999999,33.825264,0 -84.3478515,33.8254388,0 -84.34694399999999,33.825874,0 -84.34666199999999,33.826029,0 -84.345975,33.826407,0 -84.3455141,33.8267058,0 -84.34498189999999,33.8270823,0 -84.344297,33.82762,0 -84.3434993,33.8282446,0 -84.342876,33.828688,0 -84.34265689999999,33.8288118,0 -84.3423767,33.82897,0 -84.3417166,33.8292992,0 -84.34137800000001,33.8294496,0 -84.3410394,33.829593,0 -84.340699,33.82975,0 -84.337824,33.831013,0 -84.33720270000001,33.8312933,0 -84.3336867,33.8328482,0 -84.33234109999999,33.8334278,0 -84.3314888,33.8338001,0 -84.33065019999999,33.8341399,0 -84.3290915,33.8348436,0 -84.3275458,33.8355405,0 -84.3269987,33.8358101,0 -84.32584900000001,33.836424,0 -84.32480080000001,33.8369651,0 -84.32296599999999,33.837939,0 -84.321319,33.838763,0 -84.320624,33.8390735,0 -84.3203199,33.8391911,0 -84.3199942,33.8393058,0 -84.31939749999999,33.8394902,0 -84.31908900000001,33.8395697,0 -84.3187496,33.8396456,0 -84.3181317,33.8397582,0 -84.3168728,33.8399077,0 -84.315085,33.84012,0 -84.31365099999999,33.8402651,0 -84.312634,33.8403816,0 -84.31198120000001,33.8404554,0 -84.31162260000001,33.8404979,0 -84.31125900000001,33.8405567,0 -84.31092630000001,33.8406247,0 -84.3105269,33.8407347,0 -84.310107,33.8408694,0 -84.3096724,33.8410417,0 -84.30929740000001,33.8412092,0 -84.308706,33.8415,0 -84.3082795,33.8417704,0 -84.307771,33.842165,0 -84.307483,33.842447,0 -84.307193,33.84276,0 -84.30694099999999,33.843073,0 -84.30663800000001,33.84351,0 -84.30611500000001,33.844405,0 -84.3038833,33.8483747,0 -84.30346110000001,33.849016,0 -84.3032005,33.849357,0 -84.3029394,33.8496498,0 -84.30273010000001,33.8498756,0 -84.30226930000001,33.850297,0 -84.30193300000001,33.8505821,0 -84.30143700000001,33.8509827,0 -84.3011853,33.8511814,0 -84.30097000000001,33.8513514,0 -84.29991699999999,33.852216,0 -84.299273,33.85272,0 -84.2971053,33.8544841,0 -84.2962122,33.8552109,0 -84.2957718,33.8555856,0 -84.2952799,33.8560233,0 -84.29491350000001,33.8564008,0 -84.2944739,33.8569387,0 -84.294156,33.857398,0 -84.29362500000001,33.858344,0 -84.292923,33.859709,0 -84.292422,33.860627,0 -84.29222,33.860947,0 -84.2919199,33.8613655,0 -84.29176649999999,33.8615698,0 -84.2914881,33.8619046,0 -84.2912053,33.8622079,0 -84.2910342,33.8623811,0 -84.29085980000001,33.8625473,0 -84.2906811,33.8627107,0 -84.29050239999999,33.8628727,0 -84.2904082,33.8629605,0 -84.28979769999999,33.8635291,0 -84.28763530000001,33.8654256,0 -84.2855285,33.8672734,0 -84.28474300000001,33.867966,0 -84.284379,33.868268,0 -84.28404999999999,33.868529,0 -84.28360000000001,33.868871,0 -84.282995,33.869294,0 -84.28111699999999,33.870478,0 -84.279117,33.871772,0 -84.27851200000001,33.872196,0 -84.278081,33.872482,0 -84.27785780000001,33.8726616,0 -84.2776314,33.8728478,0 -84.277317,33.873141,0 -84.277039,33.87342,0 -84.276864,33.873596,0 -84.27637300000001,33.874148,0 -84.2751347,33.8757531,0 -84.2746425,33.8763751,0 -84.27393840000001,33.8772648,0 -84.27147530000001,33.8803569,0 -84.2710242,33.8808899,0 -84.2695841,33.8826706,0 -84.267689,33.8850766,0 -84.26672689999999,33.8862979,0 -84.26653949999999,33.8865445,0 -84.26636259999999,33.8867672,0 -84.2661715,33.8869887,0 -84.2659673,33.8872003,0 -84.26575200000001,33.887402,0 -84.26536900000001,33.887759,0 -84.264861,33.8881466,0 -84.26444979999999,33.8884206,0 -84.26402830000001,33.8886872,0 -84.26322829999999,33.8891819,0 -84.2627031,33.889511,0 -84.2617863,33.8900804,0 -84.2584885,33.892111,0 -84.25663110000001,33.8932698,0 -84.25603959999999,33.893635,0 -84.2538201,33.8950053,0 -84.25135849999999,33.8965328,0 -84.2485708,33.8982515,0 -84.24589469999999,33.8998958,0 -84.2453014,33.9002658,0 -84.24114230000001,33.9028239,0 -84.2389379,33.9042012,0 -84.23788140000001,33.9048242,0 -84.23756090000001,33.9050088,0 -84.2369472,33.9053436,0 -84.2360176,33.9058083,0 -84.2346067,33.9064867,0 -84.2339465,33.9067774,0 -84.2332802,33.9070601,0 -84.2323916,33.9074173,0 -84.2317749,33.90765,0 -84.23115079999999,33.9078744,0 -84.2303495,33.9081411,0 -84.2300008,33.9082562,0 -84.2288727,33.9085908,0 -84.22868819999999,33.9086455,0 -84.2273787,33.9089848,0 -84.2264354,33.9092105,0 -84.22541099999999,33.9094289,0 -84.2240106,33.9096833,0 -84.22297639999999,33.909838,0 -84.22096500000001,33.91012,0 -84.2152007,33.9109181,0 -84.21450489999999,33.9110135,0 -84.2121674,33.911325,0 -84.20909380000001,33.9117544,0 -84.2086704,33.9118184,0 -84.20826700000001,33.9118872,0 -84.20800560000001,33.9119373,0 -84.2077642,33.9119873,0 -84.20747160000001,33.9120564,0 -84.2071705,33.9121395,0 -84.2068891,33.9122303,0 -84.20661920000001,33.912321,0 -84.2062492,33.9124625,0 -84.2058306,33.912635,0 -84.20552259999999,33.912777,0 -84.2052343,33.912919,0 -84.2048054,33.9131613,0 -84.2043743,33.9134361,0 -84.2039353,33.9137232,0 -84.2024184,33.9147367,0 -84.20174299999999,33.915188,0 -84.199684,33.9165594,0 -84.1992262,33.9168674,0 -84.1990703,33.9169722,0 -84.1984523,33.9173803,0 -84.1978111,33.9177603,0 -84.19761029999999,33.9178732,0 -84.1971542,33.9181252,0 -84.196763,33.9183275,0 -84.1956053,33.9188975,0 -84.1944342,33.9194505,0 -84.1915825,33.9207991,0 -84.1903324,33.9214117,0 -84.189528,33.9217907,0 -84.1884213,33.9223122,0 -84.18603,33.923445,0 -84.185293,33.923798,0 -84.18491899999999,33.923978,0 -84.18389000000001,33.924472,0 -84.18293749999999,33.924917,0 -84.1809136,33.9258773,0 -84.17603800000001,33.928232,0 -84.1724806,33.9299028,0 -84.17149499999999,33.9303253,0 -84.17057029999999,33.9306994,0 -84.1662654,33.9323847,0 -84.1646753,33.9330167,0 -84.1638887,33.9333278,0 -84.1634653,33.9335079,0 -84.1630833,33.9336855,0 -84.162499,33.9339965,0 -84.16194900000001,33.934313,0 -84.1617609,33.9344298,0 -84.16129410000001,33.9347498,0 -84.1607935,33.93511,0 -84.159297,33.9362141,0 -84.1562529,33.938473,0 -84.1557279,33.9388518,0 -84.1550168,33.939371,0 -84.1542714,33.9399251,0 -84.1538704,33.9402165,0 -84.1533481,33.9405783,0 -84.1528074,33.9409256,0 -84.1524557,33.941137,0 -84.1520958,33.9413417,0 -84.1515868,33.9416203,0 -84.1510667,33.9418893,0 -84.147718,33.9435031,0 -84.1427214,33.9459173,0 -84.14138029999999,33.9465638,0 -84.1405954,33.9469523,0 -84.1397979,33.9473252,0 -84.1376011,33.9483901,0 -84.136354,33.948993,0 -84.13442480000001,33.9499129,0 -84.1303332,33.9519319,0 -84.1296158,33.9522854,0 -84.12801349999999,33.953035,0 -84.1258009,33.9540954,0 -84.12441870000001,33.9547611,0 -84.1225845,33.9556664,0 -84.1211974,33.956343,0 -84.1189546,33.9574255,0 -84.1178718,33.9579129,0 -84.11729510000001,33.9581573,0 -84.11580960000001,33.9587808,0 -84.1122446,33.9602197,0 -84.1084161,33.961771,0 -84.1079842,33.9619389,0 -84.10756929999999,33.9620887,0 -84.1071783,33.9622139,0 -84.1067403,33.9623327,0 -84.1062944,33.9624499,0 -84.10584470000001,33.9625554,0 -84.10474739999999,33.9627971,0 -84.1042597,33.9629002,0 -84.1033192,33.9631038,0 -84.1030866,33.9631598,0 -84.1028666,33.9632184,0 -84.1025626,33.9633071,0 -84.10212370000001,33.9634532,0 -84.10175169999999,33.9635904,0 -84.1014514,33.963717,0 -84.1011386,33.9638593,0 -84.10097039999999,33.9639404,0 -84.1007747,33.9640404,0 -84.1005287,33.9641773,0 -84.1002914,33.9643143,0 -84.09998059999999,33.9645141,0 -84.0996841,33.9647139,0 -84.0979354,33.966065,0 -84.0963467,33.9672829,0 -84.09568,33.9677961,0 -84.095185,33.968197,0 -84.0947594,33.9685555,0 -84.094353,33.9689247,0 -84.0940255,33.9692471,0 -84.09366199999999,33.9696163,0 -84.09331880000001,33.9699994,0 -84.0931077,33.970247,0 -84.0928443,33.9705616,0 -84.0924615,33.971065,0 -84.0920888,33.9715881,0 -84.0918703,33.9719265,0 -84.09151869999999,33.9724978,0 -84.0911893,33.9730875,0 -84.09074510000001,33.9739392,0 -84.09021730000001,33.9749995,0 -84.0897827,33.97591,0 -84.0894526,33.9766118,0 -84.08696999999999,33.981606,0 -84.08646400000001,33.982617,0 -84.0849556,33.9856012,0 -84.0844225,33.9866884,0 -84.08421730000001,33.9870737,0 -84.0840944,33.9873091,0 -84.08380750000001,33.9878746,0 -84.0834708,33.9885511,0 -84.0828831,33.9896989,0 -84.0825493,33.990278,0 -84.08244759999999,33.9904262,0 -84.082176,33.9908186,0 -84.0808159,33.9925771,0 -84.07825,33.9958227,0 -84.0778675,33.9963093,0 -84.077445,33.9968474,0 -84.07674489999999,33.9977324,0 -84.0758944,33.9988103,0 -84.0753474,33.9994975,0 -84.0748553,34.0001157,0 -84.07432679999999,34.0008067,0 -84.0739445,34.0013291,0 -84.0736435,34.0018057,0 -84.07332100000001,34.0023355,0 -84.0730233,34.0028638,0 -84.07215840000001,34.004389,0 -84.0712829,34.0059449,0 -84.071118,34.006238,0 -84.0707378,34.0069175,0 -84.0706399,34.0070837,0 -84.07051610000001,34.0072923,0 -84.0703553,34.0075765,0 -84.0699726,34.0082573,0 -84.0692229,34.0095418,0 -84.06887380000001,34.0100859,0 -84.0681522,34.0111355,0 -84.06737870000001,34.0121708,0 -84.0667778,34.0129603,0 -84.06515159999999,34.0150081,0 -84.06371129999999,34.0168693,0 -84.062786,34.0180388,0 -84.0618841,34.0190111,0 -84.0614404,34.0194322,0 -84.06096100000001,34.0198573,0 -84.060089,34.0205596,0 -84.05875260000001,34.0216169,0 -84.0580411,34.0221697,0 -84.0569812,34.0230269,0 -84.0558865,34.0238632,0 -84.05565799999999,34.0240455,0 -84.0527146,34.0263562,0 -84.0523275,34.0266561,0 -84.0518702,34.0270104,0 -84.0515103,34.0272965,0 -84.0495554,34.028848,0 -84.0471471,34.0307363,0 -84.04582379999999,34.0317789,0 -84.0444052,34.0328671,0 -84.0438971,34.0332657,0 -84.0399723,34.0363218,0 -84.0379585,34.0378692,0 -84.0365661,34.0389833,0 -84.036266,34.039214,0 -84.035673,34.03967,0 -84.0354,34.039881,0 -84.035312,34.039951,0 -84.034328,34.040732,0 -84.033976,34.041017,0 -84.0332927,34.0415591,0 -84.0328806,34.0418806,0 -84.03144020000001,34.0429998,0 -84.0300062,34.0440666,0 -84.0284936,34.0451368,0 -84.02709179999999,34.0460508,0 -84.02669640000001,34.0463013,0 -84.0262972,34.0465551,0 -84.02597539999999,34.0467572,0 -84.02556800000001,34.047016,0 -84.02396,34.047954,0 -84.02367599999999,34.048112,0 -84.0222843,34.048861,0 -84.0197041,34.0501894,0 -84.01910289999999,34.0504672,0 -84.0182623,34.050848,0 -84.01735290000001,34.0512449,0 -84.0164097,34.0516376,0 -84.01492210000001,34.0522284,0 -84.0134154,34.0527818,0 -84.0118562,34.0533154,0 -84.0106487,34.0537106,0 -84.00948320000001,34.0540634,0 -84.0086136,34.0543183,0 -84.0063578,34.0548992,0 -84.00548550000001,34.0551117,0 -84.0045808,34.0553152,0 -84.00413880000001,34.0554087,0 -84.00295869999999,34.0556481,0 -84.00226429999999,34.055784,0 -84.00105189999999,34.0559965,0 -83.9995151,34.0562313,0 -83.99805840000001,34.0564172,0 -83.9965682,34.056592,0 -83.9951281,34.0567283,0 -83.9938077,34.0568327,0 -83.99261,34.056908,0 -83.9869211,34.0572472,0 -83.98599919999999,34.0573005,0 -83.9850374,34.0573441,0 -83.98417259999999,34.0573638,0 -83.9832775,34.0573693,0 -83.98260000000001,34.0573637,0 -83.9819062,34.0573447,0 -83.9813518,34.0573184,0 -83.9808567,34.0572878,0 -83.98043800000001,34.0572547,0 -83.9798062,34.0572045,0 -83.97946880000001,34.0571754,0 -83.9782374,34.0570378,0 -83.97749260000001,34.0569372,0 -83.97671699999999,34.056821,0 -83.97606519999999,34.0567233,0 -83.9749612,34.0565462,0 -83.9744008,34.0564767,0 -83.97354369999999,34.0563826,0 -83.972742,34.056329,0 -83.9723161,34.0563129,0 -83.9717101,34.0563068,0 -83.9712203,34.0563094,0 -83.97070720000001,34.056324,0 -83.96989120000001,34.0563739,0 -83.9695318,34.0564061,0 -83.9692484,34.056436,0 -83.9689857,34.0564638,0 -83.9685032,34.056525,0 -83.9680618,34.0565978,0 -83.9676596,34.056665,0 -83.96728640000001,34.0567366,0 -83.96637080000001,34.056935,0 -83.9659417,34.0570416,0 -83.9654736,34.057172,0 -83.96502220000001,34.0573019,0 -83.9629534,34.0579857,0 -83.9607633,34.0586916,0 -83.9594697,34.0591164,0 -83.95868400000001,34.0593667,0 -83.9540915,34.060852,0 -83.9530084,34.0612062,0 -83.94602999999999,34.063489,0 -83.94471299999999,34.0639226,0 -83.9440987,34.0641322,0 -83.943141,34.064465,0 -83.94065689999999,34.0654139,0 -83.9398796,34.0657254,0 -83.9392867,34.0659768,0 -83.93794490000001,34.0665458,0 -83.9372104,34.0668672,0 -83.93570099999999,34.067531,0 -83.9318938,34.0691877,0 -83.9308541,34.0696465,0 -83.9279574,34.0709064,0 -83.9251014,34.0721568,0 -83.9235274,34.0728409,0 -83.9219408,34.0735284,0 -83.9211023,34.0738876,0 -83.9203964,34.074165,0 -83.9199163,34.0743427,0 -83.9194416,34.0745049,0 -83.9189636,34.074654,0 -83.9182976,34.0748415,0 -83.9176576,34.0750017,0 -83.9167594,34.0751918,0 -83.9159775,34.0753269,0 -83.9151804,34.0754364,0 -83.9147804,34.0754743,0 -83.9143756,34.0755128,0 -83.9122631,34.0756396,0 -83.9115309,34.0756843,0 -83.9071416,34.0759358,0 -83.89628,34.076593,0 -83.894942,34.076666,0 -83.894154,34.076709,0 -83.891458,34.076907,0 -83.889511,34.077269,0 -83.887542,34.077848,0 -83.88701399999999,34.078007,0 -83.8864291,34.0781697,0 -83.884939,34.078642,0 -83.883426,34.07911,0 -83.877996,34.080919,0 -83.874678,34.082014,0 -83.872581,34.082705,0 -83.87124300000001,34.083118,0 -83.869969,34.0834965,0 -83.8697004,34.0835727,0 -83.86858599999999,34.083836,0 -83.86803999999999,34.08397,0 -83.8672315,34.0841282,0 -83.8668175,34.084197,0 -83.863761,34.084666,0 -83.863026,34.084726,0 -83.858524,34.085091,0 -83.854837,34.085427,0 -83.854292,34.085477,0 -83.85314200000001,34.085582,0 -83.85165499999999,34.085689,0 -83.847702,34.086072,0 -83.84607800000001,34.086344,0 -83.84565000000001,34.086446,0 -83.84489000000001,34.086628,0 -83.84231699999999,34.087409,0 -83.837907,34.088858,0 -83.837563,34.088971,0 -83.836107,34.08945,0 -83.83342,34.090288,0 -83.83300730000001,34.0904461,0 -83.8182042,34.0952621,0 -83.8174326,34.0954998,0 -83.8168077,34.0957015,0 -83.8161963,34.0958943,0 -83.81556740000001,34.0960804,0 -83.8149519,34.0962532,0 -83.8143377,34.0964194,0 -83.8136834,34.0965811,0 -83.81304369999999,34.0967306,0 -83.8126743,34.096812,0 -83.8122807,34.0968956,0 -83.81190839999999,34.0969726,0 -83.8115876,34.0970336,0 -83.8112534,34.0970946,0 -83.8109312,34.0971511,0 -83.8105984,34.0972098,0 -83.8102494,34.0972658,0 -83.8098763,34.097324,0 -83.809173,34.0974292,0 -83.8080992,34.0976012,0 -83.80701190000001,34.0977688,0 -83.80621189999999,34.0978805,0 -83.8059808,34.0979147,0 -83.80437329999999,34.0981481,0 -83.8032102,34.0983225,0 -83.8024253,34.098437,0 -83.80060330000001,34.0987081,0 -83.80016790000001,34.0987715,0 -83.79968959999999,34.0988481,0 -83.7993012,34.0989159,0 -83.7989154,34.0989882,0 -83.7986193,34.099048,0 -83.79828569999999,34.0991257,0 -83.7979239,34.0992122,0 -83.7975273,34.0993143,0 -83.7972218,34.0993991,0 -83.7969002,34.0994929,0 -83.796525,34.0996122,0 -83.79614979999999,34.0997359,0 -83.79586209999999,34.0998366,0 -83.79554229999999,34.0999528,0 -83.7951875,34.1000901,0 -83.7948301,34.1002364,0 -83.79455849999999,34.100352,0 -83.7942547,34.1004877,0 -83.7939442,34.1006311,0 -83.7935988,34.1007946,0 -83.7932824,34.100958,0 -83.79296069999999,34.1011326,0 -83.7927901,34.1012106,0 -83.791776,34.101791,0 -83.79055099999999,34.102645,0 -83.784582,34.106896,0 -83.783906,34.107374,0 -83.77928300000001,34.110643,0 -83.779152,34.110735,0 -83.778679,34.111064,0 -83.777327,34.112008,0 -83.776748,34.112397,0 -83.77664,34.112469,0 -83.774365,34.113892,0 -83.77308600000001,34.114493,0 -83.771835,34.114991,0 -83.7707712,34.115334,0 -83.769839,34.115576,0 -83.7666203,34.1163112,0 -83.766109,34.116428,0 -83.763317,34.117099,0 -83.7620481,34.117401,0 -83.76097799999999,34.11774,0 -83.758331,34.118544,0 -83.75698300000001,34.119075,0 -83.754261,34.120147,0 -83.753545,34.120427,0 -83.752284,34.120919,0 -83.75157,34.1212,0 -83.746572,34.123166,0 -83.74325,34.124464,0 -83.7412396,34.1252651,0 -83.74047899999999,34.1255241,0 -83.740039,34.125655,0 -83.73927500000001,34.12586,0 -83.73842399999999,34.126047,0 -83.7372925,34.12624,0 -83.736992,34.12628,0 -83.73556000000001,34.126433,0 -83.73445100000001,34.126472,0 -83.734212,34.126489,0 -83.728628,34.126874,0 -83.72593500000001,34.127073,0 -83.71859329999999,34.1276941,0 -83.71780680000001,34.1277451,0 -83.7166754,34.1278131,0 -83.71119299999999,34.1282621,0 -83.70823849999999,34.128508,0 -83.70608799999999,34.1287361,0 -83.70327949999999,34.1291316,0 -83.6994981,34.1297221,0 -83.697607,34.1300365,0 -83.69523,34.1303852,0 -83.693896,34.130565,0 -83.689139,34.13131,0 -83.684831,34.131985,0 -83.6826689,34.13235,0 -83.6814047,34.1326074,0 -83.68033800000001,34.1328524,0 -83.67924499999999,34.1332,0 -83.67823749999999,34.1335371,0 -83.67736480000001,34.133924,0 -83.675179,34.134947,0 -83.6708766,34.1369513,0 -83.66915899999999,34.1379507,0 -83.66468500000001,34.140502,0 -83.663218,34.141333,0 -83.66187360000001,34.1420971,0 -83.6612227,34.1424706,0 -83.657765,34.144494,0 -83.6542092,34.1464687,0 -83.654084,34.14654,0 -83.6538493,34.1466782,0 -83.6521448,34.1476466,0 -83.6514882,34.1480451,0 -83.6507148,34.1485498,0 -83.64937500000001,34.149473,0 -83.646773,34.151637,0 -83.646119,34.152181,0 -83.64498399999999,34.153102,0 -83.643154,34.154577,0 -83.64210799999999,34.155469,0 -83.64180930000001,34.1557015,0 -83.641783,34.155722,0 -83.64109000000001,34.156261,0 -83.63970399999999,34.157144,0 -83.635587,34.15947,0 -83.6344,34.16013,0 -83.632672,34.161077,0 -83.629789,34.162631,0 -83.6281252,34.1635372,0 -83.62601600000001,34.164686,0 -83.62396,34.165914,0 -83.622429,34.166905,0 -83.620638,34.168225,0 -83.619072,34.169379,0 -83.61742700000001,34.170561,0 -83.61548500000001,34.171956,0 -83.61229,34.174174,0 -83.611801,34.174513,0 -83.60812199999999,34.176883,0 -83.60435,34.179327,0 -83.603255,34.180052,0 -83.600568,34.181832,0 -83.599656,34.182422,0 -83.5985391,34.1831352,0 -83.5967536,34.1842753,0 -83.594516,34.18575,0 -83.5934359,34.1864289,0 -83.592962,34.186723,0 -83.5915093,34.1876026,0 -83.5899756,34.1884934,0 -83.58934290000001,34.1888528,0 -83.5880337,34.1895746,0 -83.58653150000001,34.1903867,0 -83.58600490000001,34.1906699,0 -83.58434,34.191612,0 -83.584233,34.191674,0 -83.582072,34.192807,0 -83.57965,34.194078,0 -83.57915800000001,34.194336,0 -83.578259,34.194738,0 -83.57676600000001,34.195405,0 -83.5746934,34.196269,0 -83.5740778,34.196526,0 -83.572903,34.197036,0 -83.569272,34.19861,0 -83.565558,34.200238,0 -83.561746,34.201807,0 -83.55791499999999,34.203481,0 -83.553298,34.205348,0 -83.55260250000001,34.205635,0 -83.551379,34.206097,0 -83.548968,34.207011,0 -83.54611800000001,34.208132,0 -83.544263,34.208862,0 -83.54291600000001,34.209414,0 -83.541819,34.209813,0 -83.54125500000001,34.210002,0 -83.540569,34.210202,0 -83.539863,34.210386,0 -83.538217,34.210796,0 -83.53466,34.211601,0 -83.533773,34.211873,0 -83.5328648,34.212202,0 -83.53236649999999,34.2124258,0 -83.5319889,34.212601,0 -83.53183300000001,34.212665,0 -83.531372,34.212911,0 -83.53085400000001,34.213256,0 -83.52848299999999,34.214961,0 -83.527238,34.215862,0 -83.526252,34.216567,0 -83.52531500000001,34.217203,0 -83.52405400000001,34.217918,0 -83.523633,34.218132,0 -83.521007,34.219467,0 -83.520926,34.219508,0 -83.51701799999999,34.221494,0 -83.51352,34.223277,0 -83.511369,34.22426,0 -83.509987,34.224892,0 -83.506912,34.226287,0 -83.50528920000001,34.2270233,0 -83.50384200000001,34.22768,0 -83.501097,34.228927,0 -83.500694,34.22911,0 -83.499825,34.229504,0 -83.499522,34.2296332,0 -83.4985703,34.230039,0 -83.49829099999999,34.230179,0 -83.497702,34.230533,0 -83.497299,34.230776,0 -83.495903,34.23173,0 -83.495445,34.232086,0 -83.493635,34.233521,0 -83.49282100000001,34.234197,0 -83.490576,34.236047,0 -83.487526,34.238573,0 -83.485866,34.239925,0 -83.48542329999999,34.2402863,0 -83.48426600000001,34.24123,0 -83.48222800000001,34.242894,0 -83.48082789999999,34.2439941,0 -83.4805641,34.2442226,0 -83.477401,34.246596,0 -83.476533,34.247206,0 -83.47413299999999,34.248644,0 -83.46891359999999,34.2514576,0 -83.4682036,34.251843,0 -83.4666928,34.2526545,0 -83.466325,34.252852,0 -83.465945,34.253051,0 -83.4641714,34.2540848,0 -83.4630933,34.2546761,0 -83.461736,34.2554176,0 -83.460661,34.256018,0 -83.45965,34.256558,0 -83.459534,34.25662,0 -83.4583544,34.2572531,0 -83.457739,34.257618,0 -83.45762999999999,34.257681,0 -83.45706,34.258015,0 -83.45701699999999,34.258038,0 -83.456988,34.258055,0 -83.455281,34.258989,0 -83.454318,34.259504,0 -83.453129,34.260215,0 -83.452234,34.260784,0 -83.450754,34.261749,0 -83.45036399999999,34.262032,0 -83.449572,34.262645,0 -83.449459,34.262729,0 -83.448337,34.263572,0 -83.4477809,34.2640123,0 -83.44732089999999,34.2643407,0 -83.445954,34.265395,0 -83.44498900000001,34.266079,0 -83.44491499999999,34.266131,0 -83.44453900000001,34.266417,0 -83.443877,34.266922,0 -83.442465,34.267969,0 -83.441737,34.268589,0 -83.440991,34.269127,0 -83.440293,34.269663,0 -83.439404,34.270424,0 -83.43872500000001,34.271015,0 -83.438113,34.271647,0 -83.437827,34.271922,0 -83.437501,34.272238,0 -83.437399,34.272343,0 -83.436857,34.27291,0 -83.436215,34.273625,0 -83.435923,34.273991,0 -83.43551100000001,34.274506,0 -83.434533,34.275653,0 -83.432867,34.277682,0 -83.4312,34.279655,0 -83.43087800000001,34.279991,0 -83.43002799999999,34.280958,0 -83.4293933,34.2816255,0 -83.42890389999999,34.2820818,0 -83.428513,34.282474,0 -83.42762399999999,34.283262,0 -83.42576,34.284744,0 -83.424528,34.285704,0 -83.42355499999999,34.286439,0 -83.422775,34.287004,0 -83.420327,34.288924,0 -83.416646,34.291737,0 -83.41605300000001,34.292192,0 -83.41565369999999,34.2924977,0 -83.41505479999999,34.2929525,0 -83.413156,34.294404,0 -83.412554,34.294802,0 -83.411839,34.295311,0 -83.411366,34.295582,0 -83.410436,34.296095,0 -83.4101185,34.2962782,0 -83.409437,34.296638,0 -83.40938,34.296669,0 -83.40934300000001,34.296688,0 -83.408934,34.296909,0 -83.40829600000001,34.297211,0 -83.40817699999999,34.297263,0 -83.408145,34.297275,0 -83.40483500000001,34.298751,0 -83.40480100000001,34.298765,0 -83.403541,34.299338,0 -83.40350100000001,34.299354,0 -83.403148,34.299514,0 -83.40262300000001,34.299753,0 -83.40253300000001,34.299787,0 -83.40228999999999,34.29992,0 -83.40184600000001,34.300103,0 -83.400505,34.300762,0 -83.399781,34.301139,0 -83.398995,34.301548,0 -83.39897000000001,34.301562,0 -83.398813,34.301642,0 -83.398332,34.301892,0 -83.395931,34.303164,0 -83.394249,34.304077,0 -83.39345299999999,34.304517,0 -83.38887800000001,34.307044,0 -83.387754,34.307659,0 -83.38697500000001,34.308087,0 -83.386934,34.308108,0 -83.38681800000001,34.308171,0 -83.386777,34.308195,0 -83.38457099999999,34.309403,0 -83.38453699999999,34.309421,0 -83.383718,34.309869,0 -83.38187600000001,34.310923,0 -83.38166099999999,34.311024,0 -83.379288,34.31232,0 -83.376644,34.313724,0 -83.376374,34.313874,0 -83.37591999999999,34.314112,0 -83.37516100000001,34.314544,0 -83.37444499999999,34.314909,0 -83.37438400000001,34.314955,0 -83.37387200000001,34.315221,0 -83.37342200000001,34.315507,0 -83.37284099999999,34.31595,0 -83.372688,34.316078,0 -83.370797,34.317653,0 -83.37053400000001,34.317881,0 -83.367206,34.32077,0 -83.367028,34.320924,0 -83.363208,34.324135,0 -83.362712,34.324571,0 -83.361969,34.32509,0 -83.361932,34.325121,0 -83.360904,34.325749,0 -83.360179,34.326166,0 -83.357,34.32782,0 -83.3563896,34.3281233,0 -83.35602400000001,34.328342,0 -83.3553955,34.3286929,0 -83.354821,34.329002,0 -83.352114,34.330331,0 -83.351855,34.330485,0 -83.34880800000001,34.332115,0 -83.34828400000001,34.332389,0 -83.34568899999999,34.333742,0 -83.34260500000001,34.335383,0 -83.339519,34.336989,0 -83.33906899999999,34.3372199,0 -83.33847040000001,34.337527,0 -83.336416,34.338581,0 -83.333339,34.340208,0 -83.33022,34.341807,0 -83.328885,34.342476,0 -83.328115,34.342831,0 -83.32773899999999,34.342996,0 -83.327502,34.3431,0 -83.327321,34.343169,0 -83.32712100000001,34.343246,0 -83.324364,34.344352,0 -83.32364699999999,34.344626,0 -83.32352299999999,34.344684,0 -83.3233,34.344774,0 -83.3224034,34.3450355,0 -83.321214,34.345432,0 -83.318697,34.346252,0 -83.31805,34.3464983,0 -83.317618,34.346667,0 -83.31461899999999,34.347685,0 -83.31441100000001,34.347755,0 -83.313098,34.348201,0 -83.312881,34.348272,0 -83.31205199999999,34.348566,0 -83.310794,34.349064,0 -83.309772,34.349541,0 -83.308144,34.350405,0 -83.307253,34.350978,0 -83.306393,34.351599,0 -83.305618,34.352268,0 -83.304838,34.352926,0 -83.304202,34.353464,0 -83.303162,34.354366,0 -83.30117300000001,34.356104,0 -83.297893,34.35888,0 -83.2971,34.359547,0 -83.2952093,34.3611346,0 -83.2944861,34.3617257,0 -83.293352,34.362636,0 -83.292694,34.363098,0 -83.292025,34.363511,0 -83.29124400000001,34.363984,0 -83.290902,34.364175,0 -83.29075899999999,34.364255,0 -83.290116,34.364561,0 -83.28934599999999,34.364894,0 -83.289064,34.365005,0 -83.288625,34.365177,0 -83.285568,34.366168,0 -83.2853053,34.366245,0 -83.284876,34.366376,0 -83.28415200000001,34.366613,0 -83.28116300000001,34.36759,0 -83.278817,34.368353,0 -83.276551,34.369039,0 -83.27513500000001,34.369468,0 -83.274484,34.369677,0 -83.2724855,34.3703152,0 -83.27147909999999,34.3706481,0 -83.270749,34.370864,0 -83.26967999999999,34.371188,0 -83.267872,34.371769,0 -83.264347,34.372889,0 -83.2639923,34.3729776,0 -83.262895,34.373339,0 -83.26252599999999,34.373446,0 -83.261387,34.373815,0 -83.259933,34.374279,0 -83.259373,34.374449,0 -83.259007,34.374578,0 -83.258415,34.374769,0 -83.25771109999999,34.3750513,0 -83.256822,34.37546,0 -83.256383,34.375657,0 -83.25579,34.375978,0 -83.25527599999999,34.376307,0 -83.25500599999999,34.3765,0 -83.254734,34.376668,0 -83.25401189999999,34.3771425,0 -83.25365600000001,34.377371,0 -83.25267890000001,34.3781167,0 -83.25236990000001,34.3783525,0 -83.251559,34.378971,0 -83.251192,34.379264,0 -83.250263,34.379935,0 -83.248603,34.381178,0 -83.247165,34.382256,0 -83.246073,34.38307,0 -83.24569099999999,34.383355,0 -83.244722,34.384011,0 -83.24400799999999,34.384532,0 -83.243054,34.385099,0 -83.242418,34.385449,0 -83.241527,34.385817,0 -83.24117,34.385969,0 -83.240122,34.386417,0 -83.23899,34.386906,0 -83.238398,34.387177,0 -83.23761399999999,34.387537,0 -83.236045,34.388207,0 -83.234858,34.388714,0 -83.233766,34.389192,0 -83.232974,34.389506,0 -83.23281,34.389571,0 -83.232596,34.389656,0 -83.23168,34.390042,0 -83.2282039,34.3915088,0 -83.227997,34.391609,0 -83.224783,34.392976,0 -83.223659,34.393465,0 -83.223522,34.39352,0 -83.21985599999999,34.3952,0 -83.219815,34.395219,0 -83.21784599999999,34.396164,0 -83.212473,34.398762,0 -83.20997300000001,34.399968,0 -83.204595,34.402526,0 -83.204184,34.402722,0 -83.202252,34.403684,0 -83.19922800000001,34.405154,0 -83.198914,34.405307,0 -83.198421,34.405544,0 -83.198172,34.405645,0 -83.195561,34.406901,0 -83.194379,34.407457,0 -83.19354800000001,34.407848,0 -83.19152,34.408829,0 -83.189539,34.409774,0 -83.18767459999999,34.4106998,0 -83.1868434,34.4110993,0 -83.185579,34.411712,0 -83.184273,34.412322,0 -83.18378199999999,34.412556,0 -83.181794,34.413422,0 -83.180982,34.413726,0 -83.179833,34.414132,0 -83.177756,34.414875,0 -83.17376,34.416292,0 -83.171446,34.41709,0 -83.17052,34.417434,0 -83.170182,34.417586,0 -83.169107,34.418136,0 -83.16824,34.418701,0 -83.166858,34.419679,0 -83.166318,34.420074,0 -83.1659258,34.4203809,0 -83.16568700000001,34.420561,0 -83.165318,34.420834,0 -83.16191000000001,34.423357,0 -83.1614163,34.4237197,0 -83.161198,34.42388,0 -83.159352,34.425236,0 -83.15778400000001,34.426391,0 -83.15630899999999,34.427486,0 -83.15575200000001,34.427899,0 -83.15487,34.428581,0 -83.154381,34.428917,0 -83.15359100000001,34.429447,0 -83.1528635,34.4299134,0 -83.152485,34.430156,0 -83.15192500000001,34.430503,0 -83.149961,34.431761,0 -83.148302,34.432773,0 -83.147902,34.433017,0 -83.14708899999999,34.433521,0 -83.145928,34.434285,0 -83.144785,34.435029,0 -83.144122,34.435425,0 -83.143036,34.436093,0 -83.14228799999999,34.436527,0 -83.14084699999999,34.437293,0 -83.140553,34.437443,0 -83.13819599999999,34.438639,0 -83.136157,34.439664,0 -83.13569200000001,34.43988,0 -83.1355638,34.4399492,0 -83.135189,34.440161,0 -83.13427900000001,34.440722,0 -83.133038,34.441392,0 -83.13226299999999,34.441804,0 -83.131253,34.442315,0 -83.130503,34.442678,0 -83.12828500000001,34.443794,0 -83.127847,34.444027,0 -83.127512,34.444205,0 -83.12734399999999,34.444295,0 -83.127032,34.444451,0 -83.126299,34.444832,0 -83.125812,34.445085,0 -83.1252921,34.445359,0 -83.12478900000001,34.445622,0 -83.124256,34.445861,0 -83.123571,34.446199,0 -83.123249,34.44634,0 -83.122913,34.446488,0 -83.12237,34.44672,0 -83.121928,34.446918,0 -83.120768,34.447343,0 -83.11952100000001,34.447801,0 -83.118392,34.448229,0 -83.117366,34.448608,0 -83.11722899999999,34.448658,0 -83.116741,34.448823,0 -83.116133,34.449029,0 -83.11585599999999,34.44913,0 -83.11476399999999,34.449529,0 -83.113336,34.45005,0 -83.1127965,34.4502751,0 -83.11278,34.450282,0 -83.112026,34.450597,0 -83.111822,34.450682,0 -83.110966,34.451068,0 -83.11049300000001,34.451282,0 -83.10985700000001,34.4516,0 -83.109368,34.451844,0 -83.109308,34.451877,0 -83.10861800000001,34.45226,0 -83.108345,34.452411,0 -83.107406,34.452948,0 -83.107118,34.453127,0 -83.1063518,34.4536037,0 -83.106222,34.453687,0 -83.105199,34.454343,0 -83.104878,34.454549,0 -83.098338,34.458923,0 -83.097786,34.45927,0 -83.097464,34.459472,0 -83.09693799999999,34.459809,0 -83.096676,34.459986,0 -83.09636399999999,34.460196,0 -83.09480600000001,34.461198,0 -83.09383,34.461772,0 -83.09316699999999,34.462152,0 -83.092366,34.462584,0 -83.09063999999999,34.463409,0 -83.089749,34.463793,0 -83.088931,34.464135,0 -83.087872,34.464538,0 -83.08681300000001,34.464925,0 -83.085871,34.465236,0 -83.084372,34.46568,0 -83.0831191,34.4660034,0 -83.08176810000001,34.4663063,0 -83.078175,34.467195,0 -83.077679,34.467293,0 -83.077195,34.467425,0 -83.075817,34.4678,0 -83.07458699999999,34.468197,0 -83.073581,34.468489,0 -83.073144,34.468651,0 -83.072591,34.468856,0 -83.064899,34.471442,0 -83.0637424,34.4718592,0 -83.0633505,34.4719879,0 -83.06003800000001,34.473103,0 -83.05741399999999,34.473986,0 -83.056032,34.474502,0 -83.055155,34.474813,0 -83.054312,34.475035,0 -83.054226,34.475068,0 -83.053298,34.475393,0 -83.052218,34.47575,0 -83.051323,34.476018,0 -83.049531,34.476471,0 -83.047906,34.476822,0 -83.045805,34.477153,0 -83.044049,34.4773622,0 -83.0414463,34.477698,0 -83.040634,34.47786,0 -83.038292,34.47811,0 -83.036108,34.4783825,0 -83.0354754,34.4785054,0 -83.0349106,34.4786655,0 -83.034278,34.4788406,0 -83.03377639999999,34.4790418,0 -83.03331799999999,34.479235,0 -83.0328998,34.4794589,0 -83.0323576,34.4797383,0 -83.03155700000001,34.480279,0 -83.03099,34.480753,0 -83.030475,34.481241,0 -83.03006000000001,34.481699,0 -83.02959799999999,34.482256,0 -83.02908239999999,34.4829128,0 -83.0284042,34.4837115,0 
				
					-83.0284042,34.4837115,0 -83.0277025,34.4846024,0 -83.0276485,34.48467,0 -83.02759450000001,34.4847376,0 -83.0268495,34.4856522,0 -83.026837,34.4856667,0 -83.02584090000001,34.4868196,0 -83.0250527,34.4876141,0 -83.02451670000001,34.4880921,0 -83.023826,34.4886632,0 -83.0228264,34.489386,0 -83.02205910000001,34.48988,0 -83.0213675,34.4902781,0 -83.0208471,34.4905558,0 -83.020309,34.490823,0 -83.0198577,34.4910318,0 -83.0192464,34.4912919,0 -83.0186185,34.4915402,0 -83.0177248,34.4918799,0 -83.0168951,34.4921804,0 -83.0149949,34.4929049,0 -83.0097896,34.4948803,0 -83.0029706,34.4975105,0 -82.99983829999999,34.4987086,0 -82.99920779999999,34.4989156,0 -82.9983726,34.4991899,0 -82.99727350000001,34.4995358,0 -82.99624230000001,34.4998021,0 -82.9939562,34.500234,0 -82.99175649999999,34.5006255,0 -82.99055799999999,34.5008431,0 -82.9838094,34.5020685,0 -82.9744518,34.50372,0 -82.9713752,34.5042686,0 -82.9675694,34.5050925,0 -82.96456499999999,34.5058702,0 -82.959124,34.507229,0 -82.952628,34.5088988,0 -82.94931560000001,34.5097681,0 -82.94626909999999,34.5104947,0 -82.94418469999999,34.5108181,0 -82.9393154,34.5113536,0 -82.9361954,34.5116858,0 -82.93557199999999,34.511753,0 -82.93534029999999,34.511778,0 -82.933492,34.511977,0 -82.93284300000001,34.512034,0 -82.932175,34.512077,0 -82.930969,34.512161,0 -82.93064699999999,34.512174,0 -82.92976400000001,34.512219,0 -82.929355,34.512226,0 -82.928603,34.512255,0 -82.92829399999999,34.512259,0 -82.92801799999999,34.512257,0 -82.927476,34.512263,0 -82.92658,34.512262,0 -82.925607,34.512268,0 -82.924952,34.512265,0 -82.92321800000001,34.512268,0 -82.921251,34.512272,0 -82.919943,34.512282,0 -82.9186,34.512283,0 -82.917554,34.512292,0 -82.916105,34.512337,0 -82.914496,34.512429,0 -82.91403,34.512468,0 -82.9108714,34.5127367,0 -82.906654,34.513104,0 -82.905444,34.513197,0 -82.904129,34.513317,0 -82.902434,34.513461,0 -82.900965,34.513586,0 -82.89376799999999,34.514211,0 -82.89233,34.51433,0 -82.8907821,34.5144684,0 -82.888076,34.51469,0 -82.886809,34.514802,0 -82.886543,34.514831,0 -82.885212,34.514942,0 -82.8813914,34.5152702,0 -82.880853,34.515319,0 -82.879987,34.515427,0 -82.8793493,34.5154918,0 -82.87761500000001,34.515825,0 -82.87695600000001,34.515969,0 -82.876222,34.51614,0 -82.87537,34.516378,0 -82.874464,34.516656,0 -82.871852,34.51747,0 -82.87120299999999,34.517666,0 -82.86998939999999,34.5180486,0 -82.869671,34.518149,0 -82.86853600000001,34.518494,0 -82.868295,34.518572,0 -82.86756099999999,34.518809,0 -82.866257,34.519216,0 -82.866198,34.519235,0 -82.865982,34.519303,0 -82.865498,34.519455,0 -82.864566,34.519749,0 -82.863913,34.519951,0 -82.863437,34.520099,0 -82.86272099999999,34.520325,0 -82.86177290000001,34.5206198,0 -82.860203,34.521112,0 -82.857371,34.521996,0 -82.855891,34.522472,0 -82.85456499999999,34.522921,0 -82.85140800000001,34.524083,0 -82.849898,34.524656,0 -82.848113,34.52532,0 -82.847003,34.525738,0 -82.845443,34.526321,0 -82.844123,34.526821,0 -82.843988,34.52687,0 -82.843908,34.526898,0 -82.842341,34.527469,0 -82.841452,34.527817,0 -82.83860300000001,34.528885,0 -82.837553,34.529287,0 -82.83729,34.529393,0 -82.836972,34.529521,0 -82.836399,34.529771,0 -82.836022,34.529941,0 -82.83527599999999,34.530294,0 -82.83444900000001,34.530728,0 -82.833478,34.531272,0 -82.832487,34.531861,0 -82.83088600000001,34.532825,0 -82.829291,34.533773,0 -82.827465,34.534873,0 -82.824771,34.536471,0 -82.824624,34.536559,0 -82.82420759999999,34.5368079,0 -82.82116499999999,34.53863,0 -82.82006800000001,34.539275,0 -82.81984,34.539415,0 -82.819796,34.539441,0 -82.8177216,34.5406767,0 -82.817048,34.541078,0 -82.81442199999999,34.542648,0 -82.81274000000001,34.543645,0 -82.810945,34.544729,0 -82.810024,34.545277,0 -82.809354,34.545687,0 -82.80891099999999,34.545949,0 -82.80801599999999,34.546461,0 -82.807564,34.546711,0 -82.8072208,34.5468932,0 -82.807002,34.547011,0 -82.806388,34.547316,0 -82.806056,34.547473,0 -82.80542199999999,34.547759,0 -82.804815,34.548013,0 -82.804508,34.548134,0 -82.804479,34.548149,0 -82.80425200000001,34.548237,0 -82.803178,34.548605,0 -82.80017100000001,34.549557,0 -82.797915,34.550267,0 -82.795824,34.550915,0 -82.79443000000001,34.551363,0 -82.79219190000001,34.5520866,0 -82.788864,34.553107,0 -82.785146,34.554263,0 -82.78460699999999,34.554437,0 -82.78297999999999,34.554962,0 -82.78214800000001,34.555225,0 -82.780495,34.555748,0 -82.77906900000001,34.556209,0 -82.777548,34.556684,0 -82.7752971,34.5573912,0 -82.772947,34.558131,0 -82.769246,34.559304,0 -82.7681,34.559656,0 -82.765564,34.560453,0 -82.76460899999999,34.560762,0 -82.76361,34.561075,0 -82.762291,34.561482,0 -82.76120400000001,34.56181,0 -82.760503,34.562032,0 -82.760479,34.562039,0 -82.759686,34.562268,0 -82.758881,34.562494,0 -82.758381,34.562629,0 -82.757131,34.562939,0 -82.75561999999999,34.563288,0 -82.75499499999999,34.563442,0 -82.752122,34.564098,0 -82.7469603,34.565312,0 -82.7453969,34.5656682,0 -82.742225,34.566407,0 -82.73881900000001,34.567168,0 -82.738293,34.567285,0 -82.73781,34.5674,0 -82.737329,34.567523,0 -82.736851,34.567654,0 -82.736377,34.567794,0 -82.735907,34.567941,0 -82.735474,34.568085,0 -82.73496,34.568249,0 -82.73445,34.56842,0 -82.73394500000001,34.568599,0 -82.73344299999999,34.568786,0 -82.732946,34.568981,0 -82.73245300000001,34.569184,0 -82.7321635,34.5693054,0 -82.731461,34.5695868,0 -82.729595,34.570318,0 -82.72746600000001,34.571132,0 -82.726968,34.571312,0 -82.726522,34.571462,0 -82.726072,34.571604,0 -82.725618,34.571738,0 -82.725161,34.571864,0 -82.724701,34.571982,0 -82.723855,34.572178,0 -82.723367,34.57228,0 -82.722877,34.572374,0 -82.72238400000001,34.572459,0 -82.72171400000001,34.572561,0 -82.72128600000001,34.572609,0 -82.720259,34.572725,0 -82.718609,34.572845,0 -82.7179955,34.5728843,0 -82.71760999999999,34.572909,0 -82.717432,34.57292,0 -82.715835,34.573011,0 -82.713066,34.57317,0 -82.71187,34.573221,0 -82.71151450000001,34.5732532,0 -82.71106589999999,34.5732807,0 -82.71049499999999,34.573326,0 -82.71019,34.573341,0 -82.709698,34.573372,0 -82.70920599999999,34.573412,0 -82.708716,34.57346,0 -82.70822699999999,34.573517,0 -82.707739,34.573582,0 -82.70732099999999,34.573665,0 -82.706892,34.573751,0 -82.706551,34.573831,0 -82.706138,34.573935,0 -82.70572900000001,34.574048,0 -82.705324,34.574169,0 -82.705192,34.574211,0 -82.704922,34.574298,0 -82.7046886,34.5743789,0 -82.70452400000001,34.574436,0 -82.70412899999999,34.574581,0 -82.70374,34.574734,0 -82.703355,34.574895,0 -82.701348,34.575702,0 -82.699539,34.576422,0 -82.698334,34.576903,0 -82.697776,34.577125,0 -82.69649200000001,34.577636,0 -82.693652,34.578774,0 -82.693527,34.578822,0 -82.6921521,34.5793578,0 -82.691931,34.579444,0 -82.68867899999999,34.580758,0 -82.688016,34.581012,0 -82.687358,34.581274,0 -82.686554,34.581606,0 -82.68606699999999,34.58183,0 -82.686026,34.581849,0 -82.685503,34.5821,0 -82.68498599999999,34.582358,0 -82.684473,34.582624,0 -82.683967,34.582897,0 -82.68363100000001,34.583084,0 -82.68118,34.584573,0 -82.676783,34.5872429,0 -82.671733,34.590305,0 -82.670428,34.591096,0 -82.669144,34.591852,0 -82.66709299999999,34.593067,0 -82.665676,34.593922,0 -82.66372800000001,34.595099,0 -82.661933,34.596173,0 -82.66184389999999,34.596239,0 -82.66152700000001,34.596432,0 -82.66109400000001,34.596698,0 -82.66065500000001,34.596956,0 -82.66021000000001,34.597208,0 -82.65975899999999,34.597452,0 -82.65930299999999,34.597689,0 -82.658841,34.597919,0 -82.6584374,34.5981551,0 -82.657712,34.5984852,0 -82.657511,34.598534,0 -82.656992,34.598757,0 -82.656469,34.598972,0 -82.65443500000001,34.599744,0 -82.651608,34.6008,0 -82.650209,34.601325,0 -82.64701119999999,34.6025216,0 -82.642268,34.604289,0 -82.641271,34.604661,0 -82.6355526,34.6067814,0 -82.633504,34.607555,0 -82.63334500000001,34.607614,0 -82.63299499999999,34.607753,0 -82.632649,34.607901,0 -82.632307,34.608055,0 -82.63197099999999,34.608218,0 -82.631641,34.608388,0 -82.631316,34.608565,0 -82.63099699999999,34.608749,0 -82.630684,34.608941,0 -82.630377,34.609139,0 -82.630078,34.609344,0 -82.629784,34.609556,0 -82.62935899999999,34.609886,0 -82.62898800000001,34.610189,0 -82.628643,34.610484,0 -82.62830599999999,34.610785,0 -82.627977,34.611091,0 -82.627751,34.611308,0 -82.626622,34.612351,0 -82.62503100000001,34.613819,0 -82.62438899999999,34.614418,0 -82.622004,34.616589,0 -82.620473,34.617941,0 -82.61926800000001,34.619019,0 -82.617974,34.620226,0 -82.61776399999999,34.620422,0 -82.61622199999999,34.62184,0 -82.61533350000001,34.6226489,0 -82.61384200000001,34.624023,0 -82.613074,34.6247598,0 -82.611824,34.6259124,0 -82.610012,34.627553,0 -82.60971600000001,34.627813,0 -82.60941200000001,34.628067,0 -82.609101,34.628314,0 -82.608783,34.628556,0 -82.60839,34.628821,0 -82.60803900000001,34.629046,0 -82.607681,34.629265,0 -82.60731800000001,34.629476,0 -82.60709300000001,34.6296,0 -82.606949,34.62968,0 -82.606582,34.629862,0 -82.606216,34.630033,0 -82.605845,34.630197,0 -82.605469,34.630353,0 -82.60508900000001,34.630501,0 -82.604704,34.630641,0 -82.604315,34.630773,0 -82.603094,34.631208,0 -82.60290500000001,34.631275,0 -82.601671,34.631707,0 -82.60118199999999,34.631878,0 -82.5996505,34.6323928,0 -82.5987418,34.6327007,0 -82.597869,34.632998,0 -82.59574000000001,34.633718,0 -82.594376,34.634184,0 -82.593836,34.634369,0 -82.5931788,34.6345986,0 -82.5913132,34.6352303,0 -82.590721,34.635443,0 -82.59030300000001,34.635608,0 -82.589889,34.63578,0 -82.58947999999999,34.63596,0 -82.589077,34.636148,0 -82.588756,34.636311,0 -82.588441,34.63648,0 -82.58838,34.636515,0 -82.588132,34.636657,0 -82.587829,34.636842,0 -82.58753299999999,34.637032,0 -82.587242,34.63723,0 -82.58695899999999,34.637435,0 -82.586736,34.637604,0 -82.584546,34.639364,0 -82.58320999999999,34.640451,0 -82.58252640000001,34.6410142,0 -82.579537,34.643441,0 -82.576899,34.645577,0 -82.573877,34.648038,0 -82.57165790000001,34.6498722,0 -82.570984,34.650395,0 -82.570357,34.650906,0 -82.569846,34.651321,0 -82.566047,34.654403,0 -82.564256,34.655849,0 -82.563715,34.656285,0 -82.56246299999999,34.657284,0 -82.560148,34.659106,0 -82.556568,34.662003,0 -82.5549687,34.6632921,0 -82.55347999999999,34.664518,0 -82.549779,34.667524,0 -82.549408,34.667825,0 -82.549031,34.668121,0 -82.548647,34.668411,0 -82.54825599999999,34.668693,0 -82.54785800000001,34.66897,0 -82.547453,34.66924,0 -82.547042,34.669503,0 -82.54662399999999,34.669759,0 -82.546254,34.669977,0 -82.545603,34.670328,0 -82.54494699999999,34.670673,0 -82.54449,34.670907,0 -82.543575,34.671355,0 -82.54291499999999,34.671679,0 -82.5411891,34.6725019,0 -82.540761,34.672706,0 -82.539024,34.673545,0 -82.5364988,34.674751,0 -82.533103,34.676376,0 -82.53214800000001,34.67684,0 -82.531847,34.676984,0 -82.530036,34.677848,0 -82.527427,34.679103,0 -82.524308,34.680595,0 -82.523045,34.681207,0 -82.518235,34.683503,0 -82.517927,34.68365,0 -82.517264,34.683988,0 -82.51638699999999,34.684449,0 -82.515985,34.684677,0 -82.51575699999999,34.68482,0 -82.515259,34.685143,0 -82.51476599999999,34.685472,0 -82.514281,34.685808,0 -82.514098,34.685939,0 -82.513802,34.686151,0 -82.51333,34.6865,0 -82.509913,34.688923,0 -82.509626,34.689126,0 -82.508419,34.689981,0 -82.506258,34.691519,0 -82.50589600000001,34.691805,0 -82.50558599999999,34.692078,0 -82.50534,34.692312,0 -82.505135,34.69252,0 -82.50494,34.692734,0 -82.504752,34.692953,0 -82.50457400000001,34.693177,0 -82.504441,34.693358,0 -82.504277,34.693596,0 -82.50412300000001,34.693839,0 -82.50397700000001,34.694086,0 -82.50384200000001,34.694336,0 -82.503715,34.69459,0 -82.50359899999999,34.694846,0 -82.50349300000001,34.695106,0 -82.503409,34.695345,0 -82.50327799999999,34.695745,0 -82.503157,34.696148,0 -82.503046,34.696552,0 -82.50292399999999,34.696991,0 -82.502774,34.697527,0 -82.502629,34.69809,0 -82.5023621,34.699107,0 -82.50192989999999,34.7006967,0 -82.501755,34.70134,0 -82.501285,34.703125,0 -82.500917,34.704481,0 -82.50072400000001,34.705215,0 -82.499933,34.708143,0 -82.4994681,34.7098403,0 -82.4989415,34.7117741,0 -82.498462,34.713597,0 -82.498349,34.714005,0 -82.498226,34.714412,0 -82.498093,34.714816,0 -82.497929,34.715261,0 -82.497782,34.715629,0 -82.497624,34.715994,0 -82.497457,34.716356,0 -82.49728,34.716714,0 -82.49668200000001,34.717835,0 -82.495673,34.719647,0 -82.495091,34.72075,0 -82.494196,34.722399,0 -82.4875351,34.734584,0 -82.487371,34.734885,0 -82.48728699999999,34.7350348,0 -82.485771,34.737798,0 -82.483931,34.7413204,0 -82.48317299999999,34.742787,0 -82.48217099999999,34.744742,0 -82.481427,34.746185,0 -82.481038,34.746939,0 -82.479973,34.748978,0 -82.47875999999999,34.751345,0 -82.476833,34.754921,0 -82.476776,34.755028,0 -82.476533,34.75549,0 -82.4742825,34.7596933,0 -82.47345799999999,34.761217,0 -82.472848,34.762378,0 -82.472354,34.763246,0 -82.471988,34.763969,0 -82.471614,34.764665,0 -82.470838,34.766112,0 -82.469784,34.768121,0 -82.46964699999999,34.768394,0 -82.4695,34.768663,0 -82.46934400000001,34.768929,0 -82.469178,34.769191,0 -82.469003,34.769449,0 -82.468676,34.769907,0 -82.468458,34.770194,0 -82.4680702,34.7706192,0 -82.46739119999999,34.7713637,0 -82.4668392,34.771941,0 -82.466233,34.772481,0 -82.46571299999999,34.772892,0 -82.465293,34.773235,0 -82.465082,34.773408,0 -82.464793,34.773644,0 -82.46364800000001,34.774605,0 -82.463376,34.774845,0 -82.463112,34.7750696,0 -82.46275799999999,34.775354,0 -82.4624937,34.7755686,0 -82.462447,34.7756065,0 -82.462317,34.775712,0 -82.462109,34.775895,0 -82.461893,34.776073,0 -82.46167,34.776245,0 -82.46144,34.77641,0 -82.461049,34.776752,0 -82.4605849,34.7771456,0 -82.4590063,34.7784571,0 -82.458724,34.778701,0 -82.45766690000001,34.7795901,0 -82.454971,34.781763,0 -82.454369,34.782254,0 -82.454095,34.78247,0 -82.45388800000001,34.782622,0 -82.453681,34.782766,0 -82.453277,34.783029,0 -82.45302,34.783189,0 -82.452674,34.783389,0 -82.45236800000001,34.783556,0 -82.45209199999999,34.783698,0 -82.45149000000001,34.783984,0 -82.4478857,34.7856806,0 -82.44662,34.786252,0 -82.4456084,34.7867323,0 -82.444714,34.787157,0 -82.442605,34.788143,0 -82.441912,34.788467,0 -82.4412335,34.7887775,0 -82.440876,34.788941,0 -82.4407058,34.7890189,0 -82.440371,34.7891894,0 -82.43938199999999,34.789621,0 -82.438461,34.789997,0 -82.438051,34.790148,0 -82.437832,34.790223,0 -82.437539,34.790323,0 -82.436999,34.790493,0 -82.436401,34.790665,0 -82.435734,34.790838,0 -82.43513799999999,34.790976,0 -82.434472,34.79111,0 -82.43388899999999,34.791199,0 -82.433728,34.791235,0 -82.433295,34.791298,0 -82.432723,34.791365,0 -82.432149,34.791413,0 -82.43128,34.79149,0 -82.43047199999999,34.791513,0 -82.429664,34.791521,0 -82.4292246,34.7915212,0 -82.42901790000001,34.7915121,0 -82.42862220000001,34.7915004,0 -82.428042,34.791462,0 -82.4254024,34.7912743,0 -82.42491699999999,34.7912321,0 -82.42434470000001,34.7911915,0 -82.42242,34.791055,0 -82.42221600000001,34.79104,0 -82.419982,34.790882,0 -82.419687,34.790866,0 -82.41963699999999,34.790864,0 -82.419392,34.790855,0 -82.41915400000001,34.790853,0 -82.419095,34.790852,0 -82.418797,34.790857,0 -82.418496,34.790869,0 -82.418193,34.790888,0 -82.41789199999999,34.790915,0 -82.41697600000001,34.791026,0 -82.4167588,34.7910553,0 -82.41655,34.791087,0 -82.41640099999999,34.7911039,0 -82.41603929999999,34.7911448,0 -82.415756,34.791172,0 -82.40808800000001,34.792161,0 -82.40777799999999,34.792192,0 -82.407685,34.792212,0 -82.405097,34.792539,0 -82.39993,34.793202,0 -82.38907399999999,34.794579,0 -82.38873820000001,34.7946169,0 -82.3882397,34.7946772,0 -82.387271,34.794826,0 -82.3871911,34.7948381,0 -82.386084,34.795006,0 -82.384668,34.795246,0 -82.381732,34.795765,0 -82.38009700000001,34.796054,0 -82.379813,34.796095,0 -82.37895899999999,34.796264,0 -82.376727,34.796652,0 -82.37667399999999,34.796664,0 -82.3765174,34.7966883,0 -82.37629099999999,34.796722,0 -82.376189,34.79674,0 -82.375612,34.796886,0 -82.375338,34.79696,0 -82.375066,34.79704,0 -82.374798,34.797128,0 -82.374531,34.797223,0 -82.374268,34.797322,0 -82.37400700000001,34.79743,0 -82.373751,34.797544,0 -82.373497,34.797666,0 -82.373245,34.797795,0 -82.372996,34.797933,0 -82.372585,34.798175,0 -82.372505,34.798222,0 -82.372016,34.798516,0 -82.371635,34.79874,0 -82.37129,34.798942,0 -82.370108,34.799644,0 -82.36986899999999,34.799775,0 -82.369623,34.799895,0 -82.36937,34.800005,0 -82.36921580000001,34.8000739,0 -82.3691577,34.8000926,0 -82.369051,34.800127,0 -82.368298,34.800344,0 -82.368005,34.800422,0 -82.365882,34.800799,0 -82.365562,34.800853,0 -82.36524199999999,34.800909,0 -82.3648537,34.8009724,0 -82.3638871,34.8011417,0 -82.3630557,34.8012894,0 -82.3615697,34.8015664,0 -82.3609867,34.8016834,0 -82.36070770000001,34.8017304,0 -82.3591607,34.8020344,0 -82.3565297,34.8025504,0 -82.3562536,34.8026053,0 -82.3554177,34.8027714,0 -82.35375670000001,34.8030964,0 -82.3532347,34.8032124,0 -82.3529827,34.8032764,0 -82.35273770000001,34.8033444,0 -82.3524967,34.8034174,0 -82.3522557,34.8034964,0 -82.3520187,34.8035794,0 -82.3517877,34.8036664,0 -82.3515577,34.8037594,0 -82.35133070000001,34.8038574,0 -82.3511077,34.8039594,0 -82.35088469999999,34.8040684,0 -82.3506667,34.8041824,0 -82.35045169999999,34.8043034,0 -82.3502417,34.8044294,0 -82.3500327,34.8045604,0 -82.3498257,34.8046974,0 -82.3496207,34.8048404,0 -82.3494207,34.8049884,0 -82.3492237,34.8051424,0 -82.34902870000001,34.8053034,0 -82.3488357,34.8054694,0 -82.3486477,34.8056414,0 -82.3481057,34.8061844,0 -82.3464567,34.8078564,0 -82.3462057,34.8080974,0 -82.34493070000001,34.8093924,0 -82.34415970000001,34.8101664,0 -82.3439537,34.8103644,0 -82.3436717,34.8106244,0 -82.34353369999999,34.8107354,0 -82.3431135,34.8110608,0 -82.34252669999999,34.8114254,0 -82.3423057,34.8115664,0 -82.3420687,34.8117004,0 -82.3416117,34.8119364,0 -82.34145169999999,34.8120244,0 -82.3412447,34.8121314,0 -82.34097869999999,34.8122414,0 -82.3407957,34.8123104,0 -82.34048970000001,34.8124094,0 -82.3401997,34.8124894,0 -82.33862070000001,34.8129514,0 -82.33720169999999,34.8133444,0 -82.33692979999999,34.8134205,0 -82.3365227,34.8135344,0 -82.3361658,34.8136355,0 -82.3360497,34.8136684,0 -82.3347187,34.8140554,0 -82.3343177,34.8141714,0 -82.3338407,34.8143014,0 -82.3321517,34.8147564,0 -82.3306877,34.8151614,0 -82.3298101,34.8154038,0 -82.32920470000001,34.8155714,0 -82.3289097,34.8156564,0 -82.3256337,34.8165624,0 -82.32494269999999,34.8167754,0 -82.3248597,34.8168014,0 -82.3243427,34.8169734,0 -82.3235897,34.8172524,0 -82.3229437,34.8175154,0 -82.3225327,34.8176924,0 -82.3219747,34.8179644,0 -82.32172370000001,34.8180924,0 -82.320356,34.8188419,0 -82.3197897,34.8191794,0 -82.31849269999999,34.8199584,0 -82.3176247,34.8204714,0 -82.31690570000001,34.8209034,0 -82.3160627,34.8213924,0 -82.3138028,34.8227309,0 -82.3127597,34.8233604,0 -82.3116576,34.8240014,0 -82.3113175,34.8242016,0 -82.3097135,34.8251901,0 -82.3069237,34.8268264,0 -82.3037937,34.8286974,0 -82.30261969999999,34.8293984,0 -82.2962967,34.8333714,0 -82.29477869999999,34.8343314,0 -82.2943437,34.8345834,0 -82.29373769999999,34.8349754,0 -82.2933027,34.8352154,0 -82.2932686,34.8352367,0 -82.29302269999999,34.8353904,0 -82.29287050000001,34.8354864,0 -82.2916367,34.8362644,0 -82.29021969999999,34.8371584,0 -82.2887669,34.8381015,0 -82.2867177,34.8393794,0 -82.28592070000001,34.8398794,0 -82.2855507,34.8401064,0 -82.2850057,34.8404274,0 -82.2848537,34.8405104,0 -82.2843367,34.8408984,0 -82.2839707,34.8411824,0 -82.2837317,34.8413814,0 -82.2836387,34.8414674,0 -82.2833717,34.8417114,0 -82.2830537,34.8420344,0 -82.2829107,34.8421894,0 -82.2826237,34.8425334,0 -82.2824547,34.8427554,0 -82.28219369999999,34.8431344,0 -82.2817957,34.8437624,0 -82.28171469999999,34.8439454,0 -82.2811517,34.8450703,0 -82.2807157,34.8459414,0 -82.2799897,34.8474304,0 -82.2792409,34.8489217,0 -82.2790347,34.8493324,0 -82.2788477,34.8496854,0 -82.27865269999999,34.8500114,0 -82.27857,34.8501407,0 -82.2784977,34.8502444,0 -82.27834470000001,34.8504574,0 -82.2781607,34.8506944,0 -82.2779657,34.8509274,0 -82.27777570000001,34.8511384,0 -82.2775807,34.8513424,0 -82.2773677,34.8515474,0 -82.2771597,34.8517354,0 -82.2769247,34.8519344,0 -82.2767477,34.8520734,0 -82.27648170000001,34.8522704,0 -82.2762307,34.8524444,0 -82.2759997,34.8525944,0 -82.2757817,34.8527264,0 -82.2752677,34.8530084,0 -82.2749577,34.8531604,0 -82.27464070000001,34.8533044,0 -82.2740337,34.8535454,0 -82.27187670000001,34.8543534,0 -82.2711187,34.8546304,0 -82.26994070000001,34.8550611,0 -82.2683772,34.8556327,0 -82.2680429,34.855755,0 -82.26563969999999,34.8566331,0 -82.2649957,34.8568684,0 -82.2644997,34.8570414,0 -82.26419300000001,34.8571623,0 -82.2630667,34.8575754,0 -82.26034370000001,34.8585704,0 -82.25998269999999,34.8586964,0 -82.2596937,34.8587954,0 -82.25952770000001,34.8588524,0 -82.2584097,34.8592584,0 -82.2577897,34.8594894,0 -82.25752970000001,34.8595864,0 -82.2557927,34.8602444,0 -82.2552747,34.8604404,0 -82.2516857,34.8617524,0 -82.25097700000001,34.8620037,0 -82.2500247,34.8623414,0 -82.24933369999999,34.8625964,0 -82.24742569999999,34.8633004,0 -82.24631770000001,34.8636904,0 -82.24520769999999,34.8640864,0 -82.2401417,34.8659484,0 -82.2360403,34.867467,0 -82.2354419,34.8676924,0 -82.2344913,34.8680362,0 -82.23402590000001,34.8682019,0 -82.231831,34.868977,0 -82.230915,34.869322,0 -82.230431,34.869512,0 -82.22930700000001,34.869967,0 -82.22876650000001,34.8702073,0 -82.2284095,34.870343,0 -82.2273083,34.8708218,0 -82.226612,34.871109,0 -82.22555800000001,34.871596,0 -82.22526999999999,34.871724,0 -82.22512999999999,34.871787,0 -82.223443,34.872497,0 -82.22298000000001,34.8727,0 -82.22156699999999,34.873316,0 -82.2205396,34.8737609,0 -82.219694,34.874127,0 -82.2185508,34.8746254,0 -82.21844400000001,34.874672,0 -82.216847,34.875369,0 -82.2150378,34.8761525,0 -82.21427300000001,34.876485,0 -82.2132136,34.8769467,0 -82.212395,34.877291,0 -82.21215599999999,34.877406,0 -82.211184,34.877829,0 -82.210396,34.878173,0 -82.20814900000001,34.8791474,0 -82.20577,34.880179,0 -82.204525,34.880725,0 -82.20410099999999,34.880908,0 -82.203204,34.881296,0 -82.20196799999999,34.881838,0 -82.200281,34.882568,0 -82.197789,34.883654,0 -82.196894,34.884033,0 -82.196366,34.884264,0 -82.195896,34.884461,0 -82.195137,34.884751,0 -82.19414999999999,34.88512,0 -82.19378500000001,34.885241,0 -82.193394,34.885353,0 -82.192627,34.885557,0 -82.19223599999999,34.885647,0 -82.191639,34.885768,0 -82.19059300000001,34.885963,0 -82.18675399999999,34.886641,0 -82.183671,34.887168,0 -82.179192,34.88795,0 -82.175355,34.88862,0 -82.171815,34.889235,0 -82.168093,34.889882,0 -82.167378,34.890007,0 -82.16703800000001,34.890066,0 -82.165908,34.890266,0 -82.16528599999999,34.890376,0 -82.164046,34.890612,0 -82.163505,34.890745,0 -82.163089,34.890884,0 -82.162678,34.89103,0 -82.162413,34.891133,0 -82.162153,34.891243,0 -82.16189799999999,34.89136,0 -82.161646,34.891483,0 -82.16134,34.891648,0 -82.16104,34.891821,0 -82.1604509,34.8922063,0 -82.15978,34.89264,0 -82.159488,34.892814,0 -82.157794,34.893908,0 -82.15723,34.894268,0 -82.156046,34.895035,0 -82.15597099999999,34.895083,0 -82.153829,34.896472,0 -82.153323,34.896786,0 -82.152873,34.897055,0 -82.15271,34.897145,0 -82.152412,34.89731,0 -82.15194200000001,34.897553,0 -82.151462,34.897784,0 -82.15097299999999,34.898,0 -82.150475,34.898204,0 -82.150058,34.898366,0 -82.149637,34.89852,0 -82.14924980000001,34.898667,0 -82.14879139999999,34.8988215,0 -82.148535,34.8989071,0 -82.1482764,34.8989781,0 -82.1480397,34.8990479,0 -82.147766,34.8991091,0 -82.14710359999999,34.8992728,0 -82.1467913,34.8993428,0 -82.1461269,34.8994658,0 -82.1457978,34.8995199,0 -82.144564,34.8997099,0 -82.13731249999999,34.9008576,0 -82.133843,34.901398,0 -82.129223,34.902121,0 -82.12885199999999,34.902183,0 -82.12848200000001,34.90225,0 -82.12843700000001,34.902259,0 -82.128114,34.902322,0 -82.127779,34.902394,0 -82.12744499999999,34.902471,0 -82.12711299999999,34.902553,0 -82.126514,34.902715,0 -82.12598,34.902873,0 -82.12530599999999,34.903089,0 -82.124728,34.903299,0 -82.12423,34.903497,0 -82.123722,34.903714,0 -82.12322,34.903939,0 -82.122641,34.904225,0 -82.12203599999999,34.904536,0 -82.1217,34.904738,0 -82.121021,34.905147,0 -82.118317,34.906907,0 -82.117249,34.907557,0 -82.11692840000001,34.9077729,0 -82.11664500000001,34.907948,0 -82.11651500000001,34.908032,0 -82.1161233,34.9082854,0 -82.114138,34.90957,0 -82.1116811,34.9111505,0 -82.110028,34.912204,0 -82.10898,34.912876,0 -82.10802700000001,34.913464,0 -82.10753800000001,34.913789,0 -82.10721599999999,34.914001,0 -82.10600100000001,34.914795,0 -82.10463900000001,34.915666,0 -82.103691,34.916276,0 -82.103112,34.916649,0 -82.102969,34.916741,0 -82.10288300000001,34.916796,0 -82.10071000000001,34.918183,0 -82.098573,34.919551,0 -82.0950967,34.9217784,0 -82.094893,34.921909,0 -82.09482199999999,34.921954,0 -82.09473300000001,34.922011,0 -82.09445289999999,34.9221901,0 -82.092439,34.923478,0 -82.09186699999999,34.923867,0 -82.091598,34.924053,0 -82.09129900000001,34.92426,0 -82.090216,34.925024,0 -82.09017299999999,34.925055,0 -82.089144,34.925799,0 -82.088086,34.926586,0 -82.08704,34.927385,0 -82.08308100000001,34.930384,0 -82.08282699999999,34.930592,0 -82.08237800000001,34.930935,0 -82.08188,34.9313162,0 -82.080873,34.932059,0 -82.080224,34.932586,0 -82.080012,34.932765,0 -82.079627,34.933113,0 -82.07925299999999,34.933468,0 -82.07893199999999,34.933787,0 -82.078776,34.93395,0 -82.07843,34.934328,0 -82.07807699999999,34.934744,0 -82.07773899999999,34.935168,0 -82.077708,34.93521,0 -82.077415,34.9356,0 -82.077107,34.93604,0 -82.07694499999999,34.936283,0 -82.0768951,34.9363659,0 -82.07670349999999,34.936684,0 -82.0765909,34.9368556,0 -82.0764327,34.9371274,0 -82.07618100000001,34.937526,0 -82.075943,34.937946,0 -82.0756892,34.9384156,0 -82.0752475,34.9392324,0 -82.07511580000001,34.939448,0 -82.0749502,34.9397216,0 -82.07387199999999,34.941503,0 -82.073384,34.942341,0 -82.073117,34.942811,0 -82.072581,34.943727,0 -82.07165999999999,34.945327,0 -82.07104699999999,34.946368,0 -82.07086820000001,34.9466755,0 -82.0706759,34.9470062,0 -82.069761,34.948567,0 -82.06949299999999,34.94899,0 -82.069209,34.949406,0 -82.068912,34.949816,0 -82.068614,34.950177,0 -82.068544,34.950269,0 -82.068388,34.950454,0 -82.068314,34.950536,0 -82.068254,34.950612,0 -82.067947,34.950954,0 -82.067767,34.951148,0 -82.06766,34.951271,0 -82.067548,34.95139,0 -82.067431,34.951505,0 -82.0672225,34.9516985,0 -82.067061,34.951845,0 -82.067008,34.951897,0 -82.066982,34.951922,0 -82.06694899999999,34.951954,0 -82.066682,34.9521997,0 -82.066408,34.952426,0 -82.06611599999999,34.952671,0 -82.065479,34.95317,0 -82.062979,34.955066,0 -82.059507,34.95772,0 -82.059353,34.957842,0 -82.05907999999999,34.958059,0 -82.0588687,34.9582136,0 -82.058637,34.958383,0 -82.058177,34.95869,0 -82.058027,34.958782,0 -82.05770200000001,34.958982,0 -82.05721200000001,34.959257,0 -82.056709,34.959514,0 -82.05619299999999,34.959754,0 -82.055665,34.959975,0 -82.055464,34.96005,0 -82.055413,34.960067,0 -82.055364,34.960088,0 -82.055126,34.960178,0 -82.05457699999999,34.960363,0 -82.05406000000001,34.960542,0 -82.053935,34.96059,0 -82.052668,34.961038,0 -82.052441,34.961115,0 -82.052352,34.961145,0 -82.052221,34.96119,0 -82.05203299999999,34.961254,0 -82.051875,34.961307,0 -82.05165,34.961396,0 -82.051211,34.961555,0 -82.0502784,34.9618725,0 -82.04939899999999,34.962171,0 -82.04898799999999,34.96229,0 -82.048574,34.962403,0 -82.048158,34.96251,0 -82.04787899999999,34.962577,0 -82.047315,34.962695,0 -82.046795,34.962787,0 -82.046086,34.962897,0 -82.04575800000001,34.962942,0 -82.045716,34.962947,0 -82.045429,34.962982,0 -82.04510000000001,34.963017,0 -82.04477,34.963047,0 -82.0447169,34.9630511,0 -82.044208,34.96309,0 -82.041973,34.963261,0 -82.04040999999999,34.963367,0 -82.03958609999999,34.9634326,0 -82.03546799999999,34.963667,0 -82.03506899999999,34.963728,0 -82.03467499999999,34.963806,0 -82.03428700000001,34.963901,0 -82.033905,34.964014,0 -82.033531,34.964143,0 -82.03316700000001,34.964289,0 -82.0330045,34.9643664,0 -82.032813,34.96445,0 -82.03245389999999,34.9646187,0 -82.03205869999999,34.9648045,0 -82.0318389,34.9649372,0 -82.0313716,34.965209,0 -82.0306545,34.9657179,0 -82.0301213,34.9661479,0 -82.0296482,34.9665643,0 -82.02879419999999,34.9672673,0 -82.02838939999999,34.9676201,0 -82.02797099999999,34.967939,0 -82.027383,34.968407,0 -82.027315,34.968461,0 -82.026667,34.96899,0 -82.026028,34.969525,0 -82.025398,34.970068,0 -82.0240836,34.9712298,0 -82.02327099999999,34.971948,0 -82.02134,34.973656,0 -82.02094099999999,34.974018,0 -82.020529,34.974372,0 -82.020144,34.974685,0 -82.020107,34.974716,0 -82.0197402,34.975051,0 -82.01931879999999,34.9754146,0 -82.01886039999999,34.9757351,0 -82.01842499999999,34.9760142,0 -82.01801829999999,34.976234,0 -82.0176579,34.9764284,0 -82.0174035,34.9765709,0 -82.01691099999999,34.9767696,0 -82.0158375,34.9771568,0 -82.0152617,34.9773333,0 -82.01449580000001,34.9775081,0 -82.0137177,34.9776627,0 -82.01224139999999,34.9779763,0 -82.0121723,34.977996,0 -82.01209559999999,34.978006,0 -82.01129039999999,34.9781599,0 -82.01071709999999,34.9782927,0 -82.01030919999999,34.9783652,0 -82.0097516,34.9785142,0 -82.00914849999999,34.978621,0 -82.00855660000001,34.9787617,0 -82.0079324,34.9788861,0 -82.0067397,34.9792382,0 -82.0063217,34.9793351,0 -82.005476,34.979655,0 -82.00517499999999,34.979855,0 -82.004884,34.980066,0 -82.004259,34.980556,0 -82.00391860000001,34.9808034,0 -82.0035847,34.9810879,0 -82.0032391,34.9814395,0 -82.00299529999999,34.9817224,0 -82.0027879,34.9820494,0 -82.0025555,34.9824149,0 -82.00236150000001,34.9827894,0 -82.00219250000001,34.9831499,0 -82.0020145,34.9835527,0 -82.0014967,34.9856544,0 -82.0013969,34.986178,0 -82.00130059999999,34.986627,0 -82.0012069,34.9870379,0 -82.0010996,34.9874857,0 -82.00099520000001,34.9879618,0 -82.00085780000001,34.988371,0 -82.0007494,34.9886495,0 -82.0006144,34.9889292,0 -82.0004751,34.9891828,0 -82.0003394,34.9894292,0 -82.00014729999999,34.9896839,0 -81.9999924,34.9899419,0 -81.9998001,34.9901966,0 -81.9996208,34.9904258,0 -81.9990785,34.9909585,0 -81.99857900000001,34.9914345,0 -81.99785180000001,34.992097,0 -81.99750779999999,34.9924386,0 -81.99714520000001,34.9928017,0 -81.9965921,34.9933187,0 -81.9960973,34.9937655,0 -81.9957651,34.9941045,0 -81.9953294,34.9945298,0 -81.9943774,34.9953993,0 -81.9933944,34.996309,0 -81.9923782,34.997324,0 -81.9918782,34.9977712,0 -81.9911671,34.9984457,0 -81.99033799999999,34.9992,0 -81.9900459,34.9995066,0 -81.98972670000001,34.9997974,0 -81.98923550000001,35.0002349,0 -81.98870479999999,35.0007864,0 -81.9883119,35.0011265,0 -81.987876,35.001497,0 -81.987089,35.002279,0 -81.986288,35.003051,0 -81.985445,35.003843,0 -81.984618,35.004647,0 -81.98380899999999,35.005463,0 -81.98055960000001,35.0083874,0 -81.97981059999999,35.0090994,0 -81.97936060000001,35.0095474,0 -81.9789006,35.0099904,0 -81.9788386,35.0100484,0 -81.9784326,35.0104264,0 -81.9779556,35.0108564,0 -81.9776916,35.0111044,0 -81.9774086,35.0113384,0 -81.9771076,35.0115574,0 -81.9767896,35.0117584,0 -81.97645660000001,35.0119434,0 -81.9761096,35.0121094,0 -81.9757506,35.0122574,0 -81.9751973,35.0124224,0 -81.9748159,35.0125216,0 -81.974017,35.012638,0 -81.9732236,35.0127344,0 -81.9724128,35.0127364,0 -81.9716178,35.0127301,0 -81.9712892,35.0127302,0 -81.9707521,35.0127205,0 -81.969995,35.0127218,0 -81.969194,35.0127241,0 -81.96749699999999,35.012706,0 -81.96581500000001,35.012673,0 -81.96375380000001,35.0126761,0 -81.9624798,35.012656,0 -81.96203730000001,35.0126523,0 -81.9610887,35.0126398,0 -81.9599977,35.0126447,0 -81.958404,35.0126516,0 -81.957365,35.0126546,0 -81.95652459999999,35.0126352,0 -81.95526630000001,35.0126111,0 -81.95399399999999,35.012612,0 -81.95271700000001,35.012611,0 -81.951902,35.0126,0 -81.951087,35.01258,0 -81.95026729999999,35.0125433,0 -81.9497384,35.0125102,0 -81.9491,35.0124958,0 -81.94787169999999,35.0124301,0 -81.9471003,35.0124061,0 -81.9462766,35.0123586,0 -81.94595990000001,35.0123343,0 -81.9454903,35.0123211,0 -81.94471230000001,35.0123051,0 -81.943343,35.012244,0 -81.941969,35.012203,0 -81.940597,35.01214,0 -81.937918,35.011977,0 -81.9370437,35.0119581,0 -81.93660800000001,35.0119315,0 -81.93611129999999,35.0119151,0 -81.93529700000001,35.011884,0 -81.9339923,35.0118449,0 -81.93297200000001,35.0118062,0 -81.9321339,35.0117574,0 -81.93112259999999,35.0117226,0 -81.9299503,35.0117055,0 -81.9289461,35.0116608,0 -81.9263816,35.0115157,0 -81.92436789999999,35.0114261,0 -81.92234500000001,35.0113557,0 -81.92049280000001,35.0112801,0 -81.9189501,35.0112562,0 -81.91724379999999,35.0111817,0 -81.91502250000001,35.0110689,0 -81.9140809,35.0110515,0 -81.9133212,35.0110535,0 -81.91264409999999,35.0110963,0 -81.9119592,35.0111727,0 -81.9111205,35.0112766,0 -81.91046059999999,35.0114078,0 -81.9093426,35.0116798,0 -81.9081918,35.0120118,0 -81.90625989999999,35.0127852,0 -81.9043104,35.0137996,0 -81.9028589,35.0145739,0 -81.901589,35.015303,0 -81.899923,35.01618,0 -81.89975800000001,35.016263,0 -81.899322,35.016484,0 -81.898363,35.017014,0 -81.89622199999999,35.018147,0 -81.893784,35.019441,0 -81.89358799999999,35.019545,0 -81.887456,35.0228,0 -81.886573,35.023272,0 -81.885795,35.023672,0 -81.88509999999999,35.023995,0 -81.884513,35.02424,0 -81.884023,35.024429,0 -81.883528,35.024608,0 -81.883027,35.024777,0 -81.882464,35.024952,0 -81.881992,35.025084,0 -81.8805493,35.0254407,0 -81.878704,35.025897,0 -81.876671,35.026395,0 -81.87627000000001,35.026488,0 -81.8751061,35.0267749,0 -81.87384,35.027087,0 -81.87268299999999,35.02737,0 -81.8709654,35.0277862,0 -81.863941,35.029508,0 -81.862066,35.029972,0 -81.860013,35.030507,0 -81.8595301,35.0306288,0 -81.85913600000001,35.030725,0 -81.85819100000001,35.030947,0 -81.85704800000001,35.031207,0 -81.856151,35.031417,0 -81.85491399999999,35.031721,0 -81.853849,35.031975,0 -81.85114,35.032641,0 -81.85084139999999,35.0327159,0 -81.8491925,35.0331291,0 -81.848693,35.033242,0 -81.848248,35.033352,0 -81.84746699999999,35.033547,0 -81.845597,35.033996,0 -81.842569,35.034684,0 -81.84002,35.035303,0 -81.83716800000001,35.036007,0 -81.836853,35.036085,0 -81.835931,35.036332,0 -81.834909,35.036631,0 -81.834686,35.036705,0 -81.83439300000001,35.036811,0 -81.83368299999999,35.037051,0 -81.83353200000001,35.037115,0 -81.833265,35.03721,0 -81.832787,35.037392,0 -81.83203,35.037696,0 -81.83174699999999,35.037806,0 -81.830488,35.038324,0 -81.828534,35.039128,0 -81.828249,35.039237,0 -81.82698000000001,35.03976,0 -81.823463,35.041194,0 -81.82314700000001,35.041328,0 -81.821704,35.041918,0 -81.82119899999999,35.042117,0 -81.8207815,35.0422828,0 -81.8172489,35.0436859,0 -81.81350930000001,35.0452285,0 -81.80820490000001,35.0474164,0 -81.806279,35.0482108,0 -81.8030431,35.0495148,0 -81.79991649999999,35.0507629,0 -81.7880408,35.0556185,0 -81.7868059,35.0561028,0 -81.7856257,35.0566825,0 -81.78253580000001,35.0585267,0 -81.7661878,35.0682833,0 -81.76488209999999,35.0690312,0 -81.7634522,35.0698796,0 -81.76103519999999,35.0713478,0 -81.75959880000001,35.0720375,0 -81.7579195,35.0725757,0 -81.7572778,35.0727293,0 -81.7564708,35.0728773,0 -81.7558432,35.0729729,0 -81.7531767,35.0733229,0 -81.7511327,35.0735814,0 -81.7485898,35.0739294,0 -81.7325716,35.0760894,0 -81.7306499,35.0763042,0 -81.72853979999999,35.0766243,0 -81.7257481,35.0770025,0 -81.72454639999999,35.0772484,0 -81.72331320000001,35.0775383,0 -81.720899,35.0781076,0 -81.7186241,35.0786883,0 -81.71770170000001,35.0789095,0 -81.71649979999999,35.0791976,0 -81.7111783,35.080497,0 -81.70999810000001,35.0808482,0 -81.7086248,35.0813047,0 -81.70682239999999,35.0820598,0 -81.70525600000001,35.08285,0 -81.7037969,35.0836226,0 -81.70326470000001,35.0839718,0 -81.70262,35.0843408,0 -81.6992908,35.0861159,0 -81.6899128,35.0914744,0 -81.68465310000001,35.094381,0 -81.6838108,35.0948046,0 -81.6829685,35.0952282,0 -81.6805153,35.0961413,0 -81.6791205,35.09651,0 -81.6778223,35.0968655,0 -81.6767548,35.0970454,0 -81.6756444,35.0971771,0 -81.6742926,35.0972649,0 -81.67268319999999,35.0972649,0 -81.6718841,35.0972182,0 -81.67028000000001,35.0971244,0 -81.66845669999999,35.0969783,0 -81.6680569,35.0969463,0 -81.6677289,35.09692,0 -81.66573099999999,35.09676,0 -81.66378109999999,35.0966223,0 -81.663579,35.096608,0 -81.6630198,35.0965686,0 -81.6609459,35.0964222,0 -81.6592507,35.0963695,0 -81.6578028,35.0964355,0 -81.6565306,35.0965937,0 -81.6551738,35.0968962,0 -81.65405800000001,35.0972298,0 -81.6527705,35.097774,0 -81.64798089999999,35.0997881,0 -81.64397289999999,35.1014256,0 -81.643091,35.1017167,0 -81.64210610000001,35.1019522,0 -81.64116660000001,35.1021019,0 -81.64017339999999,35.1021819,0 -81.6373346,35.1022964,0 -81.6367087,35.1023216,0 -81.6315778,35.102473,0 -81.6300786,35.1025324,0 -81.6252649,35.1026891,0 -81.6233919,35.102772,0 -81.6221657,35.1028997,0 -81.6217578,35.1029807,0 -81.6214066,35.1030617,0 -81.6206758,35.1032584,0 -81.61954780000001,35.1036797,0 -81.6160754,35.1052854,0 -81.6151047,35.1056918,0 -81.61458,35.1058983,0 -81.61407680000001,35.1060873,0 -81.61288450000001,35.106519,0 -81.6126216,35.1066052,0 -81.6123951,35.1066877,0 -81.60635430000001,35.1087545,0 -81.6055186,35.1090615,0 -81.6047482,35.1093426,0 -81.6038386,35.1096062,0 -81.6029553,35.1097921,0 -81.60183000000001,35.1099219,0 -81.60067119999999,35.1099681,0 -81.6000705,35.1099921,0 -81.59817409999999,35.1100554,0 -81.5932684,35.1102027,0 -81.5882902,35.1104134,0 -81.58730319999999,35.1105187,0 -81.58625170000001,35.1107967,0 -81.58554359999999,35.1109926,0 -81.58470680000001,35.1113437,0 -81.5838914,35.1117299,0 -81.5835455,35.111948,0 -81.5828614,35.1123793,0 -81.5771376,35.1171317,0 -81.5756342,35.1183936,0 -81.5739724,35.1197688,0 -81.573334,35.1202822,0 -81.5730346,35.1205029,0 -81.5727538,35.1207122,0 -81.57224290000001,35.1210572,0 -81.57170139999999,35.1214081,0 -81.5710919,35.1217628,0 -81.5704466,35.1221188,0 -81.5697639,35.1224556,0 -81.569188,35.1227217,0 -81.5684826,35.1230157,0 -81.56801,35.1231969,0 -81.56742060000001,35.1234011,0 -81.5663143,35.1237674,0 -81.56471550000001,35.124294,0 -81.5624232,35.1250589,0 -81.5596228,35.1259839,0 -81.5565158,35.1270275,0 -81.5543407,35.1277076,0 -81.55218410000001,35.1284167,0 -81.5504737,35.1289758,0 -81.5496168,35.1292671,0 -81.5490156,35.129444,0 -81.54827450000001,35.1296444,0 -81.5473429,35.1298734,0 -81.5458797,35.1302319,0 -81.54468970000001,35.1305311,0 -81.542006,35.1311939,0 -81.5305906,35.1339907,0 -81.5248828,35.1354055,0 -81.51788759999999,35.1371252,0 -81.5170452,35.1373347,0 -81.5162024,35.1375835,0 -81.5156447,35.1377821,0 -81.51430070000001,35.1382826,0 -81.5129191,35.1389044,0 -81.51044159999999,35.1400178,0 -81.50753210000001,35.1413617,0 -81.504187,35.1428872,0 -81.50316599999999,35.1433786,0 -81.502764,35.1435743,0 -81.5019977,35.1439667,0 -81.5013539,35.1443324,0 -81.5001123,35.145059,0 -81.4982753,35.1461793,0 -81.48992819999999,35.1512147,0 -81.48700839999999,35.1529679,0 -81.48455,35.1544412,0 -81.4834791,35.1551033,0 -81.4830329,35.1553885,0 -81.48236970000001,35.1557903,0 -81.4811991,35.1564807,0 -81.4786469,35.1580039,0 -81.4772502,35.1588331,0 -81.47658269999999,35.1591655,0 -81.4761682,35.1593509,0 -81.4757652,35.1595162,0 -81.47517790000001,35.1597287,0 -81.474684,35.1598691,0 -81.474203,35.1599824,0 -81.47373279999999,35.1600777,0 -81.4732556,35.1601444,0 -81.4727853,35.1601985,0 -81.4721469,35.1602297,0 -81.4715846,35.1602387,0 -81.4710848,35.1602383,0 -81.47061309999999,35.1602226,0 -81.4702018,35.1601935,0 -81.4698805,35.1601683,0 -81.4694119,35.160115,0 -81.46904790000001,35.1600699,0 -81.46861850000001,35.1600019,0 -81.4675596,35.159803,0 -81.4670512,35.159713,0 -81.4649758,35.1593272,0 -81.4646565,35.1592737,0 -81.4643487,35.1592239,0 -81.4640218,35.1591711,0 -81.46362910000001,35.1591303,0 -81.4632829,35.1591009,0 -81.462721,35.1590952,0 -81.46242580000001,35.159108,0 -81.4621367,35.1591309,0 -81.46149680000001,35.1592082,0 -81.4610593,35.1592824,0 -81.4606502,35.1593633,0 -81.46034109999999,35.1594424,0 -81.45986449999999,35.1595737,0 -81.4595468,35.159675,0 -81.4592129,35.1597962,0 -81.45890489999999,35.15993,0 -81.4581216,35.1602978,0 -81.4577015,35.1605233,0 -81.4573546,35.1607321,0 -81.4567289,35.1611186,0 -81.45589029999999,35.1616284,0 -81.4552565,35.162009,0 -81.4545026,35.1624452,0 -81.454078,35.1626953,0 -81.452105,35.1639116,0 -81.4503576,35.1650009,0 -81.4493947,35.1655649,0 -81.4490957,35.1657247,0 -81.44835740000001,35.1661116,0 -81.44767419999999,35.1664263,0 -81.4471791,35.1666284,0 -81.4465964,35.166862,0 -81.44613339999999,35.1670341,0 -81.4454569,35.1672544,0 -81.44477740000001,35.1674546,0 -81.4440268,35.1676531,0 -81.442643,35.1679652,0 -81.4408102,35.1683943,0 -81.43831489999999,35.1689696,0 -81.4365663,35.1693686,0 -81.4347904,35.1697802,0 -81.43325059999999,35.1701232,0 -81.4315679,35.1704663,0 -81.4303384,35.1706836,0 -81.42970889999999,35.1708016,0 -81.4284779,35.171008,0 -81.4261229,35.1714647,0 -81.42486150000001,35.1717324,0 -81.42376969999999,35.1720694,0 -81.4226097,35.1725688,0 -81.4217366,35.17298,0 -81.4210258,35.1734061,0 -81.4201595,35.1739796,0 -81.41925860000001,35.1747074,0 -81.41774770000001,35.1759745,0 -81.4169953,35.1766098,0 -81.414627,35.1784891,0 
				
					-81.4670512,35.159713,0 -81.4649758,35.1593272,0 -81.4646565,35.1592737,0 -81.4643487,35.1592239,0 -81.4640218,35.1591711,0 -81.46362910000001,35.1591303,0 -81.4632829,35.1591009,0 -81.462721,35.1590952,0 -81.46242580000001,35.159108,0 -81.4621367,35.1591309,0 -81.46149680000001,35.1592082,0 -81.4610593,35.1592824,0 -81.4606502,35.1593633,0 -81.46034109999999,35.1594424,0 -81.45986449999999,35.1595737,0 -81.4595468,35.159675,0 -81.4592129,35.1597962,0 -81.45890489999999,35.15993,0 -81.4581216,35.1602978,0 -81.4577015,35.1605233,0 -81.4573546,35.1607321,0 -81.4567289,35.1611186,0 -81.45589029999999,35.1616284,0 -81.4552565,35.162009,0 -81.4545026,35.1624452,0 -81.454078,35.1626953,0 -81.452105,35.1639116,0 -81.4503576,35.1650009,0 -81.4493947,35.1655649,0 -81.4490957,35.1657247,0 -81.44835740000001,35.1661116,0 -81.44767419999999,35.1664263,0 -81.4471791,35.1666284,0 -81.4465964,35.166862,0 -81.44613339999999,35.1670341,0 -81.4454569,35.1672544,0 -81.44477740000001,35.1674546,0 -81.4440268,35.1676531,0 -81.442643,35.1679652,0 -81.4408102,35.1683943,0 -81.43831489999999,35.1689696,0 -81.4365663,35.1693686,0 -81.4347904,35.1697802,0 -81.43325059999999,35.1701232,0 -81.4315679,35.1704663,0 -81.4303384,35.1706836,0 -81.42970889999999,35.1708016,0 -81.4284779,35.171008,0 -81.4261229,35.1714647,0 -81.42486150000001,35.1717324,0 -81.42376969999999,35.1720694,0 -81.4226097,35.1725688,0 -81.4217366,35.17298,0 -81.4210258,35.1734061,0 -81.4201595,35.1739796,0 -81.41925860000001,35.1747074,0 -81.41774770000001,35.1759745,0 -81.4169953,35.1766098,0 -81.414627,35.1784891,0 -81.4141679,35.1789022,0 -81.41143080000001,35.1811804,0 -81.4092505,35.1829475,0 -81.4035664,35.1872683,0 -81.4034013,35.1873938,0 -81.397361,35.1919486,0 -81.39682070000001,35.1923333,0 -81.3955708,35.193087,0 -81.39439520000001,35.1937038,0 -81.39296059999999,35.1943534,0 -81.3917555,35.1948575,0 -81.3908967,35.195236,0 -81.3897987,35.1957091,0 -81.3889643,35.1960514,0 -81.3883122,35.1962671,0 -81.3874871,35.19654,0 -81.386534,35.1967162,0 -81.3860737,35.1967933,0 -81.3857562,35.1968391,0 -81.384753,35.196978,0 -81.37992,35.197744,0 -81.377099,35.198191,0 -81.373634,35.1987355,0 -81.37333599999999,35.198799,0 -81.3717599,35.199086,0 -81.370572,35.1993788,0 -81.370153,35.1995099,0 -81.3694402,35.1997269,0 -81.36878969999999,35.1999542,0 -81.36813189999999,35.2002158,0 -81.3677801,35.2003629,0 -81.367013,35.200765,0 -81.3663852,35.2010674,0 -81.36567650000001,35.2014495,0 -81.3641523,35.2023972,0 -81.363117,35.203156,0 -81.360452,35.205173,0 -81.359556,35.205851,0 -81.35780800000001,35.207174,0 -81.357444,35.207448,0 -81.356932,35.207834,0 -81.35662600000001,35.208065,0 -81.35647899999999,35.208175,0 -81.352754,35.210984,0 -81.35128709999999,35.2120979,0 -81.34560999999999,35.21638,0 -81.340976,35.219871,0 -81.33926,35.221171,0 -81.33823409999999,35.221972,0 -81.336747,35.223133,0 -81.335567,35.224024,0 -81.3345087,35.2248736,0 -81.333832,35.225333,0 -81.3328697,35.2261151,0 -81.331836,35.226835,0 -81.3312213,35.2273118,0 -81.32984260000001,35.2282201,0 -81.3281774,35.2291459,0 -81.32467269999999,35.2308002,0 -81.32378869999999,35.2312407,0 -81.3224433,35.2319169,0 -81.321411,35.232445,0 -81.318827,35.233698,0 -81.31804099999999,35.234095,0 -81.31751,35.23438,0 -81.317089,35.234629,0 -81.31647100000001,35.235016,0 -81.316031,35.235315,0 -81.315924,35.235384,0 -81.31547399999999,35.235713,0 -81.31524400000001,35.235889,0 -81.314683,35.236342,0 -81.314258,35.236704,0 -81.313986,35.23695,0 -81.313585,35.237339,0 -81.31325699999999,35.237675,0 -81.31301999999999,35.237927,0 -81.312701,35.238291,0 -81.312629,35.238373,0 -81.31223900000001,35.23886,0 -81.311858,35.239349,0 -81.31132599999999,35.240086,0 -81.31105100000001,35.240442,0 -81.310734,35.2408,0 -81.310598,35.240939,0 -81.31042100000001,35.241111,0 -81.310169,35.241345,0 -81.3098,35.241669,0 -81.30940699999999,35.242006,0 -81.30855200000001,35.242739,0 -81.308234,35.243001,0 -81.308184,35.243043,0 -81.307441,35.243633,0 -81.306876,35.244061,0 -81.306567,35.2442872,0 -81.3065,35.244338,0 -81.30549000000001,35.245049,0 -81.304585,35.245638,0 -81.303837,35.246085,0 -81.30264,35.246856,0 -81.302322,35.2470689,0 -81.3022088,35.2471446,0 -81.302014,35.247275,0 -81.301418,35.247653,0 -81.30019299999999,35.248441,0 -81.29948400000001,35.248902,0 -81.299279,35.249048,0 -81.299083,35.249196,0 -81.298903,35.249338,0 -81.298877,35.249361,0 -81.298557,35.2496272,0 -81.29784429999999,35.2503265,0 -81.2964925,35.2517625,0 -81.2955973,35.2526569,0 -81.295002,35.2531801,0 -81.29433400000001,35.2537331,0 -81.2932595,35.2545306,0 -81.2916056,35.2557385,0 -81.29093829999999,35.2562164,0 -81.29009480000001,35.2568205,0 -81.2882544,35.2581357,0 -81.2873876,35.2587469,0 -81.28679959999999,35.2591088,0 -81.2865742,35.2592364,0 -81.2855113,35.2598016,0 -81.2848631,35.2600821,0 -81.2841741,35.2603342,0 -81.283665,35.2604911,0 -81.2826489,35.2607565,0 -81.2820744,35.2608751,0 -81.2811829,35.2610053,0 -81.28016270000001,35.2611038,0 -81.2726953,35.2616368,0 -81.2726464,35.2616415,0 -81.2708379,35.2618155,0 -81.2700742,35.2619166,0 -81.2695701,35.2619936,0 -81.2685086,35.2621983,0 -81.2677332,35.2623596,0 -81.26686340000001,35.2625666,0 -81.2659271,35.2628272,0 -81.2650354,35.2631155,0 -81.2630157,35.2638738,0 -81.260564,35.2648154,0 -81.25360499999999,35.267531,0 -81.2515264,35.2683632,0 -81.2510956,35.2685303,0 -81.2366652,35.2741645,0 -81.2349608,35.2747916,0 -81.2331034,35.2754427,0 -81.2297818,35.2765827,0 -81.22598240000001,35.2778427,0 -81.2083161,35.2837295,0 -81.2051878,35.2847558,0 -81.20392320000001,35.2851277,0 -81.203215,35.2852976,0 -81.20241710000001,35.2854628,0 -81.2014314,35.2856303,0 -81.20047460000001,35.2857436,0 -81.1995842,35.2858144,0 -81.1986014,35.2858568,0 -81.19794520000001,35.2858592,0 -81.1969218,35.2858238,0 -81.1961038,35.2857672,0 -81.1945717,35.2855784,0 -81.1936408,35.2854085,0 -81.1926236,35.2851568,0 -81.1911278,35.2847458,0 -81.18826900000001,35.2837391,0 -81.18823089999999,35.2837242,0 -81.1871141,35.2833182,0 -81.1864812,35.2830913,0 -81.18498289999999,35.2825859,0 -81.18427,35.2823754,0 -81.1837082,35.2822544,0 -81.1829839,35.2821588,0 -81.18237999999999,35.2821337,0 -81.181928,35.2821429,0 -81.1814679,35.2821723,0 -81.181044,35.2822319,0 -81.1806162,35.2823172,0 -81.1801056,35.2824475,0 -81.179733,35.2825682,0 -81.1768507,35.2836079,0 -81.1766832,35.283661,0 -81.1764604,35.2837189,0 -81.1759833,35.2838299,0 -81.17560279999999,35.2838911,0 -81.17525190000001,35.2839329,0 -81.1748537,35.2839619,0 -81.17459340000001,35.2839683,0 -81.17432340000001,35.2839667,0 -81.17378909999999,35.2839313,0 -81.1733988,35.283883,0 -81.17301430000001,35.2838171,0 -81.1726338,35.2837302,0 -81.17213510000001,35.2835773,0 -81.171656,35.2833954,0 -81.1711986,35.2831814,0 -81.1708655,35.2829995,0 -81.17055790000001,35.2828016,0 -81.17006309999999,35.2824363,0 -81.1696274,35.2820323,0 -81.169308,35.2816847,0 -81.1687738,35.2810555,0 -81.1634193,35.2746259,0 -81.163163,35.2743507,0 -81.1629068,35.2741076,0 -81.1626189,35.2738711,0 -81.161996,35.2734413,0 -81.16153129999999,35.2731782,0 -81.1610589,35.2729627,0 -81.1593215,35.2723902,0 -81.1569538,35.2716347,0 -81.1555317,35.2711983,0 -81.1539911,35.2707255,0 -81.1531009,35.2704171,0 -81.1525472,35.2702058,0 -81.151877,35.2699058,0 -81.15158510000001,35.2697691,0 -81.14883140000001,35.2684502,0 -81.1474496,35.2678756,0 -81.146117,35.2673748,0 -81.144988,35.266985,0 -81.1415085,35.2660861,0 -81.1400414,35.265822,0 -81.13922410000001,35.2656952,0 -81.1367114,35.2652754,0 -81.1336708,35.2647858,0 -81.129113,35.264052,0 -81.1212855,35.2628037,0 -81.1179582,35.2622624,0 -81.115184,35.2618126,0 -81.112894,35.2614447,0 -81.1078492,35.2606393,0 -81.105448,35.260248,0 -81.10492480000001,35.2601687,0 -81.1041743,35.2600994,0 -81.1035019,35.2600741,0 -81.10283509999999,35.2600863,0 -81.10203300000001,35.2601509,0 -81.10150849999999,35.2602268,0 -81.1008544,35.2603477,0 -81.09993299999999,35.260576,0 -81.09793500000001,35.261117,0 -81.09165520000001,35.2627429,0 -81.0876377,35.2638068,0 -81.0869847,35.2639645,0 -81.0866056,35.2640564,0 -81.0860895,35.2641543,0 -81.0856982,35.2642142,0 -81.0852678,35.2642621,0 -81.0851333,35.2642721,0 -81.08413400000001,35.26431,0 -81.07979229999999,35.2642421,0 -81.077958,35.264216,0 -81.077594,35.264211,0 -81.07723900000001,35.264205,0 -81.07671910000001,35.2642006,0 -81.074771,35.264173,0 -81.072397,35.264162,0 -81.071444,35.264144,0 -81.069714,35.264123,0 -81.069005,35.264115,0 -81.06839890000001,35.2641051,0 -81.06407900000001,35.264052,0 -81.06393300000001,35.26405,0 -81.06328499999999,35.264028,0 -81.062523,35.263982,0 -81.062006,35.26394,0 -81.061041,35.263841,0 -81.060616,35.263782,0 -81.060417,35.263755,0 -81.059406,35.263585,0 -81.05928299999999,35.263562,0 -81.058942,35.263497,0 -81.05887,35.263482,0 -81.05801599999999,35.2633,0 -81.05719499999999,35.263097,0 -81.056496,35.262904,0 -81.056138,35.262798,0 -81.055657,35.262646,0 -81.055385,35.262556,0 -81.054789,35.262345,0 -81.054115,35.262089,0 -81.053551,35.261861,0 -81.052982,35.261619,0 -81.05264099999999,35.261465,0 -81.052525,35.261413,0 -81.052451,35.261379,0 -81.051109,35.260736,0 -81.0510833,35.2607237,0 -81.050952,35.260661,0 -81.04926759999999,35.2598447,0 -81.047034,35.258789,0 -81.045873,35.258247,0 -81.04427,35.257491,0 -81.043907,35.257328,0 -81.04364219999999,35.2572193,0 -81.04346,35.25715,0 -81.04334,35.257104,0 -81.04321899999999,35.257057,0 -81.043104,35.257018,0 -81.04245299999999,35.256817,0 -81.042162,35.256738,0 -81.041692,35.256626,0 -81.041048,35.25651,0 -81.04058000000001,35.25645,0 -81.04031000000001,35.256424,0 -81.04008399999999,35.256407,0 -81.039873,35.256397,0 -81.0394964,35.2563957,0 -81.039286,35.256395,0 -81.038757,35.256411,0 -81.0322101,35.2567058,0 -81.0311682,35.2567527,0 -81.027502,35.256985,0 -81.027203,35.256997,0 -81.0266263,35.2570338,0 -81.0227569,35.2571799,0 -81.01774500000001,35.257469,0 -81.0161471,35.2575612,0 -81.0125238,35.2577446,0 -81.01251689999999,35.257745,0 -81.010772,35.2578411,0 -81.01006599999999,35.25788,0 -81.009276,35.257921,0 -81.007694,35.257993,0 -81.00690729999999,35.2580296,0 -81.0061822,35.258049,0 -81.0053905,35.258062,0 -81.0042545,35.2580547,0 -81.0034886,35.258044,0 -81.0025162,35.2580215,0 -81.0017926,35.2579981,0 -81.0011368,35.2579705,0 -81.0005027,35.2579301,0 -80.9993314,35.2578394,0 -80.9978778,35.2577245,0 -80.99688949999999,35.2576135,0 -80.9959028,35.2574929,0 -80.995018,35.2573639,0 -80.9940783,35.2572247,0 -80.9929994,35.2570428,0 -80.9917622,35.2568079,0 -80.99052210000001,35.2565544,0 -80.98905860000001,35.2562179,0 -80.98826889999999,35.2560177,0 -80.9873384,35.2557672,0 -80.9863744,35.2555022,0 -80.9848405,35.2550365,0 -80.9837666,35.254687,0 -80.9828832,35.2543804,0 -80.9821924,35.2541279,0 -80.98178660000001,35.2539674,0 -80.9810042,35.2536579,0 -80.9790094,35.2528942,0 -80.97857399999999,35.2527275,0 -80.9776265,35.2523858,0 -80.9739969,35.2509947,0 -80.97227460000001,35.250335,0 -80.9706875,35.2497269,0 -80.9696783,35.249341,0 -80.9694044,35.2492157,0 -80.96837840000001,35.2488209,0 -80.96772609999999,35.2485707,0 -80.9673256,35.2484299,0 -80.9653654,35.2476899,0 -80.96407170000001,35.2471955,0 -80.9634507,35.2469678,0 -80.96136060000001,35.2461365,0 -80.9603716,35.2457821,0 -80.958877,35.2452069,0 -80.95839839999999,35.2450239,0 -80.955557,35.24396,0 -80.95517599999999,35.243818,0 -80.954348,35.243499,0 -80.953632,35.243228,0 -80.953518,35.243187,0 -80.953414,35.24315,0 -80.95325800000001,35.243082,0 -80.95209699999999,35.24264,0 -80.951008,35.242226,0 -80.950532,35.24206,0 -80.950022,35.241895,0 -80.94977900000001,35.24182,0 -80.94904,35.241616,0 -80.948554,35.241492,0 -80.948049,35.24138,0 -80.94775799999999,35.241316,0 -80.94723999999999,35.241219,0 -80.946628,35.24112,0 -80.946111,35.241048,0 -80.945588,35.240986,0 -80.9443078,35.2408796,0 -80.94327509999999,35.2408417,0 -80.94272669999999,35.2408475,0 -80.941631,35.240889,0 -80.94097499999999,35.240933,0 -80.940606,35.240964,0 -80.9393871,35.2410914,0 -80.9383086,35.2411975,0 -80.93537600000001,35.241488,0 -80.93516200000001,35.241515,0 -80.934028,35.241588,0 -80.93359,35.241605,0 -80.933159,35.241614,0 -80.9329,35.241614,0 -80.932698,35.241609,0 -80.93239800000001,35.241591,0 -80.932118,35.241568,0 -80.931681,35.241512,0 -80.931111,35.241413,0 -80.93066399999999,35.241317,0 -80.93019700000001,35.241198,0 -80.929607,35.241033,0 -80.929149,35.24091,0 -80.92829999999999,35.240672,0 -80.92578899999999,35.239994,0 -80.925242,35.239838,0 -80.92453,35.239645,0 -80.924381,35.239604,0 -80.924104,35.239538,0 -80.9222733,35.2390333,0 -80.9213752,35.2387895,0 -80.9204893,35.2385455,0 -80.9201389,35.2384513,0 -80.9197234,35.2383401,0 -80.91936579999999,35.2382476,0 -80.9191008,35.2381861,0 -80.9188458,35.2381309,0 -80.9185952,35.2380827,0 -80.9183381,35.2380397,0 -80.91793010000001,35.2379849,0 -80.9176326,35.2379548,0 -80.91736040000001,35.237933,0 -80.9170436,35.237915,0 -80.9167374,35.2379062,0 -80.9163264,35.2379068,0 -80.9160864,35.237912,0 -80.91585499999999,35.2379206,0 -80.91563650000001,35.2379381,0 -80.9154073,35.2379573,0 -80.915097,35.23799,0 -80.91476299999999,35.238036,0 -80.914337,35.238104,0 -80.91391520000001,35.238195,0 -80.9135259,35.238294,0 -80.912436,35.238607,0 -80.911294,35.238939,0 -80.91036099999999,35.239205,0 -80.90686719999999,35.240207,0 -80.9059189,35.2404871,0 -80.9036138,35.2411672,0 -80.90288099999999,35.2413819,0 -80.9021316,35.2416022,0 -80.9013046,35.2418465,0 -80.9011009,35.2419132,0 -80.9009494,35.241965,0 -80.9007678,35.2420343,0 -80.9006045,35.2421018,0 -80.9004343,35.2421788,0 -80.9001999,35.2422939,0 -80.90004570000001,35.2423727,0 -80.8998295,35.2424911,0 -80.8997246,35.2425518,0 -80.8995189,35.2426821,0 -80.8993241,35.2428159,0 -80.89913110000001,35.2429576,0 -80.8990306,35.2430394,0 -80.8988499,35.2431894,0 -80.89875739999999,35.2432731,0 -80.89864470000001,35.2433795,0 -80.89852639999999,35.2435002,0 -80.898403,35.2436285,0 -80.89828249999999,35.2437564,0 -80.8981996,35.243851,0 -80.89812019999999,35.2439456,0 -80.89802539999999,35.2440715,0 -80.8979238,35.2442129,0 -80.8978429,35.2443355,0 -80.897752,35.2444785,0 -80.8976739,35.2446088,0 -80.89756939999999,35.244804,0 -80.89751459999999,35.2449145,0 -80.89743989999999,35.2450716,0 -80.8973728,35.2452079,0 -80.8969456,35.2461192,0 -80.8967494,35.2465321,0 -80.8964546,35.2471476,0 -80.8963066,35.2474614,0 -80.89601140000001,35.248076,0 -80.8958205,35.2484795,0 -80.89562050000001,35.2488935,0 -80.8954189,35.2493126,0 -80.895225,35.249728,0 -80.895044,35.250085,0 -80.894863,35.250395,0 -80.89473599999999,35.250574,0 -80.894531,35.250843,0 -80.894312,35.251094,0 -80.894131,35.251268,0 -80.893845,35.251529,0 -80.89360600000001,35.251718,0 -80.89338499999999,35.251884,0 -80.89319,35.252016,0 -80.89300799999999,35.252133,0 -80.892777,35.252262,0 -80.89241199999999,35.252452,0 -80.892301,35.25251,0 -80.89182099999999,35.252732,0 -80.891611,35.252827,0 -80.891059,35.253094,0 -80.89072899999999,35.253247,0 -80.89015999999999,35.253533,0 -80.88973900000001,35.25376,0 -80.88955,35.253856,0 -80.889303,35.254,0 -80.888958,35.2542,0 -80.888656,35.254428,0 -80.888514,35.254538,0 -80.88815700000001,35.254841,0 -80.887441,35.25548,0 -80.887146,35.255726,0 -80.886625,35.256203,0 -80.88642900000001,35.256365,0 -80.886315,35.256473,0 -80.886222,35.256561,0 -80.885807,35.256934,0 -80.88569099999999,35.257035,0 -80.8854863,35.2572132,0 -80.8852546,35.2574227,0 -80.88503350000001,35.2576226,0 -80.88473399999999,35.257894,0 -80.88448099999999,35.258124,0 -80.88404199999999,35.258475,0 -80.8837,35.258715,0 -80.883494,35.25885,0 -80.883032,35.25913,0 -80.882822,35.25925,0 -80.882328,35.25949,0 -80.88203900000001,35.259618,0 -80.88160999999999,35.259846,0 -80.88064900000001,35.26038,0 -80.88042900000001,35.260524,0 -80.880263,35.260639,0 -80.879735,35.261006,0 -80.879589,35.261115,0 -80.879431,35.261245,0 -80.87899,35.261624,0 -80.878694,35.261904,0 -80.878236,35.262297,0 -80.87762600000001,35.26284,0 -80.876965,35.263459,0 -80.876243,35.264112,0 -80.875711,35.264584,0 -80.87532,35.264931,0 -80.874859,35.26536,0 -80.874511,35.26565,0 -80.874106,35.266004,0 -80.87383,35.266234,0 -80.873492,35.266493,0 -80.873271,35.266649,0 -80.872896,35.266895,0 -80.87267199999999,35.267026,0 -80.872463,35.267138,0 -80.872258,35.267238,0 -80.87205299999999,35.267345,0 -80.87179500000001,35.26747,0 -80.871414,35.267635,0 -80.871033,35.267779,0 -80.870845,35.267844,0 -80.870679,35.267896,0 -80.870452,35.267967,0 -80.870226,35.268033,0 -80.87003199999999,35.268084,0 -80.869579,35.268186,0 -80.869097,35.268286,0 -80.866855,35.268721,0 -80.8658755,35.2689135,0 -80.8643598,35.2692031,0 -80.8578278,35.270451,0 -80.8551174,35.2709688,0 -80.8545999,35.2710508,0 -80.85146880000001,35.271649,0 -80.8505007,35.2718508,0 -80.84616320000001,35.2726794,0 -80.8455447,35.2727807,0 -80.8452107,35.2728445,0 -80.8448726,35.2729039,0 -80.8445299,35.2729538,0 -80.8442058,35.2729971,0 -80.84393059999999,35.2730244,0 -80.84365940000001,35.2730428,0 -80.84305670000001,35.2730764,0 -80.8428072,35.2730808,0 -80.8425464,35.2730743,0 -80.8423094,35.273065,0 -80.8382591,35.2728416,0 -80.8366953,35.2727389,0 -80.8357379,35.2726861,0 -80.8354753,35.2726752,0 -80.83521399999999,35.2726697,0 -80.8349442,35.2726689,0 -80.8346815,35.2726744,0 -80.8344144,35.2726859,0 -80.8341563,35.2727024,0 -80.8338916,35.2727257,0 -80.8336255,35.2727558,0 -80.833359,35.2727918,0 -80.833097,35.2728335,0 -80.8328376,35.2728804,0 -80.8325708,35.2729346,0 -80.83228699999999,35.2729947,0 -80.83030909999999,35.2734137,0 -80.8267568,35.2741661,0 -80.82487519999999,35.2745817,0 -80.82298350000001,35.2749824,0 -80.82180200000001,35.275222,0 -80.820651,35.275473,0 -80.815969,35.276456,0 -80.81459700000001,35.276751,0 -80.814103,35.276837,0 -80.813632,35.276902,0 -80.813407,35.276926,0 -80.812985,35.276952,0 -80.812557,35.276964,0 -80.812059,35.276964,0 -80.811577,35.276952,0 -80.811195,35.276918,0 -80.80971889999999,35.2767383,0 -80.80962599999999,35.276727,0 -80.80825400000001,35.276573,0 -80.806471,35.276383,0 -80.805575,35.27628,0 -80.80494969999999,35.2762171,0 -80.8047435,35.2762106,0 -80.8044075,35.2762012,0 -80.8037393,35.2762251,0 -80.80319299999999,35.276267,0 -80.802775,35.276317,0 -80.80247799999999,35.276363,0 -80.80212,35.276429,0 -80.801678,35.276527,0 -80.80145899999999,35.276582,0 -80.799134,35.277203,0 -80.79797000000001,35.277511,0 -80.79703600000001,35.277765,0 -80.79643299999999,35.277919,0 -80.795346,35.278238,0 -80.79386,35.278639,0 -80.793672,35.27869,0 -80.7930222,35.2788712,0 -80.792287,35.279065,0 -80.791533,35.279254,0 -80.79089999999999,35.279424,0 -80.790634,35.279497,0 -80.790476,35.279539,0 -80.789373,35.279829,0 -80.788032,35.280194,0 -80.787446,35.280357,0 -80.786435,35.280624,0 -80.784454,35.281159,0 -80.7842,35.281227,0 -80.78378499999999,35.281333,0 -80.7830081,35.2815508,0 -80.782205,35.281776,0 -80.78119100000001,35.282067,0 -80.78074599999999,35.282186,0 -80.77998700000001,35.2824,0 -80.77955900000001,35.282515,0 -80.779055,35.282664,0 -80.778013,35.282951,0 -80.77785799999999,35.282998,0 -80.77770599999999,35.283049,0 -80.777148,35.283251,0 -80.777083,35.283274,0 -80.776529,35.283496,0 -80.776259,35.283622,0 -80.776117,35.283695,0 -80.775837,35.283855,0 -80.77569,35.283947,0 -80.77539299999999,35.28415,0 -80.77509499999999,35.284372,0 -80.774956,35.284483,0 -80.774869,35.284557,0 -80.774783,35.284631,0 -80.774689,35.284714,0 -80.77439800000001,35.284985,0 -80.77412200000001,35.285267,0 -80.773956,35.285445,0 -80.773725,35.285718,0 -80.773436,35.28605,0 -80.773171,35.286372,0 -80.77284,35.28675,0 -80.772712,35.286903,0 -80.77242699999999,35.287219,0 -80.77218000000001,35.287504,0 -80.77204999999999,35.287662,0 -80.771923,35.287815,0 -80.771664,35.288122,0 -80.769721,35.290359,0 -80.76928409999999,35.2908695,0 -80.7689244,35.2912941,0 -80.767684,35.292713,0 -80.76631500000001,35.294293,0 -80.7659738,35.2947775,0 -80.7657554,35.295011,0 -80.7654141,35.295451,0 -80.76509710000001,35.2958812,0 -80.76476769999999,35.2963786,0 -80.76456589999999,35.2967012,0 -80.764323,35.2971179,0 -80.7640636,35.2975951,0 -80.7638371,35.298079,0 -80.7636107,35.2985797,0 -80.7634625,35.2989426,0 -80.76321950000001,35.2995979,0 -80.76275010000001,35.3008984,0 -80.76110319999999,35.3054482,0 -80.76042630000001,35.3073205,0 -80.75971149999999,35.3092955,0 -80.7595913,35.3096057,0 -80.7594311,35.3099953,0 -80.7592506,35.3104159,0 -80.759041,35.3108459,0 -80.7588343,35.3112641,0 -80.75857809999999,35.3117558,0 -80.75843159999999,35.3119962,0 -80.7582302,35.3123678,0 -80.7580323,35.3126909,0 -80.75768290000001,35.3132184,0 -80.7573364,35.313703,0 -80.75705979999999,35.3140736,0 -80.75675699999999,35.3144514,0 -80.75647170000001,35.3148006,0 -80.7560903,35.3152092,0 -80.7553533,35.316008,0 -80.75388719999999,35.317622,0 -80.75219989999999,35.3194798,0 -80.7517276,35.319992,0 -80.7504596,35.3213931,0 -80.74876709999999,35.3232646,0 -80.7484439,35.3236233,0 -80.7481178,35.3240129,0 -80.7477976,35.3244001,0 -80.74756170000001,35.3247208,0 -80.7472386,35.3251531,0 -80.7470027,35.3254999,0 -80.7467436,35.3258942,0 -80.7464758,35.3263313,0 -80.74618100000001,35.3268335,0 -80.74595170000001,35.3272601,0 -80.7457217,35.327728,0 -80.74557609999999,35.3280392,0 -80.7454393,35.3283385,0 -80.74525,35.3287898,0 -80.7450753,35.3292482,0 -80.74487739999999,35.3297945,0 -80.74403580000001,35.3323103,0 -80.74389309999999,35.3327547,0 -80.743194,35.33465,0 -80.742998,35.335192,0 -80.742777,35.335814,0 -80.742592,35.336313,0 -80.742446,35.336684,0 -80.742254,35.337127,0 -80.74212540000001,35.3375266,0 -80.7417398,35.3383949,0 -80.741506,35.3388629,0 -80.74119210000001,35.3394323,0 -80.74093550000001,35.3398583,0 -80.74043500000001,35.3406891,0 -80.7403003,35.3408766,0 -80.7397519,35.3415683,0 -80.7393369,35.3420622,0 -80.738893,35.3425501,0 -80.7384898,35.3429709,0 -80.73807600000001,35.3433865,0 -80.7377728,35.3437072,0 -80.7374937,35.3440006,0 -80.7370026,35.3445163,0 -80.73636329999999,35.3451874,0 -80.73625490000001,35.3453055,0 -80.73609999999999,35.3454744,0 -80.73493620000001,35.3467049,0 -80.7326752,35.3490013,0 -80.7313383,35.3504329,0 -80.7308951,35.3508602,0 -80.7302996,35.3514633,0 -80.7298023,35.3519762,0 -80.7282453,35.3536027,0 -80.72807299999999,35.3537534,0 -80.72761800000001,35.3541515,0 -80.725538,35.35628,0 -80.724565,35.357292,0 -80.724204,35.357678,0 -80.723782,35.35811,0 -80.7234462,35.358455,0 -80.722933,35.358988,0 -80.7217933,35.3601658,0 -80.72127740000001,35.3606989,0 -80.720178,35.361835,0 -80.7194475,35.3626436,0 -80.7181563,35.3640268,0 -80.7169956,35.365174,0 -80.7161431,35.3660774,0 -80.7154742,35.366818,0 -80.71385909999999,35.3684224,0 -80.71328320000001,35.3689931,0 -80.71255069999999,35.3697633,0 -80.71224719999999,35.3700999,0 -80.7118704,35.3705336,0 -80.7113548,35.3711588,0 -80.7108214,35.3718293,0 -80.7102536,35.3725902,0 -80.7098898,35.3731143,0 -80.7096353,35.3734841,0 -80.70940299999999,35.373831,0 -80.7090871,35.3743304,0 -80.70880529999999,35.3747534,0 -80.7086327,35.3750595,0 -80.70829139999999,35.375665,0 -80.70790049999999,35.3763892,0 -80.7076687,35.3768792,0 -80.707424,35.377426,0 -80.7072151,35.3778543,0 -80.7070267,35.378288,0 -80.7068328,35.3787635,0 -80.70644059999999,35.379787,0 -80.70588309999999,35.3813218,0 -80.7053387,35.3828634,0 -80.7049133,35.384018,0 -80.7046241,35.3848562,0 -80.7043429,35.3856364,0 -80.70402,35.386574,0 -80.7033058,35.3885507,0 -80.7028825,35.389716,0 -80.70246950000001,35.3908652,0 -80.7019619,35.3922751,0 -80.70145530000001,35.3936671,0 -80.7010126,35.3949241,0 -80.70068879999999,35.3958594,0 -80.7004836,35.3964523,0 -80.6998579,35.3982597,0 -80.6995649,35.3991257,0 -80.6990945,35.4003262,0 -80.6988592,35.4008329,0 -80.6986673,35.4012142,0 -80.6984695,35.401591,0 -80.6981876,35.402079,0 -80.69790690000001,35.402503,0 -80.6976877,35.4028226,0 -80.6974072,35.4032135,0 -80.69707510000001,35.4036407,0 -80.6967899,35.4039856,0 -80.6965399,35.4042686,0 -80.6963662,35.4044599,0 -80.69604459999999,35.4048038,0 -80.69586390000001,35.4049881,0 -80.6954173,35.4054154,0 -80.69490930000001,35.4058691,0 -80.6945379,35.4061717,0 -80.6938717,35.4066178,0 -80.6933794,35.4069712,0 -80.6928521,35.4073211,0 -80.6920573,35.4078131,0 -80.69178700000001,35.40797,0 -80.69148130000001,35.4081227,0 -80.6909352,35.4084058,0 -80.69038999999999,35.4086695,0 -80.689851,35.408916,0 -80.68932909999999,35.4091165,0 -80.6886964,35.4093494,0 -80.688348,35.409485,0 -80.6879186,35.4096146,0 -80.68753220000001,35.4097385,0 -80.686556,35.4100633,0 -80.68557300000001,35.410386,0 -80.68494269999999,35.4105779,0 -80.683739,35.41099,0 -80.6825656,35.4113666,0 -80.6818375,35.4116267,0 -80.6812652,35.4118437,0 -80.680915,35.412006,0 -80.68037459999999,35.4122357,0 -80.6800389,35.4123796,0 -80.6797188,35.4125372,0 -80.6794062,35.4126936,0 -80.6787271,35.4130487,0 -80.67828780000001,35.4133025,0 -80.67760199999999,35.4137497,0 -80.677196,35.4140256,0 -80.67669359999999,35.4143978,0 -80.67654020000001,35.4145115,0 -80.67601689999999,35.4149126,0 -80.67522169999999,35.4156366,0 -80.6749063,35.4159325,0 -80.67438300000001,35.4164675,0 -80.6740805,35.4168196,0 -80.6736897,35.4172649,0 -80.6734707,35.4175423,0 -80.67324069999999,35.4178502,0 -80.67290060000001,35.4183329,0 -80.6726946,35.4186315,0 -80.6723365,35.4192005,0 -80.6720286,35.419734,0 -80.67157090000001,35.4204672,0 -80.670823,35.42177,0 -80.6699229,35.423261,0 -80.668745,35.425212,0 -80.66795,35.426549,0 -80.667433,35.427341,0 -80.66718299999999,35.42769,0 -80.666724,35.428283,0 -80.666539,35.428481,0 -80.666488,35.428535,0 -80.66609800000001,35.428994,0 -80.665519,35.429587,0 -80.66509600000001,35.42999,0 -80.66456700000001,35.430459,0 -80.66389599999999,35.431012,0 -80.663331,35.431455,0 -80.66172899999999,35.43264,0 -80.6609261,35.4331732,0 -80.6602319,35.4336441,0 -80.65965370000001,35.433998,0 -80.6589523,35.4344067,0 -80.6582952,35.434764,0 -80.65775600000001,35.4350569,0 -80.6568441,35.4355158,0 -80.6561253,35.4358676,0 -80.655511,35.436143,0 -80.65493170000001,35.4363943,0 -80.6543684,35.436638,0 -80.6535342,35.4369691,0 -80.65279990000001,35.4372479,0 -80.6520931,35.437498,0 -80.651764,35.4376094,0 -80.6513965,35.437723,0 -80.6510425,35.4378257,0 -80.6506455,35.4379328,0 -80.6501815,35.4380464,0 -80.6498301,35.4381273,0 -80.64955380000001,35.4381885,0 -80.6492746,35.4382454,0 -80.64897310000001,35.4382999,0 -80.64865260000001,35.4383567,0 -80.64799549999999,35.4384594,0 -80.6474778,35.438525,0 -80.64699229999999,35.4385796,0 -80.6464371,35.438619,0 -80.6458792,35.4386518,0 -80.6452999,35.4386714,0 -80.64419479999999,35.4386976,0 -80.6421134,35.4387457,0 -80.6407535,35.4387807,0 -80.6400749,35.4387982,0 -80.639686,35.4388113,0 -80.6392273,35.4388309,0 -80.63884640000001,35.4388508,0 -80.63810429999999,35.4389054,0 -80.63779599999999,35.4389337,0 -80.6372988,35.4389839,0 -80.63658270000001,35.439056,0 -80.63586119999999,35.4391413,0 -80.6353194,35.4392134,0 -80.6347829,35.439292,0 -80.6341204,35.4393969,0 -80.6335759,35.4394909,0 -80.6330341,35.4395892,0 -80.6324226,35.4397094,0 -80.631626,35.4398777,0 -80.6309795,35.4400263,0 -80.6302124,35.4402186,0 -80.629566,35.4403847,0 -80.6267524,35.4411561,0 -80.6234479,35.4420586,0 -80.6211412,35.4426835,0 -80.6179413,35.4435334,0 -80.61649300000001,35.4439101,0 -80.6119058,35.4451764,0 -80.609133,35.445937,0 -80.607772,35.4463,0 -80.60623870000001,35.4467234,0 -80.6048741,35.4470871,0 -80.604372,35.4472297,0 -80.6035419,35.4474569,0 -80.6027694,35.447671,0 -80.60225579999999,35.4478284,0 -80.6019017,35.4479431,0 -80.60148599999999,35.4480939,0 -80.60109970000001,35.4482446,0 -80.60080739999999,35.4483714,0 -80.60032990000001,35.4485877,0 -80.59999999999999,35.4487537,0 -80.5995467,35.4489919,0 -80.5991283,35.449241,0 -80.59879840000001,35.4494508,0 -80.5986094,35.4495741,0 -80.59817339999999,35.4498867,0 -80.5979267,35.4500735,0 -80.59769060000001,35.4502614,0 -80.59737680000001,35.4505301,0 -80.5970308,35.450847,0 -80.59665800000001,35.451225,0 -80.596363,35.4515418,0 -80.5961511,35.451793,0 -80.59593649999999,35.4520552,0 -80.5957192,35.4523436,0 -80.5954564,35.4527151,0 -80.5951506,35.4531761,0 -80.5946222,35.4539648,0 -80.5944002,35.4543051,0 -80.5941018,35.4547623,0 -80.5934285,35.4557639,0 -80.5927652,35.4567649,0 -80.5901202,35.4607252,0 -80.5874848,35.4647124,0 -80.58673140000001,35.4658601,0 -80.58618130000001,35.4666864,0 -80.58576549999999,35.4673155,0 -80.5854464,35.4678005,0 -80.58511540000001,35.4682873,0 -80.5834321,35.4708227,0 -80.5811582,35.4742577,0 -80.5791747,35.4772403,0 -80.5786787,35.4779893,0 -80.5781753,35.4787527,0 -80.5778772,35.4792072,0 -80.57761429999999,35.4795981,0 -80.57698670000001,35.4805461,0 -80.5763,35.4815792,0 -80.57560530000001,35.482621,0 -80.5748785,35.4837261,0 -80.57432059999999,35.4845582,0 -80.5738807,35.48522,0 -80.5734059,35.4859364,0 -80.57288560000001,35.4866899,0 -80.5724591,35.4872839,0 -80.5720943,35.4877797,0 -80.5717403,35.488247,0 -80.57124140000001,35.4888891,0 -80.57117409999999,35.4889738,0 -80.5707881,35.4894591,0 -80.5702034,35.4901798,0 -80.56976880000001,35.4907017,0 -80.5691439,35.491453,0 -80.5682963,35.4924816,0 -80.5669563,35.4940016,0 -80.5659818,35.4952817,0 -80.56553630000001,35.4958271,0 -80.5650347,35.4964342,0 -80.5644473,35.4971461,0 -80.5640477,35.4976593,0 -80.56380900000001,35.4979912,0 -80.5635193,35.4984432,0 -80.5632404,35.4989324,0 -80.5630472,35.4993145,0 -80.56288360000001,35.4996726,0 -80.5627361,35.5000417,0 -80.5625778,35.5004937,0 -80.5624292,35.5009266,0 -80.5623203,35.5013369,0 -80.5622549,35.5016182,0 -80.5622175,35.5019604,0 -80.56218800000001,35.5023871,0 -80.5621751,35.5026474,0 -80.5621675,35.5027995,0 -80.5621567,35.5031096,0 -80.56216480000001,35.5034611,0 -80.5621728,35.5036926,0 -80.56220500000001,35.5040769,0 -80.5622372,35.5043498,0 -80.5622855,35.5046686,0 -80.56234449999999,35.5049809,0 -80.5624115,35.5052844,0 -80.562484,35.5055486,0 -80.5625321,35.5057295,0 -80.5625996,35.5059429,0 -80.5627271,35.5064081,0 -80.56298409999999,35.5069875,0 -80.5633005,35.5076345,0 -80.56368209999999,35.5082362,0 -80.5649195,35.5099546,0 -80.5660934,35.5114904,0 -80.56701080000001,35.5128004,0 -80.56792419999999,35.5143325,0 -80.5682801,35.5149569,0 -80.5685675,35.5155631,0 -80.56923310000001,35.5168752,0 -80.570538,35.5200519,0 -80.5711944,35.5219379,0 -80.5717994,35.5238946,0 -80.5722937,35.5257033,0 -80.57254279999999,35.5267267,0 -80.57294349999999,35.5283316,0 -80.57348,35.5319014,0 -80.5736144,35.5331757,0 -80.5737032,35.5339403,0 -80.573712,35.5342814,0 -80.573719,35.5346094,0 -80.5737235,35.5349483,0 -80.5737285,35.5353863,0 -80.5737336,35.5358298,0 -80.5737254,35.5361572,0 -80.5737177,35.536369,0 -80.5736911,35.5369283,0 -80.5736065,35.5374618,0 -80.57353449999999,35.5380745,0 -80.5734839,35.5385301,0 -80.5733377,35.5395756,0 -80.5731399,35.5409595,0 -80.57281570000001,35.5430541,0 -80.5724173,35.5451576,0 -80.5723548,35.545468,0 -80.57195729999999,35.5474115,0 -80.57111500000001,35.5509817,0 -80.5705694,35.5529702,0 -80.570103,35.5544176,0 -80.5695652,35.5558106,0 -80.56893650000001,35.5572035,0 -80.5683157,35.5583874,0 -80.5677376,35.5593969,0 -80.5670463,35.5604719,0 -80.5662458,35.5616253,0 -80.565583,35.5624823,0 -80.56519969999999,35.5629778,0 -80.5639501,35.5645121,0 -80.56234860000001,35.5664518,0 -80.5611895,35.567849,0 -80.56068930000001,35.5684722,0 -80.5596664,35.5697467,0 -80.55887389999999,35.5707996,0 -80.5584466,35.5714359,0 -80.5580951,35.5720102,0 -80.55770920000001,35.5726183,0 -80.5574266,35.5731307,0 -80.55550789999999,35.5765751,0 -80.55475029999999,35.5779309,0 -80.55407839999999,35.5791263,0 -80.55365140000001,35.5798886,0 -80.5533825,35.5803066,0 -80.5530899,35.5807054,0 -80.55262329999999,35.5813551,0 -80.5520222,35.5820594,0 -80.5515635,35.582561,0 -80.5511027,35.5830034,0 -80.55064,35.5834375,0 -80.55018920000001,35.5838202,0 -80.5493232,35.5845374,0 -80.5490946,35.5847244,0 -80.5480421,35.5855857,0 -80.5459819,35.587334,0 -80.54475669999999,35.5883651,0 -80.5434109,35.5895403,0 -80.542163,35.5905489,0 -80.53946209999999,35.5928177,0 -80.5358124,35.5958834,0 -80.5327913,35.59843,0 -80.5309486,35.5999766,0 -80.5295646,35.6011276,0 -80.52723159999999,35.6030792,0 -80.52604530000001,35.6040662,0 -80.523906,35.605886,0 -80.52210119999999,35.6073822,0 -80.5218972,35.6075513,0 -80.5185809,35.6103649,0 -80.51623859999999,35.612335,0 -80.5142496,35.6139745,0 -80.5120352,35.6158583,0 -80.50907340000001,35.6183592,0 -80.5043124,35.622329,0 -80.5022094,35.6240852,0 -80.5011432,35.6250199,0 -80.5001056,35.6258846,0 -80.4996151,35.6262952,0 -80.4964301,35.6289615,0 -80.494387,35.630704,0 -80.49429430000001,35.6307831,0 -80.4941948,35.6308651,0 -80.4941031,35.6309426,0 -80.4922224,35.6325177,0 -80.49109869999999,35.6334606,0 -80.49006559999999,35.6343295,0 -80.4899751,35.6344077,0 -80.489834,35.6345273,0 -80.48969390000001,35.634645,0 -80.4895928,35.6347252,0 -80.48757519999999,35.6363898,0 -80.48495029999999,35.6386395,0 -80.48408980000001,35.6393501,0 -80.4836616,35.6396986,0 -80.4833718,35.6399921,0 -80.4822188,35.6409264,0 -80.4807879,35.6421248,0 -80.4800168,35.6427675,0 -80.4791706,35.6434745,0 -80.478095,35.6443742,0 -80.47696019999999,35.6452837,0 -80.4748649,35.6469783,0 -80.4740844,35.647558,0 -80.47234349999999,35.6488239,0 -80.471383,35.6494936,0 -80.46979210000001,35.6505961,0 -80.46665040000001,35.6527969,0 -80.4649695,35.6539238,0 -80.4634322,35.6550546,0 -80.461718,35.6561846,0 -80.4600222,35.6571771,0 -80.45897100000001,35.6577836,0 -80.4578005,35.6584524,0 -80.45712930000001,35.6588525,0 -80.45565620000001,35.6597025,0 -80.4520296,35.6617198,0 -80.4502595,35.6626195,0 -80.4490601,35.6631731,0 -80.4472169,35.6639567,0 -80.4462845,35.6643783,0 -80.445475,35.6647176,0 -80.4408622,35.6666698,0 -80.4406819,35.6667485,0 -80.4405933,35.6667871,0 -80.43899589999999,35.6674842,0 -80.4373092,35.6682172,0 -80.4359766,35.6687912,0 -80.4358884,35.6688292,0 -80.4357023,35.6689094,0 -80.43436490000001,35.6694876,0 -80.43329970000001,35.6699455,0 -80.43269890000001,35.6702035,0 -80.4315505,35.6707093,0 -80.4288258,35.6718983,0 -80.4268197,35.6727534,0 -80.42512309999999,35.6734537,0 -80.4240751,35.6739016,0 -80.4203971,35.6755199,0 -80.41511389999999,35.6777903,0 -80.4138011,35.6783659,0 -80.4129375,35.678824,0 -80.4115546,35.6796734,0 -80.41015109999999,35.6805923,0 -80.4098851,35.6808712,0 -80.4085516,35.6820027,0 -80.40795919999999,35.682565,0 -80.407083,35.6834824,0 -80.406543,35.6841021,0 -80.4058756,35.6849165,0 -80.40528260000001,35.6857132,0 -80.40473969999999,35.6865055,0 -80.40422839999999,35.687344,0 -80.4037665,35.6881621,0 -80.40325439999999,35.6891982,0 -80.4028481,35.6901505,0 -80.4015565,35.6937829,0 -80.4004716,35.6968854,0 -80.3997337,35.699032,0 -80.3989497,35.7009913,0 -80.3969321,35.706719,0 -80.3959811,35.7088851,0 -80.3958135,35.7092471,0 -80.3957789,35.7093224,0 -80.395729,35.7094285,0 -80.3956792,35.7095284,0 -80.3956287,35.7096318,0 -80.39557929999999,35.7097323,0 -80.39553069999999,35.7098345,0 -80.3954803,35.7099353,0 -80.3954289,35.7100388,0 -80.3953774,35.7101424,0 -80.3953257,35.7102442,0 -80.39527390000001,35.7103452,0 -80.39522150000001,35.7104486,0 -80.3951725,35.7105483,0 -80.3951189,35.7106503,0 -80.395065,35.7107536,0 -80.39501250000001,35.7108567,0 -80.3949593,35.7109547,0 -80.3949061,35.7110552,0 -80.3948522,35.7111554,0 -80.3947963,35.7112584,0 -80.3947419,35.7113581,0 -80.3946862,35.7114593,0 -80.39463069999999,35.7115606,0 -80.3945757,35.7116601,0 -80.3945181,35.7117624,0 -80.3944623,35.7118651,0 -80.3944071,35.7119629,0 -80.39434989999999,35.7120627,0 -80.39429250000001,35.7121633,0 -80.3942351,35.7122621,0 -80.39417709999999,35.712363,0 -80.39412040000001,35.7124618,0 -80.3940616,35.7125614,0 -80.3940035,35.7126602,0 -80.3939434,35.7127613,0 -80.393885,35.7128599,0 -80.3938259,35.7129599,0 -80.39376729999999,35.7130575,0 -80.3937059,35.7131572,0 -80.39364670000001,35.7132556,0 -80.3935853,35.7133547,0 -80.39352390000001,35.7134539,0 -80.39346310000001,35.7135531,0 -80.3934012,35.7136515,0 -80.39333910000001,35.7137499,0 -80.3932775,35.7138471,0 -80.3932138,35.7139471,0 -80.39315329999999,35.7140426,0 -80.3930896,35.7141418,0 -80.3930264,35.7142384,0 -80.3929626,35.7143364,0 -80.3928992,35.7144347,0 -80.39283469999999,35.714532,0 -80.3927687,35.7146317,0 -80.3927042,35.7147287,0 -80.3926398,35.7148243,0 -80.39257430000001,35.7149224,0 -80.39250989999999,35.7150186,0 -80.39244619999999,35.7151148,0 -80.3923793,35.7152137,0 -80.392314,35.7153103,0 -80.39224919999999,35.715407,0 -80.3921855,35.7155023,0 -80.392121,35.7155982,0 -80.3920569,35.715694,0 -80.3919916,35.7157919,0 -80.39192559999999,35.7158889,0 -80.39186050000001,35.7159857,0 -80.391795,35.7160841,0 -80.3917304,35.7161808,0 -80.39166489999999,35.7162774,0 -80.3916234,35.7163384,0 -80.39153279999999,35.7164717,0 -80.3914693,35.7165668,0 -80.3914036,35.7166644,0 -80.3913379,35.7167607,0 -80.3912717,35.7168556,0 -80.391206,35.71695,0 -80.3911385,35.7170473,0 -80.3910723,35.7171434,0 -80.39100639999999,35.7172378,0 -80.3909354,35.7173347,0 -80.3908701,35.7174288,0 -80.3908012,35.7175246,0 -80.3907324,35.7176204,0 -80.39066510000001,35.7177156,0 -80.3905962,35.7178096,0 -80.3905266,35.7179045,0 -80.390457,35.7179991,0 -80.3896987,35.7189888,0 -80.3886758,35.7202795,0 -80.38814480000001,35.7209202,0 -80.3875951,35.7215516,0 -80.3871726,35.7220275,0 -80.3862657,35.7230319,0 -80.38494586859996,35.72435365504587,0 -80.38326968240335,35.72593662222053,0 -80.38159646992551,35.72742478733271,0 -80.38012008945653,35.72862611361589,0 -80.37921949174172,35.72932915193824,0 
				
					-80.3792193,35.729324,0 -80.3760879,35.7316834,0 -80.36398440000001,35.7403039,0 -80.3570318,35.7452554,0 -80.3564652,35.7456625,0 -80.35592339999999,35.746087,0 -80.3554376,35.7464611,0 -80.3549202,35.7469164,0 -80.3525822,35.7491176,0 -80.3518201,35.7498647,0 -80.3481783,35.7532785,0 -80.3395877,35.7614411,0 -80.3389671,35.7620153,0 -80.3382141,35.762657,0 -80.33746240000001,35.7632406,0 -80.33473069999999,35.7652689,0 -80.33144679999999,35.7677441,0 -80.3309567,35.7681565,0 -80.3291389,35.7695298,0 -80.3283824,35.7700491,0 -80.3275927,35.7705139,0 -80.3268327,35.7708732,0 -80.3259261,35.7712335,0 -80.3249734,35.7715463,0 -80.32409629999999,35.7717813,0 -80.32019680000001,35.7726169,0 -80.3177898,35.7731263,0 -80.3175969,35.7731671,0 -80.31562169999999,35.7736143,0 -80.3121946,35.7743916,0 -80.3105609,35.7747594,0 -80.31002530000001,35.77488,0 -80.3073832,35.7754165,0 -80.3046736,35.7759806,0 -80.30211749999999,35.7763726,0 -80.3003276,35.7765192,0 -80.2991932,35.7765929,0 -80.2984537,35.7766273,0 -80.2956587,35.7766584,0 -80.2946407,35.7766676,0 -80.2908175,35.7766399,0 -80.2840873,35.7766399,0 -80.2801623,35.7766399,0 -80.27577359999999,35.7766215,0 -80.2739464,35.7766694,0 -80.27232360000001,35.7768151,0 -80.26921299999999,35.7774879,0 -80.2656726,35.7786217,0 -80.2621774,35.7796725,0 -80.2607689,35.7800503,0 -80.25844688859752,35.78068775335171,0 -80.25624376163701,35.78127629932762,0 -80.25399133984851,35.78189341311038,0 
				
					-80.2539834,35.7818981,0 -80.2529033,35.7821406,0 -80.2499011,35.7829584,0 -80.247826,35.7834851,0 -80.2456206,35.7840428,0 -80.24273959999999,35.7848049,0 -80.2399753,35.785517,0 -80.2387768,35.7858288,0 -80.235906,35.7865691,0 -80.23480840000001,35.7868516,0 -80.23327949999999,35.7872328,0 -80.2297087,35.7881475,0 -80.2282472,35.7885534,0 -80.2272009,35.788933,0 -80.2261462,35.789444,0 -80.2248412,35.7902216,0 -80.2230471,35.7913505,0 -80.2211702,35.79263,0 -80.2189334,35.7939715,0 -80.2177853,35.7946873,0 -80.2161804,35.7955081,0 -80.2144115,35.7963766,0 -80.21314769999999,35.7968756,0 -80.2124668,35.7971115,0 -80.21055130000001,35.7978176,0 -80.2097705,35.798048,0 -80.20769199999999,35.7986614,0 -80.204452,35.7996566,0 -80.2023186,35.8002984,0 -80.1986184,35.8013945,0 -80.19731710000001,35.8017984,0 -80.1968656,35.8019354,0 -80.196122,35.8021662,0 -80.19424050000001,35.8026943,0 -80.19252520000001,35.803176,0 -80.1892955,35.8042016,0 -80.1880793,35.8046419,0 -80.18718749999999,35.805075,0 -80.1861334,35.8057134,0 -80.185692,35.8060143,0 -80.18505759999999,35.8065072,0 -80.1846661,35.8068465,0 -80.18439859999999,35.8070959,0 -80.18414110000001,35.8073478,0 -80.18372859999999,35.8077772,0 -80.18339450000001,35.8081372,0 -80.1830744,35.8084795,0 -80.1822997,35.809327,0 -80.18173849999999,35.8099322,0 -80.1806921,35.8110117,0 -80.1794218,35.8124059,0 -80.17921579999999,35.8126211,0 -80.178656,35.8132057,0 -80.1766111,35.8154475,0 -80.1746742,35.8175166,0 -80.1730977,35.8191896,0 -80.1725211,35.8197032,0 -80.16940390000001,35.8222823,0 -80.16873560000001,35.8227331,0 -80.1662058,35.8244393,0 -80.1629446,35.8266843,0 -80.16079809999999,35.8280821,0 -80.1592095,35.829019,0 -80.15796899999999,35.829656,0 -80.15746540000001,35.8298914,0 -80.1570261,35.8300846,0 -80.1552671,35.8307813,0 -80.1524002,35.8317204,0 -80.1499819,35.8325551,0 -80.1489569,35.8329333,0 -80.1458818,35.8342636,0 -80.14302139999999,35.8357343,0 -80.1408826,35.8370474,0 -80.1400063,35.8375998,0 -80.1388115,35.8383707,0 -80.1379802,35.8389441,0 -80.13774669999999,35.8391318,0 -80.1372985,35.839454,0 -80.1369663,35.8397047,0 -80.1364859,35.8401502,0 -80.13604789999999,35.8405555,0 -80.13555150000001,35.841044,0 -80.1353009,35.8413182,0 -80.13505360000001,35.8415951,0 -80.13481109999999,35.8418731,0 -80.1342499,35.8425813,0 -80.133819,35.8431564,0 -80.1333568,35.8437718,0 -80.1327921,35.8445212,0 -80.1323539,35.8450779,0 -80.13206580000001,35.8454057,0 -80.1318254,35.8456706,0 -80.1315613,35.8459229,0 -80.13124910000001,35.8461828,0 -80.1307283,35.8465946,0 -80.1298429,35.8471722,0 -80.12948969999999,35.8473745,0 -80.1290079,35.8476084,0 -80.1283494,35.8478828,0 -80.1276663,35.8481122,0 -80.12713410000001,35.8482523,0 -80.1266737,35.8483611,0 -80.12567439999999,35.8485288,0 -80.1235247,35.8488458,0 -80.1220761,35.8490493,0 -80.1219668,35.8490647,0 -80.1206677,35.8492529,0 -80.1195713,35.8494015,0 -80.1182962,35.8495852,0 -80.117467,35.8497002,0 -80.1161201,35.8499018,0 -80.1152817,35.8500616,0 -80.1144986,35.8502528,0 -80.1131974,35.8506945,0 -80.11116029999999,35.8515619,0 -80.11068469999999,35.8517704,0 -80.1096604,35.8522022,0 -80.1086428,35.8526379,0 -80.1069717,35.8532074,0 -80.1059802,35.8534713,0 -80.10481009999999,35.8537356,0 -80.1044332,35.8538003,0 -80.10352210000001,35.8539567,0 -80.1021697,35.8541359,0 -80.097167,35.8544898,0 -80.0961437,35.8545623,0 -80.0941715,35.8547558,0 -80.09299780000001,35.8550164,0 -80.0917267,35.855344,0 -80.09033650000001,35.8558057,0 -80.0891884,35.856394,0 -80.08811040000001,35.8570249,0 -80.0863767,35.8582252,0 -80.0853158,35.8589399,0 -80.08490430000001,35.8592303,0 -80.08401720000001,35.8596843,0 -80.0834411,35.8599298,0 -80.0828661,35.8601449,0 -80.0822543,35.8603398,0 -80.0813273,35.8605498,0 -80.0804797,35.8606691,0 -80.07973250000001,35.8607258,0 -80.07935190000001,35.8607334,0 -80.07895499999999,35.8607277,0 -80.07824050000001,35.8606937,0 -80.07764040000001,35.8606426,0 -80.0767859,35.8605437,0 -80.07499079999999,35.8603393,0 -80.0729063,35.8601472,0 -80.072254,35.8600846,0 -80.07155710000001,35.8600086,0 -80.06753329999999,35.8595768,0 -80.06676520000001,35.8595113,0 -80.0643374,35.8592541,0 -80.0622238,35.8590319,0 -80.0606894,35.8588721,0 -80.0591304,35.8587173,0 -80.0581814,35.8586523,0 -80.0574111,35.8586413,0 -80.05656949999999,35.8586766,0 -80.0558363,35.8587371,0 -80.0551004,35.8588371,0 -80.0544811,35.858957,0 -80.0537879,35.8591068,0 -80.0532456,35.8592541,0 -80.0525339,35.8594739,0 -80.0518345,35.8597236,0 -80.0483282,35.8609921,0 -80.04604209999999,35.8618136,0 -80.0442027,35.8624803,0 -80.0423972,35.863132,0 -80.0404716,35.8638111,0 -80.0399293,35.8639959,0 -80.03922369999999,35.8642306,0 -80.03844119999999,35.8644803,0 -80.0350201,35.8654357,0 -80.03261000000001,35.866084,0 -80.0313507,35.8663659,0 -80.029157,35.866857,0 -80.0283089,35.8670033,0 -80.017495,35.868869,0 -80.01613,35.869203,0 -80.015879,35.869264,0 -80.014267,35.869779,0 -80.01400599999999,35.86989,0 -80.012332,35.870602,0 -80.0106447,35.8714988,0 -80.0092714,35.8724308,0 -80.0084131,35.8730985,0 -80.0076401,35.8737473,0 -80.0058885,35.875267,0 -80.0057266,35.8754075,0 -80.0049456,35.8760404,0 -80.00376060000001,35.8770647,0 -80.001632,35.8789216,0 -79.99905699999999,35.881208,0 -79.997888,35.882136,0 -79.9964398,35.8833773,0 -79.9956844,35.8839058,0 -79.9950836,35.8842952,0 -79.9939507,35.8849628,0 -79.9854424,35.8893912,0 -79.9826372,35.8908226,0 -79.9818461,35.8912283,0 -79.9810303,35.8916427,0 -79.9800195,35.8921621,0 -79.97909,35.8926361,0 -79.978061,35.8931599,0 -79.9773187,35.893531,0 -79.9760655,35.8941397,0 -79.9750968,35.8945917,0 -79.9743795,35.8949184,0 -79.97364949999999,35.8952388,0 -79.972938,35.8955467,0 -79.972081,35.8959076,0 -79.9703987,35.8964499,0 -79.96904259999999,35.896735,0 -79.9663132,35.8971522,0 -79.96556099999999,35.8972935,0 -79.9638526,35.8976483,0 -79.9621676,35.898063,0 -79.9605711,35.8985636,0 -79.9594467,35.8989877,0 -79.9582108,35.8995718,0 -79.9571894,35.9001975,0 -79.9565714,35.9006355,0 -79.9560135,35.9010666,0 -79.95550710000001,35.9015254,0 -79.9550007,35.9020052,0 -79.9545887,35.9025405,0 -79.9539364,35.9033609,0 -79.9529493,35.9051685,0 -79.9521762,35.9066164,0 -79.951836,35.9071601,0 -79.949259,35.911928,0 -79.948717,35.912864,0 -79.94839,35.913306,0 -79.9479743,35.9138987,0 -79.947311,35.914764,0 -79.946628,35.915448,0 -79.94543299999999,35.916599,0 -79.945311,35.916703,0 -79.944937,35.917006,0 -79.94450399999999,35.917328,0 -79.94422900000001,35.917533,0 -79.94367699999999,35.917911,0 -79.94292799999999,35.918384,0 -79.94240600000001,35.918687,0 -79.9414218,35.9192446,0 -79.9408186,35.9195864,0 -79.94012360000001,35.919978,0 -79.9394625,35.9203601,0 -79.93559999999999,35.922524,0 -79.9347528,35.9230018,0 -79.933036,35.9239805,0 -79.9315558,35.9248132,0 -79.9292119,35.9261394,0 -79.927082,35.927339,0 -79.9250205,35.9284981,0 -79.9241103,35.9290125,0 -79.9163583,35.9333941,0 -79.9141419,35.9346343,0 -79.908787,35.937656,0 -79.907838,35.93821,0 -79.907365,35.938512,0 -79.907123,35.938677,0 -79.90644399999999,35.93916,0 -79.906167,35.939375,0 -79.90600999999999,35.939497,0 -79.90538100000001,35.940022,0 -79.904979,35.940385,0 -79.90440099999999,35.940949,0 -79.90403499999999,35.941336,0 -79.903375,35.942095,0 -79.9028856,35.9427754,0 -79.90260170000001,35.9431812,0 -79.9023521,35.9435503,0 -79.9021264,35.9438847,0 -79.901759,35.944551,0 -79.901397,35.945291,0 -79.89671800000001,35.955805,0 -79.894837,35.960032,0 -79.894373,35.961093,0 -79.894226,35.961454,0 -79.89394299999999,35.962176,0 -79.89386399999999,35.9623922,0 -79.893663,35.962942,0 -79.893067,35.964789,0 -79.891786,35.96876,0 -79.891491,35.969676,0 -79.890783,35.971871,0 -79.888991,35.977425,0 -79.888616,35.978532,0 -79.888476,35.978899,0 -79.888322,35.979269,0 -79.887987,35.979988,0 -79.88779700000001,35.980352,0 -79.887496,35.980887,0 -79.887067,35.981572,0 -79.886708,35.982082,0 -79.886458,35.982416,0 -79.885935,35.983057,0 -79.88566,35.983369,0 -79.885367,35.983685,0 -79.88476199999999,35.98429,0 -79.8843277,35.9846685,0 -79.88363699999999,35.985268,0 -79.88319,35.985612,0 -79.8829049,35.9858093,0 -79.88257299999999,35.986039,0 -79.882075,35.986368,0 -79.881559,35.986709,0 -79.87709700000001,35.989358,0 -79.875214,35.990435,0 -79.874611,35.990792,0 -79.873442,35.991485,0 -79.8700236,35.9935248,0 -79.8694898,35.9938467,0 -79.86880530000001,35.9942916,0 -79.868064,35.994852,0 -79.8672778,35.9954259,0 -79.86522600000001,35.9969662,0 -79.86493400000001,35.997181,0 -79.863572,35.998202,0 -79.8633323,35.9983789,0 -79.8620049,35.9993586,0 -79.8616411,35.9996271,0 -79.8610944,36.0000842,0 -79.8607026,36.0003592,0 -79.860287,36.0006332,0 -79.859849,36.0008992,0 -79.85926910000001,36.0012245,0 -79.85879079999999,36.0014656,0 -79.85840279999999,36.0016519,0 -79.85805860000001,36.0017975,0 -79.85762939999999,36.001969,0 -79.8571324,36.0021485,0 -79.85647160000001,36.0023528,0 -79.855852,36.0025183,0 -79.85497220000001,36.0027228,0 -79.8542655,36.0028476,0 -79.8537346,36.002917,0 -79.851832,36.003059,0 -79.850391,36.003114,0 -79.85001699999999,36.003128,0 -79.846279,36.003278,0 -79.8391594,36.003579,0 -79.8382951,36.0036113,0 -79.8377402,36.0036292,0 -79.8371592,36.0036317,0 -79.8365817,36.0036321,0 -79.83617390000001,36.0036273,0 -79.8356991,36.0036162,0 -79.83533180000001,36.0036012,0 -79.8349132,36.0035775,0 -79.8345135,36.0035513,0 -79.83405190000001,36.003512,0 -79.8335675,36.0034574,0 -79.8308936,36.0031566,0 -79.8305211,36.0030701,0 -79.8298344,36.0029947,0 -79.8289587,36.0028923,0 -79.8281626,36.0028027,0 -79.8271281,36.0026827,0 -79.82457220000001,36.002425,0 -79.824214,36.0023843,0 -79.8214364,36.0020671,0 -79.8186236,36.0017462,0 -79.81763549999999,36.0016378,0 -79.81633100000001,36.001457,0 -79.81602700000001,36.001423,0 -79.81317900000001,36.001113,0 -79.81195,36.000991,0 -79.81016,36.00079,0 -79.807284,36.000458,0 -79.806642,36.000384,0 -79.80549999999999,36.000262,0 -79.804755,36.000182,0 -79.803809,36.000139,0 -79.802808,36.000094,0 -79.80094200000001,36.000126,0 -79.799494,36.000199,0 -79.79918000000001,36.000215,0 -79.798309,36.000265,0 -79.79776680000001,36.0003081,0 -79.793852,36.000503,0 -79.792575,36.000568,0 -79.791669,36.000615,0 -79.790031,36.000698,0 -79.78988099999999,36.000706,0 -79.788569,36.00076,0 -79.787986,36.000784,0 -79.78775,36.000789,0 -79.787539,36.000794,0 -79.786872,36.000825,0 -79.786027,36.000791,0 -79.78531099999999,36.000743,0 -79.784513,36.000669,0 -79.783406,36.00049,0 -79.782314,36.000246,0 -79.781239,35.999989,0 -79.779766,35.999641,0 -79.77871,35.999392,0 -79.778077,35.999243,0 -79.7772508,35.999052,0 -79.776073,35.998754,0 -79.77434700000001,35.998381,0 -79.773026,35.998047,0 -79.771837,35.997788,0 -79.771788,35.997777,0 -79.7705,35.997428,0 -79.769783,35.997301,0 -79.76848,35.997031,0 -79.767537,35.996905,0 -79.76620200000001,35.996755,0 -79.764786,35.996659,0 -79.763632,35.996639,0 -79.763437,35.996642,0 -79.763036,35.996648,0 -79.762705,35.996652,0 -79.762022,35.996662,0 -79.7617918,35.9966661,0 -79.7609001,35.9967192,0 -79.75979959999999,35.9968192,0 -79.75897399999999,35.9969079,0 -79.7583084,35.9969979,0 -79.7575614,35.997118,0 -79.75667730000001,35.9972912,0 -79.7560141,35.9974363,0 -79.7551392,35.9976534,0 -79.7543989,35.9978554,0 -79.7533596,35.9981732,0 -79.7525649,35.9984496,0 -79.7517083,35.9987824,0 -79.75102200000001,35.999049,0 -79.750953,35.999079,0 -79.74955199999999,35.999693,0 -79.748479,36.000254,0 -79.747963,36.000528,0 -79.747038,36.00102,0 -79.745521,36.002115,0 -79.7449,36.002583,0 -79.74409,36.003227,0 -79.743217,36.003998,0 -79.742694,36.004546,0 -79.741967,36.005382,0 -79.741389,36.00601,0 -79.740878,36.006654,0 -79.740082,36.007833,0 -79.739374,36.00895,0 -79.73747299999999,36.012001,0 -79.736794,36.013083,0 -79.736485,36.013557,0 -79.73480000000001,36.016338,0 -79.73422600000001,36.017338,0 -79.73323600000001,36.018966,0 -79.73274600000001,36.019706,0 -79.73220980000001,36.0205359,0 -79.73194650000001,36.0209089,0 -79.73151,36.021476,0 -79.73120299999999,36.021901,0 -79.730627,36.022569,0 -79.728402,36.02483,0 -79.727774,36.025337,0 -79.726862,36.026018,0 -79.72681799999999,36.02605,0 -79.7259292,36.0266751,0 -79.7247296,36.0274298,0 -79.7238996,36.0278948,0 -79.7236096,36.0280546,0 -79.722964,36.028389,0 -79.722482,36.028613,0 -79.721667,36.02898,0 -79.720703,36.029359,0 -79.7199521,36.0296492,0 -79.7192352,36.0298938,0 -79.7188409,36.0300213,0 -79.718279,36.030199,0 -79.71745,36.030426,0 -79.716435,36.030684,0 -79.71536999999999,36.030902,0 -79.714825,36.030995,0 -79.713351,36.031196,0 -79.712396,36.031292,0 -79.711873,36.031324,0 -79.710933,36.031381,0 -79.709942,36.031457,0 -79.70861499999999,36.031546,0 -79.707859,36.03159,0 -79.70628499999999,36.031711,0 -79.705429,36.031766,0 -79.7031252,36.0318962,0 -79.7019593,36.0319527,0 -79.7017613,36.0319637,0 -79.7006971,36.0320626,0 -79.7002267,36.0321173,0 -79.69981730000001,36.032172,0 -79.699316,36.0322565,0 -79.6987022,36.0323827,0 -79.6982658,36.0324891,0 -79.69782480000001,36.0326125,0 -79.6973599,36.0327532,0 -79.6968617,36.0329285,0 -79.6963999,36.0331072,0 -79.6959482,36.033297,0 -79.694731,36.0339,0 -79.69397600000001,36.034365,0 -79.693546,36.034662,0 -79.693085,36.035007,0 -79.693067,36.035022,0 -79.69243880000001,36.0355411,0 -79.691305,36.036743,0 -79.69085099999999,36.037351,0 -79.690411,36.038058,0 -79.68999599999999,36.038796,0 -79.68977700000001,36.039311,0 -79.68962310000001,36.0397315,0 -79.6895148,36.0400575,0 -79.6894104,36.0404024,0 -79.689245,36.040937,0 -79.688919,36.042036,0 -79.688497,36.0435,0 -79.6883684,36.0439143,0 -79.6881262,36.0446941,0 -79.687861,36.0455867,0 -79.687701,36.046104,0 -79.6872667,36.047558,0 -79.6871269,36.0480303,0 -79.6870413,36.0483193,0 -79.68687730000001,36.0488584,0 -79.6867505,36.0492752,0 -79.6866473,36.0496164,0 -79.68647470000001,36.0502131,0 -79.6862363,36.0510065,0 -79.6860429,36.0516284,0 -79.6858608,36.0521452,0 -79.6856779,36.0525846,0 -79.68553249999999,36.0528738,0 -79.6853332,36.0532723,0 -79.6851289,36.053619,0 -79.6849028,36.0539693,0 -79.6847355,36.0542167,0 -79.6845941,36.0544106,0 -79.68433640000001,36.0547396,0 -79.6840361,36.0550964,0 -79.6837373,36.0554115,0 -79.68351370000001,36.0556258,0 -79.68313759999999,36.0559885,0 -79.68266010000001,36.0563839,0 -79.6822927,36.056676,0 -79.6818035,36.0570227,0 -79.68123,36.0573866,0 -79.6808875,36.0575836,0 -79.68050119999999,36.0577989,0 -79.6800934,36.0580053,0 -79.6795657,36.0582564,0 -79.6789382,36.0585195,0 -79.6783902,36.0587187,0 -79.6778728,36.0588773,0 -79.6774381,36.0589991,0 -79.6769808,36.0590999,0 -79.6765879,36.0591801,0 -79.6760993,36.0592585,0 -79.6756798,36.0593222,0 -79.67524299999999,36.0593702,0 -79.67468359999999,36.0594162,0 -79.6741399,36.0594423,0 -79.673616,36.0594479,0 -79.6731065,36.0594403,0 -79.670676,36.059381,0 -79.670188,36.059372,0 -79.6685949,36.0593243,0 -79.6678792,36.0592717,0 -79.66504949999999,36.0591973,0 -79.6630894,36.059148,0 -79.65683300000001,36.0589917,0 -79.65601909999999,36.0589652,0 -79.65497910000001,36.0589406,0 -79.65357179999999,36.0589081,0 -79.6521959,36.0588658,0 -79.6515522,36.0588504,0 -79.6503936,36.0588227,0 -79.6468182,36.0587434,0 -79.646467,36.0587338,0 -79.64520899999999,36.058686,0 -79.644282,36.058619,0 -79.64350899999999,36.058553,0 -79.642419,36.058434,0 -79.642177,36.058408,0 -79.638141,36.057967,0 -79.636413,36.057787,0 -79.635752,36.057749,0 -79.63542099999999,36.05774,0 -79.634923,36.057741,0 -79.634427,36.057758,0 -79.63327099999999,36.057846,0 -79.625227,36.058546,0 -79.620555,36.058953,0 -79.619901,36.05901,0 -79.61905400000001,36.059084,0 -79.616218,36.059331,0 -79.6149983,36.0594371,0 -79.61359400000001,36.0595592,0 -79.61295200000001,36.059615,0 -79.61166299999999,36.059701,0 -79.611206,36.059767,0 -79.610866,36.059798,0 -79.60942369999999,36.0599244,0 -79.6087387,36.0599845,0 -79.60624900000001,36.060202,0 -79.605926,36.060224,0 -79.6033049,36.0603325,0 -79.6022729,36.0603439,0 -79.5995258,36.0603664,0 -79.59555400000001,36.060388,0 -79.595433,36.06039,0 -79.59458100000001,36.060403,0 -79.593931,36.060421,0 -79.592635,36.060487,0 -79.591987,36.060532,0 -79.591059,36.060617,0 -79.59009399999999,36.060721,0 -79.590018,36.06073,0 -79.58739,36.061032,0 -79.58163399999999,36.061695,0 -79.576065,36.062336,0 -79.57503800000001,36.062446,0 -79.574352,36.062496,0 -79.573999,36.062512,0 -79.573635,36.062529,0 -79.57272500000001,36.062539,0 -79.572233,36.062527,0 -79.57150900000001,36.062498,0 -79.571152,36.062472,0 -79.570866,36.062447,0 -79.56993300000001,36.062366,0 -79.56159,36.061579,0 -79.560822,36.061512,0 -79.560631,36.061495,0 -79.55951,36.061397,0 -79.555645,36.061035,0 -79.55467299999999,36.060982,0 -79.55390199999999,36.060969,0 -79.552938,36.060984,0 -79.552361,36.061014,0 -79.55197699999999,36.061041,0 -79.551211,36.061115,0 -79.550622,36.061184,0 -79.547729,36.061605,0 -79.546015,36.061857,0 -79.5438116,36.0621895,0 -79.54152999999999,36.062519,0 -79.5406711,36.0626377,0 -79.53924499999999,36.062849,0 -79.5389957,36.0628875,0 -79.5388684,36.0629048,0 -79.5380787,36.0630326,0 -79.5376163,36.0630981,0 -79.53711699999999,36.0631708,0 -79.53609659999999,36.0633226,0 -79.535061,36.063467,0 -79.53395399999999,36.063623,0 -79.533495,36.063683,0 -79.532764,36.06377,0 -79.53188900000001,36.063855,0 -79.53098900000001,36.063907,0 -79.530494,36.063934,0 -79.530216,36.063954,0 -79.529681,36.063981,0 -79.528825,36.064044,0 -79.527873,36.064104,0 -79.52697000000001,36.064156,0 -79.526365,36.0641951,0 -79.52630499999999,36.064199,0 -79.525693,36.064243,0 -79.52358099999999,36.064359,0 -79.52264599999999,36.064421,0 -79.5207869,36.0645352,0 -79.5203692,36.0645782,0 -79.519862,36.064628,0 -79.519801,36.064636,0 -79.51944899999999,36.064682,0 -79.519127,36.06473,0 -79.51852599999999,36.064831,0 -79.51783,36.064971,0 -79.5157633,36.0653842,0 -79.51513559999999,36.0655049,0 -79.513603,36.065783,0 -79.512286,36.066045,0 -79.51198599999999,36.066102,0 -79.51168199999999,36.066159,0 -79.5103323,36.0664206,0 -79.509649,36.066553,0 -79.50857000000001,36.066755,0 -79.508185,36.066819,0 -79.50745999999999,36.06692,0 -79.507009,36.066971,0 -79.50663,36.067009,0 -79.506022,36.067052,0 -79.50452199999999,36.067121,0 -79.502622,36.067197,0 -79.499961,36.067318,0 -79.498946,36.067361,0 -79.498075,36.067397,0 -79.497135,36.067459,0 -79.49687299999999,36.067483,0 -79.496466,36.067527,0 -79.495947,36.067591,0 -79.4949257,36.0677607,0 -79.494624,36.067786,0 -79.493858,36.067916,0 -79.49354599999999,36.067969,0 -79.493388,36.067997,0 -79.492943,36.068075,0 -79.4922941,36.068199,0 -79.4922492,36.0682068,0 -79.4914065,36.0683538,0 -79.489845,36.068597,0 -79.489572,36.068645,0 -79.489175,36.068709,0 -79.48722600000001,36.069037,0 -79.48654999999999,36.069136,0 -79.485851,36.069216,0 -79.48558800000001,36.069235,0 -79.48504699999999,36.069261,0 -79.484669,36.069268,0 -79.48436700000001,36.069269,0 -79.48424900000001,36.069266,0 -79.484039,36.069262,0 -79.483693,36.069248,0 -79.483299,36.06922,0 -79.483025,36.069195,0 -79.482891,36.069183,0 -79.48236900000001,36.069117,0 -79.481886,36.069047,0 -79.481433,36.068962,0 -79.480954,36.068857,0 -79.48068499999999,36.068792,0 -79.480403,36.068718,0 -79.480042,36.068613,0 -79.479141,36.068337,0 -79.479026,36.068302,0 -79.476247,36.067435,0 -79.47260799999999,36.066307,0 -79.46922859999999,36.0652523,0 -79.4687095,36.0650903,0 -79.468385,36.064989,0 -79.467859,36.064834,0 -79.467585,36.064764,0 -79.467265,36.064692,0 -79.46688,36.064616,0 -79.46654700000001,36.064559,0 -79.46626500000001,36.064519,0 -79.465816,36.06447,0 -79.465507,36.064449,0 -79.46489,36.064427,0 -79.464643,36.064423,0 -79.463939,36.064433,0 -79.463095,36.064466,0 -79.46218260000001,36.0644957,0 -79.460579,36.064548,0 -79.454311,36.064739,0 -79.453491,36.064759,0 -79.452674,36.064788,0 -79.448632,36.064912,0 -79.446141,36.064983,0 -79.443682,36.06506,0 -79.4425,36.06509,0 -79.44215699999999,36.065092,0 -79.441411,36.065082,0 -79.4406,36.065039,0 -79.439787,36.06497,0 -79.43910200000001,36.064885,0 -79.438451,36.064804,0 -79.436564,36.06453,0 -79.4346269,36.0642597,0 -79.43408119999999,36.064186,0 -79.432964,36.0640302,0 -79.43142539999999,36.0638072,0 -79.43091250000001,36.0637337,0 -79.43029850000001,36.0636464,0 -79.4295403,36.0635416,0 -79.42893530000001,36.0634558,0 -79.42846110000001,36.0633881,0 -79.427595,36.063267,0 -79.42656700000001,36.063142,0 -79.4251513,36.063031,0 -79.4245987,36.0629933,0 -79.42391240000001,36.062954,0 -79.4233109,36.0629279,0 -79.419929,36.062781,0 -79.419237,36.062748,0 -79.416816,36.06265,0 -79.416185,36.062611,0 -79.415556,36.062558,0 -79.415142,36.062514,0 -79.414497,36.062428,0 -79.413842,36.062325,0 -79.413061,36.062183,0 -79.412138,36.061986,0 -79.411343,36.061822,0 -79.41068,36.061679,0 -79.405799,36.06066,0 -79.40460899999999,36.060414,0 -79.403975,36.060279,0 -79.403572,36.060197,0 -79.402959,36.060063,0 -79.402469,36.059974,0 -79.401976,36.059899,0 -79.40148000000001,36.059838,0 -79.400982,36.059792,0 -79.4005844,36.0597668,0 -79.3998007,36.0597446,0 -79.3994203,36.0597489,0 -79.399325,36.05975,0 -79.398956,36.059763,0 -79.398466,36.059797,0 -79.39797799999999,36.059845,0 -79.397524,36.059901,0 -79.39710599999999,36.059966,0 -79.39639699999999,36.060094,0 -79.395296,36.060285,0 -79.39426,36.060466,0 -79.391868,36.0609,0 -79.38933299999999,36.06136,0 -79.388384,36.061538,0 -79.38815,36.061594,0 -79.38771850000001,36.0616956,0 -79.3873109,36.0617909,0 -79.3868519,36.0619157,0 -79.3864323,36.0620428,0 -79.3857903,36.062261,0 -79.3854235,36.0624043,0 -79.3851019,36.0625385,0 -79.3848093,36.0626657,0 -79.38452049999999,36.0628057,0 -79.38415329999999,36.062989,0 -79.3838916,36.0631201,0 -79.3834014,36.063405,0 -79.3825475,36.0639285,0 -79.381913,36.064328,0 -79.38044840000001,36.0652305,0 -79.3792694,36.0659581,0 -79.37866820000001,36.0663331,0 -79.3779122,36.0667919,0 -79.377594,36.066965,0 -79.37725,36.067146,0 -79.37697799999999,36.067278,0 -79.37663499999999,36.067434,0 -79.376257,36.067589,0 -79.3757255,36.0677982,0 -79.3752202,36.0679712,0 -79.3748162,36.068091,0 -79.3743846,36.0682108,0 -79.3739736,36.0683086,0 -79.37362090000001,36.0683836,0 -79.3732907,36.0684425,0 -79.3730429,36.0684867,0 -79.3729601,36.0684995,0 -79.3726614,36.0685457,0 -79.37233310000001,36.0685901,0 -79.37198600000001,36.06862,0 -79.371387,36.068661,0 -79.37116399999999,36.068673,0 -79.3703338,36.0686883,0 -79.3697816,36.0686905,0 -79.3686354,36.0686909,0 -79.36747010000001,36.0686918,0 -79.3635129,36.0686828,0 -79.3626641,36.0686768,0 -79.36119650000001,36.0686675,0 -79.35993689999999,36.0686658,0 -79.3584565,36.0686694,0 -79.35718900000001,36.068669,0 -79.35211200000001,36.068663,0 -79.349554,36.068658,0 -79.3487525,36.0686698,0 -79.3477343,36.0686681,0 -79.3468749,36.068668,0 -79.3461621,36.0686669,0 -79.3453954,36.0686637,0 -79.3449059,36.0686612,0 -79.3443139,36.0686585,0 -79.3388054,36.0686524,0 -79.3382249,36.0686456,0 -79.3376483,36.0686189,0 -79.33723380000001,36.0685902,0 -79.3367227,36.0685456,0 -79.3363851,36.0685089,0 -79.3360721,36.0684752,0 -79.33556539999999,36.0684073,0 -79.3350944,36.0683332,0 -79.3346639,36.0682562,0 -79.334104,36.06814,0 -79.333437,36.0680148,0 -79.3306561,36.0674601,0 -79.32888800000001,36.067105,0 -79.3271208,36.066756,0 -79.3257933,36.0664925,0 -79.32299999999999,36.0659374,0 -79.32172439999999,36.0656846,0 -79.32125689999999,36.0656056,0 -79.3208557,36.0655524,0 -79.3205174,36.065511,0 -79.320133,36.0654778,0 -79.3197315,36.0654488,0 -79.31939869999999,36.0654346,0 -79.3190171,36.0654249,0 -79.3186109,36.0654268,0 -79.3182363,36.065435,0 -79.3179015,36.0654505,0 -79.3175864,36.0654721,0 -79.3173288,36.065494,0 -79.31701409999999,36.0655291,0 -79.31663930000001,36.0655773,0 -79.316292,36.0656272,0 -79.31590319999999,36.0656946,0 -79.3156041,36.0657542,0 -79.3153995,36.0657978,0 -79.31484,36.065919,0 -79.314418,36.066038,0 -79.31394,36.066181,0 -79.31382000000001,36.066211,0 -79.313176,36.066407,0 -79.31111540000001,36.0670378,0 -79.3100345,36.0673608,0 -79.3091867,36.0676073,0 -79.3085329,36.0678016,0 -79.3078458,36.0679917,0 -79.30736640000001,36.0681048,0 -79.3069965,36.0681838,0 -79.3062027,36.0683458,0 -79.30580740000001,36.068411,0 -79.3054842,36.0684647,0 -79.3051499,36.0685102,0 -79.3048319,36.068549,0 -79.3044483,36.0685923,0 -79.3037786,36.0686488,0 -79.3032886,36.0686794,0 -79.30292439999999,36.068694,0 -79.30247249999999,36.0687042,0 -79.3020114,36.0687063,0 -79.30136299999999,36.068692,0 -79.30006229999999,36.0686318,0 -79.29919,36.0685867,0 -79.29913000000001,36.0685836,0 -79.29843940000001,36.068543,0 -79.29820100000001,36.068529,0 -79.29734790000001,36.0684905,0 -79.29606560000001,36.0684275,0 -79.2949404,36.068366,0 -79.2945112,36.0683452,0 -79.29354960000001,36.0682995,0 -79.292327,36.0682387,0 -79.29114749999999,36.0681719,0 -79.2899582,36.0681153,0 -79.289669,36.06809,0 -79.284103,36.067799,0 -79.283306,36.06779,0 -79.28294099999999,36.067797,0 -79.28248600000001,36.067819,0 -79.282032,36.067854,0 -79.28158000000001,36.067905,0 -79.281131,36.067969,0 -79.280727,36.068038,0 -79.280242,36.068132,0 -79.27976200000001,36.06824,0 -79.279286,36.068362,0 -79.27881600000001,36.068497,0 -79.2782,36.068713,0 -79.27793699999999,36.068807,0 -79.2751973,36.0697996,0 -79.2749376,36.0698899,0 -79.273528,36.07038,0 -79.27266899999999,36.070691,0 -79.2719558,36.070952,0 -79.2718399,36.0709944,0 -79.2713863,36.0711564,0 -79.271028,36.0712844,0 -79.2697775,36.0717367,0 -79.2688464,36.072061,0 -79.26836659999999,36.0722331,0 -79.2665042,36.0728952,0 -79.2641185,36.0737433,0 -79.263454,36.073978,0 -79.2623669,36.0743767,0 -79.261865,36.074552,0 -79.2608177,36.0749258,0 -79.2595261,36.0753834,0 -79.25859509999999,36.0757196,0 -79.2578159,36.0759774,0 -79.2573036,36.0761313,0 -79.25685300000001,36.076259,0 -79.25595420000001,36.076473,0 -79.2551551,36.0766366,0 -79.2543881,36.0767622,0 -79.2535649,36.0768711,0 -79.2526316,36.0769602,0 -79.2505001,36.0771358,0 -79.2484547,36.0773038,0 -79.2472708,36.0774017,0 -79.2461864,36.0774891,0 -79.2447817,36.0776066,0 -79.2438994,36.0776774,0 -79.2435894,36.0777023,0 -79.2434152,36.0777163,0 -79.24195589999999,36.0778342,0 -79.2390784,36.0780767,0 -79.23845350000001,36.0781294,0 -79.23636879999999,36.0782998,0 -79.2327949,36.0785897,0 -79.2309764,36.0787392,0 -79.2298912,36.0788267,0 -79.2255947,36.0791756,0 -79.2249401,36.0792194,0 -79.224802,36.0792241,0 -79.22445949999999,36.0792359,0 -79.2243728,36.0792389,0 -79.2238651,36.07924,0 -79.22329860000001,36.0792335,0 -79.2229742,36.0792225,0 -79.22248449999999,36.0791988,0 -79.22205030000001,36.0791675,0 -79.22163740000001,36.0791315,0 -79.22101739999999,36.0790601,0 -79.2205226,36.0789986,0 -79.2152693,36.0782994,0 -79.214023,36.0781435,0 -79.2036549,36.0767597,0 -79.2018717,36.0765205,0 -79.1993665,36.0761887,0 -79.1984525,36.0760647,0 -79.196804,36.075841,0 -79.19385560000001,36.0754599,0 -79.19259630000001,36.0752817,0 -79.1887459,36.0747764,0 -79.18703360000001,36.0745518,0 -79.1856229,36.0743634,0 -79.1848277,36.0742615,0 -79.1841926,36.0741769,0 -79.1834664,36.0740957,0 -79.1832984,36.0740741,0 -79.18281229999999,36.0740297,0 -79.18206139999999,36.0739605,0 -79.1809835,36.0738966,0 -79.1799299,36.0738479,0 -79.1784923,36.0737998,0 -79.17713329999999,36.0737397,0 -79.1761078,36.0737044,0 -79.17558649999999,36.073687,0 -79.17469989999999,36.0736575,0 -79.1741408,36.0736347,0 -79.173433,36.073607,0 -79.17001519999999,36.0734764,0 -79.16960640000001,36.0734603,0 -79.1692303,36.0734476,0 -79.1666584,36.0733348,0 -79.1647808,36.0732459,0 -79.163892,36.07321,0 -79.16321910000001,36.0731705,0 -79.1625712,36.0731117,0 -79.1619841,36.0730493,0 -79.1614344,36.0729746,0 -79.1611856,36.0729348,0 -79.1608293,36.0728704,0 -79.1604633,36.0728015,0 -79.15996440000001,36.0727084,0 -79.15951,36.0726054,0 -79.1589001,36.0724557,0 -79.15821680000001,36.0722625,0 -79.1575876,36.0720655,0 -79.1571639,36.0719191,0 -79.1565947,36.0717088,0 -79.15606320000001,36.0714992,0 -79.15535130000001,36.0711813,0 -79.1544892,36.0707776,0 -79.15250159999999,36.069829,0 -79.1522678,36.0697178,0 -79.15180669999999,36.0694988,0 -79.150965,36.0691005,0 -79.1499525,36.0686155,0 -79.149586,36.06844,0 -79.1481258,36.0677419,0 -79.14663830000001,36.067034,0 -79.145143,36.0663307,0 -79.14392890000001,36.0657423,0 -79.14231719999999,36.0649696,0 -79.1405875,36.0641555,0 -79.13919730000001,36.0634818,0 -79.1377541,36.0627687,0 -79.1367071,36.0622533,0 -79.13558209999999,36.0617151,0 -79.1353821,36.0616215,0 -79.13509139999999,36.0614854,0 -79.1339655,36.0609584,0 -79.1334943,36.060727,0 -79.1321781,36.0601164,0 -79.1316607,36.0598662,0 -79.1311245,36.0596331,0 -79.1308533,36.0595215,0 -79.130537,36.0594155,0 -79.1305014,36.0594035,0 -79.1303142,36.0593532,0 -79.13025140000001,36.0593363,0 -79.1299983,36.0592712,0 -79.12978200000001,36.0592213,0 -79.1295568,36.0591751,0 -79.1290953,36.0591088,0 -79.1286989,36.0590705,0 -79.1281161,36.0590429,0 -79.1275493,36.0590417,0 -79.12670060000001,36.0590525,0 -79.1259524,36.0590629,0 -79.1256838,36.0590666,0 -79.12555810000001,36.0590676,0 -79.1212688,36.0591031,0 -79.11946450000001,36.0591272,0 -79.1185033,36.0591368,0 -79.11793369999999,36.059141,0 -79.1161828,36.0591536,0 -79.11563169999999,36.0591565,0 -79.1150264,36.0591547,0 -79.114622,36.0591475,0 -79.11416130000001,36.0591336,0 -79.1136729,36.0591094,0 -79.1131937,36.0590739,0 -79.11271929999999,36.0590314,0 -79.1120475,36.0589545,0 -79.1116631,36.0589025,0 -79.11112079999999,36.0588147,0 -79.11056600000001,36.058708,0 -79.1098021,36.0585397,0 -79.1090865,36.0583627,0 -79.10851409999999,36.0582116,0 -79.10799539999999,36.0580714,0 -79.1071615,36.0578387,0 -79.1057751,36.0574369,0 -79.1044156,36.0570257,0 -79.1039124,36.0568728,0 -79.1013713,36.0561343,0 -79.10101,36.0560382,0 -79.10061570000001,36.0559493,0 -79.0999649,36.0558293,0 -79.0996815,36.0557945,0 -79.09926919999999,36.0557476,0 -79.0987518,36.0557122,0 -79.0983868,36.0557039,0 -79.0980246,36.0557043,0 -79.0976694,36.0557141,0 -79.0973096,36.0557346,0 -79.0969149,36.0557665,0 -79.0965437,36.0558137,0 -79.09618070000001,36.0558712,0 -79.095883,36.0559269,0 -79.09550900000001,36.0560041,0 -79.09516790000001,36.0560804,0 -79.0948314,36.0561737,0 -79.0943133,36.0563303,0 -79.0937952,36.0565019,0 -79.091989,36.057062,0 -79.0910602,36.057356,0 -79.09029959999999,36.0575859,0 -79.0897848,36.0577498,0 -79.0890125,36.0579854,0 -79.0882718,36.058228,0 -79.08767,36.0584098,0 -79.08697069999999,36.0586141,0 -79.08655539999999,36.0587129,0 -79.0862228,36.0587854,0 -79.0858468,36.0588509,0 -79.08552,36.0588975,0 -79.0852142,36.0589277,0 -79.0849138,36.0589554,0 -79.0845953,36.0589756,0 -79.0843362,36.0589889,0 -79.08405449999999,36.0589933,0 -79.08364039999999,36.0589888,0 -79.0833099,36.0589724,0 -79.0828736,36.0589346,0 -79.0825511,36.0588998,0 -79.08223750000001,36.0588592,0 -79.0819621,36.0588135,0 -79.0817065,36.0587656,0 -79.0814627,36.0587083,0 -79.0811549,36.0586344,0 -79.08091469999999,36.0585705,0 -79.0806019,36.0584805,0 -79.0803439,36.0583992,0 -79.08009970000001,36.0583184,0 -79.0797984,36.0582155,0 -79.0790916,36.0579676,0 -79.0786875,36.0578202,0 -79.0781314,36.0576225,0 -79.07758339999999,36.0574297,0 -79.07338609999999,36.0559646,0 -79.07157309999999,36.0553179,0 -79.0691296,36.0544623,0 -79.06785669999999,36.0540104,0 -79.0528466,36.0487241,0 -79.0513751,36.0482078,0 -79.04989399999999,36.0476415,0 -79.04724969999999,36.0466132,0 -79.04599330000001,36.0462133,0 -79.04110489999999,36.0446574,0 -79.0338866,36.0422006,0 -79.0305537,36.0410899,0 -79.02751790000001,36.0400492,0 -79.0265733,36.0397387,0 -79.0257246,36.03947,0 -79.0250659,36.0393006,0 -79.0244221,36.0391595,0 -79.0237758,36.0390512,0 -79.02307999999999,36.0389708,0 -79.02250979999999,36.0389254,0 -79.02174530000001,36.0388799,0 -79.0196385,36.0388046,0 -79.01750800000001,36.038711,0 -79.0168685,36.0386897,0 -79.01436390000001,36.0385988,0 -79.0120648,36.0384999,0 -79.011289,36.0384701,0 -79.00890939999999,36.0383735,0 -79.00865229999999,36.0383635,0 -79.0085816,36.0383607,0 -79.0082742,36.0383486,0 -79.0071162,36.0383069,0 -79.0062712,36.038276,0 -79.0051838,36.0382293,0 -79.0042629,36.0381905,0 -79.0019369,36.0381104,0 -78.9985301,36.03798,0 -78.99689770000001,36.0379111,0 -78.9958374,36.037887,0 -78.9941852,36.0379027,0 -78.9919216,36.0379334,0 -78.9901053,36.037964,0 -78.9894949,36.037967,0 -78.989143,36.0379687,0 -78.9871399,36.0380008,0 -78.9862463,36.0380101,0 -78.9842007,36.038011,0 -78.9831604,36.0380275,0 -78.98269380000001,36.0380286,0 -78.9822391,36.0380275,0 -78.98174330000001,36.0380164,0 -78.9812609,36.0379927,0 -78.9808725,36.0379687,0 -78.9804092,36.0379336,0 -78.9800195,36.0378995,0 -78.97966700000001,36.0378568,0 -78.9791355,36.0377829,0 -78.9787755,36.03773,0 -78.9783217,36.0376523,0 -78.97788989999999,36.0375687,0 -78.97747339999999,36.0374804,0 -78.9768557,36.0373377,0 -78.974812,36.03685,0 -78.97310400000001,36.0364508,0 -78.97265419999999,36.0363411,0 -78.97202559999999,36.036174,0 -78.9714492,36.0360109,0 -78.9709859,36.0358759,0 -78.9705814,36.0357513,0 -78.97009799999999,36.035595,0 -78.9695388,36.0354056,0 -78.96893799999999,36.035185,0 -78.968621,36.035058,0 -78.9682646,36.0349097,0 -78.9678522,36.0347283,0 -78.96729499999999,36.034465,0 -78.9669169,36.0342732,0 -78.96651230000001,36.0340625,0 -78.96607779999999,36.0338184,0 -78.96560239999999,36.0335346,0 -78.9653642,36.0333861,0 -78.96483000000001,36.033027,0 -78.964387,36.032717,0 -78.963903,36.03237,0 -78.963168,36.031828,0 -78.9614523,36.0305788,0 -78.96021810000001,36.0296903,0 -78.9598221,36.0294019,0 -78.9595959,36.0292375,0 -78.95928619999999,36.0290123,0 -78.958758,36.0286286,0 -78.9579222,36.0280412,0 -78.95627260000001,36.0269229,0 -78.956013,36.02674,0 -78.95576,36.02658,0 -78.95491,36.026071,0 -78.954607,36.025903,0 -78.954148,36.025659,0 -78.95367039999999,36.0254244,0 -78.9532181,36.0252304,0 -78.95275820000001,36.025065,0 -78.9524,36.024947,0 -78.95205350000001,36.0248435,0 -78.95184209999999,36.0247804,0 -78.9515201,36.0247047,0 -78.9511325,36.0246192,0 -78.95078650000001,36.0245547,0 -78.9505635,36.0245195,0 -78.9503088,36.0244839,0 -78.9499825,36.0244461,0 -78.9495733,36.0244152,0 -78.9492499,36.024398,0 -78.9489955,36.0243946,0 -78.94871310000001,36.024394,0 -78.9482823,36.0244108,0 -78.94794690000001,36.024429,0 -78.9474513,36.024475,0 -78.9470464,36.0245213,0 -78.94675410000001,36.0245641,0 -78.9463954,36.0246323,0 -78.946065,36.0247039,0 -78.9458455,36.0247559,0 -78.94564320000001,36.0248067,0 -78.9452,36.0249012,0 -78.9448981,36.0250013,0 -78.94456340000001,36.0251214,0 -78.94426300000001,36.0252429,0 -78.9439344,36.0253861,0 -78.94304959999999,36.0257636,0 -78.94262569999999,36.0259505,0 -78.9422438,36.026116,0 -78.9400301,36.0270641,0 -78.9389359,36.0275337,0 -78.9377399,36.0280455,0 -78.9373818,36.02818,0 -78.9369446,36.0283243,0 -78.93669920000001,36.0283926,0 -78.93647660000001,36.0284458,0 -78.9360769,36.0285228,0 -78.9358503,36.0285564,0 -78.9356075,36.0285846,0 -78.93529770000001,36.0286073,0 -78.9349383,36.0286225,0 -78.934399,36.0286239,0 -78.933525,36.0286166,0 -78.9317578,36.0285847,0 -78.9309666,36.0285741,0 -78.9299137,36.0285569,0 -78.92854490000001,36.0285333,0 -78.9257473,36.0284938,0 -78.9247324,36.0284781,0 -78.9235845,36.0284606,0 -78.9231115,36.0284476,0 -78.92284239999999,36.0284384,0 -78.92263370000001,36.0284273,0 -78.9224203,36.0284109,0 -78.9222166,36.0283926,0 -78.9220047,36.0283633,0 -78.92179059999999,36.0283275,0 -78.9215331,36.0282706,0 -78.9213432,36.0282204,0 -78.92113759999999,36.0281582,0 -78.92097,36.028102,0 -78.9207454,36.0280119,0 -78.9204343,36.0278565,0 -78.92016270000001,36.0277046,0 -78.9200008,36.0276049,0 -78.919827,36.0274911,0 -78.91958270000001,36.0273167,0 -78.91889689999999,36.0267971,0 -78.91847420000001,36.02647,0 -78.9180028,36.0261019,0 -78.9173162,36.025565,0 -78.9159483,36.0245151,0 -78.91497699999999,36.0237694,0 -78.9144508,36.0234033,0 -78.914124,36.023198,0 -78.9137757,36.0230053,0 -78.9134202,36.0228273,0 -78.9132379,36.0227624,0 -78.91296699999999,36.0226557,0 -78.91266330000001,36.0225363,0 -78.91247079999999,36.0224662,0 -78.91227309999999,36.0224042,0 -78.91205789999999,36.0223362,0 -78.9118584,36.0222781,0 -78.9114268,36.0221592,0 -78.910954,36.0220362,0 -78.9099671,36.0217846,0 -78.9094307,36.021654,0 -78.90867110000001,36.0214583,0 -78.9081046,36.0213125,0 -78.9056842,36.0206947,0 -78.90499749999999,36.0205072,0 -78.9043796,36.0203268,0 -78.9036929,36.0201185,0 -78.9031951,36.0199241,0 -78.9023625,36.0195909,0 -78.90135069999999,36.0191453,0 -78.90079179999999,36.0188758,0 -78.899598,36.018302,0 -78.8990799,36.0180272,0 -78.89899490000001,36.0179889,0 -78.89888120000001,36.0179377,0 -78.8983455,36.0177016,0 -78.896968,36.0171273,0 -78.8965961,36.0169906,0 -78.896002,36.0167478,0 -78.8936502,36.0157917,0 
				
					-78.8908359,36.0147017,0 -78.890525,36.0146046,0 -78.8902073,36.0145158,0 -78.88992469999999,36.0144434,0 -78.88949100000001,36.014348,0 -78.88897,36.014258,0 -78.888638,36.014219,0 -78.888414,36.014193,0 -78.8878505,36.0141425,0 -78.8870067,36.0140832,0 -78.8858122,36.014011,0 -78.8853622,36.0139806,0 -78.883584,36.0138443,0 -78.8810072,36.0136707,0 -78.8779897,36.0134673,0 -78.8771639,36.0134117,0 -78.8757604,36.0133171,0 -78.8749947,36.0132655,0 -78.8742103,36.0132126,0 -78.8731161,36.0131989,0 -78.87283979999999,36.0131996,0 -78.8725615,36.0132069,0 -78.87228810000001,36.0132242,0 -78.8720106,36.0132501,0 -78.87174,36.0132863,0 -78.87146199999999,36.013334,0 -78.8711929,36.013389,0 -78.870924,36.0134516,0 -78.8706609,36.0135262,0 -78.8704006,36.0136095,0 -78.8701468,36.0137,0 -78.86989730000001,36.013798,0 -78.8696533,36.0139025,0 -78.86940970000001,36.0140105,0 -78.8690558,36.0141774,0 -78.866865,36.0152573,0 -78.8650792,36.0161348,0 -78.86086950000001,36.0182037,0 -78.85924129999999,36.0190038,0 -78.85846429999999,36.0194076,0 -78.8581259,36.0195945,0 -78.85779460000001,36.0197822,0 -78.8574694,36.0199758,0 -78.8571475,36.020177,0 -78.85682370000001,36.020388,0 -78.8565145,36.0205962,0 -78.8562101,36.0208121,0 -78.8559097,36.0210355,0 -78.855616,36.0212617,0 -78.855327,36.0214933,0 -78.855042,36.0217319,0 -78.8547678,36.0219732,0 -78.85450090000001,36.0222156,0 -78.85424070000001,36.0224635,0 -78.85398120000001,36.0227211,0 -78.8523264,36.0244144,0 -78.8505547,36.0262272,0 -78.85021740000001,36.0265667,0 -78.8498744,36.0269091,0 -78.8494299,36.0273215,0 -78.84916819999999,36.0275604,0 -78.84885250000001,36.027829,0 -78.84857239999999,36.0280576,0 -78.84832830000001,36.0282496,0 -78.8481,36.028419,0 -78.8477875,36.0286482,0 -78.8474585,36.0288811,0 -78.847218,36.029042,0 -78.8469276,36.0292298,0 -78.8465846,36.0294452,0 -78.846306,36.02961,0 -78.8459599,36.0298067,0 -78.8455933,36.0300079,0 -78.8451384,36.0302411,0 -78.8444379,36.0305813,0 -78.8437581,36.030898,0 -78.84193809999999,36.0317329,0 -78.8391008,36.0330557,0 -78.8325957,36.036068,0 -78.82989999999999,36.037309,0 -78.827763,36.038317,0 -78.8269772,36.0387678,0 -78.8261172,36.0392765,0 -78.824172,36.040427,0 -78.82309859999999,36.0410531,0 -78.820646,36.042556,0 -78.81944,36.04329,0 -78.81817820000001,36.0440494,0 -78.8156286,36.0455956,0 -78.81526169999999,36.0458151,0 -78.8136348,36.0468055,0 -78.8113239,36.0481986,0 -78.8107241,36.0485745,0 -78.80685800000001,36.050899,0 -78.804192,36.052507,0 -78.801526,36.054116,0 -78.798008,36.056243,0 -78.79745800000001,36.056576,0 -78.796108,36.057383,0 -78.79580199999999,36.0575706,0 -78.795542,36.05773,0 -78.7952701,36.0578992,0 -78.7948378,36.058161,0 -78.79314599999999,36.059188,0 -78.79269499999999,36.059465,0 -78.792344,36.0596812,0 -78.7919488,36.059926,0 -78.791342,36.06034,0 -78.790701,36.060812,0 -78.790347,36.06108,0 -78.789278,36.061902,0 -78.788276,36.062685,0 -78.7859409,36.0644981,0 -78.7798919,36.0692339,0 -78.7787634,36.070117,0 -78.7758472,36.0723974,0 -78.7750968,36.0729823,0 -78.77155569999999,36.0757388,0 -78.7697977,36.0771096,0 -78.7693793,36.0774383,0 -78.7689336,36.0778116,0 -78.76850159999999,36.0782003,0 -78.76801690000001,36.0786648,0 -78.7675596,36.0791393,0 -78.76720330000001,36.0795347,0 -78.766538,36.0803597,0 -78.7664067,36.0805345,0 -78.76630419999999,36.0806866,0 -78.7658682,36.0813367,0 -78.76569000000001,36.0816223,0 -78.76512719999999,36.0825786,0 -78.7639118,36.0849973,0 -78.76339590000001,36.0860011,0 -78.7630309,36.0867186,0 -78.752653,36.107015,0 -78.751912,36.108486,0 -78.7496756,36.1127426,0 -78.7473954,36.1172496,0 -78.7463711,36.1192741,0 -78.7452933,36.1213974,0 -78.74436439999999,36.1231646,0 -78.743589,36.124634,0 -78.7432977,36.1251704,0 -78.7425355,36.1262576,0 -78.74173399999999,36.127224,0 -78.7359347,36.1341919,0 -78.73336980000001,36.1373364,0 -78.7276732,36.1441438,0 -78.72735230000001,36.1445545,0 -78.7265101,36.1455693,0 -78.7256187,36.1466063,0 -78.7243708,36.1479637,0 -78.723772,36.148563,0 -78.7220513,36.1503872,0 -78.7218192,36.1506147,0 -78.7213907,36.1510837,0 -78.720341,36.1522186,0 -78.7197834,36.1528233,0 -78.7196131,36.153008,0 -78.7154542,36.15744,0 -78.7139265,36.1593229,0 -78.7133252,36.1601502,0 -78.712373,36.161536,0 -78.71099719999999,36.1635977,0 -78.71023700000001,36.1646869,0 -78.7084012,36.1674098,0 -78.7078205,36.1682679,0 -78.7074757,36.1687774,0 -78.70697389999999,36.1695102,0 -78.70596260000001,36.1710131,0 -78.70543480000001,36.1717039,0 -78.70471809999999,36.1725513,0 -78.7029126,36.174397,0 -78.7012143,36.1760811,0 -78.69882149999999,36.1784394,0 -78.6975594,36.1796926,0 -78.6939491,36.1832662,0 -78.6934066,36.1838059,0 -78.6926947,36.1844944,0 -78.6918221,36.185367,0 -78.69129049999999,36.1858986,0 -78.6893566,36.187817,0 -78.686621,36.1905434,0 -78.6862521,36.190943,0 -78.68582720000001,36.1914373,0 -78.6854537,36.1919094,0 -78.68520220000001,36.1922471,0 -78.684639,36.1930984,0 -78.68438500000001,36.1935157,0 -78.6841517,36.1939386,0 -78.68282000000001,36.196496,0 -78.6791808,36.2034834,0 -78.6790087,36.2038237,0 -78.6782651,36.2051713,0 -78.67719219999999,36.2068266,0 -78.6767373,36.2074291,0 -78.67628240000001,36.2081217,0 -78.6750636,36.2093821,0 -78.67397579999999,36.2104982,0 -78.6735408,36.2108742,0 -78.6726298,36.2116133,0 -78.66863600000001,36.214595,0 -78.6637363,36.2181384,0 -78.662339,36.219198,0 -78.6553758,36.2243078,0 -78.650645,36.2277792,0 -78.6489072,36.2290527,0 -78.6481793,36.2295768,0 -78.64694950000001,36.2304922,0 -78.64583399999999,36.2313071,0 -78.6440346,36.2326301,0 -78.6429236,36.2334513,0 -78.6423042,36.2339041,0 -78.640168,36.2355241,0 -78.63904170000001,36.2364852,0 -78.6357441,36.23947,0 -78.6350968,36.2400663,0 -78.62532469999999,36.2488329,0 -78.62435979999999,36.2497667,0 -78.6229214,36.2511586,0 -78.6215224,36.2526952,0 -78.6207156,36.253941,0 -78.6196255,36.255443,0 -78.61601899999999,36.260876,0 -78.61367749999999,36.2639903,0 -78.61274090000001,36.2652543,0 -78.6121086,36.26595,0 -78.6092518,36.2691184,0 -78.6082775,36.2701724,0 -78.60755039999999,36.2709726,0 -78.60555340000001,36.2731958,0 -78.60506580000001,36.2737359,0 -78.60438790000001,36.2744712,0 -78.6021332,36.2769099,0 -78.60003039999999,36.2789165,0 -78.5976872,36.2808884,0 -78.5910868,36.2864649,0 -78.5838936,36.2927277,0 -78.5823657,36.2940421,0 -78.5815673,36.2946867,0 -78.5807451,36.2952823,0 -78.5796749,36.2959596,0 -78.5783488,36.2966997,0 -78.57632479999999,36.2977955,0 -78.575936,36.2980072,0 -78.5752743,36.298362,0 -78.57440990000001,36.2988274,0 -78.5720238,36.3000725,0 -78.565757,36.30353,0 -78.56223300000001,36.305336,0 -78.5549693,36.3088432,0 -78.5543942,36.3091406,0 -78.54780890000001,36.3125573,0 -78.5470705,36.3129398,0 -78.54627240000001,36.3133461,0 -78.5440954,36.3144272,0 -78.5429681,36.3149562,0 -78.5418179,36.3154658,0 -78.54058999999999,36.316,0 -78.5384693,36.3168084,0 -78.53737270000001,36.3172362,0 -78.5362239,36.3176613,0 -78.53330560000001,36.318671,0 -78.5329108,36.3187955,0 -78.53051790000001,36.3194715,0 -78.52821369999999,36.3200658,0 -78.526354,36.3204876,0 -78.5240807,36.3208474,0 -78.5222943,36.3209905,0 -78.52050800000001,36.321052,0 -78.51371039999999,36.3210761,0 -78.51094430000001,36.3210831,0 -78.509112,36.321093,0 -78.5066492,36.32108,0 -78.50515830000001,36.3210721,0 -78.50429029999999,36.3210767,0 -78.4999799,36.321067,0 -78.496578,36.321093,0 -78.4953331,36.3210681,0 -78.49440079999999,36.3210494,0 -78.49246960000001,36.3209526,0 -78.4899484,36.3207741,0 -78.48950309999999,36.3207395,0 -78.48729400000001,36.3205377,0 -78.4850787,36.3203009,0 -78.48338010000001,36.3201366,0 -78.47599870000001,36.3193205,0 -78.4741362,36.3191684,0 -78.4719475,36.3191545,0 -78.4699734,36.3192514,0 -78.4684113,36.3194312,0 -78.4672783,36.3196386,0 -78.465081,36.320102,0 -78.4641026,36.3203786,0 -78.46230009999999,36.3209526,0 -78.4592078,36.3221337,0 -78.4557542,36.3235397,0 -78.45422960000001,36.3242139,0 -78.4534287,36.3246239,0 -78.45242159999999,36.3251394,0 -78.4507831,36.3260378,0 -78.4482898,36.3275071,0 -78.44497920000001,36.3294735,0 -78.44469789999999,36.3296319,0 -78.4442382,36.3299074,0 -78.4409309,36.3318484,0 -78.44065759999999,36.332027,0 -78.4392818,36.3328356,0 -78.43497410000001,36.3353793,0 -78.4333135,36.3363617,0 -78.4327155,36.3366928,0 -78.4322523,36.3369342,0 -78.43182969999999,36.3371435,0 -78.4313679,36.3373568,0 -78.4306533,36.3376592,0 -78.43015339999999,36.3378535,0 -78.4296215,36.3380427,0 -78.4291095,36.3382349,0 -78.4285955,36.3383912,0 -78.42798260000001,36.3385657,0 -78.4274652,36.338698,0 -78.4271873,36.3387605,0 -78.4266832,36.3388675,0 -78.4261664,36.3389601,0 -78.4255723,36.339056,0 -78.4248042,36.3391453,0 -78.42441530000001,36.3391834,0 -78.42386999999999,36.3392344,0 -78.423292,36.3392762,0 -78.4228495,36.3392956,0 -78.42242880000001,36.3393062,0 -78.42091259999999,36.339311,0 -78.4200106,36.3392981,0 -78.4164098,36.3392548,0 -78.41471369999999,36.3392466,0 -78.4141372,36.3392533,0 -78.413922,36.339263,0 -78.41360779999999,36.3392833,0 -78.413344,36.3393115,0 -78.41301110000001,36.3393632,0 -78.41253330000001,36.3394583,0 -78.41207989999999,36.3395775,0 -78.4118453,36.3396493,0 -78.41156530000001,36.3397461,0 -78.4109847,36.3399673,0 -78.40855809999999,36.3409183,0 -78.4074967,36.3413311,0 -78.406205,36.3418416,0 -78.4042512,36.3426333,0 -78.40353039999999,36.3429226,0 -78.40307,36.3430894,0 -78.4024321,36.343301,0 -78.4017149,36.3435339,0 -78.4011793,36.3437039,0 -78.4006758,36.3438437,0 -78.3996356,36.3441282,0 -78.3992135,36.3442551,0 -78.3985709,36.3445012,0 -78.39799600000001,36.3447291,0 -78.3976687,36.3448769,0 -78.39733029999999,36.3450322,0 -78.39683239999999,36.3452793,0 -78.3966446,36.3453808,0 -78.3964347,36.3455023,0 -78.395679,36.3459813,0 -78.3951912,36.3463186,0 -78.3945117,36.3468538,0 -78.3936516,36.3475769,0 -78.3924754,36.3486426,0 -78.39160390000001,36.3494028,0 -78.3910097,36.3499358,0 -78.38996830000001,36.3509338,0 -78.3880138,36.3526764,0 -78.387175,36.353364,0 -78.3864981,36.3538715,0 -78.3849395,36.3549057,0 -78.3773678,36.3597547,0 -78.3751305,36.361135,0 -78.3738488,36.3619913,0 -78.37187520000001,36.3632301,0 -78.3717359,36.363329,0 -78.3669463,36.3664082,0 -78.3650945,36.3675881,0 -78.3642584,36.3681226,0 -78.36361460000001,36.3685336,0 -78.3626763,36.3691371,0 -78.361891,36.3696311,0 -78.3613008,36.3700213,0 -78.3610944,36.3701823,0 -78.3608377,36.3703888,0 -78.360631,36.3705753,0 -78.3603552,36.3708687,0 -78.36011430000001,36.3711812,0 -78.3597425,36.3716979,0 -78.3591472,36.3725531,0 -78.3588776,36.3728981,0 -78.3586938,36.3731027,0 -78.35856750000001,36.3732499,0 -78.3582327,36.3736408,0 -78.3576341,36.3742762,0 -78.3567104,36.3751058,0 -78.35343659999999,36.3778838,0 -78.35022240000001,36.3805896,0 -78.34859849999999,36.3819893,0 -78.3467405,36.3835834,0 -78.34581249999999,36.3845183,0 -78.3416792,36.3892514,0 -78.34105959999999,36.3899575,0 -78.3404427,36.3906722,0 -78.3391846,36.3920735,0 -78.3384454,36.3929522,0 -78.3381488,36.3932977,0 -78.3376318,36.3938988,0 -78.335324,36.3965716,0 -78.3332908,36.3990029,0 -78.3327002,36.3997209,0 -78.33035409999999,36.4025096,0 -78.3279871,36.4053343,0 -78.32661899999999,36.4069337,0 -78.32598590000001,36.4077116,0 -78.32446349999999,36.4095292,0 -78.3230806,36.411118,0 -78.3219584,36.4121834,0 -78.320656,36.413291,0 -78.3173493,36.4154989,0 -78.3128638,36.4185097,0 -78.3071673,36.4223446,0 -78.3055798,36.4234356,0 -78.30396039999999,36.424612,0 -78.30072389999999,36.4269776,0 -78.2982183,36.4288481,0 -78.2948445,36.4313283,0 -78.2928833,36.4327733,0 -78.292321,36.433179,0 -78.2911709,36.4340353,0 -78.28381520000001,36.4393868,0 -78.27966960000001,36.4425147,0 -78.2732838,36.4471407,0 -78.27282889999999,36.447555,0 -78.27239969999999,36.4478864,0 -78.27209929999999,36.4481625,0 -78.271653,36.4485699,0 -78.27119810000001,36.4490394,0 -78.27029690000001,36.4500404,0 -78.2683523,36.4523217,0 -78.26750869999999,36.4532527,0 -78.2665434,36.4543488,0 -78.265828,36.455131,0 -78.2644164,36.4566827,0 -78.2637051,36.4574682,0 -78.2634972,36.4577284,0 -78.2632397,36.4580045,0 -78.2626051,36.4587674,0 -78.2619254,36.4595331,0 -78.2613686,36.4601329,0 -78.26105099999999,36.4604344,0 -78.2607479,36.4607421,0 -78.260375,36.4610773,0 -78.2600039,36.4613732,0 -78.25917990000001,36.4619945,0 -78.25888809999999,36.4622154,0 -78.25048529999999,36.4683847,0 -78.2499354,36.4687838,0 -78.2415824,36.4748418,0 -78.2396277,36.4761719,0 -78.23868349999999,36.4769034,0 -78.2382544,36.4772968,0 -78.2379626,36.4775384,0 -78.2375677,36.4778835,0 -78.23725020000001,36.4781733,0 -78.2335889,36.4820397,0 -78.2330779,36.4825572,0 -78.2316033,36.4841032,0 -78.2304735,36.485289,0 -78.2287417,36.4870775,0 -78.22804050000001,36.4877382,0 -78.2236975,36.4923063,0 -78.2192568,36.4969509,0 -78.21766359999999,36.4986681,0 -78.2172602,36.4991511,0 -78.2169169,36.4995857,0 -78.2071493,36.5127628,0 -78.20502070000001,36.5156256,0 -78.2047032,36.5161085,0 -78.20275479999999,36.5187642,0 -78.1925689,36.5324529,0 -78.19139939999999,36.5340278,0 -78.1905411,36.5351588,0 -78.1889365,36.5373764,0 -78.1852974,36.5422773,0 -78.1850973,36.5425572,0 -78.184819,36.5429692,0 -78.18457220000001,36.5433516,0 -78.184347,36.5437274,0 -78.18423749999999,36.5439223,0 -78.1841326,36.5441087,0 
				
					-78.1841326,36.5441087,0 -78.184066,36.5442269,0 -78.183689,36.544911,0 -78.18334299999999,36.54563,0 -78.182982,36.546482,0 -78.18270800000001,36.547218,0 -78.182513,36.547811,0 -78.182286,36.548614,0 -78.18214500000001,36.549213,0 -78.18186,36.550661,0 -78.18173,36.551256,0 -78.1816954,36.5514114,0 -78.1815374,36.5521739,0 -78.181411,36.552811,0 -78.181258,36.553602,0 -78.18104959999999,36.5545872,0 -78.1807032,36.5561741,0 -78.180572,36.5569259,0 -78.1804942,36.5572943,0 -78.1802776,36.5583718,0 -78.179873,36.560387,0 -78.179705,36.561172,0 -78.17967,36.561329,0 -78.17953,36.561946,0 -78.179394,36.562743,0 -78.179333,36.563034,0 -78.17925200000001,36.563419,0 -78.179058,36.564385,0 -78.17886900000001,36.565285,0 -78.178718,36.565973,0 -78.17868799999999,36.56611,0 -78.17849200000001,36.566873,0 -78.1782,36.567843,0 -78.178127,36.568069,0 -78.177992,36.568486,0 -78.17765300000001,36.569417,0 -78.177448,36.569923,0 -78.17715200000001,36.570627,0 -78.176845,36.571284,0 -78.17650999999999,36.571975,0 -78.17614399999999,36.572665,0 -78.17577,36.573335,0 -78.17526100000001,36.574183,0 -78.174877,36.57479,0 -78.174588,36.575211,0 -78.17414599999999,36.575841,0 -78.173722,36.576413,0 -78.17334099999999,36.576912,0 -78.173007,36.577325,0 -78.17252499999999,36.577901,0 -78.171967,36.578545,0 -78.17161299999999,36.578931,0 -78.170579,36.580053,0 -78.169583,36.581126,0 -78.169107,36.581646,0 -78.166106,36.584883,0 -78.164535,36.58659,0 -78.16269250000001,36.5885716,0 -78.16225,36.589056,0 -78.161771,36.589583,0 -78.161282,36.590103,0 -78.16073,36.590709,0 -78.160026,36.591458,0 -78.15911,36.59246,0 -78.158373,36.593254,0 -78.15804799999999,36.59362,0 -78.157507,36.594254,0 -78.157183,36.594651,0 -78.156868,36.595052,0 -78.156426,36.595637,0 -78.15607199999999,36.596126,0 -78.15543599999999,36.597049,0 -78.154481,36.598481,0 -78.15429399999999,36.598761,0 -78.15351,36.599932,0 -78.153068,36.600613,0 -78.15283700000001,36.600969,0 -78.152361,36.601677,0 -78.15196899999999,36.602258,0 -78.15056800000001,36.604359,0 -78.150036,36.60516,0 -78.149305,36.606248,0 -78.14908699999999,36.60658,0 -78.147891,36.608378,0 -78.147446,36.609056,0 -78.146895,36.609933,0 -78.14653800000001,36.610528,0 -78.146019,36.611413,0 -78.14545099999999,36.612414,0 -78.14524400000001,36.612804,0 -78.144971,36.613317,0 -78.144549,36.614124,0 -78.144204,36.614812,0 -78.143649,36.615983,0 -78.14305299999999,36.617315,0 -78.14262600000001,36.618352,0 -78.14230000000001,36.619188,0 -78.14186100000001,36.620349,0 -78.14149500000001,36.621407,0 -78.14104399999999,36.622796,0 -78.14064999999999,36.624069,0 -78.140237,36.625458,0 -78.140046,36.626085,0 -78.139854,36.626714,0 -78.13956399999999,36.627691,0 -78.139267,36.628659,0 -78.139016,36.629513,0 -78.13863000000001,36.630794,0 -78.138251,36.632079,0 -78.138178,36.632329,0 -78.13809500000001,36.632677,0 -78.13797700000001,36.633109,0 -78.137705,36.634174,0 -78.137488,36.635156,0 -78.137354,36.635812,0 -78.13714899999999,36.636905,0 -78.136995,36.637788,0 -78.136679,36.639744,0 -78.136332,36.641815,0 -78.13606799999999,36.643549,0 -78.1358876,36.644612,0 -78.13580570000001,36.6450945,0 -78.13573100000001,36.645535,0 -78.135597,36.646304,0 -78.134978,36.6501,0 -78.134311,36.654109,0 -78.13423299999999,36.654578,0 -78.134057,36.655666,0 -78.13352,36.658906,0 -78.133426,36.65946,0 -78.13322700000001,36.660667,0 -78.13300599999999,36.662052,0 -78.13287200000001,36.662817,0 -78.13272499999999,36.663588,0 -78.132593,36.664227,0 -78.132513,36.66459,0 -78.13244,36.664921,0 -78.132186,36.665998,0 -78.13193200000001,36.666969,0 -78.131756,36.667603,0 -78.13147600000001,36.66857,0 -78.131277,36.669213,0 -78.131137,36.669649,0 -78.130925,36.670284,0 -78.130624,36.671133,0 -78.130431,36.671663,0 -78.130037,36.672704,0 -78.129076,36.675121,0 -78.127956,36.677973,0 -78.127803,36.678362,0 -78.126302,36.682146,0 -78.124357,36.687068,0 -78.123197,36.689976,0 -78.122371,36.692077,0 -78.121813,36.693454,0 -78.12146799999999,36.694269,0 -78.120479,36.696542,0 -78.120226,36.697138,0 -78.12012300000001,36.697381,0 -78.119631,36.6985,0 -78.117373,36.703681,0 -78.116237,36.706289,0 -78.1157793,36.707346,0 -78.115359,36.708318,0 -78.11497199999999,36.709198,0 -78.114603,36.710039,0 -78.114344,36.710644,0 -78.11416699999999,36.711048,0 -78.113671,36.712179,0 -78.113437,36.712728,0 -78.11331,36.713027,0 -78.112865,36.714044,0 -78.112574,36.714702,0 -78.112481,36.714925,0 -78.11168600000001,36.716738,0 -78.11073399999999,36.718921,0 -78.11054799999999,36.719339,0 -78.110203,36.720052,0 -78.110022,36.720412,0 -78.10983899999999,36.720764,0 -78.109582,36.721229,0 -78.109216,36.721866,0 -78.108958,36.722291,0 -78.108482,36.723047,0 -78.106272,36.726524,0 -78.10590000000001,36.727134,0 -78.105745,36.727388,0 -78.105588,36.727645,0 -78.104809,36.728987,0 -78.104444,36.729666,0 -78.10405299999999,36.730393,0 -78.103835,36.730811,0 -78.103425,36.731627,0 -78.10308999999999,36.732322,0 -78.10268000000001,36.733197,0 -78.10223999999999,36.734167,0 -78.102146,36.734389,0 -78.10210499999999,36.734475,0 -78.10194300000001,36.734818,0 -78.101394,36.736047,0 -78.09949400000001,36.740201,0 -78.097454,36.744697,0 -78.097351,36.744923,0 -78.09690999999999,36.745906,0 -78.096836,36.746065,0 -78.0965212,36.7467445,0 -78.09648900000001,36.746814,0 -78.096249,36.747319,0 -78.096013,36.747772,0 -78.095832,36.74812,0 -78.09544699999999,36.748808,0 -78.094892,36.749728,0 -78.094459,36.750385,0 -78.0938416,36.7512857,0 -78.093525,36.751692,0 -78.093309,36.751977,0 -78.093017,36.752352,0 -78.09256600000001,36.752901,0 -78.0921,36.753444,0 -78.091881,36.753685,0 -78.09146200000001,36.754148,0 -78.09096099999999,36.754666,0 -78.090594,36.755038,0 -78.090272,36.755351,0 -78.089849,36.75575,0 -78.08906500000001,36.756451,0 -78.088572,36.756869,0 -78.088133,36.757228,0 -78.088064,36.757284,0 -78.08764499999999,36.75761,0 -78.08632,36.758617,0 -78.085921,36.758872,0 -78.085627,36.759069,0 -78.08483200000001,36.759585,0 -78.08472399999999,36.759655,0 -78.084003,36.760097,0 -78.083568,36.760357,0 -78.082893,36.760737,0 -78.08254599999999,36.760919,0 -78.082128,36.761137,0 -78.081931,36.761248,0 -78.081459,36.761471,0 -78.081046,36.761679,0 -78.080354,36.762006,0 -78.079919,36.762197,0 -78.0796,36.762345,0 -78.079116,36.762547,0 -78.07875,36.76269,0 -78.078446,36.762827,0 -78.07808799999999,36.762976,0 -78.077448,36.763229,0 -78.0766981,36.7634526,0 -78.076359,36.763587,0 -78.074943,36.764047,0 -78.07388400000001,36.764357,0 -78.072576,36.764759,0 -78.07197499999999,36.764934,0 -78.070547,36.765375,0 -78.069907,36.765564,0 -78.069498,36.765694,0 -78.068889,36.765886,0 -78.067474,36.766303,0 -78.06706,36.766429,0 -78.066159,36.766714,0 -78.06552499999999,36.766909,0 -78.064183,36.767283,0 -78.06283999999999,36.76765,0 -78.06152299999999,36.767979,0 -78.060086,36.768322,0 -78.05703099999999,36.769008,0 -78.0558,36.769249,0 -78.054958,36.769457,0 -78.054767,36.7695,0 -78.054192,36.769615,0 -78.053978,36.769649,0 -78.053259,36.769827,0 -78.051863,36.770142,0 -78.05043499999999,36.770453,0 -78.04857,36.770882,0 -78.047692,36.771048,0 -78.04557699999999,36.771541,0 -78.043925,36.77191,0 -78.04255999999999,36.772205,0 -78.04194200000001,36.772353,0 -78.04054600000001,36.772674,0 -78.039878,36.772817,0 -78.035318,36.773834,0 -78.033604,36.774213,0 -78.033063,36.77434,0 -78.032625,36.774438,0 -78.031964,36.7746,0 -78.031159,36.774804,0 -78.030197,36.775064,0 -78.029701,36.77521,0 -78.02918200000001,36.775368,0 -78.028785,36.775495,0 -78.028278,36.775651,0 -78.027711,36.775837,0 -78.02750690000001,36.7759156,0 -78.027298,36.775992,0 -78.02615900000001,36.776394,0 -78.025195,36.776771,0 -78.02432,36.777107,0 -78.023996,36.777238,0 -78.022862,36.777723,0 -78.022503,36.777881,0 -78.021349,36.778415,0 -78.02026499999999,36.778946,0 -78.0196715,36.7792643,0 -78.0184792,36.7799036,0 -78.01772,36.780342,0 -78.017042,36.780748,0 -78.01531,36.781762,0 -78.01475499999999,36.782083,0 -78.013059,36.783092,0 -78.012507,36.783413,0 -78.012044,36.783689,0 -78.011741,36.783864,0 -78.010302,36.784716,0 -78.00963900000001,36.785104,0 -78.009255,36.785339,0 -78.008889,36.785547,0 -78.008122,36.786,0 -78.007801,36.786183,0 -78.00743,36.786413,0 -78.00691999999999,36.786717,0 -78.00640300000001,36.787044,0 -78.00535069999999,36.7877254,0 -78.004667,36.788195,0 -78.003998,36.788652,0 -78.00319,36.789251,0 -78.00277,36.789555,0 -78.00240700000001,36.789826,0 -78.00207899999999,36.790061,0 -78.000753,36.791036,0 -77.999686,36.79182,0 -77.999257,36.792127,0 -77.998823,36.792444,0 -77.99853,36.792666,0 -77.996439,36.794201,0 -77.996071,36.794479,0 -77.99408200000001,36.79592,0 -77.993371,36.796445,0 -77.99157219999999,36.7977836,0 -77.990835,36.79831,0 -77.990082,36.798878,0 -77.989073,36.7996152,0 -77.987667,36.800652,0 -77.98679,36.8013,0 -77.98627399999999,36.801673,0 -77.984911,36.802677,0 -77.9846663,36.8028517,0 -77.98336,36.80388,0 -77.9823492,36.8046833,0 -77.98195200000001,36.805027,0 -77.981421,36.805477,0 -77.98002200000001,36.80669,0 -77.97859099999999,36.807945,0 -77.978317,36.808183,0 -77.978099,36.808372,0 -77.97712799999999,36.809225,0 -77.97666599999999,36.809623,0 -77.976192,36.810021,0 -77.975115,36.810977,0 -77.972719,36.813059,0 -77.972331,36.813396,0 -77.971743,36.813914,0 -77.970972,36.814569,0 -77.97036199999999,36.815067,0 -77.96968099999999,36.815596,0 -77.968917,36.816171,0 -77.968531,36.816455,0 -77.967811,36.816965,0 -77.96706399999999,36.817472,0 -77.96636700000001,36.81793,0 -77.9661,36.818094,0 -77.9659676,36.8181782,0 -77.965817,36.818274,0 -77.96564499999999,36.818377,0 -77.965346,36.818556,0 -77.964983,36.818782,0 -77.964907,36.818829,0 -77.96467800000001,36.818963,0 -77.963917,36.819407,0 -77.963318,36.819736,0 -77.962638,36.820099,0 -77.961512,36.820681,0 -77.960453,36.821173,0 -77.958833,36.821943,0 -77.957842,36.822418,0 -77.9557212,36.8234193,0 -77.95544200000001,36.823551,0 -77.95357060000001,36.8244293,0 -77.95256500000001,36.824908,0 -77.94874299999999,36.826712,0 -77.946608,36.827737,0 -77.94370499999999,36.82916,0 -77.94063,36.830693,0 -77.939252,36.831388,0 -77.93798,36.831996,0 -77.936448,36.832785,0 -77.93271900000001,36.834656,0 -77.930931,36.835542,0 -77.9305019,36.8357611,0 -77.9300775,36.8359795,0 -77.92892000000001,36.836585,0 -77.92749999999999,36.837357,0 -77.9263991,36.8379863,0 -77.9251761,36.8387206,0 -77.9238014,36.8395612,0 -77.9226682,36.8402898,0 -77.9207565,36.8415451,0 -77.9199313,36.8420996,0 -77.9187305,36.842873,0 -77.9176791,36.843566,0 -77.91683620000001,36.8441037,0 -77.91591990000001,36.8446618,0 -77.9151067,36.8451348,0 -77.9146879,36.8453625,0 -77.9143286,36.8455557,0 -77.9140057,36.8457279,0 -77.91362650000001,36.8459227,0 -77.9131008,36.8461869,0 -77.9124793,36.8464829,0 -77.9118502,36.8467709,0 -77.9110256,36.8471269,0 -77.910354,36.847398,0 -77.909609,36.847691,0 -77.909249,36.847825,0 -77.90886399999999,36.847969,0 -77.907994,36.848274,0 -77.907276,36.848509,0 -77.906779,36.848663,0 -77.906237,36.84883,0 -77.90547599999999,36.849051,0 -77.904667,36.849266,0 -77.903823,36.849473,0 -77.903312,36.84959,0 -77.90291499999999,36.849681,0 -77.90224600000001,36.849821,0 -77.9019,36.849879,0 -77.901549,36.849945,0 -77.9010959,36.8500197,0 -77.90043300000001,36.850129,0 -77.900294,36.8501519,0 -77.900081,36.850187,0 -77.899308,36.850318,0 -77.898275,36.850455,0 -77.897903,36.850497,0 -77.89727600000001,36.850559,0 -77.896068,36.85066,0 -77.8955181,36.8506938,0 -77.8940336,36.8507288,0 -77.89331300000001,36.85075,0 -77.891868,36.850743,0 -77.891212,36.850719,0 -77.89088099999999,36.850707,0 -77.889979,36.850674,0 -77.888896,36.850597,0 -77.88745,36.850459,0 -77.885964,36.850283,0 -77.88495500000001,36.850152,0 -77.882879,36.849894,0 -77.88191999999999,36.849782,0 -77.881428,36.849724,0 -77.88036,36.849627,0 -77.879543,36.849571,0 -77.878595,36.849524,0 -77.877487,36.849491,0 -77.876464,36.849482,0 -77.876347,36.849485,0 -77.875218,36.849511,0 -77.87482,36.849526,0 -77.874095,36.849553,0 -77.872979,36.849631,0 -77.87243100000001,36.849677,0 -77.871261,36.849794,0 -77.8704,36.849903,0 -77.869883,36.849978,0 -77.868948,36.850124,0 -77.86801699999999,36.85029,0 -77.867724,36.850347,0 -77.86743199999999,36.850404,0 -77.86596400000001,36.850723,0 -77.86536700000001,36.850872,0 -77.864266,36.85116,0 -77.863387,36.851416,0 -77.862617,36.851655,0 -77.861482,36.852034,0 -77.86049199999999,36.8524,0 -77.859863,36.852644,0 -77.859359,36.852848,0 -77.85843,36.8532559,0 -77.85807389999999,36.8534122,0 -77.857457,36.853683,0 -77.856425,36.854195,0 -77.855591,36.854621,0 -77.85252800000001,36.856224,0 -77.851269,36.856873,0 -77.849453,36.85782,0 -77.848519,36.858302,0 -77.84749189999999,36.8588412,0 -77.846125,36.859552,0 -77.84487300000001,36.860199,0 -77.84384799999999,36.860736,0 -77.842799,36.861275,0 -77.84188399999999,36.861754,0 -77.841421,36.861996,0 -77.83996399999999,36.86276,0 -77.839029,36.863267,0 -77.837738,36.864021,0 -77.837064,36.864435,0 -77.836431,36.864835,0 -77.835791,36.865257,0 -77.835573,36.865406,0 -77.83525899999999,36.865621,0 -77.83457900000001,36.866099,0 -77.83353700000001,36.866856,0 -77.83284500000001,36.867392,0 -77.831959,36.868108,0 -77.831219,36.868716,0 -77.8307648,36.8690894,0 -77.8304241,36.8693593,0 -77.82966,36.870065,0 -77.82952299999999,36.870188,0 -77.82883200000001,36.870781,0 -77.827358,36.872035,0 -77.826438,36.872827,0 -77.825746,36.873412,0 -77.824878,36.874163,0 -77.824417,36.874547,0 -77.82341,36.875416,0 -77.822729,36.875988,0 -77.82189,36.876705,0 -77.82062000000001,36.87778,0 -77.818935,36.879227,0 -77.817567,36.880391,0 -77.8168714,36.8809696,0 -77.816433,36.8813542,0 -77.816236,36.881527,0 -77.816112,36.881631,0 -77.814894,36.882678,0 -77.813181,36.884136,0 -77.811125,36.885954,0 -77.810016,36.88695,0 -77.809016,36.887871,0 -77.807213,36.889516,0 -77.8047531,36.8917693,0 -77.804581,36.891927,0 -77.802305,36.894,0 -77.802285,36.894019,0 -77.801531,36.894684,0 -77.801174,36.894985,0 -77.79963100000001,36.896288,0 -77.798575,36.897148,0 -77.79826799999999,36.897392,0 -77.79721600000001,36.898229,0 -77.796558,36.898737,0 -77.796048,36.899131,0 -77.795238,36.899742,0 -77.79389399999999,36.900736,0 -77.793013,36.901367,0 -77.792215,36.901924,0 -77.791814,36.902194,0 -77.791411,36.902479,0 -77.79007300000001,36.903378,0 -77.788713,36.904273,0 -77.788398,36.904472,0 -77.787588,36.904998,0 -77.787049,36.905334,0 -77.786388,36.905736,0 -77.785729,36.906145,0 -77.784216,36.907035,0 -77.78368500000001,36.907343,0 -77.78346000000001,36.907462,0 -77.78308,36.907677,0 -77.782366,36.908089,0 -77.78141100000001,36.908611,0 -77.779009,36.909939,0 -77.778369,36.910285,0 -77.77764000000001,36.910693,0 -77.776864,36.911113,0 -77.776055,36.911561,0 -77.775327,36.911957,0 -77.77449,36.912423,0 -77.773689,36.912858,0 -77.773138,36.913162,0 -77.77276000000001,36.913388,0 -77.77156600000001,36.914087,0 -77.769245,36.915546,0 -77.768388,36.916093,0 -77.76797999999999,36.916362,0 -77.764608,36.918508,0 -77.763475,36.919222,0 -77.76241899999999,36.919925,0 -77.761865,36.920269,0 -77.76113599999999,36.920732,0 -77.76047,36.921163,0 -77.7595108,36.9217693,0 -77.75905899999999,36.922063,0 -77.75789399999999,36.9227974,0 -77.75651000000001,36.923688,0 -77.756017,36.924006,0 -77.755167,36.924546,0 -77.754746,36.92482,0 -77.754034,36.925274,0 -77.753432,36.925663,0 -77.752877,36.926011,0 -77.75250699999999,36.926253,0 -77.752123,36.926495,0 -77.751211,36.927083,0 -77.749906,36.927912,0 -77.749559,36.928142,0 -77.748812,36.928625,0 -77.746167,36.930316,0 -77.745013,36.931048,0 -77.744495,36.931386,0 -77.74374899999999,36.931862,0 -77.74288199999999,36.932399,0 -77.74270199999999,36.932519,0 -77.741991,36.932975,0 -77.74145799999999,36.933325,0 -77.7413172,36.933404,0 -77.73995499999999,36.934271,0 -77.7395708,36.9345172,0 -77.73922,36.934742,0 -77.7390685,36.9348409,0 -77.73879700000001,36.935018,0 -77.738108,36.935466,0 -77.73598699999999,36.936815,0 -77.734999,36.937473,0 -77.734865,36.937562,0 -77.73407899999999,36.938131,0 -77.73345999999999,36.93859,0 -77.73273399999999,36.939168,0 -77.73155,36.940135,0 -77.731375,36.94029,0 -77.731104,36.94053,0 -77.73036399999999,36.941225,0 -77.730346,36.941244,0 -77.729653,36.941963,0 -77.728759,36.942931,0 -77.72835860000001,36.9433921,0 -77.7277448,36.9440989,0 -77.727214,36.944759,0 -77.72646,36.945783,0 -77.725829,36.946686,0 -77.725734,36.946814,0 -77.72551799999999,36.947123,0 -77.725444,36.947243,0 -77.725306,36.947514,0 -77.725061,36.947945,0 -77.724926,36.948194,0 -77.724513,36.94893,0 -77.72412300000001,36.949609,0 -77.723541,36.950654,0 -77.723112,36.951406,0 -77.72307000000001,36.95148,0 -77.722922,36.951724,0 -77.722548,36.952399,0 -77.722331,36.952773,0 -77.72216299999999,36.953077,0 -77.721957,36.953431,0 -77.721639,36.954001,0 -77.721501,36.954234,0 -77.72126900000001,36.954649,0 -77.720626,36.955773,0 -77.720484,36.956032,0 -77.720325,36.956295,0 -77.72010299999999,36.956693,0 -77.72000199999999,36.956888,0 -77.71960300000001,36.95759,0 -77.719342,36.958067,0 -77.71912399999999,36.958444,0 -77.71889899999999,36.958832,0 -77.718259,36.959979,0 -77.718149,36.960162,0 -77.71771,36.960925,0 -77.71749,36.96129,0 -77.717027,36.962122,0 -77.71686200000001,36.962402,0 -77.71665900000001,36.962761,0 -77.71643299999999,36.963149,0 -77.71566,36.96453,0 -77.715368,36.965038,0 -77.714951,36.965781,0 -77.714663,36.96626,0 -77.71405,36.967249,0 -77.713373,36.968306,0 -77.712761,36.969215,0 -77.71190799999999,36.970418,0 -77.711349,36.971175,0 -77.71095200000001,36.971696,0 -77.710764,36.971927,0 -77.710476,36.972294,0 -77.710258,36.972556,0 -77.7101445,36.9726989,0 -77.709976,36.972911,0 -77.70968000000001,36.973265,0 -77.709534,36.973458,0 -77.709301,36.973765,0 -77.70804,36.975223,0 -77.707807,36.975472,0 -77.707432,36.975894,0 -77.70651599999999,36.976885,0 -77.705969,36.977463,0 -77.705111,36.978335,0 -77.704838,36.97859,0 -77.704729,36.978685,0 -77.70431000000001,36.979067,0 -77.70371400000001,36.97966,0 -77.702651,36.980648,0 -77.701994,36.981228,0 -77.701722,36.98148,0 -77.701368,36.981784,0 -77.70072,36.982324,0 -77.699872,36.983044,0 -77.699524,36.983329,0 -77.69885600000001,36.983891,0 -77.698683,36.984043,0 -77.698215,36.984428,0 -77.697202,36.985282,0 -77.69655,36.985824,0 -77.695629,36.986591,0 -77.695212,36.98695,0 -77.694354,36.987658,0 -77.693596,36.988301,0 -77.692668,36.989078,0 -77.69178700000001,36.989806,0 -77.69146600000001,36.990077,0 -77.690821,36.990592,0 -77.69040800000001,36.990935,0 -77.689981,36.991269,0 -77.68964699999999,36.991552,0 -77.689398,36.991743,0 -77.689103,36.99197,0 -77.688126,36.992733,0 -77.687753,36.993017,0 -77.687421,36.993276,0 -77.686977,36.993607,0 -77.686725,36.993804,0 -77.686277,36.99416,0 -77.685802,36.994497,0 -77.685114,36.995014,0 -77.684777,36.995245,0 -77.684347,36.995577,0 -77.683457,36.996221,0 -77.68233499999999,36.997026,0 -77.681252,36.997781,0 -77.67976400000001,36.998796,0 -77.679199,36.999177,0 -77.67872199999999,36.99951,0 -77.67822700000001,36.999834,0 -77.67770899999999,37.000163,0 -77.677133,37.00054,0 -77.676438,37.001013,0 -77.675809,37.00142,0 -77.675213,37.001799,0 -77.674162,37.0025,0 -77.673703,37.002796,0 -77.673022,37.003249,0 -77.67114100000001,37.00447,0 -77.670503,37.004894,0 -77.669872,37.005298,0 -77.66902399999999,37.005858,0 -77.667632,37.006764,0 -77.66689599999999,37.007249,0 -77.666298,37.007631,0 -77.665763,37.007981,0 -77.66524200000001,37.008295,0 -77.664264,37.008956,0 -77.663697,37.009357,0 -77.663318,37.009594,0 -77.66295100000001,37.009841,0 -77.662272,37.010324,0 -77.66170200000001,37.010708,0 -77.660796,37.011365,0 -77.660692,37.011442,0 -77.660304,37.011728,0 -77.65990499999999,37.012009,0 -77.65947799999999,37.0123,0 -77.658644,37.012901,0 -77.65839699999999,37.013084,0 -77.658096,37.013291,0 -77.657803,37.013506,0 -77.65684899999999,37.014225,0 -77.656525,37.014474,0 -77.656356,37.014592,0 -77.65467599999999,37.015886,0 -77.65373,37.016635,0 -77.65369200000001,37.016669,0 -77.653075,37.017158,0 -77.652188,37.017872,0 -77.651095,37.018767,0 -77.650595,37.019205,0 -77.650195,37.019523,0 -77.649523,37.020102,0 -77.649191,37.020387,0 -77.64872099999999,37.020786,0 -77.648217,37.021232,0 -77.64718000000001,37.022126,0 -77.64431399999999,37.024631,0 -77.64248600000001,37.02624,0 -77.640653,37.027832,0 -77.639262,37.029002,0 -77.637799,37.030172,0 -77.63688500000001,37.030895,0 -77.636432,37.031244,0 -77.635614,37.031893,0 -77.635047,37.032307,0 -77.63409900000001,37.033012,0 -77.63348999999999,37.033457,0 -77.63323099999999,37.033653,0 -77.633004,37.033825,0 -77.632239,37.034428,0 -77.631686,37.034856,0 -77.631169,37.035239,0 -77.631091,37.035298,0 -77.630123,37.036026,0 -77.6297343,37.036334,0 -77.629521,37.036503,0 -77.628809,37.037048,0 -77.626859,37.038513,0 -77.626516,37.03875,0 -77.626255,37.038929,0 -77.625325,37.03965,0 -77.624804,37.04003,0 -77.624719,37.040092,0 -77.62307,37.041368,0 -77.62238499999999,37.041888,0 -77.62153000000001,37.042523,0 -77.62051,37.043311,0 -77.61976,37.043871,0 -77.61745500000001,37.045628,0 -77.61569,37.046961,0 -77.614211,37.04804,0 -77.613146,37.048809,0 -77.612607,37.049187,0 -77.611574,37.049927,0 -77.611138,37.050214,0 -77.610034,37.050996,0 -77.609679,37.051238,0 -77.609027,37.051674,0 -77.606886,37.053081,0 -77.60674,37.05318,0 -77.606302,37.053476,0 -77.604601,37.054533,0 -77.603996,37.054913,0 -77.603359,37.055288,0 -77.60274800000001,37.055664,0 -77.60209399999999,37.05606,0 -77.601843,37.056204,0 -77.600753,37.056865,0 -77.598862,37.057961,0 -77.59440499999999,37.060574,0 -77.59357900000001,37.061062,0 -77.5930851,37.0613519,0 -77.592601,37.06163,0 -77.590243,37.063019,0 -77.589135,37.063665,0 -77.586741,37.06507,0 -77.586,37.065505,0 -77.585455,37.06582,0 -77.584585,37.066333,0 -77.583084,37.067203,0 -77.582284,37.067681,0 -77.580994,37.068433,0 -77.58053200000001,37.068733,0 -77.580034,37.069032,0 -77.578339,37.069986,0 -77.577057,37.070739,0 -77.576481,37.071071,0 -77.57586499999999,37.071432,0 -77.575266,37.071793,0 -77.574568,37.072204,0 -77.57361,37.072758,0 -77.573274,37.07296,0 -77.572667,37.073325,0 -77.571921,37.073789,0 -77.570502,37.0747,0 -77.56976400000001,37.07519,0 -77.56879000000001,37.075866,0 -77.56853700000001,37.076041,0 -77.567249,37.076963,0 -77.56645,37.077555,0 -77.566112,37.077806,0 -77.565477,37.078288,0 -77.565235,37.078486,0 -77.56395000000001,37.079531,0 -77.56333100000001,37.080049,0 -77.562124,37.081094,0 -77.561589,37.081538,0 -77.56145600000001,37.081649,0 -77.560705,37.082365,0 -77.55962700000001,37.08341,0 -77.558418,37.084615,0 -77.558072,37.084952,0 -77.557714,37.085323,0 -77.55725700000001,37.085813,0 -77.55690800000001,37.086197,0 -77.5564151,37.0867765,0 -77.555813,37.087452,0 -77.554388,37.089136,0 -77.553513,37.090188,0 -77.552198,37.091752,0 -77.551661,37.092403,0 -77.550639,37.093623,0 -77.54995599999999,37.094499,0 -77.54991200000001,37.09454,0 -77.549772,37.094689,0 -77.549747,37.094717,0 -77.549464,37.095031,0 -77.54918600000001,37.095372,0 -77.54891499999999,37.095689,0 -77.548361,37.09635,0 -77.5480919,37.0966556,0 -77.54774999999999,37.097044,0 -77.54715899999999,37.097728,0 -77.54706,37.097852,0 -77.546835,37.098132,0 -77.546446,37.098586,0 -77.544746,37.100481,0 -77.543921,37.101376,0 -77.542603,37.102775,0 -77.542109,37.103291,0 -77.541426,37.103992,0 -77.540733,37.104673,0 -77.54005600000001,37.105358,0 -77.53946999999999,37.105939,0 -77.53884499999999,37.106567,0 -77.538062,37.107331,0 -77.535842,37.109439,0 -77.535302,37.109945,0 -77.534683,37.110539,0 -77.5341087,37.1110784,0 -77.53378669999999,37.1113849,0 -77.533197,37.111946,0 -77.53258099999999,37.11252,0 -77.532196,37.112897,0 -77.530432,37.114562,0 -77.528738,37.116188,0 -77.528319,37.116605,0 -77.527472,37.117498,0 -77.526989,37.11803,0 -77.52658,37.118496,0 -77.526141,37.119011,0 -77.525673,37.119578,0 -77.52530400000001,37.120042,0 -77.52479099999999,37.1207,0 -77.524098,37.121652,0 -77.523635,37.122315,0 -77.523177,37.123008,0 -77.522862,37.123506,0 -77.522527,37.124049,0 -77.522068,37.124826,0 -77.521911,37.125112,0 -77.52147600000001,37.125903,0 -77.520742,37.127358,0 -77.52026499999999,37.128414,0 -77.519835,37.129446,0 -77.519513,37.130278,0 -77.519111,37.131434,0 -77.518916,37.132064,0 -77.518771,37.13253,0 -77.518291,37.134236,0 -77.518146,37.134774,0 -77.517994,37.135308,0 -77.517746,37.136258,0 -77.517494,37.137195,0 -77.517464,37.137288,0 -77.51730499999999,37.137776,0 -77.5171077,37.13838,0 -77.516865,37.139347,0 -77.51666400000001,37.140034,0 -77.51540199999999,37.144555,0 -77.51528399999999,37.144965,0 -77.515123,37.145501,0 -77.51499800000001,37.145889,0 -77.514674,37.146801,0 -77.51421999999999,37.147939,0 -77.51409,37.148238,0 -77.513756,37.148969,0 -77.513406,37.149681,0 -77.51318999999999,37.150099,0 -77.512945,37.1505651,0 -77.5126875,37.1510029,0 -77.5124,37.151491,0 -77.511971,37.152179,0 -77.511522,37.15286,0 -77.511309,37.153171,0 -77.510882,37.153767,0 -77.510398,37.154405,0 -77.510189,37.154671,0 -77.50981899999999,37.155127,0 -77.509507,37.155498,0 -77.50808499999999,37.157128,0 -77.50792,37.157316,0 -77.505471,37.160098,0 -77.502717,37.16324,0 -77.50157799999999,37.164528,0 -77.50106100000001,37.165122,0 -77.50003599999999,37.16629,0 -77.498062,37.168539,0 -77.49772,37.168924,0 -77.497533,37.169142,0 -77.497119,37.16961,0 -77.49636700000001,37.170484,0 -77.495966,37.170996,0 -77.495615,37.171484,0 -77.49518500000001,37.172139,0 -77.49477400000001,37.172865,0 -77.494407,37.173589,0 -77.494276,37.173891,0 -77.49414899999999,37.174182,0 -77.494023,37.174492,0 -77.49387,37.174912,0 -77.493576,37.175905,0 -77.493458,37.176411,0 -77.493358,37.176919,0 -77.4933018,37.1772915,0 -77.493188,37.178045,0 -77.49314099999999,37.178417,0 -77.49299600000001,37.179462,0 -77.4929722,37.1797301,0 -77.492885,37.180278,0 -77.49284400000001,37.180549,0 -77.492801,37.180788,0 -77.492711,37.181202,0 -77.49264239999999,37.1814685,0 -77.4925818,37.1817745,0 -77.492462,37.18217,0 -77.492379,37.182474,0 -77.492299,37.182806,0 -77.492195,37.183142,0 -77.492108,37.183388,0 -77.49188100000001,37.183999,0 -77.49167300000001,37.184501,0 -77.49143599999999,37.185038,0 -77.49129499999999,37.18533,0 -77.49113199999999,37.185627,0 -77.491089,37.185698,0 -77.490949,37.185925,0 -77.49056899999999,37.186638,0 -77.49038299999999,37.18696,0 -77.49023769999999,37.1871896,0 -77.490202,37.187246,0 -77.489752,37.187927,0 -77.489341,37.188531,0 -77.48896499999999,37.189021,0 -77.48889699999999,37.189104,0 -77.488646,37.189413,0 -77.48827300000001,37.189824,0 -77.487949,37.190186,0 -77.487557,37.190615,0 -77.4871249,37.1910434,0 -77.48685500000001,37.191311,0 -77.48649,37.191651,0 -77.485748,37.192335,0 -77.484936,37.192993,0 -77.484343,37.193436,0 -77.48376399999999,37.193848,0 -77.483282,37.194169,0 -77.48280099999999,37.194478,0 -77.482339,37.194757,0 -77.482118,37.194886,0 -77.481792,37.195077,0 -77.481336,37.19533,0 -77.4808889,37.1955728,0 -77.4802428,37.1958933,0 -77.48007,37.195976,0 -77.47972799999999,37.19614,0 -77.4792042,37.1963771,0 -77.4785985,37.1966339,0 -77.478185,37.196801,0 -77.477512,37.197053,0 -77.476918,37.197269,0 -77.476309,37.19747,0 -77.476268,37.197483,0 -77.475358,37.197757,0 -77.47447099999999,37.198001,0 -77.473782,37.198171,0 -77.47318,37.198304,0 -77.472337,37.19847,0 -77.47165699999999,37.19859,0 -77.47109500000001,37.198677,0 -77.470457,37.198762,0 -77.469515,37.198866,0 -77.46878340000001,37.1989181,0 -77.46868600000001,37.198925,0 -77.468137,37.198954,0 -77.46798800000001,37.198966,0 -77.467426,37.198999,0 -77.46676600000001,37.199024,0 -77.46599399999999,37.199031,0 -77.46537499999999,37.199031,0 -77.46450350000001,37.1990237,0 -77.46369799999999,37.199017,0 -77.46292,37.199031,0 -77.462086,37.199041,0 -77.46146299999999,37.199043,0 -77.460567,37.199047,0 -77.459726,37.199045,0 -77.4593838,37.1990137,0 -77.45904760000001,37.1990155,0 -77.457775,37.19903,0 -77.45670699999999,37.199036,0 -77.456248,37.199046,0 -77.45563,37.199053,0 -77.4547432,37.1990563,0 -77.4541595,37.1990601,0 -77.45153999999999,37.199059,0 -77.450219,37.199071,0 -77.449563,37.19909,0 -77.44908,37.199117,0 -77.448305,37.199181,0 -77.447699,37.199247,0 -77.446198,37.199436,0 -77.44587799999999,37.199481,0 -77.445427,37.199527,0 -77.44415499999999,37.199709,0 -77.44394699999999,37.199737,0 -77.4436633,37.1997753,0 -77.44301400000001,37.199863,0 -77.442601,37.199943,0 -77.442357,37.2,0 -77.44196100000001,37.200114,0 -77.441727,37.20019,0 -77.441244,37.200374,0 -77.440321,37.200758,0 -77.439539,37.201089,0 -77.43891600000001,37.201348,0 -77.438439,37.201536,0 -77.43818,37.201625,0 -77.43772,37.201755,0 -77.437404,37.201827,0 -77.43706899999999,37.201886,0 -77.436672,37.201938,0 -77.436353,37.201971,0 -77.43602300000001,37.201985,0 -77.435693,37.201984,0 -77.435115,37.201953,0 -77.434701,37.201914,0 -77.434472,37.20188,0 -77.434414,37.201871,0 -77.43413099999999,37.201814,0 -77.433784,37.201733,0 -77.433498,37.201652,0 -77.433136,37.201529,0 -77.43279699999999,37.201399,0 -77.432581,37.201307,0 -77.43131700000001,37.200767,0 -77.42969600000001,37.200063,0 -77.429153,37.199844,0 -77.428895,37.19975,0 -77.428513,37.199632,0 -77.428241,37.199555,0 -77.427882,37.199477,0 -77.427548,37.199417,0 -77.427171,37.199366,0 -77.42694899999999,37.199344,0 -77.426117,37.199277,0 -77.425236,37.199216,0 -77.424251,37.199143,0 -77.423355,37.199072,0 -77.421778,37.198953,0 -77.420816,37.198887,0 -77.4203685,37.1988881,0 -77.4200319,37.1989085,0 -77.4196898,37.1989463,0 -77.41929399999999,37.198986,0 -77.418899,37.199061,0 -77.41858499999999,37.199134,0 -77.418323,37.199202,0 -77.41803,37.199295,0 -77.417756,37.199394,0 -77.417449,37.199517,0 -77.417243,37.199607,0 -77.41704300000001,37.199705,0 -77.41687,37.1998,0 -77.416359,37.200091,0 -77.41611899999999,37.200264,0 -77.415807,37.200501,0 -77.415536,37.200741,0 -77.41528,37.20099,0 -77.415036,37.201275,0 -77.41483700000001,37.201529,0 -77.41458299999999,37.201903,0 -77.414029,37.202776,0 -77.41384600000001,37.203072,0 -77.41343500000001,37.203715,0 -77.413408,37.203757,0 -77.413214,37.204042,0 -77.413008,37.204325,0 -77.412633,37.204779,0 -77.412204,37.205233,0 -77.41180300000001,37.205616,0 -77.411541,37.205846,0 -77.411249,37.206087,0 -77.41100950000001,37.2062781,0 -77.41068850000001,37.2064994,0 -77.410315,37.206739,0 -77.409901,37.206991,0 -77.40951800000001,37.207204,0 -77.40906,37.207436,0 -77.408804,37.207557,0 -77.408348,37.207751,0 -77.406842,37.208369,0 -77.405902,37.208748,0 -77.405404,37.208953,0 -77.403604,37.209692,0 -77.403373,37.209798,0 -77.402699,37.210139,0 -77.402474,37.210266,0 -77.402148,37.210469,0 -77.40193600000001,37.21061,0 -77.401597,37.210827,0 -77.39996499999999,37.211917,0 -77.398595,37.212832,0 -77.3981325,37.2131436,0 -77.3976012,37.2134999,0 -77.39594700000001,37.214584,0 -77.395656,37.214769,0 -77.395374,37.214962,0 -77.394667,37.215428,0 -77.39421400000001,37.215736,0 -77.39408899999999,37.215818,0 -77.393438,37.216245,0 -77.392595,37.216811,0 -77.392185,37.217074,0 -77.39187389999999,37.2172812,0 -77.3917282,37.2173885,0 -77.39130400000001,37.21767,0 -77.39086399999999,37.218013,0 -77.390731,37.218128,0 -77.390607,37.218248,0 -77.39046399999999,37.218404,0 -77.390311,37.2186,0 -77.38986,37.219329,0 -77.38974899999999,37.219556,0 -77.38968300000001,37.219711,0 -77.389622,37.219893,0 -77.389588,37.220039,0 -77.389544,37.220374,0 -77.389538,37.220672,0 -77.389544,37.22076,0 -77.389582,37.221034,0 -77.38962100000001,37.221215,0 -77.389687,37.22143,0 -77.389752,37.221584,0 -77.389861,37.221796,0 -77.38996299999999,37.221959,0 -77.390114,37.222161,0 -77.390263,37.222333,0 -77.390455,37.222523,0 -77.3908002,37.2228468,0 -77.391665,37.223559,0 -77.391773,37.223662,0 -77.391938,37.22381,0 -77.392262,37.224121,0 -77.39261399999999,37.224473,0 -77.39296330000001,37.2248857,0 -77.3932602,37.2252155,0 -77.393643,37.2256651,0 -77.3944122,37.2266444,0 -77.39460200000001,37.2269146,0 -77.3947275,37.2270336,0 
				</coordinates>
			</LineString>
		<atom:link rel="app" href="https://www.google.com/earth/about/versions/#earth-pro" title="Google Earth Pro 7.3.6.10201"></atom:link>
	</Placemark>
</Document>
</kml>
