<?xml version="1.0" encoding="UTF-8"?>
<kml xmlns="http://www.opengis.net/kml/2.2" xmlns:gx="http://www.google.com/kml/ext/2.2" xmlns:kml="http://www.opengis.net/kml/2.2" xmlns:atom="http://www.w3.org/2005/Atom">
<Document>
	<name>I.93.kml</name>
	<Placemark>
		<name>I.93</name>
			<LineString>
				<coordinates>
					-71.1437214,42.209506,0 -71.137216,42.2058332,0 -71.1369758,42.2057006,0 -71.1367303,42.2055681,0 -71.1364954,42.2054438,0 -71.13624729999999,42.2053196,0 -71.1360036,42.2052008,0 -71.1357512,42.2050824,0 -71.13549879999999,42.2049689,0 -71.1352436,42.2048572,0 -71.13499179999999,42.2047526,0 -71.1347288,42.2046455,0 -71.1344649,42.2045417,0 -71.1341999,42.204442,0 -71.1339328,42.204345,0 -71.13366619999999,42.2042525,0 -71.133392,42.2041617,0 -71.1331242,42.2040756,0 -71.1328487,42.2039911,0 -71.1325757,42.2039109,0 -71.1322996,42.2038344,0 -71.13201650000001,42.2037589,0 -71.1317403,42.2036883,0 -71.13145350000001,42.2036221,0 -71.1311705,42.2035586,0 -71.1308872,42.2034976,0 -71.1306031,42.2034415,0 -71.1303163,42.2033869,0 -71.13002400000001,42.2033334,0 -71.1297359,42.2032845,0 -71.1294391,42.2032353,0 -71.1291513,42.2031954,0 -71.1288577,42.2031591,0 -71.12856840000001,42.2031278,0 -71.12826939999999,42.2030968,0 -71.1279801,42.2030689,0 -71.1276891,42.2030437,0 -71.12738400000001,42.203022,0 -71.1271004,42.2030033,0 -71.12665920000001,42.2029796,0 -71.12635469999999,42.202964,0 -71.12605240000001,42.202951,0 -71.1257501,42.2029399,0 -71.1254574,42.2029339,0 -71.1251594,42.2029364,0 -71.1248743,42.2029415,0 -71.1245681,42.2029493,0 -71.1198503,42.2030714,0 -71.1193428,42.2030836,0 -71.11883640000001,42.2030993,0 -71.1187358,42.2031023,0 -71.11328570000001,42.2032662,0 -71.10895050000001,42.2033688,0 -71.1073482,42.2034211,0 -71.10705830000001,42.2034274,0 -71.1067721,42.2034317,0 -71.10646149999999,42.2034337,0 -71.1061665,42.2034341,0 -71.1058702,42.2034317,0 -71.1056487,42.2034317,0 -71.1052799,42.2034259,0 -71.1049727,42.2034196,0 -71.10468470000001,42.2034103,0 -71.1043806,42.2033972,0 -71.1040912,42.2033838,0 -71.1037894,42.2033666,0 -71.1034946,42.2033498,0 -71.1031981,42.203335,0 -71.10038040000001,42.2031759,0 -71.0963047,42.2029497,0 -71.0959802,42.2029317,0 -71.0910454,42.2026578,0 -71.0882536,42.2024993,0 -71.08482650000001,42.2023313,0 -71.08455600000001,42.2023276,0 -71.0843823,42.202325,0 -71.08408849999999,42.2023242,0 -71.0837935,42.2023243,0 -71.08350160000001,42.2023261,0 -71.0832099,42.2023283,0 -71.0829155,42.2023328,0 -71.0826198,42.2023391,0 -71.0823261,42.2023467,0 -71.0820226,42.2023583,0 -71.0817268,42.2023728,0 -71.0814343,42.2023874,0 -71.0812231,42.2023986,0 -71.0810781,42.2024063,0 -71.0809374,42.2024152,0 -71.0807932,42.2024246,0 -71.0806523,42.2024337,0 -71.0805081,42.2024443,0 -71.0803684,42.202454,0 -71.0802228,42.2024649,0 -71.07993639999999,42.2024866,0 -71.0796565,42.2025104,0 -71.0793688,42.2025366,0 -71.0790801,42.2025645,0 -71.07879800000001,42.2025913,0 -71.0785159,42.2026223,0 -71.0778091,42.2027075,0 -71.0774369,42.2027543,0 -71.0771553,42.2027932,0 -71.07687749999999,42.2028327,0 -71.0765865,42.2028772,0 -71.07631050000001,42.2029195,0 -71.07602919999999,42.202965,0 -71.0757498,42.2030106,0 -71.0754744,42.2030576,0 -71.0751925,42.2031079,0 -71.0749192,42.2031579,0 -71.07186369999999,42.2037411,0 -71.0705727,42.2039982,0 -71.0704113,42.2040295,0 -71.0693819,42.2042294,0 -71.0656772,42.2049645,0 -71.0652821,42.2050383,0 -71.0646102,42.2051575,0 -71.0639972,42.2052764,0 -71.05976339999999,42.2061229,0 -71.0579482,42.2064794,0 -71.05507,42.2070498,0 -71.05480129999999,42.2071057,0 -71.05451979999999,42.2071659,0 -71.0542439,42.2072284,0 -71.0539753,42.2072917,0 -71.05370449999999,42.2073595,0 -71.053427,42.2074294,0 -71.05316379999999,42.2075003,0 -71.05289190000001,42.207577,0 -71.0526155,42.2076565,0 -71.0523385,42.2077394,0 -71.0520659,42.2078255,0 -71.0518294,42.2079008,0 -71.0515687,42.2079869,0 -71.0513098,42.2080738,0 -71.05105210000001,42.2081653,0 -71.0507944,42.2082595,0 -71.0505445,42.2083532,0 -71.05028679999999,42.2084531,0 -71.05003499999999,42.2085532,0 -71.0497826,42.2086556,0 -71.04953190000001,42.2087609,0 -71.0492874,42.208866,0 -71.0490369,42.2089776,0 -71.0487957,42.2090872,0 -71.04855480000001,42.2092008,0 -71.04831540000001,42.2093163,0 -71.0480773,42.2094332,0 -71.0478401,42.2095509,0 -71.0476015,42.2096763,0 -71.0473707,42.2097996,0 -71.047139,42.2099283,0 -71.0469069,42.2100578,0 -71.0466868,42.2101847,0 -71.0464652,42.2103148,0 -71.04622999999999,42.210458,0 -71.046013,42.2105921,0 -71.04580009999999,42.2107269,0 -71.0455829,42.2108682,0 -71.04536830000001,42.2110119,0 -71.0451597,42.2111533,0 -71.04498580000001,42.2112738,0 -71.0447461,42.2114449,0 -71.0445421,42.2115937,0 -71.04433969999999,42.2117453,0 -71.0441343,42.2119053,0 -71.0439433,42.2120541,0 -71.0437483,42.2122116,0 -71.04355750000001,42.2123693,0 -71.04336859999999,42.2125316,0 -71.04318000000001,42.2126943,0 -71.0429953,42.2128611,0 -71.0427619,42.213084,0 -71.0426403,42.2131906,0 -71.0424637,42.2133608,0 -71.0422928,42.21353,0 -71.04211840000001,42.2137038,0 -71.0419479,42.2138746,0 -71.03670889999999,42.219184,0 -71.0363613,42.219526,0 -71.0361877,42.219692,0 -71.03601020000001,42.2198575,0 -71.03582539999999,42.2200188,0 -71.0356374,42.2201783,0 -71.0354454,42.2203341,0 -71.0352525,42.2204838,0 -71.0350454,42.2206373,0 -71.03484039999999,42.2207862,0 -71.0346321,42.2209314,0 -71.0344223,42.2210713,0 -71.0342071,42.221209,0 -71.03398869999999,42.2213456,0 -71.03376129999999,42.2214795,0 -71.0335432,42.2216047,0 -71.03331129999999,42.2217304,0 -71.0330795,42.2218508,0 -71.032849,42.2219694,0 -71.032608,42.2220843,0 -71.0323664,42.2221961,0 -71.0321189,42.2223057,0 -71.03187920000001,42.222407,0 -71.0316225,42.2225104,0 -71.03137649999999,42.2226054,0 -71.03112539999999,42.2226995,0 -71.0308594,42.2227925,0 -71.0306193,42.2228723,0 -71.03035,42.2229565,0 -71.0300897,42.2230343,0 -71.0298197,42.2231102,0 -71.0295562,42.2231812,0 -71.02928679999999,42.2232492,0 -71.0290207,42.2233125,0 -71.0287421,42.2233738,0 -71.02640479999999,42.2238535,0 -71.024894,42.224165,0 -71.0246161,42.2242289,0 -71.0243466,42.2242908,0 -71.0240661,42.2243574,0 -71.0237834,42.2244282,0 -71.02352449999999,42.2244927,0 -71.0233856,42.2245293,0 -71.0232572,42.2245673,0 -71.02311950000001,42.2246118,0 -71.0229982,42.2246566,0 -71.0228687,42.2247096,0 -71.02274389999999,42.2247646,0 -71.02262140000001,42.2248205,0 -71.0224967,42.2248817,0 -71.022375,42.2249448,0 -71.0222571,42.2250089,0 -71.02213690000001,42.2250788,0 -71.02202440000001,42.2251493,0 -71.0219123,42.225224,0 -71.02180370000001,42.2253003,0 -71.0216982,42.2253791,0 -71.02159399999999,42.2254575,0 -71.02149439999999,42.2255389,0 -71.0213972,42.2256226,0 -71.021305,42.2257085,0 -71.0212159,42.2257972,0 -71.0211295,42.2258867,0 -71.0210462,42.2259811,0 -71.0209669,42.2260732,0 -71.0208915,42.2261691,0 -71.0208184,42.2262662,0 -71.0207501,42.226365,0 -71.0206848,42.2264651,0 -71.0206235,42.2265632,0 -71.0205646,42.2266647,0 -71.02050970000001,42.2267701,0 -71.0204609,42.2268755,0 -71.0204221,42.2269716,0 -71.02038,42.2270837,0 -71.0203435,42.2271894,0 -71.02030999999999,42.2273008,0 -71.02028300000001,42.227409,0 -71.02025980000001,42.227516,0 -71.02023990000001,42.2276252,0 -71.0202243,42.2277336,0 -71.020212,42.2278489,0 -71.02020450000001,42.2279571,0 -71.02020159999999,42.2280692,0 -71.02020330000001,42.22818,0 -71.020211,42.2282895,0 -71.0202238,42.2284021,0 -71.02024040000001,42.2285099,0 -71.0202613,42.2286191,0 -71.0202865,42.228728,0 -71.02031479999999,42.228837,0 -71.0203459,42.228944,0 -71.0203829,42.2290507,0 -71.02042419999999,42.2291569,0 -71.02047210000001,42.2292617,0 -71.0205261,42.2293663,0 -71.0205821,42.2294677,0 -71.0206417,42.2295681,0 -71.0212214,42.2305427,0 -71.02195089999999,42.23163,0 -71.022021,42.2317296,0 -71.0220875,42.2318286,0 -71.0221525,42.2319287,0 -71.0222133,42.2320233,0 -71.022271,42.2321209,0 -71.0223276,42.2322184,0 -71.0223862,42.2323227,0 -71.0224403,42.2324212,0 -71.022493,42.2325235,0 -71.0225439,42.2326293,0 -71.0225904,42.2327274,0 -71.0226378,42.232835,0 -71.0226789,42.2329342,0 -71.0227204,42.233042,0 -71.0227605,42.233148,0 -71.0227979,42.2332482,0 -71.0228365,42.2333559,0 -71.0228728,42.2334621,0 -71.0229035,42.2335689,0 -71.0229303,42.2336708,0 -71.02295650000001,42.2337824,0 -71.02297919999999,42.2338875,0 -71.02299789999999,42.2339889,0 -71.0230196,42.2340989,0 -71.02303620000001,42.2342065,0 -71.0230538,42.2343167,0 -71.02335890000001,42.2363627,0 -71.0235878,42.2378977,0 -71.023607,42.2380045,0 -71.02363,42.2381148,0 -71.0236589,42.2382217,0 -71.023691,42.2383283,0 -71.02376510000001,42.2385423,0 -71.0238434,42.2387461,0 -71.0239243,42.2389567,0 -71.02400799999999,42.2391573,0 -71.0240538,42.2392607,0 -71.0241023,42.2393629,0 -71.02415499999999,42.2394626,0 -71.02420979999999,42.2395622,0 -71.0242702,42.2396648,0 -71.0243337,42.2397658,0 -71.0243985,42.239863,0 -71.0244634,42.2399581,0 -71.0245316,42.2400542,0 -71.0246022,42.2401463,0 -71.0246739,42.240239,0 -71.0247518,42.2403318,0 -71.0248284,42.2404236,0 -71.02490659999999,42.2405094,0 -71.0249946,42.2406025,0 -71.0250791,42.2406902,0 -71.0251646,42.2407725,0 -71.02530160000001,42.2409036,0 -71.025654,42.2412352,0 -71.0272276,42.2427153,0 -71.0273229,42.2428011,0 -71.0274166,42.2428818,0 -71.02751240000001,42.242959,0 -71.0276142,42.2430394,0 -71.02771920000001,42.2431196,0 -71.0278268,42.2431984,0 -71.02792599999999,42.2432666,0 -71.0280296,42.2433358,0 -71.02814480000001,42.2434097,0 -71.0282608,42.2434806,0 -71.0283737,42.243547,0 -71.0284848,42.2436104,0 -71.0285995,42.2436755,0 -71.0287237,42.2437405,0 -71.02883869999999,42.2437979,0 -71.0289672,42.2438605,0 -71.0290913,42.2439181,0 -71.0292109,42.2439734,0 -71.0293381,42.2440271,0 -71.0294632,42.2440778,0 -71.0295947,42.2441283,0 -71.0297266,42.2441774,0 -71.0298568,42.2442231,0 -71.0301266,42.2443143,0 -71.03051120000001,42.2444442,0 -71.0311373,42.2446485,0 -71.03165060000001,42.2448171,0 -71.03194910000001,42.2449163,0 -71.03315240000001,42.245316,0 -71.0332844,42.2453608,0 -71.0334182,42.2454081,0 -71.0335524,42.245457,0 -71.03367059999999,42.2455025,0 -71.0337942,42.2455516,0 -71.0339238,42.2456055,0 -71.0340422,42.2456589,0 -71.03417,42.2457184,0 -71.0342859,42.2457751,0 -71.0344011,42.2458332,0 -71.0345136,42.2458928,0 -71.0346313,42.2459559,0 -71.03474900000001,42.2460243,0 -71.0348504,42.2460853,0 -71.034965,42.2461569,0 -71.0350736,42.2462252,0 -71.035184,42.2462996,0 -71.03528489999999,42.2463713,0 -71.0353903,42.2464476,0 -71.0354913,42.2465242,0 -71.0355843,42.2465994,0 -71.035681,42.2466777,0 -71.0357743,42.2467566,0 -71.03586730000001,42.2468388,0 -71.03595350000001,42.2469183,0 -71.03604489999999,42.2470067,0 -71.0361322,42.2470929,0 -71.0362136,42.2471797,0 -71.0363002,42.2472724,0 -71.0363791,42.2473652,0 -71.0364534,42.2474535,0 -71.0365231,42.2475397,0 -71.03659399999999,42.2476296,0 -71.036661,42.2477206,0 -71.03672899999999,42.2478147,0 -71.03679390000001,42.2479126,0 -71.0368534,42.2480064,0 -71.0369153,42.2481094,0 -71.0369714,42.2482085,0 -71.0370223,42.2483029,0 -71.0370722,42.2483999,0 -71.0371212,42.2485033,0 -71.037166,42.2486043,0 -71.0372077,42.2487019,0 -71.03724939999999,42.2488048,0 -71.0372881,42.2489098,0 -71.0373197,42.2490087,0 -71.03735330000001,42.2491161,0 -71.0373838,42.2492237,0 -71.0374108,42.2493282,0 -71.0374374,42.2494343,0 -71.0380959,42.2520629,0 -71.03830670000001,42.2529162,0 -71.0383363,42.2530196,0 -71.03836750000001,42.2531272,0 -71.03840030000001,42.253226,0 -71.03843639999999,42.2533344,0 -71.0384717,42.2534341,0 -71.0385131,42.2535427,0 -71.0385545,42.2536468,0 -71.03859490000001,42.2537418,0 -71.03864470000001,42.253851,0 -71.0386925,42.253952,0 -71.0387459,42.2540573,0 -71.03879569999999,42.2541552,0 -71.0388494,42.2542565,0 -71.0389054,42.254352,0 -71.0389646,42.2544522,0 -71.0390261,42.25455,0 -71.0397406,42.2556116,0 -71.0412188,42.2578145,0 -71.04146780000001,42.2581972,0 -71.0418813,42.2588351,0 -71.0465926,42.2662134,0 -71.0476328,42.2678427,0 -71.04983350000001,42.2712893,0 -71.049949,42.2714912,0 -71.0500497,42.2716884,0 -71.0501405,42.2718911,0 -71.0502232,42.2720964,0 -71.0502936,42.2722998,0 -71.05035239999999,42.2725099,0 -71.0504014,42.2727177,0 -71.0504375,42.2729259,0 -71.05046489999999,42.2731387,0 -71.0504773,42.2733491,0 -71.05047879999999,42.2735652,0 -71.0504705,42.2737733,0 -71.0504586,42.2739301,0 -71.0504387,42.2740909,0 -71.0504208,42.2742016,0 -71.0503994,42.2743094,0 -71.050375,42.2744208,0 -71.0503487,42.2745317,0 -71.0503205,42.2746398,0 -71.0502935,42.2747303,0 -71.05026340000001,42.2748225,0 -71.0501891,42.2750249,0 -71.0501002,42.2752346,0 -71.05000800000001,42.2754287,0 -71.0499049,42.2756233,0 -71.0497843,42.275824,0 -71.0496569,42.2760134,0 -71.0495207,42.2761999,0 -71.0493773,42.2763847,0 -71.0490116,42.2768557,0 -71.0488244,42.2771073,0 -71.04790029999999,42.2783313,0 -71.0464781,42.2801976,0 -71.0462594,42.2804842,0 -71.04403840000001,42.2834082,0 -71.0438898,42.2836028,0 -71.0437488,42.2837907,0 -71.04362690000001,42.2839643,0 -71.0434893,42.2841748,0 -71.0434305,42.2842736,0 -71.04337080000001,42.2843735,0 -71.0433134,42.284479,0 -71.0432383,42.2846215,0 -71.0431663,42.2847742,0 -71.04311939999999,42.2848782,0 -71.0430763,42.2849798,0 -71.04301289999999,42.2851443,0 -71.0429401,42.2853444,0 -71.0428919,42.2855083,0 -71.0428371,42.2857221,0 -71.0427897,42.285937,0 -71.042753,42.2861529,0 -71.042727,42.2863684,0 -71.0427097,42.2865863,0 -71.04270270000001,42.286799,0 -71.0427057,42.2870143,0 -71.0427189,42.2872356,0 -71.04272659999999,42.2873145,0 -71.042739,42.2874238,0 -71.0427536,42.2875339,0 -71.04277159999999,42.2876428,0 -71.042788,42.2877475,0 -71.0428108,42.2878507,0 -71.0428361,42.2879602,0 -71.04285900000001,42.2880559,0 -71.0428876,42.2881607,0 -71.04296720000001,42.2884432,0 -71.0432757,42.2895438,0 -71.0434188,42.2900351,0 -71.04346750000001,42.2902025,0 -71.0435337,42.2904164,0 -71.04369250000001,42.2909294,0 -71.0437518,42.291135,0 -71.0438152,42.2913411,0 -71.0438844,42.2915482,0 -71.0439653,42.2917577,0 -71.0440476,42.2919663,0 -71.04413030000001,42.2921655,0 -71.0442209,42.2923733,0 -71.04431049999999,42.2925793,0 -71.0444071,42.2927896,0 -71.04449320000001,42.292984,0 -71.0445649,42.2931222,0 -71.044737,42.293426,0 -71.0448853,42.2936904,0 -71.0449835,42.293889,0 -71.045081,42.2940888,0 -71.0453479,42.2945919,0 -71.0465153,42.296841,0 -71.0474184,42.2985556,0 -71.0475417,42.2987965,0 -71.04811530000001,42.2999252,0 -71.0482913,42.3002281,0 -71.0483942,42.300393,0 -71.0484281,42.300449,0 -71.0484757,42.3005161,0 -71.0485228,42.3005816,0 -71.04859089999999,42.300677,0 -71.0486622,42.3007713,0 -71.0487389,42.3008657,0 -71.04881260000001,42.3009508,0 -71.0488892,42.3010408,0 -71.0489711,42.301133,0 -71.04906130000001,42.3012301,0 -71.04915389999999,42.3013246,0 -71.0492397,42.3014089,0 -71.0493264,42.301494,0 -71.0521577,42.3040649,0 -71.0523384,42.3042364,0 -71.0524265,42.3043223,0 -71.05251060000001,42.3044077,0 -71.05259169999999,42.3044948,0 -71.0526713,42.3045839,0 -71.0527467,42.304674,0 -71.052819,42.3047657,0 -71.0528905,42.3048562,0 -71.052958,42.3049413,0 -71.0530292,42.3050394,0 -71.05309339999999,42.3051342,0 -71.05315899999999,42.3052325,0 -71.0532142,42.3053185,0 -71.0532695,42.3054141,0 -71.0533274,42.3055207,0 -71.0534248,42.3057199,0 -71.0535138,42.3059202,0 -71.0535919,42.3061196,0 -71.0536589,42.3063243,0 -71.0537173,42.3065336,0 -71.0537633,42.3067486,0 -71.053798,42.3069625,0 -71.0538232,42.3071664,0 -71.0538348,42.3073818,0 -71.0538327,42.3076003,0 -71.0538222,42.3078078,0 -71.0538019,42.3080136,0 -71.05377350000001,42.3082162,0 -71.05372869999999,42.3084373,0 -71.0536817,42.3086521,0 -71.0536297,42.3088618,0 -71.053575,42.3090718,0 -71.05351450000001,42.3092795,0 -71.05344959999999,42.3094857,0 -71.0533751,42.3096942,0 -71.0532991,42.3099021,0 -71.0532204,42.3101093,0 -71.0531368,42.3103153,0 -71.05167520000001,42.3137885,0 -71.051632,42.3138919,0 -71.0515876,42.3140015,0 -71.0515491,42.3141,0 -71.0515091,42.3142053,0 -71.0514716,42.3143196,0 -71.05144110000001,42.3144153,0 -71.0514124,42.3145127,0 -71.05138549999999,42.3146097,0 -71.0513607,42.314702,0 -71.0513244,42.3148506,0 -71.0513017,42.314948,0 -71.0512782,42.3150627,0 -71.0512607,42.3151588,0 -71.0512432,42.3152659,0 -71.0512274,42.3153812,0 -71.05121339999999,42.3154922,0 -71.0512035,42.3155941,0 -71.05119259999999,42.3157034,0 -71.0511855,42.3158074,0 -71.05118109999999,42.3159177,0 -71.05118,42.3160262,0 -71.0511793,42.3161358,0 -71.051182,42.3162347,0 -71.0511868,42.3163499,0 -71.0511944,42.3164589,0 -71.0512014,42.3165625,0 -71.0512111,42.3166723,0 -71.0512246,42.3167846,0 -71.0512392,42.3168882,0 -71.05125649999999,42.3169949,0 -71.0512753,42.3171034,0 -71.0512962,42.3172078,0 -71.05131969999999,42.3173168,0 -71.0513457,42.3174201,0 -71.051374,42.3175308,0 -71.0514038,42.3176353,0 -71.05143630000001,42.3177366,0 -71.05147220000001,42.3178396,0 -71.0515123,42.3179426,0 -71.0515528,42.3180408,0 -71.0516032,42.3181535,0 -71.05169069999999,42.318354,0 -71.0517942,42.3185753,0 -71.05196410000001,42.3188766,0 -71.0521092,42.319113,0 -71.0523733,42.3195291,0 -71.0530768,42.3206842,0 -71.05381010000001,42.3218617,0 -71.054452,42.3229456,0 -71.05457629999999,42.3231413,0 -71.0546985,42.3233273,0 -71.0548379,42.32352,0 -71.0549331,42.3236523,0 -71.05547749999999,42.3242836,0 -71.0559533,42.3247976,0 -71.0564818,42.3253687,0 -71.0567307,42.3256353,0 -71.05715120000001,42.3260922,0 -71.0574002,42.3263523,0 -71.0577349,42.3267204,0 -71.05813860000001,42.3271646,0 -71.05845979999999,42.3275243,0 -71.058626,42.3277077,0 -71.058967,42.3280644,0 -71.0594858,42.328605,0 -71.0599922,42.3291507,0 -71.06041279999999,42.3296139,0 -71.06141340000001,42.3306837,0 -71.0623099,42.3316727,0 -71.0626812,42.3321453,0 -71.062883,42.332395,0 -71.06312010000001,42.3326764,0 -71.0635303,42.3331499,0 -71.0637701,42.3334049,0 -71.0639851,42.3336492,0 -71.0642304,42.3339432,0 -71.0642943,42.33402,0 -71.0643611,42.3340998,0 -71.0644278,42.3341826,0 -71.064491,42.3342705,0 -71.06456180000001,42.334368,0 -71.06462740000001,42.3344645,0 -71.064684,42.334558,0 -71.0647452,42.3346675,0 -71.0647936,42.3347675,0 -71.0648415,42.3348706,0 -71.06488779999999,42.3349777,0 -71.0649282,42.3350776,0 -71.0649665,42.3351785,0 -71.0650021,42.3352858,0 -71.0650337,42.3353953,0 -71.06505900000001,42.3355009,0 -71.06508100000001,42.3356061,0 -71.0650959,42.3357114,0 -71.0651063,42.3358149,0 -71.0651106,42.3359224,0 -71.065108,42.3360321,0 -71.065101,42.3361399,0 -71.06509010000001,42.336251,0 -71.06507379999999,42.3363569,0 -71.0650523,42.3364673,0 -71.06502810000001,42.3365757,0 -71.06500389999999,42.3366778,0 -71.06497520000001,42.3367832,0 -71.06494259999999,42.33689,0 -71.0649074,42.3369981,0 -71.06486889999999,42.3371015,0 -71.0648242,42.3372128,0 -71.0647369,42.3374165,0 -71.0646417,42.3376196,0 -71.0645384,42.3378214,0 -71.0635369,42.3396853,0 -71.0633031,42.3400703,0 -71.0626228,42.341377,0 -71.06250729999999,42.3415921,0 -71.0623933,42.3417975,0 -71.06204320000001,42.3424141,0 -71.0619193,42.342614,0 -71.06179590000001,42.3428191,0 -71.0616686,42.3430218,0 -71.06154050000001,42.3432166,0 -71.06141359999999,42.3434191,0 -71.06128750000001,42.3436093,0 -71.0611565,42.3438119,0 -71.0610245,42.3440028,0 -71.06088509999999,42.3442011,0 -71.0607473,42.3443929,0 -71.06026300000001,42.3450479,0 -71.0599402,42.3454486,0 -71.0597966,42.3456272,0 -71.0596323,42.3458289,0 -71.0586404,42.3470108,0 -71.05822430000001,42.3475229,0 -71.05815269999999,42.3476113,0 -71.0580801,42.3477036,0 -71.05800379999999,42.3478072,0 -71.05793199999999,42.3479063,0 -71.0576514,42.3483121,0 -71.0575813,42.34842,0 -71.05751189999999,42.3485295,0 -71.0574508,42.3486365,0 -71.05739199999999,42.3487475,0 -71.05733619999999,42.3488587,0 -71.0572896,42.3489619,0 -71.0571819,42.3491872,0 -71.0570767,42.3494128,0 -71.0569467,42.3496833,0 -71.0558522,42.3518403,0 -71.055753,42.352039,0 -71.05566760000001,42.3521889,0 -71.0555719,42.3523419,0 -71.0554818,42.3524654,0 -71.055381,42.3525867,0 -71.0552881,42.3526864,0 -71.0551518,42.3528162,0 -71.05500790000001,42.3529364,0 -71.0548656,42.3530414,0 -71.0546626,42.3531719,0 -71.0544623,42.3532837,0 -71.0521007,42.3544605,0 -71.0518538,42.3546054,0 -71.0516641,42.3547398,0 -71.051489,42.354887,0 -71.0513723,42.3550043,0 -71.0513255,42.3550514,0 -71.0511877,42.3552188,0 -71.05106670000001,42.3553995,0 -71.05096469999999,42.3555937,0 -71.05089150000001,42.3557804,0 -71.0508323,42.3560094,0 -71.0508062,42.3562174,0 -71.0508068,42.35644,0 -71.05084479999999,42.3566997,0 -71.05091710000001,42.3569402,0 -71.0515094,42.358289,0 -71.05197819999999,42.3593564,0 -71.05209720000001,42.3596274,0 -71.05219959999999,42.3598441,0 -71.0523231,42.3600488,0 -71.05244740000001,42.3602174,0 -71.05259580000001,42.3603767,0 -71.05276859999999,42.36054,0 -71.05295750000001,42.3606958,0 -71.05312499999999,42.3608192,0 -71.0532946,42.3609337,0 -71.05352329999999,42.3610831,0 -71.0537458,42.3612163,0 -71.0559885,42.3623894,0 -71.0562798,42.362555,0 -71.05661550000001,42.3627709,0 -71.05673590000001,42.3628534,0 -71.05685769999999,42.3629398,0 -71.0569654,42.3630178,0 -71.05706910000001,42.3630983,0 -71.0572744,42.3632639,0 -71.0575522,42.3635053,0 -71.0582181,42.3641659,0 -71.0586007,42.3645646,0 -71.060407,42.3663459,0 -71.06046480000001,42.3664001,0 -71.0605501,42.366482,0 -71.0606416,42.3665698,0 -71.060732,42.3666557,0 -71.060822,42.3667396,0 -71.0609161,42.3668268,0 -71.06151,42.3673647,0 -71.0647086,42.3701826,0 -71.06489019999999,42.3703387,0 -71.06508530000001,42.3704989,0 -71.06528779999999,42.3706612,0 -71.065493,42.3708229,0 -71.0657052,42.3709813,0 -71.0659053,42.3711297,0 -71.06612990000001,42.3712885,0 -71.0665826,42.3715868,0 -71.06680799999999,42.37173,0 -71.0670305,42.3718656,0 -71.0676114,42.3722157,0 -71.0678401,42.3723507,0 -71.0680756,42.3724851,0 -71.0693471,42.3731847,0 -71.0696015,42.373327,0 -71.0698689,42.3734733,0 -71.0714438,42.3743294,0 -71.07167920000001,42.3744634,0 -71.07191210000001,42.3745979,0 -71.07213710000001,42.3747392,0 -71.07237569999999,42.374894,0 -71.0725819,42.3750344,0 -71.07279819999999,42.3751835,0 -71.0730071,42.3753366,0 -71.07321,42.3754902,0 -71.0734045,42.3756446,0 -71.0735988,42.3758092,0 -71.0737848,42.37597,0 -71.0739712,42.3761405,0 -71.07415159999999,42.3763107,0 -71.07438930000001,42.376549,0 -71.0745438,42.3767229,0 -71.0747015,42.3769158,0 -71.0752289,42.3775928,0 -71.0755173,42.3779639,0 -71.0756604,42.3781564,0 -71.07580280000001,42.3783595,0 -71.0759394,42.378571,0 -71.07606680000001,42.378772,0 -71.0761749,42.378955,0 -71.076285,42.3791584,0 -71.0763874,42.3793605,0 -71.076472,42.379557,0 -71.07655099999999,42.3797693,0 -71.07661400000001,42.3799809,0 -71.07666,42.3801914,0 -71.0766972,42.3804122,0 -71.0767216,42.3806273,0 -71.076734,42.3808278,0 -71.0767347,42.3810754,0 -71.07672169999999,42.3812565,0 -71.07670349999999,42.3814868,0 -71.0766713,42.381713,0 -71.0765262,42.3824676,0 -71.0764884,42.3826834,0 -71.0764556,42.3829063,0 -71.076432,42.3831317,0 -71.07642559999999,42.3833435,0 -71.0764284,42.3835517,0 -71.07644139999999,42.3837676,0 -71.07647040000001,42.3839847,0 -71.0765122,42.3842023,0 -71.0765665,42.3844179,0 -71.076634,42.3846329,0 -71.07670109999999,42.384847,0 -71.07677839999999,42.385071,0 -71.07686820000001,42.3852725,0 -71.0769729,42.3854903,0 -71.0770806,42.385696,0 -71.0771999,42.3858955,0 -71.0773324,42.3860883,0 -71.07748119999999,42.3862837,0 -71.0776406,42.3864772,0 -71.0778057,42.386667,0 -71.0779708,42.3868491,0 -71.0781454,42.3870257,0 -71.0783282,42.3872027,0 -71.078509,42.387374,0 -71.07870990000001,42.3875507,0 -71.0789113,42.3877158,0 -71.0791074,42.3878755,0 -71.0793122,42.3880348,0 -71.08201200000001,42.3900724,0 -71.08221589999999,42.3902315,0 -71.0824069,42.3903876,0 -71.08261090000001,42.3905652,0 -71.0827932,42.3907325,0 -71.0829749,42.3908919,0 -71.0831439,42.3910595,0 -71.0833044,42.3912285,0 -71.08345629999999,42.391399,0 -71.0836216,42.3915903,0 -71.084333,42.3924199,0 -71.0845037,42.3926038,0 -71.0846758,42.3927814,0 -71.0848656,42.3929664,0 -71.0850526,42.3931406,0 -71.08524319999999,42.3933092,0 -71.08545220000001,42.3934792,0 -71.08564579999999,42.3936317,0 -71.08588930000001,42.393813,0 -71.08683379999999,42.3945216,0 -71.08775869999999,42.3952377,0 -71.08874710000001,42.395979,0 -71.0898067,42.3967717,0 -71.0907799,42.3975019,0 -71.09099999999999,42.3976671,0 -71.09166879999999,42.3981668,0 -71.0918729,42.3983203,0 -71.0920783,42.3984759,0 -71.0922865,42.398638,0 -71.0924874,42.3987979,0 -71.09267970000001,42.3989562,0 -71.0928758,42.3991216,0 -71.0930584,42.3992795,0 -71.0932468,42.3994483,0 -71.0934309,42.3996165,0 -71.0936092,42.3997838,0 -71.0937926,42.3999593,0 -71.0939656,42.4001324,0 -71.0941363,42.4003064,0 -71.0943053,42.4004853,0 -71.0944688,42.4006633,0 -71.0946354,42.4008471,0 -71.094819,42.401057,0 -71.09503359999999,42.4012887,0 -71.096656,42.4031,0 -71.0982738,42.4049036,0 -71.0989714,42.4056779,0 -71.099394,42.40615,0 -71.0996438,42.4064293,0 -71.0999813,42.4068042,0 -71.1008808,42.4078098,0 -71.10096160000001,42.4079,0 -71.101428,42.4084206,0 -71.10151759999999,42.4085208,0 -71.101592,42.4086039,0 -71.10176149999999,42.4087929,0 -71.1019197,42.4089719,0 -71.10207990000001,42.4091532,0 -71.1022372,42.4093378,0 -71.10238510000001,42.4095202,0 -71.10253040000001,42.4097117,0 -71.10266420000001,42.4099,0 -71.1027946,42.410097,0 -71.10291239999999,42.4102929,0 -71.1030197,42.4104871,0 -71.10312500000001,42.4106926,0 -71.1032246,42.410906,0 -71.1033103,42.4111107,0 -71.1033869,42.4113215,0 -71.103454,42.4115286,0 -71.1035139,42.4117387,0 -71.103565,42.4119542,0 -71.1036082,42.412174,0 -71.10364060000001,42.412385,0 -71.10366670000001,42.4125992,0 -71.1036927,42.4130059,0 -71.1037707,42.4143943,0 -71.1037709,42.4143971,0 -71.10380739999999,42.4151016,0 -71.10385340000001,42.4159811,0 -71.1038769,42.4164086,0 -71.10388349999999,42.4165282,0 -71.1038995,42.4168249,0 -71.10395200000001,42.4178156,0 -71.10395699999999,42.4179286,0 -71.10396129999999,42.4180346,0 -71.1039658,42.4181368,0 -71.1039689,42.418248,0 -71.103971,42.4183549,0 -71.1039699,42.4184667,0 -71.1039688,42.4185245,0 -71.1039672,42.4185738,0 -71.10396350000001,42.4186874,0 -71.1039584,42.4187928,0 -71.10395219999999,42.4188996,0 -71.10394789999999,42.4189544,0 -71.10394359999999,42.4190088,0 -71.103934,42.4191161,0 -71.1039231,42.4192254,0 -71.1039111,42.4193316,0 -71.1038442,42.4198371,0 -71.1037867,42.420269,0 -71.1036385,42.4213846,0 -71.1034942,42.4224508,0 -71.10344569999999,42.4228179,0 -71.103368,42.423396,0 -71.10330570000001,42.4238654,0 -71.1032767,42.424086,0 -71.10325,42.4243015,0 -71.1032259,42.4245163,0 -71.10320470000001,42.4247335,0 -71.1031862,42.4249526,0 -71.103171,42.425171,0 -71.1031584,42.4253881,0 -71.1031491,42.4256048,0 -71.1031409,42.4258431,0 -71.1031326,42.4261146,0 -71.10309650000001,42.4272274,0 -71.1030435,42.4289938,0 -71.1030358,42.4292208,0 -71.103025,42.4294462,0 -71.103008,42.4296703,0 -71.1029858,42.4298818,0 -71.10295429999999,42.4300937,0 -71.10291599999999,42.4303045,0 -71.1028656,42.4305433,0 -71.10281259999999,42.4307599,0 -71.10275590000001,42.4309747,0 -71.10269820000001,42.4311826,0 -71.10263860000001,42.431398,0 -71.102577,42.4316159,0 -71.1025175,42.4318366,0 -71.102467,42.4320419,0 -71.1024165,42.4322682,0 -71.10240210000001,42.4323379,0 -71.1023737,42.4324761,0 -71.10233289999999,42.4326954,0 -71.1022998,42.4329138,0 -71.1022758,42.433126,0 -71.10225990000001,42.4333485,0 -71.1022521,42.4335743,0 -71.1022511,42.4337936,0 -71.10226040000001,42.4340128,0 -71.1022763,42.4342276,0 -71.10230079999999,42.4344682,0 -71.1023339,42.4346952,0 -71.10237499999999,42.4349188,0 -71.10242390000001,42.4351425,0 -71.1024812,42.4353693,0 -71.1025454,42.4355944,0 -71.10261389999999,42.4358139,0 -71.102687,42.4360384,0 -71.1044035,42.4413603,0 -71.10447069999999,42.4415692,0 -71.1045381,42.44178,0 -71.1046044,42.4419902,0 -71.10467180000001,42.4422032,0 -71.1047373,42.4424193,0 -71.1047973,42.4426304,0 -71.10485180000001,42.4428434,0 -71.1049022,42.4430575,0 -71.1049464,42.4432716,0 -71.1049853,42.4434865,0 -71.10502080000001,42.443708,0 -71.1050522,42.4439274,0 -71.105076,42.4441339,0 -71.1050951,42.4443506,0 -71.1051095,42.4445729,0 -71.1051193,42.4447898,0 -71.10512300000001,42.4450099,0 -71.10512129999999,42.4452258,0 -71.1051147,42.4454572,0 -71.10510360000001,42.4456475,0 -71.1050869,42.4458764,0 -71.1050662,42.4460843,0 -71.1050396,42.4462983,0 -71.10500759999999,42.4465156,0 -71.1049706,42.4467336,0 -71.10492790000001,42.4469513,0 -71.1048804,42.4471772,0 -71.10482949999999,42.4473937,0 -71.1047715,42.4476227,0 -71.1046978,42.4478766,0 -71.10462819999999,42.4481119,0 -71.1044236,42.4487945,0 -71.10410950000001,42.449855,0 -71.1035589,42.4517234,0 -71.1031661,42.4530564,0 -71.10237770000001,42.4557214,0 -71.1023131,42.4559392,0 -71.1022514,42.4561555,0 -71.1021939,42.4563738,0 -71.10214209999999,42.4565911,0 -71.1020955,42.4568085,0 -71.1020542,42.4570264,0 -71.1020177,42.4572416,0 -71.1019857,42.4574596,0 -71.1019599,42.4576769,0 -71.1019371,42.4578962,0 -71.10192069999999,42.4581149,0 -71.10191039999999,42.4583327,0 -71.1019048,42.4585528,0 -71.1019021,42.4587749,0 -71.10190540000001,42.4589923,0 -71.1019154,42.4592147,0 -71.10193150000001,42.4594441,0 -71.1019505,42.4596587,0 -71.10197410000001,42.4598804,0 -71.1020049,42.4600997,0 -71.10203850000001,42.4603125,0 -71.1020786,42.4605322,0 -71.1021247,42.4607528,0 -71.10217590000001,42.460972,0 -71.1022303,42.4611875,0 -71.1022902,42.4614028,0 -71.1023548,42.4616157,0 -71.10242479999999,42.4618291,0 -71.10249880000001,42.4620378,0 -71.10257900000001,42.4622493,0 -71.1026631,42.4624596,0 -71.1027514,42.46267,0 -71.1028465,42.4628791,0 -71.1029473,42.4630857,0 -71.1030521,42.4632926,0 -71.1031608,42.4634961,0 -71.1032764,42.4636999,0 -71.1033948,42.4639007,0 -71.10351679999999,42.4640976,0 -71.1036436,42.4642964,0 -71.10377219999999,42.464488,0 -71.1039069,42.4646823,0 -71.10404370000001,42.4648771,0 -71.1056981,42.4672089,0 -71.10712909999999,42.4692281,0 -71.1073425,42.4695289,0 -71.1091962,42.4721479,0 -71.1098853,42.4731199,0 -71.1104371,42.4738983,0 -71.1123979,42.4766649,0 -71.1126269,42.4769885,0 -71.1128494,42.4773011,0 -71.1129186,42.4773982,0 -71.11463000000001,42.4798126,0 -71.1149233,42.4802299,0 -71.11497869999999,42.4803089,0 -71.1151282,42.4805222,0 -71.11526449999999,42.4807226,0 -71.1153922,42.4809195,0 -71.1155179,42.4811211,0 -71.1156367,42.4813169,0 -71.1157558,42.4815212,0 -71.1158676,42.4817227,0 -71.11597570000001,42.4819235,0 -71.1160831,42.4821303,0 -71.11618369999999,42.4823338,0 -71.116286,42.4825457,0 -71.1163801,42.4827515,0 -71.11647290000001,42.4829625,0 -71.116559,42.4831697,0 -71.1166441,42.4833815,0 -71.1167221,42.4835902,0 -71.1167969,42.4837991,0 -71.1168692,42.4840156,0 -71.1169362,42.4842282,0 -71.1170017,42.4844473,0 -71.1170609,42.4846608,0 -71.1171169,42.484874,0 -71.1171707,42.48509,0 -71.11721989999999,42.4853064,0 -71.1172636,42.4855209,0 -71.11730470000001,42.4857409,0 -71.1173416,42.485958,0 -71.11737460000001,42.4861759,0 -71.11740349999999,42.4863997,0 -71.11742719999999,42.4866162,0 -71.1174489,42.4868352,0 -71.11746599999999,42.4870552,0 -71.117479,42.4872761,0 -71.1174899,42.4874941,0 -71.1175004,42.4877103,0 -71.1175101,42.4879303,0 -71.1176921,42.492213,0 -71.1178314,42.4954957,0 -71.1179221,42.4975998,0 -71.11793059999999,42.4978129,0 -71.1179392,42.4980364,0 -71.1179482,42.4982571,0 -71.11795549999999,42.498473,0 -71.1179661,42.4986953,0 -71.11798109999999,42.4989147,0 -71.11799980000001,42.4991354,0 -71.1180224,42.4993525,0 -71.118049,42.4995726,0 -71.1180798,42.499791,0 -71.11811539999999,42.500012,0 -71.1181541,42.5002317,0 -71.11819560000001,42.5004501,0 -71.1182407,42.5006663,0 -71.1182914,42.5008821,0 -71.1183448,42.5010973,0 -71.1184028,42.5013147,0 -71.11846439999999,42.5015326,0 -71.1185315,42.5017484,0 -71.1185705,42.5018725,0 -71.11860040000001,42.5019631,0 -71.1186352,42.5020693,0 -71.1186719,42.5021766,0 -71.1187101,42.5022832,0 -71.1187492,42.5023896,0 -71.11879639999999,42.5025124,0 -71.1188291,42.5025966,0 -71.11891559999999,42.5028093,0 -71.1190062,42.5030206,0 -71.1190987,42.5032299,0 -71.1191954,42.5034391,0 -71.11929600000001,42.5036479,0 -71.1193993,42.503855,0 -71.1195072,42.5040612,0 -71.11961909999999,42.5042662,0 -71.1197351,42.5044708,0 -71.1198547,42.5046732,0 -71.11997390000001,42.5048685,0 -71.12010170000001,42.5050729,0 -71.1202298,42.5052707,0 -71.1203635,42.5054688,0 -71.1205008,42.5056664,0 -71.12064049999999,42.5058613,0 -71.1207836,42.506055,0 -71.120932,42.5062484,0 -71.12108360000001,42.5064398,0 -71.12123269999999,42.5066238,0 -71.1213891,42.5068109,0 -71.12155199999999,42.5069978,0 -71.1217161,42.5071814,0 -71.12245590000001,42.508004,0 -71.1232845,42.5089308,0 -71.1236073,42.5092927,0 -71.1248425,42.5106675,0 -71.1261549,42.5121289,0 -71.1276211,42.5137616,0 -71.1301253,42.516579,0 -71.1313682,42.517936,0 -71.1315309,42.5181182,0 -71.13169120000001,42.5182998,0 -71.13185060000001,42.5184837,0 -71.1320061,42.5186674,0 -71.1321588,42.5188541,0 -71.13230919999999,42.5190419,0 -71.1324506,42.5192211,0 -71.13259499999999,42.5194088,0 -71.132739,42.5196013,0 -71.13287649999999,42.5197915,0 -71.13301319999999,42.5199831,0 -71.13314200000001,42.5201708,0 -71.1332728,42.5203689,0 -71.1334014,42.5205673,0 -71.13352500000001,42.5207641,0 -71.1336447,42.5209588,0 -71.13376289999999,42.5211586,0 -71.1338791,42.5213606,0 -71.13399010000001,42.5215585,0 -71.1340964,42.521758,0 -71.1342015,42.5219609,0 -71.1343028,42.5221624,0 -71.1344046,42.5223722,0 -71.13449749999999,42.52257,0 -71.1345924,42.5227784,0 -71.1346818,42.5229832,0 -71.1347675,42.5231901,0 -71.13484889999999,42.5233924,0 -71.1349297,42.5236035,0 -71.1350072,42.5238122,0 -71.135081,42.5240218,0 -71.13515099999999,42.5242281,0 -71.1352182,42.5244406,0 -71.1352832,42.5246511,0 -71.1353436,42.5248655,0 -71.13544349999999,42.5252459,0 -71.13561900000001,42.526024,0 -71.135741,42.5267337,0 -71.1358177,42.5274295,0 -71.1358358,42.5276448,0 -71.1358503,42.5278611,0 -71.13586189999999,42.5280776,0 -71.13586960000001,42.5282937,0 -71.1358741,42.5285065,0 -71.13587579999999,42.5287238,0 -71.13587269999999,42.5289372,0 -71.1358682,42.5291553,0 -71.1358614,42.5293725,0 -71.13585019999999,42.5295836,0 -71.135834,42.5298036,0 -71.1358307,42.5298414,0 -71.13581379999999,42.5300236,0 -71.1357921,42.5302347,0 -71.135767,42.5304505,0 -71.135751,42.5305873,0 -71.1355009,42.5327258,0 -71.13548590000001,42.5328548,0 -71.1354335,42.5333047,0 -71.1352871,42.5345635,0 -71.1349847,42.5371551,0 -71.13486,42.53815,0 -71.134818,42.53871,0 -71.1347993,42.5394196,0 -71.1347877,42.5401259,0 -71.13479100000001,42.540482,0 -71.1348,42.540819,0 -71.1348186,42.5410337,0 -71.1348362,42.541312,0 -71.13486349999999,42.5417909,0 -71.13489300000001,42.542139,0 -71.13491879999999,42.5423537,0 -71.134957,42.542666,0 -71.13500000000001,42.543006,0 -71.135071,42.543438,0 -71.13513,42.543783,0 -71.13519599999999,42.544095,0 -71.135273,42.544431,0 -71.135316,42.544655,0 -71.13539900000001,42.544966,0 -71.135475,42.545278,0 -71.13562400000001,42.545859,0 -71.135755,42.546416,0 -71.135892,42.546935,0 -71.13601800000001,42.547429,0 -71.136155,42.54798,0 -71.13637799999999,42.548853,0 -71.13658599999999,42.549663,0 -71.13672699999999,42.5502,0 -71.136875,42.550729,0 -71.13706000000001,42.55129,0 -71.137242,42.551834,0 -71.13748,42.552466,0 -71.1375589,42.5526539,0 -71.1376082,42.5527702,0 -71.137871,42.55339,0 -71.13807300000001,42.553824,0 -71.13832069999999,42.5543242,0 -71.1384654,42.5546184,0 -71.139528,42.55657,0 -71.14017010000001,42.5576949,0 -71.1404205,42.5581495,0 -71.1406401,42.5585355,0 -71.14074669999999,42.5587252,0 -71.141532,42.560159,0 -71.142106,42.561182,0 -71.14276700000001,42.562369,0 -71.14329499999999,42.563309,0 -71.143908,42.564416,0 -71.1444888,42.565439,0 -71.14618400000001,42.568498,0 -71.14657560000001,42.5691796,0 -71.1466272,42.5692694,0 -71.1468,42.569569,0 -71.14720800000001,42.570223,0 -71.147628,42.570848,0 -71.14832800000001,42.571858,0 -71.148762,42.572477,0 -71.149165,42.573065,0 -71.14957699999999,42.5736528,0 -71.15150800000001,42.576437,0 -71.15176870000001,42.5768056,0 -71.1518418,42.5769109,0 -71.15217010000001,42.5773834,0 -71.1526832,42.5781221,0 -71.152986,42.578567,0 -71.1534415,42.579218,0 -71.1539203,42.5799017,0 -71.1543095,42.5804434,0 -71.1550282,42.5813722,0 -71.1556452,42.5821091,0 -71.156504,42.583075,0 -71.1570567,42.5836809,0 -71.15845,42.585161,0 -71.159458,42.586229,0 -71.161472,42.588391,0 -71.162654,42.589636,0 -71.16392500000001,42.590995,0 -71.16492700000001,42.59209,0 -71.16607639999999,42.5933664,0 -71.1663124,42.5936429,0 -71.16668300000001,42.594059,0 -71.16746000000001,42.595093,0 -71.168211,42.596162,0 -71.168297,42.596284,0 -71.168961,42.597378,0 -71.16940200000001,42.598191,0 -71.1698822,42.5991802,0 -71.170001,42.599439,0 -71.170419,42.600458,0 -71.170869,42.601741,0 -71.17108,42.60238,0 -71.17139299999999,42.603464,0 -71.172212,42.606225,0 -71.172574,42.607421,0 -71.173046,42.609033,0 -71.17345400000001,42.610416,0 -71.173772,42.611481,0 -71.1747268,42.6147016,0 -71.1747721,42.6148554,0 -71.175073,42.61587,0 -71.1754007,42.6169529,0 -71.1754404,42.6170826,0 -71.17546400000001,42.617159,0 -71.1758324,42.6184199,0 -71.17595900000001,42.6188449,0 -71.176338,42.620118,0 -71.17662199999999,42.621104,0 -71.176761,42.6215984,0 -71.17693199999999,42.622151,0 -71.177212,42.623121,0 -71.177584,42.624391,0 -71.1778015,42.6251215,0 -71.1778504,42.6252898,0 -71.177947,42.625623,0 -71.177993,42.625782,0 -71.178342,42.626952,0 -71.178659,42.628027,0 -71.179112,42.629511,0 -71.179586,42.631119,0 -71.18005100000001,42.632614,0 -71.180606,42.634197,0 -71.181223,42.635771,0 -71.181771,42.637038,0 -71.182485,42.638583,0 -71.183893,42.641701,0 -71.184321,42.642632,0 -71.18541500000001,42.645037,0 -71.18605220000001,42.6464353,0 -71.1868374,42.648156,0 -71.187504,42.6496081,0 -71.1876666,42.649977,0 -71.189024,42.652889,0 -71.18973800000001,42.654475,0 -71.190504,42.656166,0 -71.19109899999999,42.657451,0 -71.1913304,42.6579561,0 -71.191716,42.658798,0 -71.19242300000001,42.660372,0 -71.192987,42.661592,0 -71.19405,42.663904,0 -71.19434800000001,42.66456,0 -71.1946903,42.6653756,0 -71.19562999999999,42.667359,0 -71.196369,42.669017,0 -71.196422,42.669102,0 -71.196516,42.6693073,0 -71.196994,42.670351,0 -71.197948,42.672452,0 -71.198463,42.673575,0 -71.198891,42.674515,0 -71.199369,42.675512,0 -71.199799,42.676465,0 -71.19998200000001,42.676876,0 -71.200344,42.677643,0 -71.2008,42.678652,0 -71.201182,42.679481,0 -71.201587,42.680375,0 -71.202127,42.68156,0 -71.202659,42.682707,0 -71.203036,42.683531,0 -71.204094,42.685866,0 -71.204696,42.687166,0 -71.205113,42.688093,0 -71.205549,42.689035,0 -71.2058703,42.6897463,0 -71.20588100000001,42.68977,0 -71.20610000000001,42.69024,0 -71.206217,42.690514,0 -71.206277,42.690639,0 -71.206569,42.691282,0 -71.20660100000001,42.691355,0 -71.206926,42.69205,0 -71.20725,42.69275,0 -71.207667,42.693676,0 -71.208054,42.694524,0 -71.208249,42.694946,0 -71.208516,42.695531,0 -71.20866100000001,42.695863,0 -71.208811,42.696237,0 -71.208898,42.696472,0 -71.20907699999999,42.697023,0 -71.209192,42.697411,0 -71.209323,42.697921,0 -71.20947700000001,42.698664,0 -71.209549,42.699155,0 -71.209554,42.699195,0 -71.20971900000001,42.700403,0 -71.209841,42.701247,0 -71.2098673,42.7014571,0 -71.209903,42.701742,0 -71.20993799999999,42.70198,0 -71.210014,42.7025297,0 -71.21006199999999,42.702884,0 -71.2101746,42.7036709,0 -71.210267,42.7043934,0 -71.2103243,42.7047764,0 -71.2104092,42.7053442,0 -71.2107292,42.7078839,0 -71.210857,42.708767,0 -71.2109,42.709433,0 -71.21092,42.709695,0 -71.210937,42.709914,0 -71.210954,42.710462,0 -71.210961,42.710891,0 -71.210956,42.71139,0 -71.210947,42.711733,0 -71.210922,42.712373,0 -71.210874,42.712987,0 -71.21081100000001,42.713627,0 -71.210757,42.714115,0 -71.21065,42.714833,0 -71.210548,42.715365,0 -71.210447,42.715816,0 -71.210356,42.716204,0 -71.210195,42.716855,0 -71.21002799999999,42.717493,0 -71.209868,42.718054,0 -71.20970800000001,42.718589,0 -71.209525,42.719115,0 -71.20931299999999,42.719711,0 -71.209115,42.72022,0 -71.208939,42.720655,0 -71.2085793,42.7214722,0 -71.20834600000001,42.722002,0 -71.208084,42.722532,0 -71.207566,42.723488,0 -71.206672,42.725147,0 -71.20574000000001,42.726817,0 -71.205259,42.727731,0 -71.20503100000001,42.728154,0 -71.20499599999999,42.72822,0 -71.204913,42.728372,0 -71.2048573,42.7284791,0 -71.2046981,42.728789,0 -71.20444190000001,42.729274,0 -71.20411679999999,42.7299378,0 -71.203868,42.730534,0 -71.2036983,42.731052,0 -71.2036358,42.7312538,0 -71.20355619999999,42.7315223,0 -71.2035115,42.731695,0 -71.20348679999999,42.7318305,0 -71.2034488,42.732061,0 -71.20343149999999,42.7322198,0 -71.2034046,42.7324883,0 -71.20337189999999,42.7329472,0 -71.2033613,42.7334052,0 -71.2033708,42.7338246,0 -71.20339509999999,42.7341964,0 -71.2034108,42.7343638,0 -71.20343149999999,42.7345266,0 -71.2034561,42.7347338,0 -71.20349109999999,42.7349356,0 -71.2035181,42.7350992,0 -71.2035674,42.7353082,0 -71.20361219999999,42.7354758,0 -71.20373309999999,42.7359124,0 -71.2038206,42.7361758,0 -71.2039122,42.7364365,0 -71.20407659999999,42.7368561,0 -71.2041692,42.7370681,0 -71.2042725,42.7372797,0 -71.20448039999999,42.7376693,0 -71.2047268,42.7380865,0 -71.20495699999999,42.738438,0 -71.20531440000001,42.7389356,0 -71.2054136,42.7390557,0 -71.20565499999999,42.739347,0 -71.20594699999999,42.739679,0 -71.20616,42.73988,0 -71.206447,42.740184,0 -71.206917,42.740634,0 -71.207367,42.741096,0 -71.208545,42.742248,0 -71.2090924,42.7427812,0 -71.2093802,42.7430579,0 -71.2097339,42.7434209,0 
				
					-71.2097339,42.7434209,0 -71.2098668,42.7435494,0 -71.2099013,42.7435839,0 -71.2100992,42.7437778,0 -71.210544,42.7442183,0 -71.21063030000001,42.7443038,0 -71.2114303,42.7450966,0 -71.2118839,42.745544,0 -71.2132084,42.7468538,0 -71.2141041,42.7477415,0 -71.21453990000001,42.7481738,0 -71.21533789999999,42.7489626,0 -71.2164891,42.7501,0 -71.2168483,42.7504554,0 -71.2170306,42.750635,0 -71.21739119999999,42.750981,0 -71.2174042,42.7509929,0 -71.2177647,42.751321,0 -71.2181497,42.7516534,0 -71.2184479,42.7518994,0 -71.2188568,42.7522185,0 -71.2191728,42.7524518,0 -71.2192926,42.7525371,0 -71.21982060000001,42.7529043,0 -71.2201535,42.7531226,0 -71.2206091,42.7534065,0 -71.2209603,42.753615,0 -71.2213115,42.7538144,0 -71.22167159999999,42.7540101,0 -71.2220351,42.7542006,0 -71.2222788,42.7543262,0 -71.22360980000001,42.7550074,0 -71.22410960000001,42.7552607,0 -71.22435849999999,42.7553868,0 -71.22460359999999,42.7555122,0 -71.2248469,42.7556357,0 -71.2250945,42.7557622,0 -71.2253635,42.7558992,0 -71.22557759999999,42.7560086,0 -71.22582420000001,42.7561342,0 -71.2260658,42.756258,0 -71.22631029999999,42.7563837,0 -71.2265474,42.7565063,0 -71.22680339999999,42.7566393,0 -71.22703300000001,42.7567622,0 -71.2273914,42.7569574,0 -71.22752149999999,42.7570299,0 -71.2276281,42.7570893,0 -71.2278618,42.7572237,0 -71.2280962,42.7573611,0 -71.2284298,42.7575632,0 -71.22876909999999,42.7577722,0 -71.2289937,42.7579157,0 -71.2292197,42.7580632,0 -71.229438,42.7582099,0 -71.2296547,42.7583574,0 -71.229764,42.7584337,0 -71.2298701,42.7585078,0 -71.23008539999999,42.7586604,0 -71.2302921,42.7588096,0 -71.2305035,42.7589681,0 -71.23070869999999,42.7591229,0 -71.2309149,42.7592836,0 -71.2311189,42.7594447,0 -71.231312,42.7596005,0 -71.23151129999999,42.7597639,0 -71.23170709999999,42.7599299,0 -71.2319021,42.7600976,0 -71.23209180000001,42.7602636,0 -71.23227869999999,42.7604329,0 -71.23246229999999,42.7606021,0 -71.23264709999999,42.760777,0 -71.2328263,42.760947,0 -71.23299489999999,42.7611107,0 -71.2331679,42.7612845,0 -71.2335142,42.7616429,0 -71.2336854,42.7618244,0 -71.233853,42.7620085,0 -71.2340173,42.762194,0 -71.234182,42.7623801,0 -71.2343405,42.7625643,0 -71.2344974,42.7627526,0 -71.2346493,42.762938,0 -71.2348039,42.7631294,0 -71.2349517,42.7633178,0 -71.2350991,42.763513,0 -71.2352429,42.7637043,0 -71.23538430000001,42.7638993,0 -71.2355214,42.7640913,0 -71.2356614,42.7642914,0 -71.235794,42.7644865,0 -71.2358894,42.764629,0 -71.23592650000001,42.7646843,0 -71.23631399999999,42.7652639,0 -71.23653109999999,42.765592,0 -71.2373834,42.7668743,0 -71.237779,42.7674714,0 -71.2382319,42.7681517,0 -71.2384948,42.7685464,0 -71.2388904,42.76914,0 -71.23967930000001,42.7703287,0 -71.2405359,42.7716143,0 -71.2409766,42.7722755,0 -71.2415797,42.7731859,0 -71.2423587,42.7743551,0 -71.24329880000001,42.7757681,0 -71.24349580000001,42.7760654,0 -71.24375980000001,42.7764618,0 -71.24402430000001,42.7768574,0 -71.24422629999999,42.777154,0 -71.24442759999999,42.7774372,0 -71.2447069,42.7778017,0 -71.2448863,42.7780185,0 -71.2450451,42.7782024,0 -71.2452114,42.7783881,0 -71.24538339999999,42.7785719,0 -71.24555669999999,42.7787507,0 -71.2457354,42.7789263,0 -71.2459223,42.7791026,0 -71.24610939999999,42.7792745,0 -71.2462992,42.7794407,0 -71.246493,42.7796046,0 -71.2466955,42.7797692,0 -71.24690320000001,42.7799314,0 -71.2471109,42.7800887,0 -71.24732059999999,42.7802417,0 -71.24753010000001,42.7803874,0 -71.2477595,42.7805422,0 -71.2479864,42.780689,0 -71.24821489999999,42.7808316,0 -71.2484431,42.7809685,0 -71.248682,42.7811063,0 -71.24892269999999,42.7812403,0 -71.2491603,42.781368,0 -71.24940650000001,42.7814946,0 -71.2496558,42.7816158,0 -71.2499093,42.7817354,0 -71.25015999999999,42.7818508,0 -71.2504216,42.7819623,0 -71.2506827,42.7820713,0 -71.25094420000001,42.7821754,0 -71.2512131,42.782278,0 -71.2514757,42.782374,0 -71.2517489,42.7824687,0 -71.2520329,42.7825621,0 -71.2522867,42.7826408,0 -71.25256280000001,42.7827229,0 -71.2528411,42.7827997,0 -71.2531247,42.782875,0 -71.25340250000001,42.7829451,0 -71.25368349999999,42.783013,0 -71.2539694,42.7830796,0 -71.25425060000001,42.7831436,0 -71.25453690000001,42.7832085,0 -71.25482409999999,42.783274,0 -71.25510439999999,42.783338,0 -71.25553429999999,42.7834352,0 -71.25582249999999,42.7835012,0 -71.2561109,42.7835669,0 -71.25639630000001,42.783632,0 -71.256675,42.7836954,0 -71.25696360000001,42.7837612,0 -71.2572366,42.7838222,0 -71.25731570000001,42.7838401,0 -71.2575425,42.7838917,0 -71.26082940000001,42.7846411,0 -71.2611165,42.7847087,0 -71.2613982,42.7847781,0 -71.2616835,42.7848529,0 -71.26196210000001,42.7849316,0 -71.26224240000001,42.7850158,0 -71.262523,42.7851048,0 -71.26279390000001,42.7851964,0 -71.2630625,42.7852924,0 -71.263333,42.7853953,0 -71.26359619999999,42.7854994,0 -71.26385980000001,42.7856095,0 -71.2641131,42.7857206,0 -71.26436990000001,42.7858386,0 -71.26462220000001,42.7859606,0 -71.2648715,42.7860865,0 -71.2651157,42.7862153,0 -71.2653554,42.7863482,0 -71.2655962,42.7864866,0 -71.2658295,42.7866287,0 -71.2660565,42.7867706,0 -71.266282,42.7869174,0 -71.2665014,42.7870662,0 -71.26671899999999,42.787218,0 -71.2669312,42.7873735,0 -71.26714080000001,42.7875329,0 -71.2673478,42.7876941,0 -71.2675495,42.7878579,0 -71.2677503,42.7880256,0 -71.26793809999999,42.7881921,0 -71.2681303,42.7883662,0 -71.2683167,42.7885406,0 -71.2684943,42.7887157,0 -71.2686745,42.7888981,0 -71.2688465,42.7890803,0 -71.2690123,42.7892621,0 -71.2691756,42.7894496,0 -71.2693301,42.7896333,0 -71.2694815,42.789821,0 -71.2696376,42.7900222,0 -71.2697806,42.7902172,0 -71.26991750000001,42.7904104,0 -71.270051,42.7906076,0 -71.2701794,42.7908075,0 -71.27030329999999,42.7910089,0 -71.2704231,42.7912124,0 -71.2705375,42.7914179,0 -71.27064590000001,42.7916239,0 -71.27074880000001,42.7918285,0 -71.27084720000001,42.7920335,0 -71.2709428,42.7922477,0 -71.27102979999999,42.7924583,0 -71.2711116,42.7926694,0 -71.2711896,42.7928836,0 -71.2712551,42.7930784,0 -71.27126130000001,42.7930969,0 -71.27133000000001,42.7933163,0 -71.2713897,42.7935244,0 -71.271445,42.793741,0 -71.2714963,42.7939602,0 -71.2715424,42.7941787,0 -71.2715822,42.7944023,0 -71.271597,42.794495,0 -71.27161700000001,42.7946204,0 -71.271647,42.7948442,0 -71.271671,42.7950637,0 -71.27169050000001,42.7952819,0 -71.27170340000001,42.7955075,0 -71.27171130000001,42.7957292,0 -71.2717129,42.7959499,0 -71.2717097,42.7961727,0 -71.27170150000001,42.7963946,0 -71.2716861,42.7966165,0 -71.271666,42.7968344,0 -71.2716412,42.7970595,0 -71.2716195,42.7972319,0 -71.2715989,42.7973944,0 -71.27157080000001,42.7976114,0 -71.27154160000001,42.7978303,0 -71.2715118,42.7980571,0 -71.27148390000001,42.798271,0 -71.27145489999999,42.7984938,0 -71.2714263,42.7987119,0 -71.2713979,42.7989273,0 -71.27136830000001,42.7991551,0 -71.2713408,42.7993696,0 -71.2713126,42.7995868,0 -71.2712841,42.7998109,0 -71.2712518,42.8000625,0 -71.2712403,42.8001506,0 -71.2712022,42.8004433,0 -71.2710518,42.8015949,0 -71.2708811,42.8029028,0 -71.2708255,42.8033336,0 -71.2707396,42.803994,0 -71.2706541,42.8046518,0 -71.2706209,42.8049844,0 -71.27060419999999,42.8052078,0 -71.2705965,42.8054317,0 -71.27059730000001,42.8056509,0 -71.27060849999999,42.8058708,0 -71.27062650000001,42.8060945,0 -71.2706525,42.806307,0 -71.27069,42.8065326,0 -71.2707353,42.80675,0 -71.27078760000001,42.8069665,0 -71.27084840000001,42.8071801,0 -71.27091830000001,42.8073945,0 -71.2709981,42.8076099,0 -71.271084,42.8078146,0 -71.2711788,42.8080256,0 -71.2712824,42.8082317,0 -71.2714194,42.8084829,0 -71.2715309,42.8086692,0 -71.2716492,42.8088533,0 -71.2717741,42.8090351,0 -71.2719173,42.8092297,0 -71.27206820000001,42.8094212,0 -71.27222519999999,42.8096052,0 -71.2723888,42.8097877,0 -71.27255719999999,42.8099651,0 -71.2727399,42.8101444,0 -71.2729162,42.8103079,0 -71.27311570000001,42.8104824,0 -71.2733132,42.8106467,0 -71.2735149,42.8108043,0 -71.2737288,42.8109615,0 -71.2739284,42.8111017,0 -71.2741695,42.8112576,0 -71.2743945,42.8113978,0 -71.2746278,42.811534,0 -71.27486690000001,42.8116649,0 -71.27510959999999,42.8117901,0 -71.2753525,42.8119086,0 -71.27561470000001,42.8120276,0 -71.2758786,42.8121402,0 -71.2761352,42.8122423,0 -71.2764008,42.8123424,0 -71.2766683,42.8124369,0 -71.27788940000001,42.8128531,0 -71.2781566,42.812948,0 -71.27842819999999,42.8130479,0 -71.27869560000001,42.8131495,0 -71.2789609,42.8132572,0 -71.27921689999999,42.8133632,0 -71.27935100000001,42.8134212,0 -71.2796043,42.8135346,0 -71.27986079999999,42.8136522,0 -71.2801096,42.8137732,0 -71.28035800000001,42.8138976,0 -71.2805944,42.8140204,0 -71.28083650000001,42.81415,0 -71.2810745,42.8142823,0 -71.2813072,42.8144186,0 -71.2815332,42.8145533,0 -71.2817618,42.8146955,0 -71.2819811,42.8148367,0 -71.2822037,42.8149852,0 -71.2824183,42.8151338,0 -71.28255710000001,42.8152331,0 -71.28274589999999,42.8153716,0 -71.2829534,42.815528,0 -71.2831589,42.8156896,0 -71.283351,42.815845,0 -71.28355190000001,42.8160135,0 -71.2837349,42.8161731,0 -71.2839297,42.8163475,0 -71.28411010000001,42.8165172,0 -71.28429319999999,42.816692,0 -71.2844709,42.8168713,0 -71.2846442,42.8170526,0 -71.28481119999999,42.8172328,0 -71.28497280000001,42.8174148,0 -71.2851263,42.8175956,0 -71.28528590000001,42.8177894,0 -71.2854368,42.8179797,0 -71.2855789,42.8181664,0 -71.2857214,42.8183617,0 -71.28585320000001,42.8185498,0 -71.28599130000001,42.8187539,0 -71.2865772,42.8196429,0 -71.2866063,42.8196875,0 -71.2867031,42.8198357,0 -71.2874016,42.820899,0 -71.28760939999999,42.8212154,0 -71.2877893,42.8214899,0 -71.2892281,42.8236855,0 -71.28926800000001,42.8237475,0 -71.2893583,42.8238866,0 -71.28960189999999,42.8242676,0 -71.2899293,42.8247797,0 -71.2905526,42.8257703,0 -71.29111469999999,42.8266646,0 -71.29167390000001,42.827558,0 -71.29170019999999,42.8275994,0 -71.29180119999999,42.8277586,0 -71.2921118,42.8282539,0 -71.292609,42.8290491,0 -71.2927371,42.8292519,0 -71.2934884,42.8304488,0 -71.29361419999999,42.8306488,0 -71.2937391,42.8308438,0 -71.2938707,42.8310408,0 -71.2940007,42.8312314,0 -71.2941407,42.8314289,0 -71.2942819,42.8316226,0 -71.2944262,42.831813,0 -71.29457669999999,42.8320058,0 -71.29472629999999,42.8321913,0 -71.29488189999999,42.8323809,0 -71.2950424,42.8325675,0 -71.2952056,42.8327519,0 -71.2953665,42.832929,0 -71.2955377,42.8331115,0 -71.2957291,42.8333101,0 -71.2959051,42.8334884,0 -71.296082,42.8336625,0 -71.29626,42.8338319,0 -71.29644209999999,42.8340016,0 -71.2966248,42.834168,0 -71.29680999999999,42.8343308,0 -71.2969228,42.8344284,0 -71.2969944,42.8344903,0 -71.2971944,42.8346582,0 -71.2973927,42.8348199,0 -71.29758750000001,42.8349751,0 -71.2982878,42.8355225,0 -71.2994889,42.8364601,0 -71.2997244,42.836646,0 -71.2999748,42.8368404,0 -71.3001956,42.8370128,0 -71.3004013,42.8371737,0 -71.30059850000001,42.8373295,0 -71.30080169999999,42.8374904,0 -71.3010027,42.8376499,0 -71.3011973,42.8378069,0 -71.3013899,42.8379641,0 -71.30158369999999,42.8381248,0 -71.3017832,42.8382906,0 -71.3019771,42.8384566,0 -71.30216299999999,42.8386158,0 -71.30235519999999,42.838782,0 -71.3025389,42.8389452,0 -71.30272600000001,42.8391125,0 -71.3029176,42.8392866,0 -71.30309509999999,42.8394491,0 -71.30328350000001,42.8396256,0 -71.3034715,42.8398026,0 -71.30364230000001,42.8399658,0 -71.3038196,42.8401385,0 -71.3039947,42.84031,0 -71.3041703,42.8404832,0 -71.30434270000001,42.8406577,0 -71.30451840000001,42.8408377,0 -71.304692,42.8410172,0 -71.304855,42.8411883,0 -71.30502799999999,42.8413729,0 -71.3051913,42.8415504,0 -71.3053468,42.8417219,0 -71.3055148,42.8419071,0 -71.3067989,42.8433555,0 -71.30743630000001,42.8440788,0 -71.3075456,42.8442038,0 -71.3076817,42.8443595,0 -71.3083231,42.8450842,0 -71.3104125,42.8474433,0 -71.3114492,42.8486163,0 -71.31354570000001,42.8509851,0 -71.3145897,42.8521615,0 -71.3147488,42.8523408,0 -71.3149161,42.8525242,0 -71.31508289999999,42.8527037,0 -71.3152552,42.8528822,0 -71.3154323,42.8530614,0 -71.31560229999999,42.8532281,0 -71.3157865,42.8534039,0 -71.3159684,42.853571,0 -71.31614690000001,42.8537316,0 -71.3163368,42.8538987,0 -71.3165316,42.8540654,0 -71.3167328,42.8542306,0 -71.31693199999999,42.8543911,0 -71.3171311,42.8545472,0 -71.3173333,42.854701,0 -71.3175408,42.8548556,0 -71.3177433,42.8550011,0 -71.31796060000001,42.8551525,0 -71.31817150000001,42.8552973,0 -71.3183933,42.8554435,0 -71.3185027,42.8555148,0 -71.3185482,42.8555432,0 -71.3189139,42.8557716,0 -71.3189455,42.8557913,0 -71.3191729,42.8559307,0 -71.31940059999999,42.8560646,0 -71.3196366,42.8561988,0 -71.3198713,42.8563305,0 -71.3201127,42.8564603,0 -71.3203541,42.8565852,0 -71.3205888,42.8567031,0 -71.3208376,42.8568255,0 -71.32108169999999,42.856942,0 -71.3213358,42.857059,0 -71.32159059999999,42.8571726,0 -71.3218454,42.8572837,0 -71.3221049,42.8573933,0 -71.3223644,42.857499,0 -71.32263399999999,42.8576037,0 -71.32289280000001,42.8577015,0 -71.3231543,42.8577988,0 -71.3234313,42.8578961,0 -71.3236921,42.8579851,0 -71.3239691,42.858076,0 -71.3242339,42.8581596,0 -71.3245055,42.8582441,0 -71.32479050000001,42.8583282,0 -71.32671360000001,42.8588809,0 -71.3289181,42.8595155,0 -71.3289899,42.8595358,0 -71.3290646,42.859557,0 -71.3293328,42.859633,0 -71.3296064,42.8597119,0 -71.329888,42.859794,0 -71.3301683,42.8598755,0 -71.3304406,42.8599562,0 -71.3307111,42.860039,0 -71.330912,42.8601025,0 -71.3311368,42.8601773,0 -71.3312849,42.8602296,0 -71.33152320000001,42.8603157,0 -71.3317981,42.8604204,0 -71.3320586,42.8605244,0 -71.3323154,42.8606305,0 -71.33256489999999,42.8607401,0 -71.3328363,42.8608626,0 -71.3330718,42.8609761,0 -71.3333166,42.861098,0 -71.333564,42.8612258,0 -71.33382450000001,42.8613681,0 -71.3338517,42.8613829,0 -71.33394319999999,42.8614327,0 -71.334085,42.8615161,0 -71.33416510000001,42.8615632,0 -71.33439009999999,42.8616986,0 -71.3346027,42.8618318,0 -71.33483270000001,42.8619832,0 -71.3350466,42.8621247,0 -71.3352632,42.8622771,0 -71.3354751,42.8624334,0 -71.33568030000001,42.8625907,0 -71.3358875,42.8627534,0 -71.3360826,42.8629166,0 -71.3362838,42.8630876,0 -71.3364668,42.8632532,0 -71.33665190000001,42.8634233,0 -71.33683360000001,42.8636007,0 -71.3370012,42.8637727,0 -71.33717559999999,42.8639561,0 -71.3372251,42.8640105,0 -71.3373452,42.8641428,0 -71.3374975,42.8643203,0 -71.3376604,42.8645154,0 -71.3378093,42.8647031,0 -71.3379534,42.8648938,0 -71.3381119,42.8651145,0 -71.3382277,42.8652856,0 -71.33835740000001,42.8654834,0 -71.3384842,42.8656886,0 -71.3386005,42.8658857,0 -71.3387105,42.8660857,0 -71.3388198,42.8662911,0 -71.3389217,42.866501,0 -71.33901830000001,42.866703,0 -71.3391101,42.8669119,0 -71.33919330000001,42.8671173,0 -71.3392738,42.8673257,0 -71.3393576,42.8675355,0 -71.33943600000001,42.8677459,0 -71.3395158,42.8679577,0 -71.33959900000001,42.8681744,0 -71.33967680000001,42.8683813,0 -71.33975719999999,42.8685946,0 -71.33983499999999,42.8688001,0 -71.33992019999999,42.8690168,0 -71.3399993,42.8692232,0 -71.34008040000001,42.8694399,0 -71.3401575,42.8696424,0 -71.3403165,42.8700665,0 -71.3404003,42.8702764,0 -71.3404807,42.8704892,0 -71.3409619,42.8717519,0 -71.34124319999999,42.8724896,0 -71.3414458,42.873021,0 -71.3416874,42.8736542,0 -71.3420528,42.8746159,0 -71.3421682,42.8749152,0 -71.3422916,42.8752336,0 -71.3424119,42.8755555,0 -71.3425306,42.8758685,0 -71.3426912,42.8762849,0 -71.34285300000001,42.8767054,0 -71.3429153,42.8768708,0 -71.3429361,42.876926,0 -71.343175,42.877557,0 -71.34391960000001,42.8796075,0 -71.3444642,42.8809877,0 -71.3446503,42.8813755,0 -71.3448853,42.8818109,0 -71.3450948,42.882125,0 -71.3452782,42.8823999,0 -71.3455302,42.8826951,0 -71.3457658,42.8829784,0 -71.3461085,42.8833396,0 -71.3464999,42.8837365,0 -71.3467294,42.8839445,0 -71.346997,42.8841871,0 -71.3474585,42.8845836,0 -71.348347,42.8853472,0 -71.3490406,42.8859049,0 -71.352462,42.8888372,0 -71.35294330000001,42.8892772,0 -71.35439169999999,42.8906013,0 -71.356388,42.8923112,0 -71.3570538,42.8928709,0 -71.3573444,42.893174,0 -71.3576058,42.8934388,0 -71.3578814,42.8937183,0 -71.3581554,42.8940256,0 -71.3584322,42.8943413,0 -71.3586882,42.8945861,0 -71.3589278,42.8948979,0 -71.3591638,42.8951876,0 -71.35941939999999,42.8954848,0 -71.3596058,42.8957663,0 -71.3597639,42.8960137,0 -71.360032,42.8964324,0 -71.36022,42.8967628,0 -71.36029000000001,42.8969158,0 -71.36041280000001,42.8971494,0 -71.3612722,42.898723,0 -71.3633031,42.9027076,0 -71.3633753,42.9028391,0 -71.36344750000001,42.9029705,0 -71.3636406,42.9033592,0 -71.36463980000001,42.9053338,0 -71.3658214,42.9076147,0 -71.36659210000001,42.9092327,0 -71.3670266,42.91005,0 -71.3676944,42.9112149,0 -71.3679477,42.9116352,0 -71.3690771,42.9133874,0 -71.3708565,42.9159719,0 -71.3710742,42.9163018,0 -71.3713726,42.9167416,0 -71.3720004,42.9176362,0 -71.37251139999999,42.9183786,0 -71.37272489999999,42.9186846,0 -71.37288599999999,42.9189248,0 -71.3731817,42.9193464,0 -71.373705,42.920104,0 -71.3746144,42.9214312,0 -71.3754947,42.9227404,0 -71.3759221,42.9233902,0 -71.3765296,42.9243577,0 -71.37791679999999,42.9266306,0 -71.37860999999999,42.9278096,0 -71.379006,42.9285492,0 -71.37934009999999,42.9292039,0 -71.3795865,42.9297277,0 -71.3798116,42.930233,0 -71.38039759999999,42.931573,0 -71.38111259999999,42.9332411,0 -71.3814481,42.9340206,0 -71.3815872,42.934317,0 -71.3817413,42.9346414,0 -71.3818713,42.9348911,0 -71.38203300000001,42.9351702,0 -71.3822021,42.9354547,0 -71.3823872,42.9357491,0 -71.38338090000001,42.9372592,0 -71.3836556,42.9376743,0 -71.3838985,42.9380248,0 -71.3841207,42.9383617,0 -71.3843011,42.9386447,0 -71.3848631,42.9394855,0 -71.3854686,42.9403956,0 -71.38587440000001,42.9409834,0 -71.3861314,42.9413245,0 -71.3863709,42.9416068,0 -71.3866821,42.941934,0 -71.38696400000001,42.94221,0 -71.38723210000001,42.9424671,0 -71.387457,42.9426655,0 -71.3877281,42.9428842,0 -71.3885047,42.9434794,0 -71.3892438,42.9440334,0 -71.3898899,42.9445197,0 -71.394097,42.947619,0 -71.397009,42.949808,0 -71.39756989999999,42.9502265,0 -71.4020202,42.9535465,0 -71.4024024,42.9538307,0 -71.4026811,42.9540396,0 -71.4029412,42.9542693,0 -71.40334199999999,42.954649,0 -71.40362399999999,42.954933,0 -71.40389500000001,42.955226,0 -71.404569,42.956001,0 -71.40558900000001,42.957196,0 -71.408126,42.960194,0 -71.408626,42.960795,0 -71.408869,42.961098,0 -71.409099,42.961408,0 -71.409324,42.961722,0 -71.409537,42.96204,0 -71.409741,42.962361,0 -71.410504,42.9636,0 -71.4107083,42.9639376,0 -71.411315,42.96494,0 -71.411502,42.965264,0 -71.411675,42.96559,0 -71.411832,42.965926,0 -71.41196600000001,42.966265,0 -71.41207799999999,42.966608,0 -71.41216900000001,42.966954,0 -71.412245,42.967302,0 -71.41231399999999,42.967652,0 -71.412481,42.968565,0 -71.4128139,42.9699725,0 -71.41290960000001,42.9706012,0 -71.4131525,42.971967,0 -71.41334019999999,42.9730727,0 -71.41350799999999,42.974061,0 -71.413625,42.974761,0 -71.413752,42.975462,0 -71.41388499999999,42.976157,0 -71.41419500000001,42.977547,0 -71.41443460000001,42.9785949,0 -71.4145142,42.9789157,0 -71.414738,42.979905,0 -71.4149704,42.9808823,0 -71.415064,42.981289,0 -71.4152538,42.9821635,0 -71.41533560000001,42.9826835,0 -71.41540019999999,42.9833514,0 -71.4154377,42.9836921,0 -71.41545929999999,42.9840323,0 -71.41571329999999,42.9876137,0 -71.41572069999999,42.9878847,0 -71.4157194,42.988292,0 -71.41568409999999,42.9894648,0 -71.4156953,42.9898537,0 -71.4156886,42.9902442,0 -71.41562860000001,42.9918772,0 -71.41561780000001,42.9922839,0 -71.41562159999999,42.9925424,0 -71.41564440000001,42.9928259,0 -71.415705,42.9931685,0 -71.4158211,42.9935863,0 -71.415933,42.9938481,0 -71.4160993,42.994169,0 -71.4162449,42.9944115,0 -71.41639840000001,42.9946134,0 -71.41646900000001,42.9947021,0 -71.41655969999999,42.9948246,0 -71.4167269,42.9949992,0 -71.4170622,42.9953092,0 -71.4174026,42.9955662,0 -71.41758849999999,42.9956955,0 -71.4178682,42.9958781,0 -71.41806800000001,42.996002,0 -71.418385,42.996159,0 -71.418633,42.996269,0 -71.4188,42.996337,0 -71.41923300000001,42.996487,0 -71.419409,42.996544,0 -71.420298,42.99681,0 -71.4218146,42.9972455,0 -71.4222091,42.9973616,0 -71.4237218,42.9977933,0 -71.42571100000001,42.998384,0 -71.42711420000001,42.9987958,0 -71.4281275,42.9991035,0 -71.4287013,42.9993121,0 -71.4291678,42.9995065,0 -71.4296724,42.9997747,0 -71.43006990000001,43.0000237,0 -71.4303468,43.0002164,0 -71.4305533,43.0003768,0 -71.430729,43.000536,0 -71.43091099999999,43.000699,0 -71.431138,43.000926,0 -71.431245,43.001043,0 -71.431445,43.001283,0 -71.431539,43.001405,0 -71.431712,43.001657,0 -71.431866,43.001913,0 -71.431939,43.002043,0 -71.432035,43.002242,0 -71.432146,43.002512,0 -71.432243,43.002786,0 -71.432376,43.003267,0 -71.432569,43.0041,0 -71.43267729999999,43.0045746,0 -71.43273499999999,43.0048332,0 -71.4330458,43.0060623,0 -71.43321880000001,43.0068008,0 -71.4335547,43.0082498,0 -71.43389000000001,43.0096458,0 -71.43399220000001,43.010052,0 -71.4340792,43.010332,0 -71.43426599999999,43.010878,0 -71.434376,43.011148,0 -71.434561,43.01155,0 -71.43473400000001,43.011877,0 -71.434882,43.012137,0 -71.435126,43.012521,0 -71.43543699999999,43.012961,0 -71.43562799999999,43.013207,0 -71.4361756,43.0138648,0 -71.43745,43.015374,0 -71.437944,43.015946,0 -71.4383232,43.0163874,0 -71.4390683,43.017256,0 -71.43951559999999,43.0177672,0 -71.4398784,43.0181923,0 -71.44033,43.018732,0 -71.4438402,43.0228692,0 -71.4440113,43.0230804,0 -71.4443114,43.0234264,0 -71.4453422,43.0246585,0 -71.4460605,43.0255159,0 -71.44686299999999,43.0266095,0 -71.4476162,43.0277747,0 -71.44801769999999,43.0284983,0 -71.44816659999999,43.0287016,0 -71.44918199999999,43.030313,0 -71.44933570000001,43.0305664,0 -71.44945989999999,43.030775,0 -71.44989339999999,43.0314839,0 -71.4503536,43.0322139,0 -71.45054880000001,43.0325227,0 -71.4507617,43.0328314,0 -71.45098350000001,43.0331208,0 -71.4512229,43.0334102,0 -71.4515421,43.0337766,0 -71.4518932,43.03413,0 -71.4522596,43.0344868,0 -71.45259780000001,43.0347762,0 -71.4529367,43.0350525,0 -71.4532933,43.0353261,0 -71.4536233,43.0355785,0 -71.4545363,43.036276,0 -71.4547972,43.0364724,0 -71.4550813,43.0366855,0 -71.45582880000001,43.0372575,0 -71.45693129999999,43.0380937,0 -71.45867320000001,43.0394158,0 -71.45904830000001,43.0396983,0 -71.45950379999999,43.0400531,0 -71.46163079999999,43.0416815,0 -71.4618845,43.0418662,0 -71.46305820000001,43.0427448,0 -71.4636521,43.043193,0 -71.4642156,43.0436234,0 -71.4646982,43.0440117,0 -71.46505569999999,43.0442837,0 -71.4682797,43.0467782,0 -71.4695093,43.0478464,0 -71.4700392,43.0484403,0 -71.47064,43.0494125,0 -71.4709829,43.0503388,0 -71.4710929,43.0510194,0 -71.4711135,43.0514241,0 -71.47112919999999,43.0518032,0 -71.4711379,43.0538468,0 -71.4710692,43.0549945,0 -71.47105639999999,43.0558691,0 -71.4710525,43.0561371,0 -71.4709833,43.0608583,0 -71.4714189,43.0667083,0 -71.4715636,43.0690133,0 -71.4715763,43.0692151,0 -71.4716595,43.0705413,0 -71.47199070000001,43.0758178,0 -71.4720499,43.0764136,0 -71.47237,43.0794913,0 -71.4726825,43.080938,0 -71.47314009999999,43.0830025,0 -71.4731833,43.0831908,0 -71.473617,43.0851792,0 -71.473783,43.0859452,0 -71.4744638,43.0890677,0 -71.47467640000001,43.0899518,0 -71.4749949,43.0915309,0 -71.4755499,43.0940078,0 -71.4756296,43.0943551,0 -71.4756702,43.0946584,0 -71.4757177,43.0949966,0 -71.47577269999999,43.0955276,0 -71.4757826,43.0962956,0 -71.47574210000001,43.096609,0 -71.4756125,43.0975905,0 -71.4755681,43.0979269,0 -71.47493489999999,43.1018786,0 -71.4748396,43.1025066,0 -71.4747283,43.10324,0 -71.4746754,43.1041101,0 -71.4746098,43.1047738,0 -71.4746653,43.1055623,0 -71.47478,43.1062883,0 -71.4750392,43.1069984,0 -71.4752544,43.107601,0 -71.47544550000001,43.1080196,0 -71.4758049,43.1087358,0 -71.4763226,43.1097638,0 -71.47725869999999,43.1116,0 -71.4775745,43.1122207,0 -71.47794829999999,43.1129415,0 -71.4786443,43.114394,0 -71.48018519999999,43.1174662,0 -71.48433,43.1257291,0 -71.4864329,43.1288299,0 -71.494501,43.138883,0 -71.5092209,43.1568866,0 -71.5112807,43.1588275,0 -71.5123712,43.1595479,0 -71.5135554,43.1603302,0 -71.51654790000001,43.1619,0 -71.522088,43.164954,0 -71.5236199,43.1658187,0 -71.5254443,43.1667645,0 -71.52637900000001,43.16728,0 -71.527263,43.167784,0 -71.527963,43.168217,0 -71.528357,43.168512,0 -71.528918,43.1689462,0 -71.5292721,43.1692974,0 -71.5295959,43.1696627,0 -71.52982590000001,43.1699512,0 -71.53001740000001,43.170223,0 -71.5304189,43.1708824,0 -71.5305515,43.1711582,0 -71.53072179999999,43.1715666,0 -71.5308934,43.1719974,0 -71.5310088,43.172303,0 -71.53150100000001,43.173626,0 -71.53177770000001,43.1742846,0 -71.53218699999999,43.175417,0 -71.532267,43.175605,0 -71.532425,43.17601,0 -71.53253599999999,43.176422,0 -71.53256399999999,43.176631,0 -71.532568,43.177053,0 -71.5325529,43.1772602,0 -71.5325292,43.1774089,0 -71.5325156,43.1774985,0 -71.5324701,43.177707,0 -71.532417,43.1778722,0 -71.53233400000001,43.178095,0 -71.532241,43.178296,0 -71.53213,43.178492,0 -71.531864,43.178868,0 -71.531547,43.179219,0 -71.5313902,43.1793721,0 -71.5312134,43.1795266,0 -71.5309773,43.1797088,0 -71.5309336,43.1797394,0 -71.53068469999999,43.1799135,0 -71.5284754,43.1812961,0 -71.52801100000001,43.181583,0 -71.5257931,43.1829746,0 -71.524581,43.183734,0 -71.524368,43.183874,0 -71.523959,43.184171,0 -71.5237625,43.1843463,0 -71.523371,43.184714,0 -71.522991,43.185207,0 -71.522876,43.185401,0 -71.52277599999999,43.185598,0 -71.522617,43.186004,0 -71.52251699999999,43.186419,0 -71.522476,43.186842,0 -71.52249500000001,43.187266,0 -71.52257899999999,43.187684,0 -71.5226996,43.1880764,0 -71.524597,43.191402,0 -71.5251568,43.1924607,0 -71.52622890000001,43.1944656,0 -71.52672099999999,43.195397,0 -71.528599,43.198943,0 -71.528927,43.199658,0 -71.52973900000001,43.201062,0 -71.5301,43.201802,0 -71.530299,43.202177,0 -71.53045400000001,43.202496,0 -71.530618,43.202787,0 -71.53100000000001,43.20353,0 -71.531319,43.204171,0 -71.531435,43.204434,0 -71.531572,43.204784,0 -71.53172600000001,43.205121,0 -71.5318931,43.2055896,0 -71.532376,43.206665,0 -71.532534,43.20707,0 -71.532678,43.207478,0 -71.53292999999999,43.208301,0 -71.5330288,43.2086645,0 -71.5331089,43.2089986,0 -71.533411,43.210377,0 -71.53364620000001,43.2116578,0 -71.5336889,43.2120024,0 -71.53376660000001,43.212895,0 -71.533781,43.213873,0 -71.53375,43.214715,0 -71.53372,43.215016,0 -71.53367299999999,43.216166,0 -71.533669,43.216318,0 -71.533627,43.217257,0 -71.533603,43.218228,0 -71.53358900000001,43.219159,0 -71.533619,43.219855,0 -71.533689,43.22056,0 -71.53376900000001,43.221079,0 -71.533891,43.221739,0 -71.53402699999999,43.222292,0 -71.534599,43.224181,0 -71.534778,43.224766,0 -71.535084,43.225801,0 -71.53562100000001,43.227507,0 -71.535945,43.2286056,0 -71.53603680000001,43.2289159,0 -71.536233,43.229575,0 -71.5364002,43.2300791,0 -71.536749,43.231291,0 -71.537054,43.232378,0 -71.5374296,43.2336148,0 -71.53748400000001,43.233794,0 -71.537772,43.234613,0 -71.537933,43.235019,0 -71.538111,43.23542,0 -71.53830600000001,43.235818,0 -71.538729,43.236604,0 -71.54092900000001,43.240506,0 -71.5418851,43.2422176,0 -71.54240679999999,43.2431204,0 -71.54548010000001,43.2485574,0 -71.54568,43.248911,0 -71.546105,43.249697,0 -71.546503,43.250491,0 -71.551903,43.262025,0 -71.55211199999999,43.262421,0 -71.552464,43.263003,0 -71.552851,43.263569,0 -71.55344700000001,43.264294,0 -71.556067,43.267328,0 -71.55885600000001,43.270547,0 -71.559155,43.270908,0 -71.55944100000001,43.271276,0 -71.55984100000001,43.271838,0 -71.56009299999999,43.272219,0 -71.560677,43.273191,0 -71.56094160000001,43.2736461,0 -71.56108159999999,43.2738868,0 -71.5621,43.275638,0 -71.5679262,43.2856509,0 -71.56867,43.286929,0 -71.56914,43.287699,0 -71.569399,43.288077,0 -71.569942,43.288817,0 -71.570548,43.289537,0 -71.571681,43.290754,0 -71.57234,43.291442,0 -71.572451,43.291554,0 -71.573131,43.292271,0 -71.57346200000001,43.292616,0 -71.575142,43.29437,0 -71.575789,43.295066,0 -71.57610099999999,43.29542,0 -71.576359,43.295733,0 -71.576971,43.296514,0 -71.57750299999999,43.297261,0 -71.5783977,43.2985687,0 -71.580077,43.301023,0 -71.580324,43.301405,0 -71.580437,43.301598,0 -71.580749,43.302186,0 -71.581012,43.302788,0 -71.58116,43.303194,0 -71.58134200000001,43.303811,0 -71.582808,43.309604,0 -71.58292299999999,43.310015,0 -71.58313,43.310627,0 -71.583384,43.311229,0 -71.58358,43.311624,0 -71.583923,43.312203,0 -71.589162,43.320158,0 -71.589562,43.320714,0 -71.589865,43.321073,0 -71.5902,43.321414,0 -71.59038,43.321579,0 -71.59076,43.321894,0 -71.591375,43.322334,0 -71.59247000000001,43.323018,0 -71.596445,43.325446,0 -71.59774299999999,43.326284,0 -71.5994072,43.3274202,0 -71.60131699999999,43.328724,0 -71.603831,43.330454,0 -71.6051082,43.3313462,0 -71.60533359999999,43.3315036,0 -71.60558899999999,43.331682,0 -71.606053,43.331985,0 -71.606399,43.332228,0 -71.606784,43.332536,0 -71.607028,43.332746,0 -71.607382,43.333088,0 -71.607761,43.333501,0 -71.608571,43.334482,0 -71.61009300000001,43.336342,0 -71.612601,43.339376,0 -71.613091,43.339986,0 -71.613325,43.340295,0 -71.61358,43.340677,0 -71.613698,43.340868,0 -71.613894,43.341267,0 -71.614063,43.34168,0 -71.614187,43.342098,0 -71.614268,43.342513,0 -71.614317,43.342937,0 -71.614324,43.343364,0 -71.614296,43.343794,0 -71.61421,43.344284,0 -71.613935,43.34555,0 -71.6138162,43.3461472,0 -71.612433,43.352215,0 -71.612193,43.35334,0 -71.612154,43.35348,0 -71.612019,43.354181,0 -71.61181500000001,43.355522,0 -71.61002000000001,43.369035,0 -71.60904600000001,43.376313,0 -71.608954,43.37684,0 -71.608788,43.377725,0 -71.608627,43.378434,0 -71.6082756,43.3797074,0 -71.608148,43.38017,0 -71.608013,43.380636,0 -71.60744699999999,43.382614,0 -71.60722699999999,43.38331,0 -71.606984,43.383994,0 -71.606314,43.385686,0 -71.60547800000001,43.387735,0 -71.60516,43.388407,0 -71.60481299999999,43.38907,0 -71.604437,43.389728,0 -71.60381700000001,43.390696,0 -71.60103599999999,43.394878,0 -71.600796,43.395267,0 -71.60039500000001,43.395995,0 -71.60002299999999,43.396798,0 -71.59978,43.397413,0 -71.599549,43.398102,0 -71.59712,43.406375,0 -71.596807,43.407408,0 -71.59671400000001,43.407754,0 -71.596296,43.409149,0 -71.5958401,43.4106975,0 -71.5956,43.411513,0 -71.59530599999999,43.4124,0 -71.595054,43.413086,0 -71.594662,43.414037,0 -71.59277899999999,43.41822,0 -71.59245799999999,43.419039,0 -71.59229000000001,43.419524,0 -71.592112,43.42015,0 -71.5918946,43.4210686,0 -71.591804,43.4215133,0 -71.591179,43.42414,0 -71.590924,43.42512,0 -71.590705,43.4257301,0 -71.5906095,43.425996,0 -71.59057900000001,43.426085,0 -71.59022,43.426894,0 -71.590018,43.427296,0 -71.589609,43.428021,0 -71.58860319999999,43.4297025,0 -71.58839089999999,43.4300574,0 -71.58792099999999,43.43085,0 -71.586884,43.432581,0 -71.58655299999999,43.433092,0 -71.586229,43.433526,0 -71.58603100000001,43.433771,0 -71.585559,43.434307,0 -71.58516,43.434705,0 -71.58473499999999,43.435086,0 -71.584294,43.435459,0 -71.5808689,43.438128,0 -71.5805742,43.4383583,0 -71.579836,43.438935,0 -71.578855,43.439719,0 -71.57853900000001,43.439988,0 -71.577934,43.440543,0 -71.577364,43.441118,0 -71.57629799999999,43.442296,0 -71.57620489999999,43.4424007,0 -71.574709,43.444082,0 -71.571776,43.447364,0 -71.571527,43.447652,0 -71.571253,43.447949,0 -71.57099599999999,43.448255,0 -71.570663,43.448695,0 -71.57048260000001,43.4490174,0 -71.57028149999999,43.4494361,0 -71.57015269999999,43.4497496,0 -71.570024,43.4502325,0 -71.5699596,43.4507271,0 -71.5699542,43.4512373,0 -71.5699891,43.4516345,0 -71.5700562,43.4519383,0 -71.57011249999999,43.4521641,0 -71.5702278,43.4525243,0 -71.57039949999999,43.4529099,0 -71.57082320000001,43.4536301,0 -71.571066,43.453915,0 -71.57188600000001,43.455079,0 -71.572671,43.456134,0 -71.5735947,43.4574282,0 -71.5743609,43.4584635,0 -71.575238,43.459694,0 -71.575858,43.460557,0 -71.57670950000001,43.4616773,0 -71.577209,43.462354,0 -71.579002,43.464834,0 -71.580494,43.466843,0 -71.581322,43.468023,0 -71.581964,43.469044,0 -71.584689,43.474196,0 -71.584975,43.474762,0 -71.58548,43.47572,0 -71.58616600000001,43.476909,0 -71.58663,43.477595,0 -71.588421,43.479844,0 -71.58909250000001,43.4806842,0 -71.5893693,43.4810306,0 -71.591072,43.483161,0 -71.5925,43.485041,0 -71.593304,43.486341,0 -71.595316,43.48982,0 -71.595947,43.490765,0 -71.59648199999999,43.491374,0 -71.597274,43.492048,0 -71.598207,43.492675,0 -71.60357399999999,43.496018,0 -71.604859,43.496833,0 -71.607958,43.498756,0 -71.60991199999999,43.499997,0 -71.6106149,43.5004334,0 -71.611104,43.500737,0 -71.611841,43.501271,0 -71.612375,43.501721,0 -71.61331300000001,43.502609,0 -71.6139012,43.5032469,0 -71.6151854,43.5046164,0 -71.6153999,43.5048578,0 -71.615717,43.505232,0 -71.616258,43.505816,0 -71.61648,43.506129,0 -71.616648,43.506424,0 -71.616755,43.506634,0 -71.616969,43.507175,0 -71.617073,43.507581,0 -71.617114,43.507866,0 -71.61713899999999,43.508196,0 -71.61713399999999,43.508608,0 -71.6170403,43.5092446,0 -71.6169582,43.5095536,0 -71.616812,43.5099879,0 -71.6164923,43.5109087,0 -71.6162504,43.5115981,0 -71.6160995,43.5120268,0 -71.61595,43.5124564,0 -71.6157998,43.5128854,0 -71.6156506,43.5133147,0 -71.6155,43.5137461,0 -71.6153478,43.5141757,0 -71.6152,43.514598,0 -71.6150478,43.5150303,0 -71.6148979,43.5154612,0 -71.6147473,43.5158942,0 -71.6145968,43.5163224,0 -71.6144449,43.5167561,0 -71.6142954,43.517185,0 -71.6141579,43.5175783,0 -71.61414550000001,43.5176137,0 -71.6139922,43.5180468,0 -71.6138402,43.5184759,0 -71.61368760000001,43.5189067,0 -71.613536,43.5193374,0 -71.61338480000001,43.5197697,0 -71.6132339,43.5201995,0 -71.6130824,43.520632,0 -71.6129308,43.521064,0 -71.6127786,43.5214958,0 -71.6126338,43.5219288,0 -71.6125043,43.5223652,0 -71.6123904,43.5228008,0 -71.6122951,43.5232389,0 -71.612216,43.5236787,0 -71.6121843,43.5239001,0 -71.6121563,43.5241212,0 -71.61213069999999,43.5243413,0 -71.6121114,43.5245614,0 -71.6120951,43.5247837,0 -71.6120842,43.5250056,0 -71.6120765,43.5252278,0 -71.61207349999999,43.5254499,0 -71.6120784,43.5257819,0 -71.61209770000001,43.5262257,0 -71.61213119999999,43.5266669,0 -71.6121509,43.5268177,0 -71.61218890000001,43.5271091,0 -71.6122589,43.5275455,0 -71.6123407,43.5279852,0 -71.6124252,43.5284236,0 -71.61250769999999,43.5288615,0 -71.6125912,43.5293,0 -71.61267530000001,43.5297351,0 -71.6127602,43.5301734,0 -71.61284329999999,43.5306131,0 -71.6129275,43.5310482,0 -71.61301159999999,43.5314869,0 -71.6130964,43.5319238,0 -71.6131796,43.5323595,0 -71.61326409999999,43.5327988,0 -71.6133482,43.5332361,0 -71.6134321,43.5336746,0 -71.61351620000001,43.5341136,0 -71.6136004,43.5345506,0 -71.61368450000001,43.5349903,0 -71.6137683,43.5354264,0 -71.61385079999999,43.5358667,0 -71.6139345,43.5363018,0 -71.61401979999999,43.5367408,0 -71.61406719999999,43.5369671,0 -71.6141107,43.5371814,0 -71.614132,43.537291,0 -71.6141717,43.5375098,0 -71.6142545,43.5379472,0 -71.61434,43.5383882,0 -71.6144245,43.5388288,0 -71.61450929999999,43.5392668,0 -71.61459410000001,43.5397087,0 -71.6146763,43.5401449,0 -71.6147608,43.5405845,0 -71.614845,43.5410227,0 -71.61490929999999,43.5413518,0 -71.6149941,43.5417885,0 -71.61507829999999,43.5422284,0 -71.61516210000001,43.5426652,0 -71.61524660000001,43.5431026,0 -71.61533129999999,43.5435442,0 -71.6154145,43.543978,0 -71.6154988,43.5444173,0 -71.6155826,43.5448537,0 -71.615667,43.5452939,0 -71.6157517,43.5457352,0 -71.61583589999999,43.5461741,0 -71.6159205,43.5466147,0 -71.6160052,43.5470565,0 -71.6160893,43.5474946,0 -71.616175,43.5479351,0 -71.6162588,43.5483763,0 -71.6163399,43.5488169,0 -71.616411,43.5492565,0 -71.61646330000001,43.5496995,0 -71.61649920000001,43.5501424,0 -71.61652100000001,43.5505845,0 -71.6165417,43.5510274,0 -71.6165599,43.5514726,0 -71.616578,43.5519148,0 -71.6165934,43.5522475,0 -71.6166125,43.5526929,0 -71.61663160000001,43.5531373,0 -71.61665170000001,43.553582,0 -71.61666940000001,43.5540237,0 -71.6166896,43.5544689,0 -71.6167071,43.5549133,0 -71.6167248,43.5553606,0 -71.6167449,43.555806,0 -71.6167634,43.5562509,0 -71.6167828,43.5566972,0 -71.6168016,43.5571419,0 -71.61682140000001,43.5575892,0 -71.61684080000001,43.5580306,0 -71.61686090000001,43.5584782,0 -71.61688100000001,43.5589201,0 -71.6169005,43.559364,0 -71.6169216,43.5598111,0 -71.6169572,43.5602537,0 -71.6169816,43.5604751,0 -71.6170158,43.5606962,0 -71.6170594,43.5609177,0 -71.61710840000001,43.5611349,0 -71.6171664,43.5613541,0 -71.6172354,43.5615727,0 -71.6173122,43.5617853,0 -71.61739799999999,43.5620018,0 -71.6174882,43.5622112,0 -71.6175908,43.5624248,0 -71.6176978,43.562633,0 -71.6178034,43.5628424,0 -71.61791100000001,43.5630509,0 -71.61802059999999,43.5632622,0 -71.61812689999999,43.5634697,0 -71.6182362,43.5636781,0 -71.61834450000001,43.5638863,0 -71.61856109999999,43.5643044,0 -71.6187767,43.5647206,0 -71.6189936,43.565138,0 -71.61920720000001,43.5655514,0 -71.6194251,43.5659691,0 -71.61964,43.566385,0 -71.6198536,43.5668004,0 -71.6200695,43.5672163,0 -71.62028340000001,43.5676317,0 -71.620499,43.5680456,0 -71.6207153,43.568462,0 -71.6209288,43.568874,0 -71.6211454,43.5692933,0 -71.62136,43.5697038,0 -71.6215759,43.5701197,0 -71.6217915,43.5705365,0 -71.62194909999999,43.5708484,0 -71.62197449999999,43.5708991,0 -71.6221563,43.5712619,0 -71.6223595,43.5716814,0 -71.6225519,43.5721016,0 -71.6227859,43.5726321,0 -71.6229676,43.5730533,0 -71.623149,43.5734753,0 -71.6233301,43.5738957,0 -71.6235125,43.574322,0 -71.6236925,43.5747398,0 -71.62387390000001,43.5751634,0 -71.62405560000001,43.5755849,0 -71.62423699999999,43.576007,0 -71.6244191,43.5764299,0 -71.6246014,43.5768528,0 -71.6247832,43.5772754,0 -71.62496590000001,43.5776992,0 -71.62514830000001,43.5781279,0 -71.62522149999999,43.5783087,0 -71.62538910000001,43.5787231,0 -71.6254467,43.5788653,0 -71.6255238,43.5790864,0 -71.6255862,43.5793049,0 -71.62563780000001,43.5795189,0 -71.6256819,43.5797408,0 -71.62571370000001,43.5799607,0 -71.6257347,43.5801806,0 -71.6257461,43.5804042,0 -71.62574619999999,43.5806252,0 -71.62573639999999,43.5808439,0 -71.6257179,43.5810651,0 -71.6256881,43.5812849,0 -71.62564519999999,43.5815044,0 -71.625591,43.5817235,0 -71.6255295,43.5819389,0 -71.6254569,43.5821539,0 -71.62537330000001,43.5823647,0 -71.62527799999999,43.5825755,0 -71.62517339999999,43.5827853,0 -71.62500780000001,43.5830904,0 -71.6247781,43.5835023,0 -71.6245438,43.5839122,0 -71.6243118,43.5843195,0 -71.6240767,43.5847304,0 -71.623842,43.5851409,0 -71.62360750000001,43.5855495,0 -71.6233728,43.5859599,0 -71.6231452,43.5863682,0 -71.6229123,43.5867784,0 -71.6226776,43.5871886,0 -71.6224443,43.5876002,0 -71.6222116,43.5880084,0 -71.62197519999999,43.5884198,0 -71.6217412,43.5888307,0 -71.62151660000001,43.589245,0 -71.62141459999999,43.5894534,0 -71.6213231,43.5896639,0 -71.62124059999999,43.5898781,0 -71.6211697,43.5900936,0 -71.62111059999999,43.5903113,0 -71.62106559999999,43.5905345,0 -71.6210351,43.5907516,0 -71.6210143,43.5909767,0 -71.6210086,43.5912013,0 -71.621015,43.5914186,0 -71.6210344,43.5916413,0 -71.6210686,43.5918606,0 -71.6211169,43.5920833,0 -71.6211759,43.5923011,0 -71.62124559999999,43.5925181,0 -71.6213281,43.5927338,0 -71.6214214,43.5929453,0 -71.6215246,43.5931546,0 -71.6216326,43.593361,0 -71.6217479,43.5935684,0 -71.62199,43.5939758,0 -71.6222485,43.5943801,0 -71.622518,43.5947808,0 -71.62279700000001,43.5951742,0 -71.62308729999999,43.5955641,0 -71.6233824,43.5959444,0 -71.6236905,43.5963219,0 -71.6240117,43.5966966,0 -71.62434159999999,43.5970649,0 -71.6246836,43.5974292,0 -71.62503700000001,43.5977883,0 -71.6253991,43.5981401,0 -71.6257742,43.5984903,0 -71.6261549,43.5988309,0 -71.6265499,43.5991688,0 -71.6269534,43.5994978,0 -71.6273631,43.599822,0 -71.6277836,43.6001396,0 -71.628212,43.6004501,0 -71.62865189999999,43.6007555,0 -71.6290968,43.6010505,0 -71.62954929999999,43.6013428,0 -71.6300012,43.6016314,0 -71.63045769999999,43.6019219,0 -71.6309073,43.6022106,0 -71.6313603,43.602505,0 -71.6318146,43.6027967,0 -71.63226950000001,43.603088,0 -71.6327228,43.6033784,0 -71.6331775,43.603668,0 -71.6336324,43.603962,0 -71.6340874,43.6042528,0 -71.6346564,43.6046171,0 -71.63511339999999,43.6049023,0 -71.63556730000001,43.6051951,0 -71.6360193,43.6054855,0 -71.6364813,43.6057802,0 -71.6369399,43.606072,0 -71.6373885,43.6063619,0 -71.6376125,43.606508,0 -71.63783650000001,43.6066551,0 -71.63805979999999,43.6068105,0 -71.638279,43.6069708,0 -71.6384836,43.6071266,0 -71.63868069999999,43.6072902,0 -71.6388772,43.6074616,0 -71.6391521,43.6077201,0 -71.6393301,43.6079012,0 -71.63945099999999,43.6080267,0 -71.6395041,43.6080824,0 -71.6396704,43.6082686,0 -71.639826,43.6084565,0 -71.6399732,43.608648,0 -71.64011429999999,43.608841,0 -71.6402008,43.6089656,0 -71.64024879999999,43.6090377,0 -71.64037690000001,43.6092384,0 -71.64049489999999,43.6094416,0 -71.6406052,43.609646,0 -71.6407088,43.6098528,0 -71.64080420000001,43.6100615,0 -71.64089420000001,43.6102697,0 -71.6410643,43.6106944,0 -71.64123600000001,43.6111178,0 -71.6414035,43.6115371,0 -71.6415745,43.6119646,0 -71.6417448,43.6123872,0 -71.6419154,43.6128119,0 -71.64210610000001,43.6132858,0 -71.642262,43.6136732,0 -71.6424686,43.6141852,0 -71.6431898,43.6159849,0 -71.643573,43.6169379,0 -71.643744,43.6173669,0 -71.64390899999999,43.6177769,0 -71.6440813,43.618209,0 -71.6442563,43.618631,0 -71.6443314,43.6188063,0 -71.644606,43.619433,0 -71.644852,43.619863,0 -71.645325,43.620542,0 -71.645855,43.621252,0 -71.647631,43.623086,0 -71.647845,43.62329,0 -71.648556,43.624044,0 -71.64869849999999,43.6242083,0 -71.649387,43.625002,0 -71.649782,43.625523,0 -71.650211,43.62617,0 -71.65079799999999,43.627163,0 -71.651901,43.629405,0 -71.652292,43.630324,0 -71.652416,43.63079,0 -71.652457,43.631056,0 -71.652485,43.631432,0 -71.652469,43.631779,0 -71.65244,43.632101,0 -71.65239800000001,43.6323824,0 -71.652269,43.6328217,0 -71.652186,43.633016,0 -71.652092,43.633236,0 -71.65195199999999,43.633503,0 -71.65151,43.634186,0 -71.650706,43.63535,0 -71.65003,43.636448,0 -71.64957800000001,43.637313,0 -71.649192,43.638208,0 -71.64742,43.643337,0 -71.6472,43.644021,0 -71.64703299999999,43.644614,0 -71.64693200000001,43.645197,0 -71.646883,43.645656,0 -71.646861,43.64606,0 -71.64686500000001,43.646559,0 -71.646916,43.647198,0 -71.647115,43.648311,0 -71.6484784,43.655076,0 -71.649018,43.657753,0 -71.64918299999999,43.658823,0 -71.64928399999999,43.659868,0 -71.649348,43.661388,0 -71.64931199999999,43.662726,0 -71.6492429,43.6637112,0 -71.649218,43.6640832,0 -71.649153,43.664536,0 -71.64905,43.665271,0 -71.648751,43.666731,0 -71.64847899999999,43.667801,0 -71.648044,43.66918,0 -71.647505,43.670595,0 -71.645572,43.674901,0 -71.644654,43.676872,0 -71.64413399999999,43.678017,0 -71.643731,43.678996,0 -71.643348,43.680056,0 -71.642955,43.681336,0 -71.642662,43.682461,0 -71.64255300000001,43.683005,0 -71.642481,43.683381,0 -71.642353,43.684212,0 -71.642236,43.685116,0 -71.6421545,43.6862311,0 -71.6421429,43.686715,0 -71.64214200000001,43.686781,0 -71.642135,43.687803,0 -71.64216,43.688824,0 -71.642239,43.689838,0 -71.642358,43.690851,0 -71.6424246,43.691261,0 -71.642523,43.691866,0 -71.64274399999999,43.692867,0 -71.64304300000001,43.693837,0 -71.6431767,43.6941842,0 -71.6433195,43.6944999,0 -71.643576,43.695098,0 -71.6437921,43.6954741,0 -71.644661,43.696786,0 -71.6454061,43.6977203,0 -71.6456383,43.6980104,0 -71.64830739999999,43.7013388,0 -71.648488,43.701578,0 -71.64878899999999,43.701987,0 -71.649317,43.702867,0 -71.64969499999999,43.703813,0 -71.649826,43.704309,0 -71.649919,43.704811,0 -71.649968,43.705315,0 -71.650105,43.707873,0 -71.65028599999999,43.710923,0 -71.65044899999999,43.712441,0 -71.650707,43.713425,0 -71.650884,43.713906,0 -71.651084,43.714373,0 -71.654798,43.722239,0 -71.65522799999999,43.723172,0 -71.65541899999999,43.723649,0 -71.65559399999999,43.724132,0 -71.655748,43.724623,0 -71.65911610000001,43.7371418,0 -71.65960099999999,43.738944,0 -71.659747,43.739431,0 -71.659914,43.739916,0 -71.660101,43.740392,0 -71.66030499999999,43.74086,0 -71.660528,43.741318,0 -71.66076700000001,43.741769,0 -71.66102100000001,43.742211,0 -71.661293,43.742642,0 -71.661772,43.743338,0 -71.663116,43.745272,0 -71.665668,43.748936,0 -71.66596699999999,43.749353,0 -71.666279,43.749755,0 -71.666617,43.750138,0 -71.66697499999999,43.750503,0 -71.667356,43.75084,0 -71.667754,43.75116,0 -71.668171,43.751454,0 -71.670316,43.752861,0 -71.673327,43.754812,0 -71.673754,43.755095,0 -71.674173,43.755396,0 -71.67457400000001,43.755718,0 -71.674953,43.756072,0 -71.675302,43.756454,0 -71.675619,43.75686,0 -71.67589599999999,43.757295,0 -71.676147,43.757744,0 -71.677278,43.7599331,0 -71.6774111,43.7601908,0 -71.677638,43.76063,0 -71.67954829999999,43.764289,0 -71.6804008,43.7659913,0 -71.6809465,43.7670676,0 -71.6812985,43.7677341,0 -71.681676,43.768449,0 -71.68202599999999,43.769126,0 -71.682311,43.769725,0 -71.682458,43.770141,0 -71.68256390000001,43.7706153,0 -71.68259860000001,43.7709785,0 -71.682616,43.771225,0 -71.682588,43.771662,0 -71.682531,43.7719886,0 -71.682502,43.772155,0 -71.68245,43.7723676,0 -71.68239800000001,43.772526,0 -71.68228999999999,43.772801,0 -71.682091,43.773195,0 -71.682019,43.773324,0 -71.6819028,43.7735142,0 -71.681527,43.774148,0 -71.67991499999999,43.776771,0 -71.679277,43.777883,0 -71.67842020000001,43.7794764,0 -71.67817839999999,43.7799456,0 -71.6779963,43.7802841,0 -71.67686399999999,43.782389,0 -71.67459100000001,43.786645,0 -71.67422999999999,43.787363,0 -71.67406099999999,43.787766,0 -71.673929,43.788183,0 -71.67382000000001,43.788679,0 -71.673783,43.789041,0 -71.67377,43.789474,0 -71.67379800000001,43.789905,0 -71.673868,43.790336,0 -71.674019,43.790899,0 -71.67440499999999,43.792001,0 -71.676271,43.797196,0 -71.67644,43.797757,0 -71.676564,43.798332,0 -71.676643,43.798911,0 -71.676682,43.799499,0 -71.67668,43.799935,0 -71.67664600000001,43.800447,0 -71.67657699999999,43.800951,0 -71.67647599999999,43.801451,0 -71.676343,43.801948,0 -71.676177,43.802434,0 -71.675982,43.802909,0 -71.675759,43.80337,0 -71.675507,43.80382,0 -71.67523300000001,43.804253,0 -71.6747713,43.8049249,0 -71.67350519999999,43.8067672,0 -71.671713,43.8093,0 -71.671134,43.810142,0 -71.67052099999999,43.810961,0 -71.6702205,43.8112964,0 -71.6698978,43.8116381,0 -71.669566,43.811975,0 -71.669073,43.812411,0 -71.668617,43.81278,0 -71.66779200000001,43.813395,0 -71.66601609999999,43.8146783,0 -71.66459399999999,43.815729,0 -71.663898,43.8162603,0 -71.66377799999999,43.816352,0 -71.66337900000001,43.816679,0 -71.6628966,43.8170649,0 -71.662327,43.817644,0 -71.66225300000001,43.817715,0 -71.661897,43.81808,0 -71.6615127,43.8184996,0 -71.661222,43.818844,0 -71.660904,43.819244,0 -71.660599,43.819654,0 -71.66030600000001,43.820073,0 -71.660028,43.820504,0 -71.65976999999999,43.820942,0 -71.659525,43.821388,0 -71.653368,43.834324,0 -71.652711,43.835714,0 -71.652242,43.836614,0 -71.651702,43.837475,0 -71.65110799999999,43.838304,0 -71.6508875,43.8385883,0 -71.65066899999999,43.83887,0 -71.6506256,43.8389254,0 -71.6485292,43.8416012,0 -71.64689319999999,43.8436892,0 -71.64671269999999,43.8438986,0 -71.6463183,43.8444003,0 -71.645753,43.845379,0 -71.64555799999999,43.845794,0 -71.6452622,43.8467165,0 -71.64518700000001,43.84738,0 -71.64515,43.847815,0 -71.645157,43.848327,0 -71.64519300000001,43.84876,0 -71.645262,43.849192,0 -71.645364,43.849617,0 -71.645518,43.850103,0 -71.6457535,43.8506829,0 -71.64595679999999,43.8510461,0 -71.64605899999999,43.851209,0 -71.646333,43.851633,0 -71.648822,43.855139,0 -71.650143,43.85698,0 -71.651324,43.858651,0 -71.651628,43.859064,0 -71.6519727,43.8595103,0 -71.65226319999999,43.859852,0 -71.65258799999999,43.860164,0 -71.65306099999999,43.860619,0 -71.653617,43.861085,0 -71.654141,43.861482,0 -71.654678,43.861849,0 -71.65566800000001,43.862459,0 -71.6572905,43.86344,0 -71.6578622,43.8637857,0 -71.6627567,43.8667371,0 -71.66292900000001,43.866841,0 -71.6636853,43.8673051,0 -71.664224,43.867624,0 -71.664439,43.867753,0 -71.66505050000001,43.8681125,0 -71.66726730000001,43.8694789,0 -71.66777380000001,43.8697797,0 -71.6678175,43.8698056,0 -71.668739,43.87035,0 -71.670473,43.871393,0 -71.670905,43.871669,0 -71.671324,43.871968,0 -71.67172600000001,43.87229,0 -71.672113,43.872634,0 -71.672623,43.873174,0 -71.672954,43.873567,0 -71.67305500000001,43.873707,0 -71.67325599999999,43.873983,0 -71.673535,43.874419,0 -71.673772,43.874875,0 -71.673968,43.87535,0 -71.67503000000001,43.878235,0 -71.6754641,43.8793572,0 -71.675836,43.88011,0 -71.676081,43.880554,0 -71.67634,43.880996,0 -71.676619,43.881428,0 -71.677486,43.882691,0 -71.678946,43.884785,0 -71.67980799999999,43.886055,0 -71.68060199999999,43.887371,0 -71.681121,43.888337,0 -71.681324,43.888729,0 -71.68154699999999,43.88919,0 -71.682597,43.891519,0 -71.683257,43.89289,0 -71.683509,43.893332,0 -71.68406299999999,43.894185,0 -71.684363,43.894601,0 -71.684674,43.895002,0 -71.685329,43.895788,0 -71.686665,43.897345,0 -71.68698500000001,43.897741,0 -71.687279,43.898165,0 -71.68754,43.89861,0 -71.687766,43.899072,0 -71.68795900000001,43.899548,0 -71.688104,43.900043,0 -71.688315,43.901045,0 -71.68851600000001,43.902048,0 -71.688626,43.902547,0 -71.68875199999999,43.903045,0 -71.688901,43.903543,0 -71.689059,43.904025,0 -71.689246,43.904499,0 -71.690271,43.906833,0 -71.69045800000001,43.907309,0 -71.6906312,43.90779,0 -71.6907818,43.9082763,0 -71.6909062,43.9087253,0 -71.6910046,43.9092528,0 -71.69157,43.912807,0 -71.69164499999999,43.913312,0 -71.69169100000001,43.913818,0 -71.6916995,43.914356,0 -71.69166079999999,43.9147782,0 -71.6916131,43.9150875,0 -71.6915202,43.9155671,0 -71.6910802,43.9173878,0 -71.6910153,43.917654,0 -71.69016000000001,43.921249,0 -71.689908,43.922308,0 -71.68963100000001,43.923294,0 -71.68946800000001,43.923782,0 -71.68928,43.924263,0 -71.689076,43.924738,0 -71.68885299999999,43.925202,0 -71.68695700000001,43.928833,0 -71.68673099999999,43.92929,0 -71.686537,43.929762,0 -71.686403,43.930255,0 -71.686331,43.930762,0 -71.68632599999999,43.93127,0 -71.68635500000001,43.931562,0 -71.686442,43.931992,0 -71.686573,43.932405,0 -71.686712,43.932738,0 -71.68687420000001,43.9330443,0 -71.686938,43.933187,0 -71.6869757,43.9332566,0 -71.687669,43.934537,0 -71.687966,43.935123,0 -71.68812800000001,43.935529,0 -71.688241,43.935951,0 -71.688299,43.936239,0 -71.688332,43.936527,0 -71.688338,43.936963,0 -71.68828999999999,43.937398,0 -71.6881826,43.9378579,0 -71.6880702,43.9382722,0 -71.68755899999999,43.940156,0 -71.687437,43.940649,0 -71.68734499999999,43.941145,0 -71.687286,43.941646,0 -71.68726100000001,43.942151,0 -71.687286,43.943168,0 -71.687336,43.944192,0 -71.68732900000001,43.944703,0 -71.687319,43.944847,0 -71.68729500000001,43.944993,0 -71.687269,43.945283,0 -71.68714199999999,43.945857,0 -71.68701299999999,43.946276,0 -71.686796,43.946821,0 -71.68653500000001,43.947344,0 -71.6854285,43.9492446,0 -71.685249,43.949553,0 -71.685025,43.9499243,0 -71.68231,43.954594,0 -71.6803879,43.957899,0 -71.6801731,43.9581966,0 -71.6798806,43.9587246,0 -71.67932209999999,43.9597311,0 -71.67928999999999,43.959789,0 -71.67880359999999,43.9606213,0 -71.67849699999999,43.961146,0 -71.6781249,43.9617989,0 -71.677808,43.962355,0 -71.677407,43.963132,0 -71.67711300000001,43.963802,0 -71.67667400000001,43.964961,0 -71.6748223,43.9699676,0 -71.67470609999999,43.9703382,0 -71.674646,43.970591,0 -71.674595,43.970877,0 -71.674561,43.971316,0 -71.67457400000001,43.971756,0 -71.674612,43.972042,0 -71.674691,43.972398,0 -71.674829,43.97281,0 -71.674944,43.973077,0 -71.675149,43.973461,0 -71.675387,43.973829,0 -71.67672899999999,43.975546,0 -71.67688800000001,43.975792,0 -71.677148,43.976315,0 -71.67730400000001,43.976729,0 -71.677413,43.977156,0 -71.677486,43.977666,0 -71.677487,43.978038,0 -71.67746699999999,43.978332,0 -71.67739,43.978768,0 -71.6772757,43.9793947,0 -71.6768742,43.9805834,0 -71.6765137,43.9815359,0 -71.6761044,43.9824842,0 -71.67493140000001,43.9848891,0 -71.6747288,43.9853,0 -71.6746218,43.9855138,0 -71.6745202,43.9857319,0 -71.6744274,43.9859412,0 -71.6740911,43.9866661,0 -71.6739432,43.9869882,0 -71.67380900000001,43.9872825,0 -71.6737083,43.9874994,0 -71.67356909999999,43.9878092,0 -71.6734256,43.9881171,0 -71.6732782,43.9884318,0 -71.6731262,43.9887552,0 -71.6729157,43.9891898,0 -71.6727303,43.9895779,0 -71.67267270000001,43.9896961,0 -71.67253719999999,43.9899976,0 -71.6723933,43.9903043,0 -71.67230000000001,43.9905102,0 -71.67220020000001,43.9907293,0 -71.6720516,43.9910358,0 -71.67190340000001,43.9913482,0 -71.67175349999999,43.991657,0 -71.6716038,43.9919735,0 -71.6714508,43.9922768,0 -71.6713069,43.9925905,0 -71.6711602,43.9929051,0 -71.6710121,43.993217,0 -71.67086810000001,43.9935339,0 -71.670772,43.9937402,0 -71.6706745,43.9939701,0 -71.67060429999999,43.9942,0 -71.6705561,43.9944084,0 -71.6705158,43.9946901,0 -71.6705024,43.9950722,0 -71.6705474,43.9955222,0 -71.6705899,43.9957074,0 -71.6706104,43.9958225,0 -71.6707,43.996165,0 -71.670805,43.996434,0 -71.671003,43.996825,0 -71.67124099999999,43.997187,0 -71.67218699999999,43.998476,0 -71.67242299999999,43.998845,0 -71.672629,43.999233,0 -71.67279000000001,43.999643,0 -71.672904,44.000064,0 -71.672956,44.00035,0 -71.67298700000001,44.000785,0 -71.672972,44.001438,0 -71.67287399999999,44.00297,0 -71.67286799999999,44.003478,0 -71.672898,44.004187,0 -71.672937,44.004638,0 -71.67318299999999,44.006677,0 -71.6733061,44.0077004,0 -71.6734282,44.0084755,0 -71.6735398,44.0089889,0 -71.673675,44.00948,0 -71.67380300000001,44.009901,0 -71.674143,44.010863,0 -71.67449999999999,44.011821,0 -71.674836,44.012794,0 -71.675123,44.013776,0 -71.675369,44.014767,0 -71.675572,44.015772,0 -71.675729,44.016784,0 -71.676131,44.019823,0 -71.67622799999999,44.020837,0 -71.67628499999999,44.021857,0 -71.676292,44.023895,0 -71.676277,44.025419,0 -71.67629100000001,44.026439,0 -71.67632399999999,44.026947,0 -71.676389,44.027452,0 -71.6765,44.027947,0 -71.676637,44.02844,0 -71.676799,44.02892,0 -71.676992,44.029388,0 -71.677435,44.030306,0 -71.67769,44.0307765,0 -71.67818459999999,44.0317093,0 -71.6790878,44.0336339,0 -71.679391,44.0342502,0 -71.679625,44.034728,0 -71.679969,44.035417,0 -71.680252,44.036096,0 -71.680423,44.036581,0 -71.68057399999999,44.03707,0 -71.68070299999999,44.037565,0 -71.68081100000001,44.038062,0 -71.680899,44.038566,0 -71.68096199999999,44.039073,0 -71.68100200000001,44.039577,0 -71.68103000000001,44.040139,0 -71.68104099999999,44.04042,0 -71.6810667,44.0412463,0 -71.6810761,44.041548,0 -71.68110299999999,44.042411,0 -71.6811297,44.0430557,0 -71.68113700000001,44.04376,0 -71.6811805,44.0451587,0 -71.68144100000001,44.053531,0 -71.681472,44.054039,0 -71.68154,44.054537,0 -71.681636,44.055038,0 -71.68173,44.055392,0 -71.68179600000001,44.055612,0 -71.68216,44.056485,0 -71.68239699999999,44.056933,0 -71.682669,44.057366,0 -71.682801,44.057567,0 -71.68333,44.058235,0 -71.683717,44.058661,0 -71.6852622,44.0600782,0 -71.6860138,44.0607916,0 -71.687185,44.0619721,0 -71.6875379,44.0623085,0 -71.687827,44.062584,0 -71.68816700000001,44.062975,0 -71.688472,44.063388,0 -71.688744,44.063827,0 -71.688981,44.064284,0 -71.689091,44.064555,0 -71.689189,44.064897,0 -71.68924699999999,44.065048,0 -71.68935999999999,44.065472,0 -71.689437,44.065905,0 -71.689458,44.066341,0 -71.689438,44.066849,0 -71.689385,44.067288,0 -71.68926399999999,44.067856,0 -71.6885922,44.070557,0 -71.68828000000001,44.071812,0 -71.688061,44.072807,0 -71.68782,44.074326,0 -71.687764,44.074801,0 -71.68775599999999,44.074894,0 -71.68771099999999,44.075558,0 -71.687692,44.075714,0 -71.687686,44.075867,0 -71.687667,44.075946,0 -71.687652,44.077333,0 -71.687753,44.080905,0 -71.687759,44.081919,0 -71.68773400000001,44.082426,0 -71.68768,44.082933,0 -71.687608,44.083436,0 -71.687512,44.08394,0 -71.687387,44.084436,0 -71.68722,44.084919,0 -71.687088,44.085406,0 -71.68690700000001,44.085885,0 -71.6858792,44.0882222,0 -71.685748,44.088577,0 -71.68508199999999,44.090179,0 -71.68489599999999,44.090653,0 -71.6846468,44.0913474,0 -71.6845478,44.0916427,0 -71.68441369999999,44.0920656,0 -71.6842595,44.0925961,0 -71.68417049999999,44.0929145,0 -71.6840838,44.0932367,0 -71.6840057,44.0935597,0 -71.6839329,44.0938793,0 -71.6838618,44.0942072,0 -71.6838028,44.0945323,0 -71.68374679999999,44.094855,0 -71.6836986,44.0951793,0 -71.68365660000001,44.0955005,0 -71.6836258,44.0958254,0 -71.6836,44.0961533,0 -71.6835809,44.0964769,0 -71.6835705,44.096802,0 -71.6835621,44.0971251,0 -71.6835634,44.0974559,0 -71.6835715,44.0977829,0 -71.6835883,44.0981056,0 -71.68361040000001,44.0984321,0 -71.6836406,44.0987586,0 -71.6836734,44.0990831,0 -71.6837081,44.0994076,0 -71.6837433,44.0997373,0 -71.6837745,44.1000574,0 -71.6838001,44.1003821,0 -71.68381789999999,44.1007095,0 -71.68382630000001,44.1010387,0 -71.68382630000001,44.1013661,0 -71.6838169,44.1016914,0 -71.6837934,44.1020174,0 -71.68376859999999,44.1023419,0 -71.6837271,44.1026691,0 -71.68367739999999,44.1029912,0 -71.68361779999999,44.1033182,0 -71.683548,44.1036461,0 -71.68347559999999,44.1039634,0 -71.6833965,44.1042889,0 -71.6832881,44.1047589,0 -71.6832206,44.1050368,0 -71.6831363,44.105367,0 -71.68292510000001,44.106225,0 -71.6827175,44.107089,0 -71.6824709,44.108101,0 -71.68224309999999,44.1090369,0 -71.6821674,44.1093634,0 -71.68209589999999,44.1096907,0 -71.6820405,44.1099832,0 -71.6820017,44.1102318,0 -71.68198150000001,44.1104016,0 -71.6819481,44.1107076,0 -71.6819363,44.1108209,0 -71.6819102,44.1111514,0 -71.6818918,44.1114783,0 -71.68188739999999,44.1118035,0 -71.6818864,44.1121147,0 -71.6819011,44.1124504,0 -71.68191899999999,44.112753,0 -71.68196829999999,44.1133627,0 -71.68197290000001,44.11342,0 -71.6820017,44.1137464,0 -71.6820366,44.1141732,0 -71.6820835,44.1148149,0 -71.6821647,44.1166597,0 -71.68218899999999,44.117353,0 -71.68219259999999,44.1179905,0 -71.6821922,44.1181655,0 -71.6821834,44.1185951,0 -71.682166,44.1190948,0 -71.68211169999999,44.11988,0 -71.6820333,44.1209527,0 -71.68196570000001,44.121851,0 -71.6818073,44.124083,0 -71.681656,44.126189,0 -71.68161379999999,44.126791,0 -71.6815873,44.1271137,0 -71.6815639,44.1273259,0 -71.68153169999999,44.127537,0 -71.6814847,44.1277505,0 -71.6814251,44.1279625,0 -71.6813506,44.1281723,0 -71.68126580000001,44.1283762,0 -71.6811706,44.128581,0 -71.681074,44.1287843,0 -71.6806318,44.1297026,0 -71.6805366,44.1299089,0 -71.6804455,44.1301148,0 -71.6803639,44.1303331,0 -71.6803005,44.1305423,0 -71.6802455,44.130756,0 -71.68020799999999,44.1309704,0 -71.6801832,44.1311867,0 -71.6801725,44.1314052,0 -71.6801715,44.1316188,0 -71.68018549999999,44.131834,0 -71.68021570000001,44.1320516,0 -71.6802556,44.1322655,0 -71.68031190000001,44.1324715,0 -71.680376,44.1326813,0 -71.6804568,44.1328856,0 -71.6805493,44.1330899,0 -71.68065489999999,44.1332959,0 -71.68077390000001,44.133492,0 -71.68090239999999,44.1336872,0 -71.681116,44.133981,0 -71.6819272,44.1350597,0 -71.6825474,44.1358996,0 -71.6829113,44.1363873,0 -71.68347180000001,44.1371172,0 -71.683824,44.137583,0 -71.6839658,44.1377826,0 -71.6840536,44.1379232,0 -71.6841314,44.1380668,0 -71.68419900000001,44.138213,0 -71.6842532,44.138353,0 -71.684298,44.1384947,0 -71.6843332,44.1386378,0 -71.684378,44.138847,0 -71.6843963,44.1389881,0 -71.6844043,44.1391618,0 -71.68440219999999,44.1392958,0 -71.6843926,44.1394297,0 -71.68437520000001,44.1395632,0 -71.68435030000001,44.139696,0 -71.6843104,44.1398544,0 -71.6842597,44.1400112,0 -71.68419830000001,44.140166,0 -71.6841263,44.1403185,0 -71.684044,44.1404682,0 -71.6839516,44.1406149,0 -71.6838492,44.1407581,0 -71.6837371,44.1408976,0 -71.6835856,44.1410742,0 -71.68347300000001,44.1411936,0 -71.6829499,44.1417488,0 -71.6826191,44.1421011,0 -71.68246139999999,44.1422713,0 -71.6818837,44.1428959,0 -71.681758,44.143042,0 -71.68164059999999,44.1431916,0 -71.68153169999999,44.1433445,0 -71.68141989999999,44.1435194,0 -71.6813193,44.1436978,0 -71.68123009999999,44.1438792,0 -71.681185,44.1439714,0 -71.6811368,44.1440862,0 -71.68108100000001,44.14423,0 -71.68102380000001,44.1444388,0 -71.6809751,44.1446521,0 -71.68094290000001,44.1448429,0 -71.6809203,44.1450377,0 -71.680902,44.145231,0 -71.6808853,44.1454573,0 -71.68081890000001,44.1462358,0 -71.6807951,44.1464944,0 -71.6807582,44.1467522,0 -71.68070830000001,44.1470089,0 -71.6806455,44.147264,0 -71.6805698,44.1475174,0 -71.6804985,44.1477228,0 -71.6804187,44.1479265,0 -71.6803306,44.1481284,0 -71.68023410000001,44.1483284,0 -71.6795592,44.1496053,0 -71.6793296,44.1500788,0 -71.6791643,44.1504885,0 -71.6789742,44.1510738,0 -71.6787739,44.1518392,0 -71.6787291,44.1520104,0 -71.67845989999999,44.1530281,0 -71.67824659999999,44.1538284,0 -71.6780837,44.154426,0 -71.6780504,44.154552,0 -71.67795599999999,44.1549106,0 -71.67767600000001,44.1559506,0 -71.67760490000001,44.1561713,0 -71.677527,44.1563909,0 -71.6774198,44.1566649,0 -71.6773022,44.1569368,0 -71.6772387,44.1570819,0 -71.6766117,44.1584605,0 -71.67653060000001,44.1586653,0 -71.67646000000001,44.158872,0 -71.67640249999999,44.1590712,0 -71.6763547,44.1592717,0 -71.6763168,44.1594733,0 -71.6762887,44.1596757,0 -71.6762706,44.1598787,0 -71.676231,44.160665,0 -71.67618330000001,44.1620429,0 -71.6761384,44.1632824,0 -71.6761329,44.163424,0 -71.6761339,44.1635657,0 -71.6761417,44.1637072,0 -71.6761515,44.1638106,0 -71.6761649,44.1639138,0 -71.67620119999999,44.1640725,0 -71.6762492,44.1642295,0 -71.6763089,44.1643845,0 -71.67637999999999,44.164537,0 -71.6764508,44.1646669,0 -71.6765298,44.1647942,0 -71.67661699999999,44.1649188,0 -71.6767122,44.1650404,0 -71.6768151,44.1651587,0 -71.6770064,44.165343,0 -71.6771622,44.1654728,0 -71.6773275,44.1655963,0 -71.6775018,44.1657134,0 -71.67768460000001,44.1658236,0 -71.6778753,44.1659266,0 -71.67806090000001,44.1660132,0 -71.678256,44.1660974,0 -71.6784466,44.1661743,0 -71.6790781,44.1664214,0 -71.679959,44.166761,0 -71.6802215,44.1668648,0 -71.68043400000001,44.166956,0 -71.6805909,44.1670258,0 -71.6807433,44.1671006,0 -71.6808908,44.1671803,0 -71.68103309999999,44.1672647,0 -71.6811774,44.1673588,0 -71.6813152,44.1674576,0 -71.6814463,44.1675612,0 -71.68152480000001,44.1676295,0 -71.6815703,44.1676691,0 -71.6816869,44.1677811,0 -71.68179600000001,44.167897,0 -71.6821908,44.1683727,0 -71.6823625,44.1685985,0 -71.6828201,44.1691815,0 -71.6829212,44.169311,0 -71.68302799999999,44.1694381,0 -71.6831406,44.1695627,0 -71.6832639,44.1696897,0 -71.6833931,44.1698136,0 -71.6835281,44.1699343,0 -71.6836607,44.1700412,0 -71.6837882,44.1701382,0 -71.68396250000001,44.1702603,0 -71.68414420000001,44.1703767,0 -71.6843329,44.1704873,0 -71.68449819999999,44.1705764,0 -71.684668,44.170661,0 -71.684862,44.1707494,0 -71.6850611,44.1708318,0 -71.685267,44.1709114,0 -71.6867819,44.1714931,0 -71.6871179,44.1716231,0 -71.687304,44.1717016,0 -71.687483,44.171788,0 -71.6876331,44.1718697,0 -71.6877769,44.1719571,0 -71.6879141,44.1720498,0 -71.68804419999999,44.1721475,0 -71.6881783,44.1722567,0 -71.6883038,44.1723709,0 -71.6884203,44.17249,0 -71.68852219999999,44.1726071,0 -71.6886154,44.1727278,0 -71.68869960000001,44.1728519,0 -71.6887747,44.172979,0 -71.6888471,44.1731206,0 -71.6889333,44.173312,0 -71.68944399999999,44.174499,0 -71.6896474,44.1749635,0 -71.68985499999999,44.175425,0 -71.6899196,44.1755512,0 -71.6900096,44.1757047,0 -71.6901041,44.1758569,0 -71.6902206,44.1760335,0 -71.690343,44.1762081,0 -71.6909993,44.1770802,0 -71.6913638,44.1775693,0 -71.69145899999999,44.1777029,0 -71.6915437,44.1778403,0 -71.6916174,44.1779808,0 -71.69168000000001,44.178124,0 -71.69173120000001,44.1782696,0 -71.691771,44.178417,0 -71.6917986,44.1785623,0 -71.6918151,44.1787086,0 -71.6918203,44.1788552,0 -71.6918143,44.1790018,0 -71.69179699999999,44.179148,0 -71.6917746,44.1792934,0 -71.6917388,44.1794374,0 -71.6916902,44.179578,0 -71.6916288,44.1797159,0 -71.69156529999999,44.1798445,0 -71.69149280000001,44.1799708,0 -71.6914115,44.1800942,0 -71.6913217,44.1802146,0 -71.69122609999999,44.1803287,0 -71.6911228,44.1804394,0 -71.691012,44.1805463,0 -71.690894,44.1806492,0 -71.69076920000001,44.1807479,0 -71.69028299999999,44.1811042,0 -71.68988,44.1813903,0 -71.68897010000001,44.1820214,0 -71.68865599999999,44.1822492,0 -71.6883311,44.1824829,0 -71.6880075,44.182717,0 -71.6876836,44.18295,0 -71.6873635,44.1831812,0 -71.6870436,44.1834117,0 -71.6867214,44.1836444,0 -71.6862679,44.1839757,0 -71.6854807,44.184545,0 -71.68520820000001,44.1847361,0 -71.68487570000001,44.1849761,0 -71.68452569999999,44.1852276,0 -71.6841998,44.1854666,0 -71.6838752,44.1857108,0 -71.6835564,44.1859664,0 -71.6832459,44.1862439,0 -71.6829693,44.1865201,0 -71.68271919999999,44.1868028,0 -71.6824778,44.1871113,0 -71.68226420000001,44.1874255,0 -71.6820859,44.187727,0 -71.68192430000001,44.1880525,0 -71.6817861,44.1883802,0 -71.6816747,44.1887103,0 -71.6815873,44.1890478,0 -71.681524,44.1893962,0 -71.6814881,44.1897387,0 -71.6814693,44.1900731,0 -71.68143120000001,44.1914721,0 -71.6814272,44.1916178,0 -71.6814001,44.1925314,0 -71.6813909,44.1929226,0 -71.6813583,44.1939583,0 -71.6813312,44.1949774,0 -71.68129089999999,44.196459,0 -71.68127939999999,44.196802,0 -71.68127,44.1971402,0 -71.681268,44.1974765,0 -71.6812675,44.1976833,0 -71.6812829,44.1978904,0 -71.6813089,44.1980959,0 -71.6813427,44.198301,0 -71.681393,44.1985046,0 -71.6814543,44.1987016,0 -71.68152739999999,44.1988966,0 -71.6816123,44.1990891,0 -71.68170859999999,44.1992788,0 -71.6818207,44.1994741,0 -71.68194389999999,44.1996597,0 -71.6820785,44.1998411,0 -71.6822244,44.200018,0 -71.6823811,44.20019,0 -71.6825484,44.2003569,0 -71.682726,44.2005181,0 -71.6829135,44.2006736,0 -71.6831105,44.2008228,0 -71.6833166,44.2009656,0 -71.68353140000001,44.2011016,0 -71.68375450000001,44.2012306,0 -71.68398550000001,44.2013523,0 -71.6842238,44.2014665,0 -71.68446900000001,44.2015729,0 -71.6847094,44.2016672,0 -71.6849552,44.201754,0 -71.68520599999999,44.2018331,0 -71.6854613,44.2019045,0 -71.6857206,44.201968,0 -71.68598350000001,44.2020235,0 -71.68624939999999,44.2020709,0 -71.6862931,44.2020776,0 -71.6863979,44.2020938,0 -71.68998259999999,44.202585,0 -71.6904309,44.202642,0 -71.6906906,44.2026769,0 -71.6927936,44.2029667,0 -71.6950539,44.2032736,0 -71.69621650000001,44.2034327,0 -71.6978204,44.2036505,0 -71.6982696,44.2037114,0 -71.705077,44.204631,0 -71.706093,44.204777,0 -71.707104,44.204938,0 -71.707964,44.205111,0 -71.715974,44.206976,0 -71.716978,44.207221,0 -71.717471,44.207365,0 -71.718091,44.207574,0 -71.71857,44.207761,0 -71.71938900000001,44.208126,0 -71.719786,44.208339,0 -71.720169,44.208558,0 -71.720732,44.208922,0 -71.721205,44.209269,0 -71.721654,44.209653,0 -71.721971,44.209956,0 -71.722426,44.210445,0 -71.722705,44.210781,0 -71.7287024,44.2183318,0 -71.72891799999999,44.218599,0 -71.7290843,44.218802,0 -71.729698,44.219579,0 -71.7302352,44.2202105,0 -71.73097799999999,44.220884,0 -71.73155199999999,44.221328,0 -71.731977,44.221621,0 -71.73241299999999,44.221889,0 -71.73321129999999,44.2223042,0 -71.7336334,44.2225238,0 -71.739206,44.225422,0 -71.74014,44.225875,0 -71.741074,44.226287,0 -71.742023,44.226673,0 -71.74388399999999,44.227364,0 -71.74659080000001,44.2283424,0 -71.746967,44.2284743,0 -71.74820699999999,44.228928,0 -71.749312,44.229345,0 -71.749713,44.229529,0 -71.74984600000001,44.229595,0 -71.75031,44.2298553,0 -71.75078999999999,44.230169,0 -71.751197,44.230489,0 -71.75157299999999,44.230843,0 -71.751914,44.231233,0 -71.752174,44.231593,0 -71.75255900000001,44.232215,0 -71.75989,44.244469,0 -71.760408,44.245352,0 -71.760637,44.245811,0 -71.76082700000001,44.246285,0 -71.76097799999999,44.246772,0 -71.761045,44.247057,0 -71.76113700000001,44.247696,0 -71.761157,44.248137,0 -71.76114699999999,44.248581,0 -71.76110799999999,44.249021,0 -71.761025,44.24945,0 -71.760915,44.249875,0 -71.760773,44.250289,0 -71.760598,44.250695,0 -71.76032600000001,44.251211,0 -71.76008899999999,44.251587,0 -71.759739,44.252063,0 -71.759451,44.252401,0 -71.75813599999999,44.253768,0 -71.752437,44.259641,0 -71.75207,44.259999,0 -71.7518972,44.2601777,0 -71.7515494,44.2605372,0 -71.746672,44.265579,0 -71.746027,44.266368,0 -71.745744,44.266796,0 -71.745497,44.267239,0 -71.745287,44.267705,0 -71.745114,44.268179,0 -71.74498,44.268673,0 -71.74347,44.275653,0 -71.7426564,44.2791656,0 -71.7425463,44.279725,0 -71.7425046,44.2801873,0 -71.74248179999999,44.280569,0 -71.74248780000001,44.2809219,0 -71.7425902,44.2814207,0 -71.7426873,44.2818595,0 -71.7428019,44.2822773,0 -71.7429772,44.2827628,0 -71.74313170000001,44.2831852,0 -71.74336580000001,44.2836374,0 -71.7436494,44.2840736,0 -71.744016,44.2845568,0 -71.74433019999999,44.2849315,0 -71.7448749,44.2854867,0 -71.747016,44.287646,0 -71.750713,44.291433,0 -71.75133,44.292042,0 -71.751673,44.292318,0 -71.752031,44.292573,0 -71.75240599999999,44.292806,0 -71.752864,44.293042,0 -71.753394,44.293283,0 -71.753805,44.293439,0 -71.754222,44.293571,0 -71.754794,44.293713,0 -71.755368,44.293823,0 -71.755799,44.293885,0 -71.75637999999999,44.293932,0 -71.756962,44.29395,0 -71.757546,44.29394,0 -71.7606411,44.2937936,0 -71.7611859,44.2937672,0 -71.7623,44.293724,0 -71.762816,44.293725,0 -71.763333,44.293749,0 -71.763847,44.293802,0 -71.76436200000001,44.293885,0 -71.764867,44.293993,0 -71.765362,44.294127,0 -71.76633,44.294472,0 -71.76679799999999,44.294676,0 -71.7683972,44.2954066,0 -71.76881899999999,44.2955993,0 -71.76960200000001,44.295957,0 -71.77006299999999,44.296181,0 -71.770512,44.296433,0 -71.77093499999999,44.296711,0 -71.77134599999999,44.29703,0 -71.771742,44.2974224,0 -71.7718818,44.2975788,0 -71.7721038,44.2978193,0 -71.772396,44.298154,0 -71.774055,44.300106,0 -71.775038,44.301284,0 -71.77538,44.30166,0 -71.775746,44.302015,0 -71.77613700000001,44.302349,0 -71.77654,44.302656,0 -71.776967,44.30294,0 -71.777411,44.303197,0 -71.777869,44.303426,0 -71.77833699999999,44.303638,0 -71.778811,44.303829,0 -71.77929899999999,44.303996,0 -71.779787,44.304141,0 -71.78027899999999,44.304264,0 -71.781142,44.304421,0 -71.78187699999999,44.304511,0 -71.78246300000001,44.30455,0 -71.78304900000001,44.304564,0 -71.783416,44.304561,0 -71.783934,44.304541,0 -71.784441,44.304502,0 -71.784948,44.304434,0 -71.785918,44.304266,0 -71.78645,44.304142,0 -71.78722999999999,44.303876,0 -71.788679,44.303338,0 -71.789314,44.303112,0 -71.78974100000001,44.302987,0 -71.790238,44.302873,0 -71.790605,44.302811,0 -71.791039,44.302766,0 -71.79148499999999,44.302746,0 -71.791934,44.302749,0 -71.792449,44.302784,0 -71.792888,44.302845,0 -71.79332700000001,44.302937,0 -71.793682,44.303033,0 -71.794101,44.30318,0 -71.794507,44.303358,0 -71.79489,44.303576,0 -71.7950156,44.3036625,0 -71.7954254,44.3039412,0 -71.795554,44.304042,0 -71.795894,44.304326,0 -71.79621,44.304631,0 -71.79642610000001,44.3048712,0 -71.79663499999999,44.305135,0 -71.7969082,44.3055346,0 -71.798822,44.308752,0 -71.79905100000001,44.309208,0 -71.799164,44.30948,0 -71.79928700000001,44.309899,0 -71.799358,44.31033,0 -71.799386,44.310693,0 -71.799381,44.311128,0 -71.799341,44.311418,0 -71.799238,44.311846,0 -71.7988486,44.3130445,0 -71.798303,44.314541,0 -71.7975247,44.3167911,0 -71.79740870000001,44.3171263,0 -71.797195,44.317744,0 -71.796629,44.319364,0 -71.796181,44.320831,0 -71.796145,44.321054,0 -71.79611800000001,44.321418,0 -71.79613500000001,44.32171,0 -71.796212,44.322145,0 -71.79629,44.322426,0 -71.796449,44.322832,0 -71.796655,44.323217,0 -71.796903,44.323579,0 -71.797183,44.323912,0 -71.797495,44.324218,0 -71.797714,44.324405,0 -71.798011,44.324622,0 -71.798379,44.324858,0 -71.798762,44.325073,0 -71.799088,44.325235,0 -71.79956199999999,44.325429,0 -71.799842,44.325517,0 -71.800335,44.325656,0 -71.80076200000001,44.325749,0 -71.80133600000001,44.325839,0 -71.801771,44.325878,0 -71.802362,44.325903,0 -71.802944,44.325895,0 -71.803378,44.325855,0 -71.80395799999999,44.325772,0 -71.8044625,44.3256926,0 -71.810377,44.324633,0 -71.81189500000001,44.324356,0 -71.81383409999999,44.3240245,0 -71.821994,44.322551,0 -71.82278100000001,44.322386,0 -71.823348,44.322241,0 -71.823908,44.322073,0 -71.824663,44.321797,0 -71.82534099999999,44.321506,0 -71.825734,44.32131,0 -71.82638,44.32095,0 -71.82687300000001,44.320635,0 -71.829042,44.319001,0 -71.830279,44.318092,0 -71.83112,44.317518,0 -71.83369999999999,44.315833,0 -71.83457799999999,44.315298,0 -71.83549499999999,44.314848,0 -71.836474,44.314515,0 -71.836975,44.314391,0 -71.83748900000001,44.314295,0 -71.838003,44.314225,0 -71.838521,44.314174,0 -71.848253,44.313492,0 -71.849788,44.313393,0 -71.85045100000001,44.313369,0 -71.851106,44.313375,0 -71.851702,44.313407,0 -71.85229099999999,44.313464,0 -71.85302,44.313561,0 -71.85374400000001,44.313698,0 -71.854399,44.313852,0 -71.855115,44.31406,0 -71.85553400000001,44.314198,0 -71.863293,44.316873,0 -71.863846,44.317095,0 -71.864251,44.317285,0 -71.86465,44.3175,0 -71.865138,44.317832,0 -71.86548000000001,44.318112,0 -71.865797,44.318421,0 -71.866084,44.318757,0 -71.86633500000001,44.319122,0 -71.866545,44.319509,0 -71.86666700000001,44.319777,0 -71.866764,44.320052,0 -71.867068,44.32111,0 -71.8676545,44.3230846,0 -71.868251,44.325093,0 -71.86841099999999,44.3255,0 -71.868532,44.325761,0 -71.868708,44.32608,0 -71.868871,44.326323,0 -71.869148,44.326678,0 -71.86944099999999,44.326998,0 -71.869873,44.327395,0 -71.87021799999999,44.327666,0 -71.870583,44.327909,0 -71.871094,44.328199,0 -71.871623,44.328456,0 -71.8730529,44.3291276,0 -71.87411350000001,44.3295999,0 -71.87445959999999,44.3297506,0 -71.8816843,44.3330213,0 -71.884137,44.334141,0 -71.88505600000001,44.334597,0 -71.88593400000001,44.335126,0 -71.886765,44.335732,0 -71.887511,44.33644,0 -71.887855,44.336821,0 -71.888397,44.337551,0 -71.888724,44.338091,0 -71.8893965,44.3397261,0 -71.8895484,44.3400956,0 -71.889978,44.34114,0 -71.8903664,44.3419817,0 -71.89087790000001,44.3432203,0 
				
					-71.89087790000001,44.3432203,0 -71.8910643,44.3437289,0 -71.8913072,44.3444908,0 -71.8917824,44.3456308,0 -71.89273249999999,44.3480106,0 -71.89296969999999,44.3486047,0 -71.89361700000001,44.350226,0 -71.89453,44.3525558,0 -71.89455599999999,44.3526202,0 -71.896309,44.35696,0 -71.89702269999999,44.3585083,0 -71.8970863,44.3586227,0 -71.89768890000001,44.3597068,0 -71.899272,44.362161,0 -71.8993502,44.3622666,0 -71.9023083,44.3662608,0 -71.903662,44.368621,0 -71.904472,44.369777,0 -71.90492500000001,44.37038,0 -71.905872,44.371482,0 -71.90682099999999,44.372474,0 -71.90852219999999,44.3739442,0 -71.90925,44.374533,0 -71.91055,44.375445,0 -71.91147100000001,44.376017,0 -71.912468,44.376604,0 -71.91376,44.377274,0 -71.91506099999999,44.377879,0 -71.91583799999999,44.378207,0 -71.917475,44.378851,0 -71.91841599999999,44.379225,0 -71.919083,44.379512,0 -71.919606,44.379775,0 -71.92022900000001,44.380153,0 -71.920591,44.380406,0 -71.92104999999999,44.38077,0 -71.92157400000001,44.38128,0 -71.92196,44.381729,0 -71.922325,44.382271,0 -71.9223389,44.3822976,0 -71.92263199999999,44.382858,0 -71.922887,44.383614,0 -71.922963,44.383973,0 -71.923016,44.384549,0 -71.922995,44.385129,0 -71.92280340000001,44.3861076,0 -71.922526,44.387113,0 -71.920072,44.395828,0 -71.919062,44.39946,0 -71.918841,44.400303,0 -71.91866280000001,44.4013044,0 -71.91862279999999,44.4015941,0 -71.9185832,44.4019107,0 -71.918537,44.402665,0 -71.91852299999999,44.403278,0 -71.91853399999999,44.403983,0 -71.91863600000001,44.405268,0 -71.918773,44.406131,0 -71.919082,44.407543,0 -71.91920500000001,44.407961,0 -71.91959199999999,44.409058,0 -71.919866,44.409727,0 -71.92049799999999,44.411024,0 -71.920862,44.411647,0 -71.92124800000001,44.412259,0 -71.921493,44.412611,0 -71.92222889999999,44.4135367,0 -71.922967,44.414297,0 -71.92350500000001,44.41478,0 -71.923948,44.415157,0 -71.92464,44.415682,0 -71.925912,44.416508,0 -71.926537,44.416863,0 -71.92757,44.417364,0 -71.928365,44.417718,0 -71.929039,44.417982,0 -71.93075399999999,44.418746,0 -71.932552,44.419718,0 -71.933286,44.420192,0 -71.933885,44.420607,0 -71.93481800000001,44.421301,0 -71.93503800000001,44.421491,0 -71.9361332,44.4223693,0 -71.9365718,44.4227242,0 -71.940399,44.425834,0 -71.940513,44.425923,0 -71.94074000000001,44.426106,0 -71.940844,44.426201,0 -71.94108,44.426376,0 -71.94144300000001,44.426627,0 -71.941678,44.42679,0 -71.94205100000001,44.427008,0 -71.942432,44.427211,0 -71.942823,44.427394,0 -71.94335700000001,44.427623,0 -71.943495,44.427669,0 -71.94390799999999,44.427815,0 -71.944334,44.427943,0 -71.944553,44.428002,0 -71.944771,44.428056,0 -71.945133,44.428132,0 -71.94529,44.428168,0 -71.945588,44.42822,0 -71.945888,44.428265,0 -71.946185,44.428297,0 -71.94663799999999,44.428339,0 -71.94725699999999,44.428373,0 -71.94756700000001,44.428375,0 -71.948036,44.428364,0 -71.948352,44.428347,0 -71.94859599999999,44.4283328,0 -71.948882,44.428304,0 -71.94919400000001,44.428266,0 -71.94935099999999,44.428244,0 -71.949742,44.428176,0 -71.95020100000001,44.428081,0 -71.950665,44.427968,0 -71.951255,44.427793,0 -71.951448,44.427722,0 -71.95196,44.427531,0 -71.95229999999999,44.427385,0 -71.952763,44.427162,0 -71.95327399999999,44.426887,0 -71.958348,44.423993,0 -71.959546,44.423335,0 -71.960669,44.422751,0 -71.96093399999999,44.422629,0 -71.9609677,44.4226145,0 -71.9614,44.422428,0 -71.961743,44.422291,0 -71.96202099999999,44.422189,0 -71.962445,44.42204,0 -71.962875,44.421908,0 -71.963303,44.421782,0 -71.964022,44.4216,0 -71.964471,44.421497,0 -71.965284,44.421342,0 -71.965587,44.421303,0 -71.968383,44.42088,0 -71.96896599999999,44.42078,0 -71.96969900000001,44.42063,0 -71.9705,44.420427,0 -71.970934,44.420303,0 -71.97143199999999,44.420144,0 -71.971851,44.42,0 -71.972527,44.419733,0 -71.97305900000001,44.419505,0 -71.973584,44.419256,0 -71.973844,44.419126,0 -71.97448300000001,44.418776,0 -71.975739,44.418068,0 -71.976252,44.417798,0 -71.976781,44.417547,0 -71.977119,44.417407,0 -71.977321,44.417328,0 -71.977733,44.417184,0 -71.97801,44.417095,0 -71.978291,44.417011,0 -71.978573,44.416934,0 -71.978866,44.416872,0 -71.980451,44.416534,0 -71.980896,44.416443,0 -71.98133,44.416335,0 -71.981618,44.416254,0 -71.98204,44.416128,0 -71.982456,44.415983,0 -71.983001,44.415774,0 -71.98327,44.415659,0 -71.983667,44.415474,0 -71.98405200000001,44.415282,0 -71.984433,44.415075,0 -71.984683,44.414927,0 -71.98504800000001,44.414687,0 -71.985405,44.414433,0 -71.985692,44.414211,0 -71.986025,44.413933,0 -71.986294,44.413685,0 -71.986752,44.413229,0 -71.98679199999999,44.413174,0 -71.988004,44.411927,0 -71.98841899999999,44.411515,0 -71.988739,44.41122,0 -71.98923499999999,44.410797,0 -71.989915,44.410263,0 -71.99075499999999,44.409664,0 -71.991117,44.409425,0 -71.99172299999999,44.409035,0 -71.992225,44.408742,0 -71.99260599999999,44.408531,0 -71.993121,44.408262,0 -71.993512,44.408068,0 -71.993976,44.407848,0 -71.994642,44.407555,0 -71.995317,44.407279,0 -71.99585999999999,44.407078,0 -71.99655300000001,44.406835,0 -71.99711600000001,44.406651,0 -71.99761599999999,44.406503,0 -71.998272,44.406323,0 -71.99915900000001,44.406107,0 -72.00053699999999,44.405811,0 -72.00145500000001,44.4056,0 -72.00189899999999,44.405475,0 -72.00264799999999,44.405255,0 -72.003227,44.405053,0 -72.003502,44.404939,0 -72.003781,44.404831,0 -72.00433,44.404596,0 -72.004597,44.404475,0 -72.00480899999999,44.404378,0 -72.005071,44.404246,0 -72.00526600000001,44.404143,0 -72.00558700000001,44.403967,0 -72.00602600000001,44.403709,0 -72.006393,44.403476,0 -72.006874,44.403145,0 -72.00733700000001,44.4028,0 -72.007898,44.402345,0 -72.0112,44.399727,0 -72.0117686,44.3993426,0 -72.0121168,44.3991214,0 -72.01254400000001,44.3988872,0 -72.013131,44.398605,0 -72.01325079999999,44.398543,0 
				</coordinates>
			</LineString>
		<atom:link rel="app" href="https://www.google.com/earth/about/versions/#earth-pro" title="Google Earth Pro 7.3.6.10201"></atom:link>
	</Placemark>
</Document>
</kml>
