<?xml version="1.0" encoding="UTF-8"?>
<kml xmlns="http://www.opengis.net/kml/2.2" xmlns:gx="http://www.google.com/kml/ext/2.2" xmlns:kml="http://www.opengis.net/kml/2.2" xmlns:atom="http://www.w3.org/2005/Atom">
<Document>
	<name>US.301.kml</name>
	<Placemark>
		<name>US.301</name>
			<LineString>
				<coordinates>
					-82.5304503,27.3284205,0 -82.5305681,27.3288521,0 -82.53067679999999,27.3291441,0 -82.5307056,27.3292215,0 -82.53084320000001,27.329609,0 -82.5308776,27.3297424,0 -82.530912,27.3299327,0 -82.5309318,27.3300144,0 -82.53097959999999,27.3302109,0 -82.53098009999999,27.330349,0 -82.5309809,27.3305617,0 -82.5309826,27.3310201,0 -82.5309839,27.3313784,0 -82.530984,27.3314045,0 -82.5309841,27.3314337,0 -82.53098850000001,27.332631,0 -82.53099280000001,27.3338006,0 -82.53099520000001,27.3344564,0 -82.53099570000001,27.3345859,0 -82.53099760000001,27.335112,0 -82.5309994,27.3356032,0 -82.5310022,27.3363659,0 -82.53100259999999,27.3364739,0 -82.5310029,27.3365516,0 -82.5310071,27.3378081,0 -82.5310077,27.3379934,0 -82.5310078,27.3380187,0 -82.5310104,27.3387753,0 -82.5310076,27.338904,0 -82.53106579999999,27.33906,0 -82.53106219999999,27.3393389,0 -82.5310619,27.3394007,0 -82.531057,27.3396672,0 -82.5310638,27.340156,0 -82.5310626,27.3403946,0 -82.53106320000001,27.3410197,0 -82.5310633,27.3411813,0 -82.5310613,27.341608,0 -82.5310556,27.3421443,0 -82.5310539,27.3425887,0 -82.531053,27.3427143,0 -82.5310516,27.3430062,0 -82.5310484,27.3437881,0 -82.53104810000001,27.3441531,0 -82.53105069999999,27.3444796,0 -82.5310558,27.3447689,0 -82.53105410000001,27.3450764,0 -82.5310592,27.3458019,0 -82.5310375,27.3460149,0 -82.5310068,27.3462059,0 -82.5309565,27.3464268,0 -82.53085919999999,27.3467957,0 -82.5306957,27.3473418,0 -82.53066250000001,27.3474516,0 -82.53054040000001,27.3478545,0 -82.5305288,27.3479124,0 -82.53048819999999,27.3481144,0 -82.5304716,27.3482956,0 -82.53046620000001,27.3484095,0 -82.5304656,27.3486231,0 -82.5304816,27.3495214,0 -82.53048579999999,27.3499014,0 -82.5304914,27.3504107,0 -82.5304999,27.3510392,0 -82.53050159999999,27.351076,0 -82.53050570000001,27.3511631,0 -82.5305099,27.35125379999999,0 -82.5305176,27.3513653,0 -82.5305173,27.3514125,0 -82.5305159,27.3516142,0 -82.53051480000001,27.3517778,0 -82.53051670000001,27.3520112,0 -82.5305242,27.3522257,0 -82.5305299,27.3525903,0 -82.5305331,27.3528226,0 -82.5305376,27.3531556,0 -82.53055860000001,27.3540886,0 -82.5305723,27.3550656,0 -82.5305742,27.355199,0 -82.5305839,27.3556373,0 -82.5305906,27.3559396999999,0 -82.5306252,27.3583417,0 -82.5306712,27.3596563,0 -82.5306679,27.3604725,0 -82.5306657,27.3612316,0 -82.5306734,27.3614786,0 -82.5306959,27.3624852,0 -82.5307127,27.3630006,0 -82.53072830000001,27.3634807,0 -82.53076590000001,27.3641246,0 -82.5307979,27.3648765,0 -82.53081589999999,27.3651672,0 -82.53084149999999,27.3655808,0 -82.5308486,27.3671084,0 -82.5308761,27.3675842,0 -82.53088390000001,27.3678584,0 -82.5308849,27.3678915,0 -82.53088940000001,27.3680692,0 -82.53089300000001,27.3682089,0 -82.53089490000001,27.3684067,0 -82.530863,27.3687349,0 -82.53088889999999,27.3694179,0 -82.5309002,27.3697144,0 -82.53091000000001,27.36997390000001,0 -82.5309233,27.3704539,0 -82.5309369,27.3709457,0 -82.5309491,27.3713879,0 -82.530969,27.3721059,0 -82.5309853,27.372872,0 -82.530993,27.3732309,0 -82.530985,27.3732709,0 -82.5309841,27.3735143,0 -82.5309816,27.3741388,0 -82.53098,27.3745528999999,0 -82.53099,27.3748299,0 -82.530985,27.3756979000001,0 -82.53098199999999,27.3763299,0 -82.5309826,27.3770604,0 -82.5309834,27.3780447,0 -82.53098420000001,27.3789932,0 -82.5309845,27.379368,0 -82.530985,27.3800403,0 -82.5309863,27.38167,0 -82.5309798,27.3819932,0 -82.53098,27.3834707,0 -82.530976,27.3840276,0 -82.530973,27.3844636,0 -82.5309707,27.3847856,0 -82.5309689,27.385506,0 -82.530967,27.3858207,0 -82.5309785,27.3860383,0 -82.53099659999999,27.3862574,0 -82.5310276,27.3864972,0 -82.5310625,27.3866899,0 -82.5310685,27.386714,0 -82.5311025,27.3868517,0 -82.5311385,27.38698979999999,0 -82.5312356,27.3872979,0 -82.5313196,27.3875319,0 -82.5315253,27.3880113,0 -82.5315635,27.3880975,0 -82.5317479,27.3885582,0 -82.5318051,27.3886902,0 -82.531851,27.3887961,0 -82.5318846,27.3888735,0 -82.53194019999999,27.3890018,0 -82.5324229,27.390136,0 -82.5326379,27.3906466,0 -82.53272579999999,27.3908536,0 -82.5328099,27.3910576,0 -82.53288360000001,27.3912662,0 -82.5329462,27.3914795,0 -82.53299490000001,27.391694,0 -82.53303560000001,27.3919059,0 -82.5330524,27.3920304,0 -82.5330652,27.3921344,0 -82.53307700000001,27.3922469,0 -82.53308560000001,27.3923529,0 -82.53309539999999,27.3925679,0 -82.53309900000001,27.3926899,0 -82.5330898,27.3970135,0 -82.53306449999999,27.4031814,0 -82.5330629,27.4035442,0 -82.5330627,27.4036199,0 -82.53306259999999,27.403644,0 -82.5330618,27.40391049999999,0 -82.53301690000001,27.4177734,0 -82.5330158,27.4180937,0 -82.5330154,27.4182219,0 -82.5330111,27.4185443,0 -82.532993,27.419916,0 -82.532956,27.420403,0 -82.53286900000001,27.420929,0 -82.532763,27.42134,0 -82.532641,27.421702,0 -82.532552,27.421933,0 -82.53245800000001,27.4221509999999,0 -82.53100499999999,27.42533600000001,0 -82.530822,27.425812,0 -82.530715,27.4262350000001,0 -82.53062199999999,27.426812,0 -82.5305889,27.4273426,0 -82.5305841,27.4287405,0 -82.53058299999999,27.4290711,0 -82.530581,27.4291955,0 -82.53057990000001,27.4295411,0 -82.53053629999999,27.4426749,0 -82.5305355,27.4429376,0 -82.5305211,27.4472678,0 -82.53052289999999,27.4474219,0 -82.5305216,27.4477563,0 -82.5305087,27.4509675,0 -82.5304718,27.461402,0 -82.5304795,27.4617085,0 -82.53049,27.4618544,0 -82.530508,27.462024,0 -82.530551,27.462362,0 -82.530644,27.462826,0 -82.530727,27.463141,0 -82.530794,27.463369,0 -82.53089900000001,27.463679,0 -82.531018,27.463982,0 -82.53116900000001,27.464316,0 -82.531432,27.46481,0 -82.53156509999999,27.4650111,0 -82.5316825,27.4651953,0 -82.53200440000001,27.4656393,0 -82.53216279999999,27.4658485,0 -82.5323655,27.4660838,0 -82.532719,27.466462,0 -82.53292500000001,27.466656,0 -82.533264,27.46695,0 -82.53379,27.467355,0 -82.533963,27.467473,0 -82.540661,27.471899,0 -82.54106299999999,27.472149,0 -82.5415473,27.4724303,0 -82.54200109999999,27.4726865,0 -82.5430496,27.473253,0 -82.5436356,27.4735697,0 -82.54630779999999,27.4750222,0 -82.54658740000001,27.4751742,0 -82.54667689999999,27.4752212,0 -82.5493117,27.4766457,0 -82.5509057,27.4775087,0 -82.55436659999999,27.4793876,0 -82.55483889999999,27.4796259,0 -82.5561534,27.48035550000001,0 -82.55643499999999,27.480509,0 -82.556511,27.480545,0 -82.556889,27.480704,0 -82.557113,27.48078,0 -82.55726900000001,27.480826,0 -82.557463,27.480875,0 -82.55766,27.480916,0 -82.557828,27.4809449999999,0 -82.557999,27.480968,0 -82.558176,27.48098600000001,0 -82.55834900000001,27.480998,0 -82.56025630000001,27.4810247,0 -82.5606382,27.4810297,0 -82.5608402,27.4810314,0 -82.5609577,27.4810332,0 -82.5610815,27.4810394,0 -82.56120009999999,27.4810487,0 -82.5613168,27.4810646,0 -82.56143710000001,27.4810865,0 -82.5615533,27.4811136,0 -82.5616687,27.4811464,0 -82.56177940000001,27.4811846999999,0 -82.561887,27.4812291,0 -82.5619901,27.4812777,0 -82.5621005,27.4813358,0 -82.5621982,27.4813938,0 -82.56229380000001,27.4814578,0 -82.56238190000001,27.4815251,0 -82.56247329999999,27.4816026,0 -82.5625536,27.4816776,0 -82.5626212,27.4817484,0 -82.5626633,27.48179530000001,0 -82.5627076,27.4818486,0 -82.5627472,27.4819022,0 -82.56277969999999,27.481949,0 -82.5628291,27.482024,0 -82.5628857,27.4821228,0 -82.56293549999999,27.4822216,0 -82.5629801,27.4823276,0 -82.5630171,27.4824326,0 -82.5630467,27.4825352,0 -82.563069,27.4826421,0 -82.5630843,27.4827499,0 -82.563092,27.4828513,0 -82.56309400000001,27.482962,0 -82.5630934,27.4830673,0 -82.56308629999999,27.4832785,0 -82.5630697,27.4837118,0 -82.563042,27.484441,0 -82.563008,27.4854629,0 -82.56297290000001,27.4863496,0 -82.5630067,27.4865585,0 -82.5630048,27.4865992,0 -82.56298,27.4880314,0 -82.5629788,27.4881002,0 -82.5629782,27.4881805,0 -82.56297410000001,27.4885239,0 -82.5629761,27.4890045,0 -82.56297410000001,27.4894375,0 -82.5629722,27.4897648,0 -82.5629715,27.4899116,0 -82.5629706,27.4904116,0 -82.5629682,27.4910442,0 -82.5629691,27.491215,0 -82.56296570000001,27.4915852,0 -82.56296500000001,27.4916596,0 -82.5629629,27.4917745999999,0 -82.5629636,27.4918382,0 -82.5629682,27.4922734,0 -82.56296709999999,27.4925229000001,0 -82.56297000000001,27.4927648,0 -82.5629696,27.4929251,0 -82.562971,27.4931209,0 -82.5629734,27.4932325,0 -82.5629756,27.4933191,0 -82.56297979999999,27.4933852,0 -82.5630027,27.493681,0 -82.5630094,27.4937483,0 -82.5630262,27.4939161,0 -82.56304470000001,27.4940885,0 -82.5630752,27.4943458,0 -82.56307959999999,27.4943973,0 -82.56308559999999,27.494459,0 -82.5630925,27.4945903,0 -82.56309709999999,27.4947011,0 -82.5631037,27.4948208,0 -82.5631056,27.4950353,0 -82.563103,27.4951066,0 -82.56309899999999,27.4952165,0 -82.5630992,27.4952896,0 -82.5631001,27.4955609,0 -82.5630915,27.4962879,0 -82.5630972,27.4969048,0 -82.563097,27.4969782,0 -82.5630949,27.497323,0 -82.56309520000001,27.4978175,0 -82.5631017,27.4990519,0 -82.56310089999999,27.4991262,0 -82.56310740000001,27.50047989999999,0 -82.5631358,27.5066015,0 -82.56315600000001,27.5079193999999,0 -82.56317129999999,27.5096287,0 -82.5631901,27.5140223,0 -82.5631891,27.5141208,0 -82.5632033,27.5173791,0 -82.56320460000001,27.5177062,0 -82.5632098,27.5183842,0 -82.56353230000001,27.5205029,0 -82.5636239,27.520955,0 -82.5636251,27.5210593,0 -82.5636193,27.5211386000001,0 -82.5636071,27.5212564,0 -82.5630048,27.5212589,0 -82.56182130000001,27.5212639,0 -82.561271,27.5212773,0 -82.56064600000001,27.5212831,0 -82.5598444,27.5212842,0 -82.5594018,27.5212852,0 -82.5588262,27.5212874,0 -82.558689,27.5212879,0 -82.5584898,27.5212886999999,0 -82.55833250000001,27.5212917,0 -82.558114,27.5212959,0 -82.5580039,27.521298,0 -82.5577569,27.5213094,0 -82.55746980000001,27.5213226,0 -82.55699920000001,27.5213438,0 -82.556175,27.5213779,0 -82.5556988,27.5213959,0 -82.5556454,27.5213972,0 -82.55522449999999,27.521416,0 -82.5551408,27.52142,0 -82.55509069999999,27.5214221,0 -82.55475920000001,27.5214362,0 -82.5543885,27.5214419,0 -82.5540373,27.521441,0 -82.5536494,27.5214304000001,0 -82.5533533,27.5214151,0 -82.5530923,27.5213968,0 -82.5529245,27.5213863,0 -82.5526874,27.5213683,0 -82.552446,27.5213514,0 -82.5517358,27.521297,0 -82.5512188,27.52125729999999,0 -82.55088689999999,27.5212319,0 -82.5498515,27.5211787,0 -82.54983420000001,27.5211787,0 -82.5497482,27.5211788,0 -82.5490214,27.5211799,0 -82.548158,27.52119709999999,0 -82.5467302,27.5212223,0 -82.5452471,27.5212485,0 -82.544225,27.5212711,0 -82.54326090000001,27.5212851,0 -82.54295639999999,27.5212913,0 -82.542626,27.5213046,0 -82.54187709999999,27.521355,0 -82.5415603,27.521381,0 -82.54121480000001,27.5214173,0 -82.54019700000001,27.5215563,0 -82.5399209,27.5215931,0 -82.5392384,27.521684,0 -82.5389134,27.5217273,0 -82.5386656,27.5217566,0 -82.53856949999999,27.521768,0 -82.5382548,27.5217916,0 -82.5381307,27.5218034,0 -82.53747540000001,27.5218392,0 -82.53696600000001,27.5218551,0 -82.5361522,27.5218607,0 -82.5357984,27.5218632,0 -82.5353593,27.5218624,0 -82.5351587,27.5218581,0 -82.5349733,27.5218472,0 -82.5347701,27.5218359,0 -82.53443660000001,27.5218086,0 -82.53440929999999,27.5218077,0 -82.53407799999999,27.5217971,0 -82.53374119999999,27.5217965,0 -82.53343719999999,27.5217952,0 -82.532636,27.5217933,0 -82.53163979999999,27.5217881,0 -82.5314367,27.5217874,0 -82.5300986,27.5217825,0 -82.52931649999999,27.5217817,0 -82.5291644,27.5217816,0 -82.5287629,27.5217811,0 -82.5282728,27.5217806,0 -82.5275788,27.5217828,0 -82.5263392,27.5218087,0 -82.5253977,27.5218239,0 -82.524562,27.5218373,0 -82.5238703,27.5218528,0 -82.5233594,27.5218632,0 -82.5230803,27.5218709,0 -82.52283060000001,27.5218865,0 -82.52264750000001,27.5218986,0 -82.5221858,27.5219437,0 -82.5219668,27.52195710000001,0 -82.5216952,27.5219701,0 -82.521204,27.521977,0 -82.52106879999999,27.5219797,0 -82.5207411,27.5219862,0 -82.51865599999999,27.5220279,0 -82.518323,27.522034,0 -82.5180119,27.5220516,0 -82.51775170000001,27.522079,0 -82.51749030000001,27.5221209,0 -82.5171915,27.5221879,0 -82.516931,27.5222656,0 -82.5167041,27.52235,0 -82.5165191,27.5224212,0 -82.5163021,27.5225259,0 -82.5160569,27.522654,0 -82.5158512,27.5227811,0 -82.515652,27.5229234,0 -82.51551910000001,27.523024,0 -82.51538789999999,27.5231406,0 -82.5152617,27.5232563,0 -82.5151261,27.5233926,0 -82.5149874,27.5235407,0 -82.5147991,27.5237806,0 -82.5136114,27.5254392,0 -82.51340740000001,27.5257172,0 -82.5130094,27.5262667999999,0 -82.5128472,27.5264836,0 -82.5127349,27.5266396,0 -82.5124581,27.5270145,0 -82.51231799999999,27.5271989,0 -82.51224860000001,27.52729069999999,0 -82.5121089,27.52747069999999,0 -82.5120386,27.5275602,0 -82.5119648,27.5276513,0 -82.5118875,27.5277386,0 -82.5118088,27.5278269,0 -82.51173369999999,27.5279086,0 -82.5116524,27.5279939,0 -82.5115709,27.5280754,0 -82.5114868,27.5281566,0 -82.5113972,27.5282368,0 -82.5113106,27.5283128,0 -82.5112189,27.528389,0 -82.51112379999999,27.5284652,0 -82.51103670000001,27.5285338,0 -82.5109413,27.5286048,0 -82.5108448,27.5286741,0 -82.51076260000001,27.5287315,0 -82.51074079999999,27.5287468,0 -82.5106428,27.5288106,0 -82.5105386,27.5288752,0 -82.5103359,27.5289944,0 -82.5102298,27.5290546,0 -82.51011099999999,27.5291204,0 -82.5099319,27.5292109,0 -82.50980389999999,27.5292697,0 -82.50960360000001,27.5293495,0 -82.50949660000001,27.5293905,0 -82.5093834,27.5294316,0 -82.5092975,27.5294613,0 -82.50919159999999,27.5294958,0 -82.5090708,27.5295354,0 -82.5089514,27.5295715,0 -82.5087746,27.5296248,0 -82.5085874,27.5296805,0 -82.50755150000001,27.5299841,0 -82.5074269,27.5300201,0 -82.5063541,27.5303303,0 -82.5062837,27.5303491,0 -82.5062217,27.5303689,0 -82.50409519999999,27.5309892,0 -82.50308459999999,27.5312779,0 -82.5028568,27.5313425,0 -82.5026465,27.53139850000001,0 -82.50169409999999,27.5316536,0 -82.5011811,27.5317761,0 -82.5007497,27.5318599,0 -82.50040250000001,27.5319195,0 -82.4992788,27.5321065,0 -82.4988949,27.5321781,0 -82.4985554,27.5322473,0 -82.4981574,27.5323574,0 -82.4978095,27.5324631,0 -82.4974599,27.5325816,0 -82.49712479999999,27.5327131,0 -82.4968397,27.5328345,0 -82.4964543,27.5330267,0 -82.49403890000001,27.5342689,0 -82.49393999999999,27.5343198,0 -82.4929041,27.5348525,0 -82.49240760000001,27.5351078,0 -82.4917828,27.5354292,0 -82.4909622,27.5358512,0 -82.4905133,27.5360821,0 -82.4898453,27.5364256,0 -82.4883342,27.5372055,0 -82.48827559999999,27.5372357,0 -82.4874595,27.5376633,0 -82.4869623,27.5379185,0 -82.4846222,27.5391116,0 -82.4839678,27.5394481,0 -82.4828196,27.5400386,0 -82.48076620000001,27.541094,0 -82.47996689999999,27.5415048,0 -82.47904939999999,27.541989,0 -82.4785127,27.5422605,0 -82.4774874,27.5427895,0 -82.4773883,27.5428439,0 -82.4754762,27.5438316,0 -82.475426,27.5438582,0 -82.47512140000001,27.5440194,0 -82.47383809999999,27.5446984,0 -82.47286010000001,27.5451989,0 -82.4718622,27.5457096,0 -82.46939879999999,27.5469531999999,0 -82.4663493,27.548523,0 -82.46556200000001,27.5489229,0 -82.46456550000001,27.5494372000001,0 -82.4631411,27.5501684,0 -82.4622979,27.5506077,0 -82.4622026,27.5506559,0 -82.46056129999999,27.5514866,0 -82.459395,27.5520903,0 -82.453558,27.5550863,0 -82.45347219999999,27.5551312,0 -82.4515449,27.5561145,0 -82.4489068,27.5574664,0 -82.4478349,27.558022,0 -82.4460393,27.5589435,0 -82.4459331,27.5589985,0 -82.4446209,27.5596665,0 -82.4436915,27.5601491,0 -82.4425987,27.5607088,0 -82.4415102,27.5612699,0 -82.4414178,27.5613149,0 -82.440541,27.561764,0 -82.4385417,27.5627881,0 -82.4384089,27.5628548,0 -82.43722510000001,27.5634661,0 -82.4362343,27.5639674,0 -82.4356104,27.564293,0 -82.43481389999999,27.56469969999999,0 -82.433319,27.5654725,0 -82.43244559999999,27.565916,0 -82.4316788,27.5663075,0 -82.43155350000001,27.5663725,0 -82.43050409999999,27.5669158,0 -82.4297497,27.5672993,0 -82.42922129999999,27.5675737,0 -82.4278917,27.5682643,0 -82.42738249999999,27.5685512,0 -82.4272321,27.5686402,0 -82.427102,27.5687341,0 -82.4269438,27.5688637,0 -82.4267574,27.5690302,0 -82.42666079999999,27.5691288,0 -82.4265549,27.5692525,0 -82.4264824,27.5693274,0 -82.42634700000001,27.5694974,0 -82.42619139999999,27.5697125,0 -82.4261633,27.5697579,0 -82.4260949,27.5698683,0 -82.42602239999999,27.5700062,0 -82.4259527,27.5701358,0 -82.4259437,27.5701589,0 -82.4259067,27.570254,0 -82.4257607,27.570643,0 -82.4256773,27.5709681,0 -82.4256405,27.5712118,0 -82.4256304,27.5713077,0 -82.42562169999999,27.5715259,0 -82.4256226,27.5724029,0 -82.4256281,27.5737508,0 -82.42562150000001,27.5745414,0 -82.42553719999999,27.5759947,0 -82.42552739999999,27.5761324,0 -82.425467,27.57622840000001,0 -82.4254663,27.5766946,0 -82.42546659999999,27.5775899,0 -82.42546849999999,27.5777906,0 -82.4254753,27.5787252,0 -82.4254763,27.578867,0 -82.4254772,27.5791346,0 -82.4254808,27.5798138,0 -82.4254869,27.5809833,0 -82.42549459999999,27.5824716,0 -82.42550199999999,27.5838958,0 -82.4255081,27.5850646,0 -82.4255115,27.5864388,0 -82.4255124,27.5868173,0 -82.42551280000001,27.5869852,0 -82.42551349999999,27.5872798,0 -82.42551469999999,27.587751,0 -82.4255084,27.5883182,0 -82.42551690000001,27.5886744,0 -82.4255196,27.5891363,0 -82.4255246,27.5899912,0 -82.4255284,27.5906271,0 -82.4255242,27.5909295,0 -82.4255043,27.5923752,0 -82.4255035,27.5924356,0 -82.42540836155794,27.59284177823773,0 -82.42540812920689,27.59328571602191,0 -82.4254368043466,27.5934691962976,0 -82.42541207652118,27.59359027299792,0 -82.42532078428609,27.59374060918802,0 -82.42526279944366,27.59385432698881,0 -82.42525029454869,27.5940194570551,0 -82.42530779255928,27.59418764558539,0 -82.42538281053491,27.59440162062797,0 -82.42542397422483,27.59460327251362,0 -82.42553180884293,27.59563660575096,0 
				
					-82.4255368,27.595706,0 -82.42554199999999,27.596482,0 -82.425538,27.596878,0 -82.425529,27.597097,0 -82.42551899999999,27.597236,0 -82.4254942,27.5974328,0 -82.425481,27.597538,0 -82.425426,27.597836,0 -82.4253672,27.5980858,0 -82.4252991,27.5983196,0 -82.4252357,27.5985024,0 -82.42518099999999,27.598639,0 -82.425111,27.598794,0 -82.42503499999999,27.598947,0 -82.42494499999999,27.599116,0 -82.424773,27.599408,0 -82.42468100000001,27.599547,0 -82.42456300000001,27.599715,0 -82.4244302,27.5999005,0 -82.42241749999999,27.6023767,0 -82.42172650000001,27.6032267,0 -82.4216291,27.6033465,0 -82.4190943,27.6064649,0 -82.41902469999999,27.6065506,0 -82.4144288,27.6122044,0 -82.41286340000001,27.61413,0 -82.4063424,27.6221508,0 -82.4058394,27.6227695,0 -82.40542360000001,27.623281,0 -82.4051637,27.6236006,0 -82.40457309999999,27.6243247,0 -82.4042852,27.6246788,0 -82.4042422,27.6247316,0 -82.40404479999999,27.6249745,0 -82.4030372,27.6262138,0 -82.40203700000001,27.6274438,0 -82.4016295,27.6279448,0 -82.40122220000001,27.6284456,0 -82.39959709999999,27.630444,0 -82.39945090000001,27.6306262,0 -82.3964854,27.6343228,0 -82.3964081,27.6344231,0 -82.39559250000001,27.6354814,0 -82.3946983,27.6366455,0 -82.3941962,27.637294,0 -82.3930483,27.6387764,0 -82.3929942,27.6388462,0 -82.3923152,27.6397232,0 -82.3920735,27.6400391,0 -82.3916426,27.6406022,0 -82.3914049,27.6409154,0 -82.39119049999999,27.6411977,0 -82.3910066,27.6414106,0 -82.39062699999999,27.641815,0 -82.3902473,27.6421717,0 -82.389988,27.6423874,0 -82.38973780000001,27.6425763,0 -82.3897003,27.6426055,0 -82.3890523,27.6431107,0 -82.388538,27.6435116,0 -82.3883673,27.6436447,0 -82.3864466,27.645142,0 -82.3848771,27.6463692,0 -82.3826988,27.6480685,0 -82.38105779999999,27.6493486,0 -82.38074570000001,27.649592,0 -82.3794595,27.6505954,0 -82.37926179999999,27.6507496,0 -82.3788103,27.65110170000001,0 -82.3782945,27.6515041,0 -82.3776031,27.6520429,0 -82.3770002,27.6525126,0 -82.3768884,27.6526003,0 -82.3764965,27.6529076,0 -82.3758739,27.653396,0 -82.3755355,27.6536596000001,0 -82.3747673,27.6542641,0 -82.3737388,27.6550601,0 -82.3734877,27.6552544,0 -82.37303850000001,27.6556042,0 -82.37270650000001,27.6558628,0 -82.372488,27.656033,0 -82.37212239999999,27.6563178,0 -82.37193550000001,27.6564633,0 -82.3714195,27.6568652,0 -82.3706214,27.6574711,0 -82.37058519999999,27.657512,0 -82.3692408,27.6585585,0 -82.3687469,27.658943,0 -82.3684111,27.6592043,0 -82.3673017,27.6600679,0 -82.3630868,27.6633524,0 -82.3611842,27.664835,0 -82.36078329999999,27.665147,0 -82.3605651,27.6653168,0 -82.3603262,27.6655042,0 -82.35800810000001,27.6673073,0 -82.3558793,27.6689651,0 -82.3552943,27.6693885,0 -82.3543257,27.6700393,0 -82.3538191,27.67041529999999,0 -82.3533755,27.6707594,0 -82.3525678,27.6713857,0 -82.3519452,27.6718698,0 -82.350691,27.6728498999999,0 -82.3503164,27.6731567,0 -82.3500094,27.67343230000001,0 -82.3497376,27.6736992,0 -82.3495278,27.673925,0 -82.34936159999999,27.6741195,0 -82.3492127,27.674298,0 -82.3490224,27.6745412,0 -82.3488663,27.6747702,0 -82.3486596,27.6751053,0 -82.3484413,27.6754957,0 -82.3482399,27.6759073,0 -82.34804870000001,27.6763705,0 -82.348024,27.6764377,0 -82.347893,27.6767938,0 -82.3468841,27.6795359,0 -82.3465123,27.68054649999999,0 -82.3463015,27.6811193,0 -82.34612970000001,27.6815862,0 -82.34603970000001,27.6818309,0 -82.34583309999999,27.6823923,0 -82.3454156,27.683527,0 -82.3442178,27.6867823,0 -82.34302340000001,27.6900285,0 -82.3428797,27.690419,0 -82.34263420000001,27.6910843,0 -82.3423344,27.6918964,0 -82.3399716,27.6982977999999,0 -82.3399344,27.6983991,0 -82.33949990000001,27.6995799,0 -82.3387889,27.7015123,0 -82.3371633,27.7059029,0 -82.3371029,27.706066,0 -82.33647620000001,27.7077586,0 -82.3362012,27.7085012,0 -82.33604769999999,27.7089644,0 -82.3355665,27.7102057,0 -82.33545789999999,27.7105182,0 -82.33543899999999,27.7105727,0 -82.3354239,27.7106295,0 -82.3353845,27.7107772,0 -82.33533660000001,27.7110138,0 -82.3353109,27.7112158,0 -82.3353023,27.7112837,0 -82.33529369999999,27.7114581,0 -82.3352938,27.7115746,0 -82.3352938,27.7116304,0 -82.33529230000001,27.712036,0 -82.33529160000001,27.712236,0 -82.335291,27.7123854,0 -82.3352905,27.7125154,0 -82.3352885,27.7127715,0 -82.3352783,27.7141141,0 -82.3352751,27.7144922,0 -82.33526999999999,27.7150929,0 -82.3352687,27.715386,0 -82.3352699,27.7155698999999,0 -82.335261,27.71607240000001,0 -82.3352515,27.7166085,0 -82.335251,27.7166635,0 -82.3352457,27.7167166,0 -82.3352361,27.7174884,0 -82.33523529999999,27.7181502,0 -82.33526380000001,27.7209025,0 -82.3352514,27.7253679,0 -82.335239,27.7298665,0 -82.3352314,27.7326047,0 -82.335229,27.7334824,0 -82.3352264,27.7343997,0 -82.3352266,27.7345111,0 -82.3352179,27.7375544,0 -82.3352136,27.7390393,0 -82.3352086,27.7408012,0 -82.3352077,27.7436395,0 -82.3351902,27.7466026,0 -82.33518599999999,27.7473188,0 -82.33517879999999,27.7485327,0 -82.3351706,27.7502511,0 -82.3351633,27.7518405,0 -82.3351622,27.7524452999999,0 -82.3351588,27.7537431,0 -82.33515130000001,27.755688,0 -82.3351278,27.7573975,0 -82.33510320000001,27.7591806,0 -82.3351018,27.7592786,0 -82.335089,27.7600838000001,0 -82.335086,27.7602905,0 -82.33509460000001,27.7610301,0 -82.3350969,27.7612277,0 -82.3351019,27.7615018,0 -82.3351007,27.7626445,0 -82.33509960000001,27.7627626,0 -82.3351017,27.763154,0 -82.3350957,27.764191,0 -82.33509669999999,27.7643829,0 -82.3350995,27.7647858,0 -82.3350987,27.765599,0 -82.33510320000001,27.76567560000001,0 -82.33511110000001,27.7660899,0 -82.3351119,27.7665706,0 -82.33510269999999,27.7674046,0 -82.33510149999999,27.7676384,0 -82.3351009,27.7677557,0 -82.3350988,27.7681639,0 -82.3350944,27.7690073,0 -82.335094,27.769841,0 -82.3350939,27.7699626,0 -82.335095,27.7700869000001,0 -82.3350863,27.7708451,0 -82.3350815,27.7721695,0 -82.33506029999999,27.7729098,0 -82.33506079999999,27.7731165,0 -82.3350609,27.7731973,0 -82.33506130000001,27.7733665,0 -82.3350502,27.7759693,0 -82.3350492,27.7762116,0 -82.3350478,27.7765301,0 -82.335047,27.7767138,0 -82.3350429,27.7776175,0 -82.33504259999999,27.7777002,0 -82.33504000000001,27.778261,0 -82.3350382,27.7786647,0 -82.33503810000001,27.7786824,0 -82.3350295,27.7805748,0 -82.33502729999999,27.78108509999999,0 -82.33501699999999,27.7839578,0 -82.3350162,27.7841043,0 -82.3350114,27.7856139,0 -82.3350083,27.7865835,0 -82.3350039,27.7873838,0 -82.3350037,27.7874765,0 -82.3350015,27.7884031,0 -82.33500119999999,27.7885398,0 -82.33499430000001,27.7900798,0 -82.33499260000001,27.7904725,0 -82.33498659999999,27.7918143,0 -82.33498590000001,27.7919689,0 -82.3349833,27.7921219,0 -82.33498160000001,27.7923004,0 -82.3349747,27.7930413,0 -82.3349699,27.7935616,0 -82.33497250000001,27.7941139,0 -82.33497490000001,27.7946394,0 -82.3349784,27.7948454,0 -82.3349733,27.7952941999999,0 -82.3349674,27.795823,0 -82.3349626,27.7963367,0 -82.33496289999999,27.7964522,0 -82.334969,27.7971758000001,0 -82.33497029999999,27.7973327,0 -82.3349695,27.7975079,0 -82.334965,27.7985601,0 -82.3349621,27.7992314,0 -82.33495979999999,27.7997737,0 -82.33493230000001,27.80049440000001,0 -82.3349187,27.8006324,0 -82.3348817,27.8010577,0 -82.3347965,27.8017513,0 -82.33469100000001,27.802364,0 -82.33464069999999,27.8026356,0 -82.3345946,27.8030119,0 -82.33450809999999,27.8034237,0 -82.3344345,27.8037739,0 -82.3343718,27.8040936,0 -82.33426729999999,27.8046695,0 -82.3340824,27.8057098,0 -82.33406429999999,27.8058144,0 -82.3337968,27.8072463,0 -82.3335668,27.8085334,0 -82.33324469999999,27.8103356,0 -82.33309559999999,27.8111599,0 -82.3329023,27.8122279,0 -82.3328789,27.812357,0 -82.33286099999999,27.8124677,0 -82.3328406,27.8125785,0 -82.33237920000001,27.8150814,0 -82.33200600000001,27.8170412,0 -82.3317296,27.8185608,0 -82.33150379999999,27.8197498,0 -82.33147460000001,27.8199102,0 -82.3311688,27.8215884,0 -82.3311394,27.8217475,0 -82.33056070000001,27.8248737,0 -82.3302486,27.8266347,0 -82.3300369,27.827829,0 -82.33001470000001,27.8279544,0 -82.329854,27.8288591000001,0 -82.3298511,27.8288752,0 -82.3298297,27.8290002,0 -82.3297604,27.8293757,0 -82.3294794,27.8308646,0 -82.3291627,27.832609,0 -82.328783,27.8346608,0 -82.3287201,27.8350008,0 -82.3286935,27.8351426,0 -82.32868120000001,27.8352084,0 -82.32864360000001,27.8354154,0 -82.32858229999999,27.8357514,0 -82.328506,27.8361691,0 -82.32844660000001,27.8364943,0 -82.328408,27.836706,0 -82.32827020000001,27.8374054,0 -82.328233,27.837658,0 -82.32807529999999,27.8385171999999,0 -82.3278347,27.8398143,0 -82.3276973,27.8405218,0 -82.3275706,27.8412303,0 -82.3274424,27.841953,0 -82.3273538,27.8424525,0 -82.327268,27.8429405,0 -82.3271462,27.8435621,0 -82.3270179,27.8442843,0 -82.3269562,27.8446975,0 -82.326943,27.8448436,0 -82.3268949,27.84533,0 -82.3268532,27.8462142,0 -82.32685840000001,27.8465489,0 -82.3268456,27.8479269,0 -82.326842,27.8483752,0 -82.3268417,27.8484241,0 -82.3268315,27.8485934,0 -82.32683059999999,27.8489016,0 -82.32681700000001,27.8498741,0 -82.3268078,27.8502276,0 -82.326779,27.8517901,0 -82.32677700000001,27.8529329,0 -82.32677030000001,27.85353449999999,0 -82.32675589999999,27.8550877,0 -82.3267553,27.8552434,0 -82.3267547,27.8553799,0 -82.3267474,27.8560468,0 -82.3267433,27.8569073,0 -82.32674280000001,27.8570126999999,0 -82.3267419,27.8571628,0 -82.3267407,27.8572852,0 -82.32673440000001,27.8579118,0 -82.3267322,27.8581236,0 -82.3267269,27.8586598,0 -82.32672049999999,27.8597022,0 -82.32671759999999,27.8598971,0 -82.3267118,27.8605439,0 -82.3267094,27.8612112,0 -82.3267022,27.8619223,0 -82.32669129999999,27.8630112,0 -82.3266936,27.8636032,0 -82.3267093,27.8645142,0 -82.32670330000001,27.8649191,0 -82.3266928,27.8656367,0 -82.32669129999999,27.8657382,0 -82.3266941,27.8665012,0 -82.3267048,27.8682199,0 -82.3267161,27.8695515,0 -82.3267251,27.8701575,0 -82.3267503,27.8707995,0 -82.32675380000001,27.871125,0 -82.326757,27.8714242,0 -82.3267599,27.87162590000001,0 -82.3267611,27.8717094,0 -82.32676189999999,27.8718356,0 -82.3267666,27.8726058,0 -82.3267673,27.8727165,0 -82.3267723,27.8735462,0 -82.3267754,27.8740547,0 -82.32677839999999,27.874551,0 -82.3267809,27.8746083,0 -82.32678249999999,27.8747731,0 -82.3267841,27.874947,0 -82.32678780000001,27.8753219,0 -82.3267883,27.8753756,0 -82.3267917,27.8756194,0 -82.32679469999999,27.8760776,0 -82.3267951,27.8761456,0 -82.32679899999999,27.8765779,0 -82.3268011,27.8768104,0 -82.32680379999999,27.8771219,0 -82.32680499999999,27.8772574,0 -82.3268061,27.877379,0 -82.3268077,27.8775695,0 -82.3268092,27.8777337000001,0 -82.3268094,27.8777617,0 -82.3268104,27.8778721,0 -82.32681169999999,27.8780211,0 -82.3268133,27.8782027,0 -82.3268154,27.8784408,0 -82.3268171,27.8786292,0 -82.3268193,27.8788729000001,0 -82.3268204,27.8790029,0 -82.32682560000001,27.8796692,0 -82.3268283,27.8798453,0 -82.3268296,27.8800539,0 -82.3268303,27.8804747,0 -82.3268206,27.8807677,0 -82.32678199999999,27.8813254,0 -82.32677579999999,27.8817465,0 -82.32677510000001,27.8818964,0 -82.32677440000001,27.8820519,0 -82.3267738,27.8821921,0 -82.32678079999999,27.8823166,0 -82.3267918,27.8825115,0 -82.326842,27.88279380000001,0 -82.3269123,27.8830582,0 -82.3270167,27.8833262,0 -82.3271372,27.8835765,0 -82.327229,27.8837229,0 -82.32727180000001,27.8837913,0 -82.32742039999999,27.88399890000001,0 -82.3277492,27.8843523,0 -82.3278581,27.8844498,0 -82.3280266,27.8845921,0 -82.3282413,27.8847733,0 -82.3284682,27.8849649,0 -82.3287636,27.8852144,0 -82.3293824,27.8857369,0 -82.3299102,27.8861841,0 -82.3300766,27.8863251,0 -82.33072060000001,27.88687880000001,0 -82.3308512,27.8869911,0 -82.3310263,27.8871389,0 -82.3312928,27.8873637,0 -82.3314759,27.8875182,0 -82.3325686,27.8884403,0 -82.3332704,27.8890375,0 -82.33343429999999,27.8891832,0 -82.33347879999999,27.8892203,0 -82.3336092,27.8893288,0 -82.3337741,27.8894661,0 -82.3341839,27.8898147,0 -82.3349814,27.8904877,0 -82.33516040000001,27.8906387,0 -82.3353453,27.8908072,0 -82.33553070000001,27.8909757,0 -82.3357044,27.89114,0 -82.3359796,27.8914086,0 -82.3362467,27.8916773,0 -82.336327,27.891761,0 -82.3365663,27.8920155,0 -82.33671409999999,27.8921727,0 -82.3370303,27.8925249,0 -82.33728549999999,27.8928319,0 -82.33747080000001,27.8930765,0 -82.3376796,27.8933528,0 -82.33781999999999,27.8935386,0 -82.3378764,27.8936113,0 -82.3380136,27.8937881,0 -82.3381045,27.8939079,0 -82.33819889999999,27.8940322,0 -82.33827530000001,27.8941326,0 -82.338426,27.8943301,0 -82.3387264,27.8947319,0 -82.3393348,27.8955433,0 -82.33944099999999,27.8956846,0 -82.33993719999999,27.896342,0 -82.3401624,27.8966406,0 -82.3403793,27.8969294,0 -82.34082530000001,27.8975801,0 -82.3409838,27.8978247,0 -82.3411639,27.8981135,0 -82.3414703,27.8986611,0 -82.3432857,27.9021376,0 -82.3434582,27.9024575,0 -82.34375180000001,27.9030171,0 -82.34423719999999,27.9039433,0 -82.3450383,27.9054813,0 -82.34641259999999,27.9081201,0 -82.34713480000001,27.9095128,0 -82.34738539999999,27.9100271,0 -82.34755440000001,27.9104079000001,0 -82.3477451,27.9108646,0 -82.347921,27.9113236,0 -82.34807739999999,27.9117958,0 -82.34808990000001,27.9118334,0 -82.3481172,27.9119255,0 -82.34814419999999,27.9120166,0 -82.34822629999999,27.9122934,0 -82.3483468,27.9127441,0 -82.3483968,27.9129771,0 -82.34843309999999,27.9131292,0 -82.34844579999999,27.913186,0 -82.3484601,27.91326949999999,0 -82.3485266,27.9136337,0 -82.3485405,27.9137378,0 -82.3486108,27.9141464,0 -82.3487476,27.9149791,0 -82.34878759999999,27.9152896,0 -82.3488064,27.915436,0 -82.34884700000001,27.9156591,0 -82.3488632,27.91576510000001,0 -82.3489017,27.9160171,0 -82.34913109999999,27.9174325,0 -82.349186,27.9177708,0 -82.3492761,27.9183266,0 -82.34931880000001,27.9185902,0 -82.3493701,27.9189037,0 -82.3494213,27.9192171,0 -82.3496346,27.9205153,0 -82.3496652,27.9207017000001,0 -82.3498795,27.9220063,0 -82.3499585,27.9224846,0 -82.34998760000001,27.9226605,0 -82.3500202,27.9228076,0 -82.3500447,27.9229551,0 -82.35025039999999,27.9241939,0 -82.350309,27.9245469,0 -82.3505279,27.9258657,0 -82.3505952,27.9262817999999,0 -82.35074609999999,27.9272225,0 -82.3508992,27.928109,0 -82.35118610000001,27.9299195,0 -82.3512084,27.9300572,0 -82.3513138,27.9306973,0 -82.3513483,27.9308678000001,0 -82.35137539999999,27.9309964,0 -82.35143979999999,27.9312939,0 -82.3514885,27.9315087,0 -82.3515427,27.9317223,0 -82.3517579,27.9325816,0 -82.3519932,27.9335217,0 -82.3520278,27.9336589,0 -82.3522432,27.9345126,0 -82.35229150000001,27.9347353,0 -82.35230730000001,27.9348082,0 -82.3523302,27.9348868,0 -82.35233770000001,27.9349125,0 -82.3523671,27.9350291,0 -82.3524444,27.9353361,0 -82.352553,27.9357674,0 -82.3526548,27.9361719,0 -82.3529956,27.9375254,0 -82.3531914,27.9383028,0 -82.3532046,27.9383552,0 -82.35335480000001,27.9390002,0 -82.3534113,27.9392533,0 -82.3534239,27.9393294,0 -82.3534611,27.9395538,0 -82.353494,27.9398656,0 -82.35350409999999,27.9399613,0 -82.3535244,27.9402673,0 -82.3535475,27.940617,0 -82.3535571,27.940762,0 -82.3535638,27.9408936,0 -82.3536519,27.94261789999999,0 -82.3536543,27.9426652,0 -82.3537077,27.94371599999999,0 -82.353753,27.9444437,0 -82.3537601,27.9445575,0 -82.3537736,27.9447032,0 -82.3538197,27.9451926,0 -82.3538679,27.9457035,0 -82.35399820000001,27.9468337,0 -82.3540009,27.946857,0 -82.35406810000001,27.9474474,0 -82.3541908,27.948525,0 -82.35420209999999,27.9486235,0 -82.354237,27.9489579,0 -82.3542722,27.94925270000009,0 -82.35428810000001,27.9493858,0 -82.3543016,27.9495136,0 -82.3543122,27.9496162,0 -82.35435200000001,27.95000110000001,0 -82.3543739,27.950169,0 -82.3544093,27.9504767,0 -82.3544308,27.9506444,0 -82.3544509,27.9508128,0 -82.35448959999999,27.9510912,0 -82.3545312,27.9513643,0 -82.35460550000001,27.951774,0 -82.3547988,27.9526957,0 -82.3548984,27.9531698,0 -82.35511839999999,27.9541217,0 -82.3551902,27.9544568,0 -82.35535179999999,27.95512310000001,0 -82.35543800000001,27.9553957,0 -82.3555432,27.9556625,0 -82.35569150000001,27.9559852,0 -82.35582290000001,27.956206,0 -82.355909,27.9563459,0 -82.356031,27.956544,0 -82.3562503,27.9568444,0 -82.35641870000001,27.9570463,0 -82.3568113,27.9574595,0 -82.3571178,27.9577772,0 -82.3577365,27.9584357,0 -82.3579806,27.9586956,0 -82.3580077,27.9587242,0 -82.3580851,27.9588436,0 -82.35830470000001,27.9591503,0 -82.35852680000001,27.9594538,0 -82.3587129,27.9597272,0 -82.3589059,27.9600411,0 -82.3589534,27.9601232,0 -82.35914959999999,27.96045,0 -82.3594154,27.960972,0 -82.35945529999999,27.9610504,0 -82.3594698,27.9610831,0 -82.359576,27.9613226,0 -82.3596129,27.9614059,0 -82.3597003,27.9616189,0 -82.3597762,27.9618041,0 -82.35993759999999,27.9622612,0 -82.3600503,27.9626120999999,0 -82.3600534,27.9626218,0 -82.3601597,27.9630176,0 -82.36023,27.9633111,0 -82.3602515,27.9634163,0 -82.3602818,27.963565,0 -82.36031939999999,27.9637787,0 -82.36035149999999,27.9639617,0 -82.36041419999999,27.9644246,0 -82.36041640000001,27.96445080000001,0 -82.3604381,27.9647151,0 -82.36045780000001,27.9649545,0 -82.3604661,27.9652098,0 -82.36046899999999,27.965301,0 -82.3604711,27.9658484,0 -82.3604692,27.9672336,0 -82.3604692,27.9678289,0 -82.3604787,27.9687998,0 -82.36049010000001,27.9705038,0 -82.36049010000001,27.970822,0 -82.36049010000001,27.9711036,0 -82.36049010000001,27.9711494,0 -82.3604902,27.9713305,0 -82.3604912,27.9732847,0 -82.3604946,27.9742455,0 -82.3604971,27.9748183,0 -82.3604978,27.97536819999999,0 -82.36049819999999,27.9756778,0 -82.3605002,27.9772245,0 -82.3605012,27.9779279,0 -82.3604983,27.97805,0 -82.36048220000001,27.9787223,0 -82.36047929999999,27.9788411,0 -82.3604572,27.9793369,0 -82.3604399,27.9796088,0 -82.3603461,27.980494,0 -82.3603188,27.9807513,0 -82.3602935,27.9809907,0 -82.3602681,27.98123,0 -82.3602533,27.9813696,0 -82.3602176,27.9815567,0 -82.36018799999999,27.9817121,0 -82.3601087,27.9821282,0 -82.3600667,27.98234860000001,0 -82.36006329999999,27.9823663,0 -82.3599912,27.9827386000001,0 -82.35996780000001,27.9828589,0 -82.3599294,27.983056,0 -82.3597407,27.984025,0 -82.3597149,27.9841607,0 -82.3595839,27.9848992,0 -82.3595035,27.9853518,0 -82.35938590000001,27.9860148,0 -82.35929710000001,27.9866256,0 -82.35923270000001,27.9871724,0 -82.3592155,27.9873327,0 -82.35910610000001,27.9880626,0 -82.3590545,27.9884072,0 -82.3590241,27.9886272,0 -82.35891290000001,27.9894334,0 -82.3588594,27.9897773,0 -82.3587713,27.9903446,0 -82.3586308,27.9911164,0 -82.3585676,27.9914636,0 -82.3585417,27.9916059,0 -82.3584147,27.9923188,0 -82.35834439999999,27.9927137,0 -82.3582833,27.9930166,0 -82.3578789,27.9950206,0 -82.3578181,27.9953517,0 -82.3576295,27.9963642,0 -82.35759729999999,27.9965374,0 -82.3575278,27.9969052,0 -82.357456,27.9973638,0 -82.35728930000001,27.9984057000001,0 -82.35689410000001,28.0005168,0 -82.3567999,28.0010833,0 -82.3565976,28.0021627,0 -82.3565665,28.0023284,0 -82.35653689999999,28.0024882,0 -82.3562143,28.0042316,0 -82.35599790000001,28.0053886,0 -82.3558902,28.0059641,0 -82.35565,28.0072774,0 -82.3549977,28.0108438,0 -82.354963,28.0110335,0 -82.3549428,28.0111298,0 -82.35464229999999,28.0125618,0 -82.3545587,28.012894,0 -82.35448599999999,28.013162,0 -82.354406,28.0134397,0 -82.35423059999999,28.0139864,0 -82.354043,28.0144894,0 -82.3538605,28.0149471,0 -82.35368029999999,28.0153626,0 -82.3534338,28.0159309000001,0 -82.3530136,28.0168906,0 -82.3525741,28.0178867,0 -82.3524829,28.0180935,0 -82.3521365,28.0188783,0 -82.3518333,28.0195722,0 -82.3515713,28.0201685,0 -82.3513105,28.0207618,0 -82.3511906,28.0210345,0 -82.3506122,28.0223504,0 -82.35055269999999,28.0224858,0 -82.3504848,28.0226389,0 -82.3503285,28.0229911,0 -82.3503104,28.0230341,0 -82.350123,28.0234776,0 -82.350055,28.023656,0 -82.3499387,28.0239607,0 -82.3497639,28.024476,0 -82.34961149999999,28.0249836,0 -82.349479,28.0254785,0 -82.3493852,28.0259206,0 -82.3493715,28.0259853,0 -82.3492801,28.0264737,0 -82.34915909999999,28.0273849,0 -82.3491295,28.0277281,0 -82.34910499999999,28.0281606,0 -82.3491044,28.0283785,0 -82.3490946,28.0288532,0 -82.3491257,28.0298413,0 -82.34915820000001,28.030683,0 -82.349177,28.0311469,0 -82.3492184,28.03281520000001,0 -82.3492244,28.0331522,0 -82.349227,28.0332979,0 -82.34923000000001,28.0334673,0 -82.3492342,28.0336313,0 -82.3492638,28.0347941,0 -82.34926729999999,28.0349155,0 -82.3492787,28.035314,0 -82.3492856,28.0355532,0 -82.349317,28.0369174,0 -82.3493253,28.0374699999999,0 -82.3493096,28.0379717,0 -82.3493189,28.0382438,0 -82.34930919999999,28.0386908,0 -82.3492935,28.0389204,0 -82.34926710000001,28.0391716,0 -82.3491791,28.0396568,0 -82.34915460000001,28.0397915,0 -82.3491052,28.0400456,0 -82.3489268,28.0406362000001,0 -82.34889769999999,28.040705,0 -82.34873260000001,28.0411385,0 -82.3485396,28.0415153,0 -82.34837109999999,28.0418625,0 -82.348202,28.0421383,0 -82.3479723,28.0425132,0 -82.34773010000001,28.0428125,0 -82.3474938,28.0431204,0 -82.347393,28.0432340000001,0 -82.347268,28.043375,0 -82.347007,28.0436323,0 -82.3468101,28.0438251,0 -82.3463327,28.0442347,0 -82.3458486,28.0446092,0 -82.3450211,28.0451626,0 -82.3445779,28.0454732,0 -82.34357369999999,28.0461566,0 -82.3433945,28.0462753,0 -82.3430092,28.0465362,0 -82.3425165,28.0468594,0 -82.342422,28.046925,0 -82.3419224,28.0472677,0 -82.3418254,28.0473336,0 -82.3411175,28.0478144,0 -82.3407739,28.0480478,0 -82.3406662,28.0481194,0 -82.339561,28.048876,0 -82.3390339,28.0492409,0 -82.3386623,28.0495014,0 -82.3358357,28.0514157,0 -82.3355447,28.0516128,0 -82.3353973,28.0517126,0 -82.33525349999999,28.0518121,0 -82.33513000000001,28.0518975,0 -82.3349474,28.0520122,0 -82.3344275,28.0523535,0 -82.3341782,28.0525295,0 -82.3339476,28.0526763,0 -82.3333348,28.053049,0 -82.3328597,28.0532905,0 -82.3324705,28.0535063,0 -82.3319649,28.053757,0 -82.3319037,28.0537873,0 -82.3317018,28.0538976,0 -82.3310956,28.0541615,0 -82.3307051,28.0542892,0 -82.3302523,28.0544655,0 -82.3300191,28.054545,0 -82.3293603,28.0547525,0 -82.3287918,28.0549046,0 -82.3282525,28.0550624,0 -82.3278995,28.0551436,0 -82.32778740000001,28.0551671,0 -82.3273014,28.0552692,0 -82.32727730000001,28.0552743,0 -82.3261535,28.055435,0 -82.32592320000001,28.05547109999999,0 -82.32534200000001,28.0555453,0 -82.3247494,28.0556074,0 -82.3218238,28.0559198,0 -82.3206453,28.0560632,0 -82.3203371,28.0561089,0 -82.32018069999999,28.0560748,0 -82.3191582,28.0562212,0 -82.31823730000001,28.0563389,0 -82.318198,28.0563439,0 -82.3177881,28.0563997,0 -82.3175129,28.0564372,0 -82.31695209999999,28.0565135,0 -82.31636589999999,28.0565933,0 -82.3145892,28.0568351,0 -82.3141485,28.0569007,0 -82.3137555,28.0569788,0 -82.3133483,28.057085,0 -82.3129483,28.0572303,0 -82.3125411,28.0573975,0 -82.31221360000001,28.0575631,0 -82.3121704,28.0575879,0 -82.31181890000001,28.0577896,0 -82.3117658,28.0578238,0 -82.3115701,28.0579497,0 -82.31138079999999,28.0580974,0 -82.31127410000001,28.058183,0 -82.3111127,28.0583124,0 -82.31088509999999,28.0585293,0 -82.3107187,28.0587011,0 -82.3105383,28.0589092,0 -82.310277,28.0592337,0 -82.3097593,28.0599075,0 -82.30934190000001,28.0604508000001,0 -82.3092805,28.0605307,0 -82.3092432,28.0605792,0 -82.3092266,28.0606005,0 -82.3091502,28.0606989,0 -82.30885189999999,28.061083,0 -82.30867809999999,28.0613068,0 -82.30838009999999,28.061685,0 -82.3074293,28.0629128,0 -82.3069316,28.0635625,0 -82.3065004,28.0641207,0 -82.30598209999999,28.0648011,0 -82.3056892,28.0651856,0 -82.30556850000001,28.065344,0 -82.3036323,28.0678817,0 -82.30351829999999,28.06803,0 -82.3034208,28.0681255,0 -82.30319489999999,28.0684136,0 -82.3030297,28.0686244,0 -82.30299890000001,28.0686633,0 -82.3027536,28.0689811,0 -82.3026716,28.0690837,0 -82.302582,28.0691979,0 -82.3023807,28.0694404,0 -82.30197440000001,28.06993110000001,0 -82.3019091,28.0700293,0 -82.3014479,28.0705329,0 -82.3009211,28.0710494,0 -82.3003614,28.0715523,0 -82.2997622,28.0720426,0 -82.2991516,28.0724816,0 -82.2985077,28.0729292,0 -82.29840489999999,28.0729906,0 -82.29820890000001,28.0731077,0 -82.29782299999999,28.073349,0 -82.29755129999999,28.0735026,0 -82.2971084,28.0737531,0 -82.2966447,28.0739979,0 -82.2951467,28.0747885,0 -82.2946061,28.0750739,0 -82.2945496,28.0751037,0 -82.2924493,28.0762122,0 -82.28868540000001,28.0781856,0 -82.2878549,28.0786081,0 -82.2873563,28.0788618,0 -82.2870569,28.0790042,0 -82.2867672,28.079132,0 -82.28648579999999,28.0792403,0 -82.28614640000001,28.0793426,0 -82.2858057,28.0794302,0 -82.2854966,28.07949350000001,0 -82.2851943,28.0795442,0 -82.28467860000001,28.0795848,0 -82.28321889999999,28.079646,0 -82.2826531,28.0796984,0 -82.2821137,28.079769,0 -82.2815482,28.0798806,0 -82.2810106,28.0800152,0 -82.28046740000001,28.0801695,0 -82.2799503,28.0803581999999,0 -82.27942760000001,28.0805781,0 -82.2789496,28.0808062,0 -82.2784529,28.0810852,0 -82.2779618,28.0814003,0 -82.27746519999999,28.0817384,0 -82.2770057,28.0820716,0 -82.27517210000001,28.083378,0 -82.2725677,28.085214,0 -82.2711319,28.0862344,0 -82.2708971,28.0864013,0 -82.26008659999999,28.0940318,0 -82.25842350000001,28.0952056,0 -82.2574687,28.0959007,0 -82.25662579999999,28.0965789,0 -82.2562878,28.0968845,0 -82.256005,28.0971585,0 -82.2557106,28.097453,0 -82.2554463,28.0977291,0 -82.25523080000001,28.0979663,0 -82.2547319,28.0985268,0 -82.2546205,28.0986547,0 -82.254436,28.0988664,0 -82.2542191,28.0991154,0 -82.25368779999999,28.0997757,0 -82.2530653,28.1005923,0 -82.252668,28.1011375000001,0 -82.2519384,28.1022207,0 -82.25040629999999,28.1045638,0 -82.2496312,28.1057862,0 -82.2493486,28.1062319,0 -82.2486349,28.1073169,0 -82.24824169999999,28.1079145999999,0 -82.2480439,28.1082153,0 -82.24781489999999,28.1085635,0 -82.2474191,28.1091653,0 -82.2472758,28.1093851,0 -82.2470422,28.1097433,0 -82.2463618,28.1107865,0 -82.2460671,28.1112405,0 -82.24597919999999,28.1113759,0 -82.2454118,28.1122501,0 -82.24510720000001,28.1127193,0 -82.2448773,28.1130735,0 -82.2448155,28.1131685,0 -82.2382437,28.1232727,0 -82.2373398,28.1246671,0 -82.2372472,28.1248102,0 -82.2366627,28.1257033,0 -82.23461399999999,28.1288579999999,0 -82.2342608,28.1294019,0 -82.2337905,28.1301262,0 -82.2334774,28.1306083,0 -82.2331956,28.1310423,0 -82.2329443,28.1314292,0 -82.23255380000001,28.1320305,0 -82.23211790000001,28.1327018,0 -82.2320083,28.1328705,0 -82.2314341,28.1337548,0 -82.2304524,28.1352664,0 -82.2287359,28.1378758,0 -82.2271348,28.1403514,0 -82.22439319999999,28.1445903,0 -82.2222804,28.1478507,0 -82.22199209999999,28.1482933,0 -82.22176039999999,28.1486904,0 -82.2215623,28.149083,0 -82.2213519,28.1495515,0 -82.2208744,28.1507069,0 -82.218442,28.1565845,0 -82.21520200000001,28.164387,0 -82.21292560000001,28.1699035,0 -82.212165,28.1717466,0 -82.2121113,28.1718757,0 -82.2096256,28.1778464,0 -82.20956769999999,28.1779857,0 -82.2095302,28.1780757,0 -82.20635040000001,28.1857133,0 -82.20630420000001,28.1858244,0 -82.2062552,28.1859371,0 -82.2060851,28.1863279,0 -82.2058576,28.1867994,0 -82.2055931,28.1872965,0 -82.2053324,28.1877491,0 -82.2050515,28.188199,0 -82.2050349,28.1882257,0 -82.2047606,28.1886474,0 -82.204616,28.1888512,0 -82.2044358,28.1891051,0 -82.20412229999999,28.1895193,0 -82.2037201,28.1900085,0 -82.2033428,28.1904285,0 -82.2029596,28.1908279,0 -82.2025376,28.1912513,0 -82.2013094,28.1924366,0 -82.20118479999999,28.1925557,0 -82.2009979,28.1927364,0 -82.2008819,28.1928473,0 -82.20070490000001,28.1930096,0 -82.2004225,28.1932867,0 -82.2000622,28.1936312,0 -82.1966693,28.1969049,0 -82.19660399999999,28.1969683,0 -82.1962881,28.1972731,0 -82.1942638,28.1992265,0 -82.1926749,28.2007626,0 -82.1922599,28.2011636,0 -82.1914685,28.2019282,0 -82.1914125,28.2019823,0 -82.1913536,28.2020386,0 -82.19066979999999,28.2026931,0 -82.1898381,28.2034891,0 -82.1892813,28.2040231,0 -82.1892261,28.2040748,0 -82.1874091,28.2058137,0 -82.18734139999999,28.2058785,0 -82.1863341,28.2068869,0 -82.1856647,28.207538,0 -82.1853631,28.2078454,0 -82.1850712,28.2081315,0 -82.1849763,28.2082167,0 -82.1847054,28.2084788,0 -82.18448069999999,28.2086910999999,0 -82.1834769,28.2096399,0 -82.1832467,28.2098574,0 -82.1830144,28.210077,0 -82.18245109999999,28.2106183,0 -82.1819385,28.2111183,0 -82.1817367,28.2113262,0 -82.1815543,28.2115303,0 -82.1815375,28.2115491,0 -82.18127800000001,28.2118621,0 -82.1810552,28.2121727,0 -82.1807747,28.2126289,0 -82.1805794,28.2129985,0 -82.1803749,28.2134558,0 -82.1802373,28.2138427,0 -82.18013120000001,28.2141984,0 -82.1800434,28.2145761,0 -82.1799925,28.2148785,0 -82.1799831,28.2149341,0 -82.1799458,28.2152992,0 -82.1799382,28.2154291,0 -82.1799317,28.2158643,0 -82.17993269999999,28.2168501,0 -82.179936,28.2168897,0 -82.1799376,28.2171239,0 -82.1799417,28.2177563,0 -82.1799388,28.217798,0 -82.17994059999999,28.2182681,0 -82.1799413,28.2184417,0 -82.17994229999999,28.2187117,0 -82.1799443,28.219193,0 -82.17994590000001,28.2195762,0 -82.1799474,28.2199646,0 -82.1799494,28.2205024,0 -82.1799517,28.2209329,0 -82.17995380000001,28.2216316,0 -82.179958,28.2219289,0 -82.1799597,28.2227902,0 -82.1799597,28.2231515,0 -82.179959,28.2234526,0 -82.1799589,28.2236997,0 -82.17996309999999,28.2239847,0 -82.1799664,28.2247823,0 -82.17996770000001,28.2250053,0 -82.1799688,28.2252164,0 -82.1799753,28.2264337,0 -82.1799791,28.2275476,0 -82.1799779,28.2281059,0 -82.1799809,28.2284468,0 -82.179979,28.2288022,0 -82.1799802,28.2290974,0 -82.17998110000001,28.2293274,0 -82.1799816,28.2294517,0 -82.1799832,28.2298411,0 -82.17998849999999,28.2300522,0 -82.17999500000001,28.2301338,0 -82.18000379999999,28.2302442,0 -82.1800428,28.2304623,0 -82.1800489,28.2304795,0 -82.1800837,28.2305772,0 -82.18009979999999,28.2306222,0 -82.1801373,28.2307145,0 -82.180177,28.230812,0 -82.1803891,28.2312045,0 -82.18049980000001,28.2314093,0 -82.1805758,28.2315499,0 -82.18065129999999,28.2316897,0 -82.18066210000001,28.2317096,0 -82.180795,28.2319589,0 -82.18095150000001,28.2322527,0 -82.18105180000001,28.2324344,0 -82.1811457,28.2326154,0 -82.1812448,28.2327796,0 -82.18135239999999,28.2329825999999,0 -82.181583,28.2334176,0 -82.1816238,28.2334945,0 -82.18166890000001,28.2335808,0 -82.1817016,28.23364219999999,0 -82.181794,28.2338159,0 -82.1818324,28.23388810000001,0 -82.18195179999999,28.2341124,0 -82.1821446,28.2344748,0 -82.18232020000001,28.2348016,0 -82.1824194,28.23498620000001,0 -82.1826262,28.235371,0 -82.1827165,28.2355358,0 -82.182912,28.2358927,0 -82.1831139,28.2362613,0 -82.1831617,28.2363509,0 -82.183241,28.2364994,0 -82.18355699999999,28.23709149999999,0 -82.18359270000001,28.2371583,0 -82.18363359999999,28.2372339,0 -82.1837652,28.2374828,0 -82.1839842,28.2378784,0 -82.1840728,28.2380461,0 -82.184252,28.2383815,0 -82.1844071,28.2386718,0 -82.1844996,28.238845,0 -82.18454970000001,28.2389388,0 -82.18464659999999,28.2391176,0 -82.18474929999999,28.2393073,0 -82.1850032,28.2397761,0 -82.18503870000001,28.2398415,0 -82.1850895,28.23993430000001,0 -82.1851329,28.2400137,0 -82.18515480000001,28.2400538,0 -82.1851873,28.2401133,0 -82.1852696,28.2402639,0 -82.1853059,28.2403302,0 -82.18535799999999,28.2404182,0 -82.1855338,28.2407151,0 -82.1856169,28.2408359,0 -82.1858534,28.2411797,0 -82.18615,28.2415633,0 -82.18634950000001,28.2418074,0 -82.1865621,28.242052,0 -82.18663170000001,28.2421295,0 -82.18684159999999,28.242363,0 -82.187166,28.2426722,0 -82.1876448,28.2431061,0 -82.18785440000001,28.2432946,0 -82.18789719999999,28.2433331,0 -82.1880259,28.2434475,0 -82.18813129999999,28.2435412,0 -82.1882676,28.2436625,0 -82.1884634,28.2438366,0 -82.18872690000001,28.2440707,0 -82.1889446,28.2442642,0 -82.1891038,28.2444333,0 -82.1891356,28.2444724,0 -82.189223,28.2445798,0 -82.18936309999999,28.2446729,0 -82.1893748,28.2446807,0 -82.18948,28.244836,0 -82.18956300000001,28.2449809,0 -82.1896282,28.2451166,0 -82.1896984,28.2452719,0 -82.1897864,28.2454981,0 -82.18979419999999,28.24551870000001,0 -82.1898461,28.2456964,0 -82.1898958,28.2459609,0 -82.1899121,28.24613039999999,0 -82.1899195,28.2462154,0 -82.1899256,28.24631550000001,0 -82.18992830000001,28.2465256,0 -82.1898985,28.2467644,0 -82.1898882,28.2468261,0 -82.1898674,28.2469506,0 -82.18981719999999,28.24715,0 -82.18976480000001,28.2473259,0 -82.1896569,28.2475825,0 -82.1894253,28.248042,0 -82.1893441,28.2482031,0 -82.18925590000001,28.2483755,0 -82.1889341,28.2490045,0 -82.1887784,28.2492994,0 -82.1886267,28.2496322,0 -82.1885245,28.2499016,0 -82.1884366,28.2501453,0 -82.18836640000001,28.2504257,0 -82.1883289,28.250588,0 -82.1883028,28.2507033,0 -82.18825699999999,28.2509846,0 -82.1882327,28.2513715,0 -82.1882312,28.2514834,0 -82.1882263,28.2515561,0 -82.1882123,28.2517646,0 -82.18822,28.2519801,0 -82.1882253,28.2521279,0 -82.1882241,28.2524385,0 -82.1882236,28.2525856,0 -82.1882226,28.2527434,0 -82.1882143,28.2540787999999,0 -82.1882123,28.2544998,0 -82.1882064,28.2557806,0 -82.1882039,28.2563054,0 -82.1881987,28.2574286,0 -82.1881963,28.2579412,0 -82.1881908,28.2591173,0 -82.18818,28.2609197,0 -82.1881794,28.2610125,0 -82.1881764,28.2616006,0 -82.1881758,28.26172499999999,0 -82.1881727,28.2623228,0 -82.1881734,28.2633007,0 -82.18817559999999,28.2638559,0 -82.1881814,28.2644111,0 -82.1881825,28.2644927000001,0 -82.1881949,28.2654342,0 -82.18821490000001,28.2664019,0 -82.1882358,28.2666483,0 -82.1882409,28.2672533,0 -82.188241,28.2672843,0 -82.1882413,28.267399,0 -82.18824170000001,28.2675606,0 -82.1882511,28.2680894,0 -82.18824600000001,28.268125,0 -82.18826369999999,28.2687074,0 -82.1882878,28.2697617,0 -82.1883054,28.2704661,0 -82.18830989999999,28.2706664,0 -82.1883097,28.2711892,0 -82.1883096,28.2716808,0 -82.1883095,28.2718767,0 -82.1883093,28.2724719,0 -82.18829719999999,28.2735344,0 -82.18829340000001,28.27366110000001,0 -82.18823639999999,28.2756487000001,0 -82.18823020000001,28.2758642,0 -82.1882205,28.2761621,0 -82.18820820000001,28.2765408,0 -82.1881277,28.2790231,0 -82.1880974,28.279955,0 -82.18800299999999,28.2828712,0 -82.1879419,28.2846406,0 -82.18792639999999,28.2853112,0 -82.1879137,28.2858461,0 -82.18788790000001,28.2870364,0 -82.1878736,28.2878583,0 -82.1878694,28.2880947,0 -82.1878665,28.2882629,0 -82.1878389,28.2910942,0 -82.1878349,28.2916539,0 -82.18782280000001,28.294964,0 -82.187817,28.2978334,0 -82.1878068,28.2993292,0 -82.1878025,28.3005172,0 -82.1877942,28.3029313,0 -82.18778829999999,28.3036125,0 -82.187787,28.3045811,0 -82.1877843,28.30655369999999,0 -82.1877831,28.3068227,0 -82.1877819,28.3070969,0 -82.18778159999999,28.3071626,0 -82.1877782,28.3079099,0 -82.1877762,28.3083491,0 -82.18777300000001,28.3090569,0 -82.18777179999999,28.3093331,0 -82.1877679,28.310214,0 -82.18776560000001,28.3106483,0 -82.1877607,28.3115916,0 -82.1877551,28.3126589,0 -82.1877537,28.3128125,0 -82.1877382,28.3145812,0 -82.1877345,28.3150079,0 -82.1877262,28.3164197,0 -82.1877164,28.3200003,0 -82.1877046,28.3205904,0 -82.1877028,28.3208841,0 -82.187681,28.3239655,0 -82.1876808,28.3244878,0 -82.1876728,28.3256597,0 -82.1876721,28.3257657,0 -82.1876584,28.3277597,0 -82.1876594,28.3281825,0 -82.1876572,28.328331,0 -82.1876537,28.3284627999999,0 -82.18765380000001,28.3287402,0 -82.18765380000001,28.3289926,0 -82.187641,28.3313904,0 -82.18763509999999,28.3323359,0 -82.1876244,28.3340332,0 -82.18762340000001,28.3346045,0 -82.1876066,28.3367738,0 -82.187605,28.3369756,0 -82.18760380000001,28.3371378,0 -82.1876013,28.3374534,0 -82.1876029,28.3376929,0 -82.18760140000001,28.3379192,0 -82.1875987,28.338316,0 -82.1875974,28.338509,0 -82.1875941,28.3389885,0 -82.1875912,28.339425,0 -82.1875873,28.3398972,0 -82.18757960000001,28.3412302,0 -82.1875764,28.3417773,0 -82.18757170000001,28.3425759,0 -82.1875695,28.3429565,0 -82.18756860000001,28.3431107,0 -82.1875677,28.3432742,0 -82.1875636,28.3440338,0 -82.1875606,28.3445856,0 -82.1875598,28.3447371,0 -82.1875555,28.3455166,0 -82.1875581,28.3458651,0 -82.1875624,28.34645310000001,0 -82.1875782,28.3470328,0 -82.1875888,28.3474222,0 -82.1875713,28.3476593,0 -82.1875541,28.3478916,0 -82.18753839999999,28.3481035,0 -82.1875386,28.3481999,0 -82.1875388,28.3483284,0 -82.1875393,28.3485433,0 -82.1875407,28.3492654,0 -82.187555,28.3494305,0 -82.1876062,28.3500198,0 -82.1876067,28.3506891,0 -82.18760690000001,28.3510486,0 -82.1876025,28.3518863,0 -82.18760469999999,28.3521253,0 -82.1876051,28.3525136,0 -82.1876053,28.352709,0 -82.1876048,28.3531828,0 -82.1876007,28.3535375,0 -82.18760260000001,28.354079,0 -82.1876163,28.3543547,0 -82.18764830000001,28.3546394,0 -82.18769,28.3548546,0 -82.1876673,28.3549766,0 -82.1876305,28.3550604,0 -82.1876103,28.3550987,0 -82.1875881,28.3551409,0 -82.1875417,28.3552122,0 -82.1874681,28.3552915,0 -82.187343,28.3553907,0 -82.1872242,28.3554582,0 -82.186699,28.3557833,0 -82.1865226,28.3558899,0 -82.185821,28.3563137,0 -82.1857229,28.356373,0 -82.18349310000001,28.3577435,0 -82.1833846,28.3578149,0 -82.1831043,28.3580314,0 -82.18293300000001,28.358176,0 -82.1828849,28.3582391,0 -82.18280559999999,28.3583433,0 -82.18271350000001,28.3584951,0 -82.1826331,28.3586624,0 -82.1825724,28.3588486,0 -82.1825312,28.3590332,0 -82.1824886,28.3593816,0 -82.18242119999999,28.3599239,0 -82.182396,28.3601266,0 -82.182396,28.3603198,0 -82.1824156,28.3604612,0 -82.18245090000001,28.3606199,0 -82.18248869999999,28.3607402,0 -82.1827576,28.3613563999999,0 -82.1828817,28.3615583,0 -82.18299210000001,28.3617198,0 -82.1831609,28.36197599999999,0 -82.183211,28.3620583,0 -82.18331259999999,28.3621932,0 -82.18360389999999,28.36260589999999,0 -82.1838036,28.3629667,0 -82.1839717,28.36331,0 -82.18399960000001,28.363367,0 -82.1841063,28.3636106,0 -82.18417169999999,28.36376,0 -82.18419799999999,28.36382,0 -82.184506,28.3645597,0 -82.1845379,28.3646363,0 -82.184845,28.3653707,0 -82.1853942,28.3667471,0 -82.18614580000001,28.3686401,0 -82.1862084,28.3687977,0 -82.1862501,28.3689029,0 -82.18645170000001,28.369411,0 -82.1867815,28.3702464,0 -82.1869603,28.3706585,0 -82.1871134,28.370976,0 -82.1872953,28.3712947,0 -82.1874131,28.3714788,0 -82.1877167,28.37192689999999,0 -82.1881405,28.3724487,0 -82.18836469999999,28.3726921,0 -82.1885533,28.3728934,0 -82.1887213,28.3730578,0 -82.18884180000001,28.3731705,0 -82.1890176,28.3733253,0 -82.18931859999999,28.3735734,0 -82.18935310000001,28.3735982,0 -82.1895517,28.3737411,0 -82.1896557,28.3738175,0 -82.1897737,28.3738914,0 -82.1898733,28.3739627,0 -82.1900555,28.3741154,0 -82.19015779999999,28.3742898,0 -82.19028779999999,28.3744918,0 -82.1906254,28.374929,0 -82.1912993,28.3757735,0 -82.19130850000001,28.375785,0 -82.1914601,28.3759843,0 -82.1915372,28.3760857,0 -82.19175009999999,28.3764316,0 -82.1918606,28.3766307,0 -82.1919437,28.3767876,0 -82.1919846,28.3768742,0 -82.1920483,28.3770088,0 -82.19218170000001,28.3773278,0 -82.19231259999999,28.3777077,0 -82.192397,28.3780239,0 -82.19242029999999,28.3781248,0 -82.1924606,28.3782996,0 -82.1924764,28.378389,0 -82.19250959999999,28.3785776,0 -82.1925567,28.3789489,0 -82.1926766,28.3798308,0 -82.1928333,28.3809732,0 -82.19286870000001,28.3812439,0 -82.1929076,28.3815299,0 -82.19303309999999,28.3824529,0 -82.193158,28.3833715,0 -82.1932892,28.3843247,0 -82.193417,28.3852516,0 -82.1934716,28.3856723,0 -82.19351880000001,28.3861126,0 -82.1935817,28.3865323,0 -82.1936398,28.3868403,0 -82.1936968,28.3871305,0 -82.1937559,28.387399,0 -82.19382419999999,28.3876845,0 -82.19394389999999,28.3881081,0 -82.1941119,28.3887024,0 -82.1941975,28.3890053,0 -82.1944329,28.389802,0 -82.19473189999999,28.3909458,0 -82.1949693,28.3919763,0 -82.1951577,28.3929234,0 -82.1952094,28.3931832,0 -82.19522569999999,28.3932652,0 -82.1954052,28.3943608,0 -82.19559169999999,28.3957576,0 -82.1956532,28.396346,0 -82.1956989,28.3968644,0 -82.19573269999999,28.3972879,0 -82.1957507,28.3977523,0 -82.1957537,28.3982734,0 -82.1957384,28.3997631,0 -82.1957208,28.400541,0 -82.19569679999999,28.4015977,0 -82.19566709999999,28.4020995,0 -82.1956014,28.4025603,0 -82.1955234,28.4029904,0 -82.19551439999999,28.4030398,0 -82.19537699999999,28.4035139,0 -82.19526260000001,28.4038591,0 -82.1952445,28.4039025,0 -82.1951423,28.4041481,0 -82.1947194,28.4050702,0 -82.1943145,28.4059395,0 -82.194304,28.405962,0 -82.193956,28.4066954,0 -82.19337830000001,28.4079241,0 -82.1929741,28.4087836,0 -82.1929037,28.4089332,0 -82.1926344,28.4095076,0 -82.1923699,28.4101036,0 -82.19210990000001,28.410755,0 -82.1918879,28.4113387,0 -82.1916832,28.4119509,0 -82.1914807,28.4125934,0 -82.19128240000001,28.4133496,0 -82.19110999999999,28.414102,0 -82.1909678,28.4148563,0 -82.19085579999999,28.4156067000001,0 -82.1907588,28.4164255,0 -82.1906985,28.4172195,0 -82.1906662,28.418025,0 -82.1906511,28.4188853,0 -82.1906501,28.4190812,0 -82.190646,28.4198406,0 -82.1906446,28.4200944,0 -82.1906456,28.4201273,0 -82.1906705,28.4209586,0 -82.1907133,28.42176509999999,0 -82.1908203,28.4235719,0 -82.1908396,28.4239049,0 -82.1909052,28.425035,0 -82.19096829999999,28.4260731,0 -82.19099749999999,28.426555,0 -82.1910122,28.4267965,0 -82.1910342,28.4271346,0 -82.1911199,28.4285427,0 -82.1911628,28.4293427,0 -82.19118,28.4296556,0 -82.191219,28.4306469,0 -82.19124770000001,28.4316811,0 -82.1912944,28.4343395,0 -82.1913029,28.4348214,0 -82.1913059,28.4350059,0 -82.1913136,28.4352932,0 -82.1913136,28.43561,0 -82.1913017,28.4358965,0 -82.19127640000001,28.4362086,0 -82.1912317,28.4364929,0 -82.19118280000001,28.4367805,0 -82.1911297,28.437029,0 -82.1910199,28.4375082,0 -82.1901301,28.440677,0 -82.18864910000001,28.4458606,0 -82.1882524,28.4472214,0 -82.1880177,28.4480263,0 -82.1875939,28.4494795,0 -82.1866529,28.4527833,0 -82.18657159999999,28.4530686,0 -82.1863683,28.45378240000001,0 -82.1861428,28.45458500000001,0 -82.1861179,28.454658,0 -82.1859717,28.4551667,0 -82.18574220000001,28.4559673,0 -82.1856628,28.4562444,0 -82.18546739999999,28.4569262,0 -82.1852569,28.4576604,0 -82.18500179999999,28.4585979,0 -82.1848614,28.45911419999999,0 -82.1846706,28.4597172,0 -82.1845957,28.459954,0 -82.1844542,28.4604677,0 -82.1840029,28.4620523,0 -82.1838506,28.4625939,0 -82.18365679999999,28.4632448,0 -82.1834224,28.464001,0 -82.1831183,28.464903,0 -82.1828077,28.4657847000001,0 -82.1821739,28.4675404,0 -82.1815022,28.4693989,0 -82.1808174,28.4712937,0 -82.1803549,28.4725838,0 -82.180081,28.47334770000001,0 -82.1794841,28.4750127,0 -82.17945760000001,28.4750867,0 -82.17848909999999,28.4777524,0 -82.1782194,28.4784947,0 -82.1779767,28.4791744,0 -82.1777775,28.4797078,0 -82.17743369999999,28.4806557,0 -82.1770157,28.4818363,0 -82.17672520000001,28.4826673,0 -82.17645039999999,28.4834537,0 -82.17644799999999,28.4834605,0 -82.1761216,28.4844596,0 -82.17579139999999,28.4855881,0 -82.175645,28.4861524,0 -82.1755333,28.4865551,0 -82.1752494,28.487716,0 -82.17478869999999,28.489597,0 -82.17450820000001,28.4907947,0 -82.174316,28.4915833,0 -82.1728056,28.497781,0 -82.1725387,28.4988781,0 -82.17232660000001,28.4997585,0 -82.1716148,28.5027121,0 -82.1714995,28.5031824,0 -82.1712009,28.504401,0 -82.1706777,28.5065577,0 -82.170569,28.5070057,0 -82.17044679999999,28.5075094,0 -82.1704079,28.5076698,0 -82.1703615,28.5078612,0 -82.1703357,28.5079681,0 -82.1700804,28.5090259,0 -82.1696424,28.5108404,0 -82.1694785,28.5115145,0 -82.16821520000001,28.5166714,0 -82.1677844,28.5183899,0 -82.16653839999999,28.5236099,0 -82.1656772,28.5271727000001,0 -82.1655075,28.5278514,0 -82.1648053,28.5307499,0 -82.16433309999999,28.5326965,0 -82.1639576,28.5342212,0 -82.1638337,28.5347326,0 -82.16369090000001,28.535322,0 -82.1635194,28.5360296,0 -82.1626979,28.5394188,0 -82.1625155,28.5401713,0 -82.1624727,28.5403476,0 -82.1624492,28.5404399,0 -82.161142,28.5458315,0 -82.1606929,28.5476776,0 -82.15836229999999,28.5572528,0 -82.1583286,28.5573913,0 -82.1578478,28.55937,0 -82.1570133,28.562852,0 -82.1568103,28.5638298,0 -82.1566424,28.5647485,0 -82.1564985,28.5656043,0 -82.1554198,28.5721553000001,0 -82.15532260000001,28.5727401,0 -82.1552387,28.5732447,0 -82.15489289999999,28.575314,0 -82.1548222,28.5756575,0 -82.1547484,28.5759609,0 -82.15464299999999,28.5763812,0 -82.15451400000001,28.576824,0 -82.1543532,28.5773167,0 -82.1542092,28.5777124,0 -82.1540115,28.5781948,0 -82.15381600000001,28.578632,0 -82.1526112,28.581101,0 -82.15110850000001,28.5841806,0 -82.1497239,28.5869668,0 -82.149592,28.5872322,0 -82.14901930000001,28.5884157999999,0 -82.148323,28.5898604,0 -82.1481021,28.5903186,0 -82.14733579999999,28.5919082,0 -82.145557,28.5955376,0 -82.14496130000001,28.596753,0 -82.14334030000001,28.6000602,0 -82.14269640000001,28.6013738,0 -82.1422376,28.6023099,0 -82.1418232,28.6031553,0 -82.1414096,28.6039991,0 -82.14087379999999,28.6050922,0 -82.14011499999999,28.6066351,0 -82.13908600000001,28.6087377,0 -82.1387435,28.60943749999999,0 -82.1385861,28.609759,0 -82.1376192,28.6117347,0 -82.1374443,28.6120853,0 -82.1368614,28.6132813,0 -82.13679879999999,28.6134099,0 -82.1362874,28.614455,0 -82.1354492,28.6161679,0 -82.134793,28.6175087,0 -82.1344235,28.6182625,0 -82.1335211,28.6201039,0 -82.1321892,28.6228216,0 -82.1319994,28.623209,0 -82.13123640000001,28.62479739999999,0 -82.1302268,28.6268591,0 -82.1299345,28.6274559,0 -82.1288181,28.6297355,0 -82.1282413,28.6309133,0 -82.1280567,28.6312903,0 -82.12779449999999,28.6318256,0 -82.1267636,28.6339306,0 -82.1258739,28.6357415000001,0 -82.1249717,28.6375777,0 -82.124056,28.6394491,0 -82.12283410000001,28.6419409,0 -82.1202959,28.6471166,0 -82.1187212,28.6503273,0 -82.1175903,28.6526285,0 -82.11692859999999,28.6539751,0 -82.1160021,28.6557898,0 -82.115604,28.6565346,0 -82.1155043,28.6567212,0 -82.1150387,28.6576172,0 -82.1149748,28.6577463,0 -82.11419069999999,28.6593318,0 -82.11372009999999,28.6602968,0 -82.11330169999999,28.6612604,0 -82.1132106,28.6615095,0 -82.11310949999999,28.6618076,0 -82.11303909999999,28.6620227,0 -82.11295579999999,28.6623649,0 -82.1128812,28.6627446,0 -82.1128291,28.6630914,0 -82.11278540000001,28.6634565,0 -82.1127582,28.6637107,0 -82.11274779999999,28.6638073,0 -82.1127092,28.6641728,0 -82.1126361,28.6647949,0 -82.11262360000001,28.6649011,0 -82.1124823,28.6649007,0 -82.1123047,28.6649002,0 -82.1122574,28.6648996,0 -82.11209909999999,28.6648974,0 -82.1116559,28.6648949,0 -82.11054679999999,28.6648901,0 -82.10949669999999,28.6648843,0 -82.10860529999999,28.6648824,0 -82.1079512,28.664881,0 -82.1078217,28.6648836,0 -82.1076051,28.6648986,0 -82.10728469999999,28.6649347,0 -82.10694890000001,28.6650012,0 -82.10681030000001,28.66503820000001,0 -82.1064884,28.6651441,0 -82.1061782,28.6652819,0 -82.10589090000001,28.6654297,0 -82.10559019999999,28.665628,0 -82.1053144,28.665865,0 -82.105075,28.6660986,0 -82.1048509,28.6663842,0 -82.10467149999999,28.6666736,0 -82.1045697,28.6668787,0 -82.1044888,28.6670796,0 -82.1044189,28.6672853,0 -82.10436970000001,28.6675048,0 -82.10434170000001,28.6677023,0 -82.1043191,28.6679391,0 -82.10431509999999,28.6680988,0 -82.104316,28.66851,0 -82.1042976,28.6703203,0 -82.10429809999999,28.6708176,0 -82.1042994,28.6721305,0 -82.1042995,28.6722251,0 -82.10429139999999,28.6736966,0 -82.10429000000001,28.6739501,0 -82.1042794,28.6757629,0 -82.10427300000001,28.6777107,0 -82.1042747,28.6793777,0 -82.10426529999999,28.6808458,0 -82.1042597,28.6817264,0 -82.10425499999999,28.6831328,0 -82.10424930000001,28.6858244,0 -82.10424810000001,28.6863699,0 -82.1042473,28.6867438,0 -82.10424709999999,28.6868373,0 -82.10424740000001,28.687564,0 -82.1042477,28.688461,0 -82.1042478,28.6886441,0 -82.10424860000001,28.6904595,0 -82.1042496,28.6910679,0 -82.10425050000001,28.6919017,0 -82.1042509,28.6922733,0 -82.104251,28.6923983,0 -82.1042516,28.6929173,0 -82.1042518,28.6931157,0 -82.10425189999999,28.6932567,0 -82.1042499,28.6941908,0 -82.1042482,28.6978021,0 -82.1042482,28.6978558,0 -82.1042463,28.6984026,0 -82.10425170000001,28.7014602,0 -82.1042447,28.7048021,0 -82.1042439,28.7051697,0 -82.1042427,28.7057637,0 -82.1042185,28.7061866,0 -82.10420910000001,28.7062525,0 -82.1041767,28.7064801,0 -82.104107,28.7068277,0 -82.1040108,28.7071497,0 -82.1038403,28.7075912,0 -82.1036347,28.7079951,0 -82.1033925,28.7083879,0 -82.1031235,28.7087545,0 -82.10288389999999,28.7090266,0 -82.1027012,28.7092132,0 -82.1024867,28.70941090000001,0 -82.1022102,28.70964,0 -82.1000464,28.7113311,0 -82.0982496,28.7127339,0 -82.0977595,28.7131165,0 -82.0969454,28.7137521,0 -82.09684559999999,28.7138301,0 -82.0903113,28.7189313,0 -82.0899088,28.719256,0 -82.0895393,28.7195752,0 -82.08947999999999,28.7196264,0 -82.0890232,28.7200355000001,0 -82.0868033,28.7220473,0 -82.086789,28.7220603,0 -82.0850592,28.7236279,0 -82.0844231,28.7242044000001,0 -82.0840852,28.7244812,0 -82.08375719999999,28.7247294,0 -82.08339049999999,28.7249795,0 -82.08300250000001,28.7252201,0 -82.0825351,28.7254646,0 -82.0821062,28.7256695,0 -82.0814125,28.7259791,0 -82.0797259,28.7267196,0 -82.07936340000001,28.7268787,0 -82.078547,28.7272352,0 -82.0772728,28.7277917,0 -82.0755723,28.7285475,0 -82.0755261,28.728568,0 -82.07502770000001,28.7287896,0 -82.07451709999999,28.7290165,0 -82.0741438,28.7292056,0 -82.0738072,28.7293955,0 -82.07346200000001,28.7296098,0 -82.07311679999999,28.7298505,0 -82.0728273,28.7300705,0 -82.0724993,28.7303525,0 -82.0724443,28.7304018,0 -82.07221199999999,28.73061,0 -82.0718925,28.7309391,0 -82.0717125,28.7311407,0 -82.0716374,28.7312248,0 -82.0713973,28.7315162,0 -82.0711464,28.7318584,0 -82.0709384,28.732195,0 -82.0698977,28.7339177,0 -82.0697758,28.7341195,0 -82.06955600000001,28.7344906,0 -82.06944590000001,28.73467640000001,0 -82.0693632,28.7348161,0 -82.06834689999999,28.7365319,0 -82.06830840000001,28.7365818,0 -82.0682594,28.736664,0 -82.06814540000001,28.7368553,0 -82.0673341,28.7382167,0 -82.0668893,28.738963,0 -82.0667929,28.7391248,0 -82.0660132,28.7404379000001,0 -82.06579069999999,28.7408131,0 -82.0657025,28.7409619,0 -82.0654272,28.741449,0 -82.0652936,28.7417086,0 -82.0650488,28.7422181,0 -82.0648039,28.7427961,0 -82.0642625,28.7441895,0 -82.064221,28.7442962,0 -82.063923,28.7450778,0 -82.0636549,28.7457819,0 -82.06311030000001,28.7471909000001,0 -82.06246729999999,28.7488545,0 -82.06243859999999,28.7489244,0 -82.062326,28.749199,0 -82.0621526,28.7496218,0 -82.06204580000001,28.7498822,0 -82.0618978,28.7501876,0 -82.0618894,28.7502037,0 -82.0616844,28.7505977,0 -82.0614018,28.7511409,0 -82.06098660000001,28.7519177999999,0 -82.0607637,28.7523183,0 -82.0606628,28.7525087,0 -82.0605915,28.7526558000001,0 -82.0605441,28.7527713,0 -82.0604987,28.7528903,0 -82.0604295,28.7530864,0 -82.0603579,28.7533136,0 -82.0603232,28.7534746,0 -82.0602939,28.7536355,0 -82.0602763,28.7537601,0 -82.0602641,28.7538862,0 -82.0602516,28.7541913,0 -82.0602566,28.7544551,0 -82.0602765,28.7547341,0 -82.06034320000001,28.7550662,0 -82.0604067,28.7553059,0 -82.06074580000001,28.7564955,0 -82.0613843,28.7587056,0 -82.06149019999999,28.7590723,0 -82.0620839,28.7611281,0 -82.0627083,28.7632902,0 -82.0629503,28.764128,0 -82.0652456,28.7720753,0 -82.0655228,28.773035,0 -82.06568350000001,28.7735915,0 -82.0659134,28.7743874,0 -82.0660622,28.7749026,0 -82.0663105,28.77576210000001,0 -82.0663929,28.7760473,0 -82.0666231,28.7768445,0 -82.06683820000001,28.7775892,0 -82.0674739,28.7797902,0 -82.0680679,28.7818538,0 -82.0683217,28.7827355,0 -82.0688257,28.7844864,0 -82.06890199999999,28.7847527,0 -82.0691623,28.7856606,0 -82.0693241,28.7862479,0 -82.0694434,28.7868115,0 -82.0695298,28.7872565,0 -82.0698186,28.7891635,0 -82.07034400000001,28.7928044,0 -82.0704801,28.7938815,0 -82.07052229999999,28.7942935,0 -82.0705456,28.7947345,0 -82.0705456,28.7952220999999,0 -82.0705444,28.7964537,0 -82.070537,28.7971185,0 -82.0705312,28.7987924,0 -82.0705325,28.7998644,0 -82.0699417,28.7998635,0 -82.0694857,28.7998553,0 -82.0691884,28.7998513,0 -82.0684778,28.7998494,0 -82.0674465,28.7998532,0 -82.066378,28.7998571,0 -82.06535719999999,28.7998472,0 -82.0651922,28.7998475,0 -82.06482939999999,28.7998458,0 -82.0632864,28.7998439,0 -82.0629904,28.7998441,0 -82.0622384,28.7998448,0 -82.0617254,28.7998455,0 -82.061244,28.7998426,0 -82.0604426,28.7998379,0 -82.0603028,28.7998374,0 -82.0592371,28.7998337,0 -82.05810580000001,28.7998298,0 -82.0548928,28.7998256,0 -82.0539338,28.7998175,0 -82.051727,28.7998129,0 -82.0497562,28.7998143,0 -82.04942870000001,28.7998433,0 -82.0491588,28.7998808,0 -82.0488648,28.799944,0 -82.0487179,28.7999909,0 -82.0482782,28.8001314,0 -82.04796020000001,28.8002719,0 -82.047697,28.8004089,0 -82.04746179999999,28.8005482,0 -82.04738999999999,28.8005987,0 -82.04718250000001,28.8007449,0 -82.04707999999999,28.8008315,0 -82.0469374,28.8009318,0 -82.04685809999999,28.8010169,0 -82.04681789999999,28.8010601,0 -82.04661950000001,28.8012539,0 -82.046474,28.8014294,0 -82.0463484,28.8015859,0 -82.0462169,28.801777,0 -82.0460564,28.8020321,0 -82.0459417,28.8022779,0 -82.0458388,28.8025345,0 -82.045754,28.8028005,0 -82.04569429999999,28.8030204,0 -82.0456437,28.8032991,0 -82.0456362,28.8033776,0 -82.0456185,28.8035642,0 -82.0456184,28.8035746,0 -82.04560600000001,28.805275,0 -82.04560499999999,28.806129,0 -82.0456049,28.8061463,0 -82.0456032,28.8066537,0 -82.0456032,28.8066651,0 -82.0456014,28.80718,0 -82.0456002,28.8075482,0 -82.0455953,28.8089874,0 -82.0455891,28.810809,0 -82.0455915,28.8115737,0 -82.0455841,28.8136498,0 -82.0455822,28.8141944,0 -82.04557560000001,28.8160512,0 -82.0455724,28.8169387,0 -82.0455687,28.8179753,0 -82.045548,28.8224734,0 -82.0455473,28.8226057,0 -82.0455221,28.8310766,0 -82.045507,28.8353069,0 -82.0455273,28.835583,0 -82.0455364,28.8360927,0 -82.0455339,28.8366297,0 -82.04553749999999,28.8368116,0 -82.045534,28.8375415,0 -82.04553679999999,28.8377987,0 -82.0455494,28.83858499999999,0 -82.0455625,28.8387447,0 -82.0455621,28.8389671,0 -82.0455616,28.8392772,0 -82.04556100000001,28.8395956,0 -82.0455608,28.8396957,0 -82.0455604,28.8399297,0 -82.0455566,28.8412754,0 -82.0455527,28.8426653,0 -82.0455394,28.8445332,0 -82.0455181,28.8451566,0 -82.04550620000001,28.8456767,0 -82.0454932,28.8463906,0 -82.0454956,28.8468551,0 -82.0454979,28.8469634,0 -82.04550159999999,28.8471366,0 -82.0455013,28.8472808,0 -82.0455013,28.8474641,0 -82.0455013,28.847493,0 -82.0455013,28.8476063,0 -82.0455001,28.8477819,0 -82.04542600000001,28.8479464,0 -82.0454259,28.8480552,0 -82.04542499999999,28.8487224,0 -82.0454246,28.8489696,0 -82.04542429999999,28.8492159,0 -82.0454242,28.8493078,0 -82.04542360000001,28.8496893,0 -82.045422,28.8508707,0 -82.0454173,28.8517469,0 -82.0454154,28.8520928,0 -82.0454155,28.8528108,0 -82.0454033,28.8530146,0 -82.0453844,28.8531115,0 -82.0453466,28.8532547,0 -82.04529429999999,28.8533841,0 -82.0443623,28.8553772,0 -82.04431030000001,28.855488,0 -82.04388230000001,28.8563973,0 -82.0435243,28.8571526,0 -82.0434648,28.8572782,0 -82.04333269999999,28.8575568000001,0 -82.0431103,28.858026,0 -82.0430279,28.8581999,0 -82.04298489999999,28.8582906,0 -82.04292909999999,28.8584361,0 -82.04269189999999,28.8589561,0 -82.0426143,28.8591201,0 -82.0425269,28.8593084,0 -82.0422153,28.8599827,0 -82.0421729,28.8600749,0 -82.04205260000001,28.8603362,0 -82.0418147,28.8608532,0 -82.0414639,28.8616116,0 -82.0412797,28.8620035,0 -82.0411387,28.8623035,0 -82.0408168,28.8629878,0 -82.0405051,28.8636524,0 -82.04019700000001,28.86431169999999,0 -82.03989079999999,28.8649636,0 -82.03968999999999,28.8653885,0 -82.03963760000001,28.8654995,0 -82.0395561,28.8656737,0 -82.0394477,28.8659057,0 -82.0391829,28.8664718,0 -82.03890680000001,28.8670654,0 -82.0388233,28.8672395,0 -82.03861449999999,28.8676765,0 -82.0383348,28.8682733,0 -82.0380474,28.8688891,0 -82.0377592,28.8695108,0 -82.0374736,28.8701096,0 -82.0371899,28.870843,0 -82.0370398,28.8711241,0 -82.0369982,28.8711963,0 -82.036855,28.8714451,0 -82.0366944,28.8717408,0 -82.036597,28.8719738,0 -82.0365225,28.8721947,0 -82.03646929999999,28.8724182,0 -82.0364357,28.8726676,0 -82.0364225,28.8728861,0 -82.0364265,28.8731141,0 -82.036451,28.8733124,0 -82.03649249999999,28.8735409,0 -82.03652510000001,28.8736687,0 -82.0365604,28.8737942,0 -82.0367766,28.8744492,0 -82.0368565,28.8747504,0 -82.0369421,28.8750912,0 -82.0370154,28.8754549,0 -82.0370904,28.8758537,0 -82.0371305,28.8762098,0 -82.0371672,28.8766285,0 -82.0371811,28.8769815,0 -82.0371847,28.8776751,0 -82.0371837,28.8800653,0 -82.0371834,28.8805856,0 -82.0371833,28.8808638,0 -82.0371833,28.8817246,0 -82.0371833,28.8821826,0 -82.0371833,28.8825276,0 -82.0371806,28.8833788,0 -82.03717949999999,28.8834326,0 -82.03717640000001,28.883576,0 -82.0371767,28.8837543,0 -82.0371768,28.8837891,0 -82.0371774,28.8841695,0 -82.03717760000001,28.8842668,0 -82.037178,28.8845288,0 -82.0371828,28.8846963,0 -82.0371713,28.8850629,0 -82.03716060000001,28.8852596,0 -82.03714189999999,28.8856027,0 -82.0371272,28.8859277,0 -82.037119,28.8862341,0 -82.0371186,28.8865798,0 -82.0371176,28.8873114,0 -82.037121,28.8879282,0 -82.037119,28.8883596,0 -82.0371008,28.8893384,0 -82.0370953,28.8895759,0 -82.0370776,28.8905658,0 -82.0370791,28.891209,0 -82.0370837,28.8914186,0 -82.03708640000001,28.8917843,0 -82.0370879,28.8919971,0 -82.0370882,28.8920478,0 -82.0370973,28.8937403,0 -82.0371035,28.8948876,0 -82.0371066,28.8954689,0 -82.03711060000001,28.8963229,0 -82.0371088,28.8970857,0 -82.0371081,28.8973791,0 -82.0371059,28.8982907,0 -82.03710100000001,28.8996912,0 -82.03710239999999,28.9001781,0 -82.0371032,28.9004542,0 -82.03710529999999,28.9011667,0 -82.0371075,28.9019005,0 -82.03712229999999,28.9032073,0 -82.03713569999999,28.9049241,0 -82.0371353,28.9053734,0 -82.0371348,28.9058548,0 -82.0371347,28.9059998,0 -82.0371304,28.906633,0 -82.0370994,28.9090094,0 -82.03709739999999,28.9091786,0 -82.0370954,28.9093428,0 -82.03709240000001,28.9095828,0 -82.0370824,28.9103837,0 -82.0370837,28.9127731,0 -82.0370824,28.9131065,0 -82.0370824,28.9137787,0 -82.037081,28.913902,0 -82.0370819,28.9153052,0 -82.03708210000001,28.9155385,0 -82.0370985,28.91646,0 -82.0371237,28.9174677,0 -82.0371301,28.9178761,0 -82.0371397,28.9184929,0 -82.03714909999999,28.9188324,0 -82.03718809999999,28.9201693000001,0 -82.0372024,28.9206934,0 -82.0372102,28.9209785,0 -82.0372418,28.9221356,0 -82.03724510000001,28.9222621,0 -82.037265,28.9230174,0 -82.03728529999999,28.9234406,0 -82.0373197,28.9239372,0 -82.03736619999999,28.9245666,0 -82.03743040000001,28.9254352,0 -82.03748179999999,28.9261774,0 -82.0374961,28.9265133,0 -82.03749569999999,28.9265918,0 -82.0374947,28.9268104,0 -82.03748419999999,28.926956,0 -82.03747610000001,28.9270686,0 -82.0374533,28.9272799999999,0 -82.0374401,28.9274023,0 -82.03741530000001,28.9275218,0 -82.0373925,28.9276315,0 -82.0373841,28.927672,0 -82.0373572,28.9278583,0 -82.03729850000001,28.9282168,0 -82.0372778,28.9283807,0 -82.0372709,28.9284706,0 -82.0372612,28.9285603,0 -82.0372397,28.9288699,0 -82.0372189,28.9294921,0 -82.0372098,28.9297629,0 -82.0371889,28.9303862,0 -82.0371643,28.9310725,0 -82.0371296,28.9319839,0 -82.0371286,28.9327938,0 -82.03712760000001,28.9335578,0 -82.0371256,28.9339133,0 -82.037121,28.9348506,0 -82.0371054,28.9373892,0 -82.03710270000001,28.9378525,0 -82.0371012,28.9381134,0 -82.03710770000001,28.938323,0 -82.0371415,28.938633,0 -82.03718259999999,28.9389371,0 -82.03731759999999,28.9397473,0 -82.0376491,28.9417554,0 -82.0377603,28.9424289,0 -82.0382894,28.9456335,0 -82.0387602,28.948465,0 -82.03887279999999,28.9491429,0 -82.03934409999999,28.9520107,0 -82.03950039999999,28.95295,0 -82.03974289999999,28.9544073,0 -82.0398072,28.9547937,0 -82.0399907,28.9558965,0 -82.0401056,28.9565934,0 -82.0405092,28.9590398,0 -82.0406728,28.9600312,0 -82.0411443,28.9628703,0 -82.0412216,28.9633772,0 -82.0412773,28.9638432,0 -82.0413025,28.9641227,0 -82.04132559999999,28.9644131,0 -82.0413286,28.9644836,0 -82.0413374,28.9646925,0 -82.0413382,28.9647127,0 -82.0413478,28.9649923,0 -82.0413508,28.9650784,0 -82.0413508,28.9678724,0 -82.0413574,28.97003339999999,0 -82.04136219999999,28.971602,0 -82.04137040000001,28.9742828,0 -82.0413732,28.9748636,0 -82.0413757,28.97549009999999,0 -82.04137900000001,28.9762909,0 -82.0413803,28.9770368,0 -82.0413815,28.9776797,0 -82.0413823,28.9781182,0 -82.0413832,28.9786622,0 -82.0413858,28.9800977,0 -82.0413866,28.9813285,0 -82.04138349999999,28.9815774,0 -82.04138949999999,28.9821352,0 -82.0413899,28.9823248000001,0 -82.0413892,28.9835249,0 -82.0413932,28.98381,0 -82.04135119999999,28.9857735,0 -82.0413282,28.9868329,0 -82.0413135,28.9875108,0 -82.0413023,28.9880274,0 -82.0413058,28.990257,0 -82.04130739999999,28.9912866,0 -82.041301,28.9915442,0 -82.0413009,28.9919501,0 -82.04130309999999,28.992156,0 -82.04130290000001,28.9923995,0 -82.04131169999999,28.9941006,0 -82.04131510000001,28.9962619,0 -82.0413171,28.9975663,0 -82.0413229,29.0013059,0 -82.04132439999999,29.0022433,0 -82.04133059999999,29.0034988,0 -82.0413353,29.0044504,0 -82.04135220000001,29.0073636,0 -82.0413587,29.00870129999999,0 -82.04136800000001,29.0101872,0 -82.0413709,29.0106486,0 -82.04137559999999,29.0108178,0 -82.04139120000001,29.010989,0 -82.0414238,29.0111441,0 -82.04146830000001,29.0112906,0 -82.0415615,29.0114894,0 -82.0416537,29.0116371,0 -82.04177,29.0117909,0 -82.04191040000001,29.0119385,0 -82.0423229,29.0123301,0 -82.04299159999999,29.0130021,0 -82.0432395,29.0132983,0 -82.04342870000001,29.0135465,0 -82.0435858,29.0137798,0 -82.0438635,29.0141552,0 -82.0440641,29.0145164,0 -82.0442065,29.0148429,0 -82.04431150000001,29.015147,0 -82.0443722,29.0153879,0 -82.0446783,29.0171,0 -82.0449369,29.0186165,0 -82.0452075,29.0201872,0 -82.0452635,29.0205565,0 -82.0452799,29.0207993,0 -82.0452892,29.0210483,0 -82.04520290000001,29.0234744,0 -82.0451819,29.0241589,0 -82.04512819999999,29.0259074,0 -82.0450652,29.0274919,0 -82.04502890000001,29.028677,0 -82.0450139,29.029169,0 -82.0450086,29.0293375,0 -82.0450053,29.0294421,0 -82.0449978,29.0296791,0 -82.04498460000001,29.0300995,0 -82.04497569999999,29.0303792,0 -82.0449704,29.030549,0 -82.04496349999999,29.0307276,0 -82.04496140000001,29.030793,0 -82.0449358,29.0315826,0 -82.04488240000001,29.0332331,0 -82.0448165,29.0352569,0 -82.0448071,29.0355802,0 -82.0448071,29.0357964,0 -82.04482830000001,29.0360455,0 -82.0448463,29.0362043,0 -82.04497189999999,29.0373101,0 -82.0450755,29.0382195,0 -82.045271,29.0400383,0 -82.0455035,29.0421367,0 -82.04557749999999,29.0427825,0 -82.04565049999999,29.0434194,0 -82.0456775,29.0436554,0 -82.0457643,29.0444715,0 -82.04588149999999,29.045573,0 -82.0460588,29.0470983,0 -82.04619080000001,29.0483038,0 -82.0462308,29.0486685,0 -82.0463342,29.0495828,0 -82.0464293,29.0504886999999,0 -82.04663600000001,29.0523093,0 -82.046667,29.0525515,0 -82.04670419999999,29.0528135,0 -82.0467539,29.0530466,0 -82.0468204,29.0533132,0 -82.0469188,29.0536518,0 -82.04705180000001,29.0540658,0 -82.0472491,29.0546766,0 -82.0473485,29.054959,0 -82.0474494,29.0551737,0 -82.0475663,29.0553833,0 -82.0477023,29.0556005,0 -82.0478435,29.0557976,0 -82.0479797,29.055964,0 -82.04815019999999,29.056165,0 -82.0484625,29.0565074,0 -82.04877209999999,29.0568322,0 -82.04934369999999,29.0574179,0 -82.0494769,29.057558,0 -82.04961590000001,29.0577043,0 -82.0497158,29.0578039,0 -82.0497862,29.0578741,0 -82.0499308,29.0580082,0 -82.05011399999999,29.0581329,0 -82.0506783,29.0584245,0 -82.0509045,29.0584776,0 -82.05095129999999,29.0584886,0 -82.0512425,29.0585465,0 -82.05143700000001,29.0585833,0 -82.0517102,29.0586351,0 -82.0520873,29.0587065,0 -82.05237,29.0587536,0 -82.0525397,29.0587818,0 -82.0530272,29.0588679,0 -82.0536817,29.058992,0 -82.0543352,29.0591136,0 -82.0549362,29.0592255,0 -82.0553041,29.0592944,0 -82.0558997,29.0594025,0 -82.0561187,29.0594423,0 -82.05644820000001,29.0595021,0 -82.05696570000001,29.0595946,0 -82.0576385,29.0597148,0 -82.0590079,29.0599614,0 -82.05931649999999,29.0600193,0 -82.06027779999999,29.0601932,0 -82.0605326,29.0602393,0 -82.0610745,29.06033860000001,0 -82.06122209999999,29.0603655999999,0 -82.06165300000001,29.0604443,0 -82.0620904,29.0605233,0 -82.06225689999999,29.06055449999999,0 -82.06277679999999,29.0606471,0 -82.0631489,29.0607119999999,0 -82.0632263,29.0607257,0 -82.0634982,29.0607351,0 -82.06358640000001,29.0607382,0 -82.0637965,29.0607792,0 -82.0639523,29.0608097,0 -82.0641717,29.0608598,0 -82.06452640000001,29.06097,0 -82.0648058,29.0610773000001,0 -82.0651048,29.0612131,0 -82.0653346,29.0613363,0 -82.06564760000001,29.0615506,0 -82.0659062,29.0617538,0 -82.0660827,29.0619285,0 -82.06616440000001,29.0620093,0 -82.06618159999999,29.0620301,0 -82.0663361,29.0622174,0 -82.0664902,29.0624312,0 -82.0665264,29.0625138,0 -82.0667282,29.0628288,0 -82.0668364,29.0630163000001,0 -82.0670054,29.0633091,0 -82.06716299999999,29.0635821,0 -82.06762190000001,29.0643978,0 -82.06821170000001,29.0654019,0 -82.0683001,29.0655327,0 -82.0685814,29.0659466,0 -82.0687329,29.0661695,0 -82.06899799999999,29.0665512,0 -82.0692494,29.0669354,0 -82.06942100000001,29.0672197,0 -82.0701189,29.0684392000001,0 -82.070324,29.0687977,0 -82.0703716,29.0688808,0 -82.0706598,29.0694535,0 -82.07097,29.0700699,0 -82.0711848,29.0705232,0 -82.0715101,29.0711592,0 -82.0722131,29.0723931,0 -82.0722354,29.07243070000001,0 -82.07233290000001,29.072595,0 -82.0725668,29.0730346,0 -82.0727687,29.073414,0 -82.074342,29.0761968,0 -82.0744485,29.0763874,0 -82.07485819999999,29.077101,0 -82.07492929999999,29.0772259,0 -82.07533840000001,29.077944,0 -82.07570699999999,29.078591,0 -82.0766386,29.0802256,0 -82.0778636,29.0823724,0 -82.0789673,29.0843179,0 -82.08033880000001,29.086712,0 -82.08109020000001,29.0880197,0 -82.0831579,29.0916449,0 -82.08370290000001,29.0926006,0 -82.0839701,29.0930691,0 -82.0845011,29.0940001,0 -82.0861682,29.0966305999999,0 -82.0866049,29.0976678,0 -82.0868016,29.0979492,0 -82.0869703,29.0981724,0 -82.08713590000001,29.0983604,0 -82.0873418,29.0985822,0 -82.08771179999999,29.0989502,0 -82.0898076,29.1010415,0 -82.08997050000001,29.1012159,0 -82.0901423,29.1014107,0 -82.0903792,29.1017245,0 -82.0905805,29.1020113,0 -82.0907136,29.10222359999999,0 -82.0908421,29.1024441,0 -82.0909845,29.1027268,0 -82.0910851,29.1029473,0 -82.0912074,29.1032611,0 -82.0913158,29.1035912,0 -82.0913857,29.1038544,0 -82.0915775,29.1047976,0 -82.09187609999999,29.1062659,0 -82.0919437,29.1066157,0 -82.09205679999999,29.1070238,0 -82.09213440000001,29.1072398,0 -82.09223129999999,29.1074827,0 -82.0923761,29.1077693,0 -82.09246159999999,29.1079228,0 -82.0931113,29.109089,0 -82.09508820000001,29.1125849,0 -82.0953629,29.1130683,0 -82.0957014,29.1136638,0 -82.09627949999999,29.1146866,0 -82.09700170000001,29.1159673,0 -82.0970622,29.1160746,0 -82.09708089999999,29.11610780000001,0 -82.0972172,29.1163477,0 -82.097928,29.1175987,0 -82.0984902,29.1186012,0 -82.0987556,29.1190744,0 -82.09876319999999,29.1190879,0 -82.0990281,29.1195506,0 -82.0990992,29.1196747,0 -82.09991049999999,29.1210726,0 -82.1010509,29.1230727,0 -82.1013167,29.123545,0 -82.1015549,29.1239683,0 -82.10193580000001,29.1246452,0 -82.1028237,29.126208,0 -82.10399580000001,29.1282899,0 -82.104372,29.1289509000001,0 -82.1052064,29.1304174,0 -82.1060473,29.1319178,0 -82.1069729,29.1335472,0 -82.1071803,29.1339136,0 -82.10797100000001,29.1352915,0 -82.1086705,29.1365459,0 -82.1090731,29.1372555,0 -82.10916760000001,29.137422,0 -82.1101779,29.1392025,0 -82.1103002,29.1394174,0 -82.1113127,29.141196,0 -82.1122476,29.1428371,0 -82.11302190000001,29.1442142,0 -82.11316909999999,29.1444729,0 -82.11354230000001,29.1451285,0 -82.1136029,29.1452351,0 -82.113671,29.1453478,0 -82.1137342,29.1454524,0 -82.1138763,29.14566719999999,0 -82.1140829,29.1459569,0 -82.11425730000001,29.1461884,0 -82.1144212,29.1463884,0 -82.1145676,29.1465599,0 -82.114728,29.1467417,0 -82.1149326,29.1469508,0 -82.1153944,29.1473936,0 -82.1157443,29.147687,0 -82.11611430000001,29.1479789,0 -82.1163442,29.1481445,0 -82.117165,29.1486681,0 -82.1179734,29.1491751,0 -82.11892400000001,29.1497712,0 -82.1195043,29.1501315,0 -82.1198869,29.1503675,0 -82.120411,29.1506973000001,0 -82.12153069999999,29.1513953,0 -82.1218054,29.1515665,0 -82.122049,29.1517176,0 -82.1231569,29.152409,0 -82.1233261,29.1525145,0 -82.1236881,29.1527402,0 -82.1239381,29.152896,0 -82.1239472,29.1529017,0 -82.12446250000001,29.1532229,0 -82.1245234,29.1532609,0 -82.1251966,29.1536805,0 -82.12570700000001,29.1539986,0 -82.1258776,29.1541049,0 -82.1263089,29.1543738,0 -82.1265293,29.1545111,0 -82.1268534,29.15471700000001,0 -82.1268639,29.1547241,0 -82.12725,29.1549845,0 -82.1277645,29.1553613,0 -82.1279182,29.1554849,0 -82.12820809999999,29.155718,0 -82.1285635,29.1560169,0 -82.12875289999999,29.1561861,0 -82.1290049,29.1564164,0 -82.1294774,29.156871,0 -82.1295621,29.1569545,0 -82.1296818,29.1570857,0 -82.1301036,29.1575658,0 -82.1301273,29.1575924,0 -82.1302506,29.1577323,0 -82.1303733,29.1578687,0 -82.1306139,29.1581742,0 -82.1309069,29.1585523,0 -82.1311886,29.1589232,0 -82.1316552,29.159545,0 -82.1319204,29.1598967,0 -82.13468589999999,29.1635636,0 -82.1351409,29.1641676,0 -82.1352359,29.1642937,0 -82.13524409999999,29.164309,0 -82.1354132,29.164623,0 -82.135572,29.16483149999999,0 -82.1356179,29.1648918,0 -82.13571159999999,29.1650162,0 -82.1357871,29.1651154,0 -82.1359473,29.1653262,0 -82.1360859,29.1655083,0 -82.1362089,29.1656677,0 -82.1362195,29.1656819,0 -82.13637850000001,29.1658952,0 -82.1365474,29.1661217,0 -82.13670089999999,29.1663276,0 -82.1369294,29.1666293,0 -82.13707119999999,29.1668095,0 -82.1373177,29.1671422,0 -82.13739959999999,29.1672504,0 -82.1375202,29.1674096,0 -82.1375891,29.1674999,0 -82.1376399,29.1675665,0 -82.1377075,29.16765609999999,0 -82.1377705,29.1677397,0 -82.1379082,29.1679223,0 -82.13809139999999,29.16816529999999,0 -82.1381461,29.1682378,0 -82.1384319,29.1686242,0 -82.13857179999999,29.1688025,0 -82.1386852,29.1689524,0 -82.13903639999999,29.1694242,0 -82.13914370000001,29.16956830000001,0 -82.13915849999999,29.1695881,0 -82.13932079999999,29.1698306,0 -82.13945769999999,29.1700487,0 -82.1396281,29.1703533,0 -82.1397077,29.170504,0 -82.1397679,29.170618,0 -82.1398655,29.1708406,0 -82.139984,29.171125,0 -82.1400336,29.1712441,0 -82.14012580000001,29.171496,0 -82.1401797,29.1716431,0 -82.1402104,29.1717651,0 -82.14026130000001,29.1719673,0 -82.1402696,29.1720005,0 -82.1402949,29.1721073,0 -82.140317,29.1722004,0 -82.1403301,29.1722555,0 -82.1403373,29.1722858,0 -82.14034770000001,29.1723451,0 -82.1403864,29.1725657,0 -82.14039769999999,29.1726301,0 -82.1404405,29.1729591,0 -82.1404491,29.1730603,0 -82.14046449999999,29.1732429,0 -82.1404727,29.1733406,0 -82.140478,29.173523,0 -82.14048150000001,29.1736387,0 -82.14048150000001,29.1736546,0 -82.1404813,29.1742815,0 -82.14047840000001,29.1746196,0 -82.1404749,29.1750407,0 -82.1404738,29.175162,0 -82.1404733,29.1752396,0 -82.1404723,29.1754134,0 -82.1404722,29.1754241,0 -82.1404715,29.17554,0 -82.1404709,29.1756381,0 -82.14047069999999,29.17566770000001,0 -82.1404696,29.1758596999999,0 -82.14046860000001,29.1760231,0 -82.1404658,29.1764196,0 -82.1404656,29.1764526,0 -82.140463,29.1768515,0 -82.14046039999999,29.1773324000001,0 -82.1404593,29.1775491,0 -82.14045849999999,29.1777131,0 -82.1404574,29.177906,0 -82.14045710000001,29.1779682,0 -82.1404565,29.1780914,0 -82.14045609999999,29.1781628,0 -82.1404556,29.1782507,0 -82.1404543,29.1784993,0 -82.1404533,29.1786924,0 -82.1404531,29.1787231,0 -82.14045179999999,29.1789587,0 -82.1404515,29.1790122,0 -82.14045110000001,29.1790929,0 -82.1404503,29.1792394,0 -82.14044920000001,29.1793955,0 -82.14044680000001,29.1797187,0 -82.1404442,29.1800707,0 -82.1405111,29.1802739,0 -82.1405103,29.1803349,0 -82.1405091,29.1804335,0 -82.14044060000001,29.1806145,0 -82.1404383,29.1809595,0 -82.1404371,29.1811411,0 -82.14043529999999,29.181438,0 -82.14043270000001,29.1818677,0 -82.1404319,29.18254,0 -82.1404318,29.1825966,0 -82.1404314,29.1826593,0 -82.1404301,29.1828946,0 -82.1404284,29.1831942,0 -82.1404277,29.1833301,0 -82.1404216,29.1840534,0 -82.1404196,29.1842598,0 -82.14041709999999,29.1845149,0 -82.1404854,29.1847778,0 -82.14048440000001,29.1849178,0 -82.1404438,29.1850216,0 -82.1404161,29.1850922,0 -82.1404149,29.1853097,0 -82.1404139,29.1854986,0 -82.14047770000001,29.1857288,0 -82.1404756,29.1860193,0 -82.1404749,29.1861201,0 -82.1404746,29.1861731,0 -82.14047170000001,29.1864148,0 -82.1404649,29.1867053,0 -82.1404599,29.1869155,0 -82.1404588,29.1869626,0 -82.140457,29.1870391,0 -82.14045299999999,29.1871515,0 -82.1403894,29.1872368,0 -82.1403895,29.1872441,0 -82.1403947,29.187738,0 -82.1403961,29.18786830000001,0 -82.14039560000001,29.1881573,0 -82.1403949,29.1885099999999,0 -82.1403947,29.1885884,0 -82.1404076,29.1886934,0 -82.1404419,29.1889723,0 -82.14044730000001,29.1890164,0 -82.1404581,29.189347,0 -82.14047979999999,29.1896901,0 -82.1405194,29.1900081,0 -82.1405609,29.1902694,0 -82.14062939999999,29.19057,0 -82.14070510000001,29.1908644,0 -82.14079169999999,29.1911509,0 -82.1410351,29.1919458,0 -82.1414712,29.1934025,0 -82.1415806,29.193794,0 -82.14163430000001,29.1940019,0 -82.14171709999999,29.194323,0 -82.14177429999999,29.1946168,0 -82.1417952,29.1947243,0 -82.1418717,29.1952052,0 -82.1419278,29.1956336,0 -82.141972,29.1960749,0 -82.14199240000001,29.1963799,0 -82.1420001,29.1964959,0 -82.1420213,29.1969254,0 -82.1420207,29.1970694,0 -82.1420198,29.1971692,0 -82.1420196,29.19745929999999,0 -82.1420159,29.1976722,0 -82.14199859999999,29.1980615,0 -82.1419812,29.1986446,0 -82.14197729999999,29.199472,0 -82.14198500000001,29.201634,0 -82.1419812,29.2023923,0 -82.1419677,29.2040083,0 -82.1419696,29.2045223,0 -82.14200150000001,29.2051187,0 -82.14204890000001,29.2057321,0 -82.1420669,29.2059027,0 -82.1421046,29.2062605,0 -82.1421137,29.2063571,0 -82.1421326,29.2064724,0 -82.1422597,29.20724909999999,0 -82.1423514,29.2077269,0 -82.1423563,29.2077489,0 -82.1424717,29.2082649,0 -82.14266069999999,29.2089986,0 -82.142771,29.2093761,0 -82.1429188,29.2098419,0 -82.14316150000001,29.2105164,0 -82.1434089,29.2111625,0 -82.14359899999999,29.2116592,0 -82.1437208,29.2119783,0 -82.1437839,29.2121436,0 -82.1438926,29.2124284,0 -82.1441076,29.2129919,0 -82.1446728,29.2144537,0 -82.1447915,29.2147377,0 -82.144992,29.2152175,0 -82.14534159999999,29.2160083,0 -82.1453425,29.2160104,0 -82.1455636,29.2165248,0 -82.14569090000001,29.2168406,0 -82.14582849999999,29.2172071,0 -82.1460343,29.2178304,0 -82.146164,29.2182817999999,0 -82.1463117,29.2188796,0 -82.1463274,29.2189429999999,0 -82.1463543,29.2190694,0 -82.1465017,29.2197603,0 -82.14666579999999,29.220427,0 -82.1468802,29.221139,0 -82.14708039999999,29.2217853999999,0 -82.1473858,29.2227483,0 -82.147491,29.2230798,0 -82.14752059999999,29.2231738,0 -82.14775349999999,29.2239027,0 -82.1480646,29.2248763,0 -82.14834639999999,29.225758,0 -82.148493,29.2262198,0 -82.1488088,29.2272142,0 -82.14888310000001,29.2274482,0 -82.1489691,29.2277190000001,0 -82.1490683,29.2280314,0 -82.1491779,29.2283767,0 -82.1492954,29.2287466,0 -82.1496765,29.2299468,0 -82.1500291,29.2310573,0 -82.15059100000001,29.232826,0 -82.15085740000001,29.2336905,0 -82.15113239999999,29.2345830000001,0 -82.15130550000001,29.2351784,0 -82.15145699999999,29.2357632,0 -82.1516199,29.2364474,0 -82.1517254,29.2369718,0 -82.15182009999999,29.23747240000001,0 -82.1519105,29.2379734,0 -82.1519553,29.2382721,0 -82.15196709999999,29.2383506,0 -82.15198719999999,29.2384847,0 -82.1520202,29.238741,0 -82.1520737,29.2391574,0 -82.1521465,29.2398008,0 -82.1522016,29.2404735,0 -82.15222919999999,29.2409419,0 -82.15223880000001,29.2411049,0 -82.1522442,29.2412295,0 -82.1522684,29.2417843999999,0 -82.1522744,29.2424276,0 -82.1522691,29.2439464,0 -82.152264,29.2448919999999,0 -82.15225890000001,29.2458409,0 -82.1522518,29.2477835,0 -82.1522338,29.249598,0 -82.1522276,29.2504479,0 -82.1522145,29.2522613,0 -82.1521845,29.255577,0 -82.1521601,29.2582703,0 -82.1521552,29.2588068,0 -82.1521487,29.2595247,0 -82.15215120000001,29.2596796,0 -82.1521513,29.2598926,0 -82.1521515,29.2604097,0 -82.1521496,29.2606227,0 -82.1521474,29.2612153,0 -82.1521441,29.2625277,0 -82.1521391,29.2636412,0 -82.1521364,29.264238,0 -82.1521278,29.2661577,0 -82.1521266,29.2664303,0 -82.1521249,29.2668127,0 -82.152124,29.2669708,0 -82.1521224,29.2672528,0 -82.1521199,29.2677055,0 -82.1521182,29.26801439999999,0 -82.1521166,29.268301,0 -82.152111,29.2692381,0 -82.152101,29.2709203,0 -82.15210020000001,29.2712464,0 -82.1520833,29.274085,0 -82.15207220000001,29.2759365,0 -82.1520319,29.2813992,0 -82.15202240000001,29.2850055,0 -82.1519985,29.2886186,0 -82.1519874,29.2910871,0 -82.1519814,29.2936871,0 -82.1519656,29.29595,0 -82.1519579,29.2973996,0 -82.1519462,29.2995916,0 -82.1519234,29.3020268,0 -82.15191059999999,29.3049253,0 -82.1518932,29.3088516,0 -82.1518839,29.3109612,0 -82.1518715,29.3129346,0 -82.15185719999999,29.3155828,0 -82.1518403,29.3180714,0 -82.1518288,29.3205605,0 -82.15182249999999,29.3218225,0 -82.1518162,29.3230691,0 -82.15180359999999,29.3255656,0 -82.1517968,29.3269105,0 -82.151791,29.3280633,0 -82.15177869999999,29.3305182,0 -82.1517621,29.3338128,0 -82.1517564,29.3349395,0 -82.151753,29.3355801,0 -82.15173969999999,29.3380468,0 -82.1517344,29.338811,0 -82.1517344,29.3391173,0 -82.1517344,29.3396528,0 -82.1517444,29.3409194,0 -82.1517135,29.3412553,0 -82.1516888,29.3414426,0 -82.1516592,29.3416123,0 -82.1515816,29.3419172,0 -82.15148069999999,29.3421645,0 -82.1513757,29.3423674,0 -82.15123610000001,29.3426051,0 -82.151066,29.3428418,0 -82.150884,29.3430599,0 -82.1505391,29.3434246,0 -82.150171,29.3438191,0 -82.14928020000001,29.3447737,0 -82.148363,29.3457638,0 -82.1481649,29.3459777,0 -82.14768309999999,29.3464859,0 -82.1472454,29.3469655,0 -82.14693819999999,29.3473278,0 -82.1467193,29.3476324,0 -82.14647650000001,29.3479849,0 -82.1458562,29.3491389,0 -82.145149,29.3504547,0 -82.1447175,29.3512514,0 -82.1438327,29.3529226,0 -82.1425179,29.3553878,0 -82.1419791,29.3563981,0 -82.14120490000001,29.3578496,0 -82.1398988,29.3602982,0 -82.1390463,29.3618966,0 -82.1385049,29.3629116,0 -82.1382461,29.3634029,0 -82.1373213,29.3651591,0 -82.1361776,29.3672957,0 -82.1360586,29.367518,0 -82.1358666,29.3678794,0 -82.1347426,29.3699884,0 -82.1334227,29.3724653,0 -82.132155,29.374844,0 -82.1308489,29.3772955,0 -82.1295485,29.3797359,0 -82.1282456,29.3821812,0 -82.1269499,29.3846129,0 -82.12564620000001,29.3870595,0 -82.1249947,29.3882819000001,0 -82.124718,29.38877310000001,0 -82.1245354,29.3890617,0 -82.1243252,29.3893581,0 -82.1239776,29.3898027,0 -82.123717,29.3900902,0 -82.1225117,29.3913458,0 -82.1207172,29.393221,0 -82.1206657,29.3932746,0 -82.1189267,29.3950864,0 -82.11873300000001,29.3952879,0 -82.1184097,29.3956239,0 -82.1171222,29.3969627,0 -82.1171076,29.3969783,0 -82.11686229999999,29.3972402,0 -82.11574589999999,29.3984047,0 -82.1152945,29.3988897,0 -82.115101,29.3991236,0 -82.11489280000001,29.3994065,0 -82.11473460000001,29.3996514,0 -82.1145715,29.3999526,0 -82.1144702,29.4001628,0 -82.11437650000001,29.4004022,0 -82.1142773,29.400674,0 -82.11418690000001,29.4010112,0 -82.1141293,29.4013025,0 -82.11409140000001,29.4016446999999,0 -82.1140747,29.4021452,0 -82.11408590000001,29.4044145,0 -82.1140815,29.4045318,0 -82.11407560000001,29.4046919,0 -82.11404039999999,29.4049603,0 -82.1140331,29.4050162,0 -82.1139878,29.4052658,0 -82.1138983,29.40560869999999,0 -82.1137933,29.4059351,0 -82.1136599,29.4062614,0 -82.11350090000001,29.4065754,0 -82.11331079999999,29.4068969,0 -82.1131135,29.407175,0 -82.1128978,29.4074495,0 -82.11265090000001,29.4077251,0 -82.1123274,29.4080392,0 -82.1117143,29.4085832000001,0 -82.111493,29.4087995,0 -82.11127159999999,29.4090356,0 -82.11108280000001,29.4092668,0 -82.11089339999999,29.4095244,0 -82.1107161,29.4098094,0 -82.11056139999999,29.4100901,0 -82.1104323,29.4103583,0 -82.1103236,29.410631,0 -82.11013989999999,29.4112789,0 -82.1100907,29.4115332,0 -82.1100503,29.4118213,0 -82.11003820000001,29.4121773,0 -82.1100395,29.4127898,0 -82.1100447,29.414058,0 -82.1100485,29.4153192,0 -82.1100442,29.4165837,0 -82.1099828,29.4178573,0 -82.10999870000001,29.4192175,0 -82.1100046,29.4194969,0 -82.1100194,29.4206566,0 -82.1100108,29.4231472,0 -82.11000850000001,29.4238173,0 -82.1100033,29.4242917,0 -82.10999700000001,29.4248624,0 -82.11000110000001,29.4259618,0 -82.1100002,29.4262019,0 -82.1100016,29.4274143,0 -82.11000249999999,29.4281638,0 -82.1100058,29.4309291,0 -82.11000679999999,29.4318123,0 -82.1100072,29.4321451,0 -82.11000900000001,29.4336837,0 -82.11000060000001,29.4345243,0 -82.1099816,29.4349373,0 -82.1099577,29.4353108,0 -82.1099177,29.4357641,0 -82.1098605,29.4362379,0 -82.10979469999999,29.4366935,0 -82.10971910000001,29.4371704,0 -82.1089654,29.4417021,0 -82.10892490000001,29.4419649,0 -82.1086105,29.443897,0 -82.1085532,29.4442453000001,0 -82.1085047,29.4446091,0 -82.108476,29.4449543,0 -82.1084491,29.4453478,0 -82.108442,29.4457023,0 -82.1084348,29.4460834,0 -82.1084366,29.4463941,0 -82.1084474,29.446733,0 -82.1084908,29.4474266,0 -82.108542,29.4478918,0 -82.1086083,29.4484118,0 -82.1088785,29.4504566,0 -82.1090064,29.4514132,0 -82.109132,29.4524486,0 -82.1092347,29.4534852,0 -82.1093023,29.4544505,0 -82.1093554,29.4554546,0 -82.1094765,29.4580256,0 -82.1096069,29.4607962,0 -82.1096482,29.4617398,0 -82.10963750000001,29.4621645,0 -82.1096034,29.4625376,0 -82.1095352,29.4628812,0 -82.1094545,29.4632215,0 -82.1093434,29.4635603,0 -82.10920110000001,29.4638905,0 -82.10899689999999,29.4642814,0 -82.10878769999999,29.4646214,0 -82.1085303,29.4649604,0 -82.1082665,29.4652563,0 -82.1079774,29.4655411,0 -82.10769209999999,29.4658106,0 -82.10733999999999,29.4661433,0 -82.10684980000001,29.4666161,0 -82.1065806,29.4668639,0 -82.1062797,29.4671729,0 -82.1060358,29.4674247,0 -82.1058079,29.4677058,0 -82.1055844,29.4680174000001,0 -82.1053726,29.4683849,0 -82.10520459999999,29.468741,0 -82.1050493,29.4691308,0 -82.104957,29.4694581,0 -82.10489130000001,29.4697544,0 -82.1048577,29.4699693,0 -82.10481969999999,29.4703343,0 -82.1048258,29.4708315,0 -82.1049482,29.4727731,0 -82.1049774,29.4732882,0 -82.1049862,29.4737612,0 -82.10497599999999,29.4742152,0 -82.1049433,29.4746987,0 -82.1048864,29.4751301,0 -82.1048038,29.4755779,0 -82.1047171,29.4759699,0 -82.1042047,29.4779985,0 -82.1035198,29.4806432,0 -82.10175169999999,29.4874994,0 -82.10014289999999,29.4937766,0 -82.09962470000001,29.4957897,0 -82.09949640000001,29.4962917,0 -82.0994117,29.49677,0 -82.0993435,29.4972608,0 -82.0992907,29.4977355,0 -82.09926919999999,29.4981149,0 -82.0992588,29.498523,0 -82.09926230000001,29.5000406,0 -82.0992602,29.5020262,0 -82.0992708,29.5030144,0 -82.09928429999999,29.5037264,0 -82.0993081,29.504551,0 -82.0993421,29.5050515,0 -82.0994031,29.505596,0 -82.09947390000001,29.506075,0 -82.09954620000001,29.5065137,0 -82.0996329,29.5069595,0 -82.09974029999999,29.507427,0 -82.09986429999999,29.50788,0 -82.09999860000001,29.5083133,0 -82.1001535,29.5087412,0 -82.10033730000001,29.5091918,0 -82.1007142,29.5102086,0 -82.1008795,29.5107326,0 -82.1010041,29.5112534,0 -82.10108,29.5115801,0 -82.1011659,29.5119961999999,0 -82.1018918,29.516598,0 -82.1026889,29.5216284000001,0 -82.1027437,29.5220308,0 -82.10279920000001,29.5224874,0 -82.10282909999999,29.5229023,0 -82.1028591,29.5235193,0 -82.1028561,29.5241703,0 -82.10282909999999,29.524803,0 -82.10276020000001,29.5254553,0 -82.1025691,29.526737,0 -82.101451,29.5337226,0 -82.1002371,29.5413754,0 -82.0992236,29.5476226,0 -82.09905190000001,29.5486809,0 -82.0988045,29.5502027,0 -82.09872559999999,29.5505767,0 -82.0986326,29.5509653,0 -82.0985232,29.551354,0 -82.09841520000001,29.5517179,0 -82.09792419999999,29.5532005,0 -82.09749859999999,29.5544854,0 -82.0955479,29.5603421,0 -82.0927003,29.5688613,0 -82.0907473,29.5746993,0 -82.0903314,29.5759173,0 -82.09018089999999,29.5763101,0 -82.0900303,29.5766549,0 -82.08981900000001,29.5770897,0 -82.08929620000001,29.5780071,0 -82.0889507,29.5785933,0 -82.0875784,29.580929,0 -82.0875181,29.5810329,0 -82.0869233,29.5820563,0 -82.0866219,29.5825843,0 -82.08604,29.583582,0 -82.0858975,29.5838312,0 -82.085752,29.5841081,0 -82.08556400000001,29.5844958,0 -82.08539639999999,29.5848879,0 -82.08525899999999,29.585261,0 -82.0851225,29.5856778,0 -82.0850361,29.5859898,0 -82.0849673,29.5862653,0 -82.0849104,29.5865393,0 -82.0848525,29.5868502,0 -82.08483099999999,29.5869902,0 -82.0848099,29.5871275,0 -82.0847641,29.5875261,0 -82.084738,29.5879219,0 -82.08472810000001,29.5883014,0 -82.0847225,29.5887139,0 -82.08470699999999,29.5907398,0 -82.084718,29.5909433,0 -82.0847268,29.591105,0 -82.08473739999999,29.5912272,0 -82.0847552,29.591432,0 -82.0848091,29.5917639,0 -82.0848805,29.592118,0 -82.0849439,29.592387,0 -82.0850052,29.5926272,0 -82.08511009999999,29.5929447,0 -82.08529160000001,29.5933978,0 -82.0858774,29.594713,0 -82.0860483,29.5950966,0 -82.0863992,29.5958446,0 -82.08647190000001,29.5960214,0 -82.086555,29.5962548,0 -82.0866224,29.5964443,0 -82.0866714,29.5965819,0 -82.0866917,29.5966617,0 -82.08678039999999,29.5970099,0 -82.0868194,29.5971955,0 -82.08688789999999,29.5976539,0 -82.0869306,29.5980257,0 -82.08699369999999,29.5988544,0 -82.0870748,29.5996774,0 -82.08714139999999,29.6001671,0 -82.0872116,29.6005324,0 -82.0872825,29.6008447,0 -82.08738630000001,29.6012228000001,0 -82.0874929,29.6015685,0 -82.08768449999999,29.6021176,0 -82.0881815,29.60334,0 -82.08846,29.60400630000001,0 -82.0891517,29.6057358,0 -82.0895658,29.6067783,0 -82.09004109999999,29.607996,0 -82.09058829999999,29.6093497,0 -82.0907366,29.6096632,0 -82.0909082,29.6099717,0 -82.09109580000001,29.6102649999999,0 -82.0913019,29.6105643,0 -82.0916469,29.6109792,0 -82.09197690000001,29.611342,0 -82.09354399999999,29.6130769,0 -82.0938738,29.6134502,0 -82.094129,29.6137543,0 -82.0943706,29.6140885,0 -82.0946158,29.6144712,0 -82.0947948,29.6148153,0 -82.0948662,29.6149706,0 -82.0949755,29.615208,0 -82.0953245,29.6159998,0 -82.0972573,29.6203097,0 -82.0977304,29.6213989,0 -82.1010187,29.6287248,0 -82.1017952,29.6304361,0 -82.10298160000001,29.633083,0 -82.1055174,29.6387401,0 -82.1066081,29.6412068,0 -82.1094863,29.6476323,0 -82.1107547,29.650488,0 -82.1123012,29.6539698,0 -82.11540220000001,29.6609484,0 -82.11640730000001,29.6632211,0 -82.11660569999999,29.6636696,0 -82.1194112,29.6699925,0 -82.1223835,29.676691,0 -82.12271459999999,29.6774373,0 -82.1252796,29.683201,0 -82.1268231,29.6866746,0 -82.12966,29.6930591,0 -82.13077629999999,29.6955626,0 -82.1312657,29.6966658,0 -82.1325166,29.6994855,0 -82.1356957,29.7066725,0 -82.1375675,29.7108676,0 -82.13779340000001,29.7113738,0 -82.1391023,29.7143096,0 -82.13936959999999,29.7149456,0 -82.1396251,29.7157671,0 -82.13987830000001,29.7167518,0 -82.14000179999999,29.7172623,0 -82.1403928,29.7188779,0 -82.1406432,29.7198631,0 -82.1408821,29.7208943,0 -82.1410307,29.7215697,0 -82.1410834,29.7218951,0 -82.1411165,29.7221348,0 -82.1411592,29.7224521,0 -82.14120389999999,29.7229351,0 -82.1412287,29.7232902,0 -82.1412375,29.7235884,0 -82.1412414,29.7239874,0 -82.14124200000001,29.7246968,0 -82.1412424,29.7251037,0 -82.1412409,29.7262956,0 -82.1412442,29.728471,0 -82.1412474,29.7305711,0 -82.1412411,29.7316087,0 -82.1412411,29.733257,0 -82.1412411,29.7359069,0 -82.1412411,29.7385827,0 -82.1412411,29.7412456,0 -82.1412399,29.7465625,0 -82.1412377,29.7518853,0 -82.1412356,29.7572519,0 -82.14123480000001,29.759128,0 -82.1412402,29.7593606,0 -82.1412589,29.7596021,0 -82.14130659999999,29.7599387,0 -82.1413802,29.7602717,0 -82.1414527,29.76051319999999,0 -82.14155100000001,29.7607873,0 -82.14165029999999,29.7610289,0 -82.14178130000001,29.7612887,0 -82.14196440000001,29.76161069999999,0 -82.1421414,29.7618612,0 -82.1423613,29.7621424,0 -82.1425752,29.7623799,0 -82.1427845,29.7625867,0 -82.1430227,29.7627950000001,0 -82.1432393,29.762973,0 -82.1435915,29.7632356999999,0 -82.1460873,29.7650543,0 -82.1463159,29.7652209,0 -82.14870139999999,29.76696099999999,0 -82.1511071,29.7687157,0 -82.1533263,29.7703358,0 -82.15793309999999,29.7736989,0 -82.1621074,29.776742,0 -82.1635914,29.7778239,0 -82.1641913,29.7782629,0 -82.16566469999999,29.77933459999999,0 -82.16592900000001,29.779538,0 -82.166202,29.7797679,0 -82.1664281,29.7799752,0 -82.1666676,29.7802282,0 -82.166906,29.7804991,0 -82.1670895,29.7807685,0 -82.1672646,29.7810891,0 -82.1673758,29.7813594,0 -82.1674493,29.7815922,0 -82.1674976,29.7818044,0 -82.1675406,29.7820615,0 -82.1675525,29.7822494,0 -82.16755740000001,29.782547,0 -82.16757459999999,29.783859,0 -82.1675906,29.7847892,0 -82.16758160000001,29.7856904,0 -82.1675822,29.7869582,0 -82.1675824,29.7874905,0 -82.1675181,29.7893299,0 -82.1674727,29.7903441,0 -82.16747100000001,29.7906815,0 -82.16747789999999,29.790902,0 -82.16750690000001,29.7912574,0 -82.1675173,29.791504,0 -82.1675316,29.7917616000001,0 -82.1675537,29.7923061,0 -82.1675692,29.7929501,0 -82.1675662,29.7934735,0 -82.16756359999999,29.7939377,0 -82.1675644,29.7942393,0 -82.16756530000001,29.794569,0 -82.1675663,29.7949381,0 -82.16756479999999,29.795588,0 -82.1675662,29.7963952,0 -82.1675673,29.7970422,0 -82.1675688,29.7978582,0 -82.1675694,29.7981769,0 -82.1675664,29.7990292,0 -82.16759759999999,29.7999409,0 -82.167615,29.8001879,0 -82.1676846,29.8011749,0 -82.1677304,29.8020484,0 -82.16774650000001,29.8025997,0 -82.1677643,29.8033692,0 -82.16776489999999,29.8040246,0 -82.16776609999999,29.8074011,0 -82.1677668,29.8093585999999,0 -82.1677639,29.8115431,0 -82.167762,29.8129858,0 -82.1677665,29.8136263,0 -82.1677653,29.81513169999999,0 -82.167765,29.8155674,0 -82.16776470000001,29.8159117,0 -82.1677639,29.816915,0 -82.16776350000001,29.8174735,0 -82.16776299999999,29.8180756,0 -82.16776299999999,29.818184,0 -82.1677638,29.8196179,0 -82.1677643,29.8204485,0 -82.1677664,29.820905,0 -82.1677629,29.8237867,0 -82.1677639,29.8240221,0 -82.1677672,29.8271517,0 -82.1677675,29.827446,0 -82.1677674,29.8274873,0 -82.167761,29.8298967,0 -82.1677593,29.8305281,0 -82.1677419,29.8312436,0 -82.16770990000001,29.8318313,0 -82.16763,29.8323427,0 -82.1675321,29.8328524,0 -82.16738220000001,29.8334332,0 -82.1672023,29.8339949,0 -82.1671293,29.8341775,0 -82.16698049999999,29.8345497,0 -82.1668832,29.8347582,0 -82.1667211,29.8351056,0 -82.1665277,29.8354672,0 -82.1662958,29.8358608,0 -82.1659781,29.8363496,0 -82.1656583,29.8367813,0 -82.1643091,29.8385754,0 -82.1639314,29.83912279999999,0 -82.163712,29.8394198,0 -82.1634955,29.8397188,0 -82.16215080000001,29.8414705,0 -82.1606524,29.84350239999999,0 -82.16035789999999,29.8439523,0 -82.1600802,29.8444544,0 -82.15986270000001,29.8449376,0 -82.1596753,29.8454111,0 -82.1588326,29.8475878,0 -82.15848699999999,29.848471,0 -82.15821200000001,29.849158,0 -82.15765570000001,29.8505473,0 -82.1570273,29.8520581,0 -82.1566253,29.8529989,0 -82.1564288,29.8534512,0 -82.1555645,29.8554409,0 -82.15538650000001,29.8558767,0 -82.1552085,29.8563368,0 -82.1550369,29.8568388,0 -82.1550256,29.8568718999999,0 -82.1548044,29.8576274,0 -82.1547115,29.8579713,0 -82.154616,29.8583699,0 -82.1543703,29.8595808,0 -82.1543321,29.8597674,0 -82.1541874,29.8604745,0 -82.15390859999999,29.8618266,0 -82.153432,29.864175,0 -82.1533677,29.8644932,0 -82.1533228,29.8647154,0 -82.1530027,29.8663,0 -82.15295070000001,29.8665573,0 -82.15290950000001,29.8667531,0 -82.1528855,29.8668669,0 -82.15280850000001,29.8672461,0 -82.1523648,29.8694313,0 -82.1523253,29.8696257,0 -82.1521228,29.8706229,0 -82.1517746,29.8723381,0 -82.1516657,29.8728742,0 -82.15149940000001,29.8736934,0 -82.15141610000001,29.8741036,0 -82.15128199999999,29.8747638,0 -82.1507848,29.8772121,0 -82.1504545,29.8788387,0 -82.1503551,29.87930890000001,0 -82.1502239,29.8797591,0 -82.1500795,29.8802119,0 -82.1499019,29.8806623,0 -82.14973670000001,29.8810478,0 -82.14953250000001,29.8814562,0 -82.1493138,29.8818546,0 -82.1490895,29.8822208,0 -82.1488447,29.8825811,0 -82.1485485,29.8829857,0 -82.14829930000001,29.8832929,0 -82.1480313,29.8836097,0 -82.1477108,29.8839542,0 -82.14741100000001,29.8842369,0 -82.1470061,29.8846091,0 -82.1465994,29.8849470000001,0 -82.14517360000001,29.88602729999999,0 -82.14333980000001,29.8874137,0 -82.1431755,29.88753790000001,0 -82.1429277,29.8877304,0 -82.14267460000001,29.887927,0 -82.14222289999999,29.8883267,0 -82.1417994,29.8887362,0 -82.14139830000001,29.8891521,0 -82.1409991,29.8896412,0 -82.14060929999999,29.8901514,0 -82.14026819999999,29.8906633,0 -82.1399423,29.8912114,0 -82.13976460000001,29.8915578,0 -82.13958460000001,29.8919429,0 -82.1394122,29.8923507,0 -82.13926979999999,29.8927374000001,0 -82.13901060000001,29.8935033,0 -82.1389698,29.8936282,0 -82.1382526,29.8958003,0 -82.1381727,29.8960423,0 -82.1380427,29.8964364,0 -82.13799729999999,29.8965739,0 -82.1379532,29.8967074,0 -82.13724790000001,29.8988271,0 -82.13703700000001,29.899467,0 -82.1368908,29.8999389,0 -82.1367429,29.9004381,0 -82.136618,29.9009401,0 -82.13650060000001,29.901493,0 -82.1363918,29.902071,0 -82.1362783,29.9026647,0 -82.1360932,29.9037497,0 -82.13599619999999,29.9043183,0 -82.1359302,29.9047055,0 -82.1359135,29.9048034,0 -82.1354714,29.907325,0 -82.1352411,29.90856,0 -82.135164,29.909035,0 -82.1351311,29.9092657,0 -82.13502010000001,29.9098635,0 -82.13491670000001,29.9103495,0 -82.1348577,29.9105993,0 -82.13464329999999,29.9113283,0 -82.13451379999999,29.9117484,0 -82.1344491,29.9119941,0 -82.1343844,29.9122612,0 -82.1343507,29.9124385,0 -82.1343351,29.9125202,0 -82.1342858,29.9128006,0 -82.1342497,29.9132083,0 -82.1342585,29.9136184,0 -82.13429600000001,29.9142833,0 -82.1343068,29.914694,0 -82.1343443,29.9149366,0 -82.1344998,29.9157479,0 -82.1345961,29.9160819,0 -82.1346393,29.9162408,0 -82.1343846,29.9163047,0 -82.1342598,29.9163361,0 -82.13381990000001,29.9164349,0 -82.1335839,29.9164954,0 -82.1331306,29.9166302,0 -82.13276449999999,29.9167697,0 -82.1325204,29.916865,0 -82.1323246,29.9169801,0 -82.1315682,29.9173776,0 -82.1311596,29.9176344,0 -82.13099219999999,29.9177628,0 -82.13085940000001,29.9178745,0 -82.13069470000001,29.9180135,0 -82.13023200000001,29.918444,0 -82.13004669999999,29.9186568,0 -82.1292502,29.9196384,0 -82.1289009,29.9200721,0 -82.12810349999999,29.921062,0 -82.1268805,29.9225938,0 -82.12570700000001,29.9240636,0 -82.12513989999999,29.92477390000001,0 -82.125084,29.9248439,0 -82.1244116,29.9256737,0 -82.1238275,29.926401,0 -82.1234528,29.9268675,0 -82.12313570000001,29.9272623,0 -82.1231011,29.927308,0 -82.12307180000001,29.9273468,0 -82.1228942,29.9275747,0 -82.12254470000001,29.9280038,0 -82.1224193,29.9281481,0 -82.1221985,29.9284023,0 -82.1217901,29.9288165,0 -82.12149119999999,29.9290928,0 -82.1213072,29.9292493,0 -82.1209918,29.9294914,0 -82.11962200000001,29.9305231,0 -82.1190849,29.93092770000001,0 -82.11734680000001,29.9322296,0 -82.1167001,29.932714,0 -82.1165541,29.9328233,0 -82.1164206,29.9329228,0 -82.11606810000001,29.9331857,0 -82.11564300000001,29.93350269999999,0 -82.1154863,29.9336195,0 -82.1152956,29.9337618,0 -82.1148719,29.934078,0 -82.1148302,29.9341095,0 -82.11438320000001,29.9344467,0 -82.1140558,29.9347259,0 -82.11372830000001,29.9350505,0 -82.1134795,29.9353197,0 -82.1132736,29.9355699,0 -82.113114,29.9357906,0 -82.1129669,29.9360045,0 -82.1128605,29.9361644,0 -82.11273319999999,29.936384,0 -82.11252260000001,29.93672279999999,0 -82.1124396,29.9369225,0 -82.1123635,29.9371137,0 -82.1123164,29.9372321,0 -82.1122182,29.9374998,0 -82.1121749,29.937618,0 -82.1120966,29.93783150000001,0 -82.1120427,29.9379787,0 -82.1119159,29.9383246,0 -82.11188,29.9384224,0 -82.11186789999999,29.9384553,0 -82.1117733,29.9387117,0 -82.1116701,29.9389916,0 -82.1116111,29.9391516,0 -82.1115667,29.9392719999999,0 -82.11150790000001,29.9394314,0 -82.11143730000001,29.9396229,0 -82.1113672,29.9398129,0 -82.11131760000001,29.9399475,0 -82.1112693,29.9401108,0 -82.11122829999999,29.9402494,0 -82.1112019,29.940377,0 -82.11117280000001,29.9407215,0 -82.1111691,29.9409674,0 -82.1111988,29.9412128,0 -82.1112045,29.9412598,0 -82.11124599999999,29.9414553,0 -82.11126230000001,29.9415129,0 -82.11130780000001,29.9416737,0 -82.1113117,29.9416849,0 -82.1113239,29.9417198,0 -82.1113785,29.9418769,0 -82.1115336,29.9422339,0 -82.1115743,29.9423277,0 -82.1116536,29.9425725,0 -82.1116919,29.9427631,0 -82.111693,29.9427702,0 -82.1117252,29.9429689,0 -82.11173669999999,29.9431258,0 -82.1117378,29.9431412,0 -82.1117385,29.9434028,0 -82.1117232,29.9436095,0 -82.1117072,29.9437096,0 -82.1116854,29.9438462,0 -82.1116483,29.9439835,0 -82.1115971,29.94417260000001,0 -82.111452,29.9445792,0 -82.111217,29.9452422,0 -82.1111968,29.9452968,0 -82.1109462,29.9460199,0 -82.11082089999999,29.9463641,0 -82.1107425,29.946586,0 -82.11038689999999,29.9475922,0 -82.1103607,29.9476664,0 -82.11033639999999,29.9477303,0 -82.11021220000001,29.9480564,0 -82.1101633,29.9481849,0 -82.1100035,29.9486047,0 -82.1099772,29.9486737,0 -82.1098294,29.9490377,0 -82.1095997,29.9496679,0 -82.1094408,29.9501038,0 -82.1094149,29.9501749,0 -82.1093888,29.9502464,0 -82.10923459999999,29.9506689,0 -82.1090617,29.9511426,0 -82.1090238,29.9512466,0 -82.1089904,29.951337,0 -82.1087825,29.9519002,0 -82.10871899999999,29.9520725,0 -82.10862539999999,29.952326,0 -82.1084202,29.9529016,0 -82.10829529999999,29.9532521,0 -82.1082,29.9535193,0 -82.1080975,29.953801,0 -82.1079275,29.9542683,0 -82.1078565,29.9544635,0 -82.1077834,29.9546646,0 -82.1077009,29.9548914,0 -82.10762579999999,29.955098,0 -82.1074607,29.955567,0 -82.1072831,29.95625220000001,0 -82.1072691,29.9562915,0 -82.1070764,29.95683,0 -82.10666329999999,29.957981,0 -82.10600599999999,29.959792,0 -82.1057603,29.960469,0 -82.10535710000001,29.9615687,0 -82.1053337,29.9616326,0 -82.10518070000001,29.96205,0 -82.1048529,29.9629268,0 -82.10480769999999,29.9630477,0 -82.1047731,29.9631415,0 -82.1043408,29.9643122,0 -82.1041535,29.9648195,0 -82.1041408,29.964854,0 -82.1040412,29.9651237,0 -82.10390099999999,29.9655034,0 -82.1037674,29.9658653,0 -82.10369009999999,29.9660746,0 -82.1035883,29.9663504,0 -82.10354719999999,29.9664617,0 -82.1035222,29.9665293,0 -82.10349720000001,29.9665973,0 -82.10307039999999,29.9677588,0 -82.1030269,29.9678772,0 -82.1028651,29.9682954,0 -82.102419,29.9693913,0 -82.1022267,29.9698636,0 -82.1021678,29.9700203,0 -82.10211049999999,29.9701725,0 -82.1019914,29.9704891,0 -82.10189630000001,29.970742,0 -82.1017536,29.9711553,0 -82.1016903,29.9713516,0 -82.1016327,29.9715301,0 -82.1015903,29.9716882,0 -82.10145420000001,29.9721914,0 -82.10138240000001,29.9724571,0 -82.10114299999999,29.9734105,0 -82.1006759,29.9752992,0 -82.10027340000001,29.9769665,0 -82.0998104,29.97887070000001,0 -82.0997575,29.9790624,0 -82.09949520000001,29.9800129,0 -82.0992597,29.9807937,0 -82.09909930000001,29.981257,0 -82.0989399,29.98167279999999,0 -82.0987102,29.9821855,0 -82.09849389999999,29.9826428,0 -82.0982332,29.98311229999999,0 -82.0972694,29.984828,0 -82.0968517,29.9855834,0 -82.0966523,29.9859524,0 -82.0963636,29.9865374,0 -82.0961435,29.9870577,0 -82.0960831,29.9872096,0 -82.09593219999999,29.9875892,0 -82.0958567,29.9878084,0 -82.0957547,29.9881045,0 -82.0956681,29.9883882,0 -82.09558939999999,29.9886462,0 -82.09547070000001,29.98909859999999,0 -82.09523919999999,29.9900901,0 -82.0951707,29.9904376,0 -82.09513010000001,29.9906956,0 -82.09511860000001,29.9908597,0 -82.0951352,29.9910237,0 -82.09519299999999,29.9912996,0 -82.0952623,29.9915297,0 -82.0953274,29.9916496,0 -82.0955594,29.9919743,0 -82.0957447,29.9921921,0 -82.095906,29.9923817,0 -82.0959324,29.9924155000001,0 -82.0960652,29.9925526,0 -82.09632139999999,29.9928512,0 -82.0964855,29.9930273,0 -82.0964271,29.9930862,0 -82.09626950000001,29.9932542,0 -82.0957339,29.9938258,0 -82.095235,29.9944263,0 -82.0951512,29.9945428,0 -82.0950003,29.9947527,0 -82.0948728,29.994962,0 -82.0943826,29.9957482,0 -82.0942472,29.9959684,0 -82.0940749,29.9962739,0 -82.093932,29.9965802,0 -82.0937438,29.997039,0 -82.0936402,29.9973461,0 -82.093512,29.9976976,0 -82.09330009999999,29.9983024,0 -82.0929909,29.9991631,0 -82.09259729999999,30.0002745,0 -82.0917146,30.0027104,0 -82.0915401,30.0031969,0 -82.0913769,30.00365469999999,0 -82.0910602,30.0045432,0 -82.0908775,30.005056,0 -82.0902632,30.0067347,0 -82.0899861,30.0075055,0 -82.0897519,30.0081569,0 -82.0879296,30.0132382,0 -82.0871879,30.015321,0 -82.0871291,30.01547130000001,0 -82.0870869,30.0155899,0 -82.087025,30.0157637,0 -82.0862214,30.0180205,0 -82.08603359999999,30.0185605,0 -82.0855799,30.0197861,0 -82.0853331,30.0203671,0 -82.0850559,30.0209699,0 -82.0847196,30.0216353,0 -82.08437309999999,30.0222719,0 -82.0840334,30.0228413,0 -82.08363110000001,30.0234647,0 -82.0832271,30.0240384,0 -82.0827792,30.0246977,0 -82.081149,30.0269027,0 -82.0796381,30.02897889999999,0 -82.0788532,30.0300576,0 -82.07813729999999,30.0310413,0 -82.07773419999999,30.0315996,0 -82.07716050000001,30.0324579,0 -82.076668,30.0332295,0 -82.0763224,30.0338054,0 -82.0760231,30.0343441,0 -82.0757129,30.0349205,0 -82.0753892,30.0355429,0 -82.07494730000001,30.0364783,0 -82.074746,30.03693850000001,0 -82.0745574,30.0373787,0 -82.0745514,30.0373928,0 -82.0744029,30.0377544999999,0 -82.07364680000001,30.0397809,0 -82.0735495,30.0400445,0 -82.0730655,30.0413559,0 -82.0728957,30.0418160000001,0 -82.0726501,30.0424295,0 -82.07258849999999,30.0425583,0 -82.07231229999999,30.0431357,0 -82.0719052,30.0442348,0 -82.07186919999999,30.0443321,0 -82.07164760000001,30.0449340000001,0 -82.0715392,30.0452286,0 -82.0714701,30.045416,0 -82.0713477,30.0457485,0 -82.0711609,30.046256,0 -82.07095889999999,30.046795,0 -82.07074919999999,30.0473962,0 -82.07037,30.0485705,0 -82.0701093,30.0496179,0 -82.06996150000001,30.0500911,0 -82.0698118,30.0505569,0 -82.0696811,30.0509382,0 -82.0693334,30.051891,0 -82.0688001,30.0533477,0 -82.0686568,30.053739,0 -82.068279,30.0547630000001,0 -82.0681017,30.0552435,0 -82.067869,30.0558743,0 -82.0677798,30.0561133,0 -82.0674171,30.0571008,0 -82.0672622,30.0575225,0 -82.06655960000001,30.0594351,0 -82.0663947,30.0599397,0 -82.0662749,30.0604728,0 -82.06620169999999,30.0608978,0 -82.0661537,30.0613986,0 -82.06614070000001,30.0618931,0 -82.06614519999999,30.0625229,0 -82.0661703,30.0640314,0 -82.0661865,30.0650042,0 -82.06621440000001,30.0666826,0 -82.0662276,30.0676211,0 -82.06624720000001,30.0690126,0 -82.0662675,30.0704494,0 -82.066277,30.0714957,0 -82.0662782,30.0716336,0 -82.0662696,30.0720192,0 -82.0662482,30.0724251,0 -82.0662026,30.0728995,0 -82.0661155,30.0735895,0 -82.0660129,30.07415,0 -82.06591280000001,30.0746155,0 -82.06588499999999,30.0747445,0 -82.06572009999999,30.075361,0 -82.0656479,30.0755842,0 -82.0655151,30.0759947,0 -82.0654531,30.0761668,0 -82.065303,30.076583,0 -82.0649774,30.0774749,0 -82.0642216,30.0795451,0 -82.0641361,30.0797778,0 -82.0638852,30.08046,0 -82.0635908,30.0812568,0 -82.063535,30.0814091,0 -82.06334529999999,30.0819269,0 -82.0624629,30.0843353,0 -82.0622534,30.0848395,0 -82.06213579999999,30.0851225999999,0 -82.0618717,30.0856929,0 -82.0615323,30.0863512,0 -82.0595904,30.0899846000001,0 -82.05700880000001,30.0948159,0 -82.05569130000001,30.0972815,0 -82.0549469,30.0986746,0 -82.05445039999999,30.0996037,0 -82.0534665,30.1014342,0 -82.0526638,30.102937,0 -82.0522752,30.1036782,0 -82.0520971,30.1040438,0 -82.051925,30.1044337,0 -82.0516896,30.1050046,0 -82.0509622,30.1069046,0 -82.0494654,30.1108094,0 -82.04942800000001,30.1109069,0 -82.04847669999999,30.1133886,0 -82.0480206,30.1145243,0 -82.0474662,30.115783,0 -82.0470626,30.1166722,0 -82.0466638,30.1175039000001,0 -82.0459587,30.1189064,0 -82.0451485,30.1204922,0 -82.0442324,30.1222998,0 -82.0433931,30.1240871999999,0 -82.04300050000001,30.1249812,0 -82.0426159,30.1259217,0 -82.04224790000001,30.1268518,0 -82.0419079,30.1277547,0 -82.0382749,30.137582,0 -82.036458,30.1424943,0 -82.03435380000001,30.1481807,0 -82.0332179,30.1512704,0 -82.03283089999999,30.1523017,0 -82.03248480000001,30.1532371,0 -82.03176449999999,30.1551839,0 -82.0308952,30.1575327,0 -82.0294935,30.16132,0 -82.02888009999999,30.1629773,0 -82.02826,30.1646528,0 -82.0263185,30.1699141999999,0 -82.0258204,30.1712631,0 -82.0253474,30.1725567,0 -82.02489970000001,30.1738956,0 -82.02449180000001,30.1752268,0 -82.0237339,30.1778015,0 -82.02348859999999,30.1786224,0 -82.02324059999999,30.1794015,0 -82.02294019999999,30.1802976,0 -82.0228848,30.180463,0 -82.0226955,30.1810067000001,0 -82.0210716,30.1852641,0 -82.0210175,30.1854057,0 -82.0209875,30.1854843,0 -82.01909670000001,30.1903784,0 -82.01843599999999,30.19208860000001,0 -82.0182104,30.1926725,0 -82.0176965,30.1940079,0 -82.017607,30.1942402,0 -82.0173617,30.1948771,0 -82.0172946,30.1950513,0 -82.0171596,30.1954014,0 -82.0168183,30.1963025,0 -82.01620079999999,30.1979086,0 -82.01593889999999,30.1985897,0 -82.0152674,30.2003362,0 -82.01485940000001,30.2013846000001,0 -82.0146866,30.2018377,0 -82.01455989999999,30.2021701,0 -82.0144504,30.2024478000001,0 -82.0140442,30.2034997,0 -82.0131703,30.2057682,0 -82.0128733,30.2065272,0 -82.0127087,30.206955,0 -82.0117109,30.2095597,0 -82.0115212,30.2100463,0 -82.0113879,30.2103882,0 -82.010856,30.2117783,0 -82.0107876,30.2119571,0 -82.00872200000001,30.2173557999999,0 -82.0063293,30.223575,0 -82.00391810000001,30.2298211,0 -82.0039044,30.2298567,0 -82.00163480000001,30.2357661,0 -82.00013509999999,30.2396697,0 -81.99936599999999,30.2416716,0 -81.99827380000001,30.2445158,0 -81.99631340000001,30.2496166,0 -81.99420000000001,30.2551244,0 -81.99183650000001,30.261284,0 -81.9893995,30.2676343,0 -81.9882224,30.2707016,0 -81.98709909999999,30.2736265,0 -81.98590710000001,30.2767302,0 -81.9855328,30.2777049,0 -81.9846625,30.2799708000001,0 -81.9845765,30.2801945,0 -81.9836387,30.2826332,0 -81.9835357,30.2829156,0 -81.9834551,30.2831018,0 -81.9833048,30.28352840000001,0 -81.98321989999999,30.283803,0 -81.9831348,30.2841269999999,0 -81.9830786,30.284397,0 -81.9830625,30.2844743,0 -81.9830055,30.2848513,0 -81.98297460000001,30.2852115000001,0 -81.98296089999999,30.2855855,0 -81.9829577,30.286653,0 -81.9829709,30.2874049,0 -81.9829836,30.2879969,0 -81.9829951,30.2885289,0 -81.9829917,30.2891837,0 -81.9830176,30.2903251,0 -81.98303369999999,30.2906898,0 -81.9830659,30.2909692,0 -81.98311630000001,30.2912321,0 -81.98319360000001,30.29151,0 -81.9832751,30.291762,0 -81.9834038,30.2920918,0 -81.9835111,30.2923179,0 -81.9835704,30.2924309,0 -81.98363550000001,30.292555,0 -81.98388850000001,30.2929356,0 -81.98395619999999,30.2930455,0 -81.9842024,30.2933359,0 -81.9845574,30.293719,0 -81.9850381,30.2941105,0 -81.985646,30.2945265,0 -81.9870887,30.2954631,0 -81.98746269999999,30.2957796,0 -81.9878195,30.296111,0 -81.9881678,30.2965113,0 -81.98846399999999,30.2969014,0 -81.9887294,30.2973551,0 -81.98893579999999,30.2978032,0 -81.98906839999999,30.2981999,0 -81.989163,30.2985408,0 -81.98921319999999,30.2987632,0 -81.98925490000001,30.2990078,0 -81.98927500000001,30.2992288,0 -81.9892858,30.3000971,0 -81.9893288,30.3027136,0 -81.9893307,30.3028724,0 -81.98934269999999,30.3039058,0 -81.98933599999999,30.3047156,0 -81.9893521,30.3064616,0 -81.98934920000001,30.3066592,0 -81.98933649999999,30.3068565,0 -81.9893143,30.3070532,0 -81.98928239999999,30.3072489000001,0 -81.98924239999999,30.3074369,0 -81.98919359999999,30.3076234,0 -81.989136,30.307808,0 -81.9890697,30.3079904,0 -81.9889948,30.3081703,0 -81.98891140000001,30.3083474,0 -81.9886707,30.3087473,0 -81.9885642,30.3089085,0 -81.9884497,30.3090657,0 -81.98832760000001,30.3092184,0 -81.9881979,30.3093665,0 -81.988061,30.3095096,0 -81.987917,30.3096475,0 -81.9877663,30.3097799,0 -81.98760919999999,30.3099066,0 -81.9874346,30.3100351999999,0 -81.9872534,30.3101568,0 -81.9870659,30.3102711,0 -81.9868725,30.3103778,0 -81.9866736,30.3104768,0 -81.9864697,30.3105677,0 -81.9841818,30.3114006,0 -81.9827753,30.3119217,0 -81.9824613,30.3120482,0 -81.98215159999999,30.3121825,0 -81.98184670000001,30.3123247,0 -81.9815467,30.3124744,0 -81.9812519,30.3126317,0 -81.9809626,30.3127963,0 -81.9806761,30.31297,0 -81.9803957,30.3131509,0 -81.9801217,30.31333890000001,0 -81.97985420000001,30.3135338,0 -81.9795934,30.3137355,0 -81.97933980000001,30.3139437,0 -81.9790933,30.3141583,0 -81.97885429999999,30.3143791,0 -81.9778613,30.3153034,0 -81.971738,30.3210028,0 -81.97151770000001,30.3212126,0 -81.97129,30.3214165,0 -81.9710552,30.3216142,0 -81.97081350000001,30.3218057,0 -81.9706316,30.3219422,0 -81.97044630000001,30.3220751,0 -81.9702575,30.32220450000001,0 -81.9699538,30.3224097,0 -81.9696435,30.3226073,0 -81.9693267,30.3227972,0 -81.96901389999999,30.3229736,0 -81.9686955,30.3231426,0 -81.96837189999999,30.3233038,0 -81.9680431,30.3234572,0 -81.96770960000001,30.3236027,0 -81.9673715,30.3237402,0 -81.9670292,30.3238695,0 -81.9666828,30.3239906,0 -81.9663327,30.3241034,0 -81.9654003,30.3244626999999,0 -81.96449800000001,30.3248139,0 -81.9637738,30.3251606,0 -81.963117,30.3255066,0 -81.96296700000001,30.3255903,0 -81.9626909,30.3257443,0 -81.9623969,30.32594720000001,0 -81.9620323,30.3262027,0 -81.9616489,30.32652270000001,0 -81.9613887,30.3267578,0 -81.9611285,30.3269929,0 -81.96077889999999,30.3273298,0 -81.960539,30.3275895,0 -81.96029919999999,30.3278492,0 -81.9600064,30.328193,0 -81.9597625,30.328544,0 -81.95951049999999,30.328951,0 -81.9593316,30.3292388000001,0 -81.9591532,30.3295501,0 -81.9590522,30.3297391,0 -81.9589349,30.3299843,0 -81.9587334,30.3304693,0 -81.9585739,30.3309278,0 -81.9584029,30.3314422,0 -81.95825290000001,30.3318451,0 -81.95802930000001,30.3324712,0 -81.9577073,30.3333528,0 -81.9575123,30.3339734,0 -81.95726380000001,30.3346787,0 -81.9569741,30.3354002,0 -81.9563903,30.3371172,0 -81.9553951,30.3399714,0 -81.95537229999999,30.3400369,0 -81.9553374,30.340137,0 -81.9552395,30.3404179,0 -81.95503600000001,30.34100159999999,0 -81.9549133,30.3413533,0 -81.9548879,30.3414262,0 -81.9547148,30.3419215,0 -81.9543542,30.3429532,0 -81.9541536,30.3435252,0 -81.953824,30.3444654,0 -81.9537016,30.3448145,0 -81.95339800000001,30.3456804,0 -81.9526925,30.3476924,0 -81.952635,30.3478582,0 -81.9522047,30.3490992,0 -81.95217,30.3491977,0 -81.95173699999999,30.3504404,0 -81.9513103,30.3516392,0 -81.95086480000001,30.352912,0 -81.9507146,30.353341,0 -81.9504429,30.3541122,0 -81.949924,30.3556,0 -81.9495474,30.3566598,0 -81.9490718,30.3579858000001,0 -81.94871240000001,30.3590098,0 -81.9479522,30.3610022999999,0 -81.94734939999999,30.3625888,0 -81.94689409999999,30.3637868,0 -81.9458341,30.3665763,0 -81.94561059999999,30.3671645,0 -81.945143,30.3684061,0 -81.9444546,30.370207,0 -81.9439745,30.3714659,0 -81.9438102,30.3718804,0 -81.9433071,30.3731067,0 -81.9428667,30.3741433,0 -81.94252179999999,30.3750087,0 -81.942333,30.3754831,0 -81.9420755,30.3761727,0 -81.941928,30.3765661,0 -81.9417724,30.3769664,0 -81.941676,30.3772209,0 -81.9413996,30.377936,0 -81.941295,30.3782321,0 -81.9411448,30.3786232,0 -81.9406432,30.3799283,0 -81.9402757,30.38087,0 -81.93989190000001,30.3818577,0 -81.93968959999999,30.3823886,0 -81.9390868,30.3839781,0 -81.9390724,30.3840161,0 -81.9389936,30.3842228,0 -81.938709,30.3849679,0 -81.9385247,30.3854516,0 -81.9384575,30.385628,0 -81.9380549,30.3866939,0 -81.9376525,30.3877351,0 -81.9374916,30.3881581,0 -81.9370303,30.3893709,0 -81.9365233,30.3907036,0 -81.9362775,30.3913949,0 -81.9360398,30.3920662,0 -81.9360181,30.3921275,0 -81.93588269999999,30.3925277,0 -81.93571679999999,30.3930179,0 -81.93561560000001,30.39331689999999,0 -81.9353646,30.3940653,0 -81.9352312,30.3944607,0 -81.9351047,30.3948459,0 -81.935064,30.3949683,0 -81.9349429,30.3953323000001,0 -81.9348979,30.3954673,0 -81.9348406,30.3956411,0 -81.9347298,30.3959943,0 -81.934382,30.3970842,0 -81.9343185,30.3972834,0 -81.9340887,30.3979974,0 -81.9340203,30.3982215,0 -81.9339334,30.398506,0 -81.93387610000001,30.3986936,0 -81.933789,30.3989869,0 -81.9336235,30.399544,0 -81.933476,30.4001144,0 -81.9333474,30.4006117,0 -81.9332618,30.4009428,0 -81.9331725,30.40131209999999,0 -81.9330447,30.4018406,0 -81.93297920000001,30.4021268,0 -81.9327207,30.4032564,0 -81.9322801,30.4051644,0 -81.9319967,30.4064346,0 -81.9316393,30.4079864,0 -81.93134929999999,30.4092296,0 -81.9312357,30.4097136,0 -81.9310169,30.4105293,0 -81.9305825,30.4119908,0 -81.9299724,30.413763,0 -81.9286845,30.4171534,0 -81.92798209999999,30.4190212,0 -81.9275243,30.4202268,0 -81.9259132,30.424386,0 -81.9254409,30.4254308,0 -81.92535820000001,30.4256137,0 -81.9250243,30.42636480000001,0 -81.9249094,30.4266351,0 -81.92455030000001,30.4275043,0 -81.92391979999999,30.4292036,0 -81.9229201,30.43183670000001,0 -81.92274930000001,30.4322864,0 -81.9224937,30.4329714,0 -81.922425,30.4331522,0 -81.9215986,30.4353273,0 -81.9211049,30.4366309,0 -81.91998340000001,30.4395933,0 -81.9198468,30.4399541,0 -81.919541,30.4407618,0 -81.91907860000001,30.4419834,0 -81.9189205,30.4424009,0 -81.9187199,30.4429272,0 -81.9184132,30.4437319,0 -81.9179434,30.4449699,0 -81.9175626,30.445988,0 -81.9172961,30.4467006,0 -81.9171424,30.4471115,0 -81.9171133,30.4471894,0 -81.9169875,30.4475141,0 -81.91686439999999,30.4478317,0 -81.9167063,30.4482395,0 -81.916032,30.4499796,0 -81.915989,30.4500905,0 -81.9158039,30.4505783,0 -81.9156957,30.4508633,0 -81.9155464,30.4512566,0 -81.9155107,30.4513506,0 -81.915009,30.4526726,0 -81.9149871,30.4527303999999,0 -81.914845,30.45311179999999,0 -81.9145232,30.4539826,0 -81.9143566,30.454422,0 -81.9142689,30.4546522,0 -81.9141094,30.4550709,0 -81.91402890000001,30.4552824,0 -81.9138908,30.455645,0 -81.9137793,30.4559348,0 -81.9135576,30.4565113,0 -81.9134766,30.4567219,0 -81.9131909,30.4574647,0 -81.9131345,30.4576113,0 -81.9129738,30.4580403,0 -81.9127519,30.4586325,0 -81.9124992,30.4593147,0 -81.9124317,30.4594969,0 -81.91204569999999,30.4605167,0 -81.91179099999999,30.4611894999999,0 -81.9116657,30.4615229,0 -81.9114483,30.4620764,0 -81.9113108,30.4624266,0 -81.9111219,30.4629134,0 -81.9104914,30.4645865,0 -81.910364,30.4649244000001,0 -81.90991940000001,30.4660993,0 -81.9090235,30.4684834,0 -81.90860069999999,30.4695895,0 -81.908126,30.4708177,0 -81.90793119999999,30.4713097,0 -81.90774500000001,30.4717438,0 -81.9075375,30.4721865,0 -81.9073188,30.472617,0 -81.9071994,30.4728467000001,0 -81.9070739,30.4730882,0 -81.90694670000001,30.4732844,0 -81.906926,30.4733164,0 -81.90681650000001,30.4734853,0 -81.9067739,30.4735526,0 -81.9065806,30.473858,0 -81.90656250000001,30.4738866,0 -81.906378,30.4741518,0 -81.9062789,30.4743013,0 -81.90619150000001,30.4744211,0 -81.9059925,30.4746941,0 -81.9058586,30.4748883,0 -81.9056695,30.4751076,0 -81.9053542,30.475492,0 -81.9051114,30.4757858,0 -81.9047435,30.4761917,0 -81.9044857,30.476464,0 -81.9037701,30.4772493,0 -81.9027506,30.4783682,0 -81.9017815,30.4794159,0 -81.9001803,30.4811618,0 -81.89926370000001,30.4821564999999,0 -81.89555559999999,30.4862099,0 -81.89462570000001,30.4872182,0 -81.89068210000001,30.4914976,0 -81.8897383,30.4925456,0 -81.8849895,30.4977628,0 -81.8839495,30.4988785,0 -81.8807134,30.5024024,0 -81.8803406,30.5028582,0 -81.8802378,30.5029839,0 -81.87979060000001,30.5035829,0 -81.879571,30.5039261,0 -81.879367,30.5042483,0 -81.8791547,30.5046081,0 -81.87889629999999,30.5050991,0 -81.8787937,30.5053156,0 -81.878691,30.5055534,0 -81.87845350000001,30.5060924,0 -81.87825789999999,30.5065672,0 -81.8780885,30.5069992,0 -81.8779437,30.5073875,0 -81.8777685,30.5078285,0 -81.8776726,30.5080694,0 -81.8775083,30.5084948,0 -81.87720640000001,30.5092593,0 -81.8771271,30.5094313,0 -81.8770315,30.5096714,0 -81.87693419999999,30.5099082,0 -81.8768687,30.5100732,0 -81.8767577,30.5102877,0 -81.8766334,30.5105032,0 -81.8765018,30.510715,0 -81.8763562,30.510928,0 -81.8762095,30.5111221,0 -81.8756685,30.5118297,0 -81.8744569,30.5133209,0 -81.8734073,30.5145947,0 -81.8732873,30.5147403,0 -81.8731483,30.514909,0 -81.8694752,30.5193678,0 -81.8683565,30.5207242,0 -81.8679458,30.5212226,0 -81.8671705,30.5221634,0 -81.8667239,30.5226965,0 -81.8666241,30.5228188999999,0 -81.8660173,30.52356290000001,0 -81.864716,30.5251421,0 -81.8643551,30.5255727,0 -81.8636408,30.5264467,0 -81.8630879,30.5271176,0 -81.8622199,30.5281828,0 -81.8620382,30.5284058,0 -81.8614905,30.5290779,0 -81.8594058,30.5315603999999,0 -81.85897679999999,30.5320881000001,0 -81.85534079999999,30.5365614,0 -81.8515469,30.541108,0 -81.8491482,30.5440528,0 -81.84882949999999,30.544444,0 -81.8473497,30.5462607,0 -81.8471267,30.5465288999999,0 -81.84580320000001,30.5480925,0 -81.8455397,30.5484219,0 -81.8451946,30.5488534,0 -81.8446536,30.5495297,0 -81.8445293,30.549685,0 -81.8437729,30.550575,0 -81.8432878,30.5511458,0 -81.84153190000001,30.5532773,0 -81.8402091,30.5549448,0 -81.8400352,30.5551677,0 -81.8398248,30.5553925,0 -81.83967699999999,30.5555423,0 -81.83944200000001,30.5557514,0 -81.83917719999999,30.555985,0 -81.8391117,30.5560428,0 -81.83896129999999,30.5561232,0 -81.8388582,30.5561457,0 -81.8385823,30.5563302,0 -81.8383328,30.556492,0 -81.8378218,30.5567835,0 -81.835815,30.5578609,0 -81.83535809999999,30.5581176,0 -81.8344764,30.5586296,0 -81.83428790000001,30.5587462,0 -81.8340682,30.5588987,0 -81.8338672,30.5590489,0 -81.83367149999999,30.5592159,0 -81.8334961,30.5593814,0 -81.8333303,30.5595521,0 -81.8332016,30.5596887,0 -81.8324461,30.560565,0 -81.8323846,30.5606365,0 -81.83186790000001,30.5612369,0 -81.8313205,30.56187299999999,0 -81.8311691,30.562049,0 -81.83111409999999,30.5621129,0 -81.83085130000001,30.5624152,0 -81.8304766,30.5628464,0 -81.83034259999999,30.5630006,0 -81.8301019,30.5632834,0 -81.8298477,30.5635821,0 -81.8297682,30.5636755,0 -81.8298788,30.5637593,0 -81.83017340000001,30.5639826,0 -81.83049010000001,30.5642225,0 -81.83072490000001,30.5644003,0 -81.8309041,30.56453610000001,0 -81.8315233,30.5650029,0 -81.8319918,30.5653626,0 -81.8324077,30.5656664,0 -81.8325181,30.5657471,0 -81.83256710000001,30.5657851,0 -81.8331568,30.5662427,0 -81.8333579,30.5664088,0 -81.83354249999999,30.5665684,0 -81.8337346,30.5667514,0 -81.8337468,30.566763,0 -81.8339275,30.5669487,0 -81.8340883,30.5671333,0 -81.834096,30.5671429,0 -81.8342535,30.5673392,0 -81.8344232,30.56756499999999,0 -81.83459790000001,30.5678162,0 -81.83475780000001,30.5680844000001,0 -81.83488629999999,30.5683256,0 -81.8350083,30.5685825,0 -81.83510219999999,30.5688095,0 -81.83517809999999,30.5690238000001,0 -81.8352635,30.5692792,0 -81.8353151,30.5694127,0 -81.8354147,30.5696699,0 -81.8354664,30.5699197,0 -81.8355074,30.5702087,0 -81.8355091,30.5702268,0 -81.8355332,30.570482,0 -81.8355359,30.5705185,0 -81.8355438,30.5707121,0 -81.83554580000001,30.5709087,0 -81.8355469,30.5710151,0 -81.8355134,30.571417,0 -81.8354739,30.5716994,0 -81.8354178,30.5719937,0 -81.8353552,30.57224310000001,0 -81.8352962,30.5724461,0 -81.8350684,30.5731684,0 -81.8346868,30.5743688,0 -81.8344426,30.5751368,0 -81.83417799999999,30.5759687,0 -81.8338906,30.5768728,0 -81.8336654,30.5775751999999,0 -81.8335841,30.577829,0 -81.8333157,30.5786665,0 -81.8331215,30.5792723,0 -81.8330548,30.5794816,0 -81.8329993,30.5796558,0 -81.8328806,30.5800281,0 -81.8325674,30.5810109,0 -81.83219819999999,30.5821692,0 -81.8316379,30.5839119,0 -81.8314062,30.5846469,0 -81.8299919,30.5890724,0 -81.8298626,30.5895037,0 -81.82981409999999,30.5897,0 -81.8297728,30.5899134,0 -81.82974040000001,30.5901344,0 -81.8297135,30.5903694,0 -81.82970450000001,30.5905859,0 -81.8297027,30.5908255,0 -81.8297171,30.5910342,0 -81.82974040000001,30.5912676,0 -81.82977099999999,30.5914856,0 -81.8298159,30.5917144,0 -81.8298751,30.5919323,0 -81.8299434,30.5921642,0 -81.8300314,30.5924023,0 -81.8301391,30.5926496,0 -81.8303404,30.5930577,0 -81.8311269,30.5946521,0 -81.8320593,30.5965426,0 -81.83234059999999,30.5971128,0 -81.83250510000001,30.5974462,0 -81.8326926,30.5978264,0 -81.8353546,30.6032229,0 -81.8377737,30.6081269,0 -81.8389839,30.61058,0 -81.8410808,30.6148305,0 -81.8412622,30.6151875,0 -81.84141289999999,30.6154695,0 -81.8416034,30.6157764,0 -81.8417615,30.6160113,0 -81.8419913,30.6163235,0 -81.8429048,30.6175178,0 -81.84445460000001,30.6195442,0 -81.8460044,30.6215705,0 -81.84723080000001,30.6231739,0 -81.8476462,30.6237171,0 -81.8488064,30.625234,0 -81.85215100000001,30.6296066,0 -81.8535181,30.6313939,0 -81.85376239999999,30.6316937,0 -81.8539653,30.6319363,0 -81.8542221,30.6322052,0 -81.8545112,30.6324802,0 -81.8547914,30.6327305,0 -81.8551398,30.6330102,0 -81.85589090000001,30.63359090000001,0 -81.8605744,30.6372113,0 -81.8628858,30.6389984,0 -81.8631707,30.6392186,0 -81.8657608,30.6412211,0 -81.8679964,30.6429504,0 -81.8683197,30.6432131,0 -81.8685603,30.6434186,0 -81.86886199999999,30.643706,0 -81.8690586,30.643911,0 -81.8692301,30.6440859999999,0 -81.8693954,30.6442699,0 -81.86958389999999,30.6445187,0 -81.8696923,30.6446635,0 -81.869805,30.6448142,0 -81.8699053,30.6449479,0 -81.87028859999999,30.6454589,0 -81.8707555,30.6460949000001,0 -81.8713601,30.6468931,0 -81.8719624,30.647691,0 -81.8723415,30.6482005,0 -81.8729409,30.6490062,0 -81.87298149999999,30.6490604,0 -81.87447589999999,30.651058,0 -81.8748734,30.6515894,0 -81.8760152,30.6531189,0 -81.8766466,30.6539646,0 -81.877623,30.6552725,0 -81.8811048,30.6599399,0 -81.88130839999999,30.6602120999999,0 -81.8815522,30.6605026,0 -81.8818011,30.6607757,0 -81.8820094,30.660992,0 -81.88232429999999,30.6612804,0 -81.8826849,30.6615819,0 -81.88302779999999,30.6618396,0 -81.8833671,30.6620618,0 -81.8865496,30.6641162,0 -81.8874921,30.6647246,0 -81.8888759,30.6656179,0 -81.89187459999999,30.6675822,0 -81.89220950000001,30.6678016,0 -81.89352239999999,30.6686616,0 -81.8981454,30.6716898,0 -81.8983898,30.6718499,0 -81.8992027,30.6723823,0 -81.8994307,30.6725317,0 -81.9004977,30.6732302,0 -81.90082959999999,30.6734475,0 -81.9012949,30.673752,0 -81.9024945,30.674537,0 -81.90443140000001,30.6758043,0 -81.90487450000001,30.6760933,0 -81.905884,30.6767546,0 -81.90684330000001,30.6773829,0 -81.9075567,30.67785020000001,0 -81.90780549999999,30.6780132,0 -81.9086027,30.6785353,0 -81.90892030000001,30.6787575,0 -81.90909569999999,30.6788978,0 -81.9092831,30.6790511,0 -81.9094444,30.679201,0 -81.90961350000001,30.6793665,0 -81.9097774,30.6795455,0 -81.909953,30.6797492,0 -81.9101091,30.6799584,0 -81.9102475,30.6801557,0 -81.91216780000001,30.6828903,0 -81.9124834,30.6833397,0 -81.91278250000001,30.6837635,0 -81.9130679,30.6841709,0 -81.9136213,30.6849605,0 -81.91393359999999,30.6854062,0 -81.91476659999999,30.6865885,0 -81.9150202,30.68705840000001,0 -81.9151566,30.6872526,0 -81.9156392,30.6879398,0 -81.9157943,30.6881607,0 -81.9159985,30.6884515,0 -81.9162128,30.6887566,0 -81.91663610000001,30.6893611,0 -81.91694339999999,30.6898,0 -81.91752,30.6906224,0 -81.917737,30.690932,0 -81.9180405,30.6913662,0 -81.9183519,30.6918118,0 -81.91853039999999,30.6920672,0 -81.9188441,30.6924289,0 -81.9191835,30.6928958,0 -81.919206,30.6929268,0 -81.9194509,30.693279,0 -81.9195726,30.693454,0 -81.9200295,30.6941085,0 -81.9206914,30.6950568,0 -81.9214855,30.696193,0 -81.9222628,30.6973106,0 -81.9230498,30.6984328,0 -81.92348610000001,30.6990558,0 -81.9236136,30.6992469,0 -81.9237624,30.6994775,0 -81.9240429,30.69992939999999,0 -81.92411679999999,30.7000413,0 -81.9242374,30.7002237,0 -81.9245762,30.7007116,0 -81.92465129999999,30.7008197,0 -81.92550369999999,30.7020446,0 -81.9259308,30.7026564,0 -81.92668810000001,30.703741,0 -81.92684010000001,30.7039587,0 -81.92724130000001,30.7045338,0 -81.927373,30.7047224,0 -81.92782,30.7053626,0 -81.9286163,30.7065015,0 -81.9287585,30.7067097,0 -81.9290683,30.707152,0 -81.9298769,30.7083077,0 -81.9300215,30.708516,0 -81.9305147,30.7092221,0 -81.93082990000001,30.7096733,0 -81.9318932,30.7111952,0 -81.9333687,30.7133121,0 -81.93496159999999,30.7155895,0 -81.9350578,30.7157271,0 -81.9366642,30.7180238,0 -81.938254,30.720313,0 -81.9399027,30.7226887,0 -81.9415496,30.7250436,0 -81.9429257,30.727007,0 -81.94318749999999,30.7273805000001,0 -81.9436647,30.7280644,0 -81.9449213,30.7298652,0 -81.9459854,30.7313879,0 -81.9464041,30.731987,0 -81.9474627,30.73350170000001,0 -81.9476133,30.7337165,0 -81.94881150000001,30.7354251,0 -81.9497993,30.7368392,0 -81.95005519999999,30.7372055,0 -81.95058179999999,30.7379585,0 -81.95099209999999,30.7385451,0 -81.9512883,30.7389686,0 -81.951913,30.73982,0 -81.9523559,30.7404111,0 -81.9527607,30.7409345,0 -81.9529264,30.7411541,0 -81.9531163,30.7414059,0 -81.9534752,30.7418817,0 -81.95385229999999,30.7423884,0 -81.9546122,30.7434542,0 -81.9551833,30.7442896,0 -81.9559805,30.7455117,0 -81.9562789,30.7459825,0 -81.9570227,30.7471347,0 -81.9576208,30.7480199,0 -81.9577055,30.7481453,0 -81.9593229,30.750463,0 -81.95934870000001,30.7505,0 -81.9601174,30.751597,0 -81.9609926,30.7528461,0 -81.96265030000001,30.755217,0 -81.9658891,30.7598488,0 -81.9670644,30.761535,0 -81.9672623,30.7618186,0 -81.9686487,30.7638056,0 -81.9692041,30.7646016,0 -81.9708649,30.7669731,0 -81.9710834,30.76726349999999,0 -81.9712481,30.7674626,0 -81.9714098,30.7676541,0 -81.9716487,30.7679095,0 -81.9718848,30.7681423,0 -81.9721514,30.7683827,0 -81.9724355,30.7686205,0 -81.9727487,30.7688772,0 -81.9745125,30.770327,0 -81.9749707,30.770706,0 -81.976054,30.7716021,0 -81.9773447,30.7726635,0 -81.977611,30.7728825,0 -81.977766,30.7730123,0 -81.9779772,30.7732088,0 -81.9781845,30.7734435,0 -81.97833559999999,30.7736383,0 -81.97850800000001,30.773883,0 -81.9786525,30.7741477,0 -81.9787599,30.7743608,0 -81.9788549,30.7746021,0 -81.97894789999999,30.7749001,0 -81.979004,30.7751565,0 -81.9790409,30.7754062,0 -81.9790544,30.7756759,0 -81.9790411,30.7761436,0 -81.97903580000001,30.7766622,0 
				
					-81.97903723670402,30.77668792189509,0 -81.9788477,30.7791276,0 -81.9788415,30.7797055,0 -81.97884000000001,30.7799051,0 -81.9788544,30.7801598,0 -81.97887900000001,30.7804696,0 -81.9789159,30.7808093,0 -81.9789732,30.781186,0 -81.97904490000001,30.7815573,0 -81.97911259999999,30.7818671,0 -81.97922730000001,30.7822526,0 -81.9793543,30.7826521,0 -81.9794711,30.7829689,0 -81.9795823,30.783235,0 -81.9796329,30.7833561,0 -81.9800685,30.784349,0 -81.9803501,30.7849988,0 -81.98076949999999,30.7859472,0 -81.981303,30.7871665,0 -81.9819555,30.7886469,0 -81.9827307,30.7904108,0 -81.9834621,30.792072,0 -81.98513130000001,30.7958568,0 -81.9853114,30.7962421,0 -81.9855142,30.7966333,0 -81.9857107,30.7969589,0 -81.98586040000001,30.797196,0 -81.986085,30.7975283,0 -81.9862847,30.7978083,0 -81.9865046,30.7980843,0 -81.9867011,30.7983174,0 -81.9869741,30.7986282,0 -81.9871737,30.7988318,0 -81.987352,30.7990175,0 -81.9881563,30.7998192,0 -81.99171440000001,30.8033587,0 -81.9919129,30.8035614,0 -81.9926069,30.8042476,0 -81.99263139999999,30.8042718,0 -81.9940533,30.8056837,0 -81.99487569999999,30.8065111,0 -81.995082,30.8067205,0 -81.9953301,30.8069876,0 -81.99564549999999,30.8073703,0 -81.9958474,30.8076317,0 -81.996015,30.8078638,0 -81.9960514,30.8079173,0 -81.99626979999999,30.8082389,0 -81.99650250000001,30.8086235,0 -81.9967539,30.8090877,0 -81.9969172,30.809408,0 -81.99700350000001,30.8095981,0 -81.9972042,30.8100403,0 -81.9972994,30.8102462,0 -81.9973306,30.8103136,0 -81.9974663,30.8106163,0 -81.9978455,30.8114525,0 -81.9978629,30.8114909999999,0 -81.99843920000001,30.8127482,0 -81.9991256,30.8142652,0 -82.000671,30.817642,0 -82.00142769999999,30.8193044,0 -82.0017016,30.8199025,0 -82.00193419999999,30.8204155,0 -82.0021046,30.8207912,0 -82.00224059999999,30.8210912000001,0 -82.00241750000001,30.8214818,0 -82.0024288,30.8215066,0 -82.0025321,30.8217327,0 -82.00290219999999,30.8225424,0 -82.0029225,30.8225869,0 -82.00318780000001,30.8231428,0 -82.0033736,30.8234973,0 -82.00349300000001,30.8237291,0 -82.00360499999999,30.8238454,0 -82.0036137,30.8238642,0 -82.0037784,30.8242268,0 -82.0038644,30.8244161,0 -82.0038687,30.8244258,0 -82.0040255,30.8247814,0 -82.004064,30.82486859999999,0 -82.0041411,30.8250559,0 -82.0041767,30.8251487,0 -82.0042213,30.825265,0 -82.0043028,30.8255138,0 -82.0043084,30.825531,0 -82.00465509999999,30.8266638,0 -82.0047301,30.8269052,0 -82.0048338,30.8272388,0 -82.0048852,30.8274041,0 -82.00509700000001,30.8281067,0 -82.0053338,30.8288636,0 -82.0054186,30.8291389,0 -82.00553480000001,30.8295163,0 -82.00554150000001,30.8295382,0 -82.00556400000001,30.8296114,0 -82.00558460000001,30.8296729,0 -82.0055929,30.8297004,0 -82.0056879,30.8300163,0 -82.0057853,30.83034,0 -82.0058787,30.8306549,0 -82.00594100000001,30.8308758,0 -82.005988,30.8310658,0 -82.00599769999999,30.8311132,0 -82.0060046,30.8311472,0 -82.006069,30.8314769000001,0 -82.0060759,30.8315097,0 -82.00610690000001,30.8316296,0 -82.0061274,30.8317217,0 -82.0062332,30.8320958,0 -82.00628500000001,30.8322714,0 -82.0063591,30.8325197,0 -82.00638379999999,30.8326023,0 -82.0063925,30.8326386,0 -82.00641,30.8326935,0 -82.0064326,30.8327681,0 -82.0064395,30.8327895,0 -82.00648409999999,30.8329353,0 -82.0065421,30.8331246,0 -82.00657870000001,30.8332457,0 -82.0067178,30.8337061,0 -82.00678189999999,30.8339229,0 -82.0068881,30.8342854,0 -82.00693080000001,30.8344269,0 -82.0069536,30.8345073,0 -82.0069865,30.8346234,0 -82.0070295,30.8347921,0 -82.00704229999999,30.83484260000001,0 -82.00708830000001,30.8350266,0 -82.0071244,30.8352551,0 -82.0071274,30.8352743,0 -82.00713229999999,30.8353184,0 -82.0071425,30.8354103,0 -82.0071567,30.8355389,0 -82.0071583,30.8355581,0 -82.0071707,30.8357071,0 -82.0071773,30.8357858,0 -82.0071822,30.8360201,0 -82.00718019999999,30.8362074,0 -82.0071724,30.8364241,0 -82.0071499,30.8366533,0 -82.0071219,30.8368676,0 -82.0069803,30.8376934,0 -82.0069098,30.8380848,0 -82.0068593,30.8384078,0 -82.0067883,30.8388014,0 -82.00683239999999,30.8389313,0 -82.0068157,30.8390377,0 -82.0067602,30.8393832,0 -82.0067379,30.8397389,0 -82.0067157,30.8402282,0 -82.0067154,30.8402642,0 -82.0067147,30.8403469,0 -82.0067128,30.8405581,0 -82.0067169,30.840893,0 -82.00672299999999,30.8411062,0 -82.00672659999999,30.8412338,0 -82.0067404,30.8415403,0 -82.0067695,30.8418532,0 -82.0067888,30.8420658,0 -82.0068414,30.8424898,0 -82.0068898,30.8428069,0 -82.00695760000001,30.8431655,0 -82.0070594,30.8436415,0 -82.00710840000001,30.8438615,0 -82.00718310000001,30.84415359999999,0 -82.007255,30.8444209,0 -82.0074145,30.8449584,0 -82.0077814,30.8461667,0 -82.0080036,30.8468993,0 -82.0081153,30.8472625,0 -82.0081595,30.8474202,0 -82.0082,30.8475551,0 -82.00866240000001,30.84909469999999,0 -82.00890099999999,30.8498794,0 -82.00950949999999,30.8519564,0 -82.0096484,30.8523998,0 -82.00979510000001,30.8529019,0 -82.0099653,30.8535166,0 -82.0100668,30.8539178,0 -82.0101607,30.8543158,0 -82.0102741,30.8548028,0 -82.01035039999999,30.8552009,0 -82.0103885,30.8554035,0 -82.0104206,30.8555924,0 -82.0105128,30.8561346,0 -82.0105969,30.8566468,0 -82.0106009,30.8566726,0 -82.0107165,30.8574225,0 -82.0107454,30.8576096000001,0 -82.0107553,30.8576698,0 -82.0108395,30.85818,0 -82.01085809999999,30.8582941,0 -82.01091479999999,30.858643,0 -82.0109233,30.8586977,0 -82.01107810000001,30.8596947000001,0 -82.0111512,30.8602563,0 -82.0112359,30.8607187,0 -82.0112783,30.8609959,0 -82.0113254,30.8613924,0 -82.0115603,30.862912,0 -82.0116622,30.8635665,0 -82.0117315,30.8639123,0 -82.01181440000001,30.8642688,0 -82.0118657,30.8644328,0 -82.0119084,30.8645691,0 -82.0120335,30.8649034,0 -82.0122482,30.8654168,0 -82.0124501,30.8658098,0 -82.0125881,30.8660517,0 -82.012754,30.8663383,0 -82.0131078,30.8669217,0 -82.0140354,30.8684609,0 -82.0142833,30.8688728,0 -82.0144353,30.8691936,0 -82.0145412,30.8694492999999,0 -82.0146292,30.8696895,0 -82.0147171,30.8699658,0 -82.01480309999999,30.8703399,0 -82.0148691,30.8706933,0 -82.015139,30.8724556,0 -82.0151989,30.8728382,0 -82.0152329,30.8731796,0 -82.01524689999999,30.873461,0 -82.0152429,30.8737373,0 -82.0152289,30.8740015,0 -82.01521289999999,30.8741731,0 -82.015173,30.8745042,0 -82.015129,30.8747496,0 -82.015041,30.87512540000001,0 -82.0148736,30.8757687,0 -82.014855,30.87584,0 -82.0148228,30.8759667,0 -82.0145412,30.8770728,0 -82.0144033,30.8776408,0 -82.0143353,30.8779633,0 -82.01428129999999,30.8784026,0 -82.0142633,30.8786977,0 -82.01424729999999,30.8790734,0 -82.0142573,30.8793908,0 -82.0142773,30.8797477,0 -82.01432730000001,30.8800891,0 -82.014398,30.88059030000001,0 -82.01462789999999,30.8821011,0 -82.0146799,30.8825335,0 -82.0147367,30.8830867,0 -82.0147643,30.8833907,0 -82.0147898,30.8837671,0 -82.0148647,30.8848412,0 -82.01500799999999,30.885815,0 -82.015193,30.8871157,0 -82.0153323,30.887886,0 -82.015361,30.888045,0 -82.016172,30.89352,0 -82.01630849999999,30.8944258,0 -82.016592,30.896176,0 -82.016779,30.897481,0 -82.01772099999999,30.903428,0 -82.0177971,30.9039396,0 -82.018109,30.906037,0 -82.01876230000001,30.9104585,0 -82.019177,30.912941,0 -82.01949999999999,30.915135,0 -82.019813,30.917192,0 -82.020201,30.919659,0 -82.020515,30.921739,0 -82.02085750000001,30.9238617,0 -82.021034,30.9251103,0 -82.0211882,30.9260216,0 -82.02139270000001,30.9273075,0 -82.02151979999999,30.9284437,0 -82.02164399999999,30.929844,0 -82.02176,30.931354,0 -82.022004,30.935129,0 -82.0222629,30.9384759,0 -82.02244760000001,30.9412747999999,0 -82.02252300000001,30.942676,0 -82.0229071,30.9476766,0 -82.02300510000001,30.948724,0 -82.023135,30.9507106,0 -82.023599,30.9570772,0 -82.023749,30.95955,0 -82.024035,30.9628417,0 -82.0246212,30.9712713,0 -82.0247428,30.9730045,0 -82.02483530000001,30.9741993,0 -82.02522,30.9795644,0 -82.02578800000001,30.9873109999999,0 -82.025819,30.987712,0 -82.02587800000001,30.988504,0 -82.026241,30.9937441,0 -82.0264088,30.9959255,0 -82.026476,30.996595,0 -82.02685200000001,31.002593,0 -82.0269392,31.0033851,0 -82.02700400000001,31.0042,0 -82.027033,31.005484,0 -82.026971,31.0067040000001,0 -82.0267971,31.0079266,0 -82.026588,31.00895,0 -82.02624299999999,31.010445,0 -82.0253203,31.0147778,0 -82.0241733,31.0200108,0 -82.02381370000001,31.0217195,0 -82.023273,31.02417700000001,0 -82.0228755,31.0259713,0 -82.02243660000001,31.0279979,0 -82.0213677,31.0328628,0 -82.0201793,31.0383836999999,0 -82.01930849999999,31.0421796,0 -82.0182465,31.0465662,0 -82.0181396,31.0470259,0 -82.017999,31.047607,0 -82.01738899999999,31.050082,0 -82.016915,31.051944,0 -82.01626659999999,31.0546624,0 -82.015687,31.057092,0 -82.015579,31.05755,0 -82.014807,31.060814,0 -82.014223,31.063266,0 -82.01403999999999,31.0640373,0 -82.0138499,31.0648374,0 -82.01077720000001,31.0775822,0 -82.0100484,31.0806048,0 -82.0085933,31.0865646,0 -82.006792,31.093887,0 -82.00592829999999,31.0976146,0 -82.0058289,31.0980438,0 -82.0046538,31.1032762000001,0 -82.003513,31.1144965,0 -82.0034497,31.11504,0 -82.0033596,31.1157481,0 -82.0032487,31.1162599,0 -82.00308560000001,31.117001,0 -82.00294220000001,31.1174921,0 -82.00287849999999,31.1177084,0 -82.0028489,31.1178581,0 -82.001879,31.120882,0 -82.001879,31.120933,0 -82.001707,31.12146,0 -82.001701,31.121479,0 -82.00168600000001,31.121511,0 -82.00166299999999,31.12156,0 -82.00160200000001,31.121683,0 -82.000269,31.125173,0 -81.994786,31.138991,0 -81.993492,31.1423617,0 -81.992188,31.145612,0 -81.992041,31.145997,0 -81.99198199999999,31.146176,0 -81.991803,31.146807,0 -81.991682,31.147269,0 -81.991595,31.147692,0 -81.9915386,31.1481516,0 -81.9915077,31.1487241,0 -81.99151019999999,31.1491577,0 -81.9915019,31.149638,0 -81.9915046,31.1500224,0 -81.9915024,31.1503562,0 -81.99150090000001,31.1505921,0 -81.9914969,31.1511984,0 -81.9914935,31.1524745,0 -81.99148769999999,31.152975,0 -81.9914824,31.1534241,0 -81.99145900000001,31.1554392,0 -81.99144630000001,31.1569138,0 -81.9913303,31.1586795,0 -81.9913159,31.159711,0 -81.991136,31.162329,0 -81.991011,31.163009,0 -81.990754,31.1644,0 -81.990606,31.165207,0 -81.9903934,31.1664858,0 -81.988606,31.176526,0 -81.98806639999999,31.1796319,0 -81.987127,31.18495,0 -81.986982,31.18578,0 -81.9868575,31.1864071,0 -81.986367,31.1891085,0 -81.9858557,31.1919997,0 -81.9857434,31.1926208,0 -81.9854977,31.1940117,0 -81.9853803,31.1945999,0 -81.9852909,31.1950353,0 -81.98515399999999,31.195511,0 -81.98496299999999,31.196099,0 -81.9846635,31.19686769999999,0 -81.984499,31.1972799999999,0 -81.984026,31.1984397,0 -81.9839236,31.1986704,0 -81.9836895,31.1991978,0 -81.9834582,31.1997187,0 -81.9830577,31.2006389,0 -81.98272369999999,31.2014199,0 -81.9825081,31.2019175,0 -81.9824354,31.2020852,0 -81.9824258,31.2021088,0 -81.98237210000001,31.2022419,0 -81.9822885,31.2024242,0 -81.9822102,31.2025978,0 -81.98196179999999,31.2031747,0 -81.9819135,31.2032869,0 -81.981505,31.204234,0 -81.9814246,31.2044035,0 -81.9813798,31.2045086,0 -81.9812951,31.2046697,0 -81.9810846,31.2052548,0 -81.9809377,31.205743,0 -81.98065200000001,31.2067497,0 -81.9804312,31.2075979,0 -81.9803574,31.2079089999999,0 -81.9802988,31.2081582,0 -81.98025579999999,31.2083402,0 -81.9799538,31.2094389,0 -81.97884000000001,31.213505,0 -81.97839399999999,31.215121,0 -81.977951,31.2168498,0 -81.97790120000001,31.2170275,0 -81.97731,31.219114,0 -81.97675,31.221178,0 -81.97652600000001,31.221999,0 -81.976281,31.222897,0 -81.976004,31.223913,0 -81.9744128,31.2299193,0 -81.973359,31.233727,0 -81.972148,31.23822,0 -81.971737,31.239802,0 -81.9705402,31.2441815,0 -81.969022,31.249757,0 -81.968675,31.251091,0 -81.968614,31.2512439999999,0 -81.968538,31.251531,0 -81.967962,31.253688,0 -81.96709,31.256957,0 -81.966992,31.25732,0 -81.966251,31.260067,0 -81.9655714,31.2626267,0 -81.9654352,31.2631397,0 -81.96419400000001,31.267712,0 -81.9636807,31.2696332,0 -81.96320059999999,31.271403,0 -81.9629726,31.2723223,0 -81.9627679,31.2732451,0 -81.96244419999999,31.2748463,0 -81.9622403,31.2756739,0 -81.9617265,31.2776241,0 -81.9614922,31.2784749,0 -81.96021210000001,31.2832014,0 -81.96002470000001,31.2838839,0 -81.958778,31.2884244,0 -81.9585728,31.2891766,0 -81.9583684,31.2899214,0 -81.957669,31.2925294,0 -81.9575617,31.2929542,0 -81.95683219999999,31.2956348,0 -81.95565190000001,31.2999638,0 -81.955065,31.301864,0 -81.95461899999999,31.3036049999999,0 -81.95437,31.305205,0 -81.954075,31.307574,0 -81.9538216,31.3096118,0 -81.953732,31.310332,0 -81.95367659999999,31.3107382,0 -81.9535365,31.3118461,0 -81.9532858,31.3136853,0 -81.952916,31.315897,0 -81.95290199999999,31.316023,0 -81.9524176,31.3197335,0 -81.9519281,31.3232672,0 -81.9517998,31.3241276,0 -81.951072,31.327887,0 -81.95069599999999,31.330111,0 -81.950653,31.330363,0 -81.9502524,31.3339492,0 -81.95020599999999,31.3342934,0 -81.95014209999999,31.33476690000001,0 -81.95008319999999,31.3352043,0 -81.9498126,31.3370986,0 -81.9496912,31.337983,0 -81.9492259,31.3411624,0 -81.94788699999999,31.350847,0 -81.94768999999999,31.352297,0 -81.94766,31.352532,0 -81.947625,31.352761,0 -81.947194,31.355922,0 -81.946884,31.358102,0 -81.94663799999999,31.359457,0 -81.946313,31.360975,0 -81.945103,31.365631,0 -81.94214599999999,31.377171,0 -81.938219,31.39263,0 -81.936188,31.400549,0 -81.934854,31.405775,0 -81.932169,31.41615,0 -81.930302,31.423366,0 -81.930021,31.424528,0 -81.929699,31.425843,0 -81.929345,31.427127,0 -81.92734400000001,31.435018,0 -81.92639699999999,31.438779,0 -81.92615000000001,31.439691,0 -81.92556399999999,31.441993,0 -81.925111,31.443715,0 -81.9250006,31.444144,0 -81.92466,31.445468,0 -81.92446099999999,31.446243,0 -81.924057,31.447887,0 -81.923851,31.448679,0 -81.923196,31.451274,0 -81.92300299999999,31.4520060000001,0 -81.921183,31.459128,0 -81.920816,31.460563,0 -81.920596,31.461426,0 -81.917396,31.474024,0 -81.916453,31.477537,0 -81.915386,31.481741,0 -81.915063,31.48301500000001,0 -81.911298,31.497844,0 -81.9107332,31.5000586,0 -81.9106022,31.50060179999999,0 -81.910527,31.5008819999999,0 -81.91002899999999,31.502846,0 -81.90725399999999,31.513677,0 -81.9047606,31.5235495,0 -81.9033719,31.5289459,0 -81.9031966,31.5296046,0 -81.902563,31.531985,0 -81.901911,31.534499,0 -81.900356,31.540497,0 -81.8992464,31.5450081,0 -81.89862239999999,31.5475184,0 -81.8979746,31.5500001,0 -81.897701,31.5509213,0 -81.8974784,31.5515772,0 -81.8972155,31.5522492,0 -81.89707,31.55256899999999,0 -81.8968534,31.5530058,0 -81.8965302,31.5536115,0 -81.896147,31.5542537,0 -81.8954631,31.555335,0 -81.8950268,31.5560118,0 -81.8946684,31.5565818,0 -81.893548,31.558324,0 -81.8932097,31.5588475,0 -81.89268800000001,31.559655,0 -81.8917841,31.5610921,0 -81.8914515,31.5615926,0 -81.8908991,31.5624518,0 -81.890569,31.5629503000001,0 -81.89047360000001,31.563096,0 -81.8903754,31.5632476,0 -81.89033740000001,31.5633061,0 -81.8901915,31.5635311,0 -81.89014280000001,31.5636062,0 -81.8898073,31.5641283,0 -81.887744,31.567329,0 -81.88724240000001,31.5681426,0 -81.8862994,31.56960189999999,0 -81.88559239999999,31.5707071,0 -81.8853414,31.5710995,0 -81.88484,31.571846,0 -81.8846526,31.5721297,0 -81.88314200000001,31.5745411,0 -81.8829489,31.5748427,0 -81.8820182,31.5762594999999,0 -81.88023099999999,31.579053,0 -81.87960699999999,31.5800236,0 -81.8792828,31.580532,0 -81.8790539,31.58088559999999,0 -81.8780309,31.5825014,0 -81.87779639999999,31.582861,0 -81.8775558,31.5832339,0 -81.8771661,31.5838408,0 -81.87699259999999,31.58410659999999,0 -81.8769648,31.5841498,0 -81.876929,31.584204,0 -81.8767611,31.5844667,0 -81.8766538,31.5846345,0 -81.8765279,31.5848313,0 -81.8763581,31.585102,0 -81.876273,31.58523,0 -81.87618929999999,31.5853609,0 -81.8759627,31.5857121,0 -81.87518540000001,31.5869247,0 -81.8748866,31.5873908000001,0 -81.8747394,31.5876204,0 -81.8745861,31.5878595,0 -81.8743442,31.5882369,0 -81.8740193,31.5887403,0 -81.87377309999999,31.5891155,0 -81.8727489,31.5907173,0 -81.8716179,31.592464,0 -81.871568,31.5925440000001,0 -81.8709747,31.5934952,0 -81.8708567,31.5937502,0 -81.8706581,31.5940365,0 -81.8705477,31.5941912,0 -81.87032360000001,31.5945121,0 -81.8703074,31.59453540000001,0 -81.8701935,31.5946992,0 -81.87008760000001,31.5948413,0 -81.8700673,31.5948685,0 -81.86994869999999,31.5950276,0 -81.8694466,31.5957197,0 -81.86919210000001,31.5960458999999,0 -81.86909919999999,31.5961579,0 -81.86888860000001,31.5964118,0 -81.8686737,31.5966744,0 -81.8682915,31.5971372,0 -81.8677423,31.5977782,0 -81.8674329,31.5981461,0 -81.867028,31.59862740000001,0 -81.866781,31.5989209,0 -81.8658437,31.6000375,0 -81.8650981,31.6009273,0 -81.8648467,31.6012248,0 -81.8638356,31.6024339,0 -81.8629296,31.6035118,0 -81.86200030000001,31.6046076,0 -81.8612555,31.60551239999999,0 -81.8609496,31.6058962,0 -81.86065069999999,31.6063417,0 -81.8603588,31.6068647,0 -81.86009730000001,31.6074573,0 -81.8599899,31.6077894,0 -81.85986149999999,31.6082269,0 -81.8598148,31.6084397,0 -81.8597472,31.6089191,0 -81.859706,31.609285,0 -81.85969059999999,31.6096524,0 -81.859706,31.60999869999999,0 -81.85973989999999,31.6104002,0 -81.85978299999999,31.6106757,0 -81.8598385,31.6109643,0 -81.85991249999999,31.6112897,0 -81.8600388,31.6116885,0 -81.8601589,31.6120244,0 -81.8602791,31.612292,0 -81.8604424,31.6126305,0 -81.8606334,31.6129637,0 -81.8610494,31.6135934,0 -81.8613206,31.6139926,0 -81.86175179999999,31.6146272,0 -81.8632307,31.6168102,0 -81.86442,31.6185628,0 -81.86504859999999,31.6194864,0 -81.8652981,31.6198642,0 -81.86566929999999,31.620412,0 -81.86612169999999,31.6210527,0 -81.8664227,31.6215118,0 -81.8667695,31.6219833,0 -81.86714259999999,31.6225394000001,0 -81.8674216,31.6229985,0 -81.8674915,31.6231586,0 -81.86755100000001,31.6233217,0 -81.8675999,31.6234873,0 -81.867638,31.6236549,0 -81.8676653,31.6238241,0 -81.86768170000001,31.6239943,0 -81.8676871,31.6241681,0 -81.8676811,31.624342,0 -81.8676636,31.6245152,0 -81.8676349,31.6246874,0 -81.8675949,31.6248579,0 -81.86754380000001,31.6250263,0 -81.8667998,31.6264677,0 -81.866406,31.627041,0 -81.8652379,31.6293167,0 -81.8646083,31.6305091,0 -81.86362819999999,31.6323579,0 -81.8634,31.6328364,0 -81.86188009999999,31.6357448,0 -81.86142409999999,31.6366173000001,0 -81.8593997,31.640494,0 -81.85811750000001,31.6429687,0 -81.857809,31.643564,0 -81.8574787,31.6441878,0 -81.857198,31.6447178,0 -81.85680499999999,31.64546,0 -81.8560524,31.6468722,0 -81.856041,31.6468944,0 -81.8558302,31.6473046,0 -81.8557199,31.6475189,0 -81.85564960000001,31.6476554,0 -81.85554089999999,31.6478666,0 -81.85532480000001,31.6482829,0 -81.85520339999999,31.6485036,0 -81.8550745,31.6487469,0 -81.8549268,31.6490248999999,0 -81.85475270000001,31.6493677,0 -81.8546898,31.6494876,0 -81.8545112,31.6498284,0 -81.8543038,31.6502239,0 -81.8538001,31.6511849,0 -81.8537321,31.6513146,0 -81.85333369999999,31.6520906,0 -81.85230009999999,31.6540498,0 -81.8517822,31.6550476,0 -81.85114110000001,31.6562826,0 -81.8504647,31.6575864,0 -81.850386,31.657738,0 -81.85029400000001,31.657909,0 -81.8500722,31.6583306,0 -81.8498568,31.6587401,0 -81.8495166,31.6593675,0 -81.8492528,31.659885,0 -81.84892809999999,31.6604774,0 -81.8488069,31.6606651,0 -81.8487727,31.6607145,0 -81.848439,31.66119699999989,0 -81.84835699999999,31.661309,0 -81.8481444,31.6615452,0 -81.8480656,31.6616409,0 -81.8478784,31.6618478,0 -81.84758220000001,31.6621271,0 -81.8473582,31.6623123,0 -81.8471409,31.662484,0 -81.8470282,31.6625692,0 -81.8469192,31.6626516,0 -81.8466932,31.6628149,0 -81.846463,31.662974,0 -81.846158,31.6631763,0 
				
					-81.846158,31.6631763,0 -81.8459944,31.6633443,0 -81.8456072,31.6635616,0 -81.845409,31.66366,0 -81.844891,31.66391,0 -81.843446,31.664571,0 -81.842343,31.665084,0 -81.84157399999999,31.665442,0 -81.841117,31.665651,0 -81.8407589,31.6658169,0 -81.8352093,31.66837200000001,0 -81.8343677,31.668777,0 -81.83329000000001,31.669317,0 -81.832493,31.669736,0 -81.8319529,31.6700331,0 -81.83137499999999,31.670372,0 -81.82848300000001,31.67208,0 -81.8264815,31.6732666000001,0 -81.8234255,31.6750496,0 -81.8227156,31.6754602,0 -81.821563,31.6761300000001,0 -81.8191853,31.6775366,0 -81.8186742,31.6778072000001,0 -81.8181548,31.678041,0 -81.8176361,31.6782456,0 -81.81709069999999,31.6784172,0 -81.81647959999999,31.6785956,0 -81.81614279999999,31.678685,0 -81.8153762,31.6788791,0 -81.8143099,31.6791599,0 -81.8134787,31.6793804,0 -81.8126491,31.6795984,0 -81.8114968,31.6798926,0 -81.8110046,31.6800193,0 -81.80885859999999,31.6805815,0 -81.80823100000001,31.6807472,0 -81.8074471,31.6809609,0 -81.80629039999999,31.6812688,0 -81.80545549999999,31.6815428,0 -81.804641,31.681873,0 -81.8040357,31.6821623000001,0 -81.8027857,31.6828306,0 -81.8015058,31.6835284,0 -81.7994408,31.6846248,0 -81.7976132,31.6855979,0 -81.7952073,31.6868971,0 -81.793216,31.6879615,0 -81.7919215,31.6886504,0 -81.7914454,31.6888995,0 -81.7912249,31.6890235,0 -81.78960189999999,31.68989910000001,0 -81.7885256,31.690479,0 -81.787521,31.691003,0 -81.784263,31.692768,0 -81.7829256,31.6934688,0 -81.7814188,31.6942742,0 -81.7804446,31.6948036,0 -81.7783505,31.6959264,0 -81.7772665,31.6965091,0 -81.7764068,31.6969752,0 -81.7754455,31.6974996,0 -81.7731587,31.6987109,0 -81.77185420000001,31.699408,0 -81.7695665,31.7006402,0 -81.768778,31.7010565,0 -81.7612611,31.7050904,0 -81.7600205,31.7057626,0 -81.7589309,31.7063462,0 -81.758014,31.7068418,0 -81.7572557,31.7072517,0 -81.7570217,31.7073585,0 -81.75600710000001,31.707787,0 -81.7552774,31.7081624,0 -81.7550554,31.7082837,0 -81.7543415,31.708674,0 -81.7530953,31.7093421,0 -81.75169169999999,31.7101008,0 -81.7504047,31.710786,0 -81.749045,31.711514,0 -81.7486591,31.7117258,0 -81.7480398,31.712054,0 -81.74767679999999,31.7122425,0 -81.7474588,31.7123538,0 -81.7474012,31.712384,0 -81.7465047,31.7128539,0 -81.7460596,31.7131066,0 -81.7462876,31.7133383,0 -81.74680069999999,31.7138122,0 -81.7469834,31.7140035,0 -81.7471133,31.7141396,0 -81.74870300000001,31.715675,0 -81.7491605,31.7160979,0 -81.7493427,31.7162751,0 -81.7512953,31.7181743,0 -81.7521958,31.7190177,0 -81.7524784,31.7192884,0 -81.7528657,31.7196531,0 -81.7540237,31.7207553,0 -81.75412780000001,31.7208544000001,0 -81.754593,31.7212972,0 -81.7547165,31.7214147,0 -81.75641109999999,31.7230479,0 -81.7567324,31.7233368,0 -81.7595951,31.7260516,0 -81.7603438,31.7267798,0 -81.760986,31.727342,0 -81.76136,31.727659,0 -81.761589,31.727815,0 -81.76226,31.728246,0 -81.76300000000001,31.728685,0 -81.764785,31.729621,0 -81.76604399999999,31.730281,0 -81.76638699999999,31.730457,0 -81.76855399999999,31.7315859999999,0 -81.7702357,31.7324356,0 -81.7703854,31.7325112,0 -81.77109799999999,31.7328947,0 -81.77256,31.733671,0 -81.77338399999999,31.734107,0 -81.774215,31.734554,0 -81.776596,31.735818,0 -81.77840399999999,31.7367719999999,0 -81.7787989,31.7369807,0 -81.78723100000001,31.741436,0 -81.787398,31.741535,0 -81.787826,31.74179,0 -81.78868,31.742299,0 -81.78903099999999,31.742509,0 -81.790306,31.743263,0 -81.79169400000001,31.74409199999999,0 -81.79235799999999,31.744531,0 -81.792518,31.744638,0 -81.792976,31.74494899999999,0 -81.793846,31.745538,0 -81.79624099999999,31.747087,0 -81.79750799999999,31.747945,0 -81.799018,31.7489919999999,0 -81.800224,31.749773,0 -81.800765,31.75011,0 -81.8022575,31.7510616,0 -81.80274900000001,31.751375,0 -81.805931,31.753532,0 -81.806121,31.753644,0 -81.80613700000001,31.75366,0 -81.80637299999999,31.75381399999999,0 -81.806945,31.75422,0 -81.807693,31.75469,0 -81.808303,31.755096,0 -81.80884500000001,31.75547,0 -81.809417,31.755947,0 -81.80991299999999,31.756433,0 -81.81001999999999,31.756536,0 -81.810256,31.756797,0 -81.81031,31.756858,0 -81.8103934,31.7569429,0 -81.810615,31.757198,0 -81.8109333,31.7577335,0 -81.811149,31.758163,0 -81.8112434,31.7584085,0 -81.81134,31.758676,0 -81.811363,31.758857,0 -81.811386,31.758998,0 -81.811447,31.759761,0 -81.81147,31.760248,0 -81.811492,31.760652,0 -81.811508,31.760965,0 -81.81154600000001,31.762315,0 -81.811637,31.76305,0 -81.81182,31.763637,0 -81.81210299999999,31.764205,0 -81.81607,31.7707400000001,0 -81.816284,31.771051,0 -81.816452,31.771287,0 -81.816734,31.771688,0 -81.81708500000001,31.77218,0 -81.817581,31.772853,0 -81.81829,31.773937,0 -81.818946,31.775115,0 -81.819953,31.7767960000001,0 -81.82117220000001,31.7788921,0 -81.8232136,31.7824015,0 -81.823966,31.78369500000001,0 -81.824569,31.784502,0 -81.824867,31.78477,0 -81.825187,31.785093,0 -81.825546,31.785381,0 -81.825996,31.785757,0 -81.826103,31.785835,0 -81.826988,31.786487,0 -81.827201,31.786645,0 -81.829269,31.788187,0 -81.831108,31.789617,0 -81.83184,31.790163,0 -81.83393,31.79174,0 -81.836364,31.793523,0 -81.843566,31.798959,0 -81.843795,31.799119,0 -81.844505,31.799558,0 -81.845291,31.799863,0 -81.845832,31.800079,0 -81.84645,31.800224,0 -81.846923,31.800352,0 -81.847724,31.800519,0 -81.84857100000001,31.800672,0 -81.849304,31.800798,0 -81.850059,31.80096,0 -81.850898,31.801111,0 -81.851547,31.801246,0 -81.8521932,31.8013754,0 -81.8524128,31.8013901,0 -81.852737,31.801435,0 -81.853309,31.801519,0 -81.853675,31.80157,0 -81.854072,31.801654,0 -81.854316,31.801719,0 -81.854766,31.801874,0 -81.855552,31.802202,0 -81.85627700000001,31.80256,0 -81.856674,31.80274,0 -81.85728400000001,31.803014,0 -81.858413,31.803516,0 -81.858634,31.803613,0 -81.858779,31.80368,0 -81.86116,31.804746,0 -81.86140399999999,31.804853,0 -81.863212,31.80566,0 -81.8632466,31.8056767,0 -81.86571499999999,31.806793,0 -81.87005600000001,31.808725,0 -81.870666,31.809024,0 -81.870803,31.809097,0 -81.871177,31.809282,0 -81.871505,31.809511,0 -81.87177200000001,31.80972,0 -81.87364100000001,31.811225,0 -81.874977,31.812286,0 -81.875427,31.812759,0 -81.87571699999999,31.813053,0 -81.875801,31.813131,0 -81.876197,31.8136,0 -81.876564,31.814044,0 -81.87799,31.815759,0 -81.87831799999999,31.81616,0 -81.878608,31.816513,0 -81.878906,31.816801,0 -81.87924099999999,31.817058,0 -81.87953899999999,31.817298,0 -81.87990499999999,31.817518,0 -81.88039999999999,31.8178405,0 -81.886161,31.821063,0 -81.886222,31.821098,0 -81.88866400000001,31.822496,0 -81.89958900000001,31.82875,0 -81.902145,31.83019,0 -81.90310599999999,31.830749,0 -81.90340399999999,31.830924,0 -81.90497499999999,31.831838,0 -81.90582999999999,31.832332,0 -81.906532,31.83274,0 -81.90660800000001,31.832782,0 -81.90718,31.833106,0 -81.90782900000001,31.833471,0 -81.908676,31.834005,0 -81.91004100000001,31.834756,0 -81.910118,31.834796,0 -81.910522,31.835021,0 -81.911293,31.835521,0 -81.912887,31.8364,0 -81.914283,31.837228,0 -81.915336,31.83781,0 -81.916763,31.83864,0 -81.917739,31.839206,0 -81.91925000000001,31.840049,0 -81.919731,31.840316,0 -81.91986799999999,31.840394,0 -81.922393,31.841804,0 -81.92362900000001,31.842466,0 -81.924797,31.84317,0 -81.925468,31.843545,0 -81.92613900000001,31.843957,0 -81.92699399999999,31.844448,0 -81.927536,31.84485,0 -81.927803,31.84505,0 -81.928146,31.8454300000001,0 -81.928375,31.845666,0 -81.92855,31.845895,0 -81.928825,31.846286,0 -81.929,31.846714,0 -81.929168,31.847133,0 -81.929309,31.847572,0 -81.9294366,31.8482016,0 -81.929879,31.85045300000001,0 -81.929911,31.850731,0 -81.92994299999999,31.85096,0 -81.93019200000001,31.852061,0 -81.93064800000001,31.854519,0 -81.93091699999999,31.856217,0 -81.931066,31.85698,0 -81.931811,31.860803,0 -81.932328,31.863502,0 -81.93273499999999,31.865478,0 -81.933882,31.871622,0 -81.934129,31.872893,0 -81.93508199999999,31.877806,0 -81.93519999999999,31.878442,0 -81.935317,31.879079,0 -81.936238,31.884063,0 -81.93696,31.887889,0 -81.937309,31.889772,0 -81.93848060000001,31.8957683,0 -81.93862,31.896532,0 -81.93961299999999,31.901609,0 -81.939989,31.903471,0 -81.94087500000001,31.908407,0 -81.94109880000001,31.9094075,0 -81.9412244,31.9100278000001,0 -81.94135850000001,31.9105515,0 -81.9415187,31.9110499,0 -81.94164550000001,31.911444,0 -81.9416804,31.9116353,0 -81.9417394,31.9118243,0 -81.9417662,31.9119449,0 -81.9417796,31.9120702,0 -81.9417742,31.9121977,0 -81.9417474,31.9123115,0 -81.94168569999999,31.9124071,0 -81.94161269999999,31.9124696,0 -81.94147619325913,31.91250704980103,0 -81.9414116389453,31.91257109511139,0 -81.94140097971022,31.91266105273646,0 
				
					-81.9414136,31.9127324,0 -81.9414202,31.9128306,0 -81.941447,31.9130606,0 -81.94141430000001,31.9134961,0 -81.9413885,31.9136932,0 -81.94136,31.9139109,0 -81.94129599999999,31.9141788,0 -81.9412706,31.9142851,0 -81.94118109999999,31.9146213,0 -81.94105329999999,31.9149928,0 -81.9408873,31.9153723,0 -81.9407499,31.9156516,0 -81.940591,31.915924,0 -81.94029399999999,31.916347,0 -81.940108,31.916612,0 -81.939683,31.9172889999999,0 -81.939333,31.917835,0 -81.939059,31.918262,0 -81.938204,31.919596,0 -81.937439,31.920768,0 -81.93695700000001,31.92150699999999,0 -81.93671500000001,31.921878,0 -81.936004,31.922968,0 -81.935726,31.92338,0 -81.934518,31.925169,0 -81.933663,31.926498,0 -81.933117,31.927347,0 -81.932863,31.927698,0 -81.93194800000001,31.92910699999999,0 -81.93176699999999,31.929359,0 -81.931321,31.930035,0 -81.931127,31.930427,0 -81.93095599999999,31.930767,0 -81.930902,31.930923,0 -81.930757,31.931305,0 -81.93034299999999,31.93251800000001,0 -81.9301942,31.9329495,0 -81.930031,31.933423,0 -81.929621,31.9345622,0 -81.92910500000001,31.9359321,0 -81.928881,31.936665,0 -81.92801900000001,31.938819,0 -81.92753500000001,31.940164,0 -81.92733010000001,31.9407557,0 -81.927057,31.941544,0 -81.9265793,31.9428852,0 -81.9264288,31.9433075,0 -81.925454,31.946106,0 -81.925111,31.947022,0 -81.925027,31.947256,0 -81.924903,31.947581,0 -81.924622,31.948396,0 -81.924494,31.948768,0 -81.92443900000001,31.948928,0 -81.924268,31.949717,0 -81.924209,31.949988,0 -81.92415099999999,31.95026,0 -81.924027,31.950927,0 -81.923984,31.951304,0 -81.923964,31.951486,0 -81.923911,31.952016,0 -81.923902,31.952963,0 -81.9239271,31.9548077,0 -81.92390399999999,31.955792,0 -81.92371900000001,31.956675,0 -81.923534,31.957241,0 -81.923126,31.9584930000001,0 -81.92309899999999,31.958575,0 -81.922997,31.958887,0 -81.922928,31.959116,0 -81.9229172,31.959146,0 -81.9228727,31.9592754,0 -81.921865,31.962177,0 -81.921266,31.963698,0 -81.920824,31.964934,0 -81.920219,31.9667399999999,0 -81.920131,31.967001,0 -81.919342,31.969354,0 -81.91916399999999,31.969885,0 -81.918734,31.971167,0 -81.9186843,31.9714096,0 -81.91846099999999,31.9725,0 -81.918448,31.972637,0 -81.918396,31.973171,0 -81.91816439999999,31.9755506,0 -81.918074,31.97648,0 -81.918063,31.976516,0 -81.9178916,31.9782627,0 -81.91782569999999,31.9789142,0 -81.91777879999999,31.9795554,0 -81.9177694,31.979924,0 -81.9177789,31.9802109,0 -81.91778739999999,31.9803505,0 -81.91781229999999,31.9806566,0 -81.9178514,31.9809382000001,0 -81.9179065,31.9812397,0 -81.9179602,31.9815597,0 -81.918443,31.983495,0 -81.918436,31.983516,0 -81.918763,31.984799,0 -81.918836,31.985798,0 -81.91882699999999,31.986629,0 -81.918768,31.987299,0 -81.918387,31.990323,0 -81.918356,31.990569,0 -81.918245,31.99145,0 -81.918041,31.993045,0 -81.91793869999999,31.9938454,0 -81.917934,31.993882,0 -81.91778600000001,31.995038,0 -81.91751600000001,31.997233,0 -81.91746500000001,31.9976480000001,0 -81.9172854,31.9990491000001,0 -81.91701999999999,32.001119,0 -81.91685099999999,32.002459,0 -81.91672800000001,32.003376,0 -81.9165366,32.0048818,0 -81.916093,32.008372,0 -81.91605800000001,32.008674,0 -81.91600149999999,32.0090678,0 -81.915918,32.009819,0 -81.915798,32.010764,0 -81.915637,32.012195,0 -81.91559100000001,32.012597,0 -81.915301,32.0148620000001,0 -81.915178,32.015785,0 -81.914925,32.017715,0 -81.914671,32.019561,0 -81.9144952,32.021082,0 -81.914463,32.021361,0 -81.91437000000001,32.022098,0 -81.9141237,32.0240603,0 -81.9140905,32.0243255,0 -81.914055,32.024608,0 -81.913994,32.024977,0 -81.9137379,32.0270062,0 -81.913113,32.031957,0 -81.912567,32.036277,0 -81.912329,32.038243,0 -81.912104,32.040098,0 -81.911524,32.044393,0 -81.91108800000001,32.047913,0 -81.910461,32.05295,0 -81.91045200000001,32.053022,0 -81.91038399999999,32.053553,0 -81.90994999999999,32.056939,0 -81.90919599999999,32.062666,0 -81.9091166,32.0632692,0 -81.90898199999999,32.064292,0 -81.908559,32.067501,0 -81.90816700000001,32.070481,0 -81.907479,32.07605,0 -81.90745800000001,32.076219,0 -81.907313,32.077394,0 -81.90666,32.082669,0 -81.9053497,32.092638,0 -81.9050898,32.094655,0 -81.9047374,32.0973903,0 -81.9044313,32.0997959,0 -81.9036195,32.1061889,0 -81.90337049999999,32.1081368,0 -81.9029831,32.111142,0 -81.90285040000001,32.1122022,0 -81.90205899999999,32.118499,0 -81.901994,32.118834,0 -81.90188999999999,32.119574,0 -81.901799,32.120417,0 -81.90169419999999,32.121217,0 -81.9016678,32.1215224,0 -81.901629,32.121865,0 -81.901616,32.122034,0 -81.9012886,32.1243734,0 -81.9011457,32.1255082,0 -81.901099,32.125875,0 -81.90102400000001,32.126449,0 -81.900948,32.127135,0 -81.9009179,32.1276176999999,0 -81.90090600000001,32.128152,0 -81.900904,32.128566,0 -81.9009204,32.1290114,0 -81.90095289999999,32.1294796,0 -81.9009922,32.129866,0 -81.9010648,32.1303988,0 -81.90117890000001,32.131014,0 -81.901307,32.131605,0 -81.90136099999999,32.131816,0 -81.9015473,32.1324306,0 -81.9016948,32.132896,0 -81.90183570000001,32.1333565,0 -81.902552,32.135602,0 -81.90271,32.136086,0 -81.90327670000001,32.1379082,0 -81.9034417,32.1385395,0 -81.9035329,32.1389279,0 -81.9036053,32.1393333,0 -81.9037099,32.1399965,0 -81.90377030000001,32.1406177,0 -81.9038011,32.1409799,0 -81.90381309999999,32.1417291,0 -81.90383439999999,32.1428147,0 -81.9038307,32.1445225,0 -81.903897,32.145848,0 -81.903898,32.145944,0 -81.9039178,32.1491891,0 -81.90391959999999,32.1494893,0 -81.9039198,32.1495245,0 -81.90392,32.1495586,0 -81.9039228,32.150015,0 -81.9039262,32.1505765,0 -81.903937,32.152357,0 -81.90394499999999,32.1535597,0 -81.903952,32.1547,0 -81.9039835,32.1579465,0 -81.9039994,32.1592371,0 -81.90401900000001,32.1607966,0 -81.904021,32.160955,0 -81.9040263,32.1611197,0 -81.9040303,32.1612910999999,0 -81.9040313,32.1617151,0 -81.9040318,32.1619224,0 -81.90403999999999,32.162971,0 -81.904048,32.163567,0 -81.90405800000001,32.164274,0 -81.904045,32.164583,0 -81.903999,32.164886,0 -81.903947,32.165298,0 -81.90395100000001,32.165329,0 -81.90386599999999,32.165706,0 -81.90375299999999,32.16612,0 -81.903629,32.166504,0 -81.90329800000001,32.167268,0 -81.903139,32.167549,0 -81.902959,32.167834,0 -81.90282000000001,32.168042,0 -81.90258900000001,32.168362,0 -81.902404,32.1685996,0 -81.90198669999999,32.1690976,0 -81.90190010000001,32.1691964,0 -81.9016293,32.1695059,0 -81.9014744,32.1696845,0 -81.9003914,32.1709339,0 -81.9003173,32.1710224,0 -81.89982209999999,32.1716132,0 -81.899371,32.172151,0 -81.898213,32.173465,0 -81.897959,32.173758,0 -81.8971367,32.1747062,0 -81.896784,32.175113,0 -81.8966839,32.1752274,0 -81.896198,32.175811,0 -81.895088,32.177056,0 -81.894775,32.177432,0 -81.893433,32.1789909999999,0 -81.89241800000001,32.180185,0 -81.89169390000001,32.1810203,0 -81.89137599999999,32.181387,0 -81.891186,32.181593,0 -81.8903421,32.1825754,0 -81.8901686,32.1827715,0 -81.8897279,32.1832901,0 -81.8892446,32.1838328,0 -81.8890711,32.1840412,0 -81.88857419999999,32.1846195,0 -81.888156,32.1850590000001,0 -81.887096,32.186287,0 -81.886054,32.187513,0 -81.88413199999999,32.189731,0 -81.88201100000001,32.192101,0 -81.881426,32.192785,0 -81.88096899999999,32.193317,0 -81.880382,32.194015,0 -81.878934,32.1957379999999,0 -81.878902,32.195771,0 -81.878213,32.19657,0 -81.878153,32.196648,0 -81.877702,32.197145,0 -81.877376,32.197679,0 -81.87716399999999,32.198068,0 -81.87689,32.198788,0 -81.87675,32.199289,0 -81.876729,32.199424,0 -81.876722,32.20035,0 -81.8768364,32.2012853999999,0 -81.8770275,32.203164,0 -81.87728799999999,32.205506,0 -81.8774384,32.2069684,0 -81.877544,32.208132,0 -81.87767599999999,32.2093219999999,0 -81.877798,32.210521,0 -81.8778923,32.2112083,0 -81.877945,32.212134,0 -81.877928,32.212674,0 -81.87787899999999,32.213347,0 -81.877866,32.213521,0 -81.87748999999999,32.21593,0 -81.877334,32.216996,0 -81.877253,32.217553,0 -81.87714200000001,32.218349,0 -81.876983,32.219548,0 -81.876913,32.2199168,0 -81.876806,32.220627,0 -81.876784,32.220764,0 -81.87666489999999,32.2215593,0 -81.87661439999999,32.2218892,0 -81.8763828,32.2234032,0 -81.8763517,32.2236028,0 -81.8762421,32.2243639,0 -81.87618000000001,32.2247868,0 -81.8759967,32.2257712,0 -81.875919,32.2263419,0 -81.875877,32.22665,0 -81.875651,32.228146,0 -81.875619,32.228363,0 -81.875429,32.2298130000001,0 -81.875387,32.230134,0 -81.875015,32.232308,0 -81.874983,32.232495,0 -81.874852,32.233691,0 -81.874747,32.234864,0 -81.874734,32.236066,0 -81.874734,32.237265,0 -81.874712,32.237886,0 -81.87472200000001,32.237938,0 -81.87469,32.239711,0 -81.8746148,32.2418112,0 -81.874559,32.24337,0 -81.874562,32.243754,0 -81.874568,32.244584,0 -81.8745222,32.2457798,0 -81.87451,32.246099,0 -81.87451179999999,32.2465867,0 -81.874514,32.247205,0 -81.87452399999999,32.248196,0 -81.87451,32.249394,0 -81.874477,32.250369,0 -81.87441099999999,32.253006,0 -81.874402,32.254232,0 -81.874385,32.255457,0 -81.87433900000001,32.256605,0 -81.874312,32.256825,0 -81.874281,32.256923,0 -81.87419300000001,32.257742,0 -81.874129,32.258333,0 -81.874101,32.258631,0 -81.874047,32.259172,0 -81.87397199999999,32.259802,0 -81.873932,32.2601,0 -81.87377600000001,32.261615,0 -81.87372499999999,32.262106,0 -81.8735543,32.2638939,0 -81.8735313,32.2640669,0 -81.8734321,32.2649469,0 -81.8733624,32.2656137,0 -81.8733577,32.2659384,0 -81.87337170000001,32.266335,0 -81.87348040000001,32.2670335,0 -81.87361850000001,32.2675562,0 -81.87375419999999,32.2679204,0 -81.8737835,32.267986,0 -81.8740074,32.268502,0 -81.87447950000001,32.2695021,0 -81.87501589999999,32.2706225,0 -81.87538739999999,32.2714514,0 -81.8757468,32.2722882,0 -81.8762325,32.2733511,0 -81.8768803,32.2747961,0 -81.8772314,32.2755597,0 -81.8774135,32.2759937,0 -81.87756779999999,32.2764323,0 -81.8776769,32.2767775,0 -81.87781270000001,32.277306,0 -81.87786989999999,32.2777119,0 -81.8779005,32.2779773,0 -81.8779205,32.2783618,0 -81.87791110000001,32.2788465,0 -81.8778605,32.2793584,0 -81.877854,32.2794244,0 -81.8777994,32.279755,0 -81.8777023,32.2802059,0 -81.8775813,32.2807659,0 -81.877427,32.2814687,0 -81.8772235,32.2823221,0 -81.87701610000001,32.2831102999999,0 -81.8767553,32.2839435,0 -81.87641739999999,32.2851342,0 -81.8761368,32.2863013,0 -81.8759361,32.2871232,0 -81.8757951,32.287664,0 -81.8755105,32.2887412,0 -81.87523520000001,32.2896935,0 -81.8750841,32.2902285,0 -81.8750103,32.2904963,0 -81.8747843,32.2914822,0 -81.87460609999999,32.292267,0 -81.8743506,32.2932642,0 -81.8742663,32.2935925,0 -81.8741285,32.2941289,0 -81.8738717,32.2950585,0 -81.87368960000001,32.2958377,0 -81.8734875,32.2966437,0 -81.873267,32.2975093,0 -81.8731325,32.2979874,0 -81.87304899999999,32.2982839000001,0 -81.87288700000001,32.2989597,0 -81.872685,32.2997175,0 -81.8726751,32.2997631,0 -81.8726332,32.2999571,0 -81.8725936,32.3001161,0 -81.87257630000001,32.3001927,0 -81.87256170000001,32.3002575,0 -81.87251689999999,32.3005115,0 -81.8724527,32.300875,0 -81.87240749999999,32.3014599,0 -81.87241040000001,32.3019929,0 -81.8724843,32.3024261,0 -81.8725061,32.3026599,0 -81.87251430000001,32.3027023,0 -81.87259299999999,32.3031079,0 -81.8726168,32.3032309,0 -81.8726456,32.3033795,0 -81.87291569999999,32.3044276,0 -81.87307060000001,32.3050286,0 -81.87330300000001,32.3058997,0 -81.8733715,32.3061627,0 -81.8734956,32.3066395,0 -81.8736923,32.307379,0 -81.8739403,32.3083192,0 -81.8741337,32.3090528,0 -81.8742373,32.3094454,0 -81.87475860000001,32.311419,0 -81.87579820000001,32.3153551,0 -81.8760849,32.3164417,0 -81.8764348,32.3177745,0 -81.87655030000001,32.3182471,0 -81.87668979999999,32.3188375,0 -81.8767837,32.3193375,0 -81.876808,32.3194671,0 -81.876881,32.3201619,0 -81.8769222,32.3208746000001,0 -81.8769063,32.3215379,0 -81.8768678,32.3220711,0 -81.8768027,32.3227781,0 -81.8767349,32.3235279,0 -81.8766858,32.3240801,0 -81.8766061,32.3249858,0 -81.87653570000001,32.3257018,0 -81.8764906,32.3262798,0 -81.8764135,32.3271047,0 -81.87636259999999,32.3277073,0 -81.8763325,32.3280138,0 -81.8762342,32.3290934,0 -81.876144,32.3300578,0 -81.8761173,32.3303436,0 -81.8760642,32.3308531,0 -81.87594730000001,32.3313839,0 -81.875788,32.3319417,0 -81.87560999999999,32.3324007,0 -81.8754333,32.3327968,0 -81.87517699999999,32.333285,0 -81.87487419999999,32.3338551,0 -81.8744691,32.3346059,0 -81.8740561,32.3353768,0 -81.8736749,32.3360771,0 -81.87329630000001,32.3367773,0 -81.8729271,32.3374742,0 -81.8725194,32.3382339,0 -81.87208510000001,32.3390317,0 -81.8719372,32.3392887,0 -81.87180499999999,32.3395183,0 -81.871324,32.3403166,0 -81.8708154,32.3410942,0 -81.87045999999999,32.3416747,0 -81.87042529999999,32.3417313,0 -81.8703213,32.3419011,0 -81.8698716,32.3427269,0 -81.8695118,32.3434051,0 -81.86904490000001,32.3442656,0 -81.86862170000001,32.3450522,0 -81.8683082,32.3456355,0 -81.8681854,32.3458539999999,0 -81.86784659999999,32.3464925999999,0 -81.8674247,32.3472882,0 -81.86702,32.3480335,0 -81.86673159999999,32.3485667,0 -81.86655140000001,32.3488639,0 -81.8663351,32.3492943,0 -81.86595130000001,32.3500917,0 -81.8656854,32.3506973,0 -81.8653918,32.3513744,0 -81.8651299,32.3519219,0 -81.864831,32.3525163,0 -81.86471280000001,32.3527367,0 -81.8644524,32.3532222,0 -81.86407819999999,32.3539227,0 -81.8637002,32.3546244,0 -81.8633104,32.3553526,0 -81.8629913,32.3559515,0 -81.86273490000001,32.3564222,0 -81.8623412,32.3571548,0 -81.8621476,32.3575128,0 -81.8620023,32.3577795999999,0 -81.8616427,32.3584398,0 -81.8612463,32.359189,0 -81.86086830000001,32.3598939,0 -81.8606972,32.3601935,0 -81.8605534,32.3604625,0 -81.8603294,32.360885,0 -81.86004029999999,32.3613844,0 -81.85982180000001,32.3617126,0 -81.8594896,32.3621578,0 -81.858959,32.3627767,0 -81.8587869,32.3628873,0 -81.85839300000001,32.3633174,0 -81.85787670000001,32.363799,0 -81.8571822,32.3643941,0 -81.8561567,32.3652172,0 -81.8553763,32.3657714,0 -81.8544325,32.3665216,0 -81.85378780000001,32.3670699,0 -81.8531746,32.3675344,0 -81.8529734,32.3676868,0 -81.85242220000001,32.3681378,0 -81.8517641,32.368648,0 -81.8511472,32.3691444,0 -81.850757,32.3694508,0 -81.85033230000001,32.3697963,0 -81.8501189,32.3699805,0 -81.8495369,32.3704185,0 -81.84934440000001,32.3705777,0 -81.84891450000001,32.3709331,0 -81.84818679999999,32.3715305,0 -81.8475162,32.3720671,0 -81.8468103,32.3726434,0 -81.84664069999999,32.3727588,0 -81.8458665,32.3733845,0 -81.8444417,32.3745457,0 -81.8444197,32.3745636,0 -81.8442744,32.374688,0 -81.8439927,32.3749292,0 -81.8438706,32.3750339,0 -81.8436523,32.3752208,0 -81.8433282,32.3755195,0 -81.8430687,32.3757493,0 -81.8429295,32.3758696,0 -81.84251810000001,32.3762795,0 -81.8421318,32.3766489,0 -81.84138969999999,32.3773331,0 -81.8412799,32.377421,0 -81.8409121,32.3777706,0 -81.8401784,32.3784398,0 -81.8398669,32.3787335,0 -81.8389978,32.3795401,0 -81.83849170000001,32.3800274,0 -81.8379833,32.3805043999999,0 -81.83768329999999,32.3807796,0 -81.8375772,32.3808828,0 -81.8374259,32.3810299,0 -81.8368474,32.3815662,0 -81.83650470000001,32.3818935,0 -81.83617219999999,32.3821999,0 -81.83576770000001,32.3825798,0 -81.83523700000001,32.3830928,0 -81.83514940000001,32.3831774,0 -81.83432670000001,32.3839556,0 -81.8342083,32.3840675,0 -81.8335427,32.3846585,0 -81.83307790000001,32.3851194,0 -81.8326035,32.3855425,0 -81.8318562,32.3862392,0 -81.83176090000001,32.386328,0 -81.83150860000001,32.3865658,0 -81.8312624,32.3867938,0 -81.8312511,32.3868043,0 -81.8311202,32.3869266,0 -81.8309051,32.3871282,0 -81.8305526,32.3874588,0 -81.8303696,32.3876445,0 -81.83034480000001,32.3876674,0 -81.83021119999999,32.3877909,0 -81.8297749,32.3881944,0 -81.82894640000001,32.3889544,0 -81.8281772,32.3896814,0 -81.8272657,32.3905373,0 -81.82648469999999,32.3912629,0 -81.8259618,32.3917722,0 -81.82576760000001,32.3919534,0 -81.8256837,32.3920227,0 -81.8251235,32.3925491,0 -81.82491659999999,32.3927463,0 -81.8246216,32.3930051,0 -81.8238939,32.3936914,0 -81.823482,32.3940826,0 -81.82327290000001,32.3942812,0 -81.8228921,32.394634,0 -81.8226367,32.3948707,0 -81.8224072,32.3950893,0 -81.822261,32.395201,0 -81.8221638,32.3952893,0 -81.8219623,32.3954997,0 -81.8218415,32.3956259,0 -81.8212742,32.3961429,0 -81.8209847,32.3964097,0 -81.8208893,32.3965024999999,0 -81.8206023,32.3967605,0 -81.8204758,32.3968743,0 -81.8202031,32.3971545,0 -81.8198271,32.3975046,0 -81.81971919999999,32.3976014,0 -81.81955670000001,32.3977551,0 -81.8193778,32.3979244,0 -81.8193208,32.3979783,0 -81.8188925,32.3983619,0 -81.81875580000001,32.3984871,0 -81.81873349999999,32.3985077999999,0 -81.81833899999999,32.398874,0 -81.8182183,32.398986,0 -81.8177249,32.3994648,0 -81.8172399,32.3999106,0 -81.8169317,32.4002087,0 -81.81661680000001,32.4004839,0 -81.8160178,32.4010506,0 -81.8152264,32.4018031,0 -81.81510249999999,32.4019189,0 -81.8145557,32.4024299,0 -81.8140738,32.4028798,0 -81.81371799999999,32.4032138,0 -81.8134074,32.4035027,0 -81.8130927,32.4038009,0 -81.8129727,32.4039147,0 -81.8122522,32.4045797,0 -81.8115791,32.4052131,0 -81.8111473,32.4056139,0 -81.8108615,32.4058766,0 -81.8104065,32.4063111,0 -81.80993890000001,32.4067576,0 -81.8093226,32.4073198,0 -81.8091987,32.4074489,0 -81.8086527,32.4079514,0 -81.80826209999999,32.4083142,0 -81.80793199999999,32.4086208,0 -81.8077672,32.4087828,0 -81.8073352,32.4091906,0 -81.80726679999999,32.4092525,0 -81.80684170000001,32.4096416,0 -81.8066482,32.409823,0 -81.8063454,32.4101071,0 -81.80626820000001,32.4101779,0 -81.8060018,32.4104223,0 -81.8059176,32.4104995,0 -81.8056577,32.4107379,0 -81.80558480000001,32.4108081,0 -81.8051538,32.4112238,0 -81.8050843,32.4112836,0 -81.8049405,32.4114073,0 -81.80473189999999,32.4115976,0 -81.8043215,32.411972,0 -81.80409760000001,32.412166,0 -81.80382539999999,32.4124424,0 -81.8035689,32.4127053,0 -81.802718,32.413502,0 -81.8024319,32.4137699,0 -81.8023249,32.4138701,0 -81.8022201,32.4139682,0 -81.8021299,32.4140527,0 -81.8014062,32.4147303,0 -81.801286,32.4148408,0 -81.80121440000001,32.4149065,0 -81.8007255,32.4153582,0 -81.8004818,32.4155773,0 -81.8004358,32.4156229,0 -81.8003576,32.4157004,0 -81.8002065,32.4158404,0 -81.7999429,32.4161047,0 -81.79982630000001,32.4162083,0 -81.79974900000001,32.4162734,0 -81.79959340000001,32.4164227,0 -81.7995085,32.4165027,0 -81.7993074,32.4166969,0 -81.7991959,32.4168026,0 -81.7991339,32.4168614,0 -81.79896859999999,32.4170105,0 -81.7988289,32.4171431,0 -81.7985838,32.4173716,0 -81.7981379,32.4177877,0 -81.79753839999999,32.4183435,0 -81.797194,32.4186694,0 -81.7968424,32.4190001,0 -81.79656490000001,32.4192486,0 -81.7965392,32.4192804,0 -81.7963006,32.4195,0 -81.7960849,32.4197036,0 -81.7960175,32.4197608,0 -81.7958213,32.4199463,0 -81.7955931,32.4201713,0 -81.7949617,32.420753,0 -81.7944344,32.4212454,0 -81.7943351,32.4213382,0 -81.7942425,32.4214272,0 -81.79388609999999,32.4217695,0 -81.7935798,32.4220533,0 -81.7934107,32.4222099,0 -81.79321210000001,32.4223946,0 -81.7930045,32.4225877,0 -81.7927761,32.4228002,0 -81.7924798,32.4230736,0 -81.7918074,32.4237116,0 -81.79136630000001,32.424116,0 -81.7911752,32.4242891,0 -81.7910092,32.4244434,0 -81.7909688,32.4244809,0 -81.79073390000001,32.4247123,0 -81.7906536,32.4247885,0 -81.7905394,32.4248968,0 -81.79026090000001,32.4251517,0 -81.7898855,32.4254982,0 -81.7893993,32.4259595,0 -81.78885940000001,32.4264671,0 -81.788664,32.4266378,0 -81.7885546,32.4267426,0 -81.7881533,32.4271311,0 -81.7877457,32.4275069,0 -81.7873568,32.4278736,0 -81.7868793,32.4283853,0 -81.7867834,32.4285032,0 -81.7865903,32.4287084,0 -81.7863577,32.4290531,0 -81.7863389,32.4290809,0 -81.7860766,32.4294975,0 -81.7859124,32.4297895,0 -81.78578160000001,32.4300414,0 -81.7856398,32.4303288,0 -81.7855053,32.4306758,0 -81.78538399999999,32.4310217,0 -81.78533210000001,32.4311865,0 -81.7852427,32.4315733,0 -81.78520159999999,32.4317614,0 -81.78518080000001,32.4319001,0 -81.7851174,32.4322071,0 -81.7850806,32.4324982,0 -81.7850729,32.4325595,0 -81.7850536,32.4327397,0 -81.7850476,32.4328624,0 -81.78502589999999,32.4331105000001,0 -81.7850222,32.4331299,0 -81.78500990000001,32.4333076,0 -81.7849945,32.433489,0 -81.78494259999999,32.4341387,0 -81.78491320000001,32.4344237,0 -81.7849004,32.4345615,0 -81.78486530000001,32.4348998,0 -81.7848513,32.4350319,0 -81.7848336,32.4352061,0 -81.78479,32.4356264,0 -81.78477340000001,32.4357869,0 -81.78476089999999,32.4359538,0 -81.78471690000001,32.4363314,0 -81.7846787,32.4366416,0 -81.7846524,32.4369421,0 -81.7846426,32.4370535,0 -81.7845818,32.4375532,0 -81.7845573,32.4377712,0 -81.7844467,32.4388466,0 -81.7844345,32.4390279,0 -81.78442560000001,32.4391073,0 -81.7844206,32.4391419,0 -81.7843764,32.4395485,0 -81.7843395,32.4399536,0 -81.7843225,32.4401355,0 -81.7842433,32.4409808,0 -81.78424130000001,32.4410258,0 -81.78420250000001,32.4414334,0 -81.7841868,32.4416107,0 -81.78418000000001,32.4416706,0 -81.7841614,32.4418332,0 -81.7841215,32.4421818,0 -81.78411250000001,32.4422608,0 -81.7841068,32.4423146,0 -81.78407009999999,32.4426587,0 -81.7840063,32.4432584,0 -81.7839845,32.4434632,0 -81.7839682,32.4436163,0 -81.7839585,32.4437125,0 -81.7839135,32.4441601,0 -81.7838797,32.4444968,0 -81.78382379999999,32.4450525,0 -81.783816,32.44513,0 -81.7838065,32.4452207,0 -81.7837251,32.4459934,0 -81.78370580000001,32.4461767,0 -81.78368450000001,32.4463952,0 -81.783653,32.4467188,0 -81.7836255,32.4470010999999,0 -81.78359709999999,32.4472449,0 -81.7835923,32.447286,0 -81.78356669999999,32.4475173,0 -81.7835183,32.4479546999999,0 -81.7835103,32.448046,0 -81.7834943,32.44823,0 -81.7834896,32.4482718,0 -81.7834703,32.4484432,0 -81.7834232,32.448862,0 -81.7834144,32.4489405,0 -81.7834083,32.4490161,0 -81.7833998,32.449121,0 -81.7833794,32.4493899,0 -81.7833772,32.4495964,0 -81.7833742,32.4496445,0 -81.7833632,32.4498191,0 -81.7833344,32.4502143,0 -81.78330889999999,32.4505648,0 -81.7833061,32.4506029,0 -81.7833014,32.4506673,0 -81.7832957,32.4507444,0 -81.78327609999999,32.4510128,0 -81.7832658,32.4511535,0 -81.78326439999999,32.4511725,0 -81.78324929999999,32.4516696,0 -81.7832645,32.4518216,0 -81.783299,32.452168,0 -81.7833749,32.4526308,0 -81.7833929,32.4527422,0 -81.7834628,32.4532625,0 -81.7835274,32.4540311,0 -81.7835597,32.4544161,0 -81.7836154,32.4551872,0 -81.7836219,32.4552778,0 -81.7836288,32.4553593,0 -81.7836343,32.4554393,0 -81.78366560000001,32.4558916,0 -81.7837085,32.4567035,0 -81.7837337,32.4572304,0 -81.7837694,32.4579759,0 -81.7821414,32.4580568,0 -81.78199600000001,32.458064,0 -81.7816041,32.4580911,0 -81.78110239999999,32.4581738,0 -81.77959199999999,32.458499,0 -81.7788347,32.4586716,0 -81.7787818,32.458685,0 -81.7785217,32.4587507,0 -81.778278,32.45881,0 -81.7780863,32.4588538,0 -81.77690749999999,32.4592057,0 -81.77567550000001,32.4596504,0 -81.7752241,32.4598306,0 -81.77512609999999,32.4598757000001,0 -81.77487290000001,32.4599924,0 -81.77428829999999,32.4602616,0 -81.7742203,32.4602929,0 -81.77372339999999,32.4605351,0 -81.77296440000001,32.4608977,0 -81.771348,32.461685,0 -81.7713104,32.4617051,0 -81.7705637,32.4621051,0 -81.77030999999999,32.462241,0 -81.770207,32.462302,0 -81.76967260000001,32.4626235,0 -81.7696648,32.4626282,0 -81.7695351,32.4627133,0 -81.769203,32.462925,0 -81.7678219,32.4638765,0 -81.76709099999999,32.4643948,0 -81.76696630000001,32.4644842,0 -81.7667986,32.4645985,0 -81.7657037,32.4653674,0 -81.7645007,32.4662093999999,0 -81.7642862,32.4663596,0 -81.7636768,32.4667815,0 -81.7635265,32.4668872,0 -81.7633756,32.4669925000001,0 -81.7631349,32.4671618,0 -81.76289319999999,32.4673318,0 -81.7626303,32.4675128,0 -81.761797,32.4681508,0 -81.7617166,32.4682149,0 -81.76163390000001,32.4682766,0 -81.76059100000001,32.469068,0 -81.7604862,32.4691721,0 -81.76035400000001,32.469254,0 -81.759884,32.469631,0 -81.7597979,32.4697002,0 -81.759782,32.469713,0 -81.75823200000001,32.470954,0 -81.7573172,32.4716245,0 -81.756604,32.4721778,0 -81.75588519999999,32.4727311,0 -81.7555131,32.4730207,0 -81.7551771,32.4732821,0 -81.754311,32.473937,0 -81.754018,32.47417,0 -81.753384,32.474653,0 -81.752055,32.4756869,0 -81.75178339999999,32.4759143,0 -81.75157419999999,32.4761145,0 -81.7513402,32.4763606,0 -81.7511042,32.4766389,0 -81.7509158,32.476898,0 -81.750726,32.4771922,0 -81.7505335,32.4775712,0 -81.7503719,32.4779547,0 -81.7501621,32.4785396,0 -81.7498844,32.4793361,0 -81.7496893,32.479878,0 -81.7493882,32.4807118,0 -81.7491911,32.4812661,0 -81.7488759,32.4821282,0 -81.7487137,32.4825812,0 -81.748538,32.4830586,0 -81.7482543,32.4838341000001,0 -81.7482248,32.4839212,0 -81.7480176,32.484505,0 -81.7477306,32.4853257,0 -81.7469755,32.4873862,0 -81.7469273,32.4875177,0 -81.74669799999999,32.4881436,0 -81.7464827,32.4887556,0 -81.74630500000001,32.4892517000001,0 -81.7459959,32.4901103,0 -81.7458132,32.4906151,0 -81.7457069,32.4909089,0 -81.74531330000001,32.4919812,0 -81.74513159999999,32.4925157,0 -81.7449244,32.4930655,0 -81.744581,32.4940377,0 -81.74420619999999,32.4950789,0 -81.7438475,32.4960845,0 -81.7435088,32.4970109,0 -81.74337199999999,32.4973768,0 -81.7430549,32.498254,0 -81.74289659999999,32.498707,0 -81.742676,32.4993127,0 -81.7426605,32.4993563,0 -81.7424956,32.4998217,0 -81.7424798,32.4998639,0 -81.7424527,32.4999359,0 -81.7423883,32.5001135,0 -81.7420765,32.5009867,0 -81.7419726,32.5012457,0 -81.74188340000001,32.5014617,0 -81.7417755,32.5017462,0 -81.74164399999999,32.5020301,0 -81.7413973,32.5025904999999,0 -81.7413262,32.5027336,0 -81.7411371,32.5031571,0 -81.7410271,32.5033873,0 -81.7410247,32.5033919,0 -81.7408906,32.5036528,0 -81.74049599999999,32.5044205,0 -81.7403546,32.5046936,0 -81.74032819999999,32.5047402,0 -81.7401668,32.5050256,0 -81.7400118,32.5052876,0 -81.7397021,32.5058111,0 -81.73924409999999,32.5065423,0 -81.7392329,32.5065598,0 -81.7384529,32.5077784,0 -81.73826270000001,32.508083,0 -81.7382197,32.5081519,0 -81.7380599,32.5084078,0 -81.7376683,32.5090112,0 -81.73722840000001,32.5097084,0 -81.737089,32.5099358,0 -81.7367619,32.5104649,0 -81.7366942,32.5105745,0 -81.7364788,32.5109231,0 -81.7364426,32.510987,0 -81.73615890000001,32.5115066,0 -81.73585509999999,32.5121179,0 -81.7355199,32.5129073,0 -81.7352429,32.5136729,0 -81.7349023,32.5148162,0 -81.7347417,32.5153458,0 -81.7344597,32.5162771,0 -81.73418789999999,32.5171858000001,0 -81.7341801,32.5172117,0 -81.734168,32.517252,0 -81.73301739999999,32.5210842,0 -81.73275750000001,32.5219498,0 -81.73260399999999,32.522461,0 -81.7324983,32.5228218,0 -81.732347,32.523338,0 -81.732269,32.523587,0 -81.732266,32.5235967,0 -81.73185700000001,32.524939,0 -81.73184089999999,32.5249945,0 -81.7316307,32.5257188,0 -81.73134640000001,32.5266539,0 -81.7312017,32.5271220999999,0 -81.7310004,32.5277733,0 -81.7306684,32.5287282,0 -81.7304465,32.5293139,0 -81.730248,32.5298013,0 -81.7298449,32.5307178,0 -81.7297488,32.5309303,0 -81.72948460000001,32.5314939,0 -81.72931490000001,32.5318585,0 -81.7283845,32.5338819,0 -81.7282831,32.5340959,0 -81.727965,32.5347824,0 -81.7279376,32.5348415,0 -81.72771899999999,32.5353093,0 -81.72738440000001,32.5360363,0 -81.72725199999999,32.5363322,0 -81.7271557,32.53654,0 -81.7267183,32.5374846,0 -81.7266012,32.5377375,0 -81.72654470000001,32.5378596,0 -81.7257865,32.5394967,0 -81.724265,32.5427822,0 -81.72398459999999,32.5433858,0 -81.72389889999999,32.5435702,0 -81.72388189999999,32.5436067,0 -81.7236655,32.544071,0 -81.7235283,32.5443582,0 -81.7232551,32.5449302,0 -81.72305780000001,32.545354,0 -81.7229588,32.5455667,0 -81.72282989999999,32.5459132,0 -81.7226127,32.5464971,0 -81.7223224,32.5471764,0 -81.7220803,32.5477428,0 -81.72067079999999,32.5511399,0 -81.72019880000001,32.5522816,0 -81.71977630000001,32.5532877,0 -81.7193498,32.5543016,0 -81.71876109999999,32.5556988,0 -81.718407,32.556559,0 -81.71806100000001,32.5574113,0 -81.7177097,32.5583031,0 -81.7174455,32.5590966,0 -81.71713029999999,32.5600387,0 -81.7168587,32.5607271,0 -81.7163408,32.5619717,0 -81.7148881,32.5654381,0 -81.7145769,32.5661824,0 -81.71385600000001,32.5679071,0 -81.7133666,32.5691546,0 -81.7126907,32.5707555,0 -81.7123191,32.5715599,0 -81.7116212,32.5733097,0 -81.711375,32.5739202,0 -81.71103309999999,32.574769,0 -81.7108157,32.5752658,0 -81.71033300000001,32.576421,0 -81.70985140000001,32.5775766,0 -81.70974440000001,32.5778326,0 -81.70953489999999,32.5783341,0 -81.7091542,32.579196,0 -81.70879189999999,32.5799651,0 -81.7082795,32.5810139,0 -81.7080448,32.5814845,0 -81.707883,32.5818244,0 -81.70768150000001,32.5822615,0 -81.7074717,32.5827542,0 -81.70725640000001,32.5832943,0 -81.7070298,32.5838305,0 -81.7068434,32.5842916,0 -81.70664290000001,32.5847707,0 -81.7062908,32.5856165,0 -81.7060501,32.5861922,0 -81.7057229,32.5869719,0 -81.7054909,32.5875313,0 -81.7052515,32.5881008,0 -81.70469,32.589433,0 -81.7044757,32.5899522,0 -81.7044257,32.590078,0 -81.704154,32.590761,0 -81.704076,32.5909776,0 -81.7039312,32.591417,0 -81.703811,32.5917855,0 -81.7037433,32.5920459,0 -81.70365700000001,32.592413,0 -81.703564,32.592779,0 -81.70347,32.593223,0 -81.70342599999999,32.5934625,0 -81.703373,32.593798,0 -81.7033315,32.594148,0 -81.7032987,32.5944387,0 -81.70326799999999,32.594851,0 -81.7032463,32.5951347,0 -81.703214,32.595653,0 -81.7032116,32.5963908,0 -81.703221,32.597018,0 -81.7032143,32.5977038,0 -81.7032152,32.598515,0 -81.7032146,32.5991655,0 -81.703219,32.599752,0 -81.7032178,32.6020349,0 -81.703221,32.60354,0 -81.70321,32.604216,0 -81.703214,32.604703,0 -81.703183,32.605204,0 -81.703172,32.605972,0 -81.70319000000001,32.606437,0 -81.70319000000001,32.607279,0 -81.70319000000001,32.607484,0 -81.70319000000001,32.607957,0 -81.70318399999999,32.608705,0 -81.70318899999999,32.608838,0 -81.70320100000001,32.609171,0 -81.703188,32.609662,0 -81.703187,32.61045,0 -81.703192,32.611111,0 -81.703205,32.611488,0 -81.70319499999999,32.6118560000001,0 -81.703157,32.61231,0 -81.70310000000001,32.612822,0 -81.70306600000001,32.613169,0 -81.70298,32.613498,0 -81.702922,32.613861,0 -81.702849,32.61416,0 -81.70278399999999,32.614471,0 -81.70264899999999,32.6149330000001,0 -81.70247310000001,32.6156394,0 -81.7018207,32.6182591,0 -81.70157,32.619232,0 -81.701373,32.619895,0 -81.701257,32.620423,0 -81.70110099999999,32.620995,0 -81.70105599999999,32.621176,0 -81.700851,32.62196,0 -81.700586,32.623029,0 -81.700253,32.624246,0 -81.700102,32.625078,0 -81.699922,32.625762,0 -81.699912,32.625805,0 -81.6998,32.626278,0 -81.699647,32.626871,0 -81.69941300000001,32.627833,0 -81.69926,32.628391,0 -81.699108,32.62901,0 -81.69895200000001,32.62962,0 -81.69881700000001,32.630105,0 -81.698629,32.630858,0 -81.69846699999999,32.63151,0 -81.698308,32.632084,0 -81.698198,32.632575,0 -81.698052,32.63313,0 -81.697898,32.633647,0 -81.697838,32.633982,0 -81.69776899999999,32.634248,0 -81.697619,32.634856,0 -81.697515,32.635235,0 -81.69743,32.63565,0 -81.69714999999999,32.636722,0 -81.69704299999999,32.63713,0 -81.696917,32.637633,0 -81.69677299999999,32.638142,0 -81.696517,32.639138,0 -81.696355,32.639795,0 -81.69628299999999,32.640062,0 -81.696178,32.640452,0 -81.695896,32.641568,0 -81.69569799999999,32.642325,0 -81.695577,32.642868,0 -81.695397,32.643596,0 -81.69522600000001,32.644315,0 -81.694936,32.645373,0 -81.694801,32.64582,0 -81.694709,32.646167,0 -81.69463500000001,32.646369,0 -81.69426199999999,32.647278,0 -81.694045,32.647727,0 -81.693834,32.648133,0 -81.693664,32.648514,0 -81.693634,32.6485770000001,0 -81.6931877,32.6494737,0 -81.692921,32.650008,0 -81.69275399999999,32.650337,0 -81.692562,32.650728,0 -81.69215010000001,32.6515769,0 -81.691447,32.652997,0 -81.691267,32.65337,0 -81.690859,32.654249,0 -81.69053099999999,32.654922,0 -81.68971999999999,32.6565403,0 -81.68935810000001,32.6572672,0 -81.68847100000001,32.659066,0 -81.687817,32.660387,0 -81.6871951,32.6617008,0 -81.6869197,32.6622227,0 -81.686742,32.66255,0 -81.68649499999999,32.663063,0 -81.68573499999999,32.664527,0 -81.685456,32.665106,0 -81.685332,32.665383,0 -81.68518899999999,32.665677,0 -81.685041,32.665965,0 -81.684855,32.666354,0 -81.684802,32.666455,0 -81.684669,32.666707,0 -81.683638,32.668838,0 -81.683545,32.66903,0 -81.683328,32.669435,0 -81.683176,32.669801,0 -81.683048,32.67005,0 -81.682376,32.671359,0 -81.68208799999999,32.671948,0 -81.681915,32.672333,0 -81.68164899999999,32.672866,0 -81.681348,32.673499,0 -81.681144,32.67391,0 -81.680896,32.674427,0 -81.68069800000001,32.674822,0 -81.68054600000001,32.675154,0 -81.680391,32.67546,0 -81.680205,32.675796,0 -81.680038,32.676175,0 -81.679833,32.676558,0 -81.67965700000001,32.676951,0 -81.67946499999999,32.677346,0 -81.67926,32.677751,0 -81.67904900000001,32.678182,0 -81.67882299999999,32.678581,0 -81.678494,32.679243,0 -81.678327,32.6796,0 -81.678147,32.679968,0 -81.677779,32.680754,0 -81.677618,32.681075,0 -81.677413,32.681465,0 -81.677088,32.682135,0 -81.677013,32.682273,0 -81.67682499999999,32.682668,0 -81.676676,32.682952,0 -81.67661699999999,32.683079,0 -81.676503,32.683325,0 -81.676286,32.683752,0 -81.6761853,32.6839334,0 -81.676075,32.684136,0 -81.675864,32.684542,0 -81.675634,32.684984,0 -81.675417,32.685422,0 -81.6747833,32.6869439,0 -81.6725241,32.6915494,0 -81.6644536,32.7079203,0 -81.6625233,32.7117154,0 -81.6594082,32.7180900999999,0 -81.658945,32.718969,0 -81.658738,32.719391,0 -81.6581044,32.720681,0 -81.65762599999999,32.721655,0 -81.657393,32.722129,0 -81.65711899999999,32.722673,0 -81.65695100000001,32.723025,0 -81.656717,32.723471,0 -81.656693,32.723522,0 -81.656542,32.72384,0 -81.656328,32.724275,0 -81.655873,32.725178,0 -81.655692,32.725581,0 -81.65548800000001,32.725977,0 -81.655438,32.726075,0 -81.65525,32.726472,0 -81.65507100000001,32.726836,0 -81.654995,32.726993,0 -81.654971,32.727041,0 -81.654848,32.727252,0 -81.6546541,32.7277224,0 -81.65453479999999,32.7279341,0 -81.6545107,32.7280004,0 -81.65448550000001,32.7280792,0 
				
					-81.65448550000001,32.7280792,0 -81.654439,32.728361,0 -81.65436800000001,32.728572,0 -81.654291,32.728841,0 -81.6542345,32.7291603,0 -81.6541971,32.7293447,0 -81.654145,32.7297135999999,0 -81.6541282,32.7298708,0 -81.6540992,32.7302158,0 -81.6541223,32.7304897,0 -81.6541282,32.7306819,0 -81.6541266,32.7308632,0 -81.6541546,32.7311239,0 -81.65424299999999,32.7315949,0 -81.6543102,32.7319424,0 -81.6544184,32.7322838,0 -81.6548761,32.7334686,0 -81.65511619999999,32.7341204,0 -81.6552904,32.7345599,0 -81.65553730000001,32.7351852,0 -81.6557169,32.7357014,0 -81.6562108,32.7369763,0 -81.65639470000001,32.737446,0 -81.6571433,32.7394251,0 -81.6574553,32.7402773000001,0 -81.6577923,32.7410226,0 -81.6586427,32.7427884000001,0 -81.6589142,32.7433419,0 -81.6592394,32.7440557,0 -81.6595224,32.7446075,0 -81.65973390000001,32.7450819,0 -81.6599001,32.7454233,0 -81.6600237,32.7457497,0 -81.6600907,32.745977,0 -81.6601235,32.7462456000001,0 -81.6601694,32.7466316,0 -81.6601424,32.7471903,0 -81.66009750000001,32.747494,0 -81.6599392,32.7479292,0 -81.65982870000001,32.7482649,0 -81.65961540000001,32.7486445,0 -81.6591801,32.7492368,0 -81.6591375,32.7492903000001,0 -81.6589863,32.7495099,0 -81.65872280000001,32.7498272,0 -81.65843479999999,32.7501473,0 -81.6581901,32.7504333,0 -81.65435770000001,32.7552769,0 -81.652997,32.7569853,0 -81.65158649999999,32.7587208,0 -81.65152430000001,32.7587989,0 -81.6510061,32.7594382,0 -81.650826,32.759698,0 -81.6501308,32.7605019,0 -81.6498261,32.7608148,0 -81.64969429999999,32.7609295,0 -81.64933689999999,32.7612265,0 -81.6488748,32.7615567,0 -81.64837470000001,32.7618399,0 -81.64784710000001,32.7620984,0 -81.6475389,32.7622494,0 -81.6472096,32.7623788,0 -81.6468801,32.7625082,0 -81.6463595,32.7626593,0 -81.64605450000001,32.7627205,0 -81.6420153,32.7634881,0 -81.6408686,32.7637675,0 -81.6407487,32.7637973,0 -81.64049060000001,32.7639114,0 -81.64025340000001,32.764027,0 -81.6396883,32.7643311,0 -81.639529,32.7644335,0 -81.6392298,32.7646957,0 -81.6389523,32.7649307,0 -81.6385693,32.7653183,0 -81.6382191,32.7657701,0 -81.637889,32.7664253,0 -81.6376922,32.7670755,0 -81.637602,32.767923,0 -81.63759,32.768,0 -81.637595,32.768327,0 -81.637573,32.76941,0 -81.637523,32.769868,0 -81.6374687,32.7701371,0 -81.637412,32.770418,0 -81.637242,32.770946,0 -81.637203,32.771014,0 -81.637185,32.771046,0 -81.63673300000001,32.772061,0 -81.635845,32.774335,0 -81.6357493,32.7745803,0 -81.63527449999999,32.7757974,0 -81.635183,32.776032,0 -81.63481299999999,32.776978,0 -81.63411600000001,32.778762,0 -81.633076,32.781427,0 -81.632632,32.782563,0 -81.63078299999999,32.787309,0 -81.630717,32.787596,0 -81.6305163,32.7884986,0 -81.6303497,32.789406,0 -81.63026929999999,32.7901016,0 -81.63022290000001,32.7907258,0 -81.6302051,32.7917813,0 -81.6302073,32.7929604,0 -81.63021120000001,32.7939459,0 -81.630202,32.795443,0 -81.6302196,32.797338,0 -81.63022599999999,32.7978906,0 -81.63023250000001,32.7986696,0 -81.630222,32.7995486,0 -81.6301773,32.8002185999999,0 -81.6301268,32.8005766,0 -81.630048,32.800944,0 -81.62987560000001,32.8015377,0 -81.62962400000001,32.802179,0 -81.6290269,32.8036184,0 -81.6285627,32.8048079,0 -81.6280549,32.8061205,0 -81.6279153,32.806532,0 -81.62779620000001,32.8069031,0 -81.62717979999999,32.8087684,0 -81.62658860000001,32.8105888,0 -81.62619979999999,32.8118943,0 -81.6261587,32.8119631,0 -81.6260458,32.8122808000001,0 -81.6258335,32.8129409,0 -81.62579150000001,32.8130963,0 -81.62572160000001,32.8132874,0 -81.6252915,32.8146464,0 -81.625073,32.815337,0 -81.624422,32.8174223,0 -81.62431599999999,32.8177329,0 -81.6242008,32.818142,0 -81.6238638,32.8192387,0 -81.6235878,32.8201057,0 -81.6233326,32.8209204,0 -81.6230664,32.8217517,0 -81.622919,32.822178,0 -81.62288100000001,32.822341,0 -81.62267199999999,32.823228,0 -81.6224685,32.8249768,0 -81.622468,32.8254123,0 -81.6224993,32.8261546,0 -81.6225056,32.8265969,0 -81.6224868,32.826918,0 -81.6224418,32.8273338,0 -81.6224304,32.8274393,0 -81.62223609999999,32.8290161,0 -81.6222248,32.8291209999999,0 -81.6221221,32.8300663000001,0 -81.622067,32.8305745,0 -81.621973,32.8312299,0 -81.6218947,32.83158,0 -81.62173799999999,32.8321012,0 -81.62170020000001,32.8322455,0 -81.6214968,32.8330199,0 -81.621219,32.835405,0 -81.62099600000001,32.837231,0 -81.62065800000001,32.840051,0 -81.620549,32.840843,0 -81.620098,32.844943,0 -81.619962,32.846178,0 -81.61948599999999,32.850113,0 -81.61925599999999,32.852119,0 -81.619187,32.852567,0 -81.619145,32.852835,0 -81.619077,32.853382,0 -81.618909,32.853977,0 -81.61872700000001,32.854455,0 -81.618391,32.855201,0 -81.617969,32.855863,0 -81.617322,32.856741,0 -81.616263,32.85779,0 -81.614923,32.859223,0 -81.61407699999999,32.860171,0 -81.61347910000001,32.8608275,0 -81.61293209999999,32.8613603,0 -81.611755,32.862578,0 -81.60857900000001,32.865935,0 -81.607539,32.86706,0 -81.606756,32.867905,0 -81.60270389999999,32.8721018,0 -81.60028699999999,32.87471,0 -81.600252,32.87475,0 -81.599092,32.875888,0 -81.598309,32.876837,0 -81.597684,32.877732,0 -81.59685899999999,32.879131,0 -81.59674699999999,32.879322,0 -81.596124,32.880457,0 -81.59590300000001,32.880879,0 -81.594312,32.883778,0 -81.592467,32.88722,0 -81.591576,32.888858,0 -81.5898432,32.8920330000001,0 -81.5893763,32.8927847,0 -81.5886448,32.8936661999999,0 -81.587941,32.8943279,0 -81.5871662,32.8949135000001,0 -81.58634000000001,32.8955005,0 -81.5836759,32.897364,0 -81.58064400000001,32.899555,0 -81.578942,32.900711,0 -81.57445300000001,32.903838,0 -81.57141,32.9058920000001,0 -81.5623642,32.9122601,0 -81.5523828,32.9192383,0 -81.54879510000001,32.9217432,0 -81.54667929999999,32.9232205,0 -81.537924,32.929333,0 -81.53693699999999,32.930053,0 -81.53578899999999,32.930861,0 -81.529381,32.935299,0 -81.528649,32.935839,0 -81.528082,32.936109,0 -81.527332,32.936493,0 -81.52690800000001,32.936669,0 -81.52528,32.937078,0 -81.524345,32.93721,0 -81.522874,32.937272,0 -81.520017,32.937255,0 -81.51791129999999,32.9372864000001,0 -81.5167878,32.9372957,0 -81.5155583,32.9373058,0 -81.51415,32.937351,0 -81.513717,32.937375,0 -81.5133842,32.9373779,0 -81.5127399,32.9374221,0 -81.51164799999999,32.937496,0 -81.510518,32.937647,0 -81.5097639,32.9377362,0 -81.5079028,32.937971,0 -81.50748419999999,32.9380206,0 -81.50695109999999,32.9380703,0 -81.50645059999999,32.9381032,0 -81.5057339,32.9381343,0 -81.504087,32.9381598,0 -81.5026799,32.9381691,0 
				
					-81.5026799,32.9381691,0 -81.499044,32.9381933,0 -81.4987575,32.938189,0 -81.4977895,32.9382003,0 -81.49732640000001,32.9382242,0 -81.4970771,32.9382468,0 -81.4965988,32.938315,0 -81.4959521,32.9384289,0 -81.49522380000001,32.9386083,0 -81.49499900000001,32.93867,0 -81.4948011,32.9387346,0 -81.49431319999999,32.938907,0 -81.494097,32.9389932,0 -81.49389909999999,32.9390766,0 -81.49342350000001,32.9392994,0 -81.4929942,32.9395206,0 -81.49257160000001,32.939776,0 -81.492372,32.9399074,0 -81.4920292,32.9401555,0 -81.49165170000001,32.9404462,0 -81.4914548,32.9406133,0 -81.4910198,32.9410334,0 -81.4907491,32.9413225,0 -81.4905499,32.9415522,0 -81.49023939999999,32.9419541,0 -81.4901124,32.9421324,0 -81.4897643,32.9426722,0 -81.4896858,32.9428148000001,0 -81.48918,32.943665,0 -81.4887121,32.9444465,0 -81.4885415,32.9447329,0 -81.4883767,32.9449878,0 -81.4882102,32.9452041,0 -81.4880376,32.9454277,0 -81.4878762,32.9456183,0 -81.4876087,32.9459087,0 -81.4874849,32.9460429,0 -81.48721070000001,32.946312,0 -81.4870432,32.946467,0 -81.4868297,32.9466438,0 -81.4865866,32.9468344,0 -81.4863738,32.9469898,0 -81.4861683,32.9471283,0 -81.4859234,32.9472874,0 -81.4857372,32.9474022,0 -81.48556619999999,32.9475028,0 -81.4853507,32.9476179,0 -81.4850905,32.9477533,0 -81.4848417,32.9478763,0 -81.48463049999999,32.9479725,0 -81.4844336,32.9480551,0 -81.4841856,32.9481538,0 -81.4839399,32.9482432,0 -81.4836811,32.9483329,0 -81.483329,32.9484382,0 -81.48286280000001,32.9485652,0 -81.48156179999999,32.9489352,0 -81.48078,32.949156,0 -81.4796587,32.9494694,0 -81.4787484,32.9497234,0 -81.4760569,32.9504713000001,0 -81.4743588,32.9509526,0 -81.4732212,32.9512684,0 -81.4722711,32.9515348,0 -81.4706728,32.9519827,0 -81.46925969999999,32.952379,0 -81.4679476,32.9527451,0 -81.4671501,32.952972,0 -81.4661503,32.9532533,0 -81.4657041,32.9533795,0 -81.4649797,32.9535829,0 -81.4641886,32.9538034,0 -81.4638446,32.953897,0 -81.46351660000001,32.9539803,0 -81.4631693,32.9540698,0 -81.46278359999999,32.9541646,0 -81.4622942,32.9542814,0 -81.46137450000001,32.9544824,0 -81.4599662,32.9547836,0 -81.4596242792028,32.9548629806693,0 -81.45904179999999,32.9549964,0 -81.458849,32.9550385,0 -81.4569326,32.955457,0 -81.4562293,32.9556149,0 -81.45371780000001,32.9561751,0 -81.4532047,32.9563028,0 -81.4505391,32.9570391,0 -81.444919,32.958625,0 -81.43986219999999,32.9600322,0 -81.4375976,32.9607115,0 -81.4373361,32.9608056,0 -81.4367963,32.9610155,0 -81.436297,32.9612185,0 -81.4357274,32.9614721,0 -81.4351951,32.9617028,0 -81.4298574,32.9640881,0 -81.4261334,32.9657614,0 -81.4212065,32.9679737,0 -81.42097819999999,32.9680702,0 -81.42077740000001,32.9681484,0 -81.4205255,32.9682447,0 -81.42027640000001,32.9683256,0 -81.4199928,32.9684084,0 -81.4197222,32.9684827,0 -81.4194023,32.9685583,0 -81.41913460000001,32.968615,0 -81.4189123,32.9686568,0 -81.4186571,32.9687026,0 -81.4183262,32.9687442,0 -81.4177706,32.9688073,0 -81.416292,32.9688785,0 -81.4109977,32.9691096,0 -81.404691,32.9693977,0 -81.4005341,32.9695907000001,0 -81.4001092,32.9696067,0 -81.3994368,32.9696549,0 -81.3989176,32.9696930000001,0 -81.3984822,32.9697414,0 -81.3971571,32.9699325,0 -81.3938277,32.9704418,0 -81.390742,32.9709114,0 -81.3894686,32.9711146,0 -81.3886478,32.9712406,0 -81.38762060000001,32.9713972,0 -81.3870044,32.9714986,0 -81.38626720000001,32.971648,0 -81.38554430000001,32.9718463,0 -81.38513589999999,32.971968,0 -81.3843668,32.9722301,0 -81.3832601,32.9727163,0 -81.3824182,32.9731832,0 -81.3816003,32.9737138,0 -81.38059389999999,32.9745367,0 -81.37891329999999,32.9758636,0 -81.3754254,32.9787053,0 -81.37408809999999,32.9797949,0 -81.37347629999999,32.9802934,0 -81.3699209,32.9831734,0 -81.36560350000001,32.9866849,0 -81.3640832,32.9879203,0 -81.36105329999999,32.9903791,0 -81.3604754,32.9908505,0 -81.3565827,32.9940176,0 -81.3559944,32.9944447,0 -81.35552800000001,32.9947504,0 -81.3551981,32.9949463,0 -81.3547674,32.9951812,0 -81.3543724,32.9953793,0 -81.3540429,32.9955337,0 -81.353657,32.9956989,0 -81.3534188,32.9957949,0 -81.3530988,32.9959182,0 -81.35280729999999,32.996016,0 -81.3525293,32.996109,0 -81.34670250000001,32.9979289,0 -81.3460169,32.9981478,0 -81.34258989999999,32.999208,0 -81.3413865,32.9995838,0 -81.34028110288941,32.9998551894788,0 -81.33942330000001,33.0001375,0 -81.33689496238917,33.00093584774486,0 -81.33449805076393,33.00167835535022,0 -81.33294316417998,33.0021537066419,0 -81.33136883329878,33.00256877096202,0 
				
					-81.3312603,33.0025838,0 -81.330371,33.002725,0 -81.32960919999999,33.0028404,0 -81.3292634,33.0028928999999,0 -81.3274808,33.0031734,0 -81.326432,33.003333,0 -81.32478949999999,33.0035861,0 -81.3203054,33.0042725,0 -81.31979320000001,33.0043452,0 -81.31948439999999,33.0043828,0 -81.31912850000001,33.0044196,0 -81.31605,33.004643,0 -81.3155173,33.0046801,0 -81.3151292,33.004707,0 -81.3149056,33.0047235,0 -81.3144253,33.004758,0 -81.3137514,33.0047992,0 -81.31287810000001,33.0048649,0 -81.3125952,33.0048918,0 -81.3124248,33.0049164,0 -81.3122577,33.00495,0 -81.31204839999999,33.005006,0 -81.31180620000001,33.0050846,0 -81.3115901,33.0051726,0 -81.3114052,33.0052612,0 -81.3112024,33.0053808,0 -81.3110436,33.005486,0 -81.3108948,33.0055993,0 -81.3107412,33.0057334,0 -81.3105589,33.0059175,0 -81.3102718,33.0062224,0 -81.3101838,33.0063104,0 -81.3096267,33.0068837,0 -81.3095443,33.0069715,0 -81.3090012,33.0075486,0 -81.3089063,33.0076528,0 -81.30866399999999,33.0079047,0 -81.3085616,33.0080126,0 -81.3084794,33.0080993,0 -81.3084377,33.0081432,0 -81.30835879999999,33.0082263,0 -81.3082271,33.0083616,0 -81.3080678,33.0085258,0 -81.3079907,33.008608,0 -81.3079711,33.0086289,0 -81.3078187,33.0087914,0 -81.3077084,33.0089092,0 -81.30759810000001,33.009027,0 -81.3075778,33.0090491,0 -81.307485,33.0091502,0 -81.3073893,33.0092474,0 -81.30737070000001,33.0092662,0 -81.307326,33.009313,0 -81.3072291,33.0094144,0 -81.3070922,33.0095577,0 -81.3070015,33.0096526,0 -81.3068892,33.0097701,0 -81.3068091,33.0098507,0 -81.30668129999999,33.0099846,0 -81.306552,33.0101185000001,0 -81.3064268,33.0102517999999,0 -81.3063672,33.0103148,0 -81.3062364,33.0104526,0 -81.30616620000001,33.0105286,0 -81.3060365,33.0106648,0 -81.30600029999999,33.0107027,0 -81.30581960000001,33.0108923,0 -81.3057604,33.0109544000001,0 -81.3057116,33.0110056,0 -81.3056192,33.0111044,0 -81.305543,33.0111858,0 -81.3054095,33.0113256,0 -81.3053714,33.0113655,0 -81.30521589999999,33.0115283,0 -81.3051366,33.0116112,0 -81.3050607,33.0116912,0 -81.304911,33.0118474,0 -81.3043535,33.0124119,0 -81.304018,33.0127722,0 -81.3034724,33.0133588,0 -81.3030914,33.0137181,0 -81.30294739999999,33.0138394,0 -81.3028454,33.013919,0 -81.30232549999999,33.0142866,0 -81.30189439999999,33.0145874,0 -81.3017316,33.0146946,0 -81.3016263,33.0147641,0 -81.30148130000001,33.014856,0 -81.3010665,33.0151356,0 -81.3009229,33.0152428,0 -81.30038999999999,33.0155822,0 -81.30016929999999,33.0157322,0 -81.3000748,33.0158194,0 -81.2999403,33.0159113,0 -81.2996165,33.0161211,0 -81.2993764,33.0162804,0 -81.2989334,33.0165762,0 -81.2984945,33.0168592999999,0 -81.29771959999999,33.0173297,0 -81.2973384,33.0175577,0 -81.29717650000001,33.017656,0 -81.2970412,33.0177381,0 -81.2968449,33.0178519,0 -81.29672069999999,33.017924,0 -81.29662709999999,33.0179763,0 -81.2963329,33.0181409,0 -81.29627069999999,33.0181757,0 -81.2961284,33.0182638,0 -81.2957986,33.0184678,0 -81.2951781,33.0188651,0 -81.29474980000001,33.0191148,0 -81.2941409,33.0194778,0 -81.29369130000001,33.0197372000001,0 -81.2935313,33.0198431,0 -81.2933783,33.0199348,0 -81.2929025,33.0202225,0 -81.29228449999999,33.0205965,0 -81.29205880000001,33.0207288,0 -81.2919617,33.0207984,0 -81.2911632,33.0212774,0 -81.2903661,33.0217442,0 -81.2900321,33.0219515,0 -81.2899175,33.0220256,0 -81.2897213,33.0221649,0 -81.28953749999999,33.0223246,0 -81.2893205,33.0225125,0 -81.2892171,33.022606,0 -81.2889584,33.0228908,0 -81.2887425,33.0231582,0 -81.2886285,33.0233126,0 -81.2885129,33.0235058,0 -81.2883327,33.0238475,0 -81.2882446,33.0240451,0 -81.28806160000001,33.024622,0 -81.2879681,33.0249617,0 -81.2877946,33.0255538,0 -81.2877474,33.0257494,0 -81.28769029999999,33.0259627,0 -81.2873025,33.0272698,0 -81.28718600000001,33.0276917,0 -81.2870745,33.0280708,0 -81.28700790000001,33.028304,0 -81.2869065,33.0286598,0 -81.2868593,33.0288508,0 -81.2867834,33.0291542,0 -81.2867468,33.0292528,0 -81.28673019999999,33.0293418,0 -81.2866817,33.0295125,0 -81.2866013,33.0297803,0 -81.28652030000001,33.0300657,0 -81.2864232,33.0303833,0 -81.28630459999999,33.0307381,0 -81.2862178,33.0309577,0 -81.2860404,33.0313344,0 -81.28584960000001,33.0316834,0 -81.2856833,33.0319753,0 -81.2855734,33.0321198,0 -81.2854573,33.0322802,0 -81.2853046,33.0324769,0 -81.2851934,33.0326165,0 -81.2850428,33.0327967,0 -81.2847392,33.033043,0 -81.2846813,33.0331028,0 -81.2845385,33.0332277,0 -81.2844034,33.0333545,0 -81.28360901625987,33.03392383873808,0 -81.28315539746309,33.0342175013554,0 
				
					-81.28311239999999,33.0342355,0 -81.28216,33.0348475,0 -81.2812749,33.0353958,0 -81.280646,33.0358051,0 -81.2791689,33.0367298,0 -81.2776391,33.0377064,0 -81.2743466,33.039784,0 -81.2735745,33.0402699,0 -81.2707474,33.0420588,0 -81.2685936,33.0434148,0 -81.26727959999999,33.0442566,0 -81.26644709999999,33.0448365,0 -81.2656027,33.0455171,0 -81.26526490000001,33.0458356,0 -81.26503409999999,33.0460425,0 -81.26446,33.046614,0 -81.2636669,33.0474361,0 -81.2621449,33.0490866,0 -81.26114080000001,33.050193,0 -81.25921870000001,33.0522956,0 -81.25821449999999,33.0534216,0 -81.25752420000001,33.0542962,0 -81.2568338,33.0553236,0 -81.2561498,33.0565459,0 -81.2560532,33.056683,0 -81.25567270000001,33.0575082,0 -81.2551745,33.0587755,0 -81.2544724,33.0607596,0 -81.25380560000001,33.0625956,0 -81.2530367,33.0647603,0 -81.2525582,33.0660538999999,0 -81.2519894,33.0676679,0 -81.25140500000001,33.0692655,0 -81.25098130000001,33.0704308,0 -81.2506911,33.0711819,0 -81.2500517,33.0724194,0 -81.2495888,33.0732133,0 -81.249122,33.073966,0 -81.2485219,33.0750425,0 -81.2480023,33.0758897,0 -81.24755570000001,33.0766119,0 -81.24727970000001,33.0770529,0 -81.2470636,33.0774322,0 -81.2466945,33.0781104,0 -81.2464185,33.0785793,0 -81.2461522,33.0790354,0 -81.2458984,33.0794764,0 -81.2455365,33.0801184,0 -81.2452716,33.0805583,0 -81.2449096,33.0811172,0 -81.2445463,33.0815675,0 -81.2442417,33.0819129,0 -81.24394100000001,33.0822081,0 -81.2437151,33.0824117,0 -81.2434476,33.0826368,0 -81.2431071,33.0828929,0 -81.2426028,33.0832255,0 -81.2422514,33.0834353,0 -81.241845,33.0836611,0 -81.2413926,33.0838706,0 -81.2404176,33.0842883,0 -81.23951340000001,33.0846619,0 -81.23807669999999,33.0852731,0 -81.2373791,33.0855682,0 -81.23610360000001,33.0860568,0 -81.23395789999999,33.0869343,0 -81.2327624,33.0874343,0 -81.2313118,33.0880304,0 -81.23012749999999,33.0885213,0 -81.2294091,33.0888199,0 -81.2283759,33.0892423,0 -81.2267672,33.0899034,0 -81.22508910000001,33.0905936,0 -81.222909,33.091493,0 -81.2215637,33.0920796,0 -81.2206207,33.0924857,0 -81.21996350000001,33.0927726,0 -81.2192228,33.0931719,0 -81.2181746,33.0936055,0 -81.2178985,33.0937349,0 -81.2174897,33.093905,0 -81.217135,33.094051,0 -81.21661760000001,33.0942638,0 -81.21638919999999,33.0943566,0 -81.216092,33.0944816,0 -81.21550259999999,33.0947272,0 -81.21525130000001,33.094833,0 -81.21463439999999,33.0950833,0 -81.21395149999999,33.0953551,0 -81.2134537,33.09556,0 -81.2129901,33.0957469,0 -81.21280729999999,33.0958178,0 -81.2126346,33.0958807,0 -81.2122377,33.0960042,0 -81.2119742,33.0960734,0 -81.21165000000001,33.0961376,0 -81.2114449,33.096164,0 -81.211242,33.096197,0 -81.21104699999999,33.0962211,0 -81.21075190000001,33.096234,0 -81.2104459,33.0962425,0 -81.210266,33.0962476,0 -81.2099116,33.0962462,0 -81.2095782,33.0962175,0 -81.209407,33.0962048,0 -81.2086017,33.0960638,0 -81.2085043,33.0960449,0 -81.2084553,33.0960354,0 -81.20831769999999,33.096003,0 -81.20766380000001,33.095929,0 -81.20741169999999,33.0959197,0 -81.2070046,33.0959645,0 -81.2067756,33.0960295,0 -81.20659689999999,33.0961001,0 -81.20644729999999,33.0961743,0 -81.2063114,33.0962455,0 -81.2061739,33.096331,0 -81.2060243,33.0964349,0 -81.2056699,33.0966581,0 -81.2048997,33.0972163,0 -81.20406989999999,33.0977795,0 -81.2024507,33.0989103,0 -81.201561,33.099495,0 -81.2006494,33.1001197,0 -81.1999711,33.1005845999999,0 -81.19925189999999,33.1010673,0 -81.1977859,33.1020823,0 -81.19434750000001,33.1044298,0 -81.1926426,33.1056201,0 -81.1917538,33.1062239,0 -81.1913631,33.1064932,0 -81.1909787,33.1067791,0 -81.19035169999999,33.1073186,0 -81.1897156,33.1079324,0 -81.1890645,33.1086544,0 -81.1878622,33.1100754,0 -81.1854129,33.112884,0 -81.1850665,33.1132706,0 -81.18357589999999,33.1150165,0 -81.18309910000001,33.1158618,0 -81.18250260000001,33.1166348,0 -81.1821925,33.1170295,0 -81.1811502,33.1185277,0 -81.1808065,33.1190192,0 -81.17816569999999,33.1231509,0 -81.1775492,33.1241392,0 -81.176765,33.1252557,0 -81.17585680000001,33.126667,0 -81.1748281,33.1285868,0 -81.1727235,33.1327059,0 -81.1716146,33.1349418,0 -81.17025769999999,33.1375915,0 -81.1701551,33.1377983,0 -81.1686236,33.1408855,0 -81.16708800000001,33.1439152,0 -81.1661141,33.1458103,0 -81.1653955,33.1472792,0 -81.1648338,33.1484016,0 -81.163973,33.1500812,0 -81.1635838,33.1508722,0 -81.16310420000001,33.1518009,0 -81.1626071,33.1527992,0 -81.1622302,33.1535727,0 -81.1619701,33.1541007,0 -81.161584,33.1548161,0 -81.16132450000001,33.1552528,0 -81.1611606,33.155509,0 -81.1609198,33.15583,0 -81.16066530000001,33.1561815,0 -81.1603964,33.1565527,0 -81.1597014,33.1573024,0 -81.159149,33.1578581,0 -81.1584629,33.1584492,0 -81.1566765,33.1598833,0 -81.15423509999999,33.161886,0 -81.1534733,33.1625032,0 -81.1528496,33.1630234,0 -81.15221699999999,33.163525,0 -81.1515666,33.1639819,0 -81.1509623,33.1643458,0 -81.15038149999999,33.164614,0 -81.149896,33.164821,0 -81.1491609,33.1650857,0 -81.148105,33.1653878,0 -81.1449286,33.1663276,0 -81.14163809999999,33.1672866,0 -81.14033999999999,33.1677148,0 -81.13946679999999,33.1680915,0 -81.13876740000001,33.1684532,0 -81.1381481,33.1688298,0 -81.13677149999999,33.1697118,0 -81.13556869999999,33.170465,0 -81.13359509999999,33.1717161,0 -81.1325794,33.1723389,0 -81.1315235,33.1729765,0 -81.13056570000001,33.173506,0 -81.12922469999999,33.1742388,0 -81.1271754,33.1753481000001,0 -81.1254959,33.1762691,0 -81.12427080000001,33.1769291,0 -81.1238431,33.177205,0 -81.12354910000001,33.1774362,0 -81.1231392,33.1777979,0 -81.1228363,33.1781186,0 -81.1225645,33.1784691,0 -81.11997599999999,33.182138,0 -81.1186129,33.1843136000001,0 -81.1167908,33.1874697,0 -81.1155033,33.1897682,0 -81.1150935,33.1907785,0 -81.11472209999999,33.1919384,0 -81.11418020000001,33.1936585,0 -81.11360550000001,33.1955225,0 -81.1129194,33.1978208,0 -81.1127279,33.1984731,0 -81.11256299999999,33.1989018,0 -81.11221999999999,33.1997742,0 -81.11148489999999,33.2011367,0 -81.11078999999999,33.2023127,0 -81.109525,33.204434,0 -81.1080145,33.2069685,0 -81.1072839,33.2082302,0 -81.10542169999999,33.2113966,0 -81.1047389,33.2124396,0 -81.1035194,33.2142256,0 -81.1025564,33.2155305,0 -81.10198389999999,33.2163337,0 -81.10123400000001,33.2174253,0 -81.09955669999999,33.2198283,0 -81.0986924,33.2211048,0 -81.0984919,33.22147,0 -81.0982759,33.2219974,0 -81.0981756,33.222234,0 -81.0980442,33.2227493,0 -81.0977925,33.2239484,0 -81.0977642,33.2240504,0 -81.09766550000001,33.224431,0 -81.0975007,33.2254251,0 -81.097403,33.2259742,0 -81.0971002,33.2275241,0 -81.09697370000001,33.2282632,0 -81.0968336,33.2290797,0 -81.0962732,33.232032,0 -81.096115,33.2327767,0 -81.0960066,33.2332416,0 -81.09592069999999,33.2335214,0 -81.0956546,33.2342615,0 -81.095392,33.234765,0 -81.09524279999999,33.2350258,0 -81.0948949,33.2355323,0 -81.0947051,33.2357856,0 -81.0942622,33.2363072,0 -81.0939413,33.2366474,0 -81.09359790000001,33.2369914,0 -81.0934082,33.2371991,0 -81.0925675,33.2380403,0 -81.0906513,33.2399869,0 -81.0893001,33.2413495,0 -81.0879353,33.2427196,0 -81.08657959999999,33.2440859,0 -81.0838816,33.2468299,0 -81.08387209999999,33.2468396,0 -81.08281770000001,33.2479172,0 -81.0821984,33.2485613,0 -81.0813761,33.24943,0 -81.080179,33.2506947,0 -81.07743790000001,33.2536227,0 -81.0769693,33.2541084,0 -81.0768566,33.2542282,0 -81.0756502,33.2555104,0 -81.07515739999999,33.2560442,0 -81.074771,33.2564726,0 -81.0739123,33.257493,0 -81.0723618,33.2595681,0 -81.0717081,33.2605351,0 -81.0716754,33.260584,0 -81.07163679999999,33.2606417,0 -81.07095990000001,33.2617236999999,0 -81.06986310000001,33.2634768,0 -81.0678521,33.2666943,0 -81.066951,33.2681029,0 -81.0658004,33.2699836,0 -81.0657212,33.2701097,0 -81.0651361,33.2710113,0 -81.06388130000001,33.2730243,0 -81.0636664,33.2733816,0 -81.06309330000001,33.2743258,0 -81.0629126,33.2746026,0 -81.0626053,33.2750673,0 -81.0624426,33.2752676,0 -81.0622302,33.2755321,0 -81.06176929999999,33.2760251,0 -81.06127669999999,33.2764294,0 -81.06090159999999,33.276709,0 -81.0602734,33.2770943,0 -81.0597673,33.2773494,0 -81.0594193,33.2775118,0 -81.05872340000001,33.277765,0 -81.05609320000001,33.2786264,0 -81.0547535,33.2790653,0 -81.0507988,33.2803608,0 -81.04782470000001,33.2813351,0 -81.04671329999999,33.2816991,0 -81.04633629999999,33.2818226,0 -81.0457093,33.2820414,0 -81.045316,33.2821763,0 -81.0451032,33.2822327,0 -81.0437493,33.282697,0 -81.0429348,33.282937,0 -81.04227659999999,33.2831546,0 -81.0418047,33.2833089,0 -81.0410136,33.2836696,0 -81.040502,33.2840287,0 -81.04014050000001,33.2843309,0 -81.0398441,33.284644,0 -81.0395999,33.2849462,0 -81.039424,33.2852784,0 -81.039255,33.2856692,0 -81.03911789999999,33.2859862,0 -81.0387987,33.2869091,0 -81.03867169999999,33.2872467,0 -81.03848859999999,33.2877135,0 -81.0376165,33.2900861,0 -81.0371899,33.2911614,0 -81.03698799999999,33.291695,0 -81.03674940000001,33.2923248,0 -81.0365462,33.2928614,0 -81.0361454,33.2939249,0 -81.0357102,33.2951035,0 -81.03525209999999,33.2963381,0 -81.03494209999999,33.2971183000001,0 -81.03482339999999,33.2974539,0 -81.03474420000001,33.2976638,0 -81.03469,33.2978075,0 -81.03468290000001,33.2978298,0 -81.03448710000001,33.2985285,0 -81.0343218,33.2991929000001,0 -81.0341749,33.2997832,0 -81.0340353,33.3003865,0 -81.0339716,33.3006618,0 -81.0339043,33.3009528,0 -81.0338608,33.3011408,0 -81.0336374,33.3021138,0 -81.03354330000001,33.3028469,0 -81.0334922,33.3035269,0 -81.0335493,33.3043044,0 -81.0336935,33.3050482,0 -81.0338082,33.3056811,0 -81.03398319999999,33.3066463,0 -81.0339997,33.3067376,0 -81.0340874,33.3072255,0 -81.03412950000001,33.30746,0 -81.0341415,33.3075266,0 -81.03420939999999,33.3079162,0 -81.0342691,33.3082588,0 -81.0343967,33.3089459,0 -81.03450479999999,33.3102331,0 -81.034488,33.3104166,0 -81.0344568,33.3107559,0 -81.03442819999999,33.31095,0 -81.0343833,33.3112549,0 -81.03437700000001,33.311295,0 -81.0342502,33.3121077,0 -81.0341549,33.312695,0 -81.03412040000001,33.3129075,0 -81.0340411,33.3133966,0 -81.0337675,33.3151583,0 -81.03357440000001,33.3160056,0 -81.033394,33.316449,0 -81.0333086,33.3166441,0 -81.0331506,33.3170052,0 -81.03263560000001,33.317848,0 -81.0320803346375,33.3186498607627,0 -81.0314442,33.3195158,0 -81.03105720000001,33.3199655,0 -81.0305286,33.3206168,0 -81.0303411,33.3208501,0 -81.02966499999999,33.3217569,0 -81.0288333,33.3228571,0 -81.0287623,33.3229445,0 -81.0281928,33.3237286,0 -81.02776129999999,33.3242674999999,0 -81.0265302,33.3259666,0 -81.0253506,33.3274581,0 -81.02313100000001,33.3303848,0 -81.021552,33.332451,0 -81.0210874,33.3330594,0 -81.0201643,33.3342683,0 -81.0199374,33.3345767,0 -81.0196794,33.3349632,0 -81.0196162,33.3350917,0 -81.0194393,33.3354518,0 -81.01927019999999,33.3358606,0 -81.0192236,33.3360064,0 -81.0191451,33.336252,0 -81.01898559999999,33.336981,0 -81.0188521,33.3376312999999,0 -81.01864999999999,33.3386224,0 -81.0178231,33.3428742,0 -81.0174055,33.3448382,0 -81.0172575,33.3454563,0 -81.01703000000001,33.3461514,0 -81.01664,33.3469686,0 -81.01627240000001,33.3475787,0 -81.01590109999999,33.3481664,0 -81.0156211,33.3485064,0 -81.01506689999999,33.3492303,0 -81.01269430000001,33.3521298,0 -81.0108797,33.3543903,0 -81.0067796,33.3593469,0 -81.00465800000001,33.3619742,0 -81.00253170000001,33.3645873,0 -80.99825920000001,33.3698379,0 -80.9981928,33.3699164,0 -80.997945,33.3702091,0 -80.9977045,33.3705294,0 -80.99679449999999,33.3716016,0 -80.9956371,33.3729731,0 -80.9944709,33.3743549,0 -80.9939473,33.3749754,0 -80.99188100000001,33.3772983,0 -80.9877422,33.3822552,0 -80.9842407,33.386479,0 -80.9824807,33.3886103,0 -80.9821882,33.3889566,0 -80.98007370000001,33.3914733,0 -80.978938,33.3928736,0 -80.9788942,33.3929258,0 -80.9779954,33.393997,0 -80.9773519,33.3947893,0 -80.97692290000001,33.3954297,0 -80.9758178,33.3972777,0 -80.9744008,33.3999612,0 -80.97214289999999,33.4044116,0 -80.971836,33.4050136,0 -80.97038999999999,33.4078053,0 -80.9696945,33.4092026,0 -80.969357,33.4100465,0 -80.9691964,33.4105826,0 -80.9686421,33.4131061,0 -80.9686284,33.4131691,0 -80.9676144,33.4178163,0 -80.9667238,33.4218909,0 -80.9663216,33.4238152,0 -80.9657155,33.4265485,0 -80.9656452,33.4268259,0 -80.9655867,33.4270566,0 -80.96547409999999,33.4273991,0 -80.9653909,33.4276207,0 -80.965281,33.4278804,0 -80.9650771,33.4283281,0 -80.96485819999999,33.4286562,0 -80.9646022,33.429033,0 -80.9645007,33.4291824,0 -80.96371449999999,33.4303248,0 -80.9624834,33.4320864999999,0 -80.9596942,33.436124,0 -80.9585074,33.4378347999999,0 -80.9571358,33.4396899,0 -80.95470469999999,33.4427817,0 -80.9546766,33.4428176,0 -80.9532155,33.4446821,0 -80.9518285,33.4464452,0 -80.9515444,33.4468063,0 -80.9502195,33.4484904,0 -80.9501025,33.4486423,0 -80.9496019,33.4493854,0 -80.94930359999999,33.4498306,0 -80.9484152,33.451695,0 -80.9482167,33.4521291,0 -80.94814820000001,33.4522449,0 -80.94799140000001,33.4525146,0 -80.9479734,33.4525383,0 -80.9476454,33.4530064,0 -80.9472672,33.4534338000001,0 -80.94667680000001,33.4540008000001,0 -80.9449542,33.4556333,0 -80.94428430000001,33.4562739,0 -80.9429651,33.4574148,0 -80.94150260000001,33.4586098,0 -80.94003499999999,33.4598055,0 -80.9396228,33.4601193,0 -80.93860309999999,33.4608625,0 -80.93765399999999,33.4615383,0 -80.935222,33.4632211,0 -80.9327516,33.4648789,0 -80.9319134,33.4654136,0 -80.9301346,33.4665344,0 -80.9283523,33.467702,0 -80.9278001,33.4680809,0 -80.9272371,33.4684785,0 -80.9258961,33.4695202,0 -80.9254141,33.4698981,0 -80.9241743,33.4708749,0 -80.923659,33.4712808,0 -80.9222355,33.4723111,0 -80.92152040000001,33.4727313,0 -80.9211256,33.4729553,0 -80.9204024,33.4733657,0 -80.91826380000001,33.4745857,0 -80.9175338,33.4750011,0 -80.9171822,33.4752011,0 -80.9160861,33.4758247,0 -80.9152685,33.4762737,0 -80.91490640000001,33.4764505,0 -80.9145391,33.4766217,0 -80.9140292,33.4767648,0 
				
					-80.9140292,33.4767648,0 -80.9128774,33.4771757,0 -80.9126452,33.4772585,0 -80.9105179,33.4779928,0 -80.9089726,33.4785118,0 -80.9071065,33.4791471,0 -80.9065971,33.4793174,0 -80.9062507,33.479422,0 -80.90583479999999,33.4795254000001,0 -80.90554349999999,33.4795809,0 -80.9051001,33.4796655,0 -80.9044682,33.4797458,0 -80.9030363,33.4799171000001,0 -80.900764,33.4801792,0 -80.9002758,33.4802328,0 -80.8997901,33.4802887,0 -80.8996169,33.4803058,0 -80.89912579999999,33.4803589,0 -80.89896469999999,33.4803765,0 -80.89870209999999,33.4804103,0 -80.8980957,33.4804884,0 -80.89785430000001,33.4805152,0 -80.8973446,33.4805823,0 -80.8968297,33.480645,0 -80.8961484,33.4807121,0 -80.8938524,33.4809761,0 -80.8926615,33.4811148,0 -80.8908108,33.4813334,0 -80.8906819,33.4813498,0 -80.8899275,33.481439,0 -80.88934,33.4815093000001,0 -80.888695,33.4815837,0 -80.8879172,33.4816911,0 -80.887092,33.481762,0 -80.88666189999999,33.4817895,0 -80.8859484,33.4818029,0 -80.88482190000001,33.4817626,0 -80.8837036,33.4816987,0 -80.88298229999999,33.4816575,0 -80.8811266,33.4815514,0 -80.8807635,33.4815344,0 -80.88052740000001,33.4815234,0 -80.88051110000001,33.4815227,0 -80.88017550000001,33.481507,0 -80.8794396,33.4814726,0 -80.87917779999999,33.481469,0 -80.8788534,33.4814645,0 -80.8786181,33.4814837,0 -80.87825410000001,33.4815133,0 -80.8777103,33.4816220000001,0 -80.87725,33.481758,0 -80.8755087,33.4824831,0 -80.8752221,33.4825972,0 -80.8749388,33.4826623,0 -80.8742993,33.4828299,0 -80.87358070000001,33.4829883,0 -80.87340159999999,33.4830263,0 -80.8730431,33.4831084,0 -80.8723399,33.4832545,0 -80.8717779,33.4833798,0 -80.87124900000001,33.483484,0 -80.87000070000001,33.4837299,0 -80.8695486,33.4838327,0 -80.86903049999999,33.4839295,0 -80.8680057,33.484159,0 -80.86747560000001,33.4842751,0 -80.8670932,33.4843589,0 -80.8668196,33.4844151,0 -80.8661729,33.484548,0 -80.8656448,33.4847634,0 -80.8652226,33.4850086000001,0 -80.8645606,33.4854872,0 -80.8639428,33.4858993,0 -80.8636549,33.486105,0 -80.8634733,33.4862348,0 -80.863207,33.4864106,0 -80.8630216,33.4865328999999,0 -80.8614903,33.4875,0 -80.8607525,33.4879595,0 -80.8596876,33.488647,0 -80.8586799,33.4893092,0 -80.85748100000001,33.4900971,0 -80.8564768,33.4907604,0 -80.856084,33.4909486,0 -80.8559776,33.4909996,0 -80.8558802,33.4910273,0 -80.85560460000001,33.4911056,0 -80.855244,33.4911677,0 -80.8550698,33.4911858,0 -80.8547962,33.4912164,0 -80.8545855,33.4912385,0 -80.8543579,33.4912632,0 -80.8542305,33.4912716,0 -80.8539851,33.4912878,0 -80.8539387,33.4912874999999,0 -80.85363099999999,33.4912856,0 -80.85321,33.4912422000001,0 -80.8528594,33.4911872,0 -80.85127749999999,33.4909389,0 -80.8494457,33.4906463,0 -80.8476364,33.4903573,0 -80.84693969999999,33.4902488,0 -80.84625990000001,33.4900999,0 -80.8460851,33.4900598,0 -80.84593630000001,33.4900266,0 -80.8447219,33.4897402,0 -80.844194,33.4896202,0 -80.84328379999999,33.4894303,0 -80.8425656,33.4892604,0 -80.8423093,33.4892047,0 -80.8418545,33.4891022,0 -80.841326,33.4889222,0 -80.8408359,33.4886996,0 -80.8400554,33.4882925,0 -80.8393367,33.4878872000001,0 -80.8384215,33.4873683999999,0 -80.8381316,33.4872122,0 -80.8378017,33.4871365,0 -80.83751289999999,33.4871343,0 -80.8358463,33.4873242,0 -80.83551,33.4873625,0 -80.83533869999999,33.4873791,0 -80.8352728,33.4873902,0 -80.83486490048109,33.48736369309361,0 -80.83429367012862,33.4871020802125,0 -80.8316677770805,33.48557776387494,0 -80.82481729085255,33.48181870968074,0 -80.8166192433318,33.47725639553794,0 -80.80733897209183,33.47210275995687,0 -80.80668767280586,33.47182810815896,0 
				
					-80.8066347,33.4717915,0 -80.80647209999999,33.4716395,0 -80.80576550000001,33.4712523,0 -80.80523359999999,33.4710074,0 -80.80462420000001,33.4707809,0 -80.8044692,33.4707259,0 -80.8037322,33.4705129,0 -80.8030997,33.4703825,0 -80.8029761,33.470357,0 -80.8022752,33.4702472000001,0 -80.8013832,33.470127,0 -80.8007751,33.4700243,0 -80.8000456,33.4699538,0 -80.7997876,33.4699121,0 -80.79862989999999,33.4697636,0 -80.7974115,33.4695969,0 -80.7950369,33.469272,0 -80.79292049999999,33.4689809,0 -80.790516,33.4686643,0 -80.78951600000001,33.4685141,0 -80.788746,33.4683754,0 -80.7878872,33.4681767,0 -80.7873498,33.4680265,0 -80.7866628,33.4677908,0 -80.7852903,33.4672985,0 -80.78528319999999,33.467296,0 -80.78361200000001,33.4666983,0 -80.782989,33.4665009,0 -80.78259629999999,33.4663858,0 -80.7817708,33.4661777999999,0 -80.7813664,33.4660854,0 -80.7784142,33.4654242000001,0 -80.7769792,33.4650999,0 -80.77650420000001,33.4649805,0 -80.7758438,33.4648076,0 -80.77436160000001,33.4643999,0 -80.773777,33.4642389,0 -80.77215169999999,33.4637838,0 -80.77155740000001,33.4636174,0 -80.7694272,33.4630281,0 -80.767624,33.4625361,0 -80.7660726,33.4621129,0 -80.7635214,33.4614128,0 -80.76231079999999,33.461073,0 -80.7616792,33.4609066,0 -80.76082049999999,33.4607194,0 -80.7599673,33.4605761,0 -80.759103,33.4604745,0 -80.75829419999999,33.4603913,0 -80.75792300000001,33.4603474,0 -80.7555026,33.4601185,0 -80.754661,33.4600342,0 -80.754617,33.4600298,0 -80.75250459999999,33.4598181,0 -80.75246869999999,33.4598145,0 -80.7496675,33.4595303,0 -80.7490384,33.4594654,0 -80.74877429999999,33.4594318,0 -80.7484867,33.4593877,0 -80.74826729999999,33.459347,0 -80.7480501,33.4593028,0 -80.7477226,33.4592224,0 -80.747191,33.4590754,0 -80.7432347,33.4579704,0 -80.7414907,33.457483,0 -80.7410529,33.4573613,0 -80.7406663,33.4572638,0 -80.7404025,33.4572057,0 -80.74013239999999,33.4571564,0 -80.739746,33.4570937,0 -80.7390838,33.4570191,0 -80.7385778,33.4569883,0 -80.7381202,33.4569754,0 -80.7372808869069,33.45697217113612,0 -80.73551092960224,33.45712399000589,0 -80.73275262144666,33.4575183710353,0 -80.7288126692102,33.45828171674646,0 -80.72487170400395,33.45913577440999,0 
				
					-80.72471779999999,33.4591695,0 -80.7240311,33.4592546,0 -80.72369620000001,33.4592796,0 -80.7231621,33.4593161,0 -80.7227302,33.4593189,0 -80.7225432,33.4593158,0 -80.7223561,33.4593072,0 -80.7221187,33.459296,0 -80.7217378,33.4592691,0 -80.7200395,33.4591275,0 -80.7178772,33.4589578,0 -80.7150461,33.4587552,0 -80.71336030000001,33.4586232,0 -80.7133365,33.4586214,0 -80.7121224,33.4585281,0 -80.71154009999999,33.4584833,0 -80.7103388,33.458391,0 -80.7099946,33.4583646,0 -80.7094673,33.4583241,0 -80.7093953,33.4583184,0 -80.70779640000001,33.458192,0 -80.70587209999999,33.4580495,0 -80.7036925,33.4578709,0 -80.70256999999999,33.4578126,0 -80.70135430000001,33.4578178,0 -80.6985979,33.4579923,0 -80.6954772,33.458179,0 -80.6929674,33.4583291,0 -80.690904,33.4584493,0 -80.690231,33.4584816,0 -80.68983799999999,33.4584954,0 -80.68954789999999,33.4584913,0 -80.6892512,33.4584841,0 -80.6886853,33.4584367,0 -80.6881849,33.4583655,0 -80.6876319,33.4582845,0 -80.6871646,33.4582028,0 -80.6821908,33.4573062000001,0 -80.67917420000001,33.4567537,0 -80.6780474,33.4565613,0 -80.6749883,33.4560095,0 -80.67181290000001,33.4554387,0 -80.67049539999999,33.4552018,0 -80.6698222,33.4550885,0 -80.6694226,33.4550355,0 -80.669151,33.455005,0 -80.6688808,33.4549798,0 -80.6685951,33.454958,0 -80.6682672,33.4549429,0 -80.6678656,33.4549295,0 -80.6676034,33.4549289,0 -80.6671642,33.4549351,0 -80.6667779,33.4549524,0 -80.66645200000001,33.4549731,0 -80.6660383,33.4550112,0 -80.6653428,33.4550979,0 -80.6648775,33.455156,0 -80.6604616,33.4557221,0 -80.65585969999999,33.4563095,0 -80.6551055,33.4564039,0 -80.6547582,33.4564428,0 -80.6518782,33.4567959999999,0 -80.65117480000001,33.4568912,0 -80.6509788,33.4569173,0 -80.64818940000001,33.4572771,0 -80.64724820000001,33.4574100999999,0 -80.64504169999999,33.457684,0 -80.6446351,33.457739,0 -80.6445392,33.4577519,0 -80.6422793,33.4580421,0 -80.6407291,33.458241,0 -80.6403451,33.4582882,0 -80.6399582,33.4583274,0 -80.6395747,33.4583632,0 -80.6391886,33.4583922,0 -80.63884210000001,33.458416,0 -80.63849140000001,33.4584359,0 -80.637788,33.4584641,0 -80.63651609999999,33.4584868,0 -80.6343074,33.4585553,0 -80.6329843,33.4585896,0 -80.6324303,33.4586039,0 -80.6320376,33.4586156,0 -80.6308217,33.4586517,0 -80.6300117,33.4586651,0 -80.6297446,33.4586653,0 -80.629609,33.4586654,0 -80.6292035,33.4586605,0 -80.6286903,33.4586465,0 -80.6282276,33.4586243,0 -80.6274233,33.4585727,0 -80.6249229,33.4584031,0 -80.62409359999999,33.4583511,0 -80.62349639999999,33.4583292,0 -80.6230726,33.4583228,0 -80.6226448,33.4583219,0 -80.6217798,33.4583454,0 -80.6200699,33.4584305,0 -80.6166518,33.4586163,0 -80.61612270000001,33.4586272,0 -80.61503089999999,33.4585947,0 -80.61168000000001,33.4584378,0 -80.6089916,33.4583116,0 -80.6088506,33.4583044,0 -80.6047555,33.458096,0 -80.5999005,33.4578588000001,0 -80.59696839999999,33.4577297,0 -80.59569430000001,33.4576846,0 -80.59559,33.4576778,0 -80.59500370000001,33.4576398,0 -80.5944088,33.4576156,0 -80.5943704,33.4576137,0 -80.5912883,33.4574683,0 -80.5880078,33.4573138,0 -80.58330170000001,33.4570946,0 -80.58325670000001,33.4570925000001,0 -80.5823456,33.457056,0 -80.58211,33.4570465999999,0 -80.5809221,33.4569876,0 -80.58027920000001,33.4569556,0 -80.57926209999999,33.4569043,0 -80.5785333,33.4569026,0 -80.5779441,33.4569625000001,0 -80.57731560000001,33.457073,0 -80.57648279999999,33.457304,0 -80.5743193,33.4580676,0 -80.57320970000001,33.4584699,0 -80.57147089999999,33.4590885,0 -80.56899610000001,33.459899,0 -80.568237,33.4601418,0 -80.5675013,33.4603827,0 -80.5623786,33.462033,0 -80.5614954,33.462327,0 -80.561385,33.4623625,0 -80.56082550000001,33.462543,0 -80.55954370000001,33.4629339,0 -80.55890170000001,33.4630778,0 -80.5584858,33.4631519,0 -80.5579472,33.4632221,0 -80.5574328,33.4632847,0 -80.5553159,33.4634003,0 -80.5545534,33.463442,0 -80.5544695,33.4634462,0 -80.5544273,33.4634484,0 -80.5520458,33.4635685,0 -80.55012790000001,33.4636671,0 -80.5487432,33.4637491,0 -80.5479976,33.4637802,0 -80.54732749999999,33.4637989,0 -80.5463815,33.4638059,0 -80.54556460000001,33.4638039000001,0 -80.54463199999999,33.463782,0 -80.5441647,33.4637664,0 -80.54358089999999,33.4637376,0 -80.5429994,33.4637041,0 -80.54243150000001,33.4636618,0 -80.5418166,33.4636155,0 -80.5412017,33.4635647,0 -80.5397438,33.4634353999999,0 -80.5363988,33.4631387,0 -80.5363553,33.4631346,0 -80.5354632,33.4630516,0 -80.5311524,33.4626695,0 -80.52773310000001,33.4623696,0 -80.52710740000001,33.4623254000001,0 -80.52629659999999,33.4622949,0 -80.52537049999999,33.4622962,0 -80.525201,33.4623029,0 -80.52415499999999,33.4623443,0 -80.5230212,33.4623891,0 -80.5227728,33.4623989,0 -80.5211997,33.462461,0 -80.5205857,33.4624876000001,0 -80.5203054,33.4624946,0 -80.5170287,33.4626313,0 -80.5133046,33.4627866,0 -80.51038800000001,33.4629081,0 -80.5078279,33.463011,0 -80.506789,33.4630537,0 -80.5042727,33.463157,0 -80.50295509999999,33.4632055,0 -80.50279690000001,33.4632119,0 -80.500663,33.4632978,0 -80.49939120000001,33.4633065,0 -80.49910920000001,33.4633028,0 -80.4988268,33.4633049,0 -80.49838440000001,33.463271,0 -80.49767249999999,33.4632297,0 -80.4973291,33.4632192,0 -80.4954973,33.4631034,0 -80.491421,33.4628166,0 -80.4905704,33.462776,0 -80.4876902,33.4625932,0 -80.4863785,33.4625099,0 -80.4821905,33.4622626,0 -80.48097180000001,33.4621878,0 -80.4805637,33.4621587,0 -80.478841,33.4620467,0 -80.47868320000001,33.4620361,0 -80.4779063,33.4619882,0 -80.47720940000001,33.4619429,0 -80.4768917,33.4618029,0 -80.4767986,33.461744,0 -80.47671389999999,33.4616783,0 -80.47664380000001,33.4616044,0 -80.476575,33.4615143,0 -80.476525,33.4614202,0 -80.47649269999999,33.4613263,0 -80.4764785,33.4612253,0 -80.4764816,33.4611381,0 -80.4764984,33.461045,0 -80.4765366,33.4609377,0 -80.4765913,33.4608408,0 -80.47664880000001,33.4607673,0 -80.47670720000001,33.4607097,0 -80.4767763,33.4606561,0 -80.47685920000001,33.4606033,0 -80.4769278,33.4605719,0 -80.4770017,33.4605411,0 -80.4770887,33.4605126,0 -80.4772117,33.4604851,0 -80.4773114,33.4604771,0 -80.4774019,33.4604805,0 -80.47749779999999,33.4604873,0 -80.47759360000001,33.460507,0 -80.47768170000001,33.4605332,0 -80.47778529999999,33.4605789,0 -80.4778711,33.460626,0 -80.4779698,33.460699,0 -80.4780564,33.4607964,0 -80.478116,33.4608914,0 -80.4781574,33.4610111,0 -80.478178,33.4610984,0 -80.4781883,33.4611944,0 -80.47819200000001,33.4617116,0 -80.47770869999999,33.4645456,0 -80.47759910000001,33.4651918,0 -80.4775308,33.4655596,0 -80.4774693,33.4658771,0 -80.47740469999999,33.4661992,0 -80.4771966,33.4671401,0 -80.4770597,33.4677099,0 -80.47694970000001,33.4681534,0 -80.4768339,33.4685816,0 -80.4767262,33.4689638,0 -80.4766016,33.4693922,0 -80.47636,33.4701719,0 -80.4761397,33.4708582,0 -80.4758982,33.471574,0 -80.4752665,33.4734176,0 -80.4750753,33.4739937,0 -80.4741348,33.4767263,0 -80.47360569999999,33.4782806,0 -80.4725988,33.4812668,0 -80.4708754,33.4863772,0 -80.4705294,33.4873212,0 -80.470229,33.4880214,0 -80.46971139999999,33.4891488,0 -80.4692044,33.490066,0 -80.4681262,33.4917884,0 -80.4675281,33.4926048,0 -80.4669916,33.4932781,0 -80.46692760000001,33.4933504,0 -80.46633180000001,33.494023,0 -80.4656827,33.4947365,0 -80.4647681,33.4956379,0 -80.46404920000001,33.4962978,0 -80.4631158,33.497056,0 -80.4614456,33.4983245,0 -80.46063839999999,33.4989375,0 -80.45993199999999,33.4994739,0 -80.4582217,33.5008727,0 -80.4575791,33.5014178,0 -80.455124,33.5032965,0 -80.44724189999999,33.509216,0 -80.44106290000001,33.5139371,0 -80.4376989,33.5165134,0 -80.4360011,33.5178159,0 -80.43512920000001,33.5184793,0 -80.4346099,33.5188733000001,0 -80.43420759999999,33.5191077000001,0 -80.4334008,33.5196383,0 -80.4332247,33.5197411,0 -80.43303210000001,33.519841,0 -80.4327866,33.5199467,0 -80.43254709999999,33.520027,0 -80.4322887,33.5200926,0 -80.43199749999999,33.5201455,0 -80.43138570000001,33.5202424,0 -80.4311684,33.5202855,0 -80.430903,33.5203569,0 -80.4306811,33.5204304,0 -80.4304532,33.5205155,0 -80.43009979999999,33.5206869,0 -80.42977569999999,33.5208856,0 -80.4296494,33.5209911,0 -80.4294414,33.5211621,0 -80.4292688,33.5213217,0 -80.4291173,33.5214842,0 -80.4290187,33.5215987,0 -80.4289383,33.5216974,0 -80.4288143,33.5219101,0 -80.4286934,33.5221382,0 -80.42862289999999,33.5222889,0 -80.42853599999999,33.5225347,0 -80.4284914,33.522704,0 -80.4284538,33.5228959,0 -80.4284315,33.5230672,0 -80.42842210000001,33.5232141000001,0 -80.4284198,33.5233854,0 -80.42843499999999,33.5235783,0 -80.4284609,33.5237604,0 -80.42850079999999,33.5239444,0 -80.428563,33.5241549,0 -80.42863939999999,33.5243595,0 -80.4287556,33.5246405,0 -80.428822,33.5247965,0 -80.42886009999999,33.5248861999999,0 -80.4289572,33.5251331,0 -80.42906670000001,33.5253682,0 -80.4292325,33.5257224,0 -80.42928120000001,33.5258375,0 -80.4293909,33.5260547,0 -80.4294294,33.5261477,0 -80.42947270000001,33.5263392,0 -80.42885769999999,33.5272467,0 -80.42869330000001,33.5274876000001,0 -80.4283063,33.5280802,0 -80.42820570000001,33.5282221,0 -80.4278748,33.5287005,0 -80.4274673,33.5293493,0 -80.4266851,33.5304386,0 -80.4218254,33.5376274,0 -80.4208466,33.5391033,0 -80.41870400000001,33.542334,0 -80.406927,33.559446,0 -80.4047715,33.5626896,0 -80.400268,33.56926,0 -80.39935,33.570623,0 -80.398141,33.5724248,0 -80.3952517,33.5767933,0 -80.3949818,33.5771936,0 -80.3947943,33.5774302,0 -80.3946715,33.577573,0 -80.3945813,33.5776731,0 -80.39444709999999,33.5777978,0 -80.3943251,33.5779128,0 -80.3941777,33.578037,0 -80.39400259999999,33.5781779,0 -80.3938091,33.578321,0 -80.3935883,33.5784757,0 -80.3933554,33.5786274,0 -80.3922113,33.5793153,0 -80.38928249999999,33.5810101,0 -80.3834066,33.5844363,0 -80.37878259999999,33.5871129,0 -80.3758849,33.5887813,0 -80.3748458,33.5893797,0 -80.37231,33.5908397,0 -80.3662013,33.5943944,0 -80.36292899999999,33.5962622,0 -80.3615609,33.5970834,0 -80.3614699,33.597138,0 -80.35956349999999,33.5982596,0 -80.3587478,33.5987469,0 -80.3576695,33.5993702,0 -80.3568643,33.5998157,0 -80.35672169999999,33.5998945000001,0 -80.35666689999999,33.5999279,0 -80.3563329,33.6001315,0 -80.3551805,33.6008338,0 -80.3546479,33.6012503,0 -80.35413,33.6017807,0 -80.3538183,33.6021842,0 -80.35366860000001,33.6024638,0 -80.3535378,33.6027615,0 -80.3534623,33.60312,0 -80.3534059,33.6036748,0 -80.35314169999999,33.6063866,0 -80.35310440000001,33.6067692000001,0 -80.3530452,33.607155,0 -80.3530377,33.607204,0 -80.3528433,33.6084711,0 -80.35158149999999,33.6083391,0 -80.3511603,33.6082935,0 -80.3495681,33.60813,0 -80.34854199999999,33.6080249,0 -80.3476297,33.6079314,0 -80.3459482,33.6077591,0 -80.34575409999999,33.6077393,0 -80.34352,33.6075103,0 -80.3425306,33.607409,0 -80.3419772,33.6073523,0 -80.3412426,33.6072770000001,0 -80.3408999,33.607267,0 -80.3402102,33.6073193,0 -80.33979100000001,33.6074071,0 -80.339348,33.6075717,0 -80.33879090000001,33.6078126,0 -80.33712939999999,33.6086759,0 -80.3360583,33.6092325,0 -80.3340164,33.6102875,0 -80.33377830000001,33.6104105,0 -80.3293232,33.6127157,0 -80.3283778,33.6132612,0 -80.3274813,33.6138307,0 -80.326696,33.614378,0 -80.3257416,33.6150969,0 -80.3253895,33.6153585,0 -80.3247981,33.615797,0 -80.3244747,33.6160339,0 -80.32398619999999,33.6163916,0 -80.3229597,33.6171552,0 -80.3215819,33.6181566,0 -80.32067979999999,33.6188296,0 -80.3202762,33.6191396,0 -80.3196176,33.6196169,0 -80.31668790000001,33.6218019000001,0 -80.3163406,33.622059,0 -80.31584700000001,33.6224274,0 -80.31569709999999,33.6225385,0 -80.3119677,33.6252908,0 -80.3096257,33.6270245,0 -80.3052776,33.6302629,0 -80.30187340000001,33.6327747,0 -80.30093770000001,33.6334646,0 -80.29601340000001,33.6370955,0 -80.2920391,33.6400394,0 -80.29162890000001,33.6403368,0 -80.2872162,33.6436111,0 -80.2855082,33.6448705,0 -80.2838225,33.646193,0 -80.2832617,33.6466114,0 -80.28258339999999,33.6471174,0 -80.2822336,33.6473784,0 -80.280816,33.6484166,0 
				
					-80.280816,33.6484166,0 -80.2806581,33.6486169,0 -80.2800463,33.649067,0 -80.2789449,33.6498826,0 -80.27888009999999,33.6499312,0 -80.27791019999999,33.6506468,0 -80.2756583,33.6523096,0 -80.2750566,33.6527541,0 -80.27379550000001,33.6536913,0 -80.2732847,33.6540614,0 -80.2721761,33.6548007,0 -80.2709452,33.6556523,0 -80.26943489999999,33.6567779,0 -80.26860720000001,33.6573952,0 -80.2676113,33.6581331,0 -80.2669922,33.6585951,0 -80.266459,33.658992,0 -80.2646479,33.660336,0 -80.2641315,33.6607167,0 -80.26258900000001,33.6618541,0 -80.2611763,33.6629026,0 -80.2611467,33.6629246,0 -80.26018019999999,33.6636424,0 -80.2597025,33.6639894,0 -80.25928209999999,33.6642947,0 -80.25869109999999,33.664724,0 -80.2584201,33.6649264,0 -80.2575473,33.6655782,0 -80.25711990000001,33.6658931,0 -80.25689850000001,33.6660563,0 -80.2562503,33.6665341,0 -80.25511710000001,33.6673694,0 -80.2544278,33.6678832,0 -80.253516,33.6685467,0 -80.2533277,33.6686847,0 -80.25175779999999,33.6698372,0 -80.25064810000001,33.6706584,0 -80.25059109999999,33.6707005,0 -80.2500399,33.6711103,0 -80.24865130000001,33.6721197,0 -80.2484223,33.6722888,0 -80.2480807,33.6725411,0 -80.2476176,33.6728796,0 -80.24718780000001,33.6731938,0 -80.2471551,33.6732177,0 -80.2466311,33.6735983,0 -80.24625639999999,33.6738603,0 -80.2459156,33.6740861,0 -80.24565200000001,33.6742543,0 -80.24538630000001,33.6744131,0 -80.24508710000001,33.6745881,0 -80.2447837,33.6747562,0 -80.24426390000001,33.675038,0 -80.2426553,33.6759139,0 -80.2420975,33.6762243,0 -80.2420819,33.6762325,0 -80.2418641,33.6763461,0 -80.24111430000001,33.6767375,0 -80.2408705,33.6768755,0 -80.23899059999999,33.6778993,0 -80.23805849999999,33.6784122,0 -80.23688319999999,33.6790437,0 -80.2351869,33.6799624000001,0 -80.2337198,33.6807591,0 -80.2323347,33.6815157,0 -80.2313681,33.6820401,0 -80.23029440000001,33.6826249,0 -80.2293809,33.6831186,0 -80.2281103,33.6838044,0 -80.22722779999999,33.6842798,0 -80.22671939999999,33.6845421,0 -80.2259644,33.684915,0 -80.2224769,33.6865173,0 -80.22224249999999,33.6866243,0 -80.22130540000001,33.6870572,0 -80.22123259999999,33.6870908,0 -80.2209282,33.6872314,0 -80.21949050000001,33.6878741,0 -80.2170766,33.6889677,0 -80.2164198,33.6892722,0 -80.2152402,33.6898273,0 -80.21482330000001,33.6900571,0 -80.2146728,33.69014,0 -80.2145598,33.6902023,0 -80.214142,33.6904784,0 -80.2138459,33.690674,0 -80.21353240000001,33.6908787,0 -80.2131545,33.6911254,0 -80.2129913,33.6912213,0 -80.21287839999999,33.6912639,0 -80.2127512,33.6912852,0 -80.2125873,33.6912942,0 -80.21205500000001,33.6912812,0 -80.21098840000001,33.6912655,0 -80.2108915,33.6912968,0 -80.21082819999999,33.6913626,0 -80.2108025,33.691458,0 -80.2107587,33.6926754,0 -80.21074400000001,33.6931536,0 -80.2107427,33.6931952,0 -80.2107347,33.6934584,0 -80.21073010000001,33.6935617,0 -80.2107173,33.6938525,0 -80.21070589999999,33.6941095,0 -80.2106979,33.6943604,0 -80.2106723,33.6951641,0 -80.21062910000001,33.6965982,0 -80.2106217,33.6968693,0 -80.2106119,33.6972244,0 -80.2106083,33.6973543,0 -80.210601,33.6976201,0 -80.2105948,33.6978472,0 -80.2105897,33.6980334,0 -80.2105778,33.6984665,0 -80.2105493,33.6991216,0 -80.2105407,33.699318,0 -80.2105322,33.6996339,0 -80.2105086,33.700515,0 -80.2105054,33.7006351,0 -80.2104933,33.7010846000001,0 -80.2104848,33.7015832,0 -80.2104442,33.7022066999999,0 -80.2104114,33.7023127,0 -80.2103568,33.7024095,0 -80.21000859999999,33.70303,0 -80.209847,33.7033429000001,0 -80.20981310000001,33.7034083,0 -80.20974080000001,33.7035757,0 -80.20948,33.7041174,0 -80.2090692,33.7048782,0 -80.2089704,33.7050434999999,0 -80.20891520000001,33.7051042,0 -80.20884,33.7051483,0 -80.2087937,33.7051667,0 -80.2087252,33.7051795,0 -80.2087078,33.7053766,0 -80.20866770000001,33.7055416,0 -80.2085948,33.7057033,0 -80.2085313,33.7058386,0 -80.208395,33.7060841,0 -80.2083717,33.706126,0 -80.20814369999999,33.7065119,0 -80.20811550000001,33.7065596,0 -80.2079719,33.7067728,0 -80.2078084,33.7069694,0 -80.2076052,33.7071587,0 -80.2073141,33.7074222,0 -80.20715250000001,33.7075593,0 -80.2069175,33.7077586,0 -80.2067881,33.7078684000001,0 -80.2066718,33.7079671,0 -80.2062488,33.7083267,0 -80.2058935,33.7086287,0 -80.2053404,33.7090988,0 -80.20504870000001,33.7093371,0 -80.20393749999999,33.7102809,0 -80.20366079999999,33.7105178,0 -80.2029514,33.7111373,0 -80.2028988,33.711183,0 -80.2024268,33.7115887,0 -80.2019888,33.7119579,0 -80.2017888,33.7121345,0 -80.2007333,33.7130421,0 -80.2004465,33.7132966,0 -80.1999029,33.7137677,0 -80.1996934,33.7139493,0 -80.1992834,33.7143057,0 -80.1981665,33.715283,0 -80.1979599,33.7154839,0 -80.19774990000001,33.7157008,0 -80.1975563,33.7159088,0 -80.1974452,33.7160461,0 -80.1973007,33.7162166,0 -80.1971771,33.7163762,0 -80.1970142,33.7166276,0 -80.1968801,33.7168397,0 -80.19678810000001,33.7169906,0 -80.196725,33.7170999,0 -80.19663300000001,33.7172704,0 -80.1965489,33.7174278000001,0 -80.1964595,33.7176159,0 -80.1963781,33.717793,0 -80.1963202,33.7179438,0 -80.19623350000001,33.7181734,0 -80.1961652,33.7183920000001,0 -80.1960758,33.718685,0 -80.19598379999999,33.7190632,0 -80.1959444,33.71926,0 -80.1959102,33.7194983,0 -80.19588589999999,33.719714,0 -80.19586289999999,33.7199618,0 -80.19585240000001,33.7201433,0 -80.19584709999999,33.7204056,0 -80.19584399999999,33.7205088,0 -80.1956716,33.7205165,0 -80.1955219,33.720533,0 -80.1953646,33.720555,0 -80.1952721,33.7205708,0 -80.1951796,33.72059,0 -80.1951081,33.7206162,0 -80.1950387,33.7206512,0 -80.1949595,33.7206988,0 -80.19490810000001,33.7207502,0 -80.1948498,33.7208134,0 -80.1948026,33.7208969,0 -80.1947811,33.7209695,0 -80.1947127,33.7212253,0 -80.1944259,33.7223673,0 -80.1938336,33.7247156,0 -80.19281100000001,33.728134,0 -80.19171,33.732263,0 -80.19074569999999,33.7368956,0 -80.19068609999999,33.7371171,0 -80.1906099,33.7373916,0 -80.19035839999999,33.7379736,0 -80.18927429999999,33.739333,0 -80.18894210000001,33.7396267,0 -80.18864739999999,33.7398432,0 -80.1883237,33.7400618,0 -80.18787,33.7403284,0 -80.1867511,33.7409642,0 -80.1862613,33.7412279,0 -80.1857854,33.7414935,0 -80.18444169999999,33.7422466,0 -80.1843786,33.742282,0 -80.1833604,33.742853,0 -80.181444,33.7439182,0 -80.17980849999999,33.7448295,0 -80.177961,33.7458451,0 -80.1771528,33.7462814000001,0 -80.1769767,33.7463765,0 -80.1763973,33.7466725,0 -80.17557739999999,33.7470817,0 -80.17474730000001,33.7475000999999,0 -80.1726809,33.7485474,0 -80.17151560000001,33.7491367,0 -80.1703201,33.7497413,0 -80.16753300000001,33.7511472,0 -80.1656906,33.7520726,0 -80.16431439999999,33.7527822,0 -80.1638793,33.7530376,0 -80.163325,33.7533994000001,0 -80.1629167,33.7536931,0 -80.16254979999999,33.7539847,0 -80.1622512,33.7542389,0 -80.1615252,33.754892,0 -80.161013,33.7553706,0 -80.1597759,33.7564913,0 -80.15827059999999,33.7578723999999,0 -80.1573623,33.7587018,0 -80.15651769999999,33.7594809,0 -80.1556537,33.7602945,0 -80.1548712,33.7610983,0 -80.1543042,33.7617071,0 -80.15347319999999,33.7626598,0 -80.152309,33.7640256,0 -80.1509123,33.76567,0 -80.1494703,33.7673672,0 -80.1488657,33.7680871,0 -80.14797419999999,33.7691273,0 -80.1477486,33.7694002,0 -80.1471951,33.7700484,0 -80.1458732,33.7716016,0 -80.14406289999999,33.7737131,0 -80.1421043,33.7760195,0 -80.1406858,33.7776993,0 -80.139252,33.7793702,0 -80.137753,33.7811286,0 -80.1369804,33.7820439,0 -80.1366855,33.7823933,0 -80.1347121,33.7846896,0 -80.133893,33.7856416,0 -80.133712,33.7858389,0 -80.1335369,33.7860646,0 -80.1332891,33.7863581,0 -80.13269409999999,33.7870413,0 -80.1309593,33.7890986,0 -80.1309025,33.7891655,0 -80.130589,33.7895342,0 -80.1292945,33.7910569,0 -80.1261756,33.7947143,0 -80.12523899999999,33.7958265,0 -80.12484240000001,33.7962852,0 -80.124599,33.7965781,0 -80.1231301,33.798294,0 -80.1218879,33.7997466,0 -80.1203498,33.8015635,0 -80.11963,33.8024144,0 -80.1189753,33.8031939,0 -80.11831429999999,33.803975,0 -80.1157901,33.8069773,0 -80.1155351,33.8072947,0 -80.1152529,33.8076393,0 -80.11499790000001,33.8079506,0 -80.1147265,33.8082611,0 -80.1145995,33.8083966,0 -80.11434079999999,33.8087118,0 -80.1135225,33.8096829,0 -80.11341779999999,33.8098082,0 -80.1114314,33.8121849,0 -80.11136310000001,33.812265,0 -80.1110944,33.8125855999999,0 -80.11078910000001,33.8129499,0 -80.1094643,33.8145308,0 -80.10776250000001,33.8165549,0 -80.1075338,33.8168321,0 -80.107389,33.8169943,0 -80.1072001,33.8172139,0 -80.1030768,33.8221022,0 -80.10269340000001,33.8225637,0 -80.10167079999999,33.8237949,0 -80.1009196,33.8245881,0 -80.1006663,33.8247822,0 -80.1002642,33.8250744,0 -80.099842,33.825339,0 -80.09954310000001,33.8254972,0 -80.099135,33.8256907,0 -80.0987389,33.8258435,0 -80.098388,33.825958,0 -80.09740789999999,33.8262934,0 -80.0964642,33.8266139,0 -80.0953966,33.826965,0 -80.0948484,33.8271452,0 -80.09369700000001,33.827531,0 -80.0929387,33.8277935,0 -80.09211380000001,33.828077,0 -80.0916122,33.8282743,0 -80.091127,33.8284986,0 -80.0905825,33.8287673,0 -80.0902442,33.828946,0 -80.08980699999999,33.8292346,0 -80.08902689999999,33.8297495,0 -80.08894770000001,33.8298018,0 -80.0885905,33.8300376,0 -80.0882893,33.8302532,0 -80.08819130000001,33.8303233,0 -80.08752130000001,33.8308027,0 -80.08625360000001,33.8317391,0 -80.0836558,33.8336216,0 -80.08310179999999,33.8340156,0 -80.0826465,33.8343084,0 -80.0825542,33.8343624000001,0 -80.0820568,33.8346448,0 -80.08155739999999,33.834915,0 -80.0807999,33.8352688000001,0 -80.08030050000001,33.8355076,0 -80.0797381,33.835776,0 -80.0783804,33.8364261,0 -80.0780994,33.83656,0 -80.07774999999999,33.8367265,0 -80.0758897,33.8376131,0 -80.0745719,33.8382319,0 -80.07329230000001,33.838846,0 -80.0725889,33.8391835,0 -80.0710885,33.8398981,0 -80.0704758,33.8401735,0 -80.0694214,33.8406825,0 -80.0692734,33.8407539,0 -80.06804,33.8413507,0 -80.0665138,33.8420767,0 -80.0663304,33.8421634,0 -80.06598150000001,33.8423282,0 -80.0617431,33.8443311,0 -80.056602,33.8467762,0 -80.0549359,33.8475762,0 -80.05447100000001,33.847815,0 -80.05382160000001,33.8481182,0 -80.05335580000001,33.8483935,0 -80.05306830000001,33.8485713,0 -80.0525416,33.8489285,0 -80.0515721,33.8496709,0 -80.05073280000001,33.8504639,0 -80.0485589,33.8524418,0 -80.04805519999999,33.8528967,0 -80.0466703,33.8541566,0 -80.0455759,33.8551711,0 -80.0453357,33.8553938,0 -80.04476289999999,33.8559253,0 -80.04438829999999,33.8563175,0 -80.04417530000001,33.8565405,0 -80.043657,33.8571242,0 -80.0429163,33.8580687,0 -80.0425742,33.8585688,0 -80.04232450000001,33.8589539,0 -80.0421042,33.8593233,0 -80.0414579,33.8603183,0 -80.04018000000001,33.86231,0 -80.03922729999999,33.8638015,0 -80.0385831,33.8648365,0 -80.03832920000001,33.8652878,0 -80.03816759999999,33.8656049,0 -80.03790069999999,33.8661608,0 -80.03742010000001,33.8673857,0 -80.03709069999999,33.8683649,0 -80.03684939999999,33.8690688,0 -80.0366227,33.8697535,0 -80.0361527,33.8711996,0 -80.0358379,33.8721265,0 -80.0355588,33.8729558,0 -80.0353427,33.8734872,0 -80.03518529999999,33.8737938,0 -80.0350363,33.8740726,0 -80.0348937,33.8743024999999,0 -80.0346586,33.8746632,0 -80.034453,33.8749123,0 -80.03422639999999,33.8752172,0 -80.0331793,33.8763322,0 -80.03145859999999,33.8781197,0 -80.0308988,33.8786996,0 -80.0305718,33.8790368,0 -80.0281859,33.8815053,0 -80.0264275,33.8833171,0 -80.0259574,33.8837996,0 -80.024939,33.884839,0 -80.02449300000001,33.885305,0 -80.02134030000001,33.8885812,0 -80.02074500000001,33.8891998,0 -80.0205009,33.8894494,0 -80.0203072,33.8896514,0 -80.0202407,33.8897208,0 -80.0201946,33.8897689,0 -80.0200365,33.8898979,0 -80.0199846,33.889945,0 -80.0199229,33.8899900999999,0 -80.01989519999999,33.8900173,0 -80.0198822,33.89003,0 -80.01974319999999,33.8901844,0 -80.0196742,33.8902633,0 -80.0196356,33.8903206,0 -80.0196078,33.8903778,0 -80.0190564,33.8909442,0 -80.0189953,33.8910069,0 -80.0189458,33.8910592,0 -80.0182248,33.8918215,0 -80.01817629999999,33.8918727,0 -80.0173674,33.8927154,0 -80.0171261,33.8929667,0 -80.0169786,33.8931189,0 -80.01681689999999,33.8932723,0 -80.0166725,33.8933937,0 -80.01653589999999,33.8934944,0 -80.0163799,33.8935998,0 -80.0163127,33.8936393,0 -80.016251,33.8936749,0 -80.01612009999999,33.8937357,0 -80.0159656,33.8938053,0 -80.0157505,33.8938902,0 -80.0156491,33.8939239,0 -80.0154617,33.8939772,0 -80.0153772,33.893999,0 -80.0152442,33.8940313,0 -80.0148708,33.8941159,0 -80.01420160000001,33.8942544,0 -80.013808,33.8943364,0 -80.0135466,33.8943841,0 -80.0132215,33.8944328,0 -80.0129649,33.8944658,0 -80.0129147,33.8944722,0 -80.0127438,33.8944898,0 -80.01250469999999,33.8945121,0 -80.012316,33.894524,0 -80.01209849999999,33.8945294,0 -80.0117982,33.8945279,0 -80.01145200000001,33.894525,0 -80.011112,33.8945109,0 -80.01103519999999,33.8945046,0 -80.0107239,33.8944792,0 -80.0105453,33.8944567,0 -80.0105111,33.8945833,0 -80.0103392,33.8952196,0 -80.010183,33.8958244,0 -80.0101475,33.895927,0 -80.0101184,33.8960112,0 -80.0100477,33.8961882,0 -80.009989,33.8963157,0 -80.0098911,33.8964779,0 -80.0097574,33.8966656,0 -80.0096393,33.8968072,0 -80.0095336,33.8969232,0 -80.0093713,33.8970637,0 -80.0090721,33.8973073,0 -80.0086105,33.8976472,0 -80.00813650000001,33.8980090000001,0 -80.00625239999999,33.8994811,0 -80.0047691,33.9006056,0 -80.0008952,33.9035864,0 -80.00002379999999,33.9042532,0 -79.9998315,33.9043927,0 -79.9992326,33.90478,0 -79.99854379999999,33.9051797,0 -79.9980734,33.9054213,0 -79.99766459999999,33.9056166,0 -79.9925946,33.9077883,0 -79.9867534,33.9102939,0 -79.98414219999999,33.9114124,0 -79.9835188,33.911692,0 -79.9830078,33.9118971,0 -79.982834,33.9119615,0 -79.9824294,33.9121114,0 -79.9814715,33.9123706,0 -79.98106319999999,33.9124481,0 -79.975486,33.913396,0 -79.97006500000001,33.9142803,0 -79.96948279999999,33.9143817,0 -79.96773399999999,33.914652,0 -79.9666165,33.9148724,0 -79.96619219999999,33.9149952,0 -79.96568069999999,33.9151682,0 -79.9652439,33.9153564,0 -79.9649297,33.9155278,0 -79.9643597,33.9158731,0 -79.96397399999999,33.9161571,0 -79.9628338,33.917178,0 -79.9625317,33.9174509,0 -79.96222899999999,33.9177237,0 -79.9618856,33.9180228,0 -79.96094100000001,33.918865,0 -79.960429,33.919327,0 -79.95926799999999,33.920367,0 -79.95816499999999,33.921362,0 -79.95761299999999,33.9218768,0 -79.9559344,33.9233892,0 -79.9555651,33.9237183,0 -79.95477339999999,33.9244236,0 -79.953581,33.925486,0 -79.953444,33.92561,0 -79.952871,33.926157,0 -79.95207600000001,33.926888,0 -79.951229,33.927757,0 -79.9486,33.930584,0 -79.948052,33.93116,0 -79.94746600000001,33.931787,0 -79.9473407,33.9319201,0 -79.9471623,33.932106,0 -79.946724,33.932553,0 -79.94657100000001,33.932688,0 -79.946406,33.9328140000001,0 -79.94623199999999,33.932931,0 -79.94596199999999,33.933089,0 -79.94584,33.9331509999999,0 -79.945712,33.933223,0 -79.94553500000001,33.933307,0 -79.945339,33.9333910000001,0 -79.945177,33.933453,0 -79.944855,33.933559,0 -79.944688,33.933607,0 -79.94441500000001,33.93367,0 -79.94393700000001,33.933766,0 -79.943668,33.933821,0 -79.94333399999999,33.933881,0 -79.9428477,33.9339748,0 -79.94273800000001,33.933996,0 -79.94264200000001,33.934015,0 -79.94128190000001,33.9342746,0 -79.941039,33.934321,0 -79.939953,33.934528,0 -79.938306,33.934839,0 -79.93821,33.934857,0 -79.93772800000001,33.934961,0 -79.937489,33.935025,0 -79.93747209999999,33.9350303,0 -79.937275,33.935092,0 -79.93721859999999,33.9351121,0 -79.937076,33.935163,0 -79.936819,33.935262,0 -79.936705,33.935306,0 -79.936537,33.935386,0 -79.936228,33.935559,0 -79.936018,33.935694,0 -79.935819,33.935838,0 -79.93581039999999,33.9358451,0 -79.93557509999999,33.9360397,0 -79.935553,33.936058,0 -79.9353969,33.936195,0 -79.9353742,33.9362149,0 -79.93525099999999,33.936323,0 -79.9352205,33.9363523,0 -79.93491280000001,33.9366478,0 -79.934848,33.93671,0 -79.934804,33.936753,0 -79.93477059999999,33.9367819,0 -79.934647,33.936889,0 -79.934488,33.9370319,0 -79.934166,33.9373213,0 -79.933385,33.938011,0 -79.9328398,33.9385038999999,0 -79.932686,33.938643,0 -79.9325039,33.9388051000001,0 -79.9321667,33.9391051999999,0 -79.932076,33.939186,0 -79.9319639,33.9392879,0 -79.9319017,33.9393444,0 -79.93116000000001,33.940018,0 -79.9308278,33.9403181,0 -79.930457,33.940653,0 -79.92979800000001,33.941245,0 -79.92898390000001,33.9420042,0 -79.928608,33.942322,0 -79.9283135,33.9425956,0 -79.927999,33.942909,0 -79.927983,33.942927,0 -79.927791,33.943149,0 -79.92759599999999,33.943396,0 -79.927414,33.94365,0 -79.927246,33.94391,0 -79.9271298,33.9441127,0 -79.927093,33.944177,0 -79.92701700000001,33.944321,0 -79.9268936,33.9445426,0 -79.926492,33.945264,0 -79.92618539999999,33.9458149,0 -79.9259864,33.9461725,0 -79.92549200000001,33.947061,0 -79.925445,33.947146,0 -79.925382,33.947259,0 -79.924954,33.948025,0 -79.924116,33.949542,0 -79.923868,33.949998,0 -79.923596,33.950486,0 -79.92344799999999,33.950796,0 -79.923316,33.951111,0 -79.923198,33.95143,0 -79.922483,33.953726,0 -79.921604,33.956561,0 -79.921121,33.95809,0 -79.9209209,33.9587433,0 -79.92077,33.959236,0 -79.920571,33.959886,0 -79.920169,33.961186,0 -79.919639,33.962881,0 -79.919037,33.964851,0 -79.918964,33.965083,0 -79.918594,33.96626,0 -79.91771799999999,33.9691050000001,0 -79.9174807,33.9698516,0 -79.91736899999999,33.970203,0 -79.91730200000001,33.970395,0 -79.91714399999999,33.970771,0 -79.91704799999999,33.970983,0 -79.916927,33.971199,0 -79.916792,33.971409,0 -79.916589,33.971695,0 -79.916332,33.972001,0 -79.91615,33.972198,0 -79.91595599999999,33.972387,0 -79.91575,33.972568,0 -79.91564200000001,33.972655,0 -79.91468399999999,33.973348,0 -79.914545,33.973449,0 -79.911951,33.975299,0 -79.910713,33.976136,0 -79.91064799999999,33.97618,0 -79.91028799999999,33.976398,0 -79.909812,33.976679,0 -79.909312,33.976944,0 -79.907996,33.97757,0 -79.9064247,33.9782963,0 -79.9063495,33.9783085,0 -79.9059381,33.9784618,0 -79.905761,33.9785282,0 -79.9056793,33.9785486,0 -79.9056235,33.9785533,0 -79.90554040000001,33.9785549,0 
				
					-79.9054392266704,33.9785500481471,0 -79.9053207422654,33.9785624045759,0 -79.9052383295583,33.9786218408122,0 -79.9052076573563,33.9787199042904,0 -79.90513064608849,33.9788220483036,0 -79.904585,33.9791503,0 -79.903274,33.979754,0 -79.902565,33.980048,0 -79.90222300000001,33.98017,0 -79.901884,33.980278,0 -79.90186799999999,33.980282,0 -79.90154,33.980373,0 -79.901422,33.980402,0 -79.901138,33.980473,0 -79.900851,33.980529,0 -79.898679,33.980994,0 -79.898481,33.981037,0 -79.89830499999999,33.981074,0 -79.89546799999999,33.981682,0 -79.89383599999999,33.982027,0 -79.89183800000001,33.982454,0 -79.891493,33.982529,0 -79.891306,33.982575,0 -79.891293,33.9825779999999,0 -79.89110700000001,33.982632,0 -79.89099899999999,33.982663,0 -79.890711,33.98276,0 -79.890525,33.98283,0 -79.89028999999999,33.982929,0 -79.890018,33.983056,0 -79.889858,33.983141,0 -79.88954099999999,33.983322,0 -79.889233,33.983514,0 -79.888936,33.983717,0 -79.888648,33.983929,0 -79.88837100000001,33.984151,0 -79.88813500000001,33.98436,0 -79.887884,33.984601,0 -79.88764500000001,33.98485,0 -79.88741899999999,33.985107,0 -79.88672800000001,33.985964,0 -79.88497769999999,33.9882449,0 -79.8846262,33.9886984,0 -79.8844077,33.9889804,0 -79.8840424,33.9894698,0 -79.8833649,33.9903247,0 -79.8831623,33.9905909,0 -79.8823854,33.9915692,0 -79.881477,33.992788,0 -79.8804804,33.994238,0 -79.8801789,33.9946628,0 -79.8797806,33.9951922,0 -79.8790608,33.99612,0 -79.87876420000001,33.9964986,0 -79.878562,33.9967677,0 -79.87848649999999,33.9968698,0 -79.8783962,33.9969709,0 -79.87825100000001,33.9971292,0 -79.87811809999999,33.9972742,0 -79.8779644,33.9974179,0 -79.877788,33.9975845,0 -79.8775449,33.997792,0 -79.8773001,33.9979734,0 -79.8769563,33.9982021,0 -79.8767309,33.9983284,0 -79.87658999999999,33.9984057,0 -79.8763931,33.9985095,0 -79.8761844,33.998602,0 -79.87587259999999,33.998728,0 -79.8754794,33.998869,0 -79.872434,33.999887,0 -79.87168699999999,34.000134,0 -79.870521,34.000523,0 -79.870133,34.000657,0 -79.869364,34.000935,0 -79.868673,34.001196,0 -79.868425,34.0013,0 -79.86793299999999,34.001517,0 -79.86745000000001,34.001746,0 -79.866974,34.001986,0 -79.866507,34.002237,0 -79.86510800000001,34.003043,0 -79.863671,34.003855,0 -79.861684,34.004996,0 -79.860849,34.005466,0 -79.860151,34.005859,0 -79.85827399999999,34.006929,0 -79.857726,34.007248,0 -79.857187,34.007577,0 -79.856658,34.007917,0 -79.856318,34.008147,0 -79.855942,34.008418,0 -79.855436,34.0088030000001,0 -79.85509399999999,34.009082,0 -79.85476199999999,34.009369,0 -79.854443,34.0096650000001,0 -79.854017,34.010082,0 -79.853673,34.010428,0 -79.853452,34.010653,0 -79.853146,34.010984,0 -79.853048,34.011087,0 -79.85207,34.01212,0 -79.850838,34.013405,0 -79.850376,34.013898,0 -79.849919,34.014366,0 -79.849487,34.014816,0 -79.84816600000001,34.016213,0 -79.847165,34.017253,0 -79.846842,34.017583,0 -79.8467385,34.0176931,0 -79.84652199999999,34.0179129999999,0 -79.84606599999999,34.0184,0 -79.84535099999999,34.019148,0 -79.844936,34.019581,0 -79.84230599999999,34.02239,0 -79.841358,34.023378,0 -79.840947,34.023784,0 -79.83998699999999,34.024653,0 -79.839647,34.024946,0 -79.839241,34.025273,0 -79.83894600000001,34.025505,0 -79.838531,34.025808,0 -79.838013,34.026163,0 -79.83747,34.026502,0 -79.83710170000001,34.0267416,0 -79.83666599999999,34.0269759,0 -79.8359897,34.0273342,0 -79.83443149999999,34.0281299,0 -79.8332113,34.0287494,0 -79.8320696,34.0293356,0 -79.83046899999999,34.030117,0 -79.828934,34.030912,0 -79.828504,34.031151,0 -79.82808199999999,34.031402,0 -79.82767,34.031663,0 -79.827541,34.03175,0 -79.82726700000001,34.031934,0 -79.82585899999999,34.032869,0 -79.82507099999999,34.033403,0 -79.823466,34.034474,0 -79.822793,34.034913,0 -79.822501,34.035103,0 -79.82151,34.035769,0 -79.820611,34.036362,0 -79.820071,34.036739,0 -79.81992,34.036841,0 -79.819442,34.037164,0 -79.81923999999999,34.037293,0 -79.818961,34.037471,0 -79.8186,34.037694,0 -79.818403,34.037807,0 -79.817983,34.038038,0 -79.817497,34.03829,0 -79.81719099999999,34.038436,0 -79.81631400000001,34.038824,0 -79.816168,34.038889,0 -79.81564400000001,34.039109,0 -79.81382000000001,34.039879,0 -79.812974,34.040231,0 -79.81198999999999,34.040657,0 -79.811468,34.040879,0 -79.81029100000001,34.041385,0 -79.808341,34.042224,0 -79.80819200000001,34.042288,0 -79.807427,34.042624,0 -79.80685699999999,34.042884,0 -79.806746,34.042936,0 -79.805892,34.043337,0 -79.80521400000001,34.043675,0 -79.80461,34.043994,0 -79.803657,34.044541,0 -79.803022,34.044906,0 -79.802601,34.045148,0 -79.80220199999999,34.045387,0 -79.800985,34.046115,0 -79.800676,34.046296,0 -79.800281,34.046527,0 -79.8000157,34.0466873,0 -79.799907,34.046753,0 -79.79977599999999,34.046832,0 -79.79928,34.047131,0 -79.7991765,34.0471963,0 -79.79909000000001,34.047251,0 -79.798782,34.04746,0 -79.798484,34.047679,0 -79.79823399999999,34.047877,0 -79.798197,34.047907,0 -79.796982,34.049041,0 -79.7966349,34.0493629,0 -79.796128,34.049833,0 -79.79579,34.0501423,0 -79.79565479999999,34.050266,0 -79.79519639999999,34.0506854,0 -79.795175,34.050705,0 -79.79474740000001,34.051069,0 -79.79456399999999,34.051225,0 -79.7943264,34.0514017,0 -79.79425999999999,34.051451,0 -79.79370400000001,34.05188,0 -79.79278499999999,34.052485,0 -79.79232399999999,34.052764,0 -79.792283,34.05279,0 -79.791754,34.053126,0 -79.790932,34.0536299999999,0 -79.7902483,34.0540605,0 -79.790057,34.054181,0 -79.7898296,34.0543216,0 -79.7895305,34.0545065,0 -79.7891595,34.0547359,0 -79.78885200000001,34.054926,0 -79.7887904,34.0549641,0 -79.7887089,34.0550144,0 -79.78825569999999,34.0552945,0 -79.7880462,34.0554239,0 -79.78789399999999,34.055518,0 -79.787302,34.0558884,0 -79.787194,34.055956,0 -79.785798,34.056821,0 -79.784846,34.057411,0 -79.7843996,34.0576909,0 -79.78304199999999,34.058542,0 -79.78259180000001,34.0588202000001,0 -79.782275,34.059016,0 -79.78160099999999,34.059412,0 -79.78135399999999,34.05955,0 -79.78085400000001,34.05982,0 -79.78034599999999,34.060079,0 -79.77961999999999,34.060426,0 -79.77939499999999,34.060523,0 -79.77904100000001,34.060667,0 -79.778729,34.060782,0 -79.778138,34.06099,0 -79.77739699999999,34.061238,0 -79.776993,34.061359,0 -79.77477399999999,34.062025,0 -79.774368,34.06215,0 -79.773205,34.062508,0 -79.77306299999999,34.062551,0 -79.771582,34.062995,0 -79.770971,34.063176,0 -79.77009099999999,34.063438,0 -79.769244,34.063698,0 -79.76715,34.064349,0 -79.76612,34.064669,0 -79.76499699999999,34.06492,0 -79.7642931,34.0650215,0 -79.763773,34.065058,0 -79.76277810000001,34.0650002,0 -79.7618805,34.0649343,0 -79.7619353,34.0653649,0 -79.7619826,34.0658215,0 -79.7619838,34.0661218,0 -79.7619809,34.0663309,0 -79.76196349999999,34.0665136,0 -79.76195920000001,34.0665593,0 -79.7619294,34.0667279,0 -79.7619093,34.0668866,0 -79.76193290000001,34.0672338,0 -79.76185700000001,34.0677959,0 -79.76171069999999,34.0691584,0 -79.761613,34.0700682,0 -79.76153960000001,34.0708903,0 -79.76143930000001,34.0720136,0 -79.76138229999999,34.0730247,0 -79.7613491,34.0738432,0 -79.7613161,34.0748083,0 -79.7613131,34.0753775,0 -79.76132200000001,34.0762165,0 -79.76132440000001,34.0764877,0 -79.76133919999999,34.0769748,0 -79.7613499,34.0776009,0 -79.7613705,34.0780139,0 -79.761414,34.0783635,0 -79.7614761,34.0787203,0 -79.7615437,34.0790355,0 -79.7616424,34.079379,0 -79.7617211,34.0796186,0 -79.76185599999999,34.0799635,0 -79.7619876,34.0802696,0 -79.76215759999999,34.080598,0 -79.7625252,34.0812612,0 -79.7626607,34.0814955,0 -79.76274479999999,34.0816181,0 -79.7631133,34.0822482,0 -79.7633519,34.0826509,0 -79.7640553,34.0837426,0 -79.7647067,34.0846854,0 -79.7651809,34.0853521,0 -79.7654912,34.0858026,0 -79.76610530000001,34.0866936,0 -79.7670495,34.0880616,0 -79.7671352,34.0881791,0 -79.76721000000001,34.0882817,0 -79.76775019999999,34.0889282,0 -79.7681481,34.0893742,0 -79.7683256,34.08955,0 -79.768564,34.0897724,0 -79.76873209999999,34.0899252,0 -79.76907129999999,34.0902158,0 -79.7694583,34.0905379999999,0 -79.7697185,34.0907289,0 -79.77005080000001,34.0909576,0 -79.771365,34.091767,0 -79.77187739999999,34.0920804,0 -79.77301900000001,34.092765,0 -79.77332730000001,34.0929508,0 -79.7736563,34.0931522,0 -79.7742646,34.0935301,0 -79.77471559999999,34.0938006,0 -79.7749809,34.0939615,0 -79.7751552,34.09408,0 -79.775538,34.0943484,0 -79.77563979999999,34.0944207,0 -79.77587370000001,34.0946097,0 -79.7761411,34.094844,0 -79.7763692,34.0950629,0 -79.77660210000001,34.0953047,0 -79.77687299999999,34.0956186,0 -79.7772109,34.0960721,0 -79.77741899999999,34.0964002,0 -79.7776478,34.0967977,0 -79.7776803,34.0968541,0 -79.7778565,34.0971701,0 -79.778147,34.0976817,0 -79.7784091,34.098151,0 -79.778976,34.0991724,0 -79.77920109999999,34.0995705,0 -79.7794584,34.1000304,0 -79.77971789999999,34.1004986,0 -79.7800163,34.1010086,0 -79.7809637,34.1027011,0 -79.781268,34.1032535,0 -79.78135899999999,34.1034127,0 -79.7816682,34.1040201,0 -79.7818432,34.1044191,0 -79.78196680000001,34.1047007,0 -79.7822054,34.1053143,0 -79.7823767,34.1058107,0 -79.7825165,34.1062914,0 -79.7825739,34.1065177,0 -79.78267049999999,34.106899,0 -79.78278950000001,34.1074834,0 -79.78280460000001,34.1075749,0 -79.78284859999999,34.1078043,0 -79.782887,34.1080584,0 -79.78292260000001,34.1083875,0 -79.782948,34.1086264,0 -79.7829701,34.1088566,0 -79.7829921,34.1092226,0 -79.7830007,34.1094965,0 -79.78300609999999,34.1097716,0 -79.78299509999999,34.1103555,0 -79.7829563,34.1108958,0 -79.782911,34.1113728,0 -79.7828341,34.1119185,0 -79.7827954,34.1121484,0 -79.7826768,34.1127662,0 -79.78227099999999,34.1146026,0 -79.7822372,34.1147504,0 -79.7820942,34.1154031,0 -79.7820064,34.1157792,0 -79.7819021,34.1162134,0 -79.7817874,34.1166775,0 -79.7815629,34.1175212,0 -79.7812752,34.1185184,0 -79.78106510000001,34.1192694,0 -79.78101220000001,34.1194831,0 -79.7808206,34.120101,0 -79.7806442,34.1206431999999,0 -79.7805651,34.1208854,0 -79.78032260000001,34.1214549,0 -79.7801339,34.1218939,0 -79.78004060000001,34.1220894,0 -79.7797918,34.1225707000001,0 -79.7797479,34.1226518,0 -79.7796149,34.1228973,0 -79.7794696,34.1231583,0 -79.7792601,34.123525,0 -79.77892439999999,34.1241076,0 -79.778803,34.1243117000001,0 -79.77818379999999,34.1253837,0 -79.778019,34.125655,0 -79.7776001,34.1264003,0 -79.7773981,34.1267481,0 -79.77714659999999,34.1271809,0 -79.7770122,34.1274099,0 -79.7769551,34.1275073,0 -79.77678450000001,34.1277984,0 -79.7766125,34.1281005,0 -79.7764978,34.1283070999999,0 -79.77628470000001,34.1286764,0 -79.7760687,34.1290439,0 -79.7754821,34.1300421,0 -79.7753963,34.1302087,0 -79.77523890000001,34.1305146,0 -79.77488390000001,34.1311504,0 -79.7745054,34.1318203,0 -79.774337,34.1321119,0 -79.7739555,34.1327885,0 -79.77333230000001,34.1338365,0 -79.77319319999999,34.1340234,0 -79.7731253,34.1341505999999,0 -79.77308170000001,34.1342106,0 -79.77292439999999,34.134441,0 -79.77289469999999,34.1344845000001,0 -79.7725774,34.1348257,0 -79.7722399,34.1352219,0 -79.771925,34.1355751,0 -79.77173310000001,34.1357956,0 -79.7714426,34.1361293,0 -79.7710579,34.1365712,0 -79.7709129,34.1367397,0 -79.7707551,34.1369351,0 -79.7706657,34.1370633000001,0 -79.7705874,34.1371966,0 -79.77054200000001,34.1372742000001,0 -79.7704504,34.1374424999999,0 -79.77036510000001,34.1376166,0 -79.7703231,34.1377239,0 -79.7702458,34.1379407,0 -79.7701982,34.1380799,0 -79.77017960000001,34.1381771,0 -79.7701564,34.1382803,0 -79.7701143,34.1386391,0 -79.77009339999999,34.1388026,0 -79.7700995,34.1391644,0 -79.7701211,34.1393586,0 -79.77023149999999,34.1401363,0 -79.77041610000001,34.1416303,0 -79.77051779999999,34.1424533,0 -79.7705509,34.1427061,0 -79.7705879,34.1430513,0 -79.7706003,34.1431669999999,0 -79.7706065,34.1432476,0 -79.7706208,34.1434325,0 -79.7706398,34.1436788,0 -79.7706438,34.143753,0 -79.7706601,34.1441766,0 -79.7706632,34.1442535,0 -79.7704669,34.1442214,0 -79.7696315,34.1442308,0 -79.76951750000001,34.144232,0 -79.7693512,34.1441704,0 -79.769267,34.144176,0 -79.7691647,34.1441723,0 -79.769065,34.144175,0 -79.76833499999999,34.1441719999999,0 -79.768199,34.144171,0 -79.767718,34.144169,0 -79.767483,34.144178,0 -79.767231,34.144197,0 -79.766892,34.144236,0 -79.766558,34.144294,0 -79.766339,34.144343,0 -79.76588219999999,34.1444751,0 -79.765855,34.144483,0 -79.765642,34.144558,0 -79.765365,34.14467,0 -79.76513,34.144778,0 -79.764877,34.144907,0 -79.764662,34.14503,0 -79.764577,34.145084,0 -79.76433299999999,34.145244,0 -79.764315,34.145257,0 -79.76413100000001,34.145394,0 -79.763896,34.145594,0 -79.763735,34.145743,0 -79.76356699999999,34.1459057,0 -79.7634963,34.1459931,0 -79.76340999999999,34.14609,0 -79.763221,34.146328,0 -79.76304500000001,34.146588,0 -79.762889,34.146856,0 -79.762744,34.147149,0 -79.762373,34.147869,0 -79.76227799999999,34.148068,0 -79.762109,34.148408,0 -79.76184000000001,34.148953,0 -79.76131100000001,34.150002,0 -79.760865,34.150901,0 -79.7604582,34.1516232,0 -79.7597822,34.1529639,0 -79.75838299999999,34.155862,0 -79.75819199999999,34.156258,0 -79.757997,34.156646,0 -79.7579478,34.1567502,0 -79.757779,34.157108,0 -79.75696430000001,34.1587317,0 -79.755972,34.160709,0 -79.75561399999999,34.161411,0 -79.75545099999999,34.161704,0 -79.7553527,34.1618563,0 -79.75532,34.1619067,0 -79.75514699999999,34.162175,0 -79.754864,34.162542,0 -79.754789,34.162628,0 -79.7546444,34.1627923,0 -79.754591,34.162853,0 -79.75446100000001,34.162988,0 -79.75425799999999,34.163183,0 -79.753992,34.163415,0 -79.75343100000001,34.163841,0 -79.753083,34.164053,0 -79.75266999999999,34.164291,0 -79.74787240000001,34.1668873,0 -79.74539350000001,34.168226,0 -79.7449472,34.1684621,0 -79.74268050000001,34.1697161,0 -79.74183290000001,34.1700267,0 -79.74128760000001,34.1701833,0 -79.7409134,34.1702637,0 -79.74037610000001,34.170334,0 -79.73932689999999,34.1703509,0 -79.7389086,34.1703198,0 -79.73852410000001,34.1702794999999,0 -79.7381199,34.1701945,0 -79.73772460000001,34.1701139,0 -79.7373336,34.1700065,0 -79.73675470000001,34.1698076,0 -79.7360456,34.1694636,0 -79.7323164,34.1675412,0 -79.731752,34.1672669,0 -79.7309352,34.1668258,0 -79.72914729999999,34.1659191,0 -79.72838520000001,34.1655146,0 -79.7271751,34.1648892,0 -79.7268976,34.1647465,0 -79.7261384,34.1643562,0 -79.7253268,34.1639451,0 -79.7247497,34.1636714,0 -79.7241233,34.1634396,0 -79.7234792,34.1632729,0 -79.72336559999999,34.1632537,0 -79.7229403,34.1631818,0 -79.7224363,34.1631307,0 -79.72195139999999,34.1631186,0 -79.7212134,34.1631487,0 -79.72082399999999,34.1631985,0 -79.71984689999999,34.1634048,0 -79.719238,34.163582,0 -79.7135088,34.1650379,0 -79.7089276,34.166183,0 -79.70703930000001,34.1666801,0 -79.7069279,34.1667152,0 -79.7064752,34.1668728,0 -79.70600229999999,34.1670753,0 -79.7056528,34.1672673,0 -79.705299,34.1675196,0 -79.7050109,34.1677766,0 -79.7047092,34.1681097,0 -79.7044064,34.1686026,0 -79.7041897,34.1691106,0 -79.70403520000001,34.1697782,0 -79.703827,34.170684,0 -79.70362299999999,34.171495,0 -79.7034242,34.1722993,0 -79.703361,34.172555,0 -79.7033045,34.1727751,0 -79.70312699999999,34.173467,0 -79.702951,34.1741280000001,0 -79.702893,34.174363,0 -79.70277,34.174834,0 -79.702692,34.175066,0 -79.7026,34.175294,0 -79.702496,34.175518,0 -79.702388,34.175726,0 -79.702271,34.1759300000001,0 -79.702141,34.176126,0 -79.702,34.1763199999999,0 -79.701848,34.17651,0 -79.701688,34.176691,0 -79.701515,34.176867,0 -79.701335,34.177041,0 -79.70114599999999,34.177212,0 -79.700942,34.177374,0 -79.700726,34.177528,0 -79.700509,34.177673,0 -79.70029100000001,34.177809,0 -79.7002549,34.1778295,0 -79.70006600000001,34.177937,0 -79.699838,34.178052,0 -79.69959799999999,34.178162,0 -79.699343,34.178267,0 -79.69907000000001,34.178373,0 -79.697025,34.179128,0 -79.69586700000001,34.179545,0 -79.69499999999999,34.179868,0 -79.693871,34.18028,0 -79.693095,34.180562,0 -79.692848,34.180656,0 -79.692339,34.180841,0 -79.691373,34.181198,0 -79.69028299999999,34.181601,0 -79.688965,34.182081,0 -79.687837,34.182503,0 -79.687577,34.182608,0 -79.687333,34.182719,0 -79.687091,34.182842,0 -79.686864,34.182971,0 -79.686639,34.183108,0 -79.686426,34.1832570000001,0 -79.68621899999999,34.183412,0 -79.686014,34.183572,0 -79.685811,34.183747,0 -79.6857035,34.1838482,0 -79.685614,34.1839390000001,0 -79.68543,34.184137,0 -79.685253,34.1843469999999,0 -79.685089,34.184561,0 -79.68493599999999,34.184786,0 -79.68479499999999,34.185018,0 -79.684667,34.1852620000001,0 -79.68455299999999,34.185515,0 -79.684454,34.185776,0 -79.68436800000001,34.186048,0 -79.68429999999999,34.186322,0 -79.684248,34.186596,0 -79.68421499999999,34.186872,0 -79.6842003,34.1871182,0 -79.68419799999999,34.187156,0 -79.684164,34.189253,0 -79.684141,34.190598,0 -79.6841328,34.1912215,0 -79.68411999999999,34.192187,0 -79.6841094,34.1934258,0 -79.6841222,34.1943969,0 -79.6841673,34.1954608,0 -79.6841692,34.1957475,0 -79.6841642,34.1962044,0 -79.6841474,34.1965708,0 -79.68414730000001,34.1967371,0 -79.68395270000001,34.196737,0 -79.68375880000001,34.1967353,0 -79.6833285,34.1967316,0 -79.6831303,34.1967314,0 -79.6824465,34.1967231,0 -79.6820194,34.1967178,0 -79.6800667,34.1966956,0 -79.67957180000001,34.1966868,0 -79.67948939999999,34.1966853,0 -79.6715574,34.1965982,0 -79.6697212,34.1965823,0 -79.6655488,34.196533,0 -79.66413180000001,34.1965162,0 -79.6624697,34.1964965,0 -79.66120669999999,34.1965073,0 -79.6587105,34.1964841,0 -79.6586344,34.196488,0 -79.65619510000001,34.1964543,0 -79.6554273,34.1964352,0 -79.6552975,34.1964272,0 -79.65521990000001,34.1964275,0 -79.65429469999999,34.1964308,0 -79.6538279,34.1964260000001,0 -79.6398808,34.1962811,0 -79.6396841,34.1962787,0 -79.63934999999999,34.1962745,0 -79.63615059999999,34.1962348,0 -79.6305632,34.1961631,0 -79.6297732,34.1961837,0 -79.6289192,34.1962053,0 -79.6278121,34.1962567,0 -79.62694279999999,34.1963178,0 -79.6257664,34.1964051,0 -79.62486730000001,34.19651,0 -79.6239538,34.1966389,0 -79.6224668,34.1968792,0 -79.6103662,34.1990288,0 -79.6091371,34.1992322,0 -79.6079489,34.1993722,0 -79.606866,34.1994856999999,0 -79.6059204,34.1995862,0 -79.6033999,34.1997847,0 -79.6025325,34.199853,0 -79.59911099999999,34.200112,0 -79.5962962,34.2003251,0 -79.5953299,34.2003983,0 -79.5945352,34.2004623,0 -79.5936932,34.2005284,0 -79.5919135,34.200668,0 -79.5888947,34.2009049,0 -79.58664709999999,34.2010813,0 -79.5828911,34.201376,0 -79.5817924,34.2014622,0 -79.5807648,34.2015429,0 -79.5772499,34.2018187,0 -79.57426390000001,34.2020626,0 -79.57326430000001,34.2021414,0 -79.572121,34.2022307,0 -79.570409,34.2023714,0 -79.5682429,34.2025404,0 -79.5658593,34.2027201,0 -79.5639517,34.202869,0 -79.5631376,34.2029414,0 -79.54761329999999,34.2041656,0 -79.54290210000001,34.2045366,0 -79.5420033,34.2045816,0 -79.5414454,34.2045882999999,0 -79.5404824,34.2045678,0 -79.5400556,34.2045423,0 -79.54000550000001,34.2045376,0 -79.5382681,34.2043766,0 -79.5349471,34.2040534,0 -79.5343536,34.2039956,0 -79.5338338,34.2039451,0 -79.53344420000001,34.2039072,0 -79.5333892,34.2039018,0 -79.53036760000001,34.2035997,0 -79.5302032,34.2035833,0 -79.5290131,34.2034643,0 -79.52800480000001,34.2034264,0 -79.52779529999999,34.2034273,0 -79.52761750000001,34.2034448,0 -79.52742550000001,34.2034715,0 -79.5270213,34.2035586,0 -79.526704,34.2036538,0 -79.52636200000001,34.2037993,0 -79.52629829999999,34.2038321,0 -79.52616690000001,34.2039098,0 -79.5257726,34.2041272,0 -79.5236752,34.2052624,0 -79.52333369999999,34.2054587,0 -79.5231012,34.2055757,0 -79.5210814,34.2067137000001,0 -79.5205584,34.2070042,0 -79.520207,34.207195,0 -79.51953640000001,34.2075687,0 -79.519228,34.2077695,0 -79.5189786,34.207947,0 -79.51865669999999,34.2081932,0 -79.5182142,34.2086102,0 -79.5179996,34.2088875,0 -79.5178628,34.2090782,0 -79.5177233,34.2092912,0 -79.51759730000001,34.2095064,0 -79.5175007,34.2096949,0 -79.5173921,34.2099535,0 -79.5169559,34.2109921,0 -79.5166414,34.2117888,0 -79.5165837,34.2119348,0 -79.516307,34.2126124,0 -79.51572880000001,34.2140356,0 -79.5153107,34.2150725,0 -79.514855,34.216181,0 -79.51419679999999,34.2178892,0 -79.51381000000001,34.218582,0 -79.5131931,34.2197987,0 -79.5096356,34.2266571,0 -79.5094131,34.2270976,0 -79.509062,34.227787,0 -79.508897,34.228085,0 -79.50876100000001,34.2283519,0 -79.5085498,34.2287752,0 -79.5063047,34.233075,0 -79.50503,34.235572,0 -79.5047694,34.2360601000001,0 -79.5046169,34.2363165000001,0 -79.5030983,34.2391764,0 -79.5019932,34.2413051,0 -79.5017035,34.2419259,0 -79.4999333,34.2454026,0 -79.499776,34.245671,0 -79.4996436,34.2459613,0 -79.49945049999999,34.2463693,0 -79.49908569999999,34.2470256,0 -79.4977339,34.249624,0 -79.49743340000001,34.2501473,0 -79.49697500000001,34.2510876,0 -79.496407,34.252153,0 -79.49625330000001,34.2524175,0 -79.495085,34.2546039999999,0 -79.4917792,34.2590486,0 -79.489441,34.262109,0 -79.4840444,34.2692749,0 -79.4835921,34.2698749,0 -79.4829625,34.2706908,0 -79.48230169999999,34.2715712,0 -79.47959729999999,34.2751305,0 -79.4768179,34.2788233,0 -79.475666,34.280213,0 -79.47492099999999,34.281205,0 -79.4741497,34.282305,0 -79.4736777,34.28294,0 -79.4730064,34.283828,0 -79.4726835,34.2842444,0 -79.472354,34.284702,0 -79.4714805,34.285853,0 -79.4706595,34.2869267,0 -79.46972030000001,34.2881994000001,0 -79.468845,34.2893469,0 -79.4684268,34.2898788,0 -79.4675088,34.2911038,0 -79.4668997,34.2918494,0 -79.466775,34.292002,0 -79.46655199999999,34.292298,0 -79.46643,34.292455,0 -79.46631499999999,34.292615,0 -79.466071,34.292935,0 -79.465941,34.293099,0 -79.46569700000001,34.293435,0 -79.465048,34.29429,0 -79.464911,34.294465,0 -79.46437,34.295182,0 -79.463683,34.296083,0 -79.463553,34.296258,0 -79.4631141,34.2968721,0 -79.462626,34.2974867,0 -79.46243459999999,34.2977232,0 -79.4620259,34.2982605,0 -79.4618505,34.2984979,0 -79.46110419999999,34.2994755,0 -79.4606434,34.3000686,0 -79.46041649999999,34.3003762,0 -79.4598922,34.3010764,0 -79.4596885,34.3013477000001,0 -79.45943149999999,34.3016836,0 -79.4592341,34.3019393,0 -79.458861,34.30243,0 -79.45856910000001,34.3028204,0 -79.4581723,34.3033408,0 -79.4577879,34.303836,0 -79.4576136,34.3040742,0 -79.45605190000001,34.306146,0 -79.45538999999999,34.306973,0 -79.455016,34.307515,0 -79.454886,34.307691,0 -79.454635,34.308045,0 -79.454505,34.308217,0 -79.454368,34.308385,0 -79.454238,34.308553,0 -79.4541,34.308717,0 -79.45381,34.309041,0 -79.45365,34.309197,0 -79.453497,34.309358,0 -79.45332999999999,34.309514,0 -79.45300899999999,34.309838,0 -79.452842,34.309999,0 -79.45234600000001,34.310494,0 -79.451819,34.310998,0 -79.451476,34.311345,0 -79.450988,34.31183,0 -79.45081999999999,34.31199,0 -79.450346,34.312482,0 -79.44965999999999,34.313138,0 -79.449324,34.313474,0 -79.448981,34.313809,0 -79.448829,34.313989,0 -79.44862999999999,34.314149,0 -79.44847,34.314313,0 -79.44796599999999,34.3148010000001,0 -79.447287,34.315473,0 -79.447112,34.315641,0 -79.446608,34.316144,0 -79.446465,34.316277,0 -79.446416,34.3163239999999,0 -79.445426,34.317311,0 -79.44508999999999,34.317655,0 -79.444779,34.3179814,0 -79.4443189,34.3184465,0 -79.4441389,34.3186273,0 -79.4424829,34.320255,0 -79.4416999,34.3210287,0 -79.4407709,34.3219325,0 -79.4406109,34.3220845,0 -79.4395277,34.3232411,0 -79.4392311,34.3235013999999,0 -79.4390298,34.3237058,0 -79.4386935,34.324026,0 -79.4378311,34.324875,0 -79.4373221,34.325391,0 -79.43690460000001,34.3258032,0 -79.4365677,34.3261002,0 -79.43636530000001,34.3262526,0 -79.4361997,34.3263419,0 -79.4360087,34.3264362,0 -79.4358089,34.32651,0 -79.4354754,34.326598,0 -79.4346571,34.3267705,0 -79.4331203,34.3270868,0 -79.43415714674705,34.33046229751462,0 -79.43437468101546,34.33116836986843,0 
				
					-79.43437849999999,34.3312505,0 -79.4343878,34.3314794,0 -79.43435650000001,34.3319511999999,0 -79.43433039999999,34.3322861,0 -79.43428280000001,34.3326283,0 -79.4342587,34.3328312000001,0 -79.43422099999999,34.3330151,0 -79.434144,34.3332401,0 -79.4340519,34.3334384,0 -79.4339188,34.3336997,0 -79.4337749,34.3339543,0 -79.43359599999999,34.3342287,0 -79.4328599,34.3351818,0 -79.4322621,34.3359719,0 -79.4320439,34.3362472,0 -79.4313736,34.3371453,0 -79.4306966,34.3380344999999,0 -79.43003,34.33891,0 -79.4293919,34.3397678,0 -79.428642,34.3407534,0 -79.428023,34.341561,0 -79.4268309,34.3431059,0 -79.42665100000001,34.3433752,0 -79.4235722,34.3474293,0 -79.4230151,34.3481638,0 -79.42221859999999,34.349218,0 -79.4216107,34.3500003,0 -79.42041829999999,34.3516262,0 -79.42017800000001,34.3519589,0 -79.4200494,34.352122,0 -79.41767,34.355268,0 -79.41703699999999,34.356095,0 -79.416495,34.356759,0 -79.41487909999999,34.3587447,0 -79.41330600000001,34.360688,0 -79.41236000000001,34.361825,0 -79.412108,34.3621490000001,0 -79.41169600000001,34.362626,0 -79.41154400000001,34.362771,0 -79.41139099999999,34.362909,0 -79.41104,34.36316,0 -79.408523,34.364732,0 -79.408089,34.36501,0 -79.4076539,34.3652869,0 -79.407107,34.365635,0 -79.406947,34.36574,0 -79.406791,34.3658379999999,0 -79.406665,34.365917,0 -79.40454699999999,34.36728,0 -79.39841680000001,34.3711528,0 -79.39646279999999,34.3724216,0 -79.3956877,34.3730022,0 -79.3954792,34.3731958,0 -79.3953425,34.3733517000001,0 -79.39510799999999,34.3736258,0 -79.39477580000001,34.3741151,0 -79.394452,34.3747099,0 -79.3943756,34.3748591,0 -79.39379,34.375806,0 -79.3930823,34.3771847,0 -79.3912337,34.380639,0 -79.3910501,34.3809047,0 -79.3909225,34.3811337,0 -79.3908402,34.3813197,0 -79.3899102,34.3829867,0 -79.38865869999999,34.3851968999999,0 -79.3873991,34.3874855,0 -79.385936,34.3901189,0 -79.3856869,34.3905725,0 -79.3853745,34.3911794,0 -79.3849719,34.3919146,0 -79.3848047,34.392213,0 -79.382087,34.397104,0 -79.3816137,34.3980202,0 -79.378339,34.4039205,0 -79.3779392,34.4046604,0 -79.37757910000001,34.4053385,0 -79.3772831,34.405918,0 -79.37716159999999,34.4061696,0 -79.3768142,34.4068529,0 -79.376516,34.4075328,0 -79.375728,34.4092082,0 -79.37553870000001,34.4095955,0 -79.3752953,34.4101241,0 -79.374776,34.4112495,0 -79.3742807,34.4122253,0 -79.37399430000001,34.4126924,0 -79.3738408,34.4129364,0 -79.3737232,34.4131325,0 -79.373531,34.413414,0 -79.37309190000001,34.4140073,0 -79.372455,34.4148435,0 -79.3718006,34.415715,0 -79.37110749999999,34.4166004,0 -79.3707471,34.4170656,0 -79.3704061,34.4175057,0 -79.3697884,34.4183729,0 -79.3696719,34.4185279,0 -79.3695226,34.4187267,0 -79.3694009,34.4188885,0 -79.36926939999999,34.4190636,0 -79.3691408,34.4192347,0 -79.3684772,34.4200884,0 -79.36782770000001,34.420953,0 -79.3671866,34.4218244999999,0 -79.3665656,34.422698,0 -79.3652053,34.4243878,0 -79.364028,34.4259572,0 -79.36375030000001,34.4263165,0 -79.362382,34.4281088,0 -79.36215559999999,34.428414,0 -79.36179060000001,34.4289036,0 -79.36162760000001,34.4291091,0 -79.361352,34.4294454,0 -79.360823,34.4301718,0 -79.3605432,34.4305529,0 -79.36035,34.4307752,0 -79.359836,34.4314531,0 -79.3594617,34.4319621,0 -79.35880969999999,34.4328148,0 -79.35857230000001,34.4331396,0 -79.3581106,34.4337431,0 -79.35795899999999,34.4339482,0 -79.35754059999999,34.4344957,0 -79.3571513,34.4350052,0 -79.3568633,34.4353794,0 -79.3565421,34.4357781,0 -79.3564116,34.4359276000001,0 -79.3559747,34.4363851,0 -79.35569940000001,34.4366432,0 -79.35548230000001,34.4368026,0 -79.3552406,34.4370138999999,0 -79.3531644,34.4386813,0 -79.35070930000001,34.4406623,0 -79.34965269999999,34.4414966,0 -79.34893599999999,34.4420784,0 -79.3480447,34.4427872,0 -79.3461977,34.4442483,0 -79.3456987,34.4446475,0 -79.34527199999999,34.4450011,0 -79.3444217,34.4456892,0 -79.34409890000001,34.4460012,0 -79.3436439,34.4465063,0 -79.3433751,34.4467654,0 -79.34204750000001,34.4481517,0 -79.3418392,34.4483661,0 -79.34168990000001,34.4485139,0 -79.3412805,34.4489522,0 -79.3409145,34.4493341,0 -79.34017110000001,34.4501636,0 -79.3396619,34.4508309,0 -79.3393073,34.4514194,0 -79.3388654,34.4521879,0 -79.3387863,34.4523307,0 -79.33833490000001,34.4532191,0 -79.3377959,34.4543510999999,0 -79.3367169,34.4564597,0 -79.3363793,34.4571084,0 -79.33606399999999,34.4577652,0 -79.3359189,34.4580674,0 -79.33492,34.460034,0 -79.334731,34.460393,0 -79.334547,34.460779,0 -79.3343825,34.4611533,0 -79.3343395,34.4612473,0 -79.33402580000001,34.4618716,0 -79.3338519,34.4622279,0 -79.33357100000001,34.46272,0 -79.33347999999999,34.462915,0 -79.332983,34.463914,0 -79.332885,34.464116,0 -79.332778,34.464318,0 -79.33228099999999,34.465322,0 -79.33217399999999,34.465524,0 -79.33187700000001,34.466134,0 -79.33177000000001,34.46634,0 -79.33157199999999,34.466752,0 -79.33135799999999,34.467168,0 -79.331259,34.467374,0 -79.331046,34.46779,0 -79.33094699999999,34.468,0 -79.330733,34.468416,0 -79.330428,34.469037,0 -79.33027060000001,34.469401,0 -79.3298381,34.470274,0 -79.3294807,34.4709912,0 -79.32888939999999,34.4721771,0 -79.3281264,34.4737311,0 -79.3278365,34.4742913,0 -79.327147,34.475663,0 -79.3258915,34.4782092,0 -79.3258259,34.4783763,0 -79.3251236,34.4797924,0 -79.3238999,34.4822675,0 -79.32329300000001,34.4834918,0 -79.32281999999999,34.4844218,0 -79.3223771,34.4853455000001,0 -79.3218632,34.4863636,0 -79.3215383,34.4869456,0 -79.3212712,34.4873473,0 -79.32105679999999,34.4876469,0 -79.3207764,34.4879875,0 -79.3204909,34.4883062,0 -79.3202945,34.4884988,0 -79.3198615,34.4888984,0 -79.3193765,34.4893294,0 -79.31901089999999,34.4896532,0 -79.318521,34.49009,0 -79.31828470000001,34.4902984,0 -79.3175643,34.4909335,0 -79.31695209999999,34.4914724,0 -79.3163644,34.4919896,0 -79.31601209999999,34.4922997,0 -79.31478490000001,34.4933573,0 -79.3136755,34.494343,0 -79.3128863,34.4950354,0 -79.312112,34.4957352,0 -79.3120172,34.4958209,0 -79.3116296,34.496172,0 -79.311398,34.4963818,0 -79.31083409999999,34.4969347,0 -79.3102861,34.4974257,0 -79.3098571,34.4978102,0 -79.30978,34.4979349,0 -79.3097224,34.4980063,0 -79.3093229,34.498361,0 -79.30911260000001,34.4985519,0 -79.3089542,34.4987017,0 -79.30879710000001,34.4988652,0 -79.3086337,34.4990478,0 -79.3085179,34.4991851,0 -79.30847199999999,34.4992436,0 -79.3083948,34.499342,0 -79.3083196,34.4994442,0 -79.3082527,34.499535,0 -79.3082029,34.49961,0 -79.30813000000001,34.4997199,0 -79.3080413,34.4998727,0 -79.3079128,34.500121,0 -79.30781709999999,34.5003407,0 -79.3076878,34.5006957,0 -79.30745921987776,34.50115940053129,0 
				
					-79.3074294,34.5012315,0 -79.3073899,34.5015203,0 -79.30736709999999,34.5017476,0 -79.3073543,34.5019694,0 -79.307354,34.5021235,0 -79.3072956,34.5034706,0 -79.3072676,34.5037722,0 -79.307225,34.5041466,0 -79.3071831,34.5044184,0 -79.3071609,34.5045619,0 -79.3071972,34.5047254,0 -79.3071568,34.5049722,0 -79.3070991,34.5052393999999,0 -79.3070311,34.5054988,0 -79.3069375,34.5058675,0 -79.306845,34.5061829,0 -79.3067369,34.5065203,0 -79.3066738,34.5067156,0 -79.3065703,34.5070016,0 -79.3064619,34.5072916,0 -79.30614199999999,34.5080715,0 -79.30579210000001,34.5087641,0 -79.3056285,34.5090620999999,0 -79.30525040000001,34.5097254,0 -79.3049821,34.5101908,0 -79.30454400000001,34.5109827,0 -79.30439939999999,34.5112514,0 -79.3042791,34.5114926000001,0 -79.3041659,34.5117421,0 -79.3039886,34.5122422,0 -79.3032267,34.5146462,0 -79.30316759999999,34.5149848,0 -79.3031569,34.5153826,0 -79.3032147,34.5159472,0 -79.30333400000001,34.5169596,0 -79.3033408,34.5175384,0 -79.3032231,34.5181062,0 -79.3026457,34.5191124,0 -79.30170990000001,34.5205312,0 -79.29968,34.5236385,0 -79.29849179999999,34.5254787,0 -79.2970572,34.5277291,0 -79.2963716,34.5287691,0 -79.295911,34.5294761,0 -79.29535199999999,34.530359,0 -79.2945155,34.5316266,0 -79.2943114,34.5319575,0 -79.29405869999999,34.5323441999999,0 -79.2938001,34.5327422,0 -79.2937179,34.5328658,0 -79.2931054,34.5337905,0 -79.29249830000001,34.5347235,0 -79.2919031,34.5356574,0 -79.29129949999999,34.5366049,0 -79.2910292,34.5370164,0 -79.2906711,34.5375615,0 -79.29056129999999,34.5377316,0 -79.2904226,34.5379463,0 -79.29007369999999,34.5384867,0 -79.289553,34.539303,0 -79.28951189999999,34.539366,0 -79.2894872,34.5394039,0 -79.2892513,34.5397658,0 -79.2891941,34.5398535,0 -79.2891202,34.5399669,0 -79.2890606,34.5400583,0 -79.2885335,34.5408668,0 -79.2882675,34.5412747,0 -79.28811930000001,34.541502,0 -79.2880001,34.5416848,0 -79.28713279999999,34.543015,0 -79.2862434,34.5443865,0 -79.28595900000001,34.5448375,0 -79.2854639,34.545598,0 -79.28532250000001,34.5458105,0 -79.2846598,34.5465715,0 -79.28398780000001,34.5470866,0 -79.28287400000001,34.5476518,0 -79.2794433,34.5491732,0 -79.2715717,34.5527104,0 -79.2672156,34.5546357,0 -79.26639710000001,34.5549965,0 -79.2649819,34.5556203,0 -79.2628594,34.5565369,0 -79.2595508,34.5580445,0 -79.2539318,34.5605092,0 -79.2527432,34.5611364,0 -79.2512031,34.5617484,0 -79.25088839999999,34.5618875,0 -79.24698979999999,34.5636112,0 -79.24631410000001,34.5639096,0 -79.2460231,34.5640448,0 -79.2455394,34.564258,0 -79.243672,34.565164,0 -79.23756059999999,34.56861,0 -79.2332737,34.5709826,0 -79.2322679,34.5715379,0 -79.2314417,34.5719941,0 -79.23069340000001,34.5723784,0 -79.23036620000001,34.5724932,0 -79.23009260000001,34.5725573,0 -79.2296983,34.5726103,0 -79.22924500000001,34.5726346,0 -79.2286871,34.5726103,0 -79.2273452,34.5724478,0 -79.2241904,34.5720659,0 -79.2190835,34.5714408,0 -79.2164415,34.5711228,0 -79.2106941,34.5704219,0 -79.2101313,34.5703533000001,0 -79.20698400000001,34.5699723,0 -79.2060077,34.5698575000001,0 -79.2054941,34.5698321,0 -79.2052138,34.5698332,0 -79.2047202,34.5698619,0 -79.2043125,34.5699304,0 -79.20401750000001,34.5699845,0 -79.20355720000001,34.570117,0 -79.2029618,34.5703422,0 -79.2023502,34.570647,0 -79.1980925,34.5726682,0 -79.1977445,34.5728283,0 -79.19661499999999,34.5733561,0 -79.1955287,34.5738741,0 -79.1947545,34.5742305,0 -79.1947268,34.5742435,0 -79.1944629,34.5743675,0 -79.19422609999999,34.5744788,0 -79.1937642,34.5746958,0 -79.193714,34.5747191,0 -79.1934765,34.5748291,0 -79.1933355,34.5748944,0 -79.1933227,34.5749004,0 -79.1931319,34.5749896,0 -79.1929006,34.5750976,0 -79.1923061,34.575375,0 -79.1919197,34.575559,0 -79.19183870000001,34.5755968,0 -79.19168000000001,34.5756713,0 -79.19146499999999,34.5757724,0 -79.1909795,34.5759971,0 -79.1908881,34.5760404,0 -79.1908442,34.5760612,0 -79.190561,34.5761953,0 -79.19048739999999,34.5762302,0 -79.1901874,34.5763723,0 -79.1898916,34.5765124,0 -79.1897505,34.5765796,0 -79.189604,34.5766494,0 -79.1891861,34.5768437,0 -79.1890952,34.576886,0 -79.18885640000001,34.576997,0 -79.1885589,34.5771354,0 -79.18836210000001,34.5772269,0 -79.188126,34.5773367,0 -79.1879248,34.5774302,0 -79.1878394,34.5774699,0 -79.1876413,34.577562,0 -79.1873312,34.5777062,0 -79.1872084,34.5777633,0 -79.1871438,34.5777934,0 -79.1866112,34.578041,0 -79.18617740000001,34.5782404,0 -79.1861578,34.5782494,0 -79.1857132,34.5784612,0 -79.1853121,34.5786556,0 -79.18524859999999,34.578683,0 -79.18491830000001,34.5788252,0 -79.184692,34.57893,0 -79.1841223,34.579106,0 -79.183835,34.5791707,0 -79.18350479999999,34.5792247,0 -79.1831427,34.5792646,0 -79.1827924,34.5792947,0 -79.18141780000001,34.5794044,0 -79.1786927,34.5796161000001,0 -79.17459049999999,34.5799371,0 -79.1743872,34.5799535,0 -79.17289359999999,34.5800738,0 -79.1722695,34.5801211,0 -79.17037929999999,34.5802708,0 -79.1685105,34.5804179,0 -79.16683860000001,34.580547,0 -79.1584318,34.5812121,0 -79.1577966,34.5812555,0 -79.1566479,34.5813526,0 -79.1564154,34.580868,0 -79.15599760000001,34.5800567,0 -79.1556303,34.5794936,0 -79.1554203,34.5792588,0 -79.1551601,34.5790286,0 -79.1546481,34.5786547,0 -79.1540322,34.578235,0 -79.15288649999999,34.5774403,0 -79.1519351,34.5777934,0 -79.1509738,34.5779559,0 -79.1500983,34.5780972,0 -79.1494632,34.578281,0 -79.1487765,34.5785424,0 -79.1475406,34.5791007,0 -79.14642480000001,34.5797721,0 -79.1442962,34.5808745,0 -79.14120629999999,34.5823302,0 -79.1405891,34.582566,0 -79.1383395,34.5834255,0 -79.135859,34.5842947,0 -79.1332841,34.5850154,0 -79.1298165,34.5858705,0 -79.1258855,34.5868385,0 -79.1242949,34.5872554999999,0 -79.1231904,34.5875451,0 -79.1203065,34.5885061,0 -79.11853840000001,34.5892339,0 -79.1163239,34.5902514,0 -79.1148142,34.591107,0 -79.1137095,34.5917603,0 -79.11194690000001,34.5929379,0 -79.1114029,34.5933301,0 -79.1107195,34.5938616,0 -79.1102092,34.5942601,0 -79.10965590000001,34.5947226,0 -79.1087339,34.5955115,0 -79.1078782,34.5963844,0 -79.1063161,34.5979598999999,0 -79.1037841,34.6006305,0 -79.1025375,34.6020081,0 -79.1019731,34.602538,0 -79.1011147,34.6033081,0 -79.1001302,34.6039742,0 -79.0996732,34.6042505,0 -79.09902049999999,34.604608,0 -79.09845989999999,34.6048737,0 -79.0981979,34.6049876,0 -79.0979203,34.6051023,0 -79.09742439999999,34.6052879,0 -79.0967953,34.6055075,0 -79.0961022,34.6057525,0 -79.08963060000001,34.6079495,0 -79.0855794,34.6092988,0 -79.08115909999999,34.6108176,0 -79.0742669,34.6131205,0 -79.0732455,34.6135655,0 -79.0703874,34.6149924,0 -79.066997,34.6167159,0 -79.0655465,34.6176342,0 -79.06379560000001,34.6189551,0 -79.06308319999999,34.6194989,0 -79.06204459999999,34.6202477,0 -79.06072279999999,34.6209257,0 -79.05917789999999,34.6215755,0 -79.05657720000001,34.6221689,0 -79.0528865,34.6230023000001,0 -79.0515819,34.6232636,0 -79.05051760000001,34.623525,0 -79.04808850000001,34.6242313,0 -79.0473418,34.6244643,0 -79.04424330000001,34.6256439,0 -79.0415912,34.626894,0 -79.0403123,34.6274872,0 -79.03953509999999,34.6278194,0 -79.0378269,34.6285945,0 -79.03662129999999,34.6291514,0 -79.033203,34.6307126999999,0 -79.0327308,34.6309324,0 -79.0321318,34.6312077,0 -79.03167639999999,34.6314155,0 -79.0310631,34.6316964,0 -79.030349,34.6320258,0 -79.0292384,34.6325335,0 -79.0279694,34.6331168999999,0 -79.027062,34.6335233,0 -79.0249731,34.6345084,0 -79.02362650000001,34.6352047,0 -79.0227634,34.6357134,0 -79.02160120000001,34.6364281,0 -79.0188546,34.6386244,0 -79.01788620000001,34.63968,0 -79.0172551,34.6403812,0 -79.0161636,34.641726,0 -79.0155267,34.6426788,0 -79.0149954,34.6435762,0 -79.0146459,34.6441649,0 -79.0145113,34.6444289,0 -79.0142219,34.6450248,0 -79.0138606,34.6458455,0 -79.01350069999999,34.6468172,0 -79.01339520000001,34.647135,0 -79.0126499,34.6494748,0 -79.0121058,34.6511601,0 -79.01190389999999,34.6518055,0 -79.01172680000001,34.6523498,0 -79.0107725,34.6553325,0 -79.0102737,34.6569164,0 -79.0101579,34.6572736,0 -79.0098471,34.6582419,0 -79.00950640000001,34.6593142,0 -79.00934479999999,34.6598122,0 -79.0091851,34.6603129,0 -79.0090972,34.6605932,0 -79.0086591,34.6619575,0 -79.0082359,34.6632264,0 -79.0075128,34.6656238,0 -79.00708299999999,34.6669411000001,0 -79.0068818,34.6675449,0 -79.00690609999999,34.6677286,0 -79.0068593,34.6679658,0 -79.0068232,34.668203,0 -79.0068115,34.6683834,0 -79.0068105,34.6685696,0 -79.0068382,34.6688517,0 -79.00690040000001,34.6692125,0 -79.00703710000001,34.6699409,0 -79.0070783,34.6700383,0 -79.0070904,34.6701071,0 -79.00709929999999,34.6701856,0 -79.0071047,34.6702891,0 -79.00711130000001,34.6705245,0 -79.0071109,34.6706372,0 -79.0071202,34.6707594,0 -79.0071702,34.6710323,0 -79.0072675,34.6713172,0 -79.0073178,34.6714319,0 -79.00735210000001,34.6715964999999,0 -79.0082932,34.6728368,0 -79.00835189999999,34.6729181,0 -79.0087274,34.6734453,0 -79.00942209999999,34.6744206,0 -79.00946329999999,34.6745594,0 -79.00965429999999,34.6748267,0 -79.0097234,34.6749233,0 -79.01031949999999,34.675739,0 -79.0105073,34.6759768,0 -79.0115361,34.6773574,0 -79.0118432,34.6777603,0 -79.0121085,34.6780793,0 -79.01253130000001,34.6786352,0 -79.0129197,34.679206,0 -79.0132945,34.679851,0 -79.013643,34.680656,0 -79.0146687,34.6831546,0 -79.0152336,34.6845648,0 -79.0157861,34.685949,0 -79.01590640000001,34.6864536,0 -79.0159472,34.6868419,0 -79.0159764,34.6873021,0 -79.0159513,34.6878666,0 -79.0158548,34.6883164,0 -79.0157293,34.6887828,0 -79.0148994,34.6910389,0 -79.01439670000001,34.6924055,0 -79.01422239999999,34.6928956,0 -79.01400460000001,34.6935035,0 -79.0137945,34.6940823,0 -79.01357489999999,34.6946879,0 -79.0134817,34.6949459,0 -79.0133245,34.6953699,0 -79.01316749999999,34.6958118,0 -79.01297529999999,34.6963367,0 -79.0129147,34.6964913,0 -79.0128646,34.6966394,0 -79.0127531,34.6969567,0 -79.0125049,34.697645,0 -79.0122133,34.6984528,0 -79.0118063,34.699575,0 -79.0112549,34.7011017,0 -79.0105822,34.7029651,0 -79.0103371,34.7036306,0 -79.0101403,34.7041398,0 -79.01005790000001,34.7043336,0 -79.0099221,34.7045542,0 -79.00979409999999,34.7047557,0 -79.0096882,34.7048975,0 -79.00946519999999,34.7051895,0 -79.00899320000001,34.7057721,0 -79.0083644,34.7065583,0 -79.0079861,34.7070258,0 -79.0074733,34.7076589,0 -79.0072267,34.7079675,0 -79.0066728,34.708659,0 -79.0049066,34.7108562,0 -79.0046487,34.7111822,0 -79.00416509999999,34.7117842,0 -79.0040882,34.7118741,0 -79.003396,34.7126834,0 -79.0027809,34.7135011,0 -79.0027695,34.7135154,0 -79.0026041,34.7137233,0 -79.002314,34.7140812,0 -79.00230380000001,34.714094,0 -79.0017047,34.7148409,0 -79.00168549999999,34.714865,0 -79.00073810000001,34.7160509,0 -79.0006918,34.7161079,0 -79.0002726,34.716623,0 -78.9998089,34.7171861,0 -78.9996239,34.7174002,0 -78.9992483,34.7178422,0 -78.9990517,34.7180832,0 -78.99900820000001,34.7181365000001,0 -78.998991,34.7181563,0 -78.99893400000001,34.7182219,0 -78.99834749999999,34.718906,0 -78.9977791,34.7195777,0 -78.9970725,34.7203853,0 -78.9958548,34.7218299,0 -78.9955597,34.722184,0 -78.9940642,34.7239086,0 -78.9931654,34.7249452,0 -78.9904939,34.7278727,0 -78.9899897,34.7286046,0 -78.98984609999999,34.728905,0 -78.9897223,34.7292014,0 -78.989608,34.7295355,0 -78.9895416,34.7298675,0 -78.9894843,34.73014,0 -78.9894654,34.73023,0 -78.98897289999999,34.733696,0 -78.9889306,34.7341137,0 -78.9887002,34.7363848,0 -78.9885998,34.7375084,0 -78.98858509999999,34.7376735,0 -78.9881599,34.741942,0 -78.9880513,34.7430015,0 -78.98801349999999,34.7433627,0 -78.98801039999999,34.7433917,0 -78.987336,34.748762,0 -78.9872974,34.7502023,0 -78.9872542,34.7505243999999,0 -78.986715,34.75581,0 -78.9865458,34.7572965,0 -78.9865049,34.7576563,0 -78.9864577,34.7580707,0 -78.986052,34.761635,0 -78.9857476,34.7655128,0 -78.98569310000001,34.7658794,0 -78.9856671,34.7661286,0 -78.9854682,34.7680594,0 -78.985381,34.7689932,0 -78.98536300000001,34.7691854,0 -78.9851847,34.7708704999999,0 -78.9849586,34.7730074,0 -78.98454769999999,34.7768844,0 -78.98440290000001,34.7781837,0 -78.9842026,34.7803873,0 -78.98399879999999,34.7823081,0 -78.9835394,34.786815,0 -78.9834816,34.7873822000001,0 -78.9830056,34.7919574,0 -78.9829857,34.7921661,0 -78.9828083,34.7937027,0 -78.98258250000001,34.7943845,0 -78.981476,34.7963147,0 -78.9804232,34.7981184,0 -78.980226,34.7984547,0 -78.9795122,34.7996583,0 -78.9785143,34.8013409,0 -78.9781689,34.8019664,0 -78.97791239999999,34.802421,0 -78.9778077,34.8026065,0 -78.977155,34.8037358000001,0 -78.977143,34.8037566,0 -78.97696190000001,34.80407,0 -78.97665499999999,34.8046692,0 -78.9765393,34.8049406,0 -78.9764788,34.8051584,0 -78.9763722,34.8056899,0 -78.9763485,34.805808,0 -78.976288,34.8061901,0 -78.976192,34.8067297,0 -78.9761018,34.8072371,0 -78.97589019999999,34.808286,0 -78.9756412,34.8096759,0 -78.975432,34.810645,0 -78.97508259999999,34.8123917,0 -78.97493369999999,34.8132132,0 -78.9746416,34.8148918,0 -78.974591,34.815438,0 -78.97463999999999,34.816044,0 -78.97472500000001,34.816476,0 -78.9749516,34.8174547,0 -78.9751026,34.818124,0 -78.9751728,34.8184434,0 -78.97548140000001,34.8198464,0 -78.9758392,34.8214843,0 -78.9760304,34.822418,0 -78.9765393,34.8247536,0 -78.97788319999999,34.8307638,0 -78.9779437,34.8310342,0 -78.9780569,34.8315404,0 -78.97822429999999,34.832289,0 -78.9782687,34.8324876,0 -78.9783078,34.832661,0 -78.978348,34.8328392,0 -78.9784387,34.833241,0 -78.97858530000001,34.8340642,0 -78.9787391,34.83465,0 -78.9789619,34.8355322,0 -78.97938929999999,34.8374162,0 -78.9794838,34.8378462,0 -78.979696,34.8388083,0 -78.9797396,34.8390261,0 -78.97980339999999,34.8394122,0 -78.979827,34.8396751,0 -78.97985679999999,34.8400425,0 -78.97983859999999,34.8412836,0 -78.9798052,34.8425163,0 -78.97975580000001,34.8443419,0 -78.979699,34.8467296,0 -78.97958370000001,34.8515523,0 -78.97950059999999,34.8543279,0 -78.9794297,34.8563171,0 -78.979305,34.8568937,0 -78.979038,34.857507,0 -78.97601899999999,34.8628866,0 -78.9757106,34.8634639,0 -78.9755713,34.8637731,0 -78.9754336,34.8640975,0 -78.9752958,34.864478,0 -78.9751291,34.8651836,0 -78.97504960000001,34.8656792,0 -78.9750177,34.8661273,0 -78.9750109,34.8664601,0 -78.9750251,34.8667972,0 -78.9752876,34.8693762,0 -78.9755159,34.8716189,0 -78.97563529999999,34.872792,0 -78.97559560000001,34.8770972,0 -78.975576,34.8777256,0 -78.97553600000001,34.880387,0 -78.9754947,34.8828006,0 -78.975471,34.8828321,0 -78.9754612,34.8832037,0 -78.97545409999999,34.8832865,0 -78.9754338,34.8833474,0 -78.9754002,34.8833953,0 -78.97535240000001,34.8834396,0 -78.97528250000001,34.8834817,0 
				
					-78.9751821559086,34.8835271046183,0 -78.97507679920101,34.8836293164937,0 -78.97507271622371,34.8837315931691,0 -78.9751387384369,34.883837141926,0 -78.9752203880529,34.8839075456774,0 -78.97529804481481,34.8840098553495,0 -78.97539503971549,34.8842048818437,0 -78.9754452494834,34.8844704282707,0 -78.97547059999999,34.8847576,0 -78.9753561,34.8912371,0 -78.9753516,34.8920948,0 -78.9753046,34.8938913,0 -78.9752706,34.8941802,0 -78.9752335,34.8943714,0 -78.9751193,34.8946891,0 -78.9750157,34.8949128,0 -78.9748634,34.8951231,0 -78.9746734,34.895338,0 -78.9742988,34.8956855,0 -78.9722002,34.8975163,0 -78.97209049999999,34.8976202,0 -78.971948,34.8977550999999,0 -78.9717284,34.8979939,0 -78.9704613,34.8994397,0 -78.9693702,34.9006742,0 -78.96695939999999,34.9033929,0 -78.9669335,34.903464,0 -78.96623219999999,34.9042547,0 -78.9662108,34.9042875,0 -78.9661941,34.9043241,0 -78.96618290000001,34.9043614,0 -78.966168,34.904432,0 -78.9661807,34.9044697,0 -78.966182,34.9045088000001,0 -78.96617190000001,34.904547,0 -78.9661509,34.9045821,0 -78.9661203,34.9046121,0 -78.9660818,34.9046352,0 -78.9660377,34.9046501,0 -78.9659905,34.9046558,0 -78.9659188,34.904687,0 -78.9658787,34.9047043999999,0 -78.9658395,34.9047235,0 -78.9658053,34.9047446,0 -78.9657764,34.9047687,0 -78.9657315,34.9048193,0 -78.9656919,34.9048745,0 -78.96565889999999,34.9049274,0 -78.96560220000001,34.905029,0 -78.96555170000001,34.9051061,0 -78.96549659999999,34.9051787,0 -78.96543749999999,34.9052482,0 -78.9653754,34.9053074,0 -78.9653024,34.9053724,0 -78.9652317,34.905431,0 -78.96514860000001,34.9054985,0 -78.9650907,34.9055484,0 -78.9649776,34.9056275999999,0 -78.96071379999999,34.9104354,0 -78.96048020000001,34.9106987,0 -78.949235,34.923403,0 -78.94501339999999,34.9281251,0 -78.94482189999999,34.9283351000001,0 -78.9418235,34.9317249,0 -78.9409034,34.9327582,0 -78.94027389999999,34.9334651,0 -78.9398138,34.934,0 -78.9395949,34.9342525,0 -78.93932770000001,34.9345517,0 -78.9388592,34.9350794,0 -78.9384402,34.9355617,0 -78.93796140000001,34.9361014,0 -78.9374447,34.9367033,0 -78.9370097,34.9371831,0 -78.9366725,34.9375684,0 -78.936346,34.9378628,0 -78.93561149999999,34.9387147,0 -78.9355185,34.9388225,0 -78.93387199999999,34.94072,0 -78.933739,34.940871,0 -78.93309000000001,34.941847,0 -78.932444,34.9428649999999,0 -78.9320132,34.9434849,0 -78.9311125,34.9448755,0 -78.930497,34.9457807,0 -78.9288224,34.9482886000001,0 -78.92708450000001,34.9508769,0 -78.9263497,34.9519713,0 -78.925803,34.9528077,0 -78.9249896,34.9540508,0 -78.9244844,34.9548363,0 -78.9244156,34.9549432,0 -78.92426,34.95517,0 -78.92403659999999,34.955508,0 -78.92371540000001,34.9559938,0 -78.9235564,34.9562085,0 -78.92343080000001,34.956371,0 -78.9233053,34.9565218,0 -78.9225306,34.9573695,0 -78.92131259999999,34.9586301,0 -78.9203363,34.9596403,0 -78.9202336,34.9597465,0 -78.92004489999999,34.959937,0 -78.91975739999999,34.9602272,0 -78.9189628,34.9610293,0 -78.9188454,34.9611478,0 -78.918441,34.9615908,0 -78.9182818,34.9617727,0 -78.91806440000001,34.9620328,0 -78.9178477,34.962328,0 -78.91767160000001,34.9625971,0 -78.9175508,34.962789,0 -78.91746500000001,34.9629163,0 -78.9174091,34.9630001,0 -78.9169844,34.9638344,0 -78.91678690000001,34.9642665,0 -78.91639259999999,34.9650509,0 -78.91612550000001,34.9655915,0 -78.91589980000001,34.9660588,0 -78.91533800000001,34.967165,0 -78.9147177,34.9683167,0 -78.9143301,34.9689793,0 -78.91414829999999,34.9693456,0 -78.91408,34.9694694,0 -78.9139924,34.9696115,0 -78.9130188,34.9711913,0 -78.9120952,34.9727243,0 -78.9112731,34.9740901,0 -78.9106926,34.9750519,0 -78.9106065,34.9751961,0 -78.910259,34.9757833,0 -78.90983300000001,34.9765032,0 -78.909745,34.976652,0 -78.908902,34.9781825,0 -78.9079977,34.979774,0 -78.9078652,34.9800151,0 -78.9070823,34.9814512,0 -78.90699909999999,34.9816114,0 -78.9066789,34.9821973,0 -78.9064036,34.9827011,0 -78.9057487,34.9839254,0 -78.9057226,34.9839743,0 -78.9050773,34.9851852,0 -78.9046235,34.9860367,0 -78.904493,34.9862556,0 -78.9043302,34.9865722,0 -78.904312,34.9866111,0 -78.9042436,34.9867677,0 -78.9041366,34.9870767,0 -78.904089,34.9872238,0 -78.904059,34.9873831,0 -78.90403619999999,34.9875043,0 -78.9040119,34.9877829,0 -78.90399650000001,34.9880153,0 -78.90400339999999,34.9881711,0 -78.9040067,34.9882467,0 -78.90399770000001,34.9893113,0 -78.9039902,34.9898746,0 -78.903987,34.9900562,0 -78.9039732,34.9902219,0 -78.9039348,34.9904362,0 -78.90389140000001,34.9907333,0 -78.9038281,34.9909579,0 -78.90374300000001,34.9911929,0 -78.9036191,34.9914741,0 -78.9035011,34.9917102,0 -78.9032924,34.9920618,0 -78.902686,34.9930784,0 -78.9026238,34.9931774,0 -78.9023626,34.9935883,0 -78.9022406,34.9938166,0 -78.90207150000001,34.9941332,0 -78.90197980000001,34.9943088,0 -78.9018263,34.9946027,0 -78.90159629999999,34.9950812,0 -78.90134860000001,34.9956838,0 -78.90116020000001,34.9961415,0 -78.90100289999999,34.996555,0 -78.89960689999999,35.0003166,0 -78.8995504,35.0004651,0 -78.89949900000001,35.0006417000001,0 -78.89944060000001,35.0009291,0 -78.89941450000001,35.0012165,0 -78.89938859999999,35.0014859,0 -78.89937279999999,35.0021151,0 -78.89926800000001,35.0040146,0 -78.8991984,35.0052274,0 -78.89917130000001,35.0056668,0 -78.8991432,35.0059438,0 -78.8990902,35.0062207,0 -78.8990167,35.0064384,0 -78.8989286,35.0066685,0 -78.8987454,35.0070676,0 -78.8986901,35.0071891,0 -78.8986366,35.0072995,0 -78.8985436,35.0074934,0 -78.8983581,35.0078714,0 -78.8982566,35.008076,0 -78.89811829999999,35.0083613,0 -78.8980285,35.0085477,0 -78.89789639999999,35.0088276,0 -78.89778,35.0091016,0 -78.8977055,35.0093086,0 -78.89764719999999,35.0095251,0 -78.8976048,35.0097372,0 -78.8975734,35.0100007,0 -78.89743230000001,35.0113407,0 -78.8973991,35.0116258,0 -78.89730489999999,35.0124359,0 -78.8972986,35.0124904999999,0 -78.89723050000001,35.0131299,0 -78.89700980000001,35.0152403,0 -78.8969871,35.0154751000001,0 -78.89686620000001,35.0161054,0 -78.8967655,35.0166303,0 -78.896463,35.0176323,0 -78.8962058,35.0184214,0 -78.89612270000001,35.0186657,0 -78.8960804,35.018797,0 -78.8960235,35.0189732,0 -78.8959819,35.0191022,0 -78.8959637,35.0191585,0 -78.89591230000001,35.0193094,0 -78.8959043,35.0193329,0 -78.89580960000001,35.0196209,0 -78.8956381,35.0201159,0 -78.89561380000001,35.0201962,0 -78.8954418,35.0206417,0 -78.8954287,35.0206755,0 -78.8953374,35.0209118,0 -78.8952846,35.0210485,0 -78.89520829999999,35.0211832,0 -78.89504839999999,35.0214327,0 -78.8949125,35.0215538,0 -78.89479059999999,35.0216647,0 -78.89465250000001,35.0217713,0 -78.8945083,35.0218875,0 -78.8943287,35.0220258,0 -78.894077,35.0221754,0 -78.8938945,35.0222839,0 -78.8936612,35.0224297,0 -78.8934404,35.022565,0 -78.8929887,35.0228481,0 -78.8928421,35.0229399,0 -78.89223440000001,35.023322,0 -78.8919331,35.0235107,0 -78.8900593,35.0246899,0 -78.8886718,35.0255575,0 -78.8885027,35.0256565,0 -78.88756619999999,35.0262512,0 -78.8869426,35.0266472,0 -78.88591049999999,35.0273027,0 -78.88509790000001,35.0278188,0 -78.88478000000001,35.0280193,0 -78.8820348,35.0297504,0 -78.87920440000001,35.0315379,0 -78.8788677,35.0317505,0 -78.87836040000001,35.0320882,0 -78.8782691,35.0321441,0 -78.8781553,35.0322153,0 -78.877545,35.0326019,0 -78.8769346,35.0329885,0 -78.8767948,35.033075,0 -78.8759304,35.0336101,0 -78.8750132,35.0341962,0 -78.8745759,35.0344405999999,0 -78.874116,35.0346915,0 -78.87382460000001,35.034846,0 -78.8733038,35.0351,0 -78.8729141,35.0352814,0 -78.8724021,35.0355024,0 -78.8721462,35.0356098,0 -78.8718985,35.0357184,0 -78.8714926,35.0358853,0 -78.8710367,35.0360723,0 -78.8703465,35.0363418,0 -78.869984,35.0364891,0 -78.86961100000001,35.0366327,0 -78.8692724,35.0367731,0 -78.8689474,35.0369179,0 -78.8688757,35.0369536,0 -78.86873869999999,35.0370218,0 -78.86838109999999,35.0372383,0 -78.8681933,35.0373688,0 -78.8679592,35.0375444,0 -78.86778,35.0377072,0 -78.86759259999999,35.0378821,0 -78.86742460000001,35.0380639,0 -78.867332,35.0381788,0 -78.8672601,35.038268,0 -78.8670884,35.0385221,0 -78.86698579999999,35.0387459,0 -78.86687879999999,35.0389479,0 -78.8667748,35.0391799,0 -78.8667217,35.0393278,0 -78.8666671,35.0394972,0 -78.8665994,35.0398192,0 -78.8665599,35.040044,0 -78.8665135,35.0403348,0 -78.86625960000001,35.042011,0 -78.8662188,35.0422438,0 -78.86607429999999,35.0429875,0 -78.86600350000001,35.0434053,0 -78.86599219999999,35.0435338,0 -78.8659834,35.0436344,0 -78.8659207,35.0440482,0 -78.86588039999999,35.0443144,0 -78.86579089999999,35.0449056,0 -78.86575620000001,35.0451345,0 -78.86570879999999,35.0454159,0 -78.86567169999999,35.0456058,0 -78.8656378,35.0457794,0 -78.8656189,35.0458762,0 -78.8655978,35.0459844,0 -78.8655796,35.0460776,0 -78.86557380000001,35.0461074,0 -78.8655193,35.0463865,0 -78.86546749999999,35.0466518,0 -78.865402,35.0469873,0 -78.8653276,35.0473679,0 -78.86521620000001,35.0479387,0 -78.8651929,35.0480768,0 -78.8651682,35.0482229,0 -78.865163,35.0482538,0 -78.86506559999999,35.0488336000001,0 -78.86497780000001,35.0493558,0 -78.8649539,35.0494981,0 -78.8649154,35.0497273,0 -78.86483509999999,35.0502405,0 -78.8647941,35.0505023,0 -78.8647531,35.0507642,0 -78.8647318,35.0509002,0 -78.8647003,35.0510875,0 -78.8646785,35.0512172,0 -78.8646703,35.0512661,0 -78.8646541,35.0513628,0 -78.86455340000001,35.0519619,0 -78.8645097,35.0522222,0 -78.8644891,35.0523445,0 -78.86448129999999,35.0523908999999,0 -78.86445999999999,35.0524912,0 -78.8644583,35.0524993,0 -78.8644297,35.0526023,0 -78.86441739999999,35.0526397,0 -78.8643962,35.0527038,0 -78.864367,35.0527801,0 -78.8643414,35.0528392,0 -78.8642826,35.0529467,0 -78.8642256,35.0530346,0 -78.8642078,35.0530589,0 -78.8641562,35.0531292,0 -78.86409039999999,35.0532119,0 -78.8640314,35.053281,0 -78.8639654,35.0533516,0 -78.86367540000001,35.0536356,0 -78.86286579999999,35.0544284,0 -78.8621601,35.0551196,0 -78.86184900000001,35.0554243,0 -78.8609058,35.0563338,0 -78.8607763,35.0564588,0 -78.86065139999999,35.0565717,0 -78.8604986,35.0567048,0 -78.86035579999999,35.0568189,0 -78.8602155,35.0569211,0 -78.8600536,35.0570371,0 -78.859855,35.0571677,0 -78.85968459999999,35.0572609,0 -78.85952330000001,35.0573537,0 -78.85943760000001,35.0573995,0 -78.859351,35.0574459,0 -78.85918030000001,35.057531,0 -78.8590033,35.0576122,0 -78.8588219,35.057691,0 -78.85865029999999,35.0577593,0 -78.85855650000001,35.0577935,0 -78.8584628,35.0578277,0 -78.85827810000001,35.0578897,0 -78.8580903,35.0579472999999,0 -78.8579012,35.058,0 -78.8577061,35.0580483000001,0 -78.8569833,35.0582116,0 -78.8568126,35.0582484,0 -78.853658,35.0589469,0 -78.85310490000001,35.0590634,0 -78.85268670000001,35.059142,0 -78.8522478,35.0592422,0 -78.85139270000001,35.0594423,0 -78.8509492,35.0595439,0 -78.8505033,35.0596423,0 -78.8475815,35.0602734,0 -78.84693799999999,35.0604201,0 -78.8424243,35.0613931,0 -78.8414916,35.0615924,0 -78.84122000000001,35.0616532,0 -78.8408682,35.0617279,0 -78.8403445,35.0618537,0 -78.8400563,35.0619267,0 -78.83941,35.0621239,0 -78.8386654,35.0623724,0 -78.8382739,35.0625151,0 -78.8378742,35.0626753,0 -78.83740539999999,35.0628723,0 -78.8367313,35.0631881,0 -78.8363757,35.0633773,0 -78.8360124,35.0635749,0 -78.83546080000001,35.0638961,0 -78.8349912,35.0641963,0 -78.834075,35.064825,0 -78.833333,35.065313,0 -78.8280298,35.0689445,0 -78.8272436,35.0694823,0 -78.8260904,35.070272,0 -78.8249836,35.0710192,0 -78.8242734,35.0714915,0 -78.8237561,35.0718235,0 -78.8233149,35.0720955,0 -78.82284970000001,35.0723701,0 -78.8222042,35.0727388,0 -78.8215367,35.0731019,0 -78.82076069999999,35.0735254,0 -78.8202426,35.0738014,0 -78.81962369999999,35.0741341,0 -78.818727,35.07461,0 -78.8182983,35.0748478,0 -78.8162918,35.0759207,0 -78.815675,35.076254,0 -78.814497,35.0768842,0 -78.81392289999999,35.0771928,0 -78.81295,35.0777182,0 -78.8123993,35.0780119,0 -78.8114818,35.0785044,0 -78.8108864,35.0788221,0 -78.809774,35.079402,0 -78.80841599999999,35.080124,0 -78.807503,35.080623,0 -78.80615,35.081347,0 -78.80217500000001,35.083473,0 -78.800957,35.084143,0 -78.798528,35.085427,0 -78.798102,35.085632,0 -78.79788000000001,35.085745,0 -78.79769400000001,35.08583,0 -78.797408,35.08595,0 -78.79714,35.086054,0 -78.79688400000001,35.086164,0 -78.796525,35.086303,0 -78.796148,35.086442,0 -78.795411,35.086696,0 -78.79533000000001,35.08672,0 -78.79505899999999,35.086802,0 -78.794814,35.086868,0 -78.794505,35.086954,0 -78.7942,35.087044,0 -78.79393899999999,35.087113,0 -78.79365900000001,35.087178,0 -78.793421,35.087227,0 -78.793178,35.087282,0 -78.792058,35.087515,0 -78.79063480000001,35.0877918,0 -78.7900404,35.0879073999999,0 -78.788875,35.088134,0 -78.788077,35.088371,0 -78.78793,35.088418,0 -78.78775899999999,35.08851,0 -78.787631,35.088614,0 -78.787592,35.088659,0 -78.78755200000001,35.088719,0 -78.787525,35.088789,0 -78.78751099999999,35.088849,0 -78.787515,35.088999,0 -78.78756300000001,35.089087,0 -78.787671,35.0891968,0 -78.7878295,35.0892821000001,0 -78.7889599574429,35.0896304946589,0 
				
					-78.78896,35.0896602,0 -78.7885318,35.0902077,0 -78.788512,35.090233,0 -78.7882587,35.0905741,0 -78.78818769999999,35.0906697,0 -78.7880396,35.0908692,0 -78.787572,35.091499,0 -78.787347,35.091785,0 -78.7869716,35.092296,0 -78.786738,35.092614,0 -78.7866054,35.0927844,0 -78.78651379999999,35.0929022,0 -78.78644009999999,35.0929969,0 -78.78622,35.093308,0 -78.7860415,35.093549,0 -78.78506,35.0948738,0 -78.78473200000001,35.095326,0 -78.7846579,35.0954228,0 -78.7844257,35.0957263,0 -78.7843338,35.0958464,0 -78.7842285,35.0959841,0 -78.7841883,35.0960332,0 -78.78406,35.0962075,0 -78.78394400000001,35.096356,0 -78.783749,35.0966179999999,0 -78.7837028,35.0966794,0 -78.78330800000001,35.097204,0 -78.78307599999999,35.097504,0 -78.782775,35.097926,0 -78.7825258,35.0982545,0 -78.78198,35.098974,0 -78.7819269,35.099045,0 -78.78152590000001,35.0995804,0 -78.78145499999999,35.099675,0 -78.781098,35.100145,0 -78.78106630000001,35.1001903,0 -78.7809963,35.1002903,0 -78.780751,35.100641,0 -78.780366,35.10116,0 -78.7801324,35.1014765,0 -78.78004199999999,35.101599,0 -78.779233,35.102682,0 -78.77901300000001,35.102979,0 -78.778273,35.103947,0 -78.77811699999999,35.104132,0 -78.777463,35.105034,0 -78.77725100000001,35.105315,0 -78.777125,35.1054783,0 -78.77696280000001,35.1056885,0 -78.77664,35.106107,0 -78.77600700000001,35.10694,0 -78.775773,35.1072556,0 -78.775204,35.108023,0 -78.7748331,35.1085116,0 -78.773905,35.109734,0 -78.77382040000001,35.1098467,0 -78.77312209999999,35.1107769,0 -78.773056,35.110865,0 -78.772854,35.111144,0 -78.77265,35.111393,0 -78.772291,35.111884,0 -78.77158,35.112873,0 -78.77094,35.113716,0 -78.77048600000001,35.114305,0 -78.770098,35.114759,0 -78.7698457,35.1150319,0 -78.76934489999999,35.1155633,0 -78.7637915,35.1214752,0 -78.7634319,35.121858,0 -78.76303040000001,35.1222854,0 -78.76258850000001,35.1227558,0 -78.7615679,35.1238422,0 -78.7592966,35.1262598,0 -78.7590189,35.1265471,0 -78.7588117,35.1267456,0 -78.75858239999999,35.1269546,0 -78.7583631,35.1271383,0 -78.758115,35.1273363,0 -78.7535288,35.1309757,0 -78.75339769999999,35.1310817,0 -78.7531524,35.1312793,0 -78.7504538,35.1334158,0 -78.74985839999999,35.1338771,0 -78.74631189999999,35.1363679,0 -78.7456407,35.1368399,0 -78.7451792,35.1371767,0 -78.7449343,35.1373928,0 -78.7447916,35.1375618,0 -78.74467850000001,35.1377267,0 -78.7445678,35.1379138,0 -78.74421479999999,35.1386297,0 -78.7439676,35.139131,0 -78.7439013,35.1392654,0 -78.7436332,35.1398165,0 -78.7432814,35.1405184,0 -78.74299120000001,35.1411238,0 -78.74282890000001,35.1415623,0 -78.742428,35.1427188,0 -78.741997,35.143909,0 -78.741726,35.144707,0 -78.741535,35.145268,0 -78.74126,35.145842,0 -78.741133,35.146066,0 -78.740993,35.146286,0 -78.74088209999999,35.1464431,0 -78.740842,35.1465,0 -78.74065,35.146741,0 -78.74044000000001,35.146977,0 -78.7401859,35.1473035,0 -78.74000289999999,35.1475385,0 -78.7398252,35.1477669,0 -78.739183,35.148592,0 -78.73874429999999,35.1491326,0 -78.738477,35.149462,0 -78.738069,35.149987,0 -78.7380251,35.1500443,0 -78.73796110000001,35.1501279,0 -78.7376402,35.1505472,0 -78.737577,35.150618,0 -78.7372103,35.1510641,0 -78.73678700000001,35.151579,0 -78.7361681,35.1523638,0 -78.7361042,35.1524448,0 -78.735899,35.152705,0 -78.7357765,35.1528605,0 -78.735669,35.152997,0 -78.73422100000001,35.1548345,0 -78.7339609,35.1551645,0 -78.7337017,35.1554934,0 -78.7320471,35.157593,0 -78.7307541,35.1592337,0 -78.7304463,35.1596243,0 -78.72970100000001,35.16057,0 -78.729113,35.161269,0 -78.728796,35.161682,0 -78.728165,35.162486,0 -78.7280956,35.1625935,0 -78.7279024,35.1628927,0 -78.727536,35.16346,0 -78.726992,35.164366,0 -78.72668899999999,35.164879,0 -78.72635699999999,35.165409,0 -78.72542799999999,35.166938,0 -78.724628,35.168311,0 -78.72450000000001,35.16852,0 -78.724371,35.168731,0 -78.724008,35.169282,0 -78.72355399999999,35.170004,0 -78.723084,35.170715,0 -78.7225093,35.1717603,0 -78.7221109,35.1723917,0 -78.72191170000001,35.1726626,0 -78.7216088,35.172955,0 -78.7212957,35.1732342,0 -78.7189185,35.1750112,0 -78.7181199,35.1756053,0 -78.7177183,35.1759008,0 -78.7174594,35.1760781,0 -78.7171388,35.1762754,0 -78.7164997,35.1766431,0 -78.71551479999999,35.1772050999999,0 -78.7149872,35.1775102,0 -78.7143219,35.1778921,0 -78.71240950000001,35.1789918,0 -78.71161410000001,35.1794438,0 -78.7106959,35.1799687,0 -78.71017980000001,35.1802657,0 -78.70986689999999,35.1804449,0 -78.7086937,35.1811236,0 -78.7081092,35.181457,0 -78.7075945,35.1817514,0 -78.70715629999999,35.182005,0 -78.7036265,35.1840295,0 -78.7027434,35.1845414,0 -78.7024368,35.1847364,0 -78.7021929,35.1848967,0 -78.7020239,35.1850256,0 -78.70181940000001,35.1852004,0 -78.70173080000001,35.1852876,0 -78.7015437,35.1854728,0 -78.70139279999999,35.1856424,0 -78.7011754,35.1859158,0 -78.7009527,35.1862079,0 -78.70086190000001,35.1863255,0 -78.70075009999999,35.1864763,0 -78.7005872,35.1866863,0 -78.70008799999999,35.187328,0 -78.700028,35.187408,0 -78.69881100000001,35.1890030000001,0 -78.6984301,35.1895005,0 -78.69699799999999,35.191348,0 -78.695037,35.193954,0 -78.694683,35.194411,0 -78.69421389999999,35.1950168,0 -78.69355,35.195874,0 -78.6933463,35.1961437,0 -78.6922386,35.1976104,0 -78.6914037,35.1987036,0 -78.6912459,35.1989103,0 -78.6911564,35.1990272999999,0 -78.6905182,35.1998616,0 -78.690062,35.20042,0 -78.6894092,35.2012942,0 -78.68880299999999,35.202106,0 -78.68817799999999,35.202931,0 -78.686921,35.204591,0 -78.6861028,35.2056585,0 -78.68532829999999,35.2066625,0 -78.684178,35.20819,0 -78.68372720000001,35.2087754,0 -78.6836976,35.2088138,0 -78.683019,35.209695,0 -78.68262970000001,35.2102007,0 -78.682481,35.210394,0 -78.68245159999999,35.2104327,0 -78.68064699999999,35.212808,0 -78.6797557,35.2139812,0 -78.679525,35.214285,0 -78.6791836,35.2146954000001,0 -78.6788107,35.2151336,0 -78.6782237,35.2157924,0 -78.67781069999999,35.2162761,0 -78.677616,35.2165443,0 -78.6774516,35.2167984,0 -78.6772285,35.2171433,0 -78.6770878,35.2173657,0 -78.6767603,35.2178831,0 -78.6767476,35.2179034,0 -78.6766039,35.2181085,0 -78.6764652,35.2182925,0 -78.6764579,35.2183022,0 -78.6764218,35.2183429,0 -78.6763404,35.2184348,0 -78.67615790000001,35.2186405,0 -78.675854,35.218924,0 -78.675703,35.219057,0 -78.675398,35.219304,0 -78.675186,35.21946,0 -78.67510900000001,35.219511,0 -78.674952,35.219616,0 -78.674723,35.219755,0 -78.674459,35.219899,0 -78.67417,35.220039,0 -78.673874,35.220165,0 -78.673599,35.220268,0 -78.67327400000001,35.220374,0 -78.672972,35.220457,0 -78.672601,35.22054,0 -78.672256,35.2206,0 -78.67198999999999,35.220631,0 -78.671707,35.22065,0 -78.671426,35.220654,0 -78.670193,35.220687,0 -78.668688,35.2207,0 -78.668402,35.2207099999999,0 -78.668145,35.220742,0 -78.667447,35.220841,0 -78.66551699999999,35.221169,0 -78.66524099999999,35.221227,0 -78.66492,35.2213080000001,0 -78.66462199999999,35.2213970000001,0 -78.664298,35.22151,0 -78.66402600000001,35.221618,0 -78.663748,35.221743,0 -78.663449,35.221895,0 -78.663275,35.221992,0 -78.662251,35.222612,0 -78.66042,35.22373,0 -78.66021000000001,35.223844,0 -78.659949,35.223968,0 -78.659695,35.224073,0 -78.65943300000001,35.224165,0 -78.659198,35.224236,0 -78.65889199999999,35.224307,0 -78.65866200000001,35.224347,0 -78.65782400000001,35.224507,0 -78.656612,35.224728,0 -78.656148,35.224812,0 -78.656008,35.224834,0 -78.655863,35.224859,0 -78.65406900000001,35.225174,0 -78.6534473,35.2253023,0 -78.65307,35.2254034,0 -78.6522021,35.2256487,0 -78.65097400000001,35.226013,0 -78.650908,35.226033,0 -78.649912,35.226317,0 -78.64962,35.226419,0 -78.649275,35.226558,0 -78.648996,35.226686,0 -78.648686,35.226848,0 -78.648426,35.226998,0 -78.64812499999999,35.227195,0 -78.647925,35.227341,0 -78.64758399999999,35.2276239999999,0 -78.647418,35.227787,0 -78.646979,35.228273,0 -78.646835,35.228447,0 -78.646652,35.228701,0 -78.646501,35.228942,0 -78.646412,35.229106,0 -78.646316,35.229311,0 -78.64617,35.229696,0 -78.64605899999999,35.230043,0 -78.646007,35.230243,0 -78.645753,35.231595,0 -78.6454195,35.2334569,0 -78.64530139999999,35.2341159,0 -78.64521999999999,35.23457,0 -78.6450985,35.2353615,0 -78.644713,35.236828,0 -78.6445085,35.2376175,0 -78.644475,35.237747,0 -78.64426450000001,35.238558,0 -78.64425,35.238614,0 -78.64418929999999,35.2388361,0 -78.6439044,35.2398792,0 -78.643873,35.239994,0 -78.64378600000001,35.240314,0 -78.64370580000001,35.2406143,0 -78.643394,35.241781,0 -78.64307599999999,35.242968,0 -78.64290099999999,35.24356,0 -78.642746,35.2440870000001,0 -78.64267100000001,35.244298,0 -78.642574,35.244532,0 -78.64245,35.244787,0 -78.642309,35.245036,0 -78.642151,35.245279,0 -78.64210199999999,35.245368,0 -78.64196,35.24556,0 -78.641751,35.245817,0 -78.641513,35.246076,0 -78.64054,35.247134,0 -78.6395246,35.2483086,0 -78.6393612,35.2485206,0 -78.63920830000001,35.2487442,0 -78.638734,35.249497,0 -78.63848900000001,35.249952,0 -78.63805600000001,35.250705,0 -78.637669,35.251415,0 -78.6376458,35.251457,0 -78.637332,35.252025,0 -78.637175,35.252295,0 -78.63713799999999,35.2523589999999,0 -78.636965,35.252637,0 -78.63672099999999,35.253109,0 -78.63670500000001,35.253137,0 -78.63640599999999,35.25366,0 -78.6363801,35.2537043,0 -78.63608000000001,35.254218,0 -78.63539900000001,35.255449,0 -78.63404800000001,35.257791,0 -78.633956,35.257979,0 -78.63388550000001,35.2581302,0 -78.63372200000001,35.258481,0 -78.633656,35.258668,0 -78.63355300000001,35.258894,0 -78.63350800000001,35.259022,0 -78.633454,35.259154,0 -78.633411,35.259342,0 -78.633359,35.259517,0 -78.633325,35.259661,0 -78.633301,35.259807,0 -78.633111,35.260746,0 -78.632965,35.261601,0 -78.63288900000001,35.262018,0 -78.632402,35.264678,0 -78.63227759999999,35.2652609,0 -78.631855,35.267671,0 -78.631593,35.269141,0 -78.63138499999999,35.27025,0 -78.631185,35.271382,0 -78.631139,35.2715180000001,0 -78.63108699999999,35.271733,0 -78.631002,35.272041,0 -78.630903,35.272316,0 -78.630788,35.27261,0 -78.630668,35.272882,0 -78.630599,35.273064,0 -78.63029400000001,35.273798,0 -78.630072,35.274311,0 -78.62974800000001,35.275088,0 -78.629317,35.27608,0 -78.62878310000001,35.2772184,0 -78.628345,35.278247,0 -78.627943,35.279087,0 -78.62790699999999,35.279173,0 -78.627678,35.279672,0 -78.62742299999999,35.280205,0 -78.62685500000001,35.281462,0 -78.6265465,35.2821337,0 -78.62652799999999,35.282174,0 -78.62595,35.283432,0 -78.62564,35.284111,0 -78.6249941,35.2855106,0 -78.6247534,35.2860323,0 -78.6246337,35.2862916,0 -78.62448999999999,35.286603,0 -78.624235,35.28714,0 -78.624099,35.287469,0 -78.623216,35.289348,0 -78.623062,35.289618,0 -78.622862,35.289988,0 -78.622714,35.290207,0 -78.62243599999999,35.290595,0 -78.62215399999999,35.290945,0 -78.621756,35.291424,0 -78.6211107,35.2921687,0 -78.620783,35.292541,0 -78.620265,35.293143,0 -78.61972900000001,35.29378,0 -78.61895,35.2947030000001,0 -78.618067,35.295725,0 -78.617294,35.296638,0 -78.61669430000001,35.2973319,0 -78.61663799999999,35.297397,0 -78.6161251,35.2979941,0 -78.615719,35.298467,0 -78.6153997,35.2988464,0 -78.615193,35.299092,0 -78.6149149,35.2994209,0 -78.614465,35.299953,0 -78.614273,35.300175,0 -78.61388890000001,35.3006452,0 -78.6131515,35.3014854,0 -78.61247400000001,35.302261,0 -78.611847,35.30301,0 -78.61114999999999,35.303819,0 -78.61069740000001,35.3043516,0 -78.6104599,35.3046311,0 -78.60975500000001,35.305441,0 -78.609044,35.3062690000001,0 -78.608699,35.30669,0 -78.6083148,35.307112,0 -78.60806119999999,35.3074171,0 -78.60762,35.307948,0 -78.60736300000001,35.308217,0 -78.606881,35.308772,0 -78.60616349999999,35.3096072,0 -78.605457,35.310425,0 -78.604781,35.311232,0 -78.604134,35.311987,0 -78.60346,35.312772,0 -78.602824,35.313526,0 -78.60217299999999,35.314294,0 -78.602119,35.3143439999999,0 -78.602625,35.314656,0 -78.6031176,35.3149552,0 -78.60374,35.315314,0 -78.604012,35.315466,0 -78.60419400000001,35.315568,0 -78.60423059999999,35.3155889000001,0 -78.6043208,35.3156403,0 -78.60512199999999,35.316097,0 -78.6053084,35.3162122,0 -78.605457,35.3162989999999,0 -78.606302,35.3167819999999,0 -78.6073153,35.3173784,0 -78.607589,35.317538,0 -78.608284,35.317926,0 -78.60879300000001,35.318231,0 -78.60927599999999,35.318487,0 -78.6086086,35.3192687,0 -78.608418,35.3194804,0 -78.60835899999999,35.3195435,0 -78.6081635,35.3197524,0 -78.6081011,35.3198189,0 -78.60800140000001,35.3199251,0 -78.6076738,35.3201848,0 -78.6075606,35.3202751,0 -78.6072983,35.3204812,0 -78.6069159,35.3207752,0 -78.6065791,35.321035,0 -78.6062853,35.3212733,0 -78.6059589,35.3215174,0 -78.6054439,35.3219189,0 -78.60439700000001,35.322702,0 -78.60401400000001,35.322994,0 -78.6035043,35.3233937,0 -78.60325400000001,35.32359,0 -78.603059,35.323743,0 -78.60266,35.324052,0 -78.6019448,35.3246391,0 -78.6010089,35.3253741,0 -78.6009555,35.325416,0 -78.6003876,35.3258395,0 -78.599656,35.326385,0 -78.599052,35.326846,0 -78.59871870000001,35.3271004,0 -78.598494,35.327272,0 -78.598371,35.327366,0 -78.597959,35.327705,0 -78.596752,35.328638,0 -78.59627500000001,35.329005,0 -78.595484,35.329626,0 -78.595331,35.329739,0 -78.59514299999999,35.329914,0 -78.594954,35.330065,0 -78.594793,35.330248,0 -78.59460799999999,35.330435,0 -78.5944416,35.3306198,0 -78.59434109999999,35.3307389,0 -78.594233,35.330862,0 -78.5937425,35.33141,0 -78.593491,35.331691,0 -78.5934287,35.3317588,0 -78.5931362,35.3320771,0 -78.59299300000001,35.332233,0 -78.592518,35.332763,0 -78.5925022,35.3327802,0 -78.59210849999999,35.3332071,0 -78.591998,35.333327,0 -78.5909254,35.3345157,0 -78.59065390000001,35.3348166,0 -78.590557,35.334924,0 -78.590447,35.3350482,0 -78.590045,35.335502,0 -78.5898016,35.3357591,0 -78.589709,35.335857,0 -78.58951740000001,35.3360689,0 -78.588509,35.337184,0 -78.588031,35.337719,0 -78.58778700000001,35.337992,0 -78.5875028,35.338297,0 -78.587411,35.3383954,0 -78.587047,35.338786,0 -78.5866273,35.3392568,0 -78.5865141,35.3393839,0 -78.586096,35.339853,0 -78.585492,35.340518,0 -78.58529799999999,35.340709,0 -78.58499,35.341004,0 -78.58483699999999,35.341138,0 -78.58472,35.341251,0 -78.58448300000001,35.341436,0 -78.58380200000001,35.341992,0 -78.583415,35.342316,0 -78.58236100000001,35.343168,0 -78.58225400000001,35.343278,0 -78.582155,35.343354,0 -78.582058,35.343442,0 -78.58187100000001,35.343636,0 -78.581745,35.343783,0 -78.581543,35.344081,0 -78.581434,35.344268,0 -78.581142,35.344814,0 -78.580879,35.34539,0 -78.58044700000001,35.346234,0 -78.58037400000001,35.34639,0 -78.58022099999999,35.346672,0 -78.580129,35.346803,0 -78.58008700000001,35.346891,0 -78.57992299999999,35.347144,0 -78.579797,35.347347,0 -78.57953000000001,35.347672,0 -78.579384,35.347858,0 -78.57898299999999,35.348303,0 -78.578647,35.348664,0 -78.578305,35.34901,0 -78.576521,35.350872,0 -78.575811,35.351569,0 -78.5755803,35.351815,0 -78.575328,35.352084,0 -78.57507579999999,35.3523482,0 -78.574951,35.352479,0 -78.574797,35.352633,0 -78.574699,35.352724,0 -78.57453,35.352871,0 -78.574372,35.353011,0 -78.574229,35.353123,0 -78.573508,35.353707,0 -78.570576,35.356032,0 -78.570128,35.356383,0 -78.569523,35.356868,0 -78.56935199999999,35.356998,0 -78.56922400000001,35.357103,0 -78.569103,35.357218,0 -78.56902700000001,35.357278,0 -78.568957,35.357333,0 -78.568668,35.357595,0 -78.56835700000001,35.357909,0 -78.568197,35.358079,0 -78.567959,35.358351,0 -78.567245,35.359191,0 -78.56693199999999,35.359548,0 -78.56580599999999,35.360874,0 -78.565788,35.3608952,0 -78.564379,35.362557,0 -78.563186,35.363972,0 -78.56292620000001,35.3642933,0 -78.5627951,35.3644552,0 -78.56239050000001,35.3649361,0 -78.56196610000001,35.3654549,0 -78.5609419,35.3665615,0 -78.55716409999999,35.3710153,0 -78.5564918,35.3717766,0 -78.5559179,35.3727089,0 -78.5544233,35.375354,0 -78.5543175,35.3755222,0 -78.5541903,35.3757243,0 -78.5541241,35.3758295,0 -78.55396090000001,35.376089,0 -78.5539198,35.3761451,0 -78.55368679999999,35.3764626,0 -78.5535914,35.3765927,0 -78.553523,35.376686,0 -78.5534116,35.3768211,0 -78.553301,35.3769542,0 -78.5532037,35.3770731,0 -78.5531318,35.3771505,0 -78.55307689999999,35.3772096,0 -78.5529617,35.3773435,0 -78.5528826,35.3774318,0 -78.5526401,35.3777027,0 -78.5524788,35.3778829,0 -78.5523034,35.3780881,0 -78.5521423,35.3782815,0 -78.55206990000001,35.3783684,0 -78.5517804,35.3787161,0 -78.55136539999999,35.3792032,0 -78.5512342,35.3793571000001,0 -78.5511664,35.3794449,0 -78.55108679999999,35.3795479,0 -78.5510543,35.3795858,0 -78.55038949999999,35.380363,0 -78.54967259999999,35.3811854,0 -78.5494551,35.381435,0 -78.54431950126617,35.38743466815428,0 -78.54341299514049,35.3884575599426,0 -78.54279112497871,35.38897364019356,0 -78.54227342943943,35.38921305064184,0 -78.54189137164983,35.38937114295791,0 -78.54151554372567,35.38948211839116,0 -78.54069658629055,35.38964239575557,0 -78.53895121632507,35.38986908279075,0 -78.53588465580107,35.39030204733704,0 -78.53449049137176,35.39049595895364,0 -78.53059200588753,35.39107129328729,0 -78.52981245601522,35.39121858986435,0 -78.52926510509855,35.39141112173908,0 -78.52873475530652,35.39170568198651,0 -78.52828174842124,35.39207174371044,0 -78.52784691148328,35.39251255719788,0 -78.52573900654302,35.39482555051293,0 -78.52186354328228,35.3990852657857,0 -78.52137228058865,35.39963564209521,0 -78.51918146182062,35.4019728736157,0 -78.51871455549725,35.40236491798786,0 -78.51811881215218,35.40281114841943,0 -78.51660624538074,35.40387541116586,0 -78.51421973579015,35.40556916623121,0 -78.51364384895194,35.40592420374502,0 -78.51302017028766,35.40627217428818,0 -78.51231954385352,35.4066290581771,0 -78.51102911961603,35.40720770982495,0 -78.50660496570066,35.40915332666693,0 -78.50579017834086,35.40950444796034,0 -78.50532408093196,35.40971424840539,0 -78.50500066273622,35.40990058493695,0 -78.50410304594361,35.41070189052326,0 -78.50356588448152,35.41117285879884,0 -78.50144928754156,35.41300739668235,0 -78.5009924323482,35.41336074313279,0 -78.5000093269098,35.41401639259629,0 -78.49873741811879,35.4148530244147,0 -78.49473734868363,35.41754200316696,0 -78.49422422775255,35.41785696683115,0 -78.49315655147294,35.4183759738161,0 -78.4883773411859,35.42050415942609,0 -78.48755351554341,35.42088190458443,0 -78.48700331439299,35.42109367681306,0 -78.48645739285686,35.42130804197959,0 -78.48593524361436,35.42143499949717,0 -78.48308703238904,35.42208103259481,0 -78.48263656644893,35.42221763082613,0 -78.48225523839098,35.42237204568655,0 -78.48185843339033,35.4226069514174,0 -78.48091927595102,35.42323352253531,0 -78.47964020285232,35.42407559796358,0 -78.47903963204992,35.42440396415737,0 -78.47842067383262,35.42462570194083,0 -78.47771437658312,35.42478704109494,0 -78.47695806385173,35.42490810589042,0 -78.4699166233258,35.42600455821896,0 -78.46818909639859,35.42625797482538,0 -78.46672686766463,35.42663057748631,0 -78.46446437418557,35.42722361506412,0 -78.46345257446994,35.42747006383194,0 -78.46302040755779,35.42756561783719,0 -78.46227398014736,35.42788399312203,0 -78.46144828359719,35.42828700973096,0 -78.45827728938464,35.42991171050622,0 -78.45581224613939,35.43115449996886,0 -78.45429362266243,35.43197169359685,0 -78.4531151486527,35.43254760241276,0 -78.45167436775776,35.43330165887483,0 -78.45035372024246,35.43394423963465,0 -78.44829812492964,35.43479184018558,0 -78.44353808197438,35.43669613605132,0 -78.43937618423062,35.43838506296781,0 -78.43878617882346,35.43867200602453,0 -78.4380836750568,35.43906975941641,0 -78.43528220815693,35.44077207273786,0 -78.43368542658149,35.44171549676248,0 -78.43157852016776,35.44283099197017,0 -78.4305515978825,35.44334550780217,0 -78.4297659337262,35.4437433205307,0 -78.42664665823905,35.44497564415853,0 -78.42359764423909,35.44620928733341,0 -78.41990733102533,35.44771847415407,0 -78.41312346331767,35.4503837000781,0 -78.41160018452575,35.45098127050492,0 -78.40427750961733,35.45390000485634,0 -78.40120986038251,35.45512686604293,0 -78.39839627418064,35.4562289904052,0 -78.39751735524172,35.45647544896085,0 -78.39542391610452,35.45710746695107,0 -78.3938809207756,35.45756887339215,0 -78.39137619367942,35.45830473499199,0 -78.39033274039782,35.45863178810185,0 -78.38979577233266,35.45924403540093,0 -78.38957326091293,35.45940072271168,0 -78.38933584943904,35.45946684357759,0 -78.38943527436376,35.4616686340124,0 -78.38941958305492,35.4625700830136,0 -78.38931057139092,35.46311991166542,0 -78.38910335395798,35.46356466305019,0 -78.38863387497479,35.46419199280533,0 -78.38788964395418,35.46501162906674,0 -78.38560590410569,35.46761811083482,0 -78.3850549220578,35.46829307181477,0 -78.38481666624693,35.46873840768018,0 -78.38448922332866,35.46940082650907,0 -78.38350383057038,35.47126824213483,0 -78.38250100457492,35.47311492717361,0 -78.38218185813506,35.47359436707342,0 -78.38173340575256,35.47405773498736,0 -78.38105957558393,35.47458268224251,0 -78.37958908806715,35.47547604084498,0 -78.37765711906826,35.476624939369,0 -78.37599818063885,35.47763781517557,0 -78.37160843319019,35.48030846290627,0 -78.36947439092239,35.48161811938917,0 -78.36624980324956,35.48354586970712,0 -78.36440564511811,35.48466409199708,0 -78.36367187480381,35.48513112616423,0 -78.36309356109288,35.48568711793381,0 -78.3619671341727,35.48706511766438,0 -78.36110556666672,35.48816604385509,0 -78.35455967563111,35.49656347557499,0 -78.35317302983113,35.49834626911348,0 -78.35255738278104,35.49907821308999,0 -78.35195163181946,35.49957229726804,0 -78.35095407295886,35.50014117185398,0 -78.34991468049434,35.50055346164628,0 -78.34872210228419,35.50091960360104,0 -78.34751566918226,35.5012424758796,0 -78.34630928627146,35.50173530113992,0 -78.34532546350302,35.50224018571674,0 -78.34416330535905,35.50302632313409,0 -78.34324471933678,35.50387924542508,0 -78.34201227931619,35.50516056715972,0 -78.34077969007865,35.5065534112646,0 -78.34028154027106,35.50717364086536,0 -78.33954171205416,35.50842288280369,0 -78.33861201591095,35.50996507953631,0 -78.33792754224113,35.5110884129149,0 -78.33741073291174,35.51170201767193,0 -78.33684935402907,35.51209427468152,0 -78.33618897003061,35.51232736164295,0 -78.3350150308505,35.5126870129918,0 -78.33187758193414,35.513613399486,0 -78.3302251407208,35.51414225247827,0 -78.3288655788427,35.51455577667755,0 -78.32447932088225,35.51585610569852,0 -78.32212968349484,35.51665142133358,0 -78.31929264152468,35.51765491548274,0 -78.31788895035488,35.51812272028327,0 -78.31629980544444,35.51854593214816,0 -78.31067962738769,35.51993869816725,0 -78.30849020479256,35.52051939445309,0 -78.30783082351719,35.52071903328304,0 -78.30398971240034,35.52260995162828,0 -78.29271226116069,35.52849773142695,0 -78.28980328812902,35.52993822118746,0 -78.28911038560011,35.53059455611442,0 -78.28652322795064,35.53363079905443,0 -78.28470761277124,35.53592054227501,0 -78.28170674713266,35.53959050497509,0 -78.27711743540695,35.54520481441149,0 -78.27326095027844,35.54989667991544,0 -78.27267330447501,35.5505299045532,0 -78.27215605418665,35.55095961585523,0 -78.26477356650732,35.55448867122486,0 -78.25991562193458,35.5567703904296,0 -78.25886728796696,35.55723737624355,0 -78.25837731707087,35.55736243205531,0 -78.25786459290057,35.5574385267107,0 -78.25616834220369,35.55741585805195,0 -78.25037885861664,35.55735271786627,0 -78.24836936232973,35.55736372068169,0 -78.24784144240036,35.5573909522446,0 -78.24594023258878,35.55769550170358,0 -78.24360616659021,35.55810432883236,0 -78.23928070818118,35.55839454860033,0 -78.23434977442452,35.55843598570192,0 -78.23311822716953,35.55849445092777,0 -78.231762017919,35.55863632278017,0 -78.22811850540585,35.55898270471377,0 -78.22065284126685,35.559688950927,0 -78.21842882467575,35.55991153166079,0 -78.21083598494192,35.56105329628937,0 -78.21029581948309,35.56115232276342,0 -78.20920225325713,35.56146281288019,0 -78.2056599273396,35.56280832206136,0 -78.20248957915544,35.5639785099364,0 -78.2014531266136,35.5643958256498,0 -78.19705518821262,35.56631504331503,0 -78.19610572260093,35.56654803471951,0 -78.19087500577498,35.56739749849144,0 -78.19029514308876,35.56752965938142,0 -78.18888477940033,35.56800719303441,0 -78.1835371225278,35.57001121065235,0 -78.18213434425988,35.57053614342963,0 -78.17754282474748,35.57234867304049,0 -78.17266875646587,35.57471097791264,0 -78.17138398747923,35.57539845400028,0 -78.16964710867569,35.57649200402662,0 -78.16045960221021,35.5821317928517,0 -78.1522021132682,35.58713588157713,0 -78.15054644405819,35.58810028201893,0 -78.14927502582682,35.58884978516121,0 -78.1483379993265,35.58917514361607,0 -78.14687382401073,35.58954161506733,0 -78.13553701236776,35.59216018755178,0 -78.1316950338414,35.59303500556177,0 -78.13076469766003,35.5932732747552,0 -78.13004126864291,35.59350580811865,0 -78.12925880268627,35.59386624137672,0 -78.12721623012635,35.59485325851819,0 -78.11904945815458,35.59886417073171,0 
				
					-78.1189804,35.5989064,0 -78.1187668,35.5990522,0 -78.1186799,35.5991115,0 -78.1183249,35.5993128,0 -78.116708,35.6001002,0 -78.115357,35.600747,0 -78.11534159999999,35.6007544,0 -78.11532200000001,35.600764,0 -78.1152714,35.6007888000001,0 -78.115115,35.6008653,0 -78.11506799999999,35.6008883,0 -78.1150221,35.6009108,0 -78.11470439999999,35.6010663,0 -78.1146581,35.6010885,0 -78.11302190000001,35.6018736999999,0 -78.110815,35.6029357000001,0 -78.1096538,35.6034979000001,0 -78.10848679999999,35.6040527,0 -78.1063551,35.6050792,0 -78.1051207,35.6056804,0 -78.1040824,35.6061787,0 -78.1025745,35.6069039,0 -78.1008394,35.6077453,0 -78.1002122,35.6080455,0 -78.0999084,35.608191,0 -78.0997538,35.608265,0 -78.09960270000001,35.6083374999999,0 -78.09930919999999,35.6084785,0 -78.0989526,35.6086497,0 -78.0952848,35.6104136,0 -78.09164920000001,35.6121602,0 -78.09059240000001,35.6126679,0 -78.09033770000001,35.6127903,0 -78.08994610000001,35.6129807,0 -78.0896032,35.6131450000001,0 -78.0890808,35.6133954,0 -78.0890546,35.6134079,0 -78.08899700000001,35.6134355,0 -78.0885342,35.6136574,0 -78.0883824,35.6137301,0 -78.087962,35.6139347,0 -78.0876219,35.6141002,0 -78.0868455,35.6144781,0 -78.084294,35.6157071,0 -78.0840942,35.6157983,0 -78.0827106,35.6164723,0 -78.0826211,35.6165153,0 -78.0819379,35.6168435,0 -78.081643,35.6169852000001,0 -78.08050350000001,35.6175326,0 -78.0785365,35.6184866,0 -78.07829959999999,35.6186089,0 -78.07800159999999,35.6187848,0 -78.0777731,35.6189236000001,0 -78.0775763,35.6190553,0 -78.0773349,35.6192265,0 -78.07581209999999,35.6203212,0 -78.0746458,35.6211682,0 -78.0733876,35.6220815000001,0 -78.0707618,35.6239862,0 -78.0700094,35.6245317,0 -78.069687,35.6247581,0 -78.0693916,35.6249565,0 -78.0690627,35.6251542,0 -78.0687466,35.6253304,0 -78.068709,35.6253529,0 -78.0685733,35.625427,0 -78.0682759,35.6255861,0 -78.06789670000001,35.6257713,0 -78.0675392,35.6259354,0 -78.06717690000001,35.6260889,0 -78.0666932,35.6262744,0 -78.06618880000001,35.626449,0 -78.0657961,35.6265731,0 -78.06542469999999,35.6266756,0 -78.0654059,35.6266808,0 -78.06501299999999,35.6267782,0 -78.0646263,35.6268651,0 -78.06422259999999,35.626942,0 -78.06382069999999,35.6270184,0 -78.0634331,35.6270737,0 -78.0630343,35.6271279,0 -78.0613299,35.6273567,0 -78.0612905,35.627362,0 -78.0586708,35.6277082,0 -78.05671769999999,35.6279764,0 -78.05621669999999,35.628061,0 -78.05537169999999,35.628257,0 -78.0552211,35.6282919,0 -78.0547172,35.6284359,0 -78.0542365,35.6285864,0 -78.05357100000001,35.6288419,0 -78.0531828,35.6289985,0 -78.0521865,35.6294048,0 -78.0515173,35.6296789,0 -78.0508861,35.6299369,0 -78.0505866,35.6300594,0 -78.0503717,35.6301472,0 -78.0500031,35.6302979,0 -78.0499243,35.6303301,0 -78.0491174,35.63066,0 -78.0490624,35.6306832000001,0 -78.048756,35.6308093,0 -78.0474711,35.6313383,0 -78.0463637,35.6317891,0 -78.04448290000001,35.6325589000001,0 -78.0444035,35.6325911,0 -78.0434669,35.6329706,0 -78.0432313,35.633066,0 -78.0423578,35.6334229,0 -78.0421156,35.6335219,0 -78.0397473,35.6344923,0 -78.03802039999999,35.6352007,0 -78.0373544,35.6354796,0 -78.03575240000001,35.6361252,0 -78.0339932,35.6368443,0 -78.032916,35.6372851,0 -78.0328556,35.6373099,0 -78.0314163,35.6378996,0 -78.03039630000001,35.6383189,0 -78.0296962,35.6386066,0 -78.0290718,35.6388633,0 -78.02699749999999,35.639709,0 -78.0263889,35.6399531,0 -78.0253754,35.640368,0 -78.02405109999999,35.6409101,0 -78.02370689999999,35.641051,0 -78.0227038,35.6414645,0 -78.0219596,35.6417688,0 -78.02085870000001,35.6422192,0 -78.018024,35.6433678,0 -78.0177801,35.6434666,0 -78.016769,35.6438674,0 -78.01610959999999,35.6441346,0 -78.01591209999999,35.6442146,0 -78.01574220000001,35.6442835,0 -78.01549850000001,35.6443828,0 -78.0153822,35.6444302,0 -78.0152959,35.6444653,0 -78.0150917,35.6445485,0 -78.0148847,35.6446329,0 -78.01481099999999,35.6446629,0 -78.01454080000001,35.6447742,0 -78.01426410000001,35.6448896,0 -78.0141302,35.6449455,0 -78.0141194,35.64495,0 -78.0138711,35.6450508,0 -78.0137809,35.6450873,0 -78.0135647,35.6451751,0 -78.0134242,35.6452321,0 -78.0124629,35.6456251,0 -78.0119681,35.6458273,0 -78.0111515,35.6461572,0 -78.0108389,35.6462835,0 -78.01051699999999,35.6464136,0 -78.0101435,35.6465675,0 -78.0100348,35.6466123,0 -78.0098297,35.6466968,0 -78.0096927,35.6467533,0 -78.0095029,35.6468314,0 -78.009387,35.6468792,0 -78.0091357,35.6469828,0 -78.00910159999999,35.6469968,0 -78.00904559999999,35.6470200000001,0 -78.00862770000001,35.6471934,0 -78.00809479999999,35.6474145,0 -78.00761749999999,35.6476141,0 -78.0064316,35.6480954,0 -78.0045324,35.6488716,0 -78.00430059999999,35.6489685,0 -78.0042239,35.6490006,0 -78.00416060000001,35.6490293,0 -78.0038935,35.6491408,0 -78.0038457,35.6491608,0 -78.00378809999999,35.6491848,0 -78.003399,35.6493473,0 -78.0033492,35.6493681,0 -78.00330580000001,35.6493862,0 -78.00312150000001,35.6494632,0 -78.0027369,35.6496178,0 -78.00265400000001,35.6496511,0 -78.002353,35.6497717000001,0 -78.0022903,35.6497968,0 -78.0022251,35.6498229,0 -78.00187409999999,35.6499636,0 -78.00025770000001,35.6506293999999,0 -77.99855580000001,35.6513185,0 -77.998136,35.65149,0 -77.9963753,35.6522163,0 -77.99556939999999,35.652538,0 -77.99442809999999,35.6530009,0 -77.9923361,35.6538568,0 -77.99173450000001,35.6541044,0 -77.9916606,35.6541347,0 -77.9915965,35.6541611,0 -77.9909699,35.654419,0 -77.99069470000001,35.6545322,0 -77.9905904,35.6545749,0 -77.9897333,35.6549255,0 -77.9871134,35.6559973,0 -77.98518989999999,35.6567778,0 -77.98412020000001,35.6572214,0 -77.9834371,35.6574966,0 -77.98124249999999,35.6583882,0 -77.9789356,35.6593359,0 -77.97820900000001,35.659628,0 -77.9766722,35.6602602,0 -77.97509580000001,35.660902,0 -77.97482100000001,35.6610139,0 -77.97463639999999,35.6610899,0 -77.9743696,35.6611995,0 -77.97308630000001,35.6617266,0 -77.9730832,35.6617279,0 -77.97192250000001,35.6622042,0 -77.9716347,35.6623185,0 -77.96949789999999,35.6631896,0 -77.9688719,35.6634448,0 -77.9687297,35.6635028,0 -77.96840760000001,35.6636338999999,0 -77.96726769999999,35.6640978,0 -77.9657241,35.664729,0 -77.96451829999999,35.6652205,0 -77.9644662,35.6652421,0 -77.9643906,35.6652708,0 -77.9642566,35.6653281,0 -77.9641926,35.6653518,0 -77.9641572,35.6653672,0 -77.9640093,35.6654224,0 -77.963036,35.6658195,0 -77.9625613,35.6660143,0 -77.96210550000001,35.6662039,0 -77.9617483,35.6663612,0 -77.9616578,35.6664029,0 -77.9614673,35.6664948,0 -77.9613349,35.6665601,0 -77.9611237,35.6666729,0 -77.9608702,35.6668188,0 -77.9606861,35.6669316,0 -77.9604688,35.6670811,0 -77.9604018,35.6671319,0 -77.9602541,35.6672439,0 -77.9601746,35.6673042,0 -77.95997389999999,35.6674611,0 -77.9598177,35.6676021,0 -77.95969770000001,35.6677105,0 -77.9595961,35.6678022,0 -77.9594048,35.6679971,0 -77.9593886,35.6680136,0 -77.9593655,35.6680392,0 -77.9591566,35.668271,0 -77.9589039,35.6685821,0 -77.958736,35.6688045,0 -77.9586692,35.6689085,0 -77.958521,35.6691368,0 -77.95833620000001,35.6694325,0 -77.9579997,35.6700227,0 -77.9576998,35.6705528,0 -77.9576266,35.6706894,0 -77.9575476,35.6708365,0 -77.9571256,35.6715797,0 -77.9567012,35.6723189,0 -77.9553621,35.6746689,0 -77.95530290000001,35.6747737,0 -77.95520860000001,35.6749499,0 -77.9537976,35.6774404,0 -77.9536402,35.6777178,0 -77.9535999,35.6777882000001,0 -77.95213630000001,35.6803613,0 -77.9520802,35.6804582,0 -77.9520364,35.6805392,0 -77.9517482,35.6810527,0 -77.9514223,35.6816214000001,0 -77.9511815,35.6820633,0 -77.95092440000001,35.6825294,0 -77.95026590000001,35.6836755,0 -77.9501458,35.6838507,0 -77.949586,35.6848349,0 -77.9493263,35.6851329,0 -77.94811900000001,35.687269,0 -77.94785950000001,35.6877405,0 -77.9476774,35.6880671,0 -77.94733429999999,35.6886502,0 -77.947076,35.689048,0 -77.946713,35.689522,0 -77.94661790000001,35.6896348,0 -77.946499,35.689776,0 -77.946212,35.690089,0 -77.9460924,35.6902061,0 -77.945922,35.690373,0 -77.94581030000001,35.6904727,0 -77.94558600000001,35.6906728,0 -77.94554100000001,35.690713,0 -77.94540069999999,35.690825,0 -77.945328,35.690883,0 -77.9451662,35.6910044,0 -77.945036,35.691102,0 -77.944782,35.6912796,0 -77.9445748,35.6914245,0 -77.944487,35.6914859,0 -77.94414070000001,35.6917279999999,0 -77.944135,35.691732,0 -77.94371099999999,35.69203,0 -77.9435462,35.6921419,0 -77.9431994,35.6923857,0 -77.9423431,35.6929808,0 -77.94156099999999,35.693525,0 -77.9408363,35.6940288,0 -77.9405903,35.6941998,0 -77.9397409,35.6947903,0 -77.93934059999999,35.6950686,0 -77.93910030000001,35.6952357,0 -77.938737,35.6954882,0 -77.938659,35.6955424,0 -77.937378,35.696433,0 -77.9368498,35.6968091000001,0 -77.936291,35.697207,0 -77.93574580000001,35.6975738,0 -77.93557300000001,35.69769,0 -77.9354822,35.6977512,0 -77.93539199999999,35.697812,0 -77.93467889999999,35.6983133,0 -77.9343286,35.6985595,0 -77.933931,35.698839,0 -77.9331044,35.6994130999999,0 -77.9327363,35.6996647,0 -77.932098,35.700101,0 -77.931033,35.700829,0 -77.9309492,35.7008871,0 -77.930565,35.7011532,0 -77.9303177,35.7013244,0 -77.92967640000001,35.7017887,0 -77.92928689999999,35.7020622,0 -77.9289081,35.7023251,0 -77.9287953,35.7023357,0 -77.928247,35.7027289,0 -77.9280215,35.7028814,0 -77.9278195,35.7030246,0 -77.9272576,35.7034082,0 -77.9271091,35.7035055,0 -77.9268651,35.7036548,0 -77.9266324,35.7037896,0 -77.92656770000001,35.7038288,0 -77.92650930000001,35.7039146,0 -77.926433,35.703957,0 -77.9263794,35.7039811,0 -77.92619980000001,35.704067,0 -77.926079,35.704124,0 -77.92566100000001,35.704308,0 -77.92545200000001,35.704387,0 -77.92534929999999,35.7044224999999,0 -77.925212,35.70447,0 -77.925099,35.7045,0 -77.924674,35.704625,0 -77.924454,35.704682,0 -77.92402199999999,35.704774,0 -77.923772,35.704815,0 -77.923337,35.704878,0 -77.92312560000001,35.7049037,0 -77.9230872,35.7049084,0 -77.921936,35.70505,0 -77.92174730000001,35.7050717,0 -77.920148,35.705256,0 -77.9199078,35.7052839,0 -77.91979499999999,35.7052504,0 -77.9191914,35.7053185,0 -77.9179072,35.7054644,0 -77.9173887,35.7055248,0 -77.916702,35.7056042,0 -77.9164116,35.705636,0 -77.9162762,35.7057037,0 -77.91569680000001,35.7057678,0 -77.9151907,35.7058272,0 -77.9145339,35.7059012,0 -77.91403990000001,35.7059592,0 -77.913704,35.705999,0 -77.9132901,35.7060559,0 -77.9128556,35.7061333,0 -77.912565,35.7061971,0 -77.91229490000001,35.7062624,0 -77.9118536,35.7063954,0 -77.91158009999999,35.7064866,0 -77.91121010000001,35.7066281,0 -77.9107357,35.7068446,0 -77.910365,35.7070347,0 -77.91000630000001,35.7072347,0 -77.9094077,35.7075819,0 -77.9093037,35.7077059,0 -77.9090405,35.7078898,0 -77.9085922,35.7081648,0 -77.907805,35.7086522,0 -77.9075308,35.7088253,0 -77.9072546,35.7089627,0 -77.90711210000001,35.7090243,0 -77.9069744,35.7090869000001,0 -77.9066796,35.7091958,0 -77.90647490000001,35.7092581,0 -77.9058936,35.7094351,0 -77.9050471,35.7096931,0 -77.9048768,35.7097449999999,0 -77.904721,35.7097871,0 -77.904551,35.7098331,0 -77.9038917,35.7100411,0 -77.9033136,35.7102168,0 -77.9030132,35.7103081,0 -77.9026022,35.7104449,0 -77.90156349999999,35.7107535,0 -77.9011909,35.7108642,0 -77.9004777,35.7110929,0 -77.9001734,35.711221,0 -77.8997741,35.7113892,0 -77.8994981,35.711537,0 -77.8991554,35.7117263,0 -77.8988691,35.7119135,0 -77.8988481,35.7119272,0 -77.898642,35.7120632,0 -77.89816089999999,35.7124452,0 -77.8979088,35.7126454,0 -77.8978552,35.7127052,0 -77.8977599,35.7128114,0 -77.89766539999999,35.7129102,0 -77.8975794,35.7130003,0 -77.89735279999999,35.7132445,0 -77.8971329,35.7135227,0 -77.8968765,35.7138726,0 -77.8967782,35.7140244,0 -77.8966669,35.7141995,0 -77.8964677,35.7145057,0 -77.89619209999999,35.7149521,0 -77.8958368,35.7155592,0 -77.8957882,35.7156378,0 -77.89570500000001,35.7157723000001,0 -77.8956173,35.7159247,0 -77.8955194,35.7160947,0 -77.8953023,35.7164524,0 -77.8949169,35.7170998,0 -77.8945384,35.7177227,0 -77.8941548,35.7183466,0 -77.8937495,35.7190289,0 -77.89330649999999,35.7197631,0 -77.8932361,35.7198798,0 -77.8931827,35.7199683,0 -77.8931334,35.72005,0 -77.8929267,35.7203926,0 -77.89259490000001,35.7209426,0 -77.8924854,35.721124,0 -77.8923879,35.7212856,0 -77.89226840000001,35.7214857,0 -77.892117,35.7217391,0 -77.8919935,35.7219537,0 -77.8919023,35.7221123,0 -77.8918228,35.722251,0 -77.8917941,35.7223011,0 -77.8916345,35.7225592,0 -77.8910479,35.7235077,0 -77.8909192,35.7237238,0 -77.8905268,35.7243824,0 -77.8899874,35.7252677000001,0 -77.8896282,35.7258435000001,0 -77.889377,35.7262007,0 -77.88903860000001,35.726631,0 -77.88872689999999,35.7269791,0 -77.88830609999999,35.7274085,0 -77.88767540000001,35.7279972000001,0 -77.8868963,35.7286038,0 -77.8848991,35.7300836,0 -77.8845529,35.7303514,0 -77.8842652,35.7305696,0 -77.8835313,35.7311096,0 -77.882846,35.7316139,0 -77.8820587,35.7322138,0 -77.8815381,35.7326419,0 -77.88114059999999,35.7330069,0 -77.88083279999999,35.7333222,0 -77.8803929,35.7338223,0 -77.8792012,35.735303,0 -77.8783474,35.7364172,0 -77.877842,35.7370250000001,0 -77.8768718,35.7382894,0 -77.87588270000001,35.739537,0 -77.87562699999999,35.7398655,0 -77.87510229999999,35.7405397,0 -77.87469919999999,35.7410616,0 -77.8743466,35.7415628,0 -77.8735564,35.7428214999999,0 -77.8733336,35.7431933,0 -77.8728443,35.7439681,0 -77.8727351,35.7441437,0 -77.87225479999999,35.7449347,0 -77.8718951,35.7454934,0 -77.8718792,35.7455181,0 -77.8713752,35.746325,0 -77.8703616,35.7479576,0 -77.8700967,35.748337,0 -77.86984200000001,35.7486674,0 -77.86961789999999,35.7489525,0 -77.86905160000001,35.7495773,0 -77.8679937,35.7506213,0 -77.8675851,35.7510246,0 -77.8670595,35.7515581,0 -77.86545479999999,35.7531707,0 -77.8646482,35.7539788,0 -77.8640534,35.7545809,0 -77.8634824,35.7552130999999,0 -77.86327249999999,35.7554913,0 -77.8630489,35.755789,0 -77.8628095,35.7561377,0 -77.862453,35.7567273,0 -77.8620195,35.7574792,0 -77.8611209,35.7590319,0 -77.860038,35.7608924,0 -77.8594751,35.7618632,0 -77.85926069999999,35.7622903,0 -77.859078,35.7627137,0 -77.8589455,35.7631814,0 -77.85868290000001,35.7641211,0 -77.85821439999999,35.7657875,0 -77.8579742,35.7666484,0 -77.8577008,35.7676691,0 -77.85757510000001,35.768242,0 -77.8575278,35.7685719,0 -77.8575118,35.7690203,0 -77.8575185,35.7696878,0 -77.85752530000001,35.7704855,0 -77.85752650000001,35.7713278,0 -77.85753769999999,35.7726049000001,0 -77.8575439,35.7737562,0 -77.8575637,35.7753677,0 -77.8575604,35.775933,0 -77.8575752,35.776374,0 -77.8576037,35.7767172,0 -77.85768830000001,35.7778646,0 -77.85780250000001,35.7792787,0 -77.8578655,35.7798902,0 -77.85796999999999,35.7802667,0 -77.8580695,35.7805465,0 -77.8582157,35.7809278,0 -77.8586109,35.7819839,0 -77.858705,35.7824208,0 -77.85875059999999,35.7828628,0 -77.8587283,35.7833408,0 -77.85867709999999,35.7839688,0 -77.85852199999999,35.7851351,0 -77.8584614,35.7858061,0 -77.8584034,35.7864254,0 -77.8583508,35.7872551,0 -77.8582996,35.78777,0 -77.8581271,35.7888385,0 -77.8579472,35.7896655,0 -77.85767970000001,35.7905026,0 -77.85734720000001,35.7913808,0 -77.8571668,35.7918177,0 -77.8568762,35.7924928,0 -77.8563801,35.7936441,0 -77.85582170000001,35.7949138,0 -77.8550857,35.7966392,0 -77.85464570000001,35.7976784,0 -77.854237,35.7985982,0 -77.8537694,35.799709,0 -77.8531143,35.8012164,0 -77.85233599999999,35.8030529,0 -77.8517513,35.8044038,0 -77.85135579999999,35.8053395,0 -77.8509693,35.8064066,0 -77.85084019999999,35.8068871,0 -77.8507226,35.8073755,0 -77.85065350000001,35.8076544,0 -77.8505718,35.8080796,0 -77.8504866,35.8086247,0 -77.85042489999999,35.8091719,0 -77.8503802,35.8098249,0 -77.8503561,35.8103384,0 -77.8503539,35.8108125,0 -77.8503724,35.8111112,0 -77.850414,35.8117688,0 -77.8505049,35.812544,0 -77.85060110000001,35.8130719,0 -77.85066449999999,35.8133954,0 -77.8508453,35.8141412000001,0 -77.85104459999999,35.8148054,0 -77.85124639999999,35.8154,0 -77.8514158,35.8158182,0 -77.85183429999999,35.8167416,0 -77.85220099999999,35.8174474,0 -77.8525783,35.8180763,0 -77.85355629999999,35.8195491,0 -77.85404560000001,35.8202638,0 -77.85434619999999,35.8206991,0 -77.854748,35.8212746,0 -77.8550561,35.8217601,0 -77.8553508,35.8222818,0 -77.85554380000001,35.8226906,0 -77.8556832,35.823007,0 -77.85584369999999,35.8234326,0 -77.855959,35.8237821,0 -77.8561433,35.8245599,0 -77.8562843,35.8253008,0 -77.85634,35.8258649,0 -77.8563503,35.8263091,0 -77.85632320000001,35.8269067,0 -77.8562483,35.8276874,0 -77.8561809,35.8283121,0 -77.8560785,35.8291725,0 -77.85594709999999,35.8302289,0 -77.8558298,35.8312503,0 -77.8557842,35.8316768,0 -77.8555822,35.8333976,0 -77.8555096,35.834004,0 -77.85533,35.8355128,0 -77.8551642,35.8368912,0 -77.85502200000001,35.8381296,0 -77.8548883,35.8392451,0 -77.8547744,35.8399029,0 -77.8545749,35.8411887999999,0 -77.8544857,35.841643,0 -77.85439239999999,35.8420192,0 -77.8542636,35.8423937,0 -77.85413920000001,35.8427224,0 -77.8538649,35.8432733,0 -77.8537144,35.8435599,0 -77.8535435,35.843839,0 -77.853345,35.8441258,0 -77.852965,35.8445937,0 -77.85257249999999,35.8450446,0 -77.85148909999999,35.8459782,0 -77.8509497,35.846337,0 -77.85049480000001,35.8466172,0 -77.84969940000001,35.8470196,0 -77.8473491,35.8480306,0 -77.8465467,35.8483753,0 -77.8448008,35.8491916,0 -77.84414,35.8494915,0 -77.8427399,35.8501354,0 -77.8427281,35.8501408,0 -77.8406861,35.851115,0 -77.840028,35.8514594,0 -77.8396034,35.8517273,0 -77.839095,35.8520783,0 -77.8386027,35.8524767,0 -77.83804859999999,35.8530029,0 -77.8377023,35.853384,0 -77.83736330000001,35.8538018,0 -77.83706840000001,35.8542441,0 -77.83671990000001,35.8548249,0 -77.83619779999999,35.8557789,0 -77.8358234,35.8564561,0 -77.8356915,35.8567035,0 -77.83551679999999,35.8570204,0 -77.8353376,35.8573418,0 -77.83500479999999,35.8579624,0 -77.83478460000001,35.8583651,0 -77.8344092,35.8590395,0 -77.8343175,35.8592086,0 -77.83394819999999,35.8598782,0 -77.8334133,35.8608594,0 -77.83316840000001,35.8612915,0 -77.8330342,35.8613831,0 -77.8327455,35.8619594,0 -77.83267480000001,35.8621005,0 -77.8325328,35.8623838,0 -77.8323726,35.8626901,0 -77.83231550000001,35.8627992,0 -77.8322132,35.8629947,0 -77.83203399999999,35.8633234,0 -77.8315393,35.8642312,0 -77.8306666,35.8658458,0 -77.8301688,35.8667408,0 -77.829686,35.8676367,0 -77.82946339999999,35.8680628,0 -77.8293553,35.8682815,0 -77.8291622,35.8686721,0 -77.8290963,35.8688053,0 -77.8286289,35.8697506,0 -77.8283417,35.8703265,0 -77.82812939999999,35.8707516999999,0 -77.8280266,35.8709578,0 -77.827956,35.8710992,0 -77.82782419999999,35.8713571,0 -77.827765,35.871473,0 -77.8276434,35.8717107,0 -77.8275805,35.8718338,0 -77.8272264,35.8725966,0 -77.827203,35.872647,0 -77.8262294,35.8745134,0 -77.825765,35.8754521,0 -77.8250467,35.8769093,0 -77.8248226,35.8773574,0 -77.82436850000001,35.8782574,0 -77.8236996,35.8796013,0 -77.8232965,35.8804159,0 -77.8228055,35.8814082,0 -77.82223550000001,35.8825018,0 -77.8219735,35.8831157,0 -77.821679,35.8839161,0 -77.8214705,35.8847621,0 -77.8213523,35.885605,0 -77.8213289,35.8860095,0 -77.8213212,35.8863978,0 -77.82132470000001,35.8869025,0 -77.82134809999999,35.8871269,0 -77.8213757,35.8873495,0 -77.8213935,35.8874737,0 -77.8214234,35.8876831,0 -77.8214712,35.887953,0 -77.8215715,35.8883515,0 -77.82166100000001,35.8886422,0 -77.8217477,35.8889026,0 -77.82195849999999,35.889463,0 -77.822872,35.8919061,0 -77.8231881,35.8927513,0 -77.8238138,35.8943834,0 -77.82429980000001,35.8956416,0 -77.82548749999999,35.8987314,0 -77.82552699999999,35.8988391,0 -77.8265427,35.9016065,0 -77.82699959999999,35.9028514000001,0 -77.827191,35.903551,0 -77.8280688,35.9055416,0 -77.828322,35.9062341,0 -77.8286566,35.9070483,0 -77.8289905,35.9079535,0 -77.83032679999999,35.9113904,0 -77.830564,35.9119982,0 -77.83074670000001,35.9124956,0 -77.83079789999999,35.9126484,0 -77.8308947,35.9128633,0 -77.8310314,35.9132398,0 -77.8311006,35.9134293,0 -77.83136759999999,35.9141441,0 -77.83151359999999,35.9146098,0 -77.83161269999999,35.9149574,0 -77.83167950000001,35.9152909,0 -77.8317502,35.9156518,0 -77.8317864,35.9159611,0 -77.8318321,35.9163807,0 -77.8318412,35.9167394,0 -77.8318422,35.9167784,0 -77.8318374,35.9170619,0 -77.8318245,35.9173589,0 -77.8318022,35.9178724,0 -77.8317701,35.9183056,0 -77.83172860000001,35.9186558,0 -77.83165049999999,35.9194239,0 -77.8316298,35.9196274,0 -77.8315408,35.920525,0 -77.831457,35.9213698,0 -77.8314534,35.9214065,0 -77.8313782,35.9220556,0 -77.8312588,35.9233273,0 -77.8311741,35.9241512000001,0 -77.831112,35.9246914,0 -77.831036,35.925321,0 -77.8309594,35.9260723,0 -77.83075959999999,35.9283154,0 -77.8306372,35.929549,0 -77.8306327,35.9295895999999,0 -77.8305436,35.9304014000001,0 -77.830533,35.9305066,0 -77.8305084,35.9307499,0 -77.8304634,35.9313253,0 -77.8303643,35.9322922,0 -77.83036749999999,35.9324143,0 -77.8302874,35.9328704,0 -77.830241,35.9331343,0 -77.8302195,35.9332663,0 -77.8301716,35.9335605,0 -77.8301127,35.9341036,0 -77.83003359999999,35.9349287,0 -77.8299464,35.9357889,0 -77.8298851,35.9364096,0 -77.8298429,35.9370474,0 -77.8298192,35.9376023,0 -77.82979829999999,35.9379732,0 -77.82979159999999,35.9381255,0 -77.82973680000001,35.9388027,0 -77.8296387,35.9410007,0 -77.82959889999999,35.9416991,0 -77.829584,35.9419605,0 -77.8295328,35.942955,0 -77.8294868,35.9439232,0 -77.8294791,35.9440854,0 -77.82945839999999,35.9444767,0 -77.8294259,35.9450801,0 -77.8293666,35.9462898,0 -77.8293061,35.9473768,0 -77.82928269999999,35.9477464,0 -77.82926,35.9480082,0 -77.8292381,35.9482346,0 -77.8291907,35.9485094,0 -77.8291182,35.948836,0 -77.8290781,35.9490721,0 -77.82900669999999,35.949381,0 -77.828953,35.9496133,0 -77.8288179,35.9501977,0 -77.8287266,35.950578,0 -77.8286342,35.9508532,0 -77.8285806,35.9509873,0 -77.8284718,35.9512592,0 -77.82835489999999,35.9515008,0 -77.82815650000001,35.9518373,0 -77.8278856,35.9522398,0 -77.82768129999999,35.9525027,0 -77.82733349999999,35.9529751,0 -77.8271931,35.9531714,0 -77.8270417,35.953373,0 -77.8267804,35.9537211,0 -77.8265913,35.9539729,0 -77.8254242,35.9554804,0 -77.8243872,35.9568474,0 -77.824229,35.9570517,0 -77.8234008,35.9581301,0 -77.8224462,35.959409,0 -77.8220412,35.9599746,0 -77.8218093,35.9602796,0 -77.82178020000001,35.9603179,0 -77.821228,35.9610257,0 -77.82080929999999,35.9615274,0 -77.8204988,35.9619212,0 -77.820093,35.9624759,0 -77.81994349999999,35.9626803,0 -77.81954210000001,35.9632276,0 -77.8185802,35.9644744,0 -77.8183861,35.9647359,0 -77.8171165,35.9662927,0 -77.8168175,35.9665815,0 -77.8167437,35.966667,0 -77.81541060000001,35.9677926,0 -77.8148369,35.9681777,0 -77.8145835,35.9683283,0 -77.8142137,35.9685424,0 -77.81392339999999,35.9687133,0 -77.8134252,35.9689752,0 -77.81332279999999,35.969029,0 -77.8132597,35.9690622,0 -77.8130913,35.9691482000001,0 -77.8128097,35.9692921,0 -77.8125364,35.9694205,0 -77.81241869999999,35.9694758,0 -77.8121672,35.9695856,0 -77.81201369999999,35.9696527000001,0 -77.81154859999999,35.9698521,0 -77.8106952,35.9702179,0 -77.8098786,35.9705567000001,0 -77.8094179,35.9707478,0 -77.8089536,35.9709404,0 -77.80856060000001,35.9711035,0 -77.80827170000001,35.971215,0 -77.80807849999999,35.9713076,0 -77.808027,35.9713289,0 -77.80765940000001,35.9714911,0 -77.8062984,35.9720908,0 -77.80558259999999,35.9723997,0 -77.80536240000001,35.9724909,0 -77.8048804,35.9726839,0 -77.80358819999999,35.9731855000001,0 -77.80337969999999,35.9732704,0 -77.8029014,35.9734653,0 -77.8020932,35.9738018,0 -77.8015858,35.9740073,0 -77.8006752,35.974391,0 -77.799865,35.974771,0 -77.7997641,35.9748224,0 -77.7997008,35.9748491,0 -77.79955339999999,35.9749079,0 -77.7992876,35.9750139,0 -77.7987277,35.9752373,0 -77.7978404,35.975638,0 -77.7976786,35.975711,0 -77.796888,35.976068,0 -77.796767,35.9761189,0 -77.79672429999999,35.9761369,0 -77.79659169999999,35.9761927,0 -77.7960052,35.9764396,0 -77.7956295,35.9765977,0 -77.7955508,35.9766308,0 -77.7950531,35.9768432,0 -77.7937392,35.9774040000001,0 -77.7929965,35.977721,0 -77.7929534,35.9777404,0 -77.7926054,35.9778967,0 -77.7921387,35.9781063,0 -77.7920091,35.9781713,0 -77.7917801,35.9782863,0 -77.7912561,35.9785496,0 -77.7911558,35.9786057,0 -77.79076739999999,35.9788229,0 -77.7907094,35.978858,0 -77.79026880000001,35.9791246,0 -77.7895073,35.9796153,0 -77.7893005,35.9797735,0 -77.78889529999999,35.9800835,0 -77.7887187,35.9802186,0 -77.788611,35.980301,0 -77.78780329999999,35.9809469,0 -77.7873522,35.98136,0 -77.7872285,35.9814732,0 -77.7866738,35.9820332,0 -77.78659829999999,35.982118,0 -77.7865157,35.9822108,0 -77.7863411,35.9824069,0 -77.7861278,35.9826464,0 -77.78596210000001,35.9828468000001,0 -77.7856769,35.9831983,0 -77.7856572,35.9832226,0 -77.7853511,35.9836305,0 -77.7851489,35.9839238,0 -77.7851271,35.9839555,0 -77.78498690000001,35.984159,0 -77.7848781,35.9843169,0 -77.7847932,35.9844563,0 -77.7847142,35.984586,0 -77.78457640000001,35.9848158,0 -77.7844857,35.9849671,0 -77.7843957,35.9851324,0 -77.78421830000001,35.9854584,0 -77.78419719999999,35.9854947,0 -77.784075,35.985705,0 -77.78387069999999,35.9860796,0 -77.7838302,35.9861614,0 -77.7835743,35.9866781,0 -77.7833416,35.9871543,0 -77.7831539,35.9875158,0 -77.7829218,35.9879629,0 -77.7826712,35.9884526,0 -77.7825139,35.9887585,0 -77.782405,35.9889703,0 -77.78205440000001,35.9896565,0 -77.7816978,35.9903292,0 -77.78153829999999,35.9906355,0 -77.7814345,35.9907992,0 -77.78073120000001,35.9922109,0 -77.7806925,35.9922887,0 -77.78051790000001,35.9926044,0 -77.78040900000001,35.9927816,0 -77.78032349999999,35.9929206,0 -77.7802286,35.993077,0 -77.7800055,35.99339,0 -77.7795407,35.993937,0 -77.779132,35.994427,0 -77.77889829999999,35.9946994,0 -77.77884090000001,35.994781,0 -77.7787316,35.9949361,0 -77.7786344,35.9950823,0 -77.7785581,35.9951972,0 -77.77840209999999,35.9954579,0 -77.77827550000001,35.9956969,0 -77.77793459999999,35.9963401,0 -77.7776528,35.9968719,0 -77.7775948,35.9969818,0 -77.77726730000001,35.997602,0 -77.77723090000001,35.9976708,0 -77.7770917,35.997943,0 -77.77704249999999,35.9980392,0 -77.7769018,35.9983174,0 -77.77682729999999,35.9984464,0 -77.7766759,35.9987084,0 -77.7764354,35.9991409,0 -77.77591649999999,36.0003487000001,0 -77.775362,36.0017225,0 -77.77533270000001,36.0018098,0 -77.77521900000001,36.0021477,0 -77.7750004,36.0029174,0 -77.7747813,36.0036949,0 -77.77439409999999,36.0050316,0 -77.774214,36.005626,0 -77.7741841,36.0057301,0 -77.7735885,36.0078067,0 -77.77276259999999,36.0106603,0 -77.7726208,36.0111438,0 -77.7725579,36.0113425,0 -77.7725197,36.0114647,0 -77.7724948,36.0115563,0 -77.7724437,36.0117446,0 -77.77213329999999,36.012825,0 -77.77132039999999,36.0155977,0 -77.7712229,36.0159334,0 -77.7710282,36.0166034,0 -77.7706733,36.0178463,0 -77.7706395,36.0179812,0 -77.7700438,36.0200267,0 -77.7693836,36.0223233,0 -77.7691437,36.0231023999999,0 -77.7689859,36.0236586,0 -77.7688974,36.0239704,0 -77.76869240000001,36.0246927999999,0 -77.76809799999999,36.0267231,0 -77.7678267,36.0276705,0 -77.7675888,36.028501,0 -77.7671845,36.0298877,0 -77.76691340000001,36.0308105,0 -77.766457,36.0323035,0 -77.7663213,36.0328189,0 -77.7662875,36.0329391,0 -77.7662569,36.0330539,0 -77.7661116,36.03347,0 -77.76592890000001,36.0339378,0 -77.76578189999999,36.0342955,0 -77.76552270000001,36.0348671,0 -77.76507650000001,36.0358136,0 -77.76438659999999,36.0372553,0 -77.7641163,36.0378275,0 -77.76384419999999,36.0384046,0 -77.7632335,36.0396303,0 -77.76309809999999,36.0398833,0 -77.7629154,36.0402111,0 -77.7627639,36.0404503,0 -77.76266440000001,36.0405957,0 -77.762452,36.0408769,0 -77.7623237,36.0410352,0 -77.76207719999999,36.0413265,0 -77.7619392,36.0414737,0 -77.76163699999999,36.0417665,0 -77.7613873,36.0419963,0 -77.7610875,36.0422476,0 -77.7608121,36.0424641,0 -77.76042150000001,36.0427542,0 -77.7600802,36.0430078,0 -77.7598362,36.0431871,0 -77.7597399,36.0432579,0 -77.7596145,36.0433495,0 -77.7592081,36.0436463,0 -77.7587044,36.0440498,0 -77.7579614,36.0446062,0 -77.75715099999999,36.0452134,0 -77.75656410000001,36.0456481,0 -77.75607460000001,36.0460268,0 -77.75569590000001,36.0463171,0 -77.7553102,36.0466389,0 -77.7549248,36.0469773,0 -77.75458759999999,36.0473012,0 -77.75423290000001,36.0476417,0 -77.7540091,36.0478357,0 
				
					-77.7540091,36.0478357,0 -77.7535259,36.0483585,0 -77.7533875,36.048508,0 -77.753186,36.0487258,0 -77.7529723,36.0489567,0 -77.7524916,36.0494763,0 -77.7522458,36.0497419,0 -77.7521722,36.0498215,0 -77.75207949999999,36.0499216,0 -77.75196339999999,36.0500532,0 -77.7518429,36.0501843,0 -77.7518068,36.0502246,0 -77.7516699,36.0503772,0 -77.7515307,36.0505323,0 -77.75150669999999,36.0505585,0 -77.75145329999999,36.050617,0 -77.75140399999999,36.0506903,0 -77.7513842,36.0507197,0 -77.7512315,36.0509612,0 -77.7511013,36.0511604,0 -77.75107319999999,36.0512034,0 -77.75097030000001,36.0513746,0 -77.7508225,36.0516203,0 -77.7506818,36.051871,0 -77.74998050000001,36.0530328,0 -77.7498195,36.053391,0 -77.74971619999999,36.0538004,0 -77.7497068,36.0538576,0 -77.74968370000001,36.0540478,0 -77.749669,36.0542578,0 -77.7496561,36.054464,0 -77.74961399999999,36.0553746,0 -77.7495634,36.0565833,0 -77.7495431,36.0570693,0 -77.74954219999999,36.0570904,0 -77.7494968,36.0577989,0 -77.7494398,36.058689,0 -77.74925500000001,36.061576,0 -77.7491431,36.06422,0 -77.7491002,36.0651316,0 -77.74905649999999,36.066011,0 -77.74902849999999,36.0666714,0 -77.7490124,36.067264,0 -77.7489789,36.0681476,0 -77.7489155,36.0692867,0 -77.7488937,36.0697635,0 -77.7487137,36.0732193,0 -77.7486885,36.0737255,0 -77.7484565,36.078175,0 -77.748435,36.0786317,0 -77.74841979999999,36.0789514,0 -77.74840349999999,36.0791295,0 -77.74838920000001,36.079259,0 -77.7483299,36.0795731,0 -77.74828119999999,36.0797691,0 -77.74816730000001,36.0801054,0 -77.74808609999999,36.0803014,0 -77.748007,36.0804628,0 -77.7478922,36.0806724,0 -77.7477256,36.080931,0 -77.74758540000001,36.0811186,0 -77.74742190000001,36.0813143,0 -77.74729480000001,36.0814524,0 -77.7471761,36.0815745,0 -77.7469773,36.0817516,0 -77.7465661,36.0820887,0 -77.74641750000001,36.0822068,0 -77.7456656,36.0828048,0 -77.74459969999999,36.0836498,0 -77.7441388,36.0840076999999,0 -77.7439079,36.0841919,0 -77.7380284,36.0889311,0 -77.736958,36.0897960999999,0 -77.7356229,36.0908663,0 -77.7346999,36.0916181,0 -77.7340981,36.0921083,0 -77.733819,36.0923223,0 -77.7336627,36.0924384,0 -77.73352010000001,36.0925434,0 -77.7333273,36.0926677,0 -77.73314240000001,36.0927837,0 -77.7327118,36.0929979,0 -77.7323787,36.0931361,0 -77.7281933,36.0948722,0 -77.7271147,36.0953201,0 -77.72675580000001,36.095469,0 -77.7237141,36.0967311,0 -77.723067,36.0969651,0 -77.7212554,36.0977219,0 -77.7202078,36.098175,0 -77.7198381,36.0984139999999,0 -77.7195942,36.0985899,0 -77.719493,36.0986629,0 -77.7191418,36.0990164,0 -77.7187976,36.0994609,0 -77.7186604,36.0996691,0 -77.71862419999999,36.099724,0 -77.7181997,36.1003525,0 -77.717658,36.1012139,0 -77.71764779999999,36.1012291,0 -77.71631309999999,36.1032213,0 -77.7156493,36.10426,0 -77.71439650000001,36.1061497,0 -77.713885,36.1069164,0 -77.7133134,36.1078076,0 -77.7129578,36.1083413,0 -77.71199319999999,36.1097891,0 -77.7114057,36.1107183,0 -77.7100842,36.1127303,0 -77.70877249999999,36.1148009,0 -77.7085661,36.1150785000001,0 -77.7078284,36.116257,0 -77.7076658,36.116766,0 -77.7075035,36.117475,0 -77.70734179999999,36.1181243,0 -77.7071244,36.1186028,0 -77.7068203,36.1190615,0 -77.7060273,36.1198662,0 -77.70534309999999,36.1204523,0 -77.7045248,36.1212706,0 -77.7029505,36.1236476,0 -77.7022281,36.1247455,0 -77.70168289999999,36.1255142,0 -77.70130760000001,36.1260986,0 -77.7009959,36.1265841,0 -77.69978,36.128444,0 -77.6979662,36.1312266,0 -77.69722,36.1323787,0 -77.694812,36.136043,0 -77.69469669999999,36.1362416,0 -77.6945133,36.136578,0 -77.6944165,36.1367821,0 -77.69437790000001,36.1368679,0 -77.6943397,36.1369527,0 -77.69427469999999,36.1371127,0 -77.6941649,36.1373828,0 -77.6940268,36.1378063,0 -77.6939673,36.1380071,0 -77.6938815,36.1383641,0 -77.6937707,36.1391822,0 -77.69370170000001,36.1399832,0 -77.6935938,36.1413046,0 -77.6935459,36.1418879,0 -77.6935099,36.1423985,0 -77.693292,36.1449355,0 -77.69326119999999,36.1454114,0 -77.6931653,36.1466722,0 -77.69306640000001,36.1479427,0 -77.69301249999999,36.1486808,0 -77.69301249999999,36.1494503,0 -77.6929885,36.1500359,0 -77.69294050000001,36.1506433,0 -77.6928956,36.1513111,0 -77.6927637,36.1529614,0 -77.6926079,36.1547617,0 -77.69250599999999,36.1553134,0 -77.6923951,36.1557271,0 -77.6921794,36.1563635,0 -77.69201700000001,36.156672,0 -77.691756,36.157062,0 -77.691442,36.157451,0 -77.691098,36.157781,0 -77.690668,36.158109,0 -77.6894351,36.1588589,0 -77.687309,36.160152,0 -77.685739,36.161071,0 -77.685412,36.161305,0 -77.684515,36.162021,0 -77.683627,36.162813,0 -77.681983,36.164245,0 -77.68194699999999,36.164279,0 -77.681907,36.164311,0 -77.6797253,36.1662161,0 -77.67856399999999,36.167223,0 -77.678456,36.167317,0 -77.677717,36.167954,0 -77.676823,36.168741,0 -77.676519,36.169008,0 -77.67387100000001,36.171341,0 -77.673221,36.171896,0 -77.67195599999999,36.173014,0 -77.67110599999999,36.173756,0 -77.67057,36.174234,0 -77.669566,36.175115,0 -77.669425,36.175236,0 -77.66891200000001,36.175683,0 -77.668325,36.1762,0 -77.66825,36.176269,0 -77.66726,36.177165,0 -77.666078,36.178162,0 -77.66515800000001,36.178971,0 -77.6649924,36.179115,0 -77.664725,36.1793474,0 -77.6646672,36.1793976,0 -77.6645616,36.1794862,0 -77.6644182,36.179614,0 -77.66427899999999,36.179735,0 -77.66321600000001,36.180669,0 -77.66238300000001,36.1814,0 -77.6622531,36.1815152,0 -77.662128,36.181626,0 -77.6620784,36.1816699,0 -77.6620277,36.1817147,0 -77.6618658,36.1818578,0 -77.661834,36.181886,0 -77.661726,36.181982,0 -77.6615987,36.182095,0 -77.66142499999999,36.182249,0 -77.661106,36.182531,0 -77.66050850000001,36.1830394,0 -77.66026100000001,36.18325,0 -77.659539,36.183879,0 -77.658979,36.184374,0 -77.65877500000001,36.184554,0 -77.6570428,36.1860735,0 -77.656885,36.186194,0 -77.656396,36.186618,0 -77.655711,36.1872150000001,0 -77.6553978,36.1874913,0 -77.650049,36.192209,0 -77.6499503,36.1922962,0 -77.64984029999999,36.1923934,0 -77.649612,36.192595,0 -77.64854099999999,36.193506,0 -77.648332,36.193687,0 -77.64548000000001,36.196157,0 -77.64278419999999,36.1982688,0 -77.6425052,36.1984833,0 -77.6424229,36.1985469,0 -77.642321,36.1986255,0 -77.642099,36.1987966,0 -77.64164700000001,36.19912,0 -77.641194,36.199469,0 -77.636883,36.20279,0 -77.63526,36.204035,0 -77.633994,36.20499,0 -77.632205,36.206369,0 -77.631783,36.206789,0 -77.6315549,36.2070599,0 -77.630966,36.2077842,0 -77.63052999999999,36.208371,0 -77.63023099999999,36.2089049999999,0 -77.630004,36.209441,0 -77.629633,36.2105239999999,0 -77.6295301,36.2108324000001,0 -77.629362,36.211318,0 -77.629115,36.21204,0 -77.6284441,36.2140951,0 -77.62837759999999,36.2143085,0 -77.628265,36.214655,0 -77.6282125,36.2148043,0 -77.62810090000001,36.2151221,0 -77.6275646,36.2166485,0 -77.627544,36.216707,0 -77.6274714,36.2168864,0 -77.627421,36.217011,0 -77.627273,36.217308,0 -77.627195,36.217465,0 -77.62679199999999,36.218157,0 -77.626536,36.218521,0 -77.626001,36.21925,0 -77.62591500000001,36.219368,0 -77.625201,36.2201701,0 -77.625185,36.220189,0 -77.625173,36.2202,0 -77.62472699999999,36.220589,0 -77.6246766,36.2206265,0 -77.624594,36.220688,0 -77.62385399999999,36.221238,0 -77.623401,36.221525,0 -77.623071,36.221721,0 -77.620034,36.223562,0 -77.61989699999999,36.223645,0 -77.61950400000001,36.22389,0 -77.618836,36.2243252,0 -77.618781,36.224361,0 -77.6187171,36.2244127,0 -77.617968,36.225019,0 -77.616569,36.226535,0 -77.6164684,36.226648,0 -77.616102,36.2270375,0 -77.615701,36.227468,0 -77.615559,36.227622,0 -77.614756,36.228491,0 -77.614555,36.228721,0 -77.614492,36.228793,0 -77.61379100000001,36.229531,0 -77.612847,36.230556,0 -77.6115528,36.2319788,0 -77.611519,36.231998,0 -77.610737,36.232824,0 -77.60971000000001,36.2338900000001,0 -77.6083,36.235487,0 -77.607944,36.2360129999999,0 -77.607737,36.236262,0 -77.607116,36.237347,0 -77.6064921,36.2385242,0 -77.605925,36.239518,0 -77.604907,36.241476,0 -77.60450400000001,36.242289,0 -77.60432900000001,36.242663,0 -77.60417870000001,36.2430978,0 -77.6040268,36.2434699,0 -77.60385599999999,36.243956,0 -77.603658,36.244663,0 -77.6035462,36.245287,0 -77.603494,36.2455814,0 -77.603443,36.2459213,0 -77.60344000000001,36.2459440000001,0 -77.60328629999999,36.246832,0 -77.60301,36.248425,0 -77.602076,36.254031,0 -77.60152650000001,36.2572699,0 -77.600646,36.2627259999999,0 -77.600435,36.264066,0 -77.60018700000001,36.2655347,0 -77.599962,36.266994,0 -77.59928859999999,36.2709756,0 -77.59909759999999,36.2721487,0 -77.59898800000001,36.272828,0 -77.59847499999999,36.275766,0 -77.598423,36.2760239999999,0 -77.598365,36.276316,0 -77.59829070000001,36.2767924,0 -77.598035,36.277493,0 -77.59780499999999,36.2781221,0 -77.59761690000001,36.2786226,0 -77.5974575,36.2789537,0 -77.5972555,36.2795144,0 -77.59710629999999,36.2799132,0 -77.59685260000001,36.2804748,0 -77.5963805,36.2818083,0 -77.5962281,36.2823544,0 -77.59610600000001,36.282982,0 -77.596092,36.284301,0 -77.596082,36.285295,0 -77.5960474,36.2875492,0 -77.596024,36.289072,0 -77.596008,36.29012,0 -77.595923,36.290958,0 -77.595828,36.291338,0 -77.595707,36.291708,0 -77.595371,36.292524,0 -77.594527,36.294571,0 -77.59416539999999,36.2958398,0 -77.594053,36.296234,0 -77.593547,36.299015,0 -77.5934321,36.2997446,0 -77.5928581,36.3029632,0 -77.59280099999999,36.303294,0 -77.592654,36.303981,0 -77.59245799999999,36.304728,0 -77.59244099999999,36.304793,0 -77.592279,36.305315,0 -77.59204200000001,36.306117,0 -77.591869,36.306748,0 -77.591843,36.306842,0 -77.591775,36.307191,0 -77.591733,36.307497,0 -77.591728,36.307757,0 -77.591731,36.308012,0 -77.591765,36.308319,0 -77.591808,36.3085729,0 -77.59182699999999,36.308685,0 -77.591928,36.309029,0 -77.592099,36.309508,0 -77.59216499999999,36.309657,0 -77.59225600000001,36.30982,0 -77.592347,36.309964,0 -77.592404,36.310054,0 -77.592551,36.3102620000001,0 -77.59256999999999,36.310284,0 -77.592815,36.310568,0 -77.593059,36.310846,0 -77.593569,36.311472,0 -77.594779,36.312911,0 -77.594949,36.313131,0 -77.59505799999999,36.313287,0 -77.595163,36.313484,0 -77.59524,36.313643,0 -77.59532299999999,36.3138339999999,0 -77.595378,36.313981,0 -77.59543499999999,36.314257,0 -77.595454,36.3144,0 -77.5955731,36.3158157,0 -77.5955867,36.316384,0 -77.5956,36.3169437999999,0 -77.59559299999999,36.317196,0 -77.59557700000001,36.317331,0 -77.59551999999999,36.317565,0 -77.59544,36.3178392,0 -77.59534600000001,36.3180676,0 -77.59527110000001,36.3182006,0 -77.59523009999999,36.3182477,0 -77.595005,36.318638,0 -77.59485770000001,36.3188353,0 -77.59474400000001,36.319017,0 -77.5942309,36.3198004,0 -77.5940568,36.3200663,0 -77.59389,36.320321,0 -77.5938433,36.3203980999999,0 -77.5937605,36.3205346,0 -77.59374889999999,36.3205537,0 -77.59367229999999,36.32068,0 -77.59356440000001,36.3208815,0 -77.5934579,36.3210447,0 -77.59343699999999,36.3210893999999,0 -77.5934273,36.3211099,0 -77.5934058,36.3212703,0 -77.593388,36.3213638,0 -77.5933359,36.3215982,0 -77.593316,36.321824,0 -77.59330869999999,36.322071,0 -77.59330319999999,36.3223268,0 -77.5932978,36.3227861,0 -77.5932902,36.3234309999999,0 -77.5932897,36.3235293,0 -77.59328960000001,36.3235498,0 -77.59328960000001,36.3236482,0 -77.5932895,36.3237562,0 -77.5932895,36.3240172,0 -77.59327930000001,36.3249923,0 -77.5932821,36.3254894,0 -77.5932967,36.3257821,0 -77.5933138,36.3260756,0 -77.59333239999999,36.3264958,0 -77.5934579,36.3285293,0 -77.593467,36.3286481,0 -77.5934835,36.3288861,0 -77.59354949999999,36.3294205,0 -77.5935685,36.3295112,0 -77.5936059,36.3297185,0 -77.5936425,36.3299447,0 -77.593687,36.3301409,0 -77.5937089,36.3302378,0 -77.5938479,36.3307495999999,0 -77.5939041,36.3310074,0 -77.5940001,36.331372,0 -77.5941301,36.331866,0 -77.5943582,36.3327191999999,0 -77.5944635,36.3331199000001,0 -77.5947012,36.33398,0 -77.5948667,36.3344568,0 -77.5948999,36.3345318999999,0 -77.5949588,36.3346463,0 -77.595152,36.335022,0 -77.59529499999999,36.335279,0 -77.5955163,36.3356278,0 -77.595754,36.335959,0 -77.59697199999999,36.33789,0 -77.59753499999999,36.339057,0 -77.59781099999999,36.339742,0 -77.597825,36.339779,0 -77.59789600000001,36.339965,0 -77.598311,36.341047,0 -77.59832900000001,36.341094,0 -77.599434,36.343891,0 -77.599937,36.345219,0 -77.60104200000001,36.347997,0 -77.601161,36.348464,0 -77.601174,36.348627,0 -77.601178,36.348675,0 -77.60118199999999,36.348863,0 -77.601178,36.349107,0 -77.601158,36.34946,0 -77.601018,36.35047,0 -77.60051540000001,36.3546657,0 -77.60050459999999,36.3547552000001,0 -77.60048070000001,36.3549168,0 -77.60043570000001,36.3551204,0 -77.60037819999999,36.3554986,0 -77.6002981,36.3560889,0 -77.60016520000001,36.3572127,0 -77.6001363,36.3575289000001,0 -77.60010200000001,36.3577745999999,0 -77.6000913,36.3578856,0 -77.6000763,36.3580358,0 -77.600009,36.3586287,0 -77.5999387,36.3590288,0 -77.5998764,36.3593878,0 -77.59979490000001,36.3597145,0 -77.5996457,36.3601125,0 -77.59950569999999,36.3604263,0 -77.59935350000001,36.3606946,0 -77.59918399999999,36.3609401,0 -77.59885300000001,36.361378,0 -77.595418,36.365831,0 -77.59396599999999,36.36775,0 -77.59379800000001,36.368017,0 -77.59322299999999,36.3690396,0 -77.5924109,36.3704839,0 -77.59235200000001,36.370591,0 -77.59025,36.374388,0 -77.59023500000001,36.374429,0 -77.590155,36.374657,0 -77.590113,36.374836,0 -77.59009500000001,36.3749542,0 -77.59008300000001,36.375033,0 -77.590073,36.375186,0 -77.59000899999999,36.375549,0 -77.59003300000001,36.375844,0 -77.590093,36.376287,0 -77.59018500000001,36.376596,0 -77.5902945,36.3769953999999,0 -77.59064100000001,36.378259,0 -77.591323,36.3807575,0 -77.591725,36.38223,0 -77.59217200000001,36.383806,0 -77.592235,36.384022,0 -77.592326,36.384331,0 -77.592703,36.385738,0 -77.593084,36.386665,0 -77.59312,36.386762,0 -77.59422739999999,36.3897715,0 -77.594273,36.389868,0 -77.5946678,36.3908966,0 -77.59476119999999,36.3911397,0 -77.594894,36.3914743,0 -77.59490340000001,36.391498,0 -77.59576,36.393867,0 -77.5962114,36.3950816,0 -77.597257,36.397904,0 -77.597336,36.398112,0 -77.59735879999999,36.3981719,0 -77.597455,36.398425,0 -77.597812,36.399365,0 -77.59799700000001,36.3998509999999,0 -77.5984033,36.4009715,0 -77.5984536,36.4011103,0 -77.5985517,36.4013809,0 -77.598828,36.402143,0 -77.59883499999999,36.402154,0 -77.598932,36.402304,0 -77.5990944,36.4027612,0 -77.59939300000001,36.403602,0 -77.59983699999999,36.404791,0 -77.60004069999999,36.4052598,0 -77.60020400000001,36.405728,0 -77.600262,36.40594,0 -77.60034400000001,36.406475,0 -77.600358,36.406568,0 -77.600359,36.406588,0 -77.600371,36.406857,0 -77.60037,36.407305,0 -77.60034899999999,36.407604,0 -77.600325,36.40786,0 -77.60014,36.408374,0 -77.600014,36.4087,0 -77.599707,36.409419,0 -77.59858199999999,36.411998,0 -77.598203,36.412866,0 -77.597582,36.41429,0 -77.59754599999999,36.41437,0 -77.597278,36.414964,0 -77.596934,36.415621,0 -77.596616,36.416163,0 -77.59657,36.416241,0 -77.596289,36.416619,0 -77.59597100000001,36.417081,0 -77.594438,36.419012,0 -77.593718,36.420102,0 -77.593423,36.420695,0 -77.593253,36.421086,0 -77.59296999999999,36.422074,0 -77.5928357589053,36.4229860877213,0 -77.5928007,36.4238793,0 -77.5928186,36.4242126,0 -77.5928655,36.4247464,0 -77.5929782,36.4254284,0 -77.5930432,36.425845,0 -77.5931719,36.4265128,0 -77.5932566,36.4273661,0 -77.5932711,36.4275125,0 
				
					-77.5932711,36.4275125,0 -77.5933225,36.4278469,0 -77.5935039,36.4290217,0 -77.59300500000001,36.4292656,0 -77.5924471,36.4295246,0 -77.59207429999999,36.4296929,0 -77.59186099999999,36.4297955,0 -77.5906213,36.4303919,0 -77.5895481,36.4309151,0 -77.58926200000001,36.431041,0 -77.588607,36.431346,0 -77.5876157,36.4318525,0 -77.5868354,36.4322519,0 -77.58652600000001,36.432416,0 -77.58584399999999,36.432794,0 -77.58489299999999,36.433335,0 -77.584356,36.43362,0 -77.584037,36.4337820000001,0 -77.58373,36.433929,0 -77.58334000000001,36.434109,0 -77.582982,36.434267,0 -77.582566,36.434443,0 -77.582111,36.434627,0 -77.58147599999999,36.4348919999999,0 -77.58111,36.435037,0 -77.58066700000001,36.435224,0 -77.5793977,36.435748,0 -77.579241,36.435811,0 -77.57841999999999,36.436143,0 -77.57782400000001,36.436395,0 -77.57767440000001,36.4364559,0 -77.57670400000001,36.436851,0 -77.57653310000001,36.4369204,0 -77.57648500000001,36.43694,0 -77.5762763,36.437028,0 -77.57600600000001,36.437142,0 -77.5728459,36.4384442,0 -77.571298,36.439082,0 -77.571094,36.4391695,0 -77.5707749,36.4393022,0 -77.57041959999999,36.4394451,0 -77.5703725,36.439464,0 -77.5686496,36.4401692,0 -77.5686188,36.4401819,0 -77.56834310000001,36.4402953,0 -77.56741,36.4406790000001,0 -77.56718549999999,36.4407706,0 -77.567116,36.440799,0 -77.56698400000001,36.440853,0 -77.56695999999999,36.440862,0 -77.566551,36.441018,0 -77.566239,36.44112,0 -77.56594,36.441202,0 -77.565479,36.441308,0 -77.565127,36.44138,0 -77.563289,36.441752,0 -77.562743,36.441863,0 -77.562237,36.441962,0 -77.561843,36.442048,0 -77.56168599999999,36.442069,0 -77.5613585,36.4421502,0 -77.560987,36.442302,0 -77.5608565,36.4423705,0 -77.560827,36.442386,0 -77.5607431,36.4424335,0 -77.560537,36.44255,0 -77.56043630000001,36.4426204,0 -77.56020100000001,36.442785,0 -77.56006600000001,36.442905,0 -77.559882,36.443089,0 -77.559719,36.443301,0 -77.559603,36.443486,0 -77.55950900000001,36.443674,0 -77.559388,36.443932,0 -77.55933899999999,36.444169,0 -77.559307,36.444347,0 -77.559293,36.444509,0 -77.559276,36.444699,0 -77.559259,36.445244,0 -77.559229,36.446182,0 -77.55922700000001,36.446228,0 -77.55922,36.446447,0 -77.559192,36.447346,0 -77.559178,36.447773,0 -77.5591484,36.448166,0 -77.559147,36.448185,0 -77.559127,36.448391,0 -77.55911500000001,36.448638,0 -77.559102,36.448784,0 -77.55906299999999,36.449063,0 -77.559029,36.449209,0 -77.558984,36.449403,0 -77.5589342,36.4496568,0 -77.558898,36.449841,0 -77.558806,36.450263,0 -77.55867499999999,36.450744,0 -77.55857,36.451072,0 -77.55841100000001,36.451606,0 -77.5582636,36.4520898,0 -77.5582256,36.4522086,0 -77.558133,36.452486,0 -77.557981,36.452972,0 -77.557858,36.453367,0 -77.55704799999999,36.455958,0 -77.556838,36.456632,0 -77.556668,36.457171,0 -77.5564686,36.4578081,0 -77.556268,36.458449,0 -77.55611500000001,36.458896,0 -77.556089,36.458973,0 -77.555915,36.459438,0 -77.55574,36.459851,0 -77.55527840000001,36.4608298,0 -77.55501,36.461399,0 -77.554211,36.463055,0 -77.55408799999999,36.463311,0 -77.55395,36.463612,0 -77.553843,36.46387,0 -77.553782,36.464042,0 -77.553731,36.46417,0 -77.55355299999999,36.464703,0 -77.553087,36.466193,0 -77.5525583,36.4679225,0 -77.5521869,36.4690725,0 -77.552137,36.469232,0 -77.5519615,36.4697932,0 -77.551778,36.47038,0 -77.551114,36.472513,0 -77.551053,36.472772,0 -77.55098599999999,36.473089,0 -77.55068799999999,36.474649,0 -77.5506128,36.4750396,0 -77.5504668,36.4757973,0 -77.55040099999999,36.476139,0 -77.55033400000001,36.476439,0 -77.550059,36.477352,0 -77.549745,36.478355,0 -77.549651,36.478656,0 -77.549477,36.4792022,0 -77.548405,36.482657,0 -77.547792,36.484606,0 -77.547786,36.484627,0 -77.54772699999999,36.484825,0 -77.54770000000001,36.484918,0 -77.546435,36.488977,0 -77.5461567,36.4898244,0 -77.5459929,36.4903368,0 -77.544658,36.494663,0 -77.543421,36.498652,0 -77.5431162,36.4996103,0 -77.542997,36.499985,0 -77.5429548,36.5001227,0 -77.542745,36.500808,0 -77.54252099999999,36.501399,0 -77.54229599999999,36.501803,0 -77.54034,36.505167,0 -77.53995399999999,36.505838,0 -77.5396978,36.5062769,0 -77.53934700000001,36.5068780000001,0 -77.539323,36.50692,0 -77.53918040000001,36.5071625,0 -77.539102,36.5073107,0 -77.5390021,36.5075296,0 -77.5389157,36.5077720999999,0 -77.53886559999999,36.5079489,0 -77.5388291,36.5081106,0 -77.5388025,36.5083638,0 -77.5387958,36.5085903,0 -77.538808,36.5088346,0 -77.5388315,36.5090515,0 -77.5388861,36.5092848,0 -77.5389491,36.5094626,0 -77.53905229999999,36.5096977,0 -77.5391114,36.5098097,0 -77.5392672,36.5100833,0 -77.5396586,36.5107495,0 -77.54000739999999,36.5113322,0 -77.54029389999999,36.5117895,0 -77.5404374,36.5120506,0 -77.5405233,36.5121855,0 -77.5406079,36.5123461,0 -77.54069680000001,36.5125613,0 -77.54083230000001,36.5130594,0 -77.5408602,36.5133686,0 -77.5408583,36.513624,0 -77.5408266,36.5139822,0 -77.5407795,36.5141881,0 -77.540554,36.514918,0 -77.53937500000001,36.518918,0 -77.53928500000001,36.519205,0 -77.53920100000001,36.519511,0 -77.539064,36.519967,0 -77.53900400000001,36.520184,0 -77.53898100000001,36.520263,0 -77.538207,36.522877,0 -77.53796199999999,36.523728,0 -77.537639,36.524814,0 -77.53733459999999,36.5258387,0 -77.5372678,36.5260637,0 -77.5372138,36.5262454,0 -77.537211,36.526255,0 -77.53720180000001,36.5262866,0 -77.536654,36.528164,0 -77.535732,36.531265,0 -77.535586,36.531733,0 -77.535436,36.532119,0 -77.5354166,36.5321643,0 -77.535346,36.532329,0 -77.535196,36.5326359999999,0 -77.534539,36.533905,0 -77.533861,36.535239,0 -77.53369000000001,36.535565,0 -77.533486,36.535966,0 -77.53274879999999,36.5374134,0 -77.5324458,36.5380082,0 -77.53228900000001,36.538316,0 -77.53213,36.538646,0 -77.53195599999999,36.539051,0 -77.5317289,36.5396389,0 -77.531076,36.541185,0 -77.53075200000001,36.541992,0 -77.530686,36.542174,0 -77.530603,36.542438,0 -77.530529,36.542711,0 -77.53046999999999,36.542979,0 -77.530415,36.543256,0 -77.530388,36.543452,0 -77.530361,36.543715,0 -77.530342,36.544003,0 -77.530338,36.544687,0 -77.530339,36.544983,0 -77.53034,36.545196,0 
				
					-77.53034,36.545196,0 -77.530334,36.546117,0 -77.530337,36.546263,0 -77.530348,36.546494,0 -77.530354,36.546647,0 -77.530405,36.5471,0 -77.530472,36.547451,0 -77.530637,36.548197,0 -77.530817,36.548739,0 -77.531068,36.5494309999999,0 -77.531339,36.550124,0 -77.531536,36.550613,0 -77.53197400000001,36.551691,0 -77.532175,36.552203,0 -77.53255799999999,36.553114,0 -77.53301999999999,36.554289,0 -77.533158,36.554611,0 -77.533619,36.555785,0 -77.53386999999999,36.556389,0 -77.535459,36.560372,0 -77.535663,36.560872,0 -77.536373,36.56261,0 -77.536568,36.563094,0 -77.536742,36.563513,0 -77.53777100000001,36.566087,0 -77.537862,36.566321,0 -77.53875499999999,36.568528,0 -77.53904799999999,36.569269,0 -77.539723,36.570936,0 -77.539965,36.571517,0 -77.540271,36.572302,0 -77.54043900000001,36.572711,0 -77.540762,36.573497,0 -77.540842,36.573698,0 -77.540944,36.573954,0 -77.54097299999999,36.574028,0 -77.54125000000001,36.574703,0 -77.54201399999999,36.576606,0 -77.542027,36.576647,0 -77.542214,36.577236,0 -77.54230800000001,36.577586,0 -77.542371,36.577887,0 -77.542411,36.578177,0 -77.54245,36.578744,0 -77.54245299999999,36.579062,0 -77.54243099999999,36.579546,0 -77.54238599999999,36.579997,0 -77.542316,36.580582,0 -77.542061,36.58266,0 -77.542051,36.582742,0 -77.541984,36.583374,0 -77.541943,36.583657,0 -77.54183999999999,36.584528,0 -77.54173900000001,36.585455,0 -77.54169899999999,36.585783,0 -77.541659,36.586108,0 -77.541642,36.58628,0 -77.541482,36.587598,0 -77.54147,36.587738,0 -77.54141199999999,36.588167,0 -77.54136699999999,36.588604,0 -77.541354,36.58873,0 -77.541263,36.589523,0 -77.541245,36.589731,0 -77.541093,36.590989,0 -77.54101,36.591739,0 -77.540987,36.592042,0 -77.540954,36.592464,0 -77.54094000000001,36.593134,0 -77.540937,36.59334,0 -77.54095700000001,36.594271,0 -77.540961,36.594327,0 -77.54099100000001,36.594867,0 -77.541026,36.595285,0 -77.54109200000001,36.59587,0 -77.54115299999999,36.596311,0 -77.541374,36.597507,0 -77.54156399999999,36.598292,0 -77.54170999999999,36.598826,0 -77.541937,36.599589,0 -77.54230800000001,36.600586,0 -77.54250399999999,36.601067,0 -77.542641,36.601391,0 -77.54275800000001,36.60164,0 -77.54323599999999,36.602612,0 -77.543605,36.603305,0 -77.54405300000001,36.604115,0 -77.544854,36.605593,0 -77.546389,36.608398,0 -77.54673200000001,36.609043,0 -77.54686599999999,36.609287,0 -77.548136,36.611611,0 -77.548554,36.612359,0 -77.54892100000001,36.613036,0 -77.549558,36.614195,0 -77.549909,36.614834,0 -77.550242,36.615453,0 -77.55058200000001,36.616065,0 -77.55116099999999,36.617142,0 -77.552531,36.619656,0 -77.5525712,36.6197259,0 -77.5529993,36.6204984,0 -77.55336200000001,36.621179,0 -77.554349,36.622978,0 -77.554772,36.623764,0 -77.554901,36.623996,0 -77.555122,36.624393,0 -77.55554100000001,36.62518,0 -77.555809,36.625685,0 -77.55619799999999,36.626464,0 -77.556479,36.6270749999999,0 -77.556811,36.627853,0 -77.55699,36.628303,0 -77.557272,36.629046,0 -77.55738700000001,36.629374,0 -77.55748800000001,36.629684,0 -77.557742,36.630497,0 -77.557953,36.631268,0 -77.558131,36.632009,0 -77.5581641,36.6321953,0 -77.5581971,36.6323813,0 -77.558269,36.6326719,0 -77.55832700000001,36.632932,0 -77.558364,36.633134,0 -77.558424,36.633467,0 -77.55852899999999,36.634105,0 -77.558609,36.634744,0 -77.558617,36.634822,0 -77.558655,36.635219,0 -77.5587,36.635806,0 -77.558745,36.636324,0 -77.558767,36.636837,0 -77.55878199999999,36.637561,0 -77.558779,36.638231,0 -77.55872599999999,36.639394,0 -77.55871999999999,36.639522,0 -77.55869199999999,36.639863,0 -77.558684,36.639961,0 -77.55862,36.640592,0 -77.55855,36.641145,0 -77.558449,36.641824,0 -77.558339,36.642474,0 -77.558224,36.643069,0 -77.55808,36.643683,0 -77.55794899999999,36.644214,0 -77.557728,36.64516,0 -77.557475,36.646206,0 -77.55737999999999,36.6466,0 -77.556881,36.648702,0 -77.556741,36.649249,0 -77.55662599999999,36.649742,0 -77.55662,36.649766,0 -77.556377,36.650789,0 -77.55615400000001,36.65173,0 -77.556017,36.65228,0 -77.55589500000001,36.652805,0 -77.55587300000001,36.652894,0 -77.55583,36.653063,0 -77.55576600000001,36.653319,0 -77.555528,36.6543030000001,0 -77.55548899999999,36.65447,0 -77.55535500000001,36.655041,0 -77.55527600000001,36.655367,0 -77.55517999999999,36.6557600000001,0 -77.55511300000001,36.656038,0 -77.554976,36.656594,0 -77.55462,36.658092,0 -77.5544144,36.6589337,0 -77.55440900000001,36.658956,0 -77.554152,36.660009,0 -77.5541192,36.6601462,0 -77.553967,36.660784,0 -77.55395710000001,36.6608273,0 -77.553937,36.660915,0 -77.553787,36.66157,0 -77.553603,36.662322,0 -77.55348050000001,36.6628314,0 -77.553298,36.66359,0 -77.553194,36.6640063,0 -77.553189,36.664171,0 -77.55308599999999,36.66464,0 -77.552937,36.66516,0 -77.55273099999999,36.665939,0 -77.5527196,36.6659875,0 -77.55265679999999,36.6662545,0 -77.5526385,36.6663337,0 -77.55253399999999,36.6667873,0 -77.552492,36.66697,0 -77.552336,36.667649,0 -77.552308,36.667772,0 -77.55215800000001,36.668364,0 -77.55201,36.669005,0 -77.551931,36.669324,0 -77.55170200000001,36.670271,0 -77.551627,36.670583,0 -77.551574,36.670815,0 -77.55147700000001,36.671233,0 -77.55135900000001,36.6717330000001,0 -77.5512178,36.6723185,0 -77.5511154,36.6727458,0 -77.550904,36.673625,0 -77.55076200000001,36.674216,0 -77.550622,36.674755,0 -77.55058699999999,36.674876,0 -77.550493,36.675114,0 -77.55032,36.675367,0 -77.550236,36.675506,0 -77.550168,36.6756109999999,0 -77.550014,36.675825,0 -77.54984399999999,36.67603,0 -77.549672,36.676208,0 -77.54885899999999,36.677022,0 -77.548574,36.677307,0 -77.548329,36.67755,0 -77.54821029999999,36.67767,0 -77.548061,36.677821,0 -77.547674,36.678199,0 -77.547206,36.678655,0 -77.546905,36.678967,0 -77.54661900000001,36.679271,0 -77.54655579999999,36.6793429,0 -77.54615699999999,36.679747,0 -77.54612299999999,36.679785,0 -77.54599020000001,36.6799479,0 -77.545857,36.680179,0 -77.5453953,36.6810048,0 -77.5453359,36.6811171,0 -77.5452732,36.6812391,0 -77.54513420000001,36.6815095,0 -77.5446651,36.6824218,0 -77.5443552,36.6830122,0 -77.544224,36.683262,0 -77.5440461,36.6836021,0 -77.54393,36.6838394,0 -77.54368100000001,36.6843,0 -77.54327379999999,36.6850565,0 -77.54313089999999,36.685322,0 -77.5427782,36.686007,0 -77.542374,36.68687,0 -77.542261,36.687115,0 -77.54220100000001,36.687255,0 -77.54191400000001,36.688052,0 -77.54182400000001,36.688306,0 -77.54177799999999,36.688462,0 -77.5415016,36.689353,0 -77.5414179,36.6895547,0 -77.54118219999999,36.6899752,0 -77.5409579,36.6903408,0 -77.5408614,36.6905084,0 -77.54048,36.691206,0 -77.540295,36.691531,0 -77.54022399999999,36.691655,0 -77.540037,36.692003,0 -77.539973,36.692122,0 -77.53962,36.692738,0 -77.53944799999999,36.69305,0 -77.539052,36.693763,0 -77.53885099999999,36.694139,0 -77.538555,36.694678,0 -77.538398,36.694964,0 -77.53835119999999,36.6950471,0 -77.538338,36.695075,0 -77.538251,36.695236,0 -77.53814060000001,36.6954412,0 -77.538116,36.695487,0 -77.53797059999999,36.6958255,0 -77.537904,36.69598,0 -77.5375837,36.6968664,0 -77.537538,36.696993,0 -77.53731670000001,36.6976114,0 -77.53720300000001,36.697929,0 -77.53698300000001,36.69854,0 -77.536761,36.69916,0 -77.53569659999999,36.7021371,0 -77.53559799999999,36.702413,0 -77.53531700000001,36.703186,0 -77.53528,36.7032890000001,0 -77.53522959999999,36.7034691,0 -77.5349482,36.7042174,0 -77.5346524,36.7050402,0 -77.5346229,36.7051223,0 -77.5344738,36.7055443,0 -77.5344176,36.7057226999999,0 -77.5342268,36.7062535,0 -77.5339961,36.7068946,0 -77.5337928,36.7074597,0 -77.53370750000001,36.7076933,0 -77.5336978,36.7077202000001,0 -77.533655,36.707838,0 -77.533507,36.708248,0 -77.53326199999999,36.708933,0 -77.53278299999999,36.710273,0 -77.532657,36.710624,0 -77.532357,36.711463,0 -77.532264,36.711724,0 -77.532049,36.712323,0 -77.531948,36.712616,0 -77.5318326,36.7129823,0 -77.5316756,36.7134532,0 -77.53144899999999,36.714128,0 -77.531063,36.7153400000001,0 -77.53084579999999,36.7160003,0 -77.53083700000001,36.716027,0 -77.530751,36.716305,0 -77.530542,36.716945,0 -77.530241,36.717867,0 -77.53018,36.718068,0 -77.530146,36.7182869999999,0 -77.530115,36.718415,0 -77.53009299999999,36.71848,0 -77.52995300000001,36.71883,0 -77.52980100000001,36.719159,0 -77.52966600000001,36.719415,0 -77.529186,36.720227,0 -77.528902,36.720694,0 -77.52776299999999,36.722566,0 -77.527604,36.722823,0 -77.527529,36.722957,0 -77.527469,36.723065,0 -77.527316,36.723372,0 -77.52721200000001,36.723653,0 -77.52712200000001,36.723949,0 -77.527063,36.724188,0 -77.52703200000001,36.724383,0 -77.5270167,36.7246635,0 -77.526898,36.725098,0 -77.52680599999999,36.7253749999999,0 -77.526695,36.725639,0 -77.526607,36.72581,0 -77.526517,36.725959,0 -77.526353,36.726201,0 -77.526202,36.7264,0 -77.526174,36.726437,0 -77.526033,36.726596,0 -77.52584299999999,36.726786,0 -77.5256782,36.7269391,0 -77.52556559999999,36.7270347,0 -77.5252536,36.7272764,0 -77.525059,36.727433,0 -77.524779,36.727666,0 -77.524528,36.727875,0 -77.523956,36.728328,0 -77.52242099999999,36.729539,0 -77.521767,36.730068,0 -77.521024,36.73065,0 -77.520802,36.730823,0 -77.520061,36.731422,0 -77.5198031,36.7316313,0 -77.51969080000001,36.7317143,0 -77.519302,36.732012,0 -77.518681,36.732525,0 -77.518565,36.732619,0 -77.51790099999999,36.733151,0 -77.51767599999999,36.733331,0 -77.517293,36.733638,0 -77.51608400000001,36.734609,0 -77.515792,36.734844,0 -77.515574,36.735016,0 -77.51504,36.735437,0 -77.51486149999999,36.7355798,0 -77.513671,36.736539,0 -77.51293200000001,36.737133,0 -77.512722,36.737301,0 -77.512264,36.73766,0 -77.511765,36.738059,0 -77.509793,36.739652,0 -77.509463,36.739919,0 -77.50892399999999,36.740338,0 -77.508067,36.741019,0 -77.506056,36.742627,0 -77.50527700000001,36.743242,0 -77.5051959,36.7433061,0 -77.5050873,36.7433919,0 -77.504886,36.743551,0 -77.50465699999999,36.743714,0 -77.50442,36.743869,0 -77.504175,36.744016,0 -77.503883,36.744175,0 -77.50365600000001,36.744286,0 -77.503364,36.744413,0 -77.503005,36.744549,0 -77.502703,36.744647,0 -77.502394,36.744731,0 -77.502138,36.74479,0 -77.50158,36.744903,0 -77.501114,36.744984,0 -77.50079700000001,36.745037,0 -77.50032,36.745111,0 -77.499743,36.745211,0 -77.499505,36.745248,0 -77.498375,36.745427,0 -77.4969976,36.7456622,0 -77.496318,36.7457781,0 -77.49546100000001,36.745915,0 -77.494421,36.746084,0 -77.494145,36.746134,0 -77.49370999999999,36.746222,0 -77.493323,36.746313,0 -77.492975,36.746404,0 -77.492712,36.746481,0 -77.492525,36.746541,0 -77.492306,36.7466160000001,0 -77.49190900000001,36.746765,0 -77.491597,36.7469,0 -77.491023,36.747167,0 -77.490841,36.747258,0 -77.490506,36.747443,0 -77.490182,36.74764,0 -77.489932,36.747807,0 -77.489327,36.748249,0 -77.48903900000001,36.748489,0 -77.488764,36.748739,0 -77.48860500000001,36.7488940000001,0 -77.488454,36.749057,0 -77.488186,36.749348,0 -77.48719800000001,36.75051,0 -77.486805,36.750977,0 -77.48627569999999,36.7515978,0 -77.4861458,36.7517502,0 -77.486088,36.751818,0 -77.48426499999999,36.753955,0 -77.483858,36.754436,0 -77.483282,36.755107,0 -77.48300500000001,36.755425,0 -77.482787,36.755675,0 -77.48262200000001,36.755872,0 -77.48214,36.756446,0 -77.481774,36.756882,0 -77.47885100000001,36.76032,0 -77.47726400000001,36.762196,0 -77.476778,36.76276,0 -77.475049,36.764796,0 -77.474981,36.764876,0 -77.474723,36.765187,0 -77.47454159999999,36.7653874,0 -77.474379,36.765567,0 -77.47431,36.765648,0 -77.47415100000001,36.765835,0 -77.474045,36.765968,0 -77.47387999999999,36.766197,0 -77.473525,36.766785,0 -77.473384,36.767082,0 -77.47326099999999,36.767387,0 -77.47309,36.76794,0 -77.47306,36.768069,0 -77.473011,36.768274,0 -77.472892,36.768714,0 -77.472802,36.769055,0 -77.47277,36.769176,0 -77.47265899999999,36.769608,0 -77.472598,36.76984,0 -77.472424,36.770487,0 -77.472229,36.771273,0 -77.47216899999999,36.771485,0 -77.471796,36.772938,0 -77.471729,36.773185,0 -77.471396,36.774487,0 -77.47104899999999,36.775822,0 -77.4709,36.776377,0 -77.47085199999999,36.776567,0 -77.470508,36.777938,0 -77.47045799999999,36.778156,0 -77.47016600000001,36.7792569999999,0 -77.469606,36.781382,0 -77.469446,36.782039,0 -77.469244,36.78279,0 -77.469207,36.7829270000001,0 -77.46837600000001,36.786121,0 -77.467989,36.787609,0 -77.46790799999999,36.787939,0 -77.467726,36.7886080000001,0 -77.467641,36.788953,0 -77.467618,36.789046,0 -77.467411,36.789837,0 -77.46733500000001,36.790124,0 -77.46709,36.79103,0 -77.466604,36.79293,0 -77.466387,36.793708,0 -77.466323,36.793954,0 -77.46601,36.79517,0 -77.465878,36.795679,0 -77.465638,36.79659,0 -77.465554,36.796926,0 -77.46545999999999,36.797257,0 -77.465289,36.797921,0 -77.46497599999999,36.7991,0 -77.46490799999999,36.799368,0 -77.46481199999999,36.799749,0 -77.46459400000001,36.800587,0 -77.464485,36.800986,0 -77.464367,36.801437,0 -77.46420000000001,36.802088,0 -77.463684,36.80405,0 -77.463469,36.804864,0 -77.463168,36.806026,0 -77.463048,36.806471,0 -77.46295499999999,36.806838,0 -77.4629152,36.8069741,0 -77.46279,36.807458,0 -77.462744,36.807638,0 -77.46253299999999,36.808463,0 -77.462379,36.809021,0 -77.46207800000001,36.81019,0 -77.46202,36.810411,0 -77.46189099999999,36.810911,0 -77.461736,36.811451,0 -77.461663,36.8116630000001,0 -77.461428,36.812294,0 -77.461119,36.813058,0 -77.460584,36.814377,0 -77.460244,36.815225,0 -77.459469,36.817156,0 -77.459283,36.817623,0 -77.459197,36.817825,0 -77.458884,36.818595,0 -77.457903,36.821056,0 -77.457821,36.821239,0 -77.457759,36.82138,0 -77.457661,36.82158,0 -77.457441,36.821985,0 -77.457314,36.822184,0 -77.457082,36.822488,0 -77.456718,36.822922,0 -77.456675,36.822972,0 -77.456005,36.823752,0 -77.455054,36.824825,0 -77.453802,36.826277,0 -77.453198,36.826987,0 -77.45308199999999,36.827114,0 -77.453008,36.827181,0 -77.452658,36.827594,0 -77.452229,36.828086,0 -77.451617,36.82879,0 -77.451273,36.829185,0 -77.450971,36.829539,0 -77.449018,36.831777,0 -77.448374,36.832521,0 -77.447627,36.833374,0 -77.4474254,36.8336079,0 -77.44606,36.835192,0 -77.44508399999999,36.836303,0 -77.444517,36.8369640000001,0 -77.44408799999999,36.837447,0 -77.44375599999999,36.837829,0 -77.442939,36.838767,0 -77.442487,36.839277,0 -77.44145399999999,36.840469,0 -77.44085099999999,36.8411640000001,0 -77.44023199999999,36.841878,0 -77.43993500000001,36.842211,0 -77.43957899999999,36.842629,0 -77.43913000000001,36.843137,0 -77.438857,36.843429,0 -77.43859399999999,36.843682,0 -77.438318,36.843925,0 -77.438203,36.84402,0 -77.438096,36.844101,0 -77.43763800000001,36.84444,0 -77.436217,36.845452,0 -77.435559,36.845916,0 -77.434387,36.846761,0 -77.43406,36.846997,0 -77.433465,36.847418,0 -77.431974,36.848491,0 -77.431449,36.8488729999999,0 -77.43043299999999,36.849621,0 -77.429354,36.850432,0 -77.42892000000001,36.850765,0 -77.428611,36.851022,0 -77.42846299999999,36.851167,0 -77.42833,36.851321,0 -77.42819299999999,36.851511,0 -77.42809699999999,36.851676,0 -77.42799599999999,36.8519,0 -77.42791699999999,36.852122,0 -77.42787800000001,36.852257,0 -77.427577,36.853549,0 -77.427431,36.85408,0 -77.427364,36.854263,0 -77.42729799999999,36.854406,0 -77.42719200000001,36.854599,0 -77.427114,36.854718,0 -77.426979,36.854889,0 -77.42682499999999,36.855048,0 -77.426655,36.855198,0 -77.42636400000001,36.855417,0 -77.42624499999999,36.855501,0 -77.426007,36.855666,0 -77.425753,36.855818,0 -77.425611,36.85589,0 -77.425425,36.855969,0 -77.425189,36.856053,0 -77.424986,36.85611,0 -77.42470299999999,36.85617,0 -77.42444999999999,36.856209,0 -77.423796,36.85627,0 -77.423391,36.856304,0 -77.42276699999999,36.856349,0 -77.422207,36.856398,0 -77.421815,36.856452,0 -77.421556,36.8565,0 -77.42129300000001,36.856565,0 -77.421035,36.8566440000001,0 -77.420787,36.856735,0 -77.420558,36.856833,0 -77.420378,36.856922,0 -77.420159,36.857047,0 -77.419945,36.8571869999999,0 -77.419724,36.857347,0 -77.419511,36.857519,0 -77.41882699999999,36.85815,0 -77.418452,36.858508,0 -77.41822000000001,36.858722,0 -77.41786399999999,36.859062,0 -77.41752700000001,36.859372,0 -77.41689700000001,36.859968,0 -77.41605,36.860754,0 -77.415795,36.860985,0 -77.41471900000001,36.861998,0 -77.414145,36.862538,0 -77.413731,36.862918,0 -77.413279,36.863343,0 -77.41290600000001,36.863722,0 -77.41283300000001,36.863803,0 -77.41271500000001,36.863939,0 -77.41253,36.864171,0 -77.412373,36.864399,0 -77.412189,36.864703,0 -77.411186,36.866558,0 -77.410984,36.866943,0 -77.4109193,36.8670634,0 -77.41016999999999,36.868457,0 -77.410008,36.868769,0 -77.40951200000001,36.869687,0 -77.409347,36.87,0 -77.409262,36.870159,0 -77.409019,36.870599,0 -77.408846,36.870898,0 -77.40865599999999,36.871207,0 -77.40857,36.871344,0 -77.408205,36.871921,0 -77.408102,36.872118,0 -77.40801999999999,36.872314,0 -77.407965,36.872489,0 -77.407929,36.872668,0 -77.40791,36.872848,0 -77.407909,36.87303,0 -77.40792500000001,36.87321,0 -77.40796,36.873384,0 -77.408024,36.873612,0 -77.40808699999999,36.873792,0 -77.408421,36.874644,0 -77.408522,36.874946,0 -77.408565,36.875131,0 -77.40858900000001,36.875316,0 -77.408597,36.875488,0 -77.408587,36.875661,0 -77.40856700000001,36.875798,0 -77.40851499999999,36.876001,0 -77.408468,36.876133,0 -77.40838599999999,36.876304,0 -77.408231,36.876575,0 -77.408115,36.87675,0 -77.40797499999999,36.876938,0 -77.407825,36.877111,0 -77.40766000000001,36.877276,0 -77.407517,36.8774,0 -77.407369,36.877504,0 -77.407281,36.877558,0 -77.407214,36.8776,0 -77.406969,36.877731,0 -77.40679799999999,36.877808,0 -77.406626,36.877876,0 -77.406193,36.878045,0 -77.40566200000001,36.878243,0 -77.405238,36.878416,0 -77.40502499999999,36.87852,0 -77.40486199999999,36.878613,0 -77.404669,36.8787400000001,0 -77.404523,36.8788490000001,0 -77.404369,36.878994,0 -77.404229,36.8791470000001,0 -77.40412600000001,36.879275,0 -77.40401300000001,36.879442,0 -77.40392199999999,36.879617,0 -77.40384899999999,36.879797,0 -77.40379299999999,36.879982,0 -77.403755,36.880169,0 -77.403638,36.880807,0 -77.403413,36.882121,0 -77.403391,36.8822380000001,0 -77.403282,36.882823,0 -77.403026,36.884347,0 -77.402902,36.885128,0 -77.402699,36.886325,0 -77.40217,36.889289,0 -77.401889,36.890973,0 -77.40188070000001,36.8910196,0 -77.40173900000001,36.89182,0 -77.40127,36.894553,0 -77.40103000000001,36.895988,0 -77.4005666,36.8987145,0 -77.4004379,36.8994684000001,0 -77.400262,36.900491,0 -77.39998199999999,36.902066,0 -77.399719,36.9036230000001,0 -77.39961,36.90427,0 -77.399562,36.904539,0 -77.399333,36.90587,0 -77.399202,36.906678,0 -77.399098,36.907292,0 -77.399018,36.907709,0 -77.398909,36.908319,0 -77.39870500000001,36.909542,0 -77.398597,36.910137,0 -77.39832699999999,36.9117053,0 -77.39830499999999,36.911845,0 -77.39803999999999,36.913368,0 -77.397487,36.916629,0 -77.397076,36.918974,0 -77.396653,36.921475,0 -77.396162,36.924294,0 -77.396052,36.924964,0 -77.39516329999999,36.9301089,0 -77.395073,36.930632,0 -77.394958,36.931303,0 -77.394868,36.931798,0 -77.394673,36.932889,0 -77.39455,36.933608,0 -77.39444,36.934213,0 -77.394098,36.936249,0 -77.393531,36.93953,0 -77.39346,36.939946,0 -77.393441,36.940193,0 -77.393444,36.940399,0 -77.393475,36.940652,0 -77.3935154,36.9408564,0 -77.3935683,36.9410312,0 -77.3936272,36.9411867,0 -77.3936829,36.941307,0 -77.39374309999999,36.9414211,0 -77.39380389999999,36.9415287,0 -77.3938753,36.9416441,0 -77.393964,36.9417686,0 -77.3940664,36.9418976,0 -77.39420699999999,36.942071,0 -77.394721,36.942675,0 -77.395004,36.943007,0 -77.395027,36.943043,0 -77.39506900000001,36.943125,0 -77.395096,36.943212,0 -77.395112,36.943363,0 -77.395107,36.943486,0 -77.39508499999999,36.943608,0 -77.395055,36.94368,0 -77.395003,36.943765,0 -77.39493400000001,36.943842,0 -77.394848,36.943911,0 -77.394738,36.943977,0 -77.39461900000001,36.94403,0 -77.394491,36.944069,0 -77.39379,36.944243,0 -77.393636,36.944296,0 -77.393489,36.944362,0 -77.393379,36.944423,0 -77.39327400000001,36.944493,0 -77.393153,36.944591,0 -77.393046,36.944698,0 -77.392954,36.944814,0 -77.39288000000001,36.944934,0 -77.39282300000001,36.94506,0 -77.39278400000001,36.94519,0 -77.392763,36.945323,0 -77.392759,36.945376,0 -77.39276,36.9456420000001,0 -77.3927687,36.9472019,0 -77.39277989999999,36.9476815,0 -77.3927953,36.9484078,0 -77.3928104,36.9494893,0 -77.3928222,36.9503225,0 -77.392839,36.951146,0 -77.392843,36.951545,0 -77.39285700000001,36.953014,0 -77.39286199999999,36.9532060000001,0 -77.392867,36.953426,0 -77.39294200000001,36.959074,0 -77.39296400000001,36.960214,0 -77.392966,36.960678,0 -77.392977,36.961235,0 -77.39297999999999,36.961837,0 -77.393006,36.96348,0 -77.393023,36.964947,0 -77.393036,36.96669,0 -77.39304,36.967006,0 -77.39307100000001,36.969215,0 -77.393081,36.96998,0 -77.393091,36.971448,0 -77.3931049,36.9722574,0 -77.393107,36.972382,0 -77.3931087,36.9727787,0 -77.39310999999999,36.9730727,0 -77.393111,36.973289,0 -77.393111,36.973376,0 -77.3931181,36.973884,0 -77.3931274,36.9745525,0 -77.39313490000001,36.9750838,0 -77.393145,36.975808,0 -77.39318400000001,36.976135,0 -77.393238,36.976381,0 -77.393264,36.976458,0 -77.393283,36.9765158000001,0 -77.39328999999999,36.976537,0 -77.39340900000001,36.976795,0 -77.393525,36.976991,0 -77.393624,36.977133,0 -77.393756,36.977287,0 -77.393924,36.97747,0 -77.394015,36.977551,0 -77.3943039,36.9777880999999,0 -77.394434,36.977889,0 -77.394597,36.978035,0 -77.39474800000001,36.9781990000001,0 -77.394812,36.978296,0 -77.3948401,36.9783575,0 -77.394859,36.978399,0 -77.3948695,36.9784481,0 -77.39488900000001,36.978539,0 -77.3948951,36.9786431,0 -77.394901,36.978743,0 -77.394892,36.97891,0 -77.39485000000001,36.979161,0 -77.394806,36.979306,0 -77.394724,36.979492,0 -77.394633,36.979655,0 -77.39452300000001,36.9798140000001,0 -77.394243,36.980174,0 -77.394043,36.980446,0 -77.39390299999999,36.980663,0 -77.393778,36.9808749999999,0 -77.39365599999999,36.981115,0 -77.393542,36.981381,0 -77.39345299999999,36.981623,0 -77.393395,36.98181,0 -77.393314,36.982129,0 -77.393289,36.982263,0 -77.393246,36.982614,0 -77.393238,36.982902,0 -77.393226,36.983309,0 -77.39321,36.983984,0 -77.393181,36.984644,0 -77.39317,36.984848,0 -77.39316599999999,36.985021,0 -77.393148,36.985287,0 -77.393078,36.986547,0 -77.39302600000001,36.987619,0 -77.392995,36.988251,0 -77.39295300000001,36.988966,0 -77.3927911,36.9920358,0 -77.39276,36.992674,0 -77.392751,36.992869,0 -77.392726,36.9936480000001,0 -77.39272099999999,36.995554,0 -77.39272,36.995777,0 -77.392713,36.99957,0 -77.392703,37.000417,0 -77.392703,37.000768,0 -77.392709,37.000906,0 -77.392725,37.001055,0 -77.392771,37.001329,0 -77.39283500000001,37.001578,0 -77.392875,37.001704,0 -77.392974,37.001939,0 -77.392993,37.001983,0 -77.39323899999999,37.002448,0 -77.393328,37.002643,0 -77.393388,37.0027870000001,0 -77.393423,37.002897,0 -77.3934648,37.0030675,0 -77.39349730000001,37.0032517,0 -77.39352049999999,37.003422,0 -77.39353389999999,37.0035985,0 -77.39353869999999,37.0037416,0 -77.3935357,37.0038797,0 -77.39352359999999,37.004036,0 -77.39349780000001,37.0042082,0 -77.3934594,37.0043959,0 -77.3934235,37.0045401,0 -77.39337620000001,37.0046907,0 -77.39331420000001,37.004852,0 -77.393233,37.005034,0 -77.39304,37.0054,0 -77.39294099999999,37.0056019999999,0 -77.39286,37.005799,0 -77.39279999999999,37.005968,0 -77.39276099999999,37.006102,0 -77.39272200000001,37.0063,0 -77.392695,37.006528,0 -77.39268199999999,37.006856,0 -77.39268300000001,37.008041,0 -77.392672,37.009684,0 -77.392624,37.012289,0 -77.392612,37.012581,0 -77.39258700000001,37.013773,0 -77.392562,37.01548,0 -77.392456,37.021161,0 -77.392442,37.022365,0 -77.39241800000001,37.023515,0 -77.392383,37.025525,0 -77.392394,37.025792,0 -77.39236099999999,37.02718,0 -77.392329,37.028032,0 -77.392313,37.028677,0 -77.392309,37.029195,0 -77.392298,37.029709,0 -77.392296,37.030133,0 -77.39227700000001,37.030954,0 -77.392247,37.032717,0 -77.392233,37.033207,0 -77.39222839999999,37.0335391,0 -77.392216,37.034553,0 -77.392186,37.035639,0 -77.392172,37.03584,0 -77.39215129999999,37.0359936,0 -77.39213100000001,37.036144,0 -77.39207500000001,37.03646,0 -77.392037,37.036619,0 -77.39188799999999,37.0370649999999,0 -77.391716,37.037453,0 -77.391651,37.037586,0 -77.39160699999999,37.037659,0 -77.391507,37.037832,0 -77.391327,37.038107,0 -77.39078600000001,37.038878,0 -77.389601,37.040544,0 -77.38799899999999,37.042817,0 -77.38779580000001,37.0431112999999,0 -77.387727,37.043211,0 -77.387514,37.043507,0 -77.387432,37.043612,0 -77.38729600000001,37.043811,0 -77.38683399999999,37.044476,0 -77.38480610000001,37.0473308,0 -77.384607,37.047611,0 -77.384229,37.04815,0 -77.383754,37.048826,0 -77.38360900000001,37.0490325,0 -77.383308,37.049461,0 -77.38278,37.050213,0 -77.381636,37.051824,0 -77.379895,37.054277,0 -77.379666,37.054597,0 -77.37894350000001,37.0556186,0 -77.378574,37.056141,0 -77.37792399999999,37.057076,0 -77.37674699999999,37.058731,0 -77.37653299999999,37.059045,0 -77.376274,37.059454,0 -77.37606599999999,37.059825,0 -77.37580199999999,37.060341,0 -77.375353,37.06122,0 -77.3751106,37.0616953999999,0 -77.374703,37.062495,0 -77.37377499999999,37.064316,0 -77.373625,37.0646,0 -77.373546,37.064728,0 -77.37343199999999,37.064896,0 -77.373278,37.065094,0 -77.37315599999999,37.065233,0 -77.372957,37.065431,0 -77.372725,37.065629,0 -77.37250899999999,37.065791,0 -77.372303,37.065921,0 -77.371854,37.06618,0 -77.37167700000001,37.066294,0 -77.371465,37.066447,0 -77.371229,37.066645,0 -77.37099000000001,37.066887,0 -77.370884,37.067008,0 -77.37073599999999,37.067193,0 -77.370221,37.067922,0 -77.36971699999999,37.068621,0 -77.36920499999999,37.069334,0 -77.36897999999999,37.0696590000001,0 -77.3683023,37.0706132,0 -77.36785,37.07125,0 -77.367051,37.072377,0 -77.366716,37.072855,0 -77.3663287,37.0733985,0 -77.36620379999999,37.0735739,0 -77.366156,37.073641,0 -77.36525399999999,37.074905,0 -77.365014,37.075214,0 -77.364834,37.075427,0 -77.364589,37.075692,0 -77.364377,37.075908,0 -77.36418500000001,37.076089,0 -77.363946,37.076298,0 -77.363569,37.076604,0 -77.363028,37.077011,0 -77.36247899999999,37.077423,0 -77.361948,37.077826,0 -77.361647,37.078064,0 -77.3615116,37.078179,0 -77.361209,37.078436,0 -77.361014,37.078615,0 -77.360833,37.078803,0 -77.360754,37.078902,0 -77.360669,37.079032,0 -77.36060000000001,37.079168,0 -77.360567,37.079262,0 -77.360542,37.079356,0 -77.360528,37.079421,0 -77.360507,37.079583,0 -77.36050899999999,37.079707,0 -77.360529,37.079862,0 -77.36056499999999,37.080013,0 -77.36060500000001,37.080126,0 -77.36067,37.080262,0 -77.36104899999999,37.080852,0 -77.361137,37.080997,0 -77.361217,37.081162,0 -77.361243,37.081236,0 -77.36127,37.081367,0 -77.361278,37.081467,0 -77.361276,37.081549,0 -77.36125699999999,37.081687,0 -77.361242,37.081744,0 -77.361206,37.081848,0 -77.361163,37.08194,0 -77.36112799999999,37.082003,0 -77.36096000000001,37.082253,0 -77.3604505,37.0829608,0 -77.36041,37.083017,0 -77.36008699999999,37.082801,0 -77.360016,37.082753,0 -77.359137,37.082163,0 -77.3584869,37.0817282,0 -77.3579634,37.0813774999999,0 -77.357519,37.081077,0 -77.356604,37.080462,0 -77.356549,37.0805352,0 -77.35632889999999,37.080828,0 -77.35586600000001,37.081444,0 -77.35547,37.081978,0 -77.355417,37.08205,0 -77.3552507,37.0822787,0 -77.355057,37.082545,0 -77.355109,37.082654,0 -77.3552182,37.0829265,0 -77.35535299999999,37.083263,0 -77.35566900000001,37.084014,0 -77.35597199999999,37.084719,0 -77.356106,37.085048,0 -77.356179,37.085255,0 -77.3563,37.08565,0 -77.35634899999999,37.085835,0 -77.356409,37.086123,0 -77.35650200000001,37.086806,0 -77.35666500000001,37.088029,0 -77.356729,37.088413,0 -77.35688,37.089095,0 -77.35728400000001,37.090739,0 -77.357359,37.091043,0 -77.357467,37.091586,0 -77.3575,37.09179,0 -77.357617,37.092543,0 -77.357632,37.09264,0 -77.358161,37.096206,0 -77.35826900000001,37.096938,0 -77.358301,37.097195,0 -77.35835899999999,37.097761,0 -77.358367,37.0980240000001,0 -77.358362,37.098141,0 -77.35835299999999,37.098355,0 -77.35834199999999,37.098562,0 -77.35831899999999,37.098781,0 -77.35826299999999,37.099161,0 -77.358223,37.099376,0 -77.35815700000001,37.099642,0 -77.35801499999999,37.100107,0 -77.35791,37.100368,0 -77.35784200000001,37.100551,0 -77.35778500000001,37.100683,0 -77.35763,37.10101,0 -77.357471,37.101296,0 -77.3573758,37.1014582,0 -77.35729600000001,37.101594,0 -77.35707530000001,37.1019517,0 -77.356859,37.102292,0 -77.35656299999999,37.102779,0 -77.3564787,37.1029052,0 -77.356263,37.103228,0 -77.356003,37.103631,0 -77.355868,37.103867,0 -77.35561300000001,37.104265,0 -77.355389,37.104628,0 -77.355082,37.105108,0 -77.354986,37.105268,0 -77.35454799999999,37.10595,0 -77.3544953,37.1060442,0 -77.3543999,37.1061856,0 -77.354339,37.106297,0 -77.35427199999999,37.106408,0 -77.35410299999999,37.106672,0 -77.35361709999999,37.1074229,0 -77.353573,37.107491,0 -77.353391,37.107784,0 -77.35318409999999,37.1081155,0 -77.353021,37.108377,0 -77.35300100000001,37.108411,0 -77.35297009999999,37.1084508,0 -77.352732,37.108841,0 -77.35266,37.108943,0 -77.352588,37.109063,0 -77.3525046,37.1091915,0 -77.35232000000001,37.109476,0 -77.352039,37.109884,0 -77.351917,37.110055,0 -77.351679,37.110367,0 -77.351229,37.110915,0 -77.35081030000001,37.1113961,0 -77.350739,37.111478,0 -77.350628,37.11161,0 -77.35054100000001,37.1117129999999,0 -77.350325,37.111969,0 -77.350145,37.112203,0 -77.349987,37.112437,0 -77.34992099999999,37.112543,0 -77.34980400000001,37.112751,0 -77.349631,37.113108,0 -77.34950600000001,37.113411,0 -77.3494,37.113785,0 -77.349357,37.113961,0 -77.3493213,37.1141801,0 -77.349315,37.114219,0 -77.34928499999999,37.114497,0 -77.349277,37.114705,0 -77.349276,37.114873,0 -77.349281,37.115088,0 -77.349333,37.115915,0 -77.349407,37.117017,0 -77.349468,37.11798,0 -77.34949090000001,37.1183027,0 -77.349535,37.118924,0 -77.349575,37.11955,0 -77.34966300000001,37.120909,0 -77.34970199999999,37.121394,0 -77.349749,37.121763,0 -77.349829,37.122175,0 -77.349904,37.12247,0 -77.34999999999999,37.122773,0 -77.35004600000001,37.122917,0 -77.350122,37.123121,0 -77.350221,37.1233500000001,0 -77.35040600000001,37.123736,0 -77.350549,37.124011,0 -77.350613,37.124131,0 -77.351001,37.124845,0 -77.35138600000001,37.125536,0 -77.351505,37.125756,0 -77.35155899999999,37.125856,0 -77.352203,37.127032,0 -77.3522387,37.1270989,0 -77.35234699999999,37.127302,0 -77.352857,37.128224,0 -77.352951,37.128393,0 -77.35334899999999,37.129126,0 -77.35344499999999,37.129305,0 -77.3536294,37.1296374,0 -77.353663,37.129698,0 -77.35386800000001,37.130088,0 -77.35407499999999,37.130524,0 -77.354101,37.130585,0 -77.354152,37.130706,0 -77.354264,37.131013,0 -77.35427420000001,37.1310462,0 -77.3543416,37.1312649,0 -77.354361,37.131328,0 -77.354449,37.131664,0 -77.354507,37.131957,0 -77.3545172,37.1320244,0 -77.35455159999999,37.132253,0 -77.354564,37.132335,0 -77.35460430000001,37.1328337,0 -77.3546983,37.1339966,0 -77.3547664,37.1348393,0 -77.3547853,37.1350727,0 -77.354787,37.135094,0 -77.354839,37.135804,0 -77.354857,37.135977,0 -77.354873,37.136233,0 -77.35487500000001,37.136319,0 -77.35488599999999,37.136404,0 -77.354895,37.136576,0 -77.354916,37.136746,0 -77.354929,37.137014,0 -77.354968,37.137475,0 -77.35498200000001,37.137716,0 -77.355024,37.138228,0 -77.3550268,37.138282,0 -77.355037,37.138478,0 -77.355104,37.139359,0 -77.3551291,37.1396163,0 -77.355136,37.139687,0 -77.35516560000001,37.139883,0 -77.355183,37.139998,0 -77.355225,37.140202,0 -77.3552615,37.140348,0 -77.3553216,37.1405252,0 -77.355373,37.1406631,0 -77.3554237,37.1407905,0 -77.35548129999999,37.1409163,0 -77.3555423,37.141038,0 -77.355617,37.1411763,0 -77.3557136,37.1413327,0 -77.3558051,37.1414749,0 -77.3558975,37.1416083,0 -77.3560672,37.1418163,0 -77.35624420000001,37.1420134,0 -77.3564052,37.1421803,0 -77.3565602,37.1423392,0 -77.35678799999999,37.14256,0 -77.35741400000001,37.1431954,0 -77.3575489,37.1433389,0 -77.35767989999999,37.143487,0 -77.357806,37.143641,0 -77.357922,37.143796,0 -77.358003,37.143914,0 -77.35812199999999,37.144109,0 -77.35820099999999,37.144252,0 -77.35830300000001,37.14447,0 -77.35840399999999,37.1447290000001,0 -77.35843300000001,37.144821,0 -77.358487,37.144992,0 -77.35854,37.145204,0 -77.358602,37.145523,0 -77.358642,37.145784,0 -77.35866110000001,37.1460352,0 -77.358662,37.1460470000001,0 -77.358664,37.146314,0 -77.35865,37.146811,0 -77.3586409,37.1469512,0 -77.358628,37.147149,0 -77.3586024,37.1473465,0 -77.35859000000001,37.147442,0 -77.3585772,37.1475067,0 -77.35852,37.147796,0 -77.358424,37.148171,0 -77.3583682,37.1483484,0 -77.358346,37.148419,0 -77.35824700000001,37.148694,0 -77.3582019,37.1487973,0 -77.35811339999999,37.1490003,0 -77.358042,37.149164,0 -77.357899,37.149491,0 -77.35766769999999,37.1499634,0 -77.3573624,37.1505969,0 -77.357229,37.1508593,0 -77.356954,37.151421,0 -77.356522,37.152317,0 -77.3559795,37.1534143,0 -77.35594500000001,37.153484,0 -77.3551149,37.1551982,0 -77.3549527,37.1555484,0 -77.35485420000001,37.1557622,0 -77.354781,37.155929,0 -77.354663,37.156219,0 -77.35461789999999,37.1563515,0 -77.3545792,37.156476,0 -77.3545405,37.1566062,0 -77.354483,37.156827,0 -77.35444,37.1570191,0 -77.3544067,37.1571849,0 -77.3543758,37.157359,0 -77.3543557,37.1574909,0 -77.3543378,37.1576340000001,0 -77.3543229,37.1577775,0 -77.3543118,37.1579413,0 -77.35430390000001,37.1581048,0 -77.3542995,37.1582674,0 -77.3542971,37.158386,0 -77.3542982,37.1585212,0 -77.3543052,37.1586565,0 -77.354313,37.1587851,0 -77.3543201,37.1588842,0 -77.3543415,37.1590682,0 -77.35436129999999,37.1592267,0 -77.35438569999999,37.1593845,0 -77.35441350000001,37.159533,0 -77.3544497,37.1597187,0 -77.35448599999999,37.1598755,0 -77.3545275,37.160029,0 -77.354569,37.1601759,0 -77.3546173,37.1603213,0 -77.3546657,37.1604676,0 -77.3547063,37.1605797,0 -77.35489800000001,37.16109,0 -77.355026,37.161404,0 -77.3550497,37.161467,0 -77.355153,37.161742,0 -77.35526950000001,37.16201,0 -77.35538099999999,37.1623,0 -77.3554633,37.1625118,0 -77.355557,37.162753,0 -77.3556028,37.1628665,0 -77.35603,37.1639260000001,0 -77.356151,37.164191,0 -77.356263,37.164445,0 -77.35641099999999,37.164791,0 -77.35679,37.165608,0 -77.35714900000001,37.166391,0 -77.35731269999999,37.1667432,0 -77.35774170000001,37.167666,0 -77.358115,37.168475,0 -77.35832000000001,37.16893,0 -77.3585143,37.1693431999999,0 -77.358564,37.169449,0 -77.358637,37.169598,0 -77.358957,37.170292,0 -77.359193,37.170827,0 -77.3592218,37.170899,0 -77.35929539999999,37.1710829,0 -77.359325,37.171157,0 -77.359399,37.171323,0 -77.3594147,37.1713582,0 -77.3595464,37.1716542,0 -77.3596124,37.1718025,0 -77.359674,37.171941,0 -77.35979330000001,37.1721974,0 -77.35986509999999,37.1723519,0 -77.3600144,37.1726736,0 -77.3600881,37.1728324,0 -77.36021390000001,37.1731035,0 -77.3603312,37.1733563,0 -77.3604421,37.1735946,0 -77.3605596,37.1736916,0 -77.36083499999999,37.174283,0 -77.36098699999999,37.17458,0 -77.361069,37.17474,0 -77.361265,37.175073,0 -77.36132499999999,37.175158,0 -77.361463,37.175374,0 -77.361603,37.175578,0 -77.362469,37.176787,0 -77.36259819999999,37.1769671,0 -77.3628128,37.1772887,0 -77.36339959999999,37.1781681,0 -77.3643112,37.1794935,0 -77.364974,37.180489,0 -77.365166,37.180765,0 -77.365595,37.181402,0 -77.3656235,37.1814444,0 -77.366034,37.182054,0 -77.36684200000001,37.183245,0 -77.367204,37.183781,0 -77.36770300000001,37.184516,0 -77.3679267,37.1848484,0 -77.36808360000001,37.1850744,0 -77.36812949999999,37.1851477,0 -77.36822890000001,37.1852949,0 -77.3682673,37.1854575,0 -77.3684086,37.1856648,0 -77.3684659,37.1857489,0 -77.368574,37.185914,0 -77.36877029999999,37.1862055,0 -77.3688734,37.1863638,0 -77.3689138,37.1864186,0 -77.3692305,37.1868891,0 -77.369277,37.186954,0 -77.3697214,37.1875751,0 -77.3699204,37.1878441,0 -77.3699606,37.1878966,0 -77.3701508,37.1881388,0 -77.3702583,37.1882757,0 -77.3704036,37.1884607,0 -77.370481,37.1885593,0 -77.370559,37.1886563,0 -77.37078700000001,37.1889438,0 -77.3708541,37.1890284,0 -77.3711175,37.1893606,0 -77.3711729,37.189425,0 -77.37126240000001,37.1895349,0 -77.37129899999999,37.1895798,0 -77.37149599999999,37.1898217,0 -77.37157910000001,37.1899266,0 -77.37164540000001,37.1900103,0 -77.3717821,37.190183,0 -77.3719546,37.1904009,0 -77.372176,37.1906804,0 -77.37262200000001,37.1912435,0 -77.3727439,37.191396,0 -77.3727672,37.1914251,0 -77.3729055,37.191598,0 -77.372989,37.191707,0 -77.37321439999999,37.1920013,0 -77.37325939999999,37.1920601,0 -77.37342510000001,37.1922764,0 -77.3735592,37.1924514,0 -77.3736686,37.1925862,0 -77.3738211,37.1927741,0 -77.3740962,37.1931132,0 -77.37441099999999,37.1935012,0 -77.37453189999999,37.193651,0 -77.37479089999999,37.1939719,0 -77.375067,37.1943129,0 -77.3754404,37.1947654,0 -77.37545679999999,37.1947885,0 -77.3755261,37.1948862,0 -77.3756028,37.1949944,0 -77.3756746,37.1950955999999,0 -77.37573519999999,37.195194,0 -77.37579820000001,37.1952963,0 -77.3758076,37.1953116,0 -77.3758558,37.1953997,0 -77.3758862,37.1954551,0 -77.37592859999999,37.1955326,0 -77.3760272,37.1957375,0 -77.3760576,37.1958006,0 -77.3761076,37.1959216,0 -77.3762241,37.1962164,0 -77.37629080000001,37.1963870000001,0 -77.37633289999999,37.1964944,0 -77.3763689,37.1965865,0 -77.3764408,37.1967704,0 -77.37647250000001,37.1968513,0 -77.376554,37.1970656,0 -77.3765812,37.1971433,0 -77.37661110000001,37.1972189,0 -77.3766986,37.1974585,0 -77.37681739999999,37.1977462,0 -77.3768883,37.1979179999999,0 -77.37694140000001,37.1980466,0 -77.3769645,37.1981025,0 -77.3770134,37.1982451,0 -77.3771703,37.1986583,0 
				
					-77.3771703,37.1986583,0 -77.3772668,37.1987306,0 -77.377354,37.198947,0 -77.377459,37.199161,0 -77.3774916,37.199223,0 -77.37782799999999,37.199809,0 -77.377978,37.200032,0 -77.378137,37.200258,0 -77.37839700000001,37.200595,0 -77.37872400000001,37.201016,0 -77.378951,37.201288,0 -77.379317,37.2017,0 -77.379498,37.201887,0 -77.379942,37.202318,0 -77.3802352,37.2026101,0 -77.3804658,37.2028391,0 -77.38060849999999,37.2029809,0 -77.380681,37.203053,0 -77.3807872,37.2031537,0 -77.380914,37.203274,0 -77.381153,37.203511,0 -77.38132450000001,37.2036764,0 -77.38135,37.203701,0 -77.381591,37.2039159999999,0 -77.381681,37.204003,0 -77.3819364,37.2042526999999,0 -77.381995,37.20431,0 -77.382203,37.204524,0 -77.38232499999999,37.20466,0 -77.38261799999999,37.204936,0 -77.383016,37.205341,0 -77.383169,37.205523,0 -77.38329899999999,37.205697,0 -77.38345099999999,37.205925,0 -77.38346799999999,37.2059593,0 -77.38351900000001,37.206037,0 -77.384124,37.20714,0 -77.384379,37.207605,0 -77.3845,37.207856,0 -77.384558,37.207998,0 -77.38462699999999,37.208206,0 -77.384636,37.208244,0 -77.384668,37.208387,0 -77.384705,37.208656,0 -77.38472,37.208881,0 -77.384714,37.209068,0 -77.384702,37.209196,0 -77.38468899999999,37.209285,0 -77.384642,37.209532,0 -77.384366,37.210975,0 -77.38424999999999,37.211627,0 -77.38422,37.211827,0 -77.38421,37.211979,0 -77.384216,37.21222,0 -77.38423899999999,37.212439,0 -77.384309,37.21279,0 -77.384393,37.213143,0 -77.384471,37.2134631,0 -77.384496,37.213589,0 -77.384535,37.213828,0 -77.384546,37.214014,0 -77.38453699999999,37.214279,0 -77.384519,37.214448,0 -77.3845,37.214543,0 -77.384418,37.21487,0 -77.3843851,37.2150016000001,0 -77.38435800000001,37.21511,0 -77.38422300000001,37.215558,0 -77.384142,37.2158,0 -77.383838,37.216916,0 -77.383746,37.217231,0 -77.38357070000001,37.2177563,0 -77.383544,37.217837,0 -77.383481,37.218011,0 -77.383398,37.21825,0 -77.383278,37.218596,0 -77.383239,37.218722,0 -77.38319199999999,37.218896,0 -77.38314800000001,37.219141,0 -77.383126,37.219344,0 -77.38312000000001,37.219527,0 -77.383129,37.219781,0 -77.38314250000001,37.220051,0 -77.383151,37.22022,0 -77.3831692,37.2205009,0 -77.383172,37.220544,0 -77.3831893,37.2208189,0 -77.38320400000001,37.221054,0 -77.38323099999999,37.2212159999999,0 -77.38327200000001,37.221369,0 -77.38333,37.221525,0 -77.38336099999999,37.221595,0 -77.383391,37.221652,0 -77.383414,37.221697,0 -77.383437,37.221742,0 -77.38346900000001,37.2217895,0 -77.38352999999999,37.22188,0 -77.38359370000001,37.2219594,0 -77.383638,37.22201,0 -77.383832,37.222202,0 -77.3841493,37.222488,0 -77.3845781,37.2228745,0 -77.384927,37.223189,0 -77.38509000000001,37.223324,0 -77.385445,37.223599,0 -77.385538,37.223668,0 -77.385727,37.223806,0 -77.386274,37.224193,0 -77.386793,37.224546,0 -77.387174,37.224811,0 -77.3877,37.225166,0 -77.387845,37.225274,0 -77.388007,37.225403,0 -77.388171,37.225547,0 -77.388366,37.225738,0 -77.38855100000001,37.225948,0 -77.388756,37.226213,0 -77.3889621,37.2264827,0 -77.38926600000001,37.22688,0 -77.3897762,37.2275587,0 -77.390041,37.2279109999999,0 -77.390136,37.228032,0 -77.3907791,37.2288513,0 -77.390917,37.229027,0 -77.390945,37.2290648,0 -77.39111269999999,37.2292905,0 -77.3913917,37.2296481,0 -77.3915827,37.2298978,0 -77.3916897,37.2300508999999,0 -77.39197710000001,37.2304143,0 -77.3920198,37.2305598,0 -77.3921502,37.2307269,0 -77.3923358,37.2309648,0 -77.3925077,37.2312019,0 -77.3928957,37.231699,0 -77.39328,37.232195,0 -77.3935209,37.2325214,0 -77.393781,37.232874,0 -77.3944698,37.2325759,0 -77.3947101,37.2324887,0 -77.395032,37.232385,0 -77.39642499999999,37.232281,0 -77.39756800000001,37.232238,0 -77.3980797,37.232212,0 -77.39863,37.232184,0 -77.3993615,37.2321404,0 -77.399889,37.232109,0 -77.400629,37.232069,0 -77.401398,37.232021,0 -77.4020739,37.2319927,0 -77.4020831,37.2319923,0 -77.40222180000001,37.231985,0 -77.4022946,37.2319808,0 -77.40259279999999,37.2319639,0 -77.40271610000001,37.2319568,0 -77.4027968,37.232066,0 -77.4028453,37.2321428,0 -77.40290899999999,37.2322555,0 -77.4029493,37.2323543999999,0 -77.4029908,37.2324652,0 -77.4030154,37.232568,0 -77.4030222,37.2326069,0 -77.40303590000001,37.232682,0 -77.4030436,37.2327461,0 -77.4030643,37.2329059,0 -77.403082,37.2330426,0 -77.4031432,37.2336811,0 -77.40317330000001,37.2339883,0 -77.4032352,37.2342743000001,0 -77.40334319999999,37.2346307,0 -77.4034741,37.2349576,0 -77.4036122,37.2353239,0 -77.4038546,37.2359424,0 -77.40403860000001,37.2364073,0 -77.40451469999999,37.2376218,0 -77.404612,37.2378753,0 -77.4047267,37.238159,0 -77.4048497,37.2384805,0 -77.4051905,37.2393482,0 -77.4052329,37.2394561,0 -77.4052525,37.2395061,0 -77.40536950000001,37.239799,0 -77.40545520000001,37.2400219,0 -77.40551790000001,37.2401667,0 -77.4055869,37.2402981,0 -77.40569549999999,37.2404345,0 -77.4058021,37.2405526,0 -77.4059233,37.2406558,0 -77.4060696,37.2407673,0 -77.4063434,37.2409802,0 -77.4068283,37.2413469,0 -77.4070916,37.2415459,0 -77.4071612,37.2416,0 -77.4074008,37.2417862,0 -77.4076627,37.2419897,0 -77.4078837,37.2421615,0 -77.40816580000001,37.2423661,0 -77.40823640000001,37.2424218,0 -77.4085955,37.2427054,0 -77.40866939999999,37.2427638,0 -77.4087499,37.2428216000001,0 -77.4088617,37.2429018,0 -77.409054,37.2430499,0 -77.40913639999999,37.2431213,0 -77.409361,37.243316,0 -77.4093822,37.2433353,0 -77.40943799999999,37.243386,0 -77.4094996,37.2434561,0 -77.40951800000001,37.243477,0 -77.409586,37.243582,0 -77.40964700000001,37.2437139999999,0 -77.409691,37.243851,0 -77.4097489,37.2440262,0 -77.409797,37.244286,0 -77.40982769999999,37.2444252,0 -77.4098826,37.2446706,0 -77.40993,37.2448875,0 -77.4099757,37.2450972,0 -77.4099956,37.2451875,0 -77.4100821,37.2455804,0 -77.410101,37.2456659999999,0 -77.41012189999999,37.2457589,0 -77.41017859999999,37.2460111,0 -77.4102039,37.2461237,0 -77.41020949999999,37.2461483,0 -77.410218,37.246186,0 -77.4102438,37.2463192,0 -77.4103046,37.2465803,0 -77.410326,37.246678,0 -77.41037799999999,37.246916,0 -77.410408,37.247052,0 -77.41041269999999,37.2470733,0 -77.4104748,37.2473548,0 -77.41049,37.247424,0 -77.410539,37.247638,0 -77.41057600000001,37.247797,0 -77.41065,37.248159,0 -77.4106656,37.248265,0 -77.410712,37.24858,0 -77.41073900000001,37.248866,0 -77.410753,37.249011,0 -77.410776,37.249241,0 -77.4107884,37.2494155,0 -77.410799,37.2495581,0 -77.41080530000001,37.2496543,0 -77.41081389999999,37.2497760999999,0 -77.41081800000001,37.249834,0 -77.4108226,37.2499031,0 -77.41083380000001,37.2500729,0 -77.4108447,37.2502375,0 -77.41085459999999,37.2503873,0 -77.41086300000001,37.250515,0 -77.4108653,37.2505541,0 -77.410877,37.250751,0 -77.4108877,37.2509253,0 -77.4108974,37.2510839,0 -77.4109081,37.2512574,0 -77.41091659999999,37.2513952999999,0 -77.41092500000001,37.251533,0 -77.41092740000001,37.2515717,0 -77.41094200000001,37.2518086,0 -77.4109476,37.2518996,0 -77.4109662,37.2522014,0 -77.410968,37.25223,0 -77.4109887,37.2525596,0 -77.41099699999999,37.252691,0 -77.41102100000001,37.253055,0 -77.4110245,37.2531047,0 -77.411055,37.253538,0 -77.4111054,37.254373,0 -77.411109,37.254432,0 -77.411118,37.2546063,0 -77.4111255,37.2546901,0 -77.4111303,37.2547651,0 -77.41113609999999,37.2548559,0 -77.4111465,37.2550178,0 -77.41114949999999,37.2550648,0 -77.41115600000001,37.2551662,0 -77.41116479999999,37.2553043,0 -77.41116959999999,37.2553795,0 -77.4111765,37.2554876,0 -77.4111891,37.255684,0 -77.4111906,37.2557075,0 -77.4112023,37.2558897,0 -77.4112131,37.2560588,0 -77.411215,37.256088,0 -77.4112271,37.256299,0 -77.4112384,37.2564957,0 -77.4112521,37.2567329,0 -77.411269,37.257027,0 -77.4112865,37.2573225,0 -77.41130459999999,37.2576287,0 -77.41131110000001,37.2577382,0 -77.41132210000001,37.2579232999999,0 -77.411326,37.257989,0 -77.41132709999999,37.2580118,0 -77.4113365,37.2582078,0 -77.41133480000001,37.2582767999999,0 -77.411345,37.258369,0 -77.4113493,37.2584516,0 -77.41136539999999,37.2587591,0 -77.41137500000001,37.258942,0 -77.4113773,37.2589866,0 -77.4113914,37.259264,0 -77.41140110000001,37.2594542,0 -77.41142499999999,37.259923,0 -77.4114323,37.2600767,0 -77.411441,37.260258,0 -77.4114493,37.2604388999999,0 -77.4114537,37.260536,0 -77.4114659,37.2608012,0 -77.411469,37.260869,0 -77.411503,37.261621,0 -77.41151000000001,37.2618,0 -77.4115146,37.2619754,0 -77.411529,37.262294,0 -77.4115434,37.2625474,0 -77.41158059999999,37.2632047,0 -77.411607,37.26367,0 -77.41162370000001,37.2639468,0 -77.41163,37.264052,0 -77.411671,37.26471,0 -77.4116866,37.2649565,0 -77.41169600000001,37.2651060000001,0 -77.4117109,37.2653825,0 -77.411716,37.2654759999999,0 -77.4117179,37.2655125,0 -77.4117344,37.2658357,0 -77.411744,37.266023,0 -77.411739,37.266264,0 -77.41173999999999,37.266519,0 -77.41174100000001,37.266616,0 -77.4117505,37.2668235,0 -77.4117601,37.267031,0 -77.41177399999999,37.267333,0 -77.4118194,37.2680972,0 -77.4118355,37.2683686,0 -77.411843,37.268495,0 -77.411844,37.2686015,0 -77.4118434,37.2686986,0 -77.4118443,37.2689179,0 -77.411844,37.269015,0 -77.4118452,37.2691348000001,0 -77.41184730000001,37.2693553,0 -77.41184939999999,37.2695757,0 -77.4118526,37.2697519,0 -77.4118529,37.2697716,0 -77.4118545,37.2698115,0 
				
					-77.41188699999999,37.2706198,0 -77.41189199999999,37.270745,0 -77.4118931,37.2707642,0 -77.4118967,37.2708259,0 -77.4119142,37.2711279,0 -77.411917,37.2711757,0 -77.411928,37.271366,0 -77.4119341,37.271471,0 -77.41195690000001,37.2718649,0 -77.41196100000001,37.271936,0 -77.4119666,37.2720501,0 -77.4119692,37.2721023,0 -77.41198129999999,37.2723479,0 -77.4119864,37.2724522,0 -77.41198869999999,37.2724988,0 -77.41199279999999,37.2725832,0 -77.412003,37.2727899,0 -77.41201239999999,37.2729803,0 -77.41201479999999,37.2730304,0 -77.4120211,37.2731587,0 -77.4120327,37.2733932,0 -77.412035,37.27344,0 -77.4120446,37.2736585,0 -77.4120535,37.2738593,0 -77.4120613,37.2740363,0 -77.41206889999999,37.2742094,0 -77.41207,37.274235,0 -77.4120867,37.2745488,0 -77.412099,37.274781,0 -77.4121042,37.2749325,0 -77.4121123,37.2751678,0 -77.41211989999999,37.2754085,0 -77.41212400000001,37.275508,0 -77.4121318,37.2757382,0 -77.412138,37.275919,0 -77.41214600000001,37.276093,0 -77.41215680000001,37.2762829,0 -77.4121564,37.2763149,0 -77.412164,37.2764783,0 -77.4121695,37.2765963,0 -77.41218000000001,37.276822,0 -77.4121993,37.2773191,0 -77.4122036,37.2774384000001,0 -77.412212,37.277673,0 -77.4122151,37.2777188,0 -77.4122199,37.2778204,0 -77.4122301,37.2780331,0 -77.41223050000001,37.2780553,0 -77.41223669999999,37.278222,0 -77.4122425,37.2783923,0 -77.41225420000001,37.2786938,0 -77.41226279999999,37.278914,0 -77.41226330000001,37.2790625,0 -77.41226519999999,37.2791059,0 -77.4122668,37.2792254,0 -77.41226949999999,37.2793901,0 -77.4122698,37.2795286,0 -77.41227240000001,37.2795793,0 -77.4122548,37.279684,0 -77.4122557,37.279858,0 -77.412256,37.279905,0 -77.4122565,37.2800487,0 -77.41225780000001,37.2803874,0 -77.4122569,37.2804704,0 -77.4122584,37.2805557,0 -77.4122574,37.2807682,0 -77.41226,37.280982,0 -77.4122607,37.2809987000001,0 -77.41226899999999,37.281193,0 -77.4122718,37.2812562,0 -77.41229149999999,37.2816938,0 -77.4123014,37.2819156,0 -77.41231620000001,37.2822441,0 -77.412322,37.2823739999999,0 -77.412328,37.2826745,0 -77.4123297,37.282762,0 -77.41232429999999,37.282876,0 -77.4123158,37.2830274,0 -77.4123123,37.2830683,0 -77.41230179999999,37.2831664,0 -77.41228030000001,37.2833348,0 -77.4122545,37.2834767,0 -77.4122395,37.2835494,0 -77.4122344,37.283576,0 -77.41221779999999,37.2836627,0 -77.4122126,37.2836895,0 -77.4121924,37.2837754,0 -77.4121707,37.2838673,0 -77.4121095,37.2840973,0 -77.4120301,37.2843858,0 -77.41197769999999,37.2845599,0 -77.4119117,37.2847971,0 -77.4118783,37.2849274,0 -77.4118533,37.2850248,0 -77.4118287,37.2851445,0 -77.4117589,37.285485,0 -77.411722,37.2857542,0 -77.4117169,37.2857914,0 -77.4116873,37.285999,0 -77.4116685,37.2861311,0 -77.4116674,37.286139,0 -77.4116554,37.2862234,0 -77.4116518,37.286254,0 -77.41164089999999,37.2863476,0 -77.4115247,37.2871293,0 -77.4114964,37.2873873,0 -77.4114725,37.2876056,0 -77.4114397,37.2879045,0 -77.4113991,37.288154,0 -77.4113724,37.2883184,0 -77.4113483,37.2884486,0 -77.41133139999999,37.2885729,0 -77.41130130000001,37.2887938,0 -77.4112897,37.2888787,0 -77.4112777,37.2889665,0 -77.411247,37.2891916,0 -77.41122900000001,37.289324,0 -77.41112529999999,37.2900959,0 -77.411068,37.29054,0 -77.4110221,37.2909616,0 -77.4109974,37.2911882,0 -77.410961,37.291528,0 -77.4109459,37.2916255,0 -77.410888,37.291999,0 -77.41082900000001,37.2923057,0 -77.41079379999999,37.292489,0 -77.41078709999999,37.2925237,0 -77.4107726,37.292599,0 -77.41073799999999,37.2927788,0 -77.4106831,37.2930644,0 -77.410669,37.2931375,0 -77.410574,37.2936314,0 -77.4105417,37.2937991,0 -77.4105307,37.2938562,0 -77.41051419999999,37.2939421,0 -77.410431,37.2943748,0 -77.41029140000001,37.2951003,0 -77.4102718,37.2952019,0 -77.410262,37.295253,0 -77.4102469,37.2953287,0 -77.4101462,37.2958336,0 -77.410129,37.29592,0 -77.410061,37.29629,0 -77.409949,37.296871,0 -77.40991099999999,37.297055,0 -77.40986669999999,37.297275,0 -77.40979299999999,37.297641,0 -77.40968359999999,37.2982056,0 -77.40962570000001,37.2985045,0 -77.409566,37.298813,0 -77.40936499999999,37.299957,0 -77.4093309,37.3003888,0 -77.409311,37.30064,0 -77.4092692,37.3011742,0 -77.4090673,37.3037555,0 -77.4090527,37.3039427,0 -77.40904,37.3040922,0 -77.40902149999999,37.3043093,0 -77.4090176,37.3043937,0 -77.4089427,37.304746,0 -77.40892150000001,37.3050193,0 -77.4089056,37.3052255,0 -77.4088951,37.3053613,0 -77.4088884,37.3054474,0 -77.4088725,37.3056524,0 -77.4088407,37.306056,0 -77.4087573,37.3071146,0 -77.4087323,37.3074323,0 -77.40873000000001,37.3074620000001,0 -77.4087024,37.3077706,0 -77.408699,37.3078199,0 -77.40868810000001,37.3079747,0 -77.4086662,37.3084098,0 -77.4086547,37.3086139,0 -77.4086789,37.308922,0 
				
					-77.4080845,37.3155297,0 -77.40783879999999,37.316059,0 -77.40762290000001,37.3166566,0 -77.407555,37.3168299,0 -77.4074373,37.3171301,0 -77.4073264,37.3174161,0 -77.40691390000001,37.3185312,0 -77.4068645,37.3186645999999,0 -77.40682320000001,37.3187763,0 -77.40666435258068,37.31924123638326,0 -77.4063,37.320256,0 -77.406024,37.320987,0 -77.405567,37.322341,0 -77.4055378,37.3225498,0 -77.405509,37.322776,0 -77.40551240000001,37.3230764,0 -77.40557,37.323504,0 -77.405807,37.324769,0 -77.4058599,37.325054,0 -77.40606699999999,37.325818,0 -77.406226,37.326371,0 -77.40644709999999,37.3271043,0 -77.406744,37.328089,0 -77.40677959999999,37.3282043,0 -77.406941,37.328726,0 -77.407302,37.329964,0 -77.40746900000001,37.331427,0 -77.40749,37.331645,0 -77.4075161,37.3318852,0 -77.40753890000001,37.3321002,0 -77.4075591,37.3323091,0 -77.40763750000001,37.3330288,0 -77.4078183,37.3345381,0 -77.4079418,37.3355685,0 -77.40797790000001,37.3358857,0 -77.4080112,37.3361993,0 -77.40805760000001,37.3365719999999,0 -77.40810399999999,37.3369446,0 -77.4081338,37.3371835,0 -77.4081425,37.3372599,0 -77.4082428,37.3381405,0 -77.40829720000001,37.3385768,0 -77.4083401,37.3389214,0 -77.40836090000001,37.3390885,0 -77.4083644,37.3391116,0 -77.4084707,37.3398087,0 -77.4085018,37.340013,0 -77.4085431,37.3402262,0 -77.408691,37.34099,0 -77.4086922,37.3409947,0 -77.40876299999999,37.341269,0 -77.40884,37.341521,0 -77.4088685,37.341609,0 -77.408897,37.341697,0 -77.40898199999999,37.341969,0 -77.409043,37.342168,0 -77.40927619999999,37.3429021,0 -77.4093781,37.343223,0 -77.409617,37.343975,0 -77.409808,37.3446162,0 -77.4099693,37.3451578,0 -77.41000990000001,37.3452944,0 -77.41009680000001,37.345418,0 -77.4101071,37.3454427,0 -77.4102212,37.3458241,0 -77.4102433,37.3458978,0 -77.41039480000001,37.3463755,0 -77.41043380000001,37.3464984,0 -77.4105505,37.3468723,0 -77.4106015,37.3470357,0 -77.4107547,37.3474929,0 -77.4110737,37.3484933,0 -77.4114417,37.3495936,0 -77.4117153,37.3504518,0 -77.4117406,37.3505204,0 -77.4117796,37.350642,0 -77.4117976,37.3506982,0 -77.4119791,37.3511689,0 -77.41221849999999,37.3518213,0 -77.4124432,37.3525009,0 -77.41263530000001,37.3530445,0 -77.41268530000001,37.3531798,0 -77.41271759999999,37.353267,0 -77.41282150000001,37.3535565,0 -77.4129088,37.3537954,0 -77.4130578,37.3542165,0 -77.4131716,37.3545496999999,0 -77.4132601,37.3548062,0 -77.41329020000001,37.3548928,0 -77.4133456,37.3550446,0 -77.41337830000001,37.3551214,0 -77.41338880000001,37.3551523,0 -77.4134419,37.3552834,0 -77.4134902,37.3554155,0 -77.4136491,37.3558418,0 -77.4137929,37.356211,0 -77.41405589999999,37.3570608,0 
				
					-77.41405589999999,37.3570608,0 -77.41413489999999,37.3572671,0 -77.41416599999999,37.3573483,0 -77.4142652,37.3576138,0 -77.4143385,37.3578104,0 -77.4146027,37.3585026,0 -77.4147998,37.3590165,0 -77.41483909999999,37.3591231,0 -77.41490140000001,37.3592837,0 -77.4149512,37.3594004,0 -77.4150339,37.3596225,0 -77.415066,37.3597076,0 -77.4151509,37.3599058,0 -77.4152996,37.3602747,0 -77.4154115,37.3605555,0 -77.41549259999999,37.3607603,0 -77.41556799999999,37.3609732,0 -77.41561470000001,37.3611053,0 -77.4156631,37.3612601,0 -77.41571140000001,37.3614149,0 -77.4157649,37.3615807,0 -77.41583989999999,37.3618175,0 -77.4158968,37.3619836,0 -77.41612430000001,37.3627438,0 -77.41626460000001,37.3632553,0 -77.4163167,37.3634469,0 -77.41635960000001,37.3636045,0 -77.4164243,37.3638488,0 -77.41648600000001,37.364101,0 -77.4165237,37.3642752999999,0 -77.41664919999999,37.3648345,0 -77.4166824,37.3649678,0 -77.41689770000001,37.365844,0 -77.41700969999999,37.3663297,0 -77.4170549,37.3665244,0 -77.4171176,37.3667845,0 -77.41713729999999,37.3668711,0 -77.4171664,37.3670004,0 -77.41722,37.3672385,0 -77.4172246,37.3672589,0 -77.4173009,37.3675823,0 -77.4173638,37.3678709,0 -77.4174234,37.3681404,0 -77.4174541,37.3682825,0 -77.41754779999999,37.3686755,0 -77.4175589,37.3687157,0 -77.4176159,37.368939,0 -77.4177981,37.369653,0 -77.4178565,37.3698659,0 -77.4179457,37.3702119,0 -77.4183017,37.3715368,0 -77.41835039999999,37.3717351,0 -77.41852299999999,37.3722658,0 -77.4186772,37.3728743,0 -77.41872549999999,37.3730523,0 -77.4188113,37.3733667,0 -77.4189204,37.3736792,0 -77.4190985,37.3740675,0 -77.41926340000001,37.3743979,0 -77.4193799,37.3746264,0 -77.41972010000001,37.3753201,0 -77.4197757,37.3754294999999,0 -77.4199729,37.3758271,0 -77.41999610000001,37.3758751,0 -77.420103,37.3760967,0 -77.42020220000001,37.3763024,0 -77.4203299,37.3765659,0 -77.42097630000001,37.3778758,0 -77.4210313,37.3779878,0 -77.4211677,37.3782659,0 -77.4214394,37.3788171,0 -77.4215682,37.3790834,0 -77.42174110000001,37.3794489,0 -77.42191390000001,37.3798144,0 -77.4219325,37.379945,0 -77.4221687,37.3803864,0 -77.422262,37.380568,0 -77.4223113,37.3806676,0 -77.4223487,37.3807432,0 -77.422814,37.381683,0 -77.42340179999999,37.3828786,0 -77.42373360000001,37.3835536,0 -77.42395999999999,37.384014,0 -77.42461299999999,37.385402,0 -77.42474900000001,37.385696,0 -77.424842,37.3858960000001,0 -77.4249308,37.3860807,0 -77.4251835,37.3866067,0 -77.4254031,37.3870202,0 -77.4254849,37.3871739,0 -77.4256176,37.3874393,0 -77.425735,37.3876440000001,0 -77.42609899999999,37.388309,0 -77.4262555,37.3885925,0 -77.426565,37.389153,0 -77.4267354,37.3894607,0 -77.4269413,37.3898519,0 -77.4269474,37.389944,0 -77.4270339,37.3901041,0 -77.4271415,37.3903004,0 -77.4272802,37.390581,0 -77.4273046,37.3906303,0 -77.42735620000001,37.3907328000001,0 -77.4274284,37.3908685,0 -77.4274606,37.3909291,0 -77.4275787,37.3911511,0 -77.4276431,37.3912489,0 -77.4277828,37.3915117,0 -77.4278814,37.391574,0 -77.427943,37.3916735,0 -77.42795,37.3916861,0 -77.428049,37.391868,0 -77.428174,37.392097,0 -77.428369,37.392456,0 -77.42861910000001,37.392916,0 -77.428678,37.393032,0 -77.42873299999999,37.393134,0 -77.42885579999999,37.3933639,0 -77.428944,37.3935290000001,0 -77.428989,37.3936129,0 -77.4290445,37.3937162,0 -77.42919070000001,37.3940115,0 -77.42933600000001,37.394259,0 -77.42962780000001,37.3947976,0 -77.429768,37.3950563999999,0 -77.4299261,37.3953482,0 -77.43007,37.395614,0 -77.4302412,37.3959374,0 -77.430271,37.3959936,0 -77.4303187,37.3960837,0 -77.430527,37.396477,0 -77.430751,37.396918,0 -77.43114199999999,37.397797,0 -77.4312889,37.3983097,0 -77.431352,37.39853,0 -77.43159439999999,37.3994412,0 -77.43171,37.399867,0 -77.43175979999999,37.4000488,0 -77.4317954,37.4001785,0 -77.4318085,37.4002265,0 -77.4318371,37.4003292,0 -77.43190749999999,37.4005917999999,0 -77.4319454,37.4007266,0 -77.4320453,37.4010913,0 -77.4321204,37.4013657,0 -77.4321996,37.4016549,0 -77.4324026,37.402396,0 -77.432444,37.402547,0 -77.432485,37.402691,0 -77.4326275,37.4032129,0 -77.43276400000001,37.403713,0 -77.432835,37.4039680000001,0 -77.43289009999999,37.4041658000001,0 -77.43297389999999,37.4044666,0 -77.43303299999999,37.4046790000001,0 -77.4331564,37.4051338,0 -77.4334096,37.4060669,0 -77.4335305,37.4065121,0 -77.4335768,37.4066829,0 -77.43361400000001,37.40682,0 -77.43368700000001,37.407086,0 -77.43388280000001,37.4078339,0 -77.4340603,37.4083532,0 -77.4341163,37.4085608,0 -77.43414799999999,37.4086782,0 -77.43422649999999,37.4089312,0 -77.43425999999999,37.4090392,0 -77.4343332,37.4092631,0 -77.43435789999999,37.4093254,0 -77.4344687,37.4096038999999,0 -77.43455179999999,37.4098063,0 -77.43468540000001,37.4101237,0 -77.43473969999999,37.4102526,0 -77.4348806,37.4105655,0 -77.4349728,37.4107685,0 -77.4350225,37.410879,0 -77.4350694,37.4109965,0 -77.4352313,37.4114691,0 -77.4352626,37.4115878000001,0 -77.4352863,37.4117193999999,0 -77.435312,37.4118708,0 -77.43532740000001,37.4119802,0 -77.43533960000001,37.4121101,0 -77.4353533,37.4123224,0 -77.43535749999999,37.4123656,0 -77.4353744,37.4125392,0 -77.43540110000001,37.4127573,0 -77.4354384,37.4129741,0 -77.4354706,37.413143,0 -77.4354931,37.4132447,0 -77.4355207,37.4133576,0 -77.4355463,37.4134708,0 -77.43560859999999,37.4136995,0 -77.4356763,37.4139653,0 -77.435734,37.414183,0 -77.435868,37.414658,0 -77.4360293,37.4152059,0 -77.4361603,37.4156839,0 -77.436345,37.416358,0 -77.436528,37.417029,0 -77.43654600000001,37.417097,0 -77.436858,37.418275,0 -77.43687199999999,37.418328,0 -77.43688710000001,37.4184188,0 -77.4370912,37.4191606,0 -77.437146,37.41936,0 -77.437254,37.419744,0 -77.43728400000001,37.419852,0 -77.437375,37.420175,0 -77.4373999,37.4202687,0 -77.437411,37.420313,0 -77.43759900000001,37.421027,0 -77.4376583,37.4212452,0 -77.43785699999999,37.421977,0 -77.4379417,37.4222797,0 -77.437991,37.422456,0 -77.4380061,37.422511,0 -77.43803,37.4225981,0 -77.43809299999999,37.4228274000001,0 -77.438102,37.42286,0 -77.43815859999999,37.4230673,0 -77.4383921,37.4239229,0 -77.43841020000001,37.4239893,0 -77.438433,37.424073,0 -77.4385334,37.4244384,0 -77.43854399999999,37.424477,0 -77.4385544,37.4245148,0 -77.4386581,37.4248917,0 -77.438813,37.425455,0 -77.43900170000001,37.4261305,0 -77.439238,37.426976,0 -77.4393255,37.4272841,0 -77.4393714,37.4274456,0 -77.4393973,37.4275367,0 -77.4395427,37.4280489,0 -77.439599,37.428247,0 -77.4396352,37.4283782,0 -77.43972290000001,37.4286958,0 -77.439842,37.429127,0 -77.439941,37.429545,0 -77.439966,37.429736,0 -77.4399674,37.4297705,0 -77.43997400000001,37.429929,0 -77.439955,37.430264,0 -77.439916,37.4306300000001,0 -77.4398535,37.4310219,0 -77.4397422,37.431844,0 -77.4397101,37.4321098,0 -77.4395938,37.4330737,0 -77.4395284,37.4336161,0 -77.439466,37.434146,0 -77.439336,37.43518,0 -77.43929350000001,37.4355203,0 -77.4392574,37.4358096,0 -77.4392093,37.4361942,0 -77.43919510000001,37.4362986,0 -77.439097,37.437021,0 -77.43908070000001,37.4371444,0 -77.439029,37.437536,0 -77.438992,37.437836,0 -77.438991,37.437871,0 -77.438991,37.437995,0 -77.439004,37.438122,0 -77.439069,37.4385,0 -77.43910099999999,37.438651,0 -77.43925969999999,37.4392348,0 -77.4393378,37.4395318,0 -77.439409,37.4398026,0 -77.439584,37.4404680000001,0 -77.43964,37.440682,0 -77.43972100000001,37.4410153,0 -77.439761,37.441162,0 -77.439875,37.441643,0 -77.43998019999999,37.4420866,0 -77.43998499999999,37.442112,0 -77.439992,37.442142,0 -77.440083,37.442554,0 -77.440134,37.442883,0 -77.44022459999999,37.4434152,0 -77.44032679999999,37.4440199,0 -77.440478,37.444946,0 -77.4406207,37.4456809,0 -77.4407403,37.4463684,0 -77.4407769,37.4465662,0 -77.44080839999999,37.4467561,0 -77.4409134,37.4473751,0 -77.4409914,37.447835,0 -77.44107529999999,37.4483438999999,0 -77.4411612,37.448795,0 -77.4412703,37.4494118,0 -77.4413472,37.4499006,0 -77.4413852,37.4501421,0 -77.4414249,37.4503947,0 -77.4414419,37.4505352,0 -77.4414472,37.4505794,0 -77.4414688,37.4507583000001,0 -77.44148920000001,37.4509273,0 -77.4415082,37.451085,0 -77.4415558,37.4514794,0 -77.44158,37.4516799,0 -77.441619,37.452003,0 -77.4416583,37.4524014,0 -77.44166439999999,37.4524631,0 -77.44169789999999,37.452803,0 -77.44174099999999,37.4531462,0 -77.4418132,37.4537205,0 -77.4418792,37.4543806,0 -77.4419159,37.4547847,0 -77.441948,37.4551386,0 -77.44204089999999,37.4560121999999,0 -77.4421353,37.4569963,0 -77.4421445,37.4570922,0 -77.4421913,37.4575164,0 -77.4422024,37.4576137,0 -77.4422276,37.4578716,0 -77.44224850000001,37.4580858,0 -77.4422625,37.4581976,0 -77.4423142,37.4586098,0 -77.4423645,37.4590115,0 -77.4423955,37.459286,0 -77.442412,37.4594312,0 -77.44243659999999,37.4596488,0 -77.44250890000001,37.460286,0 -77.44252849999999,37.4604629,0 -77.4425782,37.4609021,0 -77.442587,37.4609803,0 -77.442595,37.4610598,0 -77.44259820000001,37.461091,0 -77.4426217,37.461323,0 -77.44265369999999,37.4616401,0 -77.4426785,37.4618852,0 -77.44269679999999,37.4620663,0 -77.44271519999999,37.462248,0 -77.4427518,37.4626107,0 -77.4427683,37.4627736,0 -77.4427957,37.4630457,0 -77.44281340000001,37.4632215,0 -77.4428964,37.464045,0 -77.4429145,37.4642242,0 -77.4429557,37.4646494,0 -77.44297779999999,37.4648701,0 -77.4430222,37.4653144,0 -77.4430381,37.4654733,0 -77.44306829999999,37.4658052,0 -77.44307379999999,37.4658654,0 -77.4431046,37.4662042,0 -77.443113,37.4662963,0 -77.44313289999999,37.4664911,0 -77.443156,37.4667158,0 -77.44321650000001,37.4673071,0 -77.44327509999999,37.4678927,0 -77.4433013,37.4681548,0 -77.4433313,37.4684538,0 -77.443388,37.4690201,0 -77.4434181,37.4693153,0 -77.4434428,37.4695565999999,0 -77.443488,37.4699996,0 -77.443557,37.470693,0 -77.4435826,37.4709500000001,0 -77.44367680000001,37.4719017,0 -77.44369949999999,37.4721242,0 -77.4437538,37.4726576,0 -77.4437678,37.4727951,0 -77.4437822,37.4729313,0 -77.44379290000001,37.4730503,0 -77.443804,37.473152,0 -77.4438739,37.4738934,0 -77.4439053,37.4742266,0 -77.443928,37.4744679,0 -77.44394749999999,37.4746752,0 -77.4440038,37.4752724,0 -77.444017,37.4754106,0 -77.44402940000001,37.4754802,0 -77.4441061,37.476341,0 -77.4441162,37.47644,0 -77.4441197,37.4764747,0 -77.4441441,37.4767144,0 -77.4442244,37.4775058,0 -77.4443021,37.4782651,0 -77.4443213,37.4784522,0 -77.4443356,37.4785921,0 -77.44436829999999,37.4789107,0 -77.4444005,37.479222,0 -77.4444125,37.4793555,0 -77.44442100000001,37.479446,0 -77.444455,37.4797944,0 -77.4444699,37.4799465,0 -77.4445429,37.4806493,0 -77.444563,37.4808428,0 -77.44457850000001,37.480992,0 -77.44457920000001,37.480999,0 -77.44468000000001,37.4819838,0 -77.44476659999999,37.4828595,0 -77.44477999999999,37.4829882,0 -77.4448069,37.4832467,0 -77.4448208,37.4833805,0 -77.44484660000001,37.4836293,0 -77.4448816,37.4839655,0 -77.4449013,37.4841547,0 -77.44494160000001,37.4845426,0 -77.444969,37.4848144,0 -77.44498830000001,37.4849937,0 -77.4449918,37.4850285,0 -77.44502319999999,37.485339,0 -77.4451091,37.48621,0 -77.44511319999999,37.4862518,0 -77.4451407,37.486513,0 -77.4451617,37.4867116,0 -77.4452423,37.4875007,0 -77.445275,37.4878207,0 -77.4452945,37.4880119,0 -77.4454135,37.4891767,0 -77.4454298,37.4893435,0 -77.44545960000001,37.489635,0 -77.4454783,37.4898183,0 -77.4455923,37.4909336,0 -77.4456089,37.491084,0 -77.44562120000001,37.4911952,0 -77.44564699999999,37.4914282,0 -77.445651,37.4914647,0 -77.4456879,37.4917985000001,0 -77.44569970000001,37.4919051,0 -77.4457286,37.4921662,0 -77.4457843,37.4926697,0 -77.44579160000001,37.492736,0 -77.44583489999999,37.4931278,0 -77.4458551,37.493302,0 -77.4459476,37.4940991,0 -77.44596110000001,37.4942174,0 -77.44599700000001,37.4945314,0 -77.4460567,37.4950534,0 -77.4460938,37.4953949,0 -77.446107,37.4955167,0 -77.44615760000001,37.4959825,0 -77.4462523,37.4968386,0 -77.44629949999999,37.4972663,0 -77.4464153,37.4983166,0 -77.4464648,37.4987777,0 -77.4464937,37.4990469,0 -77.44653719999999,37.4994527,0 -77.4466403,37.5003455,0 -77.4466548,37.500472,0 -77.446759,37.5014482,0 -77.4468273,37.5020624,0 -77.4468468,37.5022368,0 -77.44692430000001,37.5029284999999,0 -77.44696,37.5032472000001,0 -77.44698320000001,37.503472,0 -77.44701619999999,37.5037921,0 -77.4470263,37.5038779,0 -77.4470687,37.5043477,0 -77.4472142,37.5054667,0 -77.4472449,37.5057586,0 -77.44729220000001,37.5062096,0 -77.4473187,37.5064487,0 -77.4473395,37.5066365,0 -77.4474288,37.5073239,0 -77.4474848,37.5078172,0 -77.4475281,37.5081985,0 -77.4476173,37.5089838,0 -77.4477291,37.5099679,0 -77.44785330000001,37.5110621,0 -77.4479501,37.5119142,0 -77.4479556,37.5119617,0 -77.4480544,37.5127161,0 -77.448082,37.5129297,0 -77.4480976,37.5130655,0 -77.4481225,37.5133486,0 -77.44812520000001,37.5133789,0 -77.44813790000001,37.5135182,0 -77.4481633,37.5137331,0 -77.448215,37.5141798,0 -77.44836479999999,37.5154478,0 -77.4483853,37.5156122,0 -77.4484775,37.5163649,0 -77.44850529999999,37.5166158,0 -77.4485203,37.5167379000001,0 -77.4485402,37.516898,0 -77.4485433,37.5169256,0 -77.4486072,37.51749,0 -77.4486316,37.517705,0 -77.4486364,37.5177389,0 -77.44864990000001,37.517833,0 -77.44866709999999,37.5179217,0 -77.44869060000001,37.5180225,0 -77.4487287,37.5181575,0 -77.4487647,37.5182597,0 -77.4487994,37.5183468,0 -77.4488333,37.518422,0 -77.4488746,37.5185023,0 -77.4489095,37.518565,0 -77.4489662,37.5186634,0 -77.4490371,37.5187759000001,0 -77.44915779999999,37.5189676,0 -77.4492532,37.5191235,0 -77.4493167,37.5192236,0 -77.4495173,37.5195484,0 -77.4496814,37.5198141,0 -77.4498432,37.5200842,0 -77.4501398,37.5205515,0 -77.450453,37.5210672,0 -77.45047409999999,37.5211019,0 -77.450597,37.5212909,0 -77.45088149999999,37.5217705,0 -77.4510092,37.5219641,0 -77.45106,37.522047,0 -77.45108500000001,37.5220871,0 -77.4513364,37.5224904,0 -77.45165849999999,37.5230079,0 -77.4517213,37.5231079,0 -77.451807,37.5232451,0 -77.4518781,37.5233588,0 -77.4518841,37.5233707,0 -77.4522303,37.5239322,0 -77.4523227,37.5241192,0 -77.4523872,37.524284,0 -77.4524488,37.5244949,0 -77.4524899,37.5247061,0 -77.4525062,37.5248499,0 -77.452513,37.5249319,0 -77.45251469999999,37.5251447,0 -77.4525065,37.5252176,0 -77.4524902,37.5253623,0 -77.45245,37.5255746,0 -77.4524084,37.5257225,0 -77.4519346,37.5269642,0 -77.4515842,37.5278175,0 -77.45147489999999,37.5281019999999,0 -77.4505338,37.5305187,0 -77.44977609999999,37.5324792,0 -77.4495538,37.5331238,0 -77.4494499,37.5336553,0 -77.44941609999999,37.5339081,0 -77.4493829,37.5342052,0 -77.4493476,37.5350502,0 -77.4493425,37.5356548,0 -77.4493406,37.5364975,0 -77.4493366,37.5373418,0 -77.4493348,37.5377299,0 -77.4493325,37.5382509,0 -77.44933159999999,37.5385018,0 -77.449321,37.5390666,0 -77.4493212,37.5391443,0 -77.44932129999999,37.5392203,0 -77.4493068,37.5396329,0 -77.4492771,37.5404741,0 -77.44923470000001,37.5417209,0 -77.44922099999999,37.5417965,0 -77.4492046,37.5418808,0 -77.44920310000001,37.5419266,0 -77.4491968,37.542019,0 -77.4491786,37.542307,0 -77.4491362,37.5427809,0 -77.4491189,37.5430208,0 -77.4491208,37.5431112,0 -77.4491192,37.5432061,0 -77.4491189,37.5432608,0 -77.449102,37.5434224,0 -77.4490893,37.5440273,0 -77.4490816,37.5443588,0 -77.44907980000001,37.5444734,0 -77.4490789,37.5445608,0 -77.4490783,37.5446007,0 -77.4490619,37.5457,0 -77.44905919999999,37.5457851,0 -77.44905660000001,37.5458664,0 -77.4490559,37.5459223,0 -77.4490497,37.5464058,0 -77.4490237,37.54669,0 -77.44898430000001,37.5468017999999,0 -77.4489075,37.5469399,0 -77.44888210000001,37.546973,0 -77.44881549999999,37.5470645,0 -77.4487853,37.547106,0 -77.44876499999999,37.5471289999999,0 -77.4487101,37.547192,0 -77.4485304,37.547433,0 -77.4484561,37.5475326,0 -77.4483132,37.5477373,0 -77.4482143,37.5478789,0 -77.448131,37.5479934,0 -77.4480578,37.5480933,0 -77.4480377,37.5481192,0 -77.44789470000001,37.5482982,0 -77.44777999999999,37.5484394,0 -77.44752579999999,37.548765,0 -77.4474453,37.5488617,0 -77.4473931,37.5489243,0 -77.4473431,37.5489844,0 -77.4472873,37.5490514,0 -77.447266,37.5490769,0 -77.4470542,37.5493127000001,0 -77.44670549999999,37.5497009999999,0 -77.4466278,37.5497879,0 -77.44654269999999,37.5498771,0 -77.44651930000001,37.5499017,0 -77.4458867,37.550564,0 -77.445824,37.5506298,0 -77.44575829999999,37.5506999,0 -77.4457235,37.5507369,0 -77.4448094,37.55171,0 -77.44472810000001,37.5517971,0 -77.44466660000001,37.5518653,0 -77.44464069999999,37.5518939,0 -77.4442976,37.5522739,0 -77.4440494,37.5525235,0 -77.4435874,37.5530107,0 -77.442944,37.5537019,0 -77.4428939,37.553754,0 -77.4426052,37.5540598,0 -77.4425327,37.5541443,0 -77.4424698,37.5542264,0 -77.44240569999999,37.5543106,0 -77.4423415,37.5544056,0 -77.4422754,37.5545223,0 -77.44222619999999,37.5546253,0 -77.4421866,37.5547201,0 -77.44213670000001,37.5548575,0 -77.442106,37.554966,0 -77.44207609999999,37.5550789,0 -77.4420671,37.5551216,0 -77.44205530000001,37.555205,0 -77.4420449,37.5553533,0 -77.4420449,37.5554209,0 -77.44205839999999,37.5555601,0 -77.44206920000001,37.5556694,0 -77.4420872,37.5557775,0 -77.44211180000001,37.5558869,0 -77.44214220000001,37.5559953,0 -77.44228680000001,37.5564502,0 -77.4423772,37.5567337,0 -77.4424152,37.5568529,0 -77.4425178,37.5571856,0 -77.4425741,37.5574039,0 -77.44259719999999,37.5575352,0 -77.4426065,37.5576179,0 -77.4426127,37.5577329,0 -77.4426151,37.5578448,0 -77.442611,37.5580681,0 -77.4426107,37.5582915,0 -77.4426079,37.5585285,0 -77.4426076,37.5587104000001,0 -77.44260199999999,37.559314,0 -77.44260180000001,37.5593748,0 -77.44260060000001,37.5594676,0 -77.4426004,37.5595099,0 -77.44259510000001,37.5598506,0 -77.4425924,37.5600163,0 -77.4425904,37.5602648,0 -77.4425932,37.5603592,0 -77.4425986,37.5604677999999,0 -77.4426086,37.5605694,0 -77.4426127,37.56059,0 -77.4426335,37.5607463,0 -77.442652,37.5608657000001,0 -77.442688,37.5610217,0 -77.4427421,37.5612327,0 -77.4428083,37.5614467,0 -77.44288640000001,37.5616579,0 -77.4429762,37.5618678,0 -77.4431146,37.5621366,0 -77.4431429,37.5621916,0 -77.4432698,37.5623993000001,0 -77.44341369999999,37.5626349,0 -77.443512,37.5627958,0 -77.4435232,37.5628171,0 -77.4436111,37.5629847,0 -77.4436757,37.5631285,0 -77.4437757,37.5634037,0 -77.4438016,37.5634953,0 -77.44382229999999,37.5635729,0 -77.4438415,37.5636767,0 -77.44385440000001,37.5637544,0 -77.4438918,37.5639681,0 -77.4439637,37.5643948,0 -77.443985,37.5645177,0 -77.44404160000001,37.5648445,0 -77.44417319999999,37.5655966,0 -77.444186,37.5656696,0 -77.44419790000001,37.5657437,0 -77.4442054,37.5657896,0 -77.4442439,37.5660279,0 -77.4443095,37.5664209,0 -77.44431950000001,37.5664957,0 -77.4443369,37.5666073999999,0 -77.44437310000001,37.5668428,0 -77.4443787,37.5668767,0 -77.44439269999999,37.5669597,0 -77.44439749999999,37.5669861,0 -77.44441070000001,37.5670603,0 -77.4444271,37.5671562,0 -77.4444858,37.5675011,0 -77.44449280000001,37.5675419,0 -77.44455000000001,37.5678702,0 -77.44457869999999,37.568016,0 -77.4446806,37.5686222,0 -77.4447493,37.569031,0 -77.4447569,37.5690763,0 -77.4447638,37.5691163,0 -77.44478770000001,37.5692561,0 -77.4449402,37.5701475,0 -77.4449745,37.5703514,0 -77.445038,37.5707245,0 -77.4450997,37.5710871,0 -77.4451931,37.5716359,0 -77.4452436,37.5719448,0 -77.44526190000001,37.5720512,0 -77.4452699,37.5720987,0 -77.4452963,37.5722537,0 -77.4453097,37.5723329,0 -77.44531550000001,37.5723673,0 -77.44539519999999,37.5728252,0 -77.4454233,37.5729878,0 -77.445562,37.5737906,0 -77.4456613,37.5743779,0 -77.4458183,37.5752992,0 -77.4458264,37.5753454,0 -77.4458781,37.5756424,0 -77.4459061,37.5758177,0 -77.4459533,37.5760967,0 -77.4460528,37.5766841,0 -77.4461132,37.577041,0 -77.44613819999999,37.5771918,0 -77.44618800000001,37.5774839,0 -77.4462901,37.5780831999999,0 -77.44630050000001,37.5781441,0 -77.4463112,37.5782071,0 -77.44631269999999,37.5782157,0 -77.4463178,37.5782462,0 -77.4465628,37.5796872000001,0 -77.4466381,37.5801285,0 -77.4466784,37.5803648,0 -77.44677129999999,37.5809097,0 -77.44681559999999,37.5811695,0 -77.446876,37.5815234,0 -77.44688309999999,37.5815636,0 -77.44689099999999,37.5816102,0 -77.4468967,37.5816436,0 -77.4470754,37.5826978,0 -77.44716750000001,37.5832348,0 -77.4472154,37.5835141,0 -77.4472536,37.5837367,0 -77.4472875,37.5839345,0 -77.447332,37.5841947,0 -77.447372,37.5844462,0 -77.4473789,37.5844898,0 -77.4473984,37.5846074,0 -77.44740969999999,37.5846708,0 -77.44741449999999,37.5846977,0 -77.4475697,37.5856073,0 -77.44759740000001,37.5857692999999,0 -77.4476306,37.5859641,0 -77.4476564,37.5861153,0 -77.447727,37.5865293,0 -77.4477571,37.5867119,0 -77.4477661,37.5867667,0 -77.44780299999999,37.5869824,0 -77.44782720000001,37.5871243,0 -77.4478575,37.5873001,0 -77.44790740000001,37.5875832,0 -77.4479959,37.5881137,0 -77.4480081,37.5881933,0 -77.4480185,37.5882616,0 -77.4480291,37.5883243,0 -77.4480504,37.5884485,0 -77.44813259999999,37.5889275,0 -77.4482094,37.5893796,0 -77.44826999999999,37.5897342,0 -77.4483524,37.5902196,0 -77.4484034,37.5905202,0 -77.4484143,37.5905843,0 -77.44844500000001,37.5907656,0 -77.4485627,37.591459,0 -77.44872549999999,37.5924462,0 -77.4488242,37.5930449,0 -77.4488585,37.5932527,0 -77.449033,37.5943105,0 -77.4490416,37.5943625,0 -77.4490483,37.5944028,0 -77.4495189,37.5972206,0 -77.4495301,37.5972842,0 -77.449544,37.5973631,0 -77.44954850000001,37.5973888,0 -77.4499259,37.5996178,0 -77.4502473,37.6015054000001,0 -77.45029479999999,37.601747,0 -77.4503048,37.6018152,0 -77.4503246,37.6019448,0 -77.45033789999999,37.6020177,0 -77.4503431,37.6020441,0 -77.4504264,37.6024629,0 -77.4504766,37.6026975,0 -77.4505274,37.6029957,0 -77.450542,37.6031118,0 -77.450553,37.6032223,0 -77.45055929999999,37.6033336,0 -77.4505654,37.6034409,0 -77.4505662,37.6036609,0 -77.45056219999999,37.6037704,0 -77.4505494,37.603962,0 -77.45053799999999,37.6040732,0 -77.4505137,37.6042442999999,0 -77.4505025,37.6043177,0 -77.4504877,37.6044053,0 -77.4504443,37.6046156,0 -77.4504139,37.604725,0 -77.4503462,37.6049371,0 -77.45026970000001,37.6051465,0 -77.45022489999999,37.6052512,0 -77.4501779,37.6053547,0 -77.4500635,37.6055842,0 -77.4499921,37.6057208,0 -77.44990129999999,37.6058705,0 -77.44904320000001,37.6072313,0 -77.4489633,37.6073531,0 -77.4488441,37.6075398,0 -77.4482069,37.6085379,0 -77.4479941,37.6088678,0 -77.447986,37.6088803,0 -77.4478826,37.6090418,0 -77.44775970000001,37.6092383,0 -77.44762559999999,37.6094691999999,0 -77.4475783,37.6095547,0 -77.4475563,37.6095944,0 -77.44747220000001,37.6097605,0 -77.4474098,37.6098971,0 -77.4473337,37.6100854,0 -77.4472907,37.6102008,0 -77.4472284,37.6103889,0 -77.4471709,37.610602,0 -77.4471224,37.6108074,0 -77.44708249999999,37.6110142,0 -77.4470414,37.6112113,0 -77.4468729,37.6121885,0 -77.4468643,37.6123569,0 -77.44686110000001,37.6123855,0 -77.44677,37.6129407,0 -77.446704,37.6133186,0 -77.44662030000001,37.613784,0 -77.44658010000001,37.6140053,0 -77.4465052,37.6143528,0 -77.446405,37.6148991,0 -77.4463353,37.6152593,0 -77.4462522,37.6156626,0 -77.4461919,37.6158513,0 -77.4461443,37.6159709,0 -77.4461239,37.616039,0 -77.4460662,37.6161606,0 -77.4459878,37.6163117,0 -77.44586990000001,37.6165109,0 -77.4457498,37.6166874,0 -77.445646,37.616826,0 -77.4454501,37.6170551000001,0 -77.445296,37.61721,0 -77.44515199999999,37.617346,0 -77.4449951,37.6174805,0 -77.4449077,37.617549,0 -77.4448441,37.6175945,0 -77.44471609999999,37.6176751,0 -77.44430819999999,37.6179604,0 -77.4441034,37.6180934,0 -77.4434795,37.6185044,0 -77.4428386,37.6189344,0 -77.4418678,37.6195616,0 -77.4414689,37.6198414,0 -77.4410949,37.6201439,0 -77.4407329,37.620473,0 -77.44059300000001,37.6206296,0 -77.4404388,37.6207997,0 -77.4402091,37.6210715,0 -77.43999839999999,37.6213516,0 -77.4399109,37.621477,0 -77.4398693,37.6215404,0 -77.439744,37.6217312,0 -77.439629,37.6219099,0 -77.43950340000001,37.6221079,0 -77.4385602,37.6235818,0 -77.437955,37.624534,0 -77.43749010000001,37.6252496,0 -77.4371498,37.6257818,0 -77.4370972,37.625864,0 -77.4368034,37.6263261,0 -77.4367228,37.6264528,0 -77.43645739999999,37.626866,0 -77.4362217,37.6272259,0 -77.43616369999999,37.6273131,0 -77.43609309999999,37.6274191,0 -77.4359585,37.6276096,0 -77.43582979999999,37.6277829,0 -77.43573480000001,37.627911,0 -77.43559500000001,37.6280878000001,0 -77.43508540000001,37.6286992,0 -77.43480649999999,37.6290264,0 -77.43469260000001,37.6291552,0 -77.4344387,37.6294501,0 -77.43436850000001,37.6295318,0 -77.4342144,37.6297112,0 -77.43406040000001,37.6298909,0 -77.433905,37.630071,0 -77.433702,37.63031,0 -77.433593,37.630435,0 -77.43256049999999,37.6316276,0 -77.4323057,37.6319224,0 -77.4321551,37.6320967,0 -77.4318804,37.6324145,0 -77.4313865,37.632986,0 -77.4311926,37.6332102,0 -77.4310073,37.6334246,0 -77.4308133,37.6336491,0 -77.4307482,37.6337243999999,0 -77.4305853,37.6339126,0 -77.43011629999999,37.6344544,0 -77.4299616,37.6346333,0 -77.42986089999999,37.6347522,0 -77.429773,37.6348524,0 -77.429334,37.635365,0 -77.42874399999999,37.636045,0 -77.42864969999999,37.6361546,0 -77.4283374,37.6365174,0 -77.4279554,37.6369622,0 -77.42785069999999,37.6370823,0 -77.4277543,37.6371947,0 -77.4276275,37.637342,0 -77.4274716,37.6375229,0 -77.4272378,37.6377927,0 -77.4270102,37.6380575,0 -77.42663779999999,37.6384764,0 -77.4264763,37.6386493,0 -77.42619550000001,37.6389278,0 -77.4259289,37.6391739,0 -77.4256802,37.6393769,0 -77.42550300000001,37.639514,0 -77.4250444,37.6398471,0 -77.4248609,37.6399736,0 -77.4247316,37.6400592,0 -77.4244351,37.6402439,0 -77.42431790000001,37.6403142,0 -77.4242311,37.6403626,0 -77.4240495,37.6404674,0 -77.4238646,37.6405692,0 -77.4237005,37.6406565,0 -77.42349950000001,37.6407589,0 -77.423266,37.6408722,0 -77.4230268,37.6409809,0 -77.422792,37.6410866,0 -77.4225543,37.6411889,0 -77.4223149,37.6412926,0 -77.42205439999999,37.6414032,0 -77.42142339999999,37.6416752,0 -77.4211256,37.6418008,0 -77.42054659999999,37.6420449,0 -77.4204077,37.6421008,0 -77.4189202,37.6426991,0 -77.41853589999999,37.6428555,0 -77.4179293,37.6431086,0 -77.41708319999999,37.6434702,0 -77.4162415,37.6438303,0 -77.4143421,37.6446454,0 -77.4138866,37.6448399,0 -77.4135636,37.6449778,0 -77.4130741,37.6451869,0 -77.4121775,37.6455711,0 -77.4105308,37.6462801,0 -77.41014970000001,37.6464433,0 -77.4097848,37.6465988,0 -77.4094144,37.6467575,0 -77.4085936,37.6471307999999,0 -77.4076713,37.6475262,0 -77.4074664,37.647614,0 -77.40681619999999,37.6478922999999,0 -77.4064503,37.6480489,0 -77.4059774,37.6482513,0 -77.4059207,37.6482756,0 -77.4054295,37.6484877,0 -77.4052342,37.6485702,0 -77.40494339999999,37.6486941,0 -77.40467,37.6488117,0 -77.4041052,37.6490514,0 -77.40362639999999,37.6492428,0 -77.4033812,37.6493408,0 -77.403138,37.6494476,0 -77.4029568,37.6495223,0 -77.4024775,37.6497257,0 -77.4021202,37.6498772,0 -77.4017932,37.6500177,0 -77.40150079999999,37.6501426,0 -77.4012297,37.6502596,0 -77.4010238,37.6503465,0 -77.40065970000001,37.6505029,0 -77.40037700000001,37.650623,0 -77.4001293,37.6507281,0 -77.3997983,37.6508698,0 -77.3994551,37.6510129,0 -77.399232,37.6511126,0 -77.39808650000001,37.6516118,0 -77.3979065,37.6516952,0 -77.3976584,37.6518136,0 -77.39697459999999,37.6521488,0 -77.3965829,37.6523487,0 -77.396024,37.652634,0 -77.39513100000001,37.653119,0 -77.39490739999999,37.6532435,0 -77.39477599999999,37.653317,0 -77.394132,37.653676,0 -77.393174,37.654194,0 -77.39249,37.654563,0 -77.391357,37.655175,0 -77.390674,37.655546,0 -77.389521,37.6561734,0 -77.38945,37.656212,0 -77.389095,37.6564149999999,0 -77.388813,37.656576,0 -77.38845999999999,37.656777,0 -77.388138,37.656993,0 -77.38794900000001,37.657119,0 -77.387371,37.657567,0 -77.38701,37.657881,0 -77.38674,37.658147,0 -77.3865352,37.6583759,0 -77.386456,37.6584645,0 -77.386279,37.658662,0 -77.385869,37.659206,0 -77.385631,37.65959,0 -77.38535,37.660079,0 -77.385223,37.660362,0 -77.38507799999999,37.660702,0 -77.384963,37.661047,0 -77.3846903,37.6619264,0 -77.38457099999999,37.662311,0 -77.384388,37.6628749999999,0 -77.3843529,37.6629866,0 -77.384192,37.663499,0 -77.384073,37.663859,0 -77.38386800000001,37.66449,0 -77.383821,37.664634,0 -77.38335600000001,37.666119,0 -77.3833288,37.6662075,0 -77.3831117,37.6669136,0 -77.3830825,37.6670023,0 -77.382749,37.668067,0 -77.38236499999999,37.66925,0 -77.382345,37.669312,0 -77.38213,37.669953,0 -77.381935,37.670573,0 -77.381753,37.671114,0 -77.3816298,37.6714951,0 -77.381624,37.671513,0 -77.3815443,37.6717641,0 -77.38146500000001,37.672014,0 -77.381359,37.672356,0 -77.38128500000001,37.67264,0 -77.381215,37.672963,0 -77.381197,37.673073,0 -77.381139,37.673423,0 -77.38108800000001,37.673851,0 -77.381039,37.674474,0 -77.3809746,37.6756201,0 -77.38096040000001,37.6758716,0 -77.380949,37.676075,0 -77.38089479999999,37.6768581,0 -77.38088740000001,37.676967,0 -77.38078299999999,37.678507,0 -77.380712,37.679769,0 -77.38068,37.680199,0 -77.380667,37.680591,0 -77.380656,37.680927,0 -77.38066499999999,37.681223,0 -77.380679,37.6814,0 -77.380773,37.682015,0 -77.380861,37.682402,0 -77.38090699999999,37.68265,0 -77.3809717,37.6829382,0 -77.38106380000001,37.6833483,0 -77.381232,37.684097,0 -77.38133000000001,37.684515,0 -77.381371,37.684713,0 -77.38164999999999,37.685908,0 -77.38169600000001,37.686103,0 -77.38190899999999,37.686993,0 -77.382012,37.687422,0 -77.38209000000001,37.687762,0 -77.382194,37.688243,0 -77.382442,37.68933,0 -77.38249,37.689515,0 -77.382688,37.690338,0 -77.38279799999999,37.690825,0 -77.38281310000001,37.6908841,0 -77.3829435,37.6913929999999,0 -77.383016,37.691676,0 -77.383039,37.691815,0 -77.383049,37.6919110000001,0 -77.383072,37.692004,0 -77.383162,37.692388,0 -77.38323099999999,37.692696,0 -77.383267,37.692847,0 -77.383454,37.693657,0 -77.3835967,37.6942879,0 -77.3836275,37.6944227,0 -77.3836939,37.6947157000001,0 -77.3837001,37.6947515,0 -77.38373869999999,37.6949158,0 -77.3837888,37.6951211,0 -77.383944,37.695757,0 -77.384002,37.696005,0 -77.384319,37.697386,0 -77.384331,37.697439,0 -77.3845379,37.6982999,0 -77.38464,37.698725,0 -77.38467799999999,37.698888,0 -77.384838,37.699591,0 -77.38487499999999,37.699844,0 -77.384883,37.699937,0 -77.384895,37.700171,0 -77.384891,37.70046,0 -77.38488150000001,37.7006047,0 -77.3848399,37.700956,0 -77.3848172,37.7011138,0 -77.38476559999999,37.7013947,0 -77.384747,37.701496,0 -77.384637,37.702137,0 -77.38451259999999,37.7028258,0 -77.384421,37.703333,0 -77.3842593,37.7042312,0 -77.38423,37.704394,0 -77.3841623,37.7047959,0 -77.384094,37.705201,0 -77.38394599999999,37.706074,0 -77.3838441,37.7066221,0 -77.383796,37.706881,0 -77.3838014,37.7070684,0 -77.38364199999999,37.707701,0 -77.383566,37.708013,0 -77.3835313,37.7081309,0 -77.383471,37.708336,0 -77.383347,37.708684,0 -77.383291,37.70882,0 -77.38323200000001,37.708949,0 -77.38308000000001,37.709253,0 -77.382925,37.709523,0 -77.38277600000001,37.709767,0 -77.38269,37.7098999999999,0 -77.382571,37.710086,0 -77.38256079999999,37.7101006,0 -77.382406,37.710323,0 -77.382282,37.710492,0 -77.382155,37.710652,0 -77.381899,37.710939,0 -77.38154,37.711299,0 -77.3814751,37.7113639,0 -77.38144699999999,37.711392,0 -77.3813936,37.7114414,0 -77.381191,37.711629,0 -77.381044,37.711776,0 -77.380613,37.712181,0 -77.3803096,37.7124736,0 -77.3802374,37.7125445,0 -77.379604,37.713154,0 -77.379364,37.713378,0 -77.37902800000001,37.713691,0 -77.3788,37.713907,0 -77.378162,37.7145119999999,0 -77.376825,37.71579,0 -77.376713,37.715896,0 -77.375703,37.716852,0 -77.375356,37.717187,0 -77.3752569,37.7172811,0 -77.3745943,37.7179108,0 -77.373527,37.718925,0 -77.3724426,37.7199551,0 -77.37217,37.720214,0 -77.371801,37.720555,0 -77.371135,37.721191,0 -77.37106199999999,37.72126,0 -77.370225,37.722059,0 -77.370017,37.722258,0 -77.369687,37.722562,0 -77.368987,37.723219,0 -77.36863099999999,37.723558,0 -77.36842300000001,37.723757,0 -77.368343,37.7238329999999,0 -77.367862,37.724291,0 -77.367723,37.724422,0 -77.36761,37.72453,0 -77.36751,37.724625,0 -77.367469,37.724664,0 -77.367063,37.725049,0 -77.366759,37.725339,0 -77.36634100000001,37.725758,0 -77.365745,37.72636,0 -77.36554,37.726576,0 -77.36512759999999,37.7270116,0 -77.36498899999999,37.727158,0 -77.36436399999999,37.727818,0 -77.36349199999999,37.728729,0 -77.363281,37.728949,0 -77.36289499999999,37.729349,0 -77.36244000000001,37.729823,0 -77.362258,37.730012,0 -77.36145,37.730866,0 -77.36111699999999,37.73122,0 -77.3610159,37.7313383,0 -77.36070100000001,37.731682,0 -77.360556,37.731846,0 -77.36031800000001,37.732155,0 -77.36006500000001,37.732503,0 -77.35988500000001,37.732784,0 -77.3597,37.7331149999999,0 -77.3595986,37.7333197,0 -77.359533,37.733452,0 -77.3594045,37.7337642,0 -77.359391,37.733797,0 -77.359219,37.73427,0 -77.359139,37.734554,0 -77.359054,37.734938,0 -77.359036,37.73503,0 -77.35899000000001,37.735357,0 -77.35889,37.736574,0 -77.35885,37.737201,0 -77.358813,37.737775,0 -77.358777,37.738327,0 -77.35874939999999,37.7387458,0 -77.35872500000001,37.739116,0 -77.358695,37.739807,0 -77.358677,37.740028,0 -77.358642,37.740611,0 -77.35861300000001,37.741023,0 -77.35859600000001,37.741284,0 -77.35854,37.742185,0 -77.358502,37.7428080000001,0 -77.35847099999999,37.743311,0 -77.358462,37.74368,0 -77.35846100000001,37.7437,0 -77.358452,37.744092,0 -77.35845399999999,37.744148,0 -77.358465,37.744457,0 -77.35847099999999,37.744533,0 -77.358508,37.744859,0 -77.358521,37.744967,0 -77.358549,37.745173,0 -77.358574,37.745298,0 -77.35863000000001,37.745561,0 -77.358695,37.745807,0 -77.358778,37.746076,0 -77.35883699999999,37.746252,0 -77.35909700000001,37.746997,0 -77.3595296,37.7481698,0 -77.35970469999999,37.7486904,0 -77.360018,37.749622,0 -77.36005179999999,37.7497252,0 -77.360302,37.75049,0 -77.360463,37.750928,0 -77.360587,37.751285,0 -77.36065600000001,37.751486,0 -77.360707,37.7516350000001,0 -77.3609,37.752197,0 -77.361137,37.752803,0 -77.36124119999999,37.7530871,0 -77.36140399999999,37.753531,0 -77.36150499999999,37.753784,0 -77.361778,37.75441,0 -77.362003,37.754815,0 -77.36224,37.755216,0 -77.3624286,37.7555122,0 -77.362818,37.7561239999999,0 -77.363417,37.757095,0 -77.364143,37.7581520000001,0 -77.36433599999999,37.758444,0 -77.36469049999999,37.7589866,0 -77.365156,37.759708,0 -77.36554099999999,37.760295,0 -77.365758,37.760626,0 -77.36630769999999,37.7614819,0 -77.366674,37.762016,0 -77.36683499999999,37.762224,0 -77.367001,37.762413,0 -77.3670616,37.7624751,0 -77.367125,37.76254,0 -77.36732499999999,37.7627241,0 -77.367377,37.762772,0 -77.3675769,37.7629399,0 -77.36772070000001,37.7630681,0 -77.367761,37.7631000000001,0 -77.367839,37.763166,0 -77.368408,37.763692,0 -77.36850200000001,37.763788,0 -77.3685217,37.76381,0 -77.368681,37.763988,0 -77.36881200000001,37.764154,0 -77.368939,37.764333,0 -77.368962,37.764368,0 -77.369067,37.7645535,0 -77.36915949999999,37.7647169,0 -77.3695366,37.765394,0 -77.36958060000001,37.7654731,0 -77.3698127,37.7658742,0 -77.3698966,37.7660191,0 -77.37008899999999,37.766359,0 -77.370256,37.766665,0 -77.370367,37.766877,0 -77.3703819,37.766907,0 -77.3705277,37.7672008,0 -77.37063999999999,37.7674270000001,0 -77.3707553,37.767694,0 -77.370773,37.767735,0 -77.37088799999999,37.768047,0 -77.37098899999999,37.768373,0 -77.371073,37.768708,0 -77.3710931,37.7687983000001,0 -77.371139,37.769046,0 -77.3711577,37.7691506,0 -77.37119199999999,37.7694186,0 -77.3712053,37.7695929,0 -77.371222,37.769784,0 -77.371233,37.770117,0 -77.371229,37.770164,0 -77.371222,37.770516,0 -77.37117379999999,37.7712261,0 -77.371122,37.771909,0 -77.37110199999999,37.772194,0 -77.3710626,37.7727225,0 -77.371039,37.7730398,0 -77.37103430000001,37.7731003,0 -77.371019,37.773295,0 -77.3709903,37.7737648,0 -77.3709798,37.7739382,0 -77.370929,37.77477,0 -77.3709097,37.7750736,0 -77.370901,37.775229,0 -77.370853,37.77597,0 -77.37077600000001,37.777077,0 -77.37073700000001,37.777756,0 -77.370659,37.778716,0 -77.370598,37.779629,0 -77.370482,37.781334,0 -77.37045500000001,37.781803,0 -77.3704,37.78258,0 -77.370386,37.782837,0 -77.370345,37.783276,0 -77.37031500000001,37.78352,0 -77.370249,37.783925,0 -77.370125,37.784488,0 -77.37003799999999,37.784929,0 -77.369996,37.785238,0 -77.369957,37.785662,0 -77.369935,37.786045,0 -77.36991500000001,37.786894,0 -77.3699135,37.7876465,0 -77.369912,37.788402,0 -77.369906,37.788864,0 -77.36990470000001,37.7892278,0 -77.36990299999999,37.789874,0 -77.369902,37.790195,0 -77.36991399999999,37.790483,0 -77.36994300000001,37.790804,0 -77.36999,37.791124,0 -77.370085,37.791625,0 -77.370392,37.793139,0 -77.371172,37.7969390000001,0 -77.3712594,37.7973055,0 -77.3715462,37.7987787,0 -77.371819,37.800123,0 -77.3720124,37.8010734,0 -77.372113,37.801568,0 -77.372316,37.802529,0 -77.37235699999999,37.802735,0 -77.372606,37.803979,0 -77.37297,37.805741,0 -77.373177,37.8067610000001,0 -77.37338099999999,37.807798,0 -77.37339919999999,37.8078868,0 -77.373644,37.809079,0 -77.373852,37.810092,0 -77.3738783,37.8102194,0 -77.373913,37.810388,0 -77.37397799999999,37.8107789999999,0 -77.37401300000001,37.811045,0 -77.374028,37.811221,0 -77.374042,37.811637,0 -77.374038,37.812061,0 -77.374022,37.812298,0 -77.37398399999999,37.812614,0 -77.37397780000001,37.812657,0 -77.373964,37.812752,0 -77.37390499999999,37.813065,0 -77.37384400000001,37.813363,0 -77.373718,37.81396,0 -77.373643,37.814304,0 -77.373587,37.814569,0 -77.373502,37.81497,0 -77.37336999999999,37.815594,0 -77.373204,37.816381,0 -77.3731902,37.8164456,0 -77.37313899999999,37.816685,0 -77.372978,37.817451,0 -77.372801,37.818275,0 -77.372726,37.818654,0 -77.37260740000001,37.8191949,0 -77.372531,37.819543,0 -77.372389,37.820256,0 -77.37222,37.821038,0 -77.37217800000001,37.821233,0 -77.3721334,37.8214407,0 -77.371889,37.822579,0 -77.37155199999999,37.824173,0 -77.371431,37.824743,0 -77.37114,37.826123,0 -77.371037,37.826617,0 -77.3709293,37.827128,0 -77.370706,37.8281871,0 -77.370418,37.829553,0 -77.3703737,37.8297617,0 -77.370268,37.83026,0 -77.370186,37.830644,0 -77.3699659,37.8316348,0 -77.369913,37.831946,0 -77.3698148,37.8324205000001,0 -77.36978000000001,37.832589,0 -77.36968299999999,37.8330600000001,0 -77.369389,37.83452,0 -77.369325,37.834836,0 -77.368959,37.836464,0 -77.36875980000001,37.8373598,0 -77.36857120000001,37.8382081,0 -77.368531,37.8384146,0 -77.368336,37.839415,0 -77.3679736,37.8411474,0 -77.3677914,37.8420158,0 -77.367721,37.842355,0 -77.366986,37.845886,0 -77.366866,37.846463,0 -77.366469,37.848303,0 -77.36635699999999,37.848843,0 -77.36580600000001,37.851437,0 -77.365638,37.8522019999999,0 -77.36545099999999,37.853101,0 -77.36531100000001,37.853774,0 -77.36526739999999,37.8539846,0 -77.36514529999999,37.8545743,0 -77.36501,37.855228,0 -77.364707,37.856683,0 -77.36454999999999,37.857448,0 -77.36446100000001,37.857862,0 -77.36444830000001,37.8579241,0 -77.36419600000001,37.859153,0 -77.363985,37.86012,0 -77.36395899999999,37.860237,0 -77.36391999999999,37.8604470000001,0 -77.363876,37.860647,0 -77.363787,37.861053,0 -77.36342399999999,37.862784,0 -77.3634165,37.8628203,0 -77.363308,37.863346,0 -77.363022,37.864703,0 -77.36280499999999,37.86576,0 -77.36268800000001,37.8663145,0 -77.36241800000001,37.867594,0 -77.361998,37.869625,0 -77.36148799999999,37.872054,0 -77.36136,37.872663,0 -77.361223,37.873296,0 -77.361198,37.873414,0 -77.36117400000001,37.873533,0 -77.360967,37.874537,0 -77.3607772,37.8754406,0 -77.36065000000001,37.876046,0 -77.360499,37.876803,0 -77.360373,37.877395,0 -77.360129,37.878586,0 -77.3593875,37.8821306,0 -77.3593647,37.8822455,0 -77.359278,37.882683,0 -77.359199,37.883083,0 -77.358987,37.884059,0 -77.35879300000001,37.884991,0 -77.35860099999999,37.885962,0 -77.358163,37.888079,0 -77.357848,37.889639,0 -77.35743859999999,37.8915912,0 -77.35734600000001,37.892033,0 -77.35726200000001,37.8924379999999,0 -77.35721599999999,37.8926579999999,0 -77.35689600000001,37.8941919999999,0 -77.356178,37.897745,0 -77.356065,37.898335,0 -77.35599999999999,37.898678,0 -77.355763,37.899724,0 -77.355445,37.901297,0 -77.35528499999999,37.902032,0 -77.355231,37.902278,0 -77.355065,37.903189,0 -77.354822,37.904334,0 -77.354483,37.905973,0 -77.35446229999999,37.9060468,0 -77.35420499999999,37.907415,0 -77.3538319,37.9091525,0 -77.35380600000001,37.909273,0 -77.353549,37.910516,0 -77.35336820000001,37.9114316,0 -77.353279,37.911883,0 -77.3531672,37.9124177,0 -77.3531022,37.9127288,0 -77.353044,37.913007,0 -77.3529612,37.9134237,0 -77.352637,37.915056,0 -77.3525133,37.9156116,0 -77.352476,37.915779,0 -77.352315,37.916499,0 -77.3522445,37.9168837,0 -77.35213899999999,37.917459,0 -77.3520757,37.9177642,0 -77.35193030000001,37.9184761,0 -77.351866,37.918775,0 -77.35171800000001,37.919527,0 -77.35164760000001,37.9198821,0 -77.35152600000001,37.920496,0 -77.351523,37.920514,0 -77.351437,37.9209321000001,0 -77.3512874,37.9216637,0 -77.35108700000001,37.922644,0 -77.350775,37.924197,0 -77.3506829,37.9246443,0 -77.35044499999999,37.925799,0 -77.3502161,37.9269417,0 -77.35018220000001,37.9271109000001,0 -77.349802,37.929009,0 -77.34962299999999,37.929872,0 -77.349458,37.93067,0 -77.349401,37.930978,0 -77.349051,37.932702,0 -77.348992,37.932994,0 -77.3486257,37.9347857,0 -77.34789000000001,37.938512,0 -77.3474624,37.9406148,0 -77.347413,37.940858,0 -77.34731499999999,37.941312,0 -77.34715,37.942079,0 -77.34708379999999,37.9424049,0 -77.3470787,37.9424299,0 -77.3470519,37.9425622,0 -77.34704499999999,37.942596,0 -77.34694210000001,37.9431411,0 -77.3468654,37.9435222,0 -77.34681399999999,37.943793,0 -77.34664600000001,37.944646,0 -77.346609,37.944832,0 -77.346549,37.9451349999999,0 -77.346391,37.94601,0 -77.346214,37.946882,0 -77.346132,37.947248,0 -77.346019,37.947752,0 -77.345961,37.948033,0 -77.34579100000001,37.948873,0 -77.34534600000001,37.951179,0 -77.345299,37.951432,0 -77.34523,37.9518,0 -77.34507499999999,37.95257,0 -77.344908,37.953339,0 -77.344489,37.95547,0 -77.344404,37.95588,0 -77.34388300000001,37.958386,0 -77.34369599999999,37.95941,0 -77.343509,37.960263,0 -77.34348799999999,37.960364,0 -77.343022,37.962657,0 -77.3428651,37.9634402,0 -77.34282,37.963665,0 -77.3426783,37.9643185,0 -77.34223,37.966616,0 -77.341392,37.970729,0 -77.34118599999999,37.971705,0 -77.341134,37.9719619999999,0 -77.340923,37.973007,0 -77.34085899999999,37.973333,0 -77.34077600000001,37.973709,0 -77.340484,37.975118,0 -77.34035299999999,37.975725,0 -77.340107,37.976864,0 -77.339946,37.977681,0 -77.339113,37.981728,0 -77.339039,37.982089,0 -77.338843,37.98299,0 -77.338632,37.984042,0 -77.338538,37.984483,0 -77.338396,37.985152,0 -77.33827100000001,37.985792,0 -77.338172,37.986194,0 -77.33804499999999,37.986867,0 -77.337853,37.987786,0 -77.33772399999999,37.98836,0 -77.337588,37.988997,0 -77.337481,37.9895,0 -77.337136,37.991206,0 -77.336969,37.992035,0 -77.336844,37.992583,0 -77.33664,37.993579,0 -77.336547,37.994005,0 -77.336432,37.994595,0 -77.336276,37.995288,0 -77.336204,37.9956630000001,0 -77.336073,37.99625,0 -77.33596199999999,37.996825,0 -77.335629,37.998397,0 -77.335613,37.9984759999999,0 -77.335398,37.999499,0 -77.335279,38.00002,0 -77.3350976,38.0009089,0 -77.335059,38.001098,0 -77.334895,38.00189,0 -77.334806,38.002262,0 -77.334515,38.003591,0 -77.33449400000001,38.003701,0 -77.33439199999999,38.00422,0 -77.334271,38.004749,0 -77.334104,38.005546,0 -77.334045,38.005855,0 -77.33397100000001,38.006264,0 -77.333934,38.006533,0 -77.33391,38.006679,0 -77.333888,38.007067,0 -77.333889,38.00739,0 -77.333943,38.007952,0 -77.33399799999999,38.008305,0 -77.334053,38.008581,0 -77.334155,38.008946,0 -77.334301,38.009379,0 -77.334434,38.00971,0 -77.33450999999999,38.00989,0 -77.335117,38.011249,0 -77.335488,38.012053,0 -77.33557500000001,38.012244,0 -77.335887,38.012955,0 -77.33605300000001,38.0133129999999,0 -77.336524,38.01439,0 -77.33662099999999,38.014609,0 -77.337237,38.015977,0 -77.33801099999999,38.017731,0 -77.338213,38.018199,0 -77.338472,38.018849,0 -77.338576,38.019142,0 -77.33871000000001,38.019584,0 -77.33882699999999,38.020042,0 -77.33893500000001,38.020559,0 -77.339011,38.020927,0 -77.339286,38.022546,0 -77.33968299999999,38.024931,0 -77.339816,38.025704,0 -77.339989,38.026714,0 -77.34009399999999,38.027337,0 -77.340306,38.028524,0 -77.3403794,38.0288187,0 -77.34045949999999,38.0291366,0 -77.34055290000001,38.029511,0 -77.3406499,38.0298892,0 -77.340744,38.030244,0 -77.34103159999999,38.031262,0 -77.341202,38.031865,0 -77.34124300000001,38.0320141,0 -77.341415,38.03264,0 -77.34144499999999,38.032745,0 -77.3417,38.03364,0 -77.341854,38.034159,0 -77.34195099999999,38.034465,0 -77.342018,38.034676,0 -77.34242740000001,38.0358707,0 -77.342643,38.0365,0 -77.342688,38.036654,0 -77.342949,38.037531,0 -77.343166,38.038314,0 -77.34322539999999,38.0385291,0 -77.34334,38.038944,0 -77.34361819999999,38.0399451,0 -77.34397989999999,38.0412446,0 -77.34424869999999,38.0421887999999,0 -77.3443259,38.0424976,0 -77.3443954,38.0427882,0 -77.3442828,38.0428074,0 -77.3441909,38.0428238,0 -77.3439022,38.042874,0 -77.3436131,38.0429266,0 -77.3434295,38.0429679,0 -77.3432452,38.0430204,0 -77.3430544,38.0430914,0 -77.3428667,38.043169,0 -77.3426843,38.0432538,0 -77.3425044,38.0433454,0 -77.342386,38.0434104,0 -77.34225120000001,38.0434914,0 -77.3421034,38.0435886,0 -77.3419789,38.043683,0 -77.3418514,38.043789,0 -77.3415766,38.0440352,0 -77.3414861,38.0441077,0 -77.3413891,38.044169,0 -77.3412884,38.0442181,0 -77.3411895,38.0442520000001,0 -77.34108449999999,38.0442772,0 -77.34097180000001,38.0442922,0 -77.3408527,38.0442936,0 -77.3407354,38.0442871,0 -77.34064290000001,38.044278,0 
				
					-77.34064290000001,38.044278,0 -77.34048079999999,38.0452201,0 -77.3403478,38.0459794,0 -77.340236,38.046571,0 -77.34017900000001,38.046941,0 -77.340154,38.0471050000001,0 -77.340127,38.04754,0 -77.34013,38.047813,0 -77.340171,38.048149,0 -77.340199,38.048433,0 -77.34034800000001,38.049079,0 -77.340462,38.049406,0 -77.34064100000001,38.049811,0 -77.3408408,38.0501946,0 -77.3409288,38.0503687,0 -77.341008,38.05056,0 -77.341549,38.05152,0 -77.342106,38.052587,0 -77.342406,38.053138,0 -77.34278500000001,38.053866,0 -77.34301499999999,38.054445,0 -77.343085,38.054655,0 -77.343115,38.054839,0 -77.343165,38.055044,0 -77.343188,38.055218,0 -77.343211,38.055454,0 -77.34321300000001,38.055721,0 -77.3431829,38.0560826,0 -77.34315599999999,38.056296,0 -77.34313899999999,38.056445,0 -77.34310600000001,38.056643,0 -77.343063,38.05684,0 -77.343023,38.056986,0 -77.34296000000001,38.05718,0 -77.342887,38.05737,0 -77.34275700000001,38.057652,0 -77.34263900000001,38.057865,0 -77.34261100000001,38.057903,0 -77.3424821,38.0581307,0 -77.342316,38.05835,0 -77.34196799999999,38.058767,0 -77.34192299999999,38.058821,0 -77.341812,38.058945,0 -77.341615,38.059144,0 -77.341447,38.059296,0 -77.34122600000001,38.059478,0 -77.34094399999999,38.059684,0 -77.34084,38.059751,0 -77.34069700000001,38.059843,0 -77.340491,38.059963,0 -77.340332,38.060048,0 -77.340115,38.0601611,0 -77.33993580000001,38.0602656,0 -77.339225,38.060658,0 -77.338944,38.060836,0 -77.338722,38.060978,0 -77.338419,38.061181,0 -77.338328,38.061242,0 -77.337845,38.061581,0 -77.337424,38.061894,0 -77.336918,38.062292,0 -77.336538,38.062641,0 -77.336308,38.062857,0 -77.336163,38.062994,0 -77.33579400000001,38.06335,0 -77.33524199999999,38.0639,0 -77.334953,38.064194,0 -77.3346992,38.0644749,0 -77.334221,38.064965,0 -77.333479,38.06573,0 -77.33315,38.066062,0 -77.33272700000001,38.066488,0 -77.33241599999999,38.066751,0 -77.332036,38.067091,0 -77.33176229999999,38.0673065,0 -77.33165200000001,38.067373,0 -77.33142599999999,38.067528,0 -77.331177,38.067688,0 -77.330702,38.067974,0 -77.33052000000001,38.068076,0 -77.33034000000001,38.068165,0 -77.330142,38.068264,0 -77.329711,38.068459,0 -77.32888,38.068792,0 -77.328209,38.069069,0 -77.32782899999999,38.069194,0 -77.32736800000001,38.06938,0 -77.32668200000001,38.069645,0 -77.326323,38.069792,0 -77.32588,38.069953,0 -77.32525800000001,38.0701879999999,0 -77.32464,38.070431,0 -77.324027,38.070682,0 -77.32342,38.07094,0 -77.3228292,38.0711719,0 -77.3214169,38.0718288,0 -77.3205719,38.0722576,0 -77.3200023,38.0725611,0 -77.31913,38.073046,0 -77.31881300000001,38.073228,0 -77.317555,38.073991,0 -77.31717399999999,38.0742280000001,0 -77.31667969999999,38.074539,0 -77.315719,38.0752080000001,0 -77.314511,38.0760209999999,0 -77.3131604,38.0769249,0 -77.311504,38.07805,0 -77.31115699999999,38.07827,0 -77.310632,38.078651,0 -77.310126,38.078994,0 -77.309747,38.079262,0 -77.30932,38.079601,0 -77.308953,38.079907,0 -77.308592,38.080218,0 -77.308285,38.0804959999999,0 -77.307562,38.081208,0 -77.307255,38.081544,0 -77.306876,38.081922,0 -77.302511,38.086473,0 -77.30124000000001,38.087828,0 -77.300786,38.088262,0 -77.30041799999999,38.088654,0 -77.30002,38.089055,0 -77.29952400000001,38.089565,0 -77.29831299999999,38.090811,0 -77.29786,38.091211,0 -77.29723,38.091715,0 -77.29690100000001,38.091931,0 -77.296589,38.092152,0 -77.296272,38.092349,0 -77.29579699999999,38.09263,0 -77.29545,38.092807,0 -77.29512800000001,38.092985,0 -77.294653,38.093204,0 -77.29424,38.093386,0 -77.293628,38.09358,0 -77.293087,38.093784,0 -77.292693,38.093918,0 -77.292323,38.094053,0 -77.291971,38.094164,0 -77.29127,38.094397,0 -77.289671,38.09495,0 -77.287982,38.095511,0 -77.28632399999999,38.0960784,0 -77.28615000000001,38.096138,0 -77.28598150000001,38.0961931,0 -77.28377,38.096916,0 -77.281398,38.097713,0 -77.279337,38.098406,0 -77.27761599999999,38.098982,0 -77.27572000000001,38.099617,0 -77.27519599999999,38.099796,0 -77.274749,38.09994,0 -77.274331,38.100097,0 -77.274013,38.100224,0 -77.273777,38.100323,0 -77.27321499999999,38.100586,0 -77.272857,38.100766,0 -77.27258999999999,38.100919,0 -77.27230900000001,38.101088,0 -77.272048,38.101256,0 -77.272026,38.1012699999999,0 -77.271393,38.101728,0 -77.271163,38.101929,0 -77.2709866,38.1021032,0 -77.270841,38.102247,0 -77.270512,38.1025420000001,0 -77.27018099999999,38.102937,0 -77.269926,38.103251,0 -77.26972499999999,38.103552,0 -77.269571,38.103771,0 -77.26934,38.1041182,0 -77.269052,38.104546,0 -77.268897,38.104771,0 -77.268782,38.104913,0 -77.268612,38.10515,0 -77.268449,38.1054160000001,0 -77.268233,38.105718,0 -77.267869,38.106268,0 -77.267691,38.106511,0 -77.267506,38.106777,0 -77.26674300000001,38.107877,0 -77.2659274,38.1089445,0 -77.265699,38.109219,0 -77.265522,38.109426,0 -77.26528399999999,38.109668,0 -77.26513,38.109845,0 -77.264996,38.1099790000001,0 -77.26495,38.110026,0 -77.264701,38.110269,0 -77.26403999999999,38.110948,0 -77.263688,38.111278,0 -77.263051,38.111921,0 -77.26233000000001,38.112622,0 -77.25994300000001,38.115028,0 -77.259238,38.115658,0 -77.258993,38.115864,0 -77.258534,38.116241,0 -77.258297,38.116399,0 -77.258076,38.11657,0 -77.257762,38.116805,0 -77.257175,38.117204,0 -77.25676300000001,38.117444,0 -77.25255300000001,38.12014,0 -77.249799,38.121898,0 -77.248091,38.122935,0 -77.24767900000001,38.123223,0 -77.247045,38.123675,0 -77.246533,38.124056,0 -77.24598899999999,38.1244920000001,0 -77.245069,38.12534,0 -77.24384999999999,38.126477,0 -77.243206,38.127072,0 -77.239754,38.130348,0 -77.238711,38.13132,0 -77.23736100000001,38.1326050000001,0 -77.23649399999999,38.1334,0 -77.2357196,38.1341526,0 -77.23564399999999,38.134226,0 -77.2355546,38.1343074,0 -77.233901,38.135863,0 -77.233306,38.136417,0 -77.232597,38.137076,0 -77.228346,38.141095,0 -77.227986,38.141418,0 -77.22772500000001,38.141642,0 -77.22744899999999,38.141866,0 -77.227127,38.1421130000001,0 -77.22678500000001,38.14233,0 -77.226359,38.142574,0 -77.2246,38.14339,0 -77.2242047,38.1435457,0 -77.2237617,38.1437452,0 -77.22229400000001,38.14442,0 -77.22059,38.145198,0 -77.218385,38.146221,0 -77.21816099999999,38.146331,0 -77.2180108,38.1464242,0 -77.21778519999999,38.1465563,0 -77.2174758,38.146773,0 -77.2170828,38.1470795,0 -77.21663700000001,38.147491,0 -77.21632169999999,38.1478693,0 -77.21610370000001,38.1481522,0 -77.2158704,38.1485429,0 -77.21575850000001,38.1487444,0 -77.2156652,38.1489514,0 -77.215441,38.149464,0 -77.2153117,38.1497917,0 -77.2150907,38.150309,0 -77.214794,38.1510388,0 -77.2146618,38.1513457,0 -77.2145549,38.1515533,0 -77.214395,38.151823,0 -77.214277,38.152013,0 -77.214116,38.152249,0 -77.21391199999999,38.152481,0 -77.213758,38.152656,0 -77.213595,38.152817,0 -77.213543,38.152868,0 -77.2133036,38.1530936,0 -77.21310800000001,38.153249,0 -77.2128761,38.1534191,0 -77.212461,38.153695,0 -77.2116327,38.1542031,0 -77.21014390000001,38.1551242,0 -77.20917679999999,38.1557227,0 -77.2087322,38.1559932,0 -77.20773389999999,38.1566053,0 -77.206958,38.1570861,0 -77.20653900000001,38.1573568,0 -77.20620700000001,38.157583,0 -77.2053221,38.1582354,0 -77.20511980000001,38.1583977,0 -77.2048516,38.1586269,0 -77.2043949,38.1590245000001,0 -77.2041198,38.1592748,0 -77.20370749999999,38.1596756,0 -77.20272900000001,38.160627,0 -77.2022034,38.1611406,0 -77.20168169999999,38.1616378,0 -77.200709,38.16244,0 -77.2003438,38.1628051,0 -77.200225,38.1629153,0 -77.1997712,38.1633515000001,0 -77.1997241,38.1634125,0 -77.1991948,38.1639079,0 -77.1990551,38.1639988,0 -77.19848760000001,38.1645476,0 -77.1982027,38.1648142,0 -77.1980769,38.1649323,0 -77.1979511,38.1650504,0 -77.19757629999999,38.1654122,0 -77.1974215,38.1655699,0 -77.1971599,38.1658202,0 -77.1970476,38.1659282,0 -77.1958389,38.1670982,0 -77.195694,38.1672379999999,0 -77.1954953,38.1674299000001,0 -77.1948771,38.168035,0 -77.1948421,38.1680702,0 -77.1945376,38.1683601,0 -77.1943899,38.1685069999999,0 -77.1938411,38.1690454,0 -77.1938291,38.1690572,0 -77.19362150000001,38.1692637,0 -77.1935105,38.1693712,0 -77.19318029999999,38.1696863,0 -77.1929177,38.1699369,0 -77.1926517,38.1701846,0 -77.1925748,38.1702542,0 -77.19249720000001,38.1703245,0 -77.1922155,38.1705975,0 -77.1921261,38.1706819,0 -77.19202730000001,38.1707795,0 -77.19175079999999,38.1710449,0 -77.1909035,38.1719042,0 -77.1906501,38.1721782,0 -77.190494,38.1723412,0 -77.1903113,38.1725332,0 -77.19004579999999,38.1728113,0 -77.1898052,38.1731355,0 -77.188687,38.1742358,0 -77.1877173,38.1752057,0 -77.1872082,38.1757459,0 -77.1869095,38.1761159,0 -77.1866424,38.1764654,0 -77.1863625,38.1769182,0 -77.18606560000001,38.1774449,0 -77.18599570000001,38.1775762,0 -77.1857234,38.1782037,0 -77.1856093,38.1785407,0 -77.1853924,38.1792097,0 -77.18525150000001,38.1796657,0 -77.1848049,38.1811115,0 -77.1837804,38.1843351,0 -77.1823771,38.1890103,0 -77.18234270000001,38.189125,0 -77.1817417,38.1910893000001,0 -77.18117820000001,38.1929018,0 -77.1810103,38.1933847,0 -77.180774,38.1938354,0 -77.18042029999999,38.1943177,0 -77.1801004,38.1946481,0 -77.17989420000001,38.1948425,0 -77.17949779999999,38.195138,0 -77.179278,38.195289,0 -77.17882880000001,38.1955384000001,0 -77.1762652,38.1967575,0 -77.17524280000001,38.1972436,0 -77.1751656,38.1972800000001,0 -77.17336760000001,38.1981288,0 -77.17145360000001,38.1990298,0 -77.1692583,38.2000701,0 -77.16652209999999,38.2013625,0 -77.1639842,38.2025573,0 -77.1638901,38.2026016,0 -77.1632625,38.2029139,0 -77.1626895,38.2032375,0 -77.1620568,38.2036658999999,0 -77.1615489,38.204043,0 -77.1611328,38.2044262,0 -77.160527,38.2050598,0 -77.158894,38.2069334,0 -77.157471,38.2085785,0 -77.15606029999999,38.2101964,0 -77.1554003,38.2109809,0 -77.1550946,38.2113725,0 -77.1548363,38.211791,0 -77.1546506,38.2121999,0 -77.1544636,38.212686,0 -77.15437540000001,38.2131597,0 -77.1543274,38.2136011,0 -77.1542731,38.214432,0 -77.1540646,38.2178718,0 -77.1539999,38.2188164,0 -77.1539264,38.2194822,0 -77.15387269999999,38.2197221,0 -77.15379249999999,38.2200801,0 -77.1536792,38.2203985,0 -77.15361900000001,38.2205675,0 -77.15353709999999,38.2207392000001,0 -77.15339849999999,38.2210296,0 -77.1532735,38.2212342,0 -77.1529902,38.2216978,0 -77.1518401,38.2234202,0 -77.1517633,38.2235352000001,0 -77.151657,38.2236944,0 -77.1510962,38.2245837,0 -77.1508292,38.2251638,0 -77.1506648,38.2257271,0 -77.1505734,38.2264382,0 -77.1505746,38.226939,0 -77.150632,38.2274132,0 -77.1508331,38.2290945,0 -77.1508542,38.2295562999999,0 -77.1508496,38.2312838,0 -77.1508496,38.2312963,0 -77.1508357,38.2320615999999,0 -77.15083389999999,38.2323469,0 -77.1508214,38.2343349,0 -77.15078920000001,38.2351187,0 -77.150695,38.2363762,0 -77.15057609999999,38.2372178,0 -77.1504654,38.2379915,0 -77.15036139999999,38.2387178000001,0 -77.1503045,38.2391152,0 -77.15028959999999,38.2392461,0 -77.1502315,38.2394425,0 -77.15015440000001,38.2397033,0 -77.1500331,38.2399987000001,0 -77.1500283,38.2400104,0 -77.1498754,38.2403505,0 -77.14968020000001,38.2406441,0 -77.14945350000001,38.2409619,0 -77.1493376,38.2411005,0 -77.1490371,38.2414601,0 -77.1486261,38.241952,0 -77.1482816,38.2423735,0 -77.14702320000001,38.2438893,0 -77.1469041,38.244035,0 -77.14678739999999,38.2441713,0 -77.1462014,38.2448809,0 -77.145427,38.2458142,0 -77.1436175,38.2479949,0 -77.1429464,38.2487948,0 -77.14256020000001,38.2493425,0 -77.1422812,38.2498733,0 -77.1421203,38.2503788000001,0 -77.1420559,38.250817,0 -77.14207740000001,38.2512297999999,0 -77.14213100000001,38.2517438,0 -77.1423064,38.252865,0 -77.142594,38.2546927,0 -77.1428466,38.2563115,0 -77.1434039,38.2598315,0 -77.1435331,38.2606474,0 -77.14356979999999,38.2608955,0 -77.1437152,38.2618129999999,0 -77.1438443,38.2626279,0 -77.1439148,38.2631339000001,0 -77.14393320000001,38.2634337,0 -77.14395210000001,38.26368,0 -77.1439403,38.2641726,0 -77.1439227,38.2644312,0 -77.14390400000001,38.2645641000001,0 -77.14385,38.2649483,0 -77.1437511,38.2654252,0 -77.14357939999999,38.2659559,0 -77.1434165,38.2663964,0 -77.1430215,38.2671436,0 -77.142528,38.2679018,0 -77.14203449999999,38.2685082,0 -77.1416931,38.2688634,0 -77.14150480000001,38.2690526,0 -77.14076849999999,38.2696668,0 -77.1403486,38.2700055,0 -77.1392986,38.2708499,0 -77.13909719999999,38.2710188,0 -77.1380925,38.2718234,0 -77.13703820000001,38.2726744,0 -77.1354791,38.2739327,0 -77.133673,38.2753859,0 -77.13289349999999,38.2760131,0 -77.1323165,38.2764697,0 -77.1310842,38.2774447,0 -77.1305528,38.2778652,0 -77.13017910000001,38.2781608,0 -77.130036,38.2782763,0 -77.1292167,38.2789374,0 -77.1283524,38.2796347,0 -77.12828949999999,38.2796855,0 -77.12780890000001,38.2800733,0 -77.1266341,38.2810212,0 -77.1259519,38.2815717,0 -77.1248982,38.282422,0 -77.1245922,38.2826689999999,0 -77.123656,38.2834245,0 -77.12298269999999,38.2839654,0 -77.1222827,38.2845278,0 -77.1220093,38.2847622,0 -77.12146730000001,38.2852268,0 -77.1206948,38.2859594,0 -77.12016920000001,38.2865207,0 -77.1200403,38.2866584,0 -77.11947170000001,38.2873489,0 -77.1188028,38.2883021,0 -77.1181139,38.2892781,0 -77.1175473,38.2900544,0 -77.1165917,38.2913637,0 -77.1163085,38.2917667,0 -77.1160028,38.2922016,0 -77.1156119,38.2927575,0 -77.1150748,38.2935214,0 -77.1147536,38.2939773,0 -77.11347360000001,38.2957941,0 -77.1132824,38.2960653,0 -77.1131614,38.2962371,0 -77.11287849999999,38.2966387,0 -77.1127018,38.2968895,0 -77.1124801,38.2972037,0 -77.1124092,38.2973041,0 -77.11232560000001,38.2974226,0 -77.1121957,38.2976066,0 -77.1107706,38.299626,0 -77.11070599999999,38.2997162,0 -77.1097085,38.3011079,0 -77.1093008,38.3017539,0 -77.1088931,38.3024466,0 -77.10722320000001,38.3056556,0 -77.10571760000001,38.3085287,0 -77.1054062,38.3091229,0 -77.1046874,38.3104951,0 -77.10434960000001,38.3111321,0 -77.1040222,38.3117495,0 -77.10327119999999,38.3129785,0 -77.1024772,38.3141908,0 -77.10102879999999,38.3160932,0 -77.09773509999999,38.32026,0 -77.0943019,38.3247081,0 -77.0941725,38.3248583999999,0 -77.09303970000001,38.3262658,0 -77.0911261,38.3286432,0 -77.08911980000001,38.3312186,0 -77.0890361,38.3313175,0 -77.0883795,38.3320938,0 -77.087768,38.3327755,0 -77.08709210000001,38.3334404,0 -77.08618010000001,38.334223,0 -77.0851394,38.3350057,0 -77.08416579999999,38.3356509,0 -77.08318679999999,38.3361755,0 -77.0820817,38.3367225,0 -77.0809697,38.3372685,0 -77.0793566,38.3380605,0 -77.078175,38.3386034,0 -77.0769298,38.3391986000001,0 -77.0760545,38.3395851,0 -77.07563810000001,38.3397689,0 -77.0748078,38.3401647,0 -77.0742961,38.3404147,0 -77.073044,38.3409862,0 -77.0727691,38.3411152,0 -77.0705729,38.3421675,0 -77.0703572,38.3422709,0 -77.0700171,38.342432,0 -77.0679671,38.3434032,0 -77.0662245,38.3442035,0 -77.0639887,38.3452766,0 -77.06372949999999,38.345398,0 -77.0634067,38.3455491,0 -77.0630812,38.3457014,0 -77.0627863,38.3458395000001,0 -77.0607412,38.3467968,0 -77.0605742,38.3468731,0 -77.05955899999999,38.3473392,0 -77.0563173,38.3488876,0 -77.05408420000001,38.3499297,0 -77.0524891,38.3506722,0 -77.04876,38.3524328,0 -77.0480269,38.3527784,0 -77.0464473,38.3535195,0 -77.04506720000001,38.3541717,0 -77.0432685,38.355019,0 -77.0424802,38.3553639,0 -77.0418014,38.3556079,0 -77.0417157,38.3556387,0 -77.040954,38.355869,0 -77.04015339999999,38.3560466,0 -77.0371631,38.3565096,0 -77.03682026099369,38.3565226260393,0 -77.0359851,38.3566865,0 -77.0351457,38.3568399,0 -77.0325467,38.3572029,0 -77.0314917,38.3573623,0 -77.0293058,38.3576926,0 -77.0266458,38.3580946,0 -77.0239636,38.3585237,0 -77.02297660000001,38.3586331,0 -77.0219907,38.3587269,0 -77.0208299,38.3588155,0 -77.01883050000001,38.3589865,0 -77.0183655,38.3590377,0 -77.01806259999999,38.3590761,0 -77.0176871,38.3591287000001,0 -77.0172836,38.3591862,0 -77.0166353,38.359279,0 -77.0159974,38.3593798,0 -77.01549489999999,38.3594561,0 
				
					-77.0154682,38.3593665,0 -77.01299280000001,38.3598198,0 -77.0095323,38.3604301,0 -77.00609059999999,38.3609011,0 -76.9960085,38.3622463,0 -76.9929636,38.3626623,0 -76.98978769999999,38.3630759,0 -76.9867057,38.3634712,0 -76.9855244,38.3636077,0 -76.9842159,38.3637361,0 -76.98317520000001,38.3638179,0 -76.9822856,38.3638628,0 -76.9810562,38.3639282,0 -76.9783199,38.364093,0 -76.97745140000001,38.3641738,0 -76.9762199,38.3643123,0 -76.9759543,38.3643515,0 -76.9753687,38.3644344,0 -76.974647,38.364527,0 -76.9716725,38.364926,0 -76.9711446,38.364995,0 -76.9709799,38.3650165,0 -76.9704823,38.365095,0 -76.96977010000001,38.3652289,0 -76.969184,38.3653616,0 -76.9689197,38.3654304,0 -76.96857610000001,38.3655173,0 -76.96835299999999,38.3655837,0 -76.9680178,38.3656905,0 -76.9676236,38.3658206,0 -76.967084,38.36602,0 -76.96663700000001,38.366194,0 -76.9662728,38.3663454,0 -76.965874,38.366534,0 -76.96554999999999,38.366685,0 -76.965096,38.366908,0 -76.96490300000001,38.367002,0 -76.964586,38.367177,0 -76.9640709,38.3674623,0 -76.9634563,38.3678448,0 -76.9631356,38.3680632999999,0 -76.9628045,38.3682994,0 -76.962278,38.368717,0 -76.961957,38.368976,0 -76.96136199999999,38.3694950000001,0 -76.961038,38.369802,0 -76.960815,38.370052,0 -76.96075999999999,38.370109,0 -76.960508,38.370385,0 -76.960402,38.3705,0 -76.96028800000001,38.370636,0 -76.96011799999999,38.37085,0 -76.959946,38.37106,0 -76.959729,38.371332,0 -76.959581,38.371544,0 -76.959523,38.371625,0 -76.95935,38.371845,0 -76.95920099999999,38.3720579999999,0 -76.959028,38.37233,0 -76.958831,38.372663,0 -76.958636,38.373002,0 -76.958456,38.373347,0 -76.958279,38.3737100000001,0 -76.958142,38.374042,0 -76.9580198,38.3743256,0 -76.95801400000001,38.374339,0 -76.957999,38.374393,0 -76.95787,38.37475,0 -76.957751,38.375112,0 -76.957672,38.375398,0 -76.95764800000001,38.375485,0 -76.957556,38.375858,0 -76.957493,38.376152,0 -76.95742799999999,38.376505,0 -76.95736100000001,38.376859,0 -76.95718599999999,38.377735,0 -76.957162,38.37786,0 -76.957095,38.378199,0 -76.9570076,38.3786082,0 -76.9569214,38.379017,0 -76.9568889,38.3791711,0 -76.9568179,38.3795818,0 -76.956732,38.380053,0 -76.9567217,38.3801041,0 -76.95668499999999,38.380287,0 -76.95638700000001,38.38182,0 -76.956345,38.3820330000001,0 -76.956238,38.382587,0 -76.956163,38.38297,0 -76.95608900000001,38.383354,0 -76.95599300000001,38.383746,0 -76.955913,38.384138,0 -76.955905,38.3841883,0 -76.955844,38.38452,0 -76.955775,38.3848949999999,0 -76.955568,38.385996,0 -76.95527800000001,38.387475,0 -76.955145,38.388235,0 -76.95506899999999,38.388619,0 -76.95505129999999,38.3887079,0 -76.954992,38.388998,0 -76.954916,38.389377,0 -76.954885,38.389492,0 -76.95482800000001,38.389758,0 -76.95474400000001,38.3901580000001,0 -76.95468099999999,38.390555,0 -76.954669,38.390622,0 -76.95458600000001,38.391083,0 -76.954549,38.391303,0 -76.954407,38.392057,0 -76.954307,38.392526,0 -76.954257,38.392761,0 -76.954142,38.393289,0 -76.95407400000001,38.393604,0 -76.953946,38.394375,0 -76.953807,38.395141,0 -76.95365700000001,38.395916,0 -76.95350999999999,38.3966879999999,0 -76.953346,38.3974710000001,0 -76.953267,38.397841,0 -76.953182,38.398242,0 -76.95303199999999,38.399017,0 -76.95296,38.399416,0 -76.952893,38.399795,0 -76.952787,38.400563,0 -76.95272199999999,38.401306,0 -76.952668,38.402052,0 -76.9526645,38.4024252,0 -76.952669,38.402676,0 -76.95267,38.402809,0 -76.952693,38.403557,0 -76.952742,38.404161,0 -76.95275700000001,38.404338,0 -76.9527835,38.4045296,0 -76.95291,38.405443,0 -76.9529139,38.4054701,0 -76.95292600000001,38.405554,0 -76.952977,38.405852,0 -76.9529896,38.4059109,0 -76.95299900000001,38.405955,0 -76.95313,38.406595,0 -76.953172,38.4067611,0 -76.953174,38.406769,0 -76.953352,38.407455,0 -76.953637,38.408368,0 -76.953834,38.408955,0 -76.954064,38.40953,0 -76.954176,38.409796,0 -76.9541816,38.409808,0 -76.954199,38.409845,0 -76.954369,38.410223,0 -76.95455200000001,38.410614,0 -76.954785,38.411061,0 -76.955003,38.411477,0 -76.955089,38.411643,0 -76.955376,38.412143,0 -76.95568299999999,38.412638,0 -76.9557394,38.4127252,0 -76.956065,38.413229,0 -76.9562394,38.413475,0 -76.9563272,38.4135988,0 -76.956428,38.413741,0 -76.956682,38.414086,0 -76.95688699999999,38.4143570000001,0 -76.95720900000001,38.414759,0 -76.957454,38.415051,0 -76.957914,38.415576,0 -76.958164,38.4158499999999,0 -76.958297,38.415997,0 -76.9589204,38.4166187,0 -76.959816,38.417638,0 -76.9613353,38.4192615,0 -76.961347,38.419274,0 -76.961645,38.419594,0 -76.96192240000001,38.41989,0 -76.96237600000001,38.420374,0 -76.9624989,38.4205046,0 -76.96463,38.422769,0 -76.966027,38.424266,0 -76.96615199999999,38.424397,0 -76.96658309999999,38.4248597,0 -76.96691559999999,38.4252153,0 -76.969058,38.427506,0 -76.969578,38.428065,0 -76.971232,38.429831,0 -76.971861,38.430513,0 -76.973057,38.431777,0 -76.97318799999999,38.431917,0 -76.975071,38.433944,0 -76.976707,38.435683,0 -76.97688100000001,38.435867,0 -76.97812500000001,38.437192,0 -76.97845,38.4375379999999,0 -76.978615,38.437714,0 -76.979738,38.438904,0 -76.980073,38.439259,0 -76.980322,38.439526,0 -76.98172,38.441012,0 -76.98269999999999,38.442061,0 -76.98374,38.443163,0 -76.98387,38.443302,0 -76.984037,38.4434800000001,0 -76.98424300000001,38.443701,0 -76.984764,38.444256,0 -76.984944,38.444451,0 -76.985077,38.444596,0 -76.98550299999999,38.4450550000001,0 -76.985828,38.445409,0 -76.986249,38.445857,0 -76.98671,38.446357,0 -76.986951,38.446632,0 -76.9871,38.446801,0 -76.987317,38.447062,0 -76.98757999999999,38.447378,0 -76.987702,38.447536,0 -76.987724,38.447563,0 -76.987785,38.447645,0 -76.988136,38.448116,0 -76.98817699999999,38.448175,0 -76.988293,38.448339,0 -76.98838000000001,38.448462,0 -76.98852100000001,38.448669,0 -76.988759,38.449044,0 -76.98883600000001,38.449167,0 -76.988939,38.449331,0 -76.988997,38.449432,0 -76.989064,38.449549,0 -76.989192,38.449752,0 -76.98933100000001,38.450018,0 -76.989385,38.45012,0 -76.989593,38.450526,0 -76.98968499999999,38.450724,0 -76.9897157,38.4507916,0 -76.989847,38.451073,0 -76.989914,38.451218,0 -76.99003999999999,38.451513,0 -76.990139,38.451756,0 -76.99026600000001,38.452099,0 -76.99037800000001,38.452411,0 -76.99045099999999,38.452657,0 -76.990606,38.453178,0 -76.99068800000001,38.453472,0 -76.99076100000001,38.453739,0 -76.99077010000001,38.45377,0 -76.99081339999999,38.4539769,0 -76.99081700000001,38.453995,0 -76.990875,38.454262,0 -76.9909485,38.4546232,0 -76.9909777,38.4547962,0 -76.990987,38.454847,0 -76.99101899999999,38.455026,0 -76.9910476,38.4552382,0 -76.991052,38.455271,0 -76.991073,38.45543,0 -76.99109300000001,38.4555980000001,0 -76.991129,38.4559040000001,0 -76.99117099999999,38.456432,0 -76.991175,38.456543,0 -76.99118900000001,38.456881,0 -76.991198,38.457089,0 -76.991198,38.457529,0 -76.991184,38.45797,0 -76.991158,38.458429,0 -76.99115399999999,38.458475,0 -76.99112700000001,38.458787,0 -76.991088,38.459166,0 -76.991016,38.459776,0 -76.990939,38.460425,0 -76.990853,38.461178,0 -76.99078470000001,38.4616704,0 -76.990782,38.46169,0 -76.99076700000001,38.461795,0 -76.99076359999999,38.4618194,0 -76.990747,38.461938,0 -76.9907309,38.4620446,0 -76.9907185,38.4621418,0 -76.9906464,38.4626042,0 -76.99053960000001,38.4634944,0 -76.9904816,38.4640114,0 -76.99043039999999,38.4644676,0 -76.990298,38.465648,0 -76.990167,38.466736,0 -76.990049,38.467718,0 -76.98992,38.468707,0 -76.989664,38.470922,0 -76.989609,38.471399,0 -76.989435,38.472684,0 -76.989316,38.473754,0 -76.989208,38.474712,0 -76.98917899999999,38.474976,0 -76.989085,38.475819,0 -76.98886400000001,38.47757,0 -76.98886160000001,38.4775902,0 -76.9887583,38.4784559,0 -76.988754,38.478492,0 -76.98872299999999,38.478746,0 -76.98859899999999,38.479736,0 -76.98853699999999,38.480249,0 -76.988484,38.480656,0 -76.988435,38.480976,0 -76.98837399999999,38.481537,0 -76.98835870000001,38.4816939,0 -76.988317,38.482123,0 -76.988252,38.482624,0 -76.988094,38.483945,0 -76.9880453,38.4843097,0 -76.9880369,38.4843724,0 -76.9880129,38.4845854,0 -76.98801,38.484613,0 -76.987887,38.485605,0 -76.98787900000001,38.485674,0 -76.987808,38.486347,0 -76.98772599999999,38.486894,0 -76.987697,38.487155,0 -76.987678,38.487321,0 -76.987645,38.487607,0 -76.98755800000001,38.488445,0 -76.987499,38.488888,0 -76.987416,38.489546,0 -76.987342,38.490114,0 -76.98724300000001,38.4909490000001,0 -76.98718,38.49149,0 -76.98709700000001,38.492175,0 -76.98703999999999,38.492595,0 -76.98694,38.493404,0 -76.986875,38.493975,0 -76.98684900000001,38.494207,0 -76.98677000000001,38.494869,0 -76.986709,38.495343,0 -76.98668600000001,38.495589,0 -76.98660700000001,38.4962,0 -76.986565,38.496591,0 -76.98654399999999,38.4967859999999,0 -76.986459,38.497329,0 -76.986394,38.497752,0 -76.98631899999999,38.498189,0 -76.986237,38.498574,0 -76.98608900000001,38.499284,0 -76.98608369999999,38.4993043,0 -76.985975,38.49972,0 -76.985879,38.500128,0 -76.985648,38.501013,0 -76.98545900000001,38.501752,0 -76.98535800000001,38.502127,0 -76.985201,38.502768,0 -76.9851961,38.5027858,0 -76.985072,38.503236,0 -76.985005,38.503481,0 -76.984933,38.503769,0 -76.9849104,38.5038584,0 -76.984906,38.503876,0 -76.98484000000001,38.504137,0 -76.9847662,38.5044089,0 -76.98468800000001,38.504697,0 -76.984571,38.50516,0 -76.9845643,38.5051866,0 -76.98446199999999,38.505595,0 -76.9844604,38.5056014,0 -76.984387,38.5059,0 -76.984281,38.506324,0 -76.98414200000001,38.506871,0 -76.98406799999999,38.507158,0 -76.983867,38.507929,0 -76.98378200000001,38.508274,0 -76.98367,38.508722,0 -76.98358899999999,38.509037,0 -76.983473,38.509484,0 -76.983465,38.509512,0 -76.98332499999999,38.510038,0 -76.983138,38.510766,0 -76.983036,38.511167,0 -76.98298800000001,38.511355,0 -76.9828047,38.5120388,0 -76.982795,38.512075,0 -76.9826813,38.5125115,0 -76.98267,38.512555,0 -76.98260000000001,38.512822,0 -76.982405,38.513592,0 -76.982275,38.514155,0 -76.98223900000001,38.51433,0 -76.98211000000001,38.514961,0 -76.982096,38.515038,0 -76.98203100000001,38.515397,0 -76.98199200000001,38.515622,0 -76.981966,38.5157700000001,0 -76.981949,38.5158410000001,0 -76.98193499999999,38.515929,0 -76.981898,38.5161569999999,0 -76.981814,38.516727,0 -76.98172599999999,38.517434,0 -76.981667,38.518088,0 -76.98163700000001,38.518729,0 -76.981628,38.519355,0 -76.981624,38.519911,0 -76.98162000000001,38.520649,0 -76.981628,38.52095,0 -76.98165400000001,38.521331,0 -76.981702,38.521971,0 -76.981775,38.522608,0 -76.9818049,38.5228465,0 -76.9818387,38.5231156,0 -76.981841,38.523134,0 -76.98192400000001,38.523798,0 -76.9819871,38.5242679,0 -76.98200799999999,38.524424,0 -76.982095,38.525039,0 -76.982124,38.525292,0 -76.982168,38.525671,0 -76.982215,38.52594,0 -76.982254,38.526278,0 -76.9822569,38.5262971,0 -76.982266,38.526356,0 -76.98231199999999,38.526764,0 -76.98233879999999,38.5269244,0 -76.982356,38.527027,0 -76.98240029999999,38.5273525,0 -76.98244,38.527644,0 -76.98245300000001,38.527734,0 -76.9824986,38.5281494,0 -76.9825195,38.5283133,0 -76.98257959999999,38.5287857,0 -76.982629,38.529082,0 -76.9826812,38.5294903,0 -76.9826958,38.5296025,0 -76.9827288,38.5298558,0 -76.98275700000001,38.530073,0 -76.98276799999999,38.530141,0 -76.9827999,38.5303925,0 -76.982855,38.530657,0 -76.982872,38.530786,0 -76.9828971,38.530971,0 -76.982935,38.53125,0 -76.98298,38.531552,0 -76.98301050000001,38.5317679,0 -76.9830285,38.5319105,0 -76.98304690000001,38.5320772,0 -76.983091,38.532438,0 -76.98313090000001,38.5327155,0 -76.98313899999999,38.532776,0 -76.9831726,38.5330264,0 -76.983178,38.533067,0 -76.98319739999999,38.5332199,0 -76.9832378,38.5334908,0 -76.9832902,38.5338422,0 -76.983338,38.53416,0 -76.983408,38.5347580000001,0 -76.983495,38.535356,0 -76.983575,38.535887,0 -76.983621,38.536286,0 -76.983644,38.5364800000001,0 -76.9836761,38.5366805,0 -76.983682,38.536704,0 -76.983694,38.536773,0 -76.983749,38.537215,0 -76.983799,38.537533,0 -76.98380160000001,38.5375499,0 -76.9838136,38.5376274,0 -76.983833,38.537752,0 -76.9838484,38.5378710000001,0 -76.983856,38.53793,0 -76.983881,38.53812,0 -76.983913,38.538356,0 -76.983931,38.53851,0 -76.98395720000001,38.538725,0 -76.98396,38.5387479,0 -76.9840212,38.5392497,0 -76.984058,38.539552,0 -76.98409599999999,38.539822,0 -76.9840998,38.5398485,0 -76.984143,38.540149,0 -76.984149,38.54019,0 -76.984155,38.5402719,0 -76.9841751,38.5405465,0 -76.98421,38.5408192,0 -76.9843039,38.5414465,0 -76.98437629999999,38.542057,0 -76.9844058,38.5423318,0 -76.98445940000001,38.542701,0 -76.98449220000001,38.5429625,0 -76.984497,38.543001,0 -76.98457209999999,38.5436115,0 -76.9845828,38.5437458,0 -76.98465520000001,38.5443646000001,0 -76.98466879999999,38.5444564,0 -76.9847599,38.5450695,0 -76.9847755,38.5451771,0 -76.98481889999999,38.5454765,0 -76.9848886,38.5458939,0 -76.9848993,38.5460429,0 -76.9849342,38.5463219,0 -76.98499049999999,38.5466659,0 -76.9850308,38.5469722,0 -76.9851032,38.5474421,0 -76.98514590000001,38.5477254,0 -76.9851615,38.5478284,0 -76.98517699999999,38.5479313,0 -76.9852321,38.5483838,0 -76.98524690000001,38.5484967,0 -76.98532659999999,38.5490343,0 -76.9853971,38.5496276,0 -76.98546159999999,38.5501177,0 -76.9855725,38.5508917,0 -76.9855829,38.5509864,0 -76.98569089999999,38.5518003,0 -76.9857222,38.552029,0 -76.9857616,38.5523174,0 -76.9858026,38.552588,0 -76.985833,38.5527908,0 -76.9859038,38.5532954,0 -76.985935,38.553528,0 -76.98602940000001,38.5542189,0 -76.9860635,38.5544998,0 -76.9861085,38.5547991,0 -76.9861408,38.5549977999999,0 -76.986177,38.555274,0 -76.9861871,38.5553668,0 -76.98619669999999,38.5554632,0 -76.9862497,38.5558708,0 -76.9863067,38.5562789999999,0 -76.9863124,38.5563907,0 -76.9863234,38.556518,0 -76.9863318,38.5566426,0 -76.986346,38.5568543,0 -76.986394,38.557636,0 -76.986397,38.557982,0 -76.986386,38.558226,0 -76.986372,38.558473,0 -76.98634699999999,38.558762,0 -76.986311,38.5590479999999,0 -76.986273,38.559367,0 -76.98621799999999,38.559784,0 -76.986166,38.560035,0 -76.98609500000001,38.560362,0 -76.986007,38.560741,0 -76.98590280000001,38.5611398,0 -76.98588100000001,38.561223,0 -76.98585,38.56132,0 -76.985823,38.561417,0 -76.985782,38.561541,0 -76.98570100000001,38.561779,0 -76.985675,38.561884,0 -76.98562800000001,38.562021,0 -76.985483,38.562414,0 -76.98544099999999,38.562525,0 -76.985381,38.562667,0 -76.98531,38.562844,0 -76.98523900000001,38.563001,0 -76.98513699999999,38.563235,0 -76.985049,38.56343,0 -76.984959,38.563617,0 -76.98486800000001,38.563818,0 -76.984775,38.563994,0 -76.984695,38.5641509999999,0 -76.984613,38.564298,0 -76.984525,38.564451,0 -76.98447,38.5645369999999,0 -76.984421,38.564616,0 -76.98433300000001,38.564767,0 -76.98425400000001,38.564895,0 -76.984157,38.565038,0 -76.984061,38.565185,0 -76.983994,38.5652805,0 -76.98392699999999,38.5653759999999,0 -76.983767,38.565609,0 -76.983661,38.565766,0 -76.983576,38.565886,0 -76.983497,38.56599,0 -76.983238,38.566315,0 -76.983104,38.566478,0 -76.982989,38.566629,0 -76.98273399999999,38.566924,0 -76.98267300000001,38.566997,0 -76.982567,38.567115,0 -76.982355,38.567344,0 -76.982224,38.567484,0 -76.98209199999999,38.567621,0 -76.982004,38.567707,0 -76.981792,38.567922,0 -76.981661,38.568051,0 -76.981348,38.568337,0 -76.98119699999999,38.568479,0 -76.981121,38.568552,0 -76.98103399999999,38.568624,0 -76.980915,38.56873,0 -76.98078599999999,38.568842,0 -76.9806651,38.5689374,0 -76.9802262,38.5692677,0 -76.979478,38.569845,0 -76.979184,38.57005,0 -76.97893689999999,38.5701909,0 -76.9785131,38.5704677,0 -76.9780947,38.5707109,0 -76.9776548,38.5709584,0 -76.9772578,38.5711723,0 -76.97682330000001,38.5713988,0 -76.9763888,38.5716127,0 -76.9759918,38.5718098000001,0 -76.97566999999999,38.571965,0 -76.97519250000001,38.5721831,0 -76.97489210000001,38.5723256,0 -76.97434490000001,38.5725647,0 -76.97386210000001,38.5727828,0 -76.9734115,38.5729883,0 -76.9729395,38.5732022,0 -76.9724567,38.5734161,0 -76.9719417,38.5736426,0 -76.97089029999999,38.5741374,0 -76.970445,38.5743429,0 -76.9701017,38.5745065,0 -76.9689054,38.5750349,0 -76.9681437,38.5753956,0 -76.96717270000001,38.5758569,0 -76.96631979999999,38.5762555,0 -76.96547289999999,38.5766412,0 -76.965132,38.576806,0 -76.96486470000001,38.5769256,0 -76.9647705,38.5769679000001,0 -76.964331,38.577168,0 -76.964038,38.577302,0 -76.963549,38.577525,0 -76.963239,38.577669,0 -76.962689,38.577918,0 -76.96209399999999,38.578185,0 -76.961232,38.578587,0 -76.960936,38.578713,0 -76.96072700000001,38.578798,0 -76.960612,38.578845,0 -76.960216,38.578999,0 -76.959682,38.579188,0 -76.959221,38.579338,0 -76.958467,38.579567,0 -76.957809,38.579752,0 -76.95737200000001,38.579869,0 -76.957342,38.5798768,0 -76.956551,38.580083,0 -76.955963,38.580241,0 -76.955275,38.58042,0 -76.954826,38.58055,0 -76.95466999999999,38.5806,0 -76.95449499999999,38.580658,0 -76.954144,38.580782,0 -76.953931,38.580863,0 -76.95372,38.580954,0 -76.95352800000001,38.581043,0 -76.953307,38.581151,0 -76.953063,38.581287,0 -76.952904,38.581379,0 -76.95287930000001,38.5813941,0 -76.95285800000001,38.581407,0 -76.95271099999999,38.581495,0 -76.9526848,38.5815113,0 -76.95250299999999,38.581625,0 -76.952242,38.581817,0 -76.952215,38.581836,0 -76.95206899999999,38.581944,0 -76.951837,38.582111,0 -76.9509164,38.5827952,0 -76.9504365,38.5831644,0 -76.95018570000001,38.5833574,0 -76.9500536,38.583459,0 -76.9495443,38.5838557,0 -76.94918800000001,38.584142,0 -76.9489789,38.5843054,0 -76.94890700000001,38.584363,0 -76.9488006,38.5844491,0 -76.948661,38.584562,0 -76.94845100000001,38.584711,0 -76.948317,38.584807,0 -76.94816400000001,38.584927,0 -76.94771299999999,38.58528,0 -76.94663439999999,38.5860907,0 -76.94650799999999,38.5861957,0 -76.9463816,38.5862934,0 -76.9458825,38.5867062,0 -76.9453017,38.5872123,0 -76.94477000000001,38.5876602,0 -76.94460719999999,38.5878119,0 -76.94412819999999,38.5882582,0 -76.9438287,38.588563,0 -76.94253,38.589885,0 -76.94250769999999,38.5899077,0 -76.942176,38.5902439999999,0 -76.9418744,38.5905407,0 -76.94183099999999,38.590586,0 -76.941518,38.590897,0 -76.94139199999999,38.591021,0 -76.941163,38.591259,0 -76.9409617,38.5914705,0 -76.9409376,38.5915041,0 -76.940776,38.59171,0 -76.9402001,38.5924522,0 -76.9396732,38.5931182,0 -76.93916129999999,38.5937867,0 -76.9389542,38.5940595,0 -76.9388252,38.5942437,0 -76.93870870000001,38.5944326,0 -76.9384187,38.5948744,0 -76.9382045,38.5952795,0 -76.9379792,38.5957407,0 -76.93788259999999,38.5960174,0 -76.9377861,38.5964283,0 -76.93772269999999,38.5967653,0 -76.93767870000001,38.5969342,0 -76.937628,38.597196,0 -76.93757100000001,38.597461,0 -76.937454,38.597972,0 -76.937365,38.59833,0 -76.9372973,38.5985948,0 -76.937246,38.598838,0 -76.937175,38.599097,0 -76.93715400000001,38.599168,0 -76.9371178,38.5992941,0 -76.93707999999999,38.599426,0 -76.937066,38.599472,0 -76.936988,38.5996859999999,0 -76.93689000000001,38.599899,0 -76.936796,38.600111,0 -76.93669,38.600299,0 -76.936571,38.600494,0 -76.936482,38.600646,0 -76.93639,38.600772,0 -76.93626,38.60092,0 -76.936144,38.601066,0 -76.93601099999999,38.601216,0 -76.935001,38.602218,0 -76.933503,38.603694,0 -76.93280679999999,38.6043753,0 -76.93186489999999,38.605319,0 -76.931327,38.605858,0 -76.93075399999999,38.60642,0 -76.9306843,38.6064922,0 -76.930211,38.606952,0 -76.92941709999999,38.6077423,0 -76.929112,38.608046,0 -76.92898940000001,38.6081606,0 -76.92866789999999,38.6084612,0 -76.9281573,38.6089385,0 -76.92722929999999,38.6098565,0 -76.9270858,38.6100128,0 -76.926787,38.6103382,0 -76.9266284,38.610511,0 -76.92639699999999,38.610763,0 -76.92625700000001,38.610894,0 -76.92565399999999,38.6114609999999,0 -76.92551,38.611597,0 -76.92505199999999,38.6120490000001,0 -76.92482750000001,38.6122703,0 -76.9247816,38.6123156,0 -76.9246976,38.6123984,0 -76.92462500000001,38.6124699999999,0 -76.924603,38.612491,0 -76.9243049,38.6127716,0 -76.92421090000001,38.6128743,0 -76.92411800000001,38.6129739999999,0 -76.923756,38.613331,0 -76.92350380000001,38.6135927,0 -76.9233306,38.6137725,0 -76.92320100000001,38.613907,0 -76.92313799999999,38.613972,0 -76.9228126,38.6142736999999,0 -76.922631,38.614442,0 -76.922214,38.614851,0 -76.92182270000001,38.6152286,0 -76.9215861,38.6154676,0 -76.92156300000001,38.615491,0 -76.921307,38.615746,0 -76.9213006,38.6157524,0 -76.9209827,38.6160694,0 -76.920976,38.616076,0 -76.92049,38.61656,0 -76.9196791,38.6173694,0 -76.91941799999999,38.61763,0 -76.918916,38.61811,0 -76.91784560000001,38.6191089,0 -76.9176564,38.6192855,0 -76.9174768,38.6194701,0 -76.9172138,38.6197403,0 -76.9169,38.6200462,0 -76.91681149999999,38.6201426,0 -76.91643860000001,38.6205324,0 -76.91634430000001,38.6206344,0 -76.916057,38.620945,0 -76.9156703,38.6213249,0 -76.9153106,38.6216607,0 -76.915156,38.621805,0 -76.914314,38.622642,0 -76.914299,38.6226566,0 -76.91407,38.622879,0 -76.913686,38.623252,0 -76.9134157,38.6235003,0 -76.9130583,38.6238569,0 -76.9129095,38.6239993000001,0 -76.912706,38.624194,0 -76.9126368,38.6242613,0 -76.912519,38.624376,0 -76.912385,38.624505,0 -76.91231430000001,38.624572,0 -76.912233,38.624649,0 -76.9122086,38.6246721,0 -76.91211800000001,38.624758,0 -76.9121061,38.6247696,0 -76.911851,38.625018,0 -76.9116963,38.6251675,0 -76.91161099999999,38.62525,0 -76.91131,38.625534,0 -76.91115000000001,38.625692,0 -76.91104300000001,38.625796,0 -76.910786,38.626054,0 -76.91058,38.626263,0 -76.91046900000001,38.626375,0 -76.909988,38.626855,0 -76.9098204,38.6270111,0 -76.90939590000001,38.6274067,0 -76.90845710000001,38.6283412,0 -76.908278,38.628524,0 -76.90806600000001,38.628729,0 -76.908034,38.628761,0 -76.90773299999999,38.629058,0 -76.907259,38.629528,0 -76.9072134,38.6295637,0 -76.906874,38.629911,0 -76.90658879999999,38.6301962,0 -76.90640569999999,38.6303699,0 -76.906318,38.630453,0 -76.90612640000001,38.6306472,0 -76.9059262,38.6308359,0 -76.9056468,38.6311082,0 -76.9054249,38.6313268,0 -76.90517,38.631578,0 -76.90484600000001,38.6318945,0 -76.90474709999999,38.631991,0 -76.904571,38.632163,0 -76.904302,38.632427,0 -76.9042338,38.6324933,0 -76.90419799999999,38.632528,0 -76.9040552,38.6326524,0 -76.9034048,38.6332926,0 -76.9030807,38.6336405,0 -76.903008,38.633712,0 -76.902632,38.634083,0 -76.90242000000001,38.634288,0 -76.902051,38.634645,0 -76.901906,38.634785,0 -76.901183,38.635503,0 -76.901151,38.635533,0 -76.90096079999999,38.6357193,0 -76.90045600000001,38.636214,0 -76.900156,38.636512,0 -76.9001403,38.6365277,0 -76.900105,38.636563,0 -76.89979200000001,38.636873,0 -76.899497,38.6371660000001,0 -76.899129,38.637531,0 -76.89900400000001,38.637655,0 -76.898926,38.637731,0 -76.8987355,38.6379179,0 -76.8985745,38.6380758000001,0 -76.89848689999999,38.6381617,0 -76.898459,38.638189,0 -76.898368,38.638278,0 -76.89827099999999,38.638373,0 -76.897538,38.639097,0 -76.897279,38.639354,0 -76.896801,38.639831,0 -76.895869,38.640752,0 -76.895157,38.641456,0 -76.894582,38.642025,0 -76.894064,38.642455,0 -76.8940017,38.6425121,0 -76.893788,38.642708,0 -76.89339630000001,38.6430403,0 -76.893208,38.6432,0 -76.893058,38.6433272,0 -76.89299099999999,38.643384,0 -76.892765,38.643565,0 -76.892545,38.643742,0 -76.89226189999999,38.6439686,0 -76.8921328,38.644066,0 -76.8918242,38.6443118,0 -76.891711,38.644402,0 -76.8916057,38.6444848,0 -76.89140690000001,38.6446293,0 -76.891257,38.6447537,0 -76.89100999999999,38.6449469,0 -76.890732,38.645163,0 -76.890438,38.645391,0 -76.8903478,38.6454617,0 -76.890304,38.645496,0 -76.89022199999999,38.645559,0 -76.89008509999999,38.6456656,0 -76.889557,38.646077,0 -76.889487,38.646133,0 -76.8891679,38.646385,0 -76.889149,38.6464,0 -76.8889609,38.6465499,0 -76.888947,38.646561,0 -76.8887153,38.6467448,0 -76.88861300000001,38.646826,0 -76.888389,38.647,0 -76.888085,38.64724,0 -76.887265,38.647876,0 -76.886855,38.648194,0 -76.8866089,38.6483863,0 -76.88654889999999,38.6484332,0 -76.886307,38.6486222,0 -76.88607639999999,38.6488024,0 -76.885867,38.648966,0 -76.885563,38.649204,0 -76.885381,38.649347,0 -76.885132,38.649541,0 -76.88508830000001,38.6495748,0 -76.884964,38.6496710000001,0 -76.88476900000001,38.64982,0 -76.8845962,38.6499329,0 -76.8844436,38.650041,0 -76.88423210000001,38.6501908,0 -76.8841644,38.6502387,0 -76.88337300000001,38.650808,0 -76.8832798,38.6508672000001,0 -76.88315470000001,38.6509465,0 -76.8830191,38.6510326,0 -76.8829441,38.6510813,0 -76.88269200000001,38.6512448999999,0 -76.8825738,38.6513217,0 -76.8824736,38.6513856,0 -76.88226539999999,38.6515186,0 -76.88210410000001,38.6516186,0 -76.88201859999999,38.6516715,0 -76.8817155,38.6518621,0 -76.88169860000001,38.6518724000001,0 -76.88131319999999,38.6521072,0 -76.8806587,38.6525073,0 -76.88058150000001,38.6525503,0 -76.8800224,38.6528895,0 -76.8799341,38.6529443,0 -76.87974060000001,38.6530642,0 -76.8793465,38.6533084,0 -76.8790241,38.6535528,0 -76.87857889999999,38.6538984,0 -76.8783251,38.6541201,0 -76.87820069999999,38.6542251,0 -76.87786010000001,38.6545309,0 -76.8775617,38.6548222,0 -76.8774524,38.6549289,0 -76.87679900000001,38.655566,0 -76.8764996,38.6558525,0 -76.8763769,38.65597,0 -76.876358,38.655988,0 -76.8761217,38.6562142,0 -76.876077,38.656257,0 -76.87554799999999,38.6567491,0 -76.8754873,38.6568028,0 -76.87527489999999,38.6569907,0 -76.87472769999999,38.6575562,0 -76.8742525,38.6581755,0 -76.8741801,38.6583073999999,0 -76.873938,38.658798,0 -76.873834,38.659062,0 -76.8737725,38.6592915,0 -76.873711,38.659521,0 -76.87361199999999,38.659967,0 -76.87359739999999,38.6602465,0 -76.873593,38.660331,0 -76.873599,38.660704,0 -76.873605,38.660877,0 -76.87362299999999,38.661025,0 -76.87364100000001,38.661154,0 -76.873653,38.661327,0 -76.87372499999999,38.661638,0 -76.873805,38.661873,0 -76.874011,38.662424,0 -76.87416899999999,38.662942,0 -76.8742725,38.6632406,0 -76.87430569999999,38.6633363,0 -76.8745914,38.6641604,0 -76.8747121,38.6645466,0 -76.8747829,38.664773,0 -76.8748691,38.6650487,0 -76.8750553,38.6656049,0 -76.8753861,38.6665928,0 -76.8755625,38.667119,0 -76.8756425,38.667351,0 -76.8757011,38.6675207,0 -76.8757184,38.667573,0 -76.8758476,38.6679907,0 -76.87587430000001,38.6680770999999,0 -76.8759359,38.6682763,0 -76.876058,38.668888,0 -76.87606529999999,38.6689877,0 -76.87608,38.669171,0 -76.876097,38.669534,0 -76.87609930000001,38.6697329,0 -76.87609999999999,38.669799,0 -76.8760777,38.6702921,0 -76.8760576,38.6708433,0 -76.87605000000001,38.671161,0 -76.8760451,38.6712743,0 -76.8760412,38.6713651,0 -76.8760376,38.6714485,0 -76.87603319999999,38.6715126,0 -76.87601840000001,38.6717289,0 -76.87601119999999,38.6718763,0 -76.87599299999999,38.672249,0 -76.8759525,38.6733982,0 -76.87594199999999,38.673697,0 -76.8759057,38.6741601,0 -76.875867,38.6746528,0 -76.8758583,38.674764,0 -76.8758332,38.675084,0 -76.875812,38.675354,0 -76.87579700000001,38.675555,0 -76.87575699999999,38.675759,0 -76.875676,38.676212,0 -76.875629,38.676459,0 -76.87553699999999,38.676816,0 -76.87551999999999,38.676909,0 -76.875463,38.677146,0 -76.87530700000001,38.677645,0 -76.87518300000001,38.678036,0 -76.874933,38.678629,0 -76.874684,38.679213,0 -76.87450339999999,38.6795563,0 -76.8744532,38.6796525999999,0 -76.8740889,38.6803504,0 -76.874039,38.6804433,0 -76.87383699999999,38.68081,0 -76.873555,38.681319,0 -76.873188,38.6819559999999,0 -76.873057,38.682199,0 -76.872839,38.682609,0 -76.872609,38.683135,0 -76.87243700000001,38.683673,0 -76.87230099999999,38.68419,0 -76.87221599999999,38.684723,0 -76.87215930000001,38.6852007,0 -76.872146,38.6855212,0 -76.8721546,38.6860717,0 -76.872134,38.687456,0 -76.87212700000001,38.687902,0 -76.87213,38.688366,0 -76.872113,38.689304,0 -76.8721122,38.689335,0 -76.8721005,38.6897741,0 -76.87208099999999,38.690508,0 -76.8720692,38.6911027,0 -76.8720629,38.691422,0 -76.872062,38.69147,0 -76.8720435,38.6921304,0 -76.87204300000001,38.69215,0 -76.87202600000001,38.692736,0 -76.8720094,38.6935829,0 -76.87198549999999,38.693904,0 -76.871943,38.694158,0 -76.87188949999999,38.6943845999999,0 -76.87183589999999,38.694596,0 -76.8717554,38.6948095,0 -76.8716266,38.6951654,0 -76.8715404,38.695337,0 -76.8714105,38.6955955,0 -76.8712994,38.6958165,0 -76.870948,38.6964361,0 -76.87080589999999,38.6966747,0 -76.8706074,38.6969615,0 -76.8702882,38.6973467,0 -76.8699208,38.6977612,0 -76.8698662,38.6978162,0 -76.869621,38.6980628,0 -76.8693548,38.6983306,0 -76.86909900000001,38.698578,0 -76.8686172,38.6989732,0 -76.8681022,38.6994254,0 -76.867586,38.69991,0 -76.867058,38.700387,0 -76.86657,38.700824,0 -76.86601,38.7013290000001,0 -76.865362,38.701907,0 -76.864887,38.702323,0 -76.864429,38.702732,0 -76.864053,38.703054,0 -76.86363799999999,38.703367,0 -76.86348599999999,38.703477,0 -76.86309799999999,38.703737,0 -76.86298600000001,38.703806,0 -76.862668,38.704004,0 -76.862405,38.70415,0 -76.8623881,38.7041594,0 -76.862206,38.704261,0 -76.861709,38.704514,0 -76.861233,38.704732,0 -76.860859,38.704882,0 -76.860665,38.704955,0 -76.860406,38.705056,0 -76.86022,38.705122,0 -76.859825,38.70525,0 -76.85942900000001,38.705376,0 -76.858841,38.705548,0 -76.85875299999999,38.705574,0 -76.85825199999999,38.70573,0 -76.857822,38.705866,0 -76.85730700000001,38.706049,0 -76.856686,38.706308,0 -76.85647,38.706404,0 -76.856262,38.706504,0 -76.85601800000001,38.706637,0 -76.855812,38.706752,0 -76.85558899999999,38.706882,0 -76.855289,38.707068,0 -76.855102,38.707194,0 -76.854873,38.707357,0 -76.85449699999999,38.707646,0 -76.85416600000001,38.7079300000001,0 -76.85385100000001,38.708229,0 -76.85345599999999,38.708642,0 -76.85327700000001,38.70886,0 -76.853121,38.709058,0 -76.852974,38.709257,0 -76.852756,38.70957,0 -76.85261199999999,38.709784,0 -76.852486,38.709984,0 -76.85231899999999,38.7102420000001,0 -76.85207,38.710643,0 -76.85182,38.711042,0 -76.851642,38.711313,0 -76.85157100000001,38.711421,0 -76.851342,38.711796,0 -76.850827,38.712599,0 -76.850559,38.7130259999999,0 -76.850145,38.713665,0 -76.850016,38.7138679999999,0 -76.849754,38.714276,0 -76.84949400000001,38.714679,0 -76.84924100000001,38.715075,0 -76.84909,38.715305,0 -76.848968,38.715484,0 -76.848669,38.7159110000001,0 -76.84844200000001,38.716207,0 -76.84827900000001,38.716415,0 -76.84788399999999,38.716903,0 -76.847433,38.71742,0 -76.846954,38.717946,0 -76.846723,38.718176,0 -76.84641499999999,38.71848,0 -76.84610000000001,38.718779,0 -76.84580699999999,38.719038,0 -76.84533,38.719451,0 -76.844978,38.719745,0 -76.84461,38.720049,0 -76.844151,38.720406,0 -76.843856,38.720648,0 -76.843405,38.721009,0 -76.84267199999999,38.721592,0 -76.8424014,38.7218105,0 -76.84208649999999,38.7220648,0 -76.8420472,38.7220965,0 -76.841825,38.722276,0 -76.84127890000001,38.7227126,0 -76.840952,38.722974,0 -76.83946299999999,38.72416,0 -76.83900199999999,38.724536,0 -76.837791,38.725493,0 -76.836106,38.726841,0 -76.835666,38.727189,0 -76.83500600000001,38.727733,0 -76.83449,38.728135,0 -76.834211,38.728364,0 -76.83358800000001,38.728856,0 -76.833468,38.728951,0 -76.832757,38.729522,0 -76.832182,38.729979,0 -76.831912,38.730198,0 -76.831085,38.730856,0 -76.83017599999999,38.731586,0 -76.82950099999999,38.732122,0 -76.829297,38.732287,0 -76.82889,38.73261,0 -76.82816699999999,38.733189,0 -76.827798,38.733484,0 -76.827376,38.733821,0 -76.826876,38.734222,0 -76.82662999999999,38.73443,0 -76.826033,38.734922,0 -76.82559759999999,38.7352617,0 -76.82533100000001,38.735461,0 -76.825047,38.735687,0 -76.824027,38.736509,0 -76.823469,38.73695,0 -76.822677,38.737578,0 -76.82221,38.737963,0 -76.8212157,38.7387567,0 -76.82049170000001,38.7394037,0 -76.820166,38.739738,0 -76.819975,38.739949,0 -76.81992099999999,38.740006,0 -76.819665,38.740298,0 -76.819382,38.740655,0 -76.819107,38.741038,0 -76.81885800000001,38.74142,0 -76.8186529,38.7417572,0 -76.818622,38.741808,0 -76.818399,38.742188,0 -76.81820399999999,38.742528,0 -76.817753,38.743292,0 -76.81732599999999,38.744032,0 -76.81676,38.745037,0 -76.8166275,38.7452752,0 -76.816335,38.745801,0 -76.81588600000001,38.74653,0 -76.815213,38.747673,0 -76.814792,38.748432,0 -76.814576,38.748792,0 -76.81437,38.749148,0 -76.81436100000001,38.749165,0 -76.814044,38.749722,0 -76.813958,38.749875,0 -76.813745,38.75024,0 -76.81331,38.75099,0 -76.813087,38.751363,0 -76.81286799999999,38.751742,0 -76.812651,38.752123,0 -76.812538,38.752315,0 -76.81242899999999,38.752502,0 -76.81220999999999,38.752884,0 -76.81156799999999,38.753984,0 -76.811133,38.754742,0 -76.81091600000001,38.755113,0 -76.810492,38.755868,0 -76.810277,38.756242,0 -76.81007200000001,38.75659,0 -76.809865,38.756945,0 -76.80932300000001,38.757886,0 -76.80923900000001,38.758032,0 -76.809022,38.758401,0 -76.808369,38.7595289999999,0 -76.808274,38.759695,0 -76.80815200000001,38.759905,0 -76.8080997,38.759994,0 -76.807931,38.760281,0 -76.807805,38.760497,0 -76.807489,38.761039,0 -76.80740900000001,38.761174,0 -76.80726799999999,38.761418,0 -76.807187,38.761554,0 -76.806928,38.761981,0 -76.806842,38.7621308,0 -76.806808,38.76219,0 -76.806399,38.762914,0 -76.8063739,38.7629573,0 -76.805954,38.763681,0 -76.805824,38.763898,0 -76.80552400000001,38.764395,0 -76.805087,38.765209,0 -76.80468,38.765971,0 -76.804305,38.766732,0 -76.803946,38.767493,0 -76.80362,38.768234,0 -76.803271,38.769004,0 -76.80299599999999,38.769605,0 -76.802594,38.77048,0 -76.802215,38.771294,0 -76.80179099999999,38.772274,0 -76.801548,38.772826,0 -76.801199,38.773572,0 -76.8010084,38.7739835,0 -76.80059,38.774887,0 -76.80037830000001,38.7753282,0 -76.8001967,38.7757312,0 -76.800138,38.775863,0 -76.80011330000001,38.7759242,0 -76.800017,38.776163,0 -76.79994309999999,38.7763148000001,0 -76.7998774,38.7764668,0 -76.799786,38.776678,0 -76.79956300000001,38.777181,0 -76.799328,38.777693,0 -76.7992558,38.7778415,0 -76.79915699999999,38.778045,0 -76.79907799999999,38.778209,0 -76.798835,38.778723,0 -76.798603,38.779249,0 -76.79836899999999,38.779771,0 -76.798207,38.780152,0 -76.798118,38.78034,0 -76.797943,38.780653,0 -76.79783449999999,38.7808104,0 -76.797792,38.780872,0 -76.797455,38.781337,0 -76.797123,38.781786,0 -76.796781,38.782171,0 -76.796359,38.782615,0 -76.79604999999999,38.782888,0 -76.795779,38.783172,0 -76.795354,38.783481,0 -76.795046,38.78371,0 -76.794653,38.783968,0 -76.794505,38.784065,0 -76.794448,38.784103,0 -76.7943199,38.7841797,0 -76.7940179,38.7843606,0 -76.793887,38.784439,0 -76.7928208,38.7851114,0 -76.79242499999999,38.785324,0 -76.792096,38.785526,0 -76.79168900000001,38.785776,0 -76.791009,38.786177,0 -76.790137,38.7867,0 -76.789361,38.787177,0 -76.788579,38.787639,0 -76.7876043,38.7882363,0 -76.787008,38.788585,0 -76.786208,38.789077,0 -76.78541,38.789566,0 -76.78475899999999,38.789958,0 -76.784238,38.7902709999999,0 -76.783798,38.790535,0 -76.7836757,38.7906031,0 -76.78343,38.79074,0 -76.783162,38.79089,0 -76.7828026,38.7910522,0 -76.78277199999999,38.791066,0 -76.782635,38.791129,0 -76.782248,38.791267,0 -76.78188299999999,38.791376,0 -76.78155599999999,38.7914591,0 -76.78148469999999,38.7914741,0 -76.78124219999999,38.791525,0 -76.78101100000001,38.791572,0 -76.780519,38.791633,0 -76.779714,38.791694,0 -76.778689,38.791718,0 -76.778418,38.791726,0 -76.776307,38.7918019999999,0 -76.776168,38.791807,0 -76.77601799999999,38.791812,0 -76.775475,38.791832,0 -76.77436299999999,38.791865,0 -76.7737147,38.7919013,0 -76.773594,38.791908,0 -76.773158,38.791954,0 -76.77251099999999,38.79206,0 -76.77139099999999,38.792302,0 -76.770251,38.792681,0 -76.76917,38.793168,0 -76.76830200000001,38.793695,0 -76.767568,38.794235,0 -76.766959,38.794786,0 -76.766403,38.795346,0 -76.766018,38.79571,0 -76.765933,38.795773,0 -76.765837,38.795846,0 -76.765344,38.796203,0 -76.76491300000001,38.79646,0 -76.76452999999999,38.796655,0 -76.763991,38.796875,0 -76.763499,38.7970359999999,0 -76.763009,38.797179,0 -76.762502,38.797279,0 -76.76137900000001,38.797481,0 -76.76047699999999,38.797643,0 -76.76007079999999,38.7977207,0 -76.759834,38.797766,0 -76.75939700000001,38.79785,0 -76.758357,38.798037,0 -76.757857,38.798173,0 -76.757132,38.79842,0 -76.75663400000001,38.7986510000001,0 -76.756079,38.798956,0 -76.755775,38.799179,0 -76.75543500000001,38.799428,0 -76.754831,38.799893,0 -76.754251,38.800383,0 -76.753078,38.801309,0 -76.752515,38.801715,0 -76.7519617,38.8021097,0 -76.75187099999999,38.802177,0 -76.75119599999999,38.802631,0 -76.7508934,38.8028224,0 -76.75080699999999,38.802877,0 -76.75050899999999,38.803066,0 -76.7498767,38.8034187,0 -76.74968699999999,38.803549,0 -76.749121,38.8038260000001,0 -76.74832600000001,38.804252,0 -76.7476252,38.8046616,0 -76.74671600000001,38.805156,0 -76.74590999999999,38.80562,0 -76.745025,38.806078,0 -76.7449869,38.8060995,0 -76.74444,38.8064079,0 -76.7438657,38.8067163,0 -76.74324609999999,38.8070696,0 -76.742526,38.807507,0 -76.742024,38.80782,0 -76.7416544,38.8081101,0 -76.74149,38.80827,0 -76.74100199999999,38.80876,0 -76.74078919999999,38.8089946,0 -76.74053720000001,38.8093046,0 -76.7402544,38.809691,0 -76.7398949,38.8102188,0 -76.7397143,38.8105066000001,0 -76.7396885,38.8105477,0 -76.7395673,38.8107426,0 -76.73924580000001,38.8112954,0 -76.7391927,38.8113914,0 -76.7389783,38.8118073,0 -76.73897030000001,38.8118434,0 -76.73864159999999,38.8125301,0 -76.7385925,38.8126349999999,0 -76.73839599999999,38.8131089,0 -76.7382667,38.8134208,0 -76.73818850000001,38.8136248,0 -76.73797279999999,38.8142927,0 -76.7379638,38.8143297,0 -76.7378002,38.8149506,0 -76.7377671,38.8150765,0 -76.73763099999999,38.8157542,0 -76.7374695,38.8163392,0 -76.7373673,38.8166944,0 -76.73721500000001,38.8172729,0 -76.7371874,38.8173882999999,0 -76.73702,38.818162,0 -76.73683200000001,38.818905,0 -76.736727,38.819351,0 -76.736363,38.820667,0 -76.736332,38.820787,0 -76.736322,38.820827,0 -76.736256,38.821108,0 -76.735998,38.822112,0 -76.7359726,38.8222403,0 -76.7357646,38.8230574,0 -76.735722,38.82322,0 -76.735697,38.823316,0 -76.73569449999999,38.8233245,0 -76.7356472,38.8234868,0 -76.735562,38.823779,0 -76.73550229999999,38.8239366,0 -76.735434,38.82418,0 -76.735319,38.824486,0 -76.735299,38.824536,0 -76.735226,38.824715,0 -76.73514,38.824928,0 -76.7350495,38.8251313,0 -76.73504699999999,38.825137,0 -76.73494669999999,38.8253636,0 -76.734927,38.825408,0 -76.734909,38.825449,0 -76.734829,38.825613,0 -76.73474,38.825792,0 -76.734627,38.826003,0 -76.734533,38.826171,0 -76.73442,38.826364,0 -76.734323,38.826525,0 -76.73410199999999,38.826886,0 -76.733889,38.827199,0 -76.733757,38.827381,0 -76.733626,38.82756,0 -76.733495,38.827746,0 -76.733211,38.828125,0 -76.73305499999999,38.828345,0 -76.7330424,38.8283627,0 -76.732901,38.828562,0 -76.73224999999999,38.829436,0 -76.7316098,38.8303713,0 -76.7314633,38.8306022000001,0 -76.7312464,38.8310021,0 -76.7311955,38.8310903,0 -76.731043,38.831387,0 -76.73093900000001,38.831605,0 -76.730847,38.83184,0 -76.730785,38.832037,0 -76.730701,38.832324,0 -76.730639,38.832594,0 -76.73055100000001,38.833003,0 -76.7304433,38.8334614000001,0 -76.73034800000001,38.833867,0 -76.730321,38.833984,0 -76.73026400000001,38.834272,0 -76.730153,38.834815,0 -76.730002,38.835505,0 -76.729874,38.836009,0 -76.7298,38.836275,0 -76.72972,38.836549,0 -76.729626,38.836797,0 -76.729472,38.837183,0 -76.729322,38.837526,0 -76.7292582,38.8376903,0 -76.7291584,38.8378939,0 -76.72907720000001,38.8380477,0 -76.72879500000001,38.838525,0 -76.728607,38.838835,0 -76.728447,38.839108,0 -76.7282139,38.8395126,0 -76.72814320000001,38.839642,0 -76.7280094,38.8398942,0 -76.72784919999999,38.8402189,0 -76.7276792,38.8405936000001,0 -76.7275246,38.8409579,0 -76.727328,38.84146,0 -76.72732209999999,38.8414756,0 -76.727175,38.841865,0 -76.7270793,38.8421892,0 -76.7270044,38.8424442,0 -76.72694799999999,38.842671,0 -76.726905,38.842872,0 -76.726855,38.843076,0 -76.726788,38.843393,0 -76.72674000000001,38.843758,0 -76.726725,38.843879,0 -76.726651,38.844452,0 -76.726557,38.845386,0 -76.72651430000001,38.8459603,0 -76.726471,38.846309,0 -76.72643100000001,38.846855,0 -76.7264191,38.8470111,0 -76.726401,38.847249,0 -76.72636199999999,38.847708,0 -76.726339,38.847984,0 -76.726254,38.848842,0 -76.726168,38.849769,0 -76.72609199999999,38.850674,0 -76.72603599999999,38.851484,0 -76.7259821,38.8520594,0 -76.725971,38.852178,0 -76.725955,38.852353,0 -76.72587,38.853145,0 -76.725748,38.854021,0 -76.7256898,38.8546114,0 -76.725689,38.85462,0 -76.725663,38.854889,0 -76.725616,38.855418,0 -76.72561450000001,38.8554352000001,0 -76.725587,38.855743,0 -76.72547900000001,38.856623,0 -76.7254495,38.8570154,0 -76.7254382,38.8571243,0 -76.7253879,38.8574555,0 -76.725258,38.858104,0 -76.7251922,38.8583728,0 -76.7250962,38.8587171,0 -76.7248953,38.8594314,0 -76.72438990000001,38.8610535,0 -76.7239318,38.8625079,0 -76.7233191,38.8643809,0 -76.72324399999999,38.8646348,0 -76.7232297,38.8646833,0 -76.72308169999999,38.8651487,0 -76.7228789,38.8657965,0 -76.7213611,38.8707036,0 -76.721131,38.871721,0 -76.721121,38.871786,0 -76.7210611,38.8721702,0 -76.7209689,38.8727768,0 -76.72093599999999,38.873045,0 -76.720816,38.874153,0 -76.720747,38.874775,0 -76.720572,38.876468,0 -76.72054420000001,38.8768912,0 -76.72049250000001,38.8773217,0 -76.7204054,38.8780463,0 -76.72016790000001,38.8802151,0 -76.72013889999999,38.8804742,0 -76.71999839999999,38.8818114,0 -76.7198684,38.8830668,0 -76.71971619999999,38.8845285,0 -76.7196149,38.8855296,0 -76.7194195,38.8878126999999,0 -76.719241,38.889863,0 -76.719178,38.8908788000001,0 -76.71917329999999,38.8909609,0 -76.71904960000001,38.8924254,0 -76.71892269999999,38.8935559,0 -76.71886240000001,38.8940459,0 -76.7186708,38.895398,0 -76.71860409999999,38.8958496,0 -76.7185858,38.8959733,0 -76.7185224,38.8964236,0 -76.7184585,38.8968358,0 -76.7182402,38.8982396,0 -76.7181468,38.8988798,0 -76.7178462,38.9008134,0 -76.7177427,38.9014994,0 -76.7175914,38.9025114,0 -76.7174452,38.9034746,0 -76.7173729,38.9039609,0 -76.71729910000001,38.9044454,0 -76.717268,38.9046924,0 -76.71722219999999,38.904944,0 -76.7171716,38.9055796,0 -76.71714780000001,38.9059239,0 -76.7171429,38.9060656,0 -76.7171326,38.9065697,0 -76.7171431,38.907026,0 -76.71714660000001,38.9072129,0 -76.7171536,38.9073882,0 -76.71716910000001,38.907634,0 -76.717204,38.908744,0 -76.717213,38.908912,0 -76.717276,38.909793,0 -76.717314,38.9103809999999,0 -76.717333,38.911429,0 -76.7173421,38.9117306999999,0 -76.7173547,38.9120396,0 -76.7173591,38.9123761,0 -76.717336,38.9130305,0 -76.7173073,38.9135293,0 -76.717291,38.9137739000001,0 -76.717275,38.914039,0 -76.71726200000001,38.914264,0 -76.71722200000001,38.9148,0 -76.717158,38.915323,0 -76.717082,38.915807,0 -76.71706260000001,38.9159317,0 -76.7169281,38.9169164,0 -76.716807,38.917913,0 -76.71676100000001,38.918277,0 -76.716604,38.919531,0 -76.71630999999999,38.921902,0 -76.716303,38.921987,0 -76.716274,38.92234,0 -76.716206,38.922997,0 -76.716173,38.923531,0 -76.716167,38.923633,0 -76.716156,38.924038,0 -76.71615559999999,38.9240845,0 -76.71615199999999,38.924486,0 -76.716151,38.924902,0 -76.716145,38.925015,0 -76.716177,38.925525,0 -76.716212,38.925864,0 -76.71626000000001,38.92627,0 -76.716325,38.926783,0 -76.716398,38.927285,0 -76.716657,38.92915,0 -76.71672599999999,38.929584,0 -76.7171299,38.9321331999999,0 -76.71739100000001,38.933781,0 -76.717506,38.9346989999999,0 -76.717544,38.9353487,0 -76.717654,38.9373795,0 -76.7176762,38.9381033,0 -76.71768729999999,38.9386437,0 -76.71772679999999,38.93921,0 -76.7177442,38.9395795,0 -76.7177727,38.9400782,0 -76.7177878,38.9403436,0 -76.7177883,38.9408586,0 -76.7177889,38.9413989,0 -76.71778999999999,38.9424863,0 -76.71779309999999,38.9433972,0 -76.71781180000001,38.9456833,0 -76.7178274,38.9472867,0 -76.7178133,38.9476656,0 -76.7177713,38.9480664,0 -76.71770890000001,38.9485933,0 -76.71760999999999,38.949213,0 -76.717584,38.949396,0 -76.71754009999999,38.949583,0 -76.71750249999999,38.9497633,0 -76.7174244,38.9500809000001,0 -76.717108,38.95132,0 -76.7170165,38.9516716,0 -76.71697589999999,38.9518752,0 -76.71691509999999,38.9521483,0 -76.7168544,38.9523981,0 -76.7167681,38.9527085,0 -76.716688,38.9529017,0 -76.71657500000001,38.9530699,0 -76.71648159999999,38.9531935,0 -76.71632289999999,38.9533658,0 -76.7161552,38.9535168,0 -76.7159687,38.9536614,0 -76.71578340000001,38.9537776,0 -76.7155367,38.9539247,0 -76.71524770000001,38.9540939,0 -76.7149409,38.9542591,0 -76.7147125,38.954371,0 -76.7143126,38.9545431,0 -76.713899,38.9547042,0 -76.71363940000001,38.9547920000001,0 -76.7132787,38.9548935,0 -76.713002,38.954959,0 -76.71256,38.955047,0 -76.71197600000001,38.955125,0 -76.71159400000001,38.955163,0 -76.71112220000001,38.9552022,0 -76.710622,38.955234,0 -76.70892000000001,38.9553085,0 -76.70555400000001,38.9553739999999,0 -76.70431019999999,38.9553948,0 -76.703334,38.9554112,0 -76.703225,38.955413,0 -76.69993700000001,38.955482,0 -76.698442,38.955518,0 -76.6943642,38.9555877,0 -76.6935627,38.9556014,0 -76.68669,38.955709,0 -76.6805377,38.9558555,0 -76.6792702,38.9558903,0 -76.6790986,38.9558947,0 -76.6781786,38.9559358,0 -76.6775648,38.9559853,0 -76.6767976,38.9560656,0 -76.6763574,38.9561194,0 -76.6759045,38.9561876,0 -76.67522339999999,38.9562993,0 -76.674674,38.9564066,0 -76.6741201,38.9565266,0 -76.6687876,38.9577556,0 -76.6640524,38.9588473,0 -76.6599612,38.9597902000001,0 -76.6589869,38.9600118,0 -76.6580287,38.9602172,0 -76.6572281,38.9603694,0 -76.656436,38.9605107,0 -76.6557203,38.9606239,0 -76.6525353,38.9611167,0 -76.64828869999999,38.9617660000001,0 -76.6405237,38.9629631,0 -76.63940530000001,38.9631375,0 -76.63832480000001,38.9633249,0 -76.6376612,38.9634702,0 -76.6370036,38.9636322,0 -76.6363174,38.9638226,0 -76.635645,38.9640276,0 -76.6351171,38.9642043,0 -76.63455620000001,38.9644113,0 -76.6339758,38.964636,0 -76.6336252,38.9647838,0 -76.633433,38.9648616,0 -76.6328062,38.96515,0 -76.632181,38.9654591,0 -76.630842,38.9662265,0 -76.6251257,38.9696633000001,0 -76.620542,38.9727399,0 -76.617287,38.974912,0 -76.6051645,38.9811592,0 -76.6045812,38.9814624,0 -76.6038538,38.9818477,0 -76.60326480000001,38.9821452,0 -76.6026112,38.9824611,0 -76.602099,38.982693,0 -76.60153800000001,38.9829123,0 -76.601017,38.983092,0 -76.60041390000001,38.9832704,0 -76.5998738,38.9834003,0 -76.5994798,38.9834765,0 -76.5989044,38.9835661,0 -76.59826870000001,38.983639,0 -76.5975119,38.983679,0 -76.59648749999999,38.9837076,0 -76.59492400000001,38.983749,0 -76.58863049999999,38.9840249,0 -76.5880027,38.9840472,0 -76.58653409999999,38.9841075,0 -76.5789872,38.9844086,0 -76.5781511,38.9844407,0 -76.577268,38.984468,0 -76.5767554,38.9844786,0 -76.5762489,38.9844805,0 -76.5757335,38.9844794,0 -76.57527880000001,38.9844775,0 -76.5748894,38.9844686,0 -76.57450830000001,38.9844571,0 -76.57380240000001,38.984427,0 -76.57308020000001,38.9843875,0 -76.57239509999999,38.9843448,0 -76.5717039,38.9842875,0 -76.5685364,38.9839318,0 -76.5679167,38.9838622,0 -76.56385040000001,38.9833702,0 -76.5621338,38.98312,0 -76.5586023,38.9825557,0 -76.5579358,38.9824732,0 -76.5571892,38.982396,0 -76.55646400000001,38.9823438,0 -76.5557355,38.9823113,0 -76.5550827,38.9823049,0 -76.55441980000001,38.982311,0 -76.5534797,38.9823519,0 -76.5525457,38.9824207,0 -76.5513598,38.9825679,0 -76.5503947,38.9827337,0 -76.5495907,38.9828868,0 -76.548705,38.9830764999999,0 -76.54797739999999,38.9832406,0 -76.543502,38.9842656,0 -76.54298350000001,38.9843806,0 -76.5422944,38.9845317,0 -76.5402569,38.9849765,0 -76.538903,38.9852757,0 -76.53684629999999,38.9857208,0 -76.5357989,38.9859465,0 -76.53550250000001,38.9860111,0 -76.5350553,38.9861153,0 -76.5343055,38.986303,0 -76.5336846,38.9864784,0 -76.5331353,38.9866465,0 -76.532602,38.9868302,0 -76.5319002,38.9870965,0 -76.5309637,38.9874681,0 -76.5300031,38.9878694,0 -76.529037,38.9882998,0 -76.5278441,38.9888206,0 -76.52687040000001,38.9892408,0 -76.5265524,38.9893708,0 -76.5248885,38.9900724,0 -76.52024710000001,38.9920624000001,0 -76.5182301,38.9928496,0 -76.516256,38.9936234,0 -76.5148205,38.9943958,0 -76.5141728,38.9947774999999,0 -76.513209,38.9954979,0 -76.5123078,38.9964318,0 -76.5112153,38.997631,0 -76.50893670000001,39.0003652,0 -76.5067665,39.0029526,0 -76.5039262,39.0061686,0 -76.5009611,39.0095258,0 -76.5003904,39.0100836,0 -76.499976,39.0104499,0 -76.4994181,39.0108634,0 -76.4988602,39.0112369,0 -76.49819069999999,39.0115703,0 -76.4973581,39.0118838,0 -76.4958733,39.0123239,0 -76.4944914,39.0127108,0 -76.4933375,39.0131483,0 -76.49299069999999,39.0132885,0 -76.4923241,39.0135597,0 -76.4911207,39.0141254,0 -76.49077029999999,39.0143017,0 -76.48776290000001,39.0157031,0 -76.4750413,39.0217536,0 -76.4739144,39.0222894999999,0 -76.47162609999999,39.0233538,0 -76.4691517,39.0245442,0 -76.4663781,39.0258651,0 -76.4645988,39.0266941,0 -76.464028,39.0269382,0 -76.4632697,39.0271957,0 -76.46248420000001,39.0274158,0 -76.4621173,39.0275021,0 -76.4615471,39.0276062,0 -76.4609554,39.0276984,0 -76.4601545,39.027805,0 -76.4596773,39.0278353,0 -76.45911270000001,39.0278514,0 -76.45849870000001,39.0278471,0 -76.4579414,39.0278232,0 -76.4573377,39.0277753,0 -76.4512639,39.0271704,0 -76.44849979999999,39.026917,0 -76.44082109999999,39.0261613,0 -76.4396428,39.0260213,0 -76.4380747,39.0257719000001,0 -76.4374131,39.0256503,0 -76.43594419999999,39.0253804,0 -76.4340096,39.0249671,0 -76.4239326,39.0223292,0 -76.42258150000001,39.0219781,0 -76.41838250000001,39.0208904,0 -76.41625019999999,39.0203361,0 -76.41523359999999,39.0200485,0 -76.4144857,39.0197969,0 -76.41415859999999,39.0196654,0 -76.41286220000001,39.0190786,0 -76.41183460000001,39.0184945999999,0 -76.4113961,39.0182086,0 -76.4108592,39.0178166,0 -76.4100791,39.0171611,0 -76.40944880000001,39.0165356,0 -76.40912590000001,39.0161676,0 -76.4088215,39.015791,0 -76.4086155,39.015512,0 -76.408424,39.0152314,0 -76.4082576,39.0149617000001,0 -76.4080751,39.0146536,0 -76.407669,39.0139453,0 -76.4071532,39.0130498,0 -76.4065854,39.0121511,0 -76.4062989,39.0117186,0 -76.40611250000001,39.0114332,0 -76.405928,39.0111603,0 -76.40589850000001,39.0111166,0 -76.4054939,39.0105279,0 -76.4048243,39.0095252,0 -76.4044799,39.0089879,0 -76.40410420000001,39.0083777,0 -76.40159389999999,39.00427,0 -76.3992271,39.0003926,0 -76.39906929999999,39.0001501,0 -76.3989115,38.9999200000001,0 -76.3986689,38.9996004,0 -76.398437,38.9993057,0 -76.3981927,38.9990249,0 -76.3979271,38.9987441,0 -76.3976361,38.998459,0 -76.3973451,38.9981905,0 -76.3969584,38.9978789,0 -76.3965718,38.9975798000001,0 -76.39617699999999,38.9973063,0 -76.3957822,38.9970495,0 -76.3953245,38.9967899,0 -76.39487219999999,38.9965469,0 -76.39440089999999,38.996329,0 -76.3939295,38.9961235000001,0 -76.393421,38.9959335,0 -76.39291780000001,38.9957559,0 -76.3924763,38.9956245,0 -76.39216020000001,38.9955409,0 -76.39184729999999,38.9954659,0 -76.3848012,38.9938119,0 -76.3822268,38.9931975,0 -76.37946049999999,38.9925372,0 -76.344751,38.984431,0 -76.34052579999999,38.9834473,0 -76.33515370000001,38.9821995,0 -76.33427450000001,38.98199,0 -76.33339359999999,38.9817763,0 -76.3327894,38.9816152,0 -76.3312248,38.981175,0 -76.3309077,38.9810864,0 -76.3305776,38.9809978,0 -76.3299043,38.9808278,0 -76.3291991,38.9806623000001,0 -76.3281458,38.9804176,0 -76.3266562,38.980065,0 -76.3216139,38.9788856,0 -76.3200777,38.9785262,0 -76.31745770000001,38.9778964,0 -76.3165012,38.9776802,0 -76.3151522,38.9773785,0 -76.3125969,38.9767951,0 -76.3096017,38.9761108,0 -76.30908030000001,38.9759886,0 -76.3059469,38.9752545,0 -76.3056649,38.9751963,0 -76.30536859999999,38.9751381,0 -76.3051021,38.9750899,0 -76.30478789999999,38.9750379,0 -76.3044479,38.9749869,0 -76.30407940000001,38.9749359,0 -76.30262,38.9747451000001,0 -76.30239659999999,38.974716,0 -76.3014348,38.9745883,0 -76.3011882,38.9745605,0 -76.30093340000001,38.9745367,0 -76.3006367,38.9745144,0 -76.3003437,38.9744965,0 -76.2998391,38.9744791,0 -76.299249,38.9744821999999,0 -76.2986844,38.9745041,0 -76.2980273,38.9745573,0 -76.2974452,38.9746188000001,0 -76.29692489999999,38.9746949,0 -76.29635759999999,38.9747971,0 -76.2957823,38.9749222,0 -76.2945873,38.9751996,0 -76.29408170000001,38.9753174,0 -76.2935118,38.9754383,0 -76.2929297,38.9755384,0 -76.2924052,38.9756224,0 -76.29210019999999,38.9756681,0 -76.2918045,38.9757073,0 -76.2912232,38.975772,0 -76.2905804,38.975829,0 -76.29004500000001,38.9758606,0 -76.2891357,38.9758937999999,0 -76.288488,38.9758939,0 -76.28791270000001,38.9758835,0 -76.28734540000001,38.9758606,0 -76.2869511,38.9758345,0 -76.2822022,38.9754769,0 -76.27893400000001,38.9752256,0 -76.2731659,38.9747773,0 -76.2722351,38.9746908,0 -76.27139560000001,38.9745917,0 -76.2706101,38.9744935,0 -76.2697823,38.9743738,0 -76.26768749999999,38.974037,0 -76.2644851,38.9735174,0 -76.2609752,38.9729538,0 -76.2585682,38.9725571,0 -76.2584227,38.972533,0 -76.2576694,38.9724116,0 -76.2569956,38.9723294,0 -76.2563377,38.972274,0 -76.2557597,38.9722385,0 -76.254959,38.9721999,0 -76.2541463,38.9721478,0 -76.2536837,38.9721019,0 -76.25330409999999,38.9720498,0 -76.25293000000001,38.9719935,0 -76.2525232,38.9719178,0 -76.2481976,38.9710544,0 -76.2460177,38.9705795,0 -76.244069,38.9701181,0 -76.24238889999999,38.9696885,0 -76.24184440000001,38.9695516,0 -76.24134549999999,38.9694108,0 -76.2408587,38.9692586,0 -76.23956579999999,38.9688436,0 -76.2390442,38.968683,0 -76.23848220000001,38.9685297,0 -76.2379449,38.9684121,0 -76.2375649,38.968329,0 -76.2365083,38.9680747,0 -76.23416829999999,38.967542,0 -76.2330651,38.9672926,0 -76.2293725,38.9664576,0 -76.22554770000001,38.9656150999999,0 -76.22454399999999,38.9653919,0 -76.2223223,38.9648978,0 -76.2220152,38.96483,0 -76.22068059999999,38.9645307,0 -76.2178205,38.9639014,0 -76.21544660000001,38.9633790999999,0 -76.2130915,38.9628664,0 -76.2114701,38.9625112,0 -76.2092827,38.9620321,0 -76.2077002,38.9616901,0 -76.2070672,38.9615858,0 -76.2064074,38.9615107,0 -76.2058227,38.9614731999999,0 -76.2053506,38.9614649,0 -76.2043314,38.9615191,0 -76.2035857,38.9615817,0 -76.2028669,38.9617151,0 -76.20213200000001,38.9618778,0 -76.2011717,38.9621697999999,0 -76.19942829999999,38.9627871,0 -76.1986809,38.9630478,0 -76.19755929999999,38.9634391,0 -76.19671390000001,38.963734,0 -76.1941551,38.9646349,0 -76.1932487,38.9649532,0 -76.19161,38.9655286,0 -76.19033020000001,38.965978,0 -76.1882708,38.9666962,0 -76.18584559999999,38.967542,0 -76.1836945,38.9683053,0 -76.1828362,38.968639,0 -76.1819778,38.969031,0 -76.1810713,38.969494,0 -76.180229,38.9699778,0 -76.179478,38.9704616,0 -76.17879670000001,38.9709329,0 -76.1780457,38.9715168,0 -76.1768763,38.9724802,0 -76.17580340000001,38.9734436,0 -76.1751168,38.9741108,0 -76.1742102,38.9750116000001,0 -76.17329290000001,38.9760584,0 -76.1719628,38.9777054,0 -76.1713134,38.9784688,0 -76.1709164,38.9788984,0 -76.1705838,38.9792153,0 -76.1700259,38.9797282,0 -76.16937679999999,38.9803037,0 -76.1688833,38.9806873,0 -76.1685561,38.9809459000001,0 -76.16774599999999,38.981513,0 -76.16682160000001,38.9820628,0 -76.1659772,38.9825037,0 -76.165498,38.9827496,0 -76.16461459999999,38.9831499,0 -76.1629944,38.9838569,0 -76.16151290000001,38.984462,0 -76.16122970000001,38.9845821,0 -76.1603396,38.9849332,0 -76.159791,38.9851464,0 -76.15790079999999,38.985847,0 -76.1562964,38.9863971,0 -76.1550701,38.9868182,0 -76.1538706,38.9872055,0 -76.1530695,38.9874642,0 -76.1527586,38.9875676,0 -76.1523461,38.9877047,0 -76.15071399999999,38.9882473,0 -76.14860349999999,38.9889775,0 -76.1443625,38.9903487,0 -76.1419164,38.9911576,0 -76.1378394,38.9925252,0 -76.13347280000001,38.9939845,0 -76.1322282,38.9944848,0 -76.13124120000001,38.994935,0 -76.1301361,38.9955104,0 -76.1293958,38.995944,0 -76.12864930000001,38.9964328,0 -76.1258768,38.9983204,0 -76.1219607,39.0009885,0 -76.1193107,39.0027811,0 -76.1168967,39.0044069,0 -76.1136566,39.0066163,0 -76.1121948,39.0076308,0 -76.1090325,39.0097259,0 -76.1068545,39.0111932,0 -76.1058889,39.0117351,0 -76.10473020000001,39.0121936,0 -76.10355010000001,39.0125104,0 -76.1028714,39.0126458,0 -76.1024872,39.0127,0 -76.1020905,39.01275,0 -76.10164349999999,39.0127899,0 -76.10047489999999,39.0128771,0 -76.09411679999999,39.0133471,0 -76.0901267,39.0136437,0 -76.08913560000001,39.0137173000001,0 -76.0841542,39.0140849000001,0 -76.0806339,39.0143417,0 -76.07686649999999,39.0146246,0 -76.0695162,39.0151756,0 -76.064477,39.0155499,0 -76.0634096,39.0156409,0 -76.06236370000001,39.0157482,0 -76.06132119999999,39.0158808,0 -76.0604733,39.0160051,0 -76.0598013,39.0161123,0 -76.0591209,39.0162287000001,0 -76.0505363,39.0178803,0 -76.048312,39.0183082,0 -76.0434669,39.0192426,0 -76.04171100000001,39.0195812,0 -76.04072739999999,39.0197727,0 -76.039906,39.0199459,0 -76.0392054,39.0201134999999,0 -76.03860709999999,39.0202675,0 -76.0380007,39.0204390999999,0 -76.037403,39.0206209,0 -76.0366992,39.0208595,0 -76.0360084,39.0211063,0 -76.0352336,39.021404,0 -76.0344576,39.0217371,0 -76.0337092,39.0220798,0 -76.03299560000001,39.0224334,0 -76.03225019999999,39.0228346,0 -76.0315982,39.0232092,0 -76.03084939999999,39.0236711,0 -76.0302748,39.0240539,0 -76.02983140000001,39.0243681,0 -76.0297307,39.0244395,0 -76.0291065,39.0249038,0 -76.028587,39.025319,0 -76.0280818,39.0257449,0 -76.0280127,39.0258032,0 -76.02753439999999,39.0262325,0 -76.0269684,39.0267769,0 -76.0258836,39.0279236,0 -76.0253496,39.028488,0 -76.02514239999999,39.0287071,0 -76.0238938,39.0299937,0 -76.0210952,39.0330036,0 -76.0210438,39.0330592,0 -76.0208547,39.03326,0 -76.01620560000001,39.0381936,0 -76.01464850000001,39.039852,0 -76.0139192,39.0406249,0 -76.0127189,39.0418969000001,0 -76.00830999999999,39.0465168,0 -76.0079834,39.0468627,0 -76.00767829999999,39.0471882,0 -76.0016679,39.0534989,0 -75.98279429999999,39.0733118,0 -75.9775952,39.0787954,0 -75.97106119999999,39.0856717,0 -75.96639759999999,39.0904883,0 -75.9646295,39.0923336,0 -75.96010320000001,39.0971996,0 -75.9593909,39.0979493,0 -75.9590384,39.0983096,0 -75.9583044,39.0990931,0 -75.9576283,39.099798,0 -75.95661320000001,39.1008774,0 -75.95565190000001,39.101886,0 -75.9547702,39.1028195,0 -75.9537974,39.1038503999999,0 -75.953391,39.1042761,0 -75.9526561,39.105096,0 -75.9516619,39.1064241,0 -75.9511469,39.10724,0 -75.95059980000001,39.1081891,0 -75.9500097,39.1093712,0 -75.9488188,39.1124514,0 -75.9476386,39.1154731,0 -75.9472631,39.1164138,0 -75.94674240000001,39.11743,0 -75.9462274,39.1183622,0 -75.94541769999999,39.1195602,0 -75.94455139999999,39.1207671,0 -75.94342210000001,39.1220116,0 -75.9425638,39.1229042,0 -75.9405849,39.1249835,0 -75.936099,39.1296501,0 -75.92998969999999,39.1360726,0 -75.9268139,39.1394096,0 -75.9262239,39.1400254,0 -75.9256726,39.1407916,0 -75.9252805,39.1413419,0 -75.9250227,39.1417229,0 -75.9243249,39.1428296,0 -75.92381109999999,39.1439748,0 -75.9235936,39.1445029,0 -75.9232945,39.1453328,0 -75.9231322,39.1458663,0 -75.9229919,39.1464134,0 -75.9228559,39.1470193,0 -75.91983070000001,39.1617972,0 -75.9183415,39.169125,0 -75.91774719999999,39.1719793,0 -75.91749129999999,39.1732024,0 -75.91742050000001,39.1735538,0 -75.91675119999999,39.1768755,0 -75.91519460000001,39.1844307,0 -75.9149651,39.1855003,0 -75.9147991,39.1861178,0 -75.9144814,39.1871043,0 -75.9141417,39.1879635999999,0 -75.9138568,39.1885900999999,0 -75.9133726,39.189541,0 -75.9127914,39.1905345,0 -75.9120296,39.1915323,0 -75.9109782,39.1928378,0 -75.9098695,39.1940292,0 -75.908929,39.1948999,0 -75.90753599999999,39.1960084,0 -75.9070088,39.1963851,0 -75.9061659,39.1969543,0 -75.90559810000001,39.1973064,0 -75.90511739999999,39.1975787,0 -75.9041689,39.1980937,0 -75.90317829999999,39.1985916,0 -75.9025623,39.1988646,0 -75.902084,39.1990822,0 -75.90082870000001,39.1996475,0 -75.9004532,39.1998138,0 -75.8998017,39.2001015,0 -75.8966552,39.2015118,0 -75.89638189999999,39.2016421,0 -75.8961402,39.201751,0 -75.895066,39.2022483999999,0 -75.89468119999999,39.2024409,0 -75.8941272,39.2027212,0 -75.8938181,39.2028957,0 -75.893337,39.2031836,0 -75.893018,39.2033805,0 -75.89232939999999,39.2038548,0 -75.89183610000001,39.2042299,0 -75.89149140000001,39.2045142,0 -75.8908861,39.2050501,0 -75.8906997,39.205236,0 -75.8904244,39.2055072,0 -75.89020499999999,39.2057436999999,0 -75.88994099999999,39.2060407,0 -75.8897541,39.2062635,0 -75.8893526,39.2067619,0 -75.888965,39.2072949,0 -75.8885306,39.2078871,0 -75.8882773,39.2082315,0 -75.88805069999999,39.2085448,0 -75.8876853,39.2090444,0 -75.88736,39.2094796,0 -75.8869854,39.2099847,0 -75.8867872,39.2102580000001,0 -75.8862828,39.2109567,0 -75.88558020000001,39.2119019,0 -75.8852208,39.2123885,0 -75.88459349999999,39.2132494,0 -75.8840179,39.2140312,0 -75.8830571,39.2153386,0 -75.88254019999999,39.2160428,0 -75.88227000000001,39.2164086,0 -75.8816844,39.2171983,0 -75.88137999999999,39.217611,0 -75.8810175,39.2181253,0 -75.8801801,39.21926,0 -75.8797861,39.2198018,0 -75.879471,39.2202138,0 -75.8787025,39.221269,0 -75.8784237,39.2216495,0 -75.87727889999999,39.2230982,0 -75.8765586,39.2242159,0 -75.8759914,39.2252924,0 -75.8754443,39.2267137,0 -75.87506879999999,39.2280517,0 -75.87488639999999,39.2293565,0 -75.8748113,39.2304203,0 -75.8748398,39.2315574,0 -75.87488310000001,39.2320113,0 -75.8750392,39.2332857,0 -75.87510330000001,39.2337313,0 -75.8753147,39.2352389,0 -75.8754332,39.2362753,0 -75.87544889999999,39.2365407,0 -75.87546,39.2369309,0 -75.87544459999999,39.2371984,0 -75.8754321,39.2374284,0 -75.87542120000001,39.2376233,0 -75.87538549999999,39.2379044,0 -75.8753573,39.2381087,0 -75.8752791,39.2385786,0 -75.87514520000001,39.2390553,0 -75.8749993,39.2396187,0 -75.8746895,39.2403686,0 -75.87445510000001,39.2408236,0 -75.874174,39.2413236,0 -75.8730904,39.2431464,0 -75.8720299,39.244942,0 -75.87013349999999,39.248153,0 -75.86813789999999,39.2515677,0 -75.8662497,39.2547814,0 -75.8660271,39.2551647,0 -75.86535550000001,39.2563214,0 -75.86499240000001,39.2570057,0 -75.8647497,39.2575703,0 -75.8646239,39.257917,0 -75.86450859999999,39.2582700999999,0 -75.86441019999999,39.2586469,0 -75.8643189,39.259086,0 -75.8642669,39.2593763,0 -75.8642289,39.2596338999999,0 -75.8641957,39.259967,0 -75.8641204,39.2612538,0 -75.8640891,39.2618483,0 -75.86396019999999,39.2642033,0 -75.8639537,39.2643373,0 -75.86387999999999,39.265619,0 -75.8637646,39.2675985,0 -75.86374139999999,39.2678955,0 -75.8637015,39.2682297,0 -75.8636681,39.2684904,0 -75.863603,39.2688907,0 -75.86348820000001,39.2694473,0 -75.8633894,39.2698387,0 -75.8632906,39.2701987,0 -75.8632044,39.2704766,0 -75.86312340000001,39.2707175,0 -75.8630047,39.2710457,0 -75.862886,39.2713521,0 -75.8627103,39.271772,0 -75.8625076,39.2722041,0 -75.8623094,39.2726017,0 -75.8619944,39.2731673,0 -75.8614336,39.2741062,0 -75.8610834,39.2746878,0 -75.8584975,39.2789785,0 -75.8573384,39.2808893,0 -75.8566795,39.2820105,0 -75.8561109,39.2831731,0 -75.8556603,39.2843274,0 -75.8550166,39.2868186,0 -75.85307299999999,39.294303,0 -75.85119709999999,39.3015649,0 -75.8485603,39.3118043,0 -75.8475528,39.3156612000001,0 -75.84662059999999,39.3192255,0 -75.8464979,39.3196946,0 -75.846191,39.321063,0 -75.8455001,39.3234047,0 -75.84512460000001,39.3242927000001,0 -75.8447383,39.3250563,0 -75.844261,39.325912,0 -75.84361180000001,39.3268489,0 -75.84215500000001,39.3287389999999,0 -75.841415,39.329601,0 -75.83846200000001,39.333324,0 -75.834959,39.337616,0 -75.8327006,39.3404251,0 -75.830596,39.343036,0 -75.8276259,39.3467393,0 -75.8259843,39.3487637,0 -75.8238171,39.3514435,0 -75.82007280000001,39.3560727,0 -75.8189891,39.3575161,0 -75.8184098,39.3584037,0 -75.817927,39.3592664,0 -75.8170985,39.3614115,0 -75.81584839999999,39.3647784,0 -75.8157714,39.3649825,0 -75.81568489999999,39.3652141,0 -75.8144047,39.3686678,0 -75.8137964,39.3700911,0 -75.8133029,39.3711195,0 -75.812702,39.3721065,0 -75.8119081,39.373193,0 -75.8110927,39.3741385,0 -75.81022369999999,39.3750176,0 -75.808786,39.3763279,0 -75.8076109,39.3774027,0 -75.80731729999999,39.3776604,0 -75.8051919,39.379554,0 -75.80220919999999,39.3822326,0 -75.79966659999999,39.3845811,0 -75.78055740000001,39.4018175,0 -75.776376,39.4055917000001,0 -75.7727919,39.4088356999999,0 -75.7693096,39.4119875,0 
				
					-75.7693096,39.4119875,0 -75.7690236,39.4122461,0 -75.7685467,39.412707,0 -75.7681997,39.4130691,0 -75.7678526,39.4134478,0 -75.767476,39.4138941,0 -75.7670997,39.4143662,0 -75.76674730000001,39.4148445,0 -75.76641669999999,39.4153318,0 -75.76610220000001,39.4158292,0 -75.7658133,39.416332,0 -75.7655458,39.4168433,0 -75.7653057,39.4173603,0 -75.765079,39.4178856,0 -75.7648782,39.4184177,0 -75.7634135,39.4225378,0 -75.76266889999999,39.4246089999999,0 -75.7620624,39.426307,0 -75.7597892,39.4327058,0 -75.7584252,39.4365684,0 -75.75821860000001,39.4370917,0 -75.7579805,39.4376063,0 -75.7577265,39.4380964,0 -75.75743629999999,39.4385938,0 -75.7571169,39.4390914,0 -75.7567856,39.4395579,0 -75.75642360000001,39.4400245,0 -75.7560366,39.4404805,0 -75.7558262,39.4407054000001,0 -75.7556235,39.4409221,0 -75.7547096,39.4418613,0 -75.750528,39.4461583,0 -75.7499918,39.4467093,0 -75.7482935,39.4484545,0 -75.7478665,39.4488933,0 -75.745947,39.4508657,0 -75.74431060000001,39.4525472,0 -75.7438001,39.4531039,0 -75.74330430000001,39.4536834,0 -75.7428297,39.4542726,0 -75.7423927,39.4548683,0 -75.74199659999999,39.4554509,0 -75.7416192,39.4560419,0 -75.74132950000001,39.4565421,0 -75.74127660000001,39.4566335,0 -75.7409371,39.4572763,0 -75.7361434,39.4669226,0 -75.735179,39.4688632,0 -75.73386189999999,39.4715130999999,0 -75.7337211,39.4717624,0 -75.73357180000001,39.4720074,0 -75.73341050000001,39.4722461,0 -75.7332317,39.4724882,0 -75.7330558,39.4727134,0 -75.7328693,39.4729251999999,0 -75.7326733,39.4731363,0 -75.73247600000001,39.4733307,0 -75.73226,39.4735325,0 -75.7320173,39.4737404,0 -75.7317895,39.4739235,0 -75.7315201,39.4741221,0 -75.73126809999999,39.4742961,0 -75.731008,39.4744639,0 -75.7307595,39.4746132,0 -75.7279556,39.4762553,0 -75.7275321,39.4765329,0 -75.72712970000001,39.4768195,0 -75.7267782,39.4770908,0 -75.7264388,39.4773769,0 -75.7260931,39.4776961,0 -75.7257633,39.478026,0 -75.7254877,39.4783342,0 -75.72521759999999,39.4786589,0 -75.7249504,39.4790201,0 -75.7246999,39.4793879,0 -75.7243253,39.4799954,0 -75.7240288,39.4804763,0 -75.7239039,39.4806787,0 -75.7236223,39.4811355,0 -75.72183080000001,39.4840406,0 -75.7216494,39.4843348,0 -75.72062440000001,39.4859969,0 -75.72042089999999,39.4862945,0 -75.7201829,39.4866001,0 -75.7199466,39.4868573999999,0 -75.71964560000001,39.4871508,0 -75.7193724,39.487387,0 -75.7190657,39.4876197,0 -75.7187363,39.4878454,0 -75.71838339999999,39.4880578,0 -75.7180362,39.4882439,0 -75.7176563,39.48844,0 -75.71706229999999,39.4887464,0 -75.7162804,39.4891499,0 -75.7151899,39.4897126,0 -75.7149495,39.4898366,0 -75.7085797,39.4931233,0 -75.7065133,39.4941678,0 -75.7052676,39.4947859,0 -75.70430140000001,39.4952653,0 -75.7022161,39.4962837,0 -75.70179039999999,39.4964916,0 -75.69852640000001,39.4980856,0 -75.6980849,39.4983269,0 -75.6976658,39.4985823,0 -75.6972335,39.4988655,0 -75.6968784,39.4991353,0 -75.6965057,39.4994354000001,0 -75.6961506,39.4997535,0 -75.6958257,39.5000818,0 -75.6955191,39.500422,0 -75.6952134,39.5007964,0 -75.6949549,39.5011617,0 -75.6947201,39.5015354,0 -75.6945068,39.501915,0 -75.69432329999999,39.5023031,0 -75.6941604,39.5027011,0 -75.6940251,39.5031009,0 -75.6932097,39.5056965,0 -75.6928831,39.5067363,0 -75.6927898,39.5070334,0 -75.6919582,39.5096804,0 -75.691812,39.5102210999999,0 -75.6916799,39.5107659,0 -75.6915707,39.5113079,0 -75.6914778,39.5118576,0 -75.6914009,39.5123994,0 -75.6913443,39.512952,0 -75.6913052,39.5135828,0 -75.69117249999999,39.5171499,0 -75.69114740000001,39.5174227999999,0 -75.691109,39.5176924,0 -75.6910615,39.5179574,0 -75.6909971,39.518222,0 -75.6909139,39.5184848,0 -75.69082090000001,39.5187491,0 -75.6907246,39.5189964,0 -75.69060229999999,39.5192593,0 -75.6904692,39.5195073,0 -75.69032110000001,39.5197541,0 -75.6901637,39.5199959,0 -75.6899945,39.5202324,0 -75.6898139,39.5204644,0 -75.6896186,39.5206892,0 -75.68941270000001,39.5209092,0 -75.6892031,39.5211126,0 -75.68897990000001,39.5213133,0 -75.688742,39.5215111,0 -75.6884915,39.5217053,0 -75.6882366,39.5218928,0 -75.68797600000001,39.5220654,0 -75.6877448,39.522206,0 -75.6875051,39.5223451,0 -75.6872575,39.5224759,0 -75.6869717,39.5226192,0 -75.6866687,39.5227503,0 -75.68636290000001,39.5228749,0 -75.68605700000001,39.5229878,0 -75.6857122,39.5231009,0 -75.68538650000001,39.5231965,0 -75.6850524,39.523281,0 -75.6847083,39.5233586,0 -75.6843744,39.5234238,0 -75.6840297,39.5234788,0 -75.6749452,39.5246761,0 -75.6743134,39.5247461,0 -75.6737273,39.5247974,0 -75.6731884,39.5248323,0 -75.67267649999999,39.5248528,0 -75.672147,39.5248611,0 -75.6716186,39.5248569,0 -75.67107729999999,39.5248416,0 -75.67055000000001,39.5248107,0 -75.6699981,39.5247716,0 -75.6691807,39.5247053,0 -75.66693170000001,39.5245228000001,0 -75.6655514,39.5244109,0 -75.66423279999999,39.5243039,0 -75.66386489999999,39.524283,0 -75.66349150000001,39.5242714,0 -75.6631022,39.5242693000001,0 -75.662691,39.524283,0 -75.662294,39.5243082,0 -75.6618897,39.5243523,0 -75.66148630000001,39.5244058,0 -75.66107510000001,39.5244751,0 -75.6606621,39.52456,0 -75.66030360000001,39.5246441,0 -75.65994739999999,39.5247437,0 -75.6595903,39.5248505,0 -75.65924819999999,39.5249668,0 -75.65293459999999,39.5272297,0 -75.6526471,39.5273428,0 -75.6523821,39.5274629,0 -75.6521207,39.5275936,0 -75.65185959999999,39.5277354,0 -75.6516025,39.5278936,0 -75.6513705,39.5280499,0 -75.6511668,39.5281993,0 -75.65097299999999,39.5283581,0 -75.6507843,39.5285221,0 -75.6506085,39.5286916,0 -75.65042459999999,39.5288839,0 -75.650254,39.5290833,0 -75.6500947,39.5292857999999,0 -75.6499476,39.5294968,0 -75.6498157,39.5297126,0 -75.6496964,39.5299325,0 -75.6495919,39.5301566,0 -75.6495012,39.5303826999999,0 -75.64941330000001,39.5306438,0 -75.64935060000001,39.5308802,0 -75.6492973,39.5311392,0 -75.6492654,39.5313837,0 -75.6492233,39.5318808,0 -75.6491899,39.5343115,0 -75.6491948,39.5355044,0 -75.6491958,39.5358576,0 -75.64920909999999,39.5362361,0 -75.6493681,39.5387547,0 
				</coordinates>
			</LineString>
		<atom:link rel="app" href="https://www.google.com/earth/about/versions/#earth-pro" title="Google Earth Pro 7.3.6.10201"></atom:link>
	</Placemark>
</Document>
</kml>
