<?xml version="1.0" encoding="UTF-8"?>
<kml xmlns="http://www.opengis.net/kml/2.2" xmlns:gx="http://www.google.com/kml/ext/2.2" xmlns:kml="http://www.opengis.net/kml/2.2" xmlns:atom="http://www.w3.org/2005/Atom">
<Document>
	<name>US.3.kml</name>
	<Placemark>
		<name>US.3</name>
			<LineString>
				<coordinates>
					-71.090535,42.3581085,0 -71.09060650000001,42.3580802,0 -71.09067469999999,42.3580519,0 -71.0907394,42.3580212,0 -71.0908,42.3579915,0 -71.0910672,42.3578527,0 -71.09130469999999,42.3577329,0 -71.0913678,42.3577048999999,0 -71.0914336,42.3576789,0 -71.0915006,42.3576542,0 -71.0915645,42.3576318,0 -71.0916915,42.3575882,0 -71.09368569999999,42.356922,0 -71.0938178,42.3568774,0 -71.0938864,42.3568583,0 -71.0939577,42.3568403,0 -71.094033,42.3568241999999,0 -71.0941006,42.3568115,0 -71.094161,42.3568005,0 -71.0942237,42.3567894,0 -71.094531,42.356736,0 -71.094596,42.3567246,0 -71.09467170000001,42.3567097,0 -71.0947542,42.3566916,0 -71.0948131,42.3566752999999,0 -71.094886,42.3566536,0 -71.0949557,42.356632,0 -71.0957276,42.3563852,0 -71.0962494,42.3562107,0 -71.0964044,42.3561554,0 -71.0965487,42.3561039,0 -71.09669049999999,42.3560532999999,0 -71.0987844,42.3553541,0 -71.0989352,42.3553062,0 -71.09992579999999,42.3549773,0 -71.10049290000001,42.354779,0 -71.1012697,42.3545178,0 -71.10198819999999,42.3542842,0 -71.1028219,42.354003,0 -71.1030636,42.3539183,0 -71.1032896,42.3538479,0 -71.10344480000001,42.3538026,0 -71.10361899999999,42.3537574,0 -71.10370709999999,42.3537365,0 -71.10385599999999,42.3537036,0 -71.10398840000001,42.3536762,0 -71.1041156,42.3536524,0 -71.1041987,42.3536371000001,0 -71.10428210000001,42.3536229,0 -71.1043624,42.3536099,0 -71.10446020000001,42.353595,0 -71.1044924,42.3535903,0 -71.1046262,42.3535732,0 -71.10473589999999,42.3535598,0 -71.1047715,42.3535559,0 -71.1048519,42.3535475,0 -71.1049022,42.3535426,0 -71.1049778,42.3535359,0 -71.1050743,42.3535279,0 -71.1051911,42.3535199,0 -71.10531400000001,42.3535117,0 -71.1056421,42.3534908,0 -71.10579869999999,42.353482,0 -71.1059211,42.3534745,0 -71.1060501,42.3534693,0 -71.1062445,42.3534621,0 -71.10638830000001,42.3534543999999,0 -71.1065335,42.3534488,0 -71.1066981,42.3534433,0 -71.1068691,42.353442,0 -71.1069828,42.3534419,0 -71.1071323,42.3534431,0 -71.1072455,42.3534442,0 -71.1073967,42.353448,0 -71.1075452,42.3534523,0 -71.1076989,42.3534578,0 -71.1078229,42.3534645,0 -71.1079261,42.3534705,0 -71.1081767,42.3534863,0 -71.10835350000001,42.3534976999999,0 -71.1086518,42.3535603,0 -71.1087716,42.3535840999999,0 -71.1089515,42.3536147,0 -71.1090823,42.35364,0 -71.1091759,42.3536585,0 -71.10929470000001,42.353683,0 -71.10941889999999,42.3537127,0 -71.1094801,42.3537276,0 -71.1095696,42.3537517,0 -71.1096459,42.353774,0 -71.1097302,42.3538002,0 -71.109837,42.3538373999999,0 -71.1099519,42.3538785,0 -71.11,42.353897,0 -71.110043,42.3539138,0 -71.1100964,42.3539361,0 -71.11018199999999,42.3539738,0 -71.1102547,42.3540071,0 -71.11035270000001,42.3540579,0 -71.1104227,42.3540934,0 -71.110452,42.3541093,0 -71.1107968,42.354303,0 -71.11118879999999,42.3545181,0 -71.11165,42.3547738,0 -71.1119393,42.3549349,0 -71.1121996,42.3550778,0 -71.1125751,42.3552898,0 -71.1126963,42.3553551,0 -71.1127431,42.3553815,0 -71.11279380000001,42.3554074,0 -71.11311569999999,42.3555599,0 -71.1134843,42.355785,0 -71.113699,42.3559207,0 -71.1138517,42.3560179,0 -71.1139615,42.3560906,0 -71.1140185,42.3561299,0 -71.1140736,42.3561689,0 -71.1141229,42.3562055,0 -71.11416079999999,42.3562344,0 -71.11422930000001,42.3562883,0 -71.1143203,42.3563634,0 -71.1144032,42.3564381,0 -71.1144932,42.3565192,0 -71.11459670000001,42.3566223,0 -71.1146883,42.3567182999999,0 -71.11473410000001,42.3567727,0 -71.1147697,42.3568149,0 -71.1148602,42.3569264,0 -71.1149728,42.3570777,0 -71.11506319999999,42.3572173,0 -71.1150986,42.357282,0 -71.1151485,42.357373,0 -71.1152215,42.3575219,0 -71.1152866,42.3576696,0 -71.1153278,42.357783,0 -71.1153793,42.3579469,0 -71.1154274,42.3581016,0 -71.1154714,42.3582721,0 -71.1155115,42.3584353,0 -71.11554340000001,42.3585778000001,0 -71.115579,42.3587553,0 -71.11558410000001,42.358786,0 -71.11559630000001,42.3588589,0 -71.1156113,42.3589489,0 -71.1156155,42.3589739,0 -71.11567530000001,42.3593551,0 -71.11576030000001,42.3599819,0 -71.1158411,42.3605368000001,0 -71.1158891,42.360906,0 -71.115916,42.3611244,0 -71.1159483,42.3613561,0 -71.1159529,42.3613841,0 -71.1159603,42.3614344,0 -71.1159615,42.3614425,0 -71.115968,42.3614866,0 -71.1159842,42.3615942,0 -71.11598859999999,42.3616233,0 -71.11599390000001,42.3616658,0 -71.116013,42.3618174,0 -71.11602910000001,42.3620053,0 -71.1160333,42.362081,0 -71.11605779999999,42.3625939,0 -71.11606089999999,42.3627445,0 -71.1160742,42.3633307,0 -71.11607840000001,42.3635581,0 -71.1160797,42.3637973,0 -71.1160782,42.3639467,0 -71.11607770000001,42.3639903,0 -71.1160733,42.3641734999999,0 -71.1160673,42.3643107,0 -71.11606519999999,42.364361,0 -71.116062,42.3644416,0 -71.1160608,42.3644719,0 -71.1160223,42.3649021,0 -71.1159938,42.3652204,0 -71.11594049999999,42.3658057,0 -71.1159296,42.3659509,0 -71.1159268,42.3660771,0 -71.1159291,42.3661925,0 -71.115937,42.3663146,0 -71.11594940000001,42.3664434,0 -71.1159669,42.3665636,0 -71.1159899,42.3666835,0 -71.1160189,42.3668038,0 -71.11604920000001,42.3669194,0 -71.11608339999999,42.3670405,0 -71.11612239999999,42.3671666,0 -71.1161646,42.3672878,0 -71.1162044,42.3673993999999,0 -71.1162467,42.3675133,0 -71.11635630000001,42.3677829,0 -71.11640079999999,42.367885,0 -71.1164472,42.3679881,0 -71.116505,42.3681071,0 -71.1165601,42.3682141,0 -71.1166269,42.3683344000001,0 -71.11668659999999,42.3684414,0 -71.1167567,42.3685543,0 -71.11682860000001,42.3686594,0 -71.1169026,42.3687644,0 -71.1169335,42.3688068,0 -71.1169689,42.3688503,0 -71.1170066,42.3688947,0 -71.1170451,42.3689373,0 -71.1170996,42.3689913,0 -71.1171559,42.3690457,0 -71.1171868,42.3690708,0 -71.117223,42.3691045,0 -71.11725180000001,42.369131,0 -71.11728309999999,42.3691584,0 -71.11730729999999,42.3691773,0 -71.1173333,42.3691959,0 -71.1173685,42.3692193,0 -71.1173932,42.3692355,0 -71.11744059999999,42.3692664,0 -71.11749279999999,42.3693011,0 -71.117548,42.3693353,0 -71.1176018,42.3693666,0 -71.11765819999999,42.3693976,0 -71.1177172,42.3694273,0 -71.1177761,42.369457,0 -71.11783560000001,42.3694843,0 -71.1178982,42.3695117,0 -71.1179561,42.3695348,0 -71.118014,42.3695565,0 -71.1180748,42.3695785999999,0 -71.1181455,42.3696011,0 -71.1181945,42.3696164,0 -71.1182488,42.3696323,0 -71.1183281,42.3696528,0 -71.1184083,42.3696721999999,0 -71.118486,42.3696893,0 -71.1185646,42.3697059,0 -71.1186464,42.3697215,0 -71.1187304,42.3697366,0 -71.1188075,42.3697494,0 -71.1188868,42.3697617,0 -71.11896520000001,42.3697727,0 -71.119045,42.3697832,0 -71.11912599999999,42.3697927,0 -71.11921,42.3698023,0 -71.1192878,42.3698096,0 -71.11937090000001,42.3698158,0 -71.1193873,42.3698169,0 -71.11945830000001,42.3698217,0 -71.1195388,42.3698264,0 -71.1196219,42.3698305,0 -71.11970580000001,42.369834,0 -71.11978329999999,42.3698354,0 -71.1198646,42.3698358,0 -71.1199463,42.3698352,0 -71.1200304,42.369834,0 -71.12011149999999,42.3698316,0 -71.1201988,42.369828,0 -71.1202772,42.3698239,0 -71.1203572,42.3698193,0 -71.1204367,42.3698130999999,0 -71.1205248,42.3698049999999,0 -71.1212386,42.3697331,0 -71.1214095,42.3697207,0 -71.1215663,42.3697148,0 -71.121644,42.3697134,0 -71.1217111,42.3697123,0 -71.121775,42.3697136,0 -71.1218432,42.3697159,0 -71.1218854,42.3697184,0 -71.1219218,42.3697204,0 -71.1219657,42.3697244,0 -71.1219996,42.3697271,0 -71.12203340000001,42.3697305999999,0 -71.1220768,42.3697354,0 -71.12211430000001,42.3697399,0 -71.1221516,42.369745,0 -71.1221895,42.3697508,0 -71.1222241,42.3697562,0 -71.1222501,42.3697608,0 -71.12227900000001,42.3697666,0 -71.1223177,42.3697744,0 -71.1223607,42.3697836,0 -71.1224058,42.3697935,0 -71.1224552,42.3698047,0 -71.1224931,42.3698141,0 -71.122531,42.3698239,0 -71.12257030000001,42.3698349,0 -71.1226075,42.369847,0 -71.1226396,42.3698577,0 -71.1226932,42.3698762,0 -71.1227469,42.3698954,0 -71.1227966,42.3699136,0 -71.1228302,42.3699267,0 -71.1228661,42.3699412,0 -71.12289939999999,42.3699551,0 -71.1229316,42.3699691,0 -71.12296190000001,42.3699831,0 -71.1229922,42.3699977,0 -71.1230205,42.3700114,0 -71.12305189999999,42.3700274,0 -71.1230825,42.3700434,0 -71.1231128,42.3700599,0 -71.1231916,42.3701059,0 -71.12329699999999,42.3701706,0 -71.123407,42.370243,0 -71.12351390000001,42.3703203,0 -71.1236136,42.370398,0 -71.12370850000001,42.3704767,0 -71.1237421,42.3705062,0 -71.1238086,42.3705663,0 -71.1238548,42.3706103999999,0 -71.1239008,42.3706583,0 -71.1239606,42.3707232,0 -71.1240461,42.3708193,0 -71.12408910000001,42.3708719,0 -71.1241181,42.3709098,0 -71.1241385,42.3709362,0 -71.1242197,42.3710499000001,0 -71.12428130000001,42.3711435,0 -71.124388,42.3712976,0 -71.1245292,42.3714825,0 -71.1246696,42.3716666,0 -71.1247927,42.3718159,0 -71.12492469999999,42.371957,0 -71.1251091,42.3721445999999,0 -71.12529979999999,42.3723235,0 -71.12549490000001,42.3724878,0 -71.1256983,42.3726493,0 -71.125919,42.3728113,0 -71.1261152,42.3729498,0 -71.1263282,42.3731027,0 -71.12643850000001,42.3731843,0 -71.126519,42.3732416,0 -71.1266071,42.3733002000001,0 -71.1266998,42.3733599,0 -71.12679799999999,42.37342,0 -71.1268645,42.3734581,0 -71.1269745,42.3735211,0 -71.12722530000001,42.3736662,0 -71.12746730000001,42.3738012,0 -71.12768320000001,42.3739144,0 -71.1277977,42.3739706,0 -71.1279248,42.3740286,0 -71.1280426,42.3740782,0 -71.128156,42.3741240000001,0 -71.1282837,42.3741708,0 -71.1284148,42.3742137,0 -71.1285536,42.3742585,0 -71.1286972,42.3743,0 -71.1288203,42.3743314000001,0 -71.12896859999999,42.3743642,0 -71.12912780000001,42.3743991,0 -71.1292614,42.3744228,0 -71.1294022,42.3744466,0 -71.1295511,42.3744654,0 -71.12972259999999,42.3744824,0 -71.12985430000001,42.3744923,0 -71.1299963,42.3745001,0 -71.1301454,42.374503,0 -71.1303065,42.3745019,0 -71.1304499,42.3745002,0 -71.13058789999999,42.3744943,0 -71.1307413,42.3744835,0 -71.1308928,42.3744681,0 -71.13103769999999,42.3744495,0 -71.1311808,42.3744287,0 -71.1313146,42.3744064,0 -71.1314572,42.3743788,0 -71.131603,42.3743455,0 -71.1317353,42.374314,0 -71.1318729,42.3742755,0 -71.1320248,42.3742263,0 -71.1321694,42.3741733,0 -71.1322749,42.3741313,0 -71.1323737,42.3740864,0 -71.13248659999999,42.3740274,0 -71.13260099999999,42.373964,0 -71.1326804,42.3739158,0 -71.13278529999999,42.373842,0 -71.1328925,42.3737642,0 -71.1329913,42.3736868,0 -71.1332231,42.3735067,0 -71.1332742,42.3734736,0 -71.13332870000001,42.3734417,0 -71.13338039999999,42.3734127,0 -71.1334323,42.3733855,0 -71.133483,42.3733604,0 -71.1335486,42.3733317,0 -71.1336127,42.3733073999999,0 -71.1336757,42.373286,0 -71.13373660000001,42.3732689,0 -71.1338011,42.3732541,0 -71.13387470000001,42.3732414,0 -71.1339607,42.3732308,0 -71.134029,42.3732265,0 -71.1341054,42.3732246,0 -71.1341809,42.3732282,0 -71.1342542,42.3732346,0 -71.1343148,42.3732425,0 -71.13438240000001,42.3732555,0 -71.1344441,42.3732713,0 -71.1345139,42.3732907,0 -71.1345851,42.3733145,0 -71.1346532,42.3733405,0 -71.1347236,42.3733687,0 -71.13479030000001,42.3733959,0 -71.1348528,42.3734246,0 -71.1349354,42.3734698,0 -71.1356784,42.3739343,0 -71.1357763,42.3739947,0 -71.13583610000001,42.3740288,0 -71.1359051,42.3740658,0 -71.13596130000001,42.3740948,0 -71.13602419999999,42.3741256,0 -71.13614130000001,42.3741829,0 -71.1362718,42.3742432,0 -71.13638659999999,42.374295,0 -71.1365212,42.3743511,0 -71.1366647,42.3744069,0 -71.1368169,42.3744603,0 -71.137175,42.3745791,0 -71.1376887,42.3747527,0 -71.1377789,42.374782,0 -71.13782209999999,42.374796,0 -71.1379724,42.3748448,0 -71.1385801,42.3750307,0 -71.1387139,42.3750737,0 -71.1388596,42.3751234,0 -71.13893419999999,42.3751495,0 -71.1390193,42.3751822,0 -71.13914250000001,42.3752315,0 -71.13930929999999,42.3753007,0 -71.1394231,42.3753507,0 -71.1395089,42.37539,0 -71.13960489999999,42.3754371,0 -71.13972769999999,42.3754999,0 -71.1398365,42.3755589,0 -71.1399548,42.3756258,0 -71.1400744,42.3756996,0 -71.14018299999999,42.3757679,0 -71.1402738,42.3758285,0 -71.14035680000001,42.3758863,0 -71.14059090000001,42.3760594,0 -71.1406143,42.3760738,0 -71.1406205,42.3760778,0 -71.1406502,42.3760949,0 -71.1406849,42.3761141,0 -71.1407229,42.376132,0 -71.1407648,42.3761506,0 -71.1408041,42.3761953,0 -71.14084510000001,42.3762423,0 -71.1408641,42.3762639,0 -71.1408903,42.3762977,0 -71.1409262,42.3763432,0 -71.1409646,42.3763937,0 -71.14099849999999,42.3764395,0 -71.1410276,42.3764827,0 -71.1410628,42.3765375,0 -71.14109670000001,42.3765937,0 -71.1411332,42.3766599,0 -71.141234,42.3768433,0 -71.1412595,42.3768918,0 -71.14128460000001,42.3769334,0 -71.14131020000001,42.3769695,0 -71.1413374,42.3770058,0 -71.141366,42.3770409,0 -71.1413984,42.3770778,0 -71.1414317,42.3771124,0 -71.14146789999999,42.3771467,0 -71.1415047,42.3771797,0 -71.14155390000001,42.377221,0 -71.14159220000001,42.3772526,0 -71.14162760000001,42.37728,0 -71.1416569,42.3773019,0 -71.1416894,42.3773244,0 -71.14172120000001,42.3773446,0 -71.141755,42.377365,0 -71.1417909,42.3773854,0 -71.1418305,42.377407,0 -71.14187,42.3774273,0 -71.1419075,42.3774462,0 -71.14194910000001,42.3774670999999,0 -71.14198949999999,42.3774861,0 -71.14203879999999,42.3775079,0 -71.142083,42.377526,0 -71.1421411,42.3775489,0 -71.14218889999999,42.3775657,0 -71.1422316,42.3775795,0 -71.14226600000001,42.3775894,0 -71.1423084,42.3776008000001,0 -71.14235739999999,42.3776135,0 -71.1424023,42.3776238,0 -71.1424478,42.3776338,0 -71.1425189,42.3776468,0 -71.1425893,42.3776584,0 -71.14276340000001,42.3776869,0 -71.14281579999999,42.3776973,0 -71.1428715,42.3777099,0 -71.14292949999999,42.3777255,0 -71.1429878,42.377742,0 -71.1430366,42.3777572,0 -71.1430799,42.3777719000001,0 -71.1431238,42.3777888,0 -71.14317149999999,42.3778083,0 -71.14320619999999,42.3778239,0 -71.14324209999999,42.3778416,0 -71.14328159999999,42.377862,0 -71.1433191,42.3778832,0 -71.14335819999999,42.3779069,0 -71.1433991,42.3779328,0 -71.14343599999999,42.3779571,0 -71.14347669999999,42.3779863,0 -71.1435188,42.3780191,0 -71.14356170000001,42.3780547,0 -71.1436034,42.3780904,0 -71.1436465,42.3781281,0 -71.1436897,42.3781672,0 -71.1437358,42.3782121,0 -71.1437858,42.3782621,0 -71.1438275,42.3783058,0 -71.1438715,42.3783542,0 -71.143913,42.378404,0 -71.1439511,42.3784532,0 -71.1439905,42.3785061,0 -71.1440272,42.378556,0 -71.1440657,42.37861,0 -71.1441023,42.378663,0 -71.1441296,42.3787036999999,0 -71.1441576,42.3787472,0 -71.14418980000001,42.3788002,0 -71.1442208,42.3788541,0 -71.1442468,42.3789006,0 -71.14427310000001,42.37895,0 -71.14429989999999,42.3790016,0 -71.14432410000001,42.3790524,0 -71.14434730000001,42.3791042,0 -71.1443685,42.3791567,0 -71.1443848,42.3792006,0 -71.1444011,42.3792446,0 -71.1444156,42.3792862,0 -71.14442940000001,42.3793276,0 -71.1444432,42.3793739,0 -71.1444563,42.3794213,0 -71.14446959999999,42.3794753,0 -71.1444808,42.3795253,0 -71.1444925,42.3795825,0 -71.1445042,42.3796447,0 -71.14451270000001,42.3797004,0 -71.1445216,42.3797567,0 -71.1445284,42.3798081,0 -71.1445318,42.3798393999999,0 -71.1445348,42.3798677,0 -71.1445488,42.379977,0 -71.14455599999999,42.3800368,0 -71.14456389999999,42.3800946,0 -71.1445681,42.3801246,0 -71.1445793,42.380204,0 -71.1446316,42.3805427,0 -71.1446387,42.3805965,0 -71.14464479999999,42.3806514,0 -71.1446488,42.3807008,0 -71.144651,42.3807561,0 -71.1446514,42.3808081,0 -71.1446459,42.380866,0 -71.14463720000001,42.3809231,0 -71.1446263,42.380974,0 -71.1446122,42.3810234,0 -71.1445947,42.3810716,0 -71.1445734,42.3811214,0 -71.1445543,42.3811631,0 -71.1445231,42.3812207,0 -71.1444932,42.3812685,0 -71.1444547,42.3813219,0 -71.1444161,42.3813665,0 -71.1443718,42.3814115,0 -71.144076,42.381668,0 -71.14405499999999,42.381687,0 -71.14377500000001,42.381936,0 -71.143508,42.382193,0 -71.1432423,42.3824619,0 -71.14317200000001,42.382533,0 -71.143027,42.382695,0 -71.14299,42.382737,0 -71.14293240000001,42.3828102,0 -71.14270879999999,42.3830737,0 -71.1426232,42.3831741,0 -71.14254870000001,42.3832651,0 -71.1424746,42.3833668,0 -71.14240700000001,42.3834642,0 -71.14236630000001,42.3835256,0 -71.1422795,42.3836583,0 -71.1421366,42.3838803,0 -71.14204960000001,42.3840118,0 -71.1416892,42.3845627,0 -71.1415653,42.3847489,0 -71.1415243,42.3848122,0 -71.1414887,42.3848715,0 -71.14146890000001,42.3849069,0 -71.1414594,42.384924,0 -71.1414364,42.3849713,0 -71.1414248,42.3849908,0 -71.1413831,42.3850589,0 -71.14136190000001,42.3851274,0 -71.1413378,42.3851887,0 -71.141302,42.3852906,0 -71.14126899999999,42.3853955,0 -71.1412438,42.385502,0 -71.14123650000001,42.3855408,0 -71.1411954,42.385758,0 -71.1411639,42.3859265,0 -71.1411521,42.3859905,0 -71.1411262,42.3861313,0 -71.14104639999999,42.3863334,0 -71.14098490000001,42.386448,0 -71.140918,42.386528,0 -71.14089250000001,42.3865559,0 -71.1408473,42.3865807,0 -71.14080420000001,42.3866236,0 -71.14078840000001,42.386653,0 -71.1407798,42.3866957,0 -71.140784,42.3867304,0 -71.140801,42.3867683,0 -71.140826,42.3867985,0 -71.14086140000001,42.3868253,0 -71.1409012,42.3868444,0 -71.14094919999999,42.3868575,0 -71.14100790000001,42.386862,0 -71.1412989,42.3869665,0 -71.14151080000001,42.3870688,0 -71.141604,42.3871252,0 -71.14166760000001,42.3871636999999,0 -71.1417695,42.3872253,0 -71.1420093,42.3873788,0 -71.14206299999999,42.3874133,0 -71.14212499999999,42.3874547,0 -71.14233059999999,42.3875788999999,0 -71.14237180000001,42.3876038,0 -71.1424663,42.3876609,0 -71.1426574,42.3877764,0 -71.1426632,42.3877805,0 -71.14277,42.3878556,0 -71.1429042,42.3879725,0 -71.1429739,42.3880597,0 -71.1430356,42.3881667,0 -71.14307789999999,42.3882509,0 -71.1431036,42.3883408,0 -71.1431225,42.3884277,0 -71.143123,42.3884584,0 -71.1431233,42.3884759,0 -71.1431182,42.3885296,0 -71.1431125,42.3885891,0 -71.1430945,42.3886845999999,0 -71.14305760000001,42.3888023,0 -71.1430038,42.3889226,0 -71.1429225,42.3890622,0 -71.1428264,42.3891886,0 -71.14281680000001,42.3891997,0 -71.1420791,42.3900573,0 -71.1420328,42.3901115,0 -71.1420138,42.3901337,0 -71.14199499999999,42.3901543999999,0 -71.1417891,42.3903912,0 -71.141561,42.3906888,0 -71.1414338,42.3909013,0 -71.14135,42.391084,0 -71.1412801,42.3912766,0 -71.1411033,42.3918337,0 -71.1408174,42.3927382,0 -71.14060550000001,42.3934341,0 -71.14054299999999,42.393622,0 -71.14049199999999,42.3938448,0 -71.1404807,42.3939766,0 -71.1405305,42.3941012,0 -71.14052700000001,42.3941862,0 -71.1405244,42.3942248,0 -71.1405314,42.3946645,0 -71.1405338,42.3947468,0 -71.1405487,42.3949310999999,0 -71.1405697,42.3951909,0 -71.14059760000001,42.3955195,0 -71.1406211,42.3956572,0 -71.1406341,42.39574,0 -71.14068469999999,42.3959628,0 -71.1406934,42.3960019,0 -71.14070289999999,42.3960425,0 -71.1407171,42.3960935,0 -71.1407325,42.3961424,0 -71.14074960000001,42.3961926,0 -71.14076900000001,42.3962424,0 -71.1407856,42.3962812,0 -71.1408045,42.3963237,0 -71.1408211,42.39636,0 -71.1410643,42.3968759,0 -71.1411696,42.3971928,0 -71.14119789999999,42.3973078,0 -71.1412114,42.3973664,0 -71.1412229,42.397425,0 -71.14123309999999,42.3974764000001,0 -71.1412409,42.397523,0 -71.1412476,42.3975675,0 -71.14125300000001,42.3976068,0 -71.141257,42.3976479,0 -71.1412603,42.3976881,0 -71.14126280000001,42.397728,0 -71.1412641,42.3977688,0 -71.1412649,42.3978024,0 -71.141265,42.3978333,0 -71.14126330000001,42.3978838,0 -71.14126109999999,42.397937,0 -71.1412567,42.397992,0 -71.1412516,42.3980462,0 -71.1412447,42.3980968,0 -71.1412337,42.3981552,0 -71.14122519999999,42.3981947,0 -71.141215,42.3982393,0 -71.141205,42.3982841,0 -71.1411945,42.3983305,0 -71.1411828,42.3983758,0 -71.14116919999999,42.3984189,0 -71.1411528,42.3984669,0 -71.1411274,42.3985321,0 -71.1409517,42.3989272000001,0 -71.1409144,42.398969,0 -71.14087360000001,42.3990122,0 -71.1408321,42.3990527,0 -71.1407897,42.3990926,0 -71.140739,42.3991368,0 -71.1406856,42.3991805,0 -71.1406417,42.3992154,0 -71.14058660000001,42.3992552,0 -71.14053149999999,42.3992938,0 -71.14047410000001,42.399332,0 -71.14041829999999,42.3993664,0 -71.1403632,42.3993981,0 -71.14030510000001,42.3994304999999,0 -71.1402458,42.3994618999999,0 -71.140185,42.3994922,0 -71.1401212,42.399522,0 -71.14006000000001,42.3995492,0 -71.1399952,42.399576,0 -71.13993259999999,42.3996003,0 -71.1398636,42.3996246,0 -71.13979639999999,42.3996464,0 -71.1397319,42.3996655,0 -71.1396611,42.3996852,0 -71.139595,42.3997016,0 -71.1395248,42.3997172,0 -71.1394547,42.3997315,0 -71.1393836,42.3997449,0 -71.1393137,42.3997562,0 -71.1392389,42.3997667,0 -71.1391646,42.3997764,0 -71.13909390000001,42.3997846,0 -71.1390255,42.3997912,0 -71.13887339999999,42.3998051,0 -71.1385872,42.3998276,0 -71.1384367,42.3998386,0 -71.1382912,42.3998491,0 -71.1382206,42.3998545,0 -71.13815049999999,42.3998603,0 -71.1380745,42.3998673,0 -71.13800310000001,42.3998754,0 -71.1379262,42.3998846,0 -71.1378476,42.3998951,0 -71.13777570000001,42.3999063,0 -71.1377054,42.3999189,0 -71.1376341,42.3999325,0 -71.1375658,42.3999477,0 -71.1374903,42.399966,0 -71.1374215,42.3999847,0 -71.137349,42.4000066,0 -71.1372811,42.4000296,0 -71.137219,42.4000527,0 -71.1371565,42.4000773,0 -71.1370945,42.4001035,0 -71.13702809999999,42.4001337,0 -71.1369646,42.4001634,0 -71.1369021,42.4001946,0 -71.136841,42.4002278,0 -71.13678400000001,42.4002615,0 -71.1367291,42.4002959,0 -71.1366742,42.4003327000001,0 -71.1366226,42.4003708,0 -71.136571,42.4004118,0 -71.1365218,42.4004536000001,0 -71.1364703,42.4004973,0 -71.1364233,42.400539,0 -71.1363784,42.4005791,0 -71.1361232,42.4008115,0 -71.136098,42.4008349,0 -71.13602880000001,42.4009016,0 -71.1359882,42.4009423999999,0 -71.13594980000001,42.4009828000001,0 -71.1360808,42.4010472,0 -71.13611179999999,42.4010627,0 -71.1363387,42.401174,0 -71.1364951,42.4012504,0 -71.1365423,42.4012666,0 -71.13659010000001,42.4012803,0 -71.13663819999999,42.4012914,0 -71.1366958,42.4013004,0 -71.1368307,42.4013878,0 -71.13696899999999,42.401488,0 -71.1371498,42.401641,0 -71.137288,42.401758,0 -71.137303,42.40177,0 -71.1373521,42.4018123999999,0 -71.137721,42.402131,0 -71.137739,42.402147,0 -71.137888,42.402265,0 -71.138345,42.402655,0 -71.13849999999999,42.402774,0 -71.1385567,42.4028217,0 -71.1387746,42.4030048,0 -71.13882,42.403043,0 -71.139053,42.403236,0 -71.139073,42.403252,0 -71.139236,42.403384,0 -71.13960779999999,42.4036776,0 -71.139664,42.403722,0 -71.139883,42.403892,0 -71.139957,42.4039500000001,0 -71.14023899999999,42.404169,0 -71.1402988,42.4042179,0 -71.140479,42.4043650000001,0 -71.140788,42.40461,0 -71.1410333,42.4048062,0 -71.14108299999999,42.404846,0 -71.141103,42.404862,0 -71.141339,42.405047,0 -71.141734,42.405351,0 -71.14191580000001,42.4054954,0 -71.1421682,42.4056895,0 -71.1422051,42.4057177,0 -71.1423029,42.4057924,0 -71.1424225,42.4058936,0 -71.14244619999999,42.4059137,0 -71.14251,42.405963,0 -71.1428385,42.4062186,0 -71.1430927,42.4064162,0 -71.143306,42.406582,0 -71.14377279999999,42.406949,0 -71.1438543,42.4070131,0 -71.143918,42.4070672,0 -71.143953,42.407095,0 -71.1439973,42.4071292,0 -71.144171,42.4072634,0 -71.144424,42.407459,0 -71.1446637,42.4076473,0 -71.1449277,42.4078546,0 -71.144974,42.407891,0 -71.145256,42.40811,0 -71.145702,42.4084534,0 -71.145821,42.408545,0 -71.145858,42.408573,0 -71.1459497,42.4086442,0 -71.14623,42.408862,0 -71.146401,42.408995,0 -71.14641899999999,42.409009,0 -71.1464742,42.409052,0 -71.14652529999999,42.4090906,0 -71.14657750000001,42.40913,0 -71.1467897,42.4092901,0 -71.1468861,42.4093629,0 -71.1469171,42.4093895,0 -71.14694780000001,42.4094167,0 -71.1470168,42.4094779,0 -71.1470759,42.409529,0 -71.1471799,42.409627,0 -71.1472041,42.4096498,0 -71.1472229,42.4096683,0 -71.1473163,42.4097757,0 -71.14740190000001,42.4098885,0 -71.14746719999999,42.4099792,0 -71.1475071,42.4100419000001,0 -71.14753039999999,42.4100785,0 -71.1477343,42.4104325,0 -71.14777290000001,42.4104996,0 -71.14788830000001,42.4107,0 -71.14798399999999,42.4108667,0 -71.1482251,42.4112798000001,0 -71.148241,42.411307,0 -71.1483377,42.4114697,0 -71.14847159999999,42.4116931,0 -71.1486029,42.4119123,0 -71.14872870000001,42.4121226,0 -71.1487863,42.4122188,0 -71.1489188,42.4124394,0 -71.1489868,42.4125403,0 -71.1490654,42.4126482,0 -71.1491382,42.4127905,0 -71.14920960000001,42.4128992,0 -71.1492239,42.4129192,0 -71.14933379999999,42.4130545,0 -71.14936109999999,42.4130841,0 -71.1494836,42.4132168,0 -71.1495949,42.4133288,0 -71.14967470000001,42.4134082,0 -71.149851,42.4135682,0 -71.1498862,42.4136002,0 -71.14995500000001,42.413659,0 -71.15009240000001,42.4137765,0 -71.15015200000001,42.4138261,0 -71.15078579999999,42.4143542,0 -71.15113359999999,42.4146278,0 -71.1511837,42.4146634,0 -71.1512075,42.414679,0 -71.1512965,42.4147373000001,0 -71.1513746,42.4147828,0 -71.15141989999999,42.4148069,0 -71.1514761,42.4148367,0 -71.1515758,42.414885,0 -71.15198049999999,42.4150672,0 -71.15200419999999,42.4150779,0 -71.1520319,42.4150903,0 -71.152096,42.4151192,0 -71.15221099999999,42.4151681,0 -71.15246310000001,42.41527,0 -71.15288820000001,42.4154408,0 -71.1529446,42.4154635,0 -71.1530025,42.4154838,0 -71.1530604,42.4155041,0 -71.1529398,42.4155829,0 -71.15209299999999,42.416094,0 -71.1519311,42.4161959,0 -71.15169400000001,42.416336,0 -71.15162100000001,42.416378,0 -71.15155300000001,42.416419,0 -71.1514373,42.4165079,0 -71.1513623,42.4165545,0 -71.151295,42.4165941,0 -71.15118510000001,42.4166704,0 -71.151162,42.4166864,0 -71.15112860000001,42.416718,0 -71.15109990000001,42.4167543,0 -71.151072,42.416807,0 -71.15103019999999,42.4169032,0 -71.15096200000001,42.417137,0 -71.1509089,42.4172615,0 -71.1508767,42.4173446,0 -71.1508596,42.4174071,0 -71.1508474,42.4174833,0 -71.15084280000001,42.417562,0 -71.1508432,42.4176287,0 -71.1508463,42.417693,0 -71.15085379999999,42.4177354,0 -71.1508619,42.4177769,0 -71.1508718,42.4178137000001,0 -71.15088590000001,42.4178532,0 -71.15091580000001,42.4179267,0 -71.15095289999999,42.417998,0 -71.15100579999999,42.418081,0 -71.15104289999999,42.4181378,0 -71.1513729,42.4186394,0 -71.1514384,42.4187374,0 -71.15149340000001,42.4188164,0 -71.1515299,42.4188638,0 -71.1516543,42.4190249,0 -71.1518162,42.4192348,0 -71.15207940000001,42.4195637,0 -71.1521747,42.4196742,0 -71.15222869999999,42.4197581,0 -71.1523251,42.4198716,0 -71.1523495,42.4199044,0 -71.1524072,42.4199642,0 -71.1524455,42.4199951,0 -71.1525286,42.4200508,0 -71.1526527,42.4201253,0 -71.1528309,42.4202324,0 -71.15299880000001,42.4203391,0 -71.1531232,42.4204134,0 -71.15327379999999,42.420526,0 -71.1533458,42.4205912,0 -71.1534095,42.4206604,0 -71.1534726,42.4207426,0 -71.15353380000001,42.4208333,0 -71.1537112,42.4211193,0 -71.15378269999999,42.4212355,0 -71.15385790000001,42.4213693,0 -71.1539302,42.4215078999999,0 -71.153952,42.4215679,0 -71.1539667,42.4216274,0 -71.15398140000001,42.4216872,0 -71.1539878,42.4217709,0 -71.1539849,42.4218552,0 -71.15395650000001,42.4221157,0 -71.1539152,42.4223909,0 -71.1538766,42.4226288,0 -71.1538527,42.4227237,0 -71.1538211,42.4228073,0 -71.15378509999999,42.4228786,0 -71.1537331,42.4229719,0 -71.1536995,42.4230225,0 -71.15366539999999,42.4230703,0 -71.1535397,42.4232233,0 -71.15335399999999,42.423442,0 -71.15334199999999,42.423456,0 -71.15290899999999,42.423981,0 -71.152502,42.424504,0 -71.15246500000001,42.424566,0 -71.152355,42.424747,0 -71.1522483,42.4249241,0 -71.15221200000001,42.4250042,0 -71.1521649,42.4251224,0 -71.152123,42.425245,0 -71.15208199999999,42.425438,0 -71.1520562,42.4255773,0 -71.1520508,42.4256342,0 -71.15205690000001,42.4258648,0 -71.1520812,42.4261349,0 -71.1521046,42.4263408,0 -71.152117,42.4265097,0 -71.1521517,42.4267597,0 -71.15219860000001,42.426994,0 -71.1522288,42.4271125,0 -71.152272,42.427234,0 -71.1523655,42.4274604,0 -71.1524696,42.4277069,0 -71.1524756,42.4277194,0 -71.1525962,42.4279678,0 -71.15260910000001,42.4279942,0 -71.152781,42.428348,0 -71.15285780000001,42.4285175,0 -71.1528919,42.4285913,0 -71.15295949999999,42.428742,0 -71.1530096,42.428858,0 -71.153183,42.4292259,0 -71.15329,42.4294426,0 -71.1533642,42.4295942,0 -71.15339659999999,42.4296571,0 -71.1534956,42.4298272,0 -71.153612,42.430018,0 -71.153741,42.430256,0 -71.153931,42.43058,0 -71.154157,42.430955,0 -71.15436699999999,42.431329,0 -71.15447399999999,42.4315324,0 -71.1545581,42.4317554,0 -71.15474620000001,42.432343,0 -71.15493840000001,42.4329203,0 -71.1550725,42.4333158,0 -71.1551211,42.4334614,0 -71.15526819999999,42.4339208,0 -71.1553049,42.4340137,0 -71.1554512,42.4344552,0 -71.1555091,42.4346123,0 -71.1556429,42.4349897,0 -71.1557198,42.4352189,0 -71.1557543,42.4353564,0 -71.15577020000001,42.4354655,0 -71.15576900000001,42.4355638,0 -71.1557518,42.4356635,0 -71.1557237,42.4357636999999,0 -71.1557109,42.4357912,0 -71.15569170000001,42.4358378,0 -71.1556136,42.4359511,0 -71.1556073,42.4359604,0 -71.1555583,42.4360178,0 -71.1554795,42.4361068,0 -71.15539990000001,42.4361749,0 -71.1553473,42.4362112,0 -71.1551934,42.4363021,0 -71.155063,42.436364,0 -71.1549028,42.4364268,0 -71.1547594,42.436483,0 -71.1545601,42.4365559,0 -71.1544339,42.4366020999999,0 -71.1541165,42.4367327000001,0 -71.15400270000001,42.4367854,0 -71.1539013,42.4368413,0 -71.1537757,42.4369301,0 -71.1535512,42.4371368,0 -71.1532632,42.4374323,0 -71.1530113,42.4377103,0 -71.15294110000001,42.4378022,0 -71.152878,42.4379021,0 -71.1528536,42.4379538000001,0 -71.1528338,42.4380068,0 -71.1528029,42.4381104,0 -71.1527662,42.4383517,0 -71.15272450000001,42.43859,0 -71.15269290000001,42.4387982,0 -71.1526549,42.4390093,0 -71.1525887,42.4394268,0 -71.1525484,42.4396805,0 -71.1524989,42.4399376,0 -71.1524738,42.4400752,0 -71.152418,42.440367,0 -71.152349,42.4407224,0 -71.15225599999999,42.441181,0 -71.1521894,42.4414962,0 -71.1521711,42.4415832,0 -71.1521563,42.441683,0 -71.1521506,42.4417841,0 -71.1521422,42.4420011000001,0 -71.1521391,42.4421941,0 -71.1521341,42.4423225,0 -71.1521156,42.4424464,0 -71.1520823,42.4426179,0 -71.15202309999999,42.4429036000001,0 -71.152006,42.442966,0 -71.15194700000001,42.4433051,0 -71.15193669999999,42.4433787,0 -71.1519298,42.4434587,0 -71.1519285,42.4435562,0 -71.15193619999999,42.4436176,0 -71.15196090000001,42.443713,0 -71.15198770000001,42.443806,0 -71.15206740000001,42.44405,0 -71.1520896,42.4441128,0 -71.1522229,42.4444936,0 -71.1523212,42.4447772,0 -71.1525523,42.4454344,0 -71.1526219,42.4456266000001,0 -71.1526629,42.4457401,0 -71.1526877,42.445809,0 -71.15271679999999,42.4458794,0 -71.15274650000001,42.4459372,0 -71.1527725,42.4459808,0 -71.1528385,42.4460856,0 -71.15291499999999,42.446194,0 -71.1529711,42.4462619,0 -71.1530338,42.4463289,0 -71.1530925,42.4463901,0 -71.15315390000001,42.4464469999999,0 -71.1533403,42.4465901,0 -71.15348609999999,42.4467003,0 -71.153584,42.4467832,0 -71.1537723,42.4469638,0 -71.15380810000001,42.4469981,0 -71.1541422,42.4473373,0 -71.15429589999999,42.4474968,0 -71.1544778,42.4476807,0 -71.1546352,42.4478502,0 -71.15477319999999,42.4480123,0 -71.1548858,42.4481649000001,0 -71.1549567,42.4482642,0 -71.15503649999999,42.4483901,0 -71.15515910000001,42.4485981,0 -71.15532090000001,42.4488961,0 -71.15544680000001,42.449132,0 -71.1556054,42.4494219,0 -71.1556551,42.4495138,0 -71.15590640000001,42.449979,0 -71.1561741,42.4504671,0 -71.15623119999999,42.4505623,0 -71.1562952,42.4506586,0 -71.1563651,42.4507574,0 -71.15644899999999,42.4508706999999,0 -71.1565811,42.4510454,0 -71.1566581,42.4511456,0 -71.1570547,42.451644,0 -71.1572343,42.4518747,0 -71.1573662,42.4520451,0 -71.15748360000001,42.4522029,0 -71.1577479,42.4525502,0 -71.1580963,42.4530027,0 -71.15817850000001,42.4531097,0 -71.1582798,42.4532394,0 -71.158556,42.4536032,0 -71.15872570000001,42.4538211,0 -71.1588864,42.4540407,0 -71.159037,42.4542514,0 -71.1591011,42.4543509,0 -71.1591466,42.4544201,0 -71.159238,42.4545759,0 -71.1593185,42.4547267999999,0 -71.15939059999999,42.4548756,0 -71.1594173,42.4549384,0 -71.15946099999999,42.4550505,0 -71.1594995,42.4551643,0 -71.15953,42.4552826,0 -71.1595373,42.455311,0 -71.1595758,42.4554771,0 -71.1595897,42.4555701,0 -71.15960269999999,42.4556601,0 -71.15960459999999,42.455673,0 -71.15962279999999,42.4558176,0 -71.1596444,42.4559518,0 -71.1596582,42.4560248,0 -71.1596771,42.4561026,0 -71.15969699999999,42.4561796,0 -71.1597149,42.4562478,0 -71.1597427,42.4563432,0 -71.1597757,42.4564345,0 -71.1598099,42.4565108,0 -71.1598436,42.4565756,0 -71.15988400000001,42.4566385,0 -71.15992970000001,42.4567001,0 -71.1599779,42.456762,0 -71.160023,42.4568166,0 -71.1600755,42.4568706,0 -71.16022239999999,42.4570136000001,0 -71.16037780000001,42.4571567,0 -71.16071530000001,42.4574544,0 -71.16084909999999,42.457574,0 -71.1609351,42.4576513,0 -71.1609893,42.4577001,0 -71.16115600000001,42.45786,0 -71.1613468,42.4580254,0 -71.1614022,42.4581057,0 -71.16146000000001,42.4581774999999,0 -71.1615001,42.4582133,0 -71.1616071,42.4583088,0 -71.1617789,42.4584338,0 -71.162114,42.458672,0 -71.16260800000001,42.45897,0 -71.163144,42.459265,0 -71.1633575,42.4593807,0 -71.1637714,42.4595961,0 -71.1641662,42.4598158,0 -71.1643601,42.4599312,0 -71.164675,42.460126,0 -71.16517450000001,42.460441,0 -71.165336,42.46055,0 -71.1654097,42.4606001,0 -71.165583,42.460718,0 -71.16576139999999,42.4608228,0 -71.165935,42.460915,0 -71.16610300000001,42.461009,0 -71.1662183,42.4610608000001,0 -71.16633280000001,42.4611094,0 -71.1665323,42.4611852,0 -71.1666141,42.4612112,0 -71.1666939,42.4612346,0 -71.1668334,42.4612707,0 -71.1669558,42.461299,0 -71.16713799999999,42.4613272,0 -71.1673158,42.4613496,0 -71.16744490000001,42.4613669,0 -71.1676513,42.4613814,0 -71.1677948,42.461385,0 -71.1678763,42.4613826999999,0 -71.1680112,42.4613736,0 -71.168105,42.4613641,0 -71.1682313,42.4613473999999,0 -71.1683335,42.4613322,0 -71.1684389,42.4613148,0 -71.1685473,42.4612969,0 -71.1688425,42.4612413,0 -71.1694322,42.4612146,0 -71.1696144,42.4612066,0 -71.16982400000001,42.4611999,0 -71.16994939999999,42.4611957,0 -71.1700649,42.4611933,0 -71.17021769999999,42.4611928,0 -71.17035389999999,42.4611956,0 -71.1704881,42.4612022,0 -71.1706389,42.4612141,0 -71.17076900000001,42.4612289,0 -71.1708727,42.4612436,0 -71.17097390000001,42.4612592,0 -71.17106920000001,42.4612761,0 -71.1712055,42.4613037,0 -71.1713002,42.4613264,0 -71.1714425,42.4613657,0 -71.17152489999999,42.4613896,0 -71.1716023,42.4614143,0 -71.1717146,42.4614513,0 -71.1718678,42.4615108,0 -71.1719832,42.4615613,0 -71.17214540000001,42.4616359,0 -71.1722839,42.4617021,0 -71.1724573,42.4617905,0 -71.1727872,42.4619693,0 -71.1729485,42.4620637,0 -71.1730326,42.4621173999999,0 -71.1731094,42.4621711,0 -71.17324309999999,42.4622711,0 -71.17330990000001,42.4623287,0 -71.1733741,42.4623899,0 -71.1734342,42.4624553,0 -71.173518,42.4625561000001,0 -71.17355689999999,42.4626079,0 -71.1735979,42.4626654,0 -71.1736561,42.462758,0 -71.1737112,42.4628504,0 -71.17379939999999,42.4630142,0 -71.17388130000001,42.4631781,0 -71.17395500000001,42.4633358,0 -71.1740235,42.4634737,0 -71.1740964,42.4636142,0 -71.1741833,42.4637532,0 -71.1742315,42.4638254,0 -71.1743006,42.4639237,0 -71.1745327,42.4641996,0 -71.17480500000001,42.4644979999999,0 -71.1749916,42.4647065,0 -71.1750984,42.4648155999999,0 -71.1751706,42.4648899,0 -71.17532610000001,42.4650294,0 -71.1754911,42.4651651,0 -71.1755888,42.4652401,0 -71.17566840000001,42.4653013,0 -71.175809,42.465418,0 -71.1760656,42.4656392,0 -71.1761491,42.4657119,0 -71.176265,42.4658264999999,0 -71.17662799999999,42.466197,0 -71.17677500000001,42.466344,0 -71.1767916,42.4663599,0 -71.17683340000001,42.4663999,0 -71.1769319,42.4664943,0 -71.17722790000001,42.4667778,0 -71.177273,42.466821,0 -71.1774178,42.4669632,0 -71.17765799999999,42.4671991,0 -71.177773,42.467312,0 -71.17790100000001,42.467427,0 -71.1780358,42.4675474,0 -71.17833400000001,42.467814,0 -71.1784016,42.467876,0 -71.178501,42.467967,0 -71.1785732,42.4680386,0 -71.17859989999999,42.468065,0 -71.178749,42.4682,0 -71.1788105,42.4682557,0 -71.178832,42.4682751,0 -71.1789192,42.4683535,0 -71.179028,42.468453,0 -71.1790943,42.4685172,0 -71.17915840000001,42.4685834,0 -71.17921870000001,42.4686491,0 -71.1792761,42.4687151,0 -71.1793562,42.4688164,0 -71.179433,42.468919,0 -71.179568,42.469111,0 -71.17973859999999,42.4693625,0 -71.1798124,42.469498,0 -71.17985710000001,42.4695817,0 -71.1798713,42.4696087,0 -71.1799065,42.4696767,0 -71.1799596,42.4697935,0 -71.179981,42.4698461,0 -71.1800095,42.4699164,0 -71.18004380000001,42.4700158,0 -71.180077,42.4701158,0 -71.18013000000001,42.470316,0 -71.1801595,42.4704423,0 -71.180184,42.470571,0 -71.180195,42.4706530000001,0 -71.180262,42.471145,0 -71.1802917,42.4713605,0 -71.1803867,42.4721498,0 -71.1804277,42.472478,0 -71.18044690000001,42.4725896,0 -71.1804661,42.472694,0 -71.18050599999999,42.472863,0 -71.18053399999999,42.4729671,0 -71.180594,42.4731400000001,0 -71.1806617,42.4733138,0 -71.18073200000001,42.473487,0 -71.1807889,42.4736088,0 -71.1808503,42.4737298,0 -71.180981,42.473965,0 -71.181116,42.4742049999999,0 -71.1811981,42.4743311,0 -71.1812405,42.4743959,0 -71.18128110000001,42.4744523,0 -71.18135340000001,42.4745447,0 -71.18140959999999,42.4746138,0 -71.181551,42.474777,0 -71.1821111,42.4753806,0 -71.182805,42.4761053,0 -71.1828732,42.476185,0 -71.1829429,42.4762717,0 -71.1830078,42.4763577,0 -71.183066,42.476445,0 -71.183363,42.4768991,0 -71.1835282,42.4771516,0 -71.1835439,42.4771755,0 -71.1837634,42.4775116,0 -71.184106,42.478036,0 -71.1843549,42.4784306,0 -71.1846888,42.47896,0 -71.184924,42.4793330000001,0 -71.185098,42.4796129999999,0 -71.185267,42.479858,0 -71.18533600000001,42.479948,0 -71.1853809,42.4799915,0 -71.185401,42.480012,0 -71.18544199999999,42.480049,0 -71.18552,42.480116,0 -71.18595000000001,42.480531,0 -71.186347,42.480919,0 -71.186436,42.481008,0 -71.18659,42.4811599999999,0 -71.18664560000001,42.481221,0 -71.1868272,42.4814203,0 -71.1869435,42.4815384,0 -71.187074,42.481669,0 -71.1871775,42.4817744,0 -71.1873239,42.4819234,0 -71.1874609,42.4820607,0 -71.18755760000001,42.4821606,0 -71.1876805,42.4822737,0 -71.1877587,42.4823399,0 -71.1878415,42.48241,0 -71.1879045,42.4824643,0 -71.1879692,42.4825201,0 -71.1880924,42.4826278,0 -71.1882016,42.4827144,0 -71.1884046,42.4828834999999,0 -71.1884939,42.482966,0 -71.1885407,42.4830092,0 -71.1886154,42.4830908,0 -71.1887155,42.48322,0 -71.1888024,42.4833338,0 -71.18884420000001,42.4834032,0 -71.1889017,42.4835006,0 -71.1889402,42.4835719,0 -71.1889858,42.4836609,0 -71.1890626,42.4838178,0 -71.189138,42.4839579,0 -71.18919150000001,42.4840453,0 -71.18929900000001,42.484235,0 -71.18946699999999,42.484477,0 -71.189651,42.484786,0 -71.190163,42.4856372,0 -71.1902084,42.4857164,0 -71.1902731,42.4858292,0 -71.19057429999999,42.4863543,0 -71.190612,42.48642,0 -71.19070600000001,42.486582,0 -71.19082400000001,42.486654,0 -71.190893,42.486688,0 -71.190944,42.486705,0 -71.19099199999999,42.486711,0 -71.19108,42.4867,0 -71.191176,42.486673,0 -71.19130800000001,42.48664,0 -71.191479,42.4865969999999,0 -71.19165,42.486566,0 -71.19182499999999,42.486563,0 -71.191928,42.4865680000001,0 -71.192018,42.486579,0 -71.192125,42.4866,0 -71.19231600000001,42.486647,0 -71.192617,42.486749,0 -71.19268700000001,42.486768,0 -71.19277,42.4867850000001,0 -71.19287199999999,42.486805,0 -71.192954,42.486812,0 -71.193085,42.486824,0 -71.193208,42.486825,0 -71.193318,42.486816,0 -71.193427,42.486797,0 -71.193634,42.4867420000001,0 -71.193746,42.486692,0 -71.194295,42.486429,0 -71.19452,42.486266,0 -71.195515,42.4856,0 -71.1959524,42.4853266,0 -71.1963238,42.4850945,0 -71.196443,42.48502,0 -71.197005,42.484687,0 -71.197801,42.484225,0 -71.19852400000001,42.483822,0 -71.199372,42.483379,0 -71.20032999999999,42.482898,0 -71.201319,42.482421,0 -71.20218300000001,42.48203,0 -71.202977,42.48169,0 -71.203998,42.481287,0 -71.2043717,42.4811484,0 -71.205432,42.480755,0 -71.2067047,42.4803223,0 -71.2074233,42.4800902,0 -71.2079777,42.4799168,0 -71.2089235,42.4796434000001,0 -71.2102309,42.4791559,0 -71.21051869999999,42.4790559,0 -71.2107391,42.4789790000001,0 -71.21094600000001,42.4789085,0 -71.21114489999999,42.4788421,0 -71.2116793,42.4786737,0 -71.2139384,42.4779911,0 -71.2144875,42.4778279,0 -71.2147664,42.4777435,0 -71.2153098,42.4775825,0 -71.2185594,42.4765967,0 -71.21979469999999,42.4762246,0 -71.2210937,42.4757492,0 -71.2211672,42.4757211999999,0 -71.2212352,42.4756922,0 -71.2212964,42.4756588,0 -71.2213464,42.4756246,0 -71.22139199999999,42.4755865,0 -71.2214342,42.4755453,0 -71.2214657,42.4755079,0 -71.2214924,42.4754702,0 -71.2215159,42.4754288,0 -71.2215355,42.4753879,0 -71.2215496,42.4753456,0 -71.2215578,42.4753022,0 -71.22156200000001,42.4752588,0 -71.2215626,42.4752168,0 -71.221559,42.4751726,0 -71.2215511,42.4751306,0 -71.2215392,42.4750877999999,0 -71.22152370000001,42.4750494,0 -71.2215021,42.4750090999999,0 -71.2214773,42.4749724,0 -71.2214479,42.4749369,0 -71.2214153,42.4749017,0 -71.2213807,42.4748692000001,0 -71.2213433,42.4748402,0 -71.22129289999999,42.474808,0 -71.2212396,42.4747791,0 -71.2211835,42.4747541,0 -71.22053219999999,42.4744948,0 -71.2204631,42.4744719,0 -71.2204024,42.4744558,0 -71.2203372,42.4744439,0 -71.2202669,42.4744351,0 -71.2202013,42.474432,0 -71.22013,42.4744324,0 -71.22006380000001,42.4744374,0 -71.21999599999999,42.4744475,0 -71.2199227,42.4744628,0 -71.219857,42.4744829,0 -71.2197963,42.4745063,0 -71.2197358,42.4745351,0 -71.2196778,42.4745672,0 -71.21962670000001,42.4746024,0 -71.21957399999999,42.4746438,0 -71.219532,42.4746882,0 -71.2194966,42.4747309,0 -71.2194655,42.4747751,0 -71.2194375,42.4748218,0 -71.2194176,42.4748679999999,0 -71.2194018,42.4749111,0 -71.21939,42.4749599,0 -71.2193844,42.4750113000001,0 -71.2193843,42.475062,0 -71.2193889,42.4751135,0 -71.21940119999999,42.4751642,0 -71.2194259,42.4752318,0 -71.2194562,42.4752983,0 -71.2194999,42.4753744,0 -71.2195572,42.4754637,0 -71.2199315,42.4760466,0 -71.2203837,42.4767444,0 -71.2208237,42.4774335,0 -71.22188730000001,42.4791341,0 -71.22227030000001,42.4797308,0 -71.2232183,42.4811029999999,0 -71.22335219999999,42.4813025,0 -71.2234873,42.4814953,0 -71.22362649999999,42.4816887,0 -71.2237683,42.4818841,0 -71.22391330000001,42.4820761,0 -71.2240571,42.4822666,0 -71.2242061,42.4824577,0 -71.2243567,42.4826484,0 -71.2245096,42.4828415,0 -71.2246595,42.4830261,0 -71.2248139,42.4832141,0 -71.2249702,42.4833998,0 -71.225128,42.4835866,0 -71.2252848,42.4837705,0 -71.2254484,42.4839566,0 -71.2256113,42.4841410000001,0 -71.2257741,42.4843236,0 -71.22594309999999,42.4845055,0 -71.22611190000001,42.4846865,0 -71.2262825,42.4848661,0 -71.2264541,42.4850469,0 -71.2266273,42.4852245,0 -71.2268026,42.4854021,0 -71.2269747,42.4855768,0 -71.237551,42.4961039,0 -71.24038520000001,42.4989281,0 -71.24311,42.501667,0 -71.2433453,42.501898,0 -71.2436319,42.5021793,0 -71.24376700000001,42.502312,0 -71.24770650000001,42.5061836,0 -71.24836310000001,42.5068733,0 -71.249019,42.5075307,0 -71.249596,42.508109,0 -71.2500438,42.5085548,0 -71.2502812,42.5087912,0 -71.25386899999999,42.512363,0 -71.257532,42.516003,0 -71.261196,42.519648,0 -71.26316199999999,42.521601,0 -71.263611,42.52204,0 -71.264155,42.522539,0 -71.264967,42.523254,0 -71.26567900000001,42.5238330000001,0 -71.266566,42.524519,0 -71.26692199999999,42.524777,0 -71.26723800000001,42.524997,0 -71.26754,42.525212,0 -71.26788999999999,42.525447,0 -71.26893800000001,42.526132,0 -71.27087299999999,42.527391,0 -71.27184800000001,42.528021,0 -71.272916,42.52874,0 -71.27381699999999,42.52942,0 -71.274199,42.529739,0 -71.274522,42.5300190000001,0 -71.274911,42.5303779999999,0 -71.275254,42.530698,0 -71.275589,42.531038,0 -71.276032,42.531517,0 -71.27644100000001,42.531991,0 -71.276763,42.53239,0 -71.276991,42.5326889999999,0 -71.277219,42.533004,0 -71.28061099999999,42.538058,0 -71.280952,42.538571,0 -71.282668,42.541136,0 -71.283339,42.542133,0 -71.28411,42.543276,0 -71.284271,42.543511,0 -71.28440670000001,42.5436972999999,0 -71.28444500000001,42.5437500000001,0 -71.285049,42.544554,0 -71.285972,42.545705,0 -71.286951,42.5469480000001,0 -71.28751320000001,42.5477027,0 -71.2879038,42.5481843,0 -71.29144700000001,42.552635,0 -71.2932528,42.5548853,0 -71.29333800000001,42.5549939,0 -71.29690100000001,42.5595329999999,0 -71.299706,42.563089,0 -71.300033,42.563553,0 -71.300213,42.563806,0 -71.300275,42.563893,0 -71.300539,42.56429,0 -71.300871,42.564811,0 -71.301148,42.5652750000001,0 -71.30178600000001,42.566429,0 -71.30229799999999,42.567475,0 -71.302733,42.56847,0 -71.303197,42.569521,0 -71.304649,42.572844,0 -71.306358,42.576724,0 -71.308288,42.581129,0 -71.309179,42.5831124,0 -71.30933229999999,42.5834443,0 -71.3098506,42.5844263,0 -71.31002770000001,42.5847322,0 -71.31015360000001,42.5849373,0 -71.3106652,42.5857516,0 -71.3112209,42.5865463,0 -71.31153689999999,42.5869688,0 -71.3125034,42.5881837,0 -71.3130441,42.5888567,0 -71.31631539999999,42.5929848,0 -71.3207766,42.5986267,0 -71.3222648,42.6004983,0 -71.322411,42.6006897,0 -71.3225547,42.6008791,0 -71.3226945,42.6010671000001,0 -71.322833,42.6012627,0 -71.3229693,42.6014583,0 -71.32310029999999,42.6016564,0 -71.3232292,42.6018557000001,0 -71.3233504,42.6020502,0 -71.32363890000001,42.6025508,0 -71.32375380000001,42.602755,0 -71.3238602,42.6029537,0 -71.3239633,42.603155,0 -71.32406760000001,42.6033667,0 -71.3241642,42.6035758,0 -71.32577670000001,42.6072901,0 -71.3275502,42.61135,0 -71.3276503,42.6115592,0 -71.3277492,42.611758,0 -71.32785869999999,42.6119638,0 -71.3279649,42.6121646,0 -71.3280716,42.6123549,0 -71.3281875,42.6125589,0 -71.3283086,42.6127537,0 -71.3284355,42.6129499,0 -71.3285601,42.6131393,0 -71.3288811,42.6135937,0 -71.32905239999999,42.6138197,0 -71.32919649999999,42.614009,0 -71.32935260000001,42.6141982,0 -71.3295062,42.6143773,0 -71.3296666,42.6145618,0 -71.3298283,42.6147417,0 -71.3299954,42.6149167,0 -71.33016670000001,42.615097,0 -71.3303421,42.6152726,0 -71.3305179,42.615438,0 -71.3307068,42.6156136,0 -71.3308883,42.615777,0 -71.3310821,42.6159468,0 -71.33127949999999,42.6161094,0 -71.3314728,42.6162682000001,0 -71.3316768,42.6164283,0 -71.3318824,42.6165856,0 -71.3320892,42.6167398,0 -71.33229830000001,42.6168889,0 -71.33251559999999,42.6170433,0 -71.3327342,42.6171932,0 -71.3329459,42.6173353,0 -71.333174,42.6174829,0 -71.33339650000001,42.6176211,0 -71.3336297,42.6177576999999,0 -71.333861,42.6178899,0 -71.3340948,42.6180175,0 -71.3343387,42.6181494,0 -71.33457919999999,42.6182727,0 -71.3348187,42.618394,0 -71.3350676,42.618515,0 -71.33531670000001,42.6186302,0 -71.33557399999999,42.6187448,0 -71.33581719999999,42.6188511,0 -71.3360704,42.6189578,0 -71.33633500000001,42.6190633,0 -71.3365883,42.6191624,0 -71.3368583,42.6192628,0 -71.3371203,42.619356,0 -71.3373876,42.6194489,0 -71.3376506,42.6195349,0 -71.3379242,42.6196236,0 -71.3381988,42.6197063,0 -71.3383326,42.6197449,0 -71.3384664,42.6197835,0 -71.3387488,42.6198627,0 -71.3390272,42.6199343,0 -71.3393085,42.6200025000001,0 -71.33958939999999,42.6200688,0 -71.3398767,42.620134,0 -71.3401597,42.6201926,0 -71.3404331,42.6202458,0 -71.3407227,42.6202991,0 -71.3410071,42.6203481,0 -71.34129129999999,42.6203945,0 -71.34157759999999,42.6204344,0 -71.3418674,42.6204752,0 -71.3421677,42.6205138,0 -71.342457,42.620545,0 -71.3427447,42.6205744,0 -71.3430362,42.6205978000001,0 -71.3433347,42.6206196,0 -71.3436244,42.6206369999999,0 -71.3439221,42.6206535,0 -71.3442148,42.6206638,0 -71.3444987,42.6206737,0 -71.3448016,42.6206772000001,0 -71.34508889999999,42.6206785,0 -71.3453865,42.62068,0 -71.3456742,42.6206728,0 -71.3459764,42.6206611,0 -71.3462672,42.6206488,0 -71.3465659,42.6206334,0 -71.3518493,42.6202342,0 -71.3521475,42.6202118,0 -71.35244230000001,42.6201939,0 -71.3527386,42.6201798000001,0 -71.3530336,42.6201689,0 -71.3533245,42.6201614,0 -71.3536194,42.6201555,0 -71.3539178,42.6201514,0 -71.3542102,42.6201531,0 -71.3545099,42.6201586,0 -71.3547915,42.6201696,0 -71.355096,42.6201832000001,0 -71.35539180000001,42.6201996,0 -71.3556913,42.620219,0 -71.35595170000001,42.6202400000001,0 -71.35624610000001,42.6202684000001,0 -71.35654390000001,42.6202998999999,0 -71.35682920000001,42.6203339,0 -71.35712100000001,42.6203722,0 -71.3574059,42.6204117999999,0 -71.3577001,42.6204585,0 -71.3579872,42.6205068,0 -71.3582789,42.620561,0 -71.3585642,42.6206163000001,0 -71.3588494,42.6206725,0 -71.35949669999999,42.620815,0 -71.36002329999999,42.6209311,0 -71.36260230000001,42.6215139,0 -71.36563580000001,42.6221929,0 -71.3684937,42.6228303,0 -71.371711,42.623522,0 -71.373941,42.624042,0 -71.37488,42.624247,0 -71.378658,42.625035,0 -71.3794149,42.6251894,0 -71.3799595,42.625292,0 -71.381112,42.625517,0 -71.381962,42.625677,0 -71.38288900000001,42.625843,0 -71.38411499999999,42.626035,0 -71.385935,42.626314,0 -71.387384,42.626527,0 -71.388313,42.6266664999999,0 -71.38917600000001,42.626796,0 -71.390141,42.6269411,0 -71.3903739,42.6269763,0 -71.395421,42.6277340000001,0 -71.39615999999999,42.627838,0 -71.396829,42.627957,0 -71.397414,42.628076,0 -71.39802,42.628215,0 -71.398578,42.62836,0 -71.39914899999999,42.62852,0 -71.399798,42.628721,0 -71.400355,42.628917,0 -71.400989,42.62915,0 -71.4014573,42.6293396,0 -71.40187469999999,42.629523,0 -71.402299,42.6297183,0 -71.4026034,42.629863,0 -71.40290229999999,42.6300135,0 -71.4035164,42.6303435,0 -71.404048,42.630655,0 -71.4045158,42.6309469,0 -71.4050287,42.631287,0 -71.4053452,42.631514,0 -71.40577070000001,42.6318318,0 -71.40633200000001,42.632295,0 -71.40662330000001,42.6325426,0 -71.4067943,42.6326953,0 -71.406952,42.632846,0 -71.4072637,42.6331433,0 -71.407599,42.63348,0 -71.4079861,42.6339131,0 -71.4085328,42.63457,0 -71.410008,42.63638,0 -71.41069,42.6371990000001,0 -71.413495,42.640599,0 -71.414147,42.641394,0 -71.41529800000001,42.642784,0 -71.4161141,42.6437383,0 -71.41621809999999,42.6438614,0 -71.418898,42.647142,0 -71.421314,42.650073,0 -71.4218314,42.6506934,0 -71.42240580000001,42.6513821,0 -71.4227825,42.6518406,0 -71.42721299999999,42.657228,0 -71.428202,42.6584093,0 -71.4285996,42.6588786,0 -71.4286556,42.6589453,0 -71.43062,42.661338,0 -71.431191,42.662029,0 -71.432327,42.663409,0 -71.43509899999999,42.666762,0 -71.43549,42.6672520000001,0 -71.435963,42.667864,0 -71.43638799999999,42.668441,0 -71.436723,42.66892,0 -71.437085,42.669456,0 -71.437426,42.6699920000001,0 -71.437802,42.67061,0 -71.43814399999999,42.671197,0 -71.438436,42.671722,0 -71.438666,42.672165,0 -71.438896,42.672618,0 -71.43908399999999,42.673009,0 -71.43935500000001,42.673612,0 -71.439564,42.674086,0 -71.43973800000001,42.674513,0 -71.43994000000001,42.675038,0 -71.440163,42.675646,0 -71.44033,42.676145,0 -71.44038980000001,42.6763037,0 -71.4410341,42.6786732,0 -71.4415781,42.6809506,0 -71.442137,42.683328,0 -71.442735,42.68581,0 -71.44286,42.686315,0 -71.443006,42.686917,0 -71.443145,42.687437,0 -71.443431,42.688328,0 -71.443674,42.688982,0 -71.443862,42.68944,0 -71.44415499999999,42.690089,0 -71.44453799999999,42.6908559999999,0 -71.44471900000001,42.691212,0 -71.44653099999999,42.694636,0 -71.4474,42.696283,0 -71.44766129999999,42.696745,0 -71.44777499999999,42.6969461,0 -71.4480258,42.6974137,0 -71.4491833,42.6996205,0 -71.4495278,42.7002749,0 
				
					-71.4491215,42.7002651999999,0 -71.4493834,42.7007677,0 -71.44943910000001,42.7008717,0 -71.44949250000001,42.7009737,0 -71.4495672,42.7011235,0 -71.4499229,42.7017827,0 -71.44997720000001,42.7018837,0 -71.45003079999999,42.7019854,0 -71.45008300000001,42.7020917,0 -71.45013059999999,42.7021901,0 -71.45017989999999,42.7022918,0 -71.45022760000001,42.7023973999999,0 -71.45027330000001,42.7025017,0 -71.4503191,42.7026042,0 -71.45036260000001,42.7027103,0 -71.450406,42.7028163,0 -71.4504452,42.7029184,0 -71.4504845,42.703024,0 -71.4505224,42.7031313,0 -71.45055840000001,42.7032384999999,0 -71.4505903,42.7033448,0 -71.4506215,42.7034476,0 -71.4506524,42.7035553,0 -71.4506775,42.7036599,0 -71.4507024,42.7037662,0 -71.4507287,42.7038733,0 -71.4507514,42.7039787,0 -71.45077190000001,42.7040873,0 -71.45079,42.7041946,0 -71.4508069,42.7043049,0 -71.4508203,42.7044121,0 -71.4508336,42.7045211,0 -71.4508445,42.7046321,0 -71.4508558,42.7047423,0 -71.45086360000001,42.7048505000001,0 -71.4508708,42.7049604,0 -71.4508759,42.7050696,0 -71.4508798,42.7051792,0 -71.4508814,42.7052884,0 -71.45088,42.7053971,0 -71.4508783,42.7055074,0 -71.4508751,42.7056183,0 -71.4508685,42.7057268,0 -71.4508608,42.7058358,0 -71.4508517,42.7059438,0 -71.4508407,42.7060524,0 -71.4506117,42.707793,0 -71.45053179999999,42.7083834,0 -71.4498126,42.7136593000001,0 -71.4492291,42.7180078,0 -71.449215,42.7181173,0 -71.4492024,42.7182257,0 -71.44919,42.7183346,0 -71.44917909999999,42.7184469,0 -71.4491695,42.7185553,0 -71.449163,42.7186637,0 -71.4491587,42.7187744,0 -71.449156,42.718884,0 -71.4491529,42.7189943,0 -71.44915210000001,42.7191037,0 -71.4491519,42.7192141,0 -71.44915399999999,42.7193244,0 -71.44915829999999,42.7194339,0 -71.44916360000001,42.7195434,0 -71.44917030000001,42.7196527,0 -71.44917890000001,42.7197615,0 -71.4491896,42.7198711,0 -71.4492011,42.7199807,0 -71.44921549999999,42.7200905,0 -71.44923,42.7201997000001,0 -71.4492439,42.720307,0 -71.44926,42.7204168,0 -71.4492769,42.7205248,0 -71.4492947,42.7206343,0 -71.4494681,42.7218408,0 -71.4494974,42.7220218,0 -71.4495194,42.7221563000001,0 -71.44965860000001,42.7229840000001,0 -71.4498806,42.7243236,0 -71.44989870000001,42.7244315,0 -71.4499185,42.7245413,0 -71.4499369,42.7246475,0 -71.449957,42.7247582,0 -71.44997739999999,42.7248637,0 -71.4499995,42.7249725,0 -71.450024,42.7250791,0 -71.45004849999999,42.7251852,0 -71.45007560000001,42.7252939,0 -71.4501046,42.7253986,0 -71.4501339,42.7255058,0 -71.4501649,42.7256108,0 -71.4501985,42.7257178,0 -71.4502334,42.7258248,0 -71.4502699,42.72593,0 -71.4503077,42.7260348,0 -71.45034750000001,42.7261392,0 -71.45038769999999,42.7262445,0 -71.4504286,42.7263475,0 -71.4504718,42.7264512,0 -71.4505173,42.7265562,0 -71.4505652,42.726663,0 -71.450615,42.7267712,0 -71.4506639,42.726877,0 -71.4507141,42.7269786,0 -71.4507705,42.7270837,0 -71.45082379999999,42.7271867,0 -71.450878,42.7272883,0 -71.452224,42.7298297,0 -71.4530309,42.7313533,0 -71.45308660000001,42.7314571,0 -71.4531424,42.7315583,0 -71.45319619999999,42.7316593,0 -71.4532553,42.7317624,0 -71.4533125,42.7318621,0 -71.4533716,42.7319616,0 -71.45343389999999,42.732063,0 -71.4534961,42.7321608,0 -71.45356200000001,42.7322594,0 -71.45363020000001,42.732356,0 -71.45370079999999,42.7324501,0 -71.453774,42.7325453000001,0 -71.45385109999999,42.7326396,0 -71.4539298,42.7327307,0 -71.45400859999999,42.7328182,0 -71.4540934,42.7329075,0 -71.4541804,42.7329971,0 -71.45426740000001,42.7330835,0 -71.45436410000001,42.7331742,0 -71.4544684,42.7332684,0 -71.45457260000001,42.7333597,0 -71.45467859999999,42.7334473,0 -71.4547824,42.7335293,0 -71.45488949999999,42.7336079,0 -71.4549949,42.7336835,0 -71.45510419999999,42.7337595,0 -71.4552008,42.7338352,0 -71.45531250000001,42.7339072,0 -71.45542949999999,42.7339785,0 -71.45569500000001,42.7341315,0 -71.4560133,42.7342951,0 -71.45622470000001,42.7343891,0 -71.4566588,42.7345689,0 -71.45705169999999,42.7347089,0 -71.4573645,42.7347967,0 -71.45776739999999,42.7348957,0 -71.4580745,42.7349616,0 -71.45818850000001,42.7349821,0 -71.4583746,42.7350097,0 -71.45851879999999,42.7350332,0 -71.4586623,42.7350534,0 -71.45881110000001,42.7350718,0 -71.4589371,42.7350854,0 -71.4590518,42.7350968,0 -71.4591191,42.7351026,0 -71.45925579999999,42.7351135,0 -71.4594043,42.7351232,0 -71.4595539,42.7351296,0 -71.4597019,42.7351323000001,0 -71.459853,42.7351334000001,0 -71.4600004,42.7351312,0 -71.4601499,42.7351268,0 -71.4602991,42.7351211000001,0 -71.460447,42.7351123,0 -71.4605942,42.7351015,0 -71.4607433,42.7350882,0 -71.4608929,42.7350735,0 -71.4610387,42.7350568,0 -71.4611865,42.7350378,0 -71.4613334,42.7350159,0 -71.4614777,42.7349941,0 -71.46162200000001,42.7349694,0 -71.4617683,42.7349421,0 -71.4619113,42.7349132999999,0 -71.462052,42.7348816,0 -71.4621923,42.7348488,0 -71.4623311,42.734814,0 -71.46247339999999,42.7347756,0 -71.4626102,42.7347375,0 -71.46274750000001,42.7346969,0 -71.4628845,42.734657,0 -71.4630229,42.734615,0 -71.46316160000001,42.7345728,0 -71.4664458,42.7335476,0 -71.4665833,42.7335061,0 -71.46672239999999,42.7334653,0 -71.4668628,42.733426,0 -71.4670023,42.7333907,0 -71.4671441,42.7333559,0 -71.4672853,42.7333241000001,0 -71.4674285,42.7332935,0 -71.46757270000001,42.7332646,0 -71.4677183,42.7332366,0 -71.4678625,42.7332129,0 -71.46800810000001,42.7331905,0 -71.46815170000001,42.733169,0 -71.46830009999999,42.7331492,0 -71.4684451,42.7331326,0 -71.4685937,42.7331169,0 -71.4687407,42.7331033,0 -71.4688902,42.7330915,0 -71.4690384,42.7330821,0 -71.4691837,42.7330741000001,0 -71.4693331,42.7330686,0 -71.46948500000001,42.7330657000001,0 -71.4696359,42.7330642,0 -71.4697834,42.733065,0 -71.4699335,42.7330673,0 -71.4700818,42.7330737,0 -71.4702312,42.7330819,0 -71.4703715,42.7330894,0 -71.4705264,42.7330994,0 -71.47068280000001,42.7331109,0 -71.4708286,42.7331247,0 -71.47097170000001,42.7331395000001,0 -71.47112060000001,42.7331578,0 -71.47126470000001,42.7331777000001,0 -71.4714101,42.7331996,0 -71.4715546,42.7332236,0 -71.4717004,42.73325,0 -71.4718427,42.7332775,0 -71.4719868,42.7333071,0 -71.47212639999999,42.7333384,0 -71.4722678,42.7333714,0 -71.4724102,42.7334071,0 -71.4725487,42.7334434,0 -71.4726883,42.7334826,0 -71.47282490000001,42.7335237,0 -71.4729597,42.733565,0 -71.4731001,42.7336108,0 -71.473232,42.7336556,0 -71.47336540000001,42.7337043,0 -71.4734983,42.7337538,0 -71.4736271,42.7338037,0 -71.473755,42.7338558999999,0 -71.4738791,42.7339081,0 -71.4740073,42.7339652,0 -71.4741339,42.7340234,0 -71.4742584,42.7340828,0 -71.47437859999999,42.7341427,0 -71.4745021,42.7342048,0 -71.4763183,42.7351506,0 -71.4804233,42.73731,0 -71.4868589,42.7406594,0 -71.4870971,42.7407887,0 -71.48733180000001,42.7409228,0 -71.4875619,42.741059,0 -71.4877831,42.7411955000001,0 -71.4880096,42.7413409,0 -71.4882288,42.7414884,0 -71.4884421,42.7416389999999,0 -71.4886549,42.7417949,0 -71.48885509999999,42.7419516,0 -71.4890585,42.7421114,0 -71.48925819999999,42.7422767,0 -71.48944950000001,42.7424448,0 -71.489637,42.7426135,0 -71.4898153,42.7427832,0 -71.48999499999999,42.7429610999999,0 -71.4901697,42.7431342,0 -71.4903415,42.743311,0 -71.4905048,42.743491,0 -71.49066670000001,42.743679,0 -71.49081889999999,42.7438657,0 -71.49096590000001,42.7440542,0 -71.4911077,42.7442443,0 -71.49124260000001,42.744441,0 -71.49137260000001,42.7446373999999,0 -71.4914953,42.7448352,0 -71.49161290000001,42.7450354,0 -71.491722,42.7452379,0 -71.4918284,42.7454401000001,0 -71.49193030000001,42.7456456,0 -71.4920249,42.7458526,0 -71.4921148,42.7460623,0 -71.4921985,42.7462719,0 -71.4922753,42.7464845,0 -71.492345,42.7466961,0 -71.4924075,42.7469037,0 -71.4924688,42.7471227,0 -71.4925211,42.747335,0 -71.4925688,42.7475515,0 -71.4926111,42.7477687,0 -71.4926449,42.7479873,0 -71.49267330000001,42.7482067,0 -71.4926948,42.748424,0 -71.49270989999999,42.7486442,0 -71.49272089999999,42.7488621,0 -71.4928377,42.7517501,0 -71.49284780000001,42.7519705,0 -71.4928572,42.7521884,0 -71.4928656,42.7524071,0 -71.4929637,42.7556892,0 -71.4931749,42.7605030000001,0 -71.4932046,42.7612076,0 -71.4932055,42.7612264,0 -71.4933235,42.7636134,0 -71.49332769999999,42.7637121,0 -71.4933733,42.7646151,0 -71.4934074,42.765493,0 -71.493414,42.7657119,0 -71.4934324,42.7664763,0 -71.4934432,42.7673438,0 -71.4934418,42.7675659,0 -71.4934374,42.7677813,0 -71.49343210000001,42.7679999,0 -71.4934224,42.7682182,0 -71.4934141,42.7684374000001,0 -71.4934004,42.7686504,0 -71.4933592,42.7693031,0 -71.4933419,42.7695211,0 -71.493323,42.7697392,0 -71.49330380000001,42.7699549,0 -71.49328199999999,42.7701728,0 -71.4932573,42.7703913,0 -71.4932319,42.7706067000001,0 -71.4932055,42.7708233,0 -71.493179,42.7710408,0 -71.4931512,42.771257,0 -71.4931203,42.7714733,0 -71.49295600000001,42.7726764,0 -71.49290980000001,42.7729987,0 -71.4925477,42.7743201,0 -71.4925325,42.7743649,0 -71.4925157,42.7744116,0 -71.4924989,42.7744536,0 -71.4924796,42.7744952,0 -71.49245569999999,42.7745392,0 -71.4924302,42.7745821,0 -71.4924022,42.7746239,0 -71.4923691,42.7746704999999,0 -71.4923345,42.774716,0 -71.4922967,42.7747615,0 -71.49225629999999,42.7748058999999,0 -71.4922124,42.7748494999999,0 -71.492166,42.7748927,0 -71.4921164,42.7749359000001,0 -71.49207819999999,42.774965,0 -71.4920451,42.7749874,0 -71.4920121,42.7750081,0 -71.4919735,42.7750308,0 -71.49193560000001,42.7750528,0 -71.4918926,42.7750765,0 -71.4910076,42.775507,0 -71.4909352,42.7755613,0 -71.49074520000001,42.7756887,0 -71.49072820000001,42.7756979,0 -71.49063889999999,42.7757464,0 -71.4905042,42.7758246,0 -71.4903808,42.775898,0 -71.49015199999999,42.776044,0 -71.4895618,42.7764368,0 -71.4891987,42.776685,0 -71.4888965,42.7768968,0 -71.48879049999999,42.7769745,0 -71.4886714,42.7770668,0 -71.48807069999999,42.7775554,0 -71.487627,42.777889,0 -71.48640229999999,42.77881,0 -71.484255,42.780402,0 -71.483304,42.781108,0 -71.483087,42.781252,0 -71.482664,42.781548,0 -71.482004,42.781966,0 -71.481782,42.782099,0 -71.4815404,42.7822299000001,0 -71.481328,42.782361,0 -71.48109599999999,42.782487,0 -71.48053400000001,42.782772,0 -71.480419,42.782828,0 -71.480216,42.782926,0 -71.47989269999999,42.7830782,0 -71.47905350000001,42.7834731,0 -71.47889259999999,42.7835482,0 -71.4777783,42.7840443,0 -71.474749,42.785392,0 -71.47451599999999,42.785493,0 -71.474002,42.785688,0 -71.47364899999999,42.785808,0 -71.473294,42.785918,0 -71.472933,42.786017,0 -71.472572,42.786103,0 -71.472202,42.786182,0 -71.47145500000001,42.786318,0 -71.46928490000001,42.7866764,0 -71.468901,42.7867376,0 -71.468146,42.786853,0 -71.468367,42.787411,0 -71.4684941,42.7877544,0 -71.46868720000001,42.7882721,0 -71.468897,42.788877,0 -71.4689329,42.7889798,0 -71.469021,42.789232,0 -71.46914200000001,42.789542,0 -71.4693784,42.7901442,0 -71.46941750000001,42.7902389,0 -71.46956830000001,42.7905847,0 -71.4696845,42.7908852,0 -71.469703,42.79093,0 -71.4698173,42.7912104,0 -71.4700141,42.791693,0 -71.470386,42.7926043,0 -71.470434,42.792722,0 -71.47055,42.793014,0 -71.47060070000001,42.7931512,0 -71.4706769,42.7933096,0 -71.47094300000001,42.7939659999999,0 -71.4711736,42.7945057,0 -71.471521,42.795319,0 -71.471802,42.795996,0 -71.4721064,42.7967617,0 -71.47264699999999,42.798104,0 -71.47271000000001,42.798238,0 -71.47284999999999,42.798502,0 -71.47301,42.79876,0 -71.473242,42.799072,0 -71.47334600000001,42.799192,0 -71.4737777,42.7996437,0 -71.47383670000001,42.7997059,0 -71.4739064,42.7997805,0 -71.47415959999999,42.8000514,0 -71.47492099999999,42.8008661,0 -71.474977,42.800926,0 -71.4750865,42.8010432,0 -71.4754552,42.8014332,0 -71.4756646,42.8016625,0 -71.4760261,42.8020576,0 -71.476131,42.8021782,0 -71.47645540000001,42.8025318,0 -71.4767658,42.8028679,0 -71.4770197,42.803152,0 -71.4772779,42.8034308,0 -71.4776245,42.8038232,0 -71.4778817,42.8040932,0 -71.4781145,42.8043518,0 -71.47833110000001,42.8045828,0 -71.47839810000001,42.8046586999999,0 -71.4786285,42.8049068,0 -71.478746,42.8050321,0 -71.4788628,42.8051561,0 -71.4789619,42.8052567,0 -71.479088,42.8053794,0 -71.47918319999999,42.8054686,0 -71.47928,42.805549,0 -71.47946899999999,42.805711,0 -71.479668,42.805867,0 -71.479882,42.806027,0 -71.479984,42.8060955,0 -71.480086,42.806164,0 -71.480514,42.806442,0 -71.48093799999999,42.806724,0 -71.4811637,42.8068579,0 -71.4816926,42.8071937,0 -71.48219709999999,42.8075171,0 -71.4823749,42.807624,0 -71.4826451,42.8078052,0 -71.4827974,42.8079122,0 -71.4829403,42.8080231,0 -71.48305379999999,42.8081182,0 -71.4831659,42.808224,0 -71.4832617,42.8083226,0 -71.4833974,42.8084673,0 -71.4834807,42.8085746,0 -71.4835538,42.8086804,0 -71.4836444,42.808822,0 -71.4837105,42.808922,0 -71.48377549999999,42.8090274,0 -71.4838263,42.8091316,0 -71.4839063,42.8093107,0 -71.48400410000001,42.8095729,0 -71.48406869999999,42.8097554,0 -71.48414289999999,42.8099722,0 -71.48430140000001,42.8103867,0 -71.4844677,42.8107971,0 -71.4845426,42.8109645,0 -71.48467049999999,42.8112249,0 -71.48475070000001,42.8113814,0 -71.4849507,42.8117401,0 -71.4851419,42.8120975,0 -71.4852716,42.8123366,0 -71.4854508,42.8126941,0 -71.4855546,42.8129515,0 -71.4856265,42.8131479,0 -71.48568469999999,42.8133455,0 -71.485727,42.8135249,0 -71.4857707,42.8137147,0 -71.48578089999999,42.813782,0 -71.48579700000001,42.8139045000001,0 -71.4858481,42.8143474,0 -71.4858564,42.8145519,0 -71.4858541,42.8148037,0 -71.48584820000001,42.8148879,0 -71.48578089999999,42.8157107999999,0 -71.4857147,42.8164598,0 -71.4857655,42.8166559,0 -71.4857829,42.8168966,0 -71.4858215,42.8171539000001,0 -71.48587790000001,42.8174155,0 -71.4859364,42.8176175,0 -71.486008,42.817824,0 -71.486098,42.818027,0 -71.486206,42.818225,0 -71.4863058,42.8183854,0 -71.4865295,42.818736,0 -71.4865751,42.8187998,0 -71.4868515,42.8192642,0 -71.486926,42.819383,0 -71.48696099999999,42.81945,0 -71.4874399,42.8202029,0 -71.487489,42.82028,0 -71.487736,42.82066,0 -71.4878543,42.8208585,0 -71.48811600000001,42.821284,0 -71.48817390000001,42.8213784,0 -71.48822060000001,42.8214557,0 -71.4884308,42.8218474,0 -71.4885408,42.8220862,0 -71.4888366,42.8227331,0 -71.48908659999999,42.8233209,0 -71.489265,42.8237288,0 -71.4893861,42.8239913,0 -71.4895817,42.8244401,0 -71.4903837,42.8262445000001,0 -71.4905294,42.8266094,0 -71.4905649,42.8266902,0 -71.4905808,42.8267261,0 -71.49076789999999,42.8271294,0 -71.4909619,42.8275729,0 -71.49106039999999,42.8278344,0 -71.4911213,42.828055,0 -71.4911474,42.8281882,0 -71.491134,42.8283912,0 -71.49116739999999,42.8288891,0 -71.4911634,42.829281,0 -71.49116069999999,42.8296655,0 -71.4911556,42.8303982,0 -71.49115190000001,42.8305874,0 -71.4911396,42.8311842,0 -71.49111550000001,42.8320987,0 -71.4911152,42.8324513000001,0 -71.491112,42.8326356,0 -71.491107,42.8328075,0 -71.4910983,42.8330042,0 -71.49108579999999,42.8332678,0 -71.4910253,42.8342529,0 -71.49091369999999,42.8359147,0 -71.4908813,42.8363138000001,0 -71.49084910000001,42.8366555000001,0 -71.49080650000001,42.8371073,0 -71.4908027,42.8371947,0 -71.4907764,42.8375861,0 -71.49082439999999,42.8376635,0 -71.4908379,42.8377394,0 -71.490748,42.838928,0 -71.4907491,42.839066,0 -71.490757,42.839205,0 -71.49075999999999,42.839333,0 -71.4907709,42.8394252,0 -71.4907817,42.8395442,0 -71.49079260000001,42.839632,0 -71.4908531,42.8398356,0 -71.4909162,42.8399777,0 -71.491069,42.840326,0 -71.491123,42.840463,0 -71.491146,42.840578,0 -71.49122300000001,42.8406679999999,0 -71.4913742,42.8408725,0 -71.49155620000001,42.8411051,0 -71.49163,42.841197,0 -71.4917177,42.8412946,0 -71.492002,42.841617,0 -71.4921415,42.841786,0 -71.4922787,42.8419842,0 -71.4923362,42.8420831,0 -71.492437,42.8422839,0 -71.4925307,42.8424803,0 -71.4925842,42.842608,0 -71.4926258,42.8427339,0 -71.4926577,42.8428327,0 -71.49267500000001,42.8428952,0 -71.4926947,42.8429594,0 -71.4927155,42.843039,0 -71.49272879999999,42.8431053,0 -71.4927545,42.8432753,0 -71.4927766,42.8434078,0 -71.49283130000001,42.8437729,0 -71.4929332,42.8444248,0 -71.49297129999999,42.8446688,0 -71.49302539999999,42.8450153,0 -71.4932491,42.8462864,0 -71.49331890000001,42.8466228,0 -71.4934011,42.8469593,0 -71.49344499999999,42.8471544,0 -71.4934868,42.8473859,0 -71.4935117,42.847623,0 -71.493506,42.848049,0 -71.4934659,42.8483452,0 -71.4934114,42.8486187,0 -71.4933647,42.848764,0 -71.49331460000001,42.8488973,0 -71.493253,42.849031,0 -71.493026,42.849419,0 -71.49260289999999,42.8500823,0 -71.4925219,42.8502138,0 -71.4924417,42.8503726,0 -71.4923574,42.8505666,0 -71.4921851,42.8510283,0 -71.4921124,42.851267,0 -71.4920942,42.8513421,0 -71.49198610000001,42.8517228,0 -71.49192720000001,42.8519815000001,0 -71.4918081,42.8524319,0 -71.49175,42.852714,0 -71.491704,42.853169,0 -71.4916896,42.8533226,0 -71.49168,42.8534247,0 -71.49165600000001,42.853737,0 -71.4916265,42.8540917,0 -71.4916216,42.854162,0 -71.49157099999999,42.8547859999999,0 -71.49156000000001,42.8549219,0 -71.4915507,42.8550343,0 -71.49153579999999,42.8552138,0 -71.49151879999999,42.8554204,0 -71.4915116,42.8555242,0 -71.49150539999999,42.8555742,0 -71.4914744,42.8559278,0 -71.491467,42.856012,0 -71.4914575,42.856084,0 -71.491393,42.856573,0 -71.49137639999999,42.8566809,0 -71.491242,42.857552,0 -71.49122610000001,42.8577144,0 -71.4911848,42.85806,0 -71.4911724,42.8581855,0 -71.4911208,42.8586116,0 -71.491107,42.858726,0 -71.49109300000001,42.858934,0 -71.491097,42.8590739999999,0 -71.491125,42.859217,0 -71.49117200000001,42.859357,0 -71.49124399999999,42.859512,0 -71.491314,42.85963,0 -71.49141299999999,42.859756,0 -71.491525,42.859873,0 -71.491646,42.859982,0 -71.49176900000001,42.860073,0 -71.4918102,42.8600953,0 -71.491983,42.860189,0 -71.492063,42.860228,0 -71.492231,42.8603,0 -71.492491,42.860406,0 -71.49281999999999,42.86054,0 -71.492983,42.860615,0 -71.49312500000001,42.860706,0 -71.493253,42.860809,0 -71.493357,42.860925,0 -71.493436,42.861051,0 -71.4934597,42.8611122,0 -71.493488,42.861185,0 -71.493514,42.8612818,0 -71.49352500000001,42.861476,0 -71.49352759999999,42.8616843,0 -71.493527,42.861813,0 -71.49351799999999,42.861942,0 -71.4935045,42.8621876,0 -71.4935028,42.8624413,0 -71.49350080000001,42.8626027,0 -71.4934971,42.8627842,0 -71.493503,42.8628959,0 -71.493498,42.8630372,0 -71.49349100000001,42.863233,0 -71.4934903,42.8632972,0 -71.4934901,42.863316,0 -71.4934892,42.8633922,0 -71.4934847,42.8634841,0 -71.4934825,42.8635729,0 -71.49348070000001,42.8636443,0 -71.49347899999999,42.863714,0 -71.4934805,42.8639165,0 -71.49348809999999,42.8649102,0 -71.49349100000001,42.865298,0 -71.49347830000001,42.8660939,0 -71.493476,42.866239,0 -71.49347950000001,42.8664641,0 -71.4934799,42.8664869,0 -71.4934804,42.8665161,0 -71.4934827,42.8666632,0 -71.49347969999999,42.8668151,0 -71.49347899999999,42.8668375,0 -71.4934678,42.86718,0 -71.4934518,42.8678884,0 -71.4934459,42.8684959000001,0 -71.4934454,42.8685367,0 -71.493444,42.868642,0 -71.4934293,42.8690660000001,0 -71.493425,42.869207,0 -71.49340960000001,42.8693712,0 -71.49337,42.869546,0 -71.49327700000001,42.869825,0 -71.49322600000001,42.869959,0 -71.493072,42.870293,0 -71.49297730000001,42.8704529,0 -71.4929073,42.8705648,0 -71.49283730000001,42.870663,0 -71.4926722,42.8708794,0 -71.4924145,42.8711744,0 -71.4922267,42.8713572,0 -71.4921418,42.8714336,0 -71.491998,42.871552,0 -71.49179239999999,42.8716969,0 -71.491373,42.871999,0 -71.49059800000001,42.8725385,0 -71.490465,42.872635,0 -71.49023889999999,42.8727957,0 -71.4896775,42.8731946,0 -71.4895722,42.8732695,0 -71.489435,42.8733670000001,0 -71.48921919999999,42.8735081,0 -71.48910859999999,42.8735855,0 -71.48902579999999,42.8736435,0 -71.488962,42.8736882,0 -71.4889177,42.8737193,0 -71.488891,42.873733,0 -71.4885848,42.873952,0 -71.4883389,42.8741304000001,0 -71.4882209,42.8742181,0 -71.4880512,42.874353,0 -71.48786010000001,42.8745174,0 -71.4876847,42.8746814,0 -71.4875279,42.8748475,0 -71.4874382,42.8749458,0 -71.4872556,42.8751681,0 -71.4868912,42.8756246,0 -71.486519,42.876108,0 -71.4861027,42.876631,0 -71.4857767,42.8770395,0 -71.4855834,42.8772834,0 -71.485516,42.877368,0 -71.48522,42.877732,0 -71.48495320000001,42.8780407,0 -71.4847809,42.8782216,0 -71.48463940000001,42.8783523,0 -71.484497,42.878477,0 -71.484301,42.878634,0 -71.4842568,42.8786669,0 -71.484165,42.878735,0 -71.4839941,42.8788507,0 -71.4838803,42.8789278,0 -71.483812,42.878974,0 -71.4836911,42.8790437,0 -71.48349,42.8791597,0 -71.483283,42.879279,0 -71.48295299999999,42.8794513,0 -71.48281,42.879522,0 -71.4823772,42.8797308,0 -71.4822016,42.8798156,0 -71.4819993,42.87991,0 -71.48107899999999,42.880343,0 -71.4808685,42.8804404,0 -71.48001739999999,42.8808499,0 -71.47985420000001,42.8809326,0 -71.4796951,42.8810143,0 -71.4794462,42.8811416,0 -71.479114,42.8813292,0 -71.478936,42.8814283999999,0 -71.4787742,42.881523,0 -71.4784398,42.8817306,0 -71.478157,42.881918,0 -71.4772699,42.8825332,0 -71.476679,42.882943,0 -71.47633829999999,42.8832013,0 -71.47627180000001,42.8832626000001,0 -71.47614830000001,42.8834216,0 -71.4761232,42.8834569,0 -71.47605179999999,42.8835574,0 -71.4759973,42.8836407,0 -71.47594460000001,42.8837374000001,0 -71.47587249999999,42.8838899,0 -71.4758345,42.8839847,0 -71.4758085,42.8840524,0 -71.4757906,42.8841093,0 -71.4757379,42.8843616,0 -71.4757122,42.8845091,0 -71.4756766,42.8847091,0 -71.475579,42.885257,0 -71.4755553,42.8853538,0 -71.47552899999999,42.8854607,0 -71.4754928,42.8856409,0 -71.4754689,42.8857596,0 -71.47544120000001,42.8858619,0 -71.47541579999999,42.8859411,0 -71.475335,42.886217,0 -71.4752268,42.8864982,0 -71.47511,42.886799,0 -71.47498899999999,42.8870672,0 -71.47493059999999,42.8872051,0 -71.474887,42.8873080000001,0 -71.4748419,42.8873999,0 -71.47481620000001,42.8874512,0 -71.474611,42.88791,0 -71.4744527,42.888293,0 -71.47422899999999,42.8888132,0 -71.47398819999999,42.8893334,0 -71.4739276,42.8894631,0 -71.473795,42.889701,0 -71.4735697,42.8900635,0 -71.47351399999999,42.8901498,0 -71.473298,42.890462,0 -71.473168,42.8906346,0 -71.473112,42.890709,0 -71.47291300000001,42.8909510000001,0 -71.472482,42.891418,0 -71.4722768,42.8916261,0 -71.4720837,42.8918219,0 -71.471917,42.891991,0 -71.471665,42.8922322,0 -71.47144900000001,42.892439,0 -71.47110429999999,42.8927497,0 -71.4710393,42.8928022,0 -71.47082399999999,42.892976,0 -71.47069070000001,42.8930765,0 -71.470556,42.893178,0 -71.4701759,42.8934461,0 -71.4700058,42.8935647,0 -71.4698743,42.8936584,0 -71.46975689999999,42.8937336,0 -71.4696927,42.8937748,0 -71.4677767,42.8948577,0 -71.467637,42.8949366,0 -71.466672,42.895482,0 -71.465931,42.895928,0 -71.465644,42.896113,0 -71.4654637,42.8962346,0 -71.4649793,42.8966161,0 -71.464715,42.896828,0 -71.46462699999999,42.896895,0 -71.46437160000001,42.8971463,0 -71.4642147,42.8973005,0 -71.46395320000001,42.8975614,0 -71.46366810000001,42.8978436,0 -71.4634946,42.8980216,0 -71.4633456,42.8981796,0 -71.462485,42.899192,0 -71.462267,42.899433,0 -71.46207800000001,42.8996242,0 -71.462002,42.899701,0 -71.4618648,42.8998564,0 -71.4617441,42.8999874,0 -71.4616724,42.9000613000001,0 -71.46137419999999,42.900385,0 -71.4613483,42.9004116,0 -71.4611771,42.9005878,0 -71.4610308,42.9007383,0 -71.46088690000001,42.9008786,0 -71.46076600000001,42.9010103,0 -71.4606637,42.9011352,0 -71.460505,42.9013493,0 -71.4604239,42.9014725,0 -71.4603693,42.9015516,0 -71.46032649999999,42.9016247,0 -71.46028080000001,42.9017115,0 -71.4602752,42.9017209,0 -71.4601732,42.9019715,0 -71.4601423,42.9020738,0 -71.46012020000001,42.9021943,0 -71.460092,42.90237,0 -71.46008089999999,42.9024865,0 -71.46007280000001,42.9025879,0 -71.4600537,42.9029259,0 -71.4600456,42.9032378,0 -71.460053,42.903625,0 -71.460049,42.9039069999999,0 -71.460022,42.904188,0 -71.459963,42.904609,0 -71.459903,42.9049739999999,0 -71.4598762,42.9051091,0 -71.459802,42.90544,0 -71.4596969,42.905841,0 -71.4595113,42.9065084,0 -71.4594565,42.9067219,0 -71.45931400000001,42.907277,0 -71.4591609,42.907826,0 -71.45910739999999,42.9080146,0 -71.45895710000001,42.9085031,0 -71.45890660000001,42.9086726,0 -71.45885029999999,42.9088847,0 -71.45882880000001,42.9089627,0 -71.45880440000001,42.909106,0 -71.4587212,42.9096522,0 -71.4587143,42.9100435,0 -71.458703,42.9102853,0 -71.458744,42.9106272,0 -71.45876699999999,42.9108798,0 -71.4588133,42.911105,0 -71.458912,42.9114935,0 -71.4590467,42.9118428,0 -71.4591877,42.9121764,0 -71.45971230000001,42.9133175,0 -71.4598077,42.9135112000001,0 -71.45992870000001,42.9137582999999,0 -71.46007899999999,42.9140556,0 -71.460106,42.9141225000001,0 -71.460177,42.9142983,0 -71.460247,42.9145053,0 -71.46028699999999,42.9147338,0 -71.46032169999999,42.9149907,0 -71.4603345,42.9152116,0 -71.46033799999999,42.9154121,0 -71.46030930000001,42.9156962,0 -71.46026879999999,42.9159333,0 -71.4602537,42.9160315,0 -71.4602311,42.9161652,0 -71.4602232,42.9162125,0 -71.4600612,42.9174387,0 -71.4600051,42.9180418,0 -71.4599631,42.9185492,0 -71.45992510000001,42.9192659,0 -71.4598936,42.9194417,0 -71.4598434,42.9196354,0 -71.4598429,42.9198201,0 -71.4598421,42.9201021,0 -71.4598393,42.9211,0 -71.4598391,42.9211649,0 -71.45983870000001,42.9213136,0 -71.459838,42.921587,0 -71.45984249999999,42.9217254,0 -71.45985330000001,42.9218655,0 -71.4598728,42.9220151,0 -71.45989350000001,42.922138,0 -71.45991359999999,42.9222485,0 -71.4600896,42.9231555,0 -71.4601487,42.9233918,0 -71.46032599999999,42.924206,0 -71.4603798,42.9244958,0 -71.460403,42.9246210000001,0 -71.4605232,42.9251388,0 -71.4605473,42.9252399,0 -71.4606917,42.9258619,0 -71.4608597,42.9265862,0 -71.4611431,42.9278425,0 -71.4612648,42.9284360000001,0 -71.4613449,42.9288603,0 -71.4613569,42.9289353,0 -71.461437,42.929436,0 -71.4614576,42.9295402,0 -71.461574,42.930128,0 -71.461611,42.930264,0 -71.4616657,42.9304227,0 -71.461713,42.930532,0 -71.46177400000001,42.930663,0 -71.4618272,42.9307567,0 -71.46191899999999,42.930921,0 -71.46200399999999,42.931047,0 -71.46218349999999,42.9312996,0 -71.4623149,42.9314847,0 -71.462546,42.93181,0 -71.4631926,42.9327637,0 -71.463689,42.933496,0 -71.46386699999999,42.933756,0 -71.46451399999999,42.934847,0 -71.4649299,42.9355941,0 -71.465615,42.936839,0 -71.4660329,42.9376078,0 -71.46631910000001,42.9381341999999,0 -71.4664459,42.9383675,0 -71.4666,42.938703,0 -71.4666824,42.9388585,0 -71.466857,42.9391285000001,0 -71.4669521,42.939378,0 -71.4670193,42.9395639,0 -71.4670589,42.9396598,0 -71.4670984,42.9397614,0 -71.4671168,42.9398096999999,0 -71.4672812,42.9402411,0 -71.4673749,42.9404867,0 -71.4675637,42.9409834,0 -71.4676257,42.9411447,0 -71.46768280000001,42.9412943,0 -71.4677281,42.9414214,0 -71.46776749999999,42.941529,0 -71.4678254,42.9416636,0 -71.4678998,42.9417811,0 -71.46799780000001,42.9419099,0 -71.46808900000001,42.9420091,0 -71.4681961,42.9421125,0 -71.46831709999999,42.9422016,0 -71.4684664,42.9422909,0 -71.46861490000001,42.942366,0 -71.46876690000001,42.9424313,0 -71.46895670000001,42.9424926,0 -71.4691545,42.9425372,0 -71.4693067,42.9425583,0 -71.4694659,42.9425743,0 -71.4695723,42.9425815,0 -71.46971449999999,42.9425831,0 -71.4698751,42.9425824,0 -71.47064020000001,42.9425567,0 -71.47135400000001,42.9425426,0 -71.47166729999999,42.942542,0 -71.4719188,42.9425489,0 -71.47211729999999,42.9425612,0 -71.4723035,42.9425803,0 -71.47251989999999,42.9426076,0 -71.4727297,42.9426425,0 -71.4729763,42.9426984,0 -71.4732049,42.9427571,0 -71.4734335,42.9428157,0 -71.47360380000001,42.942867,0 -71.4738282,42.9429489,0 -71.4740728,42.9430382,0 -71.4743532,42.9431609,0 -71.4747929,42.9433535,0 -71.4751158,42.9435241,0 -71.4753788,42.9436631,0 -71.47539620000001,42.9436879,0 -71.475497,42.9438318,0 -71.475718,42.944056,0 -71.47582,42.944174,0 -71.47591,42.944297,0 -71.47598600000001,42.944426,0 -71.47602000000001,42.944496,0 -71.476051,42.944558,0 -71.47610299999999,42.944694,0 -71.4761647,42.9449005,0 -71.476179,42.9449482,0 -71.4762611,42.9453552,0 -71.476296,42.945528,0 -71.47635,42.945698,0 -71.4765043,42.9464949,0 -71.4765812,42.9468463,0 -71.47659090000001,42.9468885,0 -71.4766661,42.9472845000001,0 -71.4766947,42.9474322,0 -71.4767564,42.9477443,0 -71.4767616,42.9477692,0 -71.4768266,42.948086,0 -71.4768899,42.9484324,0 -71.47690350000001,42.948495,0 -71.4769067,42.9485098000001,0 -71.47692429999999,42.9485931,0 -71.47700810000001,42.9489938,0 -71.4770405,42.9491525,0 -71.47705759999999,42.9492341,0 -71.4770822,42.9493489,0 -71.47716490000001,42.9494744999999,0 -71.4773393,42.9501896,0 -71.47735280000001,42.9502622,0 -71.4774424,42.9507116,0 -71.4776123,42.9517062,0 -71.4776868,42.9521022,0 -71.47779559999999,42.9526734,0 -71.4778568,42.952971,0 -71.47787460000001,42.9530713,0 -71.4778858,42.9531346000001,0 -71.477897,42.9531999,0 -71.477947,42.9536016,0 -71.47795360000001,42.9536697,0 -71.477951,42.9538212,0 -71.47793179999999,42.9538898,0 -71.4780188,42.9542185,0 -71.47805940000001,42.9542744,0 -71.478098,42.9543689,0 -71.4781505,42.9546087,0 -71.4782367,42.9549667,0 -71.47830449999999,42.9552724,0 -71.4784437,42.9557312,0 -71.47853790000001,42.9560454,0 -71.4785736,42.9561606,0 -71.4786788,42.9565398,0 -71.47874539999999,42.9567687,0 -71.4787704,42.9568722,0 -71.4787942,42.9569704,0 -71.47882,42.9570701,0 -71.4788386,42.9571423,0 -71.4789165,42.9575069,0 -71.47898000000001,42.9578071,0 -71.4790253,42.958014,0 -71.4790378,42.9580941,0 -71.47903839999999,42.9581708,0 -71.4790272,42.958269,0 -71.4790651,42.9584144,0 -71.47915260000001,42.9587501,0 -71.47916859999999,42.9588163000001,0 -71.47934909999999,42.9596255,0 -71.47940149999999,42.9598616,0 -71.4794383,42.9600274,0 -71.4794863,42.9602434,0 -71.4796552,42.9610039,0 -71.4796824,42.9611263,0 -71.47971099999999,42.9612373,0 -71.4797604,42.9614286,0 -71.4798222,42.9616871,0 -71.4798521,42.9618062,0 -71.4799096,42.9620236,0 -71.4800006,42.9623678,0 -71.4800235,42.9624545,0 -71.4800403,42.9625114,0 -71.4801235,42.9628208,0 -71.4802121,42.9631217,0 -71.4802619,42.9632575,0 -71.480322,42.963418,0 -71.4803983,42.9636528,0 -71.4804954,42.9638703,0 -71.48054140000001,42.9639672,0 -71.48058279999999,42.9640489,0 -71.4806239,42.9641341,0 -71.4807843,42.9644418,0 -71.4810166,42.9648845000001,0 -71.4811381,42.9651125,0 -71.4812137,42.9652705,0 -71.48128370000001,42.9653268,0 -71.4813312,42.9654145,0 -71.4813525,42.9655049,0 -71.4813587,42.9655603,0 -71.4813623,42.9656372000001,0 -71.48136119999999,42.9657141,0 -71.4813537,42.9657405,0 -71.481336,42.9657753,0 -71.48128869999999,42.9658275,0 -71.4811972,42.966034,0 -71.4810088,42.9663281,0 -71.4808688,42.9665488,0 -71.4808275,42.9666129,0 -71.4808001,42.9666536,0 -71.4807512,42.9667264,0 -71.480639,42.9669056999999,0 -71.48055220000001,42.9670449,0 -71.48053830000001,42.9670691000001,0 -71.4803848,42.9673005,0 -71.48026539999999,42.9674859,0 -71.48023120000001,42.967539,0 -71.4801997,42.9675879,0 -71.4801654,42.9676423,0 -71.48015359999999,42.967661,0 -71.48005569999999,42.9678159,0 -71.4800163,42.9678782,0 -71.4799872,42.9679242,0 -71.4798935,42.9680726,0 -71.4798497,42.968142,0 -71.47980800000001,42.968208,0 -71.4798009,42.9682186,0 -71.4797696,42.9682652,0 -71.47964949999999,42.9684442,0 -71.4795271,42.9686264,0 -71.4795211,42.9686353,0 -71.479399,42.9688177,0 -71.47935649999999,42.9688809,0 -71.4792121,42.9690954,0 -71.4791745,42.9691514,0 -71.4791288,42.9692195,0 -71.47910570000001,42.9692539,0 -71.4789737,42.9694504,0 -71.47895680000001,42.9694756,0 -71.47890630000001,42.9695508,0 -71.4787795,42.9697397,0 -71.478739,42.9698,0 -71.4787075,42.9698478,0 -71.4784559,42.9702292,0 -71.4781924,42.9706282,0 -71.478167,42.970667,0 -71.47800239999999,42.9709221,0 -71.47796030000001,42.9709873,0 -71.47792080000001,42.9710489,0 -71.47786050000001,42.9711421,0 -71.4777526,42.9713098,0 -71.4777062,42.9713855,0 -71.4776851,42.9714167,0 -71.4774858,42.9717306,0 -71.47743730000001,42.9718071,0 -71.47741499999999,42.9718403,0 -71.4772585,42.9720734,0 -71.4771191,42.9722949,0 -71.4770868,42.9723462,0 -71.47698870000001,42.9725035000001,0 -71.476782,42.9728349,0 -71.4767389,42.972904,0 -71.4767064,42.9729561000001,0 -71.4764886,42.9733052,0 -71.4762764,42.973641,0 -71.47595990000001,42.9741029,0 -71.475956,42.9741804,0 -71.4759083,42.9742524,0 -71.4759,42.974265,0 -71.4752313,42.9752269,0 -71.4751631,42.975325,0 -71.475127,42.975377,0 -71.4750195,42.9753515,0 -71.4748924,42.9753068000001,0 -71.4746327,42.9752153,0 -71.474215,42.9750684,0 -71.47404899999999,42.9750099999999,0 -71.47355570000001,42.9747943,0 -71.4696696,42.9734293999999,0 -71.4694569,42.9733666,0 -71.4692873,42.9733285,0 -71.4691406,42.9733025,0 -71.46897010000001,42.9732875000001,0 -71.46879060000001,42.9732844,0 -71.4686427,42.9732883000001,0 -71.46848079999999,42.9733032999999,0 -71.46834920000001,42.9733192,0 -71.4682438,42.9733316,0 -71.4681593,42.9733412,0 -71.4680844,42.9733485,0 -71.46788479999999,42.9733678,0 -71.46683779999999,42.9734744,0 -71.4664566,42.9735132,0 -71.46607040000001,42.9735495,0 -71.46580710000001,42.9735743,0 -71.46549539999999,42.9736057,0 -71.46468640000001,42.9736828,0 -71.46463850000001,42.9736875,0 -71.4643286,42.973718,0 -71.46417630000001,42.9737267,0 -71.46403720000001,42.9737318,0 -71.46371310000001,42.9737368,0 -71.4632988,42.9737412,0 -71.4632459,42.9737399,0 -71.46321330000001,42.9737391,0 -71.4630579,42.9737401,0 -71.46305599999999,42.973849,0 -71.4630559,42.9738701999999,0 -71.46305390000001,42.9742651,0 -71.4630532,42.9744115,0 -71.4630531,42.9744371,0 -71.46305220000001,42.974607,0 -71.4630518,42.9746964,0 -71.4630514,42.9747458,0 -71.4630463,42.9753092,0 -71.4630483,42.9753653999999,0 -71.4630464,42.9757104000001,0 -71.46304550000001,42.975853,0 -71.46304480000001,42.9759841,0 -71.4630444,42.9760519,0 -71.463043,42.9764133,0 -71.4630425,42.976503,0 -71.4630408,42.9768296,0 -71.46304050000001,42.9768857,0 -71.4630391,42.9771579,0 -71.46303760000001,42.9774566,0 -71.463037,42.9775749,0 -71.46303639999999,42.9776853,0 -71.4630358,42.9778591,0 -71.4630353,42.9779149,0 -71.4630341,42.9781428,0 -71.4630331,42.9783443,0 -71.4630324,42.9784807,0 -71.4630315,42.9786548,0 -71.4630358,42.9791027,0 -71.4630361,42.9791345,0 -71.46303709999999,42.979241,0 -71.4630373,42.9794722000001,0 -71.4630373,42.9795451,0 -71.46303760000001,42.9798542999999,0 -71.4630382,42.980593,0 -71.46304840000001,42.9807119,0 -71.4630562,42.9808325,0 -71.46305599999999,42.980944,0 -71.4630559,42.9809783,0 -71.46305220000001,42.9810597,0 -71.46305049999999,42.9811075,0 -71.46304689999999,42.9812059,0 -71.463044,42.9812501,0 -71.46303880000001,42.9813499999999,0 -71.4630389,42.9814130000001,0 -71.4630389,42.9814749,0 -71.4630392,42.9817716,0 -71.46303930000001,42.9818972,0 -71.46303930000001,42.9819121,0 -71.46303930000001,42.9820143,0 -71.4630396,42.9823056,0 -71.4630396,42.9823599,0 -71.4630397,42.9824261000001,0 -71.4630432,42.9828262,0 -71.46304979999999,42.983574,0 -71.4630501,42.9836094,0 -71.4630559,42.9842709,0 -71.46305700000001,42.9843218,0 -71.4630604,42.9845204,0 -71.4630631,42.9846021,0 -71.4630636,42.9846666,0 -71.46306439999999,42.9847796,0 -71.46306559999999,42.9849571,0 -71.4630643,42.9850222,0 -71.46306629999999,42.9850948000001,0 -71.4630633,42.9852722,0 -71.46306130000001,42.9853872,0 -71.4630598,42.9854772,0 -71.46305889999999,42.98564,0 -71.46305839999999,42.9857261,0 -71.4630581,42.985779,0 -71.46305769999999,42.9858479,0 -71.4630568,42.9859968,0 -71.4630561,42.9861193,0 -71.4630543,42.9864306,0 -71.46305390000001,42.9865014,0 -71.4630535,42.9865822,0 -71.463053,42.9866469,0 -71.4630523,42.9867688,0 -71.4630508,42.987028,0 -71.46305479999999,42.9870807,0 -71.46305,42.9871591,0 -71.46305169999999,42.9872573,0 -71.4630537,42.9873251,0 -71.46305270000001,42.9873792,0 -71.46305769999999,42.9879595,0 -71.463058,42.9880040000001,0 -71.4630588,42.9880735,0 -71.4630621,42.9884162,0 -71.4630641,42.9886241,0 -71.4630647,42.9886849,0 -71.4630646,42.9887363,0 -71.4630645,42.9887707000001,0 -71.46306389999999,42.9889639,0 -71.46306300000001,42.9892583,0 -71.46306269999999,42.9893623,0 -71.4630603,42.9894812,0 -71.46305169999999,42.989907,0 -71.4630494,42.9900223,0 -71.46305030000001,42.9902082,0 -71.46305479999999,42.9902828,0 -71.4630851,42.9907867,0 -71.46308550000001,42.9908293,0 -71.46308639999999,42.9909239,0 -71.46308759999999,42.9910492,0 -71.46309119999999,42.9914199,0 -71.46309170000001,42.9914749,0 -71.4630882,42.9918028,0 -71.4630901,42.991895,0 -71.46309479999999,42.9920132,0 -71.4630963,42.9921971,0 -71.4630982,42.9922777999999,0 -71.46310029999999,42.9923561,0 -71.4631023,42.9925623,0 -71.4631035,42.9926913,0 -71.46310389999999,42.9927279,0 -71.4631045,42.9927805,0 -71.4631091,42.9932063,0 -71.4631097,42.9932624,0 -71.4631165,42.9935872,0 -71.4631206,42.9936179,0 -71.4631696,42.9939884,0 -71.46320849999999,42.9941456000001,0 -71.4632575,42.9943951000001,0 -71.46327290000001,42.9945192,0 -71.4632771,42.9945519,0 -71.4632921,42.994673,0 -71.4633189,42.9947965,0 -71.4633293,42.9948559,0 -71.4633328,42.994876,0 -71.463425,42.9954005,0 -71.46343539999999,42.9954597,0 -71.4634642,42.9956349999999,0 -71.4634753,42.9957036,0 -71.4635206,42.9959425,0 -71.46355920000001,42.9961461,0 -71.46360989999999,42.9964275,0 -71.46362070000001,42.9964891,0 -71.4636601,42.9967006,0 -71.4636663,42.9967414,0 -71.4636855,42.9968672,0 -71.46374470000001,42.9971651,0 -71.4637568,42.9972258,0 -71.4638017,42.997485,0 -71.4638223,42.997604,0 -71.46383350000001,42.9976661,0 -71.463887,42.9979646,0 -71.4638966,42.998018,0 -71.463947,42.9982978,0 -71.4640072,42.9986316,0 -71.4640189,42.9986962,0 -71.46406330000001,42.9989428999999,0 -71.46409850000001,42.9991381,0 -71.4641709,42.9995394,0 -71.46418009999999,42.9995906,0 -71.4642194,42.9998086,0 -71.4642291,42.9998624,0 -71.4642394,42.9999204,0 -71.4642743,43.00012,0 -71.4642793,43.0001483,0 -71.4643202,43.0003815999999,0 -71.46433279999999,43.0004533,0 -71.464349,43.000546,0 -71.464358,43.0005972,0 -71.46438910000001,43.0007689,0 -71.4643933,43.0007921,0 -71.4644083,43.0008745,0 -71.4644156,43.0009147,0 -71.4644449,43.0010758,0 -71.46445129999999,43.0011113,0 -71.46447089999999,43.001219,0 -71.4644814,43.0012819,0 -71.464534,43.0015832,0 -71.4646089,43.0020211,0 -71.4646874,43.0024305,0 -71.4647138,43.0025717,0 -71.4647914,43.0029865,0 -71.4647987,43.0030254,0 -71.4648182,43.0031297,0 -71.4648411,43.0032565,0 -71.4648431,43.0032679,0 -71.4648973,43.0035686,0 -71.4649146,43.0036647,0 -71.465014,43.0042161,0 -71.4650824,43.0045952,0 -71.4650918,43.0046446,0 -71.4652834,43.0056486,0 -71.4653187,43.0058338,0 -71.46533700000001,43.0059299,0 -71.4653921,43.0062185,0 -71.4654046,43.006284,0 -71.46525800000001,43.0063005,0 -71.4649051,43.0063403,0 -71.4647559,43.0063571,0 -71.4645527,43.0063806,0 -71.46442999999999,43.0063948,0 -71.464187,43.006423,0 -71.4641439,43.006428,0 -71.4638772,43.0064589,0 -71.4636122,43.0064896,0 -71.4635732,43.0064944,0 -71.4634142,43.0065137,0 -71.46313120000001,43.0065506,0 -71.46305289999999,43.0065577999999,0 -71.4629745,43.0065667,0 -71.4626482,43.0066041,0 -71.4623556,43.0066375999999,0 -71.46204830000001,43.0066709,0 -71.4617855,43.0067007,0 -71.46170789999999,43.0067094,0 -71.4616264,43.00672,0 -71.46124399999999,43.006765,0 -71.4610383,43.0067901,0 -71.4607922,43.0068192000001,0 -71.4607128,43.0068281,0 -71.4606146,43.0068417,0 -71.46051629999999,43.0068552,0 -71.4603443,43.0068768999999,0 -71.4601069,43.0069032,0 -71.4599979,43.0069153,0 -71.45992579999999,43.0069234,0 -71.459795,43.0069382,0 -71.4595391,43.0069624,0 -71.45936500000001,43.0069789,0 -71.4591783,43.0070005,0 -71.45895539999999,43.0070263,0 -71.4588708,43.0070361,0 -71.45880219999999,43.007043,0 -71.4586065,43.0070626,0 -71.458027,43.0071145,0 -71.4579669,43.0071199,0 -71.45786510000001,43.007129,0 -71.45767600000001,43.0072121,0 -71.4576311,43.0072367,0 -71.457584,43.0072672,0 -71.4575206,43.0073095,0 -71.4574574,43.0073636,0 -71.4573797,43.0074371,0 -71.45732099999999,43.0075041,0 -71.45719029999999,43.0076441,0 -71.457104,43.0077569,0 -71.4568742,43.0080146,0 -71.4567145,43.0081936,0 -71.4565048,43.0084288000001,0 -71.456186,43.0088048,0 -71.4554835,43.0095765,0 -71.45520740000001,43.0098863,0 -71.45477200000001,43.0103767,0 -71.4543216,43.0108839,0 -71.4542397,43.0109780000001,0 -71.453993,43.0112756,0 -71.4539585,43.0113228999999,0 -71.4539024,43.011394,0 -71.45383699999999,43.011472,0 -71.45376760000001,43.0115702,0 -71.4537265,43.0116284,0 -71.4536765,43.0117096,0 -71.45353900000001,43.0119028,0 -71.45334699999999,43.0121929,0 -71.4533084,43.0122581,0 -71.4532813,43.0122928000001,0 -71.4531834,43.0124352,0 -71.453108,43.0125589,0 -71.45306290000001,43.0126281,0 -71.4530402,43.0126625,0 -71.45299869999999,43.0127267,0 -71.45298990000001,43.0127403,0 -71.4529722,43.0127674,0 -71.4529101,43.0128628,0 -71.4528461,43.0129611,0 -71.45283619999999,43.0129763,0 -71.45275700000001,43.0131052,0 -71.45261189999999,43.0133415,0 -71.4525314,43.0134726,0 -71.4524548,43.0136396,0 -71.4523832,43.0138075,0 -71.45229759999999,43.0140079,0 -71.4521539,43.0143444,0 -71.4521388,43.0143796,0 -71.4521251,43.0144122000001,0 -71.45210040000001,43.0144741,0 -71.4519615,43.0148205,0 -71.451864,43.0150369,0 -71.451779,43.015204,0 -71.45151660000001,43.015589,0 -71.45137800000001,43.015761,0 -71.45124730000001,43.0159212,0 -71.4511159,43.0160823,0 -71.4509305,43.0163097,0 -71.45077499999999,43.016487,0 -71.4507097,43.0165566,0 -71.450609,43.016664,0 -71.4502902,43.0169809,0 -71.4501516,43.0171166,0 -71.44997979999999,43.0172784,0 -71.44991659999999,43.0173358,0 -71.449803,43.017439,0 -71.449769,43.0174716,0 -71.4495179,43.0177116,0 -71.44946280000001,43.0178131000001,0 -71.4493575,43.017911,0 -71.44895390000001,43.0182509,0 -71.4488984,43.0182994,0 -71.4488676,43.0183257,0 -71.4484867,43.0186613,0 -71.4482397,43.0188792,0 -71.4480033,43.0191075,0 -71.4475554,43.019559,0 -71.447188,43.019959,0 -71.44699869999999,43.0201688,0 -71.4467483,43.0204492,0 -71.4463262,43.0209185,0 -71.4458173,43.0214822,0 -71.44502249999999,43.0223588,0 -71.44465510000001,43.022784,0 -71.4443191,43.0231635,0 -71.4436977,43.0238501,0 -71.44296730000001,43.0246603,0 -71.442432,43.0252596,0 -71.4418244,43.0259372,0 -71.4412967,43.0265372,0 -71.44098820000001,43.0268848,0 -71.4402766,43.0276803,0 -71.44003720000001,43.027936,0 -71.4399305,43.0280348,0 -71.4398137,43.0281321,0 -71.4397038,43.0282086999999,0 -71.4395573,43.0282912,0 -71.4394326,43.0283554,0 -71.4393199,43.0284092,0 -71.4392742,43.0284288,0 -71.438992,43.02855,0 -71.438874,43.028606,0 -71.43868000000001,43.028698,0 -71.4386045,43.0287432,0 -71.438543,43.02878,0 -71.43836589999999,43.0288759,0 -71.4382693,43.0289055,0 -71.4382375,43.0289326,0 -71.43815240000001,43.0290027,0 -71.43789940000001,43.0292144,0 -71.4377016,43.0294202,0 -71.4375215,43.0296338,0 -71.4373202,43.0298839,0 -71.4372722,43.0299435999999,0 -71.4369368,43.0303608,0 -71.4368401,43.0304805,0 -71.4362805,43.0311827,0 -71.4359214,43.031622,0 -71.4357904,43.0318111,0 -71.43572,43.0319234,0 -71.4356556,43.0320324,0 -71.4356068,43.0321421,0 -71.435541,43.0323059,0 -71.4351315,43.0335087999999,0 -71.43505740000001,43.0337325999999,0 -71.435006,43.033881,0 -71.4349488,43.0340733,0 -71.43478,43.034581,0 -71.43471599999999,43.034758,0 -71.434507,43.035235,0 -71.434372,43.035499,0 -71.434099,43.03595,0 -71.4338794,43.0362942,0 -71.4337321,43.0365209,0 -71.43369370000001,43.036583,0 -71.43347439999999,43.036948,0 -71.43338919999999,43.0371019,0 -71.4333239,43.0372287,0 -71.433279,43.0373381,0 -71.4332423,43.0374594,0 -71.433205,43.037626,0 -71.433196,43.037697,0 -71.433187,43.037769,0 -71.4331818,43.0378988,0 -71.4331828,43.0380263,0 -71.4332138,43.038208,0 -71.4332501,43.0383427,0 -71.43327789999999,43.0384445,0 -71.4333252,43.0385573,0 -71.43339400000001,43.038688,0 -71.43349329999999,43.0388585,0 -71.4335906,43.0390024,0 -71.4336919,43.0391656,0 -71.4338849,43.0394466,0 -71.43419160000001,43.0398914,0 -71.4345836,43.0404637000001,0 -71.4347424,43.0406949,0 -71.4347755,43.0407447,0 -71.434989,43.041066,0 -71.43509450000001,43.041264,0 -71.43519999999999,43.041462,0 -71.4352926,43.0416673,0 -71.4354738,43.0420692,0 -71.435807,43.042808,0 -71.435957,43.043213,0 -71.43603,43.043489,0 -71.4360715,43.0436695,0 -71.43612039999999,43.0438827,0 -71.4361431,43.0439994,0 -71.436151,43.04404,0 -71.4361983,43.0443197,0 -71.43633250000001,43.045114,0 -71.43634830000001,43.0452077,0 -71.43639659999999,43.0454938,0 -71.436436,43.045727,0 -71.4364691,43.0459227,0 -71.43652419999999,43.046332,0 -71.43653949999999,43.0464553,0 -71.43656,43.04662,0 -71.43655099999999,43.0467748,0 -71.4365298,43.0469296,0 -71.4365055,43.0470587,0 -71.43646870000001,43.0472201999999,0 -71.4364241,43.0473881,0 -71.4363783,43.0475756,0 -71.4363591,43.0476867,0 -71.4363401,43.047887,0 -71.4363348,43.0480017,0 -71.4363383,43.0481151,0 -71.4363513,43.0482387,0 -71.43636650000001,43.0483843,0 -71.4363826,43.04853,0 -71.43640569999999,43.0486223,0 -71.4364388,43.0487111,0 -71.4364696,43.0487998,0 -71.43660800000001,43.049137,0 -71.43661520000001,43.0491503,0 -71.436679,43.0492672,0 -71.4367537,43.0494006,0 -71.4367565,43.0494057,0 -71.436913,43.0496956,0 -71.4369593,43.0497814,0 -71.4369671,43.0497957,0 -71.4369975,43.0498515,0 -71.4371684,43.0501454,0 -71.4371812,43.0501659,0 -71.4372511,43.0502083,0 -71.43730669999999,43.0502662,0 -71.4374145,43.0504483,0 -71.4374287,43.0504715,0 -71.43751,43.0506046,0 -71.4375946,43.0507448,0 -71.4377418,43.0509969,0 -71.4379715,43.0513936,0 -71.4380147,43.0514683,0 -71.43836810000001,43.052008,0 -71.4387816,43.0527224,0 -71.43891619999999,43.0529531,0 -71.4389639,43.053037,0 -71.43899930000001,43.053098,0 -71.43905580000001,43.0532084,0 -71.4393434,43.0537095,0 -71.4393939,43.0537989,0 -71.4396441,43.054207,0 -71.43979520000001,43.0544509,0 -71.44003910000001,43.0548641,0 -71.4401634,43.0550736,0 -71.44027079999999,43.0552516,0 -71.4403906,43.0554599,0 -71.4404602,43.0555824,0 -71.4405065,43.0556639,0 -71.44055349999999,43.0557498,0 -71.4406003,43.0558438,0 -71.440596,43.0559761,0 -71.44067099999999,43.0561008,0 -71.4408396,43.0563812,0 -71.4408753,43.0564406,0 -71.44103200000001,43.0567011,0 -71.44106549999999,43.0567568000001,0 -71.44107959999999,43.0567803,0 -71.4410984,43.0568126,0 -71.44143630000001,43.0573737,0 -71.4415188,43.0575107,0 
				
					-71.4420691,43.0584047,0 -71.4421486,43.0585235,0 -71.44222569999999,43.0586386,0 -71.442522,43.0590817,0 -71.4428257,43.0595749,0 -71.44314369999999,43.0601336,0 -71.44349560000001,43.0607538000001,0 -71.44380169999999,43.0612848000001,0 -71.4439359,43.0615253,0 -71.4439991,43.061638,0 -71.4441235,43.0618583,0 -71.4442763,43.0621314,0 -71.4445656,43.062653,0 -71.4456471,43.0645928000001,0 -71.44570090000001,43.0646829,0 -71.4458253,43.064891,0 -71.4458794,43.0649664,0 -71.44611,43.065288,0 -71.4462834,43.065537,0 -71.4463715,43.0656498,0 -71.446478,43.065786,0 -71.4466795,43.0660324,0 -71.4468626,43.066228,0 -71.4470225,43.0663906,0 -71.447078,43.066447,0 -71.44736210000001,43.0667282,0 -71.44765599999999,43.067019,0 -71.4479716,43.0673388,0 -71.44835550000001,43.0677221,0 -71.44857469999999,43.0679505,0 -71.4487592,43.0681551,0 -71.4489437,43.0683769,0 -71.4490777,43.068566,0 -71.44927800000001,43.0688592,0 -71.4494833,43.0691704,0 -71.4496992,43.0695061,0 -71.4497956,43.0696492,0 -71.4500173,43.0699652,0 -71.4501523,43.0700874,0 -71.4503974,43.0703885,0 -71.45053,43.070536,0 -71.4506327,43.0706343,0 -71.4508946,43.0708705,0 -71.45106970000001,43.0709945,0 -71.4512605,43.0711071,0 -71.451565,43.0712547,0 -71.451886,43.071382,0 -71.4522996,43.0715279,0 -71.45272110000001,43.0716653,0 -71.4528833,43.0717368,0 -71.4530702,43.0718399,0 -71.4534974,43.071995,0 -71.45378479999999,43.0721392,0 -71.4540324,43.0722887,0 -71.4542794,43.0724552,0 -71.4544173,43.0725715,0 -71.45455200000001,43.072708,0 -71.45470899999999,43.072892,0 -71.454854,43.073084,0 -71.45496900000001,43.073279,0 -71.4551249,43.0736133,0 -71.45537760000001,43.0741554,0 -71.4556359,43.0746365000001,0 -71.455752,43.074828,0 -71.45585029999999,43.0749708,0 -71.45594699999999,43.0751088,0 -71.4560657,43.0752497,0 -71.45613470000001,43.0753257,0 -71.4562662,43.0754692,0 -71.456608,43.07584,0 -71.4570643,43.076286,0 -71.45717740000001,43.0763983999999,0 -71.45753910000001,43.0767576,0 -71.4576563,43.0768729,0 -71.4578289,43.0770633,0 -71.45800199999999,43.0772808,0 -71.45822699999999,43.0776024,0 -71.4585005,43.07806,0 -71.45864469999999,43.0783002,0 -71.4587032,43.0783976,0 -71.458737,43.078454,0 -71.4588002,43.0785872,0 -71.458893,43.0787830000001,0 -71.45899009999999,43.0790209999999,0 -71.459073,43.079259,0 -71.4596509,43.0810507,0 -71.460111,43.082477,0 -71.4602149,43.0828657,0 -71.4603439,43.0833482,0 -71.4605189,43.0840028,0 -71.460554,43.084134,0 -71.4606151,43.0844021,0 -71.460644,43.084678,0 -71.46065059999999,43.0847611,0 -71.46063359999999,43.0849074,0 -71.460605,43.0850588,0 -71.4605747,43.0851945,0 -71.4605323,43.0853256,0 -71.4604685,43.0854731,0 -71.4603979,43.0855949,0 -71.4603426,43.0856764000001,0 -71.4603145,43.0857178,0 -71.46021810000001,43.0858402,0 -71.4601038,43.0859599,0 -71.4599918,43.0860610000001,0 -71.4598572,43.0861635,0 -71.4597091,43.0862707,0 -71.4595039,43.0863941,0 -71.45736530000001,43.0876805,0 -71.4567651,43.0880375,0 -71.4566071,43.0881418,0 -71.45644900000001,43.0882528999999,0 -71.45629700000001,43.0883579,0 -71.456159,43.0884681,0 -71.4560345,43.0885771,0 -71.45591229999999,43.0886945,0 -71.45589459999999,43.0887135,0 -71.4558057,43.0888088,0 -71.4556738,43.0889578,0 -71.45554199999999,43.0891085,0 -71.4545136,43.0904859,0 -71.45420300000001,43.090902,0 -71.45397869999999,43.0912016,0 -71.4539252,43.091287,0 -71.4537863,43.0915168,0 -71.45373530000001,43.0916151,0 -71.4536705,43.0917398,0 -71.4535261,43.0920885,0 -71.45341860000001,43.0923859,0 -71.4533995,43.0924481,0 -71.4533733,43.0925348000001,0 -71.4533558,43.0926096,0 -71.45335439999999,43.0926157,0 -71.45329169999999,43.0928784,0 -71.45327570000001,43.0929788,0 -71.45324429999999,43.0932039,0 -71.4532246,43.0934120000001,0 -71.45321559999999,43.0935691000001,0 -71.4532087,43.0938128,0 -71.4532083,43.0938764,0 -71.4532059,43.094264,0 -71.4531884,43.0950373,0 -71.4531624,43.095307,0 -71.4530913,43.0955833,0 -71.45297720000001,43.0958558,0 -71.45282419999999,43.0961138,0 -71.4525421,43.0964860000001,0 -71.45216689999999,43.0969822,0 -71.452073,43.097108,0 -71.451994,43.097232,0 -71.451915,43.0973583,0 -71.4518455,43.0974895,0 -71.4517822,43.097623,0 -71.45172100000001,43.0977715,0 -71.4516673,43.0978973,0 -71.4516402,43.0979765000001,0 -71.4516227,43.0980277,0 -71.4515383,43.0984588,0 -71.4515324,43.0985076,0 -71.45152210000001,43.0985933,0 -71.45151079999999,43.0987604,0 -71.4515112,43.0988985,0 -71.45152419999999,43.0990509,0 -71.451549,43.0992727,0 -71.451706,43.1003386000001,0 -71.4518228,43.1012993000001,0 -71.4518475,43.1015417,0 -71.451848,43.1017073,0 -71.4518341,43.101867,0 -71.4518107,43.1020238,0 -71.45177099999999,43.1021969,0 -71.4517036,43.1024127,0 -71.4514405,43.1031964,0 -71.4510738,43.1041751,0 -71.4510453,43.1042512,0 -71.4509406,43.104458,0 -71.45081879999999,43.1046547,0 -71.4506861,43.1048447,0 -71.4505456,43.1050240000001,0 -71.4503284,43.1052639,0 -71.4502018,43.1053966,0 -71.4501113,43.1054857,0 -71.4494261,43.106187,0 -71.4491957,43.1064228,0 -71.4489961,43.1066271,0 -71.4488753,43.1067508,0 -71.44570299999999,43.1099974,0 -71.4430746,43.1126871,0 -71.442849,43.112918,0 -71.44269540000001,43.1131012999999,0 -71.4425559,43.1132846,0 -71.44238230000001,43.1135428,0 -71.4422708,43.113739,0 -71.4421699,43.1139352,0 -71.4420623,43.1142082000001,0 -71.4419838,43.114479,0 -71.441939,43.1146977,0 -71.44191189999999,43.1149215,0 -71.44188200000001,43.1158146,0 -71.44187290000001,43.1160874,0 -71.44183150000001,43.1173263,0 -71.4418292,43.1173954,0 -71.4418178,43.1177377,0 -71.44175540000001,43.1196058,0 -71.441733,43.1202779,0 -71.441714,43.1208475,0 -71.4417109,43.1212044,0 -71.44172,43.1212897,0 -71.4417328,43.12148,0 -71.4417401,43.1215254,0 -71.4417674,43.1216948,0 -71.44181810000001,43.1219038,0 -71.441838,43.1219713,0 -71.44188,43.1221137,0 -71.44192099999999,43.1222121,0 -71.4419899,43.1223461,0 -71.4422716,43.1228945,0 -71.4423208,43.1229902,0 -71.4424144,43.1231725,0 -71.44250479999999,43.1233484,0 -71.4425767,43.1234883,0 -71.44277820000001,43.1238725,0 -71.4428103,43.1239337,0 -71.4431184,43.124543,0 -71.44338430000001,43.1250606,0 -71.4435831,43.1254476,0 -71.4437745,43.1258202,0 -71.4438243,43.1259171,0 -71.4438882,43.1260443,0 -71.4442306,43.1267262,0 -71.4446166,43.1275393,0 -71.444653,43.127605,0 -71.44492150000001,43.1280902,0 -71.4450506,43.1283235,0 -71.4456544,43.129385,0 -71.44574040000001,43.1295458,0 -71.4458046,43.1296853,0 -71.44587490000001,43.1298672,0 -71.4459289,43.1300337,0 -71.4460535,43.1304719,0 -71.4462795,43.131346,0 -71.4463197,43.1315194,0 -71.4463599,43.1317937,0 -71.446443,43.1328443,0 -71.44653169999999,43.1331975,0 -71.4466518,43.1335215,0 -71.4467416,43.1336932,0 -71.4468799,43.1339395,0 -71.446951,43.134054,0 -71.4470463,43.134182,0 -71.44765510000001,43.135058,0 -71.4479584,43.1354729,0 -71.4481157,43.135683,0 -71.448131,43.135704,0 -71.4484065,43.1360994,0 -71.4484571,43.1361694,0 -71.4485324,43.1362702,0 -71.4486596,43.1364404,0 -71.4488178,43.1366578,0 -71.449392,43.137437,0 -71.449704,43.1379145,0 -71.44978070000001,43.1380271999999,0 -71.4498275,43.1380858,0 -71.44993460000001,43.1382247,0 -71.4502312,43.1386095,0 -71.45050209999999,43.1389731,0 -71.4507909,43.1393451,0 -71.4510252,43.1396337,0 -71.45120319999999,43.1398578,0 -71.4512601,43.1399244,0 -71.4516204,43.1403401,0 -71.45236800000001,43.1411530000001,0 -71.4530469,43.1418888,0 -71.4531379,43.1419862999999,0 -71.4532947,43.142139,0 -71.4533358,43.1421812,0 -71.45373360000001,43.142581,0 -71.454159,43.143027,0 -71.4544059,43.1432872,0 -71.4550775,43.144008,0 -71.4552788,43.1442217999999,0 -71.45549440000001,43.144458,0 -71.4556809,43.1446631,0 -71.4559864,43.1449984,0 -71.4561623,43.1451843,0 -71.45641759999999,43.1454749,0 -71.4565052,43.1455653,0 -71.4571564,43.146269,0 -71.45728870000001,43.1464098,0 -71.4574837,43.1466006,0 -71.4576385,43.1467554,0 -71.4577693,43.1468895,0 -71.4580569,43.1471877,0 -71.45860500000001,43.1477691,0 -71.45869190000001,43.1478571,0 -71.4590606,43.1482274,0 -71.45910120000001,43.1482696,0 -71.459354,43.1485461,0 -71.45965270000001,43.1488561,0 -71.46042079999999,43.149673,0 -71.460673,43.1499514,0 -71.4610294,43.1503448,0 -71.4612431,43.1505733,0 -71.4614859,43.1508324,0 -71.4615493,43.1509001,0 -71.4618026,43.1511704,0 -71.4622887,43.1516857,0 -71.4623606,43.151766,0 -71.4629454,43.1523807,0 -71.463593,43.1530614999999,0 -71.46414110000001,43.1536321,0 -71.46473159999999,43.1542467,0 -71.4655068,43.1550537,0 -71.4656466,43.1551964,0 -71.46721700000001,43.156834,0 -71.467747,43.157381,0 -71.46788100000001,43.15752,0 -71.4681262,43.157776,0 -71.4683551,43.1580116,0 -71.4685662,43.1582237,0 -71.468836,43.158527,0 -71.4689374,43.1586265,0 -71.469121,43.158802,0 -71.46922170000001,43.1589072,0 -71.4699153,43.1596318,0 -71.47040459999999,43.1601312,0 -71.4712605,43.1610322,0 -71.471563,43.161345,0 -71.4723418,43.162154,0 -71.4732327,43.1630933,0 -71.4737071,43.1635919,0 -71.47525229999999,43.1652215000001,0 -71.47534520000001,43.1653176,0 -71.4756386,43.1656188,0 -71.475725,43.165705,0 -71.4762805,43.1662829,0 -71.47663319999999,43.1666448,0 -71.47743,43.16747,0 -71.479066,43.169185,0 -71.4791858,43.1693066,0 -71.479438,43.169575,0 -71.48005790000001,43.1702434,0 -71.48023000000001,43.170429,0 -71.4804137,43.170618,0 -71.4806133,43.1708234,0 -71.4813774,43.1716097,0 -71.482198,43.1724542,0 -71.482775,43.173048,0 -71.4834298,43.1737306,0 -71.4834912,43.1737965,0 -71.48407760000001,43.1744169,0 -71.4844791,43.1748527999999,0 -71.48466019999999,43.1750499,0 -71.48532590000001,43.1757874,0 -71.485891,43.176413,0 -71.486137,43.1766847,0 -71.486344,43.176919,0 -71.48658,43.177166,0 -71.486678,43.1772651,0 -71.4868773,43.1774456,0 -71.4870967,43.1776153,0 -71.4872443,43.1777288,0 -71.4874665,43.1778859,0 -71.48765299999999,43.1780082999999,0 -71.4877492,43.1780795,0 -71.48786339999999,43.1781572,0 -71.4879554,43.1782295,0 -71.48814710000001,43.1783576,0 -71.4884313,43.1785462,0 -71.48896480000001,43.1789481,0 -71.48913450000001,43.1790681,0 -71.4892682,43.1791678,0 -71.4894157,43.1792876,0 -71.489637,43.179485,0 -71.49003620000001,43.1798476,0 -71.490236,43.180029,0 -71.490686,43.180483,0 -71.490891,43.1807149999999,0 -71.49110400000001,43.180956,0 -71.491747,43.181744,0 -71.49223050000001,43.1823581,0 -71.4925203,43.1827193,0 -71.493075,43.1834311000001,0 -71.4946193,43.1854127,0 -71.49476300000001,43.185597,0 -71.49511800000001,43.186011,0 -71.495283,43.18618,0 -71.4954862,43.1863536,0 -71.49553,43.186391,0 -71.495805,43.186582,0 -71.496025,43.186715,0 -71.496264,43.18684,0 -71.49642900000001,43.1869170000001,0 -71.49668699999999,43.187023,0 -71.49686,43.1870829,0 -71.4970266,43.1871406,0 -71.49704800000001,43.187148,0 -71.49713629999999,43.1871725,0 -71.497394,43.187244,0 -71.49766270000001,43.1873021,0 -71.49823600000001,43.1874260000001,0 -71.498762,43.187531,0 -71.49947899999999,43.187694,0 -71.4995782,43.1877166,0 -71.5001666,43.1878507,0 -71.5003703,43.1878966,0 -71.50098010000001,43.1880352,0 -71.501013,43.1880427,0 -71.5013285,43.1881186,0 -71.5018729,43.1882511,0 -71.5020919,43.1883044,0 -71.502534,43.1884098000001,0 -71.5030732,43.1885399,0 -71.5050959,43.1890463,0 -71.50551590000001,43.189153,0 -71.5057738,43.189219,0 -71.5061417,43.1893112,0 -71.5062751,43.1893464,0 -71.5067986,43.1894794,0 -71.5074481,43.1896461,0 -71.5078342,43.1897441,0 -71.508089,43.1898114,0 -71.50836889999999,43.1898856,0 -71.5084729,43.1899132,0 -71.5089907,43.1900409,0 -71.5090204,43.1900472,0 -71.50938499999999,43.1901364,0 -71.5104542,43.1904013,0 -71.5109266,43.1905198,0 -71.5113549,43.1906266,0 -71.5116495,43.190703,0 -71.5120055,43.1907899,0 -71.51277279999999,43.1909798,0 -71.5131286,43.1910734,0 -71.51384950000001,43.1912538,0 -71.5144789,43.1914104,0 -71.5150007,43.1915432,0 -71.51504660000001,43.1915549,0 -71.51548150000001,43.1916618,0 -71.5160356,43.1917951,0 -71.51629869999999,43.1918522,0 -71.5166996,43.1919374,0 -71.5169911,43.1919945,0 -71.5172846,43.1920492,0 -71.5177241,43.1921194,0 -71.5178521,43.1921412,0 -71.5184991,43.1922539,0 -71.51864380000001,43.1922797,0 -71.51879479999999,43.1923064,0 -71.51892359999999,43.1923272999999,0 -71.5191568,43.192365,0 -71.5197955,43.1924639,0 -71.520112,43.1925181,0 -71.52035600000001,43.192557,0 -71.5207595,43.1925805,0 -71.5207899,43.1925867,0 -71.52088980000001,43.1926072,0 -71.52100419999999,43.1926307,0 -71.521113,43.192653,0 -71.521148,43.1926602,0 -71.5214151,43.1927149,0 -71.5218697,43.1928045,0 -71.522402,43.1928898,0 -71.52493800000001,43.193284,0 -71.525379,43.193361,0 -71.52563189999999,43.1933965,0 -71.5257172,43.1934109,0 -71.5258657,43.1934265,0 -71.5259174,43.1934379,0 -71.52612480000001,43.1934685,0 -71.52624520000001,43.1934965,0 -71.5263188,43.1935078,0 -71.52651609999999,43.1935606,0 -71.526713,43.193626,0 -71.52688999999999,43.1937092000001,0 -71.5270897,43.1938351,0 -71.52710999999999,43.193847,0 -71.527196,43.193906,0 -71.527252,43.193945,0 -71.52730010000001,43.1939837,0 -71.527513,43.194155,0 -71.5277449,43.1943727,0 -71.52783820000001,43.1944577999999,0 -71.5278556,43.1944742,0 -71.52798199999999,43.194594,0 -71.528088,43.194708,0 -71.5282607,43.1949042,0 -71.52844760000001,43.1951197,0 -71.5285181,43.1951966,0 -71.5285599,43.1952442000001,0 -71.52867620000001,43.1953763,0 -71.52872000000001,43.195426,0 -71.5293147,43.1960352000001,0 -71.5298579,43.1965755,0 -71.5305135,43.197164,0 -71.53056890000001,43.1972137,0 -71.5306224,43.1972545,0 -71.5306614,43.1972843,0 -71.5310156,43.1975776,0 -71.5310625,43.1976322,0 -71.53111319999999,43.1976961,0 -71.5311102,43.1977858,0 -71.53113449999999,43.1978083,0 -71.5312509,43.1979353,0 -71.5313627,43.1980573,0 -71.53143679999999,43.1981515,0 -71.53147079999999,43.1981947,0 -71.5315942,43.1983515,0 -71.53168789999999,43.1984625,0 -71.5317975,43.1985901,0 -71.5319422,43.198781,0 -71.5319992,43.1988547,0 -71.5320777,43.198946,0 -71.5324214,43.1993453,0 -71.53269830000001,43.1996791,0 -71.5329057,43.1999272,0 -71.5330379,43.2000783,0 -71.5330797,43.2001344,0 -71.53327830000001,43.2003798,0 -71.53346310000001,43.2005893,0 -71.53368469999999,43.2008404,0 -71.53395260000001,43.2011568,0 -71.5340272,43.2012478,0 -71.53409069999999,43.2013307,0 -71.5341777,43.2014365,0 -71.5342201,43.201489,0 -71.53455030000001,43.2018631,0 -71.5345954,43.2019198,0 -71.53485480000001,43.2022403,0 -71.53497,43.202387,0 -71.5351179,43.2025754,0 -71.53517119999999,43.2026647,0 -71.5352512,43.2028419,0 -71.5353187,43.202988,0 -71.535372,43.2031234,0 -71.5353983,43.2031888,0 -71.53547930000001,43.2034491,0 -71.5355386,43.2036246,0 -71.5355627,43.203696,0 -71.5355989,43.2037934000001,0 -71.5356891,43.2040976,0 -71.5356996,43.2041252,0 -71.53572629999999,43.2042391,0 -71.5357551,43.2043452,0 -71.53580409999999,43.2045217,0 -71.5358332,43.2046267,0 -71.5358849,43.2048392,0 -71.53589940000001,43.2048929,0 -71.5360103,43.2052237000001,0 -71.5360385,43.2053014,0 -71.5360792,43.2054431,0 -71.5362147,43.2059274,0 -71.5363349,43.2063461,0 -71.5363615,43.2064304,0 -71.5364373,43.2066797,0 -71.5364733,43.2068230000001,0 -71.53649919999999,43.2069025,0 -71.53652049999999,43.2069692,0 -71.5366959,43.2076056,0 -71.5367157,43.2076756,0 -71.5367976,43.2079114,0 -71.53682569999999,43.20805,0 -71.5368685,43.2082597,0 -71.5368706,43.2082984,0 -71.5369511,43.2083614,0 -71.5369773,43.208456,0 -71.53699899999999,43.2085172,0 -71.5370109,43.2085687,0 -71.5370587,43.2087149000001,0 -71.5373045,43.2094238,0 -71.537284,43.209574,0 -71.537359,43.209706,0 -71.5374578,43.2098566,0 -71.53748299999999,43.209895,0 -71.5375827,43.2100353,0 -71.5376369,43.2101116,0 -71.5377345,43.210249,0 -71.5379552,43.2105594000001,0 -71.537989,43.210607,0 -71.538236,43.2109425,0 -71.53825809999999,43.2109725,0 -71.5383976,43.2111620000001,0 -71.53844100000001,43.211221,0 -71.538455,43.2112404,0 -71.5384911,43.2112904000001,0 -71.5386085,43.2114529,0 -71.53875189999999,43.2116514,0 -71.538873,43.211819,0 -71.5389577,43.2119274,0 -71.539074,43.2120761,0 -71.5391013,43.2121165,0 -71.5392957,43.2124082,0 -71.5393773,43.2125368,0 -71.5394864,43.2126835,0 -71.5397339,43.2130113,0 -71.5398627,43.2131809,0 -71.5400722,43.2134607999999,0 -71.5401293,43.213486,0 -71.54019289999999,43.21353,0 -71.5403706,43.2137745,0 -71.54057659999999,43.2140579,0 -71.5406299,43.2141305999999,0 -71.54069560000001,43.2142202,0 -71.540701,43.2142271,0 -71.5408271,43.2143901,0 -71.5409994,43.2145,0 -71.5410177,43.2145117,0 -71.5412709,43.2146232,0 -71.542968,43.215272,0 -71.54345429999999,43.2154763,0 -71.543541,43.2155124,0 -71.5436378,43.2155616,0 -71.54368719999999,43.2155897,0 -71.5439197,43.2157222,0 -71.5440957,43.2159205,0 -71.5442783,43.216146,0 -71.5444303,43.2163032,0 -71.544631,43.21642,0 -71.54500899999999,43.216619,0 -71.5450261,43.2166273,0 -71.5453918,43.2168052,0 -71.5454257,43.2168347,0 -71.545474,43.216894,0 -71.54635279999999,43.2173368,0 -71.5467709,43.217554,0 -71.54696180000001,43.2176531,0 -71.5471557,43.2177538000001,0 -71.54748600000001,43.2179266,0 -71.5475507,43.2179585000001,0 -71.5477137,43.2180414,0 -71.5481262,43.2182513,0 -71.54831160000001,43.2183488,0 -71.5484534,43.218422,0 -71.5486748,43.218539,0 -71.5489165,43.2186632,0 -71.5490757,43.2187531,0 -71.54936499999999,43.218913,0 -71.54952299999999,43.218992,0 -71.54972600000001,43.219091,0 -71.550191,43.219351,0 -71.550231,43.2193801,0 -71.5503739,43.2194851,0 -71.5504916,43.2195967,0 -71.5505977,43.2197307,0 -71.5506321,43.2197784,0 -71.5506622,43.2198202,0 -71.5506737,43.2198331,0 -71.550758,43.2200005,0 -71.5508037,43.2200947,0 -71.55091059999999,43.2203994,0 -71.5510144,43.220733,0 -71.55106240000001,43.2208872,0 -71.55123,43.221426,0 -71.5512679,43.2215366,0 -71.55143,43.2220099999999,0 -71.5514443,43.2220431,0 -71.551574,43.2223439999999,0 -71.55175199999999,43.222669,0 -71.5521116,43.2231988,0 -71.5522047,43.223336,0 -71.55251459999999,43.2237876,0 -71.55255320000001,43.2238499,0 -71.552691,43.224053,0 -71.5528324,43.2242428,0 -71.55309,43.224532,0 -71.553343,43.2247400000001,0 -71.5534354,43.2248043,0 -71.553511,43.224857,0 -71.5535745,43.2248989000001,0 -71.5536341,43.2249383,0 -71.554979,43.225826,0 -71.5553819,43.2260906,0 -71.55568100000001,43.226386,0 -71.555774,43.2264696,0 -71.5560448,43.226713,0 -71.55629399999999,43.226937,0 -71.55636699999999,43.2270069,0 -71.557244,43.2278453,0 -71.55752680000001,43.2281157,0 -71.5577979,43.2283748,0 -71.5580223,43.2285894,0 -71.55827499999999,43.228831,0 -71.5585506,43.229122,0 -71.5586146,43.229197,0 -71.55868,43.2292655,0 -71.558792,43.229501,0 -71.558953,43.229827,0 -71.559181,43.230287,0 -71.559459,43.2308,0 -71.5596005,43.231084,0 -71.55962,43.231123,0 -71.559648,43.2311789999999,0 -71.5597448,43.2313242,0 -71.55981800000001,43.231434,0 -71.55994699999999,43.231592,0 -71.559991,43.2316419,0 -71.560024,43.231687,0 -71.560305,43.231976,0 -71.56129230000001,43.2328663,0 -71.561333,43.232903,0 -71.561798,43.233352,0 -71.56184260000001,43.2333996,0 -71.56196869999999,43.2335379,0 -71.562282,43.233879,0 -71.562738,43.234411,0 -71.562929,43.234653,0 -71.5629378,43.2346673,0 -71.5630812,43.234901,0 -71.5632597,43.235192,0 -71.5633168,43.2352851,0 -71.563402,43.235424,0 -71.563582,43.235672,0 -71.56403109999999,43.2362317,0 -71.56407299999999,43.236284,0 -71.5642433,43.2365103,0 -71.564517,43.236903,0 -71.5645746,43.2370009,0 -71.564697,43.237209,0 -71.56486820000001,43.2375543,0 -71.56494050000001,43.237733,0 -71.5650679,43.2380414999999,0 -71.56519059999999,43.2383299,0 -71.56536699999999,43.238735,0 -71.56549080000001,43.239027,0 -71.565682,43.239478,0 -71.565838,43.239749,0 -71.565899,43.239833,0 -71.565979,43.239921,0 -71.56621199999999,43.240133,0 -71.56643699999999,43.240281,0 -71.566732,43.240447,0 -71.5668539,43.2405253,0 -71.56704000000001,43.240618,0 -71.567637,43.240961,0 -71.5677704,43.2410272,0 -71.567836,43.241074,0 -71.56793589999999,43.2411359,0 -71.568015,43.241185,0 -71.568372,43.241425,0 -71.569755,43.242402,0 -71.5700358,43.2425955,0 -71.570221,43.242723,0 -71.5702593,43.2427494,0 -71.57054789999999,43.2429485,0 -71.57072700000001,43.243072,0 -71.570914,43.243233,0 -71.57103290000001,43.2433821,0 -71.57109509999999,43.2434865,0 -71.57113440000001,43.2435526,0 -71.571167,43.243633,0 -71.57128899999999,43.244033,0 -71.5714188,43.2445292,0 -71.5714421,43.2446098,0 -71.57147070000001,43.2447364,0 -71.57149,43.244863,0 -71.571533,43.2454842,0 -71.57159900000001,43.246481,0 -71.571617,43.2469625,0 -71.5716233,43.2471643,0 -71.57162700000001,43.247284,0 -71.571623,43.247674,0 -71.57159799999999,43.248308,0 -71.571609,43.248523,0 -71.571619,43.248583,0 -71.5716645,43.2487708,0 -71.57170189999999,43.2488715,0 -71.5717167,43.2488979,0 -71.57177799999999,43.248984,0 -71.5718366,43.249062,0 -71.57189700000001,43.2491424,0 -71.571923,43.249177,0 -71.572275,43.249572,0 -71.5725319,43.24986,0 -71.57271299999999,43.250063,0 -71.5729565,43.2503367,0 -71.573117,43.250517,0 -71.57337099999999,43.250816,0 -71.5737464,43.2512371,0 -71.573802,43.2512994,0 -71.5743104,43.2518698,0 -71.574406,43.251977,0 -71.57452600000001,43.252112,0 -71.574944,43.252584,0 -71.575908,43.2537144,0 -71.57593850000001,43.2537507000001,0 -71.5760506,43.2538846,0 -71.577051,43.255079,0 -71.5772077,43.2552659,0 -71.57729999999999,43.255376,0 -71.5774613,43.2555681,0 -71.577562,43.255688,0 -71.5777768,43.2559542,0 -71.57794699999999,43.2561649999999,0 -71.5780355,43.2562654000001,0 -71.578141,43.256385,0 -71.5781611,43.256411,0 -71.578272,43.256554,0 -71.5783278,43.2566165,0 -71.5784187,43.2567182,0 -71.578473,43.256779,0 -71.5785202,43.256836,0 -71.5787237,43.2570815999999,0 -71.5787794,43.2571488,0 -71.57900170000001,43.2574294,0 -71.579205,43.257686,0 -71.57935999999999,43.257871,0 -71.5795136,43.2580565,0 -71.579959,43.2585735,0 -71.5801991,43.2588476,0 -71.5802188,43.2588738999999,0 -71.58027370000001,43.2589407,0 -71.58048700000001,43.259192,0 -71.5805931,43.2593277,0 -71.58088100000001,43.259677,0 -71.580968,43.259765,0 -71.5809794,43.2597787,0 -71.581424,43.26031,0 -71.5815058,43.2604093,0 -71.58166319999999,43.2606003,0 -71.581812,43.2607846,0 -71.58184,43.260815,0 -71.58185760000001,43.2608361,0 -71.582162,43.261202,0 -71.58260199999999,43.261709,0 -71.5826758,43.2618083,0 -71.582812,43.2619598,0 -71.58315260000001,43.2623664,0 -71.58357599999999,43.262872,0 -71.583924,43.263282,0 -71.5842883,43.2637319,0 -71.5844331,43.263893,0 -71.58511369999999,43.2647121,0 -71.58541630000001,43.2650763,0 -71.5855638,43.2652538,0 -71.5856016,43.2653064,0 -71.5857632,43.2654938,0 -71.58590030000001,43.265652,0 -71.5863468,43.2661959,0 -71.5864285,43.2662942999999,0 -71.586692,43.266592,0 -71.586883,43.266823,0 -71.5869379,43.266889,0 -71.5871434,43.2671358,0 -71.587183,43.267186,0 -71.58722160000001,43.2672311,0 -71.5875712,43.2676395,0 -71.588093,43.268273,0 -71.588206,43.268402,0 -71.5883307,43.2685637,0 -71.58834400000001,43.268581,0 -71.5883913,43.2686387999999,0 -71.5886919,43.2690059,0 -71.588787,43.2691219999999,0 -71.58882250000001,43.2691622,0 -71.58896230000001,43.2693203,0 -71.589122,43.269501,0 -71.589265,43.2696746,0 -71.5893769,43.2698118,0 -71.58941849999999,43.26987,0 -71.5894594,43.2699136,0 -71.5896138,43.2700739,0 -71.58980819999999,43.2702233,0 -71.58987860000001,43.2702702,0 -71.5899478,43.2703192,0 -71.5900391,43.2703863,0 -71.5905509,43.2707629,0 -71.5906245,43.2708143,0 -71.59069150000001,43.2708633,0 -71.59083339999999,43.270963,0 -71.5910274,43.2710993,0 -71.5918495,43.2717064,0 -71.5918941,43.2717393,0 -71.59204800000001,43.271853,0 -71.59238000000001,43.2721271,0 -71.59252309999999,43.2722369,0 -71.59258579999999,43.272285,0 -71.592865,43.2724876,0 -71.5933332,43.2728274,0 -71.59394709999999,43.2732729,0 -71.59451900000001,43.273688,0 -71.5945753,43.2737303,0 -71.595573,43.274479,0 -71.5962024,43.2749541,0 -71.5962802,43.2750095,0 -71.596987,43.275532,0 -71.5971,43.275611,0 -71.597291,43.275772,0 -71.597522,43.2760009999999,0 -71.5978495,43.2763835,0 -71.59799510000001,43.2765675,0 -71.59813750000001,43.2767753,0 -71.59827180000001,43.2769935999999,0 -71.5983615,43.2771614,0 -71.59854730000001,43.2775627,0 -71.5989,43.278307,0 -71.5992378,43.2789956,0 -71.59935419999999,43.2792752,0 -71.5993658,43.2792935,0 -71.5994024,43.2793513,0 -71.5995053,43.2795318,0 -71.59952680000001,43.279558,0 -71.599628,43.279687,0 -71.59968689999999,43.2797094,0 -71.5997838,43.2797877,0 -71.59979389999999,43.2797959,0 -71.59989899999999,43.2798484,0 -71.5999336,43.2798475,0 -71.5999728,43.2798541,0 -71.60001750000001,43.2798756,0 -71.6000542,43.2799047,0 -71.6000722,43.2799334,0 -71.6000756,43.2799683,0 -71.6000713,43.2799914,0 -71.6000629,43.2800074,0 -71.6000461,43.2800314,0 -71.6000473,43.2800774,0 -71.6000526,43.2801097,0 -71.6000683,43.2801395,0 -71.6001059,43.2801992,0 -71.60014630000001,43.2802686,0 -71.6001567,43.2803079,0 -71.600199,43.2803474,0 -71.6002297,43.280384,0 -71.6002677,43.2804461,0 -71.600566,43.280835,0 -71.60063,43.280922,0 -71.6007618,43.281111,0 -71.6008033,43.2811705,0 -71.60082800000001,43.281206,0 -71.6008554,43.2812409,0 -71.6008788,43.2812706,0 -71.600979,43.281398,0 -71.60145369999999,43.2819705,0 -71.60147480000001,43.2820004,0 -71.601671,43.282278,0 -71.60183600000001,43.282491,0 -71.60204400000001,43.282774,0 -71.602108,43.282861,0 -71.602338,43.283249,0 -71.60235900000001,43.2832924,0 -71.6024611,43.2835037,0 -71.602653,43.2839010000001,0 -71.6028161,43.2842196,0 -71.60282599999999,43.284239,0 -71.60299639999999,43.2845223,0 -71.603161,43.284796,0 -71.6034148,43.2852029,0 -71.603523,43.285499,0 -71.6035353,43.2855503,0 -71.603589,43.2857741,0 -71.6036618,43.286162,0 -71.6037267,43.2864723,0 -71.60380720000001,43.2868333,0 -71.6040112,43.2876996,0 -71.60409420000001,43.2880617,0 -71.60411089999999,43.2881298,0 -71.6042025,43.2885026,0 -71.6042262,43.2886168,0 -71.60425170000001,43.2887383,0 -71.604332,43.2890993,0 -71.60436609999999,43.2892679,0 -71.6045074,43.2898522,0 -71.604636,43.2903976,0 -71.6046527,43.290466,0 -71.60475889999999,43.2909002,0 -71.6048005,43.2910703000001,0 -71.6049,43.2915008,0 -71.6050298,43.2920353,0 -71.6051269,43.2924355,0 -71.6053943,43.2935303,0 -71.60543680000001,43.2936966,0 -71.6056863,43.2947601,0 -71.6059429,43.2958262,0 -71.60600410000001,43.2960639000001,0 -71.6061101,43.296502,0 -71.6062605,43.2971127,0 -71.6063661,43.2975523,0 -71.6065488,43.2981995,0 -71.6067513,43.2989068,0 -71.6068276,43.2991483,0 -71.60697500000001,43.2996386,0 -71.607005,43.2997315,0 -71.60716619999999,43.3002326000001,0 -71.60725890000001,43.3005255,0 -71.6073038,43.3006716,0 -71.6073308,43.3007591,0 -71.60743859999999,43.301101,0 -71.60756739999999,43.3015252,0 -71.60765170000001,43.3018139,0 -71.60776799999999,43.3021697,0 -71.60802200000001,43.302805,0 -71.6082,43.303206,0 -71.6082892,43.3033743999999,0 -71.60844,43.303659,0 -71.6085695,43.3039107,0 
				
					-71.6085695,43.3039107,0 -71.6086547,43.3040207,0 -71.6087137,43.3041242,0 -71.60879420000001,43.3042501,0 -71.6088288,43.3043094,0 -71.6088733,43.3043828,0 -71.60890910000001,43.3044408999999,0 -71.60911693062606,43.30481129765087,0 -71.6094039306317,43.30529475558598,0 -71.61001400259399,43.30596457800355,0 -71.6101579,43.306126,0 -71.61036,43.3063402999999,0 -71.6107548,43.3067297,0 -71.6110786,43.3070299,0 -71.6113909,43.3073146,0 -71.6116985,43.3075758,0 -71.61181740000001,43.3076915,0 -71.6118438,43.3077117,0 -71.61201440000001,43.3078613,0 -71.6123001,43.3081137,0 -71.6126932,43.3084586000001,0 -71.6131898,43.308896,0 -71.6134204,43.3090952,0 -71.61376869999999,43.309397,0 -71.6141568,43.3097350000001,0 -71.61427329999999,43.3098373,0 -71.61473220000001,43.3102464,0 -71.6149885,43.3104685,0 -71.61510560000001,43.3105724,0 -71.61550819999999,43.3109224,0 -71.6157517,43.3111328,0 -71.61600850000001,43.3113552,0 -71.6162283,43.3115483,0 -71.6168265,43.3120619,0 -71.61714790000001,43.3123425,0 -71.61724,43.3124158,0 -71.6173707,43.312525,0 -71.61772190000001,43.3128343,0 -71.6180289,43.3130998,0 -71.6182922,43.3133275,0 -71.618708,43.313682,0 -71.6187272,43.3136983,0 -71.61991159999999,43.314705,0 -71.6202986,43.3150339,0 -71.62041809999999,43.3151355,0 -71.62048179999999,43.3151882,0 -71.6207373,43.3153956,0 -71.6209028,43.3155342,0 -71.62137199999999,43.315927,0 -71.622748,43.3170789999999,0 -71.624385,43.318406,0 -71.6251607,43.3190341,0 -71.6254182,43.3192424,0 -71.6256417,43.3194191,0 -71.6258411,43.3196468,0 -71.6267362,43.3205365,0 -71.6267726,43.3205741,0 -71.6267967,43.3205990000001,0 -71.62706350000001,43.3208741,0 -71.6273948,43.3212236,0 -71.6275991,43.3214129,0 -71.629383,43.323259,0 -71.629988,43.323888,0 -71.63094599999999,43.3248790000001,0 -71.63119469999999,43.3251788,0 -71.63136950000001,43.325385,0 -71.6316169,43.325701,0 -71.6318072,43.3259564,0 -71.631984,43.3262397,0 -71.6324564,43.3270277,0 -71.6328718,43.3277267,0 -71.6334176,43.3286385,0 -71.63370519999999,43.3291205000001,0 -71.6338355,43.3293389,0 -71.6339454,43.3295231,0 -71.6339753,43.3295734,0 -71.6345685,43.3305712,0 -71.63479510000001,43.3309638,0 -71.63515080000001,43.3316203,0 -71.6359695,43.3332188,0 -71.6360617,43.3334421,0 -71.6363443,43.3340221,0 -71.63641130000001,43.3341738,0 -71.6366613,43.3346741,0 -71.6368293,43.3349180999999,0 -71.63700230000001,43.3351531,0 -71.637466,43.335619,0 -71.638245,43.336521,0 -71.638414,43.336783,0 -71.638881,43.337503,0 -71.639504,43.338537,0 -71.6396699,43.338803,0 -71.64029410000001,43.3398036999999,0 -71.640439,43.340036,0 -71.64061820000001,43.3403363,0 -71.641108,43.341157,0 -71.6412586,43.3414558,0 -71.64130299999999,43.341544,0 -71.64146599999999,43.341946,0 -71.641578,43.342265,0 -71.64161,43.342356,0 -71.64187099999999,43.343185,0 -71.642476,43.345026,0 -71.642551,43.345252,0 -71.64293499999999,43.3465,0 -71.643091,43.347134,0 -71.64349799999999,43.3490531,0 -71.6436679,43.3498539,0 -71.6437488,43.3502406,0 -71.643815,43.350557,0 -71.6438308,43.3506318,0 -71.64392100000001,43.35106,0 -71.64402579999999,43.3515617,0 -71.644035,43.351606,0 -71.644141,43.351955,0 -71.64422399999999,43.352156,0 -71.644356,43.352416,0 -71.644547,43.352726,0 -71.644768,43.353015,0 -71.645072,43.353329,0 -71.64523199999999,43.353477,0 -71.645946,43.354095,0 -71.6461202,43.3542691,0 -71.646193,43.354352,0 -71.646323,43.3545249999999,0 -71.646401,43.354646,0 -71.646494,43.35484,0 -71.646582,43.355113,0 -71.646609,43.355253,0 -71.646624,43.355396,0 -71.646625,43.355539,0 -71.64660000000001,43.355824,0 -71.64647100000001,43.356609,0 -71.6463924,43.3572356,0 -71.646387,43.357546,0 -71.64641399999999,43.357763,0 -71.64649900000001,43.358118,0 -71.64654400000001,43.358256,0 -71.646635,43.35846,0 -71.646753,43.358664,0 -71.646816,43.35878,0 -71.646974,43.359018,0 -71.64720800000001,43.359299,0 -71.647409,43.359511,0 -71.64786700000001,43.359876,0 -71.648353,43.360199,0 -71.648825,43.360532,0 -71.649156,43.360812,0 -71.64940199999999,43.361075,0 -71.649621,43.361361,0 -71.6497749,43.3615818000001,0 -71.6498158,43.3616549,0 -71.650007,43.362128,0 -71.650114,43.362548,0 -71.65035,43.363856,0 -71.6503905,43.3640179,0 -71.65061969999999,43.3653252,0 -71.650784,43.366262,0 -71.65085500000001,43.366586,0 -71.650924,43.3669,0 -71.65104599999999,43.367316,0 -71.6518411,43.3696351,0 -71.6526011,43.3718519,0 -71.6529068,43.3727519,0 -71.6529851,43.3730864,0 -71.6530176,43.3733801,0 -71.6530456,43.3738793000001,0 -71.653015,43.374465,0 -71.6530143,43.3745138,0 -71.6530097,43.3748281,0 -71.65295380000001,43.3751869,0 -71.65290109999999,43.3754203,0 -71.6527985,43.3757639,0 -71.6523526,43.3772811,0 -71.6522588,43.3775696,0 -71.652173,43.377827,0 -71.6520975,43.3780423,0 -71.652013,43.378228,0 -71.65191299999999,43.37842,0 -71.651794,43.378602,0 -71.651546,43.3789628,0 -71.6513188,43.3793144,0 -71.651214,43.3795094,0 -71.6511371,43.3797094,0 -71.65106230000001,43.3799266,0 -71.65095460000001,43.3803526,0 -71.6507574,43.3813491,0 -71.6505516,43.3823688,0 -71.65048350000001,43.3827062,0 -71.6503479,43.383326,0 -71.6502217,43.3837473,0 -71.65013279999999,43.3839849,0 -71.6500655,43.384159,0 -71.64985040000001,43.3846258,0 -71.649331,43.385498,0 -71.64914,43.38589,0 -71.64905899999999,43.386095,0 -71.64899800000001,43.386305,0 -71.648822,43.387156,0 -71.648697,43.3875709999999,0 -71.64865,43.387688,0 -71.64853599999999,43.387974,0 -71.648343,43.388364,0 -71.64833419999999,43.3883795,0 -71.647059,43.390638,0 -71.64630699999999,43.3919580000001,0 -71.64621,43.39215,0 -71.64606860000001,43.3923938000001,0 -71.645989,43.392531,0 -71.64579999999999,43.392923,0 -71.645717,43.393124,0 -71.64559199999999,43.393543,0 -71.645557,43.393759,0 -71.645539,43.393976,0 -71.64553600000001,43.394195,0 -71.64554699999999,43.394413,0 -71.645572,43.394631,0 -71.645613,43.394845,0 -71.645764,43.395479,0 -71.64582799999999,43.39569,0 -71.645906,43.395894,0 -71.6460455,43.3962182,0 -71.6460649,43.3962633,0 -71.646079,43.3962959999999,0 -71.64618,43.39649,0 -71.646399,43.396865,0 -71.647464,43.398363,0 -71.651318,43.403782,0 -71.651364,43.403842,0 -71.651713,43.404302,0 -71.65184600000001,43.40445,0 -71.652152,43.404789,0 -71.65237399999999,43.405027,0 -71.652479,43.4051396,0 -71.65394619999999,43.406711,0 -71.65419199999999,43.406981,0 -71.65427099999999,43.407068,0 -71.6543595,43.4072054,0 -71.65446799999999,43.407374,0 -71.65459,43.407634,0 -71.655264,43.409306,0 -71.655354,43.409513,0 -71.655421,43.409623,0 -71.65549799999999,43.409769,0 -71.655582,43.4098879999999,0 -71.6558071,43.4101593,0 -71.65622999999999,43.410669,0 -71.656587,43.411124,0 -71.65666419999999,43.4112239,0 -71.656857,43.411494,0 -71.65758,43.412566,0 -71.65792399999999,43.413102,0 -71.658068,43.413348,0 -71.658182,43.413613,0 -71.65824499999999,43.413818,0 -71.658271,43.413959,0 -71.65828999999999,43.414173,0 -71.65827899999999,43.414532,0 -71.658193,43.4152479999999,0 -71.65809900000001,43.415669,0 -71.65801999999999,43.415871,0 -71.65792399999999,43.416065,0 -71.657764,43.416307,0 -71.65764299999999,43.4164559999999,0 -71.657583,43.4165300000001,0 -71.656251,43.418056,0 -71.6549255,43.4196587,0 -71.65447500000001,43.4202424,0 -71.6542726,43.4205082,0 -71.6540265,43.4208482,0 -71.6539721,43.4209327,0 -71.65386289999999,43.421107,0 -71.6537659,43.4212858,0 -71.65367860000001,43.4214743,0 -71.65359239999999,43.4216973,0 -71.6535227,43.4219167,0 -71.6534577,43.4221316,0 -71.65339729999999,43.4223414,0 -71.6533538,43.4225197,0 -71.653322,43.4226828,0 -71.653306,43.4228734,0 -71.6532977,43.423088,0 -71.65329699999999,43.4232814,0 -71.6533177,43.4234958,0 -71.65335090000001,43.4237338,0 -71.653465,43.424359,0 -71.65358980000001,43.4250453,0 -71.6536148,43.4252456,0 -71.6536208,43.4254463,0 -71.6536073,43.4256430999999,0 -71.65356629999999,43.4259011,0 -71.6534951,43.4261531,0 -71.6533933,43.4264396,0 -71.65328289999999,43.426636,0 -71.65319049999999,43.4267822,0 -71.6530807,43.4269503,0 -71.6527942,43.4273379,0 -71.65251960000001,43.427726,0 -71.65219,43.42817,0 -71.65208,43.4283250000001,0 -71.651892,43.428634,0 -71.651796,43.428832,0 -71.65164799999999,43.429244,0 -71.6515923,43.4294823,0 -71.6515675,43.4296368,0 -71.6515452,43.4298637,0 -71.6515335,43.4300353,0 -71.65154,43.430253,0 -71.65157309999999,43.4304916,0 -71.65161000000001,43.4307022000001,0 -71.651657,43.4308854,0 -71.6517298,43.4311011,0 -71.6518128,43.4312929,0 -71.6519369,43.4315333,0 -71.6520208,43.4316789,0 -71.652145,43.431873,0 -71.652513,43.432323,0 -71.6528497,43.4326817,0 -71.65305119999999,43.4328962999999,0 -71.6532941,43.4331723,0 -71.6533838,43.4332633,0 -71.6538771,43.4338147,0 -71.6541737,43.4341497,0 -71.6543973,43.4344238,0 -71.65458169999999,43.4346705,0 -71.6547473,43.4349137,0 -71.65484480000001,43.4350645,0 -71.6549057,43.4351597,0 -71.65516,43.4355656,0 -71.6553064,43.4357992,0 -71.6558252,43.436622,0 -71.65614979999999,43.4371278,0 -71.656193,43.437195,0 -71.656479,43.437622,0 -71.6566251,43.4378402,0 -71.6567033,43.4379639,0 -71.6567737,43.4380766,0 -71.6569583,43.4384038,0 -71.6571392,43.4387364,0 -71.6572177,43.4388806,0 -71.6574665,43.4393433,0 -71.65754010000001,43.439479,0 -71.65755350000001,43.4395037000001,0 -71.65763509999999,43.4396585,0 -71.6577178,43.4398207,0 -71.65786989999999,43.4400832,0 -71.65800160000001,43.4403289,0 -71.658182,43.4406489,0 -71.6582791,43.4408302000001,0 -71.658304,43.44091,0 -71.658327,43.4409519,0 -71.6583648,43.4410098000001,0 -71.65843529999999,43.4411113,0 -71.6585166,43.4412158,0 -71.6586355,43.4413625,0 -71.6586533,43.4413781,0 -71.6587346,43.4414495,0 -71.65864070000001,43.4414844,0 -71.65854229999999,43.441521,0 -71.658416,43.4415562,0 -71.65831230000001,43.4415627,0 -71.6582064,43.4415826,0 -71.6581108,43.4416095,0 -71.6565992,43.4416892,0 -71.6565039,43.441692,0 -71.6563591,43.4416936,0 -71.6563168,43.4416932,0 -71.656133,43.4416842,0 -71.6559498,43.4416688,0 -71.6557624,43.4416445,0 -71.6555571,43.4416028,0 -71.6554191,43.4415673,0 -71.6548241,43.4414053,0 -71.654642,43.4413653,0 -71.65449270000001,43.4413422,0 -71.6543532,43.4413254,0 -71.6542144,43.4413145,0 -71.65402880000001,43.4413078,0 -71.65386719999999,43.4413101999999,0 -71.6536868,43.4413218,0 -71.65332170000001,43.4413474,0 -71.6525201,43.4414033,0 -71.6523048,43.4414307,0 -71.6521367,43.4414615,0 -71.6519899,43.4414897,0 -71.6518538,43.4415285,0 -71.6516955,43.4415895999999,0 -71.6515283,43.44168,0 -71.65145099999999,43.4417184,0 -71.6513508,43.4417833,0 -71.6511734,43.4419072,0 -71.65102,43.442037,0 -71.6508869,43.4421756,0 -71.6508121,43.4422598,0 -71.6507084,43.4423767,0 -71.650633,43.4424616,0 -71.6505382,43.4425701,0 -71.6501942,43.4429511,0 -71.64992820000001,43.4432477,0 -71.64982689999999,43.44335,0 -71.6497674,43.4434014,0 -71.6497104,43.4434399,0 -71.6496465,43.4434724,0 -71.6495632,43.4435042,0 -71.64946860000001,43.4435356,0 -71.6489689,43.4437044,0 -71.6489564,43.4437085,0 -71.6488535,43.4437404,0 -71.6483516,43.4439068,0 -71.64827320000001,43.4439332,0 -71.6480668,43.4440152,0 -71.64778870000001,43.4441212,0 -71.6476114,43.4441976,0 -71.6474449,43.4442779,0 -71.647329,43.4443341,0 -71.647217,43.4443803,0 -71.64703969999999,43.4444422,0 -71.646902,43.4444789,0 -71.646738,43.4445159,0 -71.6461913,43.4446313,0 -71.64614570000001,43.4446409,0 -71.6457575,43.4447166,0 -71.6456754,43.4447327,0 -71.64560400000001,43.4447488999999,0 -71.64544549999999,43.4447849,0 -71.6451807,43.4448458000001,0 -71.6450038,43.4448881,0 -71.6443488,43.4450369,0 -71.644266,43.4450557,0 -71.64390419999999,43.4451378,0 -71.6438416,43.4451521,0 -71.64371629999999,43.4451824,0 -71.643638,43.4452044,0 -71.6434521,43.4452566,0 -71.64306860000001,43.4453776,0 -71.6428361,43.4454562,0 -71.64278590000001,43.4454766,0 -71.64273059999999,43.4454989,0 -71.6426575,43.445536,0 -71.64255300000001,43.4455954,0 -71.6424535,43.4456494,0 -71.64236529999999,43.4456972,0 -71.6423434,43.445709,0 -71.64197900000001,43.445903,0 -71.64183439999999,43.4459844,0 -71.64136379999999,43.4462482,0 -71.641228,43.446319,0 -71.64089800000001,43.446475,0 -71.6407384,43.4465340999999,0 -71.6405774,43.4465835,0 -71.6403985,43.4466242000001,0 -71.6402089,43.4466533000001,0 -71.64002480000001,43.4466729000001,0 -71.6398406,43.4466838,0 -71.63958049999999,43.4466873000001,0 -71.6394562,43.4466871,0 -71.63925209999999,43.4466869,0 -71.638527,43.4466897,0 -71.637922,43.4466818,0 -71.6368014,43.4466579,0 -71.6367206,43.4466562,0 -71.6353514,43.4466206,0 -71.6341872,43.4465991,0 -71.63311109999999,43.4465848,0 -71.6330169,43.4465836,0 -71.6328517,43.446586,0 -71.6326579,43.4465969,0 -71.63246940000001,43.446618,0 -71.63232720000001,43.446642,0 -71.6321939,43.4466711,0 -71.6320762,43.4467016,0 -71.63193200000001,43.44675,0 -71.6317176,43.4468414,0 -71.63149610000001,43.4469508000001,0 -71.63118160000001,43.4471185,0 -71.6309856,43.447209,0 -71.6307109,43.4473065,0 -71.6305101,43.4473567,0 -71.6303546,43.4473835,0 -71.6303166,43.4473901,0 -71.6302558,43.4473971999999,0 -71.63013890000001,43.4474107,0 -71.6299252,43.4474186,0 -71.6297383,43.4474141,0 -71.6295478,43.4473968,0 -71.62931740000001,43.4473709,0 -71.6289041,43.4473189,0 -71.6287167,43.4472938,0 -71.62853939999999,43.4472712,0 -71.62813610000001,43.4472177,0 -71.62783899999999,43.4471729,0 -71.62754750000001,43.4471255,0 -71.627076,43.4470381,0 -71.62693400000001,43.4470089,0 -71.626604,43.446941,0 -71.6262515,43.4468691,0 -71.6260245,43.4468228,0 -71.6257062,43.4467559,0 -71.6256752,43.4467494,0 -71.6253366,43.4466782,0 -71.6250746,43.4466305999999,0 -71.62504850000001,43.4466259,0 -71.6249198,43.4466027,0 -71.6247115,43.4465744,0 -71.62454030000001,43.4465595,0 -71.6243302,43.4465465,0 -71.6242463,43.4465479,0 -71.6240652,43.4465524,0 -71.62389469999999,43.446562,0 -71.6236847,43.4465783,0 -71.6235121,43.446597,0 -71.6233917,43.4466151,0 -71.623244,43.4466384,0 -71.62297959999999,43.4466804,0 -71.6221754,43.4468285,0 -71.6220362,43.4468548,0 -71.621985,43.446866,0 -71.62155,43.4469605,0 -71.6214075,43.446995,0 -71.6213147,43.4470165,0 -71.6212056,43.4470418,0 -71.62113600000001,43.447058,0 -71.620794,43.4471283,0 -71.62056629999999,43.4471748,0 -71.6202499,43.4472245,0 -71.620042,43.4472438,0 -71.61983410000001,43.4472529000001,0 -71.61973260000001,43.4472550999999,0 -71.61964709999999,43.4472545,0 -71.61959090000001,43.4472528,0 -71.6194765,43.4472478,0 -71.6193677,43.4472428,0 -71.61928229999999,43.4472355,0 -71.61919570000001,43.4472261,0 -71.61893240000001,43.4471931,0 -71.6186986,43.4471485,0 -71.61839209999999,43.4470756,0 -71.6180973,43.4469844,0 -71.6177838,43.4468752,0 -71.6171385,43.4466466,0 -71.616653,43.4464635,0 -71.616389,43.446364,0 -71.6163511,43.4463512,0 -71.6156953,43.4461298,0 -71.61551799999999,43.44607,0 -71.615083,43.445924,0 -71.61440899999999,43.445711,0 -71.6132243,43.4453371999999,0 -71.6126161,43.4451453,0 -71.61250099999999,43.445109,0 -71.611569,43.444812,0 -71.6110492,43.4446815,0 -71.6098686,43.4444076,0 -71.6093307,43.4442817,0 -71.60814860000001,43.4439951,0 -71.6076192,43.4438676999999,0 -71.6071385,43.4437459,0 -71.6065894,43.4436052,0 -71.60634709999999,43.4435431,0 -71.6057589,43.443398,0 -71.604252,43.4430088,0 -71.6038854,43.4429141,0 -71.60358789999999,43.4428373,0 -71.6034633,43.4428101,0 -71.6024594,43.4425617,0 -71.6023266,43.4425274,0 -71.6018801,43.4424223999999,0 -71.6016041,43.4423589,0 -71.60158079999999,43.4423536,0 -71.60154300000001,43.442345,0 -71.60136610000001,43.442307,0 -71.60098000000001,43.4422356,0 -71.6005681,43.4421746000001,0 -71.600122,43.4421241,0 -71.59973359999999,43.442093,0 -71.59925680000001,43.4420648000001,0 -71.59917280000001,43.4420609,0 -71.59881110000001,43.4420629,0 -71.5985684,43.4420706,0 -71.5983633,43.4420881,0 -71.5979342,43.4421389,0 -71.59765299999999,43.4421855,0 -71.597397,43.4422422000001,0 -71.59702660000001,43.4423622,0 -71.59603439999999,43.4427369,0 -71.5954971,43.4429384,0 -71.5953315,43.4429968,0 -71.5951671,43.4430528,0 -71.5950509,43.4430899,0 -71.5949059,43.4431361,0 -71.5938242,43.4434248,0 -71.5936165,43.4434783,0 -71.59341070000001,43.4435313,0 -71.59318690000001,43.4435603,0 -71.5930031,43.4435585,0 -71.5928103,43.4435356,0 -71.5925944,43.44349,0 -71.5918255,43.4432657,0 -71.5917673,43.4432487,0 -71.59167119999999,43.4432201,0 -71.59158669999999,43.4431865,0 -71.5910061,43.442956,0 -71.5908544,43.4428957,0 -71.5901341,43.4426181,0 -71.58988050000001,43.4425175,0 -71.5898103,43.44249,0 -71.58929879999999,43.4422898,0 -71.58908150000001,43.4422193,0 -71.58903479999999,43.4422077,0 -71.5886807,43.4421305,0 -71.5885397,43.4421372,0 -71.5884679,43.4421505,0 -71.58829179999999,43.4421989,0 -71.5881741,43.4422437,0 -71.5881059,43.4422526,0 -71.5880346,43.4422659,0 -71.5877344,43.4423353,0 -71.58750000000001,43.4424062,0 -71.5873242,43.4424938,0 -71.5871731,43.4425926,0 -71.5870439,43.4426939,0 -71.5869208,43.4428534,0 -71.58688530000001,43.4429104,0 -71.58688100000001,43.4429172,0 -71.58657049999999,43.4434149999999,0 -71.58628830000001,43.4439238,0 -71.5862084,43.4440401,0 -71.5861033,43.4441692,0 -71.5859858,43.4442893,0 -71.5858437,43.4444019,0 -71.5857015,43.4445055,0 -71.5855518,43.4446002,0 -71.585402,43.4446904,0 -71.5852009,43.4447936,0 -71.58501219999999,43.4448833,0 -71.58486360000001,43.4449396,0 -71.5845723,43.4450099,0 -71.5843818,43.445043,0 -71.5839849,43.4450838999999,0 -71.5835745,43.4451228,0 -71.5833143,43.4451481,0 -71.5831158,43.4451735,0 -71.5830508,43.4451858,0 -71.58292470000001,43.4452097,0 -71.5828526,43.4452233,0 -71.5826017,43.4453021,0 -71.5821076,43.4455063,0 -71.58171729999999,43.4456689,0 -71.5815939,43.4457203,0 -71.5814633,43.4457748,0 -71.5811521,43.4459044,0 -71.5810054,43.4459655,0 -71.5805654,43.4461259,0 -71.57993999999999,43.4463104,0 -71.57973939999999,43.4463664,0 -71.579626,43.4463949,0 -71.57930279999999,43.4464882,0 -71.5789566,43.446625,0 -71.5786556,43.4467832,0 -71.57838479999999,43.446972,0 -71.57817559999999,43.4471698,0 -71.5778916,43.4474589,0 -71.5777683,43.4475817,0 -71.5770878,43.448253,0 -71.5769908,43.4483576,0 -71.5765584,43.4488234999999,0 -71.576352,43.449046,0 -71.5761079,43.4493653,0 -71.57584900000001,43.4497038,0 -71.5755219,43.450088,0 -71.5752883,43.4503383,0 -71.5751183,43.4505037999999,0 -71.5750096,43.4506096,0 -71.5747348,43.450843,0 -71.57451570000001,43.4509428,0 -71.5738901,43.4513571,0 -71.5737771,43.451432,0 -71.57368049999999,43.4514934,0 -71.5735885,43.4515505,0 -71.57345100000001,43.451636,0 -71.5731794,43.4518056,0 -71.5728658,43.451984,0 -71.57246499999999,43.452212,0 -71.57218279999999,43.4523776,0 -71.572107,43.452422,0 -71.572011,43.452479,0 -71.57114799999999,43.452992,0 -71.57034729999999,43.4534435,0 -71.569757,43.453811,0 -71.5696485,43.4538738,0 -71.5683471,43.4546269,0 -71.56793209999999,43.4548578,0 -71.5676879,43.4549937,0 -71.5675535,43.4550775,0 -71.566782,43.455531,0 -71.5662949,43.4558176,0 -71.5659208,43.4560271,0 -71.5658159,43.4560845,0 -71.5656628,43.4561602,0 -71.5654114,43.4562733999999,0 -71.56525689999999,43.4563508,0 -71.56512050000001,43.4564249,0 -71.56503069999999,43.4565377,0 -71.5650117,43.4565452,0 -71.5648656,43.4566034,0 -71.5646596,43.4566953,0 -71.5645789,43.4567265,0 -71.5643034,43.4568329,0 -71.56410289999999,43.4569104,0 -71.563986,43.4569556,0 -71.56361750000001,43.4570952,0 -71.5633052,43.4572135,0 -71.5627447,43.4574258,0 -71.56243569999999,43.4575429,0 -71.5617905,43.4577874,0 -71.5615707,43.4578707,0 -71.5614815,43.4579045,0 -71.561375,43.4579448,0 -71.5612806,43.4579806,0 -71.56098679999999,43.4580919,0 -71.56032260000001,43.4583435,0 -71.55913169999999,43.4587947,0 -71.5581102,43.4591877,0 -71.55773550000001,43.4593197,0 -71.5573546,43.4594473000001,0 -71.55646040000001,43.4596927999999,0 -71.55556,43.4599159,0 -71.55509600000001,43.460013,0 -71.5545194,43.4601341999999,0 -71.55444610000001,43.460148,0 -71.5531627,43.4603904,0 -71.5519925,43.4606114,0 -71.55176710000001,43.4606539,0 -71.5514824,43.4607164,0 -71.55120220000001,43.4607896999999,0 -71.5509004,43.4608943,0 -71.55068780000001,43.4609797999999,0 -71.5503569,43.461143,0 -71.55005679999999,43.4613286,0 -71.5497967,43.4615411,0 -71.5495736,43.4617625,0 -71.5493457,43.4620813,0 -71.5491794,43.4624226,0 -71.5490624,43.4627683,0 -71.54897,43.463114,0 -71.54876899999999,43.4640899999999,0 -71.5487074,43.4643817,0 -71.54863039999999,43.4646735,0 -71.5485721,43.4648333,0 -71.5485504,43.4648927,0 -71.5484549,43.465117,0 -71.5484335,43.4651672,0 -71.5482576,43.4654749,0 -71.548078,43.465751,0 -71.5478506,43.4660948,0 -71.5475685,43.4665751,0 -71.5469514,43.4675205,0 -71.54687439999999,43.4676321,0 -71.54587739999999,43.4690775,0 -71.54567230000001,43.4693875,0 -71.5456508,43.4694162,0 -71.5454199,43.4697248,0 -71.5453754,43.4697843,0 -71.5450599,43.470181,0 -71.5443911,43.4709781,0 -71.544207,43.47119,0 -71.544,43.471494,0 -71.543873,43.47174,0 -71.54368650000001,43.4722408,0 -71.5436097,43.4726205,0 -71.54356660000001,43.472926,0 -71.54348210000001,43.4735186,0 -71.5434204,43.4739513,0 -71.5433436,43.4744906000001,0 -71.5432969,43.4748183,0 -71.5432745,43.4749755,0 -71.54324200000001,43.4751258,0 -71.5432258,43.4752010000001,0 -71.543171,43.4754043,0 -71.54310099999999,43.4755849,0 -71.54285969999999,43.4762072,0 -71.5427787,43.4764162,0 -71.5425237,43.4770741,0 -71.542478,43.477192,0 -71.54226199999999,43.477658,0 -71.542097,43.47798,0 -71.54173299999999,43.478529,0 -71.54150919999999,43.4788747,0 -71.541359,43.479074,0 -71.5412199,43.4792762,0 -71.541026,43.479558,0 -71.5409722,43.4796386,0 -71.540735,43.479996,0 -71.540532,43.480294,0 -71.540434,43.480433,0 -71.53979820000001,43.4813297,0 -71.539635,43.48156,0 -71.5395583,43.4816730000001,0 -71.5389034,43.4826376,0 -71.538639,43.483027,0 -71.5384861,43.4832398,0 -71.538371,43.4834,0 -71.5381891,43.4836183,0 -71.53797900000001,43.4838314,0 -71.537879,43.4839203,0 -71.5377653,43.4840215,0 -71.5375233,43.4842013000001,0 -71.5372868,43.484363,0 -71.5370291,43.4845144,0 -71.5367713,43.4846517,0 -71.5366202,43.4847215,0 -71.5364939,43.4847838,0 -71.536342,43.4848395,0 -71.53616479999999,43.4849027,0 -71.53598409999999,43.4849593,0 -71.5358896,43.4849893,0 -71.5353775,43.4851491,0 -71.534829,43.485323,0 -71.5341184,43.4855459,0 -71.5333183,43.4857829,0 -71.5332068,43.4858131000001,0 -71.5325553,43.4859943,0 -71.53166299999999,43.4862191,0 -71.531418,43.4862821,0 -71.5312598,43.4863227,0 -71.5306911,43.4864688,0 -71.53037190000001,43.4865595,0 -71.5301599,43.4866278,0 -71.529962,43.486696,0 -71.5297894,43.4867774,0 -71.52968920000001,43.4868342,0 -71.52956759999999,43.4869031,0 -71.5294677,43.4869597,0 -71.5292668,43.4870855,0 -71.5290732,43.4872346,0 -71.5289854,43.4873101,0 -71.5288484,43.4874406,0 -71.52872379999999,43.4875710000001,0 -71.5286026,43.4877221,0 -71.5285741,43.4877577,0 -71.52845840000001,43.4879466,0 -71.5283842,43.4880768,0 -71.52803590000001,43.4886877,0 -71.5277475,43.4892171,0 -71.52763210000001,43.4894287999999,0 -71.5273112,43.4900402,0 -71.52681440000001,43.4908624,0 -71.52679759999999,43.4908902,0 -71.5263875,43.4914885,0 -71.5257611,43.4923556,0 -71.5256823,43.4924614999999,0 -71.5255707,43.4925909999999,0 -71.52544039999999,43.4927138,0 -71.5253055,43.4928297,0 -71.52514720000001,43.4929423,0 -71.52496859999999,43.4930528,0 -71.5247713,43.4931532,0 -71.5245554,43.4932416999999,0 -71.52433019999999,43.4933133,0 -71.52412030000001,43.4933708,0 -71.52394529999999,43.4934055,0 -71.52312689999999,43.493607,0 -71.52241100000001,43.4937832,0 -71.5222474,43.4938255,0 -71.5220807,43.4938704,0 -71.5219439,43.4939101,0 -71.5218071,43.4939533,0 -71.52161769999999,43.4940252000001,0 -71.52137,43.4941253,0 -71.5211535,43.4942297,0 -71.52097740000001,43.4943312,0 -71.52080340000001,43.4944401,0 -71.5206764,43.4945396,0 -71.5204914,43.4946943,0 -71.5202828,43.4948941000001,0 -71.52009049999999,43.4950938,0 -71.5199868,43.4952132,0 -71.5199429,43.4952638,0 -71.5197994,43.4954338,0 -71.5196803,43.4956051,0 -71.51957350000001,43.4957764,0 -71.51951529999999,43.4958801,0 -71.51943180000001,43.4960264,0 -71.5193606,43.4961698000001,0 -71.51930489999999,43.4962891,0 -71.51925730000001,43.4964084,0 -71.5192041,43.4965609,0 -71.51916300000001,43.4967135,0 -71.5189044,43.4976543,0 -71.518799,43.498038,0 -71.51871180000001,43.4983469,0 -71.5186491,43.4985724,0 -71.5185987,43.4987231,0 -71.51853610000001,43.4988737999999,0 -71.5184872,43.4989808,0 -71.5183742,43.4991894,0 -71.51821409999999,43.4994171,0 -71.51820119999999,43.4994354,0 -71.5180232,43.4996245,0 -71.517854,43.4997794,0 -71.5175442,43.5000094,0 -71.51727579999999,43.5001765,0 -71.5170741,43.5002887,0 -71.5165604,43.5005746,0 -71.5156422,43.5010855,0 -71.51509780000001,43.5013883,0 -71.51440530000001,43.5017684,0 -71.5143341,43.5018087,0 -71.51382460000001,43.5020972,0 -71.5137368,43.5020808,0 -71.51348830000001,43.5021547,0 -71.5133154,43.5021973,0 -71.51318689999999,43.5022221,0 -71.5130654,43.5022383000001,0 -71.51295589999999,43.5022415,0 -71.5127372,43.5022479,0 -71.5124455,43.5022444,0 -71.5122392,43.5022301,0 -71.5120149,43.5022158,0 -71.51083319999999,43.5019617000001,0 -71.5103069,43.5018466,0 -71.5099771,43.501782,0 -71.50965619999999,43.5017282,0 -71.5094361,43.5017075,0 -71.50906790000001,43.5017005999999,0 -71.50886989999999,43.5017153999999,0 -71.5087427,43.5017249,0 -71.50841560000001,43.5017742000001,0 -71.5081129,43.5018442,0 -71.5078209,43.5019298,0 -71.5076639,43.5019905,0 -71.50761060000001,43.502014,0 -71.507288,43.5021634,0 -71.5069704,43.5023443,0 -71.5059777,43.5029093,0 -71.5053633,43.5032548,0 -71.50486410000001,43.5035662,0 -71.5046959,43.5036826,0 -71.50440740000001,43.5039189,0 -71.5043069,43.5039988,0 -71.5042133,43.5040833,0 -71.5039543,43.5043495,0 -71.5037708,43.5045314,0 -71.50357579999999,43.5047307,0 -71.5033808,43.5049299999999,0 -71.50323590000001,43.5050739,0 -71.5031528,43.5051552999999,0 -71.5031364,43.5051714,0 -71.50302859999999,43.5052768,0 -71.5028183,43.5054878,0 -71.502304,43.5059804,0 -71.5021672,43.5061124000001,0 -71.5019333,43.5063348,0 -71.501811,43.5064659,0 -71.50151820000001,43.5067797,0 -71.5006326,43.5076564000001,0 -71.5000692,43.5082142,0 -71.4991141,43.5091597,0 -71.498622,43.5096468,0 -71.4982048,43.5100598,0 -71.49815150000001,43.5101126,0 -71.4978292,43.5104315,0 -71.49679980000001,43.5114505,0 -71.4965306,43.511717,0 -71.4963188,43.5119307,0 -71.49596870000001,43.512284,0 -71.495839,43.5124173,0 -71.4953905,43.5128461,0 -71.4950661,43.5130843,0 -71.4949105,43.5131791,0 -71.49478209999999,43.5132573,0 -71.4945551,43.5133611,0 -71.4944649,43.5134044,0 -71.4941419,43.5135296,0 -71.4939459,43.5135934,0 -71.4937434,43.5135608,0 -71.4932421,43.5136433,0 -71.49321399999999,43.5136473,0 -71.4930516,43.5136729,0 -71.4928146,43.5137061,0 -71.4921947,43.513774,0 -71.4917332,43.5138388,0 -71.4914812,43.5138742,0 -71.49117010000001,43.5139325,0 -71.4909385,43.5139759,0 -71.4904781,43.5141258999999,0 -71.4904365,43.5141395,0 -71.4902397,43.5142188,0 -71.49004619999999,43.5143061,0 -71.48971899999999,43.5145095,0 -71.48937960000001,43.5147704,0 -71.4891519,43.5150062,0 -71.4890183,43.5151553,0 -71.48899539999999,43.5151949,0 -71.4886743,43.5156047,0 -71.4886135,43.5156776,0 -71.48845540000001,43.5157724000001,0 -71.4881711,43.5160992,0 -71.4881038,43.5161506,0 -71.4879672,43.51621,0 -71.4878331,43.5162334,0 -71.48772289999999,43.5162401,0 -71.4876371,43.5162304,0 -71.4875325,43.516207,0 -71.4874413,43.5161817,0 -71.4873635,43.5161526,0 -71.4865588,43.5158063,0 -71.4863304,43.5157937,0 -71.48583240000001,43.5155906000001,0 -71.4853001,43.5154267,0 -71.4848985,43.5153223,0 -71.4844478,43.51525,0 -71.4841034,43.5152179,0 -71.4836774,43.5151989,0 -71.4832523,43.5151799,0 -71.4828673,43.5151932,0 -71.4824292,43.5152348,0 -71.48197279999999,43.515297,0 -71.4813879,43.5154018,0 -71.4802219,43.5156319,0 -71.4797748,43.5157027,0 -71.4793348,43.5157829,0 -71.4788884,43.5158501999999,0 -71.4784465,43.5158975,0 -71.4780004,43.5159254,0 -71.4775351,43.5159329,0 -71.4772352,43.5159307,0 -71.4767823,43.5159031,0 -71.47631730000001,43.5158486000001,0 -71.4758667,43.5157778,0 -71.4752958,43.5156609,0 -71.47471400000001,43.5155256,0 -71.4737726,43.5152201000001,0 -71.4728844,43.5149539,0 -71.47040730000001,43.5142289,0 -71.4692381,43.513881,0 -71.4688915,43.5137756,0 -71.4679565,43.5134918,0 -71.4671539,43.5132631000001,0 -71.4666826,43.5131517,0 -71.4663228,43.5130708,0 -71.465402,43.5129046,0 -71.464945,43.5128446,0 -71.4642163,43.5127616,0 -71.4625765,43.5125982,0 -71.46148479999999,43.5124914,0 -71.460114,43.512359,0 -71.45921970000001,43.5122885,0 -71.4584401,43.5122249,0 -71.458105,43.5122065,0 -71.4579097,43.5121971,0 -71.4576118,43.5121917,0 -71.4572089,43.5122246000001,0 -71.4568388,43.5122735,0 -71.4565518,43.5123204,0 -71.4561571,43.5124064,0 -71.4559062,43.5124736,0 -71.4554122,43.5126428,0 -71.45499940000001,43.5128261,0 -71.4546828,43.5129814,0 -71.4542792,43.5132209,0 -71.45403640000001,43.5133840999999,0 -71.4538185,43.5135651,0 -71.4536296,43.5137251,0 -71.4533666,43.5139859,0 -71.4531341,43.5142655,0 -71.4526159,43.5149783000001,0 -71.4521532,43.5156205,0 -71.4509434,43.5173013000001,0 -71.4508701,43.5173888,0 -71.4507213,43.5176169,0 -71.4500642,43.5185135,0 -71.44951,43.5192802,0 -71.4488741,43.5201773,0 -71.4480421,43.5213367,0 -71.4471842,43.5225096,0 -71.4466171,43.523285,0 -71.4463791,43.5236252,0 -71.4460158,43.5241265000001,0 -71.4457331,43.5245361,0 -71.4453906,43.525042,0 -71.44503090000001,43.5255929,0 -71.44386129999999,43.5277716,0 -71.44358680000001,43.5281767,0 -71.44349630000001,43.5284203,0 -71.44330650000001,43.5288368,0 -71.443066,43.5293715,0 -71.4427644,43.5300972,0 -71.44231569999999,43.5311988,0 -71.44222259999999,43.5314128,0 -71.441731,43.5325492,0 -71.4409472,43.5344193,0 -71.4406761,43.5350194,0 -71.4405155,43.5354365,0 -71.44043929999999,43.5355735,0 -71.4403934,43.5356801,0 -71.4403476,43.5357867,0 -71.4401922,43.5361174,0 -71.4399286,43.536759,0 -71.4392306,43.5384288,0 -71.4390793,43.538845,0 -71.4389649,43.5391986,0 -71.4388809,43.5395031,0 -71.4388187,43.5398106,0 -71.438751,43.5401933,0 -71.43872140000001,43.5403739,0 -71.4386708,43.5408151,0 -71.4386567,43.5411437,0 -71.4386574,43.5415851,0 -71.4386806,43.542001,0 -71.43898950000001,43.5442142,0 -71.43910959999999,43.5450517,0 -71.4392649,43.5461898,0 -71.4392928,43.5467153,0 -71.43927499999999,43.5471637,0 -71.4391842,43.5477143,0 -71.4390168,43.5482634,0 -71.4387941,43.5487648,0 -71.4385752,43.5491641,0 -71.43833100000001,43.5495418,0 -71.43807700000001,43.5498759,0 -71.4378506,43.55014,0 -71.4375922,43.5504052,0 -71.4374316,43.5505554,0 -71.4372712,43.5506942,0 -71.4357571,43.5518941,0 -71.4341526,43.5531587,0 -71.4324087,43.5545211,0 -71.4319021,43.5549374,0 -71.431534,43.5552828,0 -71.4312097,43.5556564,0 -71.43094120000001,43.5560509,0 -71.43072600000001,43.5564598,0 -71.4306054,43.5567809,0 -71.43051130000001,43.5571052,0 -71.4304556,43.5574417,0 -71.430435,43.5577862,0 -71.43044449999999,43.5580962,0 -71.4304929,43.5584691,0 -71.4306102,43.558892,0 -71.4307592,43.5592759,0 -71.4309109,43.559604,0 -71.4311314,43.5600751,0 -71.4318243,43.5614984,0 -71.43212800000001,43.5621223,0 -71.4324009,43.5627702,0 -71.43254520000001,43.56308,0 -71.43282050000001,43.563656,0 -71.43293490000001,43.5638705,0 -71.4332709,43.5645808,0 -71.4337675,43.5656063,0 -71.4340826,43.5662713,0 -71.43419539999999,43.5665048,0 -71.434355,43.5668624,0 -71.434415,43.5670362,0 -71.43444270000001,43.5672283,0 -71.43443000000001,43.5673423,0 -71.434403,43.5674347,0 -71.4343542,43.5675316,0 -71.4342979,43.5676132,0 -71.4342103,43.5677006,0 -71.4341198,43.5677649,0 -71.43400149999999,43.5678273,0 -71.4339051,43.5678618,0 -71.43375020000001,43.5679017,0 -71.4336041,43.5679188,0 -71.43344980000001,43.5679219,0 -71.4333465,43.5679095,0 -71.4332541,43.5678909,0 -71.433148,43.5678629,0 -71.43306699999999,43.5678367,0 -71.4329927,43.5677969,0 -71.43290330000001,43.5677432,0 -71.432827,43.5676847,0 -71.4327639,43.5676166,0 -71.4327177,43.5675537,0 -71.4326703,43.567466,0 -71.4326447,43.5673939,0 -71.4326308,43.5673557,0 -71.43262470000001,43.5672423,0 -71.4326435,43.5671501,0 -71.4326702,43.5670636,0 -71.43274580000001,43.5669493,0 -71.43284130000001,43.5668474,0 -71.43295569999999,43.5667595,0 -71.4331009,43.5666909999999,0 -71.4332155,43.5666561,0 -71.43340860000001,43.5666036,0 -71.43369559999999,43.5665472,0 -71.4338439,43.5664923,0 -71.4339707,43.5664327,0 -71.4343423,43.5663689,0 -71.4345794,43.566322,0 -71.4349404,43.5662418000001,0 -71.4352186,43.5661649,0 -71.4355346,43.5660675,0 -71.4357456,43.5659982,0 -71.43595259999999,43.5659247,0 -71.436136,43.5658511,0 -71.4364109,43.56574,0 -71.4366423,43.565636,0 -71.4368652,43.5655274,0 -71.43713870000001,43.5653832,0 -71.4374121,43.5652313,0 -71.4376632,43.5650824,0 -71.438013,43.5648729,0 -71.438558,43.564544,0 -71.4389051,43.5643338,0 -71.4392033,43.5641526,0 -71.4394266,43.5640226,0 -71.4396498,43.5638927,0 -71.4397586,43.5638367,0 -71.4398865,43.563772,0 -71.4400928,43.5636708,0 -71.44026890000001,43.5635903,0 -71.4404579,43.5635114,0 -71.4406549,43.5634363,0 -71.4408413,43.563372,0 -71.4410827,43.5632991,0 -71.4413349,43.563225,0 -71.4415699,43.563169,0 -71.44176,43.5631257,0 -71.4419393,43.5630933,0 -71.4420643,43.5630712,0 -71.44224370000001,43.5630419,0 -71.4424386,43.563022,0 -71.44265009999999,43.5630004,0 -71.4428707,43.5629872000001,0 -71.4431299,43.5629772,0 -71.44336749999999,43.5629741,0 -71.443735,43.5629722,0 -71.443997,43.562969,0 -71.44449280000001,43.5629653000001,0 -71.44500240000001,43.5629629,0 -71.4456333,43.5629478,0 -71.446352,43.5629238,0 -71.4466693,43.5629098,0 -71.44717199999999,43.5628701,0 -71.4473852,43.5628485,0 -71.447515,43.5628327,0 -71.4477567,43.5628071,0 -71.4482383,43.5628449000001,0 -71.4484143,43.5628946,0 -71.4484873,43.562937,0 -71.44851730000001,43.5629544,0 -71.44858979999999,43.5630664,0 -71.448611,43.5632011,0 -71.44865009999999,43.5633338,0 -71.448606,43.5636468000001,0 -71.44857469999999,43.5637702,0 -71.4484724,43.5642012,0 -71.4484205,43.5644281,0 -71.4483748,43.5646076,0 -71.44836340000001,43.5646524,0 -71.44830090000001,43.5648976,0 -71.4482656,43.5650414,0 -71.4482426,43.5651351,0 -71.4481902,43.5653523,0 -71.4481574,43.5654985,0 -71.44810289999999,43.5657043,0 -71.448083,43.56579,0 -71.4479695,43.5662801,0 -71.4479358,43.5664024,0 -71.447875,43.5666574,0 -71.44779990000001,43.5669842,0 -71.44773069999999,43.5672969,0 -71.4476963,43.5676277,0 -71.4477029,43.5677515,0 -71.4477674,43.5680179,0 -71.4479152,43.5683194,0 -71.448075,43.56856,0 -71.448274,43.568774,0 -71.44901400000001,43.569392,0 -71.44931800000001,43.569652,0 -71.450255,43.570452,0 -71.45039800000001,43.57063,0 -71.45067950000001,43.5711008,0 -71.4508482,43.5714708,0 -71.45119269999999,43.5722645,0 -71.45159099999999,43.573182,0 -71.451694,43.573462,0 -71.45191920000001,43.574447,0 -71.4519906,43.57459,0 -71.4520413,43.574688,0 -71.4521563,43.5749101,0 -71.4525704,43.5755766,0 -71.45285730000001,43.5760026000001,0 -71.452956,43.57615,0 -71.4530625,43.5762879,0 -71.4531892,43.5765293,0 -71.4533318,43.5768927999999,0 -71.4534237,43.5771841000001,0 -71.45352250000001,43.5775427,0 -71.4535946,43.5778314,0 -71.45363399999999,43.577989,0 -71.45423099999999,43.579982,0 -71.4543225,43.5804596,0 -71.4543602,43.5807174,0 -71.454369,43.581205,0 -71.45436719999999,43.5812596,0 -71.45434899999999,43.581796,0 -71.45432769999999,43.5826271,0 -71.4543657,43.583131,0 -71.4544278,43.5833864,0 -71.45451199999999,43.583795,0 -71.454662,43.5843059999999,0 -71.454905,43.585127,0 -71.4549359,43.585201,0 -71.455158,43.58576,0 -71.455251,43.585902,0 -71.45526700000001,43.585919,0 -71.455449,43.586113,0 -71.455579,43.586225,0 -71.455972,43.586434,0 -71.456266,43.586574,0 -71.456523,43.58668,0 -71.456891,43.586808,0 -71.45746800000001,43.587064,0 -71.457639,43.587148,0 -71.457718,43.5871869999999,0 -71.4578707,43.5872841,0 -71.45810899999999,43.587459,0 -71.45834739999999,43.5876258999999,0 -71.45856209999999,43.5878457,0 -71.45858990000001,43.587868,0 -71.4587779,43.5880724,0 -71.45895400000001,43.5883020000001,0 -71.45909,43.588423,0 -71.459464,43.58871,0 -71.459656,43.5888,0 -71.45976899999999,43.588853,0 -71.45999999999999,43.588938,0 -71.460356,43.589069,0 -71.460494,43.589129,0 -71.4608731,43.5893259,0 -71.46113800000001,43.58948,0 -71.4611893,43.5895253,0 -71.461377,43.5896910000001,0 -71.461423,43.589744,0 -71.46156499999999,43.58991,0 -71.461758,43.590158,0 -71.461837,43.5903,0 -71.46195899999999,43.590596,0 -71.46204299999999,43.590955,0 -71.46210019999999,43.5912683,0 -71.46216099999999,43.5917179999999,0 -71.4625623,43.5934866,0 -71.4625897,43.593686,0 -71.4625975,43.5938901,0 -71.4625879,43.5940292,0 -71.4625832,43.5940970999999,0 -71.46252,43.594304,0 -71.462447,43.59449,0 -71.462373,43.594643,0 -71.462243,43.594849,0 -71.46202700000001,43.595129,0 -71.461715,43.5954183,0 -71.461519,43.5956,0 -71.461446,43.595647,0 -71.46126599999999,43.595762,0 -71.46095800000001,43.595934,0 -71.460657,43.596056,0 -71.46015199999999,43.596276,0 -71.4596205,43.5964962,0 -71.4591341,43.5966873,0 -71.45781599999999,43.59722,0 -71.4575176,43.5973515,0 -71.45662900000001,43.597743,0 -71.4564427,43.5978429999999,0 -71.456289,43.597931,0 -71.45613830000001,43.5980277,0 -71.456013,43.598116,0 -71.455686,43.59838,0 -71.455521,43.598559,0 -71.455341,43.5988099999999,0 -71.45512600000001,43.599201,0 -71.455035,43.599471,0 -71.454988,43.5997231,0 -71.454977,43.599793,0 -71.45499100000001,43.600102,0 -71.455017,43.600293,0 -71.455033,43.600971,0 -71.454975,43.601425,0 -71.454925,43.601639,0 -71.4548559,43.6020178,0 -71.45477940000001,43.6024374000001,0 -71.454702,43.602862,0 -71.45463460000001,43.603019,0 -71.45460629999999,43.6030757,0 -71.45459339999999,43.6031015,0 -71.4545608,43.6031529,0 -71.45452109999999,43.6032011,0 -71.4544801,43.6032211,0 -71.45443659999999,43.6032509,0 -71.4544109,43.6032769,0 -71.4543997,43.6033137999999,0 -71.4544039,43.603357,0 -71.45442490000001,43.603396,0 -71.454455,43.6034226,0 -71.4544994,43.6034439,0 -71.45456710000001,43.6034605,0 -71.4546321,43.6034637,0 -71.4546912,43.6034576,0 -71.4547554,43.603476,0 -71.4548181,43.6035017,0 -71.4549025,43.6035363,0 -71.4550809,43.6035881,0 -71.455147,43.6036172,0 -71.4552896,43.6036722,0 -71.4560626,43.6039301,0 -71.4561398,43.6039564,0 -71.45641500000001,43.604042,0 -71.45656,43.604081,0 -71.456688,43.6041086,0 -71.4567929,43.6041326,0 -71.4568436,43.6041454,0 -71.4570592,43.6041877,0 -71.4571954,43.6042148,0 -71.4573206,43.6042383,0 -71.45804390000001,43.6043779,0 -71.45879499999999,43.6045268,0 -71.45919000000001,43.6046044,0 -71.460309,43.604834,0 -71.4612091,43.6050405,0 -71.46158490000001,43.6051232,0 -71.46306130000001,43.6054604,0 -71.4632332,43.6055016,0 -71.4635499,43.6055686,0 -71.4642123,43.6057089,0 -71.4643585,43.6057485,0 -71.4644787,43.605784,0 -71.4646188,43.6058298,0 -71.4648454,43.6059141,0 -71.464969,43.605971,0 -71.46521,43.606106,0 -71.465514,43.606296,0 -71.465639,43.606389,0 -71.4662051,43.6068218,0 -71.466255,43.60686,0 -71.466323,43.6069120000001,0 -71.466674,43.6071417,0 -71.466818,43.6072298,0 -71.467625,43.607718,0 -71.469483,43.608804,0 -71.470009,43.609094,0 -71.470309,43.609251,0 -71.470783,43.609464,0 -71.47144900000001,43.609716,0 -71.47151700000001,43.609733,0 -71.471863,43.609821,0 -71.4721558,43.6099051,0 -71.47257,43.610024,0 -71.4731986,43.6102142,0 -71.47369860000001,43.6103748,0 -71.474143,43.610533,0 -71.47445399999999,43.610691,0 -71.47550680000001,43.6113018,0 -71.4756361,43.6113831,0 -71.4759071,43.6115535,0 -71.47620089999999,43.6117331,0 -71.476502,43.6119257,0 -71.4766037,43.6120059,0 -71.4767726,43.6121502,0 -71.4769491,43.6123279,0 -71.47714910000001,43.6125524999999,0 -71.4774809,43.6129686,0 -71.47758109999999,43.6130872,0 -71.47788679999999,43.6134655,0 -71.4780495,43.6136567,0 -71.4781318,43.6137584,0 -71.47832940000001,43.6139912,0 -71.4784453,43.6141452,0 -71.478844,43.6146704,0 -71.47915620000001,43.6150492,0 -71.479888,43.6159495,0 -71.480001,43.6160966,0 -71.481065,43.617434,0 -71.48127460000001,43.6176905,0 -71.48139999999999,43.617844,0 -71.48141800000001,43.6178659,0 -71.481736,43.618253,0 -71.482552,43.619278,0 -71.4832885,43.6201764,0 -71.4835886,43.6205378,0 -71.483744,43.6207214,0 -71.48407640000001,43.6211303,0 -71.48515,43.622451,0 -71.485409,43.622765,0 -71.48557750000001,43.6229928,0 -71.4858784,43.6234358,0 -71.48597100000001,43.623607,0 -71.486096,43.623979,0 -71.48634,43.625007,0 -71.48636399999999,43.625093,0 -71.48645430000001,43.6254254,0 -71.486553,43.625789,0 -71.4866787,43.6262034,0 -71.4867419,43.6264275,0 -71.4868455,43.6267947,0 -71.4869161,43.6270737,0 -71.4869942,43.6273933000001,0 -71.487042,43.6276391,0 -71.4870841,43.6278909,0 -71.487098,43.628152,0 -71.48709030000001,43.628364,0 -71.48703500000001,43.628732,0 -71.486988,43.629066,0 -71.486845,43.630131,0 -71.48678049999999,43.6306006,0 -71.48674099999999,43.631057,0 -71.48674800000001,43.631336,0 -71.486796,43.631681,0 -71.486839,43.631888,0 -71.48693799999999,43.6321980000001,0 -71.487072,43.632513,0 -71.487154,43.632662,0 -71.48730399999999,43.632919,0 -71.48736700000001,43.633,0 -71.487443,43.633097,0 -71.4877402,43.6334326,0 -71.488079,43.633774,0 -71.488472,43.6341679999999,0 -71.4889299,43.6346576,0 -71.4890384,43.6347663,0 -71.489316,43.635054,0 -71.48961660000001,43.6353511,0 -71.4898372,43.6355582,0 -71.4899897,43.6356895,0 -71.4901437,43.6358159,0 -71.49032320000001,43.6359541,0 -71.49056090000001,43.636123,0 -71.49082300000001,43.636292,0 -71.4911389,43.6364747,0 -71.4913897,43.6366044,0 -71.4916109,43.6367092,0 -71.49182810000001,43.6368051,0 -71.4921973,43.6369529,0 -71.4923538,43.6370111,0 -71.4925417,43.6370745,0 -71.49303020000001,43.6372233,0 -71.49381529999999,43.6374475999999,0 -71.49412239999999,43.6375369,0 -71.4948867,43.6377603,0 -71.4954223,43.6379183,0 -71.4959806,43.6380779,0 -71.49626069999999,43.6381672,0 -71.4965863,43.6382801,0 -71.4970086,43.6384494,0 -71.4974067,43.6386539,0 -71.4977583,43.6388593,0 -71.4979988,43.6390259,0 -71.4981703,43.639155,0 -71.4984589,43.6394223,0 -71.49862450000001,43.6395947999999,0 -71.4988958,43.6399004,0 -71.4989358,43.6399848,0 -71.4990322,43.6400839,0 -71.4990803,43.6401603,0 -71.49909630000001,43.6402259,0 -71.4990775,43.640262,0 -71.49907260000001,43.6403003,0 -71.4990816,43.6403377,0 -71.4991038,43.640372,0 -71.49913770000001,43.6404009,0 -71.49918769999999,43.6404248,0 -71.49924540000001,43.6404369,0 -71.4993054,43.6404359,0 -71.49937559999999,43.6404823,0 -71.4994244,43.6405251,0 -71.49957089999999,43.6406799,0 -71.4996725,43.640728,0 -71.5000574,43.6411555999999,0 -71.5002224,43.6413618,0 -71.5003598,43.6415348,0 -71.5003803,43.6415605,0 -71.5004586,43.6416591000001,0 -71.5005714,43.641834,0 -71.5007602,43.6421501,0 -71.5008347,43.6422969,0 -71.5009306,43.6424861,0 -71.5010535,43.6427753,0 -71.5011569,43.6430613,0 -71.50127740000001,43.6434762,0 -71.50133099999999,43.6436984,0 -71.50136139999999,43.6439344,0 -71.50137170000001,43.6440584,0 -71.5013871,43.6442476,0 -71.5013952,43.6444427,0 -71.5013945,43.6445645,0 -71.5013908,43.6446439,0 -71.50138579999999,43.6447513,0 -71.5013704,43.6450191,0 -71.50133889999999,43.6451957,0 -71.5012864,43.6454625,0 -71.5012614,43.6455896,0 -71.5011645,43.6459129,0 -71.5011324,43.6460025,0 -71.5010894,43.646122,0 -71.5009821,43.6463656,0 -71.5008547,43.6466353999999,0 -71.5007153,43.6469037,0 -71.5006372,43.6470205,0 -71.5006173,43.6470503,0 -71.50035099999999,43.6474134999999,0 -71.50010330000001,43.6477587,0 -71.5000416,43.647844,0 -71.49955,43.6485231,0 -71.49934639999999,43.6488067,0 -71.4991653,43.64906,0 -71.4987872,43.6495887,0 -71.498553,43.649923,0 -71.4984025,43.6501296,0 -71.4981196,43.6505275,0 -71.49783770000001,43.6509145,0 -71.4976932,43.6511099000001,0 -71.49748200000001,43.6514018,0 -71.49725789999999,43.6517276,0 -71.4971345,43.6519192,0 -71.4970359,43.652105,0 -71.49695800000001,43.652275,0 -71.4968835,43.6525447,0 -71.4968488,43.6526999,0 -71.49683690000001,43.6527859,0 -71.4968191,43.6529148,0 -71.4968133,43.6530926,0 -71.496814,43.6531855,0 -71.4968143,43.653226,0 -71.49682300000001,43.6533589,0 -71.4968391,43.6534717,0 -71.496863,43.6535838,0 -71.496899,43.6537522,0 -71.4969217,43.6538165,0 -71.49695680000001,43.653916,0 -71.4970174,43.6540531,0 -71.4970634,43.6541646,0 -71.4971312,43.6542961999999,0 -71.4972006,43.6544064,0 -71.4973317,43.6545999,0 -71.4973937,43.6546909,0 -71.49758,43.6549441,0 -71.497608,43.6549838,0 -71.4976891,43.6550904,0 -71.497749,43.6551725,0 -71.4979343,43.6554233,0 -71.4979617,43.6554597,0 -71.49805499999999,43.6555835,0 -71.4982072,43.6557871,0 -71.4983235,43.6559427,0 -71.49843,43.6560911,0 -71.4985106,43.6562007,0 -71.4986741,43.6564229,0 -71.4987201,43.6564835,0 -71.4988058,43.6565965,0 -71.49910800000001,43.6570027,0 -71.49923389999999,43.6571702,0 -71.4994506,43.6574584,0 -71.4995917,43.6576730999999,0 -71.4997087,43.6578516,0 -71.499771,43.6579548,0 -71.49985529999999,43.6580959,0 -71.4998784,43.6581336,0 -71.4999256,43.6582101,0 -71.50000009999999,43.6583317,0 -71.5000118,43.6583506,0 -71.50012580000001,43.6585556,0 -71.500327,43.6589398,0 -71.5004704,43.6592778,0 -71.500544,43.6594716,0 -71.50056789999999,43.6595426,0 -71.5006023,43.6596566000001,0 -71.50063950000001,43.6597882,0 -71.5006791,43.659952,0 -71.5007275,43.660184,0 -71.5007535,43.6603083,0 -71.5007762,43.660454,0 -71.50079909999999,43.6606008,0 -71.50082190000001,43.6608729,0 -71.50082329999999,43.6609514,0 -71.50082569999999,43.6611774,0 -71.5008371,43.6619267,0 -71.500838,43.661994,0 -71.50084080000001,43.6626656,0 -71.5008416,43.6628565,0 -71.5008417,43.6628928,0 -71.5008543,43.6632646,0 -71.5008648,43.6633878,0 -71.5008667,43.6634017,0 -71.5008808,43.6635108,0 -71.5009053,43.6636492,0 -71.5009366,43.663787,0 -71.501037,43.664087,0 -71.5010882,43.6641993,0 -71.50116,43.664357,0 -71.5012582,43.664562,0 -71.5013797,43.6647636,0 -71.501529,43.6649698,0 -71.5016826,43.6651522,0 -71.50189229999999,43.6653852,0 -71.5021246,43.6656512,0 -71.5022393,43.6657979,0 -71.5023793,43.665993,0 -71.5024607,43.6661263,0 -71.5024901,43.666193,0 -71.50251400000001,43.6662528,0 -71.5025581,43.6663729,0 -71.5026052,43.6665147,0 -71.5026407,43.6666457,0 -71.502667,43.66677,0 -71.502702,43.666934,0 -71.50270999999999,43.6670750000001,0 -71.50272,43.667285,0 -71.502724,43.6673835,0 -71.502728,43.667482,0 -71.50274400000001,43.667873,0 -71.502762,43.668705,0 -71.50276100000001,43.668905,0 -71.502771,43.669403,0 -71.502771,43.670288,0 -71.502825,43.670521,0 -71.5029231,43.6707401,0 -71.5033083,43.6712088,0 -71.503625,43.671594,0 -71.50393699999999,43.671937,0 -71.504221,43.672248,0 -71.5047198,43.672813,0 -71.505324,43.67345,0 -71.505805,43.673839,0 -71.50599800000001,43.674013,0 -71.5061,43.674135,0 -71.506186,43.674271,0 -71.506219,43.674324,0 -71.5064857,43.6749246,0 -71.50663900000001,43.675317,0 -71.506997,43.676081,0 -71.5073228,43.6765932,0 -71.50751820000001,43.6768833,0 -71.5078546,43.6774203,0 -71.5080279,43.6778185,0 -71.5082257,43.6783452,0 -71.50837850000001,43.6787107,0 -71.508505,43.679025,0 -71.508633,43.679262,0 -71.508731,43.679445,0 -71.50913,43.6801890000001,0 -71.5093542,43.680586,0 -71.5095178,43.681029,0 -71.50963160000001,43.681547,0 -71.50963470000001,43.681611,0 -71.5097414,43.6820601,0 -71.5098339,43.6824371,0 -71.5098745,43.6826661,0 -71.509973,43.6831571,0 -71.510019,43.6837142,0 -71.510001,43.684071,0 -71.509978,43.68422,0 -71.50989199999999,43.684739,0 -71.509804,43.685116,0 -71.5097219,43.6854371,0 -71.5095474,43.6859561,0 -71.5094718,43.686162,0 -71.5094641,43.686236,0 -71.509407,43.6864490000001,0 -71.50941400000001,43.686612,0 -71.509434,43.686995,0 -71.509441,43.687094,0 -71.50945400000001,43.687295,0 -71.509467,43.687492,0 -71.509531,43.688287,0 -71.5095961,43.6887043,0 -71.5096559,43.6893315,0 -71.509737,43.6900154,0 -71.5098277,43.690239,0 -71.509953,43.6903869999999,0 -71.510113,43.690508,0 -71.510231,43.690569,0 -71.51039400000001,43.690654,0 -71.510717,43.690776,0 -71.511827,43.691062,0 -71.5123473,43.691237,0 -71.51266200000001,43.691394,0 -71.513133,43.69165,0 -71.51362880000001,43.691977,0 -71.51404239999999,43.692326,0 -71.5143157,43.692597,0 -71.5145145,43.692829,0 -71.5146233,43.692999,0 -71.514842,43.693361,0 -71.5149406,43.6935783,0 -71.514955,43.69361,0 -71.5151177,43.6941065,0 -71.51528399999999,43.694511,0 -71.5155341,43.6951824,0 -71.515953,43.696264,0 -71.51606,43.696525,0 -71.51677720000001,43.6982945,0 -71.5171302,43.6991527000001,0 -71.51742,43.699803,0 -71.51770500000001,43.700324,0 -71.51799699999999,43.70083,0 -71.518929,43.70238,0 -71.519451,43.703186,0 -71.519777,43.703609,0 -71.5199181,43.7038013,0 -71.52006900000001,43.704007,0 -71.520872,43.704948,0 -71.5216606,43.7056286,0 -71.5220841,43.7060044,0 -71.522383,43.706338,0 -71.52257400000001,43.706602,0 -71.522656,43.706738,0 -71.522891,43.707268,0 -71.523268,43.707949,0 -71.5237571,43.7086827,0 -71.52389239999999,43.7088624,0 -71.5242583,43.7094171000001,0 -71.5243141,43.7095016,0 -71.52515889999999,43.7108039,0 -71.52522140000001,43.7108863,0 -71.5256807,43.7115667,0 -71.5259116,43.7118871,0 -71.52633609999999,43.7123786,0 -71.52650850000001,43.71257,0 -71.5267922,43.7128694,0 -71.52690749999999,43.7130139,0 -71.52703459999999,43.7131276000001,0 -71.52725599999999,43.713321,0 -71.5276124,43.7135641,0 -71.52784870000001,43.7137163,0 -71.528222,43.713935,0 -71.5283787,43.7140211,0 -71.528446,43.714058,0 -71.528612,43.714149,0 -71.528677,43.714193,0 -71.528808,43.714282,0 -71.528856,43.714315,0 -71.52907999999999,43.714506,0 -71.529286,43.714717,0 -71.5293716,43.7148069,0 -71.5294804,43.7149212,0 -71.5295653,43.7150321,0 -71.52963200000001,43.715175,0 -71.529669,43.715228,0 -71.52980599999999,43.715424,0 -71.529833,43.71546,0 -71.529995,43.715676,0 -71.53003200000001,43.715725,0 -71.5301023,43.7158095,0 -71.5303646,43.7160387,0 -71.53049420000001,43.7161187,0 -71.5311519,43.7165875,0 -71.53137599999999,43.7167465,0 -71.531963,43.7171078,0 -71.5323094,43.7173010000001,0 -71.53267870000001,43.7175128,0 -71.5330501,43.7176926,0 -71.5331904,43.717747,0 -71.53352049999999,43.7178749,0 -71.5341435,43.7180539,0 -71.53521910000001,43.7182604,0 -71.5359311,43.7184194,0 -71.5373879,43.718824,0 -71.5376593,43.718899,0 -71.5379804,43.7190163,0 -71.5389563,43.7194057,0 -71.53932380000001,43.7195372,0 -71.53981949999999,43.7197419,0 -71.5400085,43.7198273,0 -71.5405243,43.7200257,0 -71.5413641,43.7203255,0 -71.5424328,43.7206121,0 -71.5431991,43.7207571,0 -71.54377820000001,43.7208365,0 -71.5450075,43.7209756,0 -71.5461574,43.7210656,0 -71.54827760000001,43.7212656,0 -71.5484368,43.7212801,0 -71.5491475,43.7213581,0 -71.5496436,43.7214141,0 -71.5500912,43.7214749,0 -71.550656,43.7215365,0 -71.5517992,43.7216524,0 -71.5531481,43.7218161999999,0 -71.55487669999999,43.7220599,0 -71.5554333,43.7221711,0 -71.55580980000001,43.7222675,0 -71.5570372,43.7225647,0 -71.5572421,43.7226164,0 -71.5577976,43.7227572999999,0 -71.5582258,43.7228595,0 -71.5586739,43.723001,0 -71.5591026,43.7231767,0 -71.559321,43.72327,0 -71.56083049999999,43.7238934,0 -71.56290370000001,43.7247813,0 -71.56293100000001,43.7247939,0 -71.563227,43.7249299,0 -71.56369359999999,43.7251157,0 -71.564148,43.7253165,0 -71.5644188,43.7254623,0 -71.5647771,43.7256856,0 -71.5648422,43.7257355,0 -71.5651907,43.7260781,0 -71.5654672,43.7264566,0 -71.56557170000001,43.7266373,0 -71.5656785,43.7268822,0 -71.5657485,43.7271585,0 -71.56578829999999,43.7273706,0 -71.5658526,43.7279687,0 -71.565927,43.7286215,0 -71.5660106,43.7295127,0 -71.5660637,43.7299404,0 -71.5661248,43.7301791,0 -71.5661867,43.7303624999999,0 -71.56624669999999,43.7304927,0 -71.56639079999999,43.7307222,0 -71.5665709,43.7309698,0 -71.5667809,43.7311807,0 -71.5670099,43.7313728,0 -71.567251,43.731544,0 -71.567514,43.731686,0 -71.56778799999999,43.731807,0 -71.568213,43.731946,0 -71.56857479999999,43.7320255,0 -71.56904969999999,43.7320905,0 -71.5694627,43.732107,0 -71.56965889999999,43.7321048,0 -71.5698419,43.7320891,0 -71.5700636,43.7320647,0 -71.5703853,43.7320084,0 -71.57081169999999,43.7318879,0 -71.570987,43.7318278,0 -71.57145559999999,43.7316319,0 -71.5717772,43.7314878,0 -71.5721535,43.73133,0 -71.5724228,43.7312429,0 -71.5727186,43.7311617,0 -71.5730262,43.731099,0 -71.5736194,43.7310224,0 -71.5737888,43.7310095,0 -71.5739497,43.7310015,0 -71.574353,43.7309978999999,0 -71.5747899,43.7310228,0 -71.57496,43.7310407,0 -71.5754776,43.7311033,0 -71.576095,43.7311713,0 -71.576919,43.7312587,0 -71.5775153,43.7313336,0 -71.57775410000001,43.7313594,0 -71.5780048,43.7313911,0 -71.5784132,43.7314369,0 -71.57885450000001,43.7314889999999,0 -71.57937699999999,43.7315322,0 -71.579858,43.7315505,0 -71.58017359999999,43.7315404,0 -71.5803291,43.7315282,0 -71.58063869999999,43.7314998,0 -71.5809608,43.7314521,0 -71.5811284,43.7314269,0 -71.5815224,43.7313485,0 -71.5823539,43.7310975,0 -71.5828841,43.7309355,0 -71.5832983,43.7308429,0 -71.5834468,43.7308175,0 -71.5836461,43.7307985,0 -71.5837813,43.7307933000001,0 -71.5839143,43.7307908,0 -71.5840936,43.7308051,0 -71.58432430000001,43.7308393,0 -71.5844824,43.7308731,0 -71.58468619999999,43.7309246,0 -71.5850564,43.7310341,0 -71.5852261,43.7310835,0 -71.5854081,43.7311284,0 -71.58557810000001,43.7311603,0 -71.5856211,43.7311662999999,0 -71.5857364,43.7311821,0 -71.5859038,43.7311961,0 -71.58605439999999,43.7312024,0 -71.58617390000001,43.7312004,0 -71.5866413,43.7311733,0 -71.5869259,43.7311706,0 -71.5870614,43.7311765,0 -71.5871751,43.7311815,0 -71.58742220000001,43.7312057,0 -71.587802,43.7312568,0 -71.5878846,43.7312679,0 -71.587931,43.7312737,0 -71.5880775,43.7312922,0 -71.5889337,43.7314073,0 -71.589271,43.7314472,0 -71.5895302,43.7314686,0 -71.5898275,43.7314783,0 -71.5901762,43.7314777,0 -71.5905635,43.7314699,0 -71.5909127,43.7314559,0 -71.5911011,43.7314385,0 -71.5912873,43.731412,0 -71.5914544,43.7313765,0 -71.5917158,43.731309,0 -71.5919189,43.7312364,0 -71.59215210000001,43.7311369,0 -71.59233519999999,43.7310416,0 -71.59263919999999,43.7308577,0 -71.5928266,43.7307023,0 -71.59298099999999,43.7305548,0 -71.5930965,43.7304067,0 -71.5931528,43.7303326,0 -71.5932555,43.7301922,0 -71.5935357,43.7297155,0 -71.59361730000001,43.7295985,0 -71.59375129999999,43.7294602,0 -71.5938494,43.7293753,0 -71.5938929,43.7293289000001,0 -71.5939621,43.7292716,0 -71.5940906,43.729168,0 -71.5942962,43.7290345,0 -71.5944415,43.7289535,0 -71.59461020000001,43.7288726,0 -71.59478590000001,43.7288001,0 -71.5949883,43.7287279,0 -71.59520000000001,43.7286674,0 -71.59559040000001,43.7285722,0 -71.5958353,43.7285156,0 -71.5961156,43.728434,0 -71.59640419999999,43.7283294,0 -71.5967687,43.7281587,0 -71.5971143,43.7279897,0 -71.5989082,43.7270672,0 -71.599322,43.7268375,0 -71.5996559,43.7266643,0 -71.5999273,43.7265269,0 -71.6001169,43.7264384,0 -71.6002944,43.7263585,0 -71.60050320000001,43.7262687,0 -71.6007458,43.7261771,0 -71.60094309999999,43.7261111,0 -71.60118300000001,43.7260435,0 -71.6014263,43.7259771,0 -71.6016595,43.725918,0 -71.6019622,43.7258635,0 -71.6022656,43.7258233,0 -71.60289400000001,43.7257724,0 -71.60358530000001,43.7257403,0 -71.6044251,43.7256991,0 -71.6053185,43.7256478,0 -71.6058591,43.7256185,0 -71.60627839999999,43.7255878,0 -71.60662600000001,43.7255419,0 -71.6068817,43.7254934,0 -71.60746709999999,43.7253534,0 -71.6077093,43.7252799,0 -71.607968,43.725183,0 -71.6082825,43.7250571999999,0 -71.608608,43.724927,0 -71.6089858,43.7247476,0 -71.609067,43.724709,0 -71.609267,43.724601,0 -71.609454,43.724499,0 -71.609954,43.724189,0 -71.609982,43.724169,0 -71.61025600000001,43.723981,0 -71.610805,43.723586,0 -71.61131899999999,43.723215,0 -71.6118122,43.7228965,0 -71.611977,43.72279,0 -71.612627,43.722412,0 -71.613275,43.722065,0 -71.613598,43.721911,0 -71.614007,43.721716,0 -71.614615,43.72146,0 -71.61544499999999,43.721151,0 -71.615782,43.7210429999999,0 -71.617322,43.7205489999999,0 -71.6179387,43.7203556,0 -71.618127,43.7203029999999,0 -71.61864300000001,43.720122,0 -71.61996000000001,43.719704,0 -71.620271,43.719604,0 -71.621121,43.7193268,0 -71.621421,43.719229,0 -71.621903,43.719056,0 -71.6221955,43.7189381,0 -71.6225074,43.7187877,0 -71.6226195,43.7187272,0 -71.62282810000001,43.7185821,0 -71.622969,43.718484,0 -71.623012,43.7184565,0 -71.62305499999999,43.718429,0 -71.623105,43.718391,0 -71.623289,43.718251,0 -71.623559,43.718011,0 -71.62376500000001,43.717804,0 -71.62395600000001,43.71758,0 -71.624127,43.717347,0 -71.624278,43.717099,0 -71.624409,43.716838,0 -71.624517,43.716569,0 -71.62459800000001,43.716291,0 -71.6247882,43.7151057,0 -71.625089,43.713124,0 -71.625182,43.712695,0 -71.625302,43.71227,0 -71.625457,43.7118590000001,0 -71.625636,43.711458,0 -71.625845,43.711069,0 -71.626075,43.710694,0 -71.626378,43.71028,0 -71.626704,43.709887,0 -71.627454,43.709087,0 -71.628469,43.708019,0 -71.628952,43.707472,0 -71.629203,43.707162,0 -71.629363,43.706963,0 -71.62983699999999,43.706317,0 -71.630073,43.705954,0 -71.630182,43.705766,0 -71.63027700000001,43.7055720000001,0 -71.630326,43.7054349999999,0 -71.63036099999999,43.705295,0 -71.6303836,43.7051869,0 -71.630379,43.705151,0 -71.630379,43.705008,0 -71.630349,43.704792,0 -71.6303303,43.704727,0 -71.63018599999999,43.704227,0 -71.630146,43.703882,0 -71.630195,43.703578,0 -71.63027099999999,43.703301,0 -71.630404,43.702884,0 -71.630439,43.702746,0 -71.630471,43.702461,0 -71.630481,43.701402,0 -71.630481,43.701379,0 -71.630442,43.701096,0 -71.63035000000001,43.700821,0 -71.63016,43.7004259999999,0 -71.63011,43.70029,0 -71.63008000000001,43.700145,0 -71.630078,43.699998,0 -71.630126,43.699711,0 -71.630201,43.699427,0 -71.63050800000001,43.698541,0 -71.630537,43.698404,0 -71.63055799999999,43.698121,0 -71.6305617,43.6979508,0 -71.630533,43.697186,0 -71.630563,43.696753,0 -71.63060900000001,43.696468,0 -71.630735,43.696049,0 -71.63079500000001,43.695915,0 -71.6308859,43.6957677,0 -71.63095060000001,43.6956859,0 -71.6310538,43.6955673,0 -71.6312022,43.6954084,0 -71.63123969999999,43.6953673,0 -71.63131869999999,43.6952987,0 -71.63137690000001,43.6952606,0 -71.6314532,43.6952177,0 -71.63153579999999,43.6951892,0 -71.63161479999999,43.695176,0 -71.6316999,43.6951652,0 -71.6318418,43.6951606,0 -71.6319925,43.6951649,0 -71.6325178,43.6951911,0 -71.63257520000001,43.6951933,0 -71.63316570000001,43.6952109,0 -71.6334688,43.6952244,0 -71.6335322,43.6952274,0 -71.633679,43.6952342,0 -71.6339536,43.6952528,0 -71.63413509999999,43.6952711,0 -71.6342901,43.6952933,0 -71.63455639999999,43.6953452,0 -71.6347679,43.6953933,0 -71.635214,43.695518,0 -71.6357515,43.6956841,0 -71.63597710000001,43.6957613,0 -71.6361938,43.6958436,0 -71.6364043,43.6959302,0 -71.63645560000001,43.6959529999999,0 -71.6366359,43.6960334,0 -71.637032,43.6962218,0 -71.63708750000001,43.6962469,0 -71.638413,43.6969099000001,0 -71.63851080000001,43.6969588,0 -71.6393411,43.6973795,0 -71.6397229,43.6975659,0 -71.6400222,43.6977089,0 -71.640102,43.6977496,0 -71.6405939,43.697991,0 -71.640726,43.6980544,0 -71.6410072,43.6981879,0 -71.6411451,43.6982472,0 -71.6414089,43.6983413999999,0 -71.6416143,43.698396,0 -71.6418779,43.6984529,0 -71.64211299999999,43.6984884,0 -71.6423375,43.6985112,0 -71.6426276,43.6985103,0 -71.6428482,43.6984966,0 -71.64306879999999,43.6984688,0 -71.6437636,43.6983232,0 -71.6444066,43.6981761,0 -71.6448955,43.698069,0 -71.64605520000001,43.6978044,0 -71.6465209,43.6977293,0 -71.64687240000001,43.6976982,0 -71.64713999999999,43.6976970999999,0 -71.6472816,43.697707,0 -71.64767860000001,43.6977538,0 -71.648162,43.6978881,0 -71.6485929,43.6980698,0 -71.64888999999999,43.6982547,0 -71.6491327,43.6984528,0 -71.64940110000001,43.6987404,0 -71.64986279999999,43.699476,0 -71.6500477,43.699921,0 -71.6501659,43.7004991,0 -71.6503165,43.7015673,0 -71.6503694,43.7019426,0 -71.65054430000001,43.7031410000001,0 -71.65068100000001,43.704209,0 -71.650834,43.705165,0 -71.6513497,43.70712,0 -71.6514864,43.7074457,0 -71.65153309999999,43.7075243,0 -71.65177749999999,43.7078552,0 -71.65203959999999,43.7080996999999,0 -71.6524,43.708368,0 -71.6528162,43.7085763,0 -71.65314100000001,43.7086934,0 -71.65434019999999,43.7090319,0 -71.6559345,43.7095579,0 -71.656266,43.709694,0 -71.656514,43.709819,0 -71.656761,43.709978,0 -71.65698399999999,43.710161,0 -71.657191,43.710374,0 -71.657354,43.710612,0 -71.65747,43.710875,0 -71.657546,43.711153,0 -71.657596,43.711435,0 -71.65773900000001,43.712077,0 -71.657841,43.7123950000001,0 -71.657917,43.712575,0 -71.658046,43.712826,0 -71.65824499999999,43.713138,0 -71.658461,43.713432,0 -71.6590987,43.7142602,0 -71.66080700000001,43.716479,0 -71.661216,43.717011,0 -71.661546,43.717413,0 -71.661818,43.717666,0 -71.66205600000001,43.7178430000001,0 -71.66237599999999,43.718026,0 -71.66732399999999,43.720446,0 -71.667686,43.720616,0 -71.66864700000001,43.721065,0 -71.66932799999999,43.721351,0 -71.66935100000001,43.72136,0 -71.670016,43.721615,0 -71.671992,43.72233,0 -71.672973,43.7227,0 -71.673332,43.722826,0 -71.673759,43.722942,0 -71.673968,43.722975,0 -71.67463100000001,43.723042,0 -71.674921,43.723088,0 -71.675202,43.723161,0 -71.67540700000001,43.723235,0 -71.675667,43.723362,0 -71.675906,43.723513,0 -71.676199,43.723737,0 -71.67640400000001,43.72394,0 -71.67653199999999,43.724114,0 -71.676635,43.724311,0 -71.67670699999999,43.724516,0 -71.676738,43.724731,0 -71.676726,43.724951,0 -71.676678,43.725162,0 -71.676441,43.725852,0 -71.676328,43.726282,0 -71.676249,43.7267879999999,0 -71.6762406,43.7276403,0 -71.676239,43.727801,0 -71.676193,43.728165,0 -71.676019,43.72887,0 -71.67587399999999,43.729383,0 -71.675742,43.729851,0 -71.675614,43.730196,0 -71.675338,43.730776,0 -71.67484,43.731599,0 -71.67475399999999,43.731798,0 -71.674693,43.732012,0 -71.674677,43.732235,0 -71.674707,43.732454,0 -71.674774,43.732669,0 -71.67488,43.732865,0 -71.675014,43.733034,0 -71.67521600000001,43.733229,0 -71.675562,43.7335,0 -71.67583999999999,43.733744,0 -71.675983,43.733911,0 -71.676097,43.734092,0 -71.67622900000001,43.734498,0 -71.67631900000001,43.735071,0 -71.67645400000001,43.736155,0 -71.67648199999999,43.736588,0 -71.676427,43.737317,0 -71.676327,43.738104,0 -71.67632,43.738325,0 -71.67632999999999,43.738552,0 -71.67636400000001,43.738701,0 -71.676445,43.738912,0 -71.67655000000001,43.739096,0 -71.67668999999999,43.739268,0 -71.676851,43.739421,0 -71.677453,43.739945,0 -71.677769,43.740248,0 -71.67806,43.740577,0 -71.67827200000001,43.740874,0 -71.678455,43.741191,0 -71.678606,43.741518,0 -71.679096,43.742656,0 -71.679327,43.743104,0 -71.67941,43.7432260000001,0 -71.679941,43.743924,0 -71.680094,43.744169,0 -71.680211,43.744431,0 -71.680269,43.744643,0 -71.680373,43.74514,0 -71.680415,43.745283,0 -71.68051,43.74549,0 -71.680685,43.745737,0 -71.68089999999999,43.74594,0 -71.681079,43.746072,0 -71.681207,43.746149,0 -71.681408,43.746246,0 -71.68167699999999,43.746341,0 -71.68224499999999,43.7465,0 -71.6825042,43.7465892,0 -71.68269979999999,43.7466834,0 -71.68281090000001,43.7467555,0 -71.6828982,43.7468121,0 -71.68300859999999,43.7469046,0 -71.6831643,43.7470245,0 -71.6832687,43.7471508,0 -71.6834281,43.7473564,0 -71.683853,43.7481592,0 -71.6840318,43.7484412,0 -71.6842259,43.748687,0 -71.68433880000001,43.7488112,0 -71.6844912,43.7489829,0 -71.68454699999999,43.749046,0 -71.68492000000001,43.749368,0 -71.68519499999999,43.749564,0 -71.685346,43.749651,0 -71.68604999999999,43.750024,0 -71.68634900000001,43.750202,0 -71.686485,43.750301,0 -71.686527,43.75034,0 -71.686666,43.750465,0 -71.686871,43.750701,0 -71.686956,43.750826,0 -71.68707860000001,43.7510789,0 -71.687335,43.751546,0 -71.6876335,43.7520932,0 -71.6877064,43.7522525,0 -71.68775580000001,43.7523751,0 -71.68781060000001,43.7525247,0 -71.6878397,43.7526381,0 -71.6878476,43.7526802,0 -71.68786009999999,43.7527733,0 -71.6878646,43.7528907,0 -71.6878292,43.7539316,0 -71.6878061,43.7544387,0 -71.687804,43.7544851,0 -71.687792,43.7547861,0 -71.6877621,43.7555387,0 -71.687753,43.755767,0 -71.687754,43.755976,0 -71.687757,43.7565028,0 -71.6877949,43.7569717,0 -71.68779790000001,43.7570082999999,0 -71.6878049,43.7571881,0 -71.68780270000001,43.7575365,0 -71.6878,43.7577643,0 -71.68779549999999,43.7579479,0 -71.6877633,43.7582592,0 -71.6877217,43.758405,0 -71.6874498,43.7595966,0 -71.68741540000001,43.7597408,0 -71.68739100000001,43.7597741,0 -71.6873622,43.7598083,0 -71.6873207,43.7598522,0 -71.6872872,43.7598813,0 -71.687235,43.7599041,0 -71.6871964,43.7599383,0 -71.6871781,43.7599726,0 -71.6871739,43.7600093,0 -71.6871842,43.7600453,0 -71.68720980000001,43.7600793,0 -71.68724810000001,43.7601062,0 -71.6872663,43.7601445,0 -71.6872765,43.7601799,0 -71.6872851,43.7602186,0 -71.68729570000001,43.7602641,0 -71.6872249,43.7606325,0 -71.6871823,43.7609058,0 -71.6871671,43.761003,0 -71.68715419999999,43.7611125,0 -71.6871362,43.7612844,0 -71.687133,43.76171,0 -71.6871632,43.7632427,0 -71.68714199999999,43.7640392,0 -71.68713990000001,43.7641994,0 -71.68714249999999,43.7647772,0 -71.6871477,43.7649224,0 -71.6871599,43.7650938,0 -71.6872181,43.7655591,0 -71.6872365,43.7657051,0 -71.687258,43.765892,0 -71.6872712,43.7660589,0 -71.6872596,43.7662037,0 -71.6872424,43.7662815,0 -71.6872178,43.7663741,0 -71.68718629999999,43.7664628,0 -71.68715400000001,43.7665425000001,0 -71.6871131,43.7666271,0 -71.6870861,43.7666744,0 -71.68701729999999,43.7667807,0 -71.68681479999999,43.7670936,0 -71.68664510000001,43.7673356,0 -71.6865045,43.7675337,0 -71.6863766,43.7677157,0 -71.6863261,43.767789,0 -71.6861619,43.7680274,0 -71.686099,43.768121,0 -71.68601,43.768253,0 -71.68592700000001,43.7683769999999,0 -71.6858749,43.7684546,0 -71.685782,43.7685930000001,0 -71.6857547,43.7686382,0 -71.68567419999999,43.7687713,0 -71.6855754,43.7689792,0 -71.6855398,43.7690768,0 -71.68552870000001,43.7691073,0 -71.68536589999999,43.7696154,0 -71.685242,43.770062,0 -71.685159,43.770484,0 -71.6850785,43.7711079,0 -71.68504590000001,43.7714253,0 -71.6850084,43.7719204,0 -71.684969,43.772393,0 -71.6849582,43.772511,0 -71.6849378,43.7726193,0 -71.6848877,43.7727861,0 -71.6848177,43.7729659,0 -71.6847413,43.7731192,0 -71.68462289999999,43.7733121999999,0 -71.6845424,43.7734210000001,0 -71.6844615,43.7735272999999,0 -71.6843666,43.7736353,0 -71.6842273,43.7737837,0 -71.683396,43.77464,0 -71.682997,43.775121,0 -71.68254399999999,43.775742,0 -71.68113,43.77775,0 -71.68084399999999,43.778126,0 -71.680617,43.778351,0 -71.680492,43.7784569999999,0 -71.67982000000001,43.778918,0 -71.67955600000001,43.77908,0 -71.6794,43.779165,0 -71.677661,43.780114,0 -71.67710099999999,43.780417,0 -71.676862,43.780527,0 -71.67613799999999,43.780923,0 -71.67518,43.781436,0 -71.67397200000001,43.782054,0 -71.673688,43.7822,0 -71.67352,43.782278,0 -71.67327400000001,43.7823980000001,0 -71.67194000000001,43.783052,0 -71.671521,43.7832529999999,0 -71.67066800000001,43.78363,0 -71.67041140000001,43.7837324,0 -71.6703035,43.7837755,0 -71.66964299999999,43.784039,0 -71.66933,43.784197,0 -71.669039,43.784386,0 -71.66876499999999,43.784601,0 -71.668644,43.784721,0 -71.66852,43.784843,0 -71.668307,43.785105,0 -71.668127,43.785377,0 -71.66803299999999,43.785518,0 -71.66753079999999,43.7863387,0 -71.667445,43.786479,0 -71.667356,43.786686,0 -71.66730099999999,43.786904,0 -71.667283,43.7871319999999,0 -71.667295,43.787362,0 -71.667349,43.7875890000001,0 -71.667445,43.787816,0 -71.66759,43.788035,0 -71.667914,43.788464,0 -71.66819,43.788828,0 -71.668443,43.789198,0 -71.668576,43.7894279999999,0 -71.668623,43.789521,0 -71.6690395,43.7903799,0 -71.66939499999999,43.791056,0 -71.669539,43.7913929999999,0 -71.66959900000001,43.791602,0 -71.669647,43.791964,0 -71.66981699999999,43.794122,0 -71.66987,43.794328,0 -71.66997000000001,43.794514,0 -71.67006600000001,43.794618,0 -71.67018299999999,43.794704,0 -71.670372,43.794799,0 -71.670579,43.794853,0 -71.67080199999999,43.794873,0 -71.67169,43.7948440000001,0 -71.671868,43.794857,0 -71.672039,43.794888,0 -71.67220399999999,43.794937,0 -71.672281,43.794968,0 -71.67249,43.795092,0 -71.672676,43.795239,0 -71.672833,43.79541,0 -71.673013,43.7956640000001,0 -71.67312099999999,43.795857,0 -71.67341999999999,43.796392,0 -71.673502,43.796599,0 -71.673564,43.796817,0 -71.67393,43.798779,0 -71.674002,43.799245,0 -71.674043,43.799707,0 -71.67404670000001,43.80174,0 -71.67404759999999,43.802266,0 -71.674048,43.802466,0 -71.674014,43.802753,0 -71.673942,43.803036,0 -71.67391499999999,43.803095,0 -71.673852,43.8032360000001,0 -71.67348200000001,43.80387,0 -71.673096,43.804479,0 -71.67272199999999,43.805099,0 -71.672515,43.805392,0 -71.67243740000001,43.8054918,0 -71.6721474,43.8058648,0 -71.671851,43.8062459999999,0 -71.6715902,43.8065703,0 -71.67118499999999,43.807121,0 -71.670196,43.808386,0 -71.67009179999999,43.8085192,0 -71.6696331,43.8091058,0 -71.669152,43.809721,0 -71.668931,43.810024,0 -71.668475,43.8106069999999,0 -71.6683235,43.810802,0 -71.66779200000001,43.81146,0 -71.667732,43.811536,0 -71.66748200000001,43.811809,0 -71.667215,43.812062,0 -71.667067,43.8121867,0 -71.66693600000001,43.812297,0 -71.666642,43.812516,0 -71.666337,43.812721,0 -71.66602,43.812911,0 -71.664717,43.813595,0 -71.664407,43.813785,0 -71.66411100000001,43.813998,0 -71.663828,43.814235,0 -71.663569,43.814492,0 -71.663338,43.814766,0 -71.663132,43.815061,0 -71.662992,43.815306,0 -71.66287,43.815568,0 -71.662773,43.815846,0 -71.66270400000001,43.816131,0 -71.662667,43.81642,0 -71.66265799999999,43.816711,0 -71.662688,43.817142,0 -71.66314199999999,43.818951,0 -71.6634049,43.8199032,0 -71.66347,43.820169,0 -71.663563,43.820605,0 -71.663618,43.8210400000001,0 -71.66364799999999,43.821476,0 -71.66365399999999,43.82206,0 -71.66363,43.822495,0 -71.663623,43.82254,0 -71.663556,43.822998,0 -71.663498,43.82328,0 -71.663382,43.8237100000001,0 -71.66196189999999,43.8280918,0 -71.66157699999999,43.829261,0 -71.66138410000001,43.8297671,0 -71.6612665,43.8300822,0 -71.6606006,43.8317857,0 -71.6602614,43.83259,0 -71.6599097,43.8334665,0 -71.6592455,43.8350827,0 -71.65909859999999,43.8353887,0 -71.6589626,43.8356695,0 -71.658778,43.835993,0 -71.658277,43.836677,0 -71.658163,43.836885,0 -71.658084,43.83709,0 -71.658019,43.837374,0 -71.65799699999999,43.837589,0 -71.658013,43.837876,0 -71.658073,43.838156,0 -71.658176,43.838425,0 -71.658283,43.838614,0 -71.658451,43.8388479999999,0 -71.658948,43.839473,0 -71.659182,43.8397530000001,0 -71.65943,43.840018,0 -71.659699,43.8402540000001,0 -71.659998,43.840465,0 -71.660315,43.840648,0 -71.660645,43.840804,0 -71.66098,43.8409359999999,0 -71.661812,43.841186,0 -71.662023,43.8412599999999,0 -71.66222399999999,43.841349,0 -71.662419,43.841454,0 -71.66260699999999,43.8415750000001,0 -71.66294000000001,43.841849,0 -71.663134,43.842081,0 -71.663724,43.8430137,0 -71.66403,43.843512,0 -71.6642288,43.8438398,0 -71.664441,43.844202,0 -71.664554,43.844471,0 -71.664642,43.844747,0 -71.664834,43.8457599999999,0 -71.665087,43.847165,0 -71.665167,43.847612,0 -71.665173,43.84768,0 -71.6652297,43.8480021,0 -71.66531000000001,43.8482689999999,0 -71.665364,43.848398,0 -71.665498,43.848665,0 -71.665639,43.848906,0 -71.666157,43.849612,0 -71.666281,43.849785,0 -71.666549,43.850158,0 -71.66670999999999,43.850442,0 -71.666783,43.850618,0 -71.66682,43.8507079999999,0 -71.666876,43.8509180000001,0 -71.666894,43.851062,0 -71.6668967,43.8512474,0 -71.666898,43.85145,0 -71.6668914,43.851518,0 -71.666872,43.851718,0 -71.66685,43.851847,0 -71.66676200000001,43.852198,0 -71.666483,43.852856,0 -71.66643310000001,43.8529914,0 -71.66639429999999,43.8531448,0 -71.6663738,43.8533247,0 -71.66636579999999,43.8535101,0 -71.6663947,43.8536996,0 -71.66644770000001,43.8538989,0 -71.6665462,43.8541712,0 -71.6666251,43.8543759,0 -71.6671298,43.8555906,0 -71.667317,43.8560847,0 -71.6673917,43.8563111,0 -71.6674323,43.8565033,0 -71.66746929999999,43.8566933999999,0 -71.66748920000001,43.8570444,0 -71.6674823,43.8574793,0 -71.6674685,43.8579571,0 -71.6674333,43.8584233,0 -71.6674101,43.8588634,0 -71.66741380000001,43.8591101,0 -71.6674178,43.8596918,0 -71.6674198,43.8599867,0 -71.6674204,43.8601629,0 -71.6674491,43.8605407,0 -71.66748320000001,43.8607869,0 -71.6675587,43.8612761,0 -71.6675939,43.8614467,0 -71.6676142,43.8615848,0 -71.667941,43.863159,0 -71.66812299999999,43.864029,0 -71.6682689,43.8645704,0 -71.6684522,43.8651222,0 -71.6686418,43.8656751,0 -71.668724,43.8660167,0 -71.6688042,43.8663769,0 -71.6688157,43.8667373,0 -71.6688044,43.8669613,0 -71.6687788,43.8671828,0 -71.6687419,43.8674179,0 -71.66866400000001,43.867589,0 -71.668496,43.868105,0 -71.66843110000001,43.8682695,0 -71.66837599999999,43.868396,0 -71.66821899999999,43.868705,0 -71.668211,43.868718,0 -71.66799,43.869082,0 -71.667377,43.869793,0 -71.66679499999999,43.87033,0 -71.66672800000001,43.870384,0 -71.66613599999999,43.870866,0 -71.6658675,43.8711099,0 -71.6655401,43.8713707,0 -71.66537820000001,43.8715703,0 -71.665211,43.871695,0 -71.66489919999999,43.8719518,0 -71.6647972,43.8720369,0 -71.663911,43.872776,0 -71.6638646,43.8728153,0 -71.663419,43.873192,0 -71.663033,43.873529,0 -71.662825,43.873743,0 -71.662645,43.87398,0 -71.662538,43.874175,0 -71.66248,43.874314,0 -71.6624293,43.8744513,0 -71.6624046,43.8746052,0 -71.6623939,43.8747599,0 -71.6623982,43.8749675,0 -71.66243679999999,43.8751437,0 -71.6624719,43.8752825,0 -71.6625423,43.8754329,0 -71.66268150000001,43.8756754,0 -71.6628092,43.8758388,0 -71.6629343,43.8759643,0 -71.663307,43.876301,0 -71.663414,43.876391,0 -71.663929,43.876916,0 -71.664337,43.877348,0 -71.664585,43.877636,0 -71.665449,43.878519,0 -71.667182,43.880152,0 -71.667975,43.880887,0 -71.66874199999999,43.881661,0 -71.6693641,43.8823445,0 -71.669759,43.882888,0 -71.669949,43.883197,0 -71.6702282,43.8836966000001,0 -71.67066199999999,43.884473,0 -71.671007,43.885107,0 -71.671369,43.885736,0 -71.67229,43.887307,0 -71.67240529999999,43.8874945,0 -71.67266499999999,43.887917,0 -71.673231,43.888791,0 -71.6736305,43.8894142,0 -71.673765,43.889624,0 -71.674082,43.89012,0 -71.674464,43.890747,0 -71.67464200000001,43.8910690000001,0 -71.67486220000001,43.8915423999999,0 -71.675346,43.892735,0 -71.675544,43.893191,0 -71.675685,43.893455,0 -71.675776,43.893582,0 -71.675875,43.893698,0 -71.675979,43.893802,0 -71.676153,43.893934,0 -71.6762562,43.8940125,0 -71.676981,43.894564,0 -71.677378,43.894867,0 -71.6779306,43.8952675000001,0 -71.6780345,43.8953232,0 -71.6787918,43.8958198,0 -71.67910070000001,43.8960151,0 -71.679276,43.896113,0 -71.679631,43.896338,0 -71.680044,43.896642,0 -71.68031499999999,43.896891,0 -71.680566,43.897159,0 -71.680708,43.897333,0 -71.6807439,43.897382,0 -71.681012,43.897748,0 -71.681217,43.898096,0 -71.6812461,43.8981486,0 -71.68130600000001,43.898257,0 -71.6814566,43.898546,0 -71.681815,43.899234,0 -71.681937,43.899488,0 -71.682147,43.89996,0 -71.68225200000001,43.900297,0 -71.682277,43.900439,0 -71.68230200000001,43.900594,0 -71.6823213,43.9007987999999,0 -71.682329,43.90088,0 -71.6823311,43.9009361,0 -71.68235,43.901437,0 -71.68236,43.901709,0 -71.6823977,43.902699,0 -71.682411,43.9030479999999,0 -71.682444,43.90341,0 -71.682495,43.90377,0 -71.682573,43.904124,0 -71.6826815,43.9044993,0 -71.682715,43.904615,0 -71.68313999999999,43.9057249999999,0 -71.68347869999999,43.9065678,0 -71.6835289,43.9067451,0 -71.68357,43.9068634000001,0 -71.6837515,43.9073541999999,0 -71.6842513,43.908632,0 -71.68426599999999,43.908665,0 -71.684321,43.9087880000001,0 -71.685408,43.911624,0 -71.685475,43.911867,0 -71.68549299999999,43.911969,0 -71.68553799999999,43.912223,0 -71.68555000000001,43.912583,0 -71.685517,43.912941,0 -71.68522900000001,43.914737,0 -71.68500400000001,43.916182,0 -71.68494099999999,43.91669,0 -71.68489599999999,43.917275,0 -71.6849081,43.9177378,0 -71.685008,43.918503,0 -71.6851164,43.9190004,0 -71.68526900000001,43.919701,0 -71.685278,43.919748,0 -71.685365,43.9202,0 -71.68544799999999,43.920559,0 -71.685596,43.921269,0 -71.68579699999999,43.922327,0 -71.685849,43.922581,0 -71.68592,43.923063,0 -71.685956,43.923495,0 -71.68594299999999,43.923791,0 -71.685906,43.924154,0 -71.685761,43.925079,0 -71.685625,43.9258787,0 -71.68556700000001,43.9262979999999,0 -71.68551100000001,43.926949,0 -71.68546000000001,43.928334,0 -71.68544199999999,43.928988,0 -71.685395,43.929424,0 -71.68535300000001,43.929639,0 -71.685315,43.929772,0 -71.685205,43.930047,0 -71.68494699999999,43.930569,0 -71.68489099999999,43.930702,0 -71.684847,43.93084,0 -71.684805,43.931048,0 -71.684798,43.931265,0 -71.68481300000001,43.931412,0 -71.68484100000001,43.931557,0 -71.6851442,43.9325518,0 -71.685159,43.932678,0 -71.685171,43.932761,0 -71.685177,43.932805,0 -71.68517799999999,43.932836,0 -71.6851848,43.9328962,0 -71.68516700000001,43.933166,0 -71.6850811,43.9335072,0 -71.68496810000001,43.9337911,0 -71.6848421,43.9339739999999,0 -71.684755,43.9340917,0 -71.6846304,43.9342093,0 -71.68449149999999,43.934322,0 -71.6842772,43.9344758,0 -71.6837295,43.9348021,0 -71.6834963,43.934927,0 -71.6829024,43.9352451,0 -71.682884,43.9352549999999,0 -71.68260309999999,43.9354282,0 -71.682371,43.935573,0 -71.68207700000001,43.93579,0 -71.6816554,43.9361856,0 -71.6804617,43.9373921,0 -71.6799467,43.937938,0 -71.6795443,43.938354,0 -71.679272,43.9386852,0 -71.679092,43.9389214,0 -71.6789064,43.939215,0 -71.6787941,43.9394525,0 -71.6787276,43.9396428,0 -71.6786867,43.9397807,0 -71.6786642,43.9398694,0 -71.6786512,43.9399205,0 -71.67860690000001,43.9401481,0 -71.6785792,43.9403645,0 -71.6785702,43.9405617,0 -71.6785721,43.9409096,0 -71.678574,43.9412689,0 -71.6785709,43.9415807000001,0 -71.678563,43.943618,0 -71.678556,43.943912,0 -71.678528,43.944202,0 -71.678495,43.9443449999999,0 -71.678422,43.944554,0 -71.67832900000001,43.94475,0 -71.678202,43.944935,0 -71.678049,43.945111,0 -71.6776622,43.9454538,0 -71.6774959,43.9456058,0 -71.6773479,43.9457538999999,0 -71.6771955,43.9459314,0 -71.677046,43.946149,0 -71.677032,43.946175,0 -71.67694299999999,43.946335,0 -71.67686399999999,43.946537,0 -71.676815,43.946749,0 -71.676801,43.94691,0 -71.67679,43.947033,0 -71.676799,43.947175,0 -71.67683,43.947371,0 -71.676832,43.947384,0 -71.676889,43.947588,0 -71.676941,43.947726,0 -71.67700600000001,43.947852,0 -71.67716,43.948096,0 -71.67729199999999,43.948262,0 -71.677498,43.948465,0 -71.67766899999999,43.948603,0 -71.67797400000001,43.948801,0 -71.67825569999999,43.9489468,0 -71.678691,43.949172,0 -71.6788564,43.9492525,0 -71.6791982,43.9494187,0 -71.6793804,43.9495107,0 -71.67976299999999,43.949704,0 -71.6807955,43.9502189,0 -71.6809732,43.9503129,0 -71.68112739999999,43.9504087,0 -71.6812187,43.9504734,0 -71.6813271,43.9505528,0 -71.68135359999999,43.9505722,0 -71.68148600000001,43.950686,0 -71.681584,43.950801,0 -71.68171599999999,43.950978,0 -71.681817,43.9511729999999,0 -71.6818535,43.9512709,0 -71.68188259999999,43.9513862,0 -71.6819,43.9514568,0 -71.6819048,43.951526,0 -71.6819048,43.9516784,0 -71.6818858,43.9518132,0 -71.6818516,43.9519324,0 -71.68181199999999,43.952038,0 -71.68172939999999,43.9522404,0 -71.6816417,43.9524299,0 -71.6812606,43.9531319,0 -71.6810041,43.9536635,0 -71.680802,43.9540921,0 -71.679957,43.9558192,0 -71.6798098,43.9561664,0 -71.67973189999999,43.9564298,0 -71.6796901,43.9566282,0 -71.67965839999999,43.9568507,0 -71.679652,43.9570531,0 -71.6796579,43.9572481,0 -71.67968810000001,43.957486,0 -71.6797332,43.9576967,0 -71.6797919,43.9578882,0 -71.6798879,43.9581348,0 -71.6799852,43.9583245,0 -71.6801202,43.9585523,0 -71.6803606,43.9588891,0 -71.6805689,43.9591101,0 -71.6807767,43.9593059,0 -71.6809458,43.9594554,0 -71.68166530000001,43.9600763,0 -71.6822548,43.960563,0 -71.6825903,43.960842,0 -71.6828707,43.9610802,0 -71.6831078,43.9612705,0 -71.683176,43.9613408,0 -71.68352299999999,43.961704,0 -71.6838963,43.9621595,0 -71.684157,43.96251,0 -71.684411,43.962843,0 -71.6849792,43.9635698,0 -71.685838,43.964702,0 -71.685998,43.964946,0 -71.686103,43.965134,0 -71.686167,43.965274,0 -71.686269,43.96561,0 -71.6862939,43.965754,0 -71.686301,43.965909,0 -71.6862903,43.9661592,0 -71.6862536,43.9663708000001,0 -71.6862173,43.9665212000001,0 -71.6861535,43.9666721,0 -71.68605290000001,43.9668811,0 -71.68588699999999,43.967159,0 -71.685731,43.967487,0 -71.685622,43.967758,0 -71.685563,43.967965,0 -71.68553199999999,43.968179,0 -71.685523,43.968543,0 -71.685523,43.969123,0 -71.685503,43.969343,0 -71.68546600000001,43.9695600000001,0 -71.685281,43.970264,0 -71.684434,43.973126,0 -71.684337,43.9735412,0 -71.684299,43.9739282,0 -71.6842886,43.9760053,0 -71.684299,43.9761695,0 -71.6843236,43.9763067,0 -71.684353,43.976441,0 -71.6844313,43.9766565,0 -71.684488,43.9767816,0 -71.6845505,43.9768879,0 -71.6845902,43.9769553,0 -71.6846458,43.977036,0 -71.6848317,43.9773084,0 -71.684882,43.977382,0 -71.68495799999999,43.977509,0 -71.68501999999999,43.977638,0 -71.6850846,43.9778308,0 -71.6851135,43.9779921,0 -71.6851216,43.9781804,0 -71.68507700000001,43.978508,0 -71.68507099999999,43.978526,0 -71.68503,43.978648,0 -71.68493700000001,43.978846,0 -71.6847149,43.9791914,0 -71.68454269999999,43.9794657,0 -71.684285,43.9798834,0 -71.68395700000001,43.980374,0 -71.683824,43.980556,0 -71.6833006,43.9812994,0 -71.68295879999999,43.9818498,0 -71.68268550000001,43.9823017,0 -71.682278,43.9830399999999,0 -71.682113,43.98336,0 -71.68203200000001,43.983558,0 -71.68199300000001,43.983695,0 -71.681961,43.983909,0 -71.68196020000001,43.9839935,0 -71.68195900000001,43.984126,0 -71.68198099999999,43.984344,0 -71.682008,43.984487,0 -71.682067,43.984696,0 -71.68214500000001,43.984902,0 -71.682237,43.9851,0 -71.682563,43.985665,0 -71.682779,43.986027,0 -71.683346,43.986977,0 -71.683453,43.987171,0 -71.683545,43.987373,0 -71.683662,43.987708,0 -71.683752,43.988144,0 -71.683806,43.988797,0 -71.68380399999999,43.988871,0 -71.683876,43.989371,0 -71.683961,43.989649,0 -71.684085,43.9899080000001,0 -71.68420500000001,43.990091,0 -71.684343,43.990261,0 -71.684443,43.990364,0 -71.6845252,43.990505,0 -71.684848,43.99068,0 -71.68527,43.990968,0 -71.68548699999999,43.991155,0 -71.685686,43.991378,0 -71.68580799999999,43.991559,0 -71.685852,43.991642,0 -71.685913,43.99176,0 -71.685986,43.991972,0 -71.68599500000001,43.992026,0 -71.686021,43.9921879999999,0 -71.68602300000001,43.992337,0 -71.686009,43.992482,0 -71.68596700000001,43.992671,0 -71.685918,43.9928319999999,0 -71.685861,43.992969,0 -71.685755,43.9931630000001,0 -71.685666,43.993284,0 -71.68552200000001,43.993455,0 -71.685413,43.993559,0 -71.68524499999999,43.9937,0 -71.684933,43.993892,0 -71.684397,43.994144,0 -71.684192,43.994231,0 -71.683797,43.994432,0 -71.683609,43.994547,0 -71.683436,43.994671,0 -71.683271,43.994813,0 -71.68312299999999,43.994971,0 -71.682993,43.995144,0 -71.682883,43.9953340000001,0 -71.682799,43.995534,0 -71.68274599999999,43.995743,0 -71.682726,43.995885,0 -71.682727,43.996098,0 -71.682749,43.9962409999999,0 -71.682806,43.996449,0 -71.68295000000001,43.996778,0 -71.683513,43.997938,0 -71.68359599999999,43.998142,0 -71.683677,43.998424,0 -71.683711,43.998639,0 -71.683801,43.9995729999999,0 -71.6839458,44.0005465,0 -71.684068,44.001368,0 -71.68418699999999,44.001926,0 -71.684617,44.003706,0 -71.68489700000001,44.0047139,0 -71.6849818,44.0050786,0 -71.685451,44.007096,0 -71.68553350000001,44.0073997000001,0 -71.6859133,44.0089173,0 -71.686009,44.009297,0 -71.686099,44.0097269999999,0 -71.686136,44.010021,0 -71.68614100000001,44.010169,0 -71.686126,44.010393,0 -71.68610099999999,44.010537,0 -71.685998,44.010895,0 -71.68588699999999,44.011241,0 -71.68541,44.012631,0 -71.685199,44.0132960000001,0 -71.68514,44.013476,0 -71.684983,44.01412,0 -71.684962,44.014217,0 -71.684724,44.015339,0 -71.684653,44.015627,0 -71.68446,44.016197,0 -71.684282,44.016599,0 -71.68397,44.017178,0 -71.683319,44.018291,0 -71.683224,44.018485,0 -71.683148,44.018685,0 -71.68310700000001,44.018823,0 -71.683046,44.01918,0 -71.683042,44.019398,0 -71.68308,44.019752,0 -71.68319099999999,44.020456,0 -71.68335,44.0216009999999,0 -71.6834623,44.0220515,0 -71.68353999999999,44.022253,0 -71.68367499999999,44.022512,0 -71.68375899999999,44.022636,0 -71.683942,44.022864,0 -71.68414900000001,44.023071,0 -71.684512,44.023383,0 -71.68469,44.02356,0 -71.684783,44.023669,0 -71.684956,44.023909,0 -71.685018,44.024037,0 -71.685114,44.024309,0 -71.68514,44.024448,0 -71.685152,44.024733,0 -71.685135,44.024947,0 -71.6851127,44.0251156,0 -71.68509899999999,44.025219,0 -71.68504369999999,44.0256219,0 -71.68500229999999,44.0259583,0 -71.68499509999999,44.0260284,0 -71.6849809,44.0261777,0 -71.68497600000001,44.026316,0 -71.68499799999999,44.026678,0 -71.6850269,44.0269449,0 -71.685078,44.027418,0 -71.68509,44.027544,0 -71.685151,44.027895,0 -71.68523399999999,44.028175,0 -71.68534200000001,44.028449,0 -71.68562780000001,44.0291111,0 -71.68572899999999,44.0293306,0 -71.68581,44.029489,0 -71.68595569999999,44.0297002,0 -71.686498,44.030257,0 -71.686567,44.030358,0 -71.6865708,44.0303643,0 -71.686638,44.0304767000001,0 -71.6866995,44.030642,0 -71.686739,44.0308015,0 -71.68674300000001,44.030984,0 -71.6867201,44.031204,0 -71.686716,44.0312439,0 -71.6866321,44.0318183,0 -71.6866132,44.0320039,0 -71.6865997,44.0321933,0 -71.68659630000001,44.0322633,0 -71.68657690000001,44.0329637,0 -71.6865636,44.0332693000001,0 -71.68653639999999,44.0336082,0 -71.6865166,44.0337884,0 -71.6864846,44.0339786,0 -71.6864224,44.0342968,0 -71.6863338,44.0347523,0 -71.68629780000001,44.0349545,0 -71.6862771,44.0351567,0 -71.6862745,44.0352313,0 -71.6862739,44.0354019,0 -71.6862825,44.0355526,0 -71.6863276,44.0358242,0 -71.6863481,44.0359209,0 -71.6864764,44.0362336,0 -71.68661520000001,44.0365493,0 -71.6870502,44.0371688,0 -71.6872075,44.0373948,0 -71.6874237,44.0377705,0 -71.6875338,44.0381874,0 -71.6875864,44.038545,0 -71.68756740000001,44.0389149,0 -71.68752449999999,44.0392904,0 -71.68732300000001,44.0403341,0 -71.68704529999999,44.0417446,0 -71.686971,44.042122,0 -71.686925,44.0423912,0 -71.686604,44.04427,0 -71.68634,44.0460359999999,0 -71.686335,44.046072,0 -71.686257,44.046798,0 -71.68624629999999,44.0471535,0 -71.686272,44.047341,0 -71.6862998,44.0475209,0 -71.68634489999999,44.0476786,0 -71.6863551,44.0477072,0 -71.68638850000001,44.0478008,0 -71.6864552,44.047957,0 -71.6864722,44.0479966999999,0 -71.6865368,44.0481271,0 -71.6866272,44.0482856,0 -71.6867261,44.0484374,0 -71.686947,44.048731,0 -71.6874564,44.0493776,0 -71.688812,44.051057,0 -71.68928,44.051671,0 -71.689463,44.0520033,0 -71.689565,44.0522559999999,0 -71.689639,44.052609,0 -71.689639,44.05287,0 -71.689639,44.052965,0 -71.68958859999999,44.053265,0 -71.68957899999999,44.053322,0 -71.689525,44.0535019,0 -71.689457,44.053665,0 -71.6893793,44.0538152,0 -71.689297,44.0539486,0 -71.6892,44.054093,0 -71.689145,44.054161,0 -71.688744,44.054658,0 -71.6885453,44.0549332,0 -71.68840729999999,44.055113,0 -71.68838,44.055155,0 -71.688315,44.055254,0 -71.6881934,44.0555066,0 -71.688112,44.055665,0 -71.688061,44.0557921,0 -71.688024,44.055926,0 -71.6879923,44.0560869,0 -71.68797000000001,44.056288,0 -71.68795799999999,44.056649,0 -71.687966,44.057009,0 -71.687999,44.057301,0 -71.68803,44.05744,0 -71.688075,44.057578,0 -71.688222,44.057902,0 -71.688507,44.058423,0 -71.688596,44.058694,0 -71.68862,44.058798,0 -71.6886951,44.0592029999999,0 -71.688658,44.059592,0 -71.6885982,44.059827,0 -71.6885066,44.0601304,0 -71.6884441,44.0602971,0 -71.6883577,44.0604724,0 -71.68821440000001,44.060686,0 -71.687703,44.0615465,0 -71.6874669,44.0619778,0 -71.68714970000001,44.0626335,0 -71.68709819999999,44.062731,0 -71.6868881,44.0632787,0 -71.68677099999999,44.063622,0 -71.68663720000001,44.0641214,0 -71.6866201,44.0641676,0 -71.686577,44.064284,0 -71.68642490000001,44.064708,0 -71.686341,44.064942,0 -71.68624199999999,44.065174,0 -71.6862197,44.0652383,0 -71.68613499999999,44.065483,0 -71.686036,44.06584,0 -71.6859887,44.0661039,0 -71.685957,44.066281,0 -71.685941,44.066487,0 -71.6859377,44.0666253,0 -71.6859278,44.0670388000001,0 -71.68592700000001,44.067071,0 -71.68592599999999,44.067111,0 -71.68593250000001,44.0674977,0 -71.685941,44.068005,0 -71.685937,44.06848,0 -71.6859278,44.0694469,0 -71.6859267,44.0695595,0 -71.68592599999999,44.069634,0 -71.6858998,44.0699447,0 -71.685892,44.070037,0 -71.68585400000001,44.070227,0 -71.685743,44.070505,0 -71.685412,44.071312,0 -71.685256,44.071761,0 -71.68522249999999,44.0718496,0 -71.685013,44.072404,0 -71.68485699999999,44.072765,0 -71.684613,44.073355,0 -71.68456260000001,44.0735184,0 -71.684431,44.073945,0 -71.68437,44.074215,0 -71.6843587,44.0744008,0 -71.684343,44.07471,0 -71.684347,44.074968,0 -71.684381,44.075364,0 -71.68440339999999,44.0755603,0 -71.6844657,44.0761073,0 -71.6844791,44.0762253,0 -71.68459470000001,44.0772397,0 -71.6846182,44.0774509,0 -71.6846443,44.0778959,0 -71.6847075,44.0784561,0 -71.684735,44.0786875,0 -71.6847633,44.0789739,0 -71.68481490000001,44.0794978,0 -71.6848755,44.0799794,0 -71.68502719999999,44.0813229,0 -71.6850542,44.0815867,0 -71.6851374,44.0824243,0 -71.68515360000001,44.0826972,0 -71.68514949999999,44.0829023,0 -71.6851372,44.0830546999999,0 -71.6851013,44.0832957,0 -71.6850675,44.0834564,0 -71.6850051,44.0836696,0 -71.6849222,44.0839021,0 -71.6848292,44.0841382,0 -71.68474860000001,44.0843435,0 -71.6845708,44.0848056999999,0 -71.6843731,44.0852958999999,0 -71.684107,44.0860049999999,0 -71.683976,44.086344,0 -71.6837211,44.0870243,0 -71.6835688,44.087702,0 -71.683532,44.0881286,0 -71.6835403,44.0886908,0 -71.6835967,44.0891654,0 -71.68364800000001,44.0895857,0 -71.6836575,44.0896719,0 -71.683685,44.0899210999999,0 -71.6837046,44.0901334,0 -71.6837173,44.0902699,0 -71.6837398,44.0905555,0 -71.6837317,44.0910924,0 -71.6836926,44.0914988,0 -71.6836358,44.0918350000001,0 -71.683492,44.0926010000001,0 -71.6833779,44.0932253,0 -71.68318290000001,44.0941715,0 -71.6831461,44.0943972,0 -71.68305530000001,44.0948583,0 -71.6828972,44.0956305,0 -71.6827974,44.0963089,0 -71.68267880000001,44.096957,0 -71.6825261,44.0977764,0 -71.6824641,44.0980647,0 -71.6824222,44.0983639,0 -71.68239819999999,44.0988869,0 -71.6824122,44.0990347,0 -71.68245899999999,44.099352,0 -71.682514,44.099564,0 -71.6825766,44.0998084,0 -71.6827,44.100419,0 -71.68275300000001,44.100776,0 -71.68277500000001,44.101356,0 -71.68274599999999,44.102088,0 -71.6826894,44.1032069,0 -71.6826193,44.1033798,0 -71.6825868,44.1038575,0 -71.6825771,44.1041936,0 -71.6825793,44.1044104,0 -71.6825913,44.1046145,0 -71.6826032,44.1047078,0 -71.6826428,44.1049837,0 -71.6827541,44.1055976000001,0 -71.68277380000001,44.1057241,0 -71.68278599999999,44.105851,0 -71.6827905,44.1060208000001,0 -71.6827815,44.1061905,0 -71.6827591,44.1063595,0 -71.6827232,44.1065274,0 -71.68259689999999,44.107058,0 -71.6824709,44.108101,0 -71.68224309999999,44.1090369000001,0 -71.6821674,44.1093634,0 -71.68209589999999,44.1096907,0 -71.6820405,44.1099832,0 -71.6820017,44.1102318,0 -71.68198150000001,44.1104016,0 -71.6819481,44.1107076,0 -71.6819363,44.1108209,0 -71.6819102,44.1111514,0 -71.6818918,44.1114783,0 -71.68188739999999,44.1118035,0 -71.6818864,44.1121147,0 -71.6819011,44.1124504,0 -71.68191899999999,44.112753,0 -71.68196829999999,44.1133627,0 -71.68197290000001,44.11342,0 -71.6820017,44.1137464,0 -71.6820366,44.1141732,0 -71.6820835,44.1148149,0 -71.6821647,44.1166597,0 -71.68218899999999,44.117353,0 -71.68219259999999,44.1179905,0 -71.6821922,44.1181655,0 -71.6821834,44.1185951,0 -71.682166,44.1190948,0 -71.68211169999999,44.1198800000001,0 -71.6820333,44.1209527,0 -71.68196570000001,44.121851,0 -71.6818073,44.124083,0 -71.681656,44.126189,0 -71.68161379999999,44.126791,0 -71.6815873,44.1271137,0 -71.6815639,44.1273259,0 -71.68153169999999,44.1275370000001,0 -71.6814847,44.1277505,0 -71.6814251,44.1279625,0 -71.6813506,44.1281723,0 -71.68126580000001,44.1283762,0 -71.6811706,44.128581,0 -71.681074,44.1287843,0 -71.6806318,44.1297026,0 -71.6805366,44.1299089,0 -71.6804455,44.1301148,0 -71.6803639,44.1303331,0 -71.6803005,44.1305423,0 -71.6802455,44.130756,0 -71.68020799999999,44.1309704,0 -71.6801832,44.1311867,0 -71.6801725,44.1314052000001,0 -71.6801715,44.1316188,0 -71.68018549999999,44.131834,0 -71.68021570000001,44.1320516,0 -71.6802556,44.1322655,0 -71.68031190000001,44.1324715,0 -71.680376,44.1326813,0 -71.6804568,44.1328856,0 -71.6805493,44.1330899,0 -71.68065489999999,44.1332959,0 -71.68077390000001,44.133492,0 -71.68090239999999,44.1336872,0 -71.681116,44.133981,0 -71.6819272,44.1350597,0 -71.6825474,44.1358996,0 -71.6829113,44.1363873,0 -71.68347180000001,44.1371172,0 -71.683824,44.137583,0 -71.6839658,44.1377826,0 -71.6840536,44.1379232,0 -71.6841314,44.1380668,0 -71.68419900000001,44.138213,0 -71.6842532,44.138353,0 -71.684298,44.1384947,0 -71.6843332,44.1386378,0 -71.684378,44.138847,0 -71.6843963,44.1389881,0 -71.6844043,44.1391618,0 -71.68440219999999,44.1392958,0 -71.6843926,44.1394297,0 -71.68437520000001,44.1395631999999,0 -71.68435030000001,44.1396960000001,0 -71.6843104,44.1398544,0 -71.6842597,44.1400112,0 -71.68419830000001,44.140166,0 -71.6841263,44.1403185,0 -71.684044,44.1404682,0 -71.6839516,44.1406149,0 -71.6838492,44.1407581,0 -71.6837371,44.1408976,0 -71.6835856,44.1410742,0 -71.68347300000001,44.1411936,0 -71.6829499,44.1417488,0 -71.6826191,44.1421011,0 -71.68246139999999,44.1422713,0 -71.6818837,44.1428959,0 -71.681758,44.143042,0 -71.68164059999999,44.1431916,0 -71.68153169999999,44.1433445,0 -71.68141989999999,44.1435194,0 -71.6813193,44.1436978,0 -71.68123009999999,44.1438792000001,0 -71.681185,44.1439714,0 -71.6811368,44.1440862,0 -71.68108100000001,44.1442299999999,0 -71.68102380000001,44.1444388000001,0 -71.6809751,44.1446521,0 -71.68094290000001,44.1448428999999,0 -71.6809203,44.1450377,0 -71.680902,44.145231,0 -71.6808853,44.1454573,0 -71.68081890000001,44.1462358,0 -71.6807951,44.1464944,0 -71.6807582,44.1467522,0 -71.68070830000001,44.1470089,0 -71.6806455,44.147264,0 -71.6805698,44.1475174,0 -71.6804985,44.1477228,0 -71.6804187,44.1479265,0 -71.6803306,44.1481284,0 -71.68023410000001,44.1483284,0 -71.6795592,44.1496053,0 -71.6793296,44.1500788,0 -71.6791643,44.1504885,0 -71.6789742,44.1510738,0 -71.6787739,44.1518392,0 -71.6787291,44.1520104,0 -71.67845989999999,44.1530281,0 -71.67824659999999,44.1538284,0 -71.6780837,44.154426,0 -71.6780504,44.154552,0 -71.67795599999999,44.1549106,0 -71.67767600000001,44.1559506,0 -71.67760490000001,44.1561713,0 -71.677527,44.1563909,0 -71.6774198,44.1566649,0 -71.6773022,44.1569368,0 -71.6772387,44.1570819,0 -71.6766117,44.1584605,0 -71.67653060000001,44.1586653,0 -71.67646000000001,44.158872,0 -71.67640249999999,44.1590712,0 -71.6763547,44.1592716999999,0 -71.6763168,44.1594733,0 -71.6762887,44.1596757,0 -71.6762706,44.1598787,0 -71.676231,44.160665,0 -71.67618330000001,44.1620429,0 -71.6761384,44.1632824,0 -71.6761329,44.163424,0 -71.6761339,44.1635657,0 -71.6761417,44.1637072,0 -71.6761515,44.1638105999999,0 -71.6761649,44.1639138,0 -71.67620119999999,44.1640725,0 -71.6762492,44.1642295,0 -71.6763089,44.1643845,0 -71.67637999999999,44.164537,0 -71.6764508,44.1646669,0 -71.6765298,44.1647942,0 -71.67661699999999,44.1649188,0 -71.6767122,44.1650404,0 -71.6768151,44.1651587,0 -71.6770064,44.165343,0 -71.6771622,44.1654728,0 -71.6773275,44.1655963,0 -71.6775018,44.1657134,0 -71.67768460000001,44.1658236,0 -71.6778753,44.1659266,0 -71.67806090000001,44.1660132,0 -71.678256,44.1660974,0 -71.6784466,44.1661743,0 -71.6790781,44.1664214,0 -71.679959,44.1667610000001,0 -71.6802215,44.1668648,0 -71.68043400000001,44.166956,0 -71.6805909,44.1670258,0 -71.6807433,44.1671006,0 -71.6808908,44.1671803,0 -71.68103309999999,44.1672646999999,0 -71.6811774,44.1673588,0 -71.6813152,44.1674576,0 -71.6814463,44.1675612,0 -71.68152480000001,44.1676295,0 -71.6815703,44.1676691,0 -71.6816869,44.1677811,0 -71.68179600000001,44.1678969999999,0 -71.6821908,44.1683727,0 -71.6823625,44.1685985,0 -71.6828201,44.1691815,0 -71.6829212,44.169311,0 -71.68302799999999,44.1694381,0 -71.6831406,44.1695627,0 -71.6832639,44.1696897000001,0 -71.6833931,44.1698136,0 -71.6835281,44.1699343,0 -71.6836607,44.1700412,0 -71.6837882,44.1701382,0 -71.68396250000001,44.1702603,0 -71.68414420000001,44.1703767,0 -71.6843329,44.1704873,0 -71.68449819999999,44.1705764,0 -71.684668,44.170661,0 -71.684862,44.1707494,0 -71.6850611,44.1708318,0 -71.685267,44.1709114,0 -71.6867819,44.1714931,0 -71.6871179,44.1716231,0 -71.687304,44.1717016,0 -71.687483,44.171788,0 -71.6876331,44.1718697,0 -71.6877769,44.1719571,0 -71.6879141,44.1720498,0 -71.68804419999999,44.1721475,0 -71.6881783,44.1722567,0 -71.6883038,44.1723709,0 -71.6884203,44.17249,0 -71.68852219999999,44.1726071,0 -71.6886154,44.1727278,0 -71.68869960000001,44.1728519,0 -71.6887747,44.172979,0 -71.6888471,44.1731206,0 -71.6889333,44.1733120000001,0 -71.68944399999999,44.174499,0 -71.6896474,44.1749635,0 -71.68985499999999,44.175425,0 -71.6899196,44.1755512,0 -71.6900096,44.1757047,0 -71.6901041,44.1758568999999,0 -71.6902206,44.1760335,0 -71.690343,44.1762081,0 -71.6909993,44.1770802,0 -71.6913638,44.1775693,0 -71.69145899999999,44.1777029,0 -71.6915437,44.1778403,0 -71.6916174,44.1779808000001,0 -71.69168000000001,44.178124,0 -71.69173120000001,44.1782696,0 -71.691771,44.178417,0 -71.6917986,44.1785622999999,0 -71.6918151,44.1787086,0 -71.6918203,44.1788552,0 -71.6918143,44.1790018,0 -71.69179699999999,44.179148,0 -71.6917746,44.1792934,0 -71.6917388,44.1794374,0 -71.6916902,44.179578,0 -71.6916288,44.1797159,0 -71.69156529999999,44.1798445,0 -71.69149280000001,44.1799708,0 -71.6914115,44.1800942,0 -71.6913217,44.1802146,0 -71.69122609999999,44.1803287,0 -71.6911228,44.1804394,0 -71.691012,44.1805463,0 -71.690894,44.1806492,0 -71.69076920000001,44.1807479,0 -71.69028299999999,44.1811042,0 -71.68988,44.1813903,0 -71.68897010000001,44.1820214,0 -71.68865599999999,44.1822492,0 -71.6883311,44.1824829,0 -71.6880075,44.182717,0 -71.6876836,44.18295,0 -71.6873635,44.1831812000001,0 -71.6870436,44.1834117,0 -71.6867214,44.1836444,0 -71.6862679,44.1839757,0 -71.6854807,44.184545,0 -71.68520820000001,44.1847360999999,0 -71.68487570000001,44.1849761,0 -71.68452569999999,44.1852276,0 -71.6841998,44.1854665999999,0 -71.6838752,44.1857108,0 -71.6835564,44.1859664,0 -71.6832459,44.1862439,0 -71.6829693,44.1865201,0 -71.68271919999999,44.1868028,0 -71.6824778,44.1871113,0 -71.68226420000001,44.1874255,0 -71.6820859,44.187727,0 -71.68192430000001,44.1880525,0 -71.6817861,44.1883801999999,0 -71.6816747,44.1887103,0 -71.6815873,44.1890478,0 -71.681524,44.1893962,0 -71.6814881,44.1897387,0 -71.6814693,44.1900731,0 -71.68143120000001,44.1914721,0 -71.6814272,44.1916178,0 -71.6814001,44.1925314,0 -71.6813909,44.1929226,0 -71.6813583,44.1939583,0 -71.68116689999999,44.1949332000001,0 -71.6811245,44.195224,0 -71.68107070000001,44.1955139,0 -71.68101369999999,44.1957692,0 -71.680948,44.1960233,0 -71.6806662,44.1969064,0 -71.6805859,44.1971954,0 -71.68051199999999,44.197488,0 -71.680464,44.1977415,0 -71.68042800000001,44.197996,0 -71.6804078,44.198247,0 -71.6804018,44.1985004,0 -71.6804011,44.1987494,0 -71.680404,44.199006,0 -71.6804296,44.1992536,0 -71.680464,44.1995006,0 -71.6805071,44.1997469,0 -71.6805567,44.1999829,0 -71.6806667,44.2004521,0 -71.6808001,44.2010065,0 -71.6809117,44.2014681,0 -71.68102519999999,44.2018374,0 -71.6813034,44.2031525,0 -71.681484,44.20399,0 -71.681749,44.204962,0 -71.681917,44.20528,0 -71.6820013,44.2054053,0 -71.682119,44.20558,0 -71.682209,44.205693,0 -71.682513,44.206004,0 -71.68262,44.206098,0 -71.683829,44.207013,0 -71.68428400000001,44.207427,0 -71.68458800000001,44.207825,0 -71.684834,44.208268,0 -71.68498599999999,44.208745,0 -71.685039,44.209178,0 -71.685018,44.209596,0 -71.684905,44.210069,0 -71.684692,44.210528,0 -71.68440200000001,44.210948,0 -71.68405199999999,44.211313,0 -71.68365300000001,44.211624,0 -71.683226,44.211887,0 -71.682767,44.212107,0 -71.682294,44.212282,0 -71.681802,44.212411,0 -71.679815,44.21284,0 -71.679317,44.212973,0 -71.678832,44.21314,0 -71.678363,44.213341,0 -71.67792300000001,44.213587,0 -71.6777987,44.213669,0 -71.677679,44.213748,0 -71.677497,44.213868,0 -71.67744209999999,44.2139146,0 -71.677104,44.214202,0 -71.676751,44.214576,0 -71.676452,44.214992,0 -71.673818,44.219399,0 -71.67359399999999,44.219861,0 -71.67344900000001,44.220332,0 -71.673391,44.220785,0 -71.673401,44.221238,0 -71.67347599999999,44.221679,0 -71.67397750000001,44.2233875,0 -71.67434059999999,44.2246001,0 -71.674458,44.225038,0 -71.674575,44.225514,0 -71.67462500000001,44.225959,0 -71.67462,44.226404,0 -71.674561,44.226867,0 -71.674453,44.2273029999999,0 -71.674277,44.227764,0 -71.674042,44.228213,0 -71.67375699999999,44.228638,0 -71.67343,44.229036,0 -71.673067,44.229394,0 -71.672676,44.2297219999999,0 -71.672259,44.230019,0 -71.671825,44.230286,0 -71.66843,44.232044,0 -71.6646336,44.2340156,0 -71.6629599,44.2348938,0 -71.66109899999999,44.2358540000001,0 -71.660651,44.2361190000001,0 -71.660242,44.236428,0 -71.659871,44.236781,0 -71.65955700000001,44.237182,0 -71.658669,44.238429,0 -71.65805,44.239227,0 -71.657721,44.239613,0 -71.657347,44.239969,0 -71.65694000000001,44.240275,0 -71.656503,44.240542,0 -71.65582860000001,44.2409072000001,0 -71.6553236,44.2411832,0 -71.65338199999999,44.242239,0 -71.652945,44.2425079999999,0 -71.652551,44.242816,0 -71.652202,44.243183,0 -71.651838,44.243537,0 -71.651713,44.2436407,0 -71.6516056,44.2437145,0 -71.651506,44.243781,0 -71.65141800000001,44.243827,0 -71.65132250000001,44.2438812,0 -71.651186,44.2439525,0 -71.6510954,44.2439966,0 -71.650959,44.244051,0 -71.6508761,44.2440848,0 -71.6507273,44.2441449000001,0 -71.65047199999999,44.244219,0 -71.6502909,44.244266,0 -71.6501566,44.244294,0 -71.64999299999999,44.24432,0 -71.6497694,44.2443517,0 -71.649483,44.2443798,0 -71.6489589,44.2444176,0 -71.646928,44.244556,0 -71.646423,44.244615,0 -71.64598340000001,44.2446964,0 -71.64550850000001,44.2447902000001,0 -71.644994,44.2448858,0 -71.6448281,44.244912,0 -71.64467930000001,44.2449297,0 -71.6444802,44.2449486,0 -71.6442564,44.2449457,0 -71.6440796,44.2449369,0 -71.643916,44.2449218,0 -71.64368760000001,44.2448866,0 -71.6435346,44.2448567,0 -71.6434012,44.2448236,0 -71.6431631,44.2447541,0 -71.642937,44.244667,0 -71.6424628,44.244475,0 -71.6420116,44.2443048,0 -71.6416821,44.2442025,0 -71.64146460000001,44.2441393,0 -71.64116009999999,44.2440657,0 -71.6409017,44.2440183,0 -71.64062300000001,44.2439683,0 -71.64017130000001,44.243914,0 -71.639841,44.2438900000001,0 -71.6394763,44.2438755,0 -71.6391996,44.2438765,0 -71.6389781,44.2438843,0 -71.638373,44.2439276,0 -71.6380709,44.2439491000001,0 -71.6341429,44.2442222,0 -71.633871,44.2442493,0 -71.63370310000001,44.2442664,0 -71.6332788,44.2443101,0 -71.63200500000001,44.2444978,0 -71.6269205,44.2453625,0 -71.62233209999999,44.2461405,0 -71.6214598,44.2462853,0 -71.620068,44.2465192,0 -71.618683,44.2467484,0 -71.6181266,44.2468422,0 -71.617575,44.2469352,0 -71.6167164,44.24708,0 -71.6158358,44.2472277,0 -71.6148098,44.2474029000001,0 -71.614062,44.247526,0 -71.613826,44.24757,0 -71.61302999999999,44.24772,0 -71.612534,44.247813,0 -71.6110169,44.2481274,0 -71.6095143,44.2484154,0 -71.60914459999999,44.2484901,0 -71.6078404,44.2487336,0 -71.602751,44.249705,0 -71.6009284,44.2500556,0 -71.600188,44.250198,0 -71.599158,44.250381,0 -71.594561,44.251119,0 -71.593557,44.251295,0 -71.5925763,44.2515658000001,0 -71.591634,44.25201,0 -71.5912349,44.2522731999999,0 -71.59086979999999,44.2525570999999,0 -71.59006599999999,44.2533,0 -71.5891939,44.2541583,0 -71.5887463,44.2545974999999,0 -71.5883233,44.2549904,0 -71.58782220000001,44.2554832,0 -71.5876651,44.2556177,0 -71.58744,44.255785,0 -71.58668900000001,44.2564059999999,0 -71.585172,44.257583,0 -71.584047,44.2584545,0 -71.581805,44.2602,0 -71.579871,44.261683,0 -71.579606,44.26189,0 -71.579063,44.262314,0 -71.57835300000001,44.262869,0 -71.577713,44.263362,0 -71.577129,44.263809,0 -71.57650599999999,44.2642670000001,0 -71.57613000000001,44.264507,0 -71.57590500000001,44.264636,0 -71.57547,44.264861,0 -71.574827,44.265136,0 -71.574443,44.265268,0 -71.57407600000001,44.265383,0 -71.5733201,44.2655485,0 -71.57290999999999,44.2656139999999,0 -71.572453,44.265665,0 -71.571412,44.265778,0 -71.569963,44.265936,0 -71.569261,44.26601,0 -71.5691941,44.266017,0 -71.568793,44.266059,0 -71.56782800000001,44.266141,0 -71.56717930000001,44.266207,0 -71.5670556,44.2662196,0 -71.56623449999999,44.2663191,0 -71.56593100000001,44.2663528,0 -71.5651665,44.2664367,0 -71.5643853,44.2665193,0 -71.563996,44.2665619,0 -71.56358280000001,44.2666048,0 -71.5631485,44.2666514,0 -71.5629632,44.2666697,0 -71.56258339999999,44.2667096,0 -71.5622223,44.2667475,0 -71.5610222,44.2668713999999,0 -71.5609307,44.2668808,0 -71.5605195,44.2669221,0 -71.56001500000001,44.2669781,0 -71.559411,44.2670331,0 -71.5586954,44.267103,0 -71.55837820000001,44.2671378,0 -71.55768689999999,44.2672067,0 -71.5571308,44.2672638,0 -71.55640699999999,44.2673296000001,0 -71.5561805,44.2673512,0 -71.55548090000001,44.26742,0 -71.5537259,44.2675922000001,0 -71.55363699999999,44.2676017,0 -71.553116,44.2676514,0 -71.5529088,44.267673,0 -71.55270760000001,44.2676921,0 -71.5525442,44.2677086,0 -71.552204,44.267743,0 -71.5518629,44.2677781,0 -71.5517074,44.267798,0 -71.550961,44.2678803,0 -71.5479182,44.2682175,0 -71.5475,44.268262,0 -71.54666090000001,44.2683514,0 -71.5454694,44.2685005,0 -71.5450785,44.268549,0 -71.5443823,44.2686301999999,0 -71.5440783,44.2686672999999,0 -71.5435112,44.2687365,0 -71.5431435,44.2687824,0 -71.5429197,44.2688203,0 -71.54268159999999,44.2688683,0 -71.542333,44.2689542,0 -71.54173780000001,44.2691644,0 -71.54157600000001,44.2692331,0 -71.5412496,44.2694107,0 -71.541089,44.2695051,0 -71.5409349,44.2696125,0 -71.54077700000001,44.2697321,0 -71.5406667,44.2698153,0 -71.5405219,44.2699087,0 -71.5403464,44.2700801999999,0 -71.5401667,44.270275,0 -71.5400602,44.2703933000001,0 -71.5399714,44.270494,0 -71.5398907,44.2706019,0 -71.5398299,44.2707012,0 -71.539813,44.270729,0 -71.53978789999999,44.2707846,0 -71.5397468,44.2708837,0 -71.539709,44.2709964,0 -71.5396755,44.271096,0 -71.53958969999999,44.2714137,0 -71.5395803,44.2715202,0 -71.5395831,44.2716296,0 -71.539568,44.2718227,0 -71.539546,44.2721900000001,0 -71.53957699999999,44.2725644,0 -71.53965820000001,44.2729074,0 -71.5398065,44.2732087,0 -71.540143,44.273754,0 -71.5404207,44.2741569,0 -71.5406404,44.2744715,0 -71.5408158,44.2747186,0 -71.5409142,44.2748586,0 -71.5410926,44.275089,0 -71.54129829999999,44.2753265,0 -71.5414627,44.2754982,0 -71.54163029999999,44.2756445,0 -71.5418221,44.2758005,0 -71.5421262,44.2760125,0 -71.5425327,44.2762749000001,0 -71.5435657,44.2769273,0 -71.5439712,44.277212,0 -71.5441008,44.2773191,0 -71.544275,44.2774741,0 -71.5444569,44.2776402,0 -71.5445955,44.2778014,0 -71.5447824,44.2780413,0 -71.5450029,44.2783568,0 -71.5457377,44.2794748,0 -71.54604,44.279928,0 -71.54634799999999,44.2803879999999,0 -71.546885,44.281217,0 -71.54716759999999,44.2816467,0 -71.5472664,44.2818334,0 -71.5473511,44.2820382,0 -71.54742,44.28227,0 -71.5474457,44.2824113,0 -71.547465,44.2825526,0 -71.54746419999999,44.2827417,0 -71.5474507,44.282888,0 -71.5474267,44.2830433,0 -71.54736339999999,44.2832776,0 -71.5473381,44.2833532,0 -71.547214,44.283607,0 -71.54698999999999,44.283982,0 -71.5461849,44.2851511,0 -71.5441994,44.2880661,0 -71.5440438,44.2883294,0 -71.543645,44.289144,0 -71.543357,44.289846,0 -71.543215,44.290307,0 -71.54307420000001,44.2911954999999,0 -71.543019,44.291693,0 -71.54300600000001,44.291813,0 -71.54293269999999,44.2944404,0 -71.5429223,44.2947455,0 -71.542902,44.295567,0 -71.5428373,44.296913,0 -71.54282360000001,44.2973114,0 -71.5428047,44.297669,0 -71.542858,44.2982070000001,0 -71.542923,44.2987935,0 -71.543014,44.299272,0 -71.543087,44.299606,0 -71.543278,44.300199,0 -71.543357,44.3004450000001,0 -71.54432920000001,44.3025842,0 -71.5444547,44.3028724,0 -71.545028,44.304079,0 -71.545204,44.304404,0 -71.54529599999999,44.304573,0 -71.546177,44.305575,0 -71.546922,44.306391,0 -71.546977,44.306452,0 -71.547432,44.306945,0 -71.547893,44.307444,0 -71.547935,44.307489,0 -71.5480093,44.3075721,0 -71.548202,44.307778,0 -71.548255,44.307836,0 -71.548565,44.308172,0 -71.548986,44.308627,0 -71.5493498,44.3090584,0 -71.54998070000001,44.3097385,0 -71.5506986,44.3105363,0 -71.5508751,44.310694,0 -71.5510532,44.3108678,0 -71.55146329999999,44.3112119,0 -71.55209000000001,44.3117098,0 -71.5523171,44.3118532,0 -71.55288729999999,44.3122308,0 -71.55324659999999,44.3124798,0 -71.5534998,44.3126362,0 -71.55497699999999,44.313654,0 -71.555288,44.313853,0 -71.555894,44.31424,0 -71.556191,44.314466,0 -71.556596,44.314753,0 -71.55689700000001,44.315002,0 -71.55717799999999,44.315273,0 -71.55744799999999,44.31558,0 -71.557861,44.316128,0 -71.55792,44.316229,0 -71.558239,44.316774,0 -71.558438,44.317215,0 -71.55852899999999,44.317468,0 -71.5586,44.317723,0 -71.55870899999999,44.318206,0 -71.558854,44.318871,0 -71.55901,44.319576,0 -71.55918699999999,44.320284,0 -71.559325,44.320715,0 -71.559393,44.320921,0 -71.559556,44.321346,0 -71.559746,44.321793,0 -71.559999,44.322332,0 -71.561584,44.325378,0 -71.56177599999999,44.325775,0 -71.561802,44.325829,0 -71.56233899999999,44.326896,0 -71.562504,44.327158,0 -71.562839,44.327812,0 -71.563368,44.328867,0 -71.563676,44.329397,0 -71.56388099999999,44.329807,0 -71.56464800000001,44.330924,0 -71.565138,44.331598,0 -71.56556999999999,44.332217,0 -71.566051,44.332876,0 -71.566531,44.333566,0 -71.568456,44.336227,0 -71.569031,44.337047,0 -71.569188,44.337244,0 -71.56933600000001,44.33743,0 -71.569604,44.337736,0 -71.570004,44.338151,0 -71.571884,44.339958,0 -71.57230300000001,44.340377,0 -71.572585,44.34066,0 -71.573757,44.341757,0 -71.574234,44.342222,0 -71.57477299999999,44.342728,0 -71.575372,44.3433219999999,0 -71.576076,44.344001,0 -71.5775,44.345392,0 -71.577844,44.345707,0 -71.57854,44.346387,0 -71.57925299999999,44.34711,0 -71.579671,44.347571,0 -71.580608,44.3487,0 -71.58072799999999,44.348838,0 -71.5811649,44.3493469,0 -71.58200170000001,44.3503443000001,0 -71.5826003,44.3510521,0 -71.582807,44.3513025,0 -71.583179,44.351753,0 -71.5833413,44.3519645,0 -71.5834655,44.3521263,0 -71.5838189,44.352639,0 -71.5838301,44.3526560999999,0 -71.5839186,44.3527908,0 -71.58416630000001,44.3531681,0 -71.5844937,44.353688,0 -71.5845037,44.3537038,0 -71.58467450000001,44.3539765,0 -71.5848541,44.3542621,0 -71.5850397,44.3545552,0 -71.58540259999999,44.3551419,0 -71.5855517,44.3554075,0 -71.58556129999999,44.3554268,0 -71.585622,44.3555489,0 -71.5857671,44.355841,0 -71.58598720000001,44.3563418,0 -71.5861493,44.3566796,0 -71.586208,44.356802,0 -71.5863057,44.3569615,0 -71.58639169999999,44.3571155,0 -71.5864821,44.3572449,0 -71.5867282,44.35755,0 -71.5868905,44.357744,0 -71.58701499999999,44.3578764,0 -71.587155,44.358023,0 -71.587317,44.35818,0 -71.58766009999999,44.3584736,0 -71.58808000000001,44.3587932,0 -71.58883280000001,44.3592918,0 -71.590082,44.3600943,0 -71.59063999999999,44.360445,0 -71.590799,44.3605563,0 -71.59207050000001,44.361379,0 -71.5932305,44.3621027,0 -71.59334,44.362171,0 -71.59425,44.3627349999999,0 -71.594387,44.362817,0 -71.595125,44.363272,0 -71.59565000000001,44.363615,0 -71.59626400000001,44.364033,0 -71.59688540000001,44.3644685,0 -71.5971088,44.3646251,0 -71.5977188,44.3650286,0 -71.5978344,44.3651051,0 -71.5982484,44.365349,0 -71.59859059999999,44.3655617,0 -71.5992497,44.3659794,0 -71.599266,44.3659886,0 -71.59962470000001,44.3661901,0 -71.5998139,44.3663167,0 -71.6000227,44.3664496,0 -71.6003991,44.3667541,0 -71.601097,44.367437,0 -71.6013229,44.3676009,0 -71.601525,44.3677340000001,0 -71.6016796,44.3678118,0 -71.601822,44.36787,0 -71.6019934,44.367946,0 -71.602154,44.368001,0 -71.60252180000001,44.3680853,0 -71.6028671,44.3681468,0 -71.60305030000001,44.3681789,0 -71.6033869,44.3682394,0 -71.6036131,44.3682843,0 -71.6038334,44.3683333,0 -71.60391250000001,44.3683551,0 -71.6040982,44.3684063,0 -71.6042076,44.3684426,0 -71.6043075,44.3684847,0 -71.60438000000001,44.368514,0 -71.6046576,44.3686428,0 -71.604699,44.368662,0 -71.60503420000001,44.3688633000001,0 -71.6052308,44.3689823,0 -71.60539420000001,44.3690812,0 -71.605638,44.369226,0 -71.606177,44.3695269999999,0 -71.606382,44.3696289,0 -71.60646509999999,44.3696702,0 -71.6075939,44.3702518,0 -71.6076186,44.3702645000001,0 -71.6077269,44.3703191,0 -71.6079964,44.3704548,0 -71.608069,44.3704914,0 -71.6081409,44.3705276,0 -71.6083749,44.3706455000001,0 -71.6084269,44.3706717,0 -71.6085928,44.3707514,0 -71.6091225,44.3710059,0 -71.6094621,44.3711691,0 -71.60964490000001,44.3712558,0 -71.60966089999999,44.3712634,0 -71.60985239999999,44.3713583,0 -71.6098781,44.371371,0 -71.61011910000001,44.3715017,0 -71.6101525,44.3715192,0 -71.61018919999999,44.3715384,0 -71.61036369999999,44.3716281,0 -71.6108167,44.3718611,0 -71.61111699999999,44.3720269,0 -71.6113091,44.3721430000001,0 -71.6113246,44.3721523,0 -71.6113603,44.3721772,0 -71.6114529,44.3722417000001,0 -71.61157849999999,44.3723445,0 -71.61160099999999,44.3723691,0 -71.6116253,44.3723957,0 -71.6116837,44.3724824000001,0 -71.61170920000001,44.372536,0 -71.61173599999999,44.3725915,0 -71.6117544,44.3726363,0 -71.6117751,44.3727255,0 -71.6117943,44.3728345,0 -71.6118151,44.3729479999999,0 -71.6118185,44.3730001,0 -71.6116368,44.3732743,0 -71.6116049,44.3733193,0 -71.6114524,44.3735339,0 -71.6114036,44.373602,0 -71.6113142,44.3737286,0 -71.6112993,44.3737486,0 -71.6112589,44.3738028,0 -71.611006,44.3741473,0 -71.6109785,44.37418,0 -71.61089490000001,44.3742917,0 -71.6107992,44.3744197,0 -71.6106329,44.3746419,0 -71.61060310000001,44.3746817,0 -71.6105396,44.3747697,0 -71.61042329999999,44.374933,0 -71.6103088,44.3750903,0 -71.610196,44.3752457000001,0 -71.61018199999999,44.375265,0 -71.61002499999999,44.3754874,0 -71.60964269999999,44.3759955,0 -71.609559,44.376106,0 -71.6094899,44.3762026,0 -71.609258,44.376527,0 -71.609165,44.376625,0 -71.6091121,44.3766811,0 -71.609067,44.376729,0 -71.60877050000001,44.3770431,0 -71.6082821,44.3775512,0 -71.608189,44.3776624,0 -71.6080578,44.3778294,0 -71.6080441,44.3778468,0 -71.60794009999999,44.3779792,0 -71.6077875,44.3781975,0 -71.607632,44.378448,0 -71.60754009999999,44.3786063,0 -71.6073995,44.3788265,0 -71.60732849999999,44.3789377,0 -71.6072032,44.3791201,0 -71.607066,44.3793038,0 -71.606872,44.379518,0 -71.60639500000001,44.380019,0 -71.6058867,44.3805568,0 -71.60586670000001,44.380578,0 -71.6054316,44.3810361,0 -71.60504899999999,44.381452,0 -71.604213,44.382414,0 -71.60396799999999,44.382716,0 -71.60375070000001,44.3829775,0 -71.60367840000001,44.3830645,0 -71.6035813,44.3832054,0 -71.6034978,44.3833558,0 -71.60343880000001,44.3834868,0 -71.6034184,44.383545,0 -71.603397,44.3836477,0 -71.60329609999999,44.3844718,0 -71.60326240000001,44.3847717,0 -71.6032259,44.3850929,0 -71.60320489999999,44.3852804,0 -71.60318770000001,44.3854332999999,0 -71.60316,44.3856446,0 -71.6031267,44.3858174,0 -71.60311419999999,44.3858723,0 -71.6030985,44.3859411,0 -71.6030489,44.3860859,0 -71.60301750000001,44.3861871,0 -71.6029631,44.386312,0 -71.60292819999999,44.3863819,0 -71.60291789999999,44.386398,0 -71.6028678,44.3864763999999,0 -71.6027862,44.3866016,0 -71.602733,44.3866684,0 -71.6026519,44.3867701,0 -71.60248970000001,44.3869608,0 -71.6022595,44.3872083,0 -71.6020978,44.3873816,0 -71.6018725,44.3876233,0 -71.60168109999999,44.3878285,0 -71.6016539,44.3878601,0 -71.6014759,44.3880668,0 -71.6014504,44.3881023,0 -71.60141609999999,44.3881501,0 -71.6013457,44.3882681,0 -71.601288,44.3883917000001,0 -71.60124020000001,44.3884889,0 -71.6011774,44.3886679,0 -71.6011579,44.3887482,0 -71.60113250000001,44.3888833,0 -71.6011199,44.3889585,0 -71.601079,44.389477,0 -71.6010574,44.3897669,0 -71.60104800000001,44.3898369,0 -71.6010428,44.3898539,0 -71.60102259999999,44.3899212,0 -71.60098360000001,44.3901091,0 -71.6009298,44.3903326,0 -71.60087230000001,44.3904953,0 -71.60078110000001,44.3907099,0 -71.6006979,44.3909074,0 -71.6005911,44.3911557,0 -71.60015199999999,44.3921226,0 -71.59995600000001,44.392573,0 -71.5998855,44.3927233,0 -71.59975900000001,44.392993,0 -71.5995942,44.3933693,0 -71.59939439999999,44.3937834,0 -71.59929510000001,44.3939802,0 -71.599183,44.3942141,0 -71.5991702,44.394245,0 -71.5990686,44.3944658,0 -71.59894370000001,44.394805,0 -71.5988979,44.3949944,0 -71.59881489999999,44.3953079,0 -71.5987921,44.3954283,0 -71.5987185,44.3957611,0 -71.5985884,44.3963044,0 -71.59846810000001,44.396766,0 -71.5983961,44.3970344,0 -71.5982497,44.3975259,0 -71.59816859999999,44.3977284,0 -71.5981166,44.3978455000001,0 -71.5980655,44.3979607,0 -71.59793139999999,44.3982543,0 -71.59787,44.398415,0 -71.59783899999999,44.398506,0 -71.597515,44.39945,0 -71.597447,44.3996239999999,0 -71.5972486,44.4001508,0 -71.5971266,44.4005041,0 -71.5970581,44.4006647,0 -71.5970239,44.4007483,0 -71.5968767,44.4011443,0 -71.5968645,44.4011785,0 -71.5967947,44.4013738,0 -71.5966287,44.4019504,0 -71.5966167,44.4019904,0 -71.5965083,44.4023516,0 -71.59642030000001,44.4026299,0 -71.5963514,44.4028475,0 -71.59631280000001,44.4029624,0 -71.5962675,44.4030956,0 -71.5961665,44.4034341999999,0 -71.59603850000001,44.4038488,0 -71.5960046,44.4039455,0 -71.5959014,44.4042396999999,0 -71.59577710000001,44.4046352,0 -71.5956035,44.4051789,0 -71.5955446,44.4053632,0 -71.5953767,44.4059192,0 -71.5952764,44.4063239,0 -71.5952236,44.4066064,0 -71.59506469999999,44.4074563,0 -71.59498480000001,44.4079162,0 -71.59493329999999,44.4081907,0 -71.59487350000001,44.408469,0 -71.5948298,44.4086321,0 -71.5947877,44.4087650999999,0 -71.59476739999999,44.4088147,0 -71.594719,44.408933,0 -71.5946455,44.4090889,0 -71.5945785,44.4092211000001,0 -71.5944951,44.4093481,0 -71.5944229,44.4094663,0 -71.594364,44.409563,0 -71.59423990000001,44.4097459,0 -71.59411040000001,44.4099367000001,0 -71.5938166,44.4103454,0 -71.5925493,44.4121513,0 -71.5924783,44.4122742,0 -71.592427,44.4123748,0 -71.59238360000001,44.4125063999999,0 -71.5923512,44.4126595,0 -71.59233209999999,44.412826,0 -71.5923348,44.4130425,0 -71.5923525,44.4132703,0 -71.59238019999999,44.4134823,0 -71.5924247,44.4138223,0 -71.59249320000001,44.4142057999999,0 -71.5926446,44.4148349,0 -71.5927921,44.4155257,0 -71.5928297,44.4158244,0 -71.5928581,44.4161452,0 -71.5928632,44.416516,0 -71.5928632,44.4167574,0 -71.5928421,44.4169615,0 -71.5928201,44.4171332,0 -71.59278020000001,44.4172763,0 -71.5926218,44.4177469,0 -71.5925306,44.4180008,0 -71.5924917,44.4181619,0 -71.5924528,44.4182786,0 -71.59243480000001,44.4183416,0 -71.5924072,44.4184941,0 -71.59239839999999,44.4185861,0 -71.5923961,44.4187313999999,0 -71.5924193,44.4188993,0 -71.5924488,44.4190506,0 -71.5924976,44.4191943,0 -71.5925385,44.419285,0 -71.5926486,44.4194740000001,0 -71.5927653,44.4196474,0 -71.59301069999999,44.4199673,0 -71.593526,44.420665,0 -71.5937754,44.4209835,0 -71.594111,44.421412,0 -71.59422499999999,44.421594,0 -71.59431499999999,44.421798,0 -71.59439159999999,44.4220063,0 -71.59445909999999,44.4222641,0 -71.59452159999999,44.422577,0 -71.59452709999999,44.4226722,0 -71.59453019999999,44.4227163000001,0 -71.5945224,44.4228019,0 -71.5945134,44.4228847,0 -71.5944944,44.4229861,0 -71.59447659999999,44.4230611,0 -71.5944377,44.4231913,0 -71.59434,44.4234305,0 -71.5941091,44.4239605,0 -71.5939951,44.4242238,0 -71.5938245,44.4245713,0 -71.5937497,44.4247334,0 -71.5936975,44.4248247,0 -71.59357199999999,44.425012,0 -71.59341999999999,44.425185,0 -71.593198,44.425388,0 -71.592905,44.4256069999999,0 -71.592056,44.426166,0 -71.590355,44.427224,0 -71.589917,44.427546,0 -71.589752,44.427689,0 -71.58952600000001,44.427916,0 -71.58931,44.428159,0 -71.588733,44.42889,0 -71.58784900000001,44.430022,0 -71.58694300000001,44.431183,0 -71.58651399999999,44.431734,0 -71.586349,44.431979,0 -71.586212,44.432224,0 -71.58608099999999,44.432506,0 -71.585998,44.432716,0 -71.585691,44.4339290000001,0 -71.585571,44.434452,0 -71.58546800000001,44.434755,0 -71.58536100000001,44.434989,0 -71.5853346,44.4350309,0 -71.585117,44.435376,0 -71.583331,44.437503,0 -71.5828264,44.4381228,0 -71.582446,44.438504,0 -71.581889,44.439151,0 -71.58132000000001,44.439758,0 -71.580691,44.440616,0 -71.58055400000001,44.440829,0 -71.5804,44.441069,0 -71.57966999999999,44.442077,0 -71.57931600000001,44.442696,0 -71.5791976,44.442998,0 -71.57892390000001,44.4437064,0 -71.57878100000001,44.444353,0 -71.578682,44.44495,0 -71.57862,44.44536,0 -71.57846499999999,44.446427,0 -71.578459,44.446698,0 -71.578472,44.447002,0 -71.5785108,44.4474913,0 -71.578559,44.4480989999999,0 -71.57862299999999,44.4489070000001,0 -71.57861699999999,44.4503584999999,0 -71.578513,44.45142,0 -71.578435,44.4523920000001,0 -71.578343,44.452901,0 -71.578284,44.4531449999999,0 -71.57826,44.453246,0 -71.578058,44.454083,0 -71.57801139999999,44.4543254,0 -71.577873,44.454848,0 -71.57763199999999,44.45569,0 -71.57731,44.456748,0 -71.577044,44.457623,0 -71.576674,44.458839,0 -71.576306,44.459906,0 -71.576103,44.460423,0 -71.575501,44.461682,0 -71.575002,44.462677,0 -71.574753,44.463247,0 -71.574473,44.4639570000001,0 -71.573671,44.466442,0 -71.57339899999999,44.467232,0 -71.573246,44.467728,0 -71.572982,44.468505,0 -71.572751,44.469199,0 -71.572563,44.469829,0 -71.57245899999999,44.47032,0 -71.57239199999999,44.47099,0 -71.57239300000001,44.471682,0 -71.572412,44.471884,0 -71.572424,44.472018,0 -71.572433,44.472113,0 -71.572441,44.472196,0 -71.5726007,44.4730052,0 -71.572743,44.473481,0 -71.57315800000001,44.474915,0 -71.573221,44.475184,0 -71.573261,44.475448,0 -71.573268,44.475494,0 -71.57323,44.476739,0 -71.57322600000001,44.477087,0 -71.57320199999999,44.478281,0 -71.573134,44.478686,0 -71.573069,44.4788759999999,0 -71.5729427,44.4791297,0 -71.5727693,44.4793853,0 -71.57272140000001,44.4794558,0 -71.5726329,44.4795974999999,0 -71.572558,44.479744,0 -71.5725405,44.4798126,0 -71.57253540000001,44.4798324,0 -71.5725194,44.4799204,0 -71.5725139,44.480005,0 -71.5725175,44.4800885,0 -71.57254260000001,44.4802606,0 -71.57254949999999,44.4803075,0 -71.5726264,44.4807642,0 -71.5726379,44.4808769,0 -71.5726342,44.4809636,0 -71.5726231,44.4810432,0 -71.57260340000001,44.4811139,0 -71.57258160000001,44.4811834,0 -71.5725542,44.4812549,0 -71.5725162,44.481331,0 -71.57247099999999,44.4814043,0 -71.5724177,44.4814823,0 -71.5723658,44.4815556,0 -71.5721834,44.481795,0 -71.5716516,44.4824328,0 -71.57127610000001,44.4828324,0 -71.57082509999999,44.4832693,0 -71.569965,44.484072,0 -71.5695053,44.4844865,0 -71.56916320000001,44.4847705,0 -71.5690755,44.4848509,0 -71.5689916,44.4849348,0 -71.5689579,44.4849857,0 -71.568929,44.4850373,0 -71.56890679999999,44.4850902,0 -71.56889409999999,44.4851551,0 -71.5688957,44.4852167,0 -71.5689058,44.4852683,0 -71.5689321,44.4853732,0 -71.5689993,44.4855998,0 -71.5690422,44.4857225,0 -71.5691092,44.4859144,0 -71.569265,44.486293,0 -71.5693414,44.4864834,0 -71.5693777,44.4865881,0 -71.5694354,44.4866773,0 -71.5694702,44.4867379,0 -71.5695516,44.4869292,0 -71.5695985,44.487082,0 -71.5696251,44.487246,0 -71.5696291,44.487313,0 -71.56962830000001,44.4873523,0 -71.5695939,44.4875832999999,0 -71.56958880000001,44.4876173,0 -71.5695867,44.4876317999999,0 -71.5695612,44.4877744,0 -71.5695139,44.4881488,0 -71.56948920000001,44.4884238,0 -71.5694886,44.488485,0 -71.5694914,44.4885274,0 -71.5695022,44.4886931,0 -71.56952219999999,44.4889005,0 -71.5695424,44.4890864,0 -71.5696239,44.489645,0 -71.56963570000001,44.4897108,0 -71.56964499999999,44.4897622,0 -71.5696672,44.4899088,0 -71.5697127,44.4901647,0 -71.5697248,44.4902127,0 -71.56973170000001,44.4902398,0 -71.5697571,44.4903288000001,0 -71.5697857,44.4904208000001,0 -71.5697885,44.4904288,0 -71.5698081,44.4904854,0 -71.56991600000001,44.4907387,0 -71.5699973,44.4909173,0 -71.57017569999999,44.4913158,0 -71.5702629,44.4915046,0 -71.5703213,44.491631,0 -71.5703855,44.4917613,0 -71.5704539,44.49189,0 -71.5705809,44.492114,0 -71.57065160000001,44.4922196,0 -71.5707237,44.4923206,0 -71.57082219999999,44.4924495,0 -71.57082749999999,44.4924564000001,0 -71.5709335,44.4925849,0 -71.57102930000001,44.4926931,0 -71.5711282,44.492799,0 -71.5712748,44.4929373,0 -71.5713109,44.4929689,0 -71.5714265,44.4930701999999,0 -71.5718912,44.4934444,0 -71.5723125,44.493774,0 -71.5726446,44.4940338,0 -71.57279990000001,44.4941553,0 -71.57294419999999,44.4942683,0 -71.573065,44.4943663,0 -71.57357159999999,44.4947591,0 -71.5735986,44.4947794,0 -71.5739416,44.4950369,0 -71.57410230000001,44.4951616,0 -71.57415570000001,44.4952037,0 -71.57423300000001,44.4952621,0 -71.5745081,44.4954756,0 -71.57478810000001,44.4956929,0 -71.57488840000001,44.4957708,0 -71.5749514,44.4958196,0 -71.5749965,44.495858,0 -71.5750956,44.4959354,0 -71.5751884,44.496008,0 -71.5755238,44.49627,0 -71.57565510000001,44.4963726,0 -71.5756974,44.4964055,0 -71.5759884,44.4966439,0 -71.57602730000001,44.4967274000001,0 -71.5760341,44.496744,0 -71.5760593,44.4968053,0 -71.5760717,44.4968807,0 -71.5760703,44.4969334,0 -71.57609359999999,44.4969834,0 -71.5760566,44.4970649,0 -71.5760386,44.4971047,0 -71.5760069,44.4971984,0 -71.57582290000001,44.4974126,0 -71.5757973,44.4974414,0 -71.5756722,44.4975823,0 -71.5755473,44.4977193,0 -71.5753977,44.4978877,0 -71.5752433,44.4980631,0 -71.57514620000001,44.498173,0 -71.5750264,44.4983074,0 -71.5748839,44.4984681,0 -71.5748354,44.4985244,0 -71.5747968,44.498568,0 -71.574737,44.4986356,0 -71.5743107,44.4991129,0 -71.5741596,44.4992828,0 -71.574063,44.4993923,0 -71.5735092,44.5000129,0 -71.57324699999999,44.500314,0 -71.57318789999999,44.5003819,0 -71.5730294,44.5005698,0 -71.57295000000001,44.5006647,0 -71.57287599999999,44.5007601999999,0 -71.5728209,44.5008419000001,0 -71.5726548,44.501088,0 -71.57261819999999,44.5011429,0 -71.57172199999999,44.502487,0 -71.57167370000001,44.5025626,0 -71.571527,44.502792,0 -71.57127800000001,44.503068,0 -71.5710777,44.5032727,0 -71.571005,44.503338,0 -71.57076000000001,44.503545,0 -71.57059700000001,44.503671,0 -71.57034299999999,44.503834,0 -71.56989849999999,44.5040844000001,0 -71.56978340000001,44.5041456,0 -71.5696758,44.5042081,0 -71.5695674,44.5042723,0 -71.5694628,44.5043364,0 -71.56933859999999,44.5044193,0 -71.5692852,44.5044585,0 -71.569221,44.5045056,0 -71.5690673,44.5046402,0 -71.5689893,44.5047183000001,0 -71.56897600000001,44.5047315999999,0 -71.56889080000001,44.504822,0 -71.56878,44.5049487,0 -71.56867819999999,44.5050818,0 -71.5685526,44.5052756,0 -71.5684713,44.5054349,0 -71.56839770000001,44.5056285,0 -71.568348,44.505801,0 -71.5683255,44.5058928,0 -71.568304,44.506045,0 -71.5683026,44.5061891,0 -71.56830100000001,44.50636,0 -71.5683342,44.5066802,0 -71.56839100000001,44.507103,0 -71.56840459999999,44.5072063,0 -71.56841679999999,44.5072935,0 -71.56853,44.508103,0 -71.568539,44.508168,0 -71.56859900000001,44.508636,0 -71.568629,44.5089309999999,0 -71.56867200000001,44.509348,0 -71.5687521,44.5098582,0 -71.568825,44.510323,0 -71.56892240000001,44.5110725,0 -71.568939,44.5112,0 -71.5689995,44.5116152,0 -71.56902289999999,44.5117755,0 -71.5690893,44.5122314,0 -71.56924239999999,44.5132817,0 -71.569289,44.5136016,0 -71.56934800000001,44.514006,0 -71.569418,44.514498,0 -71.569508,44.515132,0 -71.569644,44.515982,0 -71.569733,44.516368,0 -71.5697517,44.5164272,0 -71.569836,44.516694,0 -71.56992099999999,44.516964,0 -71.570151,44.517517,0 -71.57033199999999,44.517876,0 -71.570494,44.518123,0 -71.57082200000001,44.518617,0 -71.571116,44.518994,0 -71.5712175,44.5191109,0 -71.571281,44.519184,0 -71.571406,44.519327,0 -71.571636,44.519565,0 -71.571901,44.51981,0 -71.57211100000001,44.519987,0 -71.572641,44.520457,0 -71.57302970000001,44.5207802,0 -71.5735069,44.5211771,0 -71.57358499999999,44.521242,0 -71.573764,44.521387,0 -71.57409199999999,44.521716,0 -71.574225,44.521866,0 -71.57442399999999,44.5221660000001,0 -71.574584,44.522529,0 -71.574645,44.522832,0 -71.574662,44.5230319999999,0 -71.574676,44.523208,0 -71.57464299999999,44.523486,0 -71.5746321,44.5235427,0 -71.574521,44.524119,0 -71.5743555,44.5249281,0 -71.574105,44.526153,0 -71.57409680000001,44.5261954,0 -71.573891,44.527265,0 -71.573807,44.527666,0 -71.573694,44.528295,0 -71.573534,44.529102,0 -71.57346800000001,44.529449,0 -71.57324199999999,44.530614,0 -71.5732338,44.530655,0 -71.57314700000001,44.531088,0 -71.573044,44.531491,0 -71.57294,44.531847,0 -71.572836,44.532139,0 -71.57270699999999,44.532405,0 -71.57254399999999,44.532682,0 -71.572154,44.5332749999999,0 -71.5719651,44.5334938,0 -71.57183569999999,44.5336396,0 -71.57157340000001,44.5339351,0 -71.570717,44.5349,0 -71.56981500000001,44.535952,0 -71.56962230000001,44.5361823,0 -71.56958400000001,44.5362280000001,0 -71.569399,44.5364749999999,0 -71.56920100000001,44.536758,0 -71.56917420000001,44.5368094,0 -71.568973,44.537196,0 -71.56892999999999,44.537305,0 -71.568905,44.53739,0 -71.568759,44.537884,0 -71.56871099999999,44.538107,0 -71.56857100000001,44.538761,0 -71.56849099999999,44.53905,0 -71.56840699999999,44.539424,0 -71.56822699999999,44.540251,0 -71.56811500000001,44.540666,0 -71.568089,44.540851,0 -71.56808599999999,44.541247,0 -71.56811999999999,44.54147,0 -71.56817100000001,44.541697,0 -71.56821100000001,44.541827,0 -71.56830600000001,44.542028,0 -71.568466,44.542315,0 -71.568771,44.542805,0 -71.569058,44.543277,0 -71.56927399999999,44.543565,0 -71.56959000000001,44.544025,0 -71.56971900000001,44.5442409999999,0 -71.569962,44.544594,0 -71.57023100000001,44.544937,0 -71.570564,44.54531,0 -71.570992,44.545762,0 -71.571254,44.54602,0 -71.571517,44.5462480000001,0 -71.572159,44.546782,0 -71.572878,44.547336,0 -71.573363,44.5477110000001,0 -71.57391699999999,44.548178,0 -71.574315,44.548528,0 -71.574635,44.54885,0 -71.57483999999999,44.549142,0 -71.575022,44.549454,0 -71.57510600000001,44.549642,0 -71.575298,44.550076,0 -71.575529,44.550594,0 -71.57579,44.551136,0 -71.576042,44.551688,0 -71.57608860000001,44.5517957,0 -71.57658000000001,44.552932,0 -71.576781,44.5533410000001,0 -71.576994,44.553718,0 -71.577269,44.554054,0 -71.5774887,44.5543261,0 -71.577567,44.5544184,0 -71.57862059999999,44.5553378000001,0 -71.57898609999999,44.5557114,0 -71.57907969999999,44.5558361,0 -71.5791461,44.5559549,0 -71.5791823,44.556055,0 -71.57923,44.5561563,0 -71.57928200000001,44.5562981,0 -71.57930570000001,44.5564786,0 -71.57932099999999,44.556634,0 -71.5793,44.556814,0 -71.57926860000001,44.5570174,0 -71.5792222,44.5571626,0 -71.57906850000001,44.5575088,0 -71.5789626,44.5577136,0 -71.5788723,44.5578694,0 -71.57864379999999,44.5582196,0 -71.57857009999999,44.5583115,0 -71.57834269999999,44.5585799,0 -71.5778675,44.559049,0 -71.5773039,44.5594756,0 -71.5766045,44.5598911,0 -71.57595139999999,44.5601971,0 -71.575121,44.560482,0 -71.57471099999999,44.560602,0 -71.57417649999999,44.560719,0 -71.57283820000001,44.5609505,0 -71.57153030000001,44.5611879,0 -71.57061539999999,44.5613615,0 -71.5697114,44.5615214000001,0 -71.56907289999999,44.5616176,0 -71.5688615,44.5616431,0 -71.56813200000001,44.5616964,0 -71.5668792,44.5617399,0 -71.5660048,44.5617933,0 -71.5652462,44.5618717000001,0 -71.5634232,44.5621348,0 -71.5618894,44.5623624,0 -71.5610976,44.5624997,0 -71.5601151,44.5626822,0 -71.5594432,44.5628029999999,0 -71.55793199999999,44.563075,0 -71.5573892,44.5631845,0 -71.556968,44.563277,0 -71.55635100000001,44.563473,0 -71.555857,44.563705,0 -71.55533800000001,44.563994,0 -71.554486,44.56449,0 -71.552902,44.565427,0 -71.5518312,44.5660703,0 -71.5513069,44.5663801,0 -71.5504966,44.5668559,0 -71.5499006,44.567203,0 -71.549537,44.567415,0 -71.54934710000001,44.5675345,0 -71.54881399999999,44.56787,0 -71.548444,44.568145,0 -71.548045,44.568511,0 -71.5478882,44.5686929,0 -71.54762100000001,44.569003,0 -71.547192,44.569574,0 -71.547,44.569929,0 -71.54690100000001,44.570147,0 -71.545889,44.571924,0 -71.5455,44.572524,0 -71.54513900000001,44.573047,0 -71.544901,44.573306,0 -71.544571,44.5736419999999,0 -71.544012,44.574145,0 -71.543425,44.574599,0 -71.543053,44.574867,0 -71.54155,44.575745,0 -71.540243,44.576518,0 -71.53934,44.577048,0 -71.538912,44.5773,0 -71.538489,44.577551,0 -71.536529,44.5787050000001,0 -71.53623399999999,44.578879,0 -71.53527200000001,44.579433,0 -71.534507,44.579909,0 -71.534228,44.580133,0 -71.53385299999999,44.580546,0 -71.533568,44.58093,0 -71.5334388,44.5811343,0 -71.533396,44.581202,0 -71.53223199999999,44.582992,0 -71.531786,44.583571,0 -71.531688,44.583672,0 -71.53144399999999,44.583924,0 -71.53129300000001,44.584039,0 -71.531158,44.584142,0 -71.530789,44.584377,0 -71.530344,44.584596,0 -71.52984499999999,44.584779,0 -71.529309,44.584916,0 -71.528662,44.585051,0 -71.52783700000001,44.585204,0 -71.526759,44.585432,0 -71.525642,44.585644,0 -71.524733,44.5858659999999,0 -71.52465100000001,44.585892,0 -71.524355,44.585984,0 -71.523951,44.586139,0 -71.52370000000001,44.586235,0 -71.52325399999999,44.586442,0 -71.52256,44.58684,0 -71.52210599999999,44.587157,0 -71.51965300000001,44.588947,0 -71.51882000000001,44.589563,0 -71.51869000000001,44.589654,0 -71.51799699999999,44.590143,0 -71.5175931,44.5904317,0 -71.517506,44.590494,0 -71.5174342,44.5905466,0 -71.515925,44.5916524,0 -71.5156899,44.5918247,0 -71.5155038,44.5919625,0 -71.51528450000001,44.5921012,0 -71.515046,44.5922289,0 -71.514792,44.5923434,0 -71.51449359999999,44.5924532,0 -71.5136285,44.5926984,0 -71.5131114,44.5928433,0 -71.5126989,44.5929596,0 -71.51250210000001,44.5930254,0 -71.51227799999999,44.5931234,0 -71.5120855,44.5932251,0 -71.5118047,44.5934404,0 -71.5116833,44.5935502,0 -71.5115806,44.5936568,0 -71.511476,44.593807,0 -71.5114148,44.5939029,0 -71.511358,44.5940218,0 -71.51129160000001,44.594188,0 -71.511241,44.5944909,0 -71.51123870000001,44.594607,0 -71.5112456,44.5947131,0 -71.5112675,44.5948524,0 -71.5112937,44.5949493,0 -71.5113332,44.5950574,0 -71.5113736,44.5951396,0 -71.5117161,44.5958591,0 -71.511747,44.595924,0 -71.51177989999999,44.5959976,0 -71.511819,44.596085,0 -71.512012,44.5968192,0 -71.51205229999999,44.5970294,0 -71.5120818,44.5972048,0 -71.5120245,44.5973071,0 -71.51191009999999,44.5974534,0 -71.5117791,44.5975993,0 -71.51170329999999,44.5976926,0 -71.5114655,44.5979829,0 -71.5113657,44.5981069,0 -71.51130120000001,44.5982076,0 -71.5112371,44.5983428,0 -71.51118270000001,44.598483,0 -71.5111306,44.5986604,0 -71.5111077,44.5988141,0 -71.5110976,44.5988822000001,0 -71.5112263,44.5988834,0 -71.5112738,44.5988838,0 -71.5116962,44.5988916,0 -71.51237980000001,44.5989073,0 -71.51283960000001,44.5989179,0 -71.51315219999999,44.5989254,0 -71.5138338,44.5989388,0 -71.5144239,44.5989574,0 -71.5147685,44.5989836,0 -71.5150273,44.5991455000001,0 -71.5150852,44.5991817,0 -71.51533980000001,44.5993211,0 -71.5160961,44.5997614,0 -71.5167536,44.6001517,0 -71.5167983,44.6001779,0 -71.51748069999999,44.6005785,0 -71.517763,44.6007451,0 -71.51824670000001,44.6010319,0 -71.5185204,44.6012166,0 -71.5188703,44.6014539,0 -71.5191641,44.6016813,0 -71.5193854,44.6018469,0 -71.5197366,44.6021437,0 -71.52018630000001,44.602542,0 -71.5206366,44.602942,0 -71.52129360000001,44.6035117,0 -71.521708,44.6038505,0 -71.5219307,44.6040162,0 -71.5222246,44.6042294,0 -71.5228046,44.6046055,0 -71.5242827,44.6055358,0 -71.5251359,44.6060206,0 -71.5254,44.606159,0 -71.526095,44.606602,0 -71.526197,44.606668,0 -71.5271389,44.6074176,0 -71.5275765,44.6078002,0 -71.5278228,44.6080143,0 -71.5282952,44.6084225,0 -71.52851,44.608592,0 -71.52924299999999,44.609202,0 -71.53001500000001,44.609882,0 -71.530708,44.6104860000001,0 -71.531413,44.611084,0 -71.531605,44.611247,0 -71.53210300000001,44.611688,0 -71.532372,44.611908,0 -71.532759,44.612187,0 -71.53322900000001,44.612459,0 -71.533564,44.612656,0 -71.5337552,44.612749,0 -71.53426260000001,44.6129959,0 -71.53460800000001,44.613164,0 -71.535056,44.613449,0 -71.53539499999999,44.613696,0 -71.535805,44.614082,0 -71.536024,44.614329,0 -71.53610500000001,44.614435,0 -71.536272,44.614655,0 -71.536519,44.6150631,0 -71.536817,44.6155929999999,0 -71.53723599999999,44.616302,0 -71.53766899999999,44.617069,0 -71.53782099999999,44.617339,0 -71.538281,44.618135,0 -71.538692,44.618885,0 -71.539019,44.6194340000001,0 -71.539467,44.620246,0 -71.53968999999999,44.62073,0 -71.53985900000001,44.621262,0 -71.53992100000001,44.621533,0 -71.539963,44.622005,0 -71.540014,44.622957,0 -71.5400916,44.6249975,0 -71.540119,44.625717,0 -71.540117,44.626096,0 -71.54007900000001,44.626412,0 -71.540036,44.626625,0 -71.539709,44.627794,0 -71.53961099999999,44.628265,0 -71.539592,44.628514,0 -71.539598,44.628739,0 -71.539654,44.629085,0 -71.539936,44.630122,0 -71.54005600000001,44.6304080000001,0 -71.540137,44.63056,0 -71.54020300000001,44.6306550000001,0 -71.540367,44.630885,0 -71.540504,44.631052,0 -71.540663,44.631226,0 -71.541118,44.6316310000001,0 -71.541264,44.631745,0 -71.541434,44.6319019999999,0 -71.541648,44.63212,0 -71.54183500000001,44.632341,0 -71.541974,44.632531,0 -71.54212099999999,44.632771,0 -71.54219399999999,44.63291,0 -71.542253,44.633076,0 -71.542299,44.633284,0 -71.542331,44.633508,0 -71.542326,44.633802,0 -71.542297,44.6339850000001,0 -71.54220100000001,44.634263,0 -71.54208,44.634541,0 -71.54194699999999,44.634806,0 -71.541808,44.635098,0 -71.541715,44.635367,0 -71.54170499999999,44.635473,0 -71.541695,44.635656,0 -71.541719,44.635881,0 -71.541776,44.636118,0 -71.541847,44.636418,0 -71.54188600000001,44.636648,0 -71.541893,44.636978,0 -71.54189100000001,44.637086,0 -71.541881,44.637537,0 -71.541905,44.638096,0 -71.541946,44.63851,0 -71.54201500000001,44.639009,0 -71.54216700000001,44.639596,0 -71.542254,44.639894,0 -71.542404,44.640258,0 -71.54259399999999,44.640783,0 -71.542624,44.640963,0 -71.542647,44.642162,0 -71.542716,44.642904,0 -71.542765,44.6431059999999,0 -71.54294899999999,44.643813,0 -71.542957,44.643842,0 -71.543048,44.644144,0 -71.54317500000001,44.644401,0 -71.543373,44.644698,0 -71.543497,44.644822,0 -71.543695,44.644988,0 -71.543817,44.645091,0 -71.544043,44.645238,0 -71.544459,44.64545,0 -71.54472699999999,44.645552,0 -71.545073,44.64565,0 -71.545458,44.645737,0 -71.54584199999999,44.645776,0 -71.54625799999999,44.645786,0 -71.547431,44.64573,0 -71.547883,44.645725,0 -71.54826300000001,44.645759,0 -71.548458,44.645795,0 -71.548716,44.645855,0 -71.549047,44.645948,0 -71.549341,44.646066,0 -71.54962500000001,44.6462,0 -71.549876,44.64633,0 -71.550263,44.646612,0 -71.55081300000001,44.647056,0 -71.55130200000001,44.647473,0 -71.551462,44.647647,0 -71.55172399999999,44.647959,0 -71.552246,44.648713,0 -71.552505,44.649035,0 -71.552967,44.649501,0 -71.553327,44.649822,0 -71.5540159,44.6502792000001,0 -71.5541908,44.6503728,0 -71.55427450000001,44.6504136,0 -71.554585,44.6505714,0 -71.555212,44.65087,0 -71.555415,44.650947,0 -71.55592300000001,44.6511350000001,0 -71.55644100000001,44.651319,0 -71.55725339999999,44.6516757999999,0 -71.55771559999999,44.6518561,0 -71.558909,44.652293,0 -71.5589873,44.6523218,0 -71.561376,44.6532,0 -71.562048,44.653468,0 -71.562319,44.653565,0 -71.5634336,44.6540172,0 -71.5637552,44.6541511000001,0 -71.56401270000001,44.6542984,0 -71.5642264,44.6544564,0 -71.5645162,44.6547702,0 -71.5647407,44.6550284,0 -71.56499599999999,44.655319,0 -71.565061,44.6554,0 -71.5653777,44.655817,0 -71.5659115,44.6565198,0 -71.56609690000001,44.6568058,0 -71.5661837,44.6569662,0 -71.5662507,44.6571240000001,0 -71.56632,44.657309,0 -71.566405,44.657642,0 -71.5666643,44.6588451,0 -71.566749,44.659238,0 -71.566864,44.659685,0 -71.56706800000001,44.66029,0 -71.567198,44.660644,0 -71.567393,44.661148,0 -71.567548,44.6615230000001,0 -71.56778300000001,44.662036,0 -71.56835,44.663278,0 -71.56856500000001,44.663748,0 -71.569069,44.664849,0 -71.56917199999999,44.665078,0 -71.5692184,44.6651804,0 -71.56957199999999,44.665961,0 -71.570098,44.667248,0 -71.570375,44.667945,0 -71.57046099999999,44.668229,0 -71.570571,44.668598,0 -71.57081719999999,44.669617,0 -71.570908,44.6699408,0 -71.57101729999999,44.6703303,0 -71.5710302,44.6703787,0 -71.57119729999999,44.6709795,0 -71.5713054,44.671356,0 -71.57152000000001,44.672055,0 -71.57169500000001,44.672683,0 -71.571771,44.673157,0 -71.57180099999999,44.673512,0 -71.571788,44.674033,0 -71.57174999999999,44.674428,0 -71.57167200000001,44.674895,0 -71.57164400000001,44.6752259999999,0 -71.571636,44.675327,0 -71.571697,44.675705,0 -71.57171700000001,44.675781,0 -71.57176699999999,44.675968,0 -71.571926,44.6762769999999,0 -71.572185,44.676724,0 -71.572456,44.677058,0 -71.57261699999999,44.677211,0 -71.572936,44.677457,0 -71.573357,44.677699,0 -71.57362999999999,44.677823,0 -71.574342,44.678076,0 -71.575335,44.678436,0 -71.575788,44.678594,0 -71.575941,44.678647,0 -71.5763759,44.6788127,0 -71.57736970000001,44.6791331,0 -71.5783586,44.6794901,0 -71.578898,44.679644,0 -71.5792331,44.6797362,0 -71.5796182,44.6798173,0 -71.5806118,44.6799811,0 -71.5816537,44.6801213,0 -71.5824348,44.6802242,0 -71.5834536,44.6804013,0 -71.58357169999999,44.6804529,0 -71.5837454,44.6805181,0 -71.58410720000001,44.6806689,0 -71.5843007,44.6807627,0 -71.58473619999999,44.680962,0 -71.5853311,44.6812576,0 -71.58552210000001,44.6813686,0 -71.5857453,44.6815453999999,0 -71.5860392,44.6818562,0 -71.5863142,44.6822304000001,0 -71.586804,44.682897,0 -71.58743,44.683752,0 -71.58762400000001,44.684076,0 -71.587692,44.684227,0 -71.5877849,44.6844299,0 -71.58802300000001,44.68495,0 -71.5882557,44.6854484,0 -71.58853689999999,44.6860758,0 -71.58884399999999,44.6866910000001,0 -71.588981,44.686953,0 -71.58915,44.687502,0 -71.58921100000001,44.687621,0 -71.589704,44.688592,0 -71.58984700000001,44.688973,0 -71.589871,44.68921,0 -71.589877,44.689423,0 -71.589871,44.689663,0 -71.58981,44.689962,0 -71.58962200000001,44.690543,0 -71.589462,44.691187,0 -71.58931699999999,44.691715,0 -71.5890787,44.6925719,0 -71.5890583,44.6926575000001,0 -71.588981,44.693223,0 -71.589021,44.693629,0 -71.589077,44.69379,0 -71.589133,44.693949,0 -71.589309,44.69428,0 -71.589895,44.695126,0 -71.590137,44.6954830000001,0 -71.590261,44.695666,0 -71.590559,44.696214,0 -71.590649,44.696517,0 -71.590819,44.69796,0 -71.590936,44.698235,0 -71.591148,44.698575,0 -71.59154700000001,44.699121,0 -71.59215399999999,44.699757,0 -71.592798,44.70045,0 -71.593225,44.700988,0 -71.593304,44.7011460000001,0 -71.59355600000001,44.7016479999999,0 -71.59410800000001,44.7026930000001,0 -71.594325,44.703178,0 -71.594449,44.703675,0 -71.5944258,44.7039909,0 -71.594387,44.704329,0 -71.59431379999999,44.7049185,0 -71.594202,44.7059203,0 -71.594149,44.706534,0 -71.594165,44.706954,0 -71.594204,44.707205,0 -71.594274,44.707431,0 -71.594363,44.707626,0 -71.594627,44.708049,0 -71.595045,44.708621,0 -71.596138,44.710011,0 -71.59639,44.710463,0 -71.5965369,44.7107824,0 -71.59658779999999,44.7111753,0 -71.596542,44.711502,0 -71.59650499999999,44.711772,0 -71.5962964,44.712327,0 -71.59620700000001,44.7125825,0 -71.5959392,44.7133168,0 -71.5959072,44.7134665,0 -71.595797,44.713903,0 -71.59580099999999,44.714132,0 -71.595805,44.714391,0 -71.595851,44.714722,0 -71.596003,44.715301,0 -71.59614000000001,44.715664,0 -71.59625800000001,44.715978,0 -71.59655600000001,44.716611,0 -71.597053,44.7174540000001,0 -71.597409,44.7179590000001,0 -71.597781,44.718415,0 -71.598231,44.718935,0 -71.598316,44.719024,0 -71.59851399999999,44.719231,0 -71.59878399999999,44.719472,0 -71.59902700000001,44.719652,0 -71.59924100000001,44.719792,0 -71.59938200000001,44.719869,0 -71.599474,44.719919,0 -71.600911,44.720609,0 -71.6012783,44.7207854,0 -71.60274099999999,44.721488,0 -71.605636,44.722885,0 -71.60778999999999,44.7239260000001,0 -71.608046,44.72405,0 -71.610145,44.7251099999999,0 -71.61103799999999,44.725584,0 -71.6113223,44.7257522,0 -71.61177499999999,44.72602,0 -71.61283299999999,44.726626,0 -71.613557,44.727062,0 -71.614046,44.727395,0 -71.614425,44.727712,0 -71.614667,44.727961,0 -71.615126,44.728561,0 -71.615482,44.729145,0 -71.615909,44.729762,0 -71.61632299999999,44.730388,0 -71.616573,44.730862,0 -71.61671200000001,44.731159,0 -71.61676900000001,44.731403,0 -71.616784,44.732197,0 -71.61671200000001,44.732714,0 -71.616657,44.733003,0 -71.61665000000001,44.733353,0 -71.616721,44.733838,0 -71.61682450000001,44.7340904,0 -71.61696569999999,44.7344745,0 -71.6171878,44.7349179,0 -71.61737890000001,44.7351926,0 -71.618083,44.736032,0 -71.618522,44.736439,0 -71.618905,44.736776,0 -71.619253,44.73703,0 -71.619708,44.73738,0 -71.620228,44.737751,0 -71.6206555,44.7380649,0 -71.620734,44.738118,0 -71.621019,44.738379,0 -71.62129899999999,44.738673,0 -71.62149890000001,44.7389258,0 -71.6215989,44.7390829,0 -71.62199080000001,44.7397651,0 -71.6222336,44.740221,0 -71.6222657,44.7402795,0 -71.62296499999999,44.741557,0 -71.62360889999999,44.7427067,0 -71.623706,44.74288,0 -71.6245218,44.7443759,0 -71.6251827,44.7455671,0 -71.62544,44.7460004,0 -71.6256973,44.7464143,0 -71.6258941,44.7467154,0 -71.62626659999999,44.7472853,0 -71.62649589999999,44.7476196,0 -71.62686600000001,44.748208,0 -71.6270155,44.7484765,0 -71.62716500000001,44.748804,0 -71.62737,44.749297,0 -71.62755730000001,44.7497158,0 -71.62769489999999,44.7499549,0 -71.6277201,44.7499906,0 -71.6278099,44.7501178,0 -71.6281876,44.7506006,0 -71.6284199,44.7508984,0 -71.6285622,44.751091,0 -71.62864,44.7512127,0 -71.6286964,44.7513173999999,0 -71.62872419999999,44.7513967000001,0 -71.6287411,44.7514901,0 -71.6287401,44.7515855,0 -71.6287298,44.7516482,0 -71.6287134,44.7517066,0 -71.628621,44.751818,0 -71.62851980000001,44.7519141000001,0 -71.628382,44.7520029,0 -71.6281943,44.7520916000001,0 -71.6279973,44.7521703,0 -71.627156,44.7524956,0 -71.6267096,44.75267,0 -71.6263017,44.7528206,0 -71.6259917,44.7529209000001,0 -71.62571440000001,44.7529931,0 -71.62549509999999,44.7530367000001,0 -71.6252434,44.753074,0 -71.62495439999999,44.7530981,0 -71.6242244,44.7530943,0 -71.6234005,44.7530333,0 -71.62307,44.753023,0 -71.62263280000001,44.7530295,0 -71.62211430000001,44.7530704,0 -71.6217233,44.7531324,0 -71.62134,44.7532161,0 -71.6210032,44.7533219,0 -71.6206358,44.7534445,0 -71.6193483,44.7539838,0 -71.61852880000001,44.7543864,0 -71.61813600000001,44.754587,0 -71.617603,44.754921,0 -71.61617200000001,44.755869,0 -71.615459,44.7563299999999,0 -71.614279,44.757143,0 -71.613468,44.757687,0 -71.61140399999999,44.759108,0 -71.609971,44.76026,0 -71.609188,44.760914,0 -71.60885,44.761169,0 -71.608361,44.761539,0 -71.60780699999999,44.761974,0 -71.60727300000001,44.762469,0 -71.6069911,44.7627966,0 -71.6066991,44.7631692,0 -71.6065507,44.763369,0 -71.6063843,44.7636576,0 -71.6062431,44.7638955,0 -71.6061172,44.7641569,0 -71.6059502,44.7644945,0 -71.6058227,44.7647527,0 -71.60560580000001,44.7652123,0 -71.6054346,44.7655774,0 -71.605243,44.7659768,0 -71.6051099,44.7662312,0 -71.60493510000001,44.7665925,0 -71.6046456,44.76708,0 -71.604467,44.7673145,0 -71.6042075,44.7676178,0 -71.6038794,44.7679181,0 -71.60351300000001,44.7682129000001,0 -71.60311470000001,44.7684975,0 -71.60266350000001,44.7687795,0 -71.60186160000001,44.7692309,0 -71.599165,44.770689,0 -71.59810400000001,44.771271,0 -71.59634800000001,44.772222,0 -71.595626,44.772647,0 -71.59474899999999,44.77313,0 -71.59354999999999,44.77379,0 -71.59189600000001,44.7746899999999,0 -71.591256,44.775052,0 -71.59086499999999,44.775291,0 -71.5906798,44.7754281,0 -71.589567,44.776252,0 -71.589133,44.77654,0 -71.588729,44.776757,0 -71.58836100000001,44.776929,0 -71.58792099999999,44.777099,0 -71.587576,44.777202,0 -71.586761,44.777393,0 -71.586293,44.777512,0 -71.58591800000001,44.777627,0 -71.585508,44.777777,0 -71.5849973,44.7780412,0 -71.584788,44.7781353,0 -71.5845154,44.7782951,0 -71.5843826,44.7783792,0 -71.58417710000001,44.778503,0 -71.5837684,44.7788211,0 -71.5836212,44.7789441000001,0 -71.58343720000001,44.7791141,0 -71.5832703,44.7792613,0 -71.58311999999999,44.7794052000001,0 -71.5828891,44.7796818,0 -71.5824767,44.7803030999999,0 -71.581818,44.7814466,0 -71.5815011,44.7819177,0 -71.5813946,44.7820291,0 -71.58116200000001,44.7823081,0 -71.5808246,44.7826502,0 -71.58028059999999,44.7830456,0 -71.579414,44.783553,0 -71.57907299999999,44.783767,0 -71.578136,44.784385,0 -71.5757344,44.7859566,0 -71.5753059,44.7862318,0 -71.5747449,44.7866004,0 -71.5742865,44.7869333,0 -71.5740558,44.787117,0 -71.57358600000001,44.7875377,0 -71.5733974,44.7877241,0 -71.5732416,44.7879022,0 -71.57305650000001,44.7881179,0 -71.572813,44.7884064,0 -71.57260410000001,44.7886899,0 -71.57243320000001,44.7889602,0 -71.57216440000001,44.7894129,0 -71.57200210000001,44.7897191,0 -71.5716596,44.790331,0 -71.5714126,44.7908025,0 -71.5708346,44.7918689,0 -71.57041769999999,44.7926671,0 -71.57024869999999,44.7929788,0 -71.5700777,44.7934053,0 -71.5699736,44.7937473,0 -71.56993490000001,44.7939091,0 -71.5698984,44.7941704999999,0 -71.5697974,44.7959254,0 -71.56972349999999,44.7965819000001,0 -71.56967299999999,44.7968835,0 -71.56952630000001,44.7973872,0 -71.569344,44.79788,0 -71.5692181,44.7983187,0 -71.56918,44.798401,0 -71.568962,44.799111,0 -71.568732,44.799794,0 -71.56861499999999,44.800055,0 -71.56832300000001,44.80061,0 -71.56816999999999,44.8008640000001,0 -71.5678479,44.8014508,0 -71.567149,44.802476,0 -71.56705100000001,44.802638,0 -71.566829,44.803082,0 -71.566704,44.8034750000001,0 -71.56665599999999,44.803715,0 -71.566508,44.80445,0 -71.5664917,44.804564,0 -71.5664116,44.8051235,0 -71.5663921,44.805235,0 -71.5663589,44.8054275,0 -71.566183,44.806351,0 -71.56619600000001,44.806739,0 -71.566287,44.807346,0 -71.566362,44.807662,0 -71.56646000000001,44.807936,0 -71.566575,44.808197,0 -71.566755,44.808495,0 -71.567091,44.808993,0 -71.567307,44.809287,0 -71.56801900000001,44.8103049999999,0 -71.56957800000001,44.8125119999999,0 -71.57002799999999,44.813174,0 -71.570155,44.813457,0 -71.57026999999999,44.8138070000001,0 -71.570303,44.81407,0 -71.57030399999999,44.81424,0 -71.57026500000001,44.814653,0 -71.570105,44.815126,0 -71.569953,44.815408,0 -71.56970699999999,44.815723,0 -71.568681,44.816655,0 -71.568051,44.817212,0 -71.567634,44.817535,0 -71.567486,44.81765,0 -71.56714100000001,44.8178810000001,0 -71.566469,44.818238,0 -71.56567,44.818595,0 -71.56416,44.819293,0 -71.563515,44.819582,0 -71.563035,44.819801,0 -71.56250300000001,44.82007,0 -71.56158000000001,44.820499,0 -71.56098900000001,44.820789,0 -71.560439,44.821093,0 -71.560174,44.821271,0 -71.560087,44.821323,0 -71.559752,44.8216080000001,0 -71.55937299999999,44.821952,0 -71.558969,44.822375,0 -71.55876600000001,44.822613,0 -71.5584932,44.8229216,0 -71.557571,44.823965,0 -71.55744799999999,44.824094,0 -71.55701999999999,44.8244119999999,0 -71.556837,44.824521,0 -71.55650900000001,44.824692,0 -71.556043,44.82492,0 -71.55580999999999,44.825045,0 -71.55459399999999,44.825658,0 -71.55432999999999,44.825787,0 -71.55403200000001,44.825951,0 -71.55364400000001,44.826204,0 -71.553438,44.826369,0 -71.553409,44.8263949999999,0 -71.553119,44.826693,0 -71.552871,44.826994,0 -71.552717,44.827315,0 -71.55250100000001,44.82781,0 -71.55241700000001,44.828038,0 -71.552294,44.828302,0 -71.552166,44.828669,0 -71.5521189,44.8289524,0 -71.552104,44.82901,0 -71.552088,44.8293920000001,0 -71.552273,44.830858,0 -71.552289,44.831223,0 -71.552286,44.831462,0 -71.55225299999999,44.831768,0 -71.552178,44.832119,0 -71.55212,44.8323370000001,0 -71.551991,44.832681,0 -71.55179099999999,44.833309,0 -71.55126799999999,44.834688,0 -71.551005,44.835346,0 -71.550697,44.83604,0 -71.550256,44.836988,0 -71.55003000000001,44.837497,0 -71.54991200000001,44.837791,0 -71.549818,44.838175,0 -71.5498,44.838374,0 -71.549785,44.83878,0 -71.549813,44.839264,0 -71.549897,44.839804,0 -71.55021499999999,44.841562,0 -71.550245,44.841724,0 -71.55059,44.843565,0 -71.55076800000001,44.844172,0 -71.551185,44.845337,0 -71.551709,44.84665,0 -71.55193300000001,44.847228,0 -71.552273,44.848029,0 -71.552573,44.848651,0 -71.552689,44.848935,0 -71.552713,44.849094,0 -71.55271500000001,44.8492780000001,0 -71.55265300000001,44.8496349999999,0 -71.552494,44.850297,0 -71.55240000000001,44.85056,0 -71.552342,44.850723,0 -71.552209,44.850977,0 -71.551815,44.851628,0 -71.551509,44.852079,0 -71.551256,44.852352,0 -71.551147,44.852451,0 -71.551047,44.852543,0 -71.550299,44.853084,0 -71.549851,44.85335,0 -71.549064,44.853776,0 -71.5487588,44.8539133,0 -71.548282,44.8541610000001,0 -71.5478061,44.8543881,0 -71.54750199999999,44.854579,0 -71.54709,44.854913,0 -71.546865,44.855126,0 -71.546612,44.855549,0 -71.546367,44.856008,0 -71.546164,44.856426,0 -71.54604500000001,44.856609,0 -71.5459342,44.8568287,0 -71.54572899999999,44.857189,0 -71.545528,44.857603,0 -71.545028,44.85854,0 -71.544714,44.859101,0 -71.544365,44.859775,0 -71.543953,44.860402,0 -71.54378199999999,44.860645,0 -71.54350100000001,44.860968,0 -71.54318499999999,44.861274,0 -71.54273999999999,44.861604,0 -71.542385,44.861848,0 -71.54199199999999,44.862067,0 -71.541325,44.862399,0 -71.541248,44.86243,0 -71.54069200000001,44.862652,0 -71.53959,44.8630040000001,0 -71.5389,44.863205,0 -71.53713,44.863781,0 -71.53624600000001,44.864097,0 -71.5358272,44.864303,0 -71.535307,44.864548,0 -71.534989,44.86471,0 -71.534734,44.864878,0 -71.534119,44.86524,0 -71.53345299999999,44.865673,0 -71.53301,44.865983,0 -71.532597,44.866248,0 -71.532023,44.866605,0 -71.53134799999999,44.86703,0 -71.53023399999999,44.86775,0 -71.527666,44.869389,0 -71.52596200000001,44.870461,0 -71.52476,44.87123,0 -71.524315,44.871516,0 -71.52380700000001,44.871843,0 -71.52313599999999,44.872265,0 -71.522856,44.87244,0 -71.522389,44.872731,0 -71.521945,44.872951,0 -71.521675,44.873062,0 -71.521215,44.873227,0 -71.520769,44.873371,0 -71.5203454,44.8734771,0 -71.51956920000001,44.8736978,0 -71.51913999999999,44.873836,0 -71.5185843,44.8740285,0 -71.5181199,44.8742075,0 -71.5177668,44.8743569,0 -71.5176259,44.8744099,0 -71.5172809,44.8745452,0 -71.5169234,44.8746959999999,0 -71.516378,44.874926,0 -71.516102,44.875044,0 -71.5157358,44.8751986,0 -71.515659,44.875231,0 -71.515069,44.875465,0 -71.513987,44.875911,0 -71.51356,44.876091,0 -71.51259400000001,44.876492,0 -71.512333,44.876613,0 -71.511905,44.876811,0 -71.51167599999999,44.876918,0 -71.511383,44.877068,0 -71.511297,44.877124,0 -71.511027,44.8772990000001,0 -71.510695,44.877517,0 -71.510451,44.877682,0 -71.5102268,44.8778983,0 -71.50973,44.878249,0 -71.50945400000001,44.878481,0 -71.50940199999999,44.878524,0 -71.509123,44.878765,0 -71.50888500000001,44.878991,0 -71.508611,44.879227,0 -71.508207,44.879625,0 -71.50801749999999,44.8798678,0 -71.50781600000001,44.880219,0 -71.507643,44.880594,0 -71.507553,44.881092,0 -71.507535,44.881341,0 -71.50753899999999,44.88158,0 -71.50761900000001,44.881917,0 -71.50788799999999,44.8827120000001,0 -71.507972,44.882928,0 -71.508042,44.883186,0 -71.508076,44.8835009999999,0 -71.50805200000001,44.883703,0 -71.507986,44.884055,0 -71.50792199999999,44.884307,0 -71.50781499999999,44.88456,0 -71.507689,44.884816,0 -71.50747800000001,44.885148,0 -71.507272,44.88536,0 -71.506933,44.885677,0 -71.506283,44.886118,0 -71.505381,44.886693,0 -71.504485,44.887244,0 -71.50387790000001,44.8876043,0 -71.50328279999999,44.8879788,0 -71.5024768,44.888471,0 -71.500956,44.8894154,0 -71.4999206,44.8900587,0 -71.4995076,44.8903171,0 -71.4990959,44.8905708,0 -71.4986359,44.8908567,0 -71.49838099999999,44.8910315999999,0 -71.49828309999999,44.8911199,0 -71.49819460000001,44.8912121,0 -71.498034,44.89142,0 -71.4979158,44.8916532,0 -71.497805,44.8918637,0 -71.4976734,44.8921116,0 -71.4975965,44.8922617,0 -71.49729670000001,44.8928552,0 -71.4972447,44.8929579,0 -71.4971901,44.8930695000001,0 -71.4969396,44.8935859,0 -71.4965899,44.8942400999999,0 -71.4965416,44.8943255,0 -71.4964569,44.8944996,0 -71.4963259,44.8947384000001,0 -71.4961904,44.8949794,0 -71.4961358,44.8950755,0 -71.49612209999999,44.8950984,0 -71.4959808,44.8953121,0 -71.4958773,44.8954545,0 -71.49580400000001,44.8955652,0 -71.4957562,44.8956344,0 -71.49566059999999,44.8957797999999,0 -71.4955461,44.8959481,0 -71.4953569,44.8961977,0 -71.4953257,44.8962371,0 -71.49508350000001,44.8965526,0 -71.4950104,44.8966468,0 -71.4948177,44.896898,0 -71.49477469999999,44.8969536,0 -71.49471579999999,44.8970318,0 -71.4946369,44.8971428999999,0 -71.49454919999999,44.8972954,0 -71.49449439999999,44.8974107,0 -71.4944519,44.8975273,0 -71.49442019999999,44.8976328,0 -71.4943761,44.8978185,0 -71.4943234,44.8981055,0 -71.4942217,44.8986331,0 -71.49411449999999,44.8991283,0 -71.4939917,44.8996315,0 -71.49392450000001,44.8998861,0 -71.493652,44.90094,0 -71.49361639999999,44.9010847,0 -71.4933396,44.9021550000001,0 -71.49323200000001,44.902529,0 -71.492963,44.903468,0 -71.492762,44.9041209999999,0 -71.492451,44.905007,0 -71.491955,44.906438,0 -71.4917659,44.9069832,0 -71.491725,44.907101,0 -71.491534,44.90771,0 -71.491404,44.908305,0 -71.491309,44.908898,0 -71.4912894,44.9090785999999,0 -71.4912772,44.9092764,0 -71.4912786,44.9096183,0 -71.49130940000001,44.9100438000001,0 -71.491407,44.910677,0 -71.491542,44.911336,0 -71.491737,44.91192,0 -71.491921,44.912244,0 -71.49217,44.912802,0 -71.49332200000001,44.914926,0 -71.493526,44.915341,0 -71.49387830000001,44.9159494,0 -71.494147,44.916496,0 -71.49458199999999,44.917246,0 -71.494783,44.917502,0 -71.49501100000001,44.917766,0 -71.49538800000001,44.918103,0 -71.495499,44.918178,0 -71.495819,44.9183960000001,0 -71.49602400000001,44.918523,0 -71.496309,44.918699,0 -71.496796,44.918921,0 -71.497393,44.919138,0 -71.49752700000001,44.919173,0 -71.49782,44.919252,0 -71.498771,44.919446,0 -71.498822,44.919455,0 -71.4999254,44.9196692,0 -71.5000332,44.9196925999999,0 -71.5006662,44.9197966,0 -71.5021782,44.9200891,0 -71.5030817,44.9202546,0 -71.5036097,44.9204126,0 -71.5041337,44.9205846,0 -71.5045047,44.9207366,0 -71.50513719999999,44.9210636000001,0 -71.5052602,44.9211456,0 -71.5058118,44.9215211999999,0 -71.5062673,44.9219303,0 -71.50682140000001,44.9225289,0 -71.5071789,44.9229191,0 -71.507508,44.923273,0 -71.507829,44.923671,0 -71.508275,44.9241769999999,0 -71.509066,44.925051,0 -71.509359,44.925376,0 -71.509747,44.925788,0 -71.510667,44.926799,0 -71.51141200000001,44.927603,0 -71.511979,44.92837,0 -71.5135217,44.930934,0 -71.5141922,44.9320201,0 -71.5143317,44.9324759,0 -71.5144605,44.9329962,0 -71.51461070000001,44.9338619999999,0 -71.514807,44.9349709999999,0 -71.51487,44.935589,0 -71.514895,44.936304,0 -71.514877,44.936882,0 -71.514861,44.937497,0 -71.51468300000001,44.9391170000001,0 -71.514534,44.940602,0 -71.514431,44.941486,0 -71.514392,44.941686,0 -71.514337,44.942085,0 -71.51419199999999,44.942753,0 -71.514115,44.943009,0 -71.51336499999999,44.945489,0 -71.51327499999999,44.945913,0 -71.513103,44.947081,0 -71.51299400000001,44.948182,0 -71.51296600000001,44.948463,0 -71.512908,44.949054,0 -71.512676,44.951446,0 -71.512649,44.952195,0 -71.512618,44.953029,0 -71.51261700000001,44.954092,0 -71.51261700000001,44.954485,0 -71.512563,44.955901,0 -71.512592,44.956415,0 -71.512595,44.956647,0 -71.51276,44.957437,0 -71.51290179999999,44.9577967,0 -71.513328,44.958878,0 -71.513622,44.959531,0 -71.514032,44.960445,0 -71.51483,44.962281,0 -71.51493499999999,44.962565,0 -71.515033,44.9629309999999,0 -71.51508200000001,44.963263,0 -71.51510500000001,44.963871,0 -71.515108,44.9639509999999,0 -71.514709,44.966454,0 -71.514663,44.966819,0 -71.51464,44.967623,0 -71.514724,44.968524,0 -71.514765,44.9687249999999,0 -71.51480599999999,44.968927,0 -71.51512649999999,44.9697824,0 -71.5155891,44.970989,0 -71.51562749999999,44.9710713,0 -71.51586,44.971439,0 -71.51604399999999,44.971658,0 -71.516276,44.971896,0 -71.5169049,44.9724139,0 -71.51730000000001,44.9726349999999,0 -71.517589,44.972765,0 -71.517996,44.972928,0 -71.518305,44.973038,0 -71.51893,44.973174,0 -71.519431,44.973284,0 -71.519493,44.973298,0 -71.525881,44.974352,0 -71.52634399999999,44.9744289999999,0 -71.526662,44.974491,0 -71.5272835,44.974675,0 -71.52785900000001,44.9749060000001,0 -71.52910199999999,44.975502,0 -71.529765,44.975868,0 -71.529993,44.976011,0 -71.530258,44.976207,0 -71.53049,44.9764390000001,0 -71.530731,44.976703,0 -71.530902,44.976935,0 -71.531053,44.977257,0 -71.53122999999999,44.977706,0 -71.53126899999999,44.977968,0 -71.531271,44.978251,0 -71.531255,44.978502,0 -71.531229,44.978642,0 -71.531216,44.978714,0 -71.531075,44.97918,0 -71.530714,44.980275,0 -71.52986900000001,44.9826809999999,0 -71.529768,44.982946,0 -71.52961999999999,44.983388,0 -71.529506,44.984135,0 -71.52947500000001,44.984664,0 -71.529537,44.985532,0 -71.529597,44.98589,0 -71.52967599999999,44.986218,0 -71.52987899999999,44.986847,0 -71.530061,44.987285,0 -71.530573,44.988181,0 -71.53129,44.98947,0 -71.5317933,44.9904525999999,0 -71.5319274,44.990882,0 -71.531953,44.9909885999999,0 -71.5319751,44.9911177000001,0 -71.5319938,44.9913432,0 -71.53200200000001,44.9915206,0 -71.53199239999999,44.9917157,0 -71.5319739,44.9918896,0 -71.531943,44.9920523,0 -71.5318972,44.9923055,0 -71.53185139999999,44.9925349,0 -71.5317335,44.9931131,0 -71.5317297,44.9931364,0 -71.5316534,44.9936756,0 -71.5316337,44.993817,0 -71.5316227,44.9938993,0 -71.531559,44.9943658,0 -71.5315482,44.9944537,0 -71.53153399999999,44.9945392999999,0 -71.5314083,44.9951374,0 -71.53135810000001,44.9953767,0 -71.53132840000001,44.9955339,0 -71.531305,44.99565,0 -71.53129079999999,44.9957137,0 -71.5312685,44.9958742,0 -71.5312311,44.9961492,0 -71.531206,44.996325,0 -71.53115200000001,44.996693,0 -71.53111010000001,44.9968512,0 -71.5310599,44.9969952000001,0 -71.5310077,44.9971321,0 -71.5309209,44.997312,0 -71.5308321,44.9974704,0 -71.53066699999999,44.99774,0 -71.5305256,44.9979224,0 -71.530449,44.998017,0 -71.530112,44.998363,0 -71.53008800000001,44.998387,0 -71.5298635,44.9985968,0 -71.529691,44.998743,0 -71.52928,44.999089,0 -71.528941,44.999288,0 -71.528531,44.99942,0 -71.52817140000001,44.9995196,0 -71.52730699999999,44.999749,0 -71.52636529999999,45.00011309999999,0 -71.5256141,45.00040089999991,0 -71.524883,45.0006344,0 -71.5244744,45.0007323,0 -71.5238969,45.00083839999999,0 -71.5233786,45.0009007,0 -71.5228678,45.0009835,0 -71.5220422,45.0010529,0 -71.52087059999999,45.0011466,0 -71.5199944,45.001219,0 -71.5196029,45.00126019999999,0 -71.5191847,45.0013226,0 -71.5188478,45.0013969,0 -71.51821169999999,45.00160149999999,0 -71.516544,45.00217099999999,0 -71.51622999999999,45.00227,0 -71.515804,45.002376,0 -71.51516700000001,45.0024719999999,0 -71.51468300000001,45.002572,0 -71.51461500000001,45.002593,0 -71.51437900000001,45.002668,0 -71.514021,45.00281,0 -71.51361799999999,45.002997,0 -71.51323600000001,45.00319400000001,0 -71.51251600000001,45.003621,0 -71.511657,45.004201,0 -71.5107807,45.00480209999999,0 -71.510577,45.0049393,0 -71.5105709,45.00494340000001,0 -71.5104292,45.0050246,0 -71.5097979,45.0053636,0 -71.5092594,45.0056102,0 -71.5086771,45.0058307,0 -71.508138,45.0060124,0 -71.507345,45.00623940000001,0 -71.5066417,45.0064128,0 -71.50606519999999,45.0065213,0 -71.5059296,45.006543,0 -71.5054981,45.0066121,0 -71.5048054,45.00668830000001,0 -71.504086,45.00668000000001,0 -71.503292,45.006412,0 -71.502815,45.006232,0 -71.502076,45.005928,0 -71.501154,45.0055230000001,0 -71.50076,45.005324,0 -71.500484,45.00514400000009,0 -71.500276,45.004964,0 -71.50000799999999,45.004697,0 -71.499679,45.004293,0 -71.49941200000001,45.004037,0 -71.4985629,45.0034983999999,0 -71.498036,45.003214,0 -71.497618,45.002983,0 -71.49727300000001,45.00280599999999,0 -71.496746,45.002576,0 -71.495538,45.00213600000001,0 -71.495183,45.002049,0 -71.493959,45.001721,0 -71.49301800000001,45.001495,0 -71.492026,45.001247,0 -71.491094,45.001003,0 -71.490245,45.00079199999999,0 -71.489676,45.00066,0 -71.489163,45.000489,0 -71.48879599999999,45.0003,0 -71.488185,44.999917,0 -71.48810210000001,44.9998775,0 -71.48766500000001,44.999669,0 -71.486631,44.999314,0 -71.486058,44.999148,0 -71.48552100000001,44.998993,0 -71.4852089,44.998935,0 -71.48472049999999,44.998831,0 -71.484308,44.9988229,0 -71.48397490000001,44.9988591,0 -71.48369409999999,44.9989467,0 -71.4832873,44.9991138,0 -71.4829149,44.9993492,0 -71.48249970000001,44.9995682,0 -71.4821347,44.9997178,0 -71.48173370000001,44.999877,0 -71.48148449999999,44.9999729,0 -71.480734,45.000228,0 -71.480019,45.00051,0 -71.47959299999999,45.0006896,0 -71.47939289999999,45.0007787,0 -71.4791778,45.0008933000001,0 -71.47900300000001,45.000994,0 -71.4787918,45.00115360000001,0 -71.4786264,45.0012996,0 -71.4784693,45.0014714,0 -71.4783371,45.0016638,0 -71.478207,45.001879,0 -71.478144,45.002104,0 -71.478116,45.002252,0 -71.478109,45.00298,0 -71.478131,45.004442,0 -71.478105,45.004651,0 -71.47804499999999,45.00495,0 -71.477937,45.005252,0 -71.47770800000001,45.00573399999999,0 -71.477458,45.006186,0 -71.47686400000001,45.007359,0 -71.476679,45.007653,0 -71.476444,45.00799000000001,0 -71.47628899999999,45.00817099999999,0 -71.475909,45.008525,0 -71.475661,45.0087150000001,0 -71.475368,45.008908,0 -71.47501200000001,45.009098,0 -71.474045,45.009566,0 -71.473328,45.009891,0 -71.472942,45.010025,0 -71.472086,45.01024,0 -71.471745,45.010309,0 -71.471009,45.010436,0 -71.470668,45.010475,0 -71.46847099999999,45.010552,0 -71.46826799999999,45.010568,0 -71.468013,45.01060600000001,0 -71.46779100000001,45.010672,0 -71.46709300000001,45.010958,0 -71.465287,45.01184,0 -71.465119,45.011956,0 -71.464978,45.012068,0 -71.46482,45.012265,0 -71.464698,45.012489,0 -71.464596,45.012761,0 -71.46436799999999,45.013598,0 -71.464156,45.014376,0 -71.46408,45.014699,0 -71.46407000000001,45.014886,0 -71.46409,45.015186,0 -71.464116,45.015387,0 -71.464456,45.01652000000001,0 -71.464654,45.01727,0 -71.46476699999999,45.017808,0 -71.46482899999999,45.01835,0 -71.464827,45.018638,0 -71.46481300000001,45.018881,0 -71.46476699999999,45.019244,0 -71.46467800000001,45.01960199999999,0 -71.46456999999999,45.019904,0 -71.464422,45.02024819999999,0 -71.4641699,45.020743,0 -71.46383950000001,45.0213525,0 -71.4635984,45.0217906,0 -71.46323599999999,45.022449,0 -71.463055,45.022812,0 -71.462981,45.023013,0 -71.462935,45.023488,0 -71.462958,45.023783,0 -71.46299999999999,45.02402800000001,0 -71.46305599999999,45.024211,0 -71.46315300000001,45.024449,0 -71.463232,45.024592,0 -71.46344499999999,45.024957,0 -71.463607,45.025319,0 -71.463644,45.02545599999999,0 -71.463661,45.025854,0 -71.463649,45.025977,0 -71.463598,45.026175,0 -71.463548,45.026301,0 -71.46346200000001,45.026461,0 -71.463357,45.02662,0 -71.46324300000001,45.0267679999999,0 -71.463089,45.026911,0 -71.462541,45.027373,0 -71.46195400000001,45.027845,0 -71.461654,45.028104,0 -71.46134000000001,45.02846,0 -71.46117700000001,45.02871699999999,0 -71.4609827,45.0291065,0 -71.4607329,45.0295868,0 -71.4601052,45.0306554,0 -71.459993,45.0308599999999,0 -71.459817,45.031182,0 -71.45958,45.031565,0 -71.459446,45.031743,0 -71.459311,45.031903,0 -71.459087,45.032109,0 -71.45878500000001,45.0323420000001,0 -71.457908,45.03290400000001,0 -71.457409,45.03321399999999,0 -71.4568584,45.0335723,0 -71.456232,45.03398,0 -71.454396,45.035135,0 -71.45404600000001,45.035395,0 -71.45385899999999,45.035567,0 -71.45361699999999,45.03581000000001,0 -71.45335799999999,45.03616,0 -71.453204,45.036446,0 -71.45305399999999,45.03683999999999,0 -71.4527777,45.0376942,0 -71.4527313,45.0378016,0 -71.45261600000001,45.038012,0 -71.45237299999999,45.03832899999999,0 -71.45216600000001,45.03851,0 -71.45205900000001,45.03860400000001,0 -71.45195099999999,45.038677,0 -71.451691,45.038833,0 -71.45145599999999,45.038943,0 -71.451166,45.039053,0 -71.450878,45.039128,0 -71.449466,45.039419,0 -71.448425,45.03965,0 -71.448089,45.039736,0 -71.44757199999999,45.039885,0 -71.447052,45.040053,0 -71.44559099999999,45.04065900000001,0 -71.444947,45.0409360000001,0 -71.44469599999999,45.041042,0 -71.44443800000001,45.041166,0 -71.444312,45.041237,0 -71.444152,45.041364,0 -71.443918,45.041573,0 -71.4436865,45.04184889999999,0 -71.44359300000001,45.04200000000001,0 -71.44346299999999,45.04230200000001,0 -71.443423,45.042493,0 -71.443403,45.042672,0 -71.44342899999999,45.04294699999999,0 -71.44348100000001,45.043202,0 -71.44363300000001,45.043687,0 -71.443736,45.044079,0 -71.44384599999999,45.044492,0 -71.443881,45.044618,0 -71.44393700000001,45.0448414,0 -71.4439649,45.04508320000001,0 -71.4439476,45.0452472000001,0 -71.4439129,45.04544200000001,0 -71.4437894,45.04577170000001,0 -71.4436932,45.045918,0 -71.4434739,45.04619760000001,0 -71.4433439,45.0463238,0 -71.44320500000001,45.0464367,0 -71.44299700000001,45.0465789,0 -71.4427742,45.0467154,0 -71.4425174,45.04683789999999,0 -71.4422017,45.0469602,0 -71.44185950000001,45.04704719999999,0 -71.441204,45.047176,0 -71.44063199999999,45.047292,0 -71.439213,45.047589,0 -71.4386159,45.0477231,0 -71.43755640000001,45.04796100000001,0 -71.43735909999999,45.048004,0 -71.43611660000001,45.04827730000001,0 -71.434473,45.04866719999999,0 -71.43325179999999,45.0489449,0 -71.4325948,45.04909469999999,0 -71.430465,45.0495723,0 -71.42988,45.04971400000001,0 -71.4296131,45.0497816,0 -71.428434,45.05008,0 -71.427243,45.050353,0 -71.426256,45.050618,0 -71.426209,45.05063599999999,0 -71.425898,45.050748,0 -71.425594,45.050877,0 -71.425174,45.05110299999999,0 -71.4248691,45.0513039,0 -71.42462500000001,45.051492,0 -71.42447300000001,45.05161699999999,0 -71.4242,45.051891,0 -71.423911,45.052256,0 -71.42385,45.0523369,0 -71.423765,45.052501,0 -71.42370699999999,45.0526079999999,0 -71.423373,45.053425,0 -71.42327299999999,45.05366899999999,0 -71.423019,45.054091,0 -71.422769,45.05440300000001,0 -71.422567,45.05458,0 -71.422032,45.05496600000001,0 -71.42176000000001,45.05511200000001,0 -71.421421,45.055246,0 -71.421218,45.055309,0 -71.42113000000001,45.055336,0 -71.420756,45.055437,0 -71.41940700000001,45.055719,0 -71.41840000000001,45.05595000000001,0 -71.4176435,45.05615360000001,0 -71.41706550000001,45.0562861,0 -71.41670550000001,45.0563458,0 -71.4159188,45.0564298,0 -71.4158348,45.0564387,0 -71.4152196,45.0564498,0 -71.414931,45.05645500000001,0 -71.41453799999999,45.05643529999999,0 -71.4141382,45.0564001,0 -71.4133418,45.0562899,0 -71.4128207,45.05618269999999,0 -71.4125434,45.0561273,0 -71.410721,45.055745,0 -71.4094611,45.0554852,0 -71.4085207,45.0552925,0 -71.408393,45.05526769999999,0 -71.40819999999999,45.0552301,0 -71.4079282,45.055196,0 -71.4076908,45.0551756999999,0 -71.4075704,45.0551693,0 -71.4071345,45.05516,0 -71.4065937,45.0551951,0 -71.40515929999999,45.0552606,0 -71.4045225,45.055281,0 -71.40379609999999,45.05525519999999,0 -71.4032251,45.0552150000001,0 -71.4026724,45.0551615,0 -71.40239459999999,45.0551298,0 -71.40180100000001,45.05508339999999,0 -71.4017205,45.0550728,0 -71.40129829999999,45.05501709999999,0 -71.4009774,45.0549255,0 -71.4007861,45.05485599999999,0 -71.4006785,45.0548125,0 -71.40057,45.0547633,0 -71.40020749999999,45.05456710000001,0 -71.400041,45.05447700000001,0 -71.39988099999999,45.054385,0 -71.39963,45.054241,0 -71.3993038,45.05407,0 -71.3988507,45.05386380000001,0 -71.39809579999999,45.05359289999999,0 -71.39785999999999,45.0535153000001,0 -71.397434,45.053375,0 -71.39649799999999,45.0530699000001,0 -71.396073,45.0529261,0 -71.3957023,45.0527994,0 -71.3951792,45.0526118,0 -71.39454569999999,45.0523701,0 -71.3943604,45.0522976,0 -71.39405530000001,45.05217500000001,0 -71.3935043,45.0519441,0 -71.3932913,45.0518532000001,0 -71.3931087,45.0517796,0 -71.39289770000001,45.0517086,0 -71.39271599999999,45.05166,0 -71.392398,45.0515901,0 -71.39228199999999,45.0515703,0 -71.39212569999999,45.0515479,0 -71.39197299999999,45.051533,0 -71.391634,45.051523,0 -71.39138250000001,45.05152400000001,0 -71.39117400000001,45.0515261,0 -71.39111939999999,45.0515267,0 -71.39076590000001,45.05153050000001,0 -71.38926600000001,45.0515334,0 -71.3883105,45.0515353,0 -71.38803729999999,45.0515358,0 -71.3877602,45.0515267,0 -71.38739459999999,45.0515001,0 -71.387181,45.051465,0 -71.38689410000001,45.0514188,0 -71.386777,45.05139999999999,0 -71.3864829,45.0513416,0 -71.38638229999999,45.0513197,0 -71.38613700000001,45.051273,0 -71.385318,45.051144,0 -71.385249,45.051137,0 -71.384956,45.051118,0 -71.38434599999999,45.05113100000001,0 -71.38393600000001,45.0511650000001,0 -71.383785,45.05117800000001,0 -71.38342299999999,45.051208,0 -71.3829875,45.0512725,0 -71.382552,45.051337,0 -71.38170700000001,45.051419,0 -71.3807067,45.05149329999999,0 -71.38007039999999,45.0515196,0 -71.37928700000001,45.051552,0 -71.377379,45.0516,0 -71.376608,45.05163,0 -71.3757652,45.0516488,0 -71.374944,45.051687,0 -71.374296,45.051676,0 -71.37410800000001,45.051651,0 -71.373786,45.05159499999999,0 -71.37349,45.051528,0 -71.372998,45.051336,0 -71.372742,45.051198,0 -71.372547,45.05108200000001,0 -71.37222800000001,45.050824,0 -71.371166,45.04988899999999,0 -71.370643,45.04949599999999,0 -71.370294,45.04930099999999,0 -71.37006599999999,45.049196,0 -71.36975200000001,45.04906500000001,0 -71.369399,45.048963,0 -71.368899,45.048849,0 -71.368475,45.048785,0 -71.36797300000001,45.04872699999999,0 -71.36703,45.048731,0 -71.366783,45.04874899999999,0 -71.366749,45.04875200000001,0 -71.36650400000001,45.048771,0 -71.36622,45.04882400000001,0 -71.3661718,45.0488351,0 -71.36588500000001,45.048901,0 -71.365584,45.04899,0 -71.36476500000001,45.049281,0 -71.363725,45.04964,0 -71.3632605,45.0497911,0 -71.36320069999999,45.04980820000001,0 -71.362658,45.0499736,0 -71.3623456,45.0500461,0 -71.3621383,45.0500942,0 -71.36171210000001,45.05019429999999,0 -71.36125269999999,45.050281,0 -71.3608945,45.0503399,0 -71.360051,45.0504700000001,0 -71.35970829999999,45.0504989000001,0 -71.35924900000001,45.0505326,0 -71.358974,45.0505506,0 -71.35792050000001,45.05057960000001,0 -71.3575024,45.05057359999999,0 -71.356517,45.0505587999999,0 -71.3556665,45.0505126,0 -71.3543209,45.05045150000001,0 -71.3533267,45.0504064,0 -71.352569,45.0503685,0 -71.3519788,45.0503528,0 -71.3515,45.0503505,0 -71.35138910000001,45.05035250000001,0 -71.35121119999999,45.0503557,0 -71.35099750000001,45.05037750000011,0 -71.35080480000001,45.0504091,0 -71.3506706,45.0504382,0 -71.350514,45.0504700000001,0 -71.350341,45.050522,0 -71.350275,45.05054100000001,0 -71.350053,45.050629,0 -71.349851,45.050724,0 -71.349614,45.05085,0 -71.349335,45.051058,0 -71.34923860000001,45.0511412,0 -71.348929,45.0515583,0 -71.3488132,45.0517513,0 -71.348438,45.052434,0 -71.348275,45.052761,0 -71.34813,45.053026,0 -71.34797159999999,45.0532894,0 -71.347544,45.05392999999999,0 -71.347211,45.05454600000001,0 -71.3467617,45.05565000000001,0 -71.346694,45.056089,0 -71.346677,45.05625200000001,0 -71.3466062,45.0567101,0 -71.3465707,45.056863,0 -71.34650689999999,45.0570922,0 -71.3464022,45.0572841,0 -71.3463514,45.0573803,0 -71.34620769999999,45.05759620000011,0 -71.346108,45.0577129,0 -71.3460192,45.0578581,0 -71.3459665,45.0579626,0 -71.34585939999999,45.0582191,0 -71.345534,45.05916599999999,0 -71.345489,45.059399,0 -71.345406,45.060267,0 -71.345343,45.06067500000001,0 -71.345292,45.060895,0 -71.34523299999999,45.06114099999999,0 -71.345078,45.061528,0 -71.344888,45.061929,0 -71.344818,45.062075,0 -71.344762,45.062194,0 -71.34465400000001,45.062508,0 -71.3445698,45.0629057,0 -71.3444944,45.0631961,0 -71.3439188,45.06422820000001,0 -71.34371,45.0646036,0 -71.34355309999999,45.06497899999999,0 -71.3434074,45.0653106,0 -71.3433524,45.0654762000001,0 -71.3432681,45.06570019999999,0 -71.34318140000001,45.0660534,0 -71.34312180000001,45.0662835,0 -71.34305089999999,45.0665006,0 -71.34299969999999,45.0666171,0 -71.3429386,45.06674600000001,0 -71.34281590000001,45.0669948,0 -71.3425496,45.0675478,0 -71.3423927,45.0678407,0 -71.3423346,45.067937,0 -71.3422429,45.0680529,0 -71.34211019999999,45.0681883,0 -71.3419459,45.0682998000001,0 -71.3417032,45.0684241,0 -71.3414233,45.0685323000001,0 -71.34104069999999,45.0686498,0 -71.34066610000001,45.06878640000001,0 -71.3404388,45.0689076,0 -71.3402109,45.0691171,0 -71.340008,45.069288,0 -71.33989099999999,45.069524,0 -71.33963,45.07039,0 -71.33930479999999,45.0712722,0 -71.33889809999999,45.0725086,0 -71.33884209999999,45.072654,0 -71.33880449999999,45.0728009999999,0 -71.33837800000001,45.07365560000001,0 -71.3377697,45.0749077,0 -71.3375401,45.0753583,0 -71.3373728,45.07565530000001,0 -71.3373453,45.07570279999999,0 -71.33691640000001,45.0764447,0 -71.3367525,45.07671379999999,0 -71.336428,45.07728490000001,0 -71.3361192,45.07780499999999,0 -71.3356424,45.0786693,0 -71.3354227,45.0790889,0 -71.33524389999999,45.0794303,0 -71.3350543,45.079683,0 -71.334802,45.0800025,0 -71.3343697,45.0804089000001,0 -71.33397840000001,45.0807289999999,0 -71.33354919999999,45.0810508,0 -71.3332688,45.0812468,0 -71.3329153,45.0814649,0 -71.33257570000001,45.08165189999999,0 -71.33210010000001,45.081848,0 -71.33059470000001,45.0824295,0 -71.32981669999999,45.082732,0 -71.3294806,45.08286720000001,0 -71.32899639999999,45.0830507,0 -71.32872589999999,45.0831735,0 -71.3284065,45.08331930000001,0 -71.328192,45.08345869999999,0 -71.32792329999999,45.0836489,0 -71.3277532,45.0838064,0 -71.3273468,45.0841915,0 -71.32697570000001,45.08451669999999,0 -71.3268126,45.0846318,0 -71.32658259999999,45.0847498,0 -71.3264284,45.08482399999999,0 -71.32616899999999,45.0849357,0 -71.3256418,45.08508900000001,0 -71.3252507,45.08514570000001,0 -71.32493890000001,45.08516770000001,0 -71.3245629,45.0851615,0 -71.32319750000001,45.0850525,0 -71.3225803,45.08501880000001,0 -71.321911,45.0850108,0 -71.3215867,45.0850189,0 -71.3212296,45.0850279,0 -71.32109610000001,45.08503979999989,0 -71.320463,45.0850964,0 -71.3202244,45.08513049999999,0 -71.3198089,45.0851901,0 -71.3192142,45.0852736,0 -71.3181538,45.0854475,0 -71.3178264,45.0854931,0 -71.3175179,45.0855360000001,0 -71.31645949999999,45.0856915,0 -71.3159414,45.0857525,0 -71.3153851,45.08579,0 -71.3149219,45.08580150000001,0 -71.3144685,45.085781,0 -71.3135448,45.0857065,0 -71.3128608,45.08561799999999,0 -71.312095,45.085557,0 -71.31170400000001,45.08555,0 -71.31124199999999,45.08556599999999,0 -71.3111297,45.0855754,0 -71.3108261,45.08561889999999,0 -71.3105012,45.08566890000001,0 -71.3100793,45.08570959999999,0 -71.309662,45.0857439,0 -71.3094238,45.0857571,0 -71.309076,45.0857517,0 -71.308976,45.085754,0 -71.308531,45.085767,0 -71.3083817,45.0857675,0 -71.30830589999999,45.085768,0 -71.3078989,45.085789,0 -71.30758849999999,45.0858222,0 -71.3072446,45.0858913,0 -71.3069287,45.08597379999999,0 -71.30666960000001,45.0860578,0 -71.3064976,45.08612429999999,0 -71.30630960000001,45.0862155,0 -71.3060636,45.0863575,0 -71.3058697,45.0864778,0 -71.3057445,45.0865574,0 -71.3055604,45.086693,0 -71.30548349999999,45.0867565,0 -71.3052697,45.0870012,0 -71.30495070000001,45.087331,0 -71.3047378,45.0875044,0 -71.3045597,45.0876536,0 -71.3044017,45.0877468,0 -71.30413179999999,45.0879024,0 -71.3038799,45.0880178,0 -71.303431,45.08818080000001,0 -71.3032051,45.08823340000001,0 -71.3026959,45.0883292,0 -71.3023812,45.0883552,0 -71.3021281,45.0883768,0 -71.30190690000001,45.0883806,0 -71.3018498,45.0883776,0 -71.3014993,45.0883574,0 -71.301204,45.08830500000001,0 -71.300825,45.08823,0 -71.30047500000001,45.08813500000001,0 -71.300135,45.088022,0 -71.299937,45.0879569999999,0 -71.299391,45.087749,0 -71.298951,45.087642,0 -71.29859999999999,45.087591,0 -71.298366,45.087566,0 -71.298171,45.087563,0 -71.297709,45.087587,0 -71.29667999999999,45.087732,0 -71.29602509999999,45.087839,0 -71.295418,45.08793099999999,0 -71.294911,45.088023,0 -71.29400699999999,45.088188,0 -71.29225479999999,45.0885546,0 -71.292119,45.088583,0 -71.29154130000001,45.088731,0 -71.2910754,45.0888777,0 -71.2908585,45.0889765000001,0 -71.2905899,45.0891112,0 -71.29019959999999,45.0893982,0 -71.2901,45.0894898,0 -71.289782,45.08986300000001,0 -71.2896659,45.0899892,0 -71.2894278,45.0902184,0 -71.28929340000001,45.09034629999999,0 -71.2891405,45.0904434,0 -71.28899560000001,45.09052320000001,0 -71.28893650000001,45.09056449999999,0 -71.28847260000001,45.09082099999999,0 -71.28797109999999,45.09112809999999,0 -71.2877404,45.0912995,0 -71.2876163,45.0914634,0 -71.2874994,45.0916321,0 -71.2874097,45.091809,0 -71.2873556,45.09200000000001,0 -71.2873584,45.092133,0 -71.28738199999999,45.09237,0 -71.287441,45.0925529999999,0 -71.28758500000001,45.09286950000001,0 -71.287724,45.093175,0 -71.2878243,45.09338879999999,0 -71.287958,45.093674,0 -71.28837300000001,45.094548,0 -71.288516,45.09493599999999,0 -71.2885685,45.0952608,0 -71.2885845,45.0954719,0 -71.28853100000001,45.0958424,0 -71.2882347,45.09685050000001,0 -71.28816519999999,45.0972079,0 -71.2881113,45.0976607,0 -71.288067,45.098919,0 -71.28806,45.099143,0 -71.288104,45.09946899999999,0 -71.28816,45.099743,0 -71.288518,45.100907,0 -71.28852500000001,45.101169,0 -71.288516,45.10129299999999,0 -71.288387,45.101565,0 -71.28825999999999,45.101742,0 -71.288082,45.1019080000001,0 -71.28790239999999,45.102058,0 -71.287718,45.10215659999999,0 -71.2875161,45.1022368,0 -71.2873151,45.1023095,0 -71.2870021,45.1023473,0 -71.2867179,45.10237,0 -71.2864744,45.1023711000001,0 -71.2858762,45.1023725,0 -71.2851587,45.1023893,0 -71.2845703,45.1023845,0 -71.2840624,45.1024119000001,0 -71.2840144,45.1024165,0 -71.2836451,45.1024519,0 -71.2832959,45.10251329999999,0 -71.282915,45.10259649999999,0 -71.282526,45.1026939,0 -71.282327,45.1027435,0 -71.2822237,45.1027783,0 -71.28153,45.10305939999991,0 -71.280259,45.103514,0 -71.2795687,45.1037965,0 -71.279143,45.10394500000001,0 -71.279104,45.10396,0 -71.2781514,45.1043444,0 -71.2780798,45.104372,0 -71.2778105,45.1044832,0 -71.277573,45.10456740000009,0 -71.27727539999999,45.1046925,0 -71.2768087,45.10488869999999,0 -71.2765631,45.1050069,0 -71.2763468,45.1051192,0 -71.2760414,45.10528529999991,0 -71.2755059,45.1055655,0 -71.2754892,45.105575,0 -71.2752981,45.1056834,0 -71.27505069999999,45.1058171,0 -71.2747743,45.1059341,0 -71.2744594,45.10606739999999,0 -71.2735418,45.1064035,0 -71.2734959,45.1064186999999,0 -71.27310679999999,45.1065482000001,0 -71.2726667,45.1066993,0 -71.27146399999999,45.107129,0 -71.27089170000001,45.10731049999999,0 -71.2706211,45.1073854,0 -71.2699439,45.1074894,0 -71.2693002,45.1075619,0 -71.26893010000001,45.1076356000001,0 -71.2686731,45.10769730000001,0 -71.2684,45.10778199999999,0 -71.267904,45.10799100000001,0 -71.2674445,45.10820559999999,0 -71.26726600000001,45.1082890000001,0 -71.266311,45.10869,0 -71.265525,45.1089870000001,0 -71.265004,45.109169,0 -71.26405699999999,45.10947500000001,0 -71.26299899999999,45.10978999999999,0 -71.26254,45.109927,0 -71.262275,45.109998,0 -71.262075,45.110043,0 -71.261646,45.110102,0 -71.26143,45.110114,0 -71.26112500000001,45.11011999999999,0 -71.259935,45.1101140000001,0 -71.258247,45.110114,0 -71.257148,45.110118,0 -71.25561570000001,45.1101457,0 -71.2549664,45.1101645,0 -71.2546694,45.1101916,0 -71.25419549999999,45.1102466,0 -71.25381710000001,45.1103124,0 -71.253429,45.110388,0 -71.253271,45.110426,0 -71.252925,45.110525,0 -71.25263099999999,45.110625,0 -71.25233,45.110743,0 -71.251994,45.11089500000001,0 -71.25149450000001,45.1111900000001,0 -71.2513685,45.11127160000009,0 -71.2510619,45.11147290000011,0 -71.25068469999999,45.11178080000001,0 -71.2503004,45.1121580000001,0 -71.2501419,45.1123235,0 -71.2493075,45.1131981,0 -71.248766,45.1137183,0 -71.2485691,45.1138771,0 -71.2484721,45.113942,0 -71.2483041,45.1140615,0 -71.24784200000001,45.11432480000001,0 -71.2473686,45.1145252000001,0 -71.2469069,45.11467789999999,0 -71.24658549999999,45.1147684,0 -71.2459896,45.114924,0 -71.2446501,45.1152324,0 -71.24389410000001,45.1154209,0 -71.2437173,45.1154645000001,0 -71.24267519999999,45.115722,0 -71.2422021,45.1158422,0 -71.2419086,45.11592759999999,0 -71.2415283,45.11606830000011,0 -71.24126149999999,45.1161945,0 -71.2411286,45.11626480000001,0 -71.24099080000001,45.11633760000001,0 -71.24062720000001,45.11656110000001,0 -71.24056950000001,45.11659650000001,0 -71.2403192,45.1167951,0 -71.2397777,45.1172516,0 -71.23906789999999,45.1178416,0 -71.23828,45.118529,0 -71.23778799999999,45.1189582,0 -71.23759219999999,45.119142,0 -71.237348,45.11937120000001,0 -71.2371381,45.1196332,0 -71.2367878,45.12013269999999,0 -71.2362285,45.1210365,0 -71.23566409999999,45.1219358,0 -71.2354545,45.12222430000001,0 -71.23487299999999,45.12288919999989,0 -71.233805,45.123929,0 -71.23338390000001,45.1243637000001,0 -71.2326072,45.1251699,0 -71.2323205,45.12541840000001,0 -71.232111,45.12560000000001,0 -71.23171499999999,45.12595699999999,0 -71.231354,45.126227,0 -71.231115,45.126394,0 -71.230743,45.126614,0 -71.23003199999999,45.126946,0 -71.229511,45.127152,0 -71.22830399999999,45.127599,0 -71.227495,45.127909,0 -71.226223,45.128396,0 -71.225275,45.128769,0 -71.224408,45.12912800000001,0 -71.22357839999999,45.1294869,0 -71.2232247,45.129665,0 -71.22275759999999,45.129901,0 -71.2211612,45.130673,0 -71.22007019999999,45.1311967,0 -71.2189726,45.1317354,0 -71.2171725,45.1326337,0 -71.21617500000001,45.133093,0 -71.21499300000001,45.133605,0 -71.21445199999999,45.133801,0 -71.213813,45.133989,0 -71.213382,45.13410199999999,0 -71.2126863,45.1342904,0 -71.2123138,45.134374,0 -71.2119222,45.13445039999999,0 -71.2112133,45.1345646,0 -71.21079330000001,45.13460920000001,0 -71.21048829999999,45.1346246,0 -71.2103923,45.13462730000001,0 -71.210159,45.13462200000001,0 -71.209095,45.134595,0 -71.208641,45.13461,0 -71.208302,45.134635,0 -71.20752899999999,45.134732,0 -71.20658299999999,45.134849,0 -71.20653900000001,45.134856,0 -71.205803,45.13496499999999,0 -71.205338,45.13505600000001,0 -71.20515899999999,45.135114,0 -71.20416400000001,45.135515,0 -71.200664,45.137062,0 -71.1990239,45.13779470000001,0 -71.1931929,45.1400443,0 -71.1926021,45.140251,0 -71.19192719999999,45.1404295,0 -71.1909177,45.1406433,0 -71.18809400000001,45.141191,0 -71.18679400000001,45.14147000000009,0 -71.18563,45.141719,0 -71.184952,45.141849,0 -71.184695,45.141876,0 -71.184257,45.141892,0 -71.183817,45.1418789999999,0 -71.18341100000001,45.141851,0 -71.1828331,45.14186010000001,0 -71.182598,45.1418831,0 -71.1823732,45.14191950000001,0 -71.18201190000001,45.1420037,0 -71.18150129999999,45.1421679,0 -71.1812149,45.1422888000001,0 -71.18095270000001,45.1424414,0 -71.1808118,45.14256100000001,0 -71.1806583,45.1427446,0 -71.1805378,45.14294480000001,0 -71.180468,45.14310999999999,0 -71.18044999999999,45.143342,0 -71.180469,45.143549,0 -71.18050100000001,45.143669,0 -71.180622,45.14392,0 -71.18097,45.14444300000001,0 -71.18140200000001,45.145064,0 -71.18198099999999,45.14588,0 -71.1824711,45.1464367,0 -71.18280470000001,45.14679459999999,0 -71.1830851,45.14705590000001,0 -71.1839796,45.1478151000001,0 -71.184684,45.148436,0 -71.185784,45.149394,0 -71.18590500000001,45.14952000000001,0 -71.1864692,45.1500813,0 -71.18689689999999,45.15056119999999,0 -71.1873351,45.15110019999999,0 -71.1875118,45.15142,0 -71.18755299999999,45.1515754,0 -71.18755400000001,45.151711,0 -71.187538,45.1519110000001,0 -71.187477,45.15213500000001,0 -71.187213,45.15258000000001,0 -71.1871811,45.1526174,0 -71.187014,45.15281299999999,0 -71.186333,45.153567,0 -71.186009,45.15394499999999,0 -71.18567899999999,45.15439300000001,0 -71.18503200000001,45.155428,0 -71.184707,45.155906,0 -71.184388,45.1564219999999,0 -71.18409200000001,45.156965,0 -71.183954,45.1573800000001,0 -71.18390599999999,45.15762900000001,0 -71.183894,45.1578169999999,0 -71.183903,45.15806300000001,0 -71.183943,45.158392,0 -71.184034,45.158753,0 -71.184297,45.159694,0 -71.184451,45.160196,0 -71.184603,45.1607409999999,0 -71.18472199999999,45.16112100000001,0 -71.18478,45.161423,0 -71.184955,45.162088,0 -71.18536899999999,45.163536,0 -71.18558,45.164219,0 -71.18571300000001,45.16455,0 -71.185845,45.164776,0 -71.186125,45.165158,0 -71.186696,45.165899,0 -71.18705799999999,45.1663679999999,0 -71.1883818,45.1680265000001,0 -71.18853729999999,45.16829010000001,0 -71.18863,45.16856109999999,0 -71.1886748,45.1687876,0 -71.1886782,45.1690066,0 -71.1886149,45.1693318,0 -71.1885453,45.1695482,0 -71.18843870000001,45.1697194,0 -71.18815480000001,45.1701498,0 -71.18786059999999,45.17064019999999,0 -71.18777230000001,45.1709042,0 -71.1877046,45.1711703000001,0 -71.18769930000001,45.1714119,0 -71.18770689999999,45.171739,0 -71.1877626,45.17213670000001,0 -71.18790629999999,45.1729782,0 -71.18791830000001,45.1733027,0 -71.18790129999999,45.173545,0 -71.1878596,45.1737031,0 -71.18777590000001,45.1739402,0 -71.1876925,45.1741335,0 -71.18750199999999,45.174446,0 -71.18731699999999,45.174655,0 -71.187172,45.17478199999999,0 -71.186987,45.174944,0 -71.18625900000001,45.17546900000001,0 -71.185675,45.17588900000001,0 -71.18532500000001,45.1761549999999,0 -71.18395599999999,45.17711099999999,0 -71.1836529,45.1773651,0 -71.183294,45.17766400000001,0 -71.183074,45.177894,0 -71.182799,45.178221,0 -71.182547,45.178572,0 -71.18236899999999,45.17893600000001,0 -71.182232,45.17927,0 -71.182134,45.179544,0 -71.182081,45.1798739999999,0 -71.182036,45.180325,0 -71.182053,45.180666,0 -71.18210999999999,45.181115,0 -71.18219000000001,45.181504,0 -71.182608,45.183305,0 -71.1827524,45.18377310000001,0 -71.18284629999999,45.183989,0 -71.1829833,45.1842501,0 -71.18317209999999,45.1845208,0 -71.1834126,45.1848018,0 -71.18382510000001,45.1851918,0 -71.1841355,45.1853844,0 -71.1844985,45.18561070000001,0 -71.1847966,45.18576939999999,0 -71.185424,45.1859981,0 -71.1859382,45.1861599,0 -71.1871737,45.1865485,0 -71.1876003,45.1866831,0 -71.18801120000001,45.1868383,0 -71.1884256,45.1870219,0 -71.18880110000001,45.187265,0 -71.1891328,45.18752570000009,0 -71.1894664,45.1878937,0 -71.18966450000001,45.1882125,0 -71.1898747,45.1887677,0 -71.19009320000001,45.1895224000001,0 -71.1901776,45.189822,0 -71.190293,45.1902252,0 -71.1904882,45.19094179999999,0 -71.1905735,45.1912356,0 -71.19092980000001,45.1924328,0 -71.19129169999999,45.1936999,0 -71.19162420000001,45.1948448000001,0 -71.1918786,45.19567959999989,0 -71.1921341,45.196575,0 -71.1923381,45.19725220000001,0 -71.1927075,45.19848249999999,0 -71.1929197,45.1990248,0 -71.1931182,45.1995128,0 -71.1933391,45.1999512,0 -71.19359710000001,45.2004759,0 -71.1939694,45.20107639999999,0 -71.1943552,45.2016581,0 -71.1952381,45.2027966,0 -71.1964662,45.2041355,0 -71.1977679,45.2054068,0 -71.19974310000001,45.2074384,0 -71.2001879,45.20788879999999,0 -71.2004409,45.2082219,0 -71.20058969999999,45.20849939999999,0 -71.2007019,45.20872450000001,0 -71.2007813,45.20898520000011,0 -71.2008448,45.2094149,0 -71.2008685,45.2104955,0 -71.2008999,45.2138629,0 -71.20090690000001,45.2157786,0 -71.2009374,45.2190165,0 -71.2009043,45.2194355000001,0 -71.2008517,45.21974989999999,0 -71.2007347,45.2201910000001,0 -71.20056870000001,45.220636,0 -71.2002356,45.22123930000001,0 -71.1990541,45.22331619999999,0 -71.1983412,45.224548,0 -71.19786999999999,45.2253930999999,0 -71.1969247,45.2268864,0 -71.1965387,45.2274294000001,0 -71.19576000000001,45.2284796,0 -71.19493129999999,45.2295443,0 -71.1944811,45.2301843,0 -71.1941815,45.2306381,0 -71.19385269999999,45.2313414,0 -71.19360709999999,45.2321169,0 -71.1935017,45.23267620000001,0 -71.1934655,45.2330666000001,0 -71.1934614,45.2335533,0 -71.1935146,45.23414549999999,0 -71.1935921,45.2345261,0 -71.1936863,45.2348597,0 -71.1937866,45.23515089999999,0 -71.19405449999999,45.23575639999999,0 -71.1951249,45.23802899999991,0 -71.19586870000001,45.2394477,0 -71.1962071,45.2400678,0 -71.1963612,45.2404627000001,0 -71.1965172,45.2408041,0 -71.1966812,45.2412402,0 -71.1968055,45.2416758000001,0 -71.1968899,45.24208899999999,0 -71.1969641,45.2427199,0 -71.1970036,45.24332029999999,0 -71.1969809,45.2438027,0 -71.1967976,45.2468555,0 -71.1967992,45.2471779,0 -71.1968459,45.2475543999999,0 -71.1969613,45.2479408,0 -71.19707820000001,45.24821240000001,0 -71.1972545,45.2484826000001,0 -71.1975178,45.2488272,0 -71.1977734,45.2491119,0 -71.1979637,45.2492791,0 -71.1981507,45.2494183,0 -71.198562,45.249702,0 -71.1989548,45.2499698,0 -71.19968950000001,45.2504245,0 -71.2009516,45.251248,0 -71.20171689999999,45.2517304,0 -71.20206589999999,45.2519174,0 -71.20235150000001,45.2520291,0 -71.202607,45.2521118,0 -71.20293479999999,45.2521961,0 -71.2037928,45.2523899,0 -71.20385159999999,45.2524032,0 -71.2045341,45.252642,0 -71.2046323,45.252679,0 -71.20478559999999,45.25273669999999,0 -71.2049141,45.2527524,0 
				</coordinates>
			</LineString>
		<atom:link rel="app" href="https://www.google.com/earth/about/versions/#earth-pro" title="Google Earth Pro 7.3.6.10201"></atom:link>
	</Placemark>
</Document>
</kml>
