<?xml version="1.0" encoding="UTF-8"?>
<kml xmlns="http://www.opengis.net/kml/2.2" xmlns:gx="http://www.google.com/kml/ext/2.2" xmlns:kml="http://www.opengis.net/kml/2.2" xmlns:atom="http://www.w3.org/2005/Atom">
<Document>
	<name>US.42.kml</name>
	<Placemark>
		<name>US.42</name>
			<LineString>
				<coordinates>
					-85.7322911,38.253986,0 -85.7322635,38.2540476,0 -85.73221909999999,38.2541098,0 -85.7321367,38.2541731,0 -85.73210520000001,38.2541917,0 -85.73167340000001,38.2543753,0 -85.73154700000001,38.254429,0 -85.73116539999999,38.2545996,0 -85.7304539,38.2549085,0 -85.73033700000001,38.254958,0 -85.7300017,38.2551049,0 -85.7299148,38.2551443,0 -85.72977899999999,38.255206,0 -85.7291852,38.2554646,0 -85.72914299999999,38.255483,0 -85.7285189,38.2557545,0 -85.72849290000001,38.2557658,0 -85.72838710000001,38.2558118,0 -85.7280818,38.2559446,0 -85.727943,38.256005,0 -85.7278745,38.2560344,0 -85.7277758,38.2560768,0 -85.727237,38.256308,0 -85.727209,38.25632,0 -85.7265487,38.2566105,0 -85.726468,38.256646,0 -85.7263944,38.2566779,0 -85.72565419999999,38.2569989,0 -85.7256289,38.2570101,0 -85.72502799999999,38.2572755,0 -85.72495410000001,38.2573183,0 -85.72487959999999,38.2573576,0 -85.7248161,38.2573853,0 -85.7246552,38.2574545,0 -85.7245812,38.2574864,0 -85.72427759999999,38.2576171,0 -85.72399420000001,38.2577391000001,0 -85.72375289999999,38.257843,0 -85.72349269999999,38.257953,0 -85.72271550000001,38.2582921,0 -85.72260369999999,38.2583422,0 -85.72236669999999,38.2584447,0 -85.72221639999999,38.2585085,0 -85.72216160000001,38.2585336,0 -85.72188010000001,38.2586554,0 -85.72161730000001,38.2587684,0 -85.7215636,38.2587851,0 -85.72146499999999,38.258843,0 -85.72133700000001,38.2589132,0 -85.7213182,38.2589233,0 -85.720978,38.259208,0 -85.720815,38.259354,0 -85.719736,38.2603092,0 -85.7196316,38.260369,0 -85.7195538,38.2604164,0 -85.719464,38.2604522,0 -85.7193406,38.2604701,0 -85.7190032,38.2604449,0 -85.7184735,38.2603725,0 -85.7182462,38.2603394,0 -85.7181004,38.2603056,0 -85.7172947,38.2602004,0 -85.7172199,38.2601871000001,0 -85.7169706,38.2601412,0 -85.71686800000001,38.260127,0 -85.7167346,38.2601086,0 -85.7162532,38.2600422,0 -85.71610699999999,38.260022,0 -85.7157969,38.2599782,0 -85.7155173,38.2599388,0 -85.7153268,38.2599119,0 -85.714867,38.259847,0 -85.7138775,38.2597113,0 -85.71350099999999,38.259659,0 -85.712734,38.259551,0 -85.712541,38.259527,0 -85.71225,38.259492,0 -85.7119727,38.2594868,0 -85.7113471,38.2594811,0 -85.71109010000001,38.2594886,0 -85.71087199999999,38.259495,0 -85.710661,38.259504,0 -85.710466,38.259508,0 -85.71040929999999,38.259511,0 -85.710323,38.2595163,0 -85.71005599999999,38.25953,0 -85.7098405,38.2595441,0 -85.7095966,38.2595601,0 -85.70952200000001,38.259565,0 -85.70920700000001,38.259594,0 -85.70907699999999,38.25961,0 -85.708516,38.25968,0 -85.708337,38.259697,0 -85.708197,38.25971,0 -85.708034,38.259716,0 -85.70780000000001,38.259709,0 -85.707582,38.259686,0 -85.7073156,38.2596428,0 -85.7072,38.259624,0 -85.706935,38.2595542,0 -85.706919,38.25955,0 -85.7066719,38.2594734,0 -85.7064879,38.2594164,0 -85.706193,38.259325,0 -85.70600589999999,38.2592641,0 -85.705797,38.259196,0 -85.7056784,38.2591556,0 -85.705472,38.2590853,0 -85.7052094,38.2589959,0 -85.70499770000001,38.2589238,0 -85.7048921,38.2588878,0 -85.70476379999999,38.2588505,0 -85.70464800000001,38.2588155,0 -85.7045505,38.2587907,0 -85.7041567,38.2586881,0 -85.704003,38.258648,0 -85.703709,38.258585,0 -85.703571,38.258559,0 -85.70327,38.258505,0 -85.70308230000001,38.258477,0 -85.70305930000001,38.2584736,0 -85.7030408,38.2584713,0 -85.7028208,38.2584424,0 -85.7025754,38.2584103,0 -85.7023657,38.2583829,0 -85.702252,38.2583679999999,0 -85.70194189999999,38.2583359,0 -85.7017618,38.2583173,0 -85.70165299999999,38.258306,0 -85.7016174,38.2583027,0 -85.70153620000001,38.2582951,0 -85.701503,38.258292,0 -85.701339,38.258286,0 -85.7013188,38.2582868,0 -85.7012502,38.2582897,0 -85.70114030000001,38.2582942,0 -85.701048,38.258298,0 -85.70044,38.258389,0 -85.70023500000001,38.258425,0 -85.7000948,38.2584487,0 -85.700059,38.258454,0 -85.6995445,38.2585298,0 -85.6992631,38.2585713,0 -85.69850409999999,38.2586831,0 -85.69837130000001,38.2587023,0 -85.6979111,38.2587705,0 -85.697823,38.258781,0 -85.697597,38.258821,0 -85.6973905,38.2588537,0 -85.6967368,38.258957,0 -85.69650300000001,38.258994,0 -85.6963447,38.2590184,0 -85.69623,38.259036,0 -85.6960493,38.2590652,0 -85.69563599999999,38.259132,0 -85.69501,38.259224,0 -85.69465529999999,38.2592732,0 -85.6940635,38.2593552,0 -85.693842,38.2593859,0 -85.69304390000001,38.2594966,0 -85.692868,38.259521,0 -85.69260800000001,38.259565,0 -85.6925116,38.2595786,0 -85.6923463,38.2596018,0 -85.69216900000001,38.259628,0 -85.6912999,38.2597489,0 -85.6912458,38.2597557,0 -85.6908352,38.2598112,0 -85.6907197,38.2598204,0 -85.69027699999999,38.25987,0 -85.6893505,38.2599525,0 -85.689266,38.25996,0 -85.68896700000001,38.2599820000001,0 -85.6882458,38.2600266000001,0 -85.68812699999999,38.260034,0 -85.688052,38.260039,0 -85.68766119999999,38.2600948,0 -85.687506,38.260117,0 -85.68732300000001,38.2601481,0 -85.687241,38.260162,0 -85.6871831,38.2601741000001,0 -85.687049,38.260202,0 -85.6868432,38.2602577,0 -85.686761,38.26028,0 -85.686674,38.260303,0 -85.68633699999999,38.2604039999999,0 -85.6859525,38.260533,0 -85.6858897,38.2605541,0 -85.68575749999999,38.2605984,0 -85.685278,38.2607593,0 -85.6852404,38.2607719,0 -85.684781,38.260926,0 -85.68434259999999,38.2610675,0 -85.6842795,38.2610879,0 -85.684242,38.2611,0 -85.6841879,38.2611178,0 -85.683747,38.261263,0 -85.6835566,38.2613241,0 -85.6831614,38.261451,0 -85.68271300000001,38.261595,0 -85.6817815,38.2618931,0 -85.68135700000001,38.262029,0 -85.68130909999999,38.2620452,0 -85.68052280000001,38.2622988,0 -85.679986,38.262472,0 -85.67977519999999,38.2625379,0 -85.67966300000001,38.262573,0 -85.6794653,38.2626356,0 -85.6790323,38.2627727,0 -85.678684,38.2628830000001,0 -85.67841900000001,38.262961,0 -85.677981,38.26308,0 -85.677667,38.263146,0 -85.6775671,38.2631648,0 -85.677002,38.263262,0 -85.676542,38.263319,0 -85.67603389999999,38.2633726,0 -85.6756745,38.2633953,0 -85.675315,38.263418,0 -85.675117,38.263438,0 -85.67483199999999,38.263482,0 -85.67451,38.263543,0 -85.67334200000001,38.263848,0 -85.6732536,38.2638714,0 -85.6730836,38.2639164,0 -85.6723111,38.2641206,0 -85.6721216,38.2641707,0 -85.672045,38.264191,0 -85.671627,38.264299,0 -85.671476,38.264344,0 -85.6713439,38.264378,0 -85.671235,38.264406,0 -85.6708213,38.2645184,0 -85.67072109999999,38.2645455,0 -85.6700507,38.2647207,0 -85.66992500000001,38.264764,0 -85.6697932,38.2647968,0 -85.66974879999999,38.2648078,0 -85.669439,38.264884,0 -85.6693322,38.2649128,0 -85.6692666,38.2649305,0 -85.66903019999999,38.2649942,0 -85.66887180000001,38.2650321,0 -85.6688044,38.2650482,0 -85.668611,38.2651,0 -85.66850580000001,38.2651282,0 -85.66827499999999,38.26519,0 -85.66811300000001,38.265234,0 -85.66777279999999,38.2653338,0 -85.667112,38.265505,0 -85.66680270000001,38.2655832000001,0 -85.6664706,38.2656671,0 -85.6660306,38.2657733,0 -85.66586529999999,38.2658132,0 -85.66575779999999,38.2658423,0 -85.6649781,38.2660531,0 -85.6625559,38.2667081,0 -85.662375,38.2667567,0 -85.66218809999999,38.2668069,0 -85.66176299999999,38.266921,0 -85.661439,38.267015,0 -85.6609134,38.2671739,0 -85.660763,38.267219,0 -85.66065999999999,38.267253,0 -85.6605,38.267293,0 -85.66024400000001,38.2673766,0 -85.6598111,38.2675244,0 -85.659651,38.267579,0 -85.6594475,38.2676491,0 -85.659149,38.267752,0 -85.658241,38.268078,0 -85.65780100000001,38.268246,0 -85.656644,38.268712,0 -85.656413,38.2688169999999,0 -85.6561952,38.2689141,0 -85.65563299999999,38.269154,0 -85.654946,38.269471,0 -85.654582,38.269655,0 -85.65429450000001,38.2698104,0 -85.65358259999999,38.2701605,0 -85.65348,38.270211,0 -85.6532863,38.2703053,0 -85.65319100000001,38.270352,0 -85.652823,38.270519,0 -85.652582,38.2706401,0 -85.6524052,38.2707289,0 -85.651737,38.271073,0 -85.651343,38.271276,0 -85.649642,38.272102,0 -85.64920189999999,38.2723204,0 -85.649114,38.272364,0 -85.6485417,38.2726552,0 -85.6479719,38.2729327,0 -85.64772499999999,38.273053,0 -85.647479,38.273184,0 -85.647426,38.2732094,0 -85.6473568,38.2732456,0 -85.6472943,38.2732783,0 -85.64681400000001,38.273517,0 -85.6464821,38.2736862,0 -85.646049,38.273907,0 -85.645639,38.274123,0 -85.6455634,38.2741604,0 -85.645459,38.274212,0 -85.6453477,38.2742715,0 -85.64534500000001,38.2742729,0 -85.645076,38.274417,0 -85.6448499,38.2745379,0 -85.644068,38.274956,0 -85.6438587,38.2750711,0 -85.6436495,38.2751862,0 -85.643376,38.275323,0 -85.64302960000001,38.275512,0 -85.641402,38.2764,0 -85.64112,38.276563,0 -85.6410806,38.2765828,0 -85.641029,38.276611,0 -85.6409972,38.2766277,0 -85.640911,38.276673,0 -85.640185,38.277093,0 -85.6399553,38.2772326,0 -85.639318,38.27762,0 -85.6392006,38.277694,0 -85.6388377,38.2779228,0 -85.63850909999999,38.27813,0 -85.638195,38.278339,0 -85.63814499999999,38.2783762,0 -85.638109,38.278403,0 -85.638047,38.278463,0 -85.6379386,38.2786415999999,0 -85.6376233,38.2788869,0 -85.6371913,38.2792582,0 -85.6368526,38.2795469,0 -85.6366239,38.2797307,0 -85.63616210000001,38.2801271,0 -85.6361271,38.2801571,0 -85.6358196,38.2804216,0 -85.63548520000001,38.2807546,0 -85.6353155,38.2809014999999,0 -85.6351147,38.2810969,0 -85.6350195,38.2811851,0 -85.63492979999999,38.2812733,0 -85.6347571,38.2813359,0 -85.6345736,38.281484,0 -85.6343451,38.2817181,0 -85.634254,38.2818397,0 -85.6341654,38.2819319,0 -85.6340403,38.2820621,0 -85.63395970000001,38.282146,0 -85.633854,38.282256,0 -85.6336239,38.2825029,0 -85.6335031,38.2826326,0 -85.633471,38.282667,0 -85.63307949999999,38.2831365,0 -85.63302899999999,38.283197,0 -85.632912,38.283341,0 -85.632823,38.2834565,0 -85.63262589999999,38.2837122,0 -85.63249500000001,38.283882,0 -85.632249,38.284209,0 -85.63204450000001,38.2845085,0 -85.631969,38.284619,0 -85.6318498,38.2847845,0 -85.631799,38.284855,0 -85.6314,38.2854966,0 -85.6313442,38.2855838,0 -85.631253,38.285733,0 -85.63085700000001,38.286419,0 -85.630629,38.2868388,0 -85.6304323,38.2872146,0 -85.630387,38.287301,0 -85.63027599999999,38.2875397,0 -85.6301689,38.287785,0 -85.6301225,38.2878879,0 -85.6298407,38.2885134,0 -85.62976190000001,38.288695,0 -85.629724,38.288785,0 -85.62961799999999,38.289083,0 -85.62952369999999,38.2893256,0 -85.629459,38.2894918,0 -85.6294134,38.2896091,0 -85.6293209,38.2898915,0 -85.62929099999999,38.2899827,0 -85.6292819,38.2900106,0 -85.62895469999999,38.2911272,0 -85.628438,38.29289,0 -85.62843100000001,38.292925,0 -85.6282614,38.2935711,0 -85.628225,38.293715,0 -85.62813199999999,38.2940933,0 -85.628033,38.294496,0 -85.627838,38.295446,0 -85.627776,38.295742,0 -85.62764199999999,38.296624,0 -85.62750800000001,38.297697,0 -85.62749580000001,38.2978502,0 -85.627442,38.298524,0 -85.62742900000001,38.29876,0 -85.627405,38.299218,0 -85.62739500000001,38.299856,0 -85.627393,38.300345,0 -85.62741200000001,38.3012,0 -85.62744499999999,38.301827,0 -85.627465,38.302097,0 -85.627515,38.302639,0 -85.6275425,38.3028852,0 -85.627585,38.303266,0 -85.627588,38.303289,0 -85.6276178,38.3035606,0 -85.627636,38.303674,0 -85.62768,38.303902,0 -85.627779,38.304591,0 -85.627804,38.304809,0 -85.627821,38.305024,0 -85.62783,38.305257,0 -85.627833,38.30551,0 -85.627825,38.305818,0 -85.62780100000001,38.306139,0 -85.627763,38.306442,0 -85.62772200000001,38.30672,0 -85.62768,38.3069279,0 -85.627667,38.306992,0 -85.627591,38.307317,0 -85.62741,38.307883,0 -85.627247,38.3083443,0 -85.627222,38.308415,0 -85.6271912,38.3085002,0 -85.626937,38.309204,0 -85.62658399999999,38.310211,0 -85.6262828,38.3110561000001,0 -85.6262206,38.3112306,0 -85.625736,38.31259,0 -85.624602,38.315769,0 -85.62444910000001,38.3162051,0 -85.624397,38.316349,0 -85.623375,38.319222,0 -85.623239,38.319578,0 -85.62315,38.319834,0 -85.62309,38.3200083,0 -85.62305600000001,38.320107,0 -85.6228335,38.3207463,0 -85.62263419999999,38.3213189,0 -85.622557,38.32153,0 -85.6220095,38.3232416000001,0 -85.6219497,38.3234415,0 -85.6217949,38.3239385,0 -85.62170879999999,38.3242417,0 -85.62165330000001,38.3244866,0 -85.6215838,38.3248833,0 -85.62155540000001,38.3251808,0 -85.6215414,38.3254308,0 -85.6215358,38.3257504,0 -85.62150699999999,38.326016,0 -85.62152,38.326242,0 -85.62154,38.32645,0 -85.621595,38.326861,0 -85.62169299999999,38.327355,0 -85.621736,38.327463,0 -85.62181200000001,38.3276480000001,0 -85.62187110000001,38.3278042,0 -85.621966,38.328055,0 -85.622111,38.328377,0 -85.62243599999999,38.329077,0 -85.622625,38.32953,0 -85.622696,38.329719,0 -85.62274499999999,38.329878,0 -85.62279599999999,38.330088,0 -85.622879,38.330536,0 -85.62291070000001,38.3308502,0 -85.62291399999999,38.330941,0 -85.6229156,38.3309851,0 -85.6229189,38.3310762,0 -85.622925,38.331246,0 -85.622916,38.331501,0 -85.622878,38.3318229999999,0 -85.622848,38.332032,0 -85.6226171,38.3329513,0 -85.622567,38.333151,0 -85.62250210000001,38.3333863,0 -85.62244200000001,38.3336291,0 -85.622407,38.333762,0 -85.622343,38.334032,0 -85.6223287,38.3340883,0 -85.622259,38.334363,0 -85.622096,38.3349620000001,0 -85.622058,38.335084,0 -85.621854,38.335669,0 -85.621818,38.335775,0 -85.62178710000001,38.3358441,0 -85.6217084,38.3360197,0 -85.621607,38.3362459999999,0 -85.6215509,38.3363917,0 -85.6214657,38.3365501,0 -85.6214305,38.3366067,0 -85.621346,38.336785,0 -85.62127099999999,38.3369166,0 -85.621211,38.337022,0 -85.62106900000001,38.337256,0 -85.6210323,38.3373161,0 -85.620909,38.337518,0 -85.6203459,38.3383316,0 -85.620227,38.3385005,0 -85.6198127,38.3390473,0 -85.61961290000001,38.3393109,0 -85.61957870000001,38.3393561,0 -85.61945900000001,38.339514,0 -85.6192477,38.3397939,0 -85.6191547,38.3399202,0 -85.6190783,38.340024,0 -85.61889909999999,38.3402675,0 -85.618724,38.340508,0 -85.61854339999999,38.3407704,0 -85.6183949,38.340986,0 -85.6183839,38.3410055,0 -85.61814579999999,38.3413556,0 -85.61793299999999,38.341685,0 -85.6176615,38.3421242,0 -85.61757350000001,38.3422622,0 -85.6175042,38.3423706,0 -85.61747560000001,38.3424223,0 -85.6174407,38.3424852,0 -85.6173529,38.3426462,0 -85.61732910000001,38.3426898,0 -85.61673399999999,38.343786,0 -85.6166602,38.3439309,0 -85.61660000000001,38.344049,0 -85.6165834,38.3440776,0 -85.6164,38.3443940000001,0 -85.6162975,38.3446018000001,0 -85.616291,38.344615,0 -85.616032,38.345164,0 -85.61591300000001,38.345452,0 -85.615869,38.345553,0 -85.61579999999999,38.345691,0 -85.6156313,38.3460865,0 -85.6150002,38.3475664,0 -85.61458500000001,38.3485399999999,0 -85.613798,38.350392,0 -85.613721,38.350565,0 -85.6136066,38.3508315,0 -85.61353,38.35102,0 -85.61314299999999,38.3519291,0 -85.612981,38.352304,0 -85.61283899999999,38.3526469,0 -85.6121,38.354382,0 -85.61206799999999,38.354445,0 -85.612011,38.354576,0 -85.611941,38.354756,0 -85.61180640000001,38.3550731,0 -85.611287,38.356297,0 -85.611253,38.356393,0 -85.61117400000001,38.356565,0 -85.61091999999999,38.357148,0 -85.6107871,38.3574403,0 -85.610709,38.357612,0 -85.61054,38.357945,0 -85.610373,38.358261,0 -85.610088,38.3587549999999,0 -85.610049,38.3588164,0 -85.60985220000001,38.3591261,0 -85.609762,38.359268,0 -85.609585,38.359531,0 -85.609358,38.359847,0 -85.608971,38.360356,0 -85.6075522,38.3620584,0 -85.60721700000001,38.36246,0 -85.60706500000001,38.362632,0 -85.606866,38.362829,0 -85.6067243,38.3629587,0 -85.60665299999999,38.363024,0 -85.60650800000001,38.363147,0 -85.606357,38.363266,0 -85.60619699999999,38.363386,0 -85.606031,38.363499,0 -85.605861,38.363606,0 -85.60568600000001,38.363709,0 -85.6055365,38.3637909,0 -85.605507,38.363807,0 -85.605321,38.363902,0 -85.60508539999999,38.3640088,0 -85.604935,38.364072,0 -85.604738,38.364149,0 -85.604348,38.364293,0 -85.6037723,38.3644926,0 -85.603685,38.3645232,0 -85.6030215,38.3647554,0 -85.602817,38.364829,0 -85.60263399999999,38.364899,0 -85.602457,38.364974,0 -85.6023757,38.3650121,0 -85.60210600000001,38.365142,0 -85.6015392,38.365428,0 -85.6010498,38.3656799,0 -85.601018,38.365696,0 -85.60034400000001,38.366032,0 -85.59851310000001,38.3669616,0 -85.598133,38.367157,0 -85.597959,38.367243,0 -85.597863,38.367295,0 -85.597638,38.367411,0 -85.59746,38.367496,0 -85.59718700000001,38.367639,0 -85.5966353,38.3679206,0 -85.595985,38.368249,0 -85.5958421,38.3683235,0 -85.59564399999999,38.368421,0 -85.59514900000001,38.368675,0 -85.594624,38.368939,0 -85.593926,38.369301,0 -85.59339300000001,38.369572,0 -85.59271200000001,38.36991,0 -85.592628,38.369951,0 -85.592574,38.369978,0 -85.590982,38.370753,0 -85.590807,38.370845,0 -85.59063999999999,38.370945,0 -85.59048300000001,38.371052,0 -85.59033599999999,38.371166,0 -85.590198,38.37129,0 -85.590069,38.371422,0 -85.58995,38.37156,0 -85.58984,38.371705,0 -85.589743,38.371856,0 -85.589657,38.372015,0 -85.589585,38.372174,0 -85.58952600000001,38.37234,0 -85.58942999999999,38.37268,0 -85.589347,38.373012,0 -85.58917599999999,38.373716,0 -85.58902,38.374379,0 -85.58886099999999,38.375012,0 -85.588812,38.37517,0 -85.588697,38.375488,0 -85.588566,38.375801,0 -85.58839999999999,38.376165,0 -85.5883726,38.376226,0 -85.588351,38.376274,0 -85.587762,38.377552,0 -85.587678,38.3777443,0 -85.587628,38.377872,0 -85.587571,38.378034,0 -85.587518,38.378199,0 -85.587399,38.378596,0 -85.58702,38.379889,0 -85.586949,38.380119,0 -85.586889,38.380293,0 -85.586822,38.380462,0 -85.58674499999999,38.380626,0 -85.586656,38.380784,0 -85.586557,38.380938,0 -85.586449,38.381087,0 -85.586217,38.381378,0 -85.58571499999999,38.381984,0 -85.585607,38.382115,0 -85.5854317,38.3823285,0 -85.584289,38.3836989999999,0 -85.584171,38.38385,0 -85.584059,38.384005,0 -85.58395299999999,38.384165,0 -85.58389819999999,38.384255,0 -85.583758,38.384498,0 -85.58367,38.38467,0 -85.58359,38.384845,0 -85.583519,38.385024,0 -85.583455,38.3852010000001,0 -85.583398,38.385382,0 -85.58335099999999,38.385566,0 -85.58331099999999,38.385747,0 -85.5833013,38.3858057,0 -85.583231,38.386282,0 -85.5831609,38.3868477,0 -85.583097,38.387397,0 -85.5829466,38.3885803,0 -85.58287199999999,38.389247,0 -85.582768,38.390083,0 -85.582741,38.390249,0 -85.582706,38.390411,0 -85.582656,38.39057,0 -85.582593,38.390726,0 -85.582521,38.390882,0 -85.58236100000001,38.391197,0 -85.581968,38.3919462,0 -85.581598,38.392648,0 -85.58151100000001,38.392802,0 -85.58143,38.392954,0 -85.581203,38.393391,0 -85.581132,38.393532,0 -85.580996,38.393812,0 -85.580932,38.393951,0 -85.58087,38.394095,0 -85.58081300000001,38.394243,0 -85.580761,38.394395,0 -85.580714,38.394551,0 -85.580673,38.39471,0 -85.58063900000001,38.3948730000001,0 -85.580611,38.39504,0 -85.58059,38.39521,0 -85.580574,38.395383,0 -85.580563,38.395557,0 -85.58055299999999,38.395734,0 -85.580544,38.395912,0 -85.580539,38.396087,0 -85.58053200000001,38.396259,0 -85.58052739999999,38.3963151,0 -85.580518,38.396429,0 -85.58049,38.396602,0 -85.580444,38.396773,0 -85.580392,38.396923,0 -85.58031099999999,38.39709,0 -85.580223,38.39725,0 -85.580129,38.397405,0 -85.580027,38.397564,0 -85.579972,38.397647,0 -85.579921,38.397724,0 -85.57983900000001,38.397844,0 -85.579813,38.397883,0 -85.57970299999999,38.398039,0 -85.579588,38.398192,0 -85.579472,38.398339,0 -85.579446,38.398369,0 -85.579234,38.398621,0 -85.57899399999999,38.3989,0 -85.578878,38.399046,0 -85.578767,38.399162,0 -85.578627,38.39932,0 -85.5784665,38.3995058,0 -85.578391,38.399593,0 -85.578013,38.400022,0 -85.57785,38.400209,0 -85.5778152,38.4002501,0 -85.577778,38.400294,0 -85.57767819999999,38.4004029,0 -85.577657,38.400426,0 -85.57754,38.40056,0 -85.577302,38.400827,0 -85.57718,38.400961,0 -85.577055,38.401095,0 -85.576919,38.401227,0 -85.576786,38.4013392,0 -85.57677200000001,38.401351,0 -85.576607,38.401472,0 -85.57643899999999,38.401585,0 -85.576262,38.401688,0 -85.576078,38.401791,0 -85.57589400000001,38.401888,0 -85.5757083,38.4019868,0 -85.57552200000001,38.402086,0 -85.5754716,38.4021133,0 -85.57516,38.402282,0 -85.574977,38.402379,0 -85.5749062,38.4024156,0 -85.5745613,38.402594,0 -85.574428,38.402663,0 -85.573859,38.402966,0 -85.573137,38.403346,0 -85.5728388,38.4035006,0 -85.572759,38.403542,0 -85.57256599999999,38.403645,0 -85.572394,38.403735,0 -85.5720602,38.4039113,0 -85.571985,38.403951,0 -85.57193599999999,38.403976,0 -85.571851,38.404021,0 -85.571792,38.404051,0 -85.571212,38.404353,0 -85.570824,38.404559,0 -85.57024,38.404865,0 -85.569847,38.405069,0 -85.569647,38.405178,0 -85.5695597,38.4052238,0 -85.56925099999999,38.405386,0 -85.56905,38.405493,0 -85.56823900000001,38.405919,0 -85.567835,38.406133,0 -85.567635,38.406237,0 -85.567244,38.406443,0 -85.56705100000001,38.406543,0 -85.56693989999999,38.4066017,0 -85.5668349,38.4066572,0 -85.56648300000001,38.406843,0 -85.56618400000001,38.406999,0 -85.56610499999999,38.4070400000001,0 -85.5650294,38.4076077,0 -85.564989,38.407629,0 -85.564573,38.407849,0 -85.5641535,38.4080739,0 -85.563616,38.408362,0 -85.56323999999999,38.408568,0 -85.5630699,38.4086607,0 -85.562669,38.408879,0 -85.562074,38.4092,0 -85.5616433,38.4094364,0 -85.561471,38.409531,0 -85.560974,38.4098,0 -85.56086999999999,38.409856,0 -85.5604093,38.4101074,0 -85.5603177,38.4101574,0 -85.559864,38.410405,0 -85.559664,38.410513,0 -85.559461,38.41062,0 -85.559068,38.410844,0 -85.558875,38.410959,0 -85.558815,38.410997,0 -85.55868700000001,38.411077,0 -85.558128,38.411436,0 -85.55794,38.411558,0 -85.557374,38.411922,0 -85.556995,38.412164,0 -85.55644700000001,38.412519,0 -85.55642400000001,38.412533,0 -85.55628400000001,38.4126230000001,0 -85.555657,38.413029,0 -85.5543629,38.4138569,0 -85.55372199999999,38.414267,0 -85.55362169999999,38.4143313,0 -85.552753,38.414888,0 -85.55160600000001,38.415627,0 -85.551233,38.415866,0 -85.550484,38.416348,0 -85.549335,38.417085,0 -85.54914100000001,38.417207,0 -85.54894400000001,38.417328,0 -85.548744,38.417446,0 -85.54853900000001,38.41756,0 -85.548328,38.417671,0 -85.54821920000001,38.4177272,0 -85.54790199999999,38.417891,0 -85.54765,38.418016,0 -85.54747399999999,38.418107,0 -85.5474177,38.4181358,0 -85.54683,38.418436,0 -85.546616,38.4185439999999,0 -85.546403,38.418649,0 -85.546059,38.418823,0 -85.545377,38.419168,0 -85.54476200000001,38.419477,0 -85.544124,38.419799,0 -85.54391,38.419911,0 -85.54369699999999,38.420027,0 -85.543487,38.420146,0 -85.5434082,38.4201931,0 -85.54328099999999,38.420269,0 -85.54307799999999,38.420393,0 -85.542877,38.420521,0 -85.542682,38.420651,0 -85.54258059999999,38.4207198,0 -85.542489,38.420782,0 -85.542299,38.420914,0 -85.541921,38.42118,0 -85.54173400000001,38.421313,0 -85.5415754,38.4214266,0 -85.541364,38.421578,0 -85.540441,38.422229,0 -85.53940540000001,38.4229643,0 -85.539134,38.423157,0 -85.53876099999999,38.423419,0 -85.538578,38.42355,0 -85.53839499999999,38.423679,0 -85.538214,38.423808,0 -85.537852,38.424063,0 -85.53763910000001,38.4242112,0 -85.53749000000001,38.4243150000001,0 -85.53730899999999,38.424438,0 -85.537105,38.424567,0 -85.536935,38.424674,0 -85.5368276,38.4247378,0 -85.536743,38.424788,0 -85.536546,38.424901,0 -85.536344,38.425011,0 -85.53592999999999,38.425227,0 -85.535511,38.425442,0 -85.53519660000001,38.4256007,0 -85.535089,38.425655,0 -85.534665,38.425866,0 -85.53459599999999,38.425901,0 -85.534294,38.426052,0 -85.533593,38.426405,0 -85.533412,38.426494,0 -85.53335300000001,38.426525,0 -85.53294,38.426731,0 -85.532723,38.426841,0 -85.53229,38.427057,0 -85.53227029999999,38.427067,0 -85.532076,38.427166,0 -85.53186100000001,38.427273,0 -85.531437,38.427491,0 -85.5313811,38.4275191,0 -85.5313409,38.4275392999999,0 -85.531325,38.4275473,0 -85.531015,38.427703,0 -85.53091070000001,38.4277551,0 -85.53040230000001,38.4280091,0 -85.53001930000001,38.4282004,0 -85.5298751,38.4282779,0 -85.5296664,38.4283764,0 -85.52963920000001,38.4283892,0 -85.529563,38.428427,0 -85.52879830000001,38.4288116,0 -85.52852300000001,38.42895,0 -85.528317,38.429052,0 -85.527297,38.429565,0 -85.527096,38.429669,0 -85.526899,38.429778,0 -85.526708,38.429892,0 -85.5266441,38.429933,0 -85.526552,38.429992,0 -85.526522,38.430011,0 -85.5264102,38.4300897,0 -85.526343,38.430137,0 -85.526167,38.430263,0 -85.525464,38.430775,0 -85.525102,38.431033,0 -85.524738,38.431305,0 -85.5247045,38.4313291,0 -85.524517,38.431464,0 -85.52421219999999,38.4316851,0 -85.52418900000001,38.431702,0 -85.52401399999999,38.431828,0 -85.523917,38.4318947,0 -85.523841,38.431947,0 -85.5236829,38.4320439,0 -85.523668,38.432053,0 -85.52349100000001,38.432147,0 -85.52330499999999,38.432225,0 -85.52311,38.43229,0 -85.522908,38.432342,0 -85.522701,38.43239,0 -85.522612,38.432408,0 -85.522491,38.432434,0 -85.5223069,38.432472,0 -85.522278,38.432478,0 -85.522205,38.432494,0 -85.52167799999999,38.432603,0 -85.521621,38.432615,0 -85.52116700000001,38.432702,0 -85.520937,38.432742,0 -85.520703,38.432778,0 -85.520471,38.432812,0 -85.520235,38.432845,0 -85.519998,38.432871,0 -85.519755,38.432896,0 -85.51927000000001,38.432935,0 -85.518782,38.43296,0 -85.51853800000001,38.432967,0 -85.51829499999999,38.432971,0 -85.518052,38.432971,0 -85.51780599999999,38.432968,0 -85.517562,38.432961,0 -85.517315,38.432951,0 -85.517066,38.432938,0 -85.51656800000001,38.432906,0 -85.516403,38.432894,0 -85.516182,38.432878,0 -85.516074,38.432871,0 -85.514915,38.432788,0 -85.513886,38.432715,0 -85.513645,38.432699,0 -85.513406,38.432686,0 -85.513318,38.432683,0 -85.513169,38.432677,0 -85.51293699999999,38.432678,0 -85.512709,38.432689,0 -85.51257099999999,38.432702,0 -85.512485,38.43271,0 -85.512286,38.4327337,0 -85.512258,38.432737,0 -85.51180600000001,38.432796,0 -85.51153499999999,38.432833,0 -85.511101,38.432892,0 -85.510867,38.432926,0 -85.510728,38.432945,0 -85.51063499999999,38.432959,0 -85.510167,38.433024,0 -85.50993,38.433056,0 -85.5098366,38.4330682,0 -85.50944800000001,38.433119,0 -85.5092245,38.4331511,0 -85.508954,38.43319,0 -85.508708,38.433221,0 -85.5078322,38.4333387,0 -85.506967,38.433455,0 -85.506204,38.433554,0 -85.50604269999999,38.4335753,0 -85.50568800000001,38.433622,0 -85.505189,38.433689,0 -85.504936,38.4337240000001,0 -85.5048455,38.4337373,0 -85.504684,38.433761,0 -85.50456610000001,38.4337797,0 -85.50443199999999,38.433801,0 -85.504183,38.4338439999999,0 -85.50404,38.4338700000001,0 -85.503935,38.433889,0 -85.50369000000001,38.433938,0 -85.50344800000001,38.433989,0 -85.50321099999999,38.434043,0 -85.50306569999999,38.4340774,0 -85.503021,38.434088,0 -85.50274899999999,38.434156,0 -85.502522,38.434215,0 -85.5025055,38.4342196,0 -85.502295,38.434278,0 -85.502281,38.434283,0 -85.502065,38.434346,0 -85.501834,38.434416,0 -85.50160099999999,38.434491,0 -85.501369,38.434569,0 -85.501227,38.43462,0 -85.501138,38.434651,0 -85.500207,38.434985,0 -85.50008699999999,38.435029,0 -85.49997999999999,38.435068,0 -85.49975499999999,38.435152,0 -85.49952500000001,38.43524,0 -85.49940220000001,38.4352839,0 -85.499301,38.43532,0 -85.49921929999999,38.43535,0 -85.499075,38.435403,0 -85.49884900000001,38.435491,0 -85.49817400000001,38.435742,0 -85.497722,38.4359019999999,0 -85.4976166,38.4359407,0 -85.497496,38.435985,0 -85.497074,38.436138,0 -85.496838,38.436228,0 -85.496622,38.43632,0 -85.496413,38.436419,0 -85.49619300000001,38.436529,0 -85.49616229999999,38.4365455,0 -85.49600100000001,38.436632,0 -85.495808,38.43674,0 -85.495428,38.436983,0 -85.495244,38.437103,0 -85.495059,38.437226,0 -85.4950274,38.4372472,0 -85.494876,38.437349,0 -85.494696,38.437473,0 -85.494517,38.437592,0 -85.494332,38.43772,0 -85.4940271,38.4379333,0 -85.49379500000001,38.438084,0 -85.493431,38.438329,0 -85.49324799999999,38.4384510000001,0 -85.492885,38.438697,0 -85.49271299999999,38.438806,0 -85.4926794,38.4388286,0 -85.49253,38.438929,0 -85.492351,38.4390519999999,0 -85.492171,38.439172,0 -85.4920235,38.4392687,0 -85.491991,38.43929,0 -85.49181400000001,38.43941,0 -85.49163799999999,38.439527,0 -85.491457,38.439638,0 -85.49126699999999,38.439743,0 -85.491073,38.439833,0 -85.490864,38.439919,0 -85.490774,38.4399498,0 -85.49064799999999,38.439993,0 -85.49042,38.440054,0 -85.49018599999999,38.440102,0 -85.489948,38.440137,0 -85.48975369999999,38.4401556,0 -85.48970799999999,38.44016,0 -85.489476,38.440165,0 -85.48922,38.440161,0 -85.488975,38.440151,0 -85.48893510000001,38.4401491,0 -85.48872799999999,38.440139,0 -85.487982,38.440098,0 -85.48649500000001,38.440022,0 -85.48584959999999,38.4400054999999,0 -85.48510330000001,38.4399672,0 -85.4846423,38.4399386,0 -85.484576,38.4399351,0 -85.4839047,38.4398996,0 -85.48275889999999,38.4398434,0 -85.482168,38.4398101,0 -85.481213,38.4397612,0 -85.4800541,38.4396959,0 -85.4787848,38.4396321,0 -85.478038,38.4396073,0 -85.47756579999999,38.4396116,0 -85.477197,38.439626,0 -85.47676540000001,38.439662,0 -85.4763793,38.4397017,0 -85.4759691,38.4397601,0 -85.4756646,38.4398142,0 -85.475072,38.439907,0 -85.474548,38.440007,0 -85.474025,38.440109,0 -85.473765,38.440161,0 -85.47324500000001,38.440262,0 -85.4731135,38.4402871,0 -85.47272700000001,38.440361,0 -85.472471,38.440412,0 -85.47220900000001,38.440466,0 -85.471954,38.4405110000001,0 -85.4718687,38.440527,0 -85.471442,38.440607,0 -85.471183,38.440657,0 -85.470669,38.440758,0 -85.4704077,38.4408087,0 -85.469638,38.440958,0 -85.46910699999999,38.44106,0 -85.46857,38.441165,0 -85.4678851,38.4412974,0 -85.46748599999999,38.441376,0 -85.46603500000001,38.441656,0 -85.465334,38.441792,0 -85.46507,38.441844,0 -85.464803,38.441898,0 -85.46428299999999,38.441999,0 -85.463763,38.442095,0 -85.463505,38.442145,0 -85.4633127,38.4421839,0 -85.46324799999999,38.442197,0 -85.462993,38.442252,0 -85.462738,38.442309,0 -85.462485,38.442368,0 -85.462233,38.442429,0 -85.461984,38.442494,0 -85.461736,38.442561,0 -85.46149,38.44263,0 -85.46124500000001,38.4427,0 -85.461005,38.442772,0 -85.46089980000001,38.4428048999999,0 -85.46076499999999,38.442847,0 -85.460527,38.442924,0 -85.46029299999999,38.443004,0 -85.46011470000001,38.4430675,0 -85.46006,38.443087,0 -85.4599856,38.443114,0 -85.459906,38.443143,0 -85.459585,38.443263,0 -85.45934699999999,38.443353,0 -85.45911,38.4434459999999,0 -85.458873,38.443543,0 -85.458641,38.4436400000001,0 -85.458412,38.44374,0 -85.458185,38.443841,0 -85.457958,38.443946,0 -85.45773199999999,38.444053,0 -85.457167,38.4443334,0 -85.45705700000001,38.444388,0 -85.45616200000001,38.44484,0 -85.455938,38.444954,0 -85.455268,38.4452920000001,0 -85.455045,38.445407,0 -85.454818,38.44552,0 -85.454716,38.445572,0 -85.45459200000001,38.445635,0 -85.45414100000001,38.445867,0 -85.45382119999999,38.446028,0 -85.453692,38.446093,0 -85.450999,38.447457,0 -85.450553,38.447684,0 -85.450329,38.447797,0 -85.450101,38.447909,0 -85.44987,38.448018,0 -85.449636,38.448123,0 -85.44940099999999,38.448223,0 -85.449168,38.448319,0 -85.44893500000001,38.44841,0 -85.448702,38.448498,0 -85.44846800000001,38.448582,0 -85.448233,38.448662,0 -85.447993,38.448738,0 -85.44786000000001,38.448778,0 -85.44775,38.44881,0 -85.447502,38.448879,0 -85.44725200000001,38.448944,0 -85.44699900000001,38.449008,0 -85.44649099999999,38.449133,0 -85.445988,38.449258,0 -85.445739,38.449321,0 -85.444754,38.449565,0 -85.4444288,38.4496462,0 -85.443585,38.4498569,0 -85.44329999999999,38.449928,0 -85.443056,38.449988,0 -85.442559,38.450112,0 -85.441794,38.4503,0 -85.4415657,38.4503569,0 -85.441028,38.450491,0 -85.44102100000001,38.450492,0 -85.439787,38.450798,0 -85.439539,38.450861,0 -85.43878100000001,38.451048,0 -85.437997,38.451243,0 -85.437511,38.4513650000001,0 -85.436761,38.45155,0 -85.43626999999999,38.451673,0 -85.435608,38.451841,0 -85.43554,38.451859,0 -85.43519190000001,38.4519411,0 -85.43504799999999,38.451975,0 -85.434945,38.451997,0 -85.434802,38.452027,0 -85.434551,38.452078,0 -85.434296,38.452125,0 -85.434037,38.452169,0 -85.433775,38.452211,0 -85.433667,38.452227,0 -85.43351199999999,38.452252,0 -85.43195,38.45249,0 -85.43092300000001,38.452651,0 -85.42984800000001,38.452817,0 -85.4293,38.4529,0 -85.428909,38.4529579999999,0 -85.428211,38.453067,0 -85.42794600000001,38.453107,0 -85.427684,38.453148,0 -85.42663,38.453308,0 -85.425566,38.453474,0 -85.42449499999999,38.453635,0 -85.423962,38.453716,0 -85.4238284,38.4537368,0 -85.423699,38.453757,0 -85.423438,38.453796,0 -85.423176,38.453837,0 -85.422653,38.453916,0 -85.421342,38.45412,0 -85.421087,38.454162,0 -85.42084199999999,38.454208,0 -85.42060499999999,38.454264,0 -85.420382,38.454332,0 -85.420174,38.454415,0 -85.41997499999999,38.454512,0 -85.41978,38.454622,0 -85.41958700000001,38.45474,0 -85.419393,38.454862,0 -85.41919799999999,38.454987,0 -85.418654,38.455339,0 -85.418605,38.455372,0 -85.41827499999999,38.455584,0 -85.418204,38.455631,0 -85.418001,38.45576,0 -85.417939,38.455798,0 -85.4179133,38.4558172,0 -85.41779699999999,38.455886,0 -85.41759500000001,38.456018,0 -85.41739,38.456145,0 -85.417188,38.456277,0 -85.416983,38.456407,0 -85.416781,38.45654,0 -85.41649099999999,38.456727,0 -85.416372,38.456805,0 -85.41555700000001,38.457329,0 -85.41534799999999,38.457457,0 -85.41529800000001,38.457489,0 -85.41493699999999,38.457722,0 -85.41473000000001,38.457854,0 -85.41438239999999,38.4580789,0 -85.414101,38.458261,0 -85.4133504,38.4587396,0 -85.4132852,38.4587812,0 -85.413251,38.458803,0 -85.41304100000001,38.458936,0 -85.412835,38.459068,0 -85.412627,38.459203,0 -85.41242200000001,38.459333,0 -85.412217,38.459465,0 -85.41201599999999,38.459596,0 -85.411817,38.459724,0 -85.41162199999999,38.4598510000001,0 -85.411244,38.460089,0 -85.411057,38.460204,0 -85.410867,38.460314,0 -85.41067099999999,38.460414,0 -85.41046900000001,38.460503,0 -85.41026100000001,38.460581,0 -85.410048,38.460651,0 -85.40983,38.460714,0 -85.409605,38.460765,0 -85.409375,38.460807,0 -85.409142,38.460837,0 -85.409008,38.46085,0 -85.408903,38.460859,0 -85.408661,38.460875,0 -85.40816599999999,38.460903,0 -85.406885,38.46097,0 -85.40665199999999,38.460983,0 -85.405064,38.461065,0 -85.40480700000001,38.461079,0 -85.40430600000001,38.46111,0 -85.40407399999999,38.461127,0 -85.403853,38.461155,0 -85.403642,38.461199,0 -85.40343900000001,38.4612589999999,0 -85.403245,38.461337,0 -85.403064,38.461432,0 -85.40289799999999,38.461542,0 -85.402749,38.461665,0 -85.40261599999999,38.461799,0 -85.4025,38.461946,0 -85.402407,38.462094,0 -85.402325,38.462267,0 -85.402253,38.462436,0 -85.402182,38.462611,0 -85.402111,38.462793,0 -85.40203700000001,38.462978,0 -85.40196400000001,38.463166,0 -85.401893,38.463355,0 -85.4017963,38.4636047,0 -85.4017827,38.4636397,0 -85.40175000000001,38.463724,0 -85.401537,38.464261,0 -85.40139499999999,38.464625,0 -85.40130499999999,38.464853,0 -85.401253,38.464989,0 -85.40103499999999,38.465548,0 -85.400959,38.465737,0 -85.40081000000001,38.46612,0 -85.40073700000001,38.466314,0 -85.400662,38.466508,0 -85.4005985,38.4666688,0 -85.40051,38.466893,0 -85.400434,38.467082,0 -85.400361,38.467272,0 -85.400288,38.467458,0 -85.400211,38.467639,0 -85.400127,38.467817,0 -85.400032,38.46799,0 -85.399922,38.468157,0 -85.3998639,38.4682324,0 -85.399798,38.468318,0 -85.399665,38.468477,0 -85.39938100000001,38.468793,0 -85.39923899999999,38.468955,0 -85.39909400000001,38.469118,0 -85.398794,38.469441,0 -85.398652,38.469606,0 -85.398509,38.46977,0 -85.39836099999999,38.469932,0 -85.39821499999999,38.470095,0 -85.39807,38.470259,0 -85.397777,38.470586,0 -85.397628,38.470751,0 -85.39748299999999,38.470915,0 -85.397336,38.471075,0 -85.397188,38.471231,0 -85.397035,38.471383,0 -85.396873,38.471527,0 -85.39669600000001,38.471666,0 -85.396518,38.471794,0 -85.396333,38.471922,0 -85.39614400000001,38.472049,0 -85.39595300000001,38.472176,0 -85.39579999999999,38.472279,0 -85.395571,38.472435,0 -85.395178,38.472697,0 -85.394785,38.472962,0 -85.39419100000001,38.4733580000001,0 -85.393799,38.473624,0 -85.39359899999999,38.473757,0 -85.393299,38.473959,0 -85.393201,38.474024,0 -85.393005,38.474158,0 -85.3927879,38.4743028,0 -85.392426,38.474544,0 -85.392049,38.474797,0 -85.391862,38.474921,0 -85.39124409999999,38.4753352,0 -85.391131,38.475411,0 -85.38986199999999,38.476267,0 -85.3889259,38.4768939,0 -85.388336,38.477289,0 -85.388141,38.477418,0 -85.387747,38.477682,0 -85.38717920000001,38.4780663,0 -85.387159,38.47808,0 -85.386967,38.478209,0 -85.386775,38.478336,0 -85.38658,38.47846,0 -85.386381,38.47858,0 -85.38617499999999,38.478692,0 -85.38596099999999,38.478796,0 -85.38574199999999,38.478891,0 -85.385516,38.478976,0 -85.385285,38.479053,0 -85.3851892,38.4790808,0 -85.385051,38.4791210000001,0 -85.384812,38.479178,0 -85.384569,38.479226,0 -85.38432299999999,38.479266,0 -85.384159,38.479285,0 -85.384072,38.479296,0 -85.3840378,38.4792995,0 -85.38382,38.479322,0 -85.38375499999999,38.47933,0 -85.383566,38.479348,0 -85.383312,38.479374,0 -85.381246,38.479571,0 -85.38072200000001,38.479623,0 -85.379932,38.479698,0 -85.37966900000001,38.479722,0 -85.378128,38.47987,0 -85.377878,38.479896,0 -85.37763,38.479923,0 -85.377386,38.479955,0 -85.377144,38.479994,0 -85.376902,38.48004,0 -85.37665800000001,38.480089,0 -85.376165,38.480191,0 -85.3756731,38.4802938,0 -85.375423,38.4803460000001,0 -85.375176,38.4804,0 -85.374932,38.480456,0 -85.374692,38.480517,0 -85.374456,38.480587,0 -85.37422599999999,38.480668,0 -85.3740246,38.4807606,0 -85.373791,38.480868,0 -85.373583,38.480983,0 -85.373377,38.481101,0 -85.373177,38.481218,0 -85.372979,38.481332,0 -85.372783,38.481442,0 -85.372585,38.481546,0 -85.37238000000001,38.48164,0 -85.37216600000001,38.481721,0 -85.371942,38.481788,0 -85.37170999999999,38.481841,0 -85.37147400000001,38.481884,0 -85.37076999999999,38.481998,0 -85.370098,38.482099,0 -85.369669,38.482161,0 -85.369463,38.48219,0 -85.36926099999999,38.482217,0 -85.369063,38.482231,0 -85.368869,38.482231,0 -85.368825,38.482228,0 -85.368674,38.482218,0 -85.368478,38.482189,0 -85.36828300000001,38.482152,0 -85.368088,38.482109,0 -85.36788900000001,38.482064,0 -85.367485,38.481976,0 -85.36728100000001,38.481935,0 -85.36707699999999,38.481901,0 -85.36686899999999,38.481876,0 -85.366658,38.481862,0 -85.366444,38.481859,0 -85.3664093,38.4818603000001,0 -85.36622800000001,38.481867,0 -85.36600900000001,38.481886,0 -85.365786,38.481911,0 -85.36556,38.48194,0 -85.3652396,38.481984,0 -85.365101,38.482003,0 -85.364869,38.482036,0 -85.36463500000001,38.482071,0 -85.363675,38.482209,0 -85.361644,38.482492,0 -85.361148,38.482564,0 -85.3610187,38.4825817,0 -85.360907,38.482597,0 -85.360669,38.4826279999999,0 -85.360435,38.4826570000001,0 -85.360203,38.4826789999999,0 -85.359973,38.482695,0 -85.35974400000001,38.482697,0 -85.359516,38.482689,0 -85.35928800000001,38.4826690000001,0 -85.35906199999999,38.482641,0 -85.35883800000001,38.482605,0 -85.35839300000001,38.48252,0 -85.35816699999999,38.482474,0 -85.35794,38.482433,0 -85.356792,38.482195,0 -85.35630999999999,38.482098,0 -85.35606900000001,38.482048,0 -85.35588919999999,38.4820118,0 -85.355582,38.48195,0 -85.3548935,38.481806,0 -85.354855,38.481798,0 -85.3541565,38.4816549,0 -85.35393190000001,38.4816093,0 -85.353182,38.481457,0 -85.352706,38.481359,0 -85.3523197,38.4812807,0 -85.35216490000001,38.4812501,0 -85.351997,38.481217,0 -85.35152600000001,38.48112,0 -85.35128899999999,38.48107,0 -85.350812,38.480973,0 -85.350568,38.480927,0 -85.35045340000001,38.4809072,0 -85.350319,38.480884,0 -85.350067,38.480847,0 -85.349812,38.4808130000001,0 -85.34955600000001,38.480785,0 -85.349493,38.480779,0 -85.349329,38.480763,0 -85.34771499999999,38.480627,0 -85.34717999999999,38.480581,0 -85.34667039999999,38.4805392,0 -85.346108,38.480493,0 -85.345574,38.480447,0 -85.345308,38.480425,0 -85.344514,38.480355,0 -85.34418410000001,38.480327,0 -85.34269,38.4802,0 -85.342433,38.4801769999999,0 -85.34113549999999,38.4800681,0 -85.340681,38.48003,0 -85.339951,38.479971,0 -85.339713,38.479948,0 -85.339483,38.479923,0 -85.33926099999999,38.479891,0 -85.33904699999999,38.479845,0 -85.338843,38.479784,0 -85.338651,38.479706,0 -85.33847,38.479615,0 -85.33829799999999,38.479515,0 -85.338129,38.47941,0 -85.3381054,38.479396,0 -85.33796100000001,38.47931,0 -85.33779,38.47922,0 -85.33761199999999,38.479144,0 -85.33742700000001,38.479081,0 -85.337301,38.4790499999999,0 -85.33723500000001,38.479032,0 -85.337037,38.478998,0 -85.336833,38.478977,0 -85.336626,38.478969,0 -85.33641900000001,38.478975,0 -85.336217,38.478999,0 -85.336187,38.479006,0 -85.336021,38.479038,0 -85.335831,38.479094,0 -85.335644,38.4791609999999,0 -85.335461,38.479239,0 -85.335277,38.479322,0 -85.3349192,38.4794882,0 -85.334898,38.479498,0 -85.33470199999999,38.479591,0 -85.334085,38.479876,0 -85.333241,38.480263,0 -85.33242799999999,38.480641,0 -85.33212450000001,38.4807804,0 -85.33203399999999,38.4808220000001,0 -85.33184300000001,38.480911,0 -85.331658,38.480999,0 -85.331479,38.481087,0 -85.331307,38.481177,0 -85.331147,38.481275,0 -85.3310671,38.4813348,0 -85.331,38.481385,0 -85.330866,38.481507,0 -85.330744,38.481638,0 -85.330716,38.481675,0 -85.330634,38.481781,0 -85.33053200000001,38.48193,0 -85.33033,38.482238,0 -85.3300867,38.4826175,0 -85.33004680000001,38.4826798,0 -85.32980499999999,38.483057,0 -85.329695,38.483226,0 -85.32966330000001,38.4832753,0 -85.3295974,38.4833777,0 -85.32958499999999,38.483397,0 -85.329145,38.484088,0 -85.328924,38.48443,0 -85.328813,38.4846,0 -85.3287648,38.484669,0 -85.328699,38.484763,0 -85.328579,38.484919,0 -85.328446,38.485063,0 -85.32833650000001,38.4851621,0 -85.328299,38.485196,0 -85.3281923,38.4852782,0 -85.328138,38.4853199999999,0 -85.327966,38.48543,0 -85.327782,38.485528,0 -85.327671,38.4855765,0 -85.327585,38.485614,0 -85.327421,38.4856709999999,0 -85.327378,38.485686,0 -85.327161,38.485746,0 -85.326939,38.485797,0 -85.3268477,38.4858167,0 -85.326712,38.485846,0 -85.325782,38.486041,0 -85.3257124,38.4860551,0 -85.32530800000001,38.486137,0 -85.325068,38.486181,0 -85.324828,38.486221,0 -85.324586,38.486254,0 -85.324343,38.48628,0 -85.324101,38.4862980000001,0 -85.323859,38.486311,0 -85.323615,38.486321,0 -85.32340000000001,38.486328,0 -85.32337099999999,38.48633,0 -85.322632,38.486354,0 -85.3219234,38.4863796,0 -85.321438,38.486396,0 -85.321207,38.486405,0 -85.32097899999999,38.486415,0 -85.320756,38.486426,0 -85.320538,38.48644,0 -85.320443,38.486448,0 -85.320166,38.486475,0 -85.319768,38.486528,0 -85.319236,38.486629,0 -85.318417,38.486794,0 -85.31821100000001,38.486839,0 -85.31798999999999,38.486896,0 -85.317792,38.486957,0 -85.3177111,38.4869857,0 -85.317617,38.487019,0 -85.317346,38.487131,0 -85.31715699999999,38.487222,0 -85.316991,38.48731,0 -85.316861,38.4873859,0 -85.31683,38.487404,0 -85.31648300000001,38.48762,0 -85.315701,38.488119,0 -85.3155952,38.4881875,0 -85.315153,38.488474,0 -85.314986,38.488591,0 -85.31486,38.488688,0 -85.3147744,38.4887597,0 -85.31474300000001,38.488786,0 -85.31462999999999,38.488906,0 -85.31456,38.488995,0 -85.31446200000001,38.489158,0 -85.31440499999999,38.48929,0 -85.314353,38.489444,0 -85.31432100000001,38.489584,0 -85.314301,38.489738,0 -85.3142936,38.4899524,0 -85.31428699999999,38.490143,0 -85.3142794,38.4907639,0 -85.314269,38.491623,0 -85.314256,38.491866,0 -85.314234,38.492034,0 -85.3142,38.492182,0 -85.31415800000001,38.492311,0 -85.3141305,38.4923706,0 -85.314094,38.49245,0 -85.3140241,38.4925684,0 -85.313925,38.4927080000001,0 -85.313711,38.492959,0 -85.313467,38.4932326,0 -85.3131956,38.4935368,0 -85.313157,38.49358,0 -85.31299300000001,38.493779,0 -85.31288499999999,38.493927,0 -85.31277799999999,38.4941120000001,0 -85.3127542,38.4941659,0 -85.312714,38.494257,0 -85.312659,38.4944190000001,0 -85.31262700000001,38.494571,0 -85.312603,38.494796,0 -85.31258680000001,38.4951574,0 -85.312551,38.495957,0 -85.312534,38.496138,0 -85.31250799999999,38.4963,0 -85.31247399999999,38.4964409999999,0 -85.31241900000001,38.496595,0 -85.312344,38.496744,0 -85.312241,38.496902,0 -85.31214,38.497026,0 -85.312014,38.497159,0 -85.311744,38.497417,0 -85.311256,38.497862,0 -85.31031400000001,38.498723,0 -85.31017799999999,38.498854,0 -85.309979,38.499068,0 -85.30974689999999,38.4993374,0 -85.3097119,38.4996054,0 -85.30970689999999,38.4996814,0 -85.3097049,38.4997634,0 -85.3097149,38.4998444000001,0 -85.3097269,38.4999244,0 -85.30974089999999,38.5000034,0 -85.3097819,38.5001694,0 -85.3098339,38.5003444,0 -85.3099819,38.5008084,0 -85.3100139,38.5009024,0 -85.3100469,38.5009944,0 -85.3101829,38.5013614,0 -85.3102179,38.5014534,0 -85.3102999,38.5016264,0 -85.31034889999999,38.5017084,0 -85.31039989999999,38.5017904,0 -85.3105769,38.5020273999999,0 -85.31063589999999,38.5021034,0 -85.3106999,38.5021824,0 -85.3110279,38.5025784,0 -85.3113549,38.5029674,0 -85.3114179,38.5030434,0 -85.31154789999999,38.5031944,0 -85.3116619,38.5033344,0 -85.31177390000001,38.5034754,0 -85.31187389999999,38.5036164,0 -85.31195390000001,38.5037614000001,0 -85.3120109,38.5039124,0 -85.3120279,38.5039904,0 -85.31204390000001,38.5040694,0 -85.3120559,38.5042324,0 -85.3120519,38.5044074,0 -85.31204289999999,38.5045943999999,0 -85.3120299,38.5047874,0 -85.31201489999999,38.5049854,0 -85.31199290000001,38.5052694,0 -85.31197589999999,38.5054574,0 -85.3119659,38.5055514,0 -85.31195289999999,38.5056434,0 -85.3119379,38.5057354,0 -85.31191889999999,38.5058264,0 -85.31189790000001,38.5059174,0 -85.3118489,38.5060984,0 -85.3118159,38.5061854,0 -85.3117809,38.5062724,0 -85.3117019,38.5064444,0 -85.31161090000001,38.5066124,0 -85.3115639,38.5066964,0 -85.3114679,38.5068614,0 -85.31141890000001,38.5069424,0 -85.31132890000001,38.5071054,0 -85.3112859,38.5071854,0 -85.31124490000001,38.5072664,0 -85.31120989999999,38.5073474,0 -85.3111779,38.5074284,0 -85.31115389999999,38.5075024,0 -85.3111339,38.5075914,0 -85.31112090000001,38.5076784,0 -85.3111159,38.5077594,0 -85.3111269,38.5079893,0 -85.3111629,38.5080964,0 -85.31119390000001,38.5081804,0 -85.31122689999999,38.5082634,0 -85.31127189999999,38.5083484,0 -85.31131790000001,38.5084324,0 -85.3113709,38.5085214,0 -85.3114829,38.5087024,0 -85.3116019,38.5088884000001,0 -85.3117889,38.5091724,0 -85.31190890000001,38.5093624,0 -85.31197090000001,38.5094584,0 -85.31206450000001,38.5096060000001,0 -85.31209389999999,38.5096524,0 -85.31215589999999,38.5097484,0 -85.3122779,38.5099424,0 -85.3124029,38.5101334,0 -85.3124639,38.5102294,0 -85.3125259,38.5103244,0 -85.3125869,38.5104204,0 -85.31284290000001,38.5108154,0 -85.31302290000001,38.5110904,0 -85.3130859,38.5111854,0 -85.3133083,38.5115322,0 -85.3133309,38.5115674,0 -85.3136319,38.5120404,0 -85.3137579,38.5122314,0 -85.31380540000001,38.5123065,0 -85.3138749,38.5124164,0 -85.3143649,38.5131663999999,0 -85.3144829,38.5133504,0 -85.31459390000001,38.5135304,0 -85.3149239,38.5140494,0 -85.31497589999999,38.5141324,0 -85.31502589999999,38.5142164,0 -85.31511089999999,38.5143783999999,0 -85.31514989999999,38.5144664,0 -85.3151799,38.5145404,0 -85.3151859,38.5145638,0 -85.3152029,38.5146304,0 -85.3152189,38.5147104,0 -85.31522889999999,38.5147944,0 -85.3152369,38.5148794,0 -85.31523989999999,38.5149654,0 -85.3152379,38.5150514,0 -85.31522889999999,38.5151384,0 -85.3152159,38.5152254,0 -85.3151749,38.5153994,0 -85.3151209,38.5155784,0 -85.3150899,38.5156704,0 -85.31506090000001,38.5157624,0 -85.3149829,38.5159994,0 -85.3149597,38.5160689,0 -85.31487989999999,38.5163084,0 -85.3148089,38.5165194,0 -85.3147499,38.5166914,0 -85.31467689999999,38.5169024,0 -85.3146447,38.517,0 -85.3145229,38.5173694,0 -85.3144939,38.5174604,0 -85.3144669,38.5175484,0 -85.31444089999999,38.5176374,0 -85.31441890000001,38.5177234,0 -85.3143989,38.5178104,0 -85.3143869,38.5178964,0 -85.3143769,38.5179824,0 -85.31437990000001,38.5180684,0 -85.3143839,38.5181494,0 -85.3143839,38.5181544,0 -85.3143999,38.5182384,0 -85.3144199,38.5183214,0 -85.31444689999999,38.5184024,0 -85.31447989999999,38.5184824,0 -85.31452090000001,38.5185584,0 -85.3145669,38.5186324000001,0 -85.3146199,38.5187024000001,0 -85.3146749,38.5187704,0 -85.3147359,38.5188344,0 -85.3147999,38.5188964000001,0 -85.3148199,38.5189124,0 -85.3148709,38.5189534,0 -85.31494290000001,38.5190084,0 -85.3150249,38.5190594,0 -85.3151079,38.5191084,0 -85.31520190000001,38.5191544,0 -85.31529690000001,38.5191993999999,0 -85.3153949,38.5192404,0 -85.31549390000001,38.5192804,0 -85.3157808,38.5193891,0 -85.31591589999999,38.5194374,0 -85.31638390000001,38.5196064,0 -85.317069,38.5198551,0 -85.3171249,38.5198754,0 -85.31735689999999,38.5199584,0 -85.3173769,38.5199664,0 -85.3178489,38.5201374,0 -85.31965889999999,38.5207974,0 -85.3201579,38.5209784,0 -85.3206431,38.5211566,0 -85.3208849,38.5212454,0 -85.3213509,38.5214134,0 -85.3215749,38.5214904,0 -85.32168590000001,38.5215254,0 -85.3217969,38.5215584000001,0 -85.3219079,38.5215864,0 -85.3220189,38.5216124,0 -85.32212989999999,38.5216304,0 -85.3222509,38.5216474,0 -85.3223539,38.5216564,0 -85.3224659,38.5216614,0 -85.32257989999999,38.5216614,0 -85.32269290000001,38.5216594,0 -85.32292990000001,38.5216474,0 -85.3231739,38.5216304,0 -85.3234229,38.5216104,0 -85.3238739,38.5215704,0 -85.32465689999999,38.5215074,0 -85.3259559,38.5213964,0 -85.32647590000001,38.5213554,0 -85.3267309,38.5213394,0 -85.3269789,38.5213314,0 -85.32722390000001,38.5213404,0 -85.3273439,38.5213534,0 -85.32739890000001,38.5213603999999,0 -85.3274639,38.5213694,0 -85.3275819,38.5213904,0 -85.3277059,38.5214174,0 -85.3278389,38.5214524,0 -85.32792689999999,38.5214784,0 -85.3280369,38.5215174,0 -85.32814689999999,38.5215584000001,0 -85.32817470000001,38.5215714,0 -85.32825390000001,38.5216084,0 -85.3283599,38.5216604,0 -85.3284649,38.5217174,0 -85.3285679,38.5217754,0 -85.3287729,38.5218994,0 -85.3288759,38.5219643999999,0 -85.32897989999999,38.5220284,0 -85.3295019,38.5223594,0 -85.3296655,38.5224653,0 -85.32971190000001,38.5224954,0 -85.32981789999999,38.5225624,0 -85.3299229,38.5226304,0 -85.3300299,38.5226974,0 -85.3301369,38.5227614,0 -85.3302429,38.5228274,0 -85.3305529,38.5230254,0 -85.3306549,38.5230934,0 -85.3308629,38.5232224,0 -85.33106789999999,38.5233554,0 -85.33127090000001,38.5234904,0 -85.3313689,38.5235614,0 -85.3314659,38.5236334,0 -85.33155790000001,38.5237084,0 -85.3316489,38.5237844,0 -85.3318239,38.5239444,0 -85.3319959,38.5241074,0 -85.3324209,38.5245184,0 -85.33250390000001,38.5246004,0 -85.3325275,38.5246232,0 -85.33258789999999,38.5246814,0 -85.3326709,38.5247634,0 -85.33273250000001,38.524823,0 -85.33276290000001,38.5248524,0 -85.33291989999999,38.5250044,0 -85.3330019,38.5250854,0 -85.3333389,38.5254104,0 -85.33402289999999,38.5260754,0 -85.3342878,38.5263345,0 -85.33470389999999,38.5267414,0 -85.33478890000001,38.5268274,0 -85.3351339,38.5271654,0 -85.3354799,38.5275014,0 -85.3356529,38.5276674,0 -85.3359499,38.5279564,0 -85.3360699,38.5280734,0 -85.3362279,38.5282364,0 -85.3363679,38.5284074,0 -85.33642589999999,38.5284964,0 -85.33648289999999,38.5285864,0 -85.3365759,38.5287714,0 -85.33661290000001,38.5288654,0 -85.3366449,38.5289604,0 -85.33666789999999,38.5290554,0 -85.3366889,38.5291514,0 -85.33670290000001,38.5292454,0 -85.3367119,38.5293414,0 -85.33671289999999,38.5294364,0 -85.33670789999999,38.5295314,0 -85.33669690000001,38.5296234,0 -85.3366809,38.5297154,0 -85.3366709,38.5297634,0 -85.3366369,38.5299044,0 -85.33660690000001,38.5300004,0 -85.3365749,38.5300954,0 -85.33653390000001,38.5301864,0 -85.3364899,38.5302774,0 -85.3363849,38.5304514,0 -85.33632489999999,38.5305354,0 -85.33626289999999,38.5306194,0 -85.33612189999999,38.5307764,0 -85.3359629,38.5309224,0 -85.33587489999999,38.5309914,0 -85.3357859,38.5310594,0 -85.3357319,38.5310967,0 -85.3356919,38.5311244,0 -85.3355969,38.5311884,0 -85.3353999,38.5313164,0 -85.33519889999999,38.5314444,0 -85.3349111,38.5316254,0 -85.3346899,38.5317644,0 -85.3342233,38.5320554,0 -85.3339699,38.5322134,0 -85.33372490000001,38.5323684,0 -85.3336729,38.5324013999999,0 -85.3334369,38.5325514,0 -85.3331609,38.5327264,0 -85.3330619,38.5327874,0 -85.33276789999999,38.5329714,0 -85.3323819,38.5332174,0 -85.33232390000001,38.5332534,0 -85.3321771,38.5333467,0 -85.33189590000001,38.5335254,0 -85.3315999,38.5337114,0 -85.33150089999999,38.5337744,0 -85.3313009,38.5338994,0 -85.3312019,38.5339624,0 -85.3307999,38.5342144,0 -85.3306989,38.5342764,0 -85.3301099,38.5346464,0 -85.3300655,38.5346741,0 -85.32963890000001,38.5349404,0 -85.3294629,38.5350544,0 -85.3292979,38.5351684,0 -85.32922189999999,38.5352264,0 -85.3291469,38.5352854,0 -85.3290799,38.5353474,0 -85.3290149,38.5354104,0 -85.32890190000001,38.5355444,0 -85.3288139,38.5356894,0 -85.3287469,38.5358464,0 -85.3286969,38.5360214,0 -85.3286519,38.5362204,0 -85.3286329,38.5363104,0 -85.3285989,38.5364834,0 -85.3285499,38.5367354,0 -85.3284149,38.5373954,0 -85.32832689999999,38.5378374,0 -85.32832689999999,38.5378424000001,0 -85.3282829,38.5380574,0 -85.3282619,38.5381674,0 -85.3280869,38.5390204,0 -85.3278849,38.5400214,0 -85.32786489999999,38.5401234,0 -85.3278069,38.5403954,0 -85.3277779,38.5405254,0 -85.3277549,38.5406244,0 -85.32772989999999,38.5407214,0 -85.32770290000001,38.5408184,0 -85.3276729,38.5409134,0 -85.32764090000001,38.5410084,0 -85.3276099,38.5410944,0 -85.3275709,38.5411964,0 -85.3274959,38.5413824,0 -85.3274179,38.5415694,0 -85.3272979,38.5418484,0 -85.32705489999999,38.5423994,0 -85.32697690000001,38.5425834,0 -85.32690289999999,38.5427674,0 -85.3268669,38.5428604,0 -85.32683489999999,38.5429534,0 -85.32680689999999,38.5430474,0 -85.3267869,38.5431414,0 -85.3267709,38.5432364,0 -85.3267649,38.5433314,0 -85.3267609,38.5434264,0 -85.3267659,38.5435204,0 -85.32677390000001,38.5436144,0 -85.32679090000001,38.5437084,0 -85.3268109,38.5438024,0 -85.3268669,38.5439894,0 -85.3269339,38.5441814,0 -85.32700389999999,38.5443764,0 -85.3271489,38.5447594,0 -85.32718490000001,38.5448504,0 -85.3272199,38.5449424,0 -85.32729089999999,38.5451174,0 -85.3273299,38.5452024,0 -85.32736989999999,38.5452864,0 -85.3274139,38.5453694,0 -85.32745989999999,38.5454524,0 -85.32751089999999,38.5455354,0 -85.3275639,38.5456174,0 -85.3276209,38.5456984,0 -85.32767990000001,38.5457784,0 -85.32780990000001,38.5459274,0 -85.3279509,38.5460754,0 -85.32795590000001,38.5460814,0 -85.3281119,38.5462264,0 -85.3282739,38.5463714,0 -85.3283579,38.5464434,0 -85.3287859,38.5468044,0 -85.3289489,38.5469394,0 -85.3296679,38.5475424,0 -85.3297409,38.5476044,0 -85.32994189999999,38.5477744,0 -85.3300359,38.5478524,0 -85.3301309,38.5479334,0 -85.3302279,38.5480134,0 -85.33042089999999,38.5481774,0 -85.3306169,38.5483414,0 -85.3307149,38.5484244,0 -85.3308139,38.5485064,0 -85.3311089,38.5487554,0 -85.3312079,38.5488374,0 -85.33130490000001,38.5489204,0 -85.3314039,38.5490024,0 -85.3314999,38.5490844,0 -85.33159689999999,38.5491654,0 -85.3316909,38.5492454,0 -85.3317839,38.5493264,0 -85.33187289999999,38.5494074,0 -85.3319599,38.5494894,0 -85.3320409,38.5495724,0 -85.3321189,38.5496584,0 -85.3321899,38.5497454,0 -85.3322579,38.5498334,0 -85.3323189,38.5499234,0 -85.33237990000001,38.5500154,0 -85.3324799,38.5502054000001,0 -85.3325239,38.5503034,0 -85.33256590000001,38.5504024,0 -85.3326069,38.5505034,0 -85.3326869,38.5507084,0 -85.3328039,38.5510214,0 -85.3328429,38.5511284,0 -85.3330849,38.5517774,0 -85.3331249,38.5518864,0 -85.3332879,38.5523184,0 -85.33336610000001,38.5525223,0 -85.3336549,38.5532754,0 -85.3336949,38.5533824,0 -85.3337769,38.5535954,0 -85.3338569,38.5538084000001,0 -85.3339369,38.5540184,0 -85.3343069,38.5549914,0 -85.3345489,38.5556364,0 -85.33458690000001,38.5557354,0 -85.3347359,38.5561261000001,0 -85.3349079,38.5565774,0 -85.3349109,38.5565834,0 -85.3351389,38.5571904,0 -85.33521090000001,38.5573874,0 -85.33527789999999,38.5575834,0 -85.3353039,38.5576794,0 -85.33532889999999,38.5577764,0 -85.3353439,38.5578724000001,0 -85.33535689999999,38.5579684,0 -85.3353609,38.5580634,0 -85.3353619,38.5581584,0 -85.3353529,38.5582524,0 -85.3353419,38.5583474,0 -85.3353209,38.5584424,0 -85.3352979,38.5585364,0 -85.33526790000001,38.5586324,0 -85.33523390000001,38.5587274,0 -85.33515389999999,38.5589244000001,0 -85.3350209,38.5592344,0 -85.3347119,38.5599424,0 -85.3346959,38.5599784,0 -85.3346499,38.5600874,0 -85.3345559,38.5603034,0 -85.3341819,38.5611744,0 -85.33385389999999,38.5619284,0 -85.33380889999999,38.5620354,0 -85.3337714,38.5621227,0 -85.3336249,38.5624634,0 -85.3335799,38.5625704,0 -85.33325790000001,38.5633114,0 -85.3325019,38.5650694,0 -85.3323709,38.5653704,0 -85.3322849,38.5655724,0 -85.3319809,38.5662784,0 -85.3318529,38.5665734,0 -85.3318099,38.5666704,0 -85.33176589999999,38.5667654,0 -85.3317399,38.5668174,0 -85.3317199,38.5668594,0 -85.3316689,38.5669504,0 -85.3316169,38.5670403999999,0 -85.3314999,38.5672124,0 -85.3314349,38.5672944,0 -85.3313679,38.5673763999999,0 -85.33129390000001,38.5674554,0 -85.3312179,38.5675334,0 -85.3310499,38.5676864,0 -85.3307859,38.5679134,0 -85.3303389,38.5682904,0 -85.3285789,38.5697734,0 -85.3283089,38.5700034,0 -85.3279639,38.5702924,0 -85.32788189999999,38.5703594,0 -85.3277989,38.5704254,0 -85.3277159,38.5704864,0 -85.3276319,38.5705464,0 -85.3275479,38.5706024,0 -85.32746090000001,38.5706554,0 -85.3273729,38.5707044000001,0 -85.32728090000001,38.5707514,0 -85.3271859,38.5707934,0 -85.3270869,38.5708324,0 -85.3269839,38.5708684,0 -85.32687989999999,38.5709024,0 -85.3267699,38.5709344,0 -85.3266589,38.5709644,0 -85.3265439,38.5709944,0 -85.3261919,38.5710784,0 -85.3259243,38.5711384,0 -85.32570990000001,38.5711864,0 -85.3252269,38.5712964,0 -85.3252119,38.5713004,0 -85.3251089,38.5713234,0 -85.32487589999999,38.5713784,0 -85.3247619,38.5714064,0 -85.3247049,38.5714224,0 -85.3245369,38.5714704,0 -85.3244289,38.5715054,0 -85.3243219,38.5715414,0 -85.3242199,38.5715834000001,0 -85.3241199,38.5716263999999,0 -85.3239329,38.5717244,0 -85.32376290000001,38.5718324,0 -85.3236849,38.5718904,0 -85.3236079,38.5719494,0 -85.3235409,38.5720104,0 -85.3234669,38.5720784,0 -85.3234009,38.5721484,0 -85.3233369,38.5722194,0 -85.3232739,38.5722974,0 -85.3232129,38.5723764,0 -85.32309189999999,38.5725434,0 -85.3228429,38.5729014,0 -85.3225099,38.5733744,0 -85.3216999,38.5745344,0 -85.3216329,38.5746314,0 -85.32122990000001,38.5752064,0 -85.3203249,38.5765014,0 -85.32013790000001,38.5767714,0 -85.31995689999999,38.5770384,0 -85.3197749,38.5772964,0 -85.3197199,38.5773834,0 -85.3196689,38.5774704,0 -85.3196209,38.5775574,0 -85.3195779,38.5776464,0 -85.3195379,38.5777344,0 -85.3195029,38.5778244,0 -85.31947289999999,38.5779074,0 -85.31944489999999,38.5780064,0 -85.3194269,38.5780744,0 -85.3194209,38.5780984,0 -85.3194019,38.5781934,0 -85.3193859,38.5782874,0 -85.31935590000001,38.5784774,0 -85.3193069,38.5788124,0 -85.3193009,38.5788594,0 -85.3192449,38.5792424,0 -85.31921440000001,38.5796415,0 -85.3191537,38.5800997,0 -85.3191022,38.5805603,0 -85.3190829,38.5807489,0 -85.3190731,38.5810182,0 -85.3190558,38.5812962,0 -85.3190496,38.5815292,0 -85.3189959,38.5822954,0 -85.31901089999999,38.5827008,0 -85.3190019,38.5828368,0 -85.31899,38.5833578,0 -85.31898169999999,38.5838334,0 -85.3189574,38.5848521,0 -85.31895539999999,38.5856175,0 -85.3189533,38.585996,0 -85.3189465,38.5862368,0 -85.3189445,38.5866149,0 -85.3189282,38.5870858,0 -85.3189218,38.5872676,0 -85.318849,38.5879172,0 -85.318765,38.588569,0 -85.318759,38.58862,0 -85.318758,38.588637,0 -85.31871700000001,38.589024,0 -85.31871599999999,38.58904,0 -85.318712,38.589072,0 -85.31869399999999,38.589244,0 -85.31867099999999,38.589482,0 -85.318659,38.589632,0 -85.31861670000001,38.5901688,0 -85.31859129999999,38.5903212,0 -85.3185616,38.5904638,0 -85.3185065,38.5906345,0 -85.31840889999999,38.590835,0 -85.317897,38.592059,0 -85.31765470000001,38.5926711,0 -85.31760850000001,38.5927813000001,0 -85.3175547,38.5929095999999,0 -85.3173967,38.5932930999999,0 -85.3172112,38.5936748,0 -85.3170779,38.5940169,0 -85.31707110000001,38.5940318,0 -85.31681399999999,38.594593,0 -85.3166994,38.5948974,0 -85.3166399,38.5950159,0 -85.316501,38.5951716999999,0 -85.3163527,38.5953907,0 -85.31619449999999,38.5955914,0 -85.3161515,38.5956459,0 -85.31593220000001,38.5958912,0 -85.31543499999999,38.596373,0 -85.314944,38.596815,0 -85.314335,38.597304,0 -85.31378599999999,38.597696,0 -85.31363399999999,38.597798,0 -85.313256,38.598038,0 -85.3126358,38.5983971,0 -85.311779,38.5988232,0 -85.31128510000001,38.5990427,0 -85.3105833,38.5993066,0 -85.3099579,38.5995176,0 -85.30947639999999,38.5996495,0 -85.308823,38.599772,0 -85.308201,38.599844,0 -85.307571,38.599872,0 -85.307064,38.599854,0 -85.306583,38.599809,0 -85.306061,38.599721,0 -85.30546099999999,38.599574,0 -85.304802,38.599352,0 -85.30446999999999,38.5992108,0 -85.30441399999999,38.599187,0 -85.304041,38.599001,0 -85.30244399999999,38.598063,0 -85.302198,38.597919,0 -85.301591,38.597581,0 -85.30096399999999,38.597284,0 -85.300274,38.597006,0 -85.299814,38.596845,0 -85.299594,38.596782,0 -85.298919,38.5966,0 -85.29549900000001,38.595728,0 -85.293064,38.595105,0 -85.292399,38.594969,0 -85.29196899999999,38.594917,0 -85.29133,38.59489,0 -85.290891,38.594917,0 -85.29029300000001,38.594998,0 -85.28801300000001,38.595502,0 -85.28757899999999,38.595586,0 -85.287116,38.595649,0 -85.286596,38.595691,0 -85.28610999999999,38.5957,0 -85.285112,38.595688,0 -85.284503,38.595733,0 -85.28415099999999,38.595786,0 -85.283699,38.595885,0 -85.28327,38.596015,0 -85.28286799999999,38.596171,0 -85.28265399999999,38.596268,0 -85.28231100000001,38.596449,0 -85.28197,38.596667,0 -85.281637,38.596923,0 -85.28136499999999,38.597171,0 -85.28110700000001,38.59745,0 -85.280873,38.597763,0 -85.280692,38.598052,0 -85.28061,38.598212,0 -85.280474,38.598535,0 -85.28041399999999,38.598718,0 -85.280252,38.599355,0 -85.28017699999999,38.599584,0 -85.280063,38.599817,0 -85.279892,38.600051,0 -85.27961500000001,38.6003,0 -85.279303,38.600483,0 -85.27894000000001,38.600615,0 -85.278735,38.600664,0 -85.27852300000001,38.600696,0 -85.27823600000001,38.600709,0 -85.27804,38.600702,0 -85.276081,38.600506,0 -85.27573099999999,38.600501,0 -85.275524,38.600516,0 -85.275167,38.600579,0 -85.274978,38.600635,0 -85.274795,38.600705,0 -85.274548,38.600819,0 -85.27425599999999,38.601031,0 -85.27408200000001,38.6012,0 -85.273903,38.601441,0 -85.27383500000001,38.601572,0 -85.273776,38.601729,0 -85.27374,38.601892,0 -85.273725,38.602056,0 -85.273732,38.602223,0 -85.273876,38.602906,0 -85.273899,38.603127,0 -85.273878,38.603401,0 -85.273842,38.603548,0 -85.273781,38.603708,0 -85.273692,38.603862,0 -85.27355300000001,38.604049,0 -85.272769,38.604938,0 -85.272367,38.605439,0 -85.27193699999999,38.606035,0 -85.271523,38.606664,0 -85.27132,38.607002,0 -85.271079,38.607323,0 -85.27090800000001,38.607493,0 -85.27067099999999,38.60769,0 -85.270403,38.607865,0 -85.270043,38.608044,0 -85.26964700000001,38.608182,0 -85.269232,38.608271,0 -85.26902,38.608298,0 -85.26866699999999,38.608323,0 -85.26814,38.608349,0 -85.2668891,38.6084093,0 -85.26618000000001,38.608442,0 -85.26597099999999,38.608467,0 -85.265697,38.608518,0 -85.265371,38.608625,0 -85.26518900000001,38.60871,0 -85.265018,38.608809,0 -85.26477199999999,38.609006,0 -85.264646,38.609138,0 -85.264537,38.60928,0 -85.264448,38.609431,0 -85.264397,38.60955,0 -85.26433400000001,38.609771,0 -85.26430999999999,38.609983,0 -85.26431700000001,38.610156,0 -85.264351,38.61033,0 -85.26451900000001,38.610862,0 -85.265745,38.614461,0 -85.26579599999999,38.614631,0 -85.265869,38.614975,0 -85.26589300000001,38.615364,0 -85.26586399999999,38.615665,0 -85.265767,38.616084,0 -85.265635,38.61641,0 -85.26545400000001,38.616728,0 -85.26522900000001,38.617035,0 -85.264993,38.617289,0 -85.264686,38.617558,0 -85.264071,38.618058,0 -85.26363000000001,38.618399,0 -85.263125,38.618729,0 -85.262576,38.619017,0 -85.262191,38.619178,0 -85.26185599999999,38.619303,0 -85.261421,38.619441,0 -85.260755,38.619596,0 -85.259749,38.619742,0 -85.259028,38.619824,0 -85.258371,38.619875,0 -85.257895,38.619896,0 -85.257178,38.6199020000001,0 -85.25646999999999,38.61988,0 -85.255775,38.619827,0 -85.25016100000001,38.61918,0 -85.247944,38.618927,0 -85.24762699999999,38.618903,0 -85.247322,38.618895,0 -85.24682,38.618913,0 -85.246606,38.618932,0 -85.246201,38.618993,0 -85.24599499999999,38.619035,0 -85.245589,38.619141,0 -85.24526299999999,38.619245,0 -85.245015,38.619341,0 -85.24465600000001,38.619503,0 -85.244309,38.619691,0 -85.24375499999999,38.62005,0 -85.24245500000001,38.620936,0 -85.23848700000001,38.623647,0 -85.23774899999999,38.624126,0 -85.237211,38.624427,0 -85.236546,38.624747,0 -85.23248700000001,38.626461,0 -85.23183899999999,38.6267620000001,0 -85.231618,38.626882,0 -85.231256,38.627107,0 -85.230861,38.627401,0 -85.230448,38.627787,0 -85.230125,38.628151,0 -85.23003,38.62827,0 -85.229857,38.628506,0 -85.229682,38.628785,0 -85.229533,38.629073,0 -85.229445,38.62929,0 -85.229382,38.629492,0 -85.22932,38.629726,0 -85.22929000000001,38.629908,0 -85.22926,38.6301050000001,0 -85.229235,38.630368,0 -85.22922699999999,38.630623,0 -85.229213,38.630805,0 -85.22919400000001,38.631026,0 -85.229168,38.631246,0 -85.22914400000001,38.631466,0 -85.229119,38.631684,0 -85.22909300000001,38.631901,0 -85.22908099999999,38.632014,0 -85.22899700000001,38.6327860000001,0 -85.22897500000001,38.633016,0 -85.228942,38.633225,0 -85.22891199999999,38.63345,0 -85.228876,38.633672,0 -85.22883299999999,38.633891,0 -85.228785,38.63411,0 -85.22873199999999,38.634327,0 -85.228673,38.634544,0 -85.22860799999999,38.634759,0 -85.228538,38.634973,0 -85.22846199999999,38.635188,0 -85.228379,38.635402,0 -85.228289,38.635616,0 -85.228193,38.63583,0 -85.22808999999999,38.636045,0 -85.22798,38.636259,0 -85.227863,38.636471,0 -85.22774,38.636683,0 -85.227609,38.6368889999999,0 -85.227475,38.637094,0 -85.227058,38.637704,0 -85.226919,38.637906,0 -85.22664,38.638307,0 -85.22650299999999,38.638506,0 -85.22636799999999,38.638704,0 -85.226106,38.639092,0 -85.225979,38.6392829999999,0 -85.22586800000001,38.639469,0 -85.225776,38.639658,0 -85.22574400000001,38.639732,0 -85.225692,38.6398480000001,0 -85.225623,38.640041,0 -85.22558100000001,38.64024,0 -85.225549,38.640441,0 -85.225533,38.640645,0 -85.22553600000001,38.64085,0 -85.225555,38.641057,0 -85.22559200000001,38.641265,0 -85.22564800000001,38.641474,0 -85.225724,38.641681,0 -85.225821,38.641887,0 -85.225932,38.642087,0 -85.226061,38.642283,0 -85.226142,38.642402,0 -85.22619400000001,38.642477,0 -85.22633399999999,38.642668,0 -85.22647499999999,38.642858,0 -85.226612,38.643045,0 -85.227171,38.643794,0 -85.22730900000001,38.643977,0 -85.22744400000001,38.644158,0 -85.22757799999999,38.64434,0 -85.22772000000001,38.644518,0 -85.22784900000001,38.644703,0 -85.227982,38.644885,0 -85.22811900000001,38.645066,0 -85.22824799999999,38.645248,0 -85.228376,38.645431,0 -85.2285,38.645616,0 -85.228617,38.6458040000001,0 -85.228838,38.646172,0 -85.22889600000001,38.646294,0 -85.228994,38.6465,0 -85.229005,38.646528,0 -85.229176,38.646986,0 -85.229303,38.647403,0 -85.22939700000001,38.6477730000001,0 -85.229488,38.648216,0 -85.229556,38.648733,0 -85.229595,38.64931,0 -85.229578,38.649765,0 -85.22954799999999,38.650297,0 -85.22953099999999,38.650663,0 -85.22950899999999,38.650979,0 -85.22948599999999,38.651245,0 -85.22945199999999,38.651544,0 -85.229444,38.651678,0 -85.229428,38.651894,0 -85.22941,38.65211,0 -85.229389,38.652323,0 -85.229361,38.652536,0 -85.229328,38.652748,0 -85.22929000000001,38.65296,0 -85.229246,38.65317,0 -85.229156,38.65351,0 -85.22909799999999,38.6538,0 -85.22899700000001,38.654088,0 -85.22896799999999,38.65416,0 -85.22893999999999,38.654231,0 -85.22886099999999,38.654439,0 -85.22879330000001,38.6546003,0 -85.228775,38.654644,0 -85.228686,38.6548470000001,0 -85.22849600000001,38.65526,0 -85.228328,38.655652,0 -85.2282,38.656026,0 -85.228139,38.6562770000001,0 -85.22808000000001,38.656646,0 -85.228064,38.656917,0 -85.22802900000001,38.657436,0 -85.22800599999999,38.657715,0 -85.228005,38.657776,0 -85.22799500000001,38.658252,0 -85.227999,38.658566,0 -85.228005,38.658883,0 -85.228015,38.659141,0 -85.22802,38.659253,0 -85.22802299999999,38.659363,0 -85.22803570000001,38.6598277,0 -85.228037,38.659876,0 -85.228025,38.660093,0 -85.22802,38.660308,0 -85.22801699999999,38.660526,0 -85.22801699999999,38.660744,0 -85.228013,38.660967,0 -85.22800599999999,38.66119,0 -85.228003,38.661413,0 -85.228003,38.661532,0 -85.228002,38.661643,0 -85.22800049999999,38.6617038,0 -85.227988,38.662072,0 -85.22798299999999,38.662303,0 -85.227981,38.662526,0 -85.227982,38.662749,0 -85.227975,38.66297,0 -85.227974,38.663192,0 -85.22796700000001,38.6638569999999,0 -85.2279556,38.6646901,0 -85.227947,38.665317,0 -85.227946,38.665395,0 -85.22794,38.665617,0 -85.22792800000001,38.666292,0 -85.22792699999999,38.666519,0 -85.227918,38.666748,0 -85.227918,38.666946,0 -85.22791700000001,38.667199,0 -85.227914,38.667395,0 -85.227907,38.667863,0 -85.227898,38.668349,0 -85.227895,38.668517,0 -85.227903,38.668741,0 -85.22789,38.668951,0 -85.227879,38.669608,0 -85.22787599999999,38.66983,0 -85.22787,38.670163,0 -85.227864,38.670497,0 -85.227862,38.670724,0 -85.227856,38.671176,0 -85.227856,38.671409,0 -85.227851,38.671636,0 -85.22784,38.672547,0 -85.227836,38.672702,0 -85.227834,38.672766,0 -85.22783200000001,38.6729850000001,0 -85.22782100000001,38.673635,0 -85.227814,38.67385,0 -85.22779300000001,38.67404,0 -85.227766,38.67425,0 -85.227726,38.674459,0 -85.22766799999999,38.674662,0 -85.2276,38.674864,0 -85.22751700000001,38.675062,0 -85.227419,38.675258,0 -85.227305,38.675451,0 -85.227194,38.67562,0 -85.22717900000001,38.675642,0 -85.22704,38.675831,0 -85.22702990000001,38.6758452,0 -85.226888,38.676017,0 -85.22672900000001,38.676186,0 -85.226569,38.676385,0 -85.22640800000001,38.676568,0 -85.226247,38.676753,0 -85.224946,38.67823,0 -85.224622,38.678604,0 -85.22446100000001,38.678791,0 -85.22430199999999,38.678974,0 -85.224137,38.679149,0 -85.22381300000001,38.679498,0 -85.22365000000001,38.679671,0 -85.223468,38.679828,0 -85.22327,38.679974,0 -85.22313,38.680062,0 -85.223061,38.680106,0 -85.222843,38.680227,0 -85.22262000000001,38.680344,0 -85.222505,38.680399,0 -85.22233799999999,38.680462,0 -85.222166,38.68052,0 -85.22198299999999,38.680576,0 -85.221842,38.680613,0 -85.22165,38.680655,0 -85.221548,38.680674,0 -85.22139,38.680702,0 -85.221233,38.680727,0 -85.220702,38.680794,0 -85.220528,38.680815,0 -85.22033500000001,38.680837,0 -85.21888199999999,38.681012,0 -85.218076,38.681107,0 -85.21694599999999,38.68124,0 -85.2167,38.681271,0 -85.21622499999999,38.681328,0 -85.216131,38.681338,0 -85.21611900000001,38.68134,0 -85.215907,38.681364,0 -85.21568499999999,38.681394,0 -85.21546499999999,38.681429,0 -85.21525699999999,38.681465,0 -85.215132,38.681488,0 -85.21505399999999,38.681506,0 -85.214923,38.681538,0 -85.214845,38.681555,0 -85.214636,38.681603,0 -85.214527,38.6816289999999,0 -85.214437,38.681652,0 -85.214426,38.681654,0 -85.214337,38.681677,0 -85.21415,38.681728,0 -85.213967,38.681783,0 -85.213808,38.681833,0 -85.213798,38.681837,0 -85.213787,38.68184,0 -85.21361,38.681899,0 -85.213599,38.681902,0 -85.213381,38.681976,0 -85.212957,38.682125,0 -85.21275900000001,38.682196,0 -85.212726,38.682207,0 -85.212543,38.6822719999999,0 -85.21216800000001,38.682401,0 -85.212158,38.682405,0 -85.21198099999999,38.682465,0 -85.21187070000001,38.6824998,0 -85.2114359,38.6826551,0 -85.2110689,38.6827941,0 -85.21092229999999,38.6828596,0 -85.21084430000001,38.6827855,0 -85.2106635,38.6826359,0 -85.21039500000001,38.682417,0 -85.21025400000001,38.6823120000001,0 -85.210131,38.682224,0 -85.209993,38.68213,0 -85.20984199999999,38.682029,0 -85.20967899999999,38.681925,0 -85.209514,38.681824,0 -85.209345,38.681722,0 -85.20916699999999,38.681619,0 -85.20898,38.681514,0 -85.20878399999999,38.681408,0 -85.208381,38.681194,0 -85.208175,38.681086,0 -85.20796799999999,38.680979,0 -85.207852,38.6809196,0 -85.207509,38.680744,0 -85.20733,38.680651,0 -85.207132,38.680549,0 -85.2068125,38.6803821,0 -85.206339,38.6801399,0 -85.20630199999999,38.680121,0 -85.206097,38.680015,0 -85.205887,38.67991,0 -85.205681,38.679803,0 -85.205472,38.6796969999999,0 -85.20526700000001,38.679595,0 -85.20505,38.679495,0 -85.204818,38.6794,0 -85.20459,38.679322,0 -85.20456900000001,38.679316,0 -85.204325,38.679251,0 -85.204116,38.679215,0 -85.204048,38.679207,0 -85.203986,38.6792,0 -85.20384,38.679188,0 -85.20362900000001,38.679179,0 -85.203384,38.679173,0 -85.203136,38.679171,0 -85.202972,38.679174,0 -85.202787,38.679191,0 -85.202378,38.679231,0 -85.20212100000001,38.679257,0 -85.201866,38.679278,0 -85.200103,38.679455,0 -85.199855,38.679479,0 -85.199771,38.679488,0 -85.19960399999999,38.679503,0 -85.199158,38.679547,0 -85.198677,38.679595,0 -85.198629,38.679599,0 -85.197902,38.679669,0 -85.19717799999999,38.679742,0 -85.196225,38.679834,0 -85.195989,38.6798560000001,0 -85.19575399999999,38.679879,0 -85.19552,38.679903,0 -85.19528699999999,38.679925,0 -85.194594,38.6799800000001,0 -85.194363,38.67999,0 -85.194317,38.679991,0 -85.194132,38.679994,0 -85.193674,38.6799949999999,0 -85.193444,38.679999,0 -85.193213,38.680007,0 -85.19297899999999,38.680018,0 -85.19274,38.680032,0 -85.192699,38.680035,0 -85.192499,38.6800479999999,0 -85.192255,38.680066,0 -85.1921689,38.6800717,0 -85.1919201,38.6800887,0 -85.191267,38.680132,0 -85.19078500000001,38.680161,0 -85.19055899999999,38.680172,0 -85.190321,38.680188,0 -85.1900851,38.6802036,0 -85.18704080000001,38.6804118,0 -85.18658859999999,38.6804445,0 -85.1862036,38.6804816,0 -85.185636,38.680558,0 -85.18534099999999,38.680603,0 -85.185187,38.680631,0 -85.185103,38.680644,0 -85.184777,38.680697,0 -85.184703,38.680706,0 -85.1845,38.680733,0 -85.18426599999999,38.68076,0 -85.184105,38.680776,0 -85.18391,38.680793,0 -85.18338,38.680835,0 -85.183364,38.680836,0 -85.183351,38.680838,0 -85.182779,38.680876,0 -85.182509,38.680892,0 -85.182446,38.680896,0 -85.182069,38.680927,0 -85.18174999999999,38.68095,0 -85.181656,38.680956,0 -85.18136,38.680975,0 -85.180819,38.681016,0 -85.180733,38.681024,0 -85.18065900000001,38.68103,0 -85.1799106,38.681091,0 -85.17901500000001,38.681152,0 -85.17865399999999,38.681178,0 -85.17814199999999,38.681204,0 -85.178135,38.681204,0 -85.17764,38.681241,0 -85.17732100000001,38.681266,0 -85.177262,38.68127,0 -85.1763816,38.6813344,0 -85.176154,38.681347,0 -85.175811,38.68137,0 -85.17564,38.681383,0 -85.175279,38.681414,0 -85.17448899999999,38.681468,0 -85.174004,38.681505,0 -85.173333,38.681552,0 -85.172974,38.6815760000001,0 -85.172792,38.681589,0 -85.1724892,38.6816099,0 -85.17242899999999,38.681614,0 -85.172246,38.6816280000001,0 -85.17206,38.681641,0 -85.171868,38.6816519999999,0 -85.17169,38.6816609999999,0 -85.171502,38.681672,0 -85.171134,38.681697,0 -85.171108,38.681698,0 -85.170956,38.681707,0 -85.170777,38.681719,0 -85.170602,38.681735,0 -85.170427,38.681748,0 -85.16994,38.681781,0 -85.169668,38.681803,0 -85.169612,38.681805,0 -85.169538,38.681809,0 -85.169382,38.681818,0 -85.169112,38.681836,0 -85.16892900000001,38.681852,0 -85.168825,38.681862,0 -85.16862999999999,38.681884,0 -85.16852,38.681899,0 -85.16840000000001,38.681918,0 -85.16828599999999,38.681938,0 -85.168131,38.681966,0 -85.167981,38.681998,0 -85.167824,38.682033,0 -85.1676925,38.6820661,0 -85.167665,38.682073,0 -85.16750500000001,38.682117,0 -85.167343,38.682164,0 -85.167182,38.682214,0 -85.167106,38.68224,0 -85.1670901,38.6822454,0 -85.16701999999999,38.682269,0 -85.166859,38.682327,0 -85.16670000000001,38.682389,0 -85.16622,38.682579,0 -85.165899,38.682709,0 -85.165738,38.682772,0 -85.16557,38.682842,0 -85.165071,38.683047,0 -85.164907,38.683113,0 -85.164798,38.683158,0 -85.164574,38.68325,0 -85.164237,38.683385,0 -85.16407100000001,38.68345,0 -85.163871,38.683525,0 -85.163742,38.683573,0 -85.16347500000001,38.683669,0 -85.163417,38.68369,0 -85.16325500000001,38.683745,0 -85.1627371,38.6838937,0 -85.1626097,38.6839298999999,0 -85.162234,38.68407,0 -85.162108,38.684109,0 -85.16177,38.68422,0 -85.16146759999999,38.6843178,0 -85.16143,38.68433,0 -85.161261,38.684383,0 -85.161081,38.684442,0 -85.1608166,38.6845263,0 -85.160642,38.684582,0 -85.160578,38.684603,0 -85.16040700000001,38.684657,0 -85.16023800000001,38.684709,0 -85.1598264,38.6848424,0 -85.15979969999999,38.684851,0 -85.159235,38.685034,0 -85.15921489999999,38.6850403,0 -85.15837399999999,38.685306,0 -85.1582664,38.6853406,0 -85.158029,38.6854170000001,0 -85.1579048,38.6854575,0 -85.1578397,38.6854788,0 -85.157327,38.685646,0 -85.157133,38.685708,0 -85.15697299999999,38.685759,0 -85.156795,38.685817,0 -85.156614,38.685874,0 -85.15564139999999,38.6861856,0 -85.155456,38.686245,0 -85.155252,38.686309,0 -85.154646,38.686502,0 -85.154246,38.686631,0 -85.1537917,38.6867739,0 -85.153642,38.686821,0 -85.153233,38.686952,0 -85.15314429999999,38.6869814,0 -85.153088,38.687,0 -85.152833,38.687084,0 -85.151861,38.687408,0 -85.1513461,38.6875826,0 -85.1511308,38.6876556,0 -85.150882,38.68774,0 -85.150682,38.68781,0 -85.150481,38.687879,0 -85.150173,38.687987,0 -85.150069,38.688025,0 -85.149756,38.688136,0 -85.149652,38.688172,0 -85.1492494,38.6883172,0 -85.14903099999999,38.688396,0 -85.148628,38.688544,0 -85.14803000000001,38.6887680000001,0 -85.14764099999999,38.688916,0 -85.147447,38.688989,0 -85.14725439999999,38.6890634,0 -85.146945,38.689183,0 -85.14667,38.689288,0 -85.14588500000001,38.689592,0 -85.145498,38.68974,0 -85.145308,38.689811,0 -85.144955,38.689947,0 -85.1445643,38.6900961,0 -85.144549,38.690102,0 -85.144362,38.690175,0 -85.14422,38.6902317,0 -85.143991,38.6903229999999,0 -85.143809,38.690397,0 -85.1437834,38.6904076,0 -85.1435652,38.6904977,0 -85.14344800000001,38.690546,0 -85.1432745,38.6906198,0 -85.143086,38.6907,0 -85.14300780000001,38.6907338000001,0 -85.142757,38.690842,0 -85.14272,38.690858,0 -85.14236,38.691017,0 -85.14200700000001,38.691176,0 -85.141662,38.691336,0 -85.1415923,38.6913696,0 -85.141496,38.691416,0 -85.1411706,38.6915708,0 -85.141149,38.691581,0 -85.140975,38.691665,0 -85.140631,38.691837,0 -85.1405876,38.6918594,0 -85.1405027,38.6919033000001,0 -85.1401135,38.6921042,0 -85.1399905,38.6921677000001,0 -85.139833,38.692249,0 -85.1397729,38.6922795,0 -85.13952399999999,38.692406,0 -85.13945219999999,38.6924415,0 -85.139419,38.692458,0 -85.139206,38.692568,0 -85.13910199999999,38.6926207,0 -85.138721,38.692814,0 -85.1386313,38.6928606000001,0 -85.13857,38.6928924999999,0 -85.1382268,38.6930709999999,0 -85.13807300000001,38.693151,0 -85.1380286,38.6931739,0 -85.13791000000001,38.693235,0 -85.1378603,38.6932602,0 -85.137748,38.693317,0 -85.137584,38.693402,0 -85.1374484,38.6934707,0 -85.137424,38.693483,0 -85.1372885,38.6935533,0 -85.13726,38.693568,0 -85.13712409999999,38.6936374,0 -85.13693499999999,38.693734,0 -85.1368629,38.6937716,0 -85.1367922,38.6938085,0 -85.13677199999999,38.693819,0 -85.13661,38.693902,0 -85.1365105,38.6939542,0 -85.13644600000001,38.693988,0 -85.13624280000001,38.6940921,0 -85.1361634,38.6941328,0 -85.136122,38.694154,0 -85.13603980000001,38.6941954,0 -85.135959,38.694236,0 -85.1358694,38.694283,0 -85.135795,38.694322,0 -85.13564,38.6944009999999,0 -85.135462,38.694493,0 -85.13543420000001,38.694507,0 -85.1353409,38.6945539,0 -85.135295,38.694577,0 -85.135149,38.694653,0 -85.1349646,38.6947498,0 -85.134787,38.694843,0 -85.1347049,38.6948853,0 -85.1346199,38.694929,0 -85.1345487,38.6949657,0 -85.13444699999999,38.695018,0 -85.1343553,38.6950644,0 -85.1341953,38.6951453,0 -85.1340445,38.6952216,0 -85.13375499999999,38.695368,0 -85.1336637,38.6954155000001,0 -85.13357999999999,38.695459,0 -85.133405,38.695547,0 -85.1333362,38.6955833,0 -85.13322700000001,38.695641,0 -85.13305099999999,38.695728,0 -85.132876,38.695817,0 -85.1328037,38.6958546,0 -85.13253,38.695997,0 -85.1324094,38.6960587,0 -85.13222089999999,38.6961551,0 -85.132182,38.696175,0 -85.1320638,38.6962361,0 -85.13199,38.6962742,0 -85.13164,38.696455,0 -85.1316025,38.6964742,0 -85.13145400000001,38.69655,0 -85.13134100000001,38.696609,0 -85.13127,38.696645,0 -85.130945,38.696813,0 -85.130608,38.696984,0 -85.130319,38.697132,0 -85.13011659999999,38.6972525,0 -85.12993470000001,38.6973721,0 -85.129848,38.6974382,0 -85.1296574,38.6975835,0 -85.1289665,38.6981682,0 -85.1285298,38.6985849,0 -85.12827660000001,38.6988077,0 -85.1279668,38.6990287,0 -85.12765779999999,38.6992115,0 -85.1274116,38.6993454,0 -85.1273169,38.6993891999999,0 -85.1271587,38.6994622,0 -85.1269041,38.6995736,0 -85.12682789999999,38.6996022,0 -85.1266777,38.6996586,0 -85.1262124,38.6998612,0 -85.1253632,38.7002525,0 -85.12363019999999,38.7010082,0 -85.122516,38.701494,0 -85.12198979999999,38.7017267,0 -85.11995,38.7026689,0 -85.11731330000001,38.7039957999999,0 -85.1153384,38.7050593000001,0 -85.1150557,38.705204,0 -85.114921,38.7052730000001,0 -85.113501,38.706124,0 -85.112436,38.706763,0 -85.1109099,38.7076782,0 -85.11020499999999,38.708101,0 -85.107632,38.709643,0 -85.10269099999999,38.7126,0 -85.10042,38.713934,0 -85.1002804,38.7140079,0 -85.09776859999999,38.7152689,0 -85.097601,38.7153515,0 -85.0934187,38.7174117,0 -85.092186,38.718029,0 -85.0899308,38.7191502,0 -85.089692,38.719269,0 -85.088717,38.719805,0 -85.087658,38.720512,0 -85.0855643,38.7220477,0 -85.085256,38.722283,0 -85.0849678,38.7224953,0 -85.08354180000001,38.7235459,0 -85.0793862,38.7266071,0 -85.07838,38.727329,0 -85.0757878,38.7289469,0 -85.074141,38.7299631,0 -85.0721496,38.7311919,0 -85.07082,38.732015,0 -85.06874639999999,38.7332969,0 -85.0681111,38.7336897,0 -85.0667,38.734562,0 -85.06629,38.734816,0 -85.066118,38.734921,0 -85.06534600000001,38.735398,0 -85.06493,38.735652,0 -85.064691,38.735799,0 -85.06445100000001,38.735952,0 -85.06436100000001,38.736007,0 -85.064306,38.736043,0 -85.06424800000001,38.736078,0 -85.06423599999999,38.736085,0 -85.064155,38.736137,0 -85.064029,38.736214,0 -85.063886,38.7363,0 -85.063733,38.736389,0 -85.06341,38.7365679999999,0 -85.063244,38.736655,0 -85.063075,38.736741,0 -85.062905,38.7368239999999,0 -85.06273400000001,38.736906,0 -85.062575,38.73698,0 -85.061871,38.737316,0 -85.061171,38.737691,0 -85.061087,38.737736,0 -85.060641,38.737967,0 -85.06050310000001,38.7380392,0 -85.05974000000001,38.738447,0 -85.05947,38.738593,0 -85.05919900000001,38.738744,0 -85.059066,38.73882,0 -85.05893500000001,38.738898,0 -85.058807,38.73898,0 -85.05868,38.739064,0 -85.058401,38.739252,0 -85.05829,38.739325,0 -85.05802300000001,38.73951,0 -85.0579894,38.7395329000001,0 -85.05788800000001,38.739605,0 -85.05775300000001,38.739705,0 -85.05761699999999,38.739809,0 -85.057481,38.739918,0 -85.05734699999999,38.740032,0 -85.057214,38.740151,0 -85.057081,38.740272,0 -85.05694699999999,38.740396,0 -85.056675,38.740652,0 -85.05653700000001,38.74078,0 -85.05639600000001,38.740907,0 -85.0563827,38.7409176,0 -85.05624400000001,38.741028,0 -85.056082,38.741144,0 -85.05591,38.741259,0 -85.055769,38.741344,0 -85.055728,38.741369,0 -85.055632,38.741423,0 -85.05553500000001,38.741476,0 -85.055331,38.741578,0 -85.055224,38.741627,0 -85.055116,38.741675,0 -85.05495500000001,38.741743,0 -85.05489300000001,38.74177,0 -85.05421200000001,38.742048,0 -85.053982,38.74214,0 -85.053866,38.742188,0 -85.053749,38.742235,0 -85.053511,38.742333,0 -85.053029,38.742528,0 -85.052837,38.742607,0 -85.05266899999999,38.742674,0 -85.05255,38.742723,0 -85.052312,38.742819,0 -85.051957,38.742965,0 -85.051604,38.743107,0 -85.05136899999999,38.743203,0 -85.051255,38.743251,0 -85.050691,38.743484,0 -85.050258,38.743658,0 -85.050049,38.743743,0 -85.049646,38.74391,0 -85.049256,38.7440670000001,0 -85.049063,38.744142,0 -85.048868,38.744211,0 -85.048671,38.744276,0 -85.0485954,38.7442985,0 -85.048469,38.744336,0 -85.048259,38.744393,0 -85.048151,38.74442,0 -85.048042,38.744446,0 -85.04792999999999,38.74447,0 -85.047839,38.7444885,0 -85.04781699999999,38.744493,0 -85.047714,38.7445119,0 -85.047588,38.744535,0 -85.047359,38.744571,0 -85.04713099999999,38.7446,0 -85.046905,38.744623,0 -85.04668100000001,38.74464,0 -85.046459,38.744651,0 -85.04624,38.744656,0 -85.04602300000001,38.744654,0 -85.04580799999999,38.744646,0 -85.04559500000001,38.744633,0 -85.045383,38.744616,0 -85.044949,38.744571,0 -85.04483999999999,38.744561,0 -85.044606,38.744542,0 -85.04449,38.744534,0 -85.044251,38.744522,0 -85.044006,38.744518,0 -85.043761,38.744522,0 -85.04351699999999,38.744532,0 -85.04327000000001,38.744548,0 -85.04314599999999,38.744559,0 -85.04302199999999,38.744572,0 -85.042773,38.744604,0 -85.04271,38.744614,0 -85.04264999999999,38.744625,0 -85.042528,38.744645,0 -85.0424411,38.7446617,0 -85.042289,38.744691,0 -85.042055,38.744743,0 -85.041825,38.744799,0 -85.0416,38.744863,0 -85.041488,38.744899,0 -85.04145,38.744912,0 -85.04132300000001,38.744954,0 -85.041269,38.744974,0 -85.04116,38.745012,0 -85.041051,38.745052,0 -85.04094000000001,38.745093,0 -85.040717,38.745178,0 -85.040238,38.745364,0 -85.039821,38.745528,0 -85.039343,38.745715,0 -85.038884,38.745893,0 -85.038434,38.746071,0 -85.038325,38.746115,0 -85.03821499999999,38.746158,0 -85.03810900000001,38.746202,0 -85.03794600000001,38.7462686,0 -85.037373,38.746502,0 -85.03655999999999,38.746843,0 -85.036385,38.746918,0 -85.03601759999999,38.747064,0 -85.03528799999999,38.747374,0 -85.03509,38.747459,0 -85.03478200000001,38.747588,0 -85.03393,38.747939,0 -85.033607,38.7480750000001,0 -85.033271,38.748215,0 -85.033158,38.748264,0 -85.03299,38.748335,0 -85.032652,38.748473,0 -85.032263,38.748637,0 -85.032118,38.748697,0 -85.031826,38.748816,0 -85.031488,38.748956,0 -85.03126,38.749053,0 -85.031029,38.749149,0 -85.030913,38.749196,0 -85.03060000000001,38.749325,0 -85.030445,38.749391,0 -85.02940700000001,38.749825,0 -85.029293,38.7498740000001,0 -85.02799899999999,38.750414,0 -85.027879,38.750465,0 -85.027636,38.750566,0 -85.027142,38.750775,0 -85.02653100000001,38.751031,0 -85.02641,38.751081,0 -85.02617100000001,38.751182,0 -85.026051,38.751231,0 -85.025525,38.751451,0 -85.024998,38.75167,0 -85.024411,38.751916,0 -85.02412699999999,38.752034,0 -85.023825,38.75216,0 -85.02370999999999,38.7522069999999,0 -85.02337,38.75235,0 -85.022491,38.752713,0 -85.0219974,38.752924,0 -85.021885,38.7529720000001,0 -85.02174530000001,38.753032,0 -85.021573,38.753106,0 -85.021468,38.75315,0 -85.021322,38.753213,0 -85.02104799999999,38.753329,0 -85.019898,38.7537885,0 -85.0197713,38.75385,0 -85.0177838,38.7547452,0 -85.017178,38.7550179999999,0 -85.01566,38.7556687,0 -85.0152933,38.7558272,0 -85.01474709999999,38.7560755,0 -85.014554,38.756161,0 -85.013302,38.756708,0 -85.01274600000001,38.756955,0 -85.012552,38.757044,0 -85.012355,38.757136,0 -85.012157,38.757232,0 -85.011899,38.757361,0 -85.011775,38.757426,0 -85.011589,38.757527,0 -85.011402,38.757632,0 -85.011216,38.757743,0 -85.011036,38.757855,0 -85.01086100000001,38.7579690000001,0 -85.01069200000001,38.758083,0 -85.010351,38.758324,0 -85.010008,38.758568,0 -85.00981400000001,38.758703,0 -85.008955,38.759311,0 -85.0088423,38.75939,0 -85.008781,38.7594330000001,0 -85.008605,38.759558,0 -85.00842799999999,38.759681,0 -85.008252,38.7598,0 -85.00807399999999,38.759916,0 -85.007891,38.76003,0 -85.00770199999999,38.760139,0 -85.0075913,38.7602009,0 -85.007514,38.760244,0 -85.007141,38.760443,0 -85.006957,38.76054,0 -85.006587,38.760728,0 -85.006398,38.760822,0 -85.00620499999999,38.760913,0 -85.006005,38.761,0 -85.005798,38.761083,0 -85.005376,38.761242,0 -85.005167,38.761318,0 -85.004957,38.761393,0 -85.0042047,38.7616675,0 -85.004091,38.761709,0 -85.00397580000001,38.7617516,0 -85.003753,38.761834,0 -85.00340799999999,38.76196,0 -85.003179,38.762042,0 -85.00295300000001,38.762125,0 -85.00225399999999,38.762378,0 -85.002021,38.762461,0 -85.00186220000001,38.7625187,0 -85.001721,38.76257,0 -85.001344,38.762706,0 -85.001126,38.762786,0 -85.000911,38.762866,0 -85.00020499999999,38.763134,0 -84.9993485,38.7634585,0 -84.999173,38.763525,0 -84.99903500000001,38.763577,0 -84.998836,38.763649,0 -84.998018,38.76395,0 -84.99751449999999,38.7641337,0 -84.997204,38.764247,0 -84.997004,38.7643190000001,0 -84.996808,38.764391,0 -84.99592850000001,38.7647073,0 -84.995373,38.764907,0 -84.99514120000001,38.7649908,0 -84.994947,38.765061,0 -84.99454249999999,38.7652035,0 -84.99451000000001,38.765215,0 -84.993854,38.765436,0 -84.99364199999999,38.765506,0 -84.992801,38.765776,0 -84.991867,38.766072,0 -84.99128469999999,38.7662599,0 -84.990959,38.766365,0 -84.990647,38.766462,0 -84.990427,38.766527,0 -84.990195,38.766587,0 -84.98996099999999,38.766642,0 -84.98971299999999,38.766692,0 -84.989465,38.766733,0 -84.98939,38.766743,0 -84.98921799999999,38.766769,0 -84.988973,38.7668,0 -84.98886109999999,38.7668126,0 -84.988724,38.766828,0 -84.987652,38.766943,0 -84.98738400000001,38.766973,0 -84.98709599999999,38.767008,0 -84.986807,38.767046,0 -84.9867218,38.76706,0 -84.986649,38.7670719,0 -84.98657799999999,38.7670835,0 -84.98652,38.767093,0 -84.98636930000001,38.7671226,0 -84.98623499999999,38.767149,0 -84.986068,38.767186,0 -84.98595400000001,38.767211,0 -84.985674,38.767275,0 -84.98539100000001,38.767341,0 -84.985308,38.7673607,0 -84.98509319999999,38.7674118,0 -84.9828995,38.7679331,0 -84.98277299999999,38.767968,0 -84.982197,38.768105,0 -84.98195,38.768163,0 -84.981909,38.768172,0 -84.98162600000001,38.768239,0 -84.98106199999999,38.7683750000001,0 -84.979955,38.768639,0 -84.97967800000001,38.768706,0 -84.979135,38.768834,0 -84.9789305,38.768884,0 -84.978583,38.768969,0 -84.978301,38.769035,0 -84.97752199999999,38.769219,0 -84.977268,38.769283,0 -84.97700399999999,38.769364,0 -84.976358,38.769569,0 -84.97623,38.769609,0 -84.975973,38.7696949999999,0 -84.97571499999999,38.76978,0 -84.975364,38.76989,0 -84.975199,38.769941,0 -84.97494399999999,38.770015,0 -84.9747572,38.7700673,0 -84.974687,38.770087,0 -84.97416200000001,38.770215,0 -84.973612,38.770344,0 -84.971673,38.770805,0 -84.970564,38.771083,0 -84.97042500000001,38.771117,0 -84.96946699999999,38.771346,0 -84.969193,38.7714100000001,0 -84.9691801,38.7714131,0 -84.96892,38.771475,0 -84.968688,38.771528,0 -84.96829200000001,38.7716222,0 -84.9677501,38.7717511,0 -84.9668167,38.7719567,0 -84.96622600000001,38.772092,0 -84.965163,38.772338,0 -84.964523,38.772484,0 -84.96449699999999,38.772489,0 -84.9642108,38.772561,0 -84.964113,38.772588,0 -84.9640577,38.7726008,0 -84.9639908,38.772616,0 -84.96377459999999,38.772659,0 -84.96353910000001,38.772686,0 -84.96331929999999,38.7727008,0 -84.96311710000001,38.7727075,0 -84.9622991,38.7726953,0 -84.96133759999999,38.7727003,0 -84.9606252,38.7726988,0 -84.959962,38.772693,0 -84.9598343,38.7726921,0 -84.959647,38.7726876,0 -84.959439,38.772679,0 -84.959176,38.7726619000001,0 -84.9589213,38.7726372,0 -84.9586637,38.7726121,0 -84.9579232,38.7725404,0 -84.957425,38.7724916,0 -84.9569137,38.7724414,0 -84.956649,38.7724148,0 -84.95604590000001,38.7723529,0 -84.9558699,38.7723356,0 -84.9551175,38.7722604,0 -84.95487660000001,38.7722336,0 -84.954641,38.7721998,0 -84.9544176,38.7721588,0 -84.9541925,38.772109,0 -84.95398659999999,38.7720544,0 -84.9537984,38.7719948,0 -84.95359929999999,38.7719258,0 -84.9532973,38.771819,0 -84.95312920000001,38.771759,0 -84.95297739999999,38.7717097,0 -84.9528279,38.7716683,0 -84.9526764,38.7716294,0 -84.95255640000001,38.7716022,0 -84.952432,38.7715778,0 -84.9522934,38.7715526,0 -84.95215520000001,38.7715315,0 -84.95191130000001,38.7714976,0 -84.9515875,38.7714536,0 -84.95127890000001,38.7714126,0 -84.9502878,38.7712832,0 -84.94966340000001,38.7711925,0 -84.94914989999999,38.7711129,0 -84.948348,38.7709852,0 -84.94753369999999,38.7708542,0 -84.94698529999999,38.7707649,0 -84.9461574,38.770632,0 -84.9453477,38.7705008000001,0 -84.9448762,38.7704231,0 -84.9443715,38.7703404,0 -84.94344719999999,38.7701909,0 -84.9425016,38.7700373,0 -84.94205409999999,38.769966,0 -84.9415339,38.769882,0 -84.94115480000001,38.7698213,0 -84.9405132,38.7697161,0 -84.94008460000001,38.7696464,0 -84.9399543,38.7696277,0 -84.9398233,38.7696106,0 -84.93967790000001,38.7695972,0 -84.93956,38.7695883,0 -84.93943109999999,38.769582,0 -84.9393235,38.7695786,0 -84.9392114,38.7695797,0 -84.9391285,38.7695852,0 -84.939047,38.769596,0 -84.938913,38.769621,0 -84.9387882,38.7696501,0 -84.93865940000001,38.7696821,0 -84.93736850000001,38.7699892,0 -84.93705,38.7700614,0 -84.936779,38.7701226,0 -84.936424,38.770205,0 -84.9361897,38.7702604,0 -84.93598,38.77031,0 -84.935717,38.770375,0 -84.935461,38.770453,0 -84.93522,38.77055,0 -84.934994,38.770664,0 -84.93477900000001,38.770787,0 -84.93456500000001,38.770916,0 -84.934129,38.771183,0 -84.93391,38.771314,0 -84.933691,38.771439,0 -84.93346699999999,38.77155,0 -84.933232,38.771639,0 -84.932986,38.771708,0 -84.93272899999999,38.771768,0 -84.9325341,38.7718095,0 -84.93246600000001,38.771824,0 -84.9321061,38.771898,0 -84.93193100000001,38.771934,0 -84.9317254,38.7719752000001,0 -84.93124280000001,38.7720719,0 -84.93119729999999,38.772081,0 -84.92862100000001,38.772597,0 -84.92804599999999,38.772716,0 -84.927182,38.77289,0 -84.92689900000001,38.772946,0 -84.92634099999999,38.77306,0 -84.926067,38.773118,0 -84.92582899999999,38.773173,0 -84.925797,38.7731799999999,0 -84.92553100000001,38.77325,0 -84.92527,38.773327,0 -84.92501300000001,38.773411,0 -84.92478300000001,38.773489,0 -84.9245035,38.7735857,0 -84.924251,38.773673,0 -84.923998,38.7737590000001,0 -84.92374100000001,38.7738480000001,0 -84.923484,38.7739400000001,0 -84.92322900000001,38.774034,0 -84.9228808,38.774165,0 -84.9226371,38.7742566,0 -84.92223199999999,38.774409,0 -84.92202109999999,38.7744893,0 -84.921741,38.774596,0 -84.9212347,38.7747867,0 -84.921002,38.774871,0 -84.920755,38.7749639999999,0 -84.920508,38.775059,0 -84.9202892,38.7751424,0 -84.91974399999999,38.77535,0 -84.9196937,38.7753684,0 -84.91964,38.775388,0 -84.919484,38.775448,0 -84.91939739999999,38.7754805,0 -84.9188996,38.7756674,0 -84.918701,38.775742,0 -84.91844500000001,38.77584,0 -84.91825040000001,38.7759136,0 -84.9181282,38.7759598000001,0 -84.917948,38.776028,0 -84.9174982,38.7761961,0 -84.9173638,38.7762463,0 -84.917236,38.776294,0 -84.917008,38.776381,0 -84.91699319999999,38.7763867,0 -84.916781,38.776469,0 -84.9166721,38.7765132,0 -84.916552,38.776562,0 -84.916409,38.7766215,0 -84.916079,38.776759,0 -84.9158572,38.7768526,0 -84.915361,38.777062,0 -84.9152692,38.7771013,0 -84.915029,38.777204,0 -84.91488099999999,38.777269,0 -84.914525,38.77742,0 -84.9144757,38.777441,0 -84.91392,38.777678,0 -84.913653,38.777791,0 -84.912938,38.778096,0 -84.912115,38.778445,0 -84.911141,38.778863,0 -84.910916,38.778961,0 -84.910696,38.779059,0 -84.910471,38.779163,0 -84.910253,38.779269,0 -84.91016,38.779317,0 -84.91003240000001,38.7793835,0 -84.90999100000001,38.779405,0 -84.909775,38.77952,0 -84.909667,38.779579,0 -84.909342,38.77976,0 -84.90879,38.780067,0 -84.90870700000001,38.780112,0 -84.90705199999999,38.781032,0 -84.90691289999999,38.7811091999999,0 -84.906706,38.781224,0 -84.906526,38.781325,0 -84.906188,38.781511,0 -84.90584699999999,38.781694,0 -84.90563,38.7818070000001,0 -84.905546,38.781852,0 -84.90491900000001,38.782163,0 -84.90461999999999,38.7823099999999,0 -84.904399,38.78242,0 -84.904055,38.782591,0 -84.90392199999999,38.782658,0 -84.903792,38.782722,0 -84.903183,38.783028,0 -84.903136,38.783051,0 -84.903083,38.7830780000001,0 -84.90252099999999,38.783355,0 -84.902311,38.78346,0 -84.902215,38.783509,0 -84.90199699999999,38.783618,0 -84.901951,38.78364,0 -84.901703,38.783762,0 -84.901194,38.784012,0 -84.900807,38.784205,0 -84.900632,38.784292,0 -84.900181,38.784511,0 -84.899867,38.784665,0 -84.89961,38.784793,0 -84.899378,38.784906,0 -84.89921,38.784989,0 -84.899041,38.785067,0 -84.89886799999999,38.785138,0 -84.89869299999999,38.785203,0 -84.8986469,38.7852185,0 -84.898568,38.785245,0 -84.89851400000001,38.785263,0 -84.89838450000001,38.7853028,0 -84.89815,38.785373,0 -84.8980342,38.7854138,0 -84.8977783,38.7854868,0 -84.897498,38.785571,0 -84.89742099999999,38.785595,0 -84.8971318,38.7856826,0 -84.89700499999999,38.785721,0 -84.89664,38.785835,0 -84.896266,38.785946,0 -84.89617699999999,38.785972,0 -84.895865,38.786068,0 -84.89578,38.7860934,0 -84.89571100000001,38.786114,0 -84.895218,38.786267,0 -84.895167,38.786282,0 -84.894858,38.786377,0 -84.894632,38.786447,0 -84.89454360000001,38.7864736,0 -84.894013,38.7866485999999,0 -84.89384200000001,38.786705,0 -84.893677,38.786754,0 -84.893553,38.786785,0 -84.89350399999999,38.786798,0 -84.893325,38.786836,0 -84.893141,38.78687,0 -84.892954,38.786896,0 -84.892762,38.786916,0 -84.892563,38.786926,0 -84.892368,38.786931,0 -84.89217600000001,38.786926,0 -84.892022,38.786921,0 -84.891778,38.786911,0 -84.89157400000001,38.786901,0 -84.8914836,38.7868971,0 -84.891367,38.786892,0 -84.8911921,38.7868828,0 -84.891159,38.786881,0 -84.89096499999999,38.786869,0 -84.8906319,38.7868489,0 -84.890306,38.7868293,0 -84.890102,38.786817,0 -84.88988500000001,38.786805,0 -84.889669,38.786791,0 -84.88901799999999,38.786754,0 -84.888569,38.786727,0 -84.888345,38.786712,0 -84.8879,38.786686,0 -84.887581,38.786666,0 -84.88744800000001,38.7866580000001,0 -84.88738499999999,38.786655,0 -84.886781,38.786621,0 -84.885623,38.786554,0 -84.885166,38.786526,0 -84.88493699999999,38.786513,0 -84.884235,38.786471,0 -84.883758,38.786444,0 -84.8836323,38.7864364,0 -84.883511,38.786429,0 -84.882718,38.786383,0 -84.882507,38.786371,0 -84.882249,38.786359,0 -84.881743,38.786329,0 -84.88173500000001,38.7863280000001,0 -84.881237,38.786298,0 -84.88097999999999,38.786284,0 -84.88045,38.786253,0 -84.88018,38.786235,0 -84.880123,38.786232,0 -84.879909,38.786219,0 -84.879632,38.7862039999999,0 -84.879077,38.786172,0 -84.878801,38.786155,0 -84.87769299999999,38.786091,0 -84.876808,38.786037,0 -84.87659600000001,38.786024,0 -84.87613,38.785998,0 -84.87605000000001,38.785994,0 -84.875252,38.785946,0 -84.87523899999999,38.785946,0 -84.874967,38.785929,0 -84.874697,38.785911,0 -84.874432,38.785892,0 -84.874171,38.78587,0 -84.87391100000001,38.785847,0 -84.87365200000001,38.785821,0 -84.873212,38.7857730000001,0 -84.872608,38.785706,0 -84.872349,38.785676,0 -84.87208800000001,38.785647,0 -84.8717352,38.7856068,0 -84.8715827,38.7855895,0 -84.87105099999999,38.785529,0 -84.87084179999999,38.7855064,0 -84.870561,38.785476,0 -84.870037,38.785424,0 -84.86928399999999,38.785338,0 -84.86922800000001,38.785331,0 -84.869033,38.785308,0 -84.868377,38.785234,0 -84.868048,38.7852,0 -84.867801,38.785181,0 -84.867555,38.785166,0 -84.867311,38.785158,0 -84.8671196,38.7851556,0 -84.86707199999999,38.785155,0 -84.866834,38.785155,0 -84.86663470000001,38.7851558,0 -84.866106,38.785158,0 -84.865402,38.785158,0 -84.865162,38.78516,0 -84.865049,38.78516,0 -84.864423,38.78516,0 -84.8641957,38.7851605,0 -84.86404210000001,38.7851608000001,0 -84.863928,38.7851610000001,0 -84.86354230000001,38.7851602,0 -84.863434,38.78516,0 -84.86217000000001,38.7851610000001,0 -84.86166299999999,38.785159,0 -84.861408,38.785161,0 -84.861155,38.785165,0 -84.86090299999999,38.78517,0 -84.860646,38.78518,0 -84.86038600000001,38.785194,0 -84.86012700000001,38.785211,0 -84.859613,38.785249,0 -84.85908999999999,38.7852850000001,0 -84.85883200000001,38.785301,0 -84.858577,38.785315,0 -84.858541,38.785315,0 -84.85832600000001,38.785319,0 -84.858079,38.78531,0 -84.857837,38.785288,0 -84.857595,38.785257,0 -84.85735,38.785219,0 -84.857101,38.785177,0 -84.856848,38.785129,0 -84.856594,38.785077,0 -84.85633900000001,38.785023,0 -84.855825,38.784912,0 -84.855565,38.784851,0 -84.85530900000001,38.7847840000001,0 -84.855056,38.784712,0 -84.854542,38.784561,0 -84.854285,38.784487,0 -84.854027,38.784418,0 -84.853769,38.784356,0 -84.853511,38.784304,0 -84.853253,38.78426,0 -84.852998,38.784223,0 -84.852743,38.784192,0 -84.85249,38.784163,0 -84.852087,38.784119,0 -84.851466,38.78405,0 -84.851212,38.78402,0 -84.85117200000001,38.784016,0 -84.85096,38.783992,0 -84.850714,38.7839630000001,0 -84.850217,38.783908,0 -84.849971,38.783885,0 -84.849722,38.783866,0 -84.84947,38.783853,0 -84.849214,38.783838,0 -84.848952,38.783816,0 -84.848687,38.783786,0 -84.84842500000001,38.78375,0 -84.848167,38.783708,0 -84.84791199999999,38.78366,0 -84.847661,38.783609,0 -84.847413,38.783554,0 -84.846919,38.783441,0 -84.846412,38.783321,0 -84.846153,38.783258,0 -84.845623,38.783125,0 -84.845359,38.783055,0 -84.844824,38.782926,0 -84.844562,38.78286,0 -84.844033,38.782725,0 -84.84376899999999,38.782663,0 -84.843242,38.782536,0 -84.84297599999999,38.782474,0 -84.842451,38.782347,0 -84.841663,38.782162,0 -84.841138,38.782034,0 -84.840872,38.781975,0 -84.840605,38.781911,0 -84.84033700000001,38.781844,0 -84.84007099999999,38.781776,0 -84.83981,38.781708,0 -84.838796,38.781433,0 -84.83829799999999,38.7813,0 -84.838055,38.781233,0 -84.837811,38.781167,0 -84.837566,38.781103,0 -84.837326,38.781038,0 -84.83709,38.780976,0 -84.836614,38.780854,0 -84.83637,38.780793,0 -84.836124,38.780734,0 -84.83587300000001,38.780678,0 -84.835611,38.780627,0 -84.835444,38.780601,0 -84.83534,38.780585,0 -84.83506800000001,38.780551,0 -84.834534,38.780491,0 -84.834266,38.780463,0 -84.834005,38.780438,0 -84.833741,38.780415,0 -84.833476,38.78039,0 -84.833285,38.780373,0 -84.833208,38.780365,0 -84.83294100000001,38.78034,0 -84.832671,38.7803120000001,0 -84.832402,38.780281,0 -84.831862,38.780225,0 -84.831326,38.780167,0 -84.831056,38.780139,0 -84.830789,38.780108,0 -84.830517,38.780083,0 -84.82998000000001,38.780031,0 -84.82916899999999,38.779956,0 -84.82889900000001,38.7799300000001,0 -84.828101,38.77985,0 -84.82782899999999,38.779821,0 -84.827556,38.77979,0 -84.82728400000001,38.779757,0 -84.82701400000001,38.77973,0 -84.82674400000001,38.779713,0 -84.826475,38.77971,0 -84.82620900000001,38.77972,0 -84.82594400000001,38.779736,0 -84.82512800000001,38.779795,0 -84.82456500000001,38.779842,0 -84.824275,38.779869,0 -84.823987,38.779898,0 -84.823705,38.779928,0 -84.823162,38.779989,0 -84.8229,38.78002,0 -84.821228,38.780211,0 -84.820994,38.780236,0 -84.820752,38.780258,0 -84.820263,38.7803,0 -84.82001700000001,38.780322,0 -84.81976299999999,38.780354,0 -84.81951100000001,38.780389,0 -84.81925099999999,38.780432,0 -84.818989,38.780481,0 -84.81872799999999,38.780532,0 -84.81847,38.780587,0 -84.818213,38.780645,0 -84.81796,38.780709,0 -84.81744999999999,38.780833,0 -84.817193,38.780897,0 -84.81694,38.780962,0 -84.816688,38.781028,0 -84.816439,38.781099,0 -84.816192,38.781171,0 -84.81544700000001,38.781398,0 -84.815201,38.781475,0 -84.814723,38.781633,0 -84.814255,38.781795,0 -84.814015,38.781883,0 -84.813284,38.782155,0 -84.812787,38.782339,0 -84.81254300000001,38.782425,0 -84.81229999999999,38.782502,0 -84.812055,38.782567,0 -84.811812,38.782622,0 -84.811566,38.782669,0 -84.811356,38.7827012,0 -84.8109427,38.7827715,0 -84.8099895,38.7829358,0 -84.8098272,38.7829649,0 -84.80967699999999,38.782993,0 -84.80943600000001,38.7830390000001,0 -84.80925000000001,38.783081,0 -84.809167,38.783099,0 -84.8090375,38.7831321999999,0 -84.808898,38.783168,0 -84.808628,38.783243,0 -84.808593,38.783254,0 -84.808361,38.783324,0 -84.808104,38.7834099999999,0 -84.807855,38.783504,0 -84.80762300000001,38.783608,0 -84.807407,38.783726,0 -84.80721,38.783856,0 -84.807034,38.783998,0 -84.80687500000001,38.78415,0 -84.806721,38.784318,0 -84.80611500000001,38.785024,0 -84.805955,38.785213,0 -84.8058,38.785398,0 -84.80564099999999,38.78559,0 -84.805483,38.785783,0 -84.805336,38.785972,0 -84.80519200000001,38.786164,0 -84.805066,38.786355,0 -84.80494400000001,38.7865480000001,0 -84.80471300000001,38.786942,0 -84.80449,38.787342,0 -84.804374,38.787542,0 -84.80425700000001,38.78774,0 -84.804147,38.787933,0 -84.804036,38.788119,0 -84.803922,38.788299,0 -84.803802,38.788472,0 -84.803675,38.788638,0 -84.803641,38.788681,0 -84.803546,38.7888,0 -84.80327699999999,38.789127,0 -84.803135,38.789296,0 -84.802993,38.78947,0 -84.802643,38.789887,0 -84.802396,38.79018,0 -84.802108,38.790525,0 -84.801964,38.790696,0 -84.801828,38.790862,0 -84.80170099999999,38.791032,0 -84.80159500000001,38.791205,0 -84.801517,38.791383,0 -84.801481,38.791508,0 -84.80146499999999,38.791562,0 -84.801435,38.791744,0 -84.80143099999999,38.791925,0 -84.801434,38.792108,0 -84.801424,38.792291,0 -84.801396,38.792448,0 -84.80139200000001,38.792473,0 -84.801333,38.792653,0 -84.801254,38.792823,0 -84.801153,38.792985,0 -84.80103099999999,38.793138,0 -84.800898,38.793286,0 -84.80010299999999,38.794033,0 -84.79994000000001,38.794191,0 -84.799773,38.794351,0 -84.79879099999999,38.795277,0 -84.79863899999999,38.795417,0 -84.798511,38.795539,0 -84.79835199999999,38.795688,0 -84.79821099999999,38.795816,0 -84.79807099999999,38.795939,0 -84.79792500000001,38.796051,0 -84.79776699999999,38.796152,0 -84.79759799999999,38.796242,0 -84.797416,38.79632,0 -84.797229,38.796384,0 -84.797028,38.796438,0 -84.796826,38.796474,0 -84.796617,38.796491,0 -84.79639400000001,38.7965,0 -84.796164,38.796506,0 -84.795688,38.796515,0 -84.7955461,38.7965191,0 -84.795445,38.796522,0 -84.795193,38.796534,0 -84.794937,38.7965580000001,0 -84.794684,38.796586,0 -84.7946491,38.796592,0 -84.794433,38.796629,0 -84.794186,38.796679,0 -84.793941,38.796735,0 -84.7935726,38.7968235,0 -84.79346200000001,38.79685,0 -84.793228,38.7969069999999,0 -84.792534,38.7970790000001,0 -84.7924682,38.7970956,0 -84.7923,38.797138,0 -84.79206499999999,38.797196,0 -84.79182900000001,38.797253,0 -84.7917736,38.7972667000001,0 -84.791591,38.797312,0 -84.79141920000001,38.7973552,0 -84.790947,38.797474,0 -84.790584,38.797567,0 -84.790316,38.797642,0 -84.790052,38.797726,0 -84.789794,38.797821,0 -84.7896176,38.7978948,0 -84.78954299999999,38.797926,0 -84.7893675,38.7980062,0 -84.789298,38.798038,0 -84.78906000000001,38.798155,0 -84.78888600000001,38.798243,0 -84.788825,38.7982749999999,0 -84.788589,38.798396,0 -84.7882537,38.7985756,0 -84.7881259,38.7986441,0 -84.78795100000001,38.798728,0 -84.787111,38.799167,0 -84.78589100000001,38.799797,0 -84.785392,38.800053,0 -84.784143,38.800705,0 -84.783411,38.801083,0 -84.783255,38.801166,0 -84.78317300000001,38.801209,0 -84.78294200000001,38.801334,0 -84.782718,38.801461,0 -84.78250800000001,38.801592,0 -84.782303,38.801726,0 -84.7821,38.801863,0 -84.781903,38.802005,0 -84.781707,38.802148,0 -84.78149999999999,38.802295,0 -84.781283,38.802438,0 -84.781058,38.802568,0 -84.780824,38.802684,0 -84.780582,38.802788,0 -84.780327,38.802885,0 -84.779793,38.803075,0 -84.779781,38.80308,0 -84.77909699999999,38.803321,0 -84.77867500000001,38.80347,0 -84.7785861,38.8035018,0 -84.77803400000001,38.803699,0 -84.77752599999999,38.803879,0 -84.776948,38.804078,0 -84.776674,38.804178,0 -84.776393,38.804279,0 -84.776117,38.80438,0 -84.77584899999999,38.804482,0 -84.775594,38.804592,0 -84.775357,38.804713,0 -84.77513500000001,38.804843,0 -84.77493,38.804982,0 -84.774737,38.805131,0 -84.774547,38.805287,0 -84.77435199999999,38.805444,0 -84.77415999999999,38.805605,0 -84.77397499999999,38.805769,0 -84.773808,38.805938,0 -84.773664,38.806115,0 -84.773545,38.806298,0 -84.77344600000001,38.80649,0 -84.773371,38.8066850000001,0 -84.77332,38.806886,0 -84.773293,38.807086,0 -84.77328799999999,38.807285,0 -84.77330000000001,38.807486,0 -84.77330550000001,38.8075461,0 -84.773319,38.807693,0 -84.77334,38.807907,0 -84.773363,38.808122,0 -84.773387,38.808336,0 -84.77342899999999,38.808765,0 -84.773442,38.808969,0 -84.77343500000001,38.809162,0 -84.7734,38.809354,0 -84.773341,38.8095459999999,0 -84.773269,38.809746,0 -84.77285999999999,38.810834,0 -84.772779,38.811053,0 -84.772622,38.811466,0 -84.772541,38.811658,0 -84.77244899999999,38.811837,0 -84.772338,38.812,0 -84.77220699999999,38.812146,0 -84.772058,38.812278,0 -84.77189300000001,38.812399,0 -84.77171,38.812511,0 -84.771511,38.81262,0 -84.771309,38.812732,0 -84.77111499999999,38.812855,0 -84.770938,38.812994,0 -84.770782,38.8131490000001,0 -84.77064900000001,38.813317,0 -84.770538,38.813499,0 -84.770515,38.81355,0 -84.770456,38.8136840000001,0 -84.770392,38.813872,0 -84.770335,38.8140690000001,0 -84.770223,38.814468,0 -84.770062,38.8150630000001,0 -84.770009,38.815262,0 -84.769954,38.815459,0 -84.769896,38.815651,0 -84.769831,38.815836,0 -84.769777,38.815955,0 -84.769752,38.816014,0 -84.769651,38.816182,0 -84.769531,38.816343,0 -84.76944229999999,38.816441,0 -84.769397,38.8164909999999,0 -84.769249,38.816626,0 -84.769087,38.816749,0 -84.768914,38.816859,0 -84.76872899999999,38.816956,0 -84.76853199999999,38.817042,0 -84.768322,38.817118,0 -84.767421,38.8174250000001,0 -84.767183,38.817505,0 -84.76693899999999,38.817589,0 -84.766696,38.817677,0 -84.7665078,38.8177515,0 -84.766463,38.817769,0 -84.76624099999999,38.8178670000001,0 -84.76603,38.81797,0 -84.765832,38.81808,0 -84.765642,38.818196,0 -84.76546,38.818319,0 -84.765286,38.818448,0 -84.765118,38.818584,0 -84.764951,38.818733,0 -84.764785,38.8188909999999,0 -84.76462100000001,38.819053,0 -84.764459,38.819217,0 -84.76430000000001,38.819381,0 -84.764143,38.819545,0 -84.763988,38.819709,0 -84.76393,38.819773,0 -84.763839,38.819875,0 -84.763699,38.820046,0 -84.763572,38.820223,0 -84.76345600000001,38.820403,0 -84.763351,38.820586,0 -84.76325799999999,38.820771,0 -84.76317899999999,38.820954,0 -84.76317,38.8209775,0 -84.76310599999999,38.821145,0 -84.76290400000001,38.821712,0 -84.762773,38.822102,0 -84.76264399999999,38.822477,0 -84.762579,38.822657,0 -84.762514,38.822833,0 -84.762444,38.823003,0 -84.762433,38.823024,0 -84.76236,38.823165,0 -84.76225599999999,38.823318,0 -84.76213199999999,38.82346,0 -84.761993,38.82359,0 -84.761838,38.823707,0 -84.761669,38.82381,0 -84.761489,38.823898,0 -84.761301,38.823971,0 -84.76110799999999,38.824029,0 -84.76091,38.824072,0 -84.760704,38.824103,0 -84.760492,38.824125,0 -84.760277,38.824142,0 -84.760075,38.8241792,0 -84.75983429999999,38.8242031,0 -84.7597384,38.8242156,0 -84.75908099999999,38.824227,0 -84.758571,38.8242589999999,0 -84.758331,38.824268,0 -84.758098,38.8242589999999,0 -84.75787699999999,38.824234,0 -84.75766400000001,38.824193,0 -84.75745499999999,38.824139,0 -84.757249,38.824081,0 -84.75702800000001,38.824028,0 -84.75679700000001,38.82399,0 -84.756559,38.823977,0 -84.756322,38.823983,0 -84.756086,38.824008,0 -84.75585100000001,38.824051,0 -84.755612,38.824102,0 -84.755363,38.824157,0 -84.755008,38.824249,0 -84.754744,38.824338,0 -84.754552,38.824427,0 -84.754344,38.824553,0 -84.754243,38.824628,0 -84.7541828,38.8246733,0 -84.75416199999999,38.824689,0 -84.75402200000001,38.824828,0 -84.753902,38.824981,0 -84.753798,38.825151,0 -84.7537445,38.8252449,0 -84.75370100000001,38.825333,0 -84.7536071,38.8255150000001,0 -84.753505,38.825713,0 -84.753405,38.825904,0 -84.75330700000001,38.826095,0 -84.75311000000001,38.826474,0 -84.752931,38.826825,0 -84.752917,38.826851,0 -84.752797,38.827087,0 -84.75272200000001,38.827231,0 -84.752623,38.827417,0 -84.752424,38.827778,0 -84.752323,38.827953,0 -84.752222,38.828124,0 -84.75212000000001,38.828291,0 -84.752014,38.828456,0 -84.75190499999999,38.828622,0 -84.751795,38.828785,0 -84.751577,38.829117,0 -84.75146700000001,38.829286,0 -84.7514261,38.8293475,0 -84.75135400000001,38.829456,0 -84.751124,38.829795,0 -84.751009,38.829957,0 -84.750884,38.830116,0 -84.750743,38.830262,0 -84.750586,38.830391,0 -84.75041400000001,38.830503,0 -84.750231,38.8306,0 -84.75013,38.830644,0 -84.749954,38.830711,0 -84.74971499999999,38.8307679999999,0 -84.74948999999999,38.830813,0 -84.749257,38.830839,0 -84.748814,38.830878,0 -84.74765600000001,38.830957,0 -84.747118,38.830975,0 -84.746622,38.830982,0 -84.745833,38.830969,0 -84.745475,38.83095,0 -84.74477400000001,38.83087,0 -84.74444,38.830813,0 -84.743619,38.830659,0 -84.7433365,38.8305999,0 -84.7431026,38.8305564,0 -84.7427533,38.8304922,0 -84.742338,38.830412,0 -84.7421174,38.8303693,0 -84.742018,38.83035,0 -84.741445,38.830234,0 -84.74103100000001,38.830178,0 -84.740762,38.83017,0 -84.740526,38.830176,0 -84.740272,38.830207,0 -84.739991,38.830263,0 -84.739711,38.830357,0 -84.739484,38.83045,0 -84.739293,38.830551,0 -84.739013,38.830732,0 -84.7388299,38.8308987,0 -84.738709,38.831018,0 -84.738563,38.83121,0 -84.738449,38.831405,0 -84.73837,38.831588,0 -84.738316,38.831798,0 -84.7383008,38.8319468,0 -84.738285,38.832101,0 -84.738276,38.832418,0 -84.738283,38.832658,0 -84.738309,38.832966,0 -84.738395,38.833476,0 -84.738429,38.833723,0 -84.738439,38.833922,0 -84.738438,38.834121,0 -84.73841299999999,38.834345,0 -84.73835,38.834701,0 -84.737894,38.837121,0 -84.7378856,38.8371654,0 -84.73783400000001,38.8374379999999,0 -84.737809,38.837651,0 -84.737792,38.837864,0 -84.73777800000001,38.8383679999999,0 -84.737762,38.8385939999999,0 -84.73772200000001,38.838828,0 -84.73768200000001,38.838981,0 -84.737618,38.839179,0 -84.737531,38.839379,0 -84.737431,38.839567,0 -84.73724300000001,38.83986,0 -84.73697199999999,38.84019,0 -84.736763,38.840404,0 -84.736531,38.840587,0 -84.736287,38.8407339999999,0 -84.736104,38.840811,0 -84.73589200000001,38.840893,0 -84.735676,38.840961,0 -84.73151780000001,38.8420260999999,0 -84.730632,38.842253,0 -84.73032499999999,38.842326,0 -84.729944,38.842387,0 -84.72967300000001,38.842423,0 -84.7288963,38.8424711,0 -84.7288641,38.842473,0 -84.72818599999999,38.842515,0 -84.727829,38.842565,0 -84.727493,38.842633,0 -84.727121,38.842723,0 -84.726174,38.843064,0 -84.7258104,38.8431974,0 -84.7246586,38.8436201,0 -84.724588,38.843646,0 -84.721294,38.844849,0 -84.720826,38.845025,0 -84.7207652,38.8450478,0 -84.720682,38.845079,0 -84.719982,38.8453179999999,0 -84.71969799999999,38.845409,0 -84.71854999999999,38.845662,0 -84.71824599999999,38.845745,0 -84.717887,38.84586,0 -84.71767,38.84596,0 -84.71745799999999,38.846081,0 -84.71728400000001,38.846199,0 -84.717055,38.846388,0 -84.71686699999999,38.846592,0 -84.71663599999999,38.846953,0 -84.71653999999999,38.847169,0 -84.716477,38.847444,0 -84.716454,38.847652,0 -84.716459,38.847872,0 -84.716505,38.848126,0 -84.716601,38.848412,0 -84.71673,38.84865,0 -84.716858,38.848827,0 -84.71703100000001,38.849021,0 -84.718513,38.850404,0 -84.718661,38.850587,0 -84.718779,38.85076,0 -84.71888800000001,38.85095,0 -84.718996,38.851197,0 -84.719065,38.851449,0 -84.719098,38.85166,0 -84.719097,38.851917,0 -84.71906199999999,38.852229,0 -84.718923,38.852891,0 -84.718818,38.8532,0 -84.71869100000001,38.853455,0 -84.718598,38.8536069999999,0 -84.718513,38.853745,0 -84.718366,38.853933,0 -84.71819600000001,38.854121,0 -84.7180348,38.8542904,0 -84.7179758,38.8543615,0 -84.717669,38.854569,0 -84.717389,38.854746,0 -84.717196,38.85485,0 -84.716971,38.854956,0 -84.716539,38.85512,0 -84.71496999999999,38.8556120000001,0 -84.714949,38.855618,0 -84.714845,38.855655,0 -84.71471699999999,38.855707,0 -84.714606,38.855753,0 -84.714398,38.855866,0 -84.71423,38.855987,0 -84.71407499999999,38.856113,0 -84.71395200000001,38.856247,0 -84.713803,38.8564650000001,0 -84.71371499999999,38.856618,0 -84.71348500000001,38.857211,0 -84.713436,38.857375,0 -84.713404,38.857528,0 -84.7133698,38.85798,0 -84.713336,38.858427,0 -84.71329,38.858615,0 -84.713232,38.858807,0 -84.713139,38.859064,0 -84.712678,38.860237,0 -84.7124352,38.8608708,0 -84.71222299999999,38.861425,0 -84.7118943,38.8623288,0 -84.71176800000001,38.8626339999999,0 -84.711659,38.862924,0 -84.71117049999999,38.8641929,0 -84.711105,38.864363,0 -84.710998,38.864627,0 -84.710919,38.864798,0 -84.7108851,38.8648636,0 -84.71079,38.865048,0 -84.7106,38.865368,0 -84.710413,38.865623,0 -84.710234,38.8658550000001,0 -84.71018410000001,38.8659112,0 -84.71002799999999,38.866087,0 -84.70979800000001,38.866314,0 -84.709486,38.866599,0 -84.7093134,38.8667558,0 -84.7090998,38.8669497,0 -84.709029,38.867014,0 -84.70882159999999,38.8672031,0 -84.70746800000001,38.868437,0 -84.70740499999999,38.868495,0 -84.7073386,38.868556,0 -84.7062322,38.8695729,0 -84.705316,38.870415,0 -84.70401699999999,38.871599,0 -84.70390639999999,38.8716998,0 -84.70379029999999,38.8718056,0 -84.7037201,38.8718696,0 -84.7034388,38.8721259,0 -84.70340330000001,38.8721583,0 -84.70329359999999,38.8722583000001,0 -84.70281,38.872699,0 -84.7027678,38.8727372,0 -84.7027475,38.8727556,0 -84.7025123,38.8729684,0 -84.7024873,38.8729911,0 -84.7024443,38.8730299,0 -84.7021768,38.873272,0 -84.7020581,38.8733794,0 -84.7018582,38.8735603,0 -84.7017397,38.8736675,0 -84.701328,38.87404,0 -84.701194,38.8741928,0 -84.701172,38.874218,0 -84.701088,38.874314,0 -84.70095499999999,38.874509,0 -84.70092889999999,38.8745553,0 -84.700829,38.874732,0 -84.7007699,38.8748546999999,0 -84.700624,38.875201,0 -84.7002586,38.8761019,0 -84.7002363,38.876157,0 -84.70018829999999,38.8762754,0 -84.7001322,38.8764137,0 -84.700119,38.8764461,0 -84.69995,38.876863,0 -84.699737,38.877365,0 -84.6996487,38.8775517,0 -84.699589,38.877678,0 -84.699442,38.877924,0 -84.69928299999999,38.878155,0 -84.699151,38.8783076,0 -84.698848,38.878658,0 -84.69781450000001,38.879793,0 -84.697677,38.879944,0 -84.6973625,38.8802529,0 -84.697013,38.880596,0 -84.6970014,38.8806071,0 -84.6968758,38.8807267,0 -84.69616069999999,38.8814079,0 -84.6959117,38.8816451,0 -84.6955748,38.881966,0 -84.6953851,38.8821466,0 -84.6952658,38.8822603,0 -84.69509600000001,38.882422,0 -84.6949425,38.882602,0 -84.6948506,38.8827098,0 -84.694806,38.882762,0 -84.694534,38.883144,0 -84.694329,38.883526,0 -84.6943129,38.8835611,0 -84.694204,38.883799,0 -84.694103,38.884095,0 -84.694033,38.884377,0 -84.69398200000001,38.884659,0 -84.693896,38.8851419,0 -84.69387709999999,38.8854251,0 -84.6937001,38.8868219,0 -84.693421,38.8888466,0 -84.6932716,38.8900489000001,0 -84.693163,38.890923,0 -84.6930852,38.8915218,0 -84.69303410000001,38.8919151,0 -84.6930313,38.8919363,0 -84.6927845,38.8938363,0 -84.69276360000001,38.8939975,0 -84.6924667,38.8962826,0 -84.692459,38.8963415,0 -84.69242920000001,38.8965708,0 -84.69239090000001,38.8968658,0 -84.69237560000001,38.8969835,0 -84.6922696,38.8977993,0 -84.6922582,38.8978867,0 -84.692227,38.8981269,0 -84.6921711,38.8985568,0 -84.6921035,38.8990776,0 -84.6920617,38.8993993,0 -84.6920587,38.8994218,0 -84.6919901,38.8999499,0 -84.691931,38.900405,0 -84.69190500000001,38.900603,0 -84.691836,38.901031,0 -84.691767,38.901302,0 -84.691697,38.901519,0 -84.69159500000001,38.9017819999999,0 -84.691192,38.902818,0 -84.690625,38.904242,0 -84.6906051,38.9042887,0 -84.69026049999999,38.9050986,0 -84.690234,38.905161,0 -84.69003240000001,38.9056003,0 -84.689999,38.905673,0 -84.68935209999999,38.9069713,0 -84.68928750000001,38.9071077,0 -84.6891913,38.9073017,0 -84.6889097,38.9078695,0 -84.68889849999999,38.9078921,0 -84.688846,38.907998,0 -84.68850399999999,38.908687,0 -84.6883928,38.9089119,0 -84.688332,38.909035,0 -84.6882657,38.9091675,0 -84.6875479,38.9106025,0 -84.6873659,38.9109664,0 -84.68709610000001,38.9115121,0 -84.687022,38.911654,0 -84.686807,38.912016,0 -84.68673,38.912106,0 -84.686581,38.912289,0 -84.6857258,38.9132765,0 -84.684635,38.914536,0 -84.683697,38.915629,0 -84.68352,38.915819,0 -84.683391,38.915946,0 -84.683167,38.916134,0 -84.6829135,38.916326,0 -84.682722,38.916413,0 -84.68246499999999,38.916537,0 -84.682351,38.9165826,0 -84.681691,38.916847,0 -84.68162359999999,38.9168755,0 -84.681431,38.916957,0 -84.681224,38.917055,0 -84.68096199999999,38.917217,0 -84.680815,38.917321,0 -84.680668,38.9174370000001,0 -84.68059,38.917524,0 -84.680474,38.917688,0 -84.68037699999999,38.917834,0 -84.680294,38.917994,0 -84.68016419999999,38.9182631,0 -84.6797119,38.919239,0 -84.679575,38.9195344,0 -84.6792648,38.9201674,0 -84.67924840000001,38.9202008,0 -84.6787168,38.9212854,0 -84.678574,38.9216069,0 -84.67847449999999,38.9218518,0 -84.6783843,38.9221255,0 -84.6783092,38.9223946,0 -84.6782518,38.9225925,0 -84.67818870000001,38.9228275,0 -84.67812720000001,38.9230318,0 -84.6780476,38.9233212,0 -84.6778961,38.9238787,0 -84.6778856,38.9239204000001,0 -84.6778518,38.9240229,0 -84.677798,38.924173,0 -84.677751,38.924353,0 -84.677693,38.924524,0 -84.6776,38.924735,0 -84.67728049999999,38.9254107,0 -84.67726469999999,38.9254442,0 -84.677235,38.925507,0 -84.67700499999999,38.925995,0 -84.676661,38.926727,0 -84.676597,38.926859,0 -84.676416,38.92723,0 -84.6763455,38.927378,0 -84.67625889999999,38.9275599,0 -84.676239,38.9276017,0 -84.67605260000001,38.928012,0 -84.675922,38.9282843,0 -84.675776,38.9286127,0 -84.6757042,38.9287741999999,0 -84.67556709999999,38.9291064,0 -84.67549219999999,38.9293139,0 -84.67542690000001,38.9295125,0 -84.6753696,38.9297382,0 -84.675326,38.929974,0 -84.6752798,38.9303078,0 -84.6752485,38.9306156,0 -84.67523749999999,38.9309167,0 -84.6752426,38.9310412,0 -84.6752511,38.931167,0 -84.6753121,38.932083,0 -84.6753485,38.9326722,0 -84.67543879999999,38.9338477,0 -84.67543929999999,38.9338546,0 -84.6754396,38.9338588,0 -84.6754653,38.9342382,0 -84.6755064,38.9348454,0 -84.67553030000001,38.9352025,0 -84.6755326,38.9352358,0 -84.67554269999999,38.935382,0 -84.6755562,38.93557,0 -84.6755587,38.935607,0 -84.6755806,38.9359298,0 -84.6756377,38.9367551,0 -84.6756941,38.9375716,0 -84.6758095,38.9392396,0 -84.6758604,38.9399956,0 -84.67591950000001,38.9408738,0 -84.6759283,38.9410042,0 -84.67594099999999,38.9411831,0 -84.67595780000001,38.9414218,0 -84.67599989999999,38.9420163,0 -84.67602410000001,38.9422666,0 -84.6760589,38.942542,0 -84.6760877,38.9427965,0 -84.6761875,38.9430025,0 -84.67624669999999,38.9431636,0 -84.67638940000001,38.9451823,0 -84.6763996,38.9453475,0 -84.67644850000001,38.9468364,0 -84.6764459,38.947282,0 -84.6764222,38.9479378,0 -84.6764199,38.9488036,0 -84.6764194,38.9489942,0 -84.6764179,38.9490797,0 -84.67640179999999,38.9498078,0 -84.67641190000001,38.9509897,0 -84.67641690000001,38.9515673,0 -84.6763954,38.9529965,0 -84.67639010000001,38.9538643,0 -84.6763804,38.9547493,0 -84.67638700000001,38.9549889,0 -84.6763923,38.9551839,0 -84.6764452,38.9556528,0 -84.6765043,38.9560699999999,0 -84.6765254,38.9566341,0 -84.67667659999999,38.9571056,0 -84.6768022,38.9574517,0 -84.67702749999999,38.9579439,0 -84.67730109999999,38.9584111,0 -84.6776364,38.9589532999999,0 -84.67791800000001,38.959383,0 -84.6783612,38.9600484,0 -84.6783897,38.9600911,0 -84.678436,38.9601607,0 -84.6784928,38.960246,0 -84.67897139999999,38.9609645,0 -84.67902410000001,38.9610435,0 -84.6791169,38.9612226,0 -84.67926989999999,38.9615312,0 -84.6793503,38.9617982,0 -84.6794201,38.9621569,0 -84.6794469,38.9623342,0 -84.6794575,38.9624596,0 -84.679463,38.962572,0 -84.6794603,38.9627763,0 -84.6794367,38.9630049,0 -84.679405,38.9631981,0 -84.67936539999999,38.9633716,0 -84.67932690000001,38.9635002,0 -84.6792763,38.9636298,0 -84.67920549999999,38.9638087,0 -84.679129,38.9639578,0 -84.67905260000001,38.9640944,0 -84.6789373,38.9642758,0 -84.6787281,38.9645678,0 -84.6786049,38.964719,0 -84.6784656,38.9648702,0 -84.6781553,38.9651507,0 -84.6780864,38.9651986,0 -84.6778415,38.9653686,0 -84.6775604,38.9655363,0 -84.6773242,38.9656512,0 -84.677189,38.965717,0 -84.67671300000001,38.965891,0 -84.6763899,38.9659916,0 -84.67628860000001,38.9660205,0 -84.6761903,38.9660492,0 -84.6758277,38.9661567,0 -84.67554699999999,38.96624,0 -84.6748566,38.9664322,0 -84.674739,38.966465,0 -84.6745664,38.9665136,0 -84.6735082,38.9668114,0 -84.672909,38.96698,0 -84.67281269999999,38.967008,0 -84.6722,38.967186,0 -84.671434,38.967409,0 -84.67094280000001,38.9675508,0 -84.67002290000001,38.9678179,0 -84.66944599999999,38.968043,0 -84.66891099999999,38.968272,0 -84.6686807,38.9683964,0 -84.668539,38.968473,0 -84.6684648,38.9685178,0 -84.66795449999999,38.9688255,0 -84.667874,38.968874,0 -84.6677668,38.9689394,0 -84.6671983,38.9692811,0 -84.6663509,38.9697903,0 -84.6657907,38.970127,0 -84.665561,38.970265,0 -84.6655076,38.9702989,0 -84.6652917,38.9704257,0 -84.66485539999999,38.9706818,0 -84.6647718,38.9708281,0 -84.66450089999999,38.9710158,0 -84.66432930000001,38.9711514,0 -84.6641442,38.9713098,0 -84.66398599999999,38.9714662,0 -84.66374860000001,38.971681,0 -84.6635112,38.9718958,0 -84.6631357,38.9722503,0 -84.66295599999999,38.972413,0 -84.6627538,38.9725883999999,0 -84.6625817,38.9726854,0 -84.66186690000001,38.9733397000001,0 -84.66179940000001,38.9734014,0 -84.661732,38.9734631,0 -84.6614486,38.9737243,0 -84.661312,38.973857,0 -84.66097600000001,38.974164,0 -84.66092620000001,38.9742094,0 -84.66072819999999,38.9743903,0 -84.6606161,38.9744927,0 -84.6605174,38.9745828,0 -84.6603399,38.9747449,0 -84.66027200000001,38.9748069,0 -84.66014869999999,38.9749195,0 -84.660112,38.974953,0 -84.65986700000001,38.9751840000001,0 -84.659817,38.975236,0 -84.659665,38.975393,0 -84.6596126,38.9754508,0 -84.659463,38.975616,0 -84.659277,38.975834,0 -84.659156,38.97599,0 -84.65900190000001,38.976172,0 -84.65894710000001,38.9762367,0 -84.6587468,38.976473,0 -84.658714,38.976512,0 -84.65862180000001,38.9766271,0 -84.65860069999999,38.9766535,0 -84.6584665,38.9768209,0 -84.65836299999999,38.97695,0 -84.6583148,38.9770098,0 -84.6582666,38.9770697,0 -84.65821,38.97714,0 -84.658181,38.977177,0 -84.6581542,38.9772068,0 -84.65808509999999,38.9772836,0 -84.6580395,38.9773343,0 -84.658002,38.977376,0 -84.6579533,38.9774323,0 -84.6577042,38.9776707,0 -84.6576805,38.9777466,0 -84.65755729999999,38.9778366,0 -84.65748309999999,38.9778866,0 -84.65740839999999,38.9779371,0 -84.65733950000001,38.9779755,0 -84.65730430000001,38.9779923999999,0 -84.6571871,38.9780444,0 -84.6570321,38.9780573,0 -84.6568556,38.9781243,0 -84.65651819999999,38.9782273,0 -84.6564463,38.9782501,0 -84.6562485,38.9783129,0 -84.656144,38.978346,0 -84.6561284,38.9783514,0 -84.655742,38.978484,0 -84.65538100000001,38.978602,0 -84.6551674,38.9786919000001,0 -84.654894,38.978807,0 -84.6547861,38.9788616,0 -84.65464299999999,38.978934,0 -84.65438399999999,38.979083,0 -84.6543181,38.9791284999999,0 -84.65415400000001,38.979242,0 -84.6541421,38.9792511,0 -84.65396800000001,38.979384,0 -84.6538692,38.9794669,0 -84.653794,38.97953,0 -84.65359100000001,38.979726,0 -84.6535148,38.97981,0 -84.653395,38.979942,0 -84.6533232,38.9800248,0 -84.6530813,38.9803038,0 -84.6530485,38.9803416,0 -84.652978,38.980423,0 -84.65287979999999,38.9805262,0 -84.65271629999999,38.9806979,0 -84.652621,38.980798,0 -84.6525757,38.980842,0 -84.65245349999999,38.9809607,0 -84.652446,38.980968,0 -84.65221699999999,38.981155,0 -84.6520877,38.9812401,0 -84.6518995,38.9813641,0 -84.6517997,38.981411,0 -84.6515811,38.9814956,0 -84.651492,38.981536,0 -84.6514713,38.9815419,0 -84.65124400000001,38.981607,0 -84.6511594,38.9816281,0 -84.65103499999999,38.981659,0 -84.65089159999999,38.9816864,0 -84.650831,38.981698,0 -84.650516,38.981743,0 -84.6500004,38.98181,0 -84.6499003,38.9818238,0 -84.6498326,38.9818301,0 -84.6493255,38.9818845,0 -84.6490956,38.9819105,0 -84.6490513,38.9819155,0 -84.648915,38.981931,0 -84.64881219999999,38.9819477,0 -84.64842299999999,38.982011,0 -84.64834949999999,38.9820259,0 -84.64814389999999,38.9820674,0 -84.64797919999999,38.9821007,0 -84.64760889999999,38.9821755,0 -84.64749449999999,38.9821986,0 -84.6469914,38.9822975,0 -84.646918,38.9823108,0 -84.6464453,38.9823963,0 -84.64604319999999,38.9824737,0 -84.646021,38.982478,0 -84.645923,38.982501,0 -84.6458653,38.9825146,0 -84.64574,38.982544,0 -84.64548600000001,38.98261,0 -84.64540270000001,38.9826388,0 -84.6452711,38.9826844,0 -84.645174,38.982718,0 -84.6449734,38.98282,0 -84.6448931,38.9828621,0 -84.644837,38.9828952,0 -84.644738,38.982952,0 -84.6444702,38.9831098,0 -84.64438010000001,38.9831657,0 -84.644246,38.983242,0 -84.6441555,38.9833864,0 -84.6435888,38.9837609,0 -84.6431711,38.9840557,0 -84.64307479999999,38.9841381,0 -84.6428009,38.9843726,0 -84.64242160000001,38.9846954,0 -84.64217859999999,38.9849022,0 -84.6414169,38.9855401,0 -84.64091259999999,38.9859737999999,0 -84.64053180000001,38.9862949000001,0 -84.6403816,38.986445,0 -84.6402045,38.9866326,0 -84.6399792,38.9869475,0 -84.6399052,38.9870729,0 -84.6398666,38.987133,0 -84.63973799999999,38.9873705,0 -84.6395833,38.9876561,0 -84.6395198,38.9877597,0 -84.6393417,38.9880673,0 -84.6392709,38.9881878,0 -84.63921209999999,38.988288,0 -84.63906729999999,38.9884923,0 -84.63897830000001,38.9886005,0 -84.6389439,38.9886424,0 -84.6388561,38.9887301,0 -84.6388312,38.988755,0 -84.6386864,38.9888634,0 -84.63860940000001,38.9889533,0 -84.63857969999999,38.988988,0 -84.63816,38.989478,0 -84.63810220000001,38.9895434000001,0 -84.637766,38.9899336,0 -84.637681,38.990032,0 -84.6376301,38.9900907999999,0 -84.6375891,38.9901382,0 -84.63737209999999,38.9903892,0 -84.63721580000001,38.9905698,0 -84.6371625,38.9906315,0 -84.6370738,38.9907289,0 -84.6367657,38.9910676,0 -84.636447,38.991418,0 -84.6364198,38.9914484,0 -84.636386,38.9914862,0 -84.636218,38.991674,0 -84.63616089999999,38.991741,0 -84.63613100000001,38.991776,0 -84.635502,38.99243,0 -84.63485799999999,38.993076,0 -84.6344746,38.9934553,0 -84.6343864,38.9935425,0 -84.6339177,38.994006,0 -84.6338683,38.9940549,0 -84.63376,38.994162,0 -84.6333537,38.9945331,0 -84.633334,38.994551,0 -84.63309150000001,38.9947442,0 -84.6330791,38.9947541,0 -84.633014,38.994806,0 -84.632722,38.995015,0 -84.63234970000001,38.9952607,0 -84.63234439999999,38.9952641,0 -84.6323177,38.9952811,0 -84.6322699,38.9953073,0 -84.6320375,38.9954575,0 -84.631978,38.995496,0 -84.6318868,38.9955536,0 -84.631294,38.995928,0 -84.6310957,38.9960517,0 -84.6308167,38.9962257,0 -84.6307185,38.9962869,0 -84.6306608,38.9963229,0 -84.63030000000001,38.996548,0 -84.6302756,38.9965632,0 -84.6297565,38.9968853000001,0 -84.629649,38.996952,0 -84.62933270000001,38.9971516000001,0 -84.62926779999999,38.9971925999999,0 -84.62922500000001,38.9972155,0 -84.62907800000001,38.9973124,0 -84.6289773,38.9973759,0 -84.6287368,38.9975245000001,0 -84.62862699999999,38.997597,0 -84.6285393,38.9976515,0 -84.628055,38.997952,0 -84.62762530000001,38.998228,0 -84.62756589999999,38.9982661,0 -84.6274872,38.9983166,0 -84.6274384,38.9983479,0 -84.6273872,38.9983808,0 -84.6270875,38.9985733,0 -84.626912,38.9986860000001,0 -84.62670749999999,38.998808,0 -84.626597,38.998874,0 -84.62650720000001,38.9989395,0 -84.626431,38.998995,0 -84.6262268,38.9991651,0 -84.626143,38.999235,0 -84.6258622,38.9994789,0 -84.6255575,38.9997435,0 -84.6253316,38.9999396,0 -84.6250897,39.0001498,0 -84.624881,39.000331,0 -84.6244868,39.0006724,0 -84.62427839999999,39.0008529,0 -84.624224,39.0009,0 -84.6240701,39.0010341,0 -84.6237184,39.0013405,0 -84.62348470000001,39.0015441000001,0 -84.623222,39.001773,0 -84.623098,39.001882,0 -84.62295399999999,39.002034,0 -84.62277899999999,39.002232,0 -84.6227112,39.0023275,0 -84.6226434,39.002423,0 -84.62257990000001,39.0025125,0 -84.622505,39.002618,0 -84.622434,39.002741,0 -84.6223349,39.0029114,0 -84.62220600000001,39.003133,0 -84.622075,39.003345,0 -84.62200559999999,39.0034450999999,0 -84.621971,39.003495,0 -84.621859,39.003644,0 -84.6217456,39.0037672,0 -84.62172,39.003795,0 -84.62161399999999,39.003901,0 -84.62148000000001,39.004001,0 -84.62120710000001,39.0040982,0 -84.6209121,39.0042032,0 -84.6207517,39.0042603,0 -84.6206315,39.0043031,0 -84.62052079999999,39.0043426,0 -84.62041000000001,39.004382,0 -84.6203345,39.0044025,0 -84.620307,39.00441,0 -84.6202723,39.0044194,0 -84.620171,39.004447,0 -84.6199896,39.0045061,0 -84.61974170000001,39.0045868,0 -84.6196734,39.0046091,0 -84.6194347,39.0046868,0 -84.6189497,39.0048447,0 -84.618872,39.00487,0 -84.6187891,39.004896,0 -84.61818839999999,39.0050841,0 -84.618013,39.0051389999999,0 -84.6177843,39.0052159,0 -84.617356,39.00536,0 -84.616907,39.005503,0 -84.61657769999999,39.0056122,0 -84.61635769999999,39.0056851,0 -84.6163224,39.0056994,0 -84.616207,39.005746,0 -84.6161729,39.0057563,0 -84.6160763,39.0057856,0 -84.61600009999999,39.0058086,0 -84.61583779999999,39.0058614,0 -84.6156697,39.005916,0 -84.61548879999999,39.0059749,0 -84.61522100000001,39.006062,0 -84.615156,39.006083,0 -84.6151401,39.0060882,0 -84.61479559999999,39.0062002,0 -84.6146162,39.0062584,0 -84.6145834,39.0062691,0 -84.614513,39.006292,0 -84.614284,39.006373,0 -84.61422140000001,39.0063998,0 -84.6141178,39.0064472,0 -84.613981,39.006516,0 -84.61372,39.006694,0 -84.6133256,39.0070219,0 -84.6133025,39.0070411,0 -84.6131714,39.0071500999999,0 -84.61305,39.007251,0 -84.61302360000001,39.0072729,0 -84.6126345,39.0075965,0 -84.6123571,39.0078271,0 -84.612047,39.008085,0 -84.61187289999999,39.0082315,0 -84.61177600000001,39.008313,0 -84.61158500000001,39.008482,0 -84.6115123,39.0085421,0 -84.61124,39.0087669999999,0 -84.6111495,39.008841,0 -84.6110633,39.0089115,0 -84.6108212,39.0091097000001,0 -84.6105834,39.0093043,0 -84.61049509999999,39.0093766,0 -84.610117,39.009686,0 -84.60991799999999,39.0098497,0 -84.6097879,39.0099568,0 -84.6096446,39.0100747,0 -84.6094957,39.0101965,0 -84.609281,39.010374,0 -84.6092175,39.0104262,0 -84.60910199999999,39.0105212,0 -84.60898349999999,39.0106186,0 -84.6087496,39.010811,0 -84.6086957,39.0108553,0 -84.60845399999999,39.011054,0 -84.60768,39.011696,0 -84.6076226,39.0117494,0 -84.60752239999999,39.0118304,0 -84.607404,39.011926,0 -84.607305,39.012009,0 -84.6072813,39.0120295,0 -84.606888,39.0123698,0 -84.60639,39.01277,0 -84.606216,39.012912,0 -84.6060542,39.0130468,0 -84.60601749999999,39.0130774,0 -84.6057016,39.0133407,0 -84.6056023,39.0134234,0 -84.60559139999999,39.0134325,0 -84.6054206,39.0135748,0 -84.60536399999999,39.013622,0 -84.6051487,39.0137988,0 -84.6048286,39.0140623,0 -84.6045788,39.0142679,0 -84.6042672,39.0145251,0 -84.603785,39.014924,0 -84.6033843,39.0152558,0 -84.603227,39.015386,0 -84.603111,39.015482,0 -84.60295259999999,39.015596,0 -84.602897,39.015636,0 -84.6028501,39.0156636,0 -84.602695,39.015755,0 -84.60254550000001,39.0158284,0 -84.602251,39.015973,0 -84.60190299999999,39.016142,0 -84.601816,39.016177,0 -84.60157839999999,39.0162756000001,0 -84.6014516,39.0163282,0 -84.6013872,39.0163549,0 -84.60115519999999,39.0164512,0 -84.601028,39.016504,0 -84.6006857,39.0166244999999,0 -84.60058429999999,39.0166602,0 -84.60047400000001,39.016699,0 -84.6003444,39.0167424,0 -84.600146,39.016808,0 -84.6000775,39.0168392,0 -84.59997629999999,39.0168942,0 -84.599774,39.017002,0 -84.5997555,39.0170113,0 -84.599627,39.017076,0 -84.599384,39.01719,0 -84.5990652,39.0173343000001,0 -84.59893460000001,39.0173934,0 -84.59873640000001,39.0174847,0 -84.598601,39.017547,0 -84.598519,39.017586,0 -84.5983816,39.0176456,0 -84.59810400000001,39.017766,0 -84.59769319999999,39.0179482,0 -84.5976249,39.0179785,0 -84.59754700000001,39.018013,0 -84.597273,39.018134,0 -84.597095,39.018212,0 -84.59685,39.018326,0 -84.5964925,39.0184862,0 -84.5964738,39.0184946,0 -84.5962936,39.0185754,0 -84.59615599999999,39.018637,0 -84.595935,39.018739,0 -84.5958529,39.0187751,0 -84.59562649999999,39.0188745,0 -84.595589,39.0188910000001,0 -84.5954387,39.0189587,0 -84.595134,39.019096,0 -84.5948751,39.0192125,0 -84.5948258,39.0192347,0 -84.594645,39.019316,0 -84.5945471,39.01936,0 -84.59445599999999,39.019401,0 -84.59414200000001,39.019557,0 -84.59404050000001,39.0196071,0 -84.59397800000001,39.019638,0 -84.593632,39.0198081,0 -84.59337600000001,39.019934,0 -84.593197,39.020014,0 -84.593073,39.020063,0 -84.592849,39.020146,0 -84.5927741,39.0201732,0 -84.59266239999999,39.0202034,0 -84.5925567,39.0202334,0 -84.59235529999999,39.0202783,0 -84.59215399999999,39.0203233,0 -84.5919231,39.0203749,0 -84.591824,39.020397,0 -84.5916721,39.0204303,0 -84.5914598,39.0204679,0 -84.591347,39.020488,0 -84.59123630000001,39.0205087,0 -84.59118340000001,39.0205186,0 -84.590908,39.0205737,0 -84.5906847,39.0206183,0 -84.5904706,39.0206611,0 -84.5903787,39.0206833,0 -84.5900185,39.020777,0 -84.5898837,39.0208207,0 -84.5896635,39.0208934,0 -84.58947809999999,39.0209553,0 -84.5891953,39.0210498,0 -84.5891063,39.0210787,0 -84.5890186,39.0211016000001,0 -84.5888413,39.0211538,0 -84.58866399999999,39.021206,0 -84.58859200000001,39.0212294,0 -84.5884776,39.0212666,0 -84.58834400000001,39.02131,0 -84.5881543,39.0213771,0 -84.588036,39.021419,0 -84.58797850000001,39.0214393,0 -84.5879312,39.021456,0 -84.5876471,39.0215562,0 -84.5873916,39.0216463,0 -84.5873454,39.0216626,0 -84.58718,39.021721,0 -84.5871333,39.0217386,0 -84.5870329,39.0217766,0 -84.5867918,39.0218679,0 -84.586662,39.021917,0 -84.5866278,39.0219327,0 -84.5865376,39.0219742,0 -84.586451,39.022014,0 -84.5863622,39.0220621,0 -84.5861309,39.0221875,0 -84.5860921,39.0222085,0 -84.58598979999999,39.0222666,0 -84.5858499,39.0223452,0 -84.585774,39.022386,0 -84.58568080000001,39.0224496,0 -84.585601,39.022504,0 -84.58501,39.023025,0 -84.5848173,39.0232033,0 -84.58423139999999,39.0237453,0 -84.58416819999999,39.0238013,0 -84.5838102,39.0241206,0 -84.5837058,39.0242137,0 -84.582998,39.024845,0 -84.582945,39.024898,0 -84.5828054,39.0250514000001,0 -84.5827347,39.0251183,0 -84.5827475,39.0252138,0 -84.58219680000001,39.0257481,0 -84.5820367,39.0259035,0 -84.5817588,39.0261944,0 -84.5814965,39.0264618,0 -84.5811886,39.0267188,0 -84.58109210000001,39.02681,0 -84.5808286,39.0270267,0 -84.58065000000001,39.0271563,0 -84.5804203,39.0272926,0 -84.5799226,39.027559,0 -84.5797111,39.0276548,0 -84.57941,39.02779,0 -84.5793396,39.0278205,0 -84.5792778,39.0278473,0 -84.5791432,39.0278809,0 -84.5789357,39.0279825,0 -84.5782765,39.0282823,0 -84.5763036,39.0291625,0 -84.5754962,39.0295382,0 -84.57522470000001,39.0296587,0 -84.5749704,39.0297747,0 -84.5747645,39.029859,0 -84.57413149999999,39.0301184,0 -84.57395699999999,39.03013,0 -84.573818,39.0301880000001,0 -84.57360300000001,39.0302825,0 -84.57338799999999,39.030377,0 -84.573072,39.0305201,0 -84.572644,39.030714,0 -84.57256529999999,39.0307501,0 -84.57207289999999,39.030976,0 -84.57204900000001,39.030987,0 -84.57198169999999,39.0310179,0 -84.571842,39.031082,0 -84.5715948,39.0311928,0 -84.5706579,39.0316127,0 -84.570539,39.031666,0 -84.57037,39.0317430000001,0 -84.56979389999999,39.0320061,0 -84.569768,39.032018,0 -84.56950519999999,39.0321378,0 -84.56918,39.032286,0 -84.5691092,39.0323178,0 -84.5690288,39.032354,0 -84.5683313,39.0326674,0 -84.56818440000001,39.0327334,0 -84.56809269999999,39.0327747,0 -84.56798310000001,39.0328268,0 -84.5678082,39.0329099,0 -84.567705,39.032954,0 -84.56691530000001,39.0333235,0 -84.566801,39.033377,0 -84.5665333,39.0334976,0 -84.5659378,39.0337658999999,0 -84.565592,39.033936,0 -84.5653654,39.0340396,0 -84.565166,39.0341308,0 -84.5648272,39.0342858,0 -84.56477,39.034312,0 -84.56398830000001,39.0346684,0 -84.56361630000001,39.0348379,0 -84.563526,39.034879,0 -84.5634692,39.0349051,0 -84.56290490000001,39.0351643,0 -84.5627092,39.0352542,0 -84.5626601,39.0352767,0 -84.562555,39.035325,0 -84.5624723,39.0353661,0 -84.5622738,39.0354646,0 -84.5621854,39.0355128,0 -84.5621167,39.0355503,0 -84.56189550000001,39.0356857,0 -84.5617768,39.0357626,0 -84.5616716,39.0358281,0 -84.5614775,39.0359488,0 -84.5613831,39.0360076,0 -84.5613245,39.036044,0 -84.5612258,39.0361054,0 -84.56104000000001,39.0362209999999,0 -84.5609371,39.036294,0 -84.5607588,39.0364204,0 -84.56057269999999,39.0365524,0 -84.56049,39.036611,0 -84.5604179,39.0366611,0 -84.560254,39.036775,0 -84.5601285,39.0368621,0 -84.55993429999999,39.0369959,0 -84.559816,39.037079,0 -84.55964400000001,39.037198,0 -84.55935100000001,39.037396,0 -84.558255,39.038149,0 -84.5582399,39.0381595,0 -84.557999,39.038328,0 -84.5579077,39.0383917,0 -84.557678,39.038552,0 -84.55752409999999,39.0386599,0 -84.55722849999999,39.0388672,0 -84.557196,39.03889,0 -84.55711100000001,39.03895,0 -84.55686179999999,39.039127,0 -84.55621499999999,39.039574,0 -84.555751,39.03989,0 -84.55566899999999,39.039949,0 -84.55552299999999,39.040071,0 -84.55543400000001,39.040164,0 -84.555351,39.040268,0 -84.55526999999999,39.040392,0 -84.55511799999999,39.040668,0 -84.555046,39.040799,0 -84.5549986,39.0408868,0 -84.5548079,39.0412361,0 -84.554761,39.041322,0 -84.55473000000001,39.04138,0 -84.5547007,39.0414345,0 -84.5546109,39.0416011,0 -84.55454690000001,39.0417191,0 -84.55436520000001,39.0420582,0 -84.554346,39.042094,0 -84.554073,39.0426059999999,0 -84.55401550000001,39.042714,0 -84.55399,39.042762,0 -84.55390800000001,39.0429189999999,0 -84.553821,39.043084,0 -84.553523,39.043644,0 -84.553394,39.043879,0 -84.553113,39.044393,0 -84.5530641,39.0444826,0 -84.5526706,39.0452044,0 -84.55263100000001,39.045277,0 -84.552544,39.04545,0 -84.552488,39.045604,0 -84.55242800000001,39.045813,0 -84.55237030000001,39.0460622,0 -84.55233200000001,39.046228,0 -84.552241,39.046569,0 -84.552227,39.04662,0 -84.5521997,39.0467268,0 -84.55212659999999,39.0470124,0 -84.552097,39.047128,0 -84.5520235,39.0474175,0 -84.5519872,39.0475938,0 -84.5519559,39.0477402,0 -84.5518939,39.0480306,0 -84.55189919999999,39.048191,0 -84.55187909999999,39.0483354,0 -84.5517463,39.0488297,0 -84.5516871,39.0490592,0 -84.55159039999999,39.0494341,0 -84.5515371,39.0496408,0 -84.5514489,39.0497559,0 -84.5513926,39.0499489,0 -84.551239,39.050541,0 -84.5511681,39.0508146,0 -84.5511114,39.0509976,0 -84.5510348,39.0512446,0 -84.5509924,39.0513814,0 -84.550875,39.0516626,0 -84.5507736,39.0518952,0 -84.5506979,39.0520423,0 -84.5506561,39.0521236,0 -84.5506084,39.0522172,0 -84.5505606,39.0523108,0 -84.5503959,39.0525806,0 -84.5501866,39.0528795,0 -84.5501099,39.052989,0 -84.55000630000001,39.053137,0 -84.54992,39.0532368,0 -84.5498242,39.0533477,0 -84.54973099999999,39.0534554,0 -84.54960010000001,39.0535971,0 -84.54875730000001,39.0545583,0 -84.5487,39.054625,0 -84.5486559,39.0546759,0 -84.5485652,39.0547845,0 -84.54841039999999,39.0549697000001,0 -84.5481121,39.0553046,0 -84.5480457,39.0553911,0 -84.54798099999999,39.0554568,0 -84.54795,39.055493,0 -84.547797,39.055649,0 -84.547647,39.055772,0 -84.54753100000001,39.055846,0 -84.54739600000001,39.055928,0 -84.54727099999999,39.055988,0 -84.546899,39.05614,0 -84.5464106,39.0563330000001,0 -84.5462064,39.0564137,0 -84.546138,39.05644,0 -84.546025,39.056486,0 -84.54585,39.056554,0 -84.545787,39.0565786,0 -84.545134,39.056834,0 -84.544533,39.057073,0 -84.544303,39.057179,0 -84.544172,39.057247,0 -84.54397299999999,39.05736,0 -84.543514,39.057649,0 -84.5432332,39.0578266,0 -84.542725,39.058148,0 -84.5419055,39.0586629,0 -84.54172699999999,39.058775,0 -84.541645,39.058827,0 -84.54142899999999,39.058991,0 -84.541298,39.059117,0 -84.54115899999999,39.059283,0 -84.541073,39.0594349,0 -84.541004,39.059557,0 -84.54092079999999,39.0597383,0 -84.54082769999999,39.059941,0 -84.54076000000001,39.0600884,0 -84.540723,39.0601690000001,0 -84.54068460000001,39.0602479,0 -84.5405106,39.060605,0 -84.5404387,39.0607408,0 -84.540347,39.060914,0 -84.5402514,39.061085,0 -84.5400944,39.0613658,0 -84.54007420000001,39.0614019,0 -84.5400032,39.0615288,0 -84.5397577,39.0619666,0 -84.539744,39.061991,0 -84.539672,39.062092,0 -84.5395975,39.062184,0 -84.539523,39.062276,0 -84.53944799999999,39.062344,0 -84.53941570000001,39.0623741,0 -84.539374,39.0624129999999,0 -84.539271,39.062503,0 -84.53907100000001,39.062626,0 -84.538929,39.062702,0 -84.538787,39.062778,0 -84.53862700000001,39.062858,0 -84.5382712,39.0630578,0 -84.5381825,39.0630945,0 -84.5380382,39.0631576,0 -84.5377785,39.0632534,0 -84.53774869999999,39.0632621,0 -84.5376381,39.0632944,0 -84.537487,39.063327,0 -84.53722,39.063375,0 -84.536925,39.063412,0 -84.5367499,39.0634347,0 -84.5366501,39.0634459,0 -84.53647100000001,39.063466,0 -84.53608,39.063517,0 -84.535847,39.063552,0 -84.535687,39.063575,0 -84.53559,39.063593,0 -84.535512,39.063611,0 -84.535265,39.063668,0 -84.53516399999999,39.0637,0 -84.53506470000001,39.0637356,0 -84.534942,39.063785,0 -84.53485259999999,39.0638306,0 -84.53460800000001,39.063954,0 -84.53437700000001,39.064097,0 -84.534075,39.0642980000001,0 -84.53400809999999,39.0643427,0 -84.5338435,39.0644525,0 -84.53357,39.064635,0 -84.5334629,39.0647004,0 -84.5331679,39.0648804,0 -84.53312099999999,39.064909,0 -84.53264900000001,39.06517,0 -84.5311763,39.0659176,0 -84.5310989,39.0659557,0 -84.53094900000001,39.066029,0 -84.53079,39.066133,0 -84.5307617,39.0661537,0 -84.530693,39.066204,0 -84.5306381,39.0662492,0 -84.530602,39.066279,0 -84.530536,39.066334,0 -84.530356,39.066527,0 -84.53021630000001,39.0666996,0 -84.5300771,39.0668716,0 -84.52986730000001,39.0671308,0 -84.52981699999999,39.067193,0 -84.529517,39.0675785,0 -84.52928850000001,39.0678593,0 -84.52914819999999,39.0680317,0 -84.52899480000001,39.0682237,0 -84.52893899999999,39.06829,0 -84.528713,39.068568,0 -84.52865060000001,39.0686455,0 -84.52831,39.069078,0 -84.528132,39.069316,0 -84.527957,39.069571,0 -84.527635,39.070124,0 -84.52752099999999,39.070364,0 -84.527474,39.070462,0 -84.52718950000001,39.0711502,0 -84.527185,39.071161,0 -84.527119,39.07128,0 -84.52702600000001,39.071403,0 -84.526977,39.071451,0 -84.52682900000001,39.0715659999999,0 -84.52677,39.0716,0 -84.526557,39.071694,0 -84.5263985,39.0717427,0 -84.526121,39.071828,0 -84.525836,39.0719,0 -84.525718,39.071929,0 -84.5256169,39.0719456,0 -84.525347,39.07199,0 -84.525097,39.072012,0 -84.524613,39.072041,0 -84.5242664,39.0720507,0 -84.52397000000001,39.072059,0 -84.5234294,39.0720498,0 -84.52241119999999,39.0720258,0 -84.52157,39.072006,0 -84.521395,39.072012,0 -84.521288,39.072039,0 -84.52121,39.072075,0 -84.521153,39.072119,0 -84.521081,39.072208,0 -84.521062,39.072262,0 -84.521057,39.072329,0 -84.521064,39.0723699999999,0 -84.521075,39.07242,0 -84.52110500000001,39.072479,0 -84.521216,39.07262,0 -84.52170099999999,39.073149,0 -84.5220367,39.073548,0 -84.522178,39.073716,0 -84.52237599999999,39.073961,0 -84.522437,39.074045,0 -84.52252900000001,39.074198,0 -84.522667,39.074479,0 -84.52270799999999,39.074552,0 -84.522766,39.074638,0 -84.52286100000001,39.074733,0 -84.52312000000001,39.074964,0 -84.52320400000001,39.07505,0 -84.523275,39.075138,0 -84.5233611,39.0752488,0 -84.523404,39.075304,0 -84.52345200000001,39.0753631,0 -84.523482,39.0754,0 -84.523534,39.075482,0 -84.523571,39.075544,0 -84.52359180000001,39.075619,0 -84.52358700000001,39.075668,0 -84.52356899999999,39.0757400000001,0 -84.5235452,39.0758046,0 -84.52351400000001,39.075848,0 -84.523438,39.075937,0 -84.523357,39.076007,0 -84.52325500000001,39.076069,0 -84.523188,39.076095,0 -84.523032,39.076136,0 -84.522727,39.076193,0 -84.52259599999999,39.076218,0 -84.522453,39.07626,0 -84.522291,39.076337,0 -84.52220699999999,39.076395,0 -84.52213,39.0764730000001,0 -84.52210940000001,39.0765016,0 -84.521985,39.076675,0 -84.52181,39.076909,0 -84.5217583,39.0769622000001,0 -84.5217196,39.077002,0 -84.5215941,39.0770824,0 -84.5213859,39.0771358,0 -84.521305,39.077156,0 -84.52082710000001,39.0772529,0 -84.5206683,39.0772686,0 -84.5206077,39.0772746,0 -84.5198673,39.0773478,0 -84.51981600000001,39.077354,0 -84.5197084,39.0773657,0 -84.5194801,39.0773907,0 -84.51931999999999,39.077408,0 -84.51923290000001,39.0774191,0 -84.5190017,39.0774486,0 -84.518669,39.077491,0 -84.5186119,39.077502,0 -84.518483,39.077527,0 -84.5184074,39.0775461,0 -84.51832229999999,39.0775686,0 -84.518154,39.077619,0 -84.517995,39.077681,0 -84.51784000000001,39.077758,0 -84.517667,39.077866,0 -84.5174701,39.0780136,0 -84.517426,39.078062,0 -84.51733179999999,39.0781588,0 -84.51728300000001,39.078209,0 -84.51718959999999,39.078304,0 -84.51701300000001,39.0784834,0 -84.516854,39.078645,0 -84.5168954,39.0787501,0 -84.51689930000001,39.0787599,0 -84.5169212,39.0788155,0 -84.517038,39.079112,0 -84.517162,39.079427,0 -84.51726069999999,39.0796665,0 -84.517335,39.079847,0 -84.5174464,39.0801174,0 -84.517473,39.080182,0 -84.517495,39.0802559999999,0 -84.517503,39.080633,0 -84.517503,39.080799,0 -84.51750389999999,39.0814806,0 -84.517504,39.081521,0 -84.517505,39.081674,0 -84.51750509999999,39.0817221,0 -84.517506,39.082032,0 -84.5175129,39.0825726,0 -84.51751369999999,39.0826334000001,0 -84.5175134,39.0827256,0 -84.517511,39.083474,0 -84.51751109999999,39.083561,0 -84.5175119,39.0840342,0 -84.517512,39.084111,0 -84.517512,39.084306,0 -84.51751230000001,39.0843798,0 -84.5175138,39.0847895,0 -84.51751400000001,39.08486,0 -84.51751400000001,39.084949,0 -84.51751369999999,39.0850035,0 -84.51751230000001,39.0853114,0 -84.517512,39.08537,0 -84.5175125,39.0854311000001,0 -84.5175153,39.0857905,0 -84.5175169,39.0858373,0 -84.5175205,39.0864594,0 -84.517521,39.086525,0 -84.517521,39.0865985,0 -84.51752639999999,39.0866944,0 -84.5175435,39.0867909999999,0 -84.517566,39.086873,0 -84.51759079999999,39.0869433,0 -84.5176208,39.087001,0 -84.5178538,39.0874118000001,0 -84.5179878,39.0876258,0 -84.51822850000001,39.0880035,0 -84.51834150000001,39.0882081,0 -84.5184568,39.0884447,0 -84.5185809,39.0887341,0 -84.5186755,39.0890006,0 -84.5187492,39.0892506,0 -84.51989450000001,39.093318,0 -84.52004789999999,39.0937814,0 -84.5201984,39.094135,0 -84.5203568,39.0944409,0 -84.5207174,39.0951061,0 -84.5209818,39.0956284,0 -84.5211221,39.0959614,0 -84.52122129999999,39.0962141,0 -84.5212511,39.096291,0 -84.5213069,39.0964502,0 -84.52141020000001,39.0967803,0 -84.5214565,39.0969486,0 -84.5215036,39.0971238,0 
				
					-84.5215036,39.0971238,0 -84.5214524,39.0971774,0 -84.5214093,39.0972326,0 -84.5214039,39.0972394,0 -84.52134013660147,39.09730342069182,0 -84.52124184530115,39.09735329155995,0 -84.5210543,39.0973995,0 -84.5206024,39.097475,0 -84.5201318,39.0975515999999,0 -84.5200165,39.0975697,0 -84.5195343,39.0976386,0 -84.51922810000001,39.0976824,0 -84.5189008,39.0977292,0 -84.51873860000001,39.0977526,0 -84.51876230000001,39.0978512,0 -84.5187629,39.0978539,0 -84.5188388,39.098117,0 -84.518917,39.0983743,0 -84.5190204,39.0987438,0 -84.5190656,39.0989151,0 -84.5190935,39.099004,0 -84.5191885,39.099175,0 -84.51920920000001,39.0992549000001,0 -84.5194326,39.1001169,0 -84.51943180000001,39.1002294,0 -84.5194535,39.1003232,0 -84.5195473,39.1007295,0 -84.519565,39.1008063,0 -84.5196169,39.1010398,0 -84.5197173,39.1014984,0 -84.51973580000001,39.1016041,0 -84.5195939,39.1016257,0 -84.5191006,39.1016996,0 -84.5189721,39.1017439,0 -84.51838669999999,39.1018146,0 -84.5183572,39.1019132,0 -84.5183518,39.1019422,0 -84.51832109999999,39.1021061,0 -84.51828500000001,39.102299,0 -84.5182994,39.1023628,0 -84.5184325,39.102878,0 -84.5184529,39.1029621,0 -84.51831780000001,39.1029834,0 -84.51756039999999,39.1030995,0 -84.516941,39.1031951,0 -84.51684,39.10321,0 -84.5168603,39.1032942,0 -84.5170068,39.1038948,0 -84.5170152,39.1039271,0 -84.5170542,39.1040776999999,0 -84.5170765,39.1041637,0 -84.5170978,39.104258,0 -84.5171527,39.1044579,0 -84.5171694,39.1045224,0 -84.5172243,39.1047344,0 -84.5172453,39.1048172,0 -84.5172637,39.1048906,0 -84.5172809,39.1049597,0 -84.5173776,39.1053425,0 -84.5174143,39.1054883,0 -84.5174463,39.105615,0 -84.51745289999999,39.1056413,0 -84.5174708,39.105712,0 -84.5174904,39.1057899,0 -84.5175115,39.1058733,0 -84.51760160000001,39.1062313,0 -84.5176199,39.1063039999999,0 -84.51762979999999,39.1063431,0 -84.5176402,39.1063844,0 -84.51766499999999,39.1064807000001,0 -84.5176917,39.1065737,0 -84.5175857,39.1065902,0 -84.5172385,39.1066422,0 -84.5168737,39.1066965,0 -84.5167994,39.1067072,0 -84.516637,39.1067308,0 -84.51653229999999,39.1067469,0 -84.5164278,39.1067616,0 -84.516198,39.1067961,0 -84.51608090000001,39.1068103,0 -84.51597460000001,39.1068225,0 -84.51582500000001,39.1068463,0 -84.5151738,39.1069481,0 -84.5149146,39.1069889,0 -84.5145692,39.1070431,0 -84.5144643,39.1070597,0 -84.5143656,39.107074,0 -84.51383319999999,39.1071501,0 -84.51377960000001,39.1071575,0 -84.5133419,39.1072183,0 -84.5132646,39.107229,0 -84.5131731,39.1072416,0 -84.51295140000001,39.1072724,0 -84.51291260000001,39.1072781,0 -84.51285249999999,39.1072859,0 -84.5127524,39.1073014,0 -84.51219089999999,39.1073879,0 -84.5120782,39.1074061,0 -84.5118478,39.1074507,0 -84.51167839999999,39.1074816,0 -84.51134190000001,39.1075484,0 -84.51126720000001,39.1075629,0 -84.5112519,39.1075661999999,0 -84.5111217,39.1075864,0 -84.5102737,39.1077165,0 -84.5099348,39.1077685,0 -84.5097494,39.1077967,0 -84.5096492,39.1078123,0 -84.5095604,39.1078283,0 -84.50924310000001,39.1078847,0 -84.5091256,39.1079056000001,0 -84.50901399999999,39.1079322,0 -84.5087825,39.1079962,0 -84.5086587,39.1080371,0 -84.50854750000001,39.1080946,0 -84.5079882,39.1083757,0 -84.5075906,39.1085392,0 -84.5073524,39.1086253000001,0 -84.5069957,39.1087585,0 -84.50685609999999,39.1088148,0 -84.50660980000001,39.1089141,0 -84.5065007,39.1089588,0 -84.506382,39.1090022,0 -84.50627900000001,39.1090447,0 -84.5060421,39.1091386,0 -84.5056855,39.1093031,0 -84.5055675,39.1093585,0 -84.5054164,39.1094328,0 -84.5051972,39.1095415,0 -84.504859,39.1097042000001,0 -84.5047277,39.1097737,0 -84.5046148,39.1098334,0 -84.5045339,39.1098942,0 -84.5044355,39.1099813,0 -84.5043344,39.1101089,0 -84.5043112,39.1102551,0 -84.5042564,39.1103418,0 -84.5040664,39.1106641,0 -84.50403230000001,39.110721,0 -84.5039041,39.1109431,0 -84.50384440000001,39.1110348,0 -84.5037841,39.1111357,0 -84.503761,39.1111694,0 -84.5037372,39.111204,0 -84.5036451,39.1113382,0 -84.5035644,39.1114558,0 -84.5034635,39.1116028,0 -84.5033344,39.1117908,0 -84.5032559,39.1119051,0 -84.50318590000001,39.1120071,0 -84.50309799999999,39.1121424,0 -84.5025749,39.1129448,0 -84.502341,39.1133035,0 -84.50226170000001,39.113429,0 -84.5022191,39.1134965,0 -84.5019771,39.1138772,0 -84.501912,39.113971,0 -84.501796,39.1141463,0 -84.5016421,39.114403,0 -84.5016277,39.1144262,0 -84.5014599,39.1146962,0 -84.501392,39.114816,0 -84.50129,39.115053,0 -84.501217,39.115267,0 -84.50107319999999,39.1158309,0 -84.500838,39.116676,0 -84.500612,39.117439,0 -84.5005611,39.117706,0 -84.50051879999999,39.1179139,0 -84.5004678,39.1181688,0 -84.50042089999999,39.1183005,0 -84.5003667,39.1186126,0 -84.5003301,39.1188375,0 -84.5003138,39.1189218,0 -84.50024380000001,39.1190373,0 -84.5002108,39.119242,0 -84.500125,39.119775,0 -84.500123,39.119858,0 -84.500139,39.119969,0 -84.50016599999999,39.12005,0 -84.50018970000001,39.1200987,0 -84.5002507,39.1202241,0 -84.5004806,39.1206965,0 -84.5004964,39.1207291,0 -84.50063179999999,39.1210073,0 -84.500856,39.121468,0 -84.501042,39.121857,0 -84.5010472,39.1218678,0 -84.501198,39.122181,0 -84.501232,39.122312,0 -84.5012586,39.1224718,0 -84.5012744,39.1226647,0 -84.501282,39.122728,0 -84.50127999999999,39.1227965999999,0 -84.5012754,39.122929,0 -84.50126779999999,39.1231476,0 -84.501259,39.123429,0 -84.501274,39.123621,0 -84.501287,39.123703,0 -84.501322,39.12387,0 -84.501375,39.124034,0 -84.5015788,39.1245255,0 -84.5017089,39.1248083,0 -84.5018207,39.1250682,0 -84.50185329999999,39.1251431,0 -84.5018905,39.1252203,0 -84.5019367,39.1253900999999,0 -84.5019538,39.1255299,0 -84.5019453,39.1257296,0 -84.5019254,39.1258988,0 -84.50190449999999,39.1260761,0 -84.50184040000001,39.12662,0 -84.5016991,39.1267852,0 -84.5015769,39.126906,0 -84.5011265,39.1273966999999,0 -84.50099470000001,39.1275309,0 -84.50086570000001,39.1276341,0 -84.500832,39.127661,0 -84.500699,39.127755,0 -84.500528,39.127855,0 -84.5004813,39.1278772,0 -84.500345,39.127942,0 -84.50021700000001,39.127992,0 -84.500033,39.1280792,0 -84.4999155,39.1281407,0 -84.4998219,39.1281954,0 -84.4997122,39.128273,0 -84.4996201,39.1283373,0 -84.4994358,39.128468,0 -84.49934330000001,39.1285328,0 -84.4991988,39.1286393,0 -84.4991272,39.1287025,0 -84.498828,39.128962,0 -84.49862899999999,39.129202,0 -84.498559,39.129314,0 -84.498514,39.129407,0 -84.49841309999999,39.1297128,0 -84.4983716,39.1298382,0 -84.4983319,39.1299586,0 -84.4982242,39.1302785,0 -84.498197,39.130367,0 -84.4981774,39.1304164,0 -84.4980135,39.130825,0 -84.497945,39.130996,0 -84.4978323,39.1312771,0 -84.49763299999999,39.131774,0 -84.4974721,39.1321686,0 -84.4974591,39.1322004000001,0 -84.4972257,39.1327849,0 -84.4971707,39.1329047,0 -84.4971231,39.1330342999999,0 -84.4970757,39.1331756,0 -84.4970519,39.1332466,0 -84.4970241,39.1333294999999,0 -84.4969906,39.1334412,0 -84.4969835,39.1334697,0 -84.49696520000001,39.1335425,0 -84.49695079999999,39.1336411,0 -84.4969444,39.1336852,0 -84.49693259999999,39.133742,0 -84.4969167,39.1338479,0 -84.49689739999999,39.134006,0 -84.496892,39.1340535,0 -84.4968697,39.1342511,0 -84.4968662,39.1345185,0 -84.4968696,39.1345858,0 -84.49687710000001,39.1347158,0 -84.4968914,39.1348849,0 -84.4969107,39.1350511,0 -84.4969105,39.1350637,0 -84.4969073,39.1352532,0 -84.496881,39.1354918,0 -84.4968552,39.1356353,0 -84.49683210000001,39.1357401,0 -84.496808,39.1358287,0 -84.496773,39.1359422,0 -84.496743,39.1360499,0 -84.4967211,39.1361286,0 -84.49667119999999,39.136279,0 -84.4965634,39.1365194,0 -84.4964694,39.1367293,0 -84.4964152,39.1368547,0 -84.4963669,39.1369663,0 -84.49628420000001,39.1371067,0 -84.4961935,39.1372492,0 -84.4961337,39.1373411,0 -84.4960552,39.1374418,0 -84.4959624,39.1375643,0 -84.49592560000001,39.1376129,0 -84.4957933,39.137773,0 -84.495644,39.137936,0 -84.49539129999999,39.1382029,0 -84.4952,39.138392,0 -84.4951501,39.1384497,0 -84.494935,39.138698,0 -84.4947798,39.1388579,0 -84.494404,39.139245,0 -84.4941089,39.1395575,0 -84.493863,39.139818,0 -84.49376479999999,39.1399423000001,0 -84.493731,39.1399850000001,0 -84.493601,39.140184,0 -84.493422,39.1404439,0 -84.49329609999999,39.1406268,0 -84.49301509999999,39.1410348,0 -84.4929777,39.1410904,0 -84.492947,39.141135,0 -84.49278529999999,39.1413975,0 -84.492655,39.1416091,0 -84.492487,39.141882,0 -84.49233150000001,39.142111,0 -84.492197,39.142309,0 -84.4919546,39.1427094,0 -84.491907,39.142788,0 -84.4916405,39.14323,0 -84.49157599999999,39.143337,0 -84.4913013,39.1437979,0 -84.4911761,39.144008,0 -84.49099080000001,39.1443181,0 -84.490921,39.144428,0 -84.4908307,39.1445725,0 -84.4906869,39.1448308000001,0 -84.4906424,39.1449029,0 -84.4905175,39.1451053,0 -84.49047299999999,39.14518,0 -84.49030399999999,39.145462,0 -84.4902132,39.1456108,0 -84.49015249999999,39.1457104,0 -84.4901041,39.1457907,0 -84.4899877,39.1459804,0 -84.48994279999999,39.1460534,0 -84.4899004,39.1461257,0 -84.4898659,39.1461869,0 -84.48981430000001,39.1462725,0 -84.4897847,39.1463214999999,0 -84.4897182,39.1464344,0 -84.4895947,39.1466412,0 -84.489468,39.1468535,0 -84.489439,39.1469028,0 -84.4893364,39.1470759999999,0 -84.48920270000001,39.1473019,0 -84.4891136,39.1474546,0 -84.4890948,39.147487,0 -84.4890322,39.1475955,0 -84.488972,39.1476945,0 -84.48895520000001,39.1477224000001,0 -84.4888377,39.1479177,0 -84.4887382,39.1480736,0 -84.48859659999999,39.1483189,0 -84.488451,39.1485606,0 -84.4884304,39.1485949,0 -84.48838499999999,39.1486710000001,0 -84.4883289,39.1487624,0 -84.48824500000001,39.1488992,0 -84.4882155,39.1489473,0 -84.4881951,39.1489805,0 -84.48812239999999,39.1491019,0 -84.48807720000001,39.1491773,0 -84.4878554,39.1495476,0 -84.4877539,39.1497022,0 -84.487657,39.1498496,0 -84.48755800000001,39.149961,0 -84.4874445,39.1500709999999,0 -84.487331,39.150181,0 -84.4872829,39.150223,0 -84.48726739999999,39.1502366,0 -84.487115,39.15037,0 -84.487028,39.1504423,0 -84.48700169999999,39.1504641,0 -84.4869348,39.1505188,0 -84.4868544,39.1505861,0 -84.4868142,39.1506194,0 -84.48678459999999,39.1506441,0 -84.48653969999999,39.1508478,0 -84.4864446,39.1509269,0 -84.4863399,39.1510138,0 -84.486317,39.1510328,0 -84.4860082,39.1512892,0 -84.485688,39.151555,0 -84.4855791,39.1516443,0 -84.48551,39.151701,0 -84.4853507,39.1518317,0 -84.48530409999999,39.1518699,0 -84.4851827,39.1519695,0 -84.484951,39.1521597,0 -84.4847369,39.1523353,0 -84.4844575,39.1525632000001,0 -84.48439,39.15262,0 -84.4843389,39.1526621,0 -84.4841012,39.1528655,0 -84.4838695,39.1530626,0 -84.48333239999999,39.1535195,0 -84.48318500000001,39.153641,0 -84.48305379999999,39.1537526,0 -84.4826363,39.1540966,0 -84.482313,39.154363,0 -84.4821596,39.1544945,0 -84.4821468,39.1545055,0 -84.48190750000001,39.1547127,0 -84.48178129999999,39.1548188,0 -84.48174590000001,39.1548468,0 -84.4816685,39.1549155,0 -84.48140119999999,39.1551447,0 -84.4812302,39.1552913,0 -84.4810882,39.155413,0 -84.48102400000001,39.155468,0 -84.48095240000001,39.1555239,0 -84.4808067,39.1556377,0 -84.480622,39.155782,0 -84.4805497,39.1558446,0 -84.4804267,39.1559469999999,0 -84.4803483,39.1560123,0 -84.4798904,39.1563934,0 -84.4798297,39.1564184,0 -84.47980680000001,39.1564277,0 -84.4792693,39.1566447,0 -84.47855800000001,39.156935,0 -84.47829969999999,39.1570094,0 -84.47826999999999,39.1570179999999,0 -84.4781548,39.1570446,0 -84.47785020000001,39.1571148,0 -84.477784,39.15713,0 -84.477493,39.15717,0 -84.4774314,39.1571763,0 -84.477346,39.157185,0 -84.47730300000001,39.1571924,0 -84.476809,39.157277,0 -84.47637899999999,39.157392,0 -84.476206,39.157442,0 -84.47618439999999,39.1574499,0 -84.4761455,39.1574643,0 -84.475981,39.157525,0 -84.47590769999999,39.1575589,0 -84.4757674,39.1576236,0 -84.4755779,39.157718,0 -84.4753862,39.1578235,0 -84.47521860000001,39.1579248,0 -84.47499639999999,39.1580876,0 -84.4748651,39.1581961,0 -84.4747366,39.1583088,0 -84.4746086,39.1584379,0 -84.474553,39.1585054,0 -84.4745021,39.1585671,0 -84.4743842,39.1587307,0 -84.4742734,39.1588956,0 -84.4741494,39.1591369,0 -84.474101,39.159231,0 -84.4740852,39.1592752,0 -84.47401859999999,39.1594608,0 -84.4739685,39.1596531,0 -84.4739443,39.1598574000001,0 -84.4739416,39.1600762,0 -84.473963,39.160364,0 -84.4739673,39.1606299,0 -84.47396089999999,39.1608625,0 -84.47394199999999,39.161071,0 -84.4739124,39.1612232,0 -84.473879,39.161371,0 -84.473832,39.1615071,0 -84.4737851,39.161639,0 -84.473752,39.1617158,0 -84.4736726,39.1618987,0 -84.473584,39.162048,0 -84.47318199999999,39.162597,0 -84.47305110000001,39.16277,0 -84.472579,39.16336,0 -84.472398,39.163588,0 -84.47234589999999,39.1636526999999,0 -84.4722953,39.1637155,0 -84.4721581,39.1638859,0 -84.4720604,39.1640073,0 -84.4720138,39.1640651,0 -84.4719662,39.1641243,0 -84.47178340000001,39.1643512,0 -84.47162400000001,39.1645492,0 -84.471538,39.164656,0 -84.4714852,39.1647195,0 -84.471417,39.1648014,0 -84.4712002,39.1650621,0 -84.4711023,39.1652044,0 -84.4710346,39.1653259,0 -84.47102219999999,39.1653511,0 -84.4709562,39.1654847,0 -84.470921,39.165556,0 -84.47083689999999,39.1658115,0 -84.470727,39.166145,0 -84.47056600000001,39.166631,0 -84.47055039999999,39.1666798,0 -84.4705386,39.1667168,0 -84.470474,39.1669186,0 -84.4704435,39.1670141,0 -84.4704308,39.167054,0 -84.47037880000001,39.1672167,0 -84.4703715,39.1672396,0 -84.4702989,39.1674579000001,0 -84.47028659999999,39.1674948,0 -84.4702367,39.1676476,0 -84.47022560000001,39.167681,0 -84.4701843,39.1678058,0 -84.470152,39.167903,0 -84.47013389999999,39.1680266000001,0 -84.470128,39.168067,0 -84.47010450000001,39.1681558,0 -84.47009370000001,39.1681965,0 -84.470078,39.168256,0 -84.47001899999999,39.168414,0 -84.469944,39.168569,0 -84.469854,39.168718,0 -84.4697869,39.168823,0 -84.4697063,39.1689493000001,0 -84.46967239999999,39.1690024,0 -84.4695607,39.169162,0 -84.469504,39.1692412,0 -84.4694212,39.1693571,0 -84.4693698,39.1694291,0 -84.4693371,39.1694749,0 -84.46931189999999,39.169644,0 -84.4691795,39.1697798,0 -84.46892200000001,39.1700647,0 -84.4688106,39.1701998,0 -84.4687127,39.1703444,0 -84.468548,39.170443,0 -84.46851100000001,39.1705089,0 -84.468495,39.1705395,0 -84.46843699999999,39.1706510000001,0 -84.46835969999999,39.1708286,0 -84.4683071,39.1709715,0 -84.4682507,39.1711160999999,0 -84.4682052,39.1712327,0 -84.4681807,39.1712898,0 -84.468171,39.1713231,0 -84.4680559,39.1716413,0 -84.4679692,39.1718684,0 -84.46792499999999,39.1719978,0 -84.4678914,39.172096,0 -84.4678687,39.1721654,0 -84.4678567,39.1722037,0 -84.4678231,39.1723107,0 -84.467778,39.172456,0 -84.467681,39.172791,0 -84.46762099999999,39.1730250000001,0 -84.4676051,39.1730803,0 -84.467596,39.173112,0 -84.4675646,39.1732232,0 -84.46750470000001,39.1734358,0 -84.46750179999999,39.173446,0 -84.4674273,39.1737102,0 -84.4673787,39.1738824,0 -84.4673719,39.1739064,0 -84.467354,39.17397,0 -84.4673389,39.1740253,0 -84.4673274,39.1740742,0 -84.467319,39.1741042,0 -84.467114,39.174836,0 -84.4671024,39.1748811,0 -84.4670809,39.1749647,0 -84.46705799999999,39.175054,0 -84.46701349999999,39.1752172,0 -84.4669691,39.1753802,0 -84.4668843,39.1756909,0 -84.466853,39.1758061,0 -84.46682610000001,39.1759049999999,0 -84.46680600000001,39.175978,0 -84.46677819999999,39.1760792,0 -84.4667666,39.1761214,0 -84.46671670000001,39.1763027,0 -84.4666,39.176727,0 -84.4665842,39.1767773,0 -84.4665684,39.1768276,0 -84.4665605,39.1768495999999,0 -84.4665463,39.1769008,0 -84.46650820000001,39.1770184,0 -84.46649979999999,39.1770442999999,0 -84.46648190000001,39.1771038,0 -84.4664021,39.177369,0 -84.4663714,39.1774711,0 -84.466356,39.1775238000001,0 -84.4663307,39.1776109,0 -84.466313,39.177665,0 -84.46628370000001,39.1777776,0 -84.4661608,39.1782507,0 -84.466155,39.178273,0 -84.46595000000001,39.178961,0 -84.46583579999999,39.179392,0 -84.46582600000001,39.179429,0 -84.465588,39.18028,0 -84.4655783,39.1803164,0 -84.465476,39.1807,0 -84.46534749999999,39.18113,0 -84.465329,39.181192,0 -84.4652553,39.1814624,0 -84.465092,39.182061,0 -84.4650491,39.1823316,0 -84.465039,39.182395,0 -84.465034,39.18246,0 -84.46498699999999,39.1828,0 -84.4649927,39.183016,0 -84.465,39.183292,0 -84.46499919999999,39.1837077,0 -84.4649983,39.1842062,0 -84.46499799999999,39.184355,0 -84.46499900000001,39.1844553,0 -84.46499919999999,39.1844817,0 -84.46499970000001,39.1845451,0 -84.465003,39.18492,0 -84.4650032,39.1849428,0 -84.465007,39.18537,0 -84.465007,39.1858738,0 -84.465007,39.185992,0 -84.464991,39.186157,0 -84.4649522,39.1863686,0 -84.46489200000001,39.186536,0 -84.46486,39.186615,0 -84.4647822,39.1867806,0 -84.4646041,39.1871612,0 -84.4645532,39.1872699,0 -84.4645912,39.187409,0 -84.4644426,39.1877198,0 -84.46441660000001,39.1877741,0 -84.4642484,39.1881177000001,0 -84.4641191,39.1883822,0 -84.4639799,39.1886486,0 -84.4637163,39.1890755,0 -84.4636299,39.1891953,0 -84.46352950000001,39.1893365,0 -84.4634772,39.1894038,0 -84.4634446,39.1894451,0 -84.46341080000001,39.1894879,0 -84.4633647,39.1895503,0 -84.4632541,39.1896971,0 -84.46296460000001,39.1900946,0 -84.4629437,39.1901233,0 -84.4628465,39.1902562,0 -84.4627488,39.1903898,0 -84.46261,39.1905795999999,0 -84.4624828,39.1907705,0 -84.4623543,39.1909634,0 -84.4622636,39.1910949,0 -84.46217919999999,39.1912102,0 -84.462146,39.1912572,0 -84.4620333,39.1914152,0 -84.4618162,39.1917966,0 -84.46163869999999,39.1921082,0 -84.46137040000001,39.1925792,0 -84.461223,39.192689,0 -84.4611637,39.1927965,0 -84.4606802,39.1936726,0 -84.460348,39.194265,0 -84.46002300000001,39.194868,0 -84.459458,39.195881,0 -84.45894800000001,39.196772,0 -84.45865689999999,39.1972756,0 -84.4586133,39.197351,0 -84.45856019999999,39.1974548,0 -84.4583628,39.1977804,0 -84.4582673,39.1979378,0 -84.458246,39.197973,0 -84.45816550000001,39.1981114,0 -84.45804769999999,39.198314,0 -84.457925,39.198525,0 -84.4578892,39.1985946,0 -84.45783,39.19871,0 -84.4577857,39.1987791,0 -84.457655,39.198983,0 -84.45758549999999,39.1991015,0 -84.4574468,39.1993381,0 -84.45739810000001,39.1994212,0 -84.45736789999999,39.1994782000001,0 -84.4573157,39.1995683,0 -84.45727100000001,39.1996454,0 -84.45717500000001,39.199811,0 -84.45706989999999,39.1999888,0 -84.4570037,39.200103,0 -84.4569128,39.2002527,0 -84.45684199999999,39.200371,0 -84.4568125,39.2004239,0 -84.45677019999999,39.2004998,0 -84.4567535,39.2005298,0 -84.45662830000001,39.2007544,0 -84.4566074,39.200792,0 -84.45651599999999,39.200956,0 -84.45622849999999,39.2014414,0 -84.45602479999999,39.2017854,0 -84.45598769999999,39.201848,0 -84.4559252,39.2019536,0 -84.45578639999999,39.202196,0 -84.455744,39.202268,0 -84.4556418,39.2024401,0 -84.45559280000001,39.2025227,0 -84.45546950000001,39.202738,0 -84.4554493,39.2027733,0 -84.4553774,39.2028804,0 -84.4553131,39.2029722,0 -84.455185,39.203129,0 -84.45507430000001,39.2032442000001,0 -84.455012,39.203309,0 -84.454729,39.2035862,0 -84.45454290000001,39.2037684,0 -84.4545243,39.2037866,0 -84.4544369,39.2038722,0 -84.45426329999999,39.2040423,0 -84.4541481,39.2041552,0 -84.45399380000001,39.2043074,0 -84.4538435,39.2044535,0 -84.4537972,39.2044989,0 -84.4537416,39.2045521,0 -84.4534575,39.2048243,0 -84.4532849,39.2049896,0 -84.452899,39.2053594,0 -84.452882,39.205375,0 -84.4527631,39.2055009,0 -84.452383,39.2059036,0 -84.4520112,39.206272,0 -84.4519342,39.2063485,0 -84.4518609,39.2064212,0 -84.4516988,39.206582,0 -84.4516483,39.2066322,0 -84.45159200000001,39.206688,0 -84.4515402,39.2067395,0 -84.451274,39.207004,0 -84.4512043,39.2070734,0 -84.45109669999999,39.2071804,0 -84.4509302,39.2073462,0 -84.450844,39.207432,0 -84.4507425,39.20753,0 -84.45051580000001,39.2077487,0 -84.4504452,39.2078168,0 -84.4501094,39.2081408,0 -84.4500925,39.2081571,0 -84.4498066,39.208433,0 -84.4495086,39.2087022,0 -84.449247,39.208973,0 -84.44898999999999,39.209244,0 -84.448965,39.209274,0 -84.4488554,39.2094058,0 -84.448836,39.209429,0 -84.44868099999999,39.209645,0 -84.4486313,39.2097271,0 -84.448606,39.209769,0 -84.448573,39.209824,0 -84.4485413,39.2098878,0 -84.4484999,39.2099709,0 -84.448481,39.210009,0 -84.4484065,39.2101648,0 -84.4483539,39.2102749,0 -84.4483422,39.2102994,0 -84.4482594,39.2104725,0 -84.4482385,39.2105166,0 -84.4482107,39.2105809999999,0 -84.4479656,39.2111109,0 -84.4479181,39.2112066,0 -84.44789919999999,39.2112454,0 -84.4478105,39.2114273,0 -84.447756,39.211553,0 -84.4477036,39.2116434,0 -84.4476306,39.2117797,0 -84.4475541,39.2119179,0 -84.4475302,39.211961,0 -84.447461,39.212086,0 -84.447368,39.212235,0 -84.44723550000001,39.2124473,0 -84.447129,39.2126179999999,0 -84.4469594,39.2129105,0 -84.44678,39.21322,0 -84.4466937,39.2133638,0 -84.446423,39.213815,0 -84.4463781,39.2138877,0 -84.44635599999999,39.213924,0 -84.4462238,39.2141377,0 -84.44616000000001,39.214241,0 -84.44611039999999,39.2143235,0 -84.4457915,39.2148543,0 -84.445767,39.214895,0 -84.4456995,39.215007,0 -84.4451754,39.215877,0 -84.445123,39.215964,0 -84.4450563,39.2160793,0 -84.4450348,39.2161163999999,0 -84.444829,39.216472,0 -84.444391,39.217207,0 -84.4442979,39.21735,0 -84.44421029999999,39.2174847000001,0 -84.444147,39.217582,0 -84.4441128,39.2176384,0 -84.44400109999999,39.2178224,0 -84.443988,39.217844,0 -84.44390300000001,39.2179839,0 -84.44382400000001,39.218114,0 -84.443753,39.2182354,0 -84.44352720000001,39.2186216,0 -84.443324,39.218969,0 -84.4431364,39.2192728,0 -84.443032,39.219442,0 -84.4428887,39.2196807,0 -84.4428075,39.219816,0 -84.4426103,39.2201447,0 -84.4424989,39.2203303,0 -84.4424815,39.2203593,0 -84.4423548,39.2205704,0 -84.44227770000001,39.2206988,0 -84.4422481,39.2207486,0 -84.4421993,39.2208305,0 -84.44217039999999,39.2208796999999,0 -84.4421238,39.2209558,0 -84.4418326,39.2214321,0 -84.441788,39.221505,0 -84.44165959999999,39.2217171,0 -84.44162590000001,39.2217728,0 -84.4415449,39.2219065,0 -84.4414945,39.2219898,0 -84.441363,39.2222071,0 -84.44132020000001,39.2222777,0 -84.4412555,39.2223846,0 -84.4412111,39.2224579000001,0 -84.4411432,39.2225701,0 -84.44110999999999,39.222625,0 -84.4410728,39.2226862,0 -84.44102049999999,39.2227724,0 -84.4409089,39.2229561,0 -84.4408801,39.2230035,0 -84.4407818,39.2231652,0 -84.44076800000001,39.223188,0 -84.4407113,39.2232854,0 -84.440613,39.223454,0 -84.44057549999999,39.2235159,0 -84.4404698,39.22369,0 -84.440388,39.2238247,0 -84.4402809,39.2240013,0 -84.44022699999999,39.22409,0 -84.44004219999999,39.2243919,0 -84.440011,39.224443,0 -84.4399717,39.224509,0 -84.4398745,39.2246721,0 -84.4397407,39.2248966,0 -84.439623,39.225094,0 -84.439378,39.225509,0 -84.43922860000001,39.2257538,0 -84.4392009,39.2257992999999,0 -84.4391231,39.2259268,0 -84.4390595,39.2260309,0 -84.4389223,39.2262558,0 -84.4388232,39.2264183,0 -84.438785,39.226481,0 -84.4387297,39.2265723,0 -84.4386063,39.226774,0 -84.4385205,39.2269174,0 -84.43849,39.2269678,0 -84.43845949999999,39.2270182,0 -84.4383723,39.2271621,0 -84.43822849999999,39.2273993000001,0 -84.438185,39.227471,0 -84.4381424,39.2275404,0 -84.43798390000001,39.2277984000001,0 -84.4379157,39.2279093,0 -84.43788379999999,39.2279613,0 -84.437584,39.228449,0 -84.43745800000001,39.228661,0 -84.43717770000001,39.2291423,0 -84.437162,39.2292556,0 -84.43704719999999,39.2294638,0 -84.4369191,39.2296669,0 -84.4367281,39.2299468,0 -84.4366253,39.2299856,0 -84.4365237,39.2301347,0 -84.4361938,39.2306191,0 -84.436116,39.230734,0 -84.43597370000001,39.2309353,0 -84.435947,39.2309730000001,0 -84.43580799999999,39.2311721,0 -84.4357466,39.2312601,0 -84.4353579,39.2318167,0 -84.4351794,39.2320723000001,0 -84.4350584,39.2322457,0 -84.435008,39.2323178,0 -84.4348021,39.2326126,0 -84.43457979999999,39.232931,0 -84.434431,39.233144,0 -84.4341227,39.2335932,0 -84.433976,39.233807,0 -84.4339387,39.2338599,0 -84.43332100000001,39.234737,0 -84.433031,39.2351584,0 -84.432829,39.235452,0 -84.4327289,39.2355972,0 -84.432563,39.235838,0 -84.4323693,39.2360892,0 -84.43217249999999,39.2363809,0 -84.4320973,39.2364923,0 -84.4319534,39.2367056,0 -84.43181490000001,39.2369109,0 -84.4317784,39.2369636000001,0 -84.4316894,39.2370921,0 -84.431607,39.2372111,0 -84.43140870000001,39.2374973,0 -84.43136939999999,39.2375559,0 -84.43129500000001,39.2376668,0 -84.43109,39.2379847,0 -84.430948,39.238205,0 -84.4308824,39.2383137,0 -84.430852,39.238364,0 -84.4307238,39.2385759,0 -84.43064699999999,39.238703,0 -84.430443,39.23905,0 -84.43032669999999,39.2392506999999,0 -84.43025040000001,39.2393824,0 -84.4301092,39.2395957,0 -84.4300279,39.2397185000001,0 -84.4299987,39.2397626,0 -84.42981229999999,39.2400921,0 -84.42975800000001,39.240188,0 -84.42965700000001,39.240353,0 -84.42959500000001,39.2404568,0 -84.42922950000001,39.2410682,0 -84.42897910000001,39.241487,0 -84.428911,39.2416009,0 -84.428859,39.241688,0 -84.42855400000001,39.242173,0 -84.4281773,39.2428076,0 -84.4279287,39.2432138,0 -84.427666,39.2436430000001,0 -84.42741650000001,39.2440984000001,0 -84.4273781,39.2442899,0 -84.42716540000001,39.2447178,0 -84.42702540000001,39.2450617,0 -84.4269851,39.2451585,0 -84.4269261,39.2452953,0 -84.426878,39.2454068,0 -84.4264886,39.2463109,0 -84.4261429,39.2471135,0 -84.425943,39.2475775,0 -84.4258169,39.2476766,0 -84.4258066,39.2477008,0 -84.4255938,39.2482008999999,0 -84.4255333,39.2483432,0 -84.4255172,39.248381,0 -84.4254506,39.2485376000001,0 -84.4251658,39.2492071,0 -84.42512790000001,39.2492969,0 -84.4251098,39.2493398,0 -84.42492470000001,39.2497792,0 -84.42463669999999,39.2504626,0 -84.42462020000001,39.2506415000001,0 -84.4244703,39.2509761,0 -84.4243204,39.2513107,0 -84.4241899,39.2515746,0 -84.4240594,39.2518386,0 -84.4239591,39.2520444999999,0 -84.42395310000001,39.2520569,0 -84.4239063,39.2521536,0 -84.42380559999999,39.2523617,0 -84.4237533,39.2524697,0 -84.4237002,39.2525703,0 -84.42355999999999,39.2528354,0 -84.4234943,39.2529598,0 -84.42346449999999,39.2530136000001,0 -84.4233816,39.2531634,0 -84.42325820000001,39.2533586,0 -84.42272490000001,39.2541083,0 -84.4226079,39.2542734,0 -84.4224176,39.2545412,0 -84.4222443,39.2547868,0 -84.42215849999999,39.2549126,0 -84.4220727,39.2550385,0 -84.42190100000001,39.2552902,0 -84.4215112,39.2558227,0 -84.42111749999999,39.256366,0 -84.4209925,39.2565386,0 -84.4207294,39.2569017,0 -84.42043959999999,39.2573017,0 -84.42007959999999,39.2577986,0 -84.4199497,39.2579824,0 -84.4195331,39.2585719,0 -84.41922030000001,39.2590145,0 -84.4190528,39.2592515,0 -84.4187098,39.2597367999999,0 -84.4186424,39.2598262,0 -84.41829509999999,39.2602868,0 -84.417985,39.2606983,0 -84.41764689999999,39.2611664,0 -84.4176095,39.2612172,0 -84.4172611,39.2617115,0 -84.41721099999999,39.2617908,0 -84.41692759999999,39.2622396,0 -84.4169017,39.2622805,0 -84.4166678,39.2626457999999,0 -84.4166276,39.2627025,0 -84.416566,39.2627842,0 -84.4164995,39.2628746,0 -84.4163516,39.2630756,0 -84.4157903,39.2638383,0 -84.41561350000001,39.2640786,0 -84.41553380000001,39.2641869,0 -84.41542029999999,39.2643062,0 -84.4153317,39.2643994,0 -84.4153103,39.2644219,0 -84.41520300000001,39.2645348,0 -84.41501239999999,39.2647765,0 -84.414607,39.2653339999999,0 -84.41403,39.266162,0 -84.4138731,39.2663792,0 -84.413827,39.266443,0 -84.4134657,39.2669322,0 -84.4133648,39.2671288999999,0 -84.413336,39.267185,0 -84.41327459999999,39.2673532,0 -84.413259,39.267396,0 -84.413196,39.26761,0 -84.4131524,39.2678116,0 -84.4131369,39.267965,0 -84.4131024,39.2682701,0 -84.41309200000001,39.268362,0 -84.4130792,39.2685129,0 -84.41305490000001,39.2687993,0 -84.41303809999999,39.2689968,0 -84.413037,39.2690092,0 -84.41302229999999,39.2691831,0 -84.41302020000001,39.2692075,0 -84.41300510000001,39.2693857,0 -84.4129988,39.2694601,0 -84.4129947,39.2695088,0 -84.4129776,39.2697103,0 -84.4129745,39.2697463,0 -84.4129605,39.2699118,0 -84.4129398,39.2701558,0 -84.41293,39.270271,0 -84.41291940000001,39.2703902,0 -84.4128888,39.270735,0 -84.41288520000001,39.2707756,0 -84.4128776,39.2708613,0 -84.4128647,39.271007,0 -84.4128267,39.2714354,0 -84.412817,39.2715253,0 -84.4128084,39.2716065,0 -84.4127838,39.271722,0 -84.41277100000001,39.27179,0 -84.412744,39.271846,0 -84.412705,39.271898,0 -84.412606,39.2719964,0 -84.41255,39.272052,0 -84.4123484,39.2722388,0 -84.4122428,39.2723366,0 -84.4121241,39.2724371,0 -84.4119247,39.272616,0 -84.4118745,39.2726588,0 -84.41175320000001,39.2727828,0 -84.4117067,39.2728408,0 -84.41165530000001,39.2729042,0 -84.4116195,39.2729456,0 -84.41156410000001,39.2730204,0 -84.4114687,39.2731506,0 -84.4114546,39.2732799,0 -84.4114405,39.2734091,0 -84.411416,39.2736338,0 -84.4114009,39.2737724,0 -84.41139,39.2739161,0 -84.4113778,39.2740383,0 -84.41136779999999,39.274162,0 -84.41117060000001,39.2743155,0 -84.4111406,39.2743617,0 -84.4110719,39.2744677,0 -84.4109952,39.2745942,0 -84.4109626,39.2746479,0 -84.41089479999999,39.2747598,0 -84.4108688,39.2748025999999,0 -84.4106365,39.2751857,0 -84.41061379999999,39.2752231,0 -84.4105224,39.2753738,0 -84.4103652,39.2756329,0 -84.410219,39.275874,0 -84.4100631,39.2761372000001,0 -84.40987250000001,39.276459,0 -84.40958999999999,39.2769360000001,0 -84.40940399999999,39.277241,0 -84.40925900000001,39.277504,0 -84.40910599999999,39.277728,0 -84.409008,39.277843,0 -84.408874,39.277972,0 -84.40878859999999,39.278037,0 -84.40864000000001,39.27815,0 -84.408314,39.278372,0 -84.4082401,39.2784239,0 -84.40755849999999,39.2789023,0 -84.4073585,39.2790426,0 -84.4072182,39.2791418,0 -84.40702469999999,39.2792785,0 -84.40699189999999,39.2793016,0 -84.40692199999999,39.279351,0 -84.406823,39.279406,0 -84.4067199,39.2794851,0 -84.406694,39.279505,0 -84.4066084,39.2795661999999,0 -84.4063369,39.2797508000001,0 -84.4062113,39.2798396,0 -84.4061387,39.2798898,0 -84.4052872,39.2804872999999,0 -84.40507270000001,39.2806409,0 -84.4049297,39.280746,0 -84.404749,39.280884,0 -84.4040656,39.281362,0 -84.4036613,39.2816471,0 -84.4036407,39.2816591,0 -84.403605,39.281684,0 -84.403482,39.281754,0 -84.40341859999999,39.2817965,0 -84.403367,39.281831,0 -84.402987,39.2821226,0 -84.4028565,39.2822228,0 -84.4027918,39.2822724,0 -84.4026599,39.2823737,0 -84.4025122,39.2824871,0 -84.4023806,39.2825881,0 -84.40227059999999,39.2826735000001,0 -84.402142,39.2827717,0 -84.40204079999999,39.2828489,0 -84.40191299999999,39.282947,0 -84.40172699999999,39.28308,0 -84.4016776,39.2831188,0 -84.4014584,39.2832908000001,0 -84.40105459999999,39.2836078,0 -84.4008024,39.2838058,0 -84.40027379999999,39.2842207,0 -84.3997136,39.284659,0 -84.3996635,39.2846996999999,0 -84.3995444,39.2847932,0 -84.3994794,39.2848442,0 -84.3992824,39.2849988,0 -84.39925700000001,39.2850188,0 -84.399209,39.2850565,0 -84.3991023,39.2851403,0 -84.39863459999999,39.2855074,0 -84.398447,39.2856546999999,0 -84.3983307,39.285746,0 -84.3982838,39.2857828,0 -84.3981477,39.2858896,0 -84.3977914,39.2861693,0 -84.39772840000001,39.2862187,0 -84.3976072,39.2863138,0 -84.3975499,39.2863587,0 -84.3971726,39.2866549,0 -84.397012,39.286781,0 -84.396896,39.2868997,0 -84.3968833,39.2869127,0 -84.39679700000001,39.287001,0 -84.3967098,39.2871008,0 -84.3966782,39.2871369,0 -84.396596,39.287231,0 -84.396503,39.287349,0 -84.3963239,39.2875803,0 -84.39625530000001,39.2876685,0 -84.39615929999999,39.2877917,0 -84.3960352,39.2879512,0 -84.3960032,39.2879955,0 -84.3959182,39.2881131,0 -84.3958379,39.2882241,0 -84.3958165,39.2882538,0 -84.3957946,39.2882842,0 -84.3956439,39.2884915,0 -84.3954751,39.2887577,0 -84.3953217,39.2890176,0 -84.3952161,39.2892050000001,0 -84.3951105,39.2894089,0 -84.3950238,39.2895823,0 -84.39489570000001,39.2899277,0 -84.3949142,39.2900384,0 -84.3948353,39.2902456,0 -84.3947134,39.290538,0 -84.39465130000001,39.2906643,0 -84.3946187,39.2907307,0 -84.39451099999999,39.290804,0 -84.3944669,39.2908998,0 -84.3943053,39.2912506,0 -84.39426400000001,39.2913381,0 -84.3941777,39.291529,0 -84.3941427,39.2916064,0 -84.39390299999999,39.292133,0 -84.3937385,39.2924993,0 -84.3937238,39.292532,0 -84.39369569999999,39.2925947,0 -84.39360600000001,39.2927944,0 -84.3934244,39.2931987,0 -84.3932071,39.2936826,0 -84.39317370000001,39.293757,0 -84.393069,39.2939956,0 -84.3930012,39.2941327,0 -84.39294529999999,39.2942459,0 -84.39289220000001,39.2943464,0 -84.3928537,39.2944193,0 -84.3927403,39.2946339,0 -84.3926793,39.2947494,0 -84.3925387,39.2950156,0 -84.3923544,39.2953645,0 -84.3923058,39.2954565,0 -84.3922523,39.2955646,0 -84.3919673,39.2960714,0 -84.3918899,39.2962016999999,0 -84.39184760000001,39.2962756,0 -84.3917241,39.2964916,0 -84.391631,39.2966543,0 -84.391498,39.296887,0 -84.3914226,39.2970147,0 -84.39109019999999,39.2975776,0 -84.39085369999999,39.2979919,0 -84.39081710000001,39.2980488,0 -84.3906671,39.298317,0 -84.3906429,39.298359,0 -84.39055759999999,39.2985074,0 -84.39048320000001,39.2986348,0 -84.3901798,39.2991545,0 -84.39008680000001,39.2993091,0 -84.3896094,39.3001021,0 -84.38922719999999,39.30074,0 -84.3889106,39.3012685,0 -84.3884489,39.3020327,0 -84.38811010000001,39.3025684,0 -84.3878488,39.3029592,0 -84.3870531,39.3041633,0 -84.38687880000001,39.304427,0 -84.386747,39.3046265,0 -84.38670999999999,39.3046825,0 -84.3866201,39.3048185,0 -84.3865151,39.3049773,0 -84.3862117,39.3054364,0 -84.3861007,39.3056043,0 -84.3859487,39.3058344,0 -84.3857991,39.3060606,0 -84.3857941,39.3060682,0 -84.3857568,39.3061268,0 -84.3856813,39.3062396,0 -84.3854939,39.3065193,0 -84.3853458,39.3067409,0 -84.38519770000001,39.3069334,0 -84.3850606,39.3070991,0 -84.3849182,39.3072565,0 -84.3846911,39.3074911,0 -84.3843674,39.3077899,0 -84.3841541,39.3079573,0 -84.3840586,39.3080322,0 -84.3837908,39.3082203,0 -84.38374709999999,39.3082516,0 -84.3832707,39.3085868,0 -84.3830559,39.308738,0 -84.3829661,39.3087993,0 -84.38282150000001,39.3088981,0 -84.382456,39.3091478,0 -84.38220459999999,39.3093196,0 -84.3820034,39.309457,0 -84.3816686,39.3096856,0 -84.38117630000001,39.3100288,0 -84.3810161,39.3101405,0 -84.3804576,39.3105299,0 -84.3804184,39.3105572,0 -84.38034620000001,39.3106075,0 -84.3801275,39.3107601,0 -84.3798639,39.3109335,0 -84.37957729999999,39.311135,0 -84.37934660000001,39.3112894,0 -84.3791531,39.3114189,0 -84.3789915,39.3115271,0 -84.3786254,39.3117778,0 -84.3782128,39.3120604,0 -84.3769544,39.3129222,0 -84.3759962,39.3135784,0 -84.3755953,39.313853,0 -84.3752164,39.3141125,0 -84.37509540000001,39.3141977,0 -84.3747709,39.3144261,0 -84.37434260000001,39.3147276,0 -84.3742929,39.3147626,0 -84.37404069999999,39.3149275,0 -84.3738012,39.3150907,0 -84.37333340000001,39.3154141,0 -84.3728993,39.3157118,0 -84.372765,39.3158039,0 -84.3725893,39.3159244,0 -84.3723473,39.3160904,0 -84.37205280000001,39.3162923,0 -84.3718172,39.316454,0 -84.37170570000001,39.3165304,0 -84.37131340000001,39.3167996,0 -84.3712902,39.3168155,0 -84.37120950000001,39.3168708,0 -84.37093659999999,39.317058,0 -84.3705416,39.3173221,0 -84.3703594,39.3174439,0 -84.3696303,39.3179387,0 -84.36932729999999,39.318147,0 -84.3689036,39.3184214,0 -84.3685443,39.3186693,0 -84.3681764,39.3189219,0 -84.3681564,39.3189341,0 -84.3679662,39.3190505,0 -84.36766369999999,39.3192357,0 -84.3675927,39.3192775,0 -84.3670618,39.3195903,0 -84.3668703,39.3197037,0 -84.3665122,39.3199209,0 -84.36628109999999,39.3200611,0 -84.36598619999999,39.32024,0 -84.365447,39.3205671,0 -84.36532630000001,39.3206403,0 -84.3652106,39.3207105,0 -84.36460270000001,39.3210791,0 -84.3644243,39.3211873,0 -84.36432619999999,39.321251,0 -84.3642826,39.3212769,0 -84.3639956,39.3214474,0 -84.36393270000001,39.3214876,0 -84.3636523,39.3216665,0 -84.36306810000001,39.3220692,0 -84.3628626,39.3222109,0 -84.3624396,39.3225211,0 -84.3619176,39.3229039,0 -84.3615193,39.3232171,0 -84.36148799999999,39.3232417,0 -84.36144400000001,39.3232763,0 -84.36111099999999,39.3235381,0 -84.3609433,39.32367,0 -84.36063300000001,39.3239141,0 -84.3605393,39.3239883,0 -84.36034359999999,39.3241433,0 -84.35991420000001,39.3244858,0 -84.35935430000001,39.3249325,0 -84.35885140000001,39.3253337,0 -84.3581743,39.3258737,0 -84.3578096,39.3261492,0 -84.357484,39.3263905,0 -84.3569844,39.3267608,0 -84.3563278,39.327274,0 -84.3551693,39.3281795,0 -84.3550719,39.3282556,0 -84.354885,39.3284017,0 -84.3547868,39.3284839,0 -84.35455810000001,39.3286752,0 -84.3543119,39.3288813,0 -84.3538832,39.3292261,0 -84.3538289,39.3292698,0 -84.3536096,39.3294461,0 -84.3530159,39.3299236,0 -84.3525266,39.3303168,0 -84.35181179999999,39.3308911,0 -84.3515988,39.3310622,0 -84.35122459999999,39.3313629,0 -84.3511445,39.3314273,0 -84.3509621,39.3315738,0 -84.3508595,39.3316562,0 -84.35079760000001,39.331706,0 -84.3506849,39.3317965,0 -84.350278,39.3321151,0 -84.3499307,39.3323871,0 -84.3496121,39.3326585,0 -84.3493139,39.3328936,0 -84.349189,39.332992,0 -84.34904160000001,39.33311,0 -84.34871510000001,39.3333683,0 -84.3485405,39.3335111,0 -84.348482,39.333558,0 -84.348277,39.333719,0 -84.347853,39.334053,0 -84.3477075,39.3341677,0 -84.3471368,39.3346178,0 -84.34685,39.334844,0 -84.346513,39.335092,0 -84.3463314,39.3352101,0 -84.34598889999999,39.3354329,0 -84.34590129999999,39.3354899,0 -84.3456355,39.3356721000001,0 -84.3452721,39.3359211,0 -84.3451298,39.3360192,0 -84.344864,39.3361981,0 -84.34473439999999,39.3362854,0 -84.3444787,39.3364575,0 -84.3443005,39.3365775,0 -84.3441553,39.3366752,0 -84.3440327,39.3367522,0 -84.3437911,39.3369203,0 -84.3436287,39.3370297,0 -84.3434202,39.3371621,0 -84.3430501,39.3374064,0 -84.3424773,39.3377845,0 -84.3422205,39.337954,0 -84.3418472,39.3382004,0 -84.34133,39.3385417,0 -84.3408113,39.3388839999999,0 -84.3407783,39.3389058,0 -84.3402789,39.3392354,0 -84.33996190000001,39.3394446,0 -84.33981199999999,39.3395435,0 -84.3396884,39.3396251,0 -84.3393403,39.3398549,0 -84.33902500000001,39.340063,0 -84.338988,39.3400880000001,0 -84.338886,39.340155,0 -84.338779,39.3402260000001,0 -84.33861760000001,39.3403328,0 -84.3385282,39.3403919,0 -84.3379281,39.3407889,0 -84.3376755,39.3409560000001,0 -84.3371643,39.3412920000001,0 -84.3366597,39.3416236,0 -84.3366212,39.3416489,0 -84.335831,39.342176,0 -84.3357772,39.3422748,0 -84.3354583,39.3424886,0 -84.3340793,39.343413,0 -84.33315380000001,39.344013,0 -84.3313722,39.3452004,0 -84.3310925,39.3453878,0 -84.33069500000001,39.3456541,0 -84.3303968,39.345861,0 -84.3301854,39.3460097,0 -84.3296811,39.3463431,0 -84.3295159,39.3464523,0 -84.3290896,39.3467444,0 -84.32900770000001,39.3467919,0 -84.328824,39.3469209,0 -84.3281808,39.3473689,0 -84.3278832,39.3474947,0 -84.3277732,39.34757,0 -84.32760209999999,39.3476872,0 -84.3273251,39.3478768,0 -84.32689449999999,39.3481716,0 -84.3262646,39.3485935,0 -84.3261693,39.3486573,0 -84.3261317,39.3486798,0 -84.3257033,39.348982,0 -84.3254475,39.3491623,0 -84.3252382,39.3493056,0 -84.324646,39.3497109999999,0 -84.32440200000001,39.349963,0 -84.324302,39.3500313,0 -84.3236988,39.3504433,0 -84.323408,39.3505680000001,0 -84.3232505,39.3506774,0 -84.32302799999999,39.350832,0 -84.3229372,39.3508926,0 -84.32276,39.351011,0 -84.3224316,39.3512378,0 -84.3219587,39.3515642,0 -84.3215201,39.3518746,0 -84.32135580000001,39.3519817,0 -84.32109560000001,39.3521632,0 -84.3209935,39.3522349,0 -84.32089499999999,39.352304,0 -84.3207403,39.3524248,0 -84.3207148,39.3524447,0 -84.3206715,39.3524809,0 -84.3205261,39.3526022,0 -84.32051149999999,39.3526158,0 -84.3203324,39.352782,0 -84.3201846,39.352919,0 -84.3199472,39.3531393,0 -84.3198182,39.353259,0 -84.31969890000001,39.3533697,0 -84.3194979,39.3535561,0 -84.3194336,39.3536193,0 -84.31938270000001,39.353663,0 -84.3193309,39.35371,0 -84.31922,39.3538107,0 -84.3191746,39.3538517,0 -84.31909349999999,39.3539249,0 -84.31871839999999,39.3542753,0 -84.31867699999999,39.354314,0 -84.31859969999999,39.3543876000001,0 -84.3183801,39.3545967,0 -84.3182784,39.3546935,0 -84.3182394,39.3547306,0 -84.3180957,39.3548675,0 -84.3180172,39.3549422,0 -84.31791939999999,39.3550353,0 -84.31786,39.3550918,0 -84.3178451,39.3551061,0 -84.3177577,39.3551892,0 -84.3176866,39.355257,0 -84.3175849,39.3553538,0 -84.3175109,39.3554242,0 -84.31738199999999,39.355547,0 -84.3172318,39.3556906,0 -84.316997,39.355915,0 -84.31646000000001,39.356442,0 -84.31613299999999,39.356757,0 -84.31607270000001,39.3568141,0 -84.315461,39.357393,0 -84.31524,39.357605,0 -84.3152171,39.3576269,0 -84.31519369999999,39.3576506,0 -84.315129,39.357711,0 -84.31499789999999,39.357832,0 -84.3149672,39.3578603,0 -84.3147973,39.3580172,0 -84.31455800000001,39.358238,0 -84.3141354,39.3586196999999,0 -84.314077,39.358673,0 -84.3140178,39.3587311,0 -84.31385969999999,39.35887,0 -84.3138172,39.3589085,0 -84.31358950000001,39.3591149,0 -84.313363,39.359305,0 -84.31320719999999,39.3594498,0 -84.31312200000001,39.359529,0 -84.3130635,39.3595829,0 -84.3129177,39.3597171,0 -84.312817,39.3598099,0 -84.312692,39.359925,0 -84.31255640000001,39.3600459,0 -84.3124941,39.3601039,0 -84.3123978,39.360191,0 -84.312358,39.360227,0 -84.31216379999999,39.3603968,0 -84.3120694,39.3604158,0 -84.3120361,39.3604234,0 -84.31184159999999,39.360409,0 -84.3116054,39.3603923,0 -84.3115576,39.3603889000001,0 -84.31144020000001,39.3603806,0 -84.3113152,39.3603719,0 -84.310984,39.3603488,0 -84.3109235,39.3603444,0 -84.3107744,39.3603336,0 -84.3106531,39.3603261,0 -84.310554,39.36032,0 -84.310458,39.3603132,0 -84.3103345,39.3603045,0 -84.3102899,39.3603014,0 -84.3100407,39.3602841,0 -84.3098936,39.3602752,0 -84.3097054,39.3602639,0 -84.3095457,39.3602543,0 -84.3093871,39.3602447,0 -84.309325,39.360241,0 -84.309259,39.36024,0 -84.3092,39.360239,0 -84.3090919,39.36025,0 -84.3089501,39.3602835,0 -84.3087469,39.360353,0 -84.3085179,39.3604521,0 -84.308458,39.360478,0 -84.30820780000001,39.3605891,0 -84.3079896,39.360686,0 -84.3079042,39.3607239,0 -84.3076957,39.3608166,0 -84.307492,39.360907,0 -84.3074326,39.3609334,0 -84.3073425,39.3609733,0 -84.30716839999999,39.3610505,0 -84.3070298,39.3611119,0 -84.30674999999999,39.361236,0 -84.3065775,39.36131,0 -84.306398,39.361387,0 -84.3063258,39.3614193,0 -84.30608700000001,39.3615250000001,0 -84.3059738,39.3615758000001,0 -84.305359,39.361852,0 -84.3048349,39.3620848,0 -84.3043806,39.3622829,0 -84.3042071,39.3623629,0 -84.30394200000001,39.362485,0 -84.3037264,39.3625969,0 -84.30365500000001,39.362634,0 -84.30353100000001,39.362702,0 -84.3029044,39.3630435,0 -84.3024303,39.363302,0 -84.30164499999999,39.36373,0 -84.3011068,39.3640238,0 -84.3010458,39.3640571,0 -84.3006379,39.3642798,0 -84.3004317,39.3643924,0 -84.29997040000001,39.3646442,0 -84.29961900000001,39.364836,0 -84.2995059,39.3649008,0 -84.29942,39.36495,0 -84.299294,39.365027,0 -84.298896,39.365291,0 -84.298811,39.365353,0 -84.29868260000001,39.3654541,0 -84.298525,39.365578,0 -84.2982681,39.3657991,0 -84.298106,39.3659386,0 -84.2979199,39.3660987,0 -84.2976956,39.3662918,0 -84.29752860000001,39.3664355,0 -84.2973562,39.3665838,0 -84.2968983,39.3669779,0 -84.2967822,39.3670778,0 -84.2966867,39.36716,0 -84.2962534,39.3675329,0 -84.29620850000001,39.3675715,0 -84.29575029999999,39.3679658,0 -84.2955812,39.3681114,0 -84.2954761,39.3682019,0 -84.2953993,39.3682679,0 -84.295073,39.3685487,0 -84.2949517,39.3686531,0 -84.2948257,39.3687616,0 -84.2946768,39.3688897,0 -84.2945132,39.3690305,0 -84.29445800000001,39.369078,0 -84.294276,39.369236,0 -84.2941737,39.3693248,0 -84.294082,39.3694044,0 -84.2939404,39.3695273,0 -84.2935681,39.3698505,0 -84.2934403,39.3699614,0 -84.2933215,39.3700618,0 -84.29320319999999,39.3701617,0 -84.292653,39.3706267,0 -84.29248699999999,39.370767,0 -84.29236899999999,39.370863,0 -84.2922282,39.3709856,0 -84.291905,39.371267,0 -84.2917387,39.3714096,0 -84.29130720000001,39.3717796,0 -84.2910162,39.3720292,0 -84.290831,39.372188,0 -84.290744,39.3722615,0 -84.290657,39.372335,0 -84.29043110000001,39.3725315,0 -84.2902053,39.372728,0 -84.28996960000001,39.372933,0 -84.2896738,39.3731903,0 -84.28956959999999,39.3732809,0 -84.2893222,39.3734962,0 -84.289266,39.373545,0 -84.289024,39.373737,0 -84.288805,39.373888,0 -84.288585,39.374026,0 -84.2885124,39.3740667999999,0 -84.288304,39.374184,0 -84.2881986,39.3742349,0 -84.287863,39.374397,0 -84.2877665,39.3744384,0 -84.287285,39.374645,0 -84.2870545,39.3747468,0 -84.2868715,39.3748277,0 -84.2857769,39.3753112,0 -84.285732,39.375331,0 -84.28556930000001,39.3754029,0 -84.2851543,39.3755862,0 -84.28511349999999,39.3756042,0 -84.2845117,39.3758701,0 -84.28417039999999,39.3760209,0 -84.2834642,39.3763329,0 -84.28315600000001,39.376469,0 -84.28304660000001,39.3765168,0 -84.28258303772942,39.37671926488368,0 -84.28247708638793,39.37674997950278,0 -84.28239778475326,39.3767578873244,0 -84.28233768806982,39.3767751152141,0 -84.28227277323774,39.37679427668003,0 -84.28220103509237,39.37679606942341,0 -84.28212670304161,39.37680173542861,0 -84.28204922545216,39.37683707032416,0 -84.28199164275168,39.37689227741313,0 -84.28194647588511,39.37694290771826,0 -84.28184626263915,39.37699012142026,0 -84.28173180286079,39.37703182016753,0 -84.28153905377557,39.37709993424676,0 
				
					-84.28151052226248,39.37710755133146,0 -84.281029,39.377283,0 -84.2805772,39.3774219,0 -84.2804242,39.3774689,0 -84.280188,39.3775416,0 -84.27997670000001,39.3776188,0 -84.27983639999999,39.377667,0 -84.2797824,39.377684,0 -84.2797221,39.3777475,0 -84.2793777,39.3779092,0 -84.2793394,39.377961,0 -84.2793037,39.3779878,0 -84.2792613,39.3780099,0 -84.2792133,39.3780235,0 -84.2791625,39.3780278,0 -84.2791119,39.3780227,0 -84.2790643,39.3780083,0 -84.2790225,39.3779855,0 -84.2789799,39.3779873,0 -84.2788747,39.3779821,0 -84.2788745,39.3779821,0 -84.27870470000001,39.3780149,0 -84.2785432,39.3780646,0 -84.278497,39.3780785,0 -84.27844260000001,39.378094,0 -84.2783505,39.3781003,0 -84.27830950000001,39.3781138,0 -84.27794489999999,39.3782382,0 -84.2778946,39.3782559,0 -84.2777239,39.3783175,0 -84.27764500000001,39.378346,0 -84.277237,39.378519,0 -84.27714330000001,39.3785642,0 -84.27704,39.378614,0 -84.2768003,39.3787398,0 -84.27665500000001,39.378816,0 -84.27637799999999,39.378979,0 -84.276104,39.37916,0 -84.275803,39.37938,0 -84.27566299999999,39.379495,0 -84.275522,39.37961,0 -84.275295,39.379816,0 -84.27512830000001,39.3799861,0 -84.275048,39.380068,0 -84.274958,39.3801656,0 -84.274777,39.380362,0 -84.27460499999999,39.3805518,0 -84.2742878,39.3809017,0 -84.2742712,39.3809206,0 -84.2740538,39.3811683,0 -84.2738363,39.3814159,0 -84.2737431,39.3815208,0 -84.2735354,39.3817545,0 -84.2733219,39.3819948,0 -84.27325310000001,39.3820722,0 -84.2731775,39.382153,0 -84.2730188,39.3823225,0 -84.27296920000001,39.3823755,0 -84.2728851,39.3824717,0 -84.27283559999999,39.3825284,0 -84.2727598,39.382615,0 -84.272676,39.3827109,0 -84.2725786,39.3828223,0 -84.2725229,39.3828883000001,0 -84.2724539,39.38297,0 -84.27240380000001,39.3830293,0 -84.2723661,39.3830739,0 -84.2722756,39.383181,0 -84.27219820000001,39.3832728,0 -84.27215390000001,39.3833252,0 -84.2720351,39.3834658,0 -84.2719961,39.3835126,0 -84.27195930000001,39.3835566,0 -84.2719264,39.383596,0 -84.2718953,39.3836333,0 -84.27054560000001,39.3852376,0 -84.2701576,39.3856987,0 -84.26967380000001,39.3862775,0 -84.2696074,39.386357,0 -84.2692526,39.3867814,0 -84.26889970000001,39.3872052,0 -84.267698,39.388685,0 -84.2676309,39.3887639,0 -84.267346,39.389099,0 -84.267245,39.389209,0 -84.266783,39.38967,0 -84.2663553,39.3901001,0 -84.2661686,39.3902879,0 -84.2657111,39.3907348,0 -84.2650282,39.3913699,0 -84.2648604,39.3915259,0 -84.26462100000001,39.391736,0 -84.26447899999999,39.391872,0 -84.26419,39.3921595,0 -84.26408600000001,39.392263,0 -84.263738,39.392621,0 -84.263611,39.39276,0 -84.263413,39.392993,0 -84.263175,39.393302,0 -84.2630138,39.3935335,0 -84.26295500000001,39.393618,0 -84.262728,39.393983,0 -84.26236900000001,39.394598,0 -84.2622832,39.3947468,0 -84.26172029999999,39.395723,0 -84.2615845,39.3959583,0 -84.260946,39.397065,0 -84.26093090000001,39.3970931,0 -84.260767,39.397397,0 -84.26049860000001,39.397863,0 -84.2599251,39.3988587,0 -84.25981520000001,39.3990495,0 -84.25964449999999,39.3993458,0 -84.2595563,39.399499,0 -84.259539,39.399529,0 -84.25938600000001,39.399787,0 -84.259052,39.400353,0 -84.258877,39.400619,0 -84.258803,39.400717,0 -84.25869400000001,39.400845,0 -84.258616,39.40093,0 -84.25854099999999,39.401012,0 -84.25823200000001,39.401286,0 -84.258123,39.40137,0 -84.258022,39.401439,0 -84.25794,39.401495,0 -84.25779900000001,39.40158,0 -84.257684,39.401644,0 -84.2573496,39.4018124999999,0 -84.25729699999999,39.401839,0 -84.257065,39.401947,0 -84.256213,39.402344,0 -84.255847,39.402516,0 -84.254696,39.403039,0 -84.252151,39.404207,0 -84.2519898,39.4042805,0 -84.250052,39.4051639999999,0 -84.2495562,39.4053955,0 -84.249358,39.405488,0 -84.2483241,39.4059614,0 -84.247517,39.406331,0 -84.24736,39.406403,0 -84.24711139999999,39.4065241999999,0 -84.246917,39.406619,0 -84.246726,39.406722,0 -84.24636,39.406944,0 -84.246098,39.407123,0 -84.245767,39.407377,0 -84.24565,39.407477,0 -84.24561869999999,39.4075064,0 -84.2454291,39.4076844000001,0 -84.24535400000001,39.407755,0 -84.24522210000001,39.4078937999999,0 -84.245182,39.407936,0 -84.24511219999999,39.4080147,0 -84.245017,39.408122,0 -84.2449483,39.4082046000001,0 -84.2443674,39.4089033,0 -84.2442444,39.4090512,0 -84.24401020000001,39.4093247,0 -84.243815,39.4095554,0 -84.24373900000001,39.409657,0 -84.243606,39.409825,0 -84.243467,39.410024,0 -84.24335499999999,39.410233,0 -84.243273,39.41045,0 -84.243173,39.410849,0 -84.24306900000001,39.411315,0 -84.24301800000001,39.411513,0 -84.24290999999999,39.411862,0 -84.24283,39.412078,0 -84.242642,39.412503,0 -84.242422,39.412919,0 -84.242251,39.413203,0 -84.24197700000001,39.413599,0 -84.241918,39.413677,0 -84.24167,39.41398,0 -84.241505,39.414165,0 -84.24123,39.414454,0 -84.2408834,39.4147855,0 -84.24068200000001,39.414978,0 -84.2402823,39.4153468,0 -84.23983339999999,39.41577,0 -84.239548,39.416061,0 -84.239317,39.416321,0 -84.239226,39.4164370000001,0 -84.239002,39.416753,0 -84.2387512,39.4171395,0 -84.2380725,39.4181855,0 -84.237523,39.418995,0 -84.23720400000001,39.419424,0 -84.236898,39.419806,0 -84.2365822,39.4201749,0 -84.236481,39.420293,0 -84.23627999999999,39.420513,0 -84.235901,39.420911,0 -84.235372,39.421414,0 -84.234898,39.421843,0 -84.23463820000001,39.4220635,0 -84.23446800000001,39.422208,0 -84.233935,39.422621,0 -84.23378099999999,39.422734,0 -84.233514,39.42293,0 -84.233254,39.423109,0 -84.232769,39.42343,0 -84.2322286,39.4237631,0 -84.232133,39.423822,0 -84.231948,39.423931,0 -84.231528,39.42417,0 -84.2310526,39.4244273,0 -84.230227,39.4248740000001,0 -84.229612,39.425206,0 -84.229359,39.425343,0 -84.229011,39.425531,0 -84.228442,39.425851,0 -84.227971,39.426106,0 -84.22739420000001,39.4264186,0 -84.22570899999999,39.427332,0 -84.225267,39.427566,0 -84.2250758,39.4276596,0 -84.22467899999999,39.4278539999999,0 -84.224267,39.428018,0 -84.224161,39.428055,0 -84.22372900000001,39.428188,0 -84.22356600000001,39.428234,0 -84.2223285,39.4285491,0 -84.2219516,39.4286451,0 -84.2215295,39.4287523,0 -84.2208772,39.4289179,0 -84.219872,39.429173,0 -84.2189205,39.4294151,0 -84.21809639999999,39.4296248,0 -84.217727,39.4297188,0 -84.2174874,39.4297798,0 -84.216885,39.429933,0 -84.2166594,39.4299896,0 -84.21589299999999,39.430182,0 -84.2156256,39.4302488,0 -84.214508,39.430528,0 -84.214232,39.430591,0 -84.21379399999999,39.430684,0 -84.21356400000001,39.430733,0 -84.2132118,39.4307959,0 -84.213043,39.430826,0 -84.21288869999999,39.4308488,0 -84.2126392,39.4308857,0 -84.2121777,39.4309414,0 -84.2118191,39.4309768,0 -84.21176029999999,39.4309826,0 -84.21134050000001,39.4310072,0 -84.21083299999999,39.4310264,0 -84.2107185,39.4310304,0 -84.2101947,39.4310423,0 -84.2100267,39.4310568,0 -84.2098515,39.431078,0 -84.2097021,39.4311111,0 -84.2095218,39.4311641,0 -84.20940160000001,39.4312105,0 -84.20916990000001,39.4313365,0 -84.208894,39.431504,0 -84.20880099999999,39.4315610000001,0 -84.2087095,39.431608,0 -84.20862440000001,39.4316601,0 -84.2085637,39.431732,0 -84.2085556,39.4318658,0 -84.2085515,39.4319352,0 -84.20854300000001,39.432076,0 -84.20851999999999,39.432266,0 -84.2085117,39.432336,0 -84.20848839999999,39.4325317,0 -84.2084375,39.4329605,0 -84.20840320000001,39.4332497,0 -84.20839100000001,39.433352,0 -84.2083806,39.433438,0 -84.2083475,39.4337118999999,0 -84.2082886,39.4342006,0 -84.2082712,39.4343442,0 -84.20826099999999,39.434429,0 -84.2082532,39.4345084,0 -84.208229,39.434749,0 -84.2082123,39.4348856,0 -84.2081768,39.4351766,0 -84.2081733,39.4352053,0 -84.2081629,39.4352907,0 -84.20814540000001,39.4354339,0 -84.208135,39.435519,0 -84.20812429999999,39.4356098,0 -84.2080852,39.4359433,0 -84.2080663,39.4361044,0 -84.2080461,39.4362768,0 -84.2080258,39.4364494,0 -84.20800699999999,39.43661,0 -84.207858,39.4366005,0 -84.2077413,39.4365931,0 -84.2072186,39.4365597,0 -84.2066244,39.4365218000001,0 -84.20651700000001,39.436515,0 -84.205915,39.43647,0 -84.2058083,39.4364628,0 -84.20505799999999,39.436412,0 -84.20456369999999,39.4363753,0 -84.2043391,39.4363586,0 -84.2042034,39.4363484,0 -84.20369220000001,39.4363131,0 -84.203608,39.436308,0 -84.2035182,39.4363021,0 -84.2032664,39.4362864,0 -84.2029003,39.4362632999999,0 -84.20276800000001,39.436255,0 -84.2026773,39.4362483,0 -84.20217820000001,39.4362114999999,0 -84.2020256,39.436199,0 -84.2018514,39.4361903,0 -84.2017536,39.436187,0 -84.2016531,39.4361858000001,0 -84.2015809,39.4361964,0 -84.20146699999999,39.4362236,0 -84.20140600000001,39.436241,0 -84.20129799999999,39.436285,0 -84.20116,39.436367,0 -84.201088,39.436422,0 -84.2006355,39.436795,0 -84.2002,39.437154,0 -84.199769,39.4375,0 -84.199095,39.438053,0 -84.1988891,39.4382223,0 -84.198741,39.438344,0 -84.1985529,39.438499,0 -84.1984545,39.4385742,0 -84.1983254,39.4386853,0 -84.1982007,39.4387927,0 -84.19811780000001,39.4388625,0 -84.19806699999999,39.4389053,0 -84.1979922,39.4389684,0 -84.197816,39.439108,0 -84.19773979999999,39.4391699,0 -84.197219,39.439593,0 -84.196904,39.439849,0 -84.19666460000001,39.4400426,0 -84.1965338,39.4401484,0 -84.196228,39.4403957,0 -84.19612069999999,39.4404825,0 -84.195785,39.440754,0 -84.19569799999999,39.4408236,0 -84.19495879999999,39.4414143,0 -84.19494299999999,39.441427,0 -84.19488080000001,39.4414776,0 -84.1946367,39.441676,0 -84.1944561,39.4418227,0 -84.19403869999999,39.4421631,0 -84.1939576,39.4422262,0 -84.193862,39.4423034,0 -84.1935782,39.4425323,0 -84.192924,39.44306,0 -84.1926651,39.4432748,0 -84.1924526,39.4434512,0 -84.19243659999999,39.4434644,0 -84.19233699999999,39.443547,0 -84.19226519999999,39.4436073,0 -84.1921911,39.4436695,0 -84.19184989999999,39.443956,0 -84.1914635,39.4442805,0 -84.1911247,39.444565,0 -84.1908715,39.4447777,0 -84.1904964,39.4450926999999,0 -84.1902465,39.4453025,0 -84.1900945,39.4454302,0 -84.19003290000001,39.4454819,0 -84.1898351,39.445648,0 -84.1894471,39.4459739,0 -84.1893446,39.4460599,0 -84.1890294,39.4463246,0 -84.1887578,39.4465527,0 -84.1884968,39.4467719,0 -84.188474,39.446791,0 -84.188366,39.4468827,0 -84.1882365,39.4469926,0 -84.1881794,39.447041,0 -84.187866,39.447307,0 -84.1877427,39.4474087,0 -84.1874972,39.4476114,0 -84.1870381,39.4479904,0 -84.186852,39.448144,0 -84.1866022,39.4483462,0 -84.1864817,39.4484437,0 -84.1863377,39.4485602,0 -84.1858032,39.4489927,0 -84.185484,39.449251,0 -84.1852162,39.4494653,0 -84.1848791,39.449735,0 -84.18481989999999,39.4497824,0 -84.184528,39.450016,0 -84.1841606,39.4503112,0 -84.18370899999999,39.450674,0 -84.1834863,39.4508487,0 -84.1832653,39.4510219,0 -84.18287220000001,39.4513302,0 -84.1824031,39.4517064,0 -84.181642,39.452318,0 -84.18128780000001,39.4526051,0 -84.1810351,39.45281,0 -84.1806656,39.453109,0 -84.1804846,39.4532555,0 -84.18026589999999,39.4534328,0 -84.180182,39.4535,0 -84.1799547,39.4536805,0 -84.1795829,39.4539761,0 -84.1794812,39.454057,0 -84.1792694,39.4542257,0 -84.17894699999999,39.454481,0 -84.17861259999999,39.4547617,0 -84.17832799999999,39.454984,0 -84.177882,39.4553315000001,0 -84.17751730000001,39.4556105,0 -84.1773097,39.4557573,0 -84.1772608,39.4558835,0 -84.1766227,39.456416,0 -84.1765123,39.4564432,0 -84.176468,39.456479,0 -84.175736,39.457071,0 -84.17528799999999,39.45743,0 -84.1749873,39.4576768,0 -84.17465489999999,39.4579371,0 -84.17453500000001,39.458031,0 -84.17442699999999,39.458116,0 -84.1740873,39.4583675,0 -84.173604,39.4587326,0 -84.1735018,39.4588091,0 -84.173466,39.458836,0 -84.1728789,39.4592672,0 -84.1724334,39.4595944,0 -84.171779,39.460075,0 -84.1714229,39.4603279999999,0 -84.171223,39.46047,0 -84.1712138,39.4604767,0 -84.1709646,39.4606572,0 -84.1705982,39.4609226999999,0 -84.17034870000001,39.4611035,0 -84.16978520000001,39.4615118,0 -84.169186,39.461946,0 -84.16875229999999,39.4622536,0 -84.1686855,39.462301,0 -84.168629,39.462341,0 -84.168499,39.4624278,0 -84.168232,39.462606,0 -84.1681663,39.4626464,0 -84.16750399999999,39.463054,0 -84.16702739999999,39.4633418,0 -84.16614629999999,39.4638739,0 -84.16523359999999,39.4644251,0 -84.16504500000001,39.464539,0 -84.16387400000001,39.465229,0 -84.162998,39.46575,0 -84.1624927,39.4660752,0 -84.160263,39.467565,0 -84.1585623,39.4686936,0 -84.157659,39.469293,0 -84.157488,39.4694140000001,0 -84.15724400000001,39.469605,0 -84.15707690000001,39.4697489,0 -84.15705,39.469772,0 -84.1556518,39.4710492,0 -84.15507839999999,39.471573,0 -84.1539762,39.4725797,0 -84.153719,39.4728107,0 -84.1529194,39.473545,0 -84.152238,39.4741673,0 -84.149682,39.476502,0 -84.148735,39.477355,0 -84.148285,39.477767,0 -84.147881,39.478146,0 -84.1476554,39.4783543,0 -84.14749,39.478507,0 -84.14735899999999,39.478626,0 -84.1465577,39.4793541,0 -84.14617509999999,39.4797017,0 -84.1455776,39.4802446,0 -84.1447941,39.4809566,0 -84.14411800000001,39.481571,0 -84.142702,39.482859,0 -84.14255900000001,39.4829876,0 -84.139872,39.485405,0 -84.1393745,39.4858427,0 -84.138758,39.486385,0 -84.1384839,39.486624,0 -84.1376308,39.4873678,0 -84.137462,39.487515,0 -84.1368167,39.488078,0 -84.136664,39.4882112,0 -84.136521,39.488336,0 -84.1364985,39.4883555,0 -84.1364134,39.4884292,0 -84.1347,39.489913,0 -84.1344351,39.490146,0 -84.13438120000001,39.4901934,0 -84.13407479999999,39.4904628999999,0 -84.1339909,39.4905367,0 -84.1333925,39.4910630999999,0 -84.13322460000001,39.4912108,0 -84.13286530000001,39.4915269,0 -84.1325216,39.4918293,0 -84.13231469999999,39.4920113,0 -84.13207319999999,39.4922237,0 -84.131783,39.492479,0 -84.13069849999999,39.4934414,0 -84.130472,39.4936424,0 -84.1300031,39.4940585,0 -84.12861289999999,39.4952921,0 -84.12847069999999,39.4954182,0 -84.128418,39.495465,0 -84.128377,39.4955012,0 -84.1266708,39.4970093,0 -84.12661799999999,39.497056,0 -84.1263302,39.4973131,0 -84.12526800000001,39.498262,0 -84.124298,39.499129,0 -84.1239198,39.4994699,0 -84.1238362,39.4995453,0 -84.12372999999999,39.499641,0 -84.1229848,39.5003057,0 -84.1216852,39.501465,0 -84.121405,39.501715,0 -84.12128629999999,39.5018216,0 -84.120571,39.502464,0 -84.1195336,39.5033884,0 -84.1181699,39.5046036,0 -84.1180339,39.5047248,0 -84.1176306,39.5050843,0 -84.11732929999999,39.5053527,0 -84.1165702,39.5060291,0 -84.1164072,39.5061744,0 -84.11630100000001,39.506269,0 -84.11602259999999,39.5065208,0 -84.115809,39.506714,0 -84.11554599999999,39.506958,0 -84.115371,39.507127,0 -84.11376300000001,39.508762,0 -84.1134824,39.5090261,0 -84.1134691,39.5090387,0 -84.1134196,39.5090853,0 -84.113319,39.50918,0 -84.11268099999999,39.509767,0 -84.11256400000001,39.5098702,0 -84.11179799999999,39.510546,0 -84.111679,39.510646,0 -84.1114561,39.5108204,0 -84.111311,39.510934,0 -84.111052,39.511115,0 -84.110782,39.511286,0 -84.11054900000001,39.51142,0 -84.11021100000001,39.511595,0 -84.110012,39.511688,0 -84.109757,39.511795,0 -84.109381,39.511936,0 -84.109015,39.512054,0 -84.108631,39.512159,0 -84.10824,39.512245,0 -84.1079,39.512305,0 -84.10727,39.512393,0 -84.1058754,39.5125537999999,0 -84.10548300000001,39.512599,0 -84.105024,39.512664,0 -84.10491,39.512683,0 -84.10445799999999,39.5127750000001,0 -84.10418,39.512844,0 -84.103852,39.512939,0 -84.103542,39.513044,0 -84.103477,39.513066,0 -84.10306300000001,39.513233,0 -84.102763,39.513374,0 -84.102617,39.513449,0 -84.102239,39.513662,0 -84.102056,39.513774,0 -84.10197220000001,39.5138315,0 -84.10175,39.513984,0 -84.101625,39.514079,0 -84.101347,39.514311,0 -84.101159,39.514484,0 -84.10083899999999,39.514806,0 -84.100362,39.515319,0 -84.098263,39.517611,0 -84.09796609999999,39.5179368,0 -84.0977647,39.518158,0 -84.09746699999999,39.518485,0 -84.097402,39.518553,0 -84.09734400000001,39.518613,0 -84.09370800000001,39.522599,0 -84.0929663,39.5233927,0 -84.092753,39.523621,0 -84.092433,39.523942,0 -84.092173,39.524185,0 -84.09193999999999,39.524385,0 -84.091655,39.52461,0 -84.09148500000001,39.524732,0 -84.09127100000001,39.524885,0 -84.090985,39.525073,0 -84.090917,39.525118,0 -84.090643,39.525284,0 -84.0905807,39.525319,0 -84.09007800000001,39.525601,0 -84.089696,39.525807,0 -84.089383,39.52597,0 -84.089082,39.526127,0 -84.0884313,39.5264714,0 -84.088347,39.526516,0 -84.0878431,39.5267892,0 -84.08749400000001,39.526987,0 -84.087176,39.527186,0 -84.08695899999999,39.527336,0 -84.086708,39.527526,0 -84.086432,39.527758,0 -84.08624500000001,39.527932,0 -84.086068,39.528111,0 -84.085522,39.528696,0 -84.085323,39.528915,0 -84.084339,39.529988,0 -84.0842488,39.5300903,0 -84.08408919999999,39.5302703,0 -84.08320999999999,39.531238,0 -84.082954,39.5315129999999,0 -84.08235999999999,39.532157,0 -84.082002,39.532506,0 -84.08165700000001,39.532811,0 -84.081293,39.533102,0 -84.08099799999999,39.533318,0 -84.08074379999999,39.5334894,0 -84.080691,39.533525,0 -84.080326,39.533747,0 -84.07999599999999,39.533931,0 -84.07965900000001,39.534108,0 -84.079167,39.534347,0 -84.07831899999999,39.534743,0 -84.077164,39.535294,0 -84.077122,39.535314,0 -84.0765255,39.535596,0 -84.076149,39.535774,0 -84.07525200000001,39.536192,0 -84.07398480000001,39.5367932,0 -84.07286999999999,39.537322,0 -84.0726032,39.5374549,0 -84.0724452,39.5375224,0 -84.0721274,39.5376723,0 -84.0717808,39.5378358,0 -84.0716046,39.5379189,0 -84.0712383,39.538092,0 -84.0703729,39.5385009,0 -84.0690263,39.5391366,0 -84.06670800000001,39.540231,0 -84.0662943,39.5404394,0 -84.06617,39.540502,0 -84.065836,39.540682,0 -84.06536800000001,39.540951,0 -84.06490700000001,39.541227,0 -84.06445600000001,39.541512,0 -84.06419699999999,39.541687,0 -84.06401700000001,39.541809,0 -84.063503,39.542175,0 -84.062393,39.5429951,0 -84.06194499999999,39.543326,0 -84.06152,39.543634,0 -84.061087,39.543934,0 -84.0605164,39.5443118,0 -84.06029100000001,39.544461,0 -84.05975100000001,39.544804,0 -84.059507,39.544953,0 -84.058976,39.545279,0 -84.0588752,39.5453384,0 -84.058374,39.545634,0 -84.057951,39.545872,0 -84.05713900000001,39.54631,0 -84.05661000000001,39.546588,0 -84.056074,39.54686,0 -84.05543299999999,39.547171,0 -84.054582,39.547561,0 -84.053872,39.5478700000001,0 -84.053054,39.548214,0 -84.05207,39.548604,0 -84.05144,39.548837,0 -84.05070000000001,39.5491,0 -84.049845,39.549386,0 -84.04925299999999,39.549574,0 -84.048711,39.549737,0 -84.048503,39.5497977,0 -84.045497,39.550675,0 -84.044955,39.55084,0 -84.04447399999999,39.551001,0 -84.044105,39.551138,0 -84.043899,39.551221,0 -84.043493,39.551399,0 -84.04329300000001,39.551493,0 -84.04308090000001,39.5516002,0 -84.042903,39.55169,0 -84.042525,39.551903,0 -84.04238700000001,39.551986,0 -84.042029,39.552217,0 -84.04159900000001,39.5525220000001,0 -84.041312,39.552746,0 -84.04102899999999,39.552989,0 -84.040812,39.553188,0 -84.04041599999999,39.553578,0 -84.0380995,39.555961,0 -84.03606000000001,39.558059,0 -84.034644,39.559521,0 -84.032201,39.562025,0 -84.03043599999999,39.563838,0 -84.030098,39.564206,0 -84.029971,39.564357,0 -84.02976099999999,39.564629,0 -84.029678,39.564748,0 -84.0295,39.565033,0 -84.029364,39.565282,0 -84.02928199999999,39.565451,0 -84.029141,39.565796,0 -84.029123,39.5658571,0 -84.029084,39.565971,0 -84.029004,39.566281,0 -84.028976,39.566415,0 -84.028924,39.566775,0 -84.028904,39.56709,0 -84.028904,39.567271,0 -84.02892900000001,39.567632,0 -84.028948,39.567767,0 -84.029009,39.56808,0 -84.029043,39.568213,0 -84.02912499999999,39.568476,0 -84.02919,39.56865,0 -84.02932199999999,39.568949,0 -84.029364,39.569034,0 -84.029573,39.569406,0 -84.029836,39.569809,0 -84.03021200000001,39.570352,0 -84.0302253,39.5703713,0 -84.03102800000001,39.571532,0 -84.031767,39.572591,0 -84.031972,39.572892,0 -84.032439,39.573565,0 -84.032696,39.573935,0 -84.03282400000001,39.574135,0 -84.032971,39.574379,0 -84.033176,39.574781,0 -84.033247,39.5749554,0 -84.033277,39.575029,0 -84.033371,39.575297,0 -84.033429,39.575514,0 -84.03350399999999,39.5758500000001,0 -84.03353799999999,39.576141,0 -84.033556,39.57642,0 -84.033548,39.576789,0 -84.033528,39.577034,0 -84.033445,39.577508,0 -84.0333428,39.5779229,0 -84.0333376,39.5779439,0 -84.03330800000001,39.578064,0 -84.033249,39.578259,0 -84.032966,39.579311,0 -84.03276700000001,39.580068,0 -84.03274500000001,39.580154,0 -84.032275,39.581875,0 -84.031983,39.58298,0 -84.031789,39.5836759999999,0 -84.031541,39.584597,0 -84.03113399999999,39.58614,0 -84.031075,39.586347,0 -84.030924,39.586916,0 -84.030879,39.587105,0 -84.03059399999999,39.588124,0 -84.030525,39.588337,0 -84.03045400000001,39.588536,0 -84.030331,39.588837,0 -84.03019999999999,39.589127,0 -84.030115,39.589287,0 -84.02999199999999,39.5895089999999,0 -84.029866,39.589714,0 -84.029707,39.589951,0 -84.029589,39.590128,0 -84.02939499999999,39.590399,0 -84.029229,39.590602,0 -84.02894999999999,39.590921,0 -84.028588,39.591296,0 -84.02810719999999,39.5917784,0 -84.027486,39.592412,0 -84.02689599999999,39.593003,0 -84.02679310000001,39.5931097,0 -84.02662309999999,39.5932928,0 -84.02640599999999,39.593511,0 -84.02601199999999,39.593891,0 -84.024461,39.595456,0 -84.023679,39.596236,0 -84.023557,39.596356,0 -84.023177,39.59675,0 -84.0230966,39.5968306,0 -84.021951,39.59798,0 -84.021016,39.598908,0 -84.0208019,39.5991247,0 -84.020771,39.599156,0 -84.020602,39.599338,0 -84.02051590000001,39.5994189,0 -84.020387,39.59954,0 -84.020273,39.599636,0 -84.02015400000001,39.599729,0 -84.020104,39.599772,0 -84.019918,39.599915,0 -84.01967999999999,39.60009,0 -84.019431,39.600255,0 -84.01915099999999,39.600419,0 -84.018907,39.600551,0 -84.01853,39.600736,0 -84.018368,39.600803,0 -84.018113,39.600901,0 -84.017897,39.600978,0 -84.017565,39.601085,0 -84.017259,39.601172,0 -84.017104,39.601212,0 -84.016507,39.601353,0 -84.0143095,39.6018541,0 -84.01326349999999,39.6020951,0 -84.012866,39.602186,0 -84.010738,39.60268,0 -84.010322,39.602771,0 -84.01020200000001,39.602802,0 -84.00980300000001,39.602887,0 -84.0097004,39.6029056,0 -84.009456,39.602964,0 -84.009068,39.603057,0 -84.00893019999999,39.6030879,0 -84.00868,39.603144,0 -84.008071,39.6033029999999,0 -84.007734,39.603402,0 -84.007474,39.603491,0 -84.007159,39.603618,0 -84.006967,39.603704,0 -84.006805,39.603784,0 -84.00655500000001,39.6039160000001,0 -84.00632299999999,39.604048,0 -84.006052,39.604215,0 -84.005827,39.60437,0 -84.00561399999999,39.604533,0 -84.005459,39.604663,0 -84.00527700000001,39.604826,0 -84.005019,39.60508,0 -84.004914,39.605199,0 -84.004735,39.605416,0 -84.004502,39.605723,0 -84.004034,39.606386,0 -84.003147,39.607666,0 -84.0021967,39.609026,0 -84.0018716,39.6094912,0 -84.001746,39.609671,0 -84.0013117,39.6102618,0 -84.0013129,39.6103319,0 -84.0010766,39.610682,0 -84.00096189999999,39.6108464,0 -84.000544,39.6114454,0 -84.0005286,39.6114674000001,0 -83.9999335,39.6123168,0 -83.9998776,39.6123322999999,0 -83.999347,39.613082,0 -83.99921399999999,39.61326,0 -83.999071,39.613444,0 -83.999037,39.613504,0 -83.99897300000001,39.613588,0 -83.99884,39.61375,0 -83.99843300000001,39.614211,0 -83.998228,39.614432,0 -83.998069,39.614595,0 -83.997698,39.6149480000001,0 -83.99737399999999,39.615231,0 -83.99707600000001,39.615472,0 -83.9970308,39.6155069,0 -83.99482999999999,39.617202,0 -83.99423,39.617669,0 -83.9941346,39.6177428,0 -83.9929087,39.618692,0 -83.99234300000001,39.61913,0 -83.9922263,39.6192238,0 -83.99219100000001,39.619255,0 -83.991894,39.61951,0 -83.99117870000001,39.6201823,0 -83.991045,39.620308,0 -83.99088039999999,39.6204685000001,0 -83.990357,39.620979,0 -83.9899454,39.6213716,0 -83.98931399999999,39.621974,0 -83.98821100000001,39.6230230000001,0 -83.988139,39.623086,0 -83.987019,39.624166,0 -83.98674699999999,39.624431,0 -83.985556,39.6255659999999,0 -83.985308,39.625796,0 -83.98392,39.62715,0 -83.98363430000001,39.6274336,0 -83.9834572,39.6276079,0 -83.9832366,39.6278262,0 -83.981184,39.629857,0 -83.979917,39.631121,0 -83.9798444,39.6311936,0 -83.9794591,39.6315789,0 -83.97914,39.631898,0 -83.97848399999999,39.632565,0 -83.97591060000001,39.6351336,0 -83.9758925,39.6351517,0 -83.97578799999999,39.635256,0 -83.975146,39.6359003,0 -83.97413210000001,39.6369177,0 -83.97358269999999,39.6374691,0 -83.972981,39.638073,0 -83.9728562,39.6381993,0 -83.972543,39.638516,0 -83.97118399999999,39.639868,0 -83.9700617,39.6409847,0 -83.968189,39.642848,0 -83.96798099999999,39.643055,0 -83.9678375,39.6431976,0 -83.96707499999999,39.643955,0 -83.96601699999999,39.645025,0 -83.9655927,39.6454562,0 -83.96510600000001,39.645951,0 -83.9647805,39.6462772,0 -83.964574,39.646484,0 -83.9639841,39.647075,0 -83.96248199999999,39.64858,0 -83.961872,39.649198,0 -83.9606641,39.6503941999999,0 -83.960533,39.650524,0 -83.959999,39.651062,0 -83.959677,39.651396,0 -83.9588234,39.6523059,0 -83.95843979999999,39.6527148,0 -83.95801,39.653173,0 -83.957787,39.653407,0 -83.957035,39.654197,0 -83.956428,39.654843,0 -83.95638049999999,39.654894,0 -83.956305,39.654975,0 -83.9556515,39.655677,0 -83.955282,39.656074,0 -83.955163,39.6562,0 -83.954784,39.656602,0 -83.954649,39.656741,0 -83.9545013,39.6568931,0 -83.954279,39.657122,0 -83.953383,39.658019,0 -83.95324100000001,39.658161,0 -83.952483,39.6589230000001,0 -83.951409,39.660007,0 -83.950714,39.660701,0 -83.9499268,39.661485,0 -83.949743,39.661668,0 -83.949093,39.662327,0 -83.94846510000001,39.6629607,0 -83.948217,39.663233,0 -83.947382,39.6641622,0 -83.94673299999999,39.664856,0 -83.94635,39.665286,0 -83.94617,39.6655039999999,0 -83.94596300000001,39.665785,0 -83.9457618,39.666065,0 -83.945645,39.666255,0 -83.945459,39.666556,0 -83.94534400000001,39.666756,0 -83.94509499999999,39.667231,0 -83.94499999999999,39.667412,0 -83.94487100000001,39.667701,0 -83.94472500000001,39.6680300000001,0 -83.9439596,39.669859,0 -83.9437258,39.6704176,0 -83.94352600000001,39.670895,0 -83.943495,39.670969,0 -83.943427,39.6711246,0 -83.943388,39.671214,0 -83.9432436,39.6715456,0 -83.943219,39.671602,0 -83.94308599999999,39.6718809999999,0 -83.9429416,39.6721429,0 -83.942931,39.672162,0 -83.942785,39.672389,0 -83.942717,39.672495,0 -83.942317,39.6730369,0 -83.94198,39.673448,0 -83.94192099999999,39.673519,0 -83.9415267,39.6739991,0 -83.9409806,39.674664,0 -83.940951,39.6747,0 -83.9408416,39.6748328,0 -83.940662,39.675051,0 -83.9405095,39.6752399,0 -83.94024709999999,39.6755602,0 -83.940117,39.6757190000001,0 -83.939742,39.676184,0 -83.939588,39.676376,0 -83.938782,39.677355,0 -83.938564,39.67762,0 -83.9384333,39.677764,0 -83.938391,39.677828,0 -83.93835300000001,39.677874,0 -83.93799799999999,39.678313,0 -83.93776699999999,39.678595,0 -83.937642,39.678746,0 -83.937279,39.679185,0 -83.93691699999999,39.679621,0 -83.93661299999999,39.679997,0 -83.936555,39.680069,0 -83.936454,39.680189,0 -83.936182,39.680512,0 -83.936071,39.680645,0 -83.935655,39.681147,0 -83.93553799999999,39.681289,0 -83.9354438,39.681417,0 -83.935389,39.6814788999999,0 -83.935241,39.6816492,0 -83.935208,39.681687,0 -83.935005,39.681934,0 -83.9347475,39.6822504,0 -83.934721,39.682283,0 -83.934668,39.68235,0 -83.934736,39.682741,0 -83.9348153,39.6832064,0 -83.934826,39.683282,0 -83.9348404,39.6833585,0 -83.93488670000001,39.6836392,0 -83.9349126,39.6837965,0 -83.9349344,39.6839288,0 -83.93495369999999,39.684046,0 -83.9349941,39.6842913,0 -83.935014,39.684412,0 -83.93490920000001,39.6844232,0 -83.9341297,39.6845071,0 -83.934028,39.684518,0 -83.93393450000001,39.6845275,0 -83.93364529999999,39.6845548,0 -83.9334343,39.6845747,0 -83.9331064,39.6846062,0 -83.9328462,39.6846367,0 -83.932473,39.684676,0 -83.9324221,39.6846813,0 -83.9323187,39.684692,0 -83.9321147,39.6847131,0 -83.93202479999999,39.6847224,0 -83.9318754,39.6847379,0 -83.9318519,39.6847403,0 -83.9315661,39.6847688,0 -83.9313574,39.6847887,0 -83.9310452,39.6848184,0 -83.930976,39.684825,0 -83.9309085,39.6848316,0 -83.9300159,39.6849172,0 -83.9295362,39.6849666,0 -83.92948699999999,39.6849714,0 -83.9293584,39.6849841,0 -83.9292318,39.6849994,0 -83.928797,39.68505,0 -83.928405,39.685087,0 -83.92784690000001,39.6851434,0 -83.92774799999999,39.685153,0 -83.92731449999999,39.6851979,0 -83.9271873,39.6852111,0 -83.92697889999999,39.6852327,0 -83.9269685,39.6852338,0 -83.9268087,39.6852503,0 -83.92649,39.6852833,0 -83.92628999999999,39.685304,0 -83.92582609999999,39.6853522,0 -83.9256228,39.6853739,0 -83.92554,39.685382,0 -83.92509990000001,39.685426,0 -83.924789,39.685457,0 -83.92477100000001,39.685459,0 -83.924514,39.6854861,0 -83.9242247,39.6855166,0 -83.9241188,39.6855277,0 -83.92353079999999,39.6855897000001,0 -83.9233699,39.6856066,0 -83.923271,39.685617,0 -83.9232945,39.6857349,0 -83.92337329999999,39.6861293,0 -83.923384,39.686183,0 -83.923473,39.686728,0 -83.923479,39.686762,0 -83.923575,39.687258,0 -83.9236071,39.6873984,0 -83.9236386,39.6874316000001,0 -83.9236617,39.6875418,0 -83.9236956,39.6877434,0 -83.92374030000001,39.687773,0 -83.9237711,39.6878062,0 -83.923785,39.687843,0 -83.923785,39.6878833,0 -83.92377569999999,39.6879176,0 -83.9237526,39.6879532,0 -83.9237172,39.6879805000001,0 -83.923671,39.6880006000001,0 -83.9236171,39.6880113,0 -83.9235709,39.6880101,0 -83.9235262,39.6879994,0 -83.92345690000001,39.6879983,0 -83.92338599999999,39.6880042,0 -83.9233244,39.6880184,0 -83.92322729999999,39.6880516,0 -83.92316750000001,39.688064,0 -83.92187,39.688927,0 -83.921198,39.6893890000001,0 -83.92098300000001,39.689537,0 -83.920028,39.690197,0 -83.91978400000001,39.690368,0 -83.91932199999999,39.690691,0 -83.918952,39.690972,0 -83.918716,39.69119,0 -83.91856199999999,39.691334,0 -83.918071,39.6918154,0 -83.91805100000001,39.691835,0 -83.91747700000001,39.692441,0 -83.91736450000001,39.6925619,0 -83.916847,39.693118,0 -83.916437,39.693546,0 -83.91620899999999,39.693785,0 -83.915609,39.694434,0 -83.915007,39.695075,0 -83.9149951,39.695088,0 -83.914541,39.695582,0 -83.91439099999999,39.695744,0 -83.913768,39.696387,0 -83.91358099999999,39.696543,0 -83.91354200000001,39.696575,0 -83.913488,39.696615,0 -83.913304,39.696749,0 -83.9131143,39.6968792,0 -83.912925,39.697009,0 -83.911978,39.6976423,0 -83.91141880000001,39.6980162,0 -83.911126,39.6982120000001,0 -83.910951,39.698328,0 -83.910096,39.698894,0 -83.90973,39.6991319,0 -83.909036,39.699583,0 -83.9088383,39.6997017,0 -83.9086722,39.6998013,0 -83.90658569999999,39.7010537,0 -83.9064656,39.7011258,0 -83.90640209999999,39.7011615,0 -83.905952,39.701434,0 -83.905704,39.701577,0 -83.905237,39.701836,0 -83.90509400000001,39.701906,0 -83.90466499999999,39.702119,0 -83.9037072,39.7025326,0 -83.903227,39.702722,0 -83.9023239,39.7030457000001,0 -83.90228399999999,39.70306,0 -83.900375,39.70374,0 -83.899888,39.703909,0 -83.898895,39.704234,0 -83.89798500000001,39.704527,0 -83.896963,39.70485,0 -83.896705,39.704938,0 -83.89618,39.705109,0 -83.895118,39.705446,0 -83.8947017,39.7055716,0 -83.8944011,39.7056654,0 -83.893815,39.705852,0 -83.892498,39.706272,0 -83.8924751,39.7062792999999,0 -83.89148900000001,39.706594,0 -83.89108880000001,39.7067201,0 -83.89050469999999,39.7069041,0 -83.89027590000001,39.7069762,0 -83.887788,39.70776,0 -83.88748390000001,39.7078547,0 -83.88674399999999,39.708085,0 -83.885604,39.708447,0 -83.88514600000001,39.708612,0 -83.884979,39.708672,0 -83.884525,39.708873,0 -83.884378,39.708941,0 -83.88385,39.709202,0 -83.8834354,39.7094154,0 -83.882785,39.7097499999999,0 -83.88206340000001,39.7101248,0 -83.8811699,39.7105888,0 -83.880925,39.710716,0 -83.87989399999999,39.711237,0 -83.878725,39.711816,0 -83.87860070000001,39.7118788,0 -83.8772893,39.7125408,0 -83.876766,39.712805,0 -83.874849,39.713779,0 -83.87396200000001,39.714226,0 -83.87318999999999,39.714613,0 -83.87303199999999,39.71469,0 -83.87297359999999,39.7147184,0 -83.872748,39.714828,0 -83.870074,39.716171,0 -83.86896400000001,39.716729,0 -83.8681473,39.7171515,0 -83.866044,39.718198,0 -83.863401,39.71955,0 -83.862706,39.71991,0 -83.862421,39.720067,0 -83.862115,39.720256,0 -83.86198400000001,39.720344,0 -83.861527,39.720724,0 -83.86144,39.720803,0 -83.861131,39.721084,0 -83.86072900000001,39.721417,0 -83.860292,39.721697,0 -83.860052,39.721814,0 -83.859668,39.721985,0 -83.859464,39.722076,0 -83.859043,39.722197,0 -83.858401,39.722346,0 -83.857356,39.72259,0 -83.856886,39.722709,0 -83.856651,39.722781,0 -83.856441,39.722869,0 -83.856223,39.7229439999999,0 -83.85611299999999,39.722993,0 -83.85597799999999,39.723065,0 -83.855852,39.723126,0 -83.85580299999999,39.72315,0 -83.855588,39.723253,0 -83.855148,39.723465,0 -83.854865,39.723617,0 -83.854427,39.723835,0 -83.85437899999999,39.72386,0 -83.85432900000001,39.723883,0 -83.85348999999999,39.724299,0 -83.853009,39.724565,0 -83.852834,39.724674,0 -83.85268499999999,39.724774,0 -83.85256099999999,39.724863,0 -83.85126700000001,39.725845,0 -83.850471,39.726441,0 -83.85019200000001,39.726653,0 -83.848249,39.72813,0 -83.84772959999999,39.7285276,0 -83.847341,39.728825,0 -83.847067,39.729036,0 -83.8463575,39.7295708,0 -83.846149,39.7297280000001,0 -83.8458438,39.7299652,0 -83.845373,39.7303309999999,0 -83.8450787,39.7305567,0 -83.84473939999999,39.7308169,0 -83.84448500000001,39.731012,0 -83.843602,39.7316709999999,0 -83.84283600000001,39.732256,0 -83.842321,39.732641,0 -83.8420186,39.732868,0 -83.840388,39.734092,0 -83.840267,39.734171,0 -83.84007800000001,39.734284,0 -83.839769,39.734443,0 -83.839338,39.734644,0 -83.838703,39.7349341,0 -83.83783,39.735333,0 -83.83779180000001,39.7353504,0 -83.8372507,39.7355962,0 -83.837152,39.735641,0 -83.8371021,39.7356631,0 -83.83651,39.735925,0 -83.83631699999999,39.736003,0 -83.836119,39.736073,0 -83.83591699999999,39.736135,0 -83.83557,39.73622,0 -83.8351285,39.7363017,0 -83.8349891,39.7363275,0 -83.834327,39.73645,0 -83.8321842,39.7368177,0 -83.831734,39.736895,0 -83.83156700000001,39.736925,0 -83.83114,39.736973,0 -83.831048,39.7369788,0 -83.830808,39.736994,0 -83.830209,39.737017,0 -83.82865200000001,39.737076,0 -83.82746299999999,39.737123,0 -83.8267093,39.7371577,0 -83.826616,39.737162,0 -83.82639899999999,39.737183,0 -83.826182,39.737209,0 -83.8255314,39.7373135,0 -83.825068,39.737388,0 -83.8249677,39.7374006,0 -83.82343299999999,39.737594,0 -83.8230028,39.7376458,0 -83.8225504,39.7376989,0 -83.82175599999999,39.737796,0 -83.821608,39.7378090000001,0 -83.8215026,39.7378147,0 -83.821386,39.737821,0 -83.821082,39.737823,0 -83.81928739999999,39.7377746,0 -83.81752,39.737727,0 -83.8166324,39.737709,0 -83.8165225,39.7377055,0 -83.81642359999999,39.7377024,0 -83.8157509,39.7376833,0 -83.81475500000001,39.737647,0 -83.814633,39.737647,0 -83.814543,39.737647,0 -83.81428,39.737664,0 -83.81407,39.73769,0 -83.813996,39.737703,0 -83.813942,39.737712,0 -83.81360100000001,39.737783,0 -83.812862,39.737937,0 -83.81195700000001,39.7381194,0 -83.81172599999999,39.738166,0 -83.811333,39.738252,0 -83.811173,39.738309,0 -83.8110825,39.7383596,0 -83.8110235,39.7383926,0 -83.810902,39.738444,0 -83.810722,39.738568,0 -83.810676,39.738593,0 -83.8104424,39.738778,0 -83.81022,39.738954,0 -83.80976800000001,39.739327,0 -83.80929,39.739721,0 -83.80884,39.740091,0 -83.80869199999999,39.740218,0 -83.80837099999999,39.74048,0 -83.8079321,39.7408214,0 -83.807609,39.7410836,0 -83.80750500000001,39.741168,0 -83.80739370000001,39.7412584000001,0 -83.80733619999999,39.7413141999999,0 -83.8071656,39.7414628000001,0 -83.80707769999999,39.7415394,0 -83.80711530000001,39.7416178,0 -83.80717610000001,39.7417444,0 -83.807321,39.7420959999999,0 -83.80739699999999,39.742295,0 -83.80746499999999,39.742526,0 -83.8074785,39.7425721,0 -83.8074957,39.7426323,0 -83.8076117,39.7430375,0 -83.8076626,39.7432101,0 -83.8077303,39.7434487,0 -83.80775300000001,39.7435286,0 -83.80765030000001,39.7435467,0 -83.806679,39.743718,0 -83.805772,39.743864,0 -83.805684,39.743888,0 -83.805651,39.743898,0 -83.80553,39.743942,0 -83.80540999999999,39.743995,0 -83.805277,39.744067,0 -83.805187,39.744126,0 -83.805131,39.744169,0 -83.80506699999999,39.744228,0 -83.804759,39.744556,0 -83.80464499999999,39.744679,0 -83.80439800000001,39.744924,0 -83.80407700000001,39.745243,0 -83.80345199999999,39.745889,0 -83.8033956,39.7459486,0 -83.80302570000001,39.746346,0 -83.802847,39.746538,0 -83.8025605,39.7468383,0 -83.8022581,39.7471738000001,0 -83.8020241,39.7474333,0 -83.8017286,39.7477547,0 -83.801698,39.747788,0 -83.8016518,39.7478375,0 -83.801068,39.748463,0 -83.80060330000001,39.7489704,0 -83.800361,39.749235,0 -83.8002958,39.7493081,0 -83.8001529,39.7494683,0 -83.799965,39.749679,0 -83.79971399999999,39.749957,0 -83.799486,39.750216,0 -83.79915099999999,39.750645,0 -83.79893250000001,39.7509521,0 -83.7987143,39.7512587,0 -83.798665,39.751328,0 -83.798366,39.751771,0 -83.7982588,39.751927,0 -83.7978919,39.7524609,0 -83.7971402,39.7535548,0 -83.7970109,39.753743,0 -83.7963132,39.7547582,0 -83.79604399999999,39.75515,0 -83.79593680000001,39.7553098,0 -83.79568999999999,39.755678,0 -83.79494769999999,39.7567607,0 -83.79487,39.756874,0 -83.7944717,39.7574567000001,0 -83.794248,39.757784,0 -83.793959,39.758193,0 -83.793167,39.759363,0 -83.79257800000001,39.76021,0 -83.79212149999999,39.7608109,0 -83.79207700000001,39.760872,0 -83.79183209999999,39.7611476,0 -83.791768,39.761222,0 -83.791449,39.761569,0 -83.79128900000001,39.761721,0 -83.791208,39.761782,0 -83.79107999999999,39.761851,0 -83.790958,39.761903,0 -83.7908,39.76196,0 -83.79002300000001,39.76219,0 -83.78987739999999,39.762231,0 -83.78970270000001,39.7622798,0 -83.789529,39.762329,0 -83.7893931,39.7623698,0 -83.78882,39.762542,0 -83.7885637,39.762616,0 -83.7873783,39.7629582,0 -83.78702509999999,39.7630602,0 -83.78529399999999,39.76356,0 -83.785014,39.76362,0 -83.78303,39.763995,0 -83.781024,39.7643530000001,0 -83.78004199999999,39.76451,0 -83.77973299999999,39.764549,0 -83.779549,39.764564,0 -83.779219,39.764596,0 -83.77913700000001,39.764604,0 -83.779061,39.764612,0 -83.77818910000001,39.7646959,0 -83.777991,39.764715,0 -83.77734100000001,39.764789,0 -83.77683,39.76487,0 -83.776467,39.764936,0 -83.7757601,39.7650871999999,0 -83.7756316,39.7651141,0 -83.7747802,39.7652899000001,0 -83.77381200000001,39.765493,0 -83.7736511,39.7655274,0 -83.7729969,39.7656675,0 -83.77185830000001,39.7659113,0 -83.7714812,39.7659919999999,0 -83.77131799999999,39.766027,0 -83.77055660000001,39.7661831,0 -83.77047899999999,39.766199,0 -83.77025810000001,39.7662374,0 -83.770003,39.7662816,0 -83.769569,39.766357,0 -83.7685079,39.7665233,0 -83.76826,39.766557,0 -83.767595,39.766661,0 -83.76697299999999,39.766756,0 -83.76575800000001,39.766924,0 -83.765278,39.767001,0 -83.764702,39.7671132,0 -83.764544,39.767144,0 -83.763335,39.7673869999999,0 -83.761329,39.767815,0 -83.759767,39.768134,0 -83.759299,39.768225,0 -83.758583,39.768392,0 -83.757625,39.76864,0 -83.75592,39.769078,0 -83.7553046,39.7692033,0 -83.75496699999999,39.769272,0 -83.752966,39.769625,0 -83.75275000000001,39.769672,0 -83.75238899999999,39.769765,0 -83.75189399999999,39.769928,0 -83.750618,39.7703792,0 -83.75044579999999,39.7704293,0 -83.75000199999999,39.770597,0 -83.74963099999999,39.770721,0 -83.74951799999999,39.77076,0 -83.74852300000001,39.771106,0 -83.747232,39.771564,0 -83.747005,39.771656,0 -83.746027,39.772056,0 -83.74561199999999,39.7722420000001,0 -83.74550859999999,39.7722931,0 -83.74486899999999,39.772609,0 -83.74476129999999,39.7726682,0 -83.743396,39.773394,0 -83.742665,39.773787,0 -83.741581,39.774357,0 -83.740375,39.774999,0 -83.74011830000001,39.7751399,0 -83.739169,39.775628,0 -83.737968,39.776278,0 -83.737041,39.7767653,0 -83.73642700000001,39.777088,0 -83.7358,39.777429,0 -83.734495,39.778119,0 -83.732114,39.7793929999999,0 -83.72980099999999,39.780607,0 -83.72837800000001,39.781336,0 -83.72665499999999,39.7822,0 -83.722128,39.784455,0 -83.721648,39.784694,0 -83.71959200000001,39.785721,0 -83.719314,39.78586,0 -83.71722800000001,39.786903,0 -83.7133965,39.7888307,0 -83.7107864,39.7901188,0 -83.7063928,39.7923137,0 -83.699254,39.79588,0 -83.69848399999999,39.796256,0 -83.69737600000001,39.796813,0 -83.6950317,39.7979815,0 -83.69095799999999,39.800012,0 -83.689536,39.800717,0 -83.68886000000001,39.801035,0 -83.688355,39.801259,0 -83.68761600000001,39.8015749999999,0 -83.687061,39.801797,0 -83.682462,39.803568,0 -83.68075399999999,39.804222,0 -83.67436600000001,39.806675,0 -83.67274999999999,39.807287,0 -83.672206,39.807498,0 -83.66427899999999,39.810538,0 -83.663072,39.811006,0 -83.66242200000001,39.81127,0 -83.661969,39.811465,0 -83.661458,39.811703,0 -83.6609,39.811982,0 -83.660341,39.812282,0 -83.65998500000001,39.812487,0 -83.6597661,39.8126184,0 -83.65951699999999,39.812768,0 -83.658845,39.813194,0 -83.656903,39.814449,0 -83.656347,39.814791,0 -83.6558158,39.8151321,0 -83.6555997,39.8152708,0 -83.652539,39.817236,0 -83.6519985,39.8175621,0 -83.6518051,39.8176788,0 -83.65161519999999,39.8177933,0 -83.6507429,39.8183716,0 -83.649863,39.8189550000001,0 -83.6497251,39.8190438,0 -83.6496569,39.8190878,0 -83.64905419999999,39.8194761,0 -83.64891299999999,39.819567,0 -83.6487032,39.8197021,0 -83.6475179,39.8204652,0 -83.647234,39.820648,0 -83.647131,39.820714,0 -83.64635699999999,39.821213,0 -83.646328,39.821231,0 -83.6452336,39.8219367,0 -83.645185,39.821968,0 -83.6447137,39.8222712,0 -83.6445229,39.8223939,0 -83.6436435,39.8229598,0 -83.6435431,39.8230244,0 -83.64288860000001,39.8234455,0 -83.64286300000001,39.8234620000001,0 -83.64233400000001,39.823806,0 -83.6415966,39.8242761,0 -83.641032,39.824636,0 -83.6405742,39.8249293,0 -83.64036900000001,39.825054,0 -83.63987,39.825378,0 -83.63940599999999,39.825679,0 -83.638519,39.826248,0 -83.638192,39.826444,0 -83.638092,39.826493,0 -83.637897,39.826578,0 -83.637817,39.826608,0 -83.63737,39.826773,0 -83.63612500000001,39.827207,0 -83.635763,39.827338,0 -83.634874,39.827648,0 -83.63428570000001,39.827852,0 -83.6338429,39.8280054,0 -83.63332200000001,39.828186,0 -83.6328645,39.8283411,0 -83.63274440000001,39.8283818,0 -83.632223,39.828559,0 -83.6320461,39.8286123,0 -83.63145,39.828792,0 -83.6308118,39.828966,0 -83.63058100000001,39.8290289,0 -83.63041200000001,39.829075,0 -83.6302876,39.8291091,0 -83.62944400000001,39.82934,0 -83.6289235,39.8294873,0 -83.628642,39.829567,0 -83.62854129999999,39.8295957,0 -83.62816050000001,39.8297041,0 -83.627478,39.829903,0 -83.626807,39.8301029999999,0 -83.625086,39.8306040000001,0 -83.6239856,39.8309176000001,0 -83.623458,39.831068,0 -83.6207608,39.8318516,0 -83.6200683,39.8320527,0 -83.6182482,39.8325816,0 -83.6128908,39.8341399,0 -83.6119673,39.8344085,0 -83.61165699999999,39.8345,0 -83.61089029999999,39.8347331,0 -83.60695800000001,39.835872,0 -83.6035017,39.8368922,0 -83.5965703,39.8389357,0 -83.59644280000001,39.8389742,0 -83.59633700000001,39.839007,0 -83.595265,39.839323,0 -83.593636,39.839797,0 -83.590934,39.840591,0 -83.5894344,39.8410327,0 -83.58849309999999,39.84131,0 -83.58352600000001,39.842773,0 -83.58264,39.843031,0 -83.5752334,39.8451903,0 -83.574265,39.84549,0 -83.57322499999999,39.8457949999999,0 -83.57129430000001,39.8463505,0 -83.5707458,39.8465063,0 -83.5678319,39.8473339,0 -83.5658914,39.8479199,0 -83.564881,39.848225,0 -83.56362900000001,39.848589,0 -83.56287399999999,39.8488169999999,0 -83.561707,39.849149,0 -83.560851,39.849403,0 -83.555468,39.8509702,0 -83.555407,39.850988,0 -83.551468,39.852163,0 -83.54798099999999,39.853204,0 -83.54326,39.854634,0 -83.53873400000001,39.856001,0 -83.53095999999999,39.858396,0 -83.53022799999999,39.858629,0 -83.5286309,39.8591236,0 -83.52551699999999,39.860088,0 -83.517978,39.86243,0 -83.5169047,39.8627630000001,0 -83.5161329,39.8629976,0 -83.5102521,39.8647852,0 -83.5086627,39.8652683,0 -83.502337,39.867191,0 -83.5017574,39.867367,0 -83.499504,39.8680509999999,0 -83.49826299999999,39.868429,0 -83.4974417,39.8686793,0 -83.4969913,39.8688166,0 -83.4950746,39.8694007999999,0 -83.49466700000001,39.869525,0 -83.49434979999999,39.8696211,0 -83.493469,39.869888,0 -83.4933679,39.8699194000001,0 -83.493202,39.869971,0 -83.49045959999999,39.8707829,0 -83.4892227,39.8711491,0 -83.4885501,39.8713482,0 -83.4864087,39.8719821,0 -83.4854941,39.8722529,0 -83.48544920000001,39.8722662,0 -83.4853379,39.8722997,0 -83.4841244,39.8726595,0 -83.4835681,39.8728245,0 -83.48349109999999,39.8728474,0 -83.4833771,39.8728813,0 -83.4829374,39.8730123,0 -83.48215500000001,39.8732453,0 -83.4810464,39.8735735,0 -83.4793999,39.8740625,0 -83.47875740000001,39.8742456,0 -83.4783604,39.8743539,0 -83.47703129999999,39.8747542,0 -83.47536289999999,39.8752566,0 -83.47518169999999,39.8753104,0 -83.474459,39.8755251,0 -83.47315709999999,39.8759119,0 -83.4731134,39.8759249,0 -83.47240119999999,39.8761365,0 -83.471181,39.876499,0 -83.4689228,39.8771699,0 -83.46719899999999,39.877682,0 -83.4651739,39.8782836,0 -83.464203,39.878572,0 -83.4641599,39.8785849,0 -83.46376600000001,39.878703,0 -83.463005,39.878931,0 -83.462692,39.879028,0 -83.4616018,39.8793645,0 -83.4606345,39.8796407,0 -83.4603815,39.879713,0 -83.460003,39.879828,0 -83.459839,39.879881,0 -83.4592636,39.8800548,0 -83.459084,39.880109,0 -83.458755,39.880201,0 -83.45864899999999,39.88024,0 -83.4584581,39.8802953,0 -83.458214,39.880366,0 -83.458122,39.880399,0 -83.4578593,39.8804751,0 -83.4577788,39.8804984,0 -83.457718,39.880516,0 -83.457407,39.88061,0 -83.457222,39.880666,0 -83.456909,39.880763,0 -83.4568012,39.88081,0 -83.456604,39.880896,0 -83.456154,39.881189,0 -83.455986,39.88131,0 -83.45536800000001,39.881724,0 -83.45528400000001,39.881788,0 -83.454826,39.882095,0 -83.4547993,39.882113,0 -83.4545535,39.8822794,0 -83.4543946,39.8823869,0 -83.45405599999999,39.882616,0 -83.45397199999999,39.882681,0 -83.453878,39.882745,0 -83.45326799999999,39.883153,0 -83.452698,39.883541,0 -83.4524126,39.8837329,0 -83.45218680000001,39.8838847,0 -83.45195,39.884044,0 -83.4517455,39.8841845,0 -83.4515806,39.8842978,0 -83.4514532,39.8843854,0 -83.451363,39.8844473,0 -83.4513212,39.884476,0 -83.45108500000001,39.8846384,0 -83.4510116,39.8846888,0 -83.4509796,39.8847108,0 -83.4506988,39.8849037,0 -83.450531,39.885019,0 -83.450119,39.885303,0 -83.4500493,39.8853455,0 -83.45002700000001,39.885359,0 -83.449944,39.8854240000001,0 -83.44989099999999,39.885459,0 -83.449592,39.885656,0 -83.449539,39.885698,0 -83.449493,39.885721,0 -83.449417,39.885782,0 -83.449325,39.885838,0 -83.4492769,39.8858715,0 -83.44911639999999,39.885983,0 -83.4490266,39.8860455,0 -83.4489817,39.8860767,0 -83.448731,39.886251,0 -83.448578,39.886349,0 -83.44845599999999,39.886437,0 -83.448341,39.886507,0 -83.4480703,39.886692,0 -83.44798830000001,39.886748,0 -83.44777879999999,39.8868912,0 -83.447586,39.887023,0 -83.4474484,39.8871174,0 -83.447311,39.887209,0 -83.4472225,39.8872709,0 -83.4471925,39.8872934,0 -83.44716529999999,39.887314,0 -83.44714399999999,39.88733,0 -83.4470783,39.8873741,0 -83.4469947,39.8874302,0 -83.446625,39.887678,0 -83.446442,39.887804,0 -83.4464128,39.8878223,0 -83.4459878,39.8881088,0 -83.44578009999999,39.8882654,0 -83.4457587,39.8883231,0 -83.4457283,39.8884253,0 -83.44571209999999,39.8885307,0 -83.4456677,39.8887487,0 -83.4456125,39.8890015,0 -83.445503,39.8895669999999,0 -83.4454545,39.8898331,0 -83.4453616,39.8903889,0 -83.4453345,39.8905511,0 -83.4451787,39.8912869,0 -83.4451608,39.8913359,0 -83.44512400000001,39.891387,0 -83.4450623,39.8914416,0 -83.44492169999999,39.8915524,0 -83.4448278,39.8916278,0 -83.44349649999999,39.8926965,0 -83.443054,39.893064,0 -83.442741,39.893314,0 -83.44107099999999,39.894696,0 -83.44090300000001,39.894826,0 -83.44068900000001,39.89501,0 -83.44046,39.895191,0 -83.44043000000001,39.895223,0 -83.440033,39.895556,0 -83.43990549999999,39.8956612,0 -83.4392424,39.8962084,0 -83.439003,39.896406,0 -83.438835,39.896536,0 -83.4385558,39.8967706,0 -83.43852200000001,39.896799,0 -83.438439,39.8968643,0 -83.438417,39.8968816,0 -83.438034,39.897183,0 -83.4379331,39.8972569,0 -83.4378389,39.8973259,0 -83.43773419999999,39.8974025,0 -83.437698,39.897429,0 -83.437538,39.897563,0 -83.4374507,39.8976288,0 -83.437286,39.897753,0 -83.437241,39.8977888,0 -83.4370978,39.8979027,0 -83.4368877,39.8980699,0 -83.43682099999999,39.898123,0 -83.43654600000001,39.898327,0 -83.436491,39.8983699,0 -83.43588920000001,39.8988393,0 -83.4358781,39.8988479999999,0 -83.4355951,39.8990607,0 -83.4351996,39.8993729,0 -83.4346695,39.8997782,0 -83.43465399999999,39.89979,0 -83.4346106,39.8998219,0 -83.43456999999999,39.899855,0 -83.4341905,39.900172,0 -83.43389519999999,39.9004067,0 -83.433769,39.900507,0 -83.4335487,39.900694,0 -83.43322000000001,39.900973,0 -83.4328586,39.9013021000001,0 -83.432721,39.9014274,0 -83.4326605,39.9014825,0 -83.43200880000001,39.902094,0 -83.4319069,39.9021991,0 -83.43122099999999,39.902862,0 -83.430983,39.9031054,0 -83.43076309999999,39.9033303000001,0 -83.430695,39.9034,0 -83.430603,39.903506,0 -83.430527,39.903575,0 -83.430115,39.904007,0 -83.4300023,39.9041207,0 -83.4298812,39.9042427999999,0 -83.42976400000001,39.904361,0 -83.429321,39.904825,0 -83.429253,39.904894,0 -83.4289546,39.9052037000001,0 -83.428726,39.905441,0 -83.428528,39.905635,0 -83.42823799999999,39.905947,0 -83.428162,39.9060159999999,0 -83.4281,39.906081,0 -83.4279228,39.9062646,0 -83.427599,39.9066,0 -83.42657250000001,39.9077161,0 -83.425445,39.908812,0 -83.425033,39.909248,0 -83.42465199999999,39.909702,0 -83.424637,39.909734,0 -83.424538,39.909858,0 -83.4244078,39.9100504,0 -83.424324,39.910173,0 -83.424126,39.910492,0 -83.423946,39.910824,0 -83.42390399999999,39.910902,0 -83.42375199999999,39.911234,0 -83.42358400000001,39.911661,0 -83.422882,39.913631,0 -83.422707,39.914049,0 -83.42259199999999,39.914285,0 -83.42240200000001,39.914636,0 -83.42231,39.914787,0 -83.422256,39.914842,0 -83.42208100000001,39.915111,0 -83.421677,39.915642,0 -83.42134900000001,39.916014,0 -83.4212615,39.9161068,0 -83.421184,39.916189,0 -83.420525,39.916887,0 -83.42044799999999,39.916979,0 -83.42038049999999,39.9170506,0 -83.418274,39.919285,0 -83.41812899999999,39.919428,0 -83.417557,39.919953,0 -83.417374,39.9201100000001,0 -83.4171443,39.9202886,0 -83.417046,39.920365,0 -83.41662599999999,39.920675,0 -83.416477,39.9207737,0 -83.416099,39.921024,0 -83.4160298,39.9210678,0 -83.41585550000001,39.921178,0 -83.41565,39.921308,0 -83.415566,39.9213689999999,0 -83.414841,39.921821,0 -83.41475699999999,39.921881,0 -83.414635,39.921955,0 -83.41448200000001,39.922049,0 -83.414306,39.92217,0 -83.414124,39.922281,0 -83.41385699999999,39.922467,0 -83.41377300000001,39.922518,0 -83.413765,39.9225238,0 -83.413544,39.922685,0 -83.4133674,39.9228248,0 -83.41316999999999,39.922981,0 -83.41301,39.923127,0 -83.412826,39.923295,0 -83.412633,39.923482,0 -83.412598,39.923516,0 -83.41235330000001,39.92379,0 -83.412256,39.9238989999999,0 -83.412193,39.92397,0 -83.412148,39.924039,0 -83.412086,39.924112,0 -83.4120037,39.9242307,0 -83.41198199999999,39.924262,0 -83.411812,39.92451,0 -83.41176900000001,39.924584,0 -83.41153,39.925002,0 -83.411323,39.925421,0 -83.41110999999999,39.925894,0 -83.410927,39.926307,0 -83.4108555,39.9264579,0 -83.410828,39.926516,0 -83.41065999999999,39.926912,0 -83.4106019,39.9270364,0 -83.410484,39.927289,0 -83.410454,39.927376,0 -83.410358,39.9275983,0 -83.410263,39.927798,0 -83.41023300000001,39.927889,0 -83.41019009999999,39.9279762,0 -83.410141,39.928076,0 -83.410118,39.928144,0 -83.4100383,39.9283201,0 -83.40999429999999,39.9284175000001,0 -83.409966,39.92848,0 -83.40992,39.928562,0 -83.4098261,39.928764,0 -83.40976019999999,39.9289059,0 -83.409683,39.929072,0 -83.409637,39.929154,0 -83.40950119999999,39.9294427,0 -83.409432,39.92959,0 -83.409256,39.929905,0 -83.409103,39.9301510000001,0 -83.408783,39.930631,0 -83.4085893,39.9308809,0 -83.40842499999999,39.931093,0 -83.407898,39.9316849999999,0 -83.40737230000001,39.9322042,0 -83.40725,39.932325,0 -83.4067,39.9327909999999,0 -83.40628100000001,39.933106,0 -83.40585299999999,39.933408,0 -83.405586,39.933584,0 -83.405312,39.933752,0 -83.404899,39.9339859999999,0 -83.404572,39.934187,0 -83.404472,39.934238,0 -83.403915,39.934561,0 -83.40363929999999,39.9347303,0 -83.402878,39.93515,0 -83.402321,39.935476,0 -83.4020929,39.9356087,0 -83.40175600000001,39.93579,0 -83.40166499999999,39.93585,0 -83.40115400000001,39.93614,0 -83.400352,39.936598,0 -83.40007,39.936762,0 -83.3997286,39.9369626,0 -83.39930339999999,39.9371998,0 -83.3981778,39.93787,0 -83.397447,39.9382881,0 -83.39674189999999,39.9386703,0 -83.396607,39.938748,0 -83.39637879999999,39.9388757,0 -83.39620189999999,39.9389754,0 -83.39585099999999,39.939173,0 -83.39556899999999,39.939337,0 -83.39529400000001,39.9395,0 -83.394913,39.939711,0 -83.394226,39.940108,0 -83.39379099999999,39.9403549999999,0 -83.3937,39.940416,0 -83.393326,39.940631,0 -83.392883,39.940924,0 -83.392624,39.941105,0 -83.39209,39.941512,0 -83.39205200000001,39.941553,0 -83.39181499999999,39.941743,0 -83.39141100000001,39.942076,0 -83.3909512,39.9424705999999,0 -83.390282,39.943045,0 -83.390152,39.943147,0 -83.389923,39.943349,0 -83.38885569999999,39.9442445,0 -83.387787,39.945141,0 -83.38754299999999,39.945335,0 -83.38734700000001,39.945501,0 -83.38659699999999,39.946134,0 -83.38517,39.947308,0 -83.384094,39.948217,0 -83.384049,39.948245,0 -83.3829508,39.9491591,0 -83.38258519999999,39.9494634,0 -83.38231330000001,39.9496897,0 -83.382301,39.9497,0 -83.382271,39.949732,0 -83.38188839999999,39.9500462,0 -83.3816219,39.9502649,0 -83.381416,39.950434,0 -83.381271,39.950563,0 -83.380994,39.9507917,0 -83.3806175,39.9511026,0 -83.380554,39.951155,0 -83.38048790000001,39.9512115,0 -83.3802532,39.9514121,0 -83.37992800000001,39.95169,0 -83.3797678,39.9518322,0 -83.379616,39.951967,0 -83.3795892,39.9519889,0 -83.379249,39.952267,0 -83.379227,39.952294,0 -83.378891,39.952571,0 -83.378754,39.952696,0 -83.37867079999999,39.9527631,0 -83.37859400000001,39.952825,0 -83.37832849999999,39.9530857000001,0 -83.3777276,39.95377,0 -83.377388,39.954048,0 -83.37723750000001,39.9541769,0 -83.37698399999999,39.954394,0 -83.37693,39.954449,0 -83.37653400000001,39.954786,0 -83.37632259999999,39.9549694,0 -83.376234,39.9550462,0 -83.37584699999999,39.955382,0 -83.3756587,39.9555455,0 -83.3751506,39.9559667,0 -83.3746447,39.9564059,0 -83.37436700000001,39.956633,0 -83.37423699999999,39.956752,0 -83.3741138,39.9568567,0 -83.373672,39.9572320000001,0 -83.37346410000001,39.9574106,0 -83.37336000000001,39.9575,0 -83.3728693,39.9578255,0 -83.372552,39.958036,0 -83.372246,39.95827,0 -83.3719396,39.9585209,0 -83.371788,39.958645,0 -83.371414,39.958972,0 -83.37136820000001,39.9590112,0 -83.3711188,39.9592323,0 -83.37053400000001,39.9597237,0 -83.37049500000001,39.9597565,0 -83.37005480000001,39.9601263,0 -83.3699196,39.9602409,0 -83.3692614,39.9607991,0 -83.36889600000001,39.9611090000001,0 -83.368668,39.961312,0 -83.3682434,39.9616735,0 -83.36800650000001,39.9618753,0 -83.36792029999999,39.9619487,0 -83.367806,39.962046,0 -83.3677205,39.962121,0 -83.3671216,39.9626464000001,0 -83.36670700000001,39.962983,0 -83.3663322,39.9632985,0 -83.365967,39.963606,0 -83.365684,39.96385,0 -83.365295,39.964183,0 -83.365257,39.964224,0 -83.365135,39.964316,0 -83.3649217,39.9645050999999,0 -83.364906,39.964519,0 -83.362534,39.966532,0 -83.362084,39.9669279999999,0 -83.36204499999999,39.966958,0 -83.36199999999999,39.9669930000001,0 -83.361771,39.967196,0 -83.361137,39.967727,0 -83.360832,39.967999,0 -83.360748,39.968063,0 -83.360519,39.968266,0 -83.360435,39.968331,0 -83.35958100000001,39.969069,0 -83.359497,39.969134,0 -83.358254,39.970213,0 -83.358093,39.970343,0 -83.3578873,39.9705258,0 -83.357788,39.970614,0 -83.357704,39.970679,0 -83.3574203,39.9709292,0 -83.35685700000001,39.971426,0 -83.35638400000001,39.971823,0 -83.3561231,39.9720802,0 -83.3556739,39.9724828,0 -83.3552064,39.9728672,0 -83.35410229999999,39.9738157,0 -83.35360780000001,39.974264,0 -83.35315799999999,39.9746099,0 -83.352074,39.975546,0 -83.352028,39.975592,0 -83.351951,39.9756554,0 -83.351631,39.975919,0 -83.35085599999999,39.9765658,0 -83.350769,39.976658,0 -83.350464,39.97693,0 -83.35038,39.976994,0 -83.350151,39.977197,0 -83.349518,39.977728,0 -83.34929649999999,39.9779255,0 -83.34921300000001,39.978,0 -83.349129,39.978065,0 -83.34859950000001,39.9785374,0 -83.34852739999999,39.9785968,0 -83.3483969,39.978709,0 -83.34827869999999,39.9788106,0 -83.3481737,39.9788983,0 -83.347831,39.9791881,0 -83.347572,39.979407,0 -83.347488,39.979472,0 -83.3469205,39.9799617,0 -83.346008,39.980749,0 -83.345703,39.9810209999999,0 -83.34531339999999,39.9813561,0 -83.34465160000001,39.9819253,0 -83.343987,39.982497,0 -83.343902,39.982562,0 -83.343597,39.982834,0 -83.343514,39.982899,0 -83.343155,39.983217,0 -83.341797,39.984375,0 -83.341644,39.984513,0 -83.34135860000001,39.9847545,0 -83.340858,39.985178,0 -83.34064499999999,39.985371,0 -83.340469,39.985514,0 -83.33994559999999,39.985966,0 -83.3395211,39.9863325,0 -83.3395124,39.9863401,0 -83.33932059999999,39.9865056,0 -83.338989,39.986792,0 -83.338829,39.986921,0 -83.33852400000001,39.987193,0 -83.338493,39.987212,0 -83.338311,39.98737,0 -83.337067,39.9884480000001,0 -83.337036,39.988466,0 -83.336906,39.988577,0 -83.33633399999999,39.989071,0 -83.33625000000001,39.989135,0 -83.33576100000001,39.9895523,0 -83.33543109999999,39.9898339,0 -83.33515199999999,39.990072,0 -83.33502439999999,39.9901791,0 -83.33493919999999,39.9902506,0 -83.33420599999999,39.990866,0 -83.3341471,39.9909104,0 -83.334121,39.99093,0 -83.333893,39.991133,0 -83.3338,39.991211,0 -83.333793,39.991216,0 -83.333443,39.991507,0 -83.33342,39.991535,0 -83.333336,39.991599,0 -83.3327886,39.9920708,0 -83.332634,39.992204,0 -83.33255,39.992268,0 -83.33232099999999,39.992471,0 -83.33223700000001,39.992536,0 -83.332008,39.992739,0 -83.331924,39.992803,0 -83.33149419999999,39.9931746,0 -83.331459,39.993205,0 -83.33137499999999,39.993269,0 -83.331146,39.993472,0 -83.331062,39.993537,0 -83.33059799999999,39.993942,0 -83.330208,39.9942789999999,0 -83.330124,39.994344,0 -83.32989499999999,39.994547,0 -83.329849,39.994579,0 -83.329109,39.995211,0 -83.328957,39.995349,0 -83.328873,39.995414,0 -83.3279342,39.9962237,0 -83.327782,39.996355,0 -83.327461,39.996618,0 -83.32696439999999,39.99705,0 -83.326454,39.997494,0 -83.3263556,39.99757,0 -83.326218,39.997697,0 -83.325119,39.998629,0 -83.32446299999999,39.999201,0 -83.324417,39.999233,0 -83.3241574,39.9994699,0 -83.323868,39.999704,0 -83.323746,39.999819,0 -83.323089,40.000372,0 -83.3229913,40.0004614,0 -83.322937,40.000511,0 -83.3219958,40.0013118,0 -83.321945,40.001355,0 -83.321594,40.001664,0 -83.32152499999999,40.001714,0 -83.32084930000001,40.0022963,0 -83.320122,40.0029230000001,0 -83.320038,40.002987,0 -83.31956169999999,40.0033976,0 -83.318871,40.003993,0 -83.318786,40.004058,0 -83.318482,40.004329,0 -83.318397,40.004394,0 -83.3176606,40.0050339,0 -83.317543,40.005136,0 -83.317459,40.005201,0 -83.3170315,40.0055691,0 -83.3166567,40.0058919,0 -83.316292,40.006206,0 -83.316208,40.006271,0 -83.31527699999999,40.007078,0 -83.31522289999999,40.0071198,0 -83.31519299999999,40.007143,0 -83.31513200000001,40.007203,0 -83.31488,40.00741,0 -83.314587,40.007665,0 -83.3143106,40.0079049,0 -83.314026,40.008152,0 -83.313942,40.008217,0 -83.31371300000001,40.00842,0 -83.31333100000001,40.008734,0 -83.31323999999999,40.008821,0 -83.31276699999999,40.009218,0 -83.312538,40.009421,0 -83.312454,40.009486,0 -83.31113499999999,40.010634,0 -83.31104999999999,40.010698,0 -83.31097699999999,40.0107621,0 -83.310829,40.010892,0 -83.310737,40.010961,0 -83.31047100000001,40.011201,0 -83.310425,40.0112329999999,0 -83.309021,40.012441,0 -83.308937,40.0125060000001,0 -83.308708,40.012709,0 -83.308548,40.012838,0 -83.306915,40.014253,0 -83.3067617,40.0144111,0 -83.306496,40.014685,0 -83.30630499999999,40.014914,0 -83.306129,40.015147,0 -83.305916,40.015467,0 -83.30580550000001,40.0156567000001,0 -83.305725,40.015795,0 -83.3057033,40.0158375,0 -83.3056492,40.0159437,0 -83.305595,40.0160500000001,0 -83.305558,40.016134,0 -83.305466,40.016341,0 -83.30543830000001,40.0164207,0 -83.305359,40.016649,0 -83.30526,40.017002,0 -83.305008,40.018156,0 -83.304962,40.018333,0 -83.304931,40.018513,0 -83.304779,40.019224,0 -83.304733,40.019396,0 -83.304596,40.020056,0 -83.304436,40.02082,0 -83.30435199999999,40.021173,0 -83.304344,40.021241,0 -83.304253,40.021617,0 -83.304253,40.021648,0 -83.304191,40.021884,0 -83.304177,40.021974,0 -83.30399300000001,40.022681,0 -83.303845,40.023198,0 -83.30369899999999,40.0236640000001,0 -83.303691,40.023704,0 -83.303207,40.025219,0 -83.30295599999999,40.026034,0 -83.302857,40.026361,0 -83.302795,40.026533,0 -83.30246699999999,40.027584,0 -83.30229199999999,40.028106,0 -83.302269,40.028196,0 -83.301979,40.029067,0 -83.301956,40.029158,0 -83.301895,40.029325,0 -83.30178100000001,40.029693,0 -83.30175,40.029765,0 -83.301728,40.029856,0 -83.301643,40.0300959999999,0 -83.301632,40.030148,0 -83.30117799999999,40.031511,0 -83.301124,40.031696,0 -83.30098700000001,40.032091,0 -83.30046900000001,40.033691,0 -83.300346,40.034041,0 -83.300324,40.034131,0 -83.300262,40.034304,0 -83.300239,40.034394,0 -83.30014799999999,40.034653,0 -83.3000692,40.0348977,0 -83.299942,40.035301,0 -83.299919,40.035351,0 -83.2998833,40.0354656,0 -83.29983199999999,40.03563,0 -83.29978199999999,40.03579,0 -83.29975349999999,40.0358704,0 -83.29969,40.036049,0 -83.299553,40.036489,0 -83.299316,40.037187,0 -83.299294,40.037273,0 -83.299278,40.0373,0 -83.299179,40.037622,0 -83.298973,40.03823,0 -83.29889059999999,40.0384883,0 -83.298759,40.038901,0 -83.298722,40.039019,0 -83.298599,40.039368,0 -83.298233,40.04051,0 -83.29801999999999,40.041204,0 -83.29795799999999,40.041376,0 -83.2979504,40.0414029,0 -83.297882,40.041643,0 -83.29785099999999,40.041716,0 -83.29774500000001,40.042078,0 -83.297684,40.042251,0 -83.2976767,40.0422747,0 -83.297386,40.043216,0 -83.297325,40.043388,0 -83.2973042,40.0434584,0 -83.297195,40.0438280000001,0 -83.297085,40.0441568,0 -83.297072,40.04421,0 -83.29676689999999,40.0451677,0 -83.2966237,40.0457295,0 -83.296618,40.0457518,0 -83.2959599,40.0478239,0 -83.29591979999999,40.0479518,0 -83.2957387,40.0485289,0 -83.2954328,40.0495036,0 -83.29503939999999,40.0507551,0 -83.2945555,40.0522383,0 -83.2941661,40.0534653,0 -83.2937847,40.054652,0 -83.29352040000001,40.0554495,0 -83.2934705,40.0556145,0 -83.29334009999999,40.0560174,0 -83.293147,40.0566036,0 -83.29302389999999,40.0570053,0 -83.2930085,40.0570554,0 -83.2929347,40.0572963,0 -83.2929341,40.0572982,0 -83.2924854,40.0587471000001,0 -83.2922272,40.0595915,0 -83.2919294,40.060538,0 -83.29175650000001,40.0610734,0 -83.2911886,40.0629198,0 -83.2905682,40.0649137,0 -83.28991790000001,40.0670475,0 -83.289705,40.0675719,0 -83.28952,40.06815,0 -83.28937620000001,40.0686142,0 -83.2892671,40.0689664,0 -83.289145,40.0693608,0 -83.289064,40.069653,0 -83.28900899999999,40.069835,0 -83.288788,40.070515,0 -83.288712,40.070778,0 -83.28865,40.0709550000001,0 -83.288574,40.071218,0 -83.28847469999999,40.0715215,0 -83.28836800000001,40.071848,0 -83.288353,40.071916,0 -83.288292,40.0720879999999,0 -83.2882426,40.0722614,0 -83.28821600000001,40.072355,0 -83.287727,40.073865,0 -83.287643,40.074101,0 -83.287621,40.074187,0 -83.28752900000001,40.07445,0 -83.28750599999999,40.07454,0 -83.28746,40.074663,0 -83.28742200000001,40.074799,0 -83.287216,40.075411,0 -83.286952,40.076231,0 -83.2867026,40.077019,0 -83.286553,40.077478,0 -83.286537,40.077505,0 -83.286514,40.077596,0 -83.28607390000001,40.078858,0 -83.2853504,40.080924,0 -83.2850512,40.0817947,0 -83.2850322,40.08185,0 -83.2845183,40.0832815,0 -83.2844442,40.0835005,0 -83.28404999999999,40.084635,0 -83.284037,40.084694,0 -83.283874,40.085161,0 -83.283852,40.085247,0 -83.2837961,40.0854069,0 -83.28366800000001,40.085773,0 -83.283646,40.085859,0 -83.283631,40.085901,0 -83.283432,40.086467,0 -83.283379,40.086644,0 -83.2832196,40.0872006,0 -83.2832038,40.087256,0 -83.2831309,40.0875155,0 -83.28304900000001,40.0877561,0 -83.282708,40.088625,0 -83.2825382,40.0891266000001,0 -83.2824083,40.0895103,0 -83.282341,40.089709,0 -83.28222700000001,40.0900400000001,0 -83.28220399999999,40.09013,0 -83.2815535,40.0920868999999,0 -83.281479,40.092311,0 -83.281296,40.092833,0 -83.281273,40.092923,0 -83.280998,40.093717,0 -83.280922,40.093966,0 -83.2809099,40.094002,0 -83.28054,40.095099,0 -83.28051000000001,40.095186,0 -83.28048699999999,40.095277,0 -83.280365,40.095621,0 -83.280342,40.095712,0 -83.28025,40.095975,0 -83.27995799999999,40.096925,0 -83.279602,40.098078,0 -83.27954099999999,40.09825,0 -83.2795043,40.0983798,0 -83.2794038,40.0987356,0 -83.279391,40.098781,0 -83.279342,40.098952,0 -83.27926600000001,40.099309,0 -83.279205,40.099666,0 -83.27917789999999,40.0999051999999,0 -83.279144,40.100204,0 -83.279111,40.100581,0 -83.27910300000001,40.100672,0 -83.27909200000001,40.100733,0 -83.279038,40.101372,0 -83.279022,40.101458,0 -83.27902,40.101482,0 -83.27896800000001,40.1021,0 -83.27891219999999,40.1027678,0 -83.2789014,40.1028595,0 -83.27889999999999,40.102897,0 -83.278885,40.102988,0 -83.2788798,40.1030438,0 -83.2788403,40.1034705,0 -83.27875539999999,40.1043883,0 -83.278716,40.1048339,0 -83.2787075,40.1049366,0 -83.2786646,40.1054283,0 -83.2786236,40.105898,0 -83.2785689,40.1064114,0 -83.2785406,40.1066885,0 -83.278503,40.1070576,0 -83.2784832,40.1072512,0 -83.2784635,40.1074443,0 -83.2784111,40.1079574,0 -83.2784072,40.1079959,0 -83.27838800000001,40.1081840000001,0 -83.2783635,40.1083985,0 -83.27831310000001,40.1088388,0 -83.278271,40.109207,0 -83.2782531,40.1093608,0 -83.2781992,40.1098256,0 -83.2781525,40.1103371,0 -83.2781196,40.1106983,0 -83.2780561,40.1114529,0 -83.2779599,40.1118935,0 -83.27783580000001,40.1122512,0 -83.2776788,40.1125877,0 -83.2774849,40.1129154,0 -83.2772769,40.1132037,0 -83.2770671,40.113451,0 -83.27676200000001,40.1137557,0 -83.276437,40.1140491,0 -83.2761259,40.1142983,0 -83.2755358,40.1147711000001,0 -83.2748921,40.1153783,0 -83.2743557,40.1159854,0 -83.2738621,40.1166746,0 -83.27345440000001,40.117331,0 -83.2730024,40.1181473,0 -83.27274629999999,40.1187258,0 -83.27253829999999,40.1193484,0 -83.27238149999999,40.1201041,0 -83.2723252,40.1205287,0 -83.272156,40.121804,0 -83.2719688,40.1236917,0 -83.2719123,40.1242574000001,0 -83.271902,40.124362,0 -83.271832,40.125064,0 -83.2717794,40.1255857,0 -83.271693,40.126452,0 -83.271658,40.126691,0 -83.27158559999999,40.1269927,0 -83.27157,40.127058,0 -83.271449,40.127394,0 -83.271345,40.127612,0 -83.27120600000001,40.127853,0 -83.271067,40.128059,0 -83.270984,40.128177,0 -83.270736,40.128471,0 -83.270432,40.128791,0 -83.27038899999999,40.1288360000001,0 -83.270217,40.129017,0 -83.2697708,40.1294857,0 -83.26956370000001,40.1297032,0 -83.269243,40.13004,0 -83.2690197,40.1302706,0 -83.268629,40.130674,0 -83.264714,40.134665,0 -83.264197,40.13522,0 -83.263868,40.135519,0 -83.263718,40.13563,0 -83.26344899999999,40.135811,0 -83.262677,40.136295,0 -83.26216719999999,40.1366101,0 -83.262114,40.136643,0 -83.261836,40.136797,0 -83.261618,40.136901,0 -83.261318,40.137015,0 -83.26108499999999,40.137082,0 -83.26084299999999,40.1371290000001,0 -83.260778,40.137142,0 -83.260496,40.137197,0 -83.25881699999999,40.1374446,0 -83.25871720000001,40.1374593,0 -83.257186,40.137685,0 -83.256968,40.137726,0 -83.25673399999999,40.137784,0 -83.256348,40.137918,0 -83.256052,40.138045,0 -83.254019,40.139031,0 -83.25292159999999,40.1395569,0 -83.252872,40.139588,0 -83.2510312,40.1404875,0 -83.2501474,40.1409222,0 -83.24985359999999,40.1410649,0 -83.2488231,40.1415658,0 -83.248621,40.1416714,0 -83.2484764,40.1417534,0 -83.2483404,40.1418382,0 -83.24800949999999,40.1420663,0 -83.247784,40.142233,0 -83.247502,40.1425,0 -83.247236,40.142789,0 -83.24722680000001,40.1428011,0 -83.24705,40.143035,0 -83.24693809999999,40.1432122,0 -83.246877,40.143309,0 -83.246741,40.143573,0 -83.246591,40.143927,0 -83.2458527,40.1457908,0 -83.245439,40.146828,0 -83.245419,40.146869,0 -83.245305,40.147105,0 -83.24518500000001,40.147315,0 -83.244972,40.147649,0 -83.24486,40.147803,0 -83.24465499999999,40.148059,0 -83.24456000000001,40.148164,0 -83.244271,40.148454,0 -83.2433472,40.1493794,0 -83.243143,40.149584,0 -83.2426291,40.1500963,0 -83.2425633,40.150162,0 -83.24249380000001,40.1502313,0 -83.24144889999999,40.1512731,0 -83.2412782,40.1514433,0 -83.239425,40.153291,0 -83.239136,40.15358,0 -83.2388409,40.153875,0 -83.2383212,40.1543943,0 -83.23778710000001,40.1549281,0 -83.23750800000001,40.1552069999999,0 -83.237469,40.155245,0 -83.236463,40.1562489999999,0 -83.2347279,40.1579598,0 -83.23437680000001,40.158306,0 -83.2342156,40.1584754,0 -83.234129,40.1585627,0 -83.2338592,40.1588374,0 -83.23327519999999,40.1594593000001,0 -83.2330496,40.1597795,0 -83.2327083,40.1601425,0 -83.2323394,40.1604993,0 -83.2319392,40.1608864,0 -83.2314295,40.1613825,0 -83.23107589999999,40.1617316000001,0 -83.2306809,40.1621215,0 -83.2304908,40.1623131,0 -83.230244,40.1625468,0 -83.2299331,40.1627801,0 -83.2296807,40.1629445000001,0 -83.22914400000001,40.163439,0 -83.22866500000001,40.163903,0 -83.22781500000001,40.164726,0 -83.2277168,40.1648315,0 -83.22609199999999,40.166416,0 -83.2255268,40.1669837,0 -83.22305679999999,40.1694694,0 -83.2226599,40.1698675,0 -83.2210955,40.1714351,0 -83.220327,40.172207,0 -83.2193316,40.1732155,0 -83.21880899999999,40.173745,0 -83.21845,40.174108,0 -83.2179048,40.1746579,0 -83.217333,40.175246,0 -83.216722,40.175848,0 -83.2150199,40.1775799000001,0 -83.21489080000001,40.1777111,0 -83.214414,40.1781963,0 -83.21377219999999,40.1788493,0 -83.213167,40.179465,0 -83.2128604,40.179816,0 -83.211753,40.180931,0 -83.211713,40.180973,0 -83.21084209999999,40.1818759,0 -83.2105634,40.1821648,0 -83.20893599999999,40.183852,0 -83.2072975,40.1855592,0 -83.20569829999999,40.1872411,0 -83.20303010000001,40.1900199,0 -83.200182,40.192955,0 -83.197365,40.195891,0 -83.19294859999999,40.200489,0 -83.1928525,40.2005891,0 -83.1922637,40.2012021,0 -83.1918896,40.2015916,0 -83.19168639999999,40.2018031,0 -83.18906699999999,40.20453,0 -83.1871948,40.206466,0 -83.18373630000001,40.2100424,0 -83.1821099,40.2117241,0 -83.1803699,40.2135233,0 -83.17990500000001,40.214004,0 -83.177989,40.2159679999999,0 -83.17757039999999,40.2163994,0 -83.1761891,40.2178226,0 -83.175157,40.218886,0 -83.1732588,40.220855,0 -83.17186100000001,40.222306,0 -83.171414,40.222781,0 -83.1713764,40.2228196,0 -83.17125830000001,40.2229409,0 -83.17083220000001,40.2233784,0 -83.1707291,40.2234844,0 -83.1697071,40.2245339,0 -83.169151,40.225105,0 -83.16908650000001,40.2251709,0 -83.1686134,40.2256544,0 -83.1676447,40.2266443,0 -83.16722679999999,40.2270715,0 -83.166783,40.227525,0 -83.1666997,40.2276109,0 -83.16638450000001,40.2279358,0 -83.1662772,40.2280464,0 -83.1661213,40.2282071,0 -83.1658403,40.2284967,0 -83.1657088,40.2286323,0 -83.165646,40.2286969999999,0 -83.1656356,40.2287079,0 -83.165085,40.229287,0 -83.1649307,40.229446,0 -83.16403029999999,40.2303743,0 -83.1635634,40.2308557,0 -83.15991,40.234622,0 -83.15969200000001,40.23484,0 -83.159184,40.235326,0 -83.158924,40.235564,0 -83.1587998,40.2356733,0 -83.15842600000001,40.2360023,0 -83.15839,40.2360339999999,0 -83.158117,40.236264,0 -83.15761790000001,40.2366658,0 -83.157517,40.236747,0 -83.15724400000001,40.236956,0 -83.15668700000001,40.237366,0 -83.1561634,40.2377279,0 -83.156114,40.237762,0 -83.1552619,40.2383169,0 -83.154706,40.238679,0 -83.15393419999999,40.2391932,0 -83.1532483,40.2396368,0 -83.15190800000001,40.2404950000001,0 -83.15161019999999,40.2406957,0 -83.15154,40.240743,0 -83.15117499999999,40.240995,0 -83.150457,40.2415080000001,0 -83.149756,40.242032,0 -83.149085,40.242564,0 -83.148313,40.243203,0 -83.1477024,40.243723,0 -83.14755100000001,40.243852,0 -83.147103,40.244234,0 -83.14650399999999,40.244744,0 -83.14635819999999,40.2448718,0 -83.145955,40.245225,0 -83.145669,40.245476,0 -83.14540599999999,40.245697,0 -83.1446541,40.2463403,0 -83.143412,40.247403,0 -83.14246,40.248216,0 -83.14152199999999,40.249016,0 -83.141023,40.24942,0 -83.1401695,40.2500689,0 -83.140101,40.250121,0 -83.13963800000001,40.250446,0 -83.138576,40.2511489999999,0 -83.1382109,40.2513841,0 -83.136409,40.252544,0 -83.13625500000001,40.2526439999999,0 -83.1357545,40.2529688,0 -83.1356646,40.2530271,0 -83.13484579999999,40.2535587,0 -83.13467439999999,40.2536699,0 -83.1342064,40.2539737,0 -83.13416909999999,40.2539979,0 -83.13318599999999,40.254636,0 -83.13272499999999,40.254936,0 -83.13266230000001,40.254976,0 -83.13243799999999,40.255119,0 -83.1322641,40.2552334,0 -83.13173999999999,40.2555780000001,0 -83.13109230000001,40.2559912,0 -83.13098599999999,40.256059,0 -83.1307347,40.2562245,0 -83.130696,40.25625,0 -83.13050560000001,40.2563708,0 -83.13041699999999,40.256427,0 -83.130208,40.256567,0 -83.129935,40.25675,0 -83.129586,40.256974,0 -83.1293964,40.2570989999999,0 -83.12905499999999,40.257324,0 -83.12817099999999,40.257895,0 -83.12793600000001,40.258054,0 -83.12763200000001,40.258246,0 -83.1259778,40.2593151,0 -83.125882,40.259377,0 -83.125242,40.259799,0 -83.12415900000001,40.260501,0 -83.1225579,40.2615448,0 -83.122283,40.261724,0 -83.1220855,40.2618539,0 -83.121465,40.262262,0 -83.121154,40.262462,0 -83.1209336,40.2626082,0 -83.1187156,40.2640813,0 -83.118352,40.2643199999999,0 -83.118087,40.264489,0 -83.1173802,40.2649492,0 -83.116221,40.265704,0 -83.115207,40.266364,0 -83.114721,40.266686,0 -83.11410600000001,40.267083,0 -83.11309300000001,40.267752,0 -83.11223200000001,40.2683170000001,0 -83.112127,40.268386,0 -83.110381,40.269533,0 -83.10913239999999,40.2703526,0 -83.10908000000001,40.270387,0 -83.107945,40.271126,0 -83.107,40.2717474,0 -83.10695010000001,40.2717802,0 -83.106888,40.2718211,0 -83.1068346,40.2718562,0 -83.10675019999999,40.2719117,0 -83.10476800000001,40.273215,0 -83.10470840000001,40.2732541,0 -83.103627,40.273964,0 -83.102206,40.2749090000001,0 -83.10205089999999,40.2750123,0 -83.1007699,40.2758657,0 -83.1006531,40.2759435,0 -83.1001905,40.2762517,0 -83.100082,40.276324,0 -83.098321,40.277504,0 -83.098063,40.277677,0 -83.09777,40.27786,0 -83.09752,40.278008,0 -83.09696599999999,40.27825,0 -83.096833,40.278301,0 -83.09659000000001,40.278387,0 -83.09638699999999,40.278451,0 -83.096108,40.278513,0 -83.095839,40.278557,0 -83.095598,40.278585,0 -83.095302,40.278606,0 -83.0949691,40.2786173,0 -83.0945572,40.2785976,0 -83.09417000000001,40.278533,0 -83.093993,40.278498,0 -83.093692,40.278429,0 -83.093023,40.278248,0 -83.09083699999999,40.27766,0 -83.090498,40.277559,0 -83.090144,40.277466,0 -83.089771,40.277396,0 -83.089426,40.277336,0 -83.089082,40.277293,0 -83.08873,40.277263,0 -83.088309,40.277238,0 -83.087603,40.277206,0 -83.086833,40.277165,0 -83.085416,40.277096,0 -83.0842037,40.2770403999999,0 -83.0834527,40.2770097,0 -83.08080889999999,40.2768745,0 -83.0803712,40.2768549,0 -83.079818,40.276828,0 -83.07709800000001,40.276701,0 -83.076712,40.276676,0 -83.075892,40.27663,0 -83.07539199999999,40.276603,0 -83.07494,40.27659,0 -83.07450799999999,40.2765909999999,0 -83.07426700000001,40.276601,0 -83.07403100000001,40.276616,0 -83.073785,40.276638,0 -83.07345100000001,40.276678,0 -83.073297,40.276709,0 -83.073001,40.27676,0 -83.072591,40.276847,0 -83.072165,40.276957,0 -83.07181,40.277065,0 -83.071552,40.2771540000001,0 -83.071327,40.277237,0 -83.07096300000001,40.27739,0 -83.070643,40.277551,0 -83.070352,40.277734,0 -83.070211,40.277828,0 -83.069918,40.278075,0 -83.069766,40.278224,0 -83.069383,40.278603,0 -83.06929,40.278691,0 -83.069149,40.278873,0 -83.069019,40.279069,0 -83.068759,40.27948,0 -83.06859900000001,40.279798,0 -83.068476,40.280064,0 -83.068449,40.280138,0 -83.068426,40.2802000000001,0 -83.06828899999999,40.280449,0 -83.068251,40.280512,0 -83.068112,40.280693,0 -83.06802500000001,40.280779,0 -83.06792900000001,40.280847,0 -83.067812,40.28091,0 -83.067679,40.280973,0 -83.06757399999999,40.281005,0 -83.067143,40.282663,0 -83.066849,40.283694,0 -83.066664,40.2843915,0 -83.0665353,40.284804,0 -83.06642600000001,40.285106,0 -83.066321,40.28535,0 -83.06619000000001,40.285624,0 -83.066081,40.285823,0 -83.065972,40.28601,0 -83.065731,40.286405,0 -83.065482,40.2868,0 -83.06486750000001,40.2877878,0 -83.06408500000001,40.289019,0 -83.063711,40.289622,0 -83.062406,40.2916869999999,0 -83.062146,40.292109,0 -83.061924,40.292481,0 -83.06179899999999,40.292713,0 -83.061705,40.292906,0 -83.06164699999999,40.293044,0 -83.06161,40.293147,0 -83.06155800000001,40.293289,0 -83.06149600000001,40.293486,0 -83.06144999999999,40.293675,0 -83.06139400000001,40.293993,0 -83.06137200000001,40.294186,0 -83.061359,40.294394,0 -83.061356,40.29452,0 -83.061364,40.2947669999999,0 -83.061386,40.295063,0 -83.061421,40.295293,0 -83.06155800000001,40.295611,0 -83.06164099999999,40.295841,0 -83.061699,40.2959750000001,0 -83.06172599999999,40.296023,0 -83.061797,40.296149,0 -83.061885,40.296288,0 -83.062056,40.296537,0 -83.06210299999999,40.296605,0 -83.062269,40.2968350000001,0 -83.06234600000001,40.296943,0 -83.062395,40.29701,0 -83.062623,40.297334,0 -83.062847,40.2976529999999,0 -83.0631298,40.2980562,0 -83.0631803,40.2981282,0 -83.063204,40.298162,0 -83.063356,40.298378,0 -83.06338599999999,40.298434,0 -83.063452,40.298586,0 -83.062578,40.298552,0 -83.06140689999999,40.2985067,0 -83.0612043,40.2984989,0 -83.061077,40.298494,0 -83.06101459999999,40.2984914,0 -83.06069189999999,40.2984782,0 -83.0606599,40.2984769,0 -83.06049299999999,40.29847,0 -83.059471,40.298418,0 -83.05917599999999,40.298403,0 -83.0590392,40.2983914,0 -83.05887,40.298377,0 -83.058815,40.299065,0 -83.0588027,40.2992314,0 -83.058787,40.299443,0 -83.058779,40.29971,0 -83.05877099999999,40.3002281,0 -83.0587689,40.3003618,0 -83.0587641,40.3008019,0 -83.0587646,40.3009134,0 -83.058815,40.3010236,0 -83.058808,40.3011528,0 -83.05867859999999,40.3015052,0 -83.058513,40.301954,0 -83.0584061,40.3022496000001,0 -83.0580951,40.3031093,0 -83.057948,40.303516,0 -83.057766,40.304009,0 -83.05757699999999,40.304535,0 -83.057007,40.306147,0 -83.056573,40.307364,0 -83.056192,40.30845,0 -83.056158,40.308549,0 -83.05608530000001,40.308757,0 -83.0560706,40.3087992,0 -83.0560548,40.3088446,0 -83.0560083,40.3089966,0 -83.05587,40.309431,0 -83.055808,40.309598,0 -83.055755,40.309682,0 -83.055691,40.309759,0 -83.05559100000001,40.309846,0 -83.055545,40.309878,0 -83.055425,40.309943,0 -83.0544546,40.3104041,0 -83.05373299999999,40.3107469999999,0 -83.053577,40.310832,0 -83.053307,40.310956,0 -83.0531727,40.3110199,0 -83.05097600000001,40.312065,0 -83.05057100000001,40.312235,0 -83.05037900000001,40.3123,0 -83.05023,40.312347,0 -83.049989,40.3124109999999,0 -83.0490554,40.3126345,0 -83.04883,40.3126850000001,0 -83.04795799999999,40.312897,0 -83.0478742,40.3129165,0 -83.04742640000001,40.3130206,0 -83.04718800000001,40.313076,0 -83.04610169999999,40.3133301,0 -83.0460478,40.3133427,0 -83.0449326,40.3136036,0 -83.043931,40.313838,0 -83.0410768,40.3145069,0 -83.040036,40.3147509,0 -83.039613,40.31485,0 -83.0394015,40.3148989,0 -83.0389024,40.3150144,0 -83.0366389,40.3155379,0 -83.0347921,40.3159651,0 -83.03330099999999,40.31631,0 -83.032605,40.316476,0 -83.032419,40.316527,0 -83.0322559,40.3165807,0 -83.032009,40.3166620000001,0 -83.03190650000001,40.3167028,0 -83.031763,40.31676,0 -83.031498,40.31688,0 -83.030861,40.317189,0 -83.03077930000001,40.3172293,0 -83.0300273,40.3175999,0 -83.029611,40.317805,0 -83.02442499999999,40.320377,0 -83.0237175,40.3207352,0 -83.019924,40.3226559999999,0 -83.01866800000001,40.323292,0 -83.01828980000001,40.3234835,0 -83.01769299999999,40.323774,0 -83.016909,40.32415,0 -83.013296,40.3258497,0 -83.0124357,40.3262544,0 -83.011786,40.32656,0 -83.00993800000001,40.327424,0 -83.00942999999999,40.327665,0 -83.0092435,40.3277475,0 -83.00916100000001,40.327784,0 -83.00870399999999,40.328033,0 -83.00854200000001,40.328127,0 -83.008398,40.32822,0 -83.008199,40.328367,0 -83.008017,40.328519,0 -83.00784899999999,40.328673,0 -83.007729,40.328769,0 -83.0076471,40.3288661,0 -83.007564,40.328984,0 -83.007502,40.32909,0 -83.00712900000001,40.329639,0 -83.006263,40.330972,0 -83.005785,40.331707,0 -83.00346469999999,40.3352915,0 -83.002448,40.336862,0 -83.0023564,40.3370036,0 -83.002259,40.337154,0 -83.00101600000001,40.339082,0 -83.0001551,40.3404081999999,0 -82.999743,40.3410431,0 -82.998931,40.342294,0 -82.9987962,40.3425025,0 -82.9974747,40.3445465,0 -82.99735800000001,40.344727,0 -82.99729600000001,40.3448757,0 -82.99727300000001,40.344931,0 -82.997174,40.345033,0 -82.997077,40.345158,0 -82.99531039999999,40.3478894,0 -82.9948033,40.3486733,0 -82.99432830000001,40.3494077,0 -82.99431,40.349436,0 -82.9934976,40.3506873,0 -82.9933218,40.3509581,0 -82.9927988,40.3517636,0 -82.992496,40.35223,0 -82.99244210000001,40.3523138,0 -82.99193030000001,40.3531091,0 -82.991624,40.353585,0 -82.990948,40.354626,0 -82.989994,40.356074,0 -82.9892237,40.3571975999999,0 -82.989091,40.357394,0 -82.988795,40.357843,0 -82.988783,40.357862,0 -82.988269,40.35867,0 -82.987397,40.3600120000001,0 -82.987194,40.360318,0 -82.986926,40.360721,0 -82.98624599999999,40.361761,0 -82.9861011,40.3619761,0 -82.985955,40.362193,0 -82.985359,40.363123,0 -82.9848796,40.3638587,0 -82.984779,40.364013,0 -82.984154,40.364988,0 -82.9827841,40.3670836,0 -82.982642,40.367301,0 -82.98249060000001,40.3675378,0 -82.9822099,40.3679768,0 -82.98173850000001,40.368714,0 -82.9816984,40.3687767,0 -82.98166500000001,40.368829,0 -82.981117,40.3696660000001,0 -82.97905900000001,40.372856,0 -82.977906,40.374622,0 -82.976985,40.376053,0 -82.97686,40.376272,0 -82.9767512,40.3764352,0 -82.976654,40.376581,0 -82.97639700000001,40.37697,0 -82.973426,40.38157,0 -82.970795,40.385615,0 -82.969604,40.38747,0 -82.967319,40.391005,0 -82.966528,40.392218,0 -82.9654354,40.3939188000001,0 -82.964414,40.395493,0 -82.96363239999999,40.396696,0 -82.9624233,40.398557,0 -82.9620537,40.3991259,0 -82.961888,40.399381,0 -82.95986670000001,40.4025081,0 -82.9589081,40.403991,0 -82.958568,40.404517,0 -82.958088,40.405255,0 -82.95762000000001,40.405975,0 -82.9576039,40.4060008,0 -82.95749600000001,40.406174,0 -82.9573572,40.4063865,0 -82.9572752,40.4065122,0 -82.956954,40.4070042,0 -82.956943,40.407021,0 -82.956805,40.407242,0 -82.9567828,40.4072754,0 -82.956622,40.407517,0 -82.95637499999999,40.407901,0 -82.9561317,40.4082713,0 -82.9559799,40.4085023000001,0 -82.9558073,40.4087651,0 -82.955766,40.408828,0 -82.95564299999999,40.409037,0 -82.95559799999999,40.409103,0 -82.955496,40.409249,0 -82.955252,40.40963,0 -82.955232,40.409659,0 -82.954859,40.410241,0 -82.95452299999999,40.410763,0 -82.95437800000001,40.410992,0 -82.95428,40.411166,0 -82.954187,40.411361,0 -82.95415800000001,40.411428,0 -82.95411900000001,40.41156,0 -82.954082,40.4117159999999,0 -82.954058,40.411858,0 -82.954055,40.411909,0 -82.9539906,40.4127293,0 -82.95369700000001,40.4162500000001,0 -82.953485,40.418566,0 -82.95338099999999,40.419784,0 -82.95324960000001,40.4213462,0 -82.953075,40.423421,0 -82.95303199999999,40.423989,0 -82.952938,40.425032,0 -82.95266100000001,40.428283,0 -82.95253700000001,40.4297040000001,0 -82.95243499999999,40.431024,0 -82.952414,40.431534,0 -82.95241300000001,40.432043,0 -82.952479,40.434173,0 -82.952482,40.434885,0 -82.95245799999999,40.435394,0 -82.952389,40.436204,0 -82.952173,40.438671,0 -82.95188899999999,40.441995,0 -82.951791,40.443202,0 -82.95159099999999,40.445541,0 -82.951329,40.448675,0 -82.9511864,40.4505929,0 -82.95111300000001,40.451581,0 -82.950962,40.453597,0 -82.950874,40.454744,0 -82.950857,40.4550430000001,0 -82.950875,40.455142,0 -82.950853,40.455341,0 -82.95080400000001,40.455743,0 -82.9507318,40.456725,0 -82.95070680000001,40.4570640999999,0 -82.9506512,40.4578207,0 -82.95064000000001,40.457973,0 -82.950513,40.459477,0 -82.950461,40.4601,0 -82.950395,40.460807,0 -82.95034800000001,40.46112,0 -82.95032,40.461243,0 -82.950249,40.461508,0 -82.95018399999999,40.461701,0 -82.950108,40.461895,0 -82.95000899999999,40.462118,0 -82.949862,40.462363,0 -82.949682,40.462633,0 -82.9496631,40.4626592,0 -82.949427,40.462987,0 -82.9492302,40.4632529,0 -82.94842800000001,40.4643371,0 -82.94832580000001,40.4644752,0 -82.948249,40.464579,0 -82.94791600000001,40.465011,0 -82.947772,40.465178,0 -82.94754,40.465423,0 -82.946898,40.466059,0 -82.946834,40.466145,0 -82.946748,40.466218,0 -82.94649,40.466447,0 -82.945584,40.467321,0 -82.943568,40.469277,0 -82.939722,40.472945,0 -82.938726,40.473894,0 -82.93677099999999,40.475759,0 -82.935828,40.476659,0 -82.935169,40.477295,0 -82.934934,40.477539,0 -82.934787,40.477709,0 -82.934652,40.477882,0 -82.9345849,40.4779781,0 -82.934527,40.478061,0 -82.934354,40.478331,0 -82.93343849999999,40.4799047,0 -82.932952,40.480741,0 -82.9328933,40.4808422,0 -82.932044,40.4823070000001,0 -82.93201670000001,40.4823553,0 -82.9317231,40.4828746,0 -82.931681,40.482949,0 -82.931619,40.483036,0 -82.931507,40.483219,0 -82.93146,40.483275,0 -82.931399,40.483402,0 -82.93123,40.483678,0 -82.930947,40.484144,0 -82.93079299999999,40.484424,0 -82.93026399999999,40.48546,0 -82.9295675,40.4867163,0 -82.92954,40.486766,0 -82.9291644,40.4874399,0 -82.928967,40.487794,0 -82.92887,40.4879379999999,0 -82.92881,40.488073,0 -82.928596,40.488443,0 -82.9284897,40.4886238,0 -82.927677,40.490007,0 -82.9276637,40.4900258999999,0 -82.92755200000001,40.490185,0 -82.92747900000001,40.490268,0 -82.92740000000001,40.490344,0 -82.927313,40.490415,0 -82.927215,40.490485,0 -82.927114,40.490546,0 -82.92700600000001,40.490601,0 -82.926891,40.490652,0 -82.926772,40.490697,0 -82.926292,40.490862,0 -82.92249200000001,40.492122,0 -82.92225999999999,40.492212,0 -82.922028,40.492316,0 -82.9217,40.492489,0 -82.919462,40.493774,0 -82.91770099999999,40.494782,0 -82.916808,40.495294,0 -82.9165577,40.4954319,0 -82.916374,40.495533,0 -82.91582200000001,40.495812,0 -82.913905,40.496716,0 -82.913268,40.497014,0 -82.912947,40.497164,0 -82.912475,40.497385,0 -82.911985,40.497614,0 -82.911531,40.497815,0 -82.91148099999999,40.497835,0 -82.91125340000001,40.4979262,0 -82.911179,40.497956,0 -82.910702,40.498128,0 -82.909507,40.498544,0 -82.90926380000001,40.4986271,0 -82.90892100000001,40.498754,0 -82.908278,40.498973,0 -82.90791179999999,40.4991009,0 -82.90644690000001,40.4996125,0 -82.905913,40.499799,0 -82.904938,40.50014,0 -82.904627,40.500235,0 -82.904488,40.500252,0 -82.90431100000001,40.500257,0 -82.90411,40.500261,0 -82.90325199999999,40.500279,0 -82.9017193,40.5003145,0 -82.9016295,40.5003165,0 -82.9012601,40.5003232999999,0 -82.900071,40.500351,0 -82.899649,40.500357,0 -82.899539,40.500362,0 -82.89922350000001,40.5003687,0 -82.8991674,40.5003699,0 -82.89876719999999,40.5003783,0 -82.8982805,40.500389,0 -82.8971002,40.5004138,0 -82.89705600000001,40.5004148,0 -82.89697719999999,40.5004164,0 -82.896761,40.5004211,0 -82.8967212,40.5004201,0 -82.8964632,40.5004263,0 -82.89605109999999,40.5004269,0 -82.89531580000001,40.5004417,0 -82.8952273,40.500442,0 -82.8951831,40.5004421,0 -82.89479369999999,40.5004434,0 -82.8943704,40.5004498,0 -82.894276,40.5004552,0 -82.8941768,40.5004594,0 -82.8940486,40.5004598,0 -82.8935477,40.5004658,0 -82.8934252,40.5004673,0 -82.89317819999999,40.5004675,0 -82.89273660000001,40.5004678,0 -82.8923296,40.500473,0 -82.8919255,40.5004761,0 -82.891516,40.5004821,0 -82.89111250000001,40.5004881,0 -82.89102800000001,40.5004878,0 -82.8905357,40.500498,0 -82.89015000000001,40.500506,0 -82.8897388,40.5005127,0 -82.88966000000001,40.500514,0 -82.8893333,40.5005217,0 -82.8889987,40.500529,0 -82.888865,40.500532,0 -82.8887679,40.5005316,0 -82.88824940000001,40.5005463,0 -82.8882208,40.5005578,0 -82.88816660000001,40.5005731,0 -82.88791260000001,40.5007757,0 -82.887618,40.500991,0 -82.886737,40.501616,0 -82.8861301,40.5020253,0 -82.8860263,40.5020956,0 -82.88549209999999,40.5024557,0 -82.8851988,40.5026535000001,0 -82.8849853,40.5028052,0 -82.884653,40.503036,0 -82.88446500000001,40.503181,0 -82.884376,40.503255,0 -82.884084,40.503517,0 -82.883124,40.504437,0 -82.882801,40.504756,0 -82.88266950000001,40.5049025,0 -82.8824693,40.5051704,0 -82.882336,40.50537,0 -82.8820358,40.5058745,0 -82.88192600000001,40.506051,0 -82.8815104,40.5067175,0 -82.880888,40.507752,0 -82.879891,40.509379,0 -82.8797813,40.5095598,0 -82.879627,40.509814,0 -82.8795549,40.509935,0 -82.8795209,40.5099921,0 -82.8792785,40.5103989000001,0 -82.8791499,40.5106183,0 -82.8789568,40.5109475,0 -82.878291,40.512083,0 -82.877876,40.51283,0 -82.87768199999999,40.513205,0 -82.87673100000001,40.515199,0 -82.876451,40.515765,0 -82.87624700000001,40.516117,0 -82.876012,40.51638,0 -82.87585199999999,40.516541,0 -82.87567799999999,40.516692,0 -82.87549,40.516835,0 -82.87539200000001,40.516902,0 -82.875193,40.517028,0 -82.875085,40.5170880000001,0 -82.874866,40.517198,0 -82.8747465,40.5172477,0 -82.874635,40.517294,0 -82.87449359999999,40.5173438000001,0 -82.874272,40.517414,0 -82.87402400000001,40.517479,0 -82.873769,40.517532,0 -82.873507,40.517572,0 -82.873248,40.517598,0 -82.872983,40.517612,0 -82.87271699999999,40.517613,0 -82.872452,40.517604,0 -82.87192690000001,40.5175738,0 -82.8714274,40.5175494,0 -82.86861,40.517424,0 -82.867946,40.517387,0 -82.867689,40.517359,0 -82.86755599999999,40.517338,0 -82.867428,40.517313,0 -82.8666513,40.517146,0 -82.8655186,40.5168661,0 -82.8653003,40.5168141,0 -82.8643826,40.5165952,0 -82.8641806,40.516547,0 -82.8639249,40.5164926,0 -82.8636944,40.5164436,0 -82.86345350000001,40.5164077,0 -82.86318249999999,40.5163828,0 -82.8629189,40.5163697999999,0 -82.86212399999999,40.5163668,0 -82.8614662,40.5163609,0 -82.85988159999999,40.5163418,0 -82.8594172,40.5163338,0 -82.8571171,40.5163117,0 -82.8551339,40.5162927,0 -82.85238870000001,40.5162663,0 -82.8520911,40.5162611,0 -82.8488653,40.5162136,0 -82.8486091,40.5162069,0 -82.84568640000001,40.5161668,0 -82.84535700000001,40.516172,0 -82.8431312,40.5161496,0 -82.84295760000001,40.516147,0 -82.84229879999999,40.5161369,0 -82.84176960000001,40.516132,0 -82.8416459,40.516131,0 -82.84017660000001,40.5161155,0 -82.8387711,40.5161082,0 -82.8386268,40.516107,0 -82.83831549999999,40.5161043,0 -82.837817,40.51612,0 -82.8374482,40.5161962,0 -82.8372918,40.5162493,0 -82.8371678,40.5162992999999,0 -82.837069,40.516346,0 -82.836956,40.516403,0 -82.83685,40.516463,0 -82.836742,40.516533,0 -82.836648,40.516603,0 -82.83655899999999,40.516678,0 -82.836478,40.516757,0 -82.836401,40.516842,0 -82.83633,40.516934,0 -82.836269,40.517023,0 -82.83621599999999,40.517114,0 -82.83617,40.517211,0 -82.836079,40.517447,0 -82.8360533,40.5178215,0 -82.83602999999999,40.5183209999999,0 -82.836009,40.518616,0 -82.835973,40.518922,0 -82.835911,40.519228,0 -82.8357931,40.5196898,0 -82.8355334,40.5206528,0 -82.835435,40.521017,0 -82.8350248,40.5225765,0 -82.83475369999999,40.5236070000001,0 -82.8345771,40.5242789,0 -82.8345613,40.5243407,0 -82.8343259,40.5252612,0 -82.83420049999999,40.5257516,0 -82.83414860000001,40.5259543,0 -82.83395659999999,40.5267051,0 -82.8338909,40.5269623,0 -82.8338317,40.5271937,0 -82.8338018,40.5273106,0 -82.833466,40.5286234,0 -82.83343309999999,40.5287521,0 -82.8332333,40.5295334,0 -82.83315349999999,40.529845,0 -82.833096,40.53007,0 -82.83305110000001,40.5302516,0 -82.8328114,40.5312216,0 -82.832626,40.531972,0 -82.8321953,40.5337532,0 -82.83216470000001,40.5338799,0 -82.8319223,40.5348823,0 -82.8318159,40.5353227,0 -82.8315396,40.5364653,0 -82.83136,40.537208,0 -82.8313088,40.5374477,0 -82.831085,40.5384459,0 -82.8310415,40.538619,0 -82.8309658,40.5389059,0 -82.83090249999999,40.5391751,0 -82.8306879,40.5400325,0 -82.8305768,40.5405046,0 -82.83031010000001,40.5415362,0 -82.8301858,40.5420559,0 -82.830113,40.5423605,0 -82.8299794,40.542919,0 -82.829888,40.543301,0 -82.82984690000001,40.5434796,0 -82.8298309,40.5435544,0 -82.829792,40.5437359999999,0 -82.829775,40.543797,0 -82.829729,40.54399,0 -82.82971499999999,40.5440483,0 -82.8296969,40.544124,0 -82.829666,40.544253,0 -82.8296481,40.5443413,0 -82.829537,40.5447732,0 -82.8294217,40.5452611,0 -82.829196,40.5462165,0 -82.8290119,40.5469947,0 -82.8289247,40.5473605,0 -82.8289035,40.5474492,0 -82.82888699999999,40.5475192000001,0 -82.8288584,40.5476289,0 -82.8287926,40.5478817,0 -82.82874769999999,40.5480542,0 -82.8286161,40.5486011,0 -82.8286009,40.5486641999999,0 -82.82858400000001,40.5487313,0 -82.8284998,40.5490669,0 -82.8284884,40.5491128,0 
				
					-82.8284505,40.5492554,0 -82.8284384,40.5493027,0 -82.8284108,40.549414,0 -82.828356,40.549635,0 -82.8283362,40.5497160000001,0 -82.82832089999999,40.5497784,0 -82.8282889,40.5499088,0 -82.82826609999999,40.549999,0 -82.82825029999999,40.5500695,0 -82.8282361,40.5501193,0 -82.828209,40.550229,0 -82.828047,40.550904,0 -82.82798769999999,40.5511255,0 -82.8279586,40.5512519,0 -82.827915,40.551441,0 -82.8278492,40.5517288,0 -82.82776490000001,40.5520972,0 -82.8276931,40.5524,0 -82.82767749999999,40.5524656,0 -82.8275599,40.5524635,0 -82.8270397,40.5524541,0 -82.8264503,40.5524433999999,0 -82.8259039,40.5524238,0 -82.8255904,40.5524153,0 -82.8253213,40.5524136,0 -82.8251781,40.5524314,0 -82.825002,40.5524789,0 -82.82453,40.5526147,0 -82.8241814,40.5527144,0 -82.823502,40.552922,0 -82.82301320000001,40.5530637,0 -82.822765,40.553147,0 -82.8226221,40.5531958,0 -82.822405,40.55327,0 -82.82214639999999,40.5533681,0 -82.821867,40.553474,0 -82.8218194,40.5534954,0 -82.821729,40.553536,0 -82.82147000000001,40.553653,0 -82.82091,40.553922,0 -82.820592,40.554077,0 -82.82044999999999,40.554147,0 -82.8199067,40.5544128,0 -82.8196791,40.5545241,0 -82.81952200000001,40.554601,0 -82.819326,40.554697,0 -82.81913900000001,40.554789,0 -82.8179679,40.5553621,0 -82.817547,40.555568,0 -82.8169511,40.5558588,0 -82.81628619999999,40.5561832,0 -82.816092,40.556278,0 -82.81567920000001,40.5564783,0 -82.814633,40.556986,0 -82.8145337,40.5570327,0 -82.81407,40.557251,0 -82.8138015,40.5573669,0 -82.813609,40.55745,0 -82.813137,40.5576349999999,0 -82.812656,40.557806,0 -82.8125653,40.5578351,0 -82.812166,40.557963,0 -82.8121239,40.5579751,0 -82.811505,40.558153,0 -82.811286,40.558216,0 -82.81104999999999,40.558278,0 -82.810856,40.558329,0 -82.810782,40.558349,0 -82.81057509999999,40.5584004,0 -82.810464,40.558428,0 -82.8092082,40.5587295,0 -82.80859839999999,40.558888,0 -82.80834590000001,40.5589502,0 -82.80734099999999,40.559198,0 -82.80686420000001,40.5593103,0 -82.806585,40.559376,0 -82.8065768,40.5593775999999,0 -82.80632300000001,40.559426,0 -82.805944,40.559484,0 -82.80586049999999,40.5594882,0 -82.805668,40.559498,0 -82.805402,40.559503,0 -82.80526829999999,40.5595007,0 -82.8046526,40.55949,0 -82.8043906,40.5594855,0 -82.802741,40.5594570000001,0 -82.801018,40.55943,0 -82.7996552,40.5594092999999,0 -82.7970504,40.5593698,0 -82.796318,40.5593621,0 -82.7937098,40.5593199,0 -82.79260499999999,40.559302,0 -82.7915833,40.5592917,0 -82.7914234,40.5592901,0 -82.7902971,40.5592724,0 -82.78919,40.559255,0 -82.7880339,40.5592394,0 -82.78709240000001,40.5592277,0 -82.7833576,40.5591902,0 -82.7819045,40.5591761,0 -82.780974,40.559168,0 -82.77769600000001,40.559141,0 -82.777109,40.559141,0 -82.7765667,40.5591364,0 -82.7735661,40.5591109,0 -82.77145539999999,40.5591037,0 -82.770842,40.5590969,0 -82.7701473,40.5590928,0 -82.7689132,40.5590847,0 -82.7680148,40.5590764,0 -82.7671771,40.5590686,0 -82.767111,40.559068,0 -82.765978,40.559046,0 -82.765066,40.559025,0 -82.76405,40.5590032,0 -82.763648,40.5589944,0 -82.76294,40.558979,0 -82.762401,40.558977,0 -82.762137,40.558988,0 -82.76186800000001,40.559015,0 -82.76160900000001,40.559054,0 -82.761353,40.5591050000001,0 -82.76109700000001,40.5591719999999,0 -82.76085500000001,40.559249,0 -82.760615,40.559338,0 -82.76037700000001,40.55944,0 -82.760113,40.559571,0 -82.760047,40.55961,0 -82.759833,40.559742,0 -82.759636,40.559879,0 -82.75944800000001,40.560022,0 -82.75854099999999,40.560763,0 -82.757999,40.561187,0 -82.75778699999999,40.561332,0 -82.757588,40.56146,0 -82.757379,40.561582,0 -82.757052,40.561758,0 -82.756383,40.56209,0 -82.756047,40.5622649999999,0 -82.75573300000001,40.562448,0 -82.755323,40.562715,0 -82.7551584,40.5628299,0 -82.754829,40.56306,0 -82.751096,40.565689,0 -82.750516,40.566107,0 -82.74929899999999,40.567032,0 -82.74922479999999,40.5670843,0 -82.749005,40.567239,0 -82.748802,40.567369,0 -82.74848,40.567556,0 -82.747072,40.568308,0 -82.746409,40.568652,0 -82.74427799999999,40.569698,0 -82.743836,40.569921,0 -82.74351299999999,40.570105,0 -82.743208,40.5703019999999,0 -82.74281000000001,40.570582,0 -82.740143,40.572529,0 -82.739312,40.573124,0 -82.7383887,40.5737336,0 -82.7374327,40.5743647,0 -82.7362047,40.5750986,0 -82.7356252,40.5754449,0 -82.73389299999999,40.57648,0 -82.733475,40.576733,0 -82.73334730000001,40.576805,0 -82.733152,40.576915,0 -82.73227,40.57737,0 -82.732057,40.577493,0 -82.731962,40.57756,0 -82.731864,40.577638,0 -82.73177800000001,40.577717,0 -82.731748,40.577748,0 -82.7317,40.577797,0 -82.731554,40.577966,0 -82.731302,40.578275,0 -82.7312,40.5783950000001,0 -82.7308379,40.5788258,0 -82.73048300000001,40.579248,0 -82.73020200000001,40.579563,0 -82.729935,40.579819,0 -82.729305,40.580388,0 -82.72899700000001,40.580651,0 -82.72837199999999,40.581194,0 -82.728101,40.581417,0 -82.72782100000001,40.581628,0 -82.72752,40.581828,0 -82.727104,40.58208,0 -82.72708,40.582093,0 -82.726782,40.582259,0 -82.7256675,40.5828453,0 -82.72492099999999,40.583238,0 -82.723941,40.5837562,0 -82.7236669,40.5839012,0 -82.7234735,40.5840035000001,0 -82.72306399999999,40.58422,0 -82.7228571,40.5843293,0 -82.721097,40.585259,0 -82.7210615,40.5852774,0 -82.72021599999999,40.585717,0 -82.71990529999999,40.5858654,0 -82.719881,40.585877,0 -82.719679,40.5859652,0 -82.719652,40.585977,0 -82.71930399999999,40.586115,0 -82.71902369999999,40.5862155,0 -82.71895619999999,40.5862397,0 -82.71870699999999,40.586329,0 -82.7186847,40.5863371,0 -82.718109,40.586546,0 -82.717873,40.586643,0 -82.7177353,40.5867049,0 -82.717519,40.586802,0 -82.717294,40.586916,0 -82.7171663,40.5869864,0 -82.717073,40.587038,0 -82.716865,40.587164,0 -82.71656,40.587368,0 -82.716368,40.58751,0 -82.71626639999999,40.5875911,0 -82.71609100000001,40.587731,0 -82.715918,40.587885,0 -82.715672,40.588125,0 -82.71544400000001,40.588373,0 -82.7153263,40.588509,0 -82.714348,40.589639,0 -82.71404699999999,40.589974,0 -82.713809,40.590217,0 -82.71355800000001,40.5904489999999,0 -82.713292,40.590674,0 -82.71301699999999,40.590883,0 -82.7129985,40.5908958,0 -82.712721,40.591088,0 -82.712408,40.591284,0 -82.712087,40.5914659999999,0 -82.7117068,40.5916702,0 -82.711106,40.591993,0 -82.710009,40.592593,0 -82.709585,40.59284,0 -82.70933100000001,40.593003,0 -82.70918399999999,40.593102,0 -82.708798,40.593382,0 -82.708336,40.593752,0 -82.707324,40.594615,0 -82.706121,40.595644,0 -82.70584100000001,40.595865,0 -82.705546,40.596076,0 -82.70523799999999,40.596278,0 -82.70502999999999,40.596404,0 -82.704705,40.596584,0 -82.704159,40.596863,0 -82.704036,40.596926,0 -82.7036002,40.5971393,0 -82.7034098,40.5972258,0 -82.702485,40.597708,0 -82.70111799999999,40.5983933,0 -82.7006976,40.5986041,0 -82.699912,40.5989979999999,0 -82.69981199999999,40.599054,0 -82.699687,40.5991100000001,0 -82.699461,40.599222,0 -82.69655109999999,40.6006794,0 -82.69654800000001,40.600681,0 -82.694881,40.60151,0 -82.69476899999999,40.601576,0 -82.694547,40.601675,0 -82.69330960000001,40.6022863,0 -82.6924781,40.6026971,0 -82.69152099999999,40.60317,0 -82.690513,40.603679,0 -82.690336,40.603783,0 -82.69018199999999,40.603855,0 -82.689751,40.604095,0 -82.689187,40.60442,0 -82.68858400000001,40.604767,0 -82.686995,40.605687,0 -82.6820499,40.608603,0 -82.68153100000001,40.608909,0 -82.680914,40.609285,0 -82.680509,40.609547,0 -82.680019,40.609883,0 -82.679542,40.610234,0 -82.678607,40.610964,0 -82.677592,40.611771,0 -82.676401,40.612715,0 -82.67364499999999,40.614905,0 -82.671913,40.616273,0 -82.671521,40.616583,0 -82.6701784,40.617652,0 -82.670137,40.617685,0 -82.66825590000001,40.6191741,0 -82.66755499999999,40.619729,0 -82.666444,40.620603,0 -82.666065,40.620906,0 -82.665154,40.621632,0 -82.66349099999999,40.622943,0 -82.663301,40.6230869999999,0 -82.663179,40.623187,0 -82.662701,40.623477,0 -82.66238199999999,40.623657,0 -82.662053,40.623823,0 -82.66171199999999,40.62398,0 -82.661366,40.624125,0 -82.661001,40.624257,0 -82.66063200000001,40.6243740000001,0 -82.659137,40.62479,0 -82.655984,40.625642,0 -82.654121,40.626154,0 -82.653751,40.626269,0 -82.653395,40.626395,0 -82.65316199999999,40.626487,0 -82.652818,40.626637,0 -82.65248699999999,40.626799,0 -82.652164,40.626971,0 -82.65190800000001,40.627121,0 -82.651651,40.627285,0 -82.651455,40.627422,0 -82.65117600000001,40.627632,0 -82.65081600000001,40.627924,0 -82.65020199999999,40.628453,0 -82.6494424,40.6291174,0 -82.6492775,40.6292662,0 -82.648808,40.62967,0 -82.64699,40.631263,0 -82.645438,40.632613,0 -82.645331,40.632706,0 -82.64470900000001,40.633234,0 -82.644514,40.633392,0 -82.644249,40.633607,0 -82.643778,40.633969,0 -82.643292,40.634324,0 -82.642702,40.634729,0 -82.64230000000001,40.634992,0 -82.64078600000001,40.63595,0 -82.63873100000001,40.637239,0 -82.638679,40.637276,0 -82.638289,40.637528,0 -82.637837,40.637829,0 -82.637489,40.638054,0 -82.637449,40.638081,0 -82.637176,40.638254,0 -82.63687899999999,40.6384380000001,0 -82.635552,40.63928,0 -82.63513399999999,40.639538,0 -82.63440199999999,40.639988,0 -82.634258,40.640077,0 -82.633955,40.640259,0 -82.63392210000001,40.6402799,0 -82.633303,40.640673,0 -82.63289899999999,40.640939,0 -82.63254000000001,40.641175,0 -82.63209500000001,40.641461,0 -82.631849,40.64162,0 -82.631705,40.641712,0 -82.631198,40.642035,0 -82.63101399999999,40.642148,0 -82.630511,40.642459,0 -82.6302709,40.6425993,0 -82.629852,40.642844,0 -82.62909399999999,40.643281,0 -82.62843700000001,40.643655,0 -82.62811600000001,40.643842,0 -82.627932,40.643945,0 -82.62719,40.644375,0 -82.626938,40.644553,0 -82.62664599999999,40.644776,0 -82.626373,40.645016,0 -82.626131,40.645247,0 -82.626006,40.645372,0 -82.62573999999999,40.645626,0 -82.625378,40.6459910000001,0 -82.625033,40.646331,0 -82.62488,40.646484,0 -82.624594,40.646769,0 -82.624388,40.646979,0 -82.624081,40.647284,0 -82.623976,40.647389,0 -82.62357799999999,40.647772,0 -82.623519,40.6478290000001,0 -82.623329,40.648021,0 -82.622613,40.648751,0 -82.622159,40.649211,0 -82.62150800000001,40.649921,0 -82.62138,40.650062,0 -82.6212879,40.6501893,0 -82.621099,40.650419,0 -82.620977,40.650613,0 -82.620876,40.6507859999999,0 -82.620667,40.651171,0 -82.6204985,40.6514769,0 -82.62047699999999,40.651516,0 -82.620437,40.65159,0 -82.620232,40.651921,0 -82.62009500000001,40.65213,0 -82.61972400000001,40.652692,0 -82.619613,40.652862,0 -82.61937500000001,40.653214,0 -82.61926,40.653364,0 -82.61913,40.653515,0 -82.61902499999999,40.653627,0 -82.618985,40.653671,0 -82.61885100000001,40.653801,0 -82.6187,40.653935,0 -82.61849599999999,40.654101,0 -82.61821,40.6543060000001,0 -82.617994,40.654455,0 -82.617569,40.654759,0 -82.61703900000001,40.655126,0 -82.616556,40.655468,0 -82.616052,40.655819,0 -82.61560799999999,40.656137,0 -82.615542,40.656184,0 -82.615027,40.656563,0 -82.614537,40.656919,0 -82.61353099999999,40.657634,0 -82.613021,40.65801,0 -82.61209700000001,40.658687,0 -82.611644,40.65901,0 -82.611221,40.659319,0 -82.61029000000001,40.660004,0 -82.609814,40.660349,0 -82.60958100000001,40.660515,0 -82.609286,40.660724,0 -82.608456,40.66131,0 -82.607816,40.661761,0 -82.607325,40.662116,0 -82.607113,40.662268,0 -82.606994,40.662354,0 -82.606917,40.662413,0 -82.6061,40.663038,0 -82.605756,40.663306,0 -82.6054117,40.663552,0 -82.60500589999999,40.6638591,0 -82.604309,40.664362,0 -82.6033774,40.6650535,0 -82.6029496,40.665364,0 -82.60252869999999,40.6656579,0 -82.6023883,40.6657557,0 -82.60184529999999,40.6661385,0 -82.6017674,40.6661934,0 -82.6015702,40.6663397,0 -82.6013909,40.6664779,0 -82.6011821,40.6666433,0 -82.60081820000001,40.6669593,0 -82.6005007,40.6672399,0 -82.60005769999999,40.6676317000001,0 -82.5996365,40.6680064,0 -82.5993445,40.6682738,0 -82.5990457,40.6685488,0 -82.59876060000001,40.6688093,0 -82.5983492,40.669187,0 -82.5980801,40.6694336,0 -82.5979564,40.6695421,0 -82.5978683,40.6696184,0 -82.597656,40.669789,0 -82.5975353,40.6698856,0 -82.597347,40.6700264,0 -82.5970987,40.670204,0 -82.5968395,40.6703889,0 -82.5964977,40.670627,0 -82.59615479999999,40.6708689,0 -82.595804,40.6711099,0 -82.59560310000001,40.6712383,0 -82.59540370000001,40.6713531,0 -82.5952085,40.6714545,0 -82.59484070000001,40.6716352,0 -82.5947197,40.6716935,0 -82.5943827,40.6718558,0 -82.5940506,40.6720132,0 -82.5936957,40.6721781,0 -82.59312389999999,40.6724417,0 -82.5929498,40.6725263,0 -82.5928042,40.6726003,0 -82.5926334,40.6726945,0 -82.59236199999999,40.6728652,0 -82.5920955,40.6730355,0 -82.59203359999999,40.6730759,0 -82.59161899999999,40.6733498999999,0 -82.5913382,40.6735305,0 -82.5910624,40.6737133,0 -82.59081449999999,40.6738731,0 -82.5905133,40.6740699,0 -82.5902681,40.6742338,0 -82.59016250000001,40.6743056,0 -82.5899028,40.6744904,0 -82.5893571,40.6748958,0 -82.5886309,40.6754371,0 -82.58828579999999,40.6757012,0 -82.58790020000001,40.6759966,0 -82.5871939,40.6765469,0 -82.5869733,40.6767186,0 -82.58676749999999,40.6768814000001,0 -82.58635,40.6772048,0 -82.5853776,40.6779603,0 -82.58461579999999,40.6785646,0 -82.5844821,40.6786631,0 -82.58441670000001,40.6787017,0 -82.5843465,40.6787122,0 -82.5840652,40.6787032,0 -82.58400589999999,40.6787013,0 -82.5837162,40.678692,0 -82.58351070000001,40.6786854,0 -82.5828695,40.6786721,0 -82.58240840000001,40.6786524,0 -82.58203469999999,40.6786372,0 -82.5817474,40.6786286,0 -82.58114140000001,40.6786127,0 -82.5806109,40.6786048,0 -82.58048340000001,40.6786038,0 -82.5802327,40.6786018,0 -82.5799322,40.6785957,0 -82.5793996,40.6785824,0 -82.5792242,40.6785739,0 -82.5786679,40.6785607,0 -82.5779314,40.6785369,0 -82.577534,40.6785263,0 -82.5773099,40.6785207,0 -82.57691029999999,40.6785116000001,0 -82.57665249999999,40.6785067,0 -82.57652299999999,40.6785066,0 -82.5764058,40.6785121,0 -82.5762809,40.6785193,0 -82.5761586,40.6785329,0 -82.5760264,40.6785504,0 -82.5758881,40.6785743,0 -82.5757593,40.6786016,0 -82.57563380000001,40.6786331,0 -82.5755018,40.6786749,0 -82.575339,40.6787336,0 -82.5752452,40.6787671,0 -82.57513710000001,40.6788089,0 -82.57503440000001,40.678851,0 -82.5746477,40.6790083,0 -82.5744006,40.6791075000001,0 -82.57399909999999,40.679268,0 -82.5736706,40.6793934,0 -82.57325090000001,40.6795637,0 -82.57271350000001,40.6797887,0 -82.57222470000001,40.6799907,0 -82.5714011,40.6803273,0 -82.57106760000001,40.6804629,0 -82.57039229999999,40.6807299,0 -82.5701608,40.6808253,0 -82.5696586,40.6810327,0 -82.5692102,40.6812242,0 -82.56895849999999,40.6813429,0 -82.5688258,40.6814147,0 -82.56870929999999,40.6814863999999,0 -82.5685897,40.681568,0 -82.56847550000001,40.681649,0 -82.56838260000001,40.6817206,0 -82.56827850000001,40.6818098,0 -82.5682046,40.6818812,0 -82.5681,40.6819911,0 -82.56795839999999,40.6821488,0 -82.56776720000001,40.6823821,0 -82.5676704,40.6825047,0 -82.5675153,40.6826951,0 -82.5671163,40.6831996,0 -82.5670571,40.6832708,0 -82.5670118,40.6833267,0 -82.5667912,40.6836035,0 -82.56664910000001,40.6837834,0 -82.56627709999999,40.6842552,0 -82.566121,40.6844571,0 -82.56598200000001,40.6846348,0 -82.5657782,40.6849133,0 -82.5657025,40.6850269999999,0 -82.565606,40.6851821,0 -82.5655816,40.6852278,0 -82.56549080000001,40.685424,0 -82.5654103,40.6856232,0 -82.5653713,40.6857339,0 -82.5653484,40.6858024,0 -82.5652985,40.6859583,0 -82.5652546,40.6861750000001,0 -82.5652188,40.6863851,0 -82.5651737,40.6866839,0 -82.56510280000001,40.6871737999999,0 -82.5650381,40.6875902,0 -82.5649915,40.6879092,0 -82.564944,40.6881661,0 -82.5648929,40.6884463,0 -82.56487129999999,40.6885547,0 -82.5648245,40.6887656,0 -82.5647445,40.6890908,0 -82.56467720000001,40.6893585,0 -82.56459,40.6896751,0 -82.5644992,40.6899911999999,0 -82.5643729,40.6903755,0 -82.56431019999999,40.6905535,0 -82.5642481,40.6907285,0 -82.5641284,40.6910442,0 -82.5640233,40.6913228,0 -82.5635566,40.6925629,0 -82.56354279999999,40.6925984,0 -82.56346480000001,40.6927992,0 -82.5633328,40.6931405,0 -82.56327640000001,40.6932867999999,0 -82.56299970000001,40.6940021,0 -82.5628085,40.6944953,0 -82.5627278,40.6947042,0 -82.5626424,40.6949356,0 -82.5625278,40.695226,0 -82.56238810000001,40.6955921,0 -82.5622647,40.6959205,0 -82.56210830000001,40.6963036,0 -82.56203790000001,40.6964764,0 -82.5619706,40.6966416,0 -82.5619361,40.6967196,0 -82.5618786,40.6968376,0 -82.561818,40.6969547,0 -82.5617791,40.697025,0 -82.56172050000001,40.69713,0 -82.5616722,40.6972082,0 -82.56162689999999,40.6972814,0 -82.5615634,40.6973786,0 -82.5614642,40.6975165,0 -82.56137409999999,40.6976406,0 -82.5613,40.6977344,0 -82.5612333,40.6978171,0 -82.56111660000001,40.6979525,0 -82.5609304,40.6981605,0 -82.56069770000001,40.6984059,0 -82.5605515,40.6985638,0 -82.5603478,40.6987801,0 -82.5601786,40.6989625,0 -82.5598853,40.6992765,0 -82.559601,40.6995807,0 -82.5590708,40.7001433,0 -82.558443,40.7008105,0 -82.5583015,40.7009632,0 -82.55792150000001,40.701371,0 -82.5576161,40.7016967,0 -82.5572603,40.7020741,0 -82.5570441,40.7023049,0 -82.5568043,40.7025643,0 -82.5564918,40.7028965,0 -82.5561569,40.7032604,0 -82.5559806,40.7034519,0 -82.5558911,40.7035557,0 -82.5557987,40.7036655,0 -82.5557242,40.7037615999999,0 -82.55565230000001,40.703857,0 -82.5555533,40.7039942,0 -82.5554377,40.7041632,0 -82.55524149999999,40.7044782,0 -82.5549669,40.7049736,0 -82.55490210000001,40.7051021,0 -82.5548316,40.7052378,0 -82.5546587,40.7055682,0 -82.5545554,40.7057645,0 -82.5544644,40.7059524000001,0 -82.5543809,40.706141,0 -82.5542883,40.7063742,0 -82.5541807,40.7066795,0 -82.5540767,40.7069824,0 -82.55394819999999,40.7073619,0 -82.55386679999999,40.7076037,0 -82.55379569999999,40.7078121,0 -82.553769,40.7078976000001,0 -82.5537138,40.7080547,0 -82.553562,40.7084885,0 -82.55345199999999,40.7088161,0 -82.55333419999999,40.7091511,0 -82.55314370000001,40.7096921,0 -82.5529612,40.7101484,0 -82.5528451,40.7104538,0 -82.55276310000001,40.7106345,0 -82.552702,40.7107456,0 -82.5526672,40.7108076,0 -82.55262999999999,40.710868,0 -82.5525864,40.7109326,0 -82.552538,40.7110003,0 -82.55248690000001,40.711068,0 -82.5524245,40.7111436,0 -82.55237200000001,40.7112053,0 -82.5522996,40.7112863,0 -82.55221229999999,40.7113787,0 -82.5521249,40.711465,0 -82.5520471,40.7115337,0 -82.5519208,40.7116394000001,0 -82.5517691,40.7117537,0 -82.5516234,40.7118557,0 -82.55146190000001,40.7119643,0 -82.5511204,40.7121925,0 -82.5506257,40.7125245,0 -82.55019489999999,40.7128146000001,0 -82.5498563,40.7130476,0 -82.5497362,40.7131338,0 -82.54959529999999,40.7132421,0 -82.5494803,40.7133456,0 -82.5493573,40.7134596,0 -82.5493038,40.7135128,0 -82.54919,40.7136352,0 -82.54906440000001,40.7137741,0 -82.5489592,40.7139112000001,0 -82.5488711,40.7140357,0 -82.548788,40.7141649,0 -82.54869770000001,40.7143111,0 -82.54862300000001,40.714447,0 -82.5485815,40.7145359,0 -82.5484235,40.7148819,0 -82.5482781,40.7152255,0 -82.54814229999999,40.715548,0 -82.5478427,40.7162622,0 -82.54783140000001,40.7162913,0 -82.54774,40.7165132,0 -82.54771100000001,40.7165843,0 -82.54768610000001,40.7166429,0 -82.5475735,40.7168959,0 -82.5475187,40.7170036,0 -82.5474518,40.7171338,0 -82.5474,40.7172259,0 -82.54732780000001,40.7173474,0 -82.5472807,40.7174228,0 -82.54724520000001,40.7174769,0 -82.5471897,40.7175543,0 -82.5471685,40.7175842,0 -82.5471253,40.7176437,0 -82.5470292,40.717767,0 -82.5469317,40.7178838,0 -82.5468585,40.7179714,0 -82.5467574,40.7180798,0 -82.5465317,40.7183138,0 -82.5463644,40.7184812,0 -82.5461298,40.7187121,0 -82.5460061,40.7188345,0 -82.5458829,40.7189515,0 -82.5456238,40.719212,0 -82.54549710000001,40.7193355,0 -82.54531799999999,40.7195105,0 -82.5450932,40.7197365,0 -82.54483070000001,40.7200046,0 -82.5446328,40.7202144,0 -82.5444061,40.7204643,0 -82.54428299999999,40.7205983,0 -82.5442394,40.7206466,0 -82.54411880000001,40.7207768,0 -82.54383439999999,40.7210888,0 -82.5437333,40.7211972,0 -82.54368289999999,40.7212508,0 -82.54356610000001,40.7213778999999,0 -82.54348330000001,40.7214703,0 -82.5434455,40.7215125,0 -82.54343609999999,40.721523,0 -82.54337080000001,40.7215934,0 -82.5432776,40.7216947,0 -82.5431557,40.7218282,0 -82.54308159999999,40.721907,0 -82.5429938,40.7220033,0 -82.5428795,40.7221304,0 -82.5428288,40.7221868,0 -82.5427504,40.7222721,0 -82.5427047,40.7223221,0 -82.5425864,40.7224507,0 -82.5424708,40.7225753,0 -82.5423807,40.7226724,0 -82.5422519,40.7228244,0 -82.5419983,40.7231243,0 -82.54190819999999,40.7232288,0 -82.54178659999999,40.7233795,0 -82.5417393,40.7234388,0 -82.5416242,40.7235838,0 -82.54150869999999,40.7237311,0 -82.5414773,40.7237708999999,0 -82.541337,40.7239578,0 -82.541147,40.7242183,0 -82.5409149,40.7245524,0 -82.5405255,40.7251226,0 -82.54014189999999,40.725694,0 -82.5401255,40.7257181,0 -82.53999810000001,40.7259116,0 -82.53986209999999,40.7261183,0 -82.53959930000001,40.7265079,0 -82.5386602,40.7279229,0 -82.53838810000001,40.7283355,0 -82.5381359,40.7287088000001,0 -82.5379196,40.7290007,0 -82.5376988,40.7292800999999,0 -82.5374992,40.7295194,0 -82.5370911,40.7299962,0 -82.536107,40.7311603,0 -82.53551349999999,40.7318568,0 -82.53528900000001,40.7321213,0 -82.53523370000001,40.7321871,0 -82.5348879,40.7325959,0 -82.5347723,40.7327275,0 -82.5346806,40.7328393,0 -82.5343623,40.7332046,0 -82.5338103,40.7338369,0 -82.53335680000001,40.7343576,0 -82.5329478,40.7348362,0 -82.5324627,40.7353816,0 -82.5320706,40.7357817,0 -82.5315861,40.7362844,0 -82.5310932,40.7367928,0 -82.5304064,40.7374993,0 -82.52986989999999,40.7380529,0 -82.52931220000001,40.7386028,0 -82.5288693,40.7390415,0 -82.528792,40.7391168,0 -82.5286954,40.739208,0 -82.5285387,40.7393593,0 -82.52836430000001,40.7395279,0 -82.5282697,40.7396159,0 -82.5281804,40.7397009,0 -82.5281592,40.739721,0 -82.5280123,40.7398614,0 -82.5278295,40.7400392000001,0 -82.5277598,40.7401125,0 -82.52770219999999,40.7401747,0 -82.52759330000001,40.7403044,0 -82.5267015,40.7413769,0 -82.5266613,40.7414243,0 -82.5257266,40.7425435,0 -82.52543060000001,40.742896,0 -82.5251205,40.7432732,0 -82.52497990000001,40.7434423,0 -82.5247701,40.7436987999999,0 -82.524359,40.7441646,0 -82.52402720000001,40.7445385,0 -82.5237719,40.7448256,0 -82.52352879999999,40.7451001,0 -82.5233238,40.7453366,0 -82.5229748,40.7457276,0 -82.52264750000001,40.7460951,0 -82.52252919999999,40.7462363,0 -82.52192359999999,40.7469125,0 -82.52170099999999,40.747167,0 -82.52135440000001,40.7475581999999,0 -82.5212715,40.7476521999999,0 -82.5211936,40.7477406,0 -82.5209267,40.7480398,0 -82.5207278,40.7482567,0 -82.5205552,40.7484305,0 -82.5202402,40.7487294000001,0 -82.5198511,40.7491019,0 -82.5197512,40.7491954,0 -82.5196366,40.7493033,0 -82.5192256,40.749688,0 -82.51885919999999,40.7500433,0 -82.51864430000001,40.7502416,0 -82.5184884,40.7503926,0 -82.5181712,40.7506875,0 -82.51779139999999,40.7510553,0 -82.5172962,40.7515225,0 -82.51717600000001,40.7516344,0 -82.5170842,40.7517216,0 -82.51645619999999,40.7523177,0 -82.51625439999999,40.7525092,0 -82.5161677,40.752606,0 -82.5161244,40.7526602,0 -82.5160734,40.7527417,0 -82.51607199999999,40.7527597,0 -82.516047,40.7530146,0 -82.5160322,40.7531917000001,0 -82.5159998,40.7535287,0 -82.5159598,40.7539665,0 -82.5159285,40.7543827999999,0 -82.51590229999999,40.7547815,0 -82.5158766,40.7551555,0 -82.5158474,40.7555344,0 -82.5158321,40.7557334,0 -82.5158076,40.7560488,0 -82.5158011,40.7561327,0 -82.51579510000001,40.7562097,0 -82.5157658,40.7565593,0 -82.5157475,40.7567397,0 -82.51573209999999,40.7569,0 -82.5156978,40.7573369,0 -82.51561649999999,40.757334,0 -82.51519260000001,40.757319,0 -82.5141929,40.7572786,0 -82.5137556,40.7572606,0 -82.5137296,40.7572595,0 -82.513395,40.7572458,0 -82.5133251,40.7572429,0 -82.51256239999999,40.7572118,0 -82.5124872,40.7572087,0 -82.5118164,40.7571803,0 -82.5110119,40.7571485,0 -82.51061559999999,40.7571326,0 -82.509756,40.757098,0 -82.5097447,40.7573592,0 -82.50971970000001,40.7576932,0 -82.5096853,40.7582082,0 -82.50967850000001,40.7583097,0 -82.5096052,40.7583066,0 -82.5095366,40.7583037,0 -82.50915790000001,40.7582879,0 -82.509086,40.7582849,0 -82.5088183,40.7582737,0 -82.5086972,40.7582686,0 -82.5082008,40.7582478,0 -82.50811400000001,40.7582442,0 -82.5080643,40.7582421,0 -82.50734679999999,40.758212,0 -82.5066343,40.7581822,0 -82.5064879,40.758176,0 -82.50645350000001,40.7581746,0 -82.5062624,40.7581695,0 -82.5060294,40.7581649,0 -82.5057631,40.7581625,0 -82.50552930000001,40.7581782,0 -82.5054081,40.7581899,0 -82.5053161,40.7582099,0 -82.5052379,40.7582356,0 -82.5051618,40.7582694,0 -82.5050987,40.7583048,0 -82.50506350000001,40.7583275,0 -82.5048553,40.7584842000001,0 -82.5046571,40.7586445,0 -82.503755,40.7593201,0 -82.502927,40.7599255,0 -82.5021236,40.7605047,0 -82.5017852,40.7607465,0 -82.50162709999999,40.7608624,0 -82.5013117,40.7610954,0 -82.5006789,40.7615629,0 -82.5005184,40.7616595,0 -82.5001695,40.7618742,0 -82.4998952,40.7620289,0 -82.4995943,40.7622075,0 -82.4994241,40.7622982,0 -82.499251,40.762385,0 -82.4990938,40.7624591,0 -82.4989133,40.7625465,0 -82.4987704,40.7626095,0 -82.4986462,40.7626621,0 -82.49852319999999,40.7627104,0 -82.4983694,40.7627655,0 -82.4981279,40.7628482,0 -82.4978847,40.7629248,0 -82.4976356,40.7629957,0 -82.49736470000001,40.7630623,0 -82.4971675,40.7631069,0 -82.49696489999999,40.7631554000001,0 -82.4966067,40.7632314,0 -82.4961521,40.7633177,0 -82.4958943,40.7633629999999,0 -82.4956092,40.7634123,0 -82.4952447,40.7634788,0 -82.4949977,40.7635316,0 -82.49480320000001,40.7635792,0 -82.4944297,40.7636726,0 -82.4940173,40.7637846,0 -82.4938535,40.7638333000001,0 -82.493679,40.7638856,0 -82.4935255,40.7639273,0 -82.49256389999999,40.7641877999999,0 -82.4921808,40.7642866,0 -82.49174720000001,40.7644,0 -82.4913947,40.7644834,0 -82.49106279999999,40.7645654,0 -82.4908133,40.7646311,0 -82.49063339999999,40.7646834,0 -82.4905248,40.764726,0 -82.4904045,40.7647797,0 -82.49029880000001,40.7648379,0 -82.490206,40.7648979,0 -82.4900904,40.7649834,0 -82.48999860000001,40.7650608,0 -82.4898853,40.7651652,0 -82.4897137,40.7653213,0 -82.4895721,40.765455,0 -82.4894501,40.7655737,0 -82.4893539,40.7656673,0 -82.4892459,40.7657849,0 -82.4891702,40.7658755,0 -82.4890946,40.7659848,0 -82.4890262,40.7660961,0 -82.4889716,40.7661969,0 -82.4889225,40.7663199,0 -82.4888847,40.7664435,0 -82.48885439999999,40.7665756,0 -82.48883429999999,40.7667136,0 -82.48882330000001,40.7668341,0 -82.48881900000001,40.7669537,0 -82.4888151,40.7677437,0 -82.48880699999999,40.7678549,0 -82.48879030000001,40.7679611,0 -82.4887619,40.7680703,0 -82.4887343,40.7681512,0 -82.4886953,40.7682294,0 -82.4886552,40.7683067,0 -82.4886265,40.7683563000001,0 -82.48859330000001,40.7684048,0 -82.4885008,40.7685235,0 -82.48844939999999,40.7685804,0 -82.4883887,40.7686376,0 -82.4883225,40.7686949,0 -82.4882479,40.768756,0 -82.4878456,40.7690753,0 -82.48777800000001,40.7691277,0 -82.4876618,40.7692185,0 -82.4874885,40.7693576,0 -82.48702590000001,40.769729,0 -82.4869953,40.7697523,0 -82.4867891,40.769906,0 -82.4865851,40.7700469999999,0 -82.4864226,40.7701523,0 -82.4862074,40.7702762,0 -82.48604159999999,40.770377,0 -82.4855033,40.7707033,0 -82.48504629999999,40.7709713,0 -82.48424439999999,40.7714525,0 -82.48377120000001,40.7717359,0 -82.4835999,40.7718383,0 -82.4834353,40.7719366,0 -82.48340520000001,40.7719546,0 -82.48316320000001,40.7720976,0 -82.4827456,40.7723371,0 -82.4824035,40.7725281,0 -82.4821877,40.7726459,0 -82.4814552,40.7730396,0 -82.48022880000001,40.7737014,0 -82.4789921,40.7743612,0 -82.4787419,40.7744962,0 -82.4785631,40.7745934,0 -82.4783128,40.7747378,0 -82.4777416,40.7750856,0 -82.47724100000001,40.7753951,0 -82.4770082,40.7755393,0 -82.47680010000001,40.77567,0 -82.4766403,40.7757649,0 -82.4764967,40.7758471,0 -82.4760536,40.7760987,0 -82.4754435,40.7764447,0 -82.47475,40.7768368,0 -82.4743337,40.7770633,0 -82.47385629999999,40.7773256999999,0 -82.4731953,40.777685,0 -82.4728147,40.7778941,0 -82.4716189,40.7785487,0 -82.4695751,40.7796781,0 -82.46951869999999,40.7797101,0 -82.4687466,40.780155,0 -82.4683831,40.7803625,0 -82.46801720000001,40.7805777000001,0 -82.4678794,40.7806587,0 -82.4674512,40.780921,0 -82.46682629999999,40.7813005,0 -82.4663067,40.7816119,0 -82.4658026,40.7819077,0 -82.465063,40.7823397,0 -82.46485490000001,40.7824508,0 -82.4644557,40.7826592,0 -82.4639749,40.782897,0 -82.4636677,40.7830501,0 -82.4633647,40.7832084,0 -82.4630477,40.7833854,0 -82.4625668,40.7836621,0 -82.4616611,40.7841872,0 -82.460801,40.7846961,0 -82.4602184,40.7850345,0 -82.45919290000001,40.7856385,0 -82.45861979999999,40.7859735,0 -82.45822889999999,40.7862058,0 -82.4575265,40.7866172,0 -82.4561939,40.7874042,0 -82.4554947,40.7878145,0 -82.4548341,40.788196,0 -82.4545767,40.7883407,0 -82.4543505,40.7884654,0 -82.4539649,40.7886727,0 -82.4535999,40.788861,0 -82.4531535,40.7890907,0 -82.4527059,40.7893184000001,0 -82.4522224,40.7895647,0 -82.4516296,40.7898619,0 -82.45106509999999,40.7901487,0 -82.45070920000001,40.7903364,0 -82.4503921,40.7905118,0 -82.4501336,40.790659,0 -82.44990009999999,40.7908012,0 -82.44970050000001,40.7909231,0 -82.4494696,40.7910662999999,0 -82.4492541,40.7911967,0 -82.4489095,40.791409,0 -82.4484197,40.791711,0 -82.4480509,40.7919383,0 -82.4476574,40.7921842,0 -82.4471107,40.7925217,0 -82.4459385,40.7932535,0 -82.445154,40.7937377,0 -82.4447364,40.7939936,0 -82.44432260000001,40.794248,0 -82.44345970000001,40.7947873,0 -82.442688,40.7952662,0 -82.4422058,40.7955662,0 -82.44173000000001,40.7958614000001,0 -82.4413225,40.7961164999999,0 -82.4406953,40.7965027,0 -82.4400581,40.7968955,0 -82.43957640000001,40.7971981,0 -82.4382432,40.7980281,0 -82.4377969,40.7983,0 -82.4366016,40.7990464,0 -82.4359044,40.7994767,0 -82.4349259,40.8000778,0 -82.4345624,40.8003071,0 -82.4337491,40.800818,0 -82.4331648,40.8011791,0 -82.4323143,40.8017068,0 -82.43044449999999,40.8028680999999,0 -82.429514,40.8034369999999,0 -82.42868009999999,40.8039575,0 -82.4277403,40.8045115,0 -82.4266417,40.8051376,0 -82.4246524,40.8062726,0 -82.42335780000001,40.8070139,0 -82.422023,40.8077687,0 -82.4214271,40.8081079,0 -82.4202104,40.8088029,0 -82.4191484,40.8094063,0 -82.4186617,40.8096823,0 -82.4179328,40.8100982,0 -82.4159767,40.8112143,0 -82.41212710000001,40.8134038,0 -82.41146929999999,40.8137781,0 -82.411123,40.8139773,0 -82.41063370000001,40.8142445,0 -82.4102103,40.8144683000001,0 -82.40980329999999,40.8146735,0 -82.4093937,40.8148684,0 -82.40832159999999,40.8153552,0 -82.40692540000001,40.8159854,0 -82.40487299999999,40.8169222,0 -82.4026571,40.8179295,0 -82.4022138,40.8181311,0 -82.4017171,40.8183557,0 -82.4014205,40.8184919,0 -82.4009641,40.8186986,0 -82.4003513,40.8189796,0 -82.3996009,40.8193209,0 -82.3990074,40.8195893,0 -82.39695639999999,40.8205241,0 -82.3957647,40.8210428,0 -82.3950833,40.8213269999999,0 -82.3942193,40.8216827,0 -82.39377039999999,40.8218744,0 -82.393321,40.8220613,0 -82.3916849,40.8227474,0 -82.39000299999999,40.8234489,0 -82.3891201,40.8238149,0 -82.3884482,40.8240984,0 -82.3877337,40.8243981,0 -82.38753490000001,40.8244843,0 -82.3873281,40.824589,0 -82.3871181,40.8246984,0 -82.3868842,40.8248275,0 -82.3864188,40.8251136,0 -82.38595100000001,40.8254028,0 -82.3853555,40.8257739,0 -82.3847493,40.826145,0 -82.3843255,40.8264128999999,0 -82.3828784,40.827314,0 -82.38232480000001,40.8276552,0 -82.38145040000001,40.8281949,0 -82.3806943,40.8286592,0 -82.3803022,40.8288994,0 -82.3798761,40.8291472,0 -82.3795411,40.8293365,0 -82.3787976,40.8297425,0 -82.3778847,40.8302413,0 -82.37713720000001,40.8306486,0 -82.3763953,40.8310569,0 -82.37569550000001,40.8314459,0 -82.3752444,40.8316899,0 -82.37472270000001,40.8319740999999,0 -82.3739011,40.832422,0 -82.3734714,40.8326547,0 -82.3729834,40.8329242,0 -82.37253939999999,40.8331713,0 -82.3722313,40.8333427,0 -82.3720787,40.8334276,0 -82.3716908,40.8336417,0 -82.371376,40.8338205,0 -82.3711199,40.8339808,0 -82.3706877,40.8342514,0 -82.37062880000001,40.8342883,0 -82.37055340000001,40.8343355,0 -82.3701609,40.8345814,0 -82.37003660000001,40.8346608,0 -82.36983979999999,40.8347865,0 -82.3693502,40.8350932,0 -82.36929670000001,40.8351267,0 -82.36902550000001,40.8352985,0 -82.36847849999999,40.8356451,0 -82.3679683,40.8359693,0 -82.3679132,40.8360043,0 -82.3676397,40.8361781,0 -82.3664773,40.836909,0 -82.3661084,40.837145,0 -82.3655195,40.8375227,0 -82.3653728,40.8376226,0 -82.3652677,40.8376994,0 -82.364726,40.8381025,0 -82.3641401,40.8385444,0 -82.3636346,40.8388882,0 -82.36325720000001,40.8391336,0 -82.3630021,40.8392843,0 -82.3627982,40.8393983,0 -82.3624315,40.8395872,0 -82.3617386,40.8399371,0 -82.3610922,40.8402627,0 -82.3608296,40.8403935,0 -82.3596277,40.8410025000001,0 -82.3589271,40.8413646,0 -82.3584785,40.8415962,0 -82.35833580000001,40.8417325,0 -82.35807320000001,40.8418755,0 -82.3575666,40.8421479000001,0 -82.3572491,40.8423225,0 -82.35691199999999,40.8425038,0 -82.3565796,40.8426844,0 -82.35623339999999,40.8428675,0 -82.35595600000001,40.8430086,0 -82.35561,40.843186,0 -82.35545399999999,40.843256,0 -82.355288,40.8433199999999,0 -82.35515359999999,40.8433731,0 -82.3545798,40.8435160000001,0 -82.3544041,40.8435501,0 -82.354257,40.8435791,0 -82.3541099,40.8436031,0 -82.3539566,40.8436281,0 -82.35381630000001,40.8436471,0 -82.35369,40.8436641,0 -82.35357260000001,40.8436769,0 -82.3534518,40.8436872,0 -82.3533058,40.8436952,0 -82.3531689,40.8437002,0 -82.3530317,40.8436991,0 -82.35291239999999,40.8436982,0 -82.3527823,40.8436911,0 -82.3526493,40.8436851,0 -82.352435,40.8436691,0 -82.35214000000001,40.84364,0 -82.3516314,40.8435768,0 -82.35124,40.8435353,0 -82.35086200000001,40.8435039,0 -82.350058,40.843434,0 -82.349335,40.84337,0 -82.34919480000001,40.8433628,0 -82.3481311,40.8433307,0 -82.3473149,40.8433141,0 -82.3458722,40.8433749,0 -82.3450587,40.8434087,0 -82.34425589999999,40.8434363,0 -82.3434477,40.8434701,0 -82.3426611,40.8435038,0 -82.34098040000001,40.8435591,0 -82.33947670000001,40.8436226,0 -82.3386491,40.843663,0 -82.33827599999999,40.843674,0 -82.33787599999999,40.843685,0 -82.337293,40.843697,0 -82.33663300000001,40.843706,0 -82.33457490000001,40.8437025,0 -82.33350849999999,40.8436971,0 -82.3324609,40.8436895000001,0 -82.3273468,40.8436364,0 -82.32657829999999,40.8436253,0 -82.32581620000001,40.8436286,0 -82.32446,40.843622,0 -82.323139,40.843618,0 -82.32188499999999,40.8436084,0 -82.3213501,40.8436115,0 -82.3208152,40.8436242,0 -82.3197701,40.8436516,0 -82.3191132,40.8436691,0 -82.3178377,40.8437186,0 -82.3159529,40.8437753,0 -82.3137048,40.8438322,0 -82.3127853,40.8438478,0 -82.3120437,40.8438682,0 -82.3104197,40.8439052,0 -82.30963629999999,40.8439285,0 -82.3088211,40.8439614,0 -82.30808620000001,40.8439894,0 -82.3073471,40.8440024,0 -82.30682830000001,40.8440096,0 -82.3063863,40.8440144,0 -82.305915,40.8440292,0 -82.30546529999999,40.844047,0 -82.3052517,40.8440562,0 -82.30504000000001,40.8440710000001,0 -82.3048161,40.8440874,0 -82.3045695,40.8441083,0 -82.30434200000001,40.8441292,0 -82.30394819999999,40.8441644,0 -82.30363490000001,40.8442033,0 -82.3033061,40.8442532,0 -82.3029354,40.8443217,0 -82.3025919,40.8443936,0 -82.30197680000001,40.8445357,0 -82.30146070000001,40.8446888,0 -82.3011714,40.8447848,0 -82.3008289,40.8448918,0 -82.3002666,40.8450683,0 -82.299927,40.845197,0 -82.29953570000001,40.8453666,0 -82.2992261,40.8455085,0 -82.29887770000001,40.8456764,0 -82.29835060000001,40.845968,0 -82.2976755,40.8463392,0 -82.29713510000001,40.8466295,0 -82.2952703,40.8476236,0 -82.2946316,40.8479737999999,0 -82.2940718,40.8482703,0 -82.2935968,40.8485308,0 -82.2927157,40.8490082,0 -82.2919698,40.8494122,0 -82.291494,40.8496792,0 -82.2909162,40.850009,0 -82.2907007,40.8501486,0 -82.290533,40.85026,0 -82.2903642,40.8503808,0 -82.2901693,40.8505322,0 -82.2900204,40.8506526,0 -82.28989610000001,40.85077,0 -82.289782,40.8508736,0 -82.2896607,40.8509914,0 -82.2895583,40.8510977,0 -82.28943169999999,40.8512319,0 -82.28930149999999,40.8513827,0 -82.2891661,40.8515579,0 -82.2890367,40.8517382,0 -82.2889509,40.851869,0 -82.28885579999999,40.8520159,0 -82.28877780000001,40.8521551,0 -82.2886865,40.8523309,0 -82.2886164,40.8524854,0 -82.288543,40.8526594,0 -82.2884876,40.8528031,0 -82.2884322,40.8529662,0 -82.2883772,40.8531473,0 -82.2883361,40.853316,0 -82.2883008,40.8534791,0 -82.2882678,40.8536634,0 -82.2882455,40.8538224,0 -82.28822959999999,40.8540017,0 -82.2882161,40.8542378,0 -82.2881934,40.8551079,0 -82.28818510000001,40.855551,0 -82.2881855,40.8557865,0 -82.28816550000001,40.8566228,0 -82.2881478,40.8572774,0 -82.28813479999999,40.8579285,0 -82.28811279999999,40.8591476,0 -82.2880948,40.8599449,0 -82.2880779,40.8608288,0 -82.2880751,40.8613533,0 -82.28806609999999,40.8621038,0 -82.28804390000001,40.8634358,0 -82.28799429999999,40.8645818,0 -82.2879897,40.8652358,0 -82.28796149999999,40.8671355,0 -82.2879322,40.8677574,0 -82.28792869999999,40.8684349,0 -82.28788160000001,40.8698282,0 -82.2878537,40.8710793,0 -82.2878284,40.8718202999999,0 -82.28781410000001,40.8723139,0 -82.2878122,40.872794,0 -82.28779950000001,40.8734554,0 -82.28776019999999,40.8752582999999,0 -82.287728,40.876611,0 -82.28772170000001,40.8767692,0 -82.28768119999999,40.8777466,0 -82.28764700000001,40.878292,0 -82.2876138,40.8785363,0 -82.2875705,40.8787426,0 -82.2875246,40.8789271,0 -82.28745309999999,40.8791481,0 -82.2873871,40.8793215,0 -82.2873146,40.879498,0 -82.2870368,40.8800646,0 -82.2867243,40.8806956,0 -82.2862057,40.881768,0 -82.28604989999999,40.8820847,0 -82.2858473,40.8824927,0 -82.2857509,40.8826719,0 -82.28564059999999,40.8828501,0 -82.28553359999999,40.8830111,0 -82.2853918,40.8831866,0 -82.28525759999999,40.883353,0 -82.2851062,40.8835182,0 -82.28493779999999,40.8836928,0 -82.2845623,40.8840612999999,0 -82.2843275,40.8842729,0 -82.2839967,40.8845658,0 -82.2838261,40.8846954,0 -82.2838065,40.8847103,0 -82.283661,40.8848041,0 -82.2835262,40.8848902,0 -82.2833512,40.8849906,0 -82.2831599,40.8850830000001,0 -82.2829055,40.8851974,0 -82.28263800000001,40.8853069,0 -82.28213770000001,40.8855074,0 -82.2820823,40.88553,0 -82.28201079999999,40.8855591,0 -82.2814178,40.8858006,0 -82.2810164,40.8859641,0 -82.2809914,40.8859743,0 -82.28060720000001,40.8861527,0 -82.2802695,40.8863113,0 -82.2799838,40.8864626,0 -82.2796671,40.8866318,0 -82.27936320000001,40.8867922,0 -82.278503,40.8872608,0 -82.27818329999999,40.887435,0 -82.27759399999999,40.8877459,0 -82.27671599999999,40.8881663,0 -82.2756189,40.8886831,0 -82.27496050000001,40.8889836,0 -82.2743925,40.8892504,0 -82.2734289,40.8897084,0 -82.27267980000001,40.8900623,0 -82.2719706,40.8903976,0 -82.2706799,40.8910033,0 -82.2699561,40.8913424,0 -82.26934869999999,40.8916175,0 -82.2690788,40.8917342,0 -82.26889370000001,40.8918064,0 -82.26875200000001,40.8918624,0 -82.2684369,40.8919603,0 -82.2682384,40.8920175,0 -82.2680163,40.8920743,0 -82.2677649,40.8921271,0 -82.2675352,40.8921658,0 -82.26734190000001,40.8921968,0 -82.267076,40.8922322999999,0 -82.2666914,40.8922884,0 -82.2662418,40.8923673,0 -82.2658344,40.8924405,0 -82.2654335,40.8925087,0 -82.2649412,40.8925959,0 -82.2645832,40.89266,0 -82.2640919,40.8927493,0 -82.263476,40.892847,0 -82.262835,40.892957,0 -82.260948,40.89327,0 -82.25983600000001,40.893463,0 -82.25928500000001,40.893554,0 -82.258905,40.893614,0 -82.258667,40.893645,0 -82.2585754,40.8936595999999,0 -82.258098,40.893736,0 -82.257948,40.893759,0 -82.257734,40.893804,0 -82.257561,40.8938340000001,0 -82.257294,40.893871,0 -82.25639099999999,40.894003,0 -82.255503,40.894142,0 -82.25429800000001,40.8943160000001,0 -82.254192,40.894331,0 -82.253986,40.894356,0 -82.253636,40.894398,0 -82.253013,40.894477,0 -82.252318,40.894584,0 -82.250941,40.894777,0 -82.250328,40.894867,0 -82.24973300000001,40.894953,0 -82.24946,40.894991,0 -82.24888799999999,40.895087,0 -82.248248,40.895196,0 -82.2476759,40.8952988,0 -82.247636,40.895306,0 -82.2469857,40.8954184,0 -82.24646199999999,40.895509,0 -82.24584,40.895615,0 -82.245188,40.895731,0 -82.2448237,40.8957912,0 -82.244637,40.895822,0 -82.2440785,40.8959179,0 -82.24401400000001,40.895929,0 -82.243537,40.896005,0 -82.242964,40.896115,0 -82.242508,40.8961859999999,0 -82.24203199999999,40.896274,0 -82.241602,40.896337,0 -82.240702,40.896482,0 -82.240286,40.8965429999999,0 -82.24016159999999,40.8965642,0 -82.24003,40.896586,0 -82.239876,40.896607,0 -82.239609,40.896652,0 -82.23948900000001,40.896668,0 -82.238951,40.896751,0 -82.238148,40.89687,0 -82.237803,40.896929,0 -82.237467,40.896986,0 -82.237343,40.897007,0 -82.236608,40.89712,0 -82.23599299999999,40.897224,0 -82.23533500000001,40.897319,0 -82.235258,40.897331,0 -82.234864,40.897391,0 -82.234664,40.897421,0 -82.233993,40.897525,0 -82.233318,40.897628,0 -82.23288700000001,40.897692,0 -82.23272,40.897723,0 -82.231956,40.897837,0 -82.23128,40.897941,0 -82.230996,40.897983,0 -82.230774,40.898004,0 -82.230531,40.898051,0 -82.229934,40.898151,0 -82.229832,40.8981659999999,0 -82.22931,40.898249,0 -82.229032,40.8982909999999,0 -82.22869900000001,40.898341,0 -82.228111,40.89842,0 -82.227529,40.898513,0 -82.22693599999999,40.898609,0 -82.226257,40.898723,0 -82.22557,40.898834,0 -82.22510699999999,40.898912,0 -82.22422299999999,40.899061,0 -82.224127,40.899076,0 -82.224056,40.899085,0 -82.223117,40.899245,0 -82.222899,40.899282,0 -82.221575,40.899508,0 -82.22122899999999,40.899572,0 -82.22059400000001,40.899701,0 -82.220125,40.899796,0 -82.219453,40.899932,0 -82.217388,40.900347,0 -82.21616,40.900591,0 -82.215436,40.900741,0 -82.2149551,40.9008491,0 -82.21494199999999,40.900852,0 -82.21478500000001,40.900887,0 -82.214303,40.900992,0 -82.21406899999999,40.901051,0 -82.213543,40.90117,0 -82.21344000000001,40.901193,0 -82.21323049999999,40.901243,0 -82.212799,40.901334,0 -82.212339,40.9014346,0 -82.212273,40.901449,0 -82.212073,40.901493,0 -82.21047799999999,40.901842,0 -82.2101605,40.9019128,0 -82.20933530000001,40.9020966,0 -82.208786,40.902219,0 -82.208399,40.902301,0 -82.208135,40.902355,0 -82.2080761,40.9023678,0 -82.207978,40.902389,0 -82.2078923,40.9024097,0 -82.207829,40.902425,0 -82.207701,40.902469,0 -82.20747299999999,40.902537,0 -82.207264,40.902619,0 -82.207088,40.902696,0 -82.20683200000001,40.902825,0 -82.206609,40.902954,0 -82.20653009999999,40.9029971,0 -82.20635299999999,40.903094,0 -82.206321,40.9031152,0 -82.20582400000001,40.903444,0 -82.205388,40.9037308,0 -82.205371,40.903742,0 -82.204674,40.90418,0 -82.204159,40.904515,0 -82.203613,40.904866,0 -82.203427,40.904981,0 -82.202854,40.9054,0 -82.20258800000001,40.9056299999999,0 -82.200698,40.907418,0 -82.19860799999999,40.909401,0 -82.197823,40.910139,0 -82.196979,40.910925,0 -82.1966925,40.9112019,0 -82.1964967,40.9113911,0 -82.19397499999999,40.913828,0 -82.193912,40.913889,0 -82.1936508,40.9141316,0 -82.193406,40.91438,0 -82.19278300000001,40.914986,0 -82.192566,40.915188,0 -82.1925425,40.9152081,0 -82.19247,40.91527,0 -82.19238,40.915335,0 -82.192195,40.915507,0 -82.191969,40.915675,0 -82.191665,40.915894,0 -82.1911016,40.9162839,0 -82.190782,40.916505,0 -82.1895265,40.9173446,0 -82.189481,40.917375,0 -82.1885845,40.9179657999999,0 -82.187528,40.918662,0 -82.18721410000001,40.918923,0 -82.1840448,40.9211136,0 -82.1830801,40.9217803,0 -82.18052160000001,40.9234382,0 -82.1798584,40.9239041,0 -82.1792555,40.9243277,0 -82.17917730000001,40.924381,0 -82.1779525,40.9252261,0 -82.17516000000001,40.9270816,0 -82.1740922,40.9278405,0 -82.1728504,40.9287231,0 -82.1723104,40.929095,0 -82.1719937,40.9293131,0 -82.17085899999999,40.9300947,0 -82.1680343,40.9319925,0 -82.16801700000001,40.9320041,0 -82.16752099999999,40.9323399,0 -82.16564169999999,40.933612,0 -82.1648787,40.9341321,0 -82.1629796,40.9354187,0 -82.1617114,40.9362774,0 -82.1597371,40.937621,0 -82.15813300000001,40.9387166,0 -82.1545437,40.9411681,0 -82.1520008,40.9429049,0 -82.1491819,40.9448301,0 -82.1488124,40.9450818,0 -82.14869109999999,40.9451644,0 -82.1476296,40.9458873,0 -82.1453679,40.9474276,0 -82.14236529999999,40.9494778,0 -82.1400852,40.9510345,0 -82.13715139999999,40.9530153,0 -82.1337601,40.9553067,0 -82.13120600000001,40.9570477,0 -82.128666,40.9587739,0 -82.1281211,40.959166,0 -82.128066,40.959205,0 -82.127334,40.9596956,0 -82.127059,40.9598822,0 -82.125516,40.9609289,0 -82.12547480000001,40.9609563,0 -82.1246507,40.9615051,0 -82.12451280000001,40.9615969,0 -82.12324479999999,40.9624227,0 -82.1229855,40.9625959,0 -82.122694,40.9627569999999,0 -82.122552,40.962848,0 -82.122137,40.9631288,0 -82.1219871,40.9632268,0 -82.1214007,40.9636103,0 -82.120316,40.964295,0 -82.119972,40.9645125,0 -82.1196394,40.9647288,0 -82.11939510000001,40.9648889,0 -82.11902000000001,40.965129,0 -82.118893,40.965212,0 -82.11727759999999,40.9662869,0 -82.11682639999999,40.9665976,0 -82.11662370000001,40.9667568,0 -82.1165285,40.966853,0 -82.1162137,40.9671227,0 -82.11612,40.967203,0 -82.1158305,40.9674638,0 -82.11572030000001,40.967563,0 -82.11483490000001,40.9683261,0 -82.1140788,40.9689778,0 -82.11369860000001,40.9692988,0 -82.1133171,40.9696338,0 -82.11299889999999,40.9699169,0 -82.1126611,40.9702059,0 -82.1123241,40.9705079,0 -82.11198880000001,40.9707694,0 -82.11197129999999,40.9707831,0 -82.1119628,40.9707897,0 -82.1117031,40.9710224,0 -82.1116402,40.9710788000001,0 -82.11163740000001,40.9710813,0 -82.111317,40.9713690000001,0 -82.11114809999999,40.9715334999999,0 -82.1110036,40.9716402,0 -82.11093630000001,40.9716898,0 -82.11055899999999,40.971925,0 -82.1105055,40.9719621,0 -82.11013269999999,40.9722209,0 -82.10963099999999,40.972569,0 -82.1094868,40.9726683,0 -82.10945649999999,40.9726892,0 -82.1087335,40.973163,0 -82.108273,40.973476,0 -82.1080268,40.9736325,0 -82.1078693,40.9737327,0 -82.1073481,40.9741003,0 -82.1067448,40.9745006,0 -82.10603,40.974993,0 -82.10585,40.975118,0 -82.10518709999999,40.9755811,0 -82.1041429,40.9762843,0 -82.1030603,40.9770212,0 -82.1018797,40.977823,0 -82.0999539,40.9791385,0 -82.098736,40.9799705,0 -82.09755250000001,40.9807689,0 -82.0965015,40.9814691,0 -82.0957739,40.9819741,0 -82.0945349,40.982812,0 -82.0944875,40.9828441,0 -82.093262,40.9836755,0 -82.0920204,40.984515,0 -82.09193260000001,40.9845748,0 -82.0909303,40.985258,0 -82.0903562,40.9856322,0 -82.09022299999999,40.985719,0 -82.08994269999999,40.9859252,0 -82.0898322,40.986006,0 -82.08867239999999,40.986783,0 -82.0886428,40.9868022,0 -82.08805599999999,40.9871823,0 -82.0877055,40.9874429,0 -82.087243,40.9877609,0 -82.0861385,40.9885043000001,0 -82.08503260000001,40.9892622,0 -82.084073,40.98988,0 -82.08359919999999,40.9902286,0 -82.08309420000001,40.9905816,0 -82.082173,40.991208,0 -82.07966399999999,40.992944,0 -82.078536,40.993729,0 -82.072238,40.99805,0 -82.071541,40.99853,0 -82.068082,41.00091,0 -82.067177,41.00153,0 -82.0668474,41.0017576,0 -82.0658798,41.0024257,0 -82.06392510000001,41.0037755,0 -82.063503,41.004067,0 -82.06239480000001,41.0048381,0 -82.062336,41.0048790000001,0 -82.061132,41.005712,0 -82.06000400000001,41.006492,0 -82.0590096,41.0071835,0 -82.057827,41.008006,0 -82.05466300000001,41.010176,0 -82.054186,41.010517,0 -82.053793,41.010842,0 -82.05363800000001,41.010982,0 -82.05343000000001,41.011187,0 -82.05322099999999,41.011418,0 -82.053028,41.011658,0 -82.052852,41.011904,0 -82.052694,41.0121569999999,0 -82.052567,41.012389,0 -82.052442,41.012653,0 -82.052336,41.012921,0 -82.05224800000001,41.013193,0 -82.05218000000001,41.013469,0 -82.05213000000001,41.013746,0 -82.052105,41.013964,0 -82.052086,41.014217,0 -82.052032,41.0173029999999,0 -82.0519975,41.0193142,0 -82.051992,41.0197058,0 -82.05194590000001,41.0216892,0 -82.0520918,41.0224727000001,0 -82.0521176,41.0230361,0 -82.0521119,41.0233595,0 -82.0520832,41.0249787,0 -82.0520489,41.0263514,0 -82.0520317,41.0268759,0 -82.0520253,41.0271030000001,0 -82.051993,41.028255,0 -82.0519802,41.0306443,0 -82.05193730000001,41.0317256,0 -82.0518,41.0328133,0 -82.0514996,41.0338881,0 -82.0511219,41.0348074,0 -82.0506413,41.0356815,0 -82.0499975,41.0365814,0 -82.04924219999999,41.0375331,0 -82.0482895,41.0384524,0 -82.0457918,41.0408153,0 -82.04508800000001,41.0414368,0 -82.04420399999999,41.0420971,0 -82.0428307,41.0428804,0 -82.04156039999999,41.0434759,0 -82.0403416,41.0439291,0 -82.0392456,41.044241,0 -82.0388344,41.0443396,0 -82.03740620000001,41.0445958,0 -82.0359471,41.0447512,0 -82.0343634,41.0448289,0 -82.0243729,41.0453119,0 -82.0236613,41.0453477,0 -82.0142233,41.0458258,0 -82.00546300000001,41.0462465,0 -81.99817299999999,41.046609,0 -81.99704,41.0467838,0 -81.996156,41.0469909,0 -81.9953921,41.0472693,0 -81.9948084,41.0475475999999,0 -81.994055,41.047969,0 -81.99377440000001,41.048186,0 -81.992812,41.04893,0 -81.99269,41.049017,0 -81.9922203,41.0493778,0 -81.9918394,41.0496703,0 -81.990703,41.050543,0 -81.98671299999999,41.053611,0 -81.9856199,41.0544146,0 -81.9853414,41.0546193,0 -81.98276799999999,41.056511,0 -81.98202329999999,41.0570833,0 -81.9810655,41.0578193,0 -81.9807101,41.0580924,0 -81.979905,41.058711,0 -81.9798263,41.0587717,0 -81.97657820000001,41.0612768,0 -81.975826,41.061857,0 -81.974766,41.062675,0 -81.9733573,41.0637719,0 -81.97326390000001,41.0638447,0 -81.9730376,41.0640131,0 -81.97257140000001,41.0643839,0 -81.9723944,41.0645217,0 -81.971975,41.0648483,0 -81.9718364,41.0649563,0 -81.9710266,41.0655796,0 -81.9705041,41.0659936999999,0 -81.97040079999999,41.0660752,0 -81.9703505,41.0661149000001,0 -81.96988570000001,41.0664816,0 -81.9682447,41.0677763,0 -81.96793649999999,41.0680195,0 -81.96788789999999,41.0680578,0 -81.9668605,41.0688683,0 -81.9661823,41.0693846,0 -81.9659207,41.0695837,0 -81.96520200000001,41.0701308,0 -81.96487399999999,41.070388,0 -81.96309789999999,41.0717808,0 -81.9629554,41.0718925,0 -81.96276140000001,41.0720446,0 -81.95894,41.075041,0 -81.9574448,41.0762084,0 -81.9571018,41.0764762,0 -81.95515399999999,41.077997,0 -81.9544245,41.0785665,0 -81.95368670000001,41.0791426,0 -81.95353179999999,41.0792635,0 -81.9533692,41.0793904,0 -81.952296,41.0802283,0 -81.9516232,41.0807536,0 -81.9512,41.081084,0 -81.9510623,41.0811919,0 -81.9509637,41.0812692,0 -81.9496931,41.082265,0 -81.94946590000001,41.082443,0 -81.94933570000001,41.0825451,0 -81.94902209999999,41.0827907999999,0 -81.948717,41.08303,0 -81.9483961,41.0832789,0 -81.9482678,41.0833784,0 -81.9482141,41.0834201,0 -81.94794779999999,41.0836266,0 -81.94780710000001,41.0837357,0 -81.9476533,41.083855,0 -81.94732430000001,41.0841101,0 -81.945407,41.085597,0 -81.94530090000001,41.0856796,0 -81.9445779,41.0862428,0 -81.9444974,41.0863054,0 -81.9443368,41.0864305,0 -81.94385389999999,41.0868066,0 -81.94358990000001,41.0870122,0 -81.94319160000001,41.0873224,0 -81.9430424,41.0874386,0 -81.9425797,41.0877989,0 -81.94242989999999,41.0879156,0 -81.9422393,41.0880641,0 -81.9421177,41.0881587999999,0 -81.94177329999999,41.088427,0 -81.9412896,41.0888037,0 -81.9406963,41.0892657,0 -81.940077,41.089748,0 -81.938862,41.0907222,0 -81.9386834,41.0908654,0 -81.937968,41.091439,0 -81.93776699999999,41.091612,0 -81.937583,41.091796,0 -81.937389,41.092011,0 -81.937265,41.092182,0 -81.937179,41.092324,0 -81.9370802,41.0925171,0 -81.936915,41.093014,0 -81.9368551,41.0932161,0 -81.9368128,41.0933764,0 -81.9367464,41.0936277,0 -81.93668479999999,41.0938718,0 -81.93664579999999,41.0940289,0 -81.9365741,41.0943176,0 -81.93597699999999,41.0966774,0 -81.93586380000001,41.0971259,0 -81.9358433,41.0972072,0 -81.93577260000001,41.0974874,0 -81.935644,41.097997,0 -81.93547940000001,41.0986744,0 -81.9353952,41.0990208,0 -81.935346,41.099223,0 -81.9352621,41.0995643,0 -81.9351908,41.0998545,0 -81.93518299999999,41.0998863,0 -81.9351035,41.1002094,0 -81.9350827,41.1002942,0 -81.93411620000001,41.1042272,0 -81.933682,41.105994,0 -81.933318,41.10725,0 -81.93318499999999,41.1077640000001,0 -81.9328845,41.1090239,0 -81.932858,41.109135,0 -81.932785,41.109338,0 -81.932712,41.1095039999999,0 -81.932597,41.10972,0 -81.932462,41.10993,0 -81.93230800000001,41.110132,0 -81.932136,41.110325,0 -81.931946,41.110509,0 -81.93174,41.110682,0 -81.9316829,41.1107238,0 -81.93151899999999,41.110844,0 -81.931461,41.110883,0 -81.931343,41.110958,0 -81.93128299999999,41.110994,0 -81.931178,41.1110540000001,0 -81.93109800000001,41.111098,0 -81.930904,41.111195,0 -81.93018600000001,41.111526,0 -81.930177,41.111527,0 -81.9301339,41.1115467,0 -81.9288033,41.112154,0 -81.9277871,41.1126184,0 -81.9263983,41.113253,0 -81.92577420000001,41.1135607,0 -81.923676,41.114595,0 -81.92303389999999,41.1149261,0 -81.9225488,41.115153,0 -81.9223707,41.1152363,0 -81.9216974,41.1154686,0 -81.92100840000001,41.1156873,0 -81.9208387,41.1157412,0 -81.920479,41.115841,0 -81.91724480000001,41.1167768,0 -81.9169904,41.1168504,0 -81.9168011,41.1169052,0 -81.91615899999999,41.117091,0 -81.9159387,41.1171533,0 -81.91526949999999,41.1173426,0 -81.9147114,41.1175005,0 -81.913968,41.1177108,0 -81.9132412,41.1179165,0 -81.9128654,41.1180228,0 -81.9122782,41.1181889,0 -81.911062,41.118533,0 -81.91002330000001,41.1188358,0 -81.9094917,41.1189907,0 -81.90931620000001,41.1190419,0 -81.9086686,41.1192306,0 -81.9079686,41.1194346,0 -81.9078976,41.1194553,0 -81.90719900000001,41.119659,0 -81.90710489999999,41.1196864,0 -81.906863,41.119757,0 -81.90638,41.119898,0 -81.90617109999999,41.1199585,0 -81.90613500000001,41.119969,0 -81.90604399999999,41.120002,0 -81.90539099999999,41.120236,0 -81.905216,41.120293,0 -81.9043348,41.1206065,0 -81.903954,41.120742,0 -81.90300120000001,41.1210813,0 -81.90269600000001,41.12119,0 -81.9026937,41.1211923,0 -81.9025362,41.1212482,0 -81.90243359999999,41.1212846,0 -81.901295,41.121688,0 -81.9004578,41.12199,0 -81.89995399999999,41.1221717,0 -81.8993248,41.1223949,0 -81.8990349,41.1224978,0 -81.8974905,41.1230433000001,0 -81.8972296,41.1231355,0 -81.8970802,41.1231883000001,0 -81.8967461,41.1233062,0 -81.89650899999999,41.12339,0 -81.8958523,41.1236044,0 -81.89557689999999,41.1236944,0 -81.89473,41.1239709999999,0 -81.89413209999999,41.124139,0 -81.89368829999999,41.1242637,0 -81.8921946,41.1246835,0 -81.892022,41.124732,0 -81.89182289999999,41.1247988,0 -81.8913695,41.124951,0 -81.8903751,41.1252847,0 -81.890103,41.125376,0 -81.88787499999999,41.126138,0 -81.887575,41.126242,0 -81.8859642,41.1268078,0 -81.88563120000001,41.1269234,0 -81.8842581,41.1273901,0 -81.88392899999999,41.127504,0 -81.88360470000001,41.1276175,0 -81.8830505,41.1278115,0 -81.882609,41.127966,0 -81.88254120000001,41.1279899,0 -81.88251270000001,41.1279999,0 -81.8816545,41.1283013,0 -81.8810556,41.1285128,0 -81.8808459,41.1285865,0 -81.88027030000001,41.128789,0 -81.87966470000001,41.1290023,0 -81.8786805,41.1293493,0 -81.878517,41.129407,0 -81.87784240000001,41.1296782,0 -81.8775929,41.1297785,0 -81.87739089999999,41.1298597,0 -81.8773565,41.1298735,0 -81.8772586,41.1299152,0 -81.87621590000001,41.1303426,0 -81.87612420000001,41.1303772,0 -81.8758279,41.1304946,0 -81.8753847,41.1306712,0 -81.874746,41.130922,0 -81.87260999999999,41.131773,0 -81.871571,41.132185,0 -81.871537,41.1321989,0 -81.87130790000001,41.1322925,0 -81.870869,41.132472,0 -81.8697027,41.1329455,0 -81.8695792,41.1329908,0 -81.869494,41.133022,0 -81.86912340000001,41.1331704,0 -81.86797799999999,41.133629,0 -81.8675695,41.1337928,0 -81.8672905,41.1339046,0 -81.867159,41.1339572999999,0 -81.8670631,41.1339958,0 -81.866731,41.1341289,0 -81.8665293,41.1341804,0 -81.86634669999999,41.1342135,0 -81.86602999999999,41.134258,0 -81.8660063,41.1342569,0 -81.86479540000001,41.1342592000001,0 -81.86465440000001,41.1342593,0 -81.8641705,41.1342598,0 -81.864011,41.13426,0 -81.86401050000001,41.1343411,0 -81.8640079,41.1347841,0 -81.8640077,41.1348165,0 -81.86400500000001,41.135265,0 -81.8640023,41.1357171,0 -81.864002,41.135762,0 -81.86399400000001,41.136253,0 -81.86399369999999,41.1366523,0 -81.8639936,41.1367435,0 -81.86399350000001,41.1368658,0 -81.8639933,41.1371563,0 -81.8639933,41.137233,0 -81.8639938,41.137632,0 -81.8639948,41.1379758,0 -81.863995,41.1380366,0 -81.8639957,41.1381548,0 -81.86399299999999,41.1385756,0 -81.86399299999999,41.1390343,0 -81.86399299999999,41.1391318,0 -81.8639933,41.1392244,0 -81.86399350000001,41.1392946,0 -81.8639945,41.1396038,0 -81.8639946,41.1396425,0 -81.8639951,41.1397813999999,0 -81.8639955,41.1399065,0 -81.863996,41.140038,0 -81.8639933,41.1405489,0 -81.86399299999999,41.14061,0 -81.86399470000001,41.1409753,0 -81.86399659999999,41.1413674000001,0 -81.8639981,41.1416819,0 -81.8639986,41.1417975,0 -81.864,41.1421,0 -81.8639993,41.1423731,0 -81.86399830000001,41.142787,0 -81.863997,41.143325,0 -81.86399400000001,41.144237,0 -81.86399400000001,41.1444169999999,0 -81.863992,41.145161,0 -81.86399489999999,41.145958,0 -81.86399299999999,41.146128,0 -81.8639901,41.1462199,0 -81.8639857,41.146315,0 -81.86396240000001,41.1464846,0 -81.8639587,41.1465137999999,0 -81.8639348,41.1466809,0 -81.86392859999999,41.1467268,0 -81.8639125,41.1468505,0 -81.86389749999999,41.1469598,0 -81.8638916,41.146996,0 -81.86387379999999,41.1471184,0 -81.8638595,41.1472087,0 -81.86382709999999,41.147423,0 -81.8638038,41.147587,0 -81.8637478,41.1479662,0 -81.8637332,41.1480625,0 -81.8637183,41.1481653,0 -81.8636954,41.1483247,0 -81.86367370000001,41.148475,0 -81.8636272,41.148756,0 -81.8636022,41.1489322,0 -81.8635487,41.1493163999999,0 -81.8635214,41.1494939,0 -81.86349629999999,41.1496678,0 -81.8634333,41.1500836,0 -81.8634895,41.1502777,0 -81.8634242,41.150727,0 -81.86336590000001,41.1511286,0 -81.86335099999999,41.1512309,0 -81.8632983,41.151637,0 -81.8632793,41.1517838,0 -81.86320550000001,41.1523017,0 -81.8631872,41.1524297,0 -81.86316739999999,41.1525835,0 -81.86316359999999,41.1526134,0 -81.86301109999999,41.1536031000001,0 -81.8629923,41.153722,0 -81.8628848,41.1544423,0 -81.8627422,41.1554477,0 -81.8627197,41.1556066,0 -81.8626999,41.1557314,0 -81.8626955,41.1557589,0 -81.8626378,41.1561618,0 -81.8625909,41.1565637,0 -81.8625735,41.1567908,0 -81.862544,41.15722,0 -81.8625217,41.1579684,0 -81.86251849999999,41.158062,0 -81.8625191,41.1582373,0 -81.86250269999999,41.1590294,0 -81.86248500000001,41.1601855,0 -81.8624011,41.1603528,0 -81.8624008,41.1605128,0 -81.8623841,41.1612198,0 -81.8623745,41.161485,0 -81.8623612,41.1618119,0 -81.86235499999999,41.1619405,0 -81.8623466,41.162083,0 -81.8622542,41.1630439,0 -81.86223649999999,41.1632234,0 -81.8622242,41.1633487,0 -81.8622086,41.1635173,0 -81.8621132,41.164549,0 -81.8620884,41.1647659,0 -81.8620354,41.1652819,0 -81.8620258,41.1653435,0 -81.8620044,41.165538,0 -81.8619989,41.1655923,0 -81.8619815,41.1657167,0 -81.8619674,41.1659001,0 -81.8619496,41.1661537,0 -81.86191049999999,41.1665338,0 -81.8618886,41.1667529,0 -81.8617958,41.1675535,0 -81.86173170000001,41.1681102000001,0 -81.8617028,41.1682631,0 -81.8616619,41.1684692,0 -81.8616214,41.1686201,0 -81.8616111,41.168666,0 -81.8615992,41.168708,0 -81.8615588,41.168846,0 -81.8614839,41.1690541999999,0 -81.8614298,41.1691837,0 -81.8613828,41.1692968,0 -81.861333,41.1694005,0 -81.86122279999999,41.169616,0 -81.8610381,41.1699427,0 -81.860546,41.170785,0 -81.8603409,41.1711487,0 -81.86026219999999,41.1712882,0 -81.85979,41.1721254,0 -81.8597743,41.1721533,0 -81.8597698,41.1721611,0 -81.8597604,41.1721736,0 -81.8595863,41.1724844,0 -81.85941459999999,41.1727896,0 -81.859168,41.1732282,0 -81.8587931,41.1738928,0 -81.85738000000001,41.176398,0 -81.85729000000001,41.176544,0 -81.85718,41.176688,0 -81.85705400000001,41.176825,0 -81.8569444,41.1769237,0 -81.85691199999999,41.176953,0 -81.85687249999999,41.176983,0 -81.85675000000001,41.177076,0 -81.856683,41.177121,0 -81.856504,41.1772259999999,0 -81.85623820000001,41.1773598,0 -81.85600549999999,41.1774767,0 -81.8554031,41.1777779,0 -81.85497599999999,41.177995,0 -81.8549101,41.178031,0 -81.854795,41.178094,0 -81.85462699999999,41.178204,0 -81.854471,41.178325,0 -81.85433,41.178456,0 -81.85420499999999,41.178595,0 -81.854096,41.178742,0 -81.854005,41.178896,0 -81.8539035,41.1791135,0 -81.85347040000001,41.1800413,0 -81.85329179999999,41.180424,0 -81.8530339,41.1809766,0 -81.85301320000001,41.1810209,0 -81.85268600000001,41.181722,0 -81.85267210000001,41.1817531,0 -81.852541,41.182047,0 -81.85241619999999,41.1823448,0 -81.85240400000001,41.182374,0 -81.8522258,41.1828264,0 -81.8521835,41.1829337,0 -81.8518193,41.1838581,0 -81.851246,41.185313,0 -81.85114900000001,41.185546,0 -81.8510556,41.1857794,0 -81.85074609999999,41.1865531,0 -81.85044550000001,41.1873044000001,0 -81.849575,41.18948,0 -81.84908799999999,41.190753,0 -81.8490125,41.1909489,0 -81.8488701,41.1913180999999,0 -81.84884889999999,41.191373,0 -81.848668,41.191842,0 -81.848533,41.192143,0 -81.84840800000001,41.192377,0 -81.848247,41.192635,0 -81.848054,41.192901,0 -81.847877,41.193115,0 -81.847685,41.193321,0 -81.84744360000001,41.1935537,0 -81.846153,41.194798,0 -81.8459876,41.19495,0 -81.84581900000001,41.195105,0 -81.8456029,41.1952847,0 -81.845451,41.195411,0 -81.844033,41.196488,0 -81.84259,41.19757,0 -81.84241900000001,41.197708,0 -81.842294,41.197826,0 -81.8420816,41.1980847,0 -81.84203100000001,41.198148,0 -81.841926,41.198325,0 -81.8418394,41.1985115,0 -81.841796,41.198646,0 -81.841752,41.198832,0 -81.8417371,41.1989548,0 -81.841729,41.199021,0 -81.84172700000001,41.199309,0 -81.8417269,41.1993242,0 -81.8417237,41.1996722,0 -81.84172169999999,41.1998937,0 -81.84171859999999,41.2002467,0 -81.841717,41.200419,0 -81.841719,41.201008,0 -81.84172100000001,41.201963,0 -81.8417206,41.2019899,0 -81.8417192,41.2020877,0 -81.8416995,41.2034272,0 -81.84168769999999,41.2042274,0 -81.84168579999999,41.2043581,0 -81.8416812,41.2046703,0 -81.8416793,41.2047984,0 -81.8416697,41.205451,0 -81.8416622,41.2059585,0 -81.8416581,41.2062364,0 -81.8416553,41.2064282,0 -81.84164389999999,41.2072057,0 -81.8416297,41.2081711,0 -81.841623,41.208625,0 -81.84161,41.209493,0 -81.84159630000001,41.2103804,0 -81.84158429999999,41.2111622,0 -81.84156299999999,41.21255,0 -81.8415607,41.2127307,0 -81.8415595,41.2128246,0 -81.8415461,41.2138872,0 -81.8415423,41.2141907,0 -81.8415373,41.2145834,0 -81.84152400000001,41.2156298,0 -81.841517,41.216185,0 -81.8415126,41.2167851,0 -81.8415103,41.217102,0 -81.8415095,41.2172048,0 -81.8415088,41.2173036,0 -81.8415062,41.2176571,0 -81.84150390000001,41.2179753,0 -81.8415001,41.2184713,0 -81.84149379999999,41.2193591,0 -81.841486,41.220426,0 -81.8414827,41.2208902,0 -81.8414784,41.2215701,0 -81.841476,41.2219413,0 -81.8414756,41.221996,0 -81.84147470000001,41.2220817,0 -81.8414719,41.2223374,0 -81.8414667,41.2229173,0 -81.841466,41.222992,0 -81.8414653,41.223074,0 -81.84146509999999,41.2231046,0 -81.8414628,41.2233753,0 -81.8414614,41.2235479,0 -81.8414573,41.2240508,0 -81.8414561,41.2241922,0 -81.84145289999999,41.2245809,0 -81.8414504,41.2248828,0 -81.84144999999999,41.224936,0 -81.8414465,41.2253377,0 -81.8414334,41.2261919,0 -81.8414248,41.2265601,0 -81.8414248,41.2266609,0 -81.84142490000001,41.2268006,0 -81.841425,41.2268771,0 -81.841425,41.2269448,0 -81.8414255,41.2279664000001,0 -81.84138830000001,41.2287651,0 -81.8413994,41.229427,0 -81.8414001,41.229512,0 -81.8414022,41.2296711000001,0 -81.8414099,41.2302423,0 -81.8414095,41.2302954,0 -81.8414093,41.2303257,0 -81.84140840000001,41.2304585,0 -81.84140789999999,41.2305364,0 -81.8414061,41.2308045,0 -81.841398,41.2312027,0 -81.8413994,41.2317947,0 -81.8413853,41.2322933,0 -81.8413809,41.2327381,0 -81.8413778,41.2328933,0 -81.84138230000001,41.2331387,0 -81.841369,41.2338294,0 -81.8413678,41.2338909,0 -81.8413681,41.2340372,0 -81.8413673,41.2341641,0 -81.84135980000001,41.234468,0 -81.84135910000001,41.2345771000001,0 -81.8413568,41.2347298,0 -81.8413564,41.2349854,0 -81.8413554,41.2353146,0 -81.8413436,41.2360989,0 -81.8413237,41.23646,0 -81.84132200000001,41.2366754,0 -81.8413278,41.2368202,0 -81.8413315,41.2368539,0 -81.8413304,41.2370089,0 -81.8413295,41.2370704999999,0 -81.841329,41.2373271,0 -81.8413249,41.2375658,0 -81.84132169999999,41.2376854,0 -81.8413164,41.2380401,0 -81.84131840000001,41.2380843,0 -81.8413257,41.2382399,0 -81.8413266,41.2383788,0 -81.8413309,41.2390932,0 -81.8413285,41.2392845,0 -81.8413243,41.2396236,0 -81.841319,41.2400416000001,0 -81.8413168,41.2402205,0 -81.8413135,41.2404806,0 -81.841311,41.2406813,0 -81.8413077,41.2409393,0 -81.8413048,41.2411738,0 -81.8413022,41.2413792,0 -81.841297,41.241796,0 -81.8412914,41.2421150999999,0 -81.84128870000001,41.2422696,0 -81.8412766,41.2436286,0 -81.8412759,41.2437101,0 -81.841274,41.2439175,0 -81.8412732,41.244007,0 -81.841269,41.244484,0 -81.8412692,41.2445001,0 -81.841267,41.2449373,0 -81.8412677,41.2450979,0 -81.84126670000001,41.2455148,0 -81.84125969999999,41.2460117,0 -81.84124,41.247423,0 -81.84123750000001,41.2476668,0 -81.84123099999999,41.248312,0 -81.84123,41.2483960000001,0 -81.8412234,41.2489358,0 -81.84121879999999,41.2493187,0 -81.8412187,41.2493439,0 -81.8412197,41.2493965,0 -81.841219,41.249503,0 -81.841216,41.249925,0 -81.84121570000001,41.2499579,0 -81.8412139,41.2501911,0 -81.8412125,41.2503706,0 -81.84120849999999,41.2508868,0 -81.8412026,41.2516554,0 -81.84120129999999,41.2518294,0 -81.841194,41.2527528,0 -81.8411909,41.2531620000001,0 -81.8411898,41.2533067000001,0 -81.8411878,41.253565,0 -81.84118599999999,41.253796,0 -81.8411813,41.2542842,0 -81.841182,41.25448,0 -81.84117620000001,41.2550653,0 -81.8411753,41.2551573,0 -81.8411734,41.255357,0 -81.841171,41.2555959999999,0 -81.84116899999999,41.255854,0 -81.8411682,41.2559375,0 -81.841166,41.256164,0 -81.8411658,41.2561790000001,0 -81.84116349999999,41.2563579,0 -81.84116299999999,41.256393,0 -81.8411627,41.256425,0 -81.84116,41.256732,0 -81.8411602,41.2567589,0 -81.841162,41.256981,0 -81.84116299999999,41.257103,0 -81.841165,41.257418,0 -81.84116330000001,41.2578033,0 -81.84116299999999,41.2578725,0 -81.841161,41.258336,0 -81.84116059999999,41.2584096,0 -81.8411603,41.25847,0 -81.8411579,41.2589284,0 -81.841156,41.259302,0 -81.841156,41.2595689,0 -81.841156,41.259753,0 -81.8411557,41.2601774,0 -81.84115559999999,41.2602879,0 -81.8411543,41.2604248,0 -81.8411536,41.2605325,0 -81.8411552,41.2605772,0 -81.8411596,41.2609852,0 -81.8411516,41.2612253,0 -81.841148,41.261454,0 -81.8411476,41.2615652999999,0 -81.841145,41.262389,0 -81.841145,41.262568,0 -81.8411486,41.2628682,0 -81.84114959999999,41.2629521,0 -81.8411543,41.2633446,0 -81.8411528,41.2635383,0 -81.8411503,41.2638554,0 -81.841148,41.263923,0 -81.84115009999999,41.2646587,0 -81.8411504,41.2647452,0 -81.841151,41.264953,0 -81.84115180000001,41.2650253999999,0 -81.84115389999999,41.2652238,0 -81.84115869999999,41.2654809,0 -81.841154,41.2658269000001,0 -81.841154,41.2660575000001,0 -81.841155,41.266457,0 -81.84113499999999,41.266634,0 -81.84111059999999,41.266743,0 -81.84106800000001,41.2669330000001,0 -81.84106,41.266968,0 -81.84096700000001,41.267232,0 -81.8409544,41.267258,0 -81.840845,41.267484,0 -81.8406452,41.2678116,0 -81.840615,41.267861,0 -81.84035900000001,41.268281,0 -81.84007029999999,41.2687801,0 -81.839866,41.269092,0 -81.8398373,41.2691392,0 -81.8394876,41.2697138,0 -81.8393282,41.2699758,0 -81.83905,41.270433,0 -81.8387822,41.27087,0 -81.838769,41.270894,0 -81.8387099,41.2709998,0 -81.838528,41.271291,0 -81.83843280000001,41.2714451,0 -81.8382203,41.271795,0 -81.8380428,41.2720873,0 -81.8379441,41.2722498999999,0 -81.83782890000001,41.2724394,0 -81.837602,41.272813,0 -81.8372938,41.2733237,0 -81.8370139,41.2737875,0 -81.836923,41.273938,0 -81.8368849,41.2740129,0 -81.83647569999999,41.2746834,0 -81.836465,41.274695,0 -81.8362582,41.2750383,0 -81.8362449,41.2750603,0 -81.8362316,41.2750819,0 -81.83620380000001,41.2751269,0 -81.83615,41.275214,0 -81.8359863,41.2754813999999,0 -81.83591509999999,41.2755977,0 -81.8358412,41.2757271,0 -81.835229,41.2767985,0 -81.835154,41.276926,0 -81.83511,41.27705,0 -81.83508,41.277242,0 -81.8351114,41.2802563,0 -81.8351176,41.2808191,0 -81.835128,41.2815378,0 -81.8351352,41.2820136,0 -81.83514220000001,41.282476,0 -81.83515060000001,41.2830286000001,0 -81.8351591,41.2835869,0 -81.8351603,41.2836805,0 -81.8351622,41.2838062,0 -81.8351728,41.284495,0 -81.83517399999999,41.284572,0 -81.8351724,41.2846478000001,0 -81.8351639,41.285052,0 -81.8351601,41.2852285,0 -81.8351629,41.2863552,0 -81.8351633,41.2864987,0 -81.8351637,41.2866471,0 -81.8351677,41.2879907,0 -81.83516969999999,41.2886494,0 -81.8351807,41.2893141,0 -81.8351868,41.2901903999999,0 -81.835188,41.2903664,0 -81.83519010000001,41.2905099,0 -81.8351919,41.2906301,0 -81.83519510000001,41.2908798,0 -81.8351957,41.2909303,0 -81.83519680000001,41.2910176,0 -81.8351986,41.2911598,0 -81.8352101,41.2920806,0 -81.835213,41.292317,0 -81.835205,41.2934621,0 -81.8352014,41.293984,0 -81.8351983,41.2944277,0 -81.83519800000001,41.2944670999999,0 -81.8351988,41.2945776,0 -81.835199,41.294606,0 -81.835199,41.2946728000001,0 -81.835199,41.2949534,0 -81.835199,41.2953792,0 -81.835199,41.296135,0 -81.835199,41.2962616,0 -81.8351993,41.297142,0 -81.83520009999999,41.2975541,0 -81.83520040000001,41.2977187,0 -81.83520059999999,41.2978571,0 -81.8352017,41.2984519,0 -81.83520179999999,41.2985639,0 -81.83520249999999,41.2990682,0 -81.8352027,41.2992675,0 -81.8352053,41.2996553,0 -81.83520609999999,41.2997842,0 -81.835205,41.2998777999999,0 -81.83520129999999,41.3001955,0 -81.8351993,41.3005638,0 -81.835199,41.300622,0 -81.8352026,41.3012848,0 -81.83521159999999,41.3019766,0 -81.8352158,41.3023041,0 -81.83521090000001,41.302832,0 -81.8352115,41.3029452,0 -81.8352124,41.3031002,0 -81.83521279999999,41.3031788999999,0 -81.8352148,41.3035453,0 -81.83521570000001,41.3037212,0 -81.835217,41.3039624,0 -81.8352122,41.3040593,0 -81.83520780000001,41.3041489,0 -81.8352077,41.3042398,0 -81.835207,41.3047072,0 -81.8352062,41.3052403,0 -81.835206,41.305342,0 -81.8352069,41.3054461,0 -81.83520969999999,41.3057567,0 -81.83521279999999,41.3061167,0 -81.8352191,41.3063965,0 -81.8352166,41.3065456,0 -81.8352175,41.3066423,0 -81.835218,41.3066977,0 -81.835219,41.3068135,0 -81.8352211,41.3070566,0 -81.8352241,41.3074033,0 -81.8352254,41.3075456,0 -81.835229,41.3079537,0 -81.8352297,41.3080295,0 -81.8352257,41.3084738000001,0 -81.83522480000001,41.3085768,0 -81.835234,41.3087261,0 -81.835234,41.3089277,0 -81.835234,41.3090103,0 -81.835234,41.3092006,0 -81.8352326,41.3097043,0 -81.8352324,41.3097501,0 -81.835232,41.3098469,0 -81.8352313,41.3100224,0 -81.83523080000001,41.310156,0 -81.8352295,41.3104632,0 -81.83522910000001,41.3105543,0 -81.8352289,41.3105973,0 -81.8352283,41.3107531,0 -81.8352275,41.310963,0 -81.83522619999999,41.3112845,0 -81.83522600000001,41.3113143,0 -81.8352241,41.311791,0 -81.8352235,41.3119396,0 -81.835223,41.3120572,0 -81.8352228,41.3121168,0 -81.8352222,41.312268,0 -81.83522139999999,41.3124581,0 -81.8352206,41.3126516,0 -81.8352203,41.3127289,0 -81.8352198,41.3128584,0 -81.8352191,41.313018,0 -81.8352186,41.313144,0 -81.83521829999999,41.3132217,0 -81.8352178,41.3133352,0 -81.8352173,41.3134738,0 -81.8352163,41.3137127,0 -81.83521500000001,41.3140269,0 -81.8352105,41.3142297999999,0 -81.8352069,41.3144391,0 -81.8351914,41.3148071,0 -81.8351722,41.315263,0 -81.8351677,41.3153701,0 -81.8351705,41.3154623,0 -81.8351799,41.3157711,0 -81.8352288,41.3161444,0 -81.8353102,41.3165483,0 -81.8353692,41.3168408,0 -81.8354959,41.3174579,0 -81.83558410000001,41.3179212,0 -81.8356062,41.3180369,0 -81.8356788,41.3184513,0 -81.8357254,41.3187143000001,0 -81.8357541,41.3188811,0 -81.83586870000001,41.3194903,0 -81.83590839999999,41.3197065,0 -81.83594669999999,41.3199213,0 -81.835978,41.3200965,0 -81.836088,41.320713,0 -81.83613459999999,41.3209387,0 -81.8361477,41.3210114,0 -81.83616979999999,41.3211217,0 -81.83625000000001,41.321522,0 -81.8362683,41.3216168000001,0 -81.8364042,41.3223199,0 -81.83641160000001,41.3223581,0 -81.83642260000001,41.3224152,0 -81.8364737,41.3226796,0 -81.8365696,41.3231757,0 -81.83665240000001,41.3236042,0 -81.836674,41.323716,0 -81.8366939,41.3238313,0 -81.8367192,41.3239777,0 -81.8367413,41.3241056,0 -81.8367813,41.324337,0 -81.8368042,41.3244699,0 -81.8368498,41.3247336,0 -81.8368771,41.3248918000001,0 -81.8368966,41.3250046,0 -81.837019,41.3257131,0 -81.83706599999999,41.325985,0 -81.83709500000001,41.3262779,0 -81.8371121,41.3264505,0 -81.83712250000001,41.3265552,0 -81.8371448,41.3267765,0 -81.8371561,41.3268885,0 -81.8371283,41.3271843999999,0 -81.8371222,41.3272634,0 -81.8371154,41.3273525000001,0 -81.8370932,41.3276415,0 -81.8370658,41.3279984,0 -81.83701480000001,41.3286629,0 -81.8369967,41.3288996,0 -81.8369696,41.3292522000001,0 -81.8369312,41.3297533,0 -81.8369052,41.3300926,0 -81.83689800000001,41.330186,0 -81.8368426,41.3306749,0 -81.8368193,41.3308802,0 -81.83676939999999,41.3313208,0 -81.83670669999999,41.3318738,0 -81.8366886,41.3320336,0 -81.836673,41.332171,0 -81.8366723,41.332336,0 -81.83667199999999,41.332408,0 -81.836597,41.3326680000001,0 -81.8365191,41.3328481999999,0 -81.8364904,41.3329145000001,0 -81.836431,41.333052,0 -81.836146,41.333458,0 -81.835643,41.333883,0 -81.8353772,41.3340496,0 -81.835075,41.334239,0 -81.83425459999999,41.3347611,0 -81.833939,41.334967,0 -81.833253,41.335536,0 -81.8326527,41.3361647,0 -81.8325597,41.3362661000001,0 -81.832493,41.3363333,0 -81.83063199999999,41.33827,0 -81.82987319999999,41.3391933000001,0 -81.82980259999999,41.3392792,0 -81.8296682,41.3394323,0 -81.829089,41.340092,0 -81.8282719,41.3411015,0 -81.8278323,41.3416256,0 -81.82723350000001,41.3423981,0 -81.8271665,41.3424845,0 -81.8270479,41.3426375000001,0 -81.826812,41.342942,0 -81.82673579999999,41.3430318,0 -81.82669009999999,41.3430857,0 -81.82640960000001,41.3434162,0 -81.82624,41.343616,0 -81.8260126,41.3438901,0 -81.82592270000001,41.3439985,0 -81.82589280000001,41.3440339,0 -81.8258124,41.3441292,0 -81.8255982,41.3443892,0 -81.82554399999999,41.3444549999999,0 -81.8254524,41.3445624,0 -81.82509450000001,41.3449823,0 -81.8250046,41.3450878,0 -81.824822,41.345302,0 -81.8245136,41.3456663000001,0 -81.8241735,41.3460679,0 -81.82411500000001,41.346137,0 -81.8240543,41.3462097,0 -81.8238381,41.3464686,0 -81.82371910000001,41.3466112,0 -81.8235724,41.3467865,0 -81.8235591,41.3468033999999,0 -81.8234842,41.3468923,0 -81.8234054,41.3469859000001,0 -81.82320679999999,41.3472212,0 -81.8231332,41.3473083,0 -81.82311989999999,41.3473241,0 -81.8228531,41.3476401,0 -81.822791,41.3477137,0 -81.82264499999999,41.3478866,0 -81.8226105,41.3479275,0 -81.8224874,41.3480849,0 -81.822242,41.348364,0 -81.8221702,41.3484555,0 -81.821595,41.3491881,0 -81.821299,41.349565,0 -81.8212217,41.3497305,0 -81.8211857,41.3498075,0 -81.821107,41.349976,0 -81.820977,41.35034,0 -81.82090100000001,41.350571,0 -81.8208467,41.350736,0 -81.820756,41.351251,0 -81.820447,41.353086,0 -81.8204344,41.3531392,0 -81.82045909999999,41.3532766,0 -81.8203597,41.353552,0 -81.82023649999999,41.3538935,0 -81.8199716,41.3543701,0 -81.8199547,41.3544095,0 -81.81963880000001,41.3548857,0 -81.819586,41.3549641,0 -81.8193022,41.3553421000001,0 -81.8191384,41.3555726,0 -81.818848,41.3560641,0 -81.8183301,41.3566264,0 -81.818178,41.356806,0 -81.8178963,41.3570675,0 -81.8174301,41.3574853,0 -81.8173694,41.3575397,0 -81.8172599,41.3576378,0 -81.817138,41.357747,0 -81.81704480000001,41.3578227,0 -81.8166698,41.3581273,0 -81.8163203,41.3584112,0 -81.8157583,41.3588676,0 -81.81564969999999,41.3589558,0 -81.815583,41.35901,0 -81.81535220000001,41.3592045,0 -81.8152509,41.3592891,0 -81.8147888,41.3596751,0 -81.8147183,41.359734,0 -81.81453380000001,41.359888,0 -81.8143949,41.3600063,0 -81.8143779,41.3600208,0 -81.8139575,41.3603787999999,0 -81.81381399999999,41.360501,0 -81.813418,41.3608098,0 -81.8130699,41.3610811,0 -81.81302119999999,41.3611191,0 -81.8125359,41.3614975,0 -81.8124681,41.3615528000001,0 -81.81135399999999,41.362461,0 -81.81055499999999,41.363108,0 -81.809757,41.363789,0 -81.80928129999999,41.3641416,0 -81.80921650000001,41.3641896,0 -81.8088327,41.3644783,0 -81.8083785,41.3648155000001,0 -81.80811199999999,41.3650158,0 -81.8073174,41.3656349999999,0 -81.8071226,41.3657868000001,0 -81.8070015,41.3658812,0 -81.8068605,41.365991,0 -81.806781,41.366053,0 -81.8066692,41.3661487,0 -81.8065916,41.3662152,0 -81.80635479999999,41.366418,0 -81.8062449,41.3665121,0 -81.80592,41.3667904,0 -81.8057689,41.3669198,0 -81.805701,41.366978,0 -81.80563359999999,41.3670343,0 -81.8053197,41.3672967,0 -81.80511730000001,41.3674659,0 -81.80494849999999,41.3676175,0 -81.8048747,41.3676837000001,0 -81.8047976,41.3677467,0 -81.8045303,41.3679644,0 -81.80418,41.3682513,0 -81.804057,41.368352,0 -81.8039137,41.3684749,0 -81.8038403,41.3685378,0 -81.8036814,41.368674,0 -81.80351,41.368821,0 -81.80348429999999,41.368841,0 -81.8033339,41.3689579,0 -81.803246,41.3690262,0 -81.8031398,41.3691208,0 -81.8029875,41.3692471,0 -81.802605,41.369597,0 -81.8021881,41.3699445,0 -81.80185400000001,41.370223,0 -81.8014664,41.3705656,0 -81.8014108,41.3706147,0 -81.80131249999999,41.3707016,0 -81.80100179999999,41.3709762,0 -81.8008191,41.3711377,0 -81.80033,41.37157,0 -81.79907799999999,41.372682,0 -81.79844559999999,41.3732237,0 -81.7979545,41.3736497,0 -81.7973519,41.3741858,0 -81.7967074,41.3747693,0 -81.7966605,41.3748118,0 -81.796121,41.375296,0 -81.7958288,41.3755583000001,0 -81.7955327,41.3758046,0 -81.7950288,41.3761809,0 -81.7950159,41.3761903,0 -81.7950084,41.3761957,0 -81.79500179999999,41.3762005,0 -81.79485099999999,41.37631,0 -81.7946316,41.3764173,0 -81.794616,41.376425,0 -81.7941131,41.376642,0 -81.7940833,41.3766548,0 -81.7937713,41.3767894,0 -81.7937616,41.3767936,0 -81.7937397,41.3768025,0 -81.7937153,41.3768125,0 -81.7936591,41.3768355,0 -81.793609,41.376856,0 -81.79332960000001,41.3769703,0 -81.79320079999999,41.3770229999999,0 -81.7927383,41.37721,0 -81.7926914,41.3772293,0 -81.7921632,41.377447,0 -81.79203699999999,41.377499,0 -81.79189820000001,41.3775602,0 -81.7915904,41.3776958,0 -81.7914588,41.3777538,0 -81.7913727,41.3777916999999,0 -81.791359,41.3777978,0 -81.79134500000001,41.377804,0 -81.79126290000001,41.3778376,0 -81.79117840000001,41.3778721999999,0 -81.791152,41.377883,0 -81.79057090000001,41.3781209,0 -81.79033010000001,41.3782195,0 -81.7902169,41.3782662,0 -81.789962,41.3783715,0 -81.7898067,41.3784356,0 -81.789676,41.3784895,0 -81.78920239999999,41.378685,0 -81.78894750000001,41.3787902,0 -81.7886713,41.3788994,0 -81.78862340000001,41.3789183,0 -81.78854200000001,41.3789516,0 -81.78839499999999,41.3790118,0 -81.7882779,41.3790597,0 -81.78793400000001,41.3792005,0 -81.78779160000001,41.3792589,0 -81.787701,41.379296,0 -81.78762949999999,41.3793250000001,0 -81.78676710000001,41.3796754,0 -81.7863335,41.3798515,0 -81.7859692,41.3799988,0 -81.7855955,41.3801499,0 -81.7854286,41.3802174,0 -81.7850248,41.3803824,0 -81.78488849999999,41.3804380999999,0 -81.7847127,41.3805099,0 -81.7845313,41.3805819,0 -81.7842575,41.3806906000001,0 -81.7840226,41.3807839,0 -81.7837102,41.380908,0 -81.7836459,41.3809335,0 -81.78356460000001,41.3809656999999,0 -81.78345640000001,41.3810087,0 -81.78329770000001,41.3810717,0 -81.7832015,41.3811099,0 -81.78294030000001,41.3812136,0 -81.7828373,41.3812544999999,0 -81.78248429999999,41.3813951,0 -81.7823853,41.3814346,0 -81.78226979999999,41.3814765,0 -81.78197729999999,41.3815826,0 -81.78171740000001,41.3816778,0 -81.781567,41.381725,0 -81.7814237,41.3817699,0 -81.78128959999999,41.3818257000001,0 -81.7811688,41.3818674,0 -81.78093459999999,41.3819482,0 -81.7806434,41.3820487,0 -81.7805072,41.3820941,0 -81.78047410000001,41.3821052,0 -81.7804249,41.3821216,0 -81.7802439,41.382182,0 -81.78013900000001,41.382217,0 -81.7798396,41.3823244,0 -81.7794075,41.3824793,0 -81.77892300000001,41.382653,0 -81.77841340000001,41.3828013,0 -81.7782685,41.3828434,0 -81.7777577,41.382992,0 -81.777627,41.38303,0 -81.77753559999999,41.3830578,0 -81.77706449999999,41.3832008,0 -81.7768635,41.3832618,0 -81.7764681,41.3833818,0 -81.776385,41.383407,0 -81.77623989999999,41.3834495,0 -81.775842,41.383566,0 -81.77577700000001,41.383585,0 -81.775532,41.3836624,0 -81.7754523,41.3836876,0 -81.7752784,41.3837426,0 -81.77467900000001,41.383932,0 -81.7745747,41.383966,0 -81.77448200000001,41.3839963,0 -81.77416700000001,41.3841003,0 -81.773978,41.384161,0 -81.7737671,41.3842248,0 -81.77356760000001,41.3842852,0 -81.773276,41.3843734,0 -81.77319970000001,41.3843965,0 -81.7731574,41.3844093,0 -81.77288590000001,41.3844914999999,0 -81.772747,41.3845335,0 -81.7725382,41.3845967,0 -81.772339,41.384657,0 -81.77201669999999,41.3847582,0 -81.7718732,41.3848033,0 -81.77155089999999,41.3849045,0 -81.771202,41.385014,0 -81.77054099999999,41.385311,0 -81.770392,41.3853866,0 -81.7698484,41.3856624,0 -81.7697084,41.3857335,0 -81.76913,41.386027,0 -81.76893920000001,41.3861238,0 -81.7688454,41.3861714,0 -81.768798,41.3861954,0 -81.7685623,41.3863151,0 -81.7684064,41.3863942,0 -81.76835079999999,41.3864224,0 -81.7683005,41.3864479,0 -81.7681362,41.3865313,0 -81.767922,41.38664,0 -81.76768970000001,41.3867496,0 -81.7675325,41.3868238000001,0 -81.7674209,41.3868764,0 -81.76724040000001,41.3869615,0 -81.7672094,41.3869761,0 -81.7670464,41.3870529000001,0 -81.766954,41.3870965,0 -81.76677119999999,41.3871827,0 -81.7663902,41.3873624,0 -81.7663008,41.3874046,0 -81.766232,41.387437,0 -81.7660209,41.3875466,0 -81.7658378,41.3876417,0 -81.7657134,41.3877063,0 -81.76550949999999,41.3878122,0 -81.7654404,41.3878481,0 -81.7650055,41.388074,0 -81.7647886,41.3881866,0 -81.7645514,41.3883151,0 -81.7644751,41.3883656,0 -81.7643288,41.3884567,0 -81.7642756,41.3884909,0 -81.764161,41.388565,0 -81.7641387,41.3885794,0 -81.76401439999999,41.3886599000001,0 -81.76388679999999,41.3887525,0 -81.76383920000001,41.3887871,0 -81.7636174,41.3889485,0 -81.76354240000001,41.3890078,0 -81.7634681,41.3890678,0 -81.7631702,41.3893086,0 -81.7631239,41.3893474,0 -81.7629771,41.3894704,0 -81.7628812,41.3895508,0 -81.76262389999999,41.3897663,0 -81.7625786,41.3898046,0 -81.76251670000001,41.3898571,0 -81.7624208,41.3899386,0 -81.7623923,41.3899625,0 -81.7620016,41.3902891,0 -81.7619255,41.3903526,0 -81.76144739999999,41.3907517,0 -81.7609271,41.3911875,0 -81.7607367,41.3913431,0 -81.76056850000001,41.3914805,0 -81.76040570000001,41.3916134,0 -81.7601994,41.3917819,0 -81.7601236,41.3918438,0 -81.7600274,41.3919224,0 -81.7598241,41.3920887,0 -81.7597117,41.3921796,0 -81.75956979999999,41.3922914000001,0 -81.7592779,41.3925213,0 -81.7589981,41.3927417,0 -81.758933,41.392793,0 -81.7588988,41.3928232,0 -81.75884000000001,41.3928752,0 -81.7587247,41.3929771,0 -81.7585078,41.3931689,0 -81.7584422,41.3932269,0 -81.7582913,41.3933603,0 -81.7580016,41.3936164,0 -81.7579861,41.3936301,0 -81.757743,41.393845,0 -81.7571911,41.3943163,0 -81.7570614,41.3944271,0 -81.75697599999999,41.3945,0 -81.75673620000001,41.3946961,0 -81.75667199999999,41.3947486,0 -81.75664999999999,41.3947666,0 -81.7559941,41.3953029,0 -81.7557463,41.3955056,0 -81.7555388,41.3956753000001,0 -81.7552427,41.3959174,0 -81.754913,41.396187,0 -81.754865,41.3962245,0 -81.7547328,41.396328,0 -81.7545057,41.3965057999999,0 -81.7537389,41.3971354,0 -81.7532111,41.3975715,0 -81.75318249999999,41.3976653,0 -81.7529577,41.3978508,0 -81.7524248,41.3982907,0 -81.75214870000001,41.3985237,0 -81.7519228,41.3987185,0 -81.7512768,41.3992499,0 -81.7511399,41.3993681,0 -81.7511308,41.3993709,0 -81.75102339999999,41.3994042,0 -81.75058300000001,41.3997755,0 -81.750204,41.400095,0 -81.74918289999999,41.4008833,0 -81.7484594,41.4014419,0 -81.748379,41.401504,0 -81.74830230000001,41.4015684,0 -81.746819,41.402813,0 -81.7466244,41.402964,0 -81.7463565,41.4031718,0 -81.7461551,41.403328,0 -81.74579420000001,41.4036318,0 -81.7457222,41.4036923,0 -81.745532,41.4038524,0 -81.745407,41.403949,0 -81.745339,41.4040085,0 -81.7450647,41.4042126,0 -81.7449943,41.4042649,0 -81.744713,41.4044824,0 -81.744621,41.4045527,0 -81.74432729999999,41.4047793,0 -81.74420000000001,41.404877,0 -81.74405779999999,41.4049924,0 -81.74381940000001,41.405186,0 -81.7436864,41.405294,0 -81.74363510000001,41.4053358,0 -81.7434884,41.4054554,0 -81.74340530000001,41.4055232,0 -81.74334349999999,41.4055733,0 -81.743189,41.4056984,0 -81.74300049999999,41.4058512,0 -81.74283749999999,41.4059833,0 -81.742626,41.406155,0 -81.7424663,41.4062846000001,0 -81.7423584,41.4063722,0 -81.7423142,41.4064081,0 -81.742148,41.406543,0 -81.74182999999999,41.406797,0 -81.7414196,41.4071502,0 -81.741356,41.407205,0 -81.7411405,41.4073864,0 -81.7409656,41.4075338,0 -81.74082060000001,41.407656,0 -81.7406818,41.4077729,0 -81.7405134,41.4079147,0 -81.7404128,41.4079994,0 -81.740363,41.4080427,0 -81.7402489,41.4081386,0 -81.7400209,41.408333,0 -81.739893,41.408442,0 -81.73974130000001,41.4085617,0 -81.7395923,41.408678,0 -81.7392569,41.4089638,0 -81.73923859999999,41.4089794,0 -81.738956,41.40923,0 -81.7388433,41.4093272,0 -81.73846930000001,41.409656,0 -81.73810709999999,41.4099746,0 -81.7374056,41.4105835,0 -81.7371965,41.4107644,0 -81.7368915,41.411041,0 -81.7367057,41.411201,0 -81.7364785,41.4113973000001,0 -81.736448,41.4114237,0 -81.7362435,41.4115989,0 -81.73609949999999,41.4117229,0 -81.7359506,41.4118511,0 -81.7357059,41.4120617,0 -81.73552170000001,41.4122203,0 -81.735299,41.412412,0 -81.7352685,41.4124396,0 -81.73516650000001,41.412532,0 -81.7351032,41.4125893,0 -81.7349791,41.4127016000001,0 -81.73466980000001,41.4129815,0 -81.7346154,41.4130307,0 -81.73445599999999,41.413175,0 -81.73429489999999,41.4133163,0 -81.7339753,41.4135966,0 -81.73396030000001,41.4136097,0 -81.733333,41.41416,0 -81.7330774,41.41436,0 -81.7330305,41.4143967,0 -81.73285989999999,41.4145301,0 -81.73285509999999,41.4145339,0 -81.73274600000001,41.4146201,0 -81.73265929999999,41.4146886,0 -81.7324778,41.4148477000001,0 -81.7324692,41.4148552,0 -81.7321559,41.4151439,0 -81.7321156,41.4151811,0 -81.73193879999999,41.415344,0 -81.7318982,41.4153814,0 -81.7311344,41.4160336,0 -81.73111400000001,41.416051,0 -81.73087870000001,41.4162514,0 -81.7308749,41.4162546,0 -81.73070300000001,41.416401,0 -81.7305803,41.4165147,0 -81.7303392,41.4167318,0 -81.730248,41.4168062,0 -81.729826,41.417141,0 -81.72981299999999,41.417153,0 -81.7294924,41.4174466,0 -81.7293377,41.4175802,0 -81.729141,41.417757,0 -81.72876340000001,41.4180961,0 -81.7284047,41.4184182,0 -81.7282508,41.4185564,0 -81.7280887,41.418702,0 -81.7279711,41.4188053,0 -81.7277437,41.4190049,0 -81.7273668,41.4193358,0 -81.72710360000001,41.4195669,0 -81.72692000000001,41.4197281,0 -81.72680939999999,41.4198239,0 -81.7262966,41.4202682,0 -81.7257711,41.4207317,0 -81.7252579,41.4211721,0 -81.7250519,41.4213511,0 -81.7241434,41.4221317,0 -81.72402390000001,41.4222376999999,0 -81.72372180000001,41.4225057,0 -81.72338379999999,41.4228062,0 -81.7232601,41.4229154,0 -81.7231321,41.4230234,0 -81.7229086,41.4232113,0 -81.72238900000001,41.423648,0 -81.722328,41.423701,0 -81.722066,41.4239284,0 -81.7216368,41.424302,0 -81.7211911,41.4246822,0 -81.720985,41.424858,0 -81.7206446,41.4251396,0 -81.7201802,41.4255238,0 -81.7199099,41.4257475,0 -81.71984999999999,41.425797,0 -81.7196671,41.4259537,0 -81.71953809999999,41.4260642,0 -81.7190487,41.4264835,0 -81.71866300000001,41.4268140000001,0 -81.7183677,41.4270668,0 -81.71805670000001,41.427333,0 -81.71777040000001,41.4275952,0 -81.717732,41.427632,0 -81.717645,41.427711,0 -81.71743069999999,41.4279057,0 -81.71731699999999,41.428009,0 -81.717142,41.4281510000001,0 -81.7169612,41.4283038,0 -81.7167567,41.4284825000001,0 -81.7166671,41.4285595,0 -81.71644980000001,41.4287463,0 -81.716199,41.428962,0 -81.7158214,41.4292774,0 -81.71554089999999,41.4295116,0 -81.715238,41.4297646,0 -81.7151605,41.4298293,0 -81.715096,41.4298869,0 -81.7148052,41.4301468,0 -81.71447139999999,41.4304452,0 -81.714353,41.430551,0 -81.71399700000001,41.4308657,0 -81.7138142,41.4310274,0 -81.713464,41.431337,0 -81.71292699999999,41.431777,0 -81.712687,41.43207,0 -81.712628,41.432142,0 -81.71259019999999,41.4321861,0 -81.711924,41.432964,0 -81.711884,41.433017,0 -81.71140800000001,41.433608,0 -81.711206,41.433843,0 -81.7111312,41.4339263,0 -81.7109753,41.4341168,0 -81.7108801,41.4342384,0 -81.71081599999999,41.4343104,0 -81.7107723,41.4343595,0 -81.710606,41.4345722,0 -81.710488,41.434716,0 -81.7102479,41.4350014,0 -81.7100708,41.4352118,0 -81.70999999999999,41.435296,0 -81.7095843,41.4357923,0 -81.70949109999999,41.4359017,0 -81.7090479,41.4364217,0 -81.7087911,41.4367456,0 -81.70870499999999,41.4368566,0 -81.7084464,41.4371431,0 -81.70826700000001,41.437354,0 -81.7081372,41.4375203,0 -81.7080216,41.4376685,0 -81.7078344,41.4379084,0 -81.70758499999999,41.438228,0 -81.7071813,41.4387239,0 -81.70693300000001,41.439029,0 -81.706845,41.43911,0 -81.7066547,41.4393463,0 -81.70658280000001,41.4394355,0 -81.70655499999999,41.43947,0 -81.7062782,41.439796,0 -81.70626009999999,41.4398173,0 -81.70620599999999,41.439881,0 -81.7061143,41.4399879,0 -81.70594509999999,41.440185,0 -81.7058443,41.4403024,0 -81.70565360000001,41.4405246,0 -81.7056406,41.4405398,0 -81.7055921,41.4405963,0 -81.7055596,41.4406341,0 -81.705443,41.44077,0 -81.7051616,41.4411857,0 -81.7051235,41.441242,0 -81.7049256,41.4415345,0 -81.70486099999999,41.44163,0 -81.7047862,41.4417669,0 -81.7047087,41.4419088,0 -81.7045368,41.4422234,0 -81.70448380000001,41.4423203000001,0 -81.704455,41.442373,0 -81.7043096,41.442597,0 -81.704111,41.442903,0 -81.70403,41.443048,0 -81.7040145,41.4430731,0 -81.7038305,41.4433734,0 -81.703806,41.443413,0 -81.7037346,41.4435286,0 -81.70361200000001,41.443727,0 -81.7035116,41.4439096,0 -81.7033471,41.4442089,0 -81.7032462,41.4443925,0 -81.7031787,41.4445354,0 -81.7031394,41.4446588,0 -81.70297669999999,41.4451703,0 -81.7029612,41.4452339,0 -81.70291659999999,41.4454169,0 -81.70287999999999,41.445567,0 -81.70262289999999,41.4465936,0 -81.702594,41.446709,0 -81.702456,41.44724,0 -81.70232249999999,41.4478213,0 -81.7022712,41.4480448,0 -81.70211430000001,41.4487281,0 -81.70206039999999,41.448963,0 -81.701964,41.449241,0 -81.7019536,41.4493028,0 -81.7019276,41.4494582,0 -81.70187369999999,41.4497799,0 -81.701842,41.449969,0 -81.7018288,41.4500661,0 -81.7018119,41.4501906,0 -81.7018065,41.4502307,0 -81.7017902,41.450359,0 -81.7017498,41.4506479,0 -81.7017389,41.4507202,0 -81.7017298,41.4507888,0 -81.7017077,41.4509399,0 -81.70168219999999,41.4511146999999,0 -81.7016682,41.4512106,0 -81.701628,41.451486,0 -81.701607,41.451645,0 -81.7015853,41.4518454,0 -81.7015419,41.4522461,0 -81.70153500000001,41.45231,0 -81.701497,41.4526086,0 -81.701486,41.452695,0 -81.70147369999999,41.4527801,0 -81.701435,41.453095,0 -81.7014174,41.4532441,0 -81.70139930000001,41.453397,0 -81.701384,41.453527,0 -81.701359,41.453827,0 -81.7013494,41.4539032,0 -81.70128099999999,41.4544479999999,0 -81.701196,41.4550349,0 -81.701138,41.455435,0 -81.7011316,41.4555318,0 -81.7011073,41.4559071,0 -81.7011052,41.455939,0 -81.7010975,41.4560594,0 -81.7010847,41.45623,0 -81.70107830000001,41.4563323,0 -81.701052,41.457151,0 -81.7010386,41.457458,0 -81.7010252,41.457765,0 -81.7010192,41.4579543,0 -81.70101409999999,41.4580064,0 -81.7009971,41.4581424,0 -81.7009954,41.4581556,0 -81.7008482,41.459023,0 -81.70079509999999,41.459517,0 -81.70074750000001,41.459969,0 -81.70074099999999,41.4600312000001,0 -81.70073290000001,41.4601168,0 -81.7007164,41.4602925,0 -81.7006593,41.4608985,0 -81.7006523,41.4609653,0 -81.7005731,41.4617179,0 -81.7005631,41.461813,0 -81.70050980000001,41.4623564,0 -81.7004645,41.4627502,0 -81.70045140000001,41.4628641,0 -81.7004343,41.4630034,0 -81.7004274,41.4630996,0 -81.7004215,41.4631678,0 -81.70039439999999,41.4634821,0 -81.7003844,41.4635896,0 -81.7003112,41.4642636,0 -81.70030420000001,41.4643322,0 -81.7002526,41.4648362,0 -81.70018450000001,41.4654907,0 -81.7001784,41.465549,0 -81.70017300000001,41.4656075,0 -81.7001446,41.4659163,0 -81.7000766,41.4665865,0 -81.7000622,41.4667378,0 -81.7000456,41.4668958,0 -81.70001000000001,41.4672319,0 -81.69999009999999,41.4673918,0 -81.69996709999999,41.4675862,0 -81.6999641,41.4676146,0 -81.6999615,41.4676376,0 -81.6998893,41.4682555000001,0 -81.69988600000001,41.4682839999999,0 -81.69986400000001,41.468532,0 -81.6998375,41.4690051,0 -81.69981559999999,41.4691944,0 -81.6997435,41.4698226,0 -81.69973160000001,41.4699264,0 -81.6997252,41.4700021,0 -81.6996896,41.4704251,0 -81.699674,41.4705625,0 -81.6996197,41.4711452,0 -81.6996102,41.4712278000001,0 -81.699551,41.471743,0 -81.6995233,41.4719816,0 -81.6995048,41.472197,0 -81.699454,41.472672,0 -81.6994455,41.4727591,0 -81.6993983,41.4732413,0 -81.69937299999999,41.4734999,0 -81.6993604,41.4736291,0 -81.69934170000001,41.4737972,0 -81.6992979,41.4743699,0 -81.6992927,41.4744379,0 -81.6992805,41.4745481,0 -81.69920879999999,41.4751309999999,0 -81.6991968,41.475238,0 -81.69917460000001,41.4753848,0 -81.6991658,41.475443,0 -81.6991604,41.4755099,0 -81.6991505,41.4756323,0 -81.699111,41.475981,0 -81.6990842,41.4762827999999,0 -81.69903789999999,41.4767352,0 -81.6990114,41.4769517,0 -81.69900800000001,41.476962,0 -81.6990066,41.4769773,0 -81.6989908,41.477155,0 -81.698986,41.477295,0 -81.699108,41.4775551,0 -81.699153,41.477651,0 -81.699206,41.4777522,0 -81.69928299999999,41.4778991999999,0 -81.6993246,41.4779786,0 -81.69939599999999,41.478115,0 -81.6995684,41.4784378,0 -81.6997267,41.4787672,0 -81.69989440000001,41.4791159,0 -81.7003222,41.4800057,0 -81.70040539999999,41.4801788,0 -81.70042189999999,41.4802167,0 -81.7004536,41.4802895,0 -81.7007455,41.4808767,0 -81.7007988,41.480979,0 -81.7008831,41.4810863,0 -81.7010142,41.4812503,0 -81.7011162,41.4813780000001,0 -81.70112140000001,41.4813844999999,0 -81.7012575,41.4815557,0 -81.7014061,41.4817403,0 -81.70166089999999,41.482057,0 -81.70168099999999,41.4820819999999,0 -81.7018195,41.4822648,0 -81.7018727,41.4823351,0 -81.70196199999999,41.482453,0 -81.70223300000001,41.482807,0 -81.70229329999999,41.4828748,0 -81.7025221,41.4831318,0 -81.7025689,41.4831854,0 -81.7026911,41.4833266,0 -81.7028201,41.4834846000001,0 -81.70293959999999,41.4836271,0 -81.703,41.483699,0 -81.7030101,41.4837115,0 -81.7030202,41.483724,0 -81.7031539,41.4838892,0 -81.7033083,41.4840801,0 -81.70338099999999,41.48417,0 -81.7034855,41.4843016,0 -81.7037052,41.4845781,0 -81.7037241,41.4846021,0 -81.70377569999999,41.484667,0 -81.70381070000001,41.484711,0 -81.7042431,41.4852554,0 -81.7045291,41.4856156,0 -81.7047286,41.4858667,0 -81.7047828,41.485935,0 -81.70489000000001,41.48607,0 -81.7050845,41.4863156,0 -81.70516379999999,41.4864157,0 -81.7051848,41.4864422,0 -81.705332,41.486628,0 -81.7054335,41.4867654,0 -81.70555299999999,41.486927,0 -81.70556120000001,41.4869365,0 -81.70575409999999,41.4871962,0 -81.7058019,41.4872606,0 -81.70608540000001,41.4875977,0 -81.70615170000001,41.4877064,0 -81.70620959999999,41.4878051,0 -81.70627210000001,41.48795,0 -81.70632999999999,41.4880674,0 -81.7063733,41.4881904,0 -81.7064206,41.488365,0 -81.70643990000001,41.4884444,0 -81.70650999999999,41.4886791,0 -81.70653419999999,41.4887673,0 -81.70656320000001,41.4888676,0 -81.70672810000001,41.4894269,0 -81.70676899999999,41.489554,0 -81.7068914,41.489935,0 -81.7069104,41.4899993000001,0 -81.7069305,41.4900678,0 -81.7070258,41.4904216,0 -81.7071766,41.4909816,0 -81.70719800000001,41.491061,0 -81.70722910000001,41.4911611,0 -81.70725539999999,41.4912456,0 -81.70727050000001,41.4912691,0 -81.707354,41.4914,0 -81.7071639,41.4914817,0 -81.70644,41.4918141999999,0 -81.70628000000001,41.4918992,0 -81.70610929999999,41.4920211,0 -81.7056621,41.4923406,0 -81.7029182,41.4941816,0 -81.7000542,41.4961237,0 -81.6993154,41.4966246,0 -81.6989069,41.4969268,0 -81.69878679999999,41.4970189,0 -81.6986431,41.4971136,0 -81.6985341,41.4972374,0 -81.697958,41.4975425,0 -81.6978233,41.4976076,0 -81.6972751,41.4978796,0 -81.6971786,41.4979034,0 -81.69703699999999,41.4979684,0 -81.6967714,41.4980906,0 -81.6965482,41.4982045,0 -81.69633640000001,41.4983098,0 -81.6962632,41.498346,0 -81.6957661,41.4985962,0 -81.6955581,41.4987028,0 -81.6954327,41.4987652,0 -81.6953173,41.4988241,0 -81.694964,41.4990045,0 -81.6946145,41.499183,0 -81.6944822,41.4992505,0 -81.694597,41.4993806,0 -81.6949901,41.4998276,0 -81.695008,41.4998477,0 -81.6950251,41.4998742,0 -81.6950308,41.4999036000001,0 -81.69502490000001,41.4999329,0 -81.695014,41.4999549,0 -81.6949942,41.4999745,0 -81.6949437,41.5000015,0 -81.6949159,41.5000163,0 -81.6944507,41.5002465,0 -81.6942834,41.5003293,0 -81.69411479999999,41.5004127,0 -81.69359439999999,41.5006704,0 -81.6934864,41.5007238000001,0 -81.693404,41.5006334,0 -81.6933641,41.5005897,0 -81.69300819999999,41.5001995,0 -81.69288589999999,41.5000655,0 -81.69275210000001,41.4999187,0 -81.6924217,41.4995566,0 -81.6924166,41.4995502,0 -81.69239450000001,41.4995261,0 -81.6923814,41.4994991,0 -81.69237680000001,41.4994756,0 -81.6923803,41.4994531,0 -81.6923896,41.499424,0 -81.69240430000001,41.4994005,0 -81.6924195,41.4993841,0 -81.6924235,41.4993819,0 -81.6925665,41.4993103,0 -81.69295049999999,41.4991119,0 -81.6931177,41.4990263,0 -81.69328040000001,41.4989429000001,0 -81.69364,41.4987587,0 -81.693702,41.4987357,0 -81.6937453,41.4987267,0 -81.6937964,41.4987212,0 -81.6938378,41.4987201,0 -81.6938961,41.4987241999999,0 -81.6939445,41.4987319,0 -81.6939805,41.4987422,0 -81.694023,41.4987611,0 -81.69406360000001,41.498782,0 -81.69409810000001,41.4988072,0 -81.6941204,41.498832,0 -81.6943631,41.49911,0 -81.6944822,41.4992505,0 
				</coordinates>
			</LineString>
		<atom:link rel="app" href="https://www.google.com/earth/about/versions/#earth-pro" title="Google Earth Pro 7.3.6.10201"></atom:link>
	</Placemark>
</Document>
</kml>
