<?xml version="1.0" encoding="UTF-8"?>
<kml xmlns="http://www.opengis.net/kml/2.2" xmlns:gx="http://www.google.com/kml/ext/2.2" xmlns:kml="http://www.opengis.net/kml/2.2" xmlns:atom="http://www.w3.org/2005/Atom">
<Document>
	<name>US.412.kml</name>
	<Placemark>
		<name>US.412</name>
			<LineString>
				<coordinates>
					-104.5959087,36.3609876,0 -104.5957804,36.3609878,0 -104.5956674,36.3609878,0 -104.5951246,36.3609878,0 -104.5946214,36.3609879,0 -104.5944252,36.3609879,0 -104.5943091,36.3609922,0 -104.5942819,36.3609933,0 -104.5940057,36.3610077,0 -104.5938908,36.3610325,0 -104.5929309,36.3610331,0 -104.5927692,36.3610577,0 -104.5926581,36.3610614,0 -104.5924177,36.3610683,0 -104.5915965,36.3610691,0 -104.5901417,36.3610796,0 -104.59004,36.3610793,0 -104.5894411,36.3610776,0 -104.5888396,36.3610759,0 -104.5887052,36.3610755,0 -104.5885576,36.3610733999999,0 -104.5883876,36.3610677,0 -104.5882607,36.3610581,0 -104.5881538,36.3610473,0 -104.5879924,36.361023,0 -104.5878628,36.36099,0 -104.5876998,36.3609371,0 -104.5875707,36.3608889,0 -104.5874121,36.3608154,0 -104.5872733,36.3607388,0 -104.5871761,36.3606643,0 -104.5870342,36.3605432,0 -104.5868922,36.3604037,0 -104.5866117,36.3601111,0 -104.5865371,36.3600333,0 -104.5864813,36.3599453,0 -104.5863232,36.359796,0 -104.5858206,36.3593021,0 -104.5855489,36.3590183,0 -104.5853315,36.3588058,0 -104.5853037,36.3587799,0 -104.5850947,36.3585847,0 -104.584732,36.3582625,0 -104.584331,36.357923,0 -104.5838664,36.357561,0 -104.5835711,36.3573427000001,0 -104.5832925,36.3571404,0 -104.5830819,36.3569906,0 -104.5829014,36.3568689,0 -104.5828281,36.3568192,0 -104.5826153,36.356684,0 -104.5823847,36.3565425,0 -104.582206,36.3564381,0 -104.5819082,36.3562591,0 -104.5816312,36.3560987,0 -104.5800449,36.3552114,0 -104.5781547,36.3542173,0 -104.5766264,36.3533158,0 -104.5726213,36.351106,0 -104.563156,36.345844,0 -104.5625898,36.3455496,0 -104.5620748,36.3453055,0 -104.5613614,36.3449814,0 -104.5602858,36.3445731,0 -104.5595187,36.344316,0 -104.5587248,36.3440827,0 -104.5578879,36.3438753,0 -104.5570489,36.3436957,0 -104.5528454,36.3428771,0 -104.5512387,36.3425595,0 -104.5469418,36.3417234,0 -104.5422872,36.3408224000001,0 -104.5391527,36.3402154,0 -104.5368084,36.3397552,0 -104.5280896,36.338061,0 -104.51888,36.3362634,0 -104.513301,36.3351778,0 -104.512521,36.3349931,0 -104.5116332,36.3347565,0 -104.5106341,36.33444,0 -104.5098791,36.3341764,0 -104.5078594,36.3334677,0 -104.504402,36.3322685,0 -104.5031253,36.331819,0 -104.5021221,36.3314236000001,0 -104.5015481,36.3311708,0 -104.501024,36.3309056,0 -104.5002338,36.3305009,0 -104.4989625,36.3298073,0 -104.4977227,36.3291196,0 -104.4960469,36.3282299,0 -104.4950079,36.3276566,0 -104.4930455,36.3265919,0 -104.4904813,36.325211,0 -104.4898859,36.3248934,0 -104.48715,36.3235168,0 -104.4858196,36.3228383,0 -104.4853663,36.3226243,0 -104.4849774,36.3224903,0 -104.4845912,36.322365,0 -104.4840467,36.322231,0 -104.4833306,36.3220754,0 -104.4830087,36.3219737999999,0 -104.4826654,36.3218701,0 -104.4821933,36.3216821,0 -104.4797069,36.3206945,0 -104.4790712,36.3204373,0 -104.4786555,36.3203141,0 -104.478296,36.3202299,0 -104.4778615,36.3201672,0 -104.4773465,36.3201348,0 -104.4768637,36.3201261000001,0 -104.4694206,36.3201002,0 -104.4656441,36.3201002,0 -104.4632489,36.3201196,0 -104.4596091,36.3201499,0 -104.4544083,36.3201931,0 -104.4514927,36.3202212,0 -104.4479361,36.3202277,0 -104.4426575,36.320232,0 -104.4365099,36.3202126,0 -104.4338706,36.3202277,0 -104.4324169,36.3202234,0 -104.4228789,36.3201002,0 -104.4210711,36.3200678,0 -104.4195744,36.3200332,0 -104.4189361,36.3200116,0 -104.4181395,36.3199316,0 -104.4174045,36.3198257,0 -104.4166723,36.3196874,0 -104.4161466,36.3195513,0 -104.4153741,36.3193351,0 -104.4113052,36.3180255000001,0 -104.4057262,36.3162295,0 -104.3981141,36.3137852,0 -104.3917868,36.31176,0 -104.386358,36.3100028,0 -104.3845126,36.3094127999999,0 -104.3794191,36.3077787,0 -104.3762782,36.3067693,0 -104.3755916,36.3065705,0 -104.3750417,36.3064278,0 -104.374288,36.3062657,0 -104.3736845,36.3061403,0 -104.3733466,36.3060884,0 -104.3725365,36.3059674,0 -104.3718338,36.3058917,0 -104.3712786,36.3058334000001,0 -104.37049,36.3057966,0 -104.3694198,36.3057707,0 -104.3655843,36.3057664,0 -104.3615019,36.3057577,0 -104.3568912,36.3057448,0 -104.3427104,36.3057123000001,0 -104.3322256,36.3056842,0 -104.3290231,36.3056756,0 -104.3215665,36.3056561,0 -104.3126267,36.3056324,0 -104.30123,36.3056172000001,0 -104.2946908,36.3056064,0 -104.2878351,36.3055524,0 -104.283978,36.3055178,0 -104.2759341,36.3054659,0 -104.2678419,36.3054292,0 -104.2624748,36.3054335,0 -104.2589209,36.3054375,0 -104.2556432,36.3054141,0 -104.250536,36.305385,0 -104.250069,36.305409,0 -104.2459202,36.3053687,0 -104.2409983,36.3053492,0 -104.228349,36.3053233,0 -104.2229497,36.3053038,0 -104.2186126,36.3053103,0 -104.2162818,36.3053146,0 -104.205178,36.305309,0 -104.204177,36.3053168,0 -104.1989601,36.3053298,0 -104.1873032,36.3053579,0 -104.1839695,36.3053624,0 -104.1830641,36.3053636,0 -104.1821934,36.3053647,0 -104.1776526,36.3053708,0 -104.1695523,36.3053903,0 -104.1515037,36.3054378,0 -104.1428697,36.3054162,0 -104.1342437,36.3053773,0 -104.1253227,36.3053968,0 -104.1164553,36.3054184,0 -104.1156024,36.3054119,0 -104.1121718,36.3053449,0 -104.107368,36.3052649,0 -104.098674,36.305122,0 -104.0924335,36.3051439,0 -104.0889519,36.3051612,0 -104.0881553,36.305159,0 -104.0869215,36.3051287000001,0 -104.0861598,36.3051114,0 -104.0853524,36.3051179,0 -104.0807283,36.3051266,0 -104.073101,36.305149,0 -104.062548,36.305172,0 -104.059909,36.3051763,0 -104.0578088,36.3051806,0 -104.0522406,36.3051957,0 -104.0445265,36.3052217,0 -104.0409136,36.305239,0 -104.0344629,36.3052757,0 -104.0287578,36.305293,0 -104.0269795,36.3052952,0 -104.022983,36.3053038,0 -104.0130508,36.3053125,0 -104.0112296,36.3052887,0 -104.0086961,36.305224,0 -104.005456,36.305161,0 -104.002405,36.305077,0 -104.001435,36.305042,0 -104.000016,36.305009,0 -103.999611,36.305004,0 -103.999327,36.305001,0 -103.995608,36.304912,0 -103.994459,36.304867,0 -103.9942695,36.3048636,0 -103.993509,36.30485,0 -103.990947,36.304781,0 -103.990073,36.304758,0 -103.988738,36.304734,0 -103.9846568,36.3046473,0 -103.9843243,36.3046402,0 -103.983061,36.304623,0 -103.9799169,36.3046648,0 -103.978787,36.304677,0 -103.978024,36.304691,0 -103.976982,36.3047,0 -103.976006,36.304713,0 -103.97519,36.30473,0 -103.974155,36.304745,0 -103.973733,36.304761,0 -103.973102,36.304768,0 -103.972774,36.30478,0 -103.970842,36.304807,0 -103.968771,36.3048293,0 -103.967389,36.304828,0 -103.964256,36.304816,0 -103.959079,36.304795,0 -103.957948,36.304779,0 -103.956787,36.304784,0 -103.954949,36.304769,0 -103.954603,36.304756,0 -103.951146,36.3047499999999,0 -103.946833,36.304724,0 -103.941557,36.3046920000001,0 -103.939784,36.304676,0 -103.938579,36.304678,0 -103.938538,36.304674,0 -103.93632,36.304673,0 -103.933835,36.304666,0 -103.931975,36.304646,0 -103.9291,36.304623,0 -103.927754,36.304629,0 -103.9268809,36.3046229,0 -103.9263453,36.3046175,0 -103.9256091,36.3046021000001,0 -103.9254119,36.304602,0 -103.924249,36.304619,0 -103.923222,36.304603,0 -103.92031,36.304589,0 -103.92022,36.304588,0 -103.91958,36.304583,0 -103.918683,36.304587,0 -103.917852,36.304579,0 -103.91681,36.304579,0 -103.91624,36.304575,0 -103.912616,36.304546,0 -103.911983,36.304549,0 -103.906883,36.304536,0 -103.904876,36.304512,0 -103.904127,36.304511,0 -103.902032,36.304486,0 -103.901829,36.304487,0 -103.901325,36.304489,0 -103.899206,36.304496,0 -103.898145,36.30451,0 -103.892893,36.304537,0 -103.892062,36.304553,0 -103.888398,36.304576,0 -103.887537,36.3045920000001,0 -103.886562,36.304592,0 -103.885583,36.304604,0 -103.883202,36.304608,0 -103.88246,36.30462,0 -103.881696,36.304618,0 -103.880574,36.3046320000001,0 -103.879177,36.304649,0 -103.878328,36.304641,0 -103.877642,36.304641,0 -103.876262,36.304634,0 -103.876161,36.3046320000001,0 -103.875381,36.304618,0 -103.868971,36.304624,0 -103.868021,36.304625,0 -103.867469,36.304625,0 -103.86561,36.30459,0 -103.863422,36.304614,0 -103.861464,36.304636,0 -103.86081,36.304634,0 -103.859889,36.304637,0 -103.854075,36.304653,0 -103.847816,36.304671,0 -103.843795,36.304682,0 -103.841669,36.304699,0 -103.839817,36.3046870000001,0 -103.830101,36.30471,0 -103.829853,36.304714,0 -103.828818,36.30473,0 -103.827664,36.304748,0 -103.813837,36.304799,0 -103.813382,36.304801,0 -103.812109,36.304807,0 -103.796828,36.304884,0 -103.794732,36.304872,0 -103.794511,36.304851,0 -103.794302,36.304831,0 -103.793699,36.304734,0 -103.793353,36.304655,0 -103.79321,36.304623,0 -103.792617,36.304438,0 -103.791872,36.304124,0 -103.791619,36.303982,0 -103.791299,36.303784,0 -103.790479,36.303224,0 -103.789745,36.302706,0 -103.789248,36.302362,0 -103.788568,36.301981,0 -103.788002,36.301739,0 -103.787513,36.30157,0 -103.786994,36.301425,0 -103.786636,36.301352,0 -103.786232,36.301293,0 -103.785857,36.301247,0 -103.784846,36.301215,0 -103.776424,36.301187,0 -103.751459,36.301104,0 -103.750002,36.301099,0 -103.748746,36.301115,0 -103.747131,36.301092,0 -103.745755,36.301105,0 -103.745205,36.301146,0 -103.744793,36.301189,0 -103.744249,36.30126,0 -103.743958,36.3013150000001,0 -103.743793,36.301346,0 -103.743274,36.301467,0 -103.742909,36.301567,0 -103.742133,36.301829,0 -103.740979,36.302306,0 -103.739069,36.303167,0 -103.736852,36.304142,0 -103.736677,36.304223,0 -103.735246,36.304885,0 -103.733224,36.30579,0 -103.731265,36.306666,0 -103.727651,36.308248,0 -103.726118,36.30895,0 -103.724377,36.3096890000001,0 -103.722493,36.310549,0 -103.721077,36.311179,0 -103.719244,36.31198,0 -103.718749,36.312203,0 -103.716803,36.313057,0 -103.712734,36.314884,0 -103.71117,36.315573,0 -103.707944,36.316993,0 -103.706475,36.31763,0 -103.70501,36.318148,0 -103.704424,36.318322,0 -103.703282,36.318607,0 -103.702357,36.318809,0 -103.70145,36.318959,0 -103.700611,36.319064,0 -103.699985,36.319128,0 -103.699825,36.319144,0 -103.699415,36.319171,0 -103.690631,36.319393,0 -103.689181,36.319446,0 -103.684961,36.319528,0 -103.680908,36.319568,0 -103.678988,36.319562,0 -103.678366,36.319569,0 -103.672794,36.319603,0 -103.668806,36.31959,0 -103.666045,36.319581,0 -103.653844,36.319416,0 -103.651882,36.319403,0 -103.65144,36.319418,0 -103.650053,36.319464,0 -103.637903,36.319723,0 -103.636012,36.319783,0 -103.6344369,36.3198133,0 -103.6337851,36.3198258,0 -103.633205,36.319837,0 -103.631727,36.319862,0 -103.629555,36.319881,0 -103.627855,36.319911,0 -103.624999,36.319944,0 -103.618114,36.320039,0 -103.614688,36.320087,0 -103.609645,36.320157,0 -103.607738,36.320163,0 -103.60569,36.320204,0 -103.604014,36.320246,0 -103.602245,36.320241,0 -103.596172,36.320317,0 -103.595642,36.320327,0 -103.580252,36.320633,0 -103.579254,36.320653,0 -103.57003,36.320834,0 -103.568233,36.320857,0 -103.567978,36.32086,0 -103.564234,36.320949,0 -103.561652,36.320981,0 -103.560266,36.320998,0 -103.55854,36.321048,0 -103.556815,36.321073,0 -103.556143,36.321093,0 -103.553504,36.32117,0 -103.552766,36.321217,0 -103.552189,36.321282,0 -103.551795,36.321327,0 -103.55048,36.321555,0 -103.549422,36.321775,0 -103.548892,36.3219159999999,0 -103.547946,36.322189,0 -103.547308,36.322402,0 -103.546472,36.322696,0 -103.542263,36.324389,0 -103.541741,36.324603,0 -103.532332,36.3283730000001,0 -103.524444,36.331533,0 -103.523601,36.331862,0 -103.522835,36.33216,0 -103.521164,36.332828,0 -103.519763,36.333399,0 -103.517405,36.334329,0 -103.515866,36.334962,0 -103.515027,36.335298,0 -103.5064,36.338751,0 -103.506361,36.338766,0 -103.505295,36.3391859999999,0 -103.50305,36.340097,0 -103.500004,36.341311,0 -103.49922,36.341637,0 -103.491952,36.344536,0 -103.490455,36.345153,0 -103.48898,36.345723,0 -103.487383,36.3463700000001,0 -103.486107,36.346876,0 -103.484552,36.347511,0 -103.483237,36.348034,0 -103.481909,36.348549,0 -103.481407,36.348754,0 -103.479294,36.349614,0 -103.478162,36.350075,0 -103.477433,36.350372,0 -103.475649,36.351067,0 -103.473867,36.351783,0 -103.473242,36.352018,0 -103.47092,36.352891,0 -103.46955,36.353423,0 -103.468316,36.3539319999999,0 -103.468248,36.353959,0 -103.468079,36.354025,0 -103.467911,36.354092,0 -103.46719,36.354375,0 -103.465667,36.355004,0 -103.464622,36.355458,0 -103.457835,36.358178,0 -103.451829,36.360585,0 -103.451567,36.360689,0 -103.446125,36.362879,0 -103.442613,36.364258,0 -103.440873,36.364963,0 -103.440272,36.365233,0 -103.439748,36.36548,0 -103.4392,36.3657569999999,0 -103.438307,36.366271,0 -103.437704,36.366654,0 -103.436527,36.367476,0 -103.435621,36.368148,0 -103.434915,36.368648,0 -103.43422,36.369144,0 -103.433385,36.36974,0 -103.431107,36.371393,0 -103.4297,36.372383,0 -103.428362,36.373375,0 -103.426909,36.3744,0 -103.426018,36.37502,0 -103.424758,36.375918,0 -103.424004,36.376436,0 -103.423071,36.377028,0 -103.422297,36.377466,0 -103.421264,36.377983,0 -103.420129,36.378455,0 -103.41939,36.378751,0 -103.418524,36.379022,0 -103.417623,36.379281,0 -103.416832,36.379476,0 -103.416184,36.379615,0 -103.415341,36.379769,0 -103.414288,36.379903,0 -103.413727,36.379959,0 -103.413036,36.380007,0 -103.412376,36.38003,0 -103.410747,36.380043,0 -103.404027,36.380057,0 -103.379044,36.380111,0 -103.378681,36.380113,0 -103.378092,36.380117,0 -103.376593,36.380115,0 -103.375007,36.380119,0 -103.374547,36.380132,0 -103.372331,36.380128,0 -103.368832,36.380134,0 -103.363291,36.380137,0 -103.361435,36.380138,0 -103.345634,36.380147,0 -103.343127,36.380148,0 -103.339669,36.380164,0 -103.33853,36.3802,0 -103.337573,36.380273,0 -103.336645,36.38038,0 -103.3355,36.380546,0 -103.334077,36.380855,0 -103.332725,36.381241,0 -103.332649,36.381263,0 -103.331496,36.381672,0 -103.330878,36.381903,0 -103.330399,36.382113,0 -103.327846,36.383379,0 -103.325057,36.384798,0 -103.32437,36.385148,0 -103.323764,36.38545,0 -103.321833,36.386405,0 -103.321651,36.386495,0 -103.320213,36.387221,0 -103.31996,36.387353,0 -103.318956,36.387878,0 -103.317098,36.38881,0 -103.31549,36.389637,0 -103.314286,36.3902459999999,0 -103.31272,36.391051,0 -103.311236,36.391786,0 -103.307277,36.393793,0 -103.305889,36.394509,0 -103.305705,36.394601,0 -103.305137,36.394884,0 -103.298261,36.398356,0 -103.293689,36.400665,0 -103.289478,36.402791,0 -103.282316,36.406425,0 -103.282055,36.406556,0 -103.281823,36.406672,0 -103.281119,36.407024,0 -103.280616,36.407275,0 -103.278048,36.408581,0 -103.276713,36.409244,0 -103.275952,36.409623,0 -103.275889,36.409654,0 -103.274978,36.4101070000001,0 -103.266613,36.414351,0 -103.26613,36.414594,0 -103.264779,36.415275,0 -103.252351,36.421551,0 -103.251055,36.422212,0 -103.249259,36.423115,0 -103.248734,36.423379,0 -103.2473,36.424119,0 -103.244047,36.425766,0 -103.242231,36.426653,0 -103.238974,36.428296,0 -103.238503,36.42858,0 -103.238434,36.428611,0 -103.237998,36.42881,0 -103.237202,36.429204,0 -103.236103,36.429762,0 -103.235047,36.430287,0 -103.234888,36.430366,0 -103.233541,36.431049,0 -103.232302,36.431657,0 -103.230922,36.432366,0 -103.229518,36.433072,0 -103.228378,36.433664,0 -103.228021,36.433849,0 -103.225774,36.434974,0 -103.223833,36.435946,0 -103.222501,36.436626,0 -103.221343,36.437188,0 -103.220433,36.437656,0 -103.220072,36.437842,0 -103.219675,36.438047,0 -103.218596,36.438591,0 -103.217042,36.439354,0 -103.21622,36.439758,0 -103.215033,36.440345,0 -103.213691,36.440995,0 -103.212437,36.441531,0 -103.211208,36.442026,0 -103.209559,36.442678,0 -103.209376,36.442748,0 -103.209052,36.442872,0 -103.208825,36.442959,0 -103.207897,36.443322,0 -103.2075546,36.4434492,0 -103.207302,36.443543,0 -103.206311,36.443932,0 -103.20504,36.444425,0 -103.204583,36.444602,0 -103.203898,36.444867,0 -103.203532,36.445009,0 -103.203359,36.445081,0 -103.201971,36.445622,0 -103.2014434,36.4458332,0 -103.1998714,36.4464626,0 -103.1990597,36.4467538999999,0 -103.1985864,36.4469796,0 -103.1982841,36.4470921,0 -103.1973471,36.4474595,0 -103.1969955,36.4475867,0 -103.1951078,36.4483363,0 -103.1949281,36.4483975,0 -103.1934304,36.4489845,0 -103.1926192,36.4492965,0 -103.1914493,36.4497535,0 -103.1910998,36.44989,0 -103.1902628,36.4502212,0 -103.1890477,36.4506867,0 -103.1879914,36.4511049,0 -103.1876203,36.4512417,0 -103.1874935,36.4512759,0 -103.1873573,36.4512952,0 -103.187238,36.4512964,0 -103.1871178,36.4512793,0 -103.1869931,36.4512469,0 -103.1868389,36.4511909,0 -103.1866922,36.4511243,0 -103.1865349,36.45105,0 -103.1864143,36.4510089,0 -103.1863449,36.4509877,0 -103.1862737,36.450977,0 -103.1861983,36.4509839,0 -103.186116,36.4510058,0 -103.1859085,36.4510817,0 -103.185424,36.4512582,0 -103.1853788,36.4512748,0 -103.1849188,36.4514515,0 -103.1842745,36.4516991,0 -103.1835983,36.4519613,0 -103.1830738,36.4521646,0 -103.181914,36.4526128,0 -103.1807457,36.4530645,0 -103.1795813,36.4535145,0 -103.1784221,36.453984,0 -103.1772651,36.4544775,0 -103.1752772,36.4552417,0 -103.1749407,36.4553785,0 -103.1747419,36.4554572,0 -103.1725538,36.4562669,0 -103.1701479,36.4571969,0 -103.1689776,36.4576558,0 -103.1681191,36.4579855,0 -103.1645991,36.4593491,0 -103.1623591,36.4600981,0 -103.159614,36.460816,0 -103.158339,36.461088,0 -103.158014,36.461151,0 -103.156299,36.4614893,0 -103.1551247,36.4616645,0 -103.15398,36.461793,0 -103.1514571,36.462046,0 -103.149167,36.462252,0 -103.14746,36.462411,0 -103.1465467,36.4625059,0 -103.145052,36.4626491,0 -103.1443128,36.4627139,0 -103.1432285,36.462821,0 -103.1428456,36.4628525,0 -103.1424861,36.4628834,0 -103.142378,36.4628909,0 -103.141478,36.462972,0 -103.140402,36.463069,0 -103.138388,36.463267,0 -103.138042,36.4632909999999,0 -103.136796,36.463404,0 -103.135339,36.463536,0 -103.132333,36.46382,0 -103.129871,36.464044,0 -103.1268463,36.4643739,0 -103.123251,36.464689,0 -103.115846,36.465384,0 -103.11306,36.465643,0 -103.109482,36.465973,0 -103.10738,36.466191,0 -103.103366,36.466545,0 -103.101176,36.466764,0 -103.099384,36.466927,0 -103.098396,36.467026,0 -103.097651,36.4671,0 -103.096615,36.467215,0 -103.09564,36.467369,0 -103.095135,36.467457,0 -103.093926,36.467729,0 -103.092937,36.467972,0 -103.091739,36.468318,0 -103.090724,36.468666,0 -103.090695,36.468679,0 -103.090574,36.468732,0 -103.089734,36.469059,0 -103.088534,36.46958,0 -103.087881,36.469894,0 -103.086888,36.470414,0 -103.086195,36.470814,0 -103.085461,36.471276,0 -103.082556,36.473231,0 -103.081457,36.473957,0 -103.078741,36.475788,0 -103.077291,36.476752,0 -103.073379,36.479393,0 -103.071898,36.4803730000001,0 -103.070555,36.481277,0 -103.06986,36.481762,0 -103.069067,36.482291,0 -103.067896,36.48308,0 -103.066484,36.484021,0 -103.06541,36.484747,0 -103.063967,36.485723,0 -103.062205,36.4869300000001,0 -103.060425,36.488099,0 -103.058838,36.489188,0 -103.058489,36.489424,0 -103.058229,36.4896,0 -103.057547,36.490032,0 -103.055929,36.491136,0 -103.054878,36.491839,0 -103.054436,36.492128,0 -103.05412,36.49234,0 -103.05351,36.49275,0 -103.05132,36.494216,0 -103.050768,36.49458,0 -103.0495445,36.4954537,0 -103.0479553,36.4965081,0 -103.0464291,36.4975043,0 -103.0419525,36.5003903,0 -103.0414965,36.5006856,0 -103.040146,36.5015492,0 -103.0393138,36.5020868,0 -103.0376025,36.5031815,0 -103.0360917,36.5041419,0 -103.0336876,36.5056823,0 -103.0308698,36.5074814,0 -103.027482,36.5096389,0 -103.0247715,36.511367,0 -103.0231461,36.5124088,0 -103.0206682,36.513995,0 -103.0196772,36.5146227,0 -103.0165815,36.5165903,0 -103.0152126,36.5174643,0 -103.0148119,36.5177212,0 -103.0130566,36.5188415,0 -103.0122755,36.519336,0 -103.0115028,36.5198324,0 -103.0110425,36.5200883,0 -103.0104784,36.5203739,0 -103.0098917,36.5206231,0 -103.0094255,36.5207908,0 -103.0087553,36.5209968,0 -103.0082843,36.5211166,0 -103.0081161,36.5211549,0 -103.0065301,36.5215325,0 -103.0044543,36.5220206,0 -103.0030089,36.5223605,0 -103.0023243,36.5225234,0 
				
					-103.0023243,36.5225234,0 -103.0019668,36.5226071,0 -103.0012771,36.5227735,0 -102.993343,36.5246622,0 -102.9911855,36.5252013,0 -102.9874609,36.5261183,0 -102.9816262,36.5275647,0 -102.9800631,36.5279522,0 -102.9765959,36.5288173,0 -102.975432,36.529103,0 -102.9693769,36.5305392,0 -102.957361,36.53339,0 -102.9483642,36.5355335,0 -102.911639,36.54424,0 -102.9030707,36.5462588,0 -102.9005774,36.5468571,0 -102.8991995,36.5471747,0 -102.8977296,36.5475206,0 -102.8965045,36.5477979,0 -102.894384,36.5482243,0 -102.88427,36.550144,0 -102.8829369,36.5504075,0 -102.8812604,36.550727,0 -102.873594,36.55219,0 -102.870681,36.55273,0 -102.865542,36.5537290000001,0 -102.862563,36.554292,0 -102.8606494,36.5546507,0 -102.8586933,36.5550199,0 -102.858403,36.555074,0 -102.857074,36.555337,0 -102.853773,36.555962,0 -102.8474934,36.5571612,0 -102.8458172,36.5574847,0 -102.8437847,36.5578646,0 -102.8423551,36.5581382,0 -102.8407474,36.5584414,0 -102.837723,36.559001,0 -102.835623,36.559418,0 -102.8347315,36.5595874,0 -102.8343687,36.5596535,0 -102.8330739,36.5599022,0 -102.822733,36.561871,0 -102.820157,36.562358,0 -102.819269,36.56252,0 -102.817891,36.5628,0 -102.816027,36.563137,0 -102.8085554,36.5645752,0 -102.805838,36.565078,0 -102.8047317,36.5652975,0 -102.79807,36.566562,0 -102.7964433,36.5668722,0 -102.7943195,36.5672775,0 -102.7937262,36.5673921,0 -102.7931924,36.5674964,0 -102.7918077,36.5677598,0 -102.790793,36.567949,0 -102.78668,36.5687269,0 -102.7857914,36.5688923,0 -102.7855573,36.5689376,0 -102.7810004,36.5698061,0 -102.7795119,36.5700834,0 -102.7691644,36.572057,0 -102.766679,36.57253,0 -102.764411,36.572951,0 -102.7633774,36.5731557,0 -102.7619385,36.5734319,0 -102.7581076,36.5741588,0 -102.7571908,36.574339,0 -102.755654,36.5746219,0 -102.754656,36.5748139,0 -102.7540246,36.5749457,0 -102.7535418,36.5750685,0 -102.753197,36.575164,0 -102.7527747,36.5752904,0 -102.7523243,36.5754395,0 -102.7518627,36.5756113,0 -102.7513825,36.5758075,0 -102.7508818,36.5760292,0 -102.7503875,36.5762812,0 -102.7499389,36.57653,0 -102.7495296,36.5767742,0 -102.7490679,36.5770862,0 -102.7484242,36.5775455,0 -102.74689,36.5786349999999,0 -102.7462086,36.5791309,0 -102.745397,36.5797105,0 -102.7442839,36.5805132,0 -102.7434164,36.5811275,0 -102.74211,36.582064,0 -102.741091,36.5827946,0 -102.738784,36.584458,0 -102.73788,36.585097,0 -102.737053,36.585692,0 -102.7359206,36.5865071999999,0 -102.734978,36.587185,0 -102.733373,36.5883375,0 -102.732905,36.5886626,0 -102.732746,36.5887729999999,0 -102.7312739,36.5898425,0 -102.7305419,36.5903677,0 -102.729705,36.5909743,0 -102.729199,36.5913383,0 -102.728432,36.591878,0 -102.727698,36.592402,0 -102.7268167,36.5930392,0 -102.726056,36.593585,0 -102.7253226,36.5941046,0 -102.723894,36.595132,0 -102.720908,36.597253,0 -102.718113,36.5992721,0 -102.7166331,36.6003225,0 -102.715716,36.6009818,0 -102.71554,36.6011117,0 -102.709602,36.605351,0 -102.708874,36.60588,0 -102.7082106,36.6063587999999,0 -102.707462,36.606893,0 -102.706655,36.607473,0 -102.7057729,36.6081016,0 -102.7050575,36.6086151,0 -102.704545,36.608978,0 -102.703821,36.609491,0 -102.703103,36.610009,0 -102.702268,36.610623,0 -102.701627,36.611079,0 -102.701143,36.6114167,0 -102.7000605,36.6121943,0 -102.699605,36.612512,0 -102.6989669,36.6129764,0 -102.6979825,36.6136761,0 -102.6962739,36.6148947,0 -102.695415,36.615508,0 -102.6942381,36.6163565,0 -102.6920226,36.6179474,0 -102.6915586,36.6182919,0 -102.6912931,36.6185029,0 -102.6908532,36.6188624,0 -102.690245,36.61939,0 -102.689732,36.6198848,0 -102.689608,36.6200115,0 -102.688866,36.62083,0 -102.687819,36.622085,0 -102.6875248,36.6224364,0 -102.687117,36.62294,0 -102.68622,36.62401,0 -102.685689,36.624652,0 -102.685003,36.625479,0 -102.684774,36.625745,0 -102.6839977,36.6266862,0 -102.6836143,36.6271415,0 -102.683054,36.627818,0 -102.6819887,36.6291078,0 -102.681103,36.6301852,0 -102.6801167,36.6313515,0 -102.6790646,36.6326219,0 -102.678799,36.6329412,0 -102.6775897,36.6343943,0 -102.6772691,36.6347764,0 -102.6769942,36.6350777,0 -102.6768145,36.6352607,0 -102.6764779,36.635577,0 -102.6761158,36.6359074,0 -102.6757926,36.6361732,0 -102.6753661,36.6365004,0 -102.675059,36.6367124,0 -102.6747854,36.636905,0 -102.6744126,36.6371353,0 -102.6740478,36.6373441,0 -102.6733575,36.6377049,0 -102.6663712,36.6412379,0 -102.6639292,36.6424836,0 -102.6623091,36.6433014,0 -102.6615026,36.6437084,0 -102.6609163,36.6440078,0 -102.660304,36.644318,0 -102.659808,36.6445710000001,0 -102.6590536,36.6449568,0 -102.657721,36.645631,0 -102.656713,36.6461448,0 -102.6559895,36.6465086,0 -102.6546383,36.6472011,0 -102.653522,36.6477695,0 -102.6527688,36.6481468,0 -102.6516981,36.6486832,0 -102.6510757,36.6490013,0 -102.649929,36.649588,0 -102.648654,36.650233,0 -102.6474588,36.6508337,0 -102.6466274,36.6512579,0 -102.6427819,36.653211,0 -102.6404391,36.6543794,0 -102.6399877,36.6546184,0 -102.638385,36.655431,0 -102.637008,36.656117,0 -102.6358216,36.6567249,0 -102.634658,36.657324,0 -102.6340846,36.6576135,0 -102.6332132,36.6580454,0 -102.6320312,36.658648,0 -102.6287903,36.6602921,0 -102.6274961,36.6609489,0 -102.625762,36.661825,0 -102.6249293,36.6622521000001,0 -102.6234185,36.6630097,0 -102.6221949,36.6636282,0 -102.6206838,36.6643975,0 -102.6186095,36.6654439,0 -102.6170197,36.6662456,0 -102.6164694,36.66653,0 -102.6151621,36.6671964,0 -102.6135153,36.6680302,0 -102.6125013,36.6685444,0 -102.6111218,36.6692429,0 -102.6097905,36.6699113,0 -102.6080581,36.6707906,0 -102.6069145,36.6713726,0 -102.605916,36.671872,0 -102.6013418,36.6741855,0 -102.5986945,36.6755437,0 -102.5979661,36.6759091,0 -102.5966781,36.6765659,0 -102.5954509,36.6771729,0 -102.5852305,36.6823545,0 -102.5783587,36.685824,0 -102.5759634,36.6870307,0 -102.5748428,36.6875976,0 -102.5736292,36.6882113,0 -102.571323,36.68938,0 -102.5708846,36.6895982,0 -102.570125,36.6899984,0 -102.566051,36.692038,0 -102.5650603,36.6925475,0 -102.564143,36.693009,0 -102.562861,36.693671,0 -102.5626656,36.6937669,0 -102.5625871,36.6938069,0 -102.561259,36.694482,0 -102.559111,36.695554,0 -102.557904,36.696142,0 -102.556047,36.697086,0 -102.554215,36.698035,0 -102.5538132,36.6982453,0 -102.5413896,36.7045121,0 -102.538838,36.705798,0 -102.537057,36.706694,0 -102.536619,36.706914,0 -102.5355278,36.7074962,0 -102.5355005,36.7075109000001,0 -102.534719,36.707932,0 -102.532381,36.709267,0 -102.530465,36.71037,0 -102.5260814,36.7128612,0 -102.522634,36.7148205,0 -102.5208394,36.7158518,0 -102.5191545,36.7168127,0 -102.5176857,36.7176501,0 -102.5174693,36.7177724,0 -102.5168427,36.718145,0 -102.5164003,36.7184418,0 -102.5163083,36.7185107,0 -102.5159903,36.7187499,0 -102.5156064,36.7190716,0 -102.515213,36.719432,0 -102.514906,36.719761,0 -102.51486,36.71981,0 -102.5144956,36.7202881,0 -102.5143076,36.7205622,0 -102.5141571,36.720789,0 -102.5139107,36.7211936,0 -102.5137894,36.7214190999999,0 -102.5136879,36.721637,0 -102.5134478,36.7222658,0 -102.5132829,36.722805,0 -102.5132098,36.7230925,0 -102.5131582,36.7233736,0 -102.513134,36.7235192,0 -102.5131273,36.7236101,0 -102.513123,36.7236687,0 -102.5131032,36.7240924,0 -102.5131015,36.724511,0 -102.5131046,36.7252235,0 -102.5131053,36.7253743,0 -102.5131095,36.726216,0 -102.5131138,36.7270767,0 -102.5131181,36.727916,0 -102.5131224,36.7287782,0 -102.5131242,36.7291518,0 -102.5131244,36.7291795,0 -102.5131252,36.7293035,0 -102.5132942,36.7293069,0 -102.5134473,36.7293102,0 -102.5135153,36.7293326,0 -102.5135507,36.729371,0 -102.5135653,36.7294519000001,0 -102.5135702,36.7296921,0 -102.5135722,36.7297876,0 -102.5135763,36.7299635,0 -102.5135402,36.7300293,0 -102.5134881,36.7300642,0 -102.5134255,36.7300818,0 -102.513111,36.7300839,0 -102.5129891,36.7300821,0 -102.5127678,36.7300757,0 -102.5127024,36.7300478,0 -102.5126569,36.7300019,0 -102.5126392,36.7299656,0 -102.5126282,36.7297009,0 -102.512545,36.7297003,0 -102.512515,36.7297001,0 -102.512047,36.7296966,0 -102.511969,36.729696,0 -102.5115328,36.7296927,0 -102.5110089,36.7296888,0 -102.5108479,36.7296876,0 -102.5106659,36.7296863,0 -102.5099809,36.7296812,0 -102.5085349,36.7296704,0 -102.5084569,36.7296698,0 -102.5079328,36.7296659,0 -102.5073768,36.7296618,0 -102.5067958,36.7296574,0 -102.5062679,36.7296535,0 -102.5056779,36.7296491,0 -102.5051419,36.7296451,0 -102.5046109,36.7296411,0 -102.5040629,36.729637,0 -102.5029359,36.7296286,0 -102.5018229,36.7296203,0 -102.50076,36.7296124,0 -102.5006704,36.7296116999999,0 -102.5001709,36.729608,0 -102.499496,36.729603,0 -102.4988,36.7295955,0 -102.4986579,36.729596,0 -102.4984896,36.7295947,0 -102.4973289,36.7295858,0 -102.497002,36.7295833,0 -102.4964538,36.7295509,0 -102.4962747,36.729536,0 -102.4957058,36.7294787,0 -102.4954945,36.7294499,0 -102.495197,36.729405,0 -102.494959,36.729367,0 -102.494456,36.729257,0 -102.4939097,36.729128,0 -102.4935953,36.7290518,0 -102.493443,36.7290044,0 -102.4915978,36.7284551,0 -102.4905727,36.7281329,0 -102.4892949,36.7277366000001,0 -102.4879423,36.7273197,0 -102.4868334,36.7269686,0 -102.4860377,36.7267093,0 -102.485005,36.7263789,0 -102.4841244,36.7261065,0 -102.4830702,36.725788,0 -102.4825538,36.7256842,0 -102.4821801,36.7256234,0 -102.4819171,36.7255919000001,0 -102.481626,36.725562,0 -102.4812414,36.7255424000001,0 -102.48109,36.7255396,0 -102.4806067,36.7255378,0 -102.480076,36.7255676000001,0 -102.4793152,36.725648,0 -102.4790168,36.725691,0 -102.4785231,36.7258002,0 -102.4778919,36.7259888,0 -102.477158,36.7262642,0 -102.4766777,36.7264798,0 -102.47636,36.7266411999999,0 -102.4759301,36.7269042,0 -102.4754184,36.7272829,0 -102.4685199,36.7327511,0 -102.4680724,36.733104,0 -102.467759,36.733339,0 -102.4674769,36.7335557,0 -102.4671281,36.7337777,0 -102.4669297,36.7339005,0 -102.466679,36.7340333,0 -102.4665676,36.7340928,0 -102.4661861,36.7342786,0 -102.4657582,36.7344729,0 -102.4649327,36.7347887,0 -102.4634992,36.7352988,0 -102.459108,36.73684,0 -102.446195,36.7414012,0 -102.4281757,36.7477559,0 -102.4277935,36.7478891,0 -102.4138418,36.752815,0 -102.4132974,36.7529906,0 -102.410851,36.75374,0 -102.4101584,36.7539709,0 -102.4064168,36.7552814,0 -102.39218,36.7602939,0 -102.389472,36.7612427,0 -102.3880679,36.7617773,0 -102.3867061,36.7622682,0 -102.3858637,36.7625181,0 -102.3856519,36.7625683,0 -102.3853806,36.7626151,0 -102.3851495,36.7626337,0 -102.384932,36.7626394999999,0 -102.3847055,36.7626308,0 -102.3844593,36.7626062,0 -102.3840132,36.7625482,0 -102.3836006,36.7624946,0 -102.3831073,36.7624617,0 -102.3827274,36.7624249,0 -102.3703779,36.7624192,0 -102.3561303,36.7624719,0 -102.3377275,36.7624911,0 -102.3229799,36.7625083,0 -102.3196756,36.7625132,0 -102.3033589,36.7625291,0 -102.3016151,36.7625531,0 -102.300663,36.762563,0 -102.300329,36.762566,0 -102.2835824,36.7626244,0 -102.2655551,36.7626939,0 -102.2474198,36.7627544,0 -102.230061,36.762686,0 -102.2120802,36.7626213,0 -102.194145,36.762563,0 -102.1759963,36.7625036,0 -102.1579698,36.7624539,0 -102.1400089,36.762418,0 -102.1220348,36.7624159,0 -102.1062506,36.7624007,0 -102.0859452,36.7623634,0 -102.0679207,36.7623352,0 -102.0499056,36.7623217,0 -102.0431049,36.7623144,0 -102.031832,36.762308,0 -102.0311471,36.7623068,0 -102.026659,36.7622991,0 -102.0261423,36.7623027,0 -102.0144186,36.7622941,0 -101.9964065,36.7622919,0 -101.9783806,36.7622758,0 -101.9719866,36.7622661,0 -101.971806,36.7622661,0 -101.960357,36.762266,0 -101.9422935,36.7622392,0 -101.9408021,36.7622372,0 -101.9402874,36.7622372,0 -101.9242707,36.7622117,0 -101.917097,36.762227,0 -101.915868,36.762228,0 -101.91132,36.7622313,0 -101.9075566,36.762234,0 -101.9068117,36.762233,0 -101.9064849,36.7622366,0 -101.9056406,36.762235,0 -101.905428,36.762237,0 -101.9023338,36.7622378,0 -101.899784,36.7622385,0 -101.897963,36.762248,0 -101.897298,36.762248,0 -101.888803,36.762253,0 -101.8707572,36.7622667,0 -101.852761,36.762276,0 -101.8347291,36.7623274,0 -101.8180603,36.7623722,0 -101.8167712,36.7623746,0 -101.8167051,36.7623747,0 -101.8166585,36.7623749,0 -101.816013,36.7623772,0 -101.8154499,36.7623793,0 -101.7989522,36.7622993,0 -101.7808842,36.762222,0 -101.7720342,36.7621836,0 -101.7629527,36.7621447,0 -101.754071,36.762102,0 -101.753842,36.762102,0 -101.747228,36.7620630000001,0 -101.7449328,36.7620594,0 -101.7418243,36.7620473,0 -101.7369841,36.7620231,0 -101.735251,36.762018,0 -101.7269358,36.7619787,0 -101.7242944,36.761961,0 -101.7183725,36.7619417999999,0 -101.7137688,36.7619148,0 -101.708794,36.7618947,0 -101.703559,36.761937,0 -101.6911662,36.7620578,0 -101.6820412,36.7621423000001,0 -101.6730959,36.7622257,0 -101.6638728,36.7623024,0 -101.6549872,36.7623651,0 -101.6459683,36.7624303,0 -101.6368863,36.7624883,0 -101.62886,36.762538,0 -101.6279423,36.7625426,0 -101.6188318,36.7625897,0 -101.6103299,36.7626321,0 -101.6057015,36.7626616,0 -101.6006965,36.7626631,0 -101.5926801,36.762636,0 -101.5909181,36.7626249,0 -101.5905074,36.7626257,0 -101.582609,36.7625995,0 -101.5753126,36.7625817,0 -101.5735875,36.7625785,0 -101.5718239,36.7625738,0 -101.568005,36.762558,0 -101.5652665,36.7625526,0 -101.5644457,36.7625488,0 -101.5643863,36.7625485,0 -101.5628503,36.7625403,0 -101.5614361,36.7625396,0 -101.5598126,36.7625323,0 -101.5585152,36.7625283,0 -101.5581596,36.7625267,0 -101.556824,36.7625247,0 -101.5558225,36.762521,0 -101.5514054,36.7625079,0 -101.5477246,36.762497,0 -101.537281,36.762466,0 -101.5260181,36.7624329,0 -101.5230867,36.7624226,0 -101.519383,36.762414,0 -101.5183183,36.7623998,0 -101.517737,36.7623799,0 -101.5172613,36.7623553,0 -101.5168118,36.7623245,0 -101.5160601,36.7622502,0 -101.5155063,36.7621797,0 -101.514926,36.7620913,0 -101.5144505,36.7620079000001,0 -101.5139628,36.7619091,0 -101.513073,36.7617109,0 -101.5121946,36.7614764,0 -101.5115365,36.7612741,0 -101.511028,36.7610997999999,0 -101.510352,36.76086,0 -101.509068,36.760308,0 -101.5073729,36.7594408,0 -101.5064462,36.7588514,0 -101.5051221,36.7579195,0 -101.5033971,36.7566869,0 -101.4959032,36.7513316,0 -101.4951849,36.7508072,0 -101.4948827,36.750558,0 -101.4946713,36.7503839,0 -101.494204,36.7499218,0 -101.4938111,36.7494791,0 -101.4934664,36.7490428,0 -101.4931381,36.7485716,0 -101.4929018,36.7481255,0 -101.4926863,36.7476746,0 -101.4924781,36.7471147,0 -101.4923585,36.7467328,0 -101.4922611,36.7463419,0 -101.4922066,36.7459936,0 -101.4921641,36.7457188,0 -101.4921516,36.7454642,0 -101.49215,36.7452164,0 -101.4921433,36.7440031,0 -101.4921485,36.740393,0 -101.4921468,36.7398123,0 -101.4921442,36.739482,0 -101.4921475,36.7391839,0 -101.4921422,36.7381699,0 -101.4921454,36.7362646,0 -101.4921474,36.735567,0 -101.492146,36.734774,0 -101.492147,36.7342624,0 -101.492148,36.7337296,0 -101.492149,36.733168,0 -101.4921552,36.731528,0 -101.492138,36.7308956999999,0 -101.492106,36.730266,0 -101.4920787,36.7298984,0 -101.4920362,36.7295349,0 -101.4919481,36.7289612,0 -101.4918857,36.7286559,0 -101.4918254,36.728393,0 -101.4916423,36.7277098,0 -101.4911068,36.725815,0 -101.4910137,36.7254871,0 -101.4904807,36.7236186,0 -101.4896019,36.7204937,0 -101.489068,36.718595,0 -101.4881213,36.715238,0 -101.4877646,36.7139751,0 -101.4873691,36.7125731,0 -101.4864681,36.7093758,0 -101.486104,36.7080697,0 -101.4860829,36.7079883,0 -101.4860133,36.7077378,0 -101.4856884,36.7065813,0 -101.4854625,36.7057772,0 -101.4852882,36.7051525,0 -101.4850674,36.7043608,0 -101.4849773,36.7040379,0 -101.4846754,36.7030479,0 -101.4845403,36.7025521,0 -101.4844114,36.7021202,0 -101.4843791,36.7020073,0 -101.4842989,36.7017264,0 -101.4842292,36.7014825,0 -101.4841603,36.7012412,0 -101.4841,36.7010212,0 -101.483906,36.700366,0 -101.4838151,36.7000346,0 -101.4836714,36.6995103,0 -101.4836328,36.6993696000001,0 -101.4835751,36.6991591,0 -101.4835394,36.6990291,0 -101.4835227,36.6989683,0 -101.4835027,36.698905,0 -101.4834466,36.6987268,0 -101.4833657,36.6985225,0 -101.4833088,36.6983787,0 -101.4832761,36.6982563,0 -101.4832629,36.6982068,0 -101.4832027,36.6979813,0 -101.483178,36.697859,0 -101.4831743,36.6977342,0 -101.4831511,36.6976506,0 -101.483071,36.697362,0 -101.4830149,36.6972102,0 -101.4829962,36.6971597,0 -101.482928,36.6968488,0 -101.4829253,36.6968392,0 -101.4827414,36.6961865,0 -101.4825584,36.695565,0 -101.482197,36.694308,0 -101.4820807,36.6938711,0 -101.4818897,36.6931951,0 -101.4818431,36.6930471000001,0 -101.4817591,36.6927317,0 -101.4817178,36.6925766,0 -101.4816595,36.6923812,0 -101.4816195,36.692126,0 -101.4816114,36.6918799,0 -101.4816094,36.6916569,0 -101.4816002,36.6906817,0 -101.4815891,36.68949,0 -101.4815879,36.6889415,0 -101.4815856,36.687892,0 -101.4815833,36.6868506,0 -101.481581,36.685823,0 -101.4815791,36.68493,0 -101.4815807,36.6840348000001,0 -101.4815809,36.6839014000001,0 -101.4815802,36.6837801,0 -101.4815757,36.6829796,0 -101.4815757,36.682954,0 -101.4815755,36.682857,0 -101.4815753,36.6827638,0 -101.4815752,36.6827382,0 -101.4815727,36.6819426,0 -101.4815736,36.6818181,0 -101.4815732,36.6816952,0 -101.48157,36.680783,0 -101.4815693,36.6804932,0 -101.481568,36.6802267,0 -101.481568,36.6799,0 -101.4815651,36.678576,0 -101.4815664,36.6777125,0 -101.4815665,36.6776865,0 -101.4815666,36.6775212,0 -101.4814223,36.6775219000001,0 -101.4813942,36.677522,0 -101.4809168,36.6775244,0 -101.4802692,36.6775275,0 -101.4796393,36.6775269,0 -101.4791344,36.6775251,0 -101.4790979,36.6775251,0 -101.4789706,36.6775251,0 -101.4788233,36.6775253,0 -101.4783151,36.6775261,0 -101.4776681,36.6775271,0 -101.477021,36.677528,0 -101.476375,36.677529,0 -101.4755074,36.6777086,0 -101.4752465,36.6777713,0 -101.474811,36.6778983,0 -101.47467,36.6779539999999,0 -101.4746489,36.677833,0 -101.4746329,36.6777413,0 -101.4746271,36.6777083,0 -101.4744991,36.6774951,0 -101.4743397,36.6772932,0 -101.4741006,36.6771018,0 -101.4731111,36.6763614,0 -101.472473,36.6759351,0 -101.472125,36.675737,0 -101.471772,36.675568,0 -101.471385,36.6754060000001,0 -101.470989,36.675267,0 -101.470921,36.675251,0 -101.4707053,36.6751958,0 -101.4704671,36.6751349,0 -101.470313,36.675103,0 -101.469929,36.6750246000001,0 -101.4696288,36.6749813,0 -101.4693764,36.6749573,0 -101.4689729,36.6749363,0 -101.468437,36.674931,0 -101.467939,36.6749261,0 -101.467353,36.674919,0 -101.4666695,36.6749184,0 -101.465147,36.674912,0 -101.4641493,36.6749109,0 -101.4640174,36.6749107,0 -101.4637934,36.6749102,0 -101.4627534,36.6749091,0 -101.4616852,36.674908,0 -101.4614406,36.6749075,0 -101.4606036,36.6749069,0 -101.4601081,36.6749086,0 -101.458755,36.6749132,0 -101.4566978,36.6748927,0 -101.4555416,36.674894,0 -101.45371,36.6748925,0 -101.4532778,36.6748890000001,0 -101.4530979,36.6748922,0 -101.4527455,36.6748899,0 -101.4523339,36.6748899,0 -101.447654,36.6748741,0 -101.4387283,36.6748515,0 -101.4322075,36.6748334,0 -101.4297295,36.674814,0 -101.4207124,36.674781,0 -101.4118692,36.6747540000001,0 -101.4117459,36.6747540000001,0 -101.4027274,36.6747197,0 -101.4021075,36.6747128,0 -101.384719,36.6746709999999,0 -101.38335,36.674667,0 -101.377403,36.674648,0 -101.376979,36.674646,0 -101.370801,36.674645,0 -101.367637,36.674642,0 -101.3586244,36.6746388,0 -101.349632,36.674623,0 -101.342753,36.674623,0 -101.342197,36.6746180000001,0 -101.3316824,36.6745802,0 -101.3226637,36.6745197,0 -101.3136407,36.6745283,0 -101.304839,36.674536,0 -101.30468,36.674536,0 -101.302993,36.674528,0 -101.29565,36.6745038,0 -101.2799233,36.6744452,0 -101.2791257,36.6744363,0 -101.2783966,36.6743976,0 -101.277652,36.6743039999999,0 -101.2764369,36.6740362,0 -101.275511,36.673741,0 -101.2747682,36.6734316,0 -101.2598829,36.666691,0 -101.2508715,36.6626288,0 -101.245836,36.660313,0 -101.2437684,36.6593763,0 -101.225552,36.651123,0 -101.2236454,36.6502492,0 -101.222857,36.6498879,0 -101.2214934,36.6492641,0 -101.2204989,36.6487862,0 -101.2201661,36.6486262,0 -101.219834,36.648447,0 -101.218748,36.647855,0 -101.218242,36.647539,0 -101.2179785,36.6473745,0 -101.217658,36.6471744,0 -101.2168252,36.6466147,0 -101.216334,36.646249,0 -101.2160479,36.6460395,0 -101.215831,36.645873,0 -101.2150209,36.6452384,0 -101.2142835,36.6446009,0 -101.2135868,36.6439746,0 -101.2122577,36.6427797,0 -101.211188,36.641818,0 -101.210163,36.640851,0 -101.209589,36.640236,0 -101.208736,36.639241,0 -101.2082513,36.6386055,0 -101.2077576,36.6378931,0 -101.2071466,36.636913,0 -101.2065837,36.6358518,0 -101.2063052,36.6352599,0 -101.2060582,36.6346781,0 -101.2055481,36.63328,0 -101.2051157,36.6320683,0 -101.2047332,36.6310139,0 -101.2040388,36.6290873,0 -101.203036,36.626305,0 -101.2024777,36.6247875,0 -101.2022086,36.6240188,0 -101.2019053,36.6232879,0 -101.2016183,36.6227416,0 -101.2013858,36.6223783,0 -101.2011363,36.6220153,0 -101.2010207,36.6218591,0 -101.2007341,36.6215299,0 -101.2004942,36.6212689,0 -101.1997568,36.6205113,0 -101.1988267,36.6195586,0 -101.1972275,36.6179204,0 -101.196828,36.6175112,0 -101.1966861,36.6173602,0 -101.1964386,36.617128,0 -101.1962175,36.6169671,0 -101.1960473,36.6168612,0 -101.1958072,36.6167355,0 -101.1955822,36.6166481000001,0 -101.195416,36.6165999,0 -101.195215,36.6165535,0 -101.1949903,36.6165204,0 -101.1947517,36.6165041999999,0 -101.1944126,36.6164935,0 -101.1938024,36.6164915,0 -101.193153,36.6164917,0 -101.192482,36.616493,0 -101.1920705,36.6164932,0 -101.1919156,36.6164933,0 -101.1906603,36.616495,0 -101.1897384,36.6164936,0 -101.1894333,36.6164946,0 -101.1889336,36.6164895,0 -101.1879816,36.6164939,0 -101.1875614,36.6164958,0 -101.18694,36.6164946,0 -101.1862581,36.6164951,0 -101.1837008,36.6164965,0 -101.1801212,36.6164998,0 -101.1789381,36.6165009,0 -101.1750948,36.6164969,0 -101.1747493,36.6164965,0 -101.1699521,36.6165039,0 -101.1610063,36.6164942,0 -101.1604123,36.6164958,0 -101.1532641,36.616496,0 -101.1523474,36.6164974,0 -101.152077,36.6164972,0 -101.1340174,36.6164869,0 -101.119902,36.616493,0 -101.1159883,36.6164927,0 -101.1105029,36.616496,0 -101.104248,36.616511,0 -101.098015,36.616522,0 -101.0914698,36.6165203,0 -101.083431,36.616519,0 -101.082766,36.616518,0 -101.079919,36.616525,0 -101.0619305,36.6165457,0 -101.0522487,36.6165592,0 -101.0452174,36.6165692,0 -101.0319565,36.6165489,0 -101.026015,36.6165397,0 -101.0255627,36.6165416,0 -101.02254,36.6165458,0 -101.021692,36.6165402,0 -101.0192266,36.6165475,0 -101.0171215,36.6165478,0 -101.0080718,36.616534,0 -101.0046937,36.6165377,0 -101.0036335,36.616535,0 -101.0032326,36.6165369,0 -101.0024124,36.6165354,0 -100.9901232,36.6165376,0 -100.9774785,36.6165254,0 -100.9720745,36.616521,0 -100.9527992,36.6165629999999,0 -100.9513426,36.6165588,0 -100.9467059,36.6165455,0 -100.9464127,36.616545,0 -100.9449395,36.6165428,0 -100.9373763,36.6165157,0 -100.9365584,36.6165136,0 -100.927466,36.6164902000001,0 -100.9198558,36.6164786,0 -100.9185533,36.6164766,0 -100.9150033,36.6164761,0 -100.9142806,36.6164759999999,0 -100.9038192,36.6164735,0 -100.9035949,36.6164735,0 -100.9006573,36.6164728,0 -100.8826581,36.6164214,0 -100.871847,36.6164047,0 -100.8698044,36.6164021,0 -100.867281,36.6163989,0 -100.8647147,36.6163957,0 -100.8637079,36.6163914,0 -100.856973,36.6163595,0 -100.8567246,36.6163585,0 -100.8511095,36.6163324,0 -100.8468288,36.6163201,0 -100.8418452,36.6163098,0 -100.8390287,36.6163139,0 -100.832965,36.6163227,0 -100.8291449,36.6163051,0 -100.8286549,36.6162987,0 -100.8285935,36.6163009,0 -100.828141,36.6163057,0 -100.8254041,36.6163199,0 -100.8242064,36.6163236,0 -100.8223546,36.6163182,0 -100.8211606,36.6163147,0 -100.8173432,36.6163034,0 -100.8171456,36.6163037,0 -100.8106115,36.6163141,0 -100.8014694,36.6163344,0 -100.8012572,36.6163348,0 -100.7925545,36.6163541,0 -100.7745973,36.6163428999999,0 -100.7655233,36.6163502,0 -100.7611812,36.6163572,0 -100.7565448,36.6163647,0 -100.7529719,36.6163663,0 -100.7474909,36.6163633,0 -100.7385708,36.6163648,0 -100.7313946,36.6163689,0 -100.7208474,36.6163702,0 -100.7117378,36.6163964,0 -100.7027887,36.6164214,0 -100.6906022,36.6164125,0 -100.6861905,36.6164491,0 -100.6854807,36.6164438,0 -100.6847785,36.6164437,0 -100.6840523,36.6164387,0 -100.6722715,36.6164273,0 -100.6667733,36.6164319,0 -100.6559344,36.6164174,0 -100.6487769,36.6164078,0 -100.6308056,36.6163839,0 -100.613001,36.6162831,0 -100.6087675,36.6162848,0 -100.6068308,36.6162885,0 -100.6003961,36.6162976,0 -100.5992697,36.6163006,0 -100.5965685,36.6163077,0 -100.5957747,36.6163038,0 -100.5950108,36.6163034,0 -100.577997,36.6163285,0 -100.5769385,36.6163218,0 -100.5761974,36.6163237,0 -100.5710328,36.6163158,0 -100.5708052,36.616314,0 -100.5643175,36.6163042,0 -100.5590252,36.6162955,0 -100.551983,36.6162931,0 -100.5515485,36.6162929999999,0 -100.5489711,36.6162921,0 -100.5390636,36.6162902,0 -100.5283412,36.6162605,0 -100.5281628,36.61626,0 -100.5255506,36.6162336,0 -100.5249352,36.6162299,0 -100.5241743,36.6162291,0 -100.5240792,36.616229,0 -100.5237683,36.6162287,0 -100.5236152,36.6162286,0 -100.5229652,36.6162279,0 -100.5223469,36.6162273,0 -100.5222891,36.6162272,0 -100.5219785,36.6162269,0 -100.5207248,36.6162256,0 -100.5185168,36.6162423,0 -100.5089014,36.6162439,0 -100.5081485,36.6162479,0 -100.5032557,36.6162451,0 -100.5027086,36.6162431,0 -100.4964919,36.6162499,0 -100.4959292,36.6162496,0 -100.4918414,36.6162473,0 -100.4891965,36.6162458,0 -100.4881374,36.6162446,0 -100.4862776,36.6162489000001,0 -100.4816893,36.6162586,0 -100.4773747,36.6162678,0 -100.4693847,36.6162843,0 -100.463229,36.6162783,0 -100.4555297,36.6162789,0 -100.4513552,36.6162766,0 -100.4472112,36.6162772,0 -100.4333451,36.616267,0 -100.4313728,36.6162717,0 -100.4309538,36.6162701,0 -100.4274487,36.6162613,0 -100.4263082,36.6162535,0 -100.4232871,36.616247,0 -100.4180901,36.6162356,0 -100.4170344,36.6162348,0 -100.4153352,36.6162357,0 -100.4001683,36.6162169,0 -100.3974553,36.6162172,0 -100.3966759,36.6162197,0 -100.3952957,36.6162227,0 -100.394897,36.6162235,0 -100.3911897,36.6162315,0 -100.3847647,36.6162558,0 -100.3821093,36.6162663,0 -100.3794702,36.6162768,0 -100.3644875,36.6162069000001,0 -100.3614903,36.6161919,0 -100.3602985,36.6161927,0 -100.3556133,36.6161875,0 -100.3491153,36.6161847,0 -100.3435046,36.6161659,0 -100.3255599,36.6161423,0 -100.3233833,36.6161303,0 -100.3125074,36.6160829,0 -100.3074391,36.6160609,0 -100.2896061,36.6161256,0 -100.2833622,36.6161353,0 -100.2823452,36.6161363,0 -100.2818949,36.6161368,0 -100.2751484,36.6161414,0 -100.2715104,36.6161505,0 -100.2534715,36.616176,0 -100.2457873,36.6161978,0 -100.2353982,36.6162137,0 -100.2173796,36.6163002,0 -100.2001654,36.6164563,0 -100.19748,36.6164438,0 -100.1937349,36.6164137,0 -100.1896748,36.6163698,0 -100.1813676,36.6162894,0 -100.1723942,36.6162278,0 -100.1670531,36.6161946,0 -100.1648435,36.6161782,0 -100.1634963,36.6161731,0 -100.1544378,36.6161792,0 -100.1453227,36.6161577,0 -100.1328616,36.6160768,0 -100.1272904,36.6160439,0 -100.1174606,36.6160088,0 -100.1136114,36.6160098,0 -100.1093591,36.6159996,0 -100.1083083,36.6159964,0 -100.1081225,36.6159958,0 -100.1079595,36.6159953,0 -100.10727,36.6159932,0 -100.1060662,36.6159895,0 -100.105012,36.6159862,0 -100.1038728,36.615981,0 -100.0913922,36.6159242,0 -100.0874966,36.6159233,0 -100.0870159,36.6159275,0 -100.0781248,36.615899,0 -100.0777752,36.6158983,0 -100.0752085,36.615897,0 -100.0628154,36.6159152999999,0 -100.0571588,36.615917,0 -100.0495136,36.6159056,0 -100.0470232,36.6158981,0 -100.0392056,36.615887,0 -100.0358589,36.6159005,0 -100.0352178,36.615903,0 -100.0324546,36.6159142,0 -100.0212161,36.6159707,0 -100.016615,36.615982,0 -100.0130288,36.6159857,0 -100.0122941,36.6159873,0 -100.0113966,36.6159884,0 -100.0108767,36.6160078,0 -100.0104371,36.6160425,0 -100.0099379,36.6161053,0 -100.0093851,36.6161978,0 -100.00876,36.6163338,0 -100.0083051,36.6164519,0 -100.007871,36.6165841,0 -100.007117,36.6168744,0 -100.0064271,36.6171888,0 -100.0032673,36.6187799,0 -99.9986423,36.6210986,0 -99.99815049999999,36.6213359,0 -99.99767300000002,36.6215469,0 -99.9973282,36.6216791,0 -99.99693199999999,36.6218159999999,0 -99.9965065,36.6219452,0 -99.99612480000002,36.6220395,0 -99.99574539999999,36.6221271,0 -99.99535090000001,36.6222093,0 -99.9950194,36.6222625,0 -99.99472249999999,36.622295,0 -99.9943753,36.6223348,0 -99.99417879999999,36.6223519,0 -99.99358239999998,36.622368,0 -99.9923008,36.6223679,0 -99.98078349999999,36.6222773,0 -99.98010429999999,36.6222754,0 -99.979181,36.6222668,0 -99.96241499999999,36.6221329,0 -99.94493469999999,36.6224502,0 -99.9409295,36.6225034,0 -99.9342006,36.6225837,0 -99.93189700000001,36.6226103,0 -99.9315974,36.6226134,0 -99.9276486,36.6226595,0 -99.92671070000002,36.6226639,0 -99.92616239999998,36.6226602,0 -99.9256603,36.6226554,0 -99.9182753,36.6224992,0 -99.909154,36.6223173,0 -99.9024246,36.6222914,0 -99.90002509999999,36.6222613,0 -99.89857859999999,36.6222598,0 -99.89530019999999,36.6222252,0 -99.89323690000001,36.6222042,0 -99.89256269999998,36.6221965000001,0 -99.89195839999999,36.6221897,0 -99.8915495,36.622185,0 -99.891087,36.6221847,0 -99.8906125,36.6221806,0 -99.8905106,36.622183,0 -99.8868581,36.6221901,0 -99.8848929,36.6222127,0 -99.87302600000001,36.6222942,0 -99.864401,36.6223068,0 -99.8579912,36.6223247000001,0 -99.855715,36.622331,0 -99.85548900000001,36.6223330000001,0 -99.85178329999999,36.6223367,0 -99.8509241,36.6223371,0 -99.8477346,36.6223472,0 -99.84687859999998,36.6223483,0 -99.84202199999999,36.6223662,0 -99.841263,36.622369,0 -99.83755469999998,36.6223738,0 -99.83667359999998,36.6223731,0 -99.82904980000001,36.6223895,0 -99.8186175,36.6223911,0 -99.8025629,36.6223911,0 -99.8004967,36.622382,0 -99.78767630000002,36.6223732,0 -99.78231630000001,36.6223606,0 -99.77243429999999,36.622334,0 -99.77155620000001,36.6223353,0 -99.7698144,36.6223212,0 -99.7693213,36.6222981,0 -99.7687336,36.622244,0 -99.76798320000002,36.622134,0 -99.7670632,36.6219364,0 -99.7660829,36.6216325,0 -99.76524190000002,36.6213248,0 -99.7647029,36.6210843,0 -99.7641802,36.6208121,0 -99.76372720000001,36.6205473,0 -99.76330799999999,36.620279,0 -99.7605654,36.6181826,0 -99.7595101,36.6173717,0 -99.7589741,36.6169561,0 -99.75849090000001,36.6166186,0 -99.75796699999998,36.616295,0 -99.75760459999999,36.6160832,0 -99.7575222,36.6160387,0 -99.75723409999999,36.6158914,0 -99.75698019999999,36.6157663,0 -99.75648839999998,36.615552,0 -99.7559906,36.6153615,0 -99.755601,36.6152313,0 -99.75519489999999,36.6151209000001,0 -99.75503519999999,36.6150839,0 -99.75448660000001,36.6149817,0 -99.7539156,36.6149111,0 -99.753336,36.614891,0 -99.75238299999999,36.614896,0 -99.75093,36.614903,0 -99.75003260000001,36.6149070000001,0 -99.7487328,36.6149035,0 -99.74810099999999,36.6149070000001,0 -99.747468,36.6149070000001,0 -99.7468755,36.614905,0 -99.7462195,36.614854,0 -99.74570989999999,36.6147873,0 -99.7452897,36.6146979000001,0 -99.7448692,36.6145878,0 -99.7420079,36.613654,0 -99.7280698,36.6089524,0 -99.7186928,36.6058375,0 -99.717686,36.6055137,0 -99.7130246,36.6040203,0 -99.70738900000002,36.602158,0 -99.70512530000001,36.6013982,0 -99.7039997,36.6010282,0 -99.70342049999999,36.6008486,0 -99.7032055,36.6007905,0 -99.70289610000002,36.6007094,0 -99.70234070000001,36.6005929,0 -99.7017354,36.6005086,0 -99.7013273,36.6004734,0 -99.700866,36.6004491,0 -99.69200369999999,36.600456,0 -99.68810709999998,36.6004599,0 -99.686824,36.6004615,0 -99.68595079999999,36.6004589,0 -99.68435650000001,36.6004613,0 -99.68019279999999,36.6004721,0 -99.674069,36.6004762,0 -99.67289580000001,36.6004838,0 -99.6663179,36.6004939,0 -99.6604554,36.6005083,0 -99.65936259999999,36.6005027,0 -99.6588667,36.600493,0 -99.65854849999999,36.6004762,0 -99.658258,36.6004497,0 -99.6578968,36.6004079,0 -99.65746900000001,36.6003423,0 -99.65699979999999,36.6002481,0 -99.65656730000001,36.6001467999999,0 -99.656128,36.6000276,0 -99.65557470000002,36.5998560000001,0 -99.64698729999999,36.5968862,0 -99.6449554,36.5961759,0 -99.63614099999999,36.593127,0 -99.63357639999998,36.5922472,0 -99.632282,36.5918178,0 -99.63163239999999,36.5916065,0 -99.63093720000001,36.5914009,0 -99.6232897,36.5893167,0 -99.60547500000001,36.5845214,0 -99.6035079,36.5839732,0 -99.6025372,36.5836516,0 -99.6016776,36.5833299,0 -99.59523489999999,36.5805414999999,0 -99.59474950000001,36.5803314,0 -99.5935186,36.5798008,0 -99.58748780000001,36.5772011,0 -99.58705639999998,36.577016,0 -99.5864416,36.5767462,0 -99.58504739999999,36.5761266,0 -99.5843845,36.575843,0 -99.582705,36.5751118,0 -99.581092,36.5744137,0 -99.58059710000002,36.5742053,0 -99.58038519999999,36.5741261000001,0 -99.5800594,36.5740141,0 -99.57968919999999,36.5739043,0 -99.5792842,36.5738106,0 -99.5789503,36.5737545,0 -99.57858950000001,36.5736996,0 -99.57823129999998,36.5736716,0 -99.57793639999998,36.5736512,0 -99.57763730000001,36.573649,0 -99.57730739999998,36.573646,0 -99.57580059999999,36.5736691,0 -99.57548269999999,36.5736733,0 -99.5752288,36.5736767,0 -99.57451759999999,36.5736861,0 -99.573283,36.5736982,0 -99.57263500000001,36.5737057,0 -99.5719939,36.5737131,0 -99.57152290000001,36.5737144,0 -99.5712977,36.5737132,0 -99.57104339999998,36.5737066,0 -99.5708252,36.5736927,0 -99.57073669999998,36.5736846,0 -99.5704369,36.5736576,0 -99.57002249999999,36.5735984,0 -99.5696698,36.5735338,0 -99.56937670000001,36.5734648999999,0 -99.5690807,36.5733767999999,0 -99.56772170000001,36.5729375,0 -99.56703000000002,36.5727095,0 -99.5661329,36.5724139,0 -99.56096099999999,36.5707132,0 -99.56034649999999,36.5705114,0 -99.55862199999999,36.5699131,0 -99.55834859999999,36.5698164,0 -99.5578198,36.5696294,0 -99.5572306,36.5694126,0 -99.5566386,36.5691498,0 -99.5559554,36.568803,0 -99.5548928,36.5681431,0 -99.55402290000002,36.5675839,0 -99.55274149999998,36.5667437,0 -99.55146480000001,36.5659193,0 -99.55045089999999,36.5652613,0 -99.54714059999999,36.5631132999999,0 -99.54588529999999,36.5623286,0 -99.5447123,36.5615868,0 -99.5441321,36.5611834,0 -99.5438013,36.5609368,0 -99.54347660000002,36.560666,0 -99.5432058,36.5604241,0 -99.54295330000001,36.5601681,0 -99.5426731,36.5598724,0 -99.54239939999999,36.5595427,0 -99.54224189999999,36.5593117,0 -99.5418888,36.5587759,0 -99.5413191,36.5578412,0 -99.5402871,36.5560934,0 -99.5335874,36.544818,0 -99.52689989999999,36.5335998,0 -99.5265694,36.5330246000001,0 -99.52558010000001,36.5313913,0 -99.525088,36.5305396,0 -99.5241836,36.5290105,0 -99.5230624,36.5271095,0 -99.5139995,36.5118623,0 -99.51240009999999,36.5091738,0 -99.51080670000002,36.5064784,0 -99.50761420000001,36.5010994,0 -99.5060505,36.4985328,0 -99.50247109999999,36.4925006999999,0 -99.50218959999999,36.4920198,0 -99.5011361,36.4902547,0 -99.5009361,36.4899134,0 -99.50071160000002,36.4895777,0 -99.50047909999999,36.4892487,0 -99.50017269999999,36.4888676,0 -99.499816,36.4884774,0 -99.49947370000001,36.4881534,0 -99.49915590000001,36.4878785,0 -99.49872939999999,36.4875507,0 -99.49826,36.4872272,0 -99.49774240000001,36.4868973,0 -99.4957696,36.4857166,0 -99.4947571,36.4851085,0 -99.49405700000001,36.4846793,0 -99.4932067,36.4841585,0 -99.4893419,36.4818056,0 -99.4879657,36.4809668,0 -99.486671,36.4801835,0 -99.48503139999998,36.4791897,0 -99.48130129999998,36.4769228,0 -99.47971939999999,36.4759565,0 -99.47825880000001,36.4750735,0 -99.47611840000002,36.4737632,0 -99.47486330000001,36.4730243,0 -99.4742124,36.472645,0 -99.47226980000001,36.4715183,0 -99.4692546,36.4697341,0 -99.4673391,36.4685962,0 -99.46442930000001,36.4668416,0 -99.46273680000002,36.465817,0 -99.4615318,36.4651035,0 -99.45723790000001,36.4625086,0 -99.4570622,36.4624042,0 -99.45418239999999,36.4606721,0 -99.4523939,36.4595797,0 -99.4485171,36.4572487,0 -99.44817379999999,36.4570437,0 -99.4473758,36.4565756,0 -99.4435601,36.4542616,0 -99.4401822,36.4522166,0 -99.4397503,36.4519566,0 -99.4392769,36.4516406,0 -99.43903949999999,36.4514734,0 -99.4388223,36.4513029,0 -99.43841190000001,36.4509621,0 -99.43802030000001,36.450592,0 -99.43761259999999,36.4501498,0 -99.43727869999999,36.4497301,0 -99.4370694,36.4494097,0 -99.4369085,36.4491616,0 -99.43667910000001,36.4487546000001,0 -99.4362569,36.4480037,0 -99.43563509999998,36.446841,0 -99.4346652,36.4450392,0 -99.43447159999998,36.4446797,0 -99.434421,36.4445872,0 -99.4341977,36.4441791,0 -99.4338324,36.4435143,0 -99.43368379999998,36.443244,0 -99.4334422,36.4428014,0 -99.43312659999999,36.4422077,0 -99.43299039999999,36.4421325,0 -99.4326995,36.4416349,0 -99.4326002,36.4414554,0 -99.4323378,36.4409404,0 -99.43229979999998,36.4407353,0 -99.4320512,36.4402791,0 -99.43081540000001,36.4380116,0 -99.43051160000002,36.4374601,0 -99.43002060000001,36.4365671,0 -99.4298324,36.4362807,0 -99.429625,36.4359877,0 -99.42948440000001,36.4358155,0 -99.4293648,36.4356748,0 -99.42908580000001,36.4353946,0 -99.4287466,36.4350631,0 -99.4286285,36.4349325,0 -99.42853999999998,36.4348084,0 -99.42845819999999,36.4346649,0 -99.42841580000001,36.4345627,0 -99.42840320000001,36.4345322,0 -99.4283643,36.4343876,0 -99.42835520000001,36.4343114,0 -99.428337,36.4341601,0 -99.4283363,36.4340789,0 -99.42833469999999,36.4338782,0 -99.4281498,36.4337111,0 -99.42793540000001,36.4335553,0 -99.42774389999998,36.4335545,0 -99.4274953,36.4335535,0 -99.4274398,36.4335549,0 -99.42731960000002,36.433558,0 -99.42706769999999,36.4335645,0 -99.4267478,36.4335732,0 -99.42655499999999,36.4335784,0 -99.4263591,36.4335907,0 -99.4262592,36.433597,0 -99.4258662,36.4336188,0 -99.42541919999999,36.4336178,0 -99.42528920000001,36.4336162999999,0 -99.425135,36.4336146,0 -99.42477820000001,36.4336129,0 -99.4246016,36.4336281,0 -99.4240994,36.4336713,0 -99.42282160000001,36.4336703,0 -99.4221979,36.4336662,0 -99.4210552,36.4336523,0 -99.4205831,36.4336528,0 -99.41980580000001,36.4336592,0 -99.4185403,36.4336683,0 -99.41771549999999,36.4336466999999,0 -99.41730440000001,36.433624,0 -99.4164485,36.4335891000001,0 -99.4162626,36.4335341,0 -99.41601009999999,36.4335265,0 -99.41536790000001,36.4335138,0 -99.41485940000001,36.4335097,0 -99.4133715,36.4335019,0 -99.41269269999999,36.4334998,0 -99.4118809,36.4335139,0 -99.41131369999999,36.4335265,0 -99.4108495,36.433545,0 -99.4103574,36.4335747,0 -99.40965910000001,36.4336132,0 -99.4095701,36.4336181,0 -99.40897530000001,36.4336352,0 -99.40867809999999,36.4336430999999,0 -99.40835629999998,36.433647,0 -99.40823170000002,36.4336485,0 -99.40785750000001,36.4336525,0 -99.4074821,36.4336584,0 -99.40735340000001,36.4336604,0 -99.4072204,36.4336628,0 -99.4068997,36.4336685,0 -99.4067269,36.4336704,0 -99.40647819999998,36.4336733,0 -99.40609379999999,36.4336777,0 -99.40593079999999,36.4336781,0 -99.405697,36.4336788,0 -99.4054651,36.4336794,0 -99.40481310000001,36.4336811,0 -99.40415730000001,36.433681,0 -99.4035183,36.4336792,0 -99.402886,36.4336776,0 -99.40225169999998,36.433676,0 -99.40094750000002,36.4336794,0 -99.4002267,36.4336773,0 -99.399641,36.4336786,0 -99.39901020000001,36.4336766,0 -99.39837009999998,36.4336746,0 -99.39707829999999,36.4336773,0 -99.3965493,36.4336768,0 -99.3962878,36.4336765,0 -99.395904,36.4336761,0 -99.39579110000001,36.4336759,0 -99.3956439,36.4336735000001,0 -99.39528470000002,36.4336736,0 -99.3949199,36.4336738,0 -99.3939781,36.4336742,0 -99.39372929999999,36.4336743,0 -99.3933226,36.4336745,0 -99.39320840000001,36.4336745,0 -99.39297689999999,36.4336726,0 -99.3925196,36.4336493,0 -99.39206509999998,36.4336302,0 -99.3919235,36.4336243,0 -99.3917964,36.4336235,0 -99.3914509,36.4336203,0 -99.39082209999999,36.4336189,0 -99.39077269999999,36.4336192,0 -99.39062439999999,36.43362,0 -99.3904776,36.4336167,0 -99.39044390000001,36.4336159,0 -99.3902142,36.4336135,0 -99.3899163,36.4336105,0 -99.38962230000001,36.4336075,0 -99.3893849,36.433605,0 -99.3887866,36.4336086,0 -99.3881511,36.43361,0 -99.38754079999998,36.4336094,0 -99.38684670000001,36.4335973,0 -99.3862444,36.4336027,0 -99.38556440000001,36.4335983,0 -99.38493990000002,36.4336081,0 -99.3842904,36.4336017,0 -99.38363370000002,36.4336084,0 -99.38306709999999,36.4336072,0 -99.38233929999998,36.4336097,0 -99.3818598,36.4336051,0 -99.38061459999999,36.4335849000001,0 -99.37932259999998,36.4335704,0 -99.3790834,36.4335669,0 -99.378039,36.4335676,0 -99.37756899999999,36.433562,0 -99.3766579,36.4335573,0 -99.3749128,36.4335476,0 -99.3746245,36.4335437,0 -99.3734587,36.4335266,0 -99.37162189999999,36.4334986,0 -99.370288,36.4334846,0 -99.36996130000001,36.4334858,0 -99.3683135,36.4334932,0 -99.36718569999999,36.4335166,0 -99.3670135,36.4335197,0 -99.3665276,36.4335298999999,0 -99.3661864,36.4335908,0 -99.36559099999999,36.4336038,0 -99.3645312,36.4336332,0 -99.36262410000001,36.4336839,0 -99.3611377,36.4337183,0 -99.36023720000001,36.4337157,0 -99.35931359999999,36.4337006,0 -99.3586945,36.4336704,0 -99.35771680000001,36.4336110000001,0 -99.35683890000001,36.4335327,0 -99.35584060000001,36.4334287,0 -99.3550781,36.4333262,0 -99.35447969999998,36.4332362,0 -99.35368010000001,36.4331244,0 -99.35031340000002,36.4326941,0 -99.3485718,36.4324951,0 -99.3474185,36.4323905,0 -99.3463703,36.4323093,0 -99.3425752,36.4320059,0 -99.34018129999998,36.4318083,0 -99.33750259999999,36.4316112,0 -99.33575140000001,36.4314725,0 -99.3308169,36.4311073,0 -99.32808110000002,36.4308844,0 -99.32741799999998,36.4308471,0 -99.326972,36.4308438000001,0 -99.3264594,36.4308613,0 -99.3259664,36.4308902,0 -99.32526770000001,36.4309515,0 -99.3247168,36.4310182,0 -99.3240639,36.4311332,0 -99.3235865,36.4312275,0 -99.3229304,36.4313933,0 -99.3222087,36.4316108,0 -99.32050839999998,36.4321108,0 -99.317916,36.4329047,0 -99.317419,36.4330612,0 -99.31658999999999,36.433316,0 -99.3144834,36.4339438,0 -99.311211,36.434919,0 -99.3108586,36.4350251,0 -99.30986489999999,36.4352765,0 -99.30902829999999,36.4354574,0 -99.3080461,36.4356151,0 -99.30743339999999,36.4357122,0 -99.3058115,36.4358441,0 -99.29979179999999,36.4360845,0 -99.29422029999999,36.4363067,0 -99.29126050000001,36.436406,0 -99.287757,36.4365568,0 -99.28631799999999,36.4366132,0 -99.2840327,36.4367026,0 -99.28004429999999,36.4368715,0 -99.2768911,36.4369973,0 -99.2761077,36.4370302,0 -99.2734138,36.4371293,0 -99.2715178,36.4372059,0 -99.2700665,36.4372393,0 -99.26905669999999,36.4372521,0 -99.2683182,36.4372527,0 -99.2671373,36.4371889,0 -99.26647479999998,36.4371558,0 -99.2653313,36.4370605,0 -99.2641249,36.4369601,0 -99.26056509999998,36.4364921,0 -99.2560871,36.4358846,0 -99.2552055,36.4357711,0 -99.25288430000001,36.4354338,0 -99.2520391,36.4353508,0 -99.2512581,36.4352925,0 -99.25036139999999,36.4352297,0 -99.24633410000001,36.4352455,0 -99.243635,36.4352516999999,0 -99.2361808,36.4352465,0 -99.2331952,36.4351768,0 -99.2324349,36.4351126,0 -99.22900179999999,36.4350843,0 -99.2284112,36.4350756,0 -99.22779790000001,36.4350778,0 -99.22556599999999,36.4350869,0 -99.22190929999999,36.4350821,0 -99.21822210000001,36.4350899,0 -99.21442170000002,36.4350978,0 -99.2140984,36.4350985,0 -99.2131687,36.4351012,0 -99.21067850000001,36.4350957,0 -99.21049420000001,36.4350953,0 -99.20863110000001,36.4350995,0 -99.20737990000001,36.4351097,0 -99.20678169999999,36.4351058,0 -99.20671060000001,36.4351098,0 -99.2060951,36.4351107,0 -99.20552990000002,36.4351093,0 -99.20482770000001,36.4351169,0 -99.20370079999999,36.435121,0 -99.2034992,36.4351197,0 -99.2034362,36.4351201,0 -99.2029113,36.4351235,0 -99.2024899,36.435126,0 -99.2016174,36.4351217,0 -99.20071409999998,36.4351285,0 -99.19940509999999,36.4351304,0 -99.19879349999999,36.4351321,0 -99.19767299999999,36.4351409,0 -99.1950286,36.4351486,0 -99.19401679999999,36.4351516,0 -99.1928061,36.4351585,0 -99.19141629999999,36.4351611,0 -99.1896859,36.4351585,0 -99.1878882,36.4351828,0 -99.1837616,36.4351761,0 -99.18310320000002,36.4351804,0 -99.181237,36.4351757,0 -99.1747022,36.4351775,0 -99.17401049999999,36.435175,0 -99.16592230000001,36.4351667,0 -99.16522620000001,36.4351653,0 -99.16485879999999,36.4351646,0 -99.16465220000001,36.4351642,0 -99.1642741,36.4351634,0 -99.1588807,36.4351527,0 -99.1572362,36.4351503,0 -99.15657880000001,36.4351486,0 -99.1480802,36.4351442,0 -99.14746460000001,36.4351403,0 -99.1437238,36.4351429,0 -99.14233900000001,36.4351386,0 -99.1390746,36.4351279,0 -99.1384688,36.4351265,0 -99.1300413,36.4351201,0 -99.12936240000001,36.4351218,0 -99.12114200000001,36.4350785,0 -99.120479,36.4350806,0 -99.1171259,36.4350824,0 -99.11208849999998,36.4350774,0 -99.1119254,36.4350773,0 -99.11132189999999,36.4350771,0 -99.10970450000001,36.4350766,0 -99.1031787,36.4350743,0 -99.1024384,36.4350715,0 -99.0940605,36.4350398,0 -99.09324909999998,36.4350402,0 -99.0870761,36.4350262,0 -99.08527959999999,36.4350249,0 -99.08445690000001,36.4350249,0 -99.0776935,36.4350003,0 -99.07733959999999,36.4349983,0 -99.07683670000002,36.4349767,0 -99.07632169999998,36.4349368,0 -99.07595689999999,36.434898,0 -99.07556,36.4348419,0 -99.0748143,36.4347102,0 -99.0734891,36.4344719,0 -99.07027899999999,36.4338741,0 -99.06806829999999,36.4334369,0 -99.0674731,36.4333529,0 -99.066824,36.4332953,0 -99.06643779999999,36.4332709,0 -99.06600090000002,36.433247,0 -99.06540869999999,36.4332416,0 -99.0648767,36.4332493,0 -99.06428559999999,36.4332743999999,0 -99.0625476,36.4334056,0 -99.05885790000001,36.4337025,0 -99.05807470000002,36.4337561,0 -99.0576026,36.4337651000001,0 -99.05721560000002,36.4337567,0 -99.05671270000001,36.4337198,0 -99.0561759,36.4336693,0 -99.05545410000001,36.4335743999999,0 -99.05483439999999,36.433439,0 -99.0543033,36.4332987999999,0 -99.0535442,36.4330657,0 -99.0499334,36.4318747,0 -99.04923410000002,36.4316179,0 -99.04887979999999,36.4314774,0 -99.04824409999999,36.4311796,0 -99.04669029999999,36.430417,0 -99.04568290000002,36.4299087,0 -99.04463820000001,36.4293997,0 -99.04377580000001,36.4290045,0 -99.04313209999999,36.4286462,0 -99.04248029999999,36.428316,0 -99.0416783,36.4279513,0 -99.04096459999998,36.4275885,0 -99.0403494,36.4272808,0 -99.0377312,36.4259711,0 -99.03464529999998,36.4244506,0 -99.03208589999998,36.4231644,0 -99.03094950000001,36.4225774,0 -99.0298605,36.4220551,0 -99.02932939999999,36.4218263,0 -99.02878760000002,36.4216148,0 -99.0282244,36.4214292,0 -99.02769859999999,36.4212868,0 -99.0271783,36.4211745,0 -99.02666870000002,36.4210796,0 -99.02607860000001,36.4209846,0 -99.0255368,36.4209199,0 -99.0251023,36.4209047,0 -99.0246274,36.4208915,0 -99.02435660000002,36.4208896,0 -99.0235144,36.4209069,0 -99.022066,36.4208853,0 -99.0209395,36.4208877,0 -99.01641730000001,36.4208767000001,0 -99.01422169999999,36.4208615,0 -99.0131477,36.4208587,0 -99.0086335,36.4208465,0 -99.00638040000001,36.4208292,0 -99.00077999999999,36.4208119,0 -98.99634599999999,36.4207904,0 -98.99391350000001,36.4207947,0 -98.98998679999998,36.4207731,0 -98.9886242,36.4207688,0 -98.98213330000002,36.4207386,0 -98.97840550000001,36.4207084,0 -98.97584620000002,36.4207127,0 -98.97409740000001,36.4206695,0 -98.9714742,36.4205357,0 -98.96934450000001,36.4204407,0 -98.9673339,36.4203581,0 -98.9663673,36.4203496,0 -98.95698899999999,36.420267,0 -98.95131499999999,36.420231,0 -98.94260300000001,36.42017,0 -98.93688160000001,36.4201881,0 -98.93400799999999,36.420148,0 -98.93328,36.420156,0 -98.93170469999998,36.4202091,0 -98.93008819999999,36.4202714999999,0 -98.92901749999999,36.4204104999999,0 -98.92729460000001,36.4206189000001,0 -98.926254,36.4207154,0 -98.92566729999999,36.4207611,0 -98.92499479999998,36.4207928,0 -98.92317300000001,36.4208853,0 -98.9226153,36.4208924,0 -98.9219616,36.4208696,0 -98.92069189999999,36.4207796,0 -98.91798670000001,36.4205476,0 -98.91725900000002,36.4205023,0 -98.9159817,36.4203911,0 -98.91325420000001,36.4201416,0 -98.91191300000001,36.420015,0 -98.91167029999998,36.419999,0 -98.91126800000002,36.4199726,0 -98.9105019,36.4199249,0 -98.9100012,36.4199217,0 -98.9094722,36.4199421,0 -98.90905549999999,36.4199873,0 -98.9084651,36.4200551,0 -98.90688129999999,36.4202605,0 -98.90615799999999,36.4203624,0 -98.90207469999999,36.4209501000001,0 -98.89794629999999,36.4215234,0 -98.8972665,36.4216195,0 -98.89465570000002,36.4219887,0 -98.8940401,36.4220748,0 -98.89344579999999,36.4221361,0 -98.89299270000001,36.4221479,0 -98.892527,36.4221512000001,0 -98.89207260000001,36.4221193,0 -98.89162480000002,36.4220745,0 -98.8912208,36.4220149,0 -98.89029290000001,36.4218582,0 -98.8894086,36.4217045,0 -98.8889703,36.4216283,0 -98.88766270000001,36.421417,0 -98.88640220000001,36.4212076,0 -98.88527280000001,36.4210135000001,0 -98.88391959999998,36.4208021,0 -98.8830256,36.420676,0 -98.880364,36.4202459,0 -98.8796145,36.4201247999999,0 -98.87352500000001,36.419116,0 -98.873372,36.419087,0 -98.87246399999999,36.418915,0 -98.86832800000001,36.418236,0 -98.862032,36.417162,0 -98.85823000000001,36.416512,0 -98.83735590000001,36.4129463,0 -98.83567499999999,36.412711,0 -98.83434099999999,36.412571,0 -98.8326551,36.4124508,0 -98.83192700000001,36.412426,0 -98.826391,36.4124199999999,0 -98.81250800000001,36.412475,0 -98.81187899999999,36.412477,0 -98.80905,36.412489,0 -98.804827,36.412552,0 -98.80026700000001,36.412652,0 -98.797813,36.412729,0 -98.796245,36.41276,0 -98.79345700000002,36.412583,0 -98.79133199999998,36.412651,0 -98.78870730000001,36.4127337,0 -98.7881344,36.4127517,0 -98.78653599999998,36.412803,0 -98.78472580000002,36.4128657999999,0 -98.783509,36.4129003,0 -98.782293,36.412928,0 -98.78175900000001,36.412957,0 -98.780884,36.412999,0 -98.77838400000002,36.413354,0 -98.77770700000001,36.413393,0 -98.77324300000001,36.413531,0 -98.768851,36.413677,0 -98.76439699999999,36.4138,0 -98.757941,36.41403,0 -98.75366200000001,36.414161,0 -98.752152,36.414118,0 -98.751631,36.414043,0 -98.750534,36.413833,0 -98.749611,36.41356,0 -98.74839699999998,36.41305,0 -98.747468,36.412563,0 -98.74665700000001,36.412133,0 -98.74209100000002,36.409621,0 -98.74024799999999,36.408616,0 -98.73595599999999,36.406248,0 -98.733508,36.40489,0 -98.72774,36.401725,0 -98.723837,36.3995170000001,0 -98.72152,36.398168,0 -98.716476,36.395233,0 -98.71168,36.392431,0 -98.710263,36.391608,0 -98.70877,36.390618,0 -98.7065494,36.3890066,0 -98.70600259999999,36.3886477,0 -98.70475999999999,36.387804,0 -98.70373100000002,36.387212,0 -98.702821,36.386761,0 -98.70107799999998,36.385738,0 -98.700462,36.385329,0 -98.697119,36.3831,0 -98.694501,36.381344,0 -98.69096,36.3789700000001,0 -98.685642,36.37545,0 -98.68488000000001,36.374952,0 -98.681991,36.372973,0 -98.679609,36.371587,0 -98.67669599999999,36.369863,0 -98.670832,36.366422,0 -98.66523399999998,36.363149,0 -98.66457800000001,36.362859,0 -98.663478,36.3625,0 -98.66241900000001,36.36223,0 -98.661845,36.362143,0 -98.661563,36.3621099999999,0 -98.658028,36.36205,0 -98.65373,36.362063,0 -98.64009199999998,36.362097,0 -98.63184099999999,36.362099,0 -98.62690900000001,36.362127,0 -98.62557099999999,36.362106,0 -98.623097,36.361874,0 -98.615897,36.361808,0 -98.615307,36.361822,0 -98.61260099999998,36.362063,0 -98.60812300000001,36.362062,0 -98.60515100000001,36.362055,0 -98.600894,36.362028,0 -98.58714500000001,36.361996,0 -98.58249610000001,36.3620405,0 -98.58167659999999,36.3620363,0 -98.58104119999999,36.3620373,0 -98.57346100000001,36.362057,0 -98.570588,36.362057,0 -98.56887900000001,36.362067,0 -98.564746,36.362077,0 -98.55150500000001,36.362077,0 -98.543622,36.362079,0 -98.54084099999999,36.362074,0 -98.53365500000001,36.3620760000001,0 -98.53211899999999,36.362074,0 -98.52103700000001,36.362086,0 -98.51774900000001,36.362079,0 -98.515844,36.362092,0 -98.51006300000002,36.362088,0 -98.50691200000001,36.362112,0 -98.505201,36.362206,0 -98.501795,36.362427,0 -98.500005,36.362487,0 -98.49798800000001,36.362489,0 -98.49064800000001,36.362346,0 -98.490335,36.362342,0 -98.488961,36.36232,0 -98.48503599999999,36.362241,0 -98.482221,36.3620519999999,0 -98.48132300000002,36.362032,0 -98.48005499999999,36.362055,0 -98.4730859,36.3621636,0 -98.47215540000002,36.3621711,0 -98.47057389999999,36.362182,0 -98.470057,36.362204,0 -98.46971479999999,36.3622209,0 -98.46918799999999,36.3622687,0 -98.46882950000001,36.3623132,0 -98.46856699999999,36.362356,0 -98.46772599999998,36.362524,0 -98.4670802,36.3627063,0 -98.46639139999999,36.3629212,0 -98.46220510000001,36.364217,0 -98.46151800000001,36.3644316,0 -98.46115769999999,36.3645585,0 -98.46075980000001,36.364721,0 -98.4604113,36.3648875,0 -98.46000840000001,36.3651078,0 -98.45961990000001,36.3653694,0 -98.45925399999999,36.365648,0 -98.4577105,36.3670121,0 -98.4548863,36.3695152,0 -98.45153350000001,36.3724844,0 -98.451053,36.3729220000001,0 -98.449262,36.374484,0 -98.4472801,36.3762381,0 -98.4468145,36.3766466000001,0 -98.44629099999999,36.377151,0 -98.44573200000001,36.377822,0 -98.4453937,36.3783418,0 -98.44504419999998,36.3789729,0 -98.4447531,36.3796435,0 -98.44460200000002,36.3800972,0 -98.44449730000001,36.3805022,0 -98.4444252,36.3809378,0 -98.4443777,36.3813197,0 -98.4443574,36.3819802,0 -98.44436409999999,36.3848118,0 -98.4443675,36.386272,0 -98.4443741,36.3871851000001,0 -98.4443631,36.3877079,0 -98.4443471,36.3879674,0 -98.4442866,36.3883291,0 -98.44419350000001,36.3886215000001,0 -98.44408589999999,36.3888696,0 -98.44390329999999,36.3891865,0 -98.4436949,36.3894698,0 -98.44341940000001,36.3897581,0 -98.44313750000001,36.3899889,0 -98.4427986,36.3902247,0 -98.44249859999999,36.3903837,0 -98.4422033,36.390512,0 -98.4419577,36.3906015,0 -98.4416897,36.3906793,0 -98.44105329999999,36.3908085,0 -98.4407719,36.3908263,0 -98.4406724,36.3908304,0 -98.4400242,36.3908249,0 -98.4388197,36.3908201,0 -98.43481899999999,36.390777,0 -98.43083300000001,36.390752,0 -98.4264793,36.3907611,0 -98.421324,36.390722,0 -98.416955,36.390703,0 -98.415175,36.390721,0 -98.408412,36.3908179999999,0 -98.400627,36.390841,0 -98.399288,36.39084,0 -98.39821999999999,36.390833,0 -98.395338,36.39085,0 -98.39064,36.390824,0 -98.390474,36.390828,0 -98.3856222,36.3908324,0 -98.38445300000001,36.390826,0 -98.38284400000001,36.390816,0 -98.379713,36.390827,0 -98.377734,36.390837,0 -98.37726700000002,36.3908365,0 -98.37266099999998,36.3908428,0 -98.36818100000001,36.390866,0 -98.36428299999999,36.390885,0 -98.360801,36.390891,0 -98.355822,36.390868,0 -98.355698,36.390868,0 -98.35525199999999,36.390869,0 -98.354812,36.39087,0 -98.351545,36.390855,0 -98.351074,36.390857,0 -98.35059,36.390855,0 -98.346013,36.390874,0 -98.341371,36.390874,0 -98.336915,36.390868,0 -98.323395,36.390868,0 -98.320509,36.390867,0 -98.318878,36.390864,0 -98.309839,36.390904,0 -98.306425,36.3909312,0 -98.305131,36.3909369,0 -98.30373999999999,36.3909415,0 -98.30153769999998,36.3909435,0 -98.29957899999999,36.3909571,0 -98.29811499999998,36.390955,0 -98.29731800000002,36.390962,0 -98.29523999999999,36.39099,0 -98.293676,36.39101,0 -98.292502,36.391019,0 -98.28852900000001,36.391067,0 -98.283602,36.391103,0 -98.27719999999999,36.391097,0 -98.27339600000002,36.391087,0 -98.269245,36.391076,0 -98.265728,36.391085,0 -98.26439999999998,36.391085,0 -98.262103,36.391073,0 -98.26193400000001,36.391071,0 -98.260367,36.391061,0 -98.259918,36.391059,0 -98.259348,36.391056,0 -98.25738800000001,36.391053,0 -98.256803,36.391054,0 -98.25267900000001,36.391052,0 -98.2514551,36.3911684,0 -98.25112900000001,36.3912,0 -98.24992210000001,36.3913029,0 -98.24931690000001,36.3913261,0 -98.2481119,36.3913313,0 -98.2478393,36.3913294,0 -98.24705969999999,36.3913202,0 -98.2463355,36.3913164,0 -98.24493200000001,36.391296,0 -98.24292199999999,36.391296,0 -98.24204899999999,36.391287,0 -98.240816,36.391274,0 -98.23909999999999,36.391248,0 -98.23886799999998,36.391234,0 -98.23802100000002,36.391185,0 -98.23799699999998,36.391184,0 -98.23723699999999,36.391139,0 -98.23405700000001,36.391003,0 -98.232642,36.391019,0 -98.230508,36.390989,0 -98.22993700000001,36.390986,0 -98.228066,36.390976,0 -98.226077,36.39096,0 -98.22480399999999,36.390961,0 -98.22441999999999,36.390961,0 -98.22299000000001,36.390954,0 -98.221765,36.39096,0 -98.221148,36.390964,0 -98.22089099999999,36.390966,0 -98.21886600000001,36.39099,0 -98.21746799999998,36.390989,0 -98.21570300000002,36.390969,0 -98.21375500000001,36.390976,0 -98.21186830000002,36.3909691,0 -98.20975699999998,36.390972,0 -98.207943,36.390952,0 -98.206366,36.39095,0 -98.20404000000001,36.390923,0 -98.202699,36.390921,0 -98.202299,36.39092,0 -98.201699,36.390918,0 -98.201251,36.390909,0 -98.19993100000001,36.390895,0 -98.196844,36.390886,0 -98.19605300000001,36.390876,0 -98.19474599999999,36.39086,0 -98.19403900000002,36.390862,0 -98.19262000000001,36.390866,0 -98.19087500000002,36.390857,0 -98.189123,36.390842,0 -98.187444,36.3908606,0 -98.186016,36.390847,0 -98.18513419999999,36.3908539,0 -98.1840498,36.3908556,0 -98.18349499999999,36.39085,0 -98.1827486,36.3908561,0 -98.1822933,36.3908145,0 -98.18198870000001,36.3908204,0 -98.1799417,36.39084,0 -98.17871100000002,36.3908529,0 -98.17738129999998,36.3908537,0 -98.1761782,36.3908596,0 -98.1755627,36.3908602,0 -98.17432839999998,36.3908367,0 -98.1740684,36.3908317,0 -98.17333700000002,36.3908178,0 -98.17279529999999,36.3908632,0 -98.1722908,36.3908589,0 -98.1720108,36.3908653,0 -98.169355,36.390872,0 -98.1683309,36.390864,0 -98.167185,36.390855,0 -98.16663200000001,36.39085,0 -98.165244,36.390848,0 -98.164958,36.390847,0 -98.16144300000001,36.390832,0 -98.158832,36.390844,0 -98.158198,36.3908429999999,0 -98.150401,36.390847,0 -98.149269,36.390838,0 -98.14773099999999,36.390825,0 -98.142194,36.390847,0 -98.140608,36.390819,0 -98.140246,36.390823,0 -98.138666,36.390838,0 -98.13837700000002,36.390836,0 -98.136681,36.390826,0 -98.133504,36.390819,0 -98.13128550000002,36.3908149,0 -98.13014269999999,36.3908169,0 -98.1294831,36.3908142,0 -98.12837509999999,36.3908022,0 -98.12701079999999,36.3907956,0 -98.1257554,36.3907661,0 -98.12458499999998,36.390692,0 -98.122692,36.390698,0 -98.12238399999998,36.390696,0 -98.12012300000001,36.390682,0 -98.11947100000002,36.390669,0 -98.11865899999999,36.390652,0 -98.11731999999999,36.390661,0 -98.116156,36.390695,0 -98.11594700000001,36.390704,0 -98.11482300000002,36.390753,0 -98.11348100000001,36.390767,0 -98.11213100000002,36.390781,0 -98.109768,36.390777,0 -98.10708200000001,36.390744,0 -98.107029,36.390743,0 -98.1045206,36.3907458,0 -98.0994195,36.3907684,0 -98.0964582,36.3907799,0 -98.09603920000001,36.3907811,0 -98.09515109999998,36.3907944,0 -98.09210239999999,36.3908876,0 -98.09191420000001,36.3908286,0 -98.0894232,36.3908604,0 -98.08883899999998,36.3908573,0 -98.0881213,36.3908604,0 -98.086885,36.390859,0 -98.0863872,36.3908617,0 -98.08477329999999,36.3909507,0 -98.0833816,36.391074,0 -98.0832104,36.3910943,0 -98.08141650000002,36.3911,0 -98.08050729999998,36.3911024,0 -98.07991029999999,36.3911004,0 -98.0779252,36.3910936,0 -98.07632489999999,36.3910921,0 -98.07436130000002,36.3910946,0 -98.06894620000001,36.3910892,0 -98.0659893,36.391087,0 -98.0653757,36.3910939,0 -98.06001740000001,36.3911095,0 -98.05105709999999,36.3910886,0 -98.04207580000001,36.391055,0 -98.04155399999999,36.391053,0 -98.0330975,36.3910626,0 -98.02765389999999,36.3910803,0 -98.02517039999998,36.3910884,0 -98.0246223,36.3910866,0 -98.02338519999999,36.3910768,0 -98.01994039999998,36.3911053,0 -98.0151839,36.3910983,0 -98.0093706,36.3911101,0 -98.0056567,36.3911235,0 -98.0039101,36.3911361,0 -98.0003166,36.3911498,0 -97.9972243,36.3911442,0 -97.98932069999999,36.3911177,0 -97.9875157,36.3911092,0 -97.98684540000001,36.391113,0 -97.98165760000001,36.3910993,0 -97.97942640000001,36.3910861,0 -97.9790021,36.3910841,0 -97.96679990000001,36.3910061,0 -97.9637771,36.390942,0 -97.9616331,36.3908966,0 -97.9579725,36.3908773,0 -97.95767119999999,36.3908757,0 -97.9570981,36.3908757,0 -97.9569243,36.3908757,0 -97.9564785,36.3908757,0 -97.95449480000001,36.3908758,0 -97.95271940000001,36.3908759,0 -97.9526558,36.3908759,0 -97.9523611,36.3908759,0 -97.9522111,36.3908759,0 -97.95155219999999,36.3908759,0 -97.9510878,36.3908759,0 -97.94982589999999,36.390876,0 -97.948761,36.390876,0 -97.94723389999999,36.390876,0 -97.94500789999998,36.3908814,0 -97.943702,36.3908845,0 -97.9428958,36.3908806,0 -97.9424696,36.3908786,0 -97.94153319999999,36.3908741,0 -97.9413192,36.3908731000001,0 -97.94105859999999,36.3908719,0 -97.94058080000001,36.3908696,0 -97.94022529999999,36.3908679,0 -97.93927429999998,36.3908634000001,0 -97.93827199999998,36.3908606,0 -97.93769639999998,36.3908589,0 -97.93756879999999,36.3908586,0 -97.93665740000002,36.3908560000001,0 -97.93621440000001,36.3908547,0 -97.9348277,36.3908508,0 -97.9335612,36.3908451,0 -97.93259399999999,36.3908408,0 -97.93169570000001,36.3908411,0 -97.931056,36.3908479,0 -97.93039349999999,36.3908473,0 -97.92987320000002,36.3908468,0 -97.92985969999999,36.3908412,0 -97.92910310000001,36.3908416,0 -97.92834569999998,36.390842,0 -97.92718289999999,36.3908426,0 -97.9258502,36.3908433,0 -97.925258,36.3908381,0 -97.92439989999998,36.3908305,0 -97.92408370000001,36.3908277,0 -97.9236047,36.3908236,0 -97.92288460000002,36.3908171,0 -97.922156,36.3908132,0 -97.92139869999998,36.3908092,0 -97.9205422,36.3908058,0 -97.9202054,36.3908044,0 -97.9190961,36.3908029,0 -97.91846650000001,36.3907974,0 -97.91822629999999,36.3907611,0 -97.91798379999999,36.3907612000001,0 -97.9176842,36.3907614,0 -97.91686370000001,36.3907618,0 -97.91676379999998,36.3907619,0 -97.91611869999998,36.3907622,0 -97.915717,36.3907624,0 -97.91520210000002,36.3907627,0 -97.91510700000002,36.3907627,0 -97.91465049999999,36.390763,0 -97.9138044,36.3907635,0 -97.91359860000001,36.3907636,0 -97.9128992,36.3907639,0 -97.9125981,36.3907641,0 -97.9124005,36.3907642,0 -97.9121138,36.3907643,0 -97.9118046,36.3907645,0 -97.9115015,36.3907616,0 -97.91086370000001,36.3907497,0 -97.9104402,36.3907528,0 -97.90976809999999,36.3907576,0 -97.9095209,36.3907593,0 -97.90945590000001,36.3907598,0 -97.90920629999999,36.3907616,0 -97.9088806,36.3907639000001,0 -97.90870559999999,36.3907652,0 -97.9085086,36.3907666,0 -97.9083591,36.3907676,0 -97.90789889999999,36.3907709,0 -97.90731789999998,36.3907751,0 -97.9069389,36.3907778,0 -97.9067744,36.390779,0 -97.90672600000001,36.3907793,0 -97.9065221,36.3907808,0 -97.906355,36.390782,0 -97.90603710000001,36.3907842,0 -97.9057529,36.3907862,0 -97.90517000000001,36.3907904,0 -97.90480200000002,36.3907931,0 -97.90397160000001,36.390799,0 -97.90344140000001,36.3908028,0 -97.9027214,36.390808,0 -97.9015234,36.3908165,0 -97.90117290000001,36.390819,0 -97.9008991,36.390821,0 -97.900344,36.390825,0 -97.9002541,36.3908256,0 -97.89964999999999,36.3908299,0 -97.89904689999999,36.3908342,0 -97.8986173,36.3908373,0 -97.8984652,36.3908384,0 -97.898312,36.3908395,0 -97.8977177,36.3908437,0 -97.89751339999999,36.3908452,0 -97.89696410000001,36.3908491,0 -97.8969117,36.3908495,0 -97.89629900000001,36.3908539,0 -97.8950461,36.3908628,0 -97.89384939999998,36.3908714,0 -97.89261649999999,36.3908802,0 -97.89205200000001,36.3909092,0 -97.89142819999999,36.390945,0 -97.890787,36.3909445,0 -97.8903414,36.390945,0 -97.89022240000001,36.3909433,0 -97.8900895,36.3909438,0 -97.8899419,36.3909443,0 -97.8898975,36.3909445,0 -97.88899379999999,36.3909477,0 -97.8885504,36.3909452,0 -97.88830740000002,36.3909066,0 -97.88774430000001,36.3908903,0 -97.8866245,36.3908921,0 -97.88659079999999,36.3908906,0 -97.8865016,36.3908912,0 -97.8864052,36.3908913,0 -97.88638219999999,36.3908911,0 -97.8860474,36.390883,0 -97.88589310000002,36.3908792,0 -97.8852706,36.3908842,0 -97.8846482,36.3908795,0 -97.8840276,36.3908764,0 -97.8827744,36.3908636,0 -97.88152220000001,36.3908559,0 -97.88096080000001,36.3908565,0 -97.8808343,36.3908566,0 -97.88009809999998,36.3908564,0 -97.87998700000001,36.3908564,0 -97.87982580000001,36.3908575,0 -97.8794178,36.3908604,0 -97.8788773,36.3908633,0 -97.878322,36.3908664,0 -97.8775347,36.3908618,0 -97.87716279999998,36.390861,0 -97.876653,36.39086,0 -97.87649020000001,36.3908558,0 -97.8750521,36.3908567,0 -97.87433649999998,36.3908553,0 -97.8737732,36.3908542,0 -97.8734111,36.3908534,0 -97.8725783,36.3908511,0 -97.8711617,36.3908139,0 -97.86978610000001,36.3907898,0 -97.8685181,36.3907533,0 -97.8676272,36.3907301,0 -97.86692689999998,36.3907167,0 -97.8668909,36.390716,0 -97.8652494,36.3906812,0 -97.86509590000001,36.3906788,0 -97.8638304,36.3906595,0 -97.8637978,36.3906589999999,0 -97.86368560000001,36.3906572,0 -97.86359950000002,36.390657,0 -97.8635695,36.3906569,0 -97.86320720000001,36.3906558,0 -97.8628861,36.3906518,0 -97.86283359999999,36.3906512,0 -97.86263089999998,36.3906487,0 -97.8621096,36.3906422,0 -97.8615015,36.3906336,0 -97.86053630000001,36.3906251,0 -97.86047499999998,36.3906252,0 -97.85967970000002,36.390627,0 -97.85916839999999,36.3906281,0 -97.85897809999999,36.3906294,0 -97.8586097,36.3906295,0 -97.85745980000002,36.39063,0 -97.8558663,36.3906239,0 -97.85545150000002,36.3906245,0 -97.85518879999999,36.3906249,0 -97.85477210000001,36.3906227,0 -97.853555,36.3906299,0 -97.8531929,36.390629,0 -97.8489872,36.3906423,0 -97.84767559999999,36.390653,0 
				
					-97.84767559999999,36.390653,0 -97.8414056,36.3906468,0 -97.8408579,36.3906986,0 -97.84057569999999,36.3907505,0 -97.8403174,36.3908116,0 -97.8398985,36.3909329,0 -97.8394795,36.391071,0 -97.83861520000001,36.3914196,0 -97.8379178,36.39171,0 -97.8374577,36.3919058,0 -97.8371569,36.3920357,0 -97.83648599999999,36.3923145,0 -97.83567909999998,36.3926602,0 -97.83206329999999,36.3941969,0 -97.82966949999999,36.3952057,0 -97.82844679999999,36.3957099,0 -97.8280927,36.3958546,0 -97.8277776,36.3959744,0 -97.8275429,36.3960597,0 -97.82732959999998,36.3961325999999,0 -97.82676370000001,36.3963155,0 -97.8262175,36.3964867,0 -97.8255004,36.396675,0 -97.8249009,36.3968121,0 -97.8244351,36.3969134,0 -97.82376899999998,36.3970323,0 -97.82339319999998,36.3970951,0 -97.82286379999999,36.3971715,0 -97.82224819999999,36.3972439,0 -97.82205609999998,36.397259,0 -97.821519,36.3973013,0 -97.82101040000001,36.3973281,0 -97.8205691,36.3973475,0 -97.8202617,36.3973515,0 -97.81980369999999,36.3973504,0 -97.81917640000002,36.3973489,0 -97.81892209999999,36.3973518,0 -97.81425969999999,36.3972882,0 -97.813648,36.3972801,0 -97.81185309999999,36.397278,0 -97.80963370000002,36.3972553,0 -97.80920070000001,36.3972563,0 -97.80750949999999,36.3972527,0 -97.80229530000001,36.3972977,0 -97.8017936,36.3973017,0 -97.8010269,36.3973123,0 -97.7925025,36.3974068999999,0 -97.7920398,36.3974101,0 -97.78349830000001,36.3974335,0 -97.7831139,36.397434,0 -97.7675727,36.397454,0 -97.7655168,36.3974566,0 -97.76498979999998,36.3974572999999,0 -97.7615471,36.3974658,0 -97.75605299999999,36.397435,0 -97.75032539999999,36.3974848,0 -97.74726170000001,36.3974804,0 -97.74688089999999,36.3974798,0 -97.74297029999998,36.3974807,0 -97.73930489999999,36.3974792,0 -97.73806,36.3974825,0 -97.7292573,36.3974935,0 -97.729055,36.3974949,0 -97.71714770000001,36.3975015,0 -97.7115266,36.3975053,0 -97.71109889999998,36.3975056,0 -97.70208270000001,36.3975124,0 -97.70077800000001,36.397503,0 -97.6994875,36.397477,0 -97.6982993,36.3974447,0 -97.69750269999999,36.3974166,0 -97.6968227,36.3973864,0 -97.69575660000001,36.3973335,0 -97.69485400000001,36.3972817,0 -97.69366460000001,36.3971944,0 -97.69319889999998,36.397166,0 -97.6907068,36.396977,0 -97.6896411,36.3969297,0 -97.6885387,36.3968801,0 -97.68706899999999,36.3968561,0 -97.68594100000001,36.3968477,0 -97.6854301,36.3968563,0 -97.68438260000001,36.3968758,0 -97.6833623,36.3969152,0 -97.68235480000001,36.3969537,0 -97.6817731,36.3969833,0 -97.67585029999999,36.3972542,0 -97.67541610000002,36.3972697,0 -97.67138730000001,36.3974015,0 -97.67010929999999,36.3974295,0 -97.6689863,36.3974485999999,0 -97.6665756,36.3974703,0 -97.6580822,36.397472,0 -97.6576594,36.397472,0 -97.648775,36.3974789,0 -97.64036089999999,36.3974719,0 -97.6399724,36.3974718,0 -97.63101519999999,36.3974705999999,0 -97.62255769999999,36.3974785,0 -97.6221445,36.3974784,0 -97.61325689999998,36.3974982,0 -97.6046419,36.3974856,0 -97.6042455,36.3974856999999,0 -97.5953966,36.3975148,0 -97.59108000000002,36.3974911,0 -97.58984529999999,36.3974891,0 -97.58659470000001,36.3974926,0 -97.5861843,36.3974929,0 -97.58280310000001,36.3974874,0 -97.5817198,36.397487,0 -97.57751280000001,36.3974907,0 -97.57678850000001,36.3974907,0 -97.57624629999998,36.3974886999999,0 -97.5690879,36.3974898,0 -97.56852550000002,36.3974909,0 -97.56322059999999,36.3974909,0 -97.56265310000001,36.3974917,0 -97.55077780000001,36.3974863,0 -97.55025129999999,36.3974865,0 -97.5417977,36.397476,0 -97.541325,36.3974786,0 -97.53295850000001,36.397494,0 -97.53234310000002,36.3974954,0 -97.524012,36.3974933,0 -97.52349819999999,36.3974924,0 -97.51512720000001,36.3974980999999,0 -97.5145734,36.3974991,0 -97.5106859,36.3974973,0 -97.5062531,36.3974952,0 -97.50575120000001,36.3974949,0 -97.49733879999999,36.3974937,0 -97.49684320000001,36.3974937,0 -97.48846469999999,36.3974871,0 -97.48799099999999,36.3974874,0 -97.4795558,36.3974918,0 -97.479023,36.3974919,0 -97.47069380000001,36.3975515,0 -97.47014699999998,36.3975556,0 -97.46179280000001,36.3976075,0 -97.4612532,36.3976107000001,0 -97.45365369999999,36.3976643,0 -97.45309349999999,36.3976704,0 -97.4446536,36.3977264,0 -97.444112,36.3977293,0 -97.4357164,36.3977901,0 -97.43517490000001,36.3977936,0 -97.42666800000001,36.3978491,0 -97.4261341,36.3978536,0 -97.41770529999999,36.3978731,0 -97.41717339999998,36.3978757,0 -97.4086918,36.397898,0 -97.40818400000001,36.3979014,0 -97.39974530000001,36.3979204,0 -97.39924240000001,36.3979222,0 -97.390854,36.3979448,0 -97.3902946,36.3979455,0 -97.3818522,36.3979644999999,0 -97.38135389999999,36.3979676999999,0 -97.37782299999999,36.397969,0 -97.37290440000001,36.3979845,0 -97.3723839,36.3979881,0 -97.3639673,36.3980061,0 -97.36341809999999,36.3980079,0 -97.36262500000001,36.398007,0 -97.3580606,36.3980277000001,0 -97.3567192,36.398062,0 -97.35577720000001,36.3980956,0 -97.3550125,36.3981371,0 -97.3544215,36.3981675,0 -97.3533927,36.3982327,0 -97.3523802,36.3983018000001,0 -97.35176060000001,36.3983579,0 -97.35118919999998,36.3984087,0 -97.3502586,36.3985025,0 -97.34823079999998,36.3987357,0 -97.34617489999998,36.3989764,0 -97.3456587,36.3990353,0 -97.34116320000001,36.3995394,0 -97.3400398,36.3996563,0 -97.33932179999998,36.3997147999999,0 -97.33821810000001,36.3998076,0 -97.33716959999998,36.3998763,0 -97.3366552,36.3999096,0 -97.3356459,36.3999587,0 -97.33461130000001,36.3999969,0 -97.33364899999999,36.4000278,0 -97.33273510000001,36.4000426,0 -97.33054780000001,36.4000376,0 -97.3280871,36.4000319,0 -97.3275062,36.400033,0 -97.326697,36.4000297,0 -97.3261325,36.4000255,0 -97.321783,36.400013,0 -97.32070189999999,36.4000213,0 -97.31990520000001,36.4000389,0 -97.31870499999999,36.4000545000001,0 -97.31838949999999,36.4000587,0 -97.3166813,36.4000602,0 -97.3157801,36.4000483,0 -97.31486409999999,36.4000289,0 -97.31365510000002,36.3999915,0 -97.31265930000002,36.3999555,0 -97.3116642,36.3999069,0 -97.31081259999999,36.3998681,0 -97.3096678,36.3998064000001,0 -97.3063588,36.3996338,0 -97.3007872,36.3993505,0 -97.3004784,36.3993341,0 -97.29873710000001,36.3992488,0 -97.2973707,36.3991815,0 -97.29597459999999,36.3991114,0 -97.29460539999999,36.3990541,0 -97.2932247,36.399008,0 -97.29222099999998,36.3989891,0 -97.28471709999999,36.3989423,0 -97.28296780000001,36.3989276,0 -97.2824629,36.3989275,0 -97.2809475,36.3989189,0 -97.27952729999998,36.3989581,0 -97.2791988,36.3989721,0 -97.27840209999999,36.3990163,0 -97.2772609,36.3991146,0 -97.27634299999998,36.3992149,0 -97.27590370000001,36.3992733,0 -97.2754407,36.3993358,0 -97.2749247,36.3994104,0 -97.2743614,36.3995,0 -97.2737028,36.3996181999999,0 -97.27302030000001,36.3997623,0 -97.27242440000001,36.3998925,0 -97.27166099999998,36.4000734,0 -97.2685812,36.4008234,0 -97.2655142,36.4015592000001,0 -97.26493480000002,36.4016804,0 -97.264625,36.4017441,0 -97.2637103,36.4019179,0 -97.26307060000001,36.4020291,0 -97.2624148,36.4021284,0 -97.26174969999998,36.4022147,0 -97.2610947,36.4022933,0 -97.26041119999999,36.4023615,0 -97.25974969999999,36.4024116,0 -97.25916829999998,36.4024488,0 -97.25799139999999,36.402503,0 -97.25663710000001,36.4025191,0 -97.2558421,36.4025116,0 -97.2550528,36.4024812,0 -97.25423809999999,36.4024414,0 -97.2534225,36.4023776,0 -97.25244370000001,36.4022838000001,0 -97.2514893,36.4021661,0 -97.25076469999999,36.4020604,0 -97.2500288,36.4019366,0 -97.249272,36.401797,0 -97.24852439999998,36.4016464,0 -97.24776730000001,36.4014786,0 -97.2470057,36.4012912,0 -97.2467044,36.4012155,0 -97.2454566,36.400859,0 -97.2441611,36.4004769,0 -97.2416142,36.3997297,0 -97.24027190000001,36.3993391,0 -97.2389266,36.3989601,0 -97.23737370000002,36.3985554,0 -97.235833,36.39818,0 -97.2325136,36.3974263,0 -97.22919099999999,36.3966802999999,0 -97.2288764,36.3966097,0 -97.2241035,36.3955355,0 -97.22306679999998,36.395317,0 -97.22201760000002,36.3951139,0 -97.2209774,36.3949305,0 -97.2199305,36.3947683,0 -97.2186492,36.3945937,0 -97.21737760000001,36.3944527,0 -97.21675960000002,36.3943886,0 -97.2161146,36.3943292,0 -97.21482500000002,36.3942353,0 -97.2132567,36.3941219,0 -97.2116621,36.3940075,0 -97.2085038,36.3937819,0 -97.2021641,36.3933209,0 -97.1933332,36.3926837,0 -97.1930071,36.3926605,0 -97.1885779,36.3923441,0 -97.1863997,36.3921863,0 -97.18531740000002,36.3921151,0 -97.18421290000001,36.3920566,0 -97.1829615,36.3920059,0 -97.1809696,36.391952,0 -97.17958419999998,36.3919467,0 -97.1776713,36.3919542,0 -97.1757557,36.391954,0 -97.17463890000001,36.3919567,0 -97.1726243,36.3919729,0 -97.16626340000002,36.3919903,0 -97.15048679999998,36.3920286,0 -97.13033679999999,36.3920493,0 -97.1183568,36.3920584,0 -97.11110610000001,36.3920708,0 -97.1097314,36.3920503,0 -97.1088566,36.3920088,0 -97.1079732,36.3919607,0 -97.1071015,36.3918905,0 -97.10622849999999,36.3918063,0 -97.10533550000001,36.3917114,0 -97.1044797,36.3915935999999,0 -97.1036294,36.3914566,0 -97.1033182,36.3914101,0 -97.10263160000001,36.3912968,0 -97.1019101,36.3911564,0 -97.10127849999999,36.3910258,0 -97.10044969999998,36.3908379,0 -97.09961679999999,36.3906382,0 -97.0986807,36.3903921,0 -97.0975703,36.3900747,0 -97.09171240000001,36.3882318,0 -97.08587489999999,36.3864066,0 -97.0855596,36.3863079,0 -97.08301059999999,36.3855074,0 -97.08227100000002,36.3852877,0 -97.08152870000001,36.3850787,0 -97.0807676,36.3848785,0 -97.08002260000001,36.3846984,0 -97.07928029999998,36.3845362,0 -97.0785023,36.3843736000001,0 -97.0777112,36.3842285,0 -97.07690119999999,36.3840936,0 -97.0761301,36.3839737,0 -97.07539060000001,36.3838803,0 -97.0746173,36.3837945,0 -97.0738448,36.38372,0 -97.07310990000002,36.3836617,0 -97.0722878,36.383612,0 -97.0717164,36.3835837,0 -97.07138519999999,36.383571,0 -97.07098560000001,36.3835624,0 -97.07055250000001,36.3835566,0 -97.06971690000002,36.383553,0 -97.0692998,36.3835571,0 -97.06816629999999,36.3835604,0 -97.06772940000002,36.383564,0 -97.06733100000001,36.3835673,0 -97.06661769999999,36.3835556,0 -97.0654681,36.3835515,0 -97.0643615,36.3835382,0 -97.06350620000001,36.3835041,0 -97.062572,36.3834416,0 -97.06181239999999,36.383381,0 -97.06107830000001,36.383303,0 -97.06028890000002,36.3832082,0 -97.0595299,36.3831046,0 -97.0586421,36.3829588,0 -97.0576724,36.3827731,0 -97.05664520000001,36.3825507,0 -97.05557899999999,36.3822916,0 -97.05468310000002,36.3820432,0 -97.0537564,36.3817582,0 -97.0528686,36.3814688,0 -97.0519754,36.3811482,0 -97.05113189999999,36.3808156,0 -97.05025879999999,36.3804539,0 -97.04955340000001,36.3801376,0 -97.0489311,36.3798525,0 -97.0481667,36.3794735,0 -97.0474277,36.3790816,0 -97.04682560000001,36.3787469,0 -97.04626100000002,36.3784132,0 -97.04573259999999,36.3780882,0 -97.04522299999999,36.3777643,0 -97.0446798,36.377408,0 -97.0439355,36.3768875,0 -97.0432287,36.3763584,0 -97.04264270000002,36.3758974,0 -97.0420218,36.3753855,0 -97.04139549999999,36.3748403,0 -97.0408295,36.3743133,0 -97.04016830000002,36.3736535,0 -97.03951250000001,36.3729733,0 -97.03915309999999,36.3725575,0 -97.03875750000002,36.3721008,0 -97.03841549999999,36.3716915,0 -97.0380025,36.371171,0 -97.03772350000001,36.3707996,0 -97.0373896,36.3703255,0 -97.0369242,36.3696409,0 -97.0364817,36.3689465,0 -97.03611960000002,36.3683159,0 -97.03576280000001,36.3676701,0 -97.035398,36.3669573,0 -97.0350775,36.3662554,0 -97.03483610000001,36.3657014000001,0 -97.0345384,36.3649509,0 -97.0342433,36.3641171,0 -97.033141,36.3609777,0 -97.03166169999999,36.3567742,0 -97.0309778,36.3548020999999,0 -97.03032869999998,36.3529735,0 -97.02959640000002,36.350891,0 -97.0292209,36.3498746,0 -97.0289272,36.3491628,0 -97.02860800000001,36.3484283,0 -97.0282835,36.347737,0 -97.0277873,36.3467594,0 -97.02734070000001,36.345946,0 -97.02688740000001,36.3451856000001,0 -97.0264877,36.3445515,0 -97.0260925,36.3439277,0 -97.0252995,36.3428177,0 -97.0246732,36.3419892,0 -97.0240912,36.3412686,0 -97.02357619999999,36.3406711999999,0 -97.02266289999999,36.3396439,0 -97.02199770000001,36.3389709,0 -97.02113,36.3381239,0 -97.0203964,36.3374552,0 -97.01955829999999,36.336713,0 -97.0183875,36.3357818,0 -97.0157241,36.3337119,0 -97.01550450000001,36.3335435,0 -97.01082839999999,36.3299547,0 -97.0045677,36.3251662,0 -97.00366940000001,36.3244781,0 -97.00334150000002,36.3242269,0 -97.0025919,36.3236527,0 -97.0014037,36.3227561,0 -97.0001985,36.3218307,0 -96.9995416,36.3213004,0 -96.99894549999999,36.3207831,0 -96.9983922,36.3202871,0 -96.99789670000001,36.319819,0 -96.99740490000001,36.3193187,0 -96.9968762,36.318776,0 -96.99666429999999,36.3185414,0 -96.99578409999999,36.3175244,0 -96.995346,36.3169708,0 -96.99487239999999,36.3163422,0 -96.9943482,36.3155978,0 -96.9939552,36.3149943,0 -96.9935945,36.3144011,0 -96.9932781,36.3138522,0 -96.9930375,36.3134184,0 -96.99259910000001,36.31255,0 -96.9922692,36.3118291,0 -96.9920048,36.311198,0 -96.9915748,36.3100766,0 -96.9905747,36.3074507,0 -96.9893029,36.3040739,0 -96.98758110000001,36.29954,0 -96.98730260000001,36.2988222,0 -96.9871143,36.2982872,0 -96.9867431,36.2973429,0 -96.98656870000002,36.2968557,0 -96.98498900000001,36.2926538,0 -96.9847754,36.2920837,0 -96.98398889999999,36.2899842,0 -96.9839072,36.2897817,0 -96.978844,36.276375,0 -96.978516,36.275505,0 -96.9784418,36.2753084,0 -96.97468749999999,36.2653506,0 -96.9737379,36.2628337,0 -96.97305780000001,36.2610264,0 -96.97297949999999,36.2608223,0 -96.97275639999998,36.2602512,0 -96.97250200000001,36.2596382,0 -96.97229369999999,36.2591547,0 -96.97203720000002,36.2586209,0 -96.97171839999999,36.2579748,0 -96.97138729999999,36.2573461,0 -96.97117660000001,36.2569702,0 -96.9709446,36.2565787,0 -96.97074069999999,36.2562316,0 -96.97050930000002,36.2558627,0 -96.9700507,36.2551605,0 -96.9695608,36.2544612,0 -96.96925210000001,36.2540309,0 -96.9689489,36.2536233,0 -96.96852219999998,36.2530837,0 -96.9681604,36.2526617,0 -96.96780510000001,36.2522404,0 -96.96722800000001,36.2515918,0 -96.96677500000001,36.251123,0 -96.9661267,36.2504687,0 -96.965619,36.2499779,0 -96.9650611,36.2494734,0 -96.96447499999999,36.2489561,0 -96.96375119999999,36.248347,0 -96.96299800000001,36.2477663,0 -96.9624178,36.2473265,0 -96.9618231,36.2468987,0 -96.96155469999999,36.2467168,0 -96.96134749999999,36.2465765,0 -96.96119350000001,36.2464721,0 -96.96072529999999,36.2461638000001,0 -96.96025550000002,36.2458722,0 -96.95937290000001,36.2453298,0 -96.95829939999999,36.2447118,0 -96.9571475,36.2441254,0 -96.9562794,36.2437036,0 -96.9555715,36.243383,0 -96.95490150000001,36.2430938,0 -96.95377689999999,36.2426351,0 -96.95309450000001,36.2423804,0 -96.9522454,36.2420819,0 -96.95153059999998,36.2418483,0 -96.95113449999999,36.241721,0 -96.95029,36.2414626,0 -96.94973419999999,36.2413053,0 -96.9489145,36.2410905,0 -96.9479733,36.2408606,0 -96.9474953,36.2407567,0 -96.946584,36.2405698,0 -96.94565,36.2403988,0 -96.9447207,36.2402442,0 -96.94388580000002,36.2401300000001,0 -96.9425766,36.2399697,0 -96.9414617,36.2398753,0 -96.9392663,36.2397011,0 -96.93833619999999,36.2396284,0 -96.9352245,36.2393853,0 -96.93390120000001,36.2392477,0 -96.93306339999998,36.2391479,0 -96.9323838,36.2390494,0 -96.9313909,36.2388852,0 -96.93089650000002,36.2388012,0 -96.9303771,36.2387027,0 -96.92968279999999,36.2385589,0 -96.92905759999999,36.238414,0 -96.92836309999998,36.2382473,0 -96.9277323,36.2380908,0 -96.9268785,36.2378493,0 -96.92601809999999,36.2375923,0 -96.9257583,36.2375091,0 -96.9250406,36.2372742,0 -96.9242105,36.2369901,0 -96.9236679,36.2367903,0 -96.92294800000001,36.2365052,0 -96.92263819999999,36.2363811,0 -96.92206939999998,36.2361434,0 -96.9216062,36.2359477999999,0 -96.92108499999999,36.2357096,0 -96.92057200000002,36.2354636,0 -96.92017299999999,36.235277,0 -96.9197885,36.2350813,0 -96.919257,36.2348064,0 -96.9187453,36.2345285,0 -96.91823979999999,36.2342534,0 -96.91625030000002,36.2331256,0 -96.9160138,36.2329912,0 -96.9103705,36.2297842,0 -96.9093348,36.2292538,0 -96.9088935,36.2290343,0 -96.90806499999999,36.228636,0 -96.9072346,36.2282629,0 -96.90649579999999,36.2279539,0 -96.90598279999999,36.2277499,0 -96.90535819999999,36.2275139,0 -96.90490320000002,36.2273431,0 -96.90447089999999,36.2271855,0 -96.90365350000002,36.2269153,0 -96.9029948,36.2267081,0 -96.9023675,36.2265221999999,0 -96.9010845,36.226177,0 -96.8996621,36.2258285,0 -96.89911770000001,36.2257117,0 -96.8986075,36.225613,0 -96.8975712,36.22542,0 -96.89711409999998,36.2253395,0 -96.89666219999999,36.2252744,0 -96.8953314,36.2250939,0 -96.89450829999998,36.2250063,0 -96.8937275,36.2249316,0 -96.89312030000002,36.2248884,0 -96.89249580000001,36.2248504,0 -96.8918489,36.2248202000001,0 -96.89122260000002,36.2247988,0 -96.89007380000001,36.224788,0 -96.88980770000001,36.2247881,0 -96.8889606,36.224795,0 -96.88800299999998,36.2248253,0 -96.88694539999999,36.2248845,0 -96.8858559,36.224977,0 -96.88512860000002,36.2250529,0 -96.88390750000002,36.2251932,0 -96.88323019999999,36.2252628,0 -96.8825896,36.2253208,0 -96.88170289999999,36.2253788,0 -96.8809761,36.2254174,0 -96.88002710000001,36.2254483,0 -96.8789921,36.2254561,0 -96.8780302,36.225451,0 -96.8770485,36.225438,0 -96.8723888,36.225376,0 -96.8721252,36.2253726,0 -96.85458709999999,36.2251419,0 -96.8543323,36.2251386,0 -96.85086290000001,36.2250986,0 -96.8495629,36.2250825,0 -96.8490254,36.225074,0 -96.8477867,36.2250524,0 -96.83680250000002,36.2249165,0 -96.83654309999999,36.2249131,0 -96.82201139999999,36.2247182,0 -96.81906929999998,36.2247265,0 -96.81880970000002,36.224727,0 -96.81250639999999,36.2247389000001,0 -96.8045146,36.2247575,0 -96.80334910000001,36.2247503,0 -96.80265920000001,36.2247394,0 -96.8022065,36.224708,0 -96.801759,36.2246633,0 -96.80141490000001,36.2246222,0 -96.80093979999998,36.2245556,0 -96.7994271,36.2243436,0 -96.7987826,36.2242642,0 -96.79825700000001,36.2242191,0 -96.79767870000001,36.2241868,0 -96.79699979999998,36.2241701,0 -96.79625690000002,36.2241894,0 -96.79571220000001,36.2242204,0 -96.7947952,36.2243325,0 -96.7942457,36.2244104,0 -96.79287330000001,36.2246079,0 -96.79235910000001,36.2246742,0 -96.7918957,36.2247268,0 -96.791477,36.2247561,0 -96.7908541,36.2247784,0 -96.78940040000001,36.2247917,0 -96.78441079999999,36.2248049,0 -96.7840554,36.224802,0 -96.77857330000002,36.22481,0 -96.77049100000001,36.2248235,0 -96.76884800000002,36.2248158,0 -96.76749390000001,36.2247933,0 -96.76619460000002,36.224758,0 -96.76509160000001,36.2247178,0 -96.76108360000001,36.2245326,0 -96.7510152,36.2240814,0 -96.74876649999999,36.2240231,0 -96.7482763,36.2240153,0 -96.74802220000001,36.2240158,0 -96.7416748,36.2240306,0 -96.73163279999999,36.2240607,0 -96.72820889999998,36.2240802,0 -96.72652669999999,36.2241188,0 -96.7244675,36.2242013,0 -96.71340279999998,36.2247476,0 -96.7127936,36.2247793,0 -96.7125377,36.224792,0 -96.7104143,36.2248579999999,0 -96.7081768,36.2248958,0 -96.7044021,36.2249078,0 -96.6957218,36.2249435,0 -96.69546560000001,36.2249441,0 -96.6853862,36.2249684,0 -96.6851097,36.2249708,0 -96.68452429999999,36.2249725,0 -96.68373990000001,36.224979,0 -96.6779305,36.2250023,0 -96.6776845,36.2250026000001,0 -96.659904,36.2250542,0 -96.65956799999999,36.2250578,0 -96.649489,36.2250903,0 -96.6425034,36.2251113,0 -96.64218080000001,36.2251121,0 -96.62431759999998,36.2251613,0 -96.62398769999999,36.2251625,0 -96.61457689999999,36.2251901,0 -96.60652640000001,36.225215,0 -96.6062057,36.2252155,0 -96.599059,36.2252283,0 -96.59826289999999,36.2252134,0 -96.59736900000001,36.2251795,0 -96.5967563,36.225147,0 -96.59604229999999,36.2251007,0 -96.5953566,36.2250432,0 -96.5946307,36.2249735,0 -96.5941224,36.2249176,0 -96.59357999999999,36.2248537,0 -96.5929931,36.2247737,0 -96.59242179999998,36.2246915,0 -96.59131959999999,36.2245119,0 -96.57989930000001,36.2225027,0 -96.57936669999999,36.2224068,0 -96.5779926,36.2221729,0 -96.57692520000001,36.2219898,0 -96.5765883,36.2219308,0 -96.5761464,36.2218535,0 -96.57579780000002,36.2217885,0 -96.57561370000001,36.2217568,0 -96.57521199999998,36.2216859,0 -96.57404080000001,36.2214827,0 -96.57149209999999,36.2210193,0 -96.57099629999999,36.2209385,0 -96.57042730000001,36.2208414,0 -96.5678034,36.22039,0 -96.56695740000001,36.2202652,0 -96.56627109999999,36.2201683,0 -96.56566820000002,36.2200857,0 -96.56502999999999,36.2200086,0 -96.5645304,36.219957,0 -96.56339560000001,36.2198456,0 -96.5619373,36.2197394,0 -96.56054809999999,36.2196717,0 -96.5600316,36.2196551,0 -96.55840739999999,36.2196239,0 -96.55329540000001,36.2196412,0 -96.5530323,36.219642,0 -96.5485343,36.2196564000001,0 -96.53985659999998,36.2196806,0 -96.531953,36.2197129,0 -96.5307787,36.2197078,0 -96.53026350000002,36.2197107,0 -96.5292251,36.2197236,0 -96.5179366,36.2197603,0 -96.5176673,36.2197609,0 -96.4999315,36.2198082,0 -96.49960790000002,36.2198096,0 -96.4906015,36.2198302,0 -96.4513268,36.2199176,0 -96.44622939999999,36.2199405,0 -96.44590150000001,36.2199411,0 -96.43440649999998,36.2199631,0 -96.4331809,36.219941,0 -96.4323772,36.2199068,0 -96.43179059999999,36.2198765,0 -96.43109440000001,36.2198286,0 -96.4300069,36.219735,0 -96.42869139999999,36.219592,0 -96.42057149999999,36.2187059,0 -96.4189365,36.2185549,0 -96.41793060000001,36.2184885,0 -96.41720170000002,36.2184603,0 -96.4154585,36.2184179,0 -96.41427230000001,36.2184324,0 -96.41311810000001,36.2184727,0 -96.4108801,36.2185894,0 -96.40898509999998,36.2186748,0 -96.40822230000001,36.2187087,0 -96.40730569999999,36.2187344,0 -96.4063352,36.2187344,0 -96.40547450000001,36.2187199,0 -96.40484720000001,36.218702,0 -96.4046218,36.2186925,0 -96.40398339999999,36.2186558,0 -96.4031062,36.2185991,0 -96.40241319999998,36.2185443,0 -96.40159850000001,36.2184589000001,0 -96.4004137,36.2183366,0 -96.3996935,36.2182577,0 -96.39881,36.2181609,0 -96.3977292,36.2180424,0 -96.39645250000001,36.2179018,0 -96.39382190000002,36.2176133,0 -96.39286920000001,36.2175156,0 -96.3925721,36.2174821,0 -96.3918221,36.2173876,0 -96.38979569999999,36.2171706,0 -96.3882132,36.2170195,0 -96.38645789999998,36.2168867000001,0 -96.385909,36.216847,0 -96.38484620000001,36.2167966,0 -96.384041,36.2167618,0 -96.3829403,36.2167219,0 -96.3820345,36.2167,0 -96.38056640000001,36.2166896,0 -96.37952159999999,36.2166694,0 -96.37694789999999,36.2166603,0 -96.37214240000002,36.2166234,0 -96.37036529999999,36.2166017,0 -96.3544995,36.2164937,0 -96.35213480000002,36.216473,0 -96.35083160000002,36.216458,0 -96.34962969999999,36.2164556,0 -96.34929169999999,36.2164492,0 -96.34754199999999,36.2164233,0 -96.34568940000001,36.2164104,0 -96.3407167,36.2163897,0 -96.34041960000002,36.2163855,0 -96.32290810000001,36.2162546,0 -96.32261710000002,36.2162516,0 -96.31783129999999,36.2162111,0 -96.30595700000001,36.2161187,0 -96.3051631,36.2161044,0 -96.30466710000002,36.2160853,0 -96.3043728,36.2160651,0 -96.3039677,36.2160328,0 -96.3034445,36.2159828,0 -96.30292540000001,36.2159279,0 -96.30234420000001,36.2158440000001,0 -96.30167400000001,36.2157334,0 -96.30105530000002,36.215609,0 -96.30011960000002,36.2154007,0 -96.29950940000001,36.2152332,0 -96.29885040000001,36.2150325,0 -96.298249,36.2148378,0 -96.29724369999998,36.2144504,0 -96.2965772,36.2141618,0 -96.2961471,36.2139661,0 -96.29575440000001,36.2137754,0 -96.2949867,36.2133618,0 -96.29423899999999,36.212921,0 -96.2934987,36.2124397,0 -96.2929773,36.2120715,0 -96.2926097,36.2117961,0 -96.2922246,36.2114722,0 -96.29194200000001,36.2112296,0 -96.29157720000001,36.2109092999999,0 -96.291256,36.2106016,0 -96.29091789999998,36.2102878,0 -96.2900614,36.2093788,0 -96.2898927,36.2091883,0 -96.28973669999999,36.209012,0 -96.2892375,36.2084816,0 -96.2883349,36.2074807,0 -96.2867734,36.2056207,0 -96.282765,36.2008505,0 -96.2809051,36.1986403,0 -96.2758881,36.1926753,0 -96.27238070000001,36.1885038,0 -96.2719087,36.1879425,0 -96.271086,36.1869728,0 -96.27086300000001,36.1867099,0 -96.2700205,36.185705,0 -96.26952249999999,36.185133,0 -96.2683905,36.1838121,0 -96.26633649999999,36.1813744,0 -96.25919690000001,36.1728711,0 -96.25315660000001,36.1656373,0 -96.25257810000001,36.1649445,0 -96.2518386,36.1640453,0 -96.2500143,36.1618897,0 -96.2489363,36.1606164,0 -96.247728,36.1591774,0 -96.24678659999999,36.1580748,0 -96.2464988,36.1577557,0 -96.2461248,36.1573743,0 -96.24570480000001,36.15695,0 -96.245221,36.1565048,0 -96.24447529999999,36.1558856,0 -96.2440196,36.1555382,0 -96.24355629999999,36.1552009,0 -96.24312740000001,36.1548911,0 -96.2426457,36.154579,0 -96.24166700000001,36.154,0 -96.24074229999999,36.1535095,0 -96.24010429999998,36.153199,0 -96.2394663,36.1529192,0 -96.23874379999999,36.1526224,0 -96.23796,36.1523427,0 -96.237117,36.1520697,0 -96.23637129999999,36.1518565,0 -96.23587059999998,36.1517252000001,0 -96.23517560000001,36.1515597,0 -96.23415729999999,36.1513686,0 -96.23345380000001,36.1512595,0 -96.2329362,36.1511827,0 -96.23226699999999,36.1511125,0 -96.2318176,36.1510752,0 -96.23112829999999,36.1510319,0 -96.2302646,36.1510063,0 -96.22945850000001,36.1510037,0 -96.22852049999999,36.1510256,0 -96.22622680000001,36.151161,0 -96.2258776,36.1511831,0 -96.2221857,36.1514072,0 -96.22137979999999,36.1514532,0 -96.220647,36.151494,0 -96.215587,36.151797,0 -96.21276200000001,36.151969,0 -96.20840650000001,36.1522245,0 -96.20784380000001,36.1522574999999,0 -96.1955526,36.1529712,0 -96.1904823,36.1533041,0 -96.1899337,36.153334,0 -96.18574169999999,36.153587,0 -96.1729565,36.1543178,0 -96.1723866,36.154339,0 -96.17183000000001,36.1543419,0 -96.1713512,36.1543347,0 -96.17088,36.1543175,0 -96.16993650000002,36.1542566,0 -96.1692262,36.1541905,0 -96.1685039,36.1540935,0 -96.1681098,36.1540315,0 -96.16773539999998,36.1539689,0 -96.1672246,36.153869,0 -96.16668180000001,36.1537524,0 -96.1662067,36.1536373,0 -96.1657335,36.1535135,0 -96.16480690000002,36.1532386,0 -96.16406080000002,36.1529836,0 -96.16341989999999,36.1527353,0 -96.16282999999999,36.1524997,0 -96.1622371,36.1522296,0 -96.16164190000001,36.1519367,0 -96.161124,36.1516632,0 -96.158596,36.1502479,0 -96.15732459999998,36.1495245,0 -96.15663390000002,36.1491368,0 -96.15481580000001,36.1481187,0 -96.15397590000001,36.1476445,0 -96.1530497,36.1471293,0 -96.14712299999999,36.1437935,0 -96.14675200000001,36.143603,0 -96.14643300000002,36.1434529,0 -96.145983,36.1432721,0 -96.1455541,36.143127,0 -96.14516540000001,36.1430127,0 -96.14470699999998,36.142907,0 -96.14429499999999,36.1428298,0 -96.14382790000001,36.1427661,0 -96.1433928,36.1427215,0 -96.13881309999999,36.1422826,0 -96.1379464,36.1422006,0 -96.1350116,36.1419146,0 -96.1346463,36.1418793,0 -96.13183670000001,36.141617,0 -96.1314332,36.1415712,0 -96.1310635,36.1415158,0 -96.13081579999998,36.1414768999999,0 -96.13030940000002,36.141373,0 -96.12985209999998,36.1412614,0 -96.1294323,36.1411347,0 -96.1290152,36.140995,0 -96.12856189999999,36.1408228,0 -96.12706930000002,36.1401871,0 -96.1253122,36.1394302999999,0 -96.12308339999998,36.1384888,0 -96.1216344,36.1378676,0 -96.12120280000001,36.137694,0 -96.1208192,36.1375447,0 -96.1204134,36.1374025,0 -96.11985009999999,36.1372292,0 -96.1192683,36.1370735,0 -96.1190843,36.1370264,0 -96.11852049999999,36.1369103,0 -96.11805309999998,36.1368241,0 -96.11735969999999,36.1367267,0 -96.11666630000002,36.1366649,0 -96.11609369999999,36.1366313,0 -96.11561759999999,36.1366194,0 -96.1150207,36.1366205,0 -96.11337589999998,36.1367063,0 -96.11197629999999,36.1367889,0 -96.1113735,36.1368329,0 -96.1105209,36.1369392,0 -96.1099674,36.1370243,0 -96.10755279999999,36.137422,0 -96.10706090000001,36.1374938,0 -96.10622450000001,36.1376104,0 -96.1052974,36.1377188,0 -96.104372,36.1378045,0 -96.1016099,36.1380248,0 -96.10101299999999,36.1380718,0 -96.10053019999999,36.1381303,0 -96.10016539999999,36.1381921,0 -96.09987969999999,36.1382549000001,0 -96.09955050000001,36.1383394,0 -96.0992294,36.1384232999999,0 -96.09563919999999,36.1394252999999,0 -96.0932992,36.1400782999999,0 -96.0900146,36.140995,0 -96.08720030000002,36.1418243000001,0 -96.08603410000001,36.1421742,0 -96.083766,36.1428558,0 -96.0831026,36.1430643,0 -96.07938279999999,36.1441803,0 -96.07764669999999,36.1447067,0 -96.07608759999999,36.1451779,0 -96.07548509999999,36.1453649,0 -96.0750747,36.145497,0 -96.0748213,36.1455898000001,0 -96.07447789999999,36.1457234,0 -96.07414789999999,36.1458658,0 -96.07375909999999,36.1460439,0 -96.07342509999999,36.1462118,0 -96.0730904,36.1463952,0 -96.0726982,36.1466201,0 -96.07234120000001,36.1468507,0 -96.07183989999999,36.1471995,0 -96.0714153,36.1475369,0 -96.07079769999999,36.1480218,0 -96.0702296,36.1484737,0 -96.06795949999999,36.1502756,0 -96.0672131,36.1508825,0 -96.06685910000002,36.1511359,0 -96.0665264,36.1513589,0 -96.0662221,36.1515484,0 -96.06575800000002,36.1518181,0 -96.0655086,36.1519502,0 -96.06492810000002,36.1522412,0 -96.0646757,36.152353,0 -96.06435250000001,36.1524906,0 -96.0639207,36.1526649,0 -96.06324610000001,36.152941,0 -96.06259729999998,36.1532032,0 -96.06221579999999,36.1533755,0 -96.06188629999998,36.1535355,0 -96.06154429999999,36.1537131,0 -96.06115329999999,36.1539264,0 -96.06087429999999,36.1540916,0 -96.0606435,36.1542444,0 -96.0604046,36.1544025,0 -96.0601352,36.1545955,0 -96.059842,36.154812,0 -96.05936860000001,36.1551595,0 -96.05899340000001,36.1554488,0 -96.05863609999999,36.1557292,0 -96.0582038,36.1560573,0 -96.0578623,36.1563039,0 -96.0576205,36.1564649,0 -96.057496,36.1565498,0 -96.057243,36.1567068,0 -96.0569986,36.1568481,0 -96.05677710000002,36.1569714,0 -96.05661470000001,36.1570566,0 -96.0564682,36.1571349,0 -96.05629790000002,36.1572226,0 -96.0561222,36.157307,0 -96.05590890000001,36.1574056,0 -96.05560050000001,36.1575344,0 -96.0553738,36.1576286,0 -96.05497149999999,36.1577791,0 -96.0546537,36.1578896,0 -96.0542487,36.158013,0 -96.05392550000001,36.158104,0 -96.05365860000001,36.1581689,0 -96.05340510000001,36.1582274,0 -96.0531838,36.1582783,0 -96.0529384,36.1583238,0 -96.05262860000001,36.1583779,0 -96.05236170000001,36.1584202,0 -96.0520774,36.158457,0 -96.05185880000001,36.158483,0 -96.0517376,36.1584939,0 -96.05163080000001,36.1585057,0 -96.0512231,36.158536,0 -96.0511071,36.1585411,0 -96.05079419999998,36.1585549,0 -96.05040169999999,36.1585658,0 -96.0498217,36.1585696,0 -96.0487327,36.1585685,0 -96.04807189999998,36.1585711,0 -96.0475792,36.1585789,0 -96.04685809999999,36.1585819,0 -96.04630319999998,36.1585835,0 -96.04585489999998,36.1585868,0 -96.0453571,36.1585869,0 -96.0442864,36.1585897,0 -96.0416419,36.1586065,0 -96.0407555,36.1586045,0 -96.04014499999998,36.1586018,0 -96.03970569999998,36.158601,0 -96.0393906,36.1585945,0 -96.0389332,36.1585804,0 -96.03848000000002,36.1585587,0 -96.0380492,36.1585377,0 -96.03774230000001,36.1585209,0 -96.03739900000001,36.1584949,0 -96.03694840000001,36.1584613,0 -96.03660239999999,36.158431,0 -96.03601369999998,36.1583779,0 -96.03505480000001,36.158287,0 -96.03437750000001,36.1582263,0 -96.033766,36.1581635,0 -96.03328449999999,36.1581072,0 -96.0329667,36.1580639,0 -96.0326757,36.1580184,0 -96.0323846,36.157974,0 -96.03211640000001,36.1579264,0 -96.03176640000001,36.1578614,0 -96.0314217,36.15779,0 -96.03105429999999,36.1577066,0 -96.0306211,36.1576048,0 -96.0302509,36.1575084,0 -96.02989550000001,36.1574164,0 -96.02944360000001,36.1572951,0 -96.02885220000002,36.1571392,0 -96.02842699999999,36.1570298,0 -96.0280341,36.1569389,0 -96.0276787,36.1568630999999,0 -96.0273364,36.1567929,0 -96.0267238,36.156679,0 -96.02549479999999,36.1564938,0 -96.02463390000001,36.1563637,0 -96.02434529999999,36.1563284,0 -96.02414090000001,36.1563168,0 -96.02393840000002,36.1563114,0 -96.02373379999999,36.1563071,0 -96.02353239999999,36.1563065,0 -96.0231813,36.1563199,0 -96.02297609999999,36.1563358,0 -96.0225859,36.1563732,0 -96.0219493,36.1564425,0 -96.02072560000002,36.1565686,0 -96.02001629999999,36.1566442,0 -96.0195422,36.1566974,0 -96.01892929999998,36.156757,0 -96.01848950000002,36.1568035,0 -96.0183071,36.1568198,0 -96.01814339999999,36.1568306,0 -96.0179839,36.1568381999999,0 -96.01783370000001,36.1568425,0 -96.0176834,36.1568425,0 -96.01751849999998,36.1568403,0 -96.01738839999999,36.1568381999999,0 -96.0172489,36.1568284,0 -96.0171242,36.1568219,0 -96.0169965,36.1568076,0 -96.0168219,36.1567918,0 -96.0166481,36.1567689,0 -96.01646570000001,36.1567407,0 -96.01633699999999,36.1567223,0 -96.0161962,36.1566942,0 -96.01602449999999,36.1566573,0 -96.0158689,36.1566184,0 -96.0156825,36.1565761,0 -96.0150254,36.1564202,0 -96.0142328,36.1562318,0 -96.01383309999999,36.1561354,0 -96.01321350000001,36.1559892,0 -96.0127133,36.1558691,0 -96.01234049999999,36.1557803,0 -96.01216080000002,36.1557434,0 -96.0120039,36.1557088,0 -96.0118282,36.1556785,0 -96.0116623,36.1556545,0 -96.0115271,36.15564,0 -96.0112609,36.1556182999999,0 -96.01105239999998,36.1556113,0 -96.0108405,36.1556108,0 -96.01055009999999,36.1556211,0 -96.01025559999999,36.1556458,0 -96.0100982,36.1556666,0 -96.0099453,36.1556904,0 -96.00978569999999,36.1557175,0 -96.00963820000001,36.155751,0 -96.00921030000001,36.1558441,0 -96.00729400000002,36.1562785,0 -96.006621,36.15643,0 -96.0064101,36.1564776,0 -96.00627470000001,36.1565101,0 -96.0061285,36.1565437,0 -96.0059917,36.1565805,0 -96.0058428,36.1566227,0 -96.0057127,36.1566595,0 -96.00556659999999,36.156705,0 -96.00518030000001,36.1568306,0 -96.0046282,36.1570387,0 -96.0042163,36.1572174,0 -96.00400319999999,36.157315,0 -96.00373919999998,36.1574469,0 -96.0035381,36.1575546,0 -96.0033399,36.1576696,0 -96.0031266,36.1578003999999,0 -96.002934,36.157914,0 -96.00268630000001,36.1580819,0 -96.00246149999998,36.1582396,0 -96.00229809999999,36.1583604,0 -96.00164889999999,36.1588129,0 -96.00147109999999,36.1589406,0 -96.0012691,36.1590839,0 -96.00028199999998,36.15979,0 -96.000169,36.1598709,0 -95.9999356,36.1600341,0 -95.99983909999999,36.1600945,0 -95.99971770000001,36.1601668,0 -95.9995863,36.160242,0 -95.99946230000002,36.1603105,0 -95.9993293,36.1603752,0 -95.99916669999999,36.1604461,0 -95.99906560000001,36.1604876,0 -95.99893,36.1605417,0 -95.99874929999999,36.1606083,0 -95.9986443,36.1606434,0 -95.9979237,36.1607531,0 -95.9976624,36.1607991,0 -95.9967211,36.1609726,0 -95.99632200000002,36.1610443,0 -95.99595909999998,36.1611099,0 -95.9953627,36.1612217999999,0 -95.99506940000001,36.1612725,0 -95.9945464,36.1613532,0 -95.9940682,36.1614165,0 -95.9938009,36.1614473,0 -95.9927469,36.1615577,0 -95.9924726,36.1615869,0 -95.99141699999998,36.1616984,0 -95.9911451,36.1617248999999,0 -95.9909632,36.1617395,0 -95.99066680000001,36.1617508,0 -95.9903688,36.1617414,0 -95.99002819999998,36.1617187,0 -95.9897206,36.1616765,0 -95.98947240000001,36.1616352,0 -95.98931069999999,36.1616019,0 -95.98902530000001,36.1615297,0 -95.98852109999999,36.1613776,0 -95.98778449999999,36.1611298,0 -95.98759440000002,36.1610708,0 -95.9874348,36.1610231,0 -95.98729539999999,36.160982,0 -95.9871559,36.1609409,0 -95.9870406,36.1609073,0 -95.9868675,36.1608607,0 -95.98625250000002,36.1606947,0 -95.9860537,36.1606412,0 -95.98582570000002,36.1605774,0 -95.9852219,36.1604108,0 -95.98372790000001,36.1600043,0 -95.9828717,36.159773,0 -95.98219950000001,36.1595901,0 -95.98111319999998,36.1592932,0 -95.98069949999999,36.1591889,0 -95.98045460000002,36.1591369,0 -95.9801125,36.1590702,0 -95.9797587,36.1590176,0 -95.97932440000001,36.1589713,0 -95.97919239999999,36.1589611,0 -95.978956,36.1589493,0 -95.97880229999998,36.1589439,0 -95.97864800000001,36.1589397,0 -95.9784985,36.1589408,0 -95.9783442,36.1589425,0 -95.97818909999999,36.1589443,0 -95.97649010000001,36.1590344,0 -95.9759257,36.159028,0 -95.9752855,36.1590613,0 -95.9748361,36.1590797,0 -95.97427159999999,36.1590859,0 -95.97161610000001,36.159071,0 -95.96942609999999,36.159052,0 -95.96862969999999,36.1590467,0 -95.96815340000001,36.1590472,0 -95.9678526,36.1590579,0 -95.96757239999999,36.1590698999999,0 -95.96727449999999,36.159092,0 -95.96684000000002,36.1591463,0 -95.9664501,36.1592177,0 -95.9660782,36.159298,0 -95.9656492,36.1594088,0 -95.9652402,36.1595358,0 -95.9636673,36.1600808,0 -95.9630969,36.1602643,0 -95.96265649999999,36.1603798,0 -95.96219139999999,36.160482,0 -95.961629,36.1605834,0 -95.9613469,36.1606181,0 -95.9606852,36.160683,0 -95.96035010000001,36.1607002,0 -95.96009890000001,36.1607067,0 -95.95977580000002,36.160708,0 -95.9594527,36.1606993,0 -95.959082,36.1606792,0 -95.9587554,36.1606495,0 -95.95828699999998,36.1605968,0 -95.95795060000002,36.160554,0 -95.9566227,36.1603827,0 -95.9563576,36.1603543,0 -95.95589470000002,36.1603105,0 -95.9557375,36.1602957,0 -95.9553205,36.1602654,0 -95.95476669999998,36.1602398,0 -95.9540721,36.1602295,0 -95.95381609999998,36.1602266,0 -95.95349880000002,36.1602222,0 -95.952975,36.160213,0 -95.94957120000001,36.1601899,0 -95.9489038,36.1601822,0 -95.94849259999999,36.1601739,0 -95.94807,36.1601532,0 -95.94750279999998,36.1601027,0 -95.9469665,36.1600266,0 -95.9450757,36.1596261,0 -95.9446669,36.1595638,0 -95.9443083,36.15952,0 -95.9439264,36.1594744,0 -95.9434237,36.159449,0 -95.94297860000002,36.1594369,0 -95.94252470000001,36.1594357,0 -95.9405714,36.1594216,0 -95.9401597,36.1594204000001,0 -95.9380598,36.1594131000001,0 -95.9377523,36.1594113,0 -95.93662949999998,36.1594047,0 -95.9315897,36.1593824,0 -95.9315139,36.159382,0 -95.9312975,36.1593807,0 -95.92883229999998,36.159354,0 -95.92776040000001,36.1593312,0 -95.92632579999999,36.1592709,0 -95.9226687,36.1591119,0 -95.92232590000002,36.159097,0 -95.9198399,36.158989,0 -95.9192626,36.1589709,0 -95.91889980000001,36.1589776,0 -95.9185647,36.1589986,0 -95.91820929999999,36.1590417,0 -95.91782399999998,36.1590993,0 -95.9171887,36.1592369,0 -95.91663749999999,36.1594066,0 -95.9161589,36.15959,0 -95.91594589999998,36.1596868,0 -95.91566039999999,36.159831,0 -95.91523850000002,36.1600709,0 -95.9149214,36.1602742,0 -95.9131994,36.1613703,0 -95.91291459999999,36.1615425,0 -95.9126162,36.1617062,0 -95.91212109999999,36.1619527,0 -95.91169019999998,36.1621409,0 -95.9114795,36.1622214,0 -95.9111824,36.1623307,0 -95.9105871,36.1625122,0 -95.9101271,36.1626265,0 -95.90957560000001,36.1627239,0 -95.90915339999998,36.1627881,0 -95.90857620000001,36.162842,0 -95.908117,36.1628596,0 -95.9076348,36.1628661,0 -95.904708,36.1628499,0 -95.90443529999999,36.1628483,0 -95.9015491,36.1628313,0 -95.9006818,36.1628157,0 -95.90011579999999,36.1627811,0 -95.89961239999998,36.1627271,0 -95.89928200000001,36.1626747,0 -95.8983918,36.162467,0 -95.89705739999999,36.1621148,0 -95.8967655,36.1620544,0 -95.8964388,36.1619905,0 -95.89614469999999,36.1619472,0 -95.8959689,36.1619256,0 -95.8957341,36.1618957,0 -95.89553880000001,36.1618812,0 -95.8953491,36.1618683,0 -95.89507639999999,36.1618523,0 -95.89456439999999,36.1618505,0 -95.8930053,36.1618403,0 -95.89246420000001,36.1618368000001,0 -95.89042649999999,36.161824,0 -95.88687109999998,36.1617967,0 -95.8857759,36.1617883,0 -95.88518550000001,36.1617754,0 -95.88453269999999,36.1617628,0 -95.88395089999999,36.1617615,0 -95.88345459999999,36.1617648,0 -95.88298930000001,36.1617759,0 -95.88251320000001,36.1618041,0 -95.8822026,36.161829,0 -95.88174890000002,36.1618652,0 -95.881545,36.161887,0 -95.8812032,36.1619235,0 -95.88041460000001,36.1620359,0 -95.8795107,36.1621775,0 -95.87897759999998,36.1622893,0 -95.8786547,36.1623549,0 -95.8781219,36.1624737,0 -95.8774387,36.1626306,0 -95.8765794,36.1628272,0 -95.87329400000002,36.1635677,0 -95.87294,36.1636486000001,0 -95.872592,36.1637255,0 -95.87226960000001,36.163786,0 -95.8718732,36.1638599,0 -95.8714793,36.1639247,0 -95.87105909999998,36.1639822,0 -95.8705245,36.1640484,0 -95.87009469999998,36.164092,0 -95.869516,36.1641398,0 -95.86901090000001,36.1641673,0 -95.8684353,36.164187,0 -95.8678204,36.1642021,0 -95.8668548,36.1642129,0 -95.86599150000002,36.164218,0 -95.8654847,36.1642253,0 -95.86490749999999,36.1642546,0 -95.8642088,36.1643049000001,0 -95.86333979999999,36.1643937,0 -95.8628181,36.1644641,0 -95.86229639999999,36.1645377,0 -95.8620056,36.1645838,0 -95.8618122,36.1646147,0 -95.86148,36.1646674,0 -95.8605867,36.1648011,0 -95.8601348,36.1648649,0 -95.859392,36.1649742999999,0 -95.8569342,36.165337,0 -95.85366639999999,36.1658283,0 -95.8532131,36.1658911,0 -95.8527517,36.1659495,0 -95.852116,36.1660102,0 -95.85151190000001,36.1660556,0 -95.85129860000001,36.1660665,0 -95.8510485,36.1660773,0 -95.8505062,36.1661064,0 -95.85016640000002,36.1661186,0 -95.84709969999999,36.1662837,0 -95.8446636,36.1664101,0 -95.84083039999999,36.1666091,0 -95.83927979999999,36.1666869,0 -95.83869310000001,36.1666953,0 -95.83805169999999,36.1666697,0 -95.83735160000001,36.1666017,0 -95.83666099999999,36.1665029,0 -95.8361754,36.1664093,0 -95.83574609999999,36.1663132,0 -95.8355009,36.1662507,0 -95.8347934,36.1660437,0 -95.83428049999999,36.1658685,0 -95.8337902,36.165664,0 -95.83358489999999,36.1655673,0 -95.8331445,36.1653599,0 -95.83265590000001,36.1651004,0 -95.82770789999998,36.1622097,0 -95.82718869999999,36.1619185,0 -95.82690460000001,36.1617735,0 -95.8265947,36.1616344,0 -95.826391,36.1615536999999,0 -95.82618220000001,36.1614802,0 -95.8259872,36.1614208,0 -95.82573789999999,36.1613577,0 -95.8255099,36.1613101,0 -95.8252926,36.1612711,0 -95.82505930000001,36.1612451,0 -95.82475030000002,36.161219,0 -95.8243904,36.1612058,0 -95.8240155,36.1612196,0 -95.8236333,36.161259,0 -95.8233559,36.1613018,0 -95.82307359999999,36.1613595,0 -95.8227881,36.1614334,0 -95.82245360000002,36.1615381,0 -95.82153909999998,36.1618365,0 -95.82116600000001,36.1619543,0 -95.82085129999999,36.1620424,0 -95.82050719999999,36.1621318,0 -95.82014139999998,36.1622077,0 -95.81981689999999,36.1622596,0 -95.81938239999999,36.162317,0 -95.81814450000002,36.162487,0 -95.8156031,36.1624829,0 -95.81530609999999,36.1624811,0 -95.81334610000002,36.1624816,0 -95.8063066,36.162474,0 -95.8034018,36.1624697,0 -95.80204860000001,36.1624697,0 -95.80103339999999,36.1624664,0 -95.79797740000001,36.1624662,0 -95.79485630000002,36.1624623,0 -95.7940462,36.1624589,0 -95.7915192,36.1624575,0 -95.78340590000001,36.1624475,0 -95.7800593,36.1624434,0 -95.7791701,36.1624447,0 -95.77734140000001,36.1624415,0 -95.7739873,36.1624405,0 -95.7717074,36.1624415,0 -95.7690534,36.1624654,0 -95.7660497,36.1625194,0 -95.76204249999999,36.1625824,0 -95.76084400000002,36.1625765,0 -95.7582664,36.1626347,0 -95.75645510000001,36.1626649,0 -95.75424959999999,36.1627016,0 -95.7522558,36.1627419,0 -95.75112900000001,36.1627557,0 -95.74898179999998,36.1628016,0 -95.74843540000001,36.1628101,0 -95.7456111,36.1628538,0 -95.74483799999999,36.1628673,0 -95.7421647,36.1629094,0 -95.7378633,36.162986,0 -95.7363258,36.1629833,0 -95.7353087,36.1629755,0 -95.7344367,36.1629611,0 -95.73349150000001,36.1629376,0 -95.7332225,36.1629305,0 -95.7329514,36.1629194,0 -95.7325483,36.1629029,0 -95.73184170000002,36.1628739,0 -95.7301149,36.1628031,0 -95.72812880000001,36.1627189,0 -95.7278651,36.1627069,0 -95.72662390000001,36.1626504,0 -95.72622089999999,36.1626321,0 -95.7256137,36.1626045,0 -95.72336799999999,36.1625135,0 -95.7220437,36.1624524,0 -95.72141329999999,36.1624253,0 -95.7188924,36.1623241,0 -95.7175536,36.1622954,0 -95.71630780000001,36.1622705,0 -95.7153462,36.1622629,0 -95.7140721,36.1622477,0 -95.70992409999999,36.1622423,0 -95.70827809999999,36.1622542,0 -95.707408,36.1622728,0 -95.70630849999999,36.1623051,0 -95.70518490000002,36.1623495,0 -95.7035793,36.1624458,0 -95.70265259999998,36.1625098,0 -95.70163430000001,36.1625947,0 -95.7001964,36.1627332,0 -95.6985614,36.1629147,0 -95.69743029999998,36.1630446,0 -95.69610929999999,36.1631972999999,0 -95.69533920000001,36.1632906,0 -95.6910209,36.1637842,0 -95.68988659999999,36.163913,0 -95.6888344,36.1640254,0 -95.68744180000002,36.1641501,0 -95.6869081,36.164189,0 -95.6861959,36.1642432,0 -95.6855066,36.1642854,0 -95.68465089999998,36.1643353,0 -95.68378730000002,36.1643731,0 -95.68285659999998,36.1644108,0 -95.68232020000001,36.164424,0 -95.68169140000001,36.164434,0 -95.68135189999998,36.1644403,0 -95.6757803,36.1644517,0 -95.6701932,36.1644522,0 -95.66697450000001,36.1644549,0 -95.66005369999999,36.1644641,0 -95.6554203,36.1644665,0 -95.65477960000001,36.1644667,0 -95.6442268,36.1644624,0 -95.6384754,36.1644598,0 -95.63757689999998,36.164465,0 -95.63694649999999,36.1644683,0 -95.63649190000001,36.1644656,0 -95.6361902,36.1644638,0 -95.6354257,36.1644651,0 -95.63391700000001,36.1644619,0 -95.6332894,36.1644642,0 -95.63244850000001,36.1644653,0 -95.62850209999999,36.1644703,0 -95.62752930000001,36.1644737,0 -95.62602349999999,36.1644716,0 -95.6233885,36.1644623,0 -95.6202644,36.1644703,0 -95.6172385,36.1644633,0 -95.6144173,36.1644601,0 -95.61234400000001,36.1644619,0 -95.61156350000002,36.164476,0 -95.61082589999999,36.1645095,0 -95.61008560000001,36.1645626,0 -95.6092206,36.1646503,0 -95.60841589999998,36.1647542,0 -95.6076381,36.1648712000001,0 -95.60686560000001,36.1650033,0 -95.60610919999999,36.1651548,0 -95.6051356,36.1653822,0 -95.6042343,36.1656269,0 -95.60349669999998,36.1658435000001,0 -95.602852,36.1660487,0 -95.60209399999999,36.1663057,0 -95.6013391,36.1665678,0 -95.6010161,36.1666809,0 -95.5985829,36.1675129,0 -95.5960431,36.1683877,0 -95.59491369999999,36.1687731,0 -95.59420019999999,36.1690135,0 -95.5934706,36.1692365,0 -95.59274379999999,36.1694411,0 -95.59199409999999,36.1696392,0 -95.59147400000001,36.1697778,0 -95.59080719999999,36.1699294,0 -95.5901769,36.1700678,0 -95.5895036,36.1701979,0 -95.5888224,36.1703191,0 -95.58809549999998,36.1704274,0 -95.5874343,36.1705162,0 -95.5867289,36.1706028,0 -95.5860449,36.1706753,0 -95.5852403,36.1707392,0 -95.58439,36.1707912,0 -95.5835637,36.1708231,0 -95.583061,36.1708356,0 -95.58243329999999,36.1708377,0 -95.5817467,36.1708377,0 -95.58124239999998,36.170828,0 -95.5806924,36.1708061,0 -95.579967,36.1707685,0 -95.57935419999998,36.1707414,0 -95.57820479999999,36.1706785,0 -95.57716819999999,36.1706247,0 -95.5756447,36.1705421999999,0 -95.57419490000001,36.1704653,0 -95.5662288,36.170042,0 -95.5657234,36.1700141,0 -95.56512050000001,36.1699835,0 -95.5600905,36.1697204,0 -95.5587013,36.1696438,0 -95.5572501,36.1695689,0 -95.5564749,36.169531,0 -95.55576989999999,36.169494,0 -95.5542554,36.1694184,0 -95.55282590000002,36.1693555,0 -95.5520681,36.169321,0 -95.5511829,36.1692809,0 -95.5506084,36.1692633,0 -95.5490345,36.1692171,0 -95.5477697,36.1691903,0 -95.54722949999999,36.1691788,0 -95.5461162,36.1691564,0 -95.5449789,36.1691488,0 -95.5427097,36.1691367,0 -95.5408685,36.1691434,0 -95.53902990000002,36.1691604,0 -95.5385476,36.169164,0 -95.53728369999999,36.1691921,0 -95.5360326,36.169208,0 -95.53508290000002,36.1692213,0 -95.53420229999999,36.1692212,0 -95.53329259999998,36.1691975,0 -95.53246369999999,36.1691692,0 -95.53168330000001,36.1691315,0 -95.5310556,36.1690934,0 -95.5306195,36.1690588,0 -95.5296196,36.1689756,0 -95.52906280000001,36.1689085,0 -95.5278651,36.168771,0 -95.5269397,36.1686725,0 -95.52618739999998,36.1686129,0 -95.52489799999999,36.1685454,0 -95.5240944,36.1685347,0 -95.5230747,36.1685404,0 -95.52235469999999,36.1685604,0 -95.52154190000002,36.1686053,0 -95.52067139999998,36.1686586,0 -95.51962679999998,36.1687676,0 -95.51898970000001,36.1688489,0 -95.51840869999999,36.1689337,0 -95.517481,36.1690893,0 -95.5168011,36.1692161,0 -95.51557930000001,36.1694714,0 -95.51488860000002,36.1696176,0 -95.51423819999999,36.1697519,0 -95.51355560000002,36.1698937,0 -95.5130379,36.1700019000001,0 -95.51199219999999,36.170222,0 -95.5113174,36.1703604,0 -95.5104965,36.1705302,0 -95.50963349999999,36.1707112,0 -95.50903599999999,36.1708258,0 -95.5084638,36.1709182,0 -95.50777680000002,36.1710164,0 -95.50716969999999,36.1710889000001,0 -95.50662610000001,36.1711344,0 -95.50614600000002,36.1711733,0 -95.505619,36.1712047,0 -95.50488799999999,36.1712372,0 -95.50402170000001,36.1712523,0 -95.50333430000001,36.1712455,0 -95.50256919999998,36.1712199,0 -95.50187190000001,36.1711798,0 -95.50126160000001,36.1711235,0 -95.50062320000001,36.171064,0 -95.5000391,36.1709905,0 -95.49932380000001,36.1708875,0 -95.49862759999999,36.170763,0 -95.49807389999998,36.1706525,0 -95.49734429999999,36.1704978,0 -95.4967474,36.1703462,0 -95.49619059999999,36.1702007,0 -95.49554850000001,36.1700128,0 -95.494837,36.1697913,0 -95.4942276,36.1696165,0 -95.4934698,36.1694173,0 -95.49275779999999,36.1692473,0 -95.4921154,36.1691127,0 -95.49126099999999,36.1689572,0 -95.4905502,36.1688468,0 -95.48994919999998,36.1687618,0 -95.4894532,36.168706,0 -95.4889865,36.1686617,0 -95.48833279999999,36.1686091,0 -95.48783319999998,36.1685804,0 -95.48735310000001,36.1685577,0 -95.48660049999999,36.1685421,0 -95.48575049999999,36.1685436,0 -95.48499,36.1685649,0 -95.48430599999999,36.1686031,0 -95.4835716,36.1686578,0 -95.48293549999998,36.1687212,0 -95.48204339999999,36.1688183,0 -95.48080720000002,36.1689442,0 -95.47969130000001,36.1690612,0 -95.47888399999999,36.1691423,0 -95.4780672,36.1692202,0 -95.47747850000002,36.1692743,0 -95.47674619999999,36.1693329,0 -95.47624469999998,36.1693773,0 -95.47582379999999,36.1694093999999,0 -95.4744543,36.1694888,0 -95.47366169999999,36.1695288,0 -95.4729845,36.1695667,0 -95.47229799999999,36.1695989,0 -95.47119539999998,36.169636,0 -95.47012119999999,36.1696641,0 -95.4690282,36.1696869,0 -95.46842599999998,36.1696879,0 -95.46782270000001,36.1696869,0 -95.4660416,36.1696858,0 -95.46512419999999,36.1696771,0 -95.4642362,36.1696493,0 -95.46325210000002,36.1696219,0 -95.462379,36.1695883,0 -95.46140939999998,36.1695429,0 -95.46049410000002,36.1694942,0 -95.4592341,36.1694151,0 -95.45835030000001,36.1693523,0 -95.45792129999998,36.169325,0 -95.4561922,36.1692114,0 -95.4553731,36.1691651,0 -95.4545334,36.1691302,0 -95.45357799999999,36.1690974,0 -95.45269560000001,36.1690824,0 -95.4518755,36.1690849,0 -95.45101419999999,36.1690826,0 -95.44975919999999,36.1691076,0 -95.448746,36.1691466,0 -95.4475745,36.1692018999999,0 -95.44663420000001,36.1692675,0 -95.44568630000001,36.1693491,0 -95.4447625,36.1694341,0 -95.44376579999999,36.1695353,0 -95.4427855,36.1696327,0 -95.44180379999999,36.1697302,0 -95.440842,36.1698316,0 -95.4404523,36.1698753000001,0 -95.44000459999999,36.1699186,0 -95.4387394,36.1700496000001,0 -95.43756719999999,36.1701524,0 -95.4367183,36.1702195,0 -95.4358917,36.1702811,0 -95.43507140000001,36.170331,0 -95.43426279999998,36.1703798,0 -95.43343969999999,36.1704164,0 -95.43265340000001,36.1704523,0 -95.43184070000001,36.1704859,0 -95.43097679999998,36.1705104,0 -95.4300343,36.1705259,0 -95.42904,36.1705398,0 -95.4279301,36.1705486999999,0 -95.4268218,36.1705496,0 -95.42572529999998,36.1705389,0 -95.4246105,36.1705123,0 -95.42354459999999,36.1704815,0 -95.42291160000002,36.1704582,0 -95.42247829999999,36.1704422,0 -95.4214659,36.1703917,0 -95.42040019999999,36.1703331,0 -95.4192317,36.1702499,0 -95.41812320000001,36.1701672,0 -95.41722799999999,36.1700983,0 -95.41643139999999,36.1700193,0 -95.41575219999999,36.1699489,0 -95.4149415,36.1698612,0 -95.4142508,36.1697854,0 -95.41360830000001,36.1697158,0 -95.41229680000001,36.1695743,0 -95.41138789999999,36.1694746,0 -95.41004909999999,36.1693426,0 -95.4089345,36.1692487,0 -95.40773299999999,36.169164,0 -95.4067757,36.1691072,0 -95.4059333,36.1690687,0 -95.40496659999999,36.1690321,0 -95.4045517,36.1690164,0 -95.40426069999999,36.1690067,0 -95.40346289999999,36.1689951,0 -95.40232060000001,36.1689805,0 -95.40101680000001,36.1689842,0 -95.40023410000001,36.1689961,0 -95.3991205,36.1690286,0 -95.39819830000002,36.1690591,0 -95.39038320000002,36.1694714,0 -95.38885160000001,36.1695537,0 -95.3870254,36.1696523000001,0 -95.3866203,36.1696742,0 -95.3844941,36.1697851,0 -95.380482,36.169992,0 -95.37974149999999,36.1700268,0 -95.3788617,36.1700485,0 -95.3778935,36.1700658,0 -95.3772309,36.1700723,0 -95.37655530000001,36.1700716,0 -95.37562159999999,36.170055,0 -95.3747449,36.170031,0 -95.37376279999999,36.1699965,0 -95.3727492,36.1699412,0 -95.37176460000001,36.1698774,0 -95.37073449999998,36.1697855,0 -95.36973949999999,36.1696934,0 -95.36913509999999,36.1696275,0 -95.36870140000002,36.1695802,0 -95.3680243,36.1694953,0 -95.36738860000001,36.1694119,0 -95.36652239999999,36.1692855,0 -95.3656304,36.1691466,0 -95.3613603,36.1684483,0 -95.3570071,36.1677338,0 -95.35156480000001,36.1668502,0 -95.35131920000002,36.1668059,0 -95.35079720000002,36.1667355,0 -95.35000789999999,36.166636,0 -95.34927029999999,36.1665612,0 -95.34864930000001,36.1664898,0 -95.3479318,36.1664335,0 -95.3471527,36.1663729,0 -95.34662939999998,36.1663351,0 -95.3459402,36.1663141,0 -95.34562219999998,36.1663052,0 -95.3450699,36.1662916,0 -95.3442357,36.1662787,0 -95.34312130000002,36.1662873,0 -95.34275729999999,36.1662952,0 -95.34227350000002,36.1663082,0 -95.3415268,36.1663517,0 -95.34072190000001,36.1663962,0 -95.3397094,36.1664879,0 -95.3387232,36.1665894,0 -95.33755039999998,36.1667384,0 -95.3368054,36.1668498,0 -95.33555340000001,36.1670614,0 -95.33423670000002,36.1673212000001,0 -95.33285549999999,36.1676283,0 -95.3314711,36.1680077,0 -95.32935689999999,36.1686489,0 -95.32850590000001,36.1689409,0 -95.3276936,36.1692373,0 -95.32690200000002,36.1695418,0 -95.3261615,36.1698462,0 -95.32519379999999,36.1702686,0 -95.3237948,36.170929,0 -95.32253800000001,36.1714979,0 -95.32184600000001,36.1717958,0 -95.3211151,36.1720809,0 -95.32055320000001,36.1722808,0 -95.31999140000001,36.17247,0 -95.31947359999999,36.1726273,0 -95.31898289999999,36.1727687,0 -95.31843689999998,36.1729196,0 -95.31788969999999,36.1730561,0 -95.31719909999998,36.1732162,0 -95.31626760000002,36.1733994,0 -95.31589419999999,36.1734619,0 -95.31551839999999,36.1735215,0 -95.3148831,36.1736164,0 -95.31433989999999,36.173683,0 -95.31385299999999,36.1737391,0 -95.31338359999999,36.1737813,0 -95.3118803,36.1738906,0 -95.3114092,36.1739285,0 -95.3095366,36.1741312,0 -95.30868580000001,36.1742501,0 -95.30786000000001,36.1743717,0 -95.3071542,36.1744807,0 -95.3064534,36.1746035,0 -95.30512779999998,36.1748574,0 -95.3037803,36.1751494,0 -95.30243890000001,36.1754734,0 -95.30110310000001,36.1758277,0 -95.30002449999999,36.1760945,0 -95.2996641,36.1761803,0 -95.29885030000001,36.1763397,0 -95.29833290000001,36.1764331,0 -95.297561,36.1765547,0 -95.2969337,36.1766349,0 -95.2962864,36.1767049,0 -95.29569040000001,36.1767573,0 -95.29511720000001,36.1767919,0 -95.2944607,36.1768211,0 -95.29374739999999,36.1768393999999,0 -95.2928945,36.1768407,0 -95.29071500000001,36.1768103,0 -95.2898661,36.1767984,0 -95.2884786,36.1767789,0 -95.28077469999999,36.1766744,0 -95.27927369999999,36.1766541,0 -95.2774386,36.1766511,0 -95.27295220000002,36.1766516,0 -95.2702912,36.1766609,0 -95.26964889999999,36.1766587999999,0 -95.2690588,36.1766447,0 -95.2685304,36.1766165,0 -95.26821659999999,36.1765971,0 -95.26802790000001,36.1765808999999,0 -95.2647752,36.1761822,0 -95.2629302,36.1758266,0 -95.26199149999999,36.175657,0 -95.26021830000001,36.175343,0 -95.25978670000001,36.175263,0 -95.2594143,36.1751804,0 -95.2590872,36.1750864,0 -95.2587467,36.1749596,0 -95.2584085,36.1748061,0 -95.25809240000001,36.174646,0 -95.2578446,36.1744961,0 -95.2575125,36.1742532,0 -95.25719710000001,36.1739753,0 -95.256934,36.1737088,0 -95.2557225,36.1722486,0 -95.2551393,36.171562,0 -95.25488060000001,36.1712989,0 -95.25465800000002,36.1710997,0 -95.2543902,36.1708887,0 -95.25428909999999,36.1708213,0 -95.25408890000001,36.170688,0 -95.2538601,36.1705487,0 -95.25355159999999,36.1703863,0 -95.25317619999998,36.1702064,0 -95.25296879999999,36.1701243,0 -95.2527202,36.1700424,0 -95.2524044,36.1699566,0 -95.25204129999999,36.169877,0 -95.2517915,36.169835,0 -95.25150549999999,36.1697947,0 -95.25122880000001,36.1697782,0 -95.25092780000001,36.1697653,0 -95.2505642,36.1697753,0 -95.250293,36.169792,0 -95.2500103,36.1698258,0 -95.24971859999999,36.1698701,0 -95.24954870000001,36.1698958,0 -95.2476274,36.170178,0 -95.24275359999999,36.1709025,0 -95.24216690000002,36.1710065,0 -95.24150990000001,36.1711502,0 -95.24101640000001,36.1712931,0 -95.2404444,36.1714842,0 -95.2399363,36.1716919,0 -95.2394453,36.1719099,0 -95.2391057,36.1720799,0 -95.23872809999999,36.1722881,0 -95.238404,36.1724841,0 -95.2380355,36.1727412,0 -95.2375423,36.173118,0 -95.23732549999998,36.1732966,0 -95.23709049999999,36.1735096,0 -95.23205129999999,36.1784049,0 -95.2317881,36.1786463,0 -95.2315021,36.1788883,0 -95.2311885,36.1791113,0 -95.2308513,36.1793261,0 -95.23058059999998,36.1794803,0 -95.23028549999999,36.179629,0 -95.2299794,36.1797602,0 -95.2296477,36.1798858,0 -95.22932800000001,36.1799967,0 -95.2289911,36.1800914,0 -95.2286481,36.1801711,0 -95.2283243,36.1802323,0 -95.2260342,36.1805701,0 -95.22543640000002,36.1806604,0 -95.2250811,36.1807138,0 -95.2235132,36.1809421,0 -95.2186995,36.1816556,0 -95.2082655,36.1831994,0 -95.2079028,36.1832532,0 -95.20525199999999,36.1836358,0 -95.20379850000002,36.1837985,0 -95.2030421,36.1838671,0 -95.20226839999999,36.1839253,0 -95.2010712,36.183992,0 -95.2000901,36.1840233,0 -95.19945730000002,36.1840409,0 -95.19155929999999,36.1839458,0 -95.19043360000001,36.1839624,0 -95.1893441,36.1840196,0 -95.1886835,36.1840759,0 -95.18768669999999,36.1841895,0 -95.1865317,36.1843622,0 -95.18590980000002,36.1844688,0 -95.18554779999999,36.18453,0 -95.1832709,36.1848954,0 -95.18245790000002,36.1850268,0 -95.1814457,36.1851707,0 -95.18049430000002,36.185289,0 -95.17913030000001,36.1854216,0 -95.17813940000001,36.1854902,0 -95.17723369999999,36.1855392,0 -95.1764165,36.1855682,0 -95.1755282,36.1855746,0 -95.1724517,36.1855695,0 -95.1723166,36.1855689,0 -95.17208840000001,36.1855674,0 -95.1707317,36.1855741,0 -95.1702073,36.1856119,0 -95.16971240000001,36.1856693000001,0 -95.1692141,36.1857408,0 -95.1687031,36.1858409,0 -95.1659944,36.1864583,0 -95.1655861,36.186551,0 -95.16494370000001,36.1866998,0 -95.15986169999999,36.1878464,0 -95.15900430000001,36.1880102,0 -95.1581248,36.188135,0 -95.1576616,36.1881824,0 -95.1571436,36.1882213,0 -95.1564216,36.1882557,0 -95.1556556,36.188264,0 -95.155185,36.1882522,0 -95.1545915,36.1882162,0 -95.1538298,36.1881545,0 -95.15310960000001,36.1880592,0 -95.1521534,36.1878926,0 -95.1481544,36.1871693,0 -95.14656500000001,36.1868855,0 -95.14579000000001,36.1867538,0 -95.14520960000002,36.1866735,0 -95.14461210000002,36.1866296,0 -95.1439826,36.1866092,0 -95.137277,36.1866212,0 -95.13630809999998,36.1866229,0 -95.1358019,36.1866407,0 -95.1353218,36.1866802,0 -95.13488820000001,36.1867258,0 -95.1344228,36.1867897,0 -95.1337671,36.1869144,0 -95.1330416,36.1871118,0 -95.132428,36.1873058999999,0 -95.13179409999999,36.1875526,0 -95.13111379999998,36.1878848,0 -95.1304256,36.1882729,0 -95.1299191,36.1886196,0 -95.12955090000001,36.1888852,0 -95.12921500000002,36.189173,0 -95.1285161,36.1898386,0 -95.12805920000001,36.1903365,0 -95.127921,36.1905076,0 -95.12772649999999,36.1907846,0 -95.1274234,36.1912349,0 -95.1270385,36.1918965,0 -95.12542809999999,36.194988,0 -95.1250982,36.1955602,0 -95.12473749999998,36.1960888,0 -95.12437300000001,36.196491,0 -95.12396639999999,36.1969018,0 -95.12351039999999,36.1972665,0 -95.1230125,36.1976123,0 -95.12013889999999,36.1995391,0 -95.1186802,36.2005166,0 -95.11837500000001,36.2007215,0 -95.1085757,36.2072758,0 -95.1076278,36.2078981,0 -95.1069188,36.208323,0 -95.10627700000002,36.2086825,0 -95.105959,36.208849,0 -95.1049513,36.2093540000001,0 -95.10389240000002,36.209835,0 -95.102857,36.210266,0 -95.10179460000001,36.2106378,0 -95.10084600000002,36.2109379,0 -95.10050939999999,36.2110383,0 -95.09932019999998,36.2113577,0 -95.0981338,36.2116179,0 -95.0969527,36.211841,0 -95.0955251,36.2120343,0 -95.0941041,36.2121665,0 -95.09323759999998,36.2122099,0 -95.092348,36.2122324,0 -95.0913492,36.2122281,0 -95.0903588,36.2121977,0 -95.089326,36.2121387,0 -95.0885347,36.2120836,0 -95.085768,36.2119023,0 -95.08451289999998,36.2118163,0 -95.08265569999999,36.2116931,0 -95.08092630000002,36.211607,0 -95.07970400000002,36.2115832,0 -95.07824069999998,36.2115974,0 -95.0738978,36.2117728,0 -95.0725814,36.2118345,0 -95.0712357,36.2118582,0 -95.07003090000001,36.2118677,0 -95.06514390000001,36.2118818,0 -95.06476699999999,36.2118823,0 -95.0535509,36.211889,0 -95.04713080000001,36.211898,0 -95.04676739999999,36.2118983,0 -95.03615060000001,36.2118982,0 -95.0346424,36.2119375,0 -95.03338979999999,36.2120004,0 -95.02951779999999,36.2122775,0 -95.0291634,36.2123019,0 -95.0253271,36.2125751,0 -95.0242045,36.2126444,0 -95.0228279,36.2127084,0 -95.0215737,36.2127481000001,0 -95.0177825,36.2126971,0 -95.0169945,36.2126863,0 -95.015756,36.2126978,0 -95.0143681,36.2127447,0 -95.01266439999999,36.212852,0 -95.01150370000001,36.2129663,0 -95.01116969999998,36.2130075,0 -95.00977640000001,36.2131873,0 -95.00918590000002,36.2132804,0 -95.0088622,36.2133314,0 -95.0077639,36.2135241,0 -95.00117149999998,36.2148657,0 -95.00018749999998,36.2150586,0 -94.9995365,36.2151789,0 -94.9985157,36.2153454,0 -94.9969557,36.2155483,0 -94.99509080000001,36.2157168,0 -94.99414140000002,36.2157748,0 -94.9938575,36.215789,0 -94.99333569999999,36.2158043,0 -94.99150340000001,36.2158353000001,0 -94.9863543,36.2157914,0 -94.98472989999999,36.2157569,0 -94.9825798,36.2156726,0 -94.98236719999998,36.2156661,0 -94.9812541,36.2156015,0 -94.9785512,36.2154669,0 -94.9771815,36.2153801,0 -94.9757774,36.2152818,0 -94.9747464,36.2152173,0 -94.97447750000001,36.2152005,0 -94.97276100000002,36.2150633999999,0 -94.97250409999999,36.2150429,0 -94.96942009999998,36.2148369999999,0 -94.9678961,36.2147468,0 -94.9666928,36.2147013,0 -94.96547669999998,36.2147094,0 -94.9641769,36.2147693,0 -94.96068150000001,36.2150381,0 -94.9597167,36.2151002,0 -94.9590815,36.2150993,0 -94.95827590000002,36.2150629,0 -94.9578944,36.2150298,0 -94.95750339999998,36.2149827,0 -94.9569504,36.2149028,0 -94.95626809999999,36.2147785000001,0 -94.9560156,36.2147134,0 -94.95304489999999,36.2140037,0 -94.9522376,36.2138331,0 -94.9514173,36.2136977,0 -94.95065839999999,36.2135983,0 -94.9498262,36.2135126,0 -94.94901719999999,36.2134589,0 -94.9483256,36.2134332,0 -94.94690550000001,36.2134627,0 -94.94549259999999,36.2134811,0 -94.9440462,36.2135084,0 -94.9433611,36.2135047,0 -94.9426608,36.2134785,0 -94.94154380000001,36.2133969,0 -94.9405522,36.2133051,0 -94.94018969999999,36.2132674999999,0 -94.9334176,36.2125513,0 -94.9331902,36.2125276,0 -94.9313489,36.212347,0 -94.9302132,36.2122572,0 -94.9289885,36.2121948,0 -94.92810179999999,36.212176,0 -94.92659939999999,36.2121554,0 -94.92262740000001,36.2121739,0 -94.92227730000002,36.2121753,0 -94.9200081,36.2121754,0 -94.9194842,36.2121927,0 -94.91904820000001,36.2122071,0 -94.91811140000002,36.2122748,0 -94.91718400000002,36.2123889,0 -94.9162977,36.2125216,0 -94.9094745,36.2138981,0 -94.9087138,36.2140496,0 -94.9083674,36.2141068,0 -94.9080214,36.2141566,0 -94.90771290000001,36.2141966,0 -94.9073602,36.214228,0 -94.9069995,36.2142507,0 -94.90666549999999,36.2142658,0 -94.90608879999999,36.2142761,0 -94.9056825,36.2142702,0 -94.9053258,36.2142572,0 -94.90500520000001,36.2142301,0 -94.9047157,36.2142018,0 -94.90436750000001,36.2141578,0 -94.90399539999999,36.2141111,0 -94.90348310000002,36.2140175,0 -94.8948151,36.2123217,0 -94.8937038,36.2121202,0 -94.892993,36.212012,0 -94.89228449999999,36.2119227,0 -94.89169219999998,36.2118666,0 -94.8910611,36.211823,0 -94.8904512,36.2118035,0 -94.88979879999999,36.2118008,0 -94.88706929999999,36.2118157,0 -94.88668710000002,36.2118174,0 -94.8849191,36.2118252,0 -94.8731102,36.2118838,0 -94.86946600000002,36.211908,0 -94.8690905,36.2119099,0 -94.8606103,36.2119469,0 -94.8588443,36.2119238,0 -94.85810330000001,36.2119034,0 -94.85708070000001,36.2118627,0 -94.85401289999999,36.2117252,0 -94.85280260000002,36.2116857,0 -94.85202659999999,36.2116811,0 -94.8512552,36.211698,0 -94.8510311,36.2117086,0 -94.85066339999999,36.2117259,0 -94.8497376,36.2117804,0 -94.84734889999999,36.2119286,0 -94.8450984,36.2120427,0 -94.84356589999999,36.212118,0 -94.83337419999999,36.2124219,0 -94.83301550000002,36.2124355,0 -94.83200060000001,36.2125093,0 -94.8313818,36.2125697,0 -94.83073010000001,36.2126424,0 -94.8300816,36.2127264,0 -94.8293669,36.2128308,0 -94.82847580000001,36.2130015,0 -94.82751140000002,36.2131984,0 -94.82666409999999,36.2134124,0 -94.82574849999999,36.2136637,0 -94.82492330000001,36.2139206,0 -94.82409870000001,36.2141971,0 -94.81908540000001,36.2161707,0 -94.8178738,36.2165944,0 -94.81685619999999,36.2168833000001,0 -94.8162742,36.2170276,0 -94.81552620000001,36.2171993,0 -94.8151666,36.2172694,0 -94.81460240000001,36.2173631,0 -94.8140573,36.2174397,0 -94.813486,36.2175089999999,0 -94.8129088,36.2175683,0 -94.81228959999999,36.2176112,0 -94.8116157,36.2176371,0 -94.8109058,36.2176499,0 -94.8101686,36.2176409,0 -94.80945370000001,36.2176067,0 -94.80876890000002,36.2175549,0 -94.80809520000001,36.2174852,0 -94.8074,36.2173944,0 -94.80673040000001,36.2172892,0 -94.80611879999999,36.2171632,0 -94.8056608,36.2170697,0 -94.80500850000001,36.2169124,0 -94.80433240000001,36.2167294,0 -94.80345389999999,36.2164525,0 -94.80262560000001,36.2161578,0 -94.8017253,36.2157884,0 -94.80094119999998,36.2154296,0 -94.79885630000001,36.214445,0 -94.79830630000001,36.2141835,0 -94.7980455,36.2140595,0 -94.79758769999999,36.2138537,0 -94.79725449999998,36.2137175,0 -94.7964911,36.2134089,0 -94.79568209999999,36.2131197,0 -94.79494719999998,36.2128879,0 -94.79436470000002,36.2127226,0 -94.79376980000001,36.212571,0 -94.79312609999998,36.2124321,0 -94.7924515,36.2123062,0 -94.79187090000001,36.2122009,0 -94.79126540000001,36.2121263,0 -94.79059909999999,36.212048,0 -94.7898971,36.2119852,0 -94.78904539999999,36.2119487,0 -94.7881859,36.211935,0 -94.785605,36.2119477,0 -94.7844941,36.2119591,0 -94.7797676,36.2119818,0 -94.779736,36.2119821,0 -94.7795373,36.2119838,0 -94.77636940000001,36.2119934,0 -94.7758578,36.2119829,0 -94.7752028,36.2119426,0 -94.77451040000001,36.2118586,0 -94.7740292,36.211781,0 -94.77350210000002,36.2116706,0 -94.77295739999998,36.2115272,0 -94.7724504,36.2113626,0 -94.7722145,36.2112816,0 -94.77182419999998,36.2111226,0 -94.7713656,36.2109169,0 -94.77089679999999,36.2106814,0 -94.76677150000002,36.2085752,0 -94.7658359,36.2080707,0 -94.7649392,36.2075471,0 -94.76399309999998,36.2069744,0 -94.7634975,36.2066676,0 -94.76300750000001,36.2063336,0 -94.76123929999999,36.2051140000001,0 -94.76097840000001,36.2049307,0 -94.75940820000001,36.2038312,0 -94.7588396,36.2034427,0 -94.75846950000002,36.2032295,0 -94.75810330000002,36.2030487999999,0 -94.7577587,36.2028951,0 -94.75748230000001,36.2027885,0 -94.7569608,36.2026232,0 -94.7563129,36.2024701,0 -94.75575949999998,36.2023924,0 -94.755436,36.2023593,0 -94.75507699999999,36.2023342,0 -94.75449390000001,36.2023458,0 -94.7509919,36.2024976,0 -94.75043239999999,36.2025089,0 -94.75005750000001,36.2024954,0 -94.74967689999998,36.2024701,0 -94.7490995,36.2024118,0 -94.74854390000002,36.2023306,0 -94.745531,36.2017945,0 -94.74531789999999,36.2017599,0 -94.74447979999999,36.2016236,0 -94.7432587,36.2014518,0 -94.7421507,36.2013517,0 -94.73898010000001,36.2010685,0 -94.73838619999998,36.2010021,0 -94.7377702,36.200905,0 -94.7371254,36.2007652,0 -94.7364827,36.2005856,0 -94.7358261,36.2003613,0 -94.7351166,36.200096,0 -94.73449309999999,36.199806,0 -94.7341184,36.1996067,0 -94.73374219999999,36.1993978,0 -94.73334049999998,36.1991415,0 -94.72681609999998,36.1947806,0 -94.7262321,36.1943856,0 -94.7243647,36.1931422,0 -94.7232011,36.1923746,0 -94.7227666,36.1920813,0 -94.7222481,36.1917822,0 -94.7217923,36.1915515,0 -94.7213076,36.1913449,0 -94.7207549,36.1911516,0 -94.7200959,36.1909695,0 -94.71985239999998,36.1909221,0 -94.71945000000001,36.1908442,0 -94.7189403,36.1907697,0 -94.71869439999999,36.1907466,0 -94.71840119999999,36.1907279,0 -94.7180144,36.1907165,0 -94.71698499999998,36.1907399,0 -94.71638160000001,36.190746,0 -94.7161594,36.1907474,0 -94.71542169999999,36.190756,0 -94.71455770000001,36.1907582,0 -94.7142558,36.1907352,0 -94.71390030000001,36.1906881,0 -94.71359099999999,36.1906287999999,0 -94.71317359999999,36.190525,0 -94.71283270000001,36.1904126,0 -94.71245180000001,36.1902589,0 -94.7120348,36.1900467,0 -94.71177419999999,36.1898842,0 -94.7109095,36.1892922,0 -94.7087492,36.1876082,0 -94.7081037,36.1871047,0 -94.70760759999999,36.186727,0 -94.706721,36.1860345,0 -94.7062267,36.1856401,0 -94.70585439999999,36.1853431,0 -94.70498410000002,36.1846372,0 -94.7039972,36.1837852,0 -94.70377590000001,36.1835886,0 -94.70345500000001,36.1833034,0 -94.70288739999999,36.1827846,0 -94.70232879999999,36.1822647,0 -94.70196740000002,36.1819089,0 -94.7015919,36.1815398,0 -94.70121770000002,36.1811609,0 -94.70085080000001,36.1807789,0 -94.7005324,36.180453,0 -94.70002679999999,36.179981,0 -94.6996111,36.1796379,0 -94.69913769999999,36.1793011999999,0 -94.69864280000002,36.1789975,0 -94.69812779999998,36.1787123,0 -94.69765710000001,36.1784882,0 -94.6971597,36.178283,0 -94.6966539,36.1781029,0 -94.69606640000001,36.1779365,0 -94.6954872,36.1777932,0 -94.6948986,36.1776864,0 -94.69440620000002,36.1776146,0 -94.6938778,36.1775583,0 -94.69340870000001,36.177536,0 -94.6928626,36.177528,0 -94.69236509999999,36.1775399,0 -94.6919456,36.1775685,0 -94.6915698,36.1776071,0 -94.69088619999999,36.1777008,0 -94.69019799999998,36.1778292,0 -94.68944620000001,36.1779673,0 -94.6888584,36.1780724,0 -94.6872675,36.1783637,0 -94.68642800000001,36.1785099,0 -94.68573619999999,36.1786191999999,0 -94.68497960000001,36.1787253,0 -94.68433719999999,36.1788108,0 -94.68391749999999,36.1788584,0 -94.6833305,36.1789131,0 -94.68271849999999,36.1789656,0 -94.6819957,36.1790132,0 -94.6815981,36.179039,0 -94.68089190000001,36.1790652,0 -94.68049499999999,36.1790793,0 -94.6796002,36.1790968,0 -94.67389110000001,36.1791391,0 -94.6728768,36.1791478,0 -94.66645629999999,36.1792048,0 -94.66550169999999,36.1792113,0 -94.66343620000001,36.1792291,0 -94.6623812,36.1792383,0 -94.65612590000001,36.1792888,0 -94.65510949999998,36.179297,0 -94.65384830000001,36.1793002,0 -94.64712029999998,36.1793128,0 -94.64618160000001,36.1793146,0 -94.64271069999998,36.1793246,0 -94.6418551,36.1793271,0 -94.6382354,36.1793375,0 -94.63726339999999,36.1793403,0 -94.6292862,36.1793498,0 -94.62829910000001,36.1793509,0 -94.62732819999999,36.179352,0 -94.6264954,36.1793529,0 -94.62648059999999,36.1793528999999,0 -94.62546360000002,36.179354,0 -94.6203008,36.1793644,0 -94.61935289999998,36.1793663,0 -94.6144912,36.1793767,0 -94.6135975,36.1793786,0 -94.61241510000001,36.1793811,0 -94.612222,36.1793815,0 -94.6115262,36.179383,0 -94.61072799999999,36.179383,0 -94.60979450000001,36.1793862,0 -94.60866540000001,36.1793884,0 -94.60655990000001,36.1793925,0 -94.6055133,36.1793945,0 -94.6024293,36.1794022999999,0 -94.6014454,36.1794047,0 -94.59608450000002,36.1794136,0 -94.59477680000001,36.1794158,0 -94.5940205,36.1794214,0 -94.59342700000001,36.1794057,0 -94.59294629999999,36.1793835,0 -94.59251359999999,36.1793546,0 -94.59193380000001,36.1793174,0 -94.5915328,36.1792806,0 -94.5911811,36.1792443,0 -94.59048569999999,36.1791571,0 -94.58975580000001,36.1790535,0 -94.58916670000001,36.1789487,0 -94.58866949999999,36.1788595,0 -94.5881693,36.1787524,0 -94.58743039999999,36.1785792,0 -94.5868617,36.1784363,0 -94.586518,36.178339,0 -94.5859183,36.1781665,0 -94.58519339999999,36.1779351,0 -94.5840843,36.1775551,0 -94.5837887,36.1774496,0 -94.5835506,36.1773702,0 -94.58286330000001,36.1771616,0 -94.5822483,36.1769933,0 -94.581649,36.1768496,0 -94.58094610000001,36.1767053,0 -94.58029000000001,36.1765873,0 -94.5801472,36.1765669,0 -94.5798745,36.1765279,0 -94.57966289999999,36.1764977,0 -94.5792745,36.1764772,0 -94.57886259999998,36.1764556,0 -94.5785691,36.1764401,0 -94.57833999999998,36.176424,0 -94.5780819,36.1764059,0 -94.5779884,36.1763993,0 -94.57754370000001,36.1763762,0 -94.5773665,36.1763721,0 -94.5771376,36.1763669,0 -94.5766009,36.1763688,0 -94.57622859999999,36.1763702,0 -94.575976,36.1763711,0 -94.57574799999999,36.1763719,0 -94.57546150000002,36.1763722,0 -94.57505840000002,36.1763716,0 -94.5746536,36.176373,0 -94.5742661,36.176374,0 -94.57317179999998,36.1763769,0 -94.5724532,36.1763788,0 -94.57204520000001,36.1763807,0 -94.57085439999999,36.1763862,0 -94.57059760000001,36.1763874,0 -94.5704957,36.1763882,0 -94.5701901,36.1763901,0 -94.5694891,36.1763946,0 -94.56878179999998,36.1763962,0 -94.56785019999998,36.1763914,0 -94.56737109999999,36.176382,0 -94.5666003,36.1763777,0 -94.56640830000001,36.1763766,0 -94.566312,36.176378,0 -94.56568040000001,36.1763886,0 -94.56520570000001,36.1763917,0 
				
					-94.56520570000001,36.1763917,0 -94.5650748,36.1763439,0 -94.56291779999999,36.1763556,0 -94.5623071,36.176359,0 -94.56173649999999,36.1763621,0 -94.560862,36.1763668,0 -94.5605474,36.1763685,0 -94.5602847,36.17637,0 -94.55995040000001,36.1763718,0 -94.5593047,36.1763724,0 -94.5592698,36.1763725,0 -94.5591673,36.1763726,0 -94.55899829999998,36.1763705,0 -94.5583649,36.1763627,0 -94.55822240000001,36.1763569,0 -94.557903,36.176344,0 -94.5575101,36.1763127,0 -94.5571887,36.1762735,0 -94.5566103,36.1761994,0 -94.556286,36.1761472,0 -94.55611709999999,36.1761156,0 -94.55590429999998,36.1760759,0 -94.55586230000002,36.1760671,0 -94.555573,36.1760066,0 -94.5552192,36.1759227,0 -94.5545262,36.1757365,0 -94.55293480000002,36.1752845000001,0 -94.55112980000001,36.1747718,0 -94.55046329999999,36.1745842,0 -94.55030739999998,36.1745399,0 -94.5467549,36.1735313,0 -94.5461122,36.1733435,0 -94.5460767,36.1733331,0 -94.5459398,36.1732937,0 -94.5458186,36.1732594,0 -94.54508470000002,36.1730553,0 -94.5444399,36.1728719,0 -94.5438966,36.1727172,0 -94.54387130000002,36.17271,0 -94.54348779999999,36.1726163,0 -94.54329060000001,36.1725713,0 -94.5430102,36.1725150000001,0 -94.54295979999999,36.1725049,0 -94.542619,36.1724443,0 -94.542311,36.1723978,0 -94.5419291,36.1723551,0 -94.5416974,36.1723357,0 -94.54166499999999,36.1723329,0 -94.54152459999999,36.1723211,0 -94.5414165,36.1723168,0 -94.54102759999999,36.1723015,0 -94.5389831,36.1722838,0 -94.53866669999999,36.1722814,0 -94.5378341,36.172277,0 -94.5371497,36.1722735,0 -94.5370405,36.1723369,0 -94.5365384,36.1723374,0 -94.535594,36.1723198,0 -94.5342508,36.1723081,0 -94.53327789999999,36.1722996,0 -94.53219950000002,36.1723072,0 -94.53101979999998,36.1723103,0 -94.52987280000001,36.1722996,0 -94.5292817,36.1722941,0 -94.5285736,36.172291,0 -94.5276064,36.1722835,0 -94.52679690000001,36.1722752,0 -94.5265345,36.172271,0 -94.5262814,36.1722733,0 -94.52608639999998,36.1722825,0 -94.5258616,36.1723003,0 -94.525694,36.172319,0 -94.52547540000002,36.1723501,0 -94.5252943,36.1723826,0 -94.5251456,36.1724159,0 -94.52491480000002,36.1724735,0 -94.5246796,36.1725456,0 -94.52453409999998,36.172595,0 -94.5244615,36.1726197,0 -94.52424939999999,36.1727073,0 -94.5240498,36.1727918,0 -94.5238794,36.1728738,0 -94.5236783,36.1729791,0 -94.5234947,36.1730859,0 -94.5232826,36.1732238,0 -94.52309289999999,36.173368,0 -94.5228857,36.1735322999999,0 -94.5227943,36.1736094,0 -94.52250479999999,36.1738993000001,0 -94.52239779999999,36.1740122,0 -94.5222957,36.1741535,0 -94.5221396,36.1743954,0 -94.522048,36.1745444,0 -94.5219556,36.1747124,0 -94.52182789999999,36.1749797,0 -94.52171199999999,36.1753131,0 -94.52168090000001,36.1754085999999,0 -94.5215741,36.175736,0 -94.52128039999999,36.1766533,0 -94.52121630000001,36.1768602,0 -94.5210816,36.1772955,0 -94.5209868,36.1776018,0 -94.52087109999999,36.177968,0 -94.52071310000001,36.1784558,0 -94.5206326,36.1786842,0 -94.52054140000001,36.1788736,0 -94.5204502,36.179036,0 -94.5202949,36.179259,0 -94.52016759999999,36.1794114,0 -94.5200439,36.1795469,0 -94.519881,36.1797108,0 -94.51971850000001,36.1798578,0 -94.5196242,36.1799379,0 -94.51946929999998,36.1800594,0 -94.51930369999999,36.1801709,0 -94.5192224,36.1802187,0 -94.51910700000001,36.1802865,0 -94.51902370000001,36.180337,0 -94.51889970000001,36.1804067,0 -94.5187779,36.1804735,0 -94.5185118,36.1806062,0 -94.51829159999998,36.1806973,0 -94.5180058,36.1807985,0 -94.5177199,36.1808848,0 -94.5176688,36.1808973,0 -94.517436,36.1809545,0 -94.51718110000002,36.180998,0 -94.51714080000002,36.1810035,0 -94.51693789999999,36.1810312,0 -94.5167773,36.1810482,0 -94.5165245,36.1810647,0 -94.51616869999999,36.1810768,0 -94.5158022,36.1810819,0 -94.5155465,36.1810902,0 -94.5153634,36.1810878,0 -94.5149732,36.1810808,0 -94.51471050000001,36.1810754,0 -94.51447140000001,36.1810704,0 -94.51430259999999,36.1810674,0 -94.5137599,36.1810577,0 -94.51327929999999,36.1810452,0 -94.5131439,36.1810418,0 -94.5126357,36.1810307,0 -94.51235540000002,36.1810221,0 -94.5115965,36.1810061,0 -94.5112105,36.1809979,0 -94.5106445,36.1809831,0 -94.5105516,36.1809816,0 -94.50989750000001,36.1809714,0 -94.50985589999999,36.1809695,0 -94.50910680000001,36.1809549,0 -94.5087707,36.1809483,0 -94.5084184,36.1809399,0 -94.5079945,36.1809299,0 -94.5077675,36.1809255,0 -94.5067445,36.1809057,0 -94.5058068,36.1808885,0 -94.50575949999998,36.1808876,0 -94.50339409999999,36.1808428,0 -94.50227690000001,36.1808199,0 -94.5011737,36.1807966,0 -94.50062999999999,36.1807908,0 -94.4994664,36.1807777,0 -94.49883819999999,36.1807676,0 -94.498603,36.1807637999999,0 -94.4985609,36.1807631,0 -94.4981056,36.1807558,0 -94.497854,36.1807517,0 -94.49727729999999,36.1807494,0 -94.4967731,36.1807485,0 -94.4966254,36.1807457,0 -94.4964298,36.1807429,0 -94.49583199999999,36.1807325,0 -94.4950728,36.180725,0 -94.49470239999999,36.1807214,0 -94.49420680000001,36.1807133,0 -94.49407999999998,36.1807112,0 -94.4939723,36.1807094,0 -94.49346529999998,36.1807019,0 -94.49324609999999,36.1806986,0 -94.49320320000001,36.180698,0 -94.4928111,36.1806921,0 -94.4924491,36.1806867,0 -94.49212049999998,36.1806818000001,0 -94.49009599999999,36.1806517,0 -94.4886834,36.1806307,0 -94.48844640000002,36.1806272,0 -94.48835939999998,36.1806258,0 -94.4876433,36.1806145,0 -94.4870367,36.1806154,0 -94.4866802,36.1806201,0 -94.48624700000001,36.1806298,0 -94.4859237,36.1805931,0 -94.4852023,36.1806447,0 -94.48479210000001,36.1806851,0 -94.4843541,36.1807331999999,0 -94.48377869999999,36.1808097,0 -94.4829811,36.1809163,0 -94.48138269999998,36.1811325,0 -94.48087169999999,36.1812066,0 -94.4770783,36.1817478,0 -94.47577,36.1819365,0 -94.47422640000001,36.182161,0 -94.4725639,36.1824027,0 -94.47207429999999,36.1824752,0 -94.4715339,36.1825469,0 -94.4709759,36.1826296,0 -94.4704966,36.1826948,0 -94.46999270000001,36.182752,0 -94.46948450000001,36.1827863,0 -94.46896700000001,36.1828125,0 -94.4684307,36.1828183,0 -94.4678878,36.1828016,0 -94.46730069999998,36.1827643,0 -94.4666639,36.1826977,0 -94.4661686,36.1826286,0 -94.4656981,36.18255,0 -94.4652329,36.182453,0 -94.46479100000001,36.1823465,0 -94.4643402,36.1822303,0 -94.46382870000001,36.1820763,0 -94.46336919999999,36.1819164,0 -94.462878,36.1817335,0 -94.46198449999999,36.1813789,0 -94.4604683,36.1807717,0 -94.45826049999999,36.1798933,0 -94.45577280000001,36.178905,0 -94.4553612,36.1787423,0 -94.4543137,36.1783187,0 -94.45309099999999,36.1778376999999,0 -94.45119379999998,36.1770905000001,0 -94.4491008,36.1762699,0 -94.44861550000002,36.1760845,0 -94.4466438,36.1752724,0 -94.44589929999999,36.1749788,0 -94.4451188,36.1746674,0 -94.4442835,36.1743605,0 -94.443442,36.1740687,0 -94.44299150000001,36.1739275,0 -94.44217620000002,36.1736859,0 -94.441492,36.1735043,0 -94.4404444,36.1732621,0 -94.43839069999999,36.1727832,0 -94.4363554,36.1723152,0 -94.43416929999999,36.1718048,0 -94.4336716,36.1716959,0 -94.4294684,36.1707153,0 -94.42472200000002,36.1696265,0 -94.42289289999999,36.1692029,0 -94.42240210000001,36.1690882,0 -94.4203363,36.1686096,0 -94.4196484,36.168462,0 -94.4189866,36.1683423,0 -94.41835269999999,36.1682371,0 -94.4176944,36.1681551,0 -94.4170142,36.1680817,0 -94.4163185,36.168035,0 -94.41529420000001,36.1679611,0 -94.4142461,36.1678953,0 -94.413723,36.1678648,0 -94.4097045,36.1676028,0 -94.40875770000001,36.1675368,0 -94.40788740000002,36.1674842999999,0 -94.4073097,36.1674653,0 -94.40675169999999,36.1674726,0 -94.4062572,36.1674961,0 -94.40578980000001,36.1675281,0 -94.4052456,36.1675899,0 -94.4047513,36.1676594,0 -94.40415489999999,36.167746,0 -94.40361590000001,36.1678594,0 -94.4031141,36.167981,0 -94.4022756,36.1682089,0 -94.4010007,36.1685566,0 -94.3993646,36.1689962,0 -94.3977861,36.1694184,0 -94.3972828,36.1695534,0 -94.3940199,36.1704288,0 -94.3924335,36.1708522999999,0 -94.39150499999998,36.1711024,0 -94.3906094,36.1713476999999,0 -94.38986310000001,36.1715437,0 -94.3876518,36.1721387,0 -94.38706000000001,36.1722876,0 -94.38642069999999,36.172424,0 -94.3858082,36.1725261,0 -94.38510500000001,36.1726121,0 -94.384503,36.1726583,0 -94.38389329999998,36.1726872,0 -94.3834591,36.172689,0 -94.38301180000002,36.1726818,0 -94.38252480000001,36.172656,0 -94.381956,36.1726096,0 -94.38149060000001,36.1725679,0 -94.38068170000001,36.1724952,0 -94.38010499999999,36.1724443,0 -94.37952559999999,36.1723913,0 -94.3782502,36.1722787,0 -94.37742280000001,36.1722018,0 -94.3767807,36.1721465,0 -94.37630710000001,36.1721042,0 -94.3740428,36.1718948,0 -94.3734571,36.1718473,0 -94.3729301,36.1718164,0 -94.37244329999999,36.1718045,0 -94.37195250000001,36.1718117,0 -94.37149460000002,36.1718279,0 -94.37098200000001,36.1718615,0 -94.3703374,36.1719286,0 -94.36969659999998,36.1720298,0 -94.36895879999999,36.1721714,0 -94.3684045,36.1723013,0 -94.3678761,36.1724517,0 -94.3652376,36.1732585,0 -94.3639211,36.1736562,0 -94.3632513,36.1738668,0 -94.36285250000002,36.173983,0 -94.35424179999998,36.1766263,0 -94.35365149999998,36.1768076,0 -94.35317139999999,36.1769575,0 -94.3522816,36.1772226,0 -94.35167179999999,36.1773559999999,0 -94.35111259999999,36.1774643000001,0 -94.35062430000002,36.1775455,0 -94.34995660000001,36.1776258,0 -94.34883979999999,36.1777564,0 -94.347514,36.1779293,0 -94.3469082,36.1780077,0 -94.34634389999999,36.1780908,0 -94.345759,36.1781905,0 -94.3452127,36.1783208,0 -94.3447355,36.178439,0 -94.34430089999999,36.1785555,0 -94.3439618,36.1786789,0 -94.34358469999999,36.178815,0 -94.34315429999999,36.178987,0 -94.3427125,36.1791682,0 -94.3421687,36.1794215,0 -94.34174080000001,36.1796482,0 -94.34108190000001,36.1800196,0 -94.33998880000001,36.1806439,0 -94.33970290000002,36.180807,0 -94.33933830000001,36.1809546,0 -94.3389706,36.1810819,0 -94.33854039999999,36.1811917,0 -94.33830680000001,36.1812453,0 -94.33809619999998,36.1812757,0 -94.33790449999999,36.1812995,0 -94.33766709999999,36.1813179,0 -94.33745,36.1813237,0 -94.3371226,36.1813243,0 -94.336699,36.1812955,0 -94.33641450000002,36.1812518,0 -94.336117,36.181196,0 -94.3357855,36.1811186,0 -94.3354961,36.1810228,0 -94.33475199999998,36.1807184,0 -94.33083010000001,36.1790501,0 -94.32749080000001,36.1776287,0 -94.32704769999999,36.1774323,0 -94.32542689999998,36.1767359999999,0 -94.3244215,36.176312,0 -94.3211165,36.1748899,0 -94.3205669,36.1746727,0 -94.3201456,36.1745348,0 -94.31965229999999,36.1744064,0 -94.31909949999999,36.1742793,0 -94.3185928,36.1741856,0 -94.31818749999999,36.1741321,0 -94.3176943,36.1740903,0 -94.3171763,36.1740623999999,0 -94.3167042,36.1740682,0 -94.3162282,36.1740996,0 -94.31575909999999,36.1741477,0 -94.31530820000002,36.1742111,0 -94.31488060000001,36.1742873,0 -94.31439490000001,36.1743941,0 -94.3138802,36.1745363,0 -94.31324960000001,36.1747535,0 -94.31100190000001,36.1755545,0 -94.30929759999999,36.1761609,0 -94.3087651,36.176355,0 -94.3076492,36.176754,0 -94.3070647,36.1769396,0 -94.3065065,36.1771004,0 -94.3059435,36.1772406,0 -94.3053585,36.1773602,0 -94.304806,36.1774404,0 -94.30427790000002,36.1775046,0 -94.30372260000001,36.1775567,0 -94.3031484,36.1775941,0 -94.30260149999999,36.1776021000001,0 -94.30196309999999,36.1775934,0 -94.3013567,36.1775811,0 -94.2996414,36.1775573,0 -94.2991057,36.1775493,0 -94.2982073,36.1775263,0 -94.29648039999999,36.1774988,0 -94.2958072,36.1774685,0 -94.2948821,36.1774558,0 -94.29388160000001,36.1774503000001,0 -94.29337719999999,36.1774847000001,0 -94.2926853,36.1774889,0 -94.292525,36.1774935,0 -94.2921236,36.1774981,0 -94.29079539999999,36.1775113,0 -94.2906265,36.1775086,0 -94.28980439999999,36.1774956,0 -94.2880985,36.1775085,0 -94.2870614,36.1775216,0 -94.2869814,36.1775226,0 -94.2864074,36.1775269,0 -94.28584700000002,36.1775230000001,0 -94.28510790000001,36.1775064,0 -94.2847491,36.1774929,0 -94.28436960000002,36.1774786,0 -94.28314239999999,36.1774192,0 -94.2831324,36.1774187,0 -94.28194150000002,36.1773689,0 -94.2813503,36.1773499,0 -94.28127790000001,36.1773486,0 -94.27944380000001,36.1773153,0 -94.27735700000001,36.1772774,0 -94.2758615,36.1772495,0 -94.2748886,36.1772314,0 -94.2737138,36.1772054,0 -94.2729923,36.177186,0 -94.27288540000001,36.1771806,0 -94.2724162,36.1771569,0 -94.27228930000001,36.1771505,0 -94.2715417,36.1771037,0 -94.27145539999999,36.1770983,0 -94.271021,36.1770766,0 -94.2707755,36.1770647,0 -94.27022629999999,36.1770402,0 -94.2693348,36.1770139,0 -94.2691098,36.1770073,0 -94.2688734,36.1770027,0 -94.26842299999998,36.1769938,0 -94.26819180000001,36.1769899,0 -94.26795509999998,36.1769846,0 -94.26759189999999,36.1769761,0 -94.26653570000001,36.1769516,0 -94.26555260000001,36.1769287,0 -94.2644615,36.1769067,0 -94.2634899,36.1768898,0 -94.2622112,36.1768579,0 -94.2610095,36.1768385,0 -94.26047440000002,36.176833,0 -94.2599501,36.176833,0 -94.25946860000001,36.1768385,0 -94.258786,36.1768514,0 -94.2577077,36.1768666,0 -94.256895,36.1768742,0 -94.25620929999999,36.1768623,0 -94.256148,36.1768612,0 -94.25514769999999,36.176842,0 -94.2547117,36.1768335000001,0 -94.2538139,36.1768142,0 -94.25353680000002,36.1768083,0 -94.25304370000001,36.1767973,0 -94.25271189999999,36.1767899,0 -94.2520751,36.1767757,0 -94.25183699999999,36.176771,0 -94.2515686,36.1767657,0 -94.2512742,36.1767598,0 -94.2507517,36.1767494,0 -94.25059860000002,36.1767464,0 -94.25012940000001,36.176737,0 -94.2498247,36.1767309,0 -94.2494228,36.1767228,0 -94.24923389999999,36.176719,0 -94.24906900000001,36.1767157,0 -94.24884829999999,36.1767112,0 -94.24869009999999,36.176708,0 -94.24837319999999,36.1767016,0 -94.24779229999999,36.17669,0 -94.24764009999998,36.1766869,0 -94.24692259999999,36.1766685,0 -94.2457672,36.1766251,0 -94.24486260000002,36.1765987,0 -94.2447693,36.1765963,0 -94.24464089999999,36.1765931,0 -94.24455099999999,36.1765908,0 -94.244182,36.1765814,0 -94.24357790000002,36.1765732,0 -94.2434289,36.1765728,0 -94.2422991,36.1765699,0 -94.2412564,36.1765548,0 -94.2392208,36.1765144,0 -94.2382398,36.1764949,0 -94.2376046,36.1764785,0 -94.2364144,36.1764553,0 -94.2359718,36.176446,0 -94.23537089999999,36.1764357,0 -94.2351894,36.1764322,0 -94.23502240000001,36.1764282,0 -94.23443949999999,36.1764131,0 -94.2342709,36.1764099,0 -94.2340098,36.176405,0 -94.23161829999999,36.1763574,0 -94.23104989999999,36.1763392,0 -94.2307515,36.1763297,0 -94.23059000000001,36.1763222,0 -94.22987570000001,36.1762889,0 -94.2270846,36.1761563,0 -94.2264598,36.1761241000001,0 -94.22555010000001,36.1760837,0 -94.22407800000002,36.1760373,0 -94.22269799999999,36.176013,0 -94.22218369999999,36.1760012,0 -94.2218117,36.1759942,0 -94.2210109,36.1759791,0 -94.2206242,36.1759718,0 -94.22037450000001,36.1759683,0 -94.22014129999999,36.1759651,0 -94.21971240000002,36.175959,0 -94.21949819999999,36.175956,0 -94.21941789999998,36.1759548,0 -94.21913670000001,36.1759501,0 -94.21883920000001,36.1759457,0 -94.2187892,36.1759448,0 -94.21846960000001,36.1759393,0 -94.21809620000001,36.1759286,0 -94.21766399999998,36.1759208,0 -94.21746429999999,36.1759172,0 -94.2171597,36.1759117,0 -94.2163244,36.1758945,0 -94.21613199999999,36.1758912,0 -94.2153945,36.175875,0 -94.21507510000001,36.1758731,0 -94.21468640000001,36.1758665,0 -94.2142513,36.1758597,0 -94.2135854,36.1758492,0 -94.21346459999999,36.1758473,0 -94.21313790000001,36.1758444,0 -94.2130622,36.1758437,0 -94.21250829999998,36.1758388,0 -94.21242359999999,36.1758381,0 -94.21140599999998,36.1758170999999,0 -94.21132160000001,36.1758155,0 -94.21062619999999,36.1758021,0 -94.21044139999999,36.1757985,0 -94.21024620000001,36.1757945,0 -94.20949709999999,36.1757843,0 -94.20942580000002,36.1757831,0 -94.20800560000001,36.1757577,0 -94.20551080000001,36.1757255,0 -94.20537160000001,36.1757231,0 -94.20391620000001,36.1757015,0 -94.20337689999998,36.1756935,0 -94.2014492,36.1756648,0 -94.2011102,36.1756603,0 -94.20008329999999,36.1756466,0 -94.1982217,36.1756218,0 -94.19793869999999,36.175618,0 -94.1970216,36.175604,0 -94.19599839999999,36.1755938,0 -94.19561189999999,36.1755892,0 -94.1955359,36.175588,0 -94.1949039,36.1755816,0 -94.19475509999998,36.1755782,0 -94.1946063,36.1755764,0 -94.1944278,36.1755742,0 -94.1941669,36.1755689,0 -94.1939857,36.1755652,0 -94.19386629999998,36.1755627,0 -94.19380209999998,36.1755614,0 -94.19359759999999,36.175558,0 -94.1934248,36.1755552,0 -94.19329089999999,36.1755530000001,0 -94.1928458,36.1755441,0 -94.19280019999999,36.1755429000001,0 -94.1925432,36.1755388,0 -94.19232940000001,36.1755331,0 -94.19229210000002,36.1755322,0 -94.1918072,36.1755165,0 -94.19142960000001,36.1755052,0 -94.1909263,36.1754886,0 -94.19064950000002,36.1754806,0 -94.19049250000002,36.1754761,0 -94.1893484,36.1754347999999,0 -94.1892067,36.1754291,0 -94.1891591,36.1754276,0 -94.18865050000001,36.1754102,0 -94.18775169999999,36.1753843,0 -94.1874834,36.1753778,0 -94.1847932,36.175326,0 -94.1844001,36.1753217,0 -94.18397059999999,36.1753153,0 -94.1837987,36.1753127,0 -94.1835725,36.1753093,0 -94.18325179999999,36.1753039,0 -94.18305340000001,36.1753007,0 -94.18279379999998,36.1752972,0 -94.18252649999999,36.1752931,0 -94.18233909999999,36.1752902,0 -94.1822033,36.1752881,0 -94.18195350000001,36.1752842,0 -94.181836,36.1752824,0 -94.18177919999999,36.1752816,0 -94.1815136,36.1752779,0 -94.1812604,36.1752743,0 -94.18113640000001,36.1752725,0 -94.1807996,36.1752678,0 -94.1804119,36.1752623,0 -94.1802117,36.1752596,0 -94.18008949999999,36.1752579,0 -94.17938340000001,36.1752483,0 -94.17906979999999,36.175244,0 -94.1789876,36.1752428,0 -94.17865070000002,36.1752377,0 -94.17844009999999,36.1752345,0 -94.1781349,36.1752299,0 -94.17792829999999,36.1752268,0 -94.1769749,36.1752118,0 -94.176463,36.1752037,0 -94.17629099999999,36.1752013,0 -94.1757377,36.1751936,0 -94.1756105,36.1751918,0 -94.1751838,36.1751858,0 -94.1746413,36.1751781999999,0 -94.1740827,36.1751687,0 -94.1720712,36.1751346,0 -94.1716904,36.175128,0 -94.1707639,36.1751118,0 -94.17056580000001,36.1751076,0 -94.170058,36.1750955,0 -94.1697848,36.175089,0 -94.1692733,36.1750769,0 -94.1686438,36.1750662,0 -94.1682181,36.1750589,0 -94.16812929999999,36.1750563,0 -94.1674245,36.175056,0 -94.16573739999998,36.1750262,0 -94.1646463,36.1750081,0 -94.1639392,36.1749966,0 -94.1637709,36.1749938,0 -94.16350019999999,36.1749896,0 -94.1629363,36.1749796,0 -94.1622247,36.1749661,0 -94.1621339,36.1749641,0 -94.16133689999999,36.1749519,0 -94.1598157,36.1749253,0 -94.1587064,36.1749066,0 -94.1581618,36.1748974,0 -94.1580453,36.1748954,0 -94.15735409999999,36.174884,0 -94.1567247,36.1748722,0 -94.1561605,36.1748638,0 -94.156032,36.1748615,0 -94.1559446,36.1748599,0 -94.15577089999999,36.1748569,0 -94.15555499999999,36.1748532,0 -94.15548529999998,36.174852,0 -94.1553912,36.1748504,0 -94.1552075,36.1748472,0 -94.15508650000001,36.1748451,0 -94.15396440000001,36.1748255,0 -94.15286830000001,36.1748089,0 -94.15177019999999,36.174784,0 -94.1515966,36.17478,0 -94.1513114,36.1747735,0 -94.1502835,36.1747501,0 -94.1500127,36.1747439,0 -94.14774770000001,36.1746922,0 -94.14664999999999,36.174671,0 -94.14584820000002,36.1746555,0 -94.1452651,36.1746424,0 -94.1443323,36.1746214,0 -94.1434622,36.1746019,0 -94.13901459999998,36.1745082,0 -94.1390269,36.1740712,0 -94.13903689999999,36.173716,0 -94.1390462,36.1733844,0 -94.13905320000001,36.173137,0 -94.1390595,36.1729142,0 -94.13906179999999,36.1728328,0 -94.13906509999998,36.1727145,0 -94.1390669,36.1726319000001,0 -94.13907049999999,36.1724603,0 -94.13907500000001,36.1722459,0 -94.13907770000002,36.1721236,0 -94.1390809,36.1719769000001,0 -94.13908469999998,36.17179,0 -94.13908780000001,36.1716437,0 -94.13909079999999,36.1715014,0 -94.13909239999998,36.1714202999999,0 -94.13909339999999,36.1712814,0 -94.13910009999998,36.171026,0 -94.13910300000001,36.170877,0 -94.13910320000001,36.1708571,0 -94.1391055,36.1706533,0 -94.13910919999999,36.17032,0 -94.1391117,36.1700951,0 -94.1391144,36.1698562999999,0 -94.1391421,36.1696779,0 -94.1391563,36.1696283,0 -94.1392891,36.1691653,0 -94.13932439999999,36.1690421,0 -94.13910320000001,36.1689160999999,0 -94.13907330000001,36.1687485,0 -94.13906679999999,36.1687142999999,0 -94.1390428,36.1685869,0 -94.13902470000001,36.1685378,0 -94.13898159999999,36.1684212,0 -94.13889220000002,36.1682542,0 -94.13877170000001,36.1680706,0 -94.13863910000001,36.167927,0 -94.1384608,36.1677706,0 -94.13825129999999,36.1676236,0 -94.1380523,36.1675132,0 -94.138059,36.1672474,0 -94.13796710000001,36.1672464,0 -94.13783499999998,36.1672447999999,0 -94.137091,36.167236,0 -94.136797,36.167233,0 -94.1366896,36.1672318999999,0 -94.136421,36.1672292,0 -94.13613179999999,36.1672263,0 -94.13469670000002,36.1672107,0 -94.13210389999999,36.1671701,0 -94.1315422,36.167161,0 -94.13044189999999,36.1671455,0 -94.13023029999999,36.1671425,0 -94.1301433,36.1671409,0 -94.1296964,36.1671328,0 -94.1291418,36.1671226,0 -94.12898799999999,36.1671198,0 -94.12859259999999,36.1671126,0 -94.1278492,36.167099,0 -94.1273516,36.1670899,0 -94.1265592,36.1670754,0 -94.12599710000001,36.1670644,0 -94.1258349,36.1670612,0 -94.1257201,36.1670603,0 -94.12567900000001,36.1670593,0 -94.1250387,36.1670471,0 -94.12455730000001,36.1670378,0 -94.1239739,36.1670265,0 -94.1231791,36.1670111,0 -94.12285110000001,36.1670047,0 -94.1222248,36.1669926,0 -94.12160209999999,36.1669805,0 -94.12098520000001,36.1669686,0 -94.11969449999999,36.1669436,0 -94.1192188,36.1669352,0 -94.11856470000001,36.1669237,0 -94.11841479999998,36.1669211,0 -94.11813220000001,36.1669161,0 -94.1178336,36.1669108,0 -94.11778229999999,36.1669099,0 -94.1177326,36.1669091,0 -94.1176136,36.1669072999999,0 -94.11749799999998,36.1669055,0 -94.1173476,36.1669032000001,0 -94.1172789,36.1669022,0 -94.11699,36.1668978,0 -94.1167702,36.1668944,0 -94.11650290000001,36.1668903,0 -94.11635649999998,36.1668881,0 -94.114695,36.1668511,0 -94.11415099999999,36.166839,0 -94.11396329999999,36.1668349,0 -94.11377969999999,36.1668308,0 -94.11114680000001,36.1667723,0 -94.11056619999999,36.1667589,0 -94.110276,36.1667523,0 -94.108446,36.1667157,0 -94.1072932,36.1666916,0 -94.10581329999999,36.1666648,0 -94.10561749999999,36.1666598,0 -94.10491259999999,36.1666464,0 -94.1044443,36.1666375,0 -94.1039681,36.1666285,0 -94.10284119999999,36.1666072,0 -94.1020158,36.1665915,0 -94.0994099,36.1665415,0 -94.09840680000002,36.1665246,0 -94.09741140000001,36.1665039000001,0 -94.09731290000001,36.1665023,0 -94.0964237,36.166485,0 -94.096002,36.166477,0 -94.09575139999998,36.1664715,0 -94.0955704,36.166467,0 -94.0955009,36.1664657,0 -94.0954279,36.1664645,0 -94.09509270000001,36.1664405,0 -94.0947469,36.1663983,0 -94.09461690000001,36.1663793,0 -94.09442230000001,36.1663509,0 -94.09411350000001,36.1662861,0 -94.0936014,36.1661559,0 -94.09346480000001,36.1661143,0 -94.0932772,36.1660573,0 -94.093008,36.1659755,0 -94.0924206,36.1657399,0 -94.0911734,36.1651877,0 -94.09038300000002,36.1648377000001,0 -94.0868979,36.1632711,0 -94.08646450000002,36.1630996,0 -94.0860182,36.1629569,0 -94.08554239999999,36.1628461,0 -94.08508689999999,36.1627471,0 -94.08460359999999,36.162686,0 -94.08411299999999,36.16264,0 -94.08322440000001,36.1626431,0 -94.08122190000002,36.1626111,0 -94.07925899999999,36.16257,0 -94.07884500000002,36.16256,0 -94.07720820000002,36.1625214,0 -94.0766881,36.1624749,0 -94.076177,36.1623862,0 -94.07563750000001,36.1622547,0 -94.07463009999999,36.1619342,0 -94.0737361,36.1616462,0 -94.07318860000001,36.1614758,0 -94.07226709999999,36.1612469,0 -94.07090199999999,36.1610316,0 -94.07077000000001,36.1610142,0 -94.06988200000001,36.1608969,0 -94.0690616,36.1607973,0 -94.06824990000001,36.1607104,0 -94.0677353,36.1606698,0 -94.0674862,36.1606547,0 -94.06617500000002,36.1606087,0 -94.065456,36.160598,0 -94.06141909999999,36.1604797,0 -94.0611919,36.160473,0 -94.06073809999999,36.1604615,0 -94.0599991,36.1604361,0 -94.0596899,36.160446,0 -94.05943879999998,36.1604592,0 -94.05910180000001,36.1604992,0 -94.0589322,36.1605297,0 -94.05861490000001,36.1605925,0 -94.0583024,36.1606768,0 -94.0577615,36.1608659,0 -94.05751220000002,36.1609783,0 -94.0572722,36.1611037,0 -94.0570779,36.1612155,0 -94.05688859999999,36.1613358,0 -94.0567128,36.1614536,0 -94.0562949,36.1618008,0 -94.0560048,36.1621066,0 -94.05576019999999,36.1623915,0 -94.05513329999998,36.1631651,0 -94.05479889999999,36.1635777,0 -94.054315,36.1641152,0 -94.05379090000001,36.1645206,0 -94.0531139,36.1649038,0 -94.05265899999999,36.1651104,0 -94.05215299999999,36.1652786,0 -94.05150079999999,36.1653794,0 -94.05084909999998,36.1654227,0 -94.05061859999999,36.1654187,0 -94.05059129999999,36.1654182,0 -94.04990170000002,36.1654062,0 -94.0494965,36.1653971,0 -94.0454494,36.1653237000001,0 -94.04482430000002,36.1653144,0 -94.0440492,36.1653686,0 -94.04305359999998,36.1655507,0 -94.04233069999998,36.1657403,0 -94.0420302,36.1658191,0 -94.04098,36.1660945,0 -94.0403783,36.1662286,0 -94.03983270000002,36.1663651,0 -94.03354719999999,36.1679692,0 -94.03225550000002,36.1683449,0 -94.0317896,36.1685051,0 -94.03149249999998,36.1686276,0 -94.03019310000002,36.1691507,0 -94.03005539999999,36.1692128,0 -94.0293188,36.169545,0 -94.02900219999999,36.1696877,0 -94.0270424,36.170603,0 -94.0270227,36.1706122,0 -94.02644870000002,36.1707595000001,0 -94.02595280000001,36.1708973,0 -94.0254697,36.1709912,0 -94.02498180000001,36.1710661,0 -94.0243727,36.1711081,0 -94.02244109999999,36.171142,0 -94.02126839999998,36.1711806,0 -94.01808440000001,36.1712823,0 -94.0139187,36.1713788,0 -94.01202910000002,36.1714199,0 -94.0116506,36.171428,0 -94.0082955,36.1715065,0 -94.0075767,36.1715411,0 -94.0071634,36.1715755999999,0 -94.0069544,36.1715931,0 -94.0060532,36.1717577,0 -94.005109,36.1720002,0 -94.00425069999999,36.172312,0 -94.0022981,36.1731694,0 -94.0008175,36.1739402,0 -93.9988005,36.1750140999999,0 -93.9987527,36.1750377,0 -93.9971697,36.1758195,0 -93.9961263,36.176363,0 -93.9956066,36.1766364,0 -93.9950645,36.1769532,0 -93.9945572,36.1772723,0 -93.9940881,36.1776157,0 -93.9936586,36.177953,0 -93.99096310000002,36.1801691,0 -93.99048559999999,36.1805046,0 -93.9896273,36.1809896,0 -93.98861879999998,36.1814572,0 -93.987863,36.181738,0 -93.98740650000001,36.1819075,0 -93.98612970000002,36.1821587,0 -93.9855013,36.1822332,0 -93.9845955,36.1823405,0 -93.98445250000002,36.1823403,0 -93.98234240000001,36.1823381,0 -93.9801233,36.1822545,0 -93.9795135,36.1821706,0 -93.97681300000001,36.181554,0 -93.9719826,36.1803411,0 -93.9707166,36.1798475,0 -93.9696845,36.1794414,0 -93.96902059999999,36.1791931,0 -93.9682162,36.1788539,0 -93.9679367,36.1787404,0 -93.96714390000001,36.1784186,0 -93.9664143,36.1781242,0 -93.96568480000001,36.1779336,0 -93.96448359999999,36.1777447,0 -93.9644188,36.1777345,0 -93.95944060000001,36.1770763,0 -93.95932449999999,36.1770739,0 -93.95824969999998,36.1770243,0 -93.9548594,36.1769031,0 -93.95267069999998,36.1767905,0 -93.9524042,36.1767517,0 -93.95201620000002,36.1766952,0 -93.95137250000001,36.176522,0 -93.95030199999998,36.1762109,0 -93.94815389999999,36.1755867,0 -93.9453214,36.1747553,0 -93.9451712,36.174725,0 -93.94472059999998,36.174634,0 -93.9441413,36.1745474,0 -93.94380329999998,36.1745422,0 -93.94358339999999,36.1745388,0 -93.9429289,36.1745734,0 -93.94212419999999,36.174686,0 -93.93599810000001,36.1758552,0 -93.93482889999999,36.1760998,0 -93.9338762,36.1762873,0 -93.932935,36.1763466,0 -93.9274537,36.1765235,0 -93.92669619999999,36.176548,0 -93.925866,36.1765724,0 -93.9242337,36.1766205,0 -93.92375650000001,36.1766346,0 -93.9230376,36.1765913,0 -93.92237249999999,36.1765046999999,0 -93.9216644,36.1763142,0 -93.92098840000001,36.176037,0 -93.92024819999999,36.175682,0 -93.91963389999998,36.1752403,0 -93.9183566,36.1742294,0 -93.9167076,36.1728932,0 -93.9151835,36.1716791,0 -93.90971159999999,36.1672889,0 -93.9038418,36.1625973,0 -93.90339799999998,36.1622305,0 -93.9025685,36.1618352,0 -93.90197349999998,36.1616267,0 -93.9015734,36.1615234,0 -93.901163,36.1614541,0 -93.90077139999998,36.1614129,0 -93.9003561,36.1613893,0 -93.90000430000001,36.1613978,0 -93.8995323,36.1614368,0 -93.8959752,36.1618239,0 -93.892788,36.1621783,0 -93.89196630000001,36.1622412,0 -93.890764,36.162311,0 -93.8895358,36.1623599,0 -93.88896440000001,36.1623809,0 -93.88440129999999,36.162367,0 -93.8810941,36.1622621,0 -93.8784994,36.1621644,0 -93.8756214,36.162108,0 -93.87279059999999,36.1620669,0 -93.87222,36.1620247,0 -93.8713983,36.1619619,0 -93.87073150000001,36.1618759,0 -93.87036899999998,36.1618292,0 -93.8697785,36.1617161,0 -93.86927919999998,36.1616127,0 -93.8689955,36.1615381,0 -93.8681115,36.1613055,0 -93.8674776,36.1610867,0 -93.8670996,36.1609563,0 -93.8667765,36.1608376,0 -93.86226430000001,36.1589919,0 -93.8590817,36.1576742,0 -93.85847620000001,36.1573739,0 -93.857867,36.1569897,0 -93.8570751,36.1564381,0 -93.85650420000002,36.1559492,0 -93.85583389999999,36.1552317,0 -93.8552284,36.1543587000001,0 -93.85485,36.1536865,0 -93.85451490000001,36.1528136,0 -93.85429860000002,36.1519668,0 -93.85422290000001,36.1511462,0 -93.85438520000001,36.1438874,0 -93.85455810000001,36.1380064,0 -93.85455520000001,36.1378168,0 -93.85454729999999,36.1373079,0 -93.8544176,36.1362252,0 -93.8542446,36.1354743,0 -93.8539743,36.1347233,0 -93.853358,36.1335795,0 -93.85289310000002,36.1329158,0 -93.85224440000002,36.1321212,0 -93.85153010000001,36.1314395,0 -93.85108219999999,36.1310365,0 -93.85052379999999,36.1306393,0 -93.8499666,36.1303057,0 -93.8495307,36.1300759,0 -93.8489289,36.1297813,0 -93.84831130000001,36.1294917,0 -93.84760219999998,36.1292408,0 -93.8469874,36.1290831,0 -93.84580939999999,36.1288222,0 -93.84410509999998,36.1285012,0 -93.8382956,36.1276353,0 -93.83761419999999,36.1275337,0 -93.8325056,36.1267589,0 -93.8297651,36.1262565,0 -93.8297263,36.1262494,0 -93.8277764,36.1257567,0 -93.82711759999999,36.1255916,0 -93.8267577,36.1255128,0 -93.82545080000001,36.1252328,0 -93.82344010000001,36.1248655,0 -93.8197299,36.1242388,0 -93.8177924,36.1239115,0 -93.81542570000001,36.1235359,0 -93.8145665,36.1233995,0 -93.8137334,36.1232794,0 -93.80973800000001,36.1226534,0 -93.80892609999999,36.122509,0 -93.80740640000002,36.1222502,0 -93.80555790000001,36.1219783,0 -93.80424499999999,36.1217681,0 -93.8033322,36.1216341,0 -93.8026515,36.1214601,0 -93.8018024,36.1212009,0 -93.80118760000002,36.1209474,0 -93.80038610000001,36.1205439,0 -93.799254,36.1197818,0 -93.79645460000002,36.117599,0 -93.79607100000001,36.1173048,0 -93.7952086,36.1167117,0 -93.7942365,36.1161612,0 -93.79355579999999,36.1158555,0 -93.7926233,36.1155318,0 -93.79200800000001,36.1153722,0 -93.79075640000001,36.1150737,0 -93.79021549999999,36.1149894,0 -93.78888550000001,36.1147821,0 -93.78880530000001,36.1147696,0 -93.7877986,36.1145829,0 -93.78371780000001,36.1139171000001,0 -93.78223029999998,36.1137592,0 -93.7807925,36.1136643,0 -93.77984360000001,36.1136246000001,0 -93.77912049999999,36.1135946,0 -93.77475070000001,36.1135359,0 -93.7729155,36.1135801,0 -93.7719633,36.1137184,0 -93.7708449,36.1139333,0 -93.7702907,36.1140746,0 -93.7693305,36.1143476,0 -93.76894299999999,36.1144516,0 -93.7662677,36.1151694,0 -93.7656851,36.1153294,0 -93.7637872,36.1157849,0 -93.76210620000001,36.1159923,0 -93.76026969999998,36.1160094,0 -93.7590411,36.1160052,0 -93.7565621,36.1159968,0 -93.75476209999999,36.1159907,0 -93.75366889999999,36.1159964,0 -93.7526187,36.116028,0 -93.75249289999999,36.1160396,0 -93.75193710000001,36.1160906,0 -93.75125540000001,36.1161706,0 -93.750575,36.1162949,0 -93.74996969999999,36.1164364999999,0 -93.74894500000001,36.1167129,0 -93.74600759999998,36.1176609,0 -93.7404693,36.1193765,0 -93.7376787,36.120321,0 -93.7347915,36.1211961,0 -93.734087,36.1214068,0 -93.7334511,36.1216135,0 -93.73296089999999,36.1217492,0 -93.73214710000001,36.121889,0 -93.73140530000001,36.1219527,0 -93.7306092,36.1219666,0 -93.72989890000001,36.121916,0 -93.7291723,36.1218126,0 -93.7282613,36.1216265,0 -93.7275412,36.1213739,0 -93.72672470000001,36.120993,0 -93.72281719999999,36.1185193,0 -93.71907970000001,36.1162049,0 -93.71761949999998,36.1153898,0 -93.71622599999999,36.1147818,0 -93.7158506,36.114618,0 -93.71410729999999,36.113891,0 -93.71345169999999,36.1136176,0 -93.7127717,36.1133701,0 -93.71194610000002,36.1132087,0 -93.7110581,36.1131831,0 -93.7101287,36.1132861,0 -93.7091729,36.1134975,0 -93.70771710000001,36.1138195,0 -93.70726430000001,36.113914,0 -93.70723260000001,36.1139199,0 -93.7069017,36.1139896,0 -93.70605279999999,36.1141828999999,0 -93.70505199999999,36.1143934,0 -93.70443299999999,36.1145092,0 -93.7036114,36.1147417,0 -93.7026201,36.115203,0 -93.70199000000001,36.1156344,0 -93.7016467,36.1159005,0 -93.7003054,36.1169401,0 -93.7000511,36.1171372,0 -93.69993950000001,36.1172237,0 -93.6989085,36.1180334,0 -93.69832360000001,36.1183678,0 -93.69817379999999,36.1184534,0 -93.6980657,36.1185153,0 -93.69717199999999,36.1189497,0 -93.69585210000001,36.1196145,0 -93.6939946,36.1205654,0 -93.6929322,36.1211019,0 -93.69263739999998,36.1212553,0 -93.69235310000001,36.121433,0 -93.69212560000001,36.1216276,0 -93.6919293,36.1218555,0 -93.6917931,36.1220476,0 -93.6916664,36.1223225,0 -93.69157520000002,36.1226073,0 -93.6912507,36.1243008,0 -93.69107629999999,36.1248687,0 -93.69101790000001,36.1250589,0 -93.690438,36.1264669,0 -93.69022069999998,36.1268677,0 -93.6899927,36.1272729,0 -93.68977899999999,36.127618,0 -93.68907400000002,36.128419,0 -93.68817,36.129129,0 -93.68807579999999,36.1291895,0 -93.6875251,36.1295563,0 -93.6868036,36.1299375,0 -93.6861277,36.1302452,0 -93.68560730000002,36.130451,0 -93.68490989999999,36.1306546,0 -93.68441369999999,36.1307673,0 -93.6839739,36.1308496,0 -93.6829305,36.1309557,0 -93.6821741,36.1311009,0 -93.6816141,36.1312802,0 -93.6810219,36.1315102,0 -93.6805004,36.1317941,0 -93.6800873,36.1320389,0 -93.67950800000001,36.132379,0 -93.6793256,36.1324916,0 -93.67884549999999,36.1327408,0 -93.678529,36.1329054,0 -93.678246,36.1330516,0 -93.67786109999999,36.1332163,0 -93.67741580000001,36.1333733,0 -93.67694779999998,36.1335152,0 -93.6763953,36.1336322,0 -93.6760774,36.1336712,0 -93.67549940000001,36.1336907,0 -93.6750112,36.1337113,0 -93.6742301,36.1337334,0 -93.67102950000002,36.1338239,0 -93.6688194,36.1338716,0 -93.66806030000001,36.1338889,0 -93.66670309999999,36.1339322,0 -93.66571610000001,36.1339691,0 -93.66534590000001,36.1339929,0 -93.6640424,36.1340925,0 -93.66280649999999,36.1342095,0 -93.6624693,36.1342307,0 -93.66227380000001,36.1342431,0 -93.66116700000001,36.1342897,0 -93.66024169999999,36.1342637,0 -93.6590052,36.1341315,0 -93.6576104,36.1339582,0 -93.65725639999999,36.1339236,0 -93.65673870000001,36.1339257,0 -93.65635480000002,36.1339545,0 -93.6562733,36.1339599,0 -93.65563110000001,36.1340897000001,0 -93.6551374,36.1342247,0 -93.65465850000001,36.1344036,0 -93.6542979,36.1345886,0 -93.6540263,36.1347684,0 -93.6531516,36.1354326,0 -93.65248800000002,36.135924,0 -93.6522648,36.1360963,0 -93.65202069999999,36.1362501,0 -93.6516774,36.1363974,0 -93.6513341,36.1365165,0 -93.65120260000002,36.136562,0 -93.65068759999998,36.1366552,0 -93.650296,36.1366703,0 -93.6499876,36.136666,0 -93.64838630000001,36.1366053,0 -93.64672899999999,36.136564,0 -93.6450523,36.1364949,0 -93.64303529999999,36.1364342,0 -93.64264370000001,36.1364104,0 -93.6422735,36.1363822,0 -93.6419705,36.1363346,0 -93.6414608,36.1361916,0 -93.6410317,36.1360226,0 -93.64064009999998,36.1358233,0 -93.64033700000002,36.1356153999999,0 -93.6391405,36.1347519,0 -93.6378747,36.1338391,0 -93.6374536,36.1335661,0 -93.63719879999999,36.1334167,0 -93.63682059999999,36.1332542,0 -93.6361619,36.1330501,0 -93.63565919999999,36.1329422,0 -93.6313485,36.1321296,0 -93.63084470000001,36.1320346,0 -93.63002,36.131885,0 -93.62944989999998,36.1318049,0 -93.62898860000001,36.1317659,0 -93.62560629999999,36.131636,0 -93.62514499999999,36.1316078,0 -93.62468360000001,36.1315428,0 -93.6241794,36.1313825,0 -93.6239219,36.131272,0 -93.623592,36.1310987,0 -93.6232674,36.1308864,0 -93.62307970000002,36.1307044,0 -93.622908,36.130529,0 -93.62269609999998,36.1302343,0 -93.6225539,36.1299852,0 -93.6224011,36.1296537,0 -93.6219183,36.1285012,0 -93.62174660000001,36.1281134,0 -93.62156419999999,36.1277148,0 -93.6213791,36.1273573000001,0 -93.62115920000001,36.1270519,0 -93.62085610000001,36.1268092,0 -93.62060400000001,36.1266402,0 -93.6202227,36.1264873,0 -93.61980849999999,36.1263669,0 -93.6193997,36.1263153,0 -93.61909390000001,36.1263174,0 -93.61863529999999,36.1263777,0 -93.61818310000001,36.1265025,0 -93.61790839999999,36.1266273,0 -93.6176904,36.1267687,0 -93.616913,36.127359,0 -93.6165574,36.1275762,0 -93.61622560000001,36.1277376,0 -93.6157611,36.127899,0 -93.61536029999999,36.1279661,0 -93.615033,36.1280116,0 -93.61468970000001,36.1280159,0 -93.6142096,36.1280116,0 -93.61245589999999,36.1279911,0 -93.6105055,36.1279683,0 -93.6101381,36.1279939,0 -93.60958100000002,36.1280957,0 -93.6091751,36.1282716,0 -93.6089283,36.1284037,0 -93.6086091,36.1286377,0 -93.60835850000001,36.1288884,0 -93.6081726,36.129087,0 -93.607823,36.129485,0 -93.6071723,36.1301886,0 -93.6067322,36.1306644,0 -93.606407,36.1309731,0 -93.60609049999999,36.1311724,0 -93.60564259999998,36.1313608,0 -93.6052564,36.1314605,0 -93.6048675,36.1315038,0 -93.6045805,36.1315016,0 -93.60411910000001,36.1314626,0 -93.60300599999999,36.1312958,0 -93.6025044,36.1312438,0 -93.6019653,36.1312655,0 -93.6015871,36.131324,0 -93.6011767,36.131441,0 -93.60077440000001,36.1315991000001,0 -93.6002541,36.1318807,0 -93.59983829999999,36.1322295,0 -93.5995889,36.1325111,0 -93.599328,36.1329813,0 -93.59931829999999,36.1329964,0 -93.5991812,36.1333603,0 -93.599103,36.133702,0 -93.59910880000001,36.1340817,0 -93.5991758,36.1350825,0 -93.5991436,36.1354009,0 -93.5989988,36.135858,0 -93.5988674,36.1361981,0 -93.5987279,36.136458,0 -93.5985026,36.1367895,0 -93.5982994,36.1370085,0 -93.5978944,36.137413,0 -93.59626519999999,36.1391053,0 -93.5956147,36.1397517,0 -93.5950737,36.1402295,0 -93.59425220000001,36.1407481,0 -93.59420679999999,36.1407685,0 -93.5934551,36.1410611,0 -93.59296190000001,36.1412009,0 -93.59232280000001,36.1413275,0 -93.5917702,36.1413838,0 -93.591274,36.1413881,0 -93.5907134,36.1413535,0 -93.59009650000002,36.1412603,0 -93.58968619999999,36.1411694,0 -93.58930799999999,36.1410892,0 -93.5887393,36.1409528,0 -93.58817659999998,36.1407753,0 -93.58772810000001,36.1405607,0 -93.5872614,36.1403203,0 -93.58653169999999,36.139886,0 -93.58534429999999,36.1391467,0 -93.584958,36.1389061,0 -93.584378,36.138545,0 -93.58436639999999,36.1385378,0 -93.58341689999999,36.138053,0 -93.5831201,36.1379137,0 -93.58209279999998,36.1375020999999,0 -93.581947,36.1374511,0 -93.58067199999999,36.1369714,0 -93.57956620000002,36.1365772,0 -93.5786971,36.1362826,0 -93.5771103,36.1357817,0 -93.5766023,36.1356327,0 -93.5759908,36.1354768,0 -93.57558849999999,36.1353988,0 -93.57467920000002,36.1352688,0 -93.57210499999999,36.1349049,0 -93.57138689999999,36.1348282,0 -93.57106090000002,36.1348031,0 -93.5700765,36.1347641,0 -93.56747749999998,36.1346926,0 -93.5662651,36.1346536,0 -93.56565889999999,36.1346254,0 -93.56488380000002,36.1345604,0 -93.56434729999998,36.1344954,0 -93.56264090000001,36.1342665,0 -93.56241109999999,36.1342357,0 -93.56123580000002,36.1340497,0 -93.5590741,36.1337373,0 -93.55870659999999,36.1336896,0 -93.5580281,36.1336539,0 -93.5572753,36.1337249,0 -93.55677010000001,36.1338629,0 -93.556167,36.134029,0 -93.5540369,36.1346514,0 -93.55353270000001,36.1347489,0 -93.5531411,36.1348291,0 -93.5526395,36.1349872,0 -93.55216740000002,36.1351648,0 -93.551254,36.135586,0 -93.55093359999998,36.135702,0 -93.55004850000002,36.1360075,0 -93.5497355,36.1361221,0 -93.5494892,36.1362122,0 -93.54921299999998,36.1363313,0 -93.5489528,36.1364689,0 -93.5486993,36.1366227,0 -93.54839200000001,36.1368575,0 -93.5482454,36.1369704,0 -93.5477874,36.1373884,0 -93.54733539999999,36.1378,0 -93.5470404,36.1380545,0 -93.546807,36.1382278,0 -93.5466126,36.1383578,0 -93.5463913,36.1384899,0 -93.54616330000002,36.1386015,0 -93.5460506,36.1386556,0 -93.54564830000001,36.1388137,0 -93.5451132,36.1389827000001,0 -93.5445352,36.1391137,0 -93.54411810000002,36.1391712,0 -93.54371709999999,36.1392156,0 -93.5433228,36.1392296,0 -93.54286950000001,36.139221,0 -93.54238140000001,36.1391733,0 -93.54195760000002,36.1391051,0 -93.5416625,36.1390325,0 -93.54133280000002,36.1389357,0 -93.54087670000001,36.1388018,0 -93.54012830000002,36.1385603,0 -93.5390957,36.1382397,0 -93.53877919999999,36.1381455,0 -93.53829640000001,36.1380318,0 -93.53807939999999,36.1380047,0 -93.5378619,36.1379776,0 -93.53747559999999,36.1379668,0 -93.53729319999999,36.1379646,0 -93.53667630000001,36.1380025,0 -93.535291,36.1381022,0 -93.53477330000001,36.1381195,0 -93.5344407,36.1380957000001,0 -93.5337648,36.1379679,0 -93.53322569999999,36.1377664,0 -93.5325766,36.1375151,0 -93.53201129999999,36.1373421,0 -93.5316753,36.1373007,0 -93.53130419999999,36.1373016,0 -93.5307902,36.1373462,0 -93.5302135,36.137435,0 -93.52957429999999,36.1375771,0 -93.52916620000001,36.1376678999999,0 -93.5287383,36.1378076,0 -93.52813209999999,36.138048,0 -93.527711,36.1382798,0 -93.5273735,36.1384676,0 -93.52727800000001,36.1385418,0 -93.5269792,36.1387741,0 -93.5251813,36.1402189,0 -93.5244414,36.140734,0 -93.52399080000001,36.1409549,0 -93.52355900000001,36.1411282,0 -93.523191,36.141258,0 -93.52277580000002,36.1413708,0 -93.5223245,36.1414774,0 -93.52150170000002,36.1415571,0 -93.52101360000002,36.1415571,0 -93.52059250000001,36.1415333,0 -93.51991120000001,36.1414293,0 -93.5184574,36.1411282,0 -93.51797999999999,36.1410611,0 -93.5176179,36.1410481,0 -93.51714579999999,36.1410654,0 -93.51658879999999,36.1411505,0 -93.5162122,36.1412411,0 -93.51552839999999,36.1415159,0 -93.5150215,36.1418235,0 -93.5146209,36.1421664,0 -93.51321810000002,36.1437368,0 -93.51271749999999,36.1444487,0 -93.511528,36.146359,0 -93.51110009999999,36.1469071,0 -93.510794,36.147229,0 -93.5089955,36.1491910000001,0 -93.5083035,36.1499057,0 -93.50783050000001,36.1502273,0 -93.50744160000001,36.1504374,0 -93.5071197,36.1505738,0 -93.5065565,36.1507579,0 -93.50503030000002,36.1512149,0 -93.50336730000001,36.1516871,0 -93.5026968,36.1518538,0 -93.5022381,36.1519383,0 -93.50163190000001,36.1520228,0 -93.50067970000001,36.1520964,0 -93.49967119999999,36.1521657,0 -93.49861439999999,36.1522437,0 -93.4982428,36.1522657,0 -93.49764079999999,36.1523,0 -93.49730550000001,36.1523,0 -93.4970158,36.1522805,0 -93.4966323,36.1522285,0 -93.4962487,36.1521245,0 -93.49580080000001,36.1519903,0 -93.4953636,36.1518841,0 -93.4950364,36.1518408,0 -93.4945804,36.1518018,0 -93.4942398,36.1518127,0 -93.4939152,36.151856,0 -93.49337610000001,36.1519578,0 -93.49275800000001,36.152137,0 -93.49220270000001,36.1523147,0 -93.4900823,36.1529454,0 -93.4896425,36.1531145,0 -93.48921249999999,36.1533097,0 -93.4891155,36.1533537999999,0 -93.4885937,36.1536774,0 -93.48798219999999,36.1541647000001,0 -93.48740669999999,36.1546773,0 -93.48719740000001,36.1548412,0 -93.4848642,36.1564613,0 -93.48462000000001,36.1566455,0 -93.48223910000002,36.1582913,0 -93.48181040000001,36.1585566,0 -93.48151540000001,36.1586973,0 -93.4811881,36.1588293999999,0 -93.4808153,36.1589486,0 -93.4795225,36.1592972,0 -93.47912669999999,36.1594339,0 -93.47868560000002,36.1596004,0 -93.47805839999999,36.1599283,0 -93.47775760000002,36.1600703,0 -93.4770978,36.1604103,0 -93.4748981,36.16157,0 -93.47452819999999,36.1617746,0 -93.4742124,36.161986,0 -93.47390059999998,36.1622531,0 -93.4737665,36.1624238,0 -93.47357599999998,36.1626819,0 -93.4734114,36.1629552,0 -93.47280679999999,36.1641603,0 -93.4725407,36.1646828,0 -93.4720793,36.16572,0 -93.47124789999998,36.1676147,0 -93.4710413,36.1680088,0 -93.47080259999998,36.1683227,0 -93.47058,36.1685739,0 -93.4701803,36.1689052,0 -93.4697405,36.1691694,0 -93.46905660000002,36.1694866,0 -93.46809629999998,36.1699121,0 -93.46760810000001,36.1701546,0 -93.4671575,36.1704252,0 -93.4667015,36.1707392,0 -93.46610870000001,36.1712502,0 -93.4656528,36.1717114,0 -93.46532019999999,36.1721228,0 -93.4649366,36.1727334,0 -93.4646443,36.1733504,0 -93.4644485,36.1738939,0 -93.46433039999999,36.1743746,0 -93.4642527,36.1749202,0 -93.46412140000001,36.1760406,0 -93.4640595,36.1764574,0 -93.46394959999999,36.176845,0 -93.4637833,36.177265,0 -93.4635258,36.1777218,0 -93.4630272,36.1785247,0 -93.4628273,36.1788467,0 -93.4625885,36.1792333,0 -93.4619379,36.1802614,0 -93.4616188,36.1808405,0 -93.46139610000002,36.1813135,0 -93.46105609999999,36.1821066,0 -93.4607443,36.1831537000001,0 -93.46060480000001,36.183604,0 -93.46055769999998,36.1837562,0 -93.46021590000001,36.1847341,0 -93.4600255,36.1852169,0 -93.45971169999999,36.1857472,0 -93.4593469,36.1862278,0 -93.4589043,36.1866695,0 -93.45855790000002,36.1869645,0 -93.45838999999998,36.1870853,0 -93.45796560000001,36.187373,0 -93.4566707,36.1881314,0 -93.45626780000002,36.1884037,0 -93.45596190000001,36.1886546,0 -93.4555677,36.1890637,0 -93.45383289999999,36.1911789,0 -93.4535345,36.1914622,0 -93.4531377,36.1917667999999,0 -93.4527111,36.1919666,0 -93.4524219,36.1920819,0 -93.45169990000001,36.1922241,0 -93.45112319999998,36.1922566,0 -93.4491605,36.1921737,0 -93.44714819999999,36.192051,0 -93.4459358,36.1919795,0 -93.4454477,36.1919644,0 -93.44490319999998,36.1919904,0 -93.4442675,36.1920791,0 -93.44367740000001,36.1922177,0 -93.4424946,36.1925033999999,0 -93.4420681,36.192551,0 -93.44168190000001,36.1925532,0 -93.44130639999999,36.1924969,0 -93.44093890000001,36.192393,0 -93.439888,36.191985,0 -93.4394369,36.191854,0 -93.43898889999998,36.1917479000001,0 -93.4385249,36.191657,0 -93.4378061,36.1916051000001,0 -93.4348583,36.191657,0 -93.43434330000001,36.191644,0 -93.4340456,36.1916159,0 -93.4336808,36.1915206,0 -93.4333536,36.1913778,0 -93.43304259999999,36.1911888,0 -93.43292890000001,36.1910947000001,0 -93.43233170000001,36.1907089,0 -93.43204799999999,36.1905927,0 -93.4316142,36.1904545,0 -93.43126949999998,36.1903755,0 -93.4309478,36.1903476,0 -93.4304595,36.1903647,0 -93.4301895,36.1904168,0 -93.42996599999999,36.1904599,0 -93.42946980000001,36.1906396,0 -93.427919,36.1914092,0 -93.4270719,36.1918172,0 -93.426683,36.1919579,0 -93.42617329999999,36.1920726,0 -93.42572269999999,36.1921246,0 -93.42532309999999,36.1921267,0 -93.42482149999999,36.1920661,0 -93.4243092,36.1919406,0 -93.4239632,36.1918107,0 -93.42353939999998,36.1915856,0 -93.4220498,36.190736,0 -93.4201583,36.1896229,0 -93.4193257,36.1891308,0 -93.418814,36.188915,0 -93.41833860000001,36.1887758,0 -93.41775120000001,36.1886827,0 -93.41714769999999,36.1886437,0 -93.4163538,36.1886394,0 -93.4155573,36.1886441,0 -93.41404780000001,36.1886337,0 -93.4137198,36.1886307,0 -93.41264960000001,36.1886242,0 -93.41223929999998,36.1885983,0 -93.41164379999999,36.1885203,0 -93.4106809,36.1883082,0 -93.40752929999999,36.1875808,0 -93.4066522,36.1874055,0 -93.405405,36.1872063,0 -93.40469960000001,36.1871197,0 -93.4039346,36.1870438,0 -93.4028193,36.1869725,0 -93.4016311,36.1869465,0 -93.4007125,36.1869439,0 -93.3988228,36.1869357,0 -93.39800699999999,36.1869671,0 -93.3960199,36.1871219,0 -93.39552639999999,36.1871435,0 -93.39507039999999,36.1871262,0 -93.394662,36.1870770000001,0 -93.3925679,36.1865958,0 -93.3920767,36.186503,0 -93.39158620000002,36.1864811,0 -93.391141,36.1865006,0 -93.39063670000002,36.1866045,0 -93.39016739999998,36.1867517,0 -93.38979449999999,36.1869249,0 -93.38951110000001,36.1871016,0 -93.3893788,36.1872042,0 -93.38890950000001,36.1876356,0 -93.38837559999999,36.1883233,0 -93.38811820000001,36.1885615,0 -93.387857,36.188733,0 -93.387638,36.1888732,0 -93.38730009999999,36.1890204,0 -93.38683339999999,36.1891676,0 -93.3856371,36.1895204,0 -93.3851784,36.1896806,0 -93.38471979999998,36.1898863,0 -93.38433620000001,36.1900768,0 -93.3840627,36.1902326,0 -93.3836415,36.1904318,0 -93.38157250000002,36.1914747,0 -93.3807697,36.1919251,0 -93.38027809999998,36.1922609,0 -93.37987,36.192578,0 -93.3788598,36.1934488,0 -93.37847290000001,36.1938909,0 -93.37812949999999,36.1943217,0 -93.37765279999999,36.1949889,0 -93.3775515,36.1951306,0 -93.3772412,36.1955185,0 -93.3770406,36.1957568000001,0 -93.37679989999999,36.1959964,0 -93.37651490000002,36.1962416,0 -93.37619320000002,36.1964712999999,0 -93.3751524,36.1971486,0 -93.3746964,36.1974668,0 -93.37439060000001,36.1977611,0 -93.37404189999999,36.1981486,0 -93.37381390000002,36.1984559,0 -93.37330969999999,36.1990663,0 -93.3730655,36.1992763,0 -93.37279190000001,36.1994581,0 -93.3723895,36.1996529,0 -93.37190099999999,36.199825,0 -93.371679,36.199889,0 -93.37083149999999,36.2001663,0 -93.37077399999998,36.2001851,0 -93.3705626,36.2002529,0 -93.3700614,36.2004711,0 -93.36801119999998,36.2014417,0 -93.3674973,36.2016896,0 -93.36710289999999,36.2019213,0 -93.36490309999999,36.2033167,0 -93.36436849999998,36.2036373,0 -93.3640346,36.203815,0 -93.36369879999999,36.2039561,0 -93.36330079999999,36.2040911,0 -93.3625218,36.2042291,0 -93.3617318,36.2043086,0 -93.36079899999999,36.204428,0 -93.3603162,36.2044762000001,0 -93.35952760000001,36.2045677,0 -93.35633129999999,36.2049772,0 -93.35573310000001,36.2050422,0 -93.355363,36.2050638,0 -93.35503039999999,36.2050681,0 -93.35464149999999,36.205027,0 -93.35422579999999,36.2049469,0 -93.35379930000001,36.2048257,0 -93.35302680000001,36.2045768,0 -93.35255739999999,36.2044729,0 -93.3520639,36.2044188,0 -93.3516508,36.2044145,0 -93.3513773,36.2044275,0 -93.3510017,36.2044773,0 -93.35058870000002,36.2045638,0 -93.35023200000002,36.204666,0 -93.34985159999999,36.2047931,0 -93.349478,36.2049694,0 -93.34899009999999,36.2052694,0 -93.348518,36.2056179,0 -93.3474666,36.2064208,0 -93.34610060000001,36.2074322,0 -93.3450758,36.2082044,0 -93.3444588,36.2087037,0 -93.34403869999998,36.2090763,0 -93.34377859999999,36.2093771,0 -93.3434862,36.2097818,0 -93.34328499999999,36.2101042999999,0 -93.3430865,36.2105761,0 -93.34299489999999,36.2108978,0 -93.34292290000002,36.2113357000001,0 -93.34287209999999,36.2118175000001,0 -93.34286389999998,36.2127488,0 -93.34275930000001,36.2163303,0 -93.3426949,36.2167155,0 -93.3425984,36.2170271,0 -93.34250540000001,36.2172341,0 -93.3423248,36.2175486,0 -93.34217460000001,36.2177326,0 -93.34180980000001,36.2180766,0 -93.3414075,36.2184034,0 -93.3404063,36.2190544,0 -93.33924559999998,36.2198099,0 -93.3389291,36.2199982,0 -93.3384302,36.2202579,0 -93.3379328,36.2204458,0 -93.3375022,36.2206171,0 -93.33648289999999,36.2209243,0 -93.33622009999999,36.2210065,0 -93.3359931,36.221104,0 -93.335731,36.2212572,0 -93.3354803,36.2214289,0 -93.3351816,36.2217119,0 -93.3349596,36.2219803,0 -93.3348136,36.2222305,0 -93.33465950000001,36.2225346,0 -93.3345419,36.2229114,0 -93.33450809999999,36.2231205,0 -93.33450080000001,36.2231658,0 -93.33449570000001,36.2234713,0 -93.33453170000001,36.2237602,0 -93.33464579999999,36.2243884,0 -93.3348256,36.2253922,0 -93.33509840000002,36.2269153,0 -93.3352015,36.2274907,0 -93.3352596,36.2279291,0 -93.33527780000001,36.2282193,0 -93.335252,36.2287678,0 -93.3351978,36.2292008,0 -93.33513330000001,36.2294961,0 -93.33501990000002,36.2298282,0 -93.3349,36.2301249,0 -93.3346864,36.2305499,0 -93.3343565,36.2310844,0 -93.33386779999999,36.2318597,0 -93.3335915,36.2324092,0 -93.3334225,36.2328506,0 -93.3333018,36.2331881,0 -93.33202039999999,36.2376747,0 -93.3318427,36.238309,0 -93.3318089,36.2385738,0 -93.3318079,36.2390662,0 -93.3319248,36.2395037,0 -93.33205340000001,36.2400573,0 -93.3322477,36.2408401,0 -93.3323255,36.2413397999999,0 -93.3324375,36.2422045,0 -93.33244860000001,36.2424038,0 -93.3327348,36.2451153,0 -93.3327305,36.2455408,0 -93.3326986,36.2458033,0 -93.3326045,36.2462179,0 -93.33248110000001,36.2465748,0 -93.33205460000001,36.2475439,0 -93.33187220000001,36.2480868,0 -93.3315443,36.2490668,0 -93.33124599999999,36.2499231,0 -93.3312305,36.2499675,0 -93.33086,36.250651,0 -93.33072189999999,36.2509058,0 -93.330394,36.2515066,0 -93.33001590000001,36.2522112,0 -93.3296433,36.2528758,0 -93.32899959999999,36.2540481,0 -93.32875009999999,36.254418,0 -93.3283666,36.2548895,0 -93.32763630000001,36.2557695,0 -93.32717030000002,36.2563386,0 -93.3269293,36.2566675,0 -93.32670899999999,36.257087,0 -93.3265758,36.2573925,0 -93.3263781,36.2579891,0 -93.32634160000001,36.2581325000001,0 -93.3261538,36.2585772,0 -93.32600890000001,36.2588238,0 -93.32577019999999,36.259133,0 -93.325519,36.2593996,0 -93.3253299,36.2595596,0 -93.32440499999998,36.2603419,0 -93.3242717,36.2604546,0 -93.32385700000002,36.2607917,0 -93.3233857,36.2611812,0 -93.3226897,36.2617565,0 -93.32217740000002,36.2622258,0 -93.3219333,36.2624702,0 -93.32167579999999,36.2627209999999,0 -93.32148000000001,36.2629222,0 -93.32135529999999,36.2630682,0 -93.32124399999999,36.2632379,0 -93.32115140000001,36.2633915,0 -93.3205895,36.2644384,0 -93.3202221,36.2652233,0 -93.31992099999998,36.265802,0 -93.3197492,36.2661122,0 -93.319638,36.266306,0 -93.31936240000002,36.2667652,0 -93.31918469999999,36.2670004,0 -93.31905129999998,36.267122,0 -93.31872669999998,36.2674183,0 -93.3183324,36.2676908,0 -93.31792469999999,36.267907,0 -93.31662559999998,36.2685983,0 -93.31612499999999,36.2688931,0 -93.31516999999999,36.269535,0 -93.3144647,36.2700371,0 -93.3134857,36.2708999,0 -93.31318799999998,36.2711789,0 -93.312102,36.2724064,0 -93.3116028,36.2731483,0 -93.31112269999998,36.2739133,0 -93.3106362,36.2747329,0 -93.3103567,36.2752084,0 -93.30998539999999,36.2758367,0 -93.3098057,36.2761459,0 -93.3092505,36.2770584,0 -93.3088254,36.277772,0 -93.30860269999999,36.2781742,0 -93.3084297,36.2785082,0 -93.30804879999999,36.2792985,0 -93.30789199999998,36.279705,0 -93.30757680000001,36.280611,0 -93.30735149999998,36.2814305,0 -93.3073206,36.2815516,0 -93.3072495,36.2819094,0 -93.3070886,36.2828856,0 -93.3069921,36.2839386,0 -93.30695179999999,36.2844142,0 -93.30688850000001,36.2849055,0 -93.30684450000001,36.2852099,0 -93.3067198,36.2856607,0 -93.30657290000002,36.2860452,0 -93.3064328,36.2863482,0 -93.3062765,36.2866363,0 -93.306037,36.287011,0 -93.30556369999999,36.2875459,0 -93.3051851,36.2879513,0 -93.3039674,36.2891924000001,0 -93.3030157,36.2902193,0 -93.3028923,36.290349,0 -93.3023602,36.2908783,0 -93.30198969999999,36.2911705,0 -93.3017444,36.2913388,0 -93.30147950000001,36.2915191,0 -93.3006754,36.2918764,0 -93.2990676,36.2924928,0 -93.29894739999999,36.2925506,0 -93.2987469,36.2926471,0 -93.29851209999998,36.2927964,0 -93.29831160000001,36.2929746,0 -93.29823160000001,36.2930456,0 -93.2980577,36.2932186,0 -93.29802830000001,36.2932478,0 -93.2978193,36.2935245,0 -93.2977496,36.293606,0 -93.2976725,36.2936969,0 -93.29759359999998,36.2938295,0 -93.2975386,36.2938901,0 -93.29741249999999,36.2939777,0 -93.29735590000001,36.2940123,0 -93.29730529999999,36.2940431,0 -93.2972153,36.2940854,0 -93.29704069999998,36.294087,0 -93.29657820000001,36.2940896,0 -93.2959839,36.294113,0 -93.295846,36.294123,0 -93.29567400000002,36.294138,0 -93.29495630000001,36.2942236,0 -93.29487370000001,36.2942343,0 -93.29374199999999,36.2943813,0 -93.29253539999999,36.2945356,0 -93.292441,36.2945479,0 -93.29149919999999,36.2946708,0 -93.291352,36.29469,0 -93.2913045,36.2946971,0 -93.2907201,36.2947691,0 -93.2904255,36.2948047,0 -93.2902529,36.2948132,0 -93.29011629999999,36.2948086,0 -93.28996739999999,36.2947967,0 -93.28979510000001,36.2947668000001,0 -93.28958720000001,36.2946987,0 -93.28948260000001,36.2946581,0 -93.2893907,36.2946111,0 -93.28927270000001,36.2945387,0 -93.2892137,36.2944971,0 -93.2891035,36.2944172,0 -93.28868339999998,36.2939996,0 -93.2880067,36.2933172,0 -93.28761299999999,36.2929300000001,0 -93.287387,36.292711,0 -93.28719599999999,36.292562,0 -93.287057,36.292471,0 -93.28690899999999,36.29239,0 -93.2866059,36.2922474,0 -93.28643630000002,36.2921827,0 -93.28619,36.292104,0 -93.2858341,36.291999,0 -93.2855553,36.2919397,0 -93.28510860000002,36.2918572,0 -93.28459960000001,36.2918078,0 -93.2842737,36.2918039,0 -93.28407660000002,36.2918083,0 -93.28382979999999,36.2918288,0 -93.2826915,36.2919549,0 -93.2815689,36.2920912,0 -93.28104,36.292159,0 -93.28085900000002,36.292181,0 -93.279258,36.292384,0 -93.2785614,36.2924641,0 -93.27804,36.292524,0 -93.277826,36.292505,0 -93.277697,36.292514,0 -93.277522,36.292532,0 -93.27672800000001,36.2925809999999,0 -93.27584299999999,36.292625,0 -93.27530350000001,36.2926451,0 -93.27495699999999,36.292658,0 -93.27133400000001,36.292767,0 -93.27111989999999,36.2927746,0 -93.270627,36.292792,0 -93.26983799999998,36.292815,0 -93.267518,36.292882,0 -93.266707,36.2928940000001,0 -93.265126,36.2928260000001,0 -93.26442,36.29281,0 -93.263891,36.292807,0 -93.26300400000001,36.292819,0 -93.26061099999998,36.292843,0 -93.26007899999999,36.2928458,0 -93.259283,36.29285,0 -93.257508,36.292872,0 -93.256789,36.29289,0 -93.25641500000002,36.292915,0 -93.25627159999999,36.292926,0 -93.255482,36.293024,0 -93.25520800000001,36.293058,0 -93.255115,36.293074,0 -93.25497200000001,36.293088,0 -93.2547381,36.2931143,0 -93.2507674,36.2936098,0 -93.24793520000001,36.2939754,0 -93.247446,36.294043,0 -93.24701,36.294103,0 -93.246408,36.294196,0 -93.24609749999999,36.2942422,0 -93.24511099999998,36.294418,0 -93.244677,36.2944889999999,0 -93.2444864,36.2945147,0 -93.244083,36.294569,0 -93.243781,36.294598,0 -93.24291700000001,36.294706,0 -93.24269,36.294739,0 -93.24248990000001,36.2947646,0 -93.241798,36.294878,0 -93.24127099999998,36.294938,0 -93.24092100000001,36.294967,0 -93.24048000000001,36.294994,0 -93.24021500000001,36.295004,0 -93.23977399999998,36.295007,0 -93.23924199999999,36.294999,0 -93.238801,36.294979,0 -93.238361,36.294944,0 -93.23801,36.294907,0 -93.237748,36.294875,0 -93.237312,36.294811,0 -93.236964,36.294752,0 -93.23653100000001,36.294666,0 -93.236018,36.294547,0 -93.23559700000001,36.294437,0 -93.23526100000001,36.29434,0 -93.235011,36.294263,0 -93.234846,36.294208,0 -93.23443999999999,36.29406,0 -93.23387699999999,36.2938430000001,0 -93.231413,36.292843,0 -93.2309006,36.2926434,0 -93.23062,36.292521,0 -93.230356,36.292415,0 -93.229617,36.292116,0 -93.229432,36.292041,0 -93.22909,36.291906,0 -93.22864300000001,36.291731,0 -93.22823800000002,36.291587,0 -93.22799399999998,36.291508,0 -93.227577,36.29139,0 -93.227439,36.291355,0 -93.22732600000002,36.291326,0 -93.22689800000001,36.291231,0 -93.22664100000001,36.291182,0 -93.226296,36.291123,0 -93.22601500000002,36.2910830000001,0 -93.22560199999999,36.291038,0 -93.225335,36.2910179999999,0 -93.2251821,36.2910102,0 -93.224982,36.2910000000001,0 -93.22474649999999,36.2909842,0 -93.22453799999998,36.29099,0 -93.224272,36.290992,0 -93.22382699999999,36.291009,0 -93.223473,36.291032,0 -93.222994,36.29107,0 -93.22239900000001,36.291112,0 -93.222212,36.29112,0 -93.22187399999999,36.291158,0 -93.221208,36.291207,0 -93.21868500000001,36.291381,0 -93.2180556,36.2914431,0 -93.21749000000001,36.291499,0 -93.21745429999999,36.2915036,0 -93.2158362,36.2917106,0 -93.21556800000002,36.291745,0 -93.213431,36.292006,0 -93.21254500000001,36.292109,0 -93.21155599999999,36.292219,0 -93.21017200000001,36.292389,0 -93.208985,36.292545,0 -93.20828400000001,36.292642,0 -93.207369,36.292759,0 -93.20696599999999,36.292787,0 -93.206805,36.292798,0 -93.206299,36.292856,0 -93.20323849999998,36.2932089,0 -93.20215470000001,36.293389,0 -93.20145460000001,36.2935624,0 -93.1998351,36.2941267,0 -93.198688,36.2945006,0 -93.19761260000001,36.2947351000001,0 -93.1966932,36.2948575,0 -93.19589619999999,36.2948982,0 -93.1950696,36.2948847,0 -93.19436530000002,36.2948235,0 -93.1934881,36.2946807,0 -93.1923747,36.2944224,0 -93.19162400000002,36.294181,0 -93.1909745,36.2939023,0 -93.1902534,36.2935114,0 -93.1896545,36.2931715,0 -93.18868879999999,36.2925868,0 -93.1875754,36.2918934,0 -93.1868163,36.2914991,0 -93.18598119999999,36.2910776,0 -93.18517989999999,36.2907207,0 -93.1844925,36.2904317,0 -93.1842437,36.2903408,0 -93.1818616,36.2894612,0 -93.18105439999999,36.2891735,0 -93.180218,36.2888753,0 -93.17935700000001,36.288649,0 -93.17919600000002,36.288588,0 -93.17887500000001,36.288466,0 -93.177373,36.287908,0 -93.17614599999999,36.287453,0 -93.17573,36.287299,0 -93.17433800000001,36.286786,0 -93.174266,36.2867579999999,0 -93.17316799999999,36.286339,0 -93.17276599999998,36.286174,0 -93.17253700000001,36.286069,0 -93.17244100000002,36.286022,0 -93.17211399999999,36.285848,0 -93.172059,36.285819,0 -93.1714636,36.285471,0 -93.170869,36.285132,0 -93.170616,36.284988,0 -93.170292,36.284821,0 -93.17016099999999,36.284758,0 -93.16986899999999,36.284626,0 -93.16969600000002,36.284551,0 -93.168752,36.284175,0 -93.167923,36.283836,0 -93.167068,36.283478,0 -93.16680700000001,36.283361,0 -93.16668300000002,36.283303,0 -93.166296,36.283109,0 -93.165915,36.282902,0 -93.16558900000001,36.282714,0 -93.165232,36.282494,0 -93.16493199999999,36.282293,0 -93.164773,36.282182,0 -93.16463600000002,36.282087,0 -93.164528,36.282008,0 -93.1643929,36.2819097,0 -93.163642,36.281363,0 -93.16280399999999,36.280789,0 -93.1623098,36.2804497,0 -93.161362,36.279819,0 -93.16085099999998,36.27948,0 -93.16044499999998,36.2792160000001,0 -93.160363,36.279163,0 -93.1593228,36.2784973,0 -93.15897099999999,36.278278,0 -93.15885900000002,36.278215,0 -93.15804799999999,36.277734,0 -93.157669,36.277518,0 -93.1574091,36.2773758,0 -93.15671500000001,36.276996,0 -93.15620699999999,36.27672,0 -93.155568,36.276379,0 -93.1551,36.276125,0 -93.15502499999999,36.276084,0 -93.15429600000002,36.275681,0 -93.153676,36.275309,0 -93.153065,36.274922,0 -93.15296000000001,36.2748509999999,0 -93.15253479999998,36.2745664,0 -93.1518818,36.2741214,0 -93.1491226,36.2722368,0 -93.14834699999999,36.271707,0 -93.147992,36.271464,0 -93.147671,36.271247,0 -93.14734900000002,36.271022,0 -93.14721,36.270926,0 -93.146345,36.270344,0 -93.14613300000001,36.270214,0 -93.14599699999999,36.270131,0 -93.145613,36.26992,0 -93.145413,36.269816,0 -93.14501799999999,36.269631,0 -93.1450143,36.2696294,0 -93.144685,36.269488,0 -93.143681,36.269077,0 -93.1433815,36.26895,0 -93.142886,36.2687399,0 -93.142813,36.268709,0 -93.14249409999999,36.2685589,0 -93.14248800000001,36.268556,0 -93.14223200000001,36.268425,0 -93.14208600000001,36.268344,0 -93.141918,36.268251,0 -93.141549,36.268027,0 -93.141231,36.267822,0 -93.14020559999999,36.2670985000001,0 -93.13910799999998,36.266309,0 -93.139014,36.266241,0 -93.13891599999998,36.266171,0 -93.1387442,36.2660462,0 -93.1385734,36.2659221,0 -93.13813949999998,36.2656144,0 -93.13751999999998,36.265171,0 -93.13704079999998,36.2648348,0 -93.136602,36.264527,0 -93.136146,36.2642250000001,0 -93.135845,36.2640323,0 -93.135757,36.263976,0 -93.1355339,36.2638325,0 -93.13541499999999,36.263756,0 -93.1353093,36.2636865,0 -93.13452100000001,36.263168,0 -93.13446059999998,36.2631275000001,0 -93.13430599999998,36.26303,0 -93.13414800000001,36.262938,0 -93.133858,36.262789,0 -93.13343700000001,36.262577,0 -93.13314620000001,36.2624245,0 -93.132886,36.262288,0 -93.1327251,36.2622035,0 -93.13253,36.262101,0 -93.13224700000001,36.2619559999999,0 -93.131905,36.261788,0 -93.131593,36.261634,0 -93.1312212,36.2614604,0 -93.13093690000001,36.2613276,0 -93.13063800000002,36.261188,0 -93.13058169999999,36.2611631,0 -93.13029900000001,36.2610382000001,0 -93.13005250000001,36.2609293,0 -93.129873,36.26085,0 -93.1295209,36.2607039,0 -93.129003,36.260489,0 -93.1286976,36.2603613,0 -93.128426,36.2602478,0 -93.12832279999999,36.2602046,0 -93.128032,36.260083,0 -93.127903,36.260024,0 -93.12779900000001,36.259976,0 -93.127612,36.259877,0 -93.12741599999998,36.259761,0 -93.127171,36.259597,0 -93.12705200000001,36.259512,0 -93.126825,36.259331,0 -93.126716,36.259235,0 -93.12665150000001,36.259172,0 -93.1265465,36.2590695,0 -93.126507,36.259031,0 -93.12628789999999,36.2587962,0 -93.12588839999999,36.2583668,0 -93.125523,36.2579776,0 -93.12540199999999,36.257848,0 -93.125049,36.257468,0 -93.124342,36.256713,0 -93.12422999999998,36.256593,0 -93.12420849999998,36.25657,0 -93.12403799999998,36.256388,0 -93.12366699999998,36.255992,0 -93.123417,36.255717,0 -93.12318999999999,36.255489,0 -93.1231633,36.2554618,0 -93.12304700000001,36.2553431,0 -93.1228899,36.2551827,0 -93.12254059999999,36.2548262,0 -93.1224491,36.2547328,0 -93.12226699999999,36.254547,0 -93.121174,36.253423,0 -93.120963,36.253201,0 -93.120716,36.2529425,0 -93.12042499999998,36.252638,0 -93.1196844,36.2518782,0 -93.11953800000001,36.251728,0 -93.119394,36.2515735,0 -93.119291,36.251463,0 -93.119196,36.251351,0 -93.11910699999999,36.251233,0 -93.119027,36.251108,0 -93.118955,36.250979,0 -93.1189134,36.2508933,0 -93.118891,36.250847,0 -93.118833,36.250714,0 -93.118804,36.250633,0 -93.11878400000001,36.250577,0 -93.118725,36.250282,0 -93.1187109,36.2501622,0 -93.11870799999998,36.250138,0 -93.1187,36.250015,0 -93.118709,36.2499135,0 -93.11870399999999,36.249576,0 -93.11849100000001,36.249472,0 -93.11833900000002,36.249386,0 -93.118246,36.249334,0 -93.1179968,36.2491862,0 -93.11775199999998,36.249041,0 -93.11762900000001,36.2489679999999,0 -93.11737099999999,36.24881,0 -93.1167001,36.2484098,0 -93.11650160000001,36.2482913,0 -93.11579610000001,36.2478705,0 -93.1155236,36.2476959,0 -93.11524009999998,36.2475143,0 -93.11434599999998,36.246975,0 -93.113298,36.246339,0 -93.1130098,36.2461640999999,0 -93.111593,36.2453040000001,0 -93.1110645,36.2449828,0 -93.1105941,36.2446968,0 -93.11031990000001,36.2445301,0 -93.1098243,36.2442298,0 -93.1096187,36.2441045,0 -93.107354,36.2427367,0 -93.106944,36.242495,0 -93.10682850000001,36.2424294,0 -93.10669199999998,36.242354,0 -93.10654230000002,36.2422742,0 -93.10616539999999,36.2420824000001,0 -93.10600289999998,36.2419932,0 -93.105819,36.2418886,0 -93.10562189999999,36.2417636,0 -93.10540129999998,36.2416076,0 -93.1052226,36.241472,0 -93.1050474,36.2413293999999,0 -93.1049402,36.2412364,0 -93.1047828,36.2410996,0 -93.10463680000001,36.2409701,0 -93.1045465,36.2408892,0 -93.10438499999999,36.24073,0 -93.10428599999999,36.2406240000001,0 -93.1041402,36.2404507,0 -93.104106,36.24041,0 -93.10409799999999,36.240401,0 -93.10400899999999,36.240287,0 -93.10399000000001,36.240261,0 -93.1039129,36.2401574,0 -93.10383899999999,36.240049,0 -93.10376049999999,36.2399214,0 -93.10368699999999,36.239802,0 -93.10355199999999,36.239545,0 -93.10349100000001,36.239413,0 -93.10338400000001,36.239142,0 -93.103298,36.238865,0 -93.10322900000001,36.238582,0 -93.10317999999999,36.238294,0 -93.10315700000001,36.238003,0 -93.1031545,36.2377355,0 -93.10317499999999,36.237421,0 -93.103191,36.237276,0 -93.10321500000001,36.237133,0 -93.10324499999999,36.23699,0 -93.10334,36.23664,0 -93.10343899999999,36.236367,0 -93.103495,36.236233,0 -93.103621,36.235972,0 -93.10369199999998,36.235845,0 -93.103769,36.23572,0 -93.10385199999999,36.2356,0 -93.103954,36.235486,0 -93.104237,36.235154,0 -93.104326,36.235043,0 -93.10440699999999,36.234926,0 -93.10448,36.234803,0 -93.104536,36.234684,0 -93.10454099999998,36.234674,0 -93.10461299999999,36.23447,0 -93.104651,36.234326,0 -93.10469100000002,36.234117,0 -93.10469799999998,36.234046,0 -93.104686,36.233776,0 -93.104664,36.233635,0 -93.104612,36.233429,0 -93.10457479999999,36.2333276,0 -93.10453630000001,36.233243,0 -93.1044885,36.2331486,0 -93.10444029999999,36.233067,0 -93.10439299999999,36.2329953,0 -93.1043373,36.2329204,0 -93.1042788,36.2328481,0 -93.10372250000002,36.232292,0 -93.103419,36.232032,0 -93.103346,36.231959,0 -93.1031905,36.231817,0 -93.10307680000001,36.2317044,0 -93.102467,36.231139,0 -93.10225,36.230952,0 -93.10213899999999,36.230864,0 -93.101994,36.230762,0 -93.10184200000002,36.230666,0 -93.101716,36.230596,0 -93.10158800000001,36.2305320000001,0 -93.101533,36.2305098,0 -93.101457,36.230472,0 -93.101326,36.23042,0 -93.10119,36.230366,0 -93.101054,36.230321,0 -93.100776,36.230245,0 -93.10063499999998,36.230215,0 -93.10042300000001,36.230179,0 -93.100262,36.23016,0 -93.10009599999999,36.230144,0 -93.09992399999999,36.230134,0 -93.09978200000002,36.230133,0 -93.099495,36.230145,0 -93.09935199999998,36.230159,0 -93.09912,36.2301939999999,0 -93.098837,36.230256,0 -93.098507,36.230343,0 -93.09739399999999,36.230672,0 -93.097222,36.230727,0 -93.0962816,36.2310058,0 -93.09537699999998,36.231274,0 -93.09468200000001,36.231485,0 -93.0944794,36.2315388,0 -93.09418100000002,36.231639,0 -93.093777,36.231797,0 -93.0933368,36.2319853,0 -93.092975,36.23214,0 -93.0921228,36.2325143,0 -93.09092320000001,36.2330346,0 -93.090215,36.233338,0 -93.08873490000001,36.2339752,0 -93.08865400000001,36.2340099999999,0 -93.088612,36.2340256,0 -93.088517,36.234061,0 -93.0884332,36.2340884,0 -93.088376,36.234107,0 -93.08824,36.234143,0 -93.08808999999999,36.234176,0 -93.0880063,36.2341893,0 -93.08794500000002,36.234199,0 -93.087794,36.234215,0 -93.08751700000001,36.23423,0 -93.087464,36.234229,0 -93.087371,36.234226,0 -93.08736140000001,36.2342254,0 -93.087293,36.234223,0 -93.08722500000002,36.2342170000001,0 -93.087079,36.234202,0 -93.086932,36.23418,0 -93.0868571,36.2341645,0 -93.086787,36.23415,0 -93.086643,36.234111,0 -93.08650299999998,36.234066,0 -93.08641849999999,36.2340369,0 -93.086365,36.234014,0 -93.086316,36.2339930000001,0 -93.086229,36.2339549999999,0 -93.08609800000001,36.23389,0 -93.08597099999999,36.233816,0 -93.085847,36.2337349999999,0 -93.085728,36.2336469999999,0 -93.08561500000002,36.233551,0 -93.085511,36.233449,0 -93.08541,36.233341,0 -93.085317,36.233226,0 -93.085233,36.233105,0 -93.08515900000002,36.232978,0 -93.08509399999998,36.232844,0 -93.085041,36.232707,0 -93.08499999999998,36.232564,0 -93.08497199999999,36.23242,0 -93.08495600000001,36.2322739999999,0 -93.08495199999999,36.232128,0 -93.08495499999999,36.232053,0 -93.08497300000001,36.2319769999999,0 -93.084992,36.231831,0 -93.08503099999999,36.231673,0 -93.08510299999999,36.231484,0 -93.08520300000002,36.23129,0 -93.08555699999999,36.230659,0 -93.085623,36.2305320000001,0 -93.08568099999999,36.230401,0 -93.085733,36.230268,0 -93.08579899999999,36.230062,0 -93.085866,36.229782,0 -93.085897,36.229569,0 -93.08591,36.229355,0 -93.08590599999999,36.22914,0 -93.085888,36.228925,0 -93.085868,36.228784,0 -93.08584,36.228643,0 -93.08580600000001,36.228505,0 -93.08576600000002,36.228367,0 -93.085621,36.227962,0 -93.08513269999999,36.2266413,0 -93.08491189999999,36.2260437,0 -93.08459409999999,36.2251774,0 -93.08436500000001,36.224564,0 -93.084315,36.2243990000001,0 -93.084281,36.224285,0 -93.08413799999998,36.223648,0 -93.084101,36.223508,0 -93.084058,36.223371,0 -93.08400899999998,36.223236,0 -93.083966,36.223132,0 -93.083827,36.222842,0 -93.08368199999998,36.222594,0 -93.08365300000001,36.222551,0 -93.083522,36.222357,0 -93.083437,36.222239,0 -93.083325,36.222094,0 -93.08324460000001,36.2219547,0 -93.08283500000002,36.221419,0 -93.08282179999999,36.2213987,0 -93.0827354,36.2212654,0 -93.08260600000001,36.221096,0 -93.0824393,36.2208705,0 -93.08225749999998,36.2206246,0 -93.08182900000001,36.220045,0 -93.081717,36.219893,0 -93.08162800000001,36.219779,0 -93.081536,36.21967,0 -93.08133899999999,36.219462,0 -93.081126,36.219266,0 -93.080904,36.219082,0 -93.07990460000002,36.2183523,0 -93.079412,36.217999,0 -93.07899260000002,36.2176986,0 -93.07811489999999,36.2170575,0 -93.07748109999999,36.2166072,0 -93.07654700000001,36.2159352,0 -93.076252,36.215723,0 -93.07595800000001,36.215507,0 -93.075616,36.215233,0 -93.07523500000001,36.214895,0 -93.074482,36.2141439,0 -93.07422699999999,36.213891,0 -93.07389999999999,36.213563,0 -93.0737972,36.213454,0 -93.07375740000001,36.2134066,0 -93.0736747,36.2133033,0 -93.07361200000001,36.213228,0 -93.073525,36.213109,0 -93.07347900000001,36.213039,0 -93.073311,36.212773,0 -93.07294400000001,36.212191,0 -93.0728601,36.2120898,0 -93.07273100000002,36.211902,0 -93.072638,36.211796,0 -93.07259300000001,36.21175,0 -93.07253799999999,36.211694,0 -93.07243299999999,36.2115980000001,0 -93.07232299999998,36.211505,0 -93.072208,36.211418,0 -93.07204400000001,36.211307,0 -93.071963,36.211253,0 -93.071836,36.211182,0 -93.07158099999998,36.211055,0 -93.0712549,36.210906,0 -93.069016,36.209883,0 -93.0687526,36.2097631,0 -93.067775,36.2093181,0 -93.06745840000001,36.209174,0 -93.0651,36.2080928,0 -93.06434329999999,36.2077556,0 -93.064114,36.207651,0 -93.0622401,36.2067877,0 -93.0618358,36.2066139,0 -93.0615789,36.2064969999999,0 -93.060959,36.206215,0 -93.06036400000001,36.205954,0 -93.059708,36.205678,0 -93.059563,36.205626,0 -93.059482,36.20559,0 -93.05909699999999,36.205429,0 -93.05843,36.205136,0 -93.05823599999999,36.205036,0 -93.0580935,36.2049709,0 -93.0577431,36.2048169,0 -93.05612099999999,36.204069,0 -93.055994,36.204018,0 -93.055921,36.203989,0 -93.05469999999998,36.203429,0 -93.05460800000002,36.203384,0 -93.05265550000001,36.2024921999999,0 -93.05154429999999,36.2019847,0 -93.05116500000001,36.201819,0 -93.05092,36.201708,0 -93.050792,36.201654,0 -93.05018,36.201374,0 -93.049589,36.2011,0 -93.049296,36.2009767,0 -93.04899079999998,36.20086,0 -93.04851600000001,36.200668,0 -93.048367,36.200594,0 -93.047977,36.2004540000001,0 -93.047569,36.200299,0 -93.04734400000001,36.200203,0 -93.04669800000001,36.199932,0 -93.0465404,36.1998535,0 -93.046469,36.199824,0 -93.04604,36.199624,0 -93.04599,36.199594,0 -93.045912,36.199559,0 -93.04571799999999,36.199459,0 -93.045587,36.199388,0 -93.04514399999999,36.199149,0 -93.04485459999998,36.1989832,0 -93.04459790000001,36.1988425,0 -93.0430762,36.1980017,0 -93.0423807,36.1976169,0 -93.042151,36.1974898,0 -93.04201140000001,36.1974126,0 -93.04165279999999,36.1972115,0 -93.04089,36.196797,0 -93.040576,36.1966159999999,0 -93.03964000000001,36.196059,0 -93.039326,36.19588,0 -93.03905399999999,36.195713,0 -93.038813,36.195579,0 -93.038597,36.195468,0 -93.037886,36.195076,0 -93.03570089999999,36.1938705,0 -93.03462699999999,36.193278,0 -93.03359519999999,36.1927216,0 -93.0331453,36.1924653,0 -93.0330386,36.1923928,0 -93.032917,36.192314,0 -93.03267100000001,36.192149,0 -93.0325323,36.1920469,0 -93.03243999999999,36.191979,0 -93.03235999999998,36.191906,0 -93.03218699999998,36.192055,0 -93.03210800000001,36.192136,0 -93.031961,36.192268,0 -93.03181499999999,36.192434,0 -93.0316594,36.1926378,0 -93.03121400000002,36.193197,0 -93.03103299999998,36.193421,0 -93.03093499999999,36.193535,0 -93.03083049999999,36.1936791,0 -93.030182,36.19452,0 -93.02996300000001,36.194809,0 -93.029946,36.194833,0 -93.029797,36.195048,0 -93.02966499999998,36.195279,0 -93.02959500000001,36.19543,0 -93.02954099999999,36.195564,0 -93.029302,36.196286,0 -93.02913700000001,36.196791,0 -93.029072,36.197035,0 -93.028955,36.197427,0 -93.028819,36.197884,0 -93.02874600000001,36.198107,0 -93.02866399999999,36.198381,0 -93.02861,36.198582,0 -93.028339,36.199381,0 -93.02817999999999,36.199724,0 -93.028144,36.19978,0 -93.0280324,36.2000700999999,0 -93.0278234,36.2004181,0 -93.0273919,36.200982,0 -93.02699370000001,36.2013756,0 -93.0265342,36.2016957,0 -93.02604890000001,36.202025,0 -93.02555979999998,36.2022415,0 -93.0246921,36.2025224,0 -93.02414330000002,36.2026555,0 -93.02346539999999,36.2027918,0 -93.02156399999998,36.2032047,0 -93.02042499999999,36.2034429,0 -93.0195532,36.2036428,0 -93.018778,36.203823,0 -93.01809200000001,36.204044,0 -93.017413,36.204299,0 -93.0171095,36.2044169,0 -93.01688919999998,36.2045024,0 -93.01680159999999,36.2045365,0 -93.0165982,36.2046155,0 -93.01656059999999,36.2046305,0 -93.0155673,36.2050159,0 -93.01538400000001,36.205087,0 -93.01490600000001,36.205268,0 -93.01443399999999,36.205451,0 -93.013757,36.205705,0 -93.013411,36.20582,0 -93.01296730000001,36.205947,0 -93.01271,36.206012,0 -93.012353,36.20609,0 -93.011996,36.2061570000001,0 -93.01166699999999,36.206226,0 -93.01095300000001,36.206344,0 -93.010745,36.206366,0 -93.01014600000001,36.206473,0 -93.00992500000001,36.206513,0 -93.00849100000001,36.206749,0 -93.00777400000001,36.206857,0 -93.0074467,36.2068953,0 -93.00709799999998,36.206936,0 -93.007043,36.206942,0 -93.0069675,36.2069478,0 -93.00682099999999,36.206959,0 -93.006602,36.206969,0 -93.00627299999999,36.206977,0 -93.00575199999999,36.206978,0 -93.00553100000002,36.206968,0 -93.00516699999999,36.206966,0 -93.00335099999999,36.206935,0 -93.001609,36.206914,0 -93.000883,36.206892,0 -93.000665,36.206879,0 -93.000446,36.206861,0 -93.0003679,36.2068513,0 -93.00022800000001,36.2068339999999,0 -93.000012,36.206797,0 -92.99979999999999,36.206753,0 -92.99958799999999,36.206703,0 -92.99952089999999,36.2066843,0 -92.99916400000001,36.206585,0 -92.997517,36.206065,0 -92.9974206,36.2060341,0 -92.997084,36.205926,0 -92.99687799999998,36.205853,0 -92.99660799999999,36.205749,0 -92.995803,36.205415,0 -92.9957746,36.2054037,0 -92.9956657,36.2053604,0 -92.99560200000001,36.205335,0 -92.99539799999999,36.20526,0 -92.99525810000002,36.2052124,0 -92.99505399999998,36.205153,0 -92.994845,36.205102,0 -92.99463299999999,36.205061,0 -92.99442100000002,36.205025,0 -92.993989,36.204969,0 -92.992712,36.204827,0 -92.992335,36.20479,0 -92.99211900000002,36.204777,0 -92.99190299999998,36.204771,0 -92.991687,36.20477,0 -92.991658,36.2047712,0 -92.991472,36.2047789999999,0 -92.991342,36.2047892,0 -92.99125499999998,36.204796,0 -92.991038,36.204818,0 -92.990825,36.20485,0 -92.990611,36.204887,0 -92.99026099999999,36.20497,0 -92.99005200000001,36.205031,0 -92.98984400000001,36.205099,0 -92.98964099999999,36.205176,0 -92.98960999999998,36.20519,0 -92.9894207,36.2052727,0 -92.98931,36.205321,0 -92.988474,36.205711,0 -92.98839600000001,36.205747,0 -92.98806399999999,36.205893,0 -92.98779200000001,36.206001,0 -92.98765400000001,36.206048,0 -92.98751500000002,36.20609,0 -92.98723099999999,36.206156,0 -92.98695499999999,36.206207,0 -92.98680899999999,36.206224,0 -92.98666299999999,36.206235,0 -92.98651599999998,36.20624,0 -92.98636999999999,36.20624,0 -92.98622300000001,36.206235,0 -92.98593,36.206209,0 -92.98578599999999,36.206189,0 -92.98554919999999,36.2061433,0 -92.985496,36.206133,0 -92.98535200000001,36.206098,0 -92.98521300000002,36.206048,0 -92.98506999999999,36.206004,0 -92.98465219999999,36.2058566,0 -92.98370100000001,36.205521,0 -92.98335800000001,36.205408,0 -92.98308,36.205328,0 -92.98287000000002,36.2052781,0 -92.98279800000002,36.205261,0 -92.982513,36.205212,0 -92.98237,36.205195,0 -92.982083,36.205175,0 -92.981939,36.20517,0 -92.98165099999999,36.205175,0 -92.981363,36.205196,0 -92.98065,36.205281,0 -92.98052800000001,36.20531,0 -92.980388,36.205324,0 -92.979957,36.205384,0 -92.9795,36.205466,0 -92.9794484,36.2054742,0 -92.97926099999998,36.205504,0 -92.97890599999999,36.205545,0 -92.978754,36.205551,0 -92.978602,36.205566,0 -92.97831099999999,36.205574,0 -92.97815799999999,36.205562,0 -92.97793900000002,36.205551,0 -92.977722,36.205531,0 -92.97735800000001,36.205482,0 -92.977064,36.205431,0 -92.976851,36.205387,0 -92.97664099999999,36.205339,0 -92.97592099999999,36.205194,0 -92.97512879999999,36.2050245,0 -92.972375,36.204428,0 -92.97131,36.204201,0 -92.97053399999999,36.204029,0 -92.96957849999998,36.2038267,0 -92.96754799999999,36.203393,0 -92.967258,36.203343,0 -92.967051,36.203317,0 -92.96683400000001,36.203301,0 -92.966618,36.203296,0 -92.96647399999999,36.203299,0 -92.96618500000001,36.203318,0 -92.966044,36.203333,0 -92.965909,36.203347,0 -92.96576899999999,36.203369,0 -92.96527500000001,36.203475,0 -92.9651734,36.2034988,0 -92.964913,36.20356,0 -92.964759,36.203592,0 -92.96431700000001,36.203685,0 -92.96421599999999,36.203707,0 -92.964072,36.203731,0 -92.9639001,36.2037471,0 -92.96369799999998,36.203766,0 -92.96347799999999,36.203774,0 -92.96340100000002,36.203775,0 -92.96310800000001,36.203762,0 -92.962885,36.203738,0 -92.96275099999998,36.203714,0 -92.962536,36.203678,0 -92.96225,36.203619,0 -92.961561,36.203449,0 -92.961253,36.203366,0 -92.960688,36.203227,0 -92.960404,36.203168,0 -92.96011900000001,36.203121,0 -92.95983200000002,36.203084,0 -92.95947399999999,36.203054,0 -92.95903999999999,36.203038,0 -92.958679,36.203036,0 -92.95831800000001,36.203039,0 -92.95761200000001,36.203052,0 -92.95730700000001,36.203052,0 -92.957019,36.203047,0 -92.951268,36.2030990000001,0 -92.94887899999999,36.203121,0 -92.94808500000001,36.203117,0 -92.947648,36.203105,0 -92.947428,36.203092,0 -92.94720900000002,36.203074,0 -92.94699199999999,36.203051,0 -92.94677500000002,36.203023,0 -92.94648900000001,36.20298,0 -92.94606400000002,36.202903,0 -92.94563599999999,36.202811,0 -92.944121,36.20244,0 -92.943691,36.202335,0 -92.9423506,36.2020067000001,0 -92.94182499999999,36.201878,0 -92.94076600000001,36.201624,0 -92.94055200000001,36.201577,0 -92.94034000000001,36.201537,0 -92.94012700000002,36.201503,0 -92.93991300000002,36.201481,0 -92.93976900000001,36.201472,0 -92.93948,36.201468,0 -92.939336,36.201472,0 -92.93919200000001,36.201483,0 -92.938906,36.201518,0 -92.93876400000001,36.201541,0 -92.938711,36.201552,0 -92.938481,36.201601,0 -92.93831300000001,36.201644,0 -92.93806499999998,36.201721,0 -92.93792999999998,36.201769,0 -92.93766500000001,36.20188,0 -92.93649200000002,36.202434,0 -92.93629799999998,36.202532,0 -92.93617100000002,36.2026,0 -92.936105,36.202635,0 -92.93591600000002,36.202744,0 -92.93572800000001,36.202858,0 -92.935547,36.202979,0 -92.935371,36.203109,0 -92.935199,36.203244,0 -92.93503600000001,36.203388,0 -92.93488199999999,36.203539,0 -92.93473299999999,36.203698,0 -92.934591,36.203863,0 -92.934459,36.204034,0 -92.934336,36.20421,0 -92.93423300000001,36.2044,0 -92.934141,36.204598,0 -92.93406,36.204801,0 -92.93399100000001,36.205005,0 -92.93393399999999,36.205214,0 -92.933864,36.205562,0 -92.933815,36.205918,0 -92.933744,36.206636,0 -92.93371200000001,36.207074,0 -92.9336423,36.2078502,0 -92.93360199999999,36.208299,0 -92.93357099999999,36.2085880000001,0 -92.933537,36.208805,0 -92.93348900000001,36.209019,0 -92.933421,36.209227,0 -92.933346,36.2094260000001,0 -92.93324099999998,36.209619,0 -92.93311800000001,36.209805,0 -92.93284,36.210125,0 -92.93268099999999,36.210273,0 -92.93251099999999,36.210413,0 -92.93231899999999,36.210537,0 -92.93212800000001,36.210654,0 -92.93192300000001,36.21075,0 -92.931787,36.210809,0 -92.931541,36.210901,0 -92.931375,36.210952,0 -92.931161,36.211005,0 -92.930943,36.211044,0 -92.93082269999999,36.2110579,0 -92.93057899999999,36.211086,0 -92.93036379999999,36.2110967,0 -92.930216,36.211104,0 -92.929348,36.211113,0 -92.92716800000001,36.211122,0 -92.9260082,36.211138,0 -92.92585999999999,36.21114,0 -92.92564300000001,36.211146,0 -92.925428,36.211161,0 -92.92534499999999,36.21117,0 -92.92521199999999,36.211185,0 -92.92485399999998,36.211238,0 -92.92464099999999,36.211276,0 -92.92442899999999,36.21132,0 -92.92407799999999,36.211408,0 -92.923801,36.211487,0 -92.92359500000002,36.211552,0 -92.923391,36.211623,0 -92.92318999999999,36.211702,0 -92.92306700000002,36.2117563,0 -92.92299300000001,36.211789,0 -92.922603,36.211979,0 -92.922477,36.212047,0 -92.92240630000001,36.2120886,0 -92.922166,36.2122299999999,0 -92.921925,36.212388,0 -92.921808,36.212472,0 -92.92161900000001,36.212616,0 -92.92124800000001,36.212928,0 -92.92104800000001,36.213121,0 -92.92064299999998,36.213541,0 -92.92032200000001,36.213885,0 -92.919005,36.2152881,0 -92.918899,36.215401,0 -92.918594,36.2157129999999,0 -92.91838300000001,36.215911,0 -92.918161,36.216093,0 -92.917925,36.216262,0 -92.917801,36.2163399999999,0 -92.917675,36.216413,0 -92.91754400000001,36.216479,0 -92.917411,36.216539,0 -92.917276,36.2165939999999,0 -92.917142,36.216642,0 -92.91701400000001,36.216694,0 -92.91673700000001,36.216783,0 -92.915679,36.217079,0 -92.91533200000001,36.217183,0 -92.915195,36.21723,0 -92.914823,36.217379,0 -92.91460100000002,36.2175,0 -92.91447600000001,36.217573,0 -92.914354,36.217651,0 -92.91423500000001,36.217734,0 -92.91400899999999,36.2179119999999,0 -92.91351699999998,36.218331,0 -92.9126553,36.2190825,0 -92.91214899999999,36.219524,0 -92.910247,36.22121,0 -92.909817,36.221607,0 -92.90966100000001,36.22176,0 -92.90951300000002,36.221919,0 -92.90941900000001,36.22203,0 -92.90933,36.222144,0 -92.909246,36.222262,0 -92.90919600000001,36.22234,0 -92.90909499999999,36.222507,0 -92.90893799999999,36.222832,0 -92.908796,36.223163,0 -92.90852600000001,36.223836,0 -92.9084555,36.2240011,0 -92.90838499999998,36.224166,0 -92.90831,36.224365,0 -92.908213,36.224557,0 -92.908106,36.224748,0 -92.9080543,36.2248299,0 -92.90798800000002,36.224935,0 -92.907861,36.225108,0 -92.90768869999999,36.225317,0 -92.907584,36.225444,0 -92.90748000000001,36.225545,0 -92.90742,36.225603,0 -92.907256,36.22575,0 -92.907084,36.2258859999999,0 -92.90696600000001,36.225971,0 -92.906918,36.22601,0 -92.906736,36.226135,0 -92.90656199999999,36.226246,0 -92.90645429999999,36.2263057,0 -92.90637099999999,36.2263519999999,0 -92.905953,36.226538,0 -92.90574700000001,36.226622,0 -92.905539,36.226696,0 -92.90549520000002,36.226709,0 -92.905333,36.226757,0 -92.90512099999998,36.226812,0 -92.90490800000001,36.226859,0 -92.904691,36.226897,0 -92.90447500000002,36.226928,0 -92.901725,36.227211,0 -92.90136199999999,36.227253,0 -92.90098999999999,36.227305,0 -92.90079600000001,36.227354,0 -92.900587,36.227416,0 -92.90038300000001,36.227492,0 -92.900184,36.227576,0 -92.89998900000001,36.227672,0 -92.899801,36.227779,0 -92.89965990000002,36.2278723,0 -92.899621,36.227898,0 -92.899451,36.228031,0 -92.89929100000001,36.228175,0 -92.89913899999999,36.22833,0 -92.89873059999999,36.2287867,0 -92.898657,36.228869,0 -92.898467,36.229082,0 -92.89831500000001,36.229238,0 -92.89809799999999,36.229429,0 -92.89792300000001,36.229563,0 -92.8978455,36.2296199,0 -92.897682,36.229731,0 -92.89737599999999,36.229931,0 -92.895797,36.230931,0 -92.89554,36.231094,0 -92.8950566,36.2313993,0 -92.89492300000001,36.231481,0 -92.89461900000001,36.231667,0 -92.89352940000001,36.2323666,0 -92.89345600000001,36.232409,0 -92.893209,36.23256,0 -92.89297499999999,36.232711,0 -92.89273799999999,36.232858,0 -92.89254699999999,36.232965,0 -92.89248500000001,36.232997,0 -92.892354,36.233064,0 -92.892155,36.23316,0 -92.891606,36.233371,0 -92.8914,36.233442,0 -92.891199,36.233517,0 -92.89077700000001,36.233632,0 -92.89054199999998,36.233674,0 -92.89010700000001,36.233757,0 -92.889888,36.233788,0 -92.88967100000001,36.233813,0 -92.889071,36.233863,0 -92.88834699999998,36.233914,0 -92.88612300000001,36.234061,0 -92.885679,36.234087,0 -92.88523499999999,36.234094,0 -92.884792,36.234086,0 -92.88434900000001,36.234062,0 -92.87988799999999,36.233742,0 -92.879339,36.233698,0 -92.878878,36.233674,0 -92.87851900000001,36.233678,0 -92.87824899999998,36.233697,0 -92.87797999999999,36.233729,0 -92.87771400000001,36.233777,0 -92.877284,36.233883,0 -92.87611080000001,36.2342467,0 -92.87603900000001,36.2342689999999,0 -92.87538569999998,36.2344628,0 -92.875213,36.234514,0 -92.874792,36.234632,0 -92.874362,36.234741,0 -92.87393099999998,36.234839,0 -92.87311800000001,36.23501,0 -92.87253,36.235145,0 -92.87239700000001,36.235176,0 -92.87216100000001,36.235222,0 -92.87169800000001,36.23532,0 -92.87126099999999,36.235405,0 -92.87061600000001,36.235542,0 -92.87014600000001,36.235641,0 -92.869282,36.23581,0 -92.869123,36.235843,0 -92.86799000000002,36.236075,0 -92.867563,36.236169,0 -92.86713899999998,36.236282,0 -92.86689200000001,36.236361,0 -92.866649,36.236449,0 -92.86632999999999,36.236579,0 -92.8661942,36.2366402,0 -92.866017,36.23672,0 -92.86579,36.236838,0 -92.86556900000001,36.236961,0 -92.86535800000001,36.237092,0 -92.86515300000002,36.237229,0 -92.86489,36.237424,0 -92.86464499999998,36.237632,0 -92.864407,36.237848,0 -92.863477,36.238716,0 -92.863291,36.238869,0 -92.86309,36.239009,0 -92.86287900000001,36.239136,0 -92.86265999999999,36.239255,0 -92.862433,36.239363,0 -92.86211899999999,36.23949,0 -92.86171000000002,36.239622,0 -92.85880800000001,36.240486,0 -92.858664,36.240524,0 -92.858391,36.240597,0 -92.858135,36.240651,0 -92.85787699999999,36.240696,0 -92.85735500000001,36.240766,0 -92.8562877,36.2408736,0 -92.855491,36.240954,0 -92.85495900000001,36.240997,0 -92.854693,36.24101,0 -92.854167,36.2410019999999,0 -92.853112,36.240923,0 -92.852847,36.240914,0 -92.852583,36.240918,0 -92.85244599999999,36.240931,0 -92.85232399999998,36.240943,0 -92.85183299999998,36.241003,0 -92.851282,36.24107,0 -92.850388,36.24121,0 -92.85016400000001,36.2412389999999,0 -92.849951,36.241266,0 -92.84951700000001,36.241342,0 -92.849085,36.241425,0 -92.84865399999998,36.241513,0 -92.84856200000002,36.241534,0 -92.848223,36.241614,0 -92.84711900000001,36.241848,0 -92.846752,36.241911,0 -92.846479,36.241956,0 -92.84604400000001,36.24205,0 -92.845617,36.242151,0 -92.84536399999999,36.242216,0 -92.845265,36.242248,0 -92.84495,36.242344,0 -92.844708,36.242434,0 -92.84455199999999,36.242502,0 -92.84432000000001,36.242614,0 -92.84409599999999,36.242736,0 -92.84380100000001,36.242915,0 -92.843441,36.243154,0 -92.84329099999999,36.24326,0 -92.84324599999999,36.243297,0 -92.8430657,36.2434237,0 -92.84285300000001,36.243582,0 -92.84255880000001,36.2438228,0 -92.84231,36.24401,0 -92.84205,36.244193,0 -92.84187799999999,36.244306,0 -92.84027,36.245495,0 -92.83992699999999,36.245734,0 -92.83971000000001,36.245865,0 -92.839558,36.245943,0 -92.83931999999999,36.246045,0 -92.839077,36.246134,0 -92.83882800000001,36.246215,0 -92.83857,36.246287,0 -92.83830399999999,36.246344,0 -92.838032,36.246382,0 -92.837762,36.246425,0 -92.837588,36.24642,0 -92.83716599999998,36.246388,0 -92.83699300000001,36.246369,0 -92.836913,36.246357,0 -92.836821,36.246343,0 -92.836564,36.246296,0 -92.836142,36.246202,0 -92.8357281,36.2461077,0 -92.834242,36.245745,0 -92.833586,36.245585,0 -92.833331,36.245526,0 -92.833073,36.245473,0 -92.832814,36.245426,0 -92.8326015,36.2453943,0 -92.832553,36.245387,0 -92.83228699999999,36.24536,0 -92.83201099999999,36.245345,0 -92.831479,36.245337,0 -92.831014,36.245379,0 -92.830844,36.245399,0 -92.83059000000002,36.245436,0 -92.830337,36.245481,0 -92.830168,36.245517,0 -92.83000200000001,36.245559,0 -92.829837,36.245606,0 -92.82951199999998,36.245712,0 -92.829273,36.245805,0 -92.82896599999999,36.245944,0 -92.82866799999999,36.246098,0 -92.82837900000001,36.246264,0 -92.82810000000001,36.246442,0 -92.82796399999999,36.246535,0 -92.827834,36.246633,0 -92.82770999999998,36.246737,0 -92.827592,36.246844,0 -92.82736800000001,36.247068,0 -92.82726099999999,36.247183,0 -92.827061,36.247422,0 -92.82696799999998,36.247544,0 -92.826797,36.247797,0 -92.825988,36.249088,0 -92.82573600000001,36.249501,0 -92.82558299999999,36.249727,0 -92.82547099999998,36.249882,0 -92.825267,36.250196,0 -92.82512800000001,36.25038,0 -92.824972,36.25056,0 -92.82485800000001,36.250679,0 -92.82479700000002,36.250734,0 -92.82473400000002,36.250801,0 -92.82450799999999,36.250984,0 -92.82434500000001,36.251088,0 -92.82430100000001,36.251116,0 -92.82408,36.251234,0 -92.823849,36.251338,0 -92.823607,36.25143,0 -92.823358,36.251505,0 -92.82309999999998,36.25156,0 -92.822312,36.25168,0 -92.82225990000001,36.2516865,0 -92.820995,36.251845,0 -92.81923999999999,36.252083,0 -92.818359,36.252195,0 -92.81777599999998,36.252258,0 -92.81747799999999,36.25229,0 -92.81659000000001,36.252375,0 -92.81570299999998,36.252454,0 -92.81421539999998,36.252596,0 -92.813053,36.252707,0 -92.81191099999998,36.252813,0 -92.81122100000002,36.252877,0 -92.81084400000002,36.252912,0 -92.81066200000001,36.2529331,0 -92.81013799999999,36.252994,0 -92.80987500000002,36.253031,0 -92.809612,36.253074,0 -92.809353,36.253123,0 -92.808924,36.253217,0 -92.80866159999999,36.2532836,0 -92.80807299999999,36.253424,0 -92.807211,36.253624,0 -92.80713230000001,36.2536416,0 -92.806776,36.253721,0 -92.806507,36.253776,0 -92.80637299999998,36.25381,0 -92.806107,36.253848,0 -92.805938,36.253878,0 -92.80574900000002,36.253903,0 -92.805711,36.253906,0 -92.805474,36.253925,0 -92.80538499999999,36.253932,0 -92.805026,36.25394,0 -92.804847,36.253934,0 -92.80468400000001,36.253924,0 -92.80440299999999,36.253905,0 -92.80422800000001,36.253885,0 -92.80385300000002,36.253829,0 -92.80377450000002,36.2538148,0 -92.803443,36.253755,0 -92.803276,36.253714,0 -92.80279700000001,36.253575,0 -92.802412,36.25344,0 -92.802334,36.253416,0 -92.802218,36.253389,0 -92.80191999999998,36.253259,0 -92.801749,36.253199,0 -92.801491,36.253125,0 -92.80131599999999,36.253087,0 -92.80105199999998,36.253044,0 -92.800786,36.253019,0 -92.80038800000001,36.253007,0 -92.80007600000002,36.252998,0 -92.799724,36.252983,0 -92.79955,36.252968,0 -92.79901100000001,36.252902,0 -92.79875199999999,36.252806,0 -92.798503,36.252721,0 -92.79765200000001,36.252324,0 -92.79751099999999,36.252267,0 -92.79684,36.251996,0 -92.796729,36.251951,0 -92.79587899999999,36.251748,0 -92.795389,36.251683,0 -92.79498199999999,36.251629,0 -92.79410499999999,36.251506,0 -92.79325,36.251356,0 -92.79311319999998,36.2513187,0 -92.79243099999999,36.251133,0 -92.79158600000001,36.250834,0 -92.79118200000001,36.250687,0 -92.790779,36.250554,0 -92.79054559999999,36.250498,0 -92.79035399999998,36.250452,0 -92.7900994,36.2504243,0 -92.7900435,36.2504182,0 -92.78991300000001,36.250404,0 -92.78947899999999,36.2504050000001,0 -92.78892200000001,36.250456,0 -92.78875600000001,36.250491,0 -92.788481,36.250571,0 -92.78805199999998,36.250718,0 -92.7877019,36.2508415,0 -92.78722700000002,36.251009,0 -92.786399,36.251247,0 -92.785546,36.251419,0 -92.784682,36.2515459999999,0 -92.78428719999999,36.2516012,0 -92.783816,36.251667,0 -92.782898,36.251789,0 -92.782673,36.251813,0 -92.782383,36.25182,0 -92.78211,36.251805,0 -92.78194099999999,36.2517842,0 -92.781842,36.251772,0 -92.780993,36.251594,0 -92.78015199999999,36.251397,0 -92.77942299999999,36.251271,0 -92.7791869,36.2512421,0 -92.77915299999999,36.251238,0 -92.77908360000001,36.2512325,0 -92.77893899999999,36.251221,0 -92.77883100000001,36.251221,0 -92.778344,36.251254,0 -92.777556,36.251363,0 -92.77745299999999,36.251377,0 -92.77663200000002,36.251503,0 -92.77487199999999,36.25178,0 -92.77450099999999,36.251832,0 -92.773983,36.251904,0 -92.77338399999999,36.251948,0 -92.77308899999998,36.25197,0 -92.77265,36.251976,0 -92.77227700000002,36.2519709,0 -92.772209,36.25197,0 -92.77176499999999,36.251944,0 -92.771266,36.251899,0 -92.77113300000001,36.251887,0 -92.77087400000002,36.251857,0 -92.77025,36.251796,0 -92.768569,36.251633,0 -92.76741599999998,36.251503,0 -92.76697900000001,36.251426,0 -92.766621,36.251329,0 -92.766559,36.2513120000001,0 -92.766121,36.251154,0 -92.76496,36.250597,0 -92.764748,36.25049,0 -92.764414,36.250334,0 -92.76416999999999,36.250227,0 -92.76390900000001,36.25015,0 -92.763642,36.2500939999999,0 -92.763372,36.250055,0 -92.76310400000001,36.250037,0 -92.76284000000001,36.250034,0 -92.762401,36.250062,0 -92.76187400000002,36.250112,0 -92.76073700000001,36.25023,0 -92.76022399999998,36.250273,0 -92.75958799999999,36.250344,0 -92.75927299999999,36.250376,0 -92.75850000000001,36.250434,0 -92.75804400000001,36.250493,0 -92.757611,36.250556,0 -92.75716799999999,36.250651,0 -92.75696000000001,36.250702,0 -92.756687,36.250787,0 -92.756265,36.250941,0 -92.755866,36.251112,0 -92.75465,36.251711,0 -92.754476,36.251791,0 -92.754223,36.251914,0 -92.753745,36.252107,0 -92.753411,36.252227,0 -92.751744,36.252776,0 -92.75092799999999,36.253037,0 -92.75012899999999,36.253243,0 -92.7493267,36.253442,0 -92.7491467,36.2534835,0 -92.74886860000001,36.2535381,0 -92.7481624,36.2536355,0 -92.7477748,36.2536911,0 -92.74730309999998,36.253724,0 -92.74649879999998,36.2537655,0 -92.7434088,36.2539368,0 -92.74212670000001,36.2540103,0 -92.73847090000001,36.2542309,0 -92.73524690000002,36.2544256,0 -92.73377429999999,36.2545099,0 -92.7320926,36.254603,0 -92.73182770000001,36.2546224,0 -92.7313496,36.254644,0 -92.730384,36.254696,0 -92.72986639999999,36.2547392,0 -92.72964639999999,36.2547587,0 -92.72914220000001,36.2548192,0 -92.7288149,36.2548776,0 -92.7283643,36.2549858,0 -92.7279647,36.2551069,0 -92.727176,36.255439,0 -92.725945,36.255943,0 -92.72560199999999,36.256078,0 -92.72530389999999,36.2561819,0 -92.72449899999999,36.256405,0 -92.724076,36.25649,0 -92.72348599999999,36.256576,0 -92.723,36.256578,0 -92.72211,36.256539,0 -92.72168199999999,36.25649,0 -92.721236,36.256407,0 -92.720856,36.256319,0 -92.72078200000001,36.256298,0 -92.720378,36.256181,0 -92.72000300000001,36.256039,0 -92.719573,36.255861,0 -92.718834,36.255459,0 -92.71844,36.255168,0 -92.71834200000001,36.255087,0 -92.71818399999999,36.254956,0 -92.71757599999999,36.254425,0 -92.71712599999999,36.254027,0 -92.716976,36.253894,0 -92.716674,36.253627,0 -92.71650599999998,36.253486,0 -92.716362,36.253367,0 -92.71615299999999,36.253174,0 -92.714462,36.251678,0 -92.713522,36.25082,0 -92.713482,36.250784,0 -92.71326999999998,36.250562,0 -92.71317000000001,36.2504498,0 -92.71306500000001,36.250332,0 -92.7128714,36.250076,0 -92.71283199999999,36.250024,0 -92.71262800000001,36.249704,0 -92.71243600000001,36.2493759999999,0 -92.71206599999999,36.248719,0 -92.71195899999998,36.24852,0 -92.711708,36.248053,0 -92.711381,36.24738,0 -92.710925,36.246376,0 -92.710459,36.24535,0 -92.71028099999999,36.245023,0 -92.710033,36.244725,0 -92.70970800000001,36.244482,0 -92.70950200000001,36.244376,0 -92.70933100000001,36.244287,0 -92.708541,36.24394,0 -92.70829999999999,36.2438440000001,0 -92.70814699999998,36.243783,0 -92.70781940000001,36.243661,0 -92.707756,36.243635,0 -92.7076038,36.2435712,0 -92.70735910000001,36.2434859,0 -92.70717,36.24342,0 -92.70654,36.243198,0 -92.70619000000002,36.24307,0 -92.706003,36.242995,0 -92.70585199999999,36.242923,0 -92.70571200000002,36.242845,0 -92.70549699999999,36.242694,0 -92.70541799999999,36.242632,0 -92.7053262,36.2425491,0 -92.70516249999999,36.242335,0 -92.70472800000002,36.241647,0 -92.704215,36.240807,0 -92.704142,36.240687,0 -92.70403659999999,36.2405198,0 -92.7037871,36.2401243,0 -92.70372200000001,36.240021,0 -92.70348900000002,36.239715,0 -92.703208,36.239432,0 -92.702534,36.2388203,0 -92.7024596,36.2387528,0 -92.7023841,36.2386843,0 -92.70233200000001,36.238637,0 -92.7022752,36.238569,0 -92.70210179999998,36.2383616,0 -92.70207700000002,36.238332,0 -92.70195,36.237985,0 -92.701897,36.237627,0 -92.701821,36.23727,0 -92.701716,36.237049,0 -92.70165899999999,36.236929,0 -92.70141,36.236626,0 -92.701103,36.236365,0 -92.69919000000002,36.234869,0 -92.698494,36.234332,0 -92.698362,36.234216,0 -92.69800600000001,36.233951,0 -92.69790500000001,36.233875,0 -92.697845,36.233824,0 -92.69718899999999,36.233313,0 -92.69653000000001,36.232823,0 -92.69584399999999,36.232362,0 -92.69446600000001,36.231497,0 -92.69440109999999,36.2314563,0 -92.69421699999999,36.231341,0 -92.69375999999998,36.231054,0 -92.693699,36.231024,0 -92.693229,36.230713,0 -92.69152300000002,36.229517,0 -92.691447,36.229462,0 -92.69123500000001,36.229296,0 -92.69068099999998,36.228889,0 -92.69036000000001,36.228637,0 -92.690065,36.228374,0 -92.69001299999999,36.228321,0 -92.68979099999999,36.228097,0 -92.68953300000001,36.227809,0 -92.68929399999999,36.227513,0 -92.68878799999999,36.226808,0 -92.68868400000001,36.2266639999999,0 -92.688605,36.226544,0 -92.68834979999998,36.2262352,0 -92.68821699999999,36.226175,0 -92.6881289,36.2261584000001,0 -92.68784700000002,36.226144,0 -92.687236,36.226133,0 -92.68695700000002,36.2261231,0 -92.686441,36.226108,0 -92.68564910000002,36.2260749,0 -92.685267,36.226059,0 -92.6848698,36.2260339,0 -92.68470259999999,36.2260357,0 -92.6839607,36.2259983,0 -92.68392369999999,36.2259964,0 -92.68374970000001,36.2259876,0 -92.68358359999999,36.2259792,0 -92.68328169999999,36.225964,0 -92.6829589,36.2259487,0 -92.6828604,36.2259427,0 -92.6823431,36.2259166,0 -92.68154,36.2258759999999,0 -92.68121030000002,36.2258512,0 -92.68080999999998,36.2258213,0 -92.6802283,36.2257749,0 -92.679723,36.225728,0 -92.6791527,36.2256935,0 -92.677361,36.2255853,0 -92.677339,36.225584,0 -92.676801,36.225565,0 -92.67571799999999,36.225539,0 -92.67561000000001,36.225547,0 -92.67523,36.225551,0 -92.674964,36.22554,0 -92.67461100000001,36.225536,0 -92.67362199999999,36.225507,0 -92.67327899999999,36.225503,0 -92.67317799999998,36.225502,0 -92.672747,36.225478,0 -92.67230599999999,36.225437,0 -92.671772,36.225377,0 -92.67088200000001,36.225287,0 -92.67061400000001,36.225271,0 -92.67034399999999,36.225267,0 -92.670074,36.225273,0 -92.66980599999999,36.225292,0 -92.66953899999999,36.225323,0 -92.66927499999998,36.22537,0 -92.669016,36.225427,0 -92.668761,36.225496,0 -92.66851,36.225576,0 -92.668266,36.225667,0 -92.66803,36.225769,0 -92.667799,36.225879,0 -92.667576,36.226004,0 -92.66736400000001,36.226137,0 -92.667151,36.226278,0 -92.66695999999999,36.226429,0 -92.666788,36.226586,0 -92.666616,36.226754,0 -92.666456,36.226929,0 -92.666307,36.227109,0 -92.66616999999999,36.2272960000001,0 -92.666042,36.227487,0 -92.665522,36.228341,0 -92.66541299999999,36.22853,0 -92.66535399999998,36.228624,0 -92.665137,36.228973,0 -92.66501,36.229161,0 -92.664917,36.229283,0 -92.664742,36.229457,0 -92.66469000000001,36.229516,0 -92.66447899999999,36.229718,0 -92.66441399999999,36.229771,0 -92.66407000000001,36.230027,0 -92.66378020000001,36.2302536,0 -92.663749,36.230278,0 -92.66308299999999,36.230767,0 -92.662333,36.231305,0 -92.662071,36.231503,0 -92.661648,36.231849,0 -92.66146500000001,36.232008,0 -92.66134099999998,36.2321206,0 -92.66086799999999,36.23255,0 -92.660678,36.232707,0 -92.6604789,36.2328647,0 -92.66042299999998,36.232909,0 -92.66030600000001,36.232989,0 -92.66022100000001,36.233048,0 -92.660112,36.233115,0 -92.659772,36.233272,0 -92.659363,36.233423,0 -92.658936,36.233524,0 -92.658497,36.233571,0 -92.658445,36.233573,0 -92.65805799999998,36.233585,0 -92.65721600000001,36.2336039999999,0 -92.65702300000001,36.233609,0 -92.65657899999999,36.233645,0 -92.65622999999999,36.233707,0 -92.65589399999999,36.2337940000001,0 -92.65565100000002,36.2338810000001,0 -92.655415,36.233978,0 -92.65510799999998,36.234121,0 -92.653913,36.234714,0 -92.65361099999998,36.23487,0 -92.65347599999998,36.23494,0 -92.653006,36.235172,0 -92.652779,36.235295,0 -92.652559,36.235428,0 -92.65212900000002,36.235723,0 -92.651948,36.235884,0 -92.651782,36.236055,0 -92.65158800000002,36.236287,0 -92.6514128,36.2365111,0 -92.65123240000001,36.2367546,0 -92.65097400000001,36.237077,0 -92.65036499999999,36.237875,0 -92.650209,36.23806,0 -92.65010599999999,36.238205,0 -92.64990520000001,36.2384683,0 -92.64881,36.2398880000001,0 -92.648357,36.240488,0 -92.64830600000001,36.240551,0 -92.648111,36.240788,0 -92.64793400000002,36.240965,0 -92.647769,36.24112,0 -92.64744099999999,36.241389,0 -92.646817,36.241823,0 -92.64662299999999,36.24197,0 -92.64641900000001,36.2421029999999,0 -92.64615999999999,36.242291,0 -92.64575000000001,36.242567,0 -92.64553600000001,36.242701,0 -92.64531700000001,36.242824,0 -92.64519500000002,36.242887,0 -92.64509,36.24294,0 -92.644465,36.243203,0 -92.64434000000001,36.24326,0 -92.644166,36.243321,0 -92.64364399999999,36.243466,0 -92.643458,36.243509,0 -92.64330800000002,36.243542,0 -92.64278000000002,36.243628,0 -92.64252200000001,36.2436569999999,0 -92.64218099999999,36.243678,0 -92.641842,36.243694,0 -92.64166099999998,36.243693,0 -92.641293,36.24368,0 -92.641025,36.243659,0 -92.64076,36.243619,0 -92.640501,36.243593,0 -92.64033000000002,36.243562,0 -92.63982,36.243441,0 -92.638734,36.243135,0 -92.63849500000001,36.243078,0 -92.638245,36.243025,0 -92.63803900000001,36.242992,0 -92.63779100000001,36.242968,0 -92.63763299999998,36.2429589999999,0 -92.63750899999999,36.242952,0 -92.63723300000001,36.242951,0 -92.636961,36.242962,0 -92.636691,36.242987,0 -92.636426,36.243029,0 -92.636191,36.243076,0 -92.63616400000001,36.243081,0 -92.63590900000001,36.243147,0 -92.635659,36.243227,0 -92.635249,36.24338,0 -92.635116,36.243446,0 -92.635024,36.243491,0 -92.63371100000001,36.244119,0 -92.6322732,36.2447945,0 -92.63216999999999,36.244843,0 -92.63116399999998,36.245324,0 -92.630925,36.245429,0 -92.63047899999999,36.245664,0 -92.63026000000001,36.245792,0 -92.63005200000001,36.245932,0 -92.62985399999999,36.246079,0 -92.62972600000002,36.24618,0 -92.62954499999999,36.246339,0 -92.629369,36.246504,0 -92.62762499999999,36.248181,0 -92.62745299999999,36.248344,0 -92.62728899999999,36.248515,0 -92.62713199999999,36.248694,0 -92.626983,36.248872,0 -92.626656,36.249369,0 -92.6259249,36.2505025,0 -92.62557700000001,36.251042,0 -92.625455,36.2512359999999,0 -92.625232,36.251633,0 -92.62514199999998,36.251839,0 -92.62506,36.252056,0 -92.625033,36.252157,0 -92.624989,36.252343,0 -92.62495199999999,36.252557,0 -92.62492559999998,36.2528279,0 -92.624904,36.253049,0 -92.6248162,36.2538112,0 -92.62469,36.254906,0 -92.624655,36.255107,0 -92.62463199999999,36.255241,0 -92.62459929999999,36.2554871,0 -92.624583,36.25561,0 -92.62454699999999,36.255831,0 -92.62449599999999,36.256046,0 -92.62441699999999,36.256261,0 -92.624331,36.256469,0 -92.624227,36.25666,0 -92.624109,36.256856,0 -92.62398899999999,36.257028,0 -92.62397499999999,36.257048,0 -92.62382399999998,36.257226,0 -92.62364599999999,36.25739,0 -92.62347800000001,36.257552,0 -92.62327500000001,36.257693,0 -92.62308,36.257835,0 -92.62264500000001,36.258071,0 -92.622409,36.258171,0 -92.622165,36.258261,0 -92.62188500000001,36.258357,0 -92.62034389999999,36.258881,0 -92.6192571,36.2592546,0 -92.618979,36.259365,0 -92.6187329,36.2594758,0 -92.61844309999999,36.2596335,0 -92.61821620000001,36.2597783,0 -92.6180495,36.2598964,0 -92.6177988,36.2601129,0 -92.61723979999999,36.2606177,0 -92.61720110000002,36.260655,0 -92.61673549999999,36.2610644,0 -92.61652679999999,36.2612266,0 -92.61628829999998,36.2613849000001,0 -92.6160498,36.2615130999999,0 -92.61568889999999,36.2616698,0 -92.61549580000001,36.2617454,0 -92.6152506,36.2618239,0 -92.61502179999999,36.2618901,0 -92.6148099,36.261928,0 -92.61446979999999,36.2619838,0 -92.6143036,36.2619995,0 -92.6140872,36.2620199,0 -92.6137469,36.2620239,0 -92.61344169999998,36.2620056,0 -92.613156,36.2619638,0 -92.61284360000001,36.2619019,0 -92.6122922,36.2617577,0 -92.6110525,36.2614169,0 -92.6107116,36.2613428,0 -92.610466,36.261301,0 -92.61014519999999,36.261262,0 -92.609781,36.2612377,0 -92.60945190000001,36.2612364,0 -92.60909100000001,36.2612391,0 -92.6078011,36.2612485,0 -92.60495740000002,36.2612714,0 -92.6012384,36.2613046,0 -92.60002489999999,36.2613153,0 -92.5994876,36.2613304,0 -92.5990532,36.2613463,0 -92.59844579999999,36.261389,0 -92.5979719,36.2614263,0 -92.5975177,36.2614655,0 -92.5970533,36.2615162,0 -92.59695729999999,36.2615283,0 -92.5965157,36.2615837,0 -92.5948329,36.2617961,0 -92.5943122,36.261857,0 -92.59396769999999,36.2618757,0 -92.5936076,36.2618835,0 -92.5932399,36.2618695,0 -92.5928701,36.2618383,0 -92.59234170000001,36.2617805,0 -92.59215769999999,36.2617521,0 -92.59133319999999,36.2616245,0 -92.58958800000001,36.2613414,0 -92.5894421,36.2613237,0 -92.5889947,36.2612695999999,0 -92.58869830000002,36.2612385,0 -92.5881005,36.2611757,0 -92.5872359,36.2611159,0 -92.58644769999999,36.26108,0 -92.5857717,36.2610595,0 -92.5849029,36.2610509,0 -92.58337300000001,36.2610339,0 -92.58190460000002,36.2610202,0 -92.58125630000001,36.2610307,0 -92.5804043,36.2610407,0 -92.5795652,36.2610475,0 -92.57900979999999,36.2610542,0 -92.57823019999998,36.2610766,0 -92.57635530000002,36.2611066,0 -92.5745411,36.2611364,0 -92.5740284,36.2611485,0 -92.5738164,36.2611535,0 -92.57343069999999,36.2611791,0 -92.5729984,36.2612303000001,0 -92.57262760000002,36.2612867,0 -92.5722949,36.2613585,0 -92.57209359999999,36.2614166,0 -92.57181169999998,36.2614957,0 -92.57162940000002,36.2615528,0 -92.57060189999999,36.2618745,0 -92.5698435,36.2621081,0 -92.56848840000001,36.2625256,0 -92.5682888,36.2625863,0 -92.568026,36.262665,0 -92.567609,36.262802,0 -92.567196,36.262946,0 -92.566896,36.263044,0 -92.566535,36.263162,0 -92.56619600000002,36.263256,0 -92.56613999999999,36.263269,0 -92.56593899999999,36.263317,0 -92.56576099999999,36.263341,0 -92.56562,36.263354,0 -92.565331,36.263374,0 -92.565195,36.263378,0 -92.56430699999999,36.2633881,0 -92.563638,36.263373,0 -92.56348,36.2633700000001,0 -92.563104,36.263388,0 -92.562836,36.263417,0 -92.56265500000002,36.263447,0 -92.56248100000001,36.263483,0 -92.562309,36.2635249999999,0 -92.56213999999999,36.263572,0 -92.561892,36.263652,0 -92.56164800000001,36.263744,0 -92.560205,36.26433,0 -92.559657,36.264569,0 -92.55930999999998,36.264732,0 -92.558575,36.265122,0 -92.5581368,36.2653695,0 -92.55787599999998,36.2655168,0 -92.55740099999998,36.2657900000001,0 -92.5572288,36.2658958,0 -92.55676199999999,36.266182,0 -92.555767,36.266877,0 -92.555442,36.267127,0 -92.552314,36.2696939999999,0 -92.551731,36.270166,0 -92.551074,36.27071,0 -92.55079000000002,36.270944,0 -92.55046400000001,36.271202,0 -92.55034999999999,36.271304,0 -92.55006590000002,36.2715359,0 -92.54979000000002,36.271761,0 -92.54970309999999,36.2718333,0 -92.54929589999999,36.2721721,0 -92.549224,36.272232,0 -92.54886,36.272554,0 -92.548653,36.2727565,0 -92.548632,36.272777,0 -92.548371,36.273055,0 -92.548205,36.273243,0 -92.54795900000001,36.273546,0 -92.54774590000001,36.2738467,0 -92.547735,36.273862,0 -92.547327,36.274511,0 -92.54717400000001,36.274762,0 -92.54548189999998,36.2775363,0 -92.545074,36.278205,0 -92.54475100000001,36.278721,0 -92.54466499999998,36.278848,0 -92.544484,36.279095,0 -92.544245,36.279398,0 -92.544144,36.279517,0 -92.54402899999999,36.279629,0 -92.543769,36.279916,0 -92.543536,36.280136,0 -92.54329799999999,36.280351,0 -92.543052,36.280559,0 -92.54292599999998,36.280658,0 -92.54259499999999,36.2809,0 -92.54218299999999,36.281176,0 -92.541899,36.281353,0 -92.54174300000001,36.281435,0 -92.541448,36.281599,0 -92.540846,36.281891,0 -92.54052799999999,36.282023,0 -92.538928,36.282641,0 -92.53645699999998,36.283599,0 -92.53381299999999,36.284672,0 -92.5335808,36.2847327,0 -92.53334479999999,36.2848018,0 -92.5331838,36.2848451,0 -92.5329156,36.2848883,0 -92.5325187,36.2849662,0 -92.53231479999999,36.2850008,0 -92.53213200000002,36.2850166000001,0 -92.53201439999999,36.2850267,0 -92.5317081,36.2850274,0 -92.53144219999999,36.285029,0 -92.53113550000002,36.2850122,0 -92.53075020000001,36.2849838,0 -92.53039590000002,36.2849211,0 -92.5257563,36.2839892,0 -92.5248593,36.2838389,0 -92.52215459999999,36.2832624,0 -92.5219623,36.2832336,0 -92.5215602,36.2831734,0 -92.52140359999999,36.28315,0 -92.5207599,36.283124,0 -92.5200839,36.2831413,0 -92.51951529999998,36.2832278,0 -92.51858789999999,36.2834376,0 -92.5171636,36.2839441,0 -92.51608210000002,36.2843781,0 -92.51589009999999,36.2844541,0 -92.51416339999999,36.2851317,0 -92.51336120000001,36.2854539,0 -92.5122519,36.2858915,0 -92.5117262,36.2861596,0 -92.5108456,36.2867526,0 -92.5101531,36.2871992,0 -92.5095895,36.2874706,0 -92.50887100000001,36.2876635,0 -92.50817589999998,36.2877208,0 -92.5074999,36.287664,0 -92.5070322,36.2875471000001,0 -92.5065926,36.2873776,0 -92.50528889999998,36.2868861,0 -92.5050549,36.2868015,0 -92.5039048,36.2863585,0 -92.5024877,36.2857614,0 -92.5020564,36.2855152,0 -92.50166249999999,36.2852689,0 -92.50112420000001,36.284828,0 -92.50059519999999,36.2843344,0 -92.49996740000002,36.2837467,0 -92.4994963,36.2834813,0 -92.49910730000001,36.2833168000001,0 -92.4986155,36.2831673,0 -92.4979182,36.2831068,0 -92.4962352,36.2831545000001,0 -92.49548269999998,36.2831759,0 -92.4947078,36.2831955,0 -92.49420379999999,36.2832082,0 -92.49253229999999,36.2832538,0 -92.4920082,36.2832705,0 -92.4914594,36.2833316,0 -92.49096590000001,36.2835132,0 -92.48948679999999,36.2842926,0 -92.4893905,36.2843452,0 -92.48920270000001,36.2844489,0 -92.48854650000001,36.2847435,0 -92.4870177,36.2853207,0 -92.48438720000001,36.2862715,0 -92.48431400000001,36.286298,0 -92.48406610000001,36.2863858,0 -92.48316600000001,36.2867045,0 -92.4828002,36.2868346,0 -92.48209319999999,36.2870861,0 -92.4817257,36.2872049,0 -92.4813738,36.2873249,0 -92.48097220000001,36.287461,0 -92.4806299,36.2875802,0 -92.48030220000001,36.2876943,0 -92.4796116,36.2879348,0 -92.47939649999999,36.2880097,0 -92.47933449999999,36.2880312,0 -92.47740089999999,36.2887016,0 -92.4760861,36.289155,0 -92.475967,36.2891951,0 -92.4758112,36.2892476,0 -92.47472879999999,36.289612,0 -92.4738751,36.2899013,0 -92.4735817,36.2900007,0 -92.4733181,36.29009,0 -92.47267319999999,36.2903085,0 -92.47140559999998,36.290739,0 -92.46953880000001,36.2913731,0 -92.4681349,36.2918499,0 -92.4676698,36.2920007,0 -92.4675771,36.2920321,0 -92.4673768,36.2920999,0 -92.4667804,36.2923019,0 -92.4648589,36.2929529,0 -92.4644255,36.2930997,0 -92.46359829999999,36.2933799,0 -92.46356369999998,36.2933929,0 -92.4632857,36.2934844,0 -92.4621552,36.2938664,0 -92.4612537,36.2941729,0 -92.46045740000001,36.2944436,0 -92.4594355,36.2947808,0 -92.45911079999999,36.2948941,0 -92.4586606,36.2950464,0 -92.45825480000002,36.2951837,0 -92.45728130000001,36.2955131,0 -92.4565964,36.2957449,0 -92.4560041,36.2959436,0 -92.45562219999999,36.2960736,0 -92.4550979,36.2962522,0 -92.45465919999999,36.2963945,0 -92.4541997,36.2965435,0 -92.45380780000002,36.2966702,0 -92.45239799999999,36.297126,0 -92.45187899999999,36.2973196,0 -92.4502835,36.2979215,0 -92.44993100000001,36.2980996,0 -92.44865679999999,36.2989291,0 -92.44853840000002,36.2990554,0 -92.447883,36.2995241,0 -92.44614890000001,36.300778,0 -92.4457331,36.3010591,0 -92.4446956,36.3016286,0 -92.4435605,36.3021982,0 -92.4429396,36.3025165,0 -92.4422615,36.3028617,0 -92.43800349999999,36.3050292,0 -92.435878,36.306103,0 -92.43532379999999,36.3064085,0 -92.43437419999998,36.3069087,0 -92.4337366,36.3072576,0 -92.4327112,36.3078278,0 -92.432675,36.3078479,0 -92.43139099999999,36.3084531,0 -92.42994349999999,36.3089309,0 -92.42954980000002,36.3090465,0 -92.42915979999999,36.309161,0 -92.4290026,36.3092072,0 -92.42890610000001,36.3092437,0 -92.4285989,36.3093406,0 -92.4283645,36.3094146,0 -92.4279792,36.3095359,0 -92.4278015,36.3095919,0 -92.4274051,36.3097229,0 -92.42724269999999,36.3097749,0 -92.4267522,36.309932,0 -92.42582030000001,36.3102508,0 -92.42529409999999,36.3104169,0 -92.42477909999998,36.3105632,0 -92.42380230000001,36.3107812,0 -92.42293340000001,36.3108634,0 -92.4222711,36.3108884,0 -92.4212004,36.3108815,0 -92.4206875,36.3108619,0 -92.41943910000001,36.3108431,0 -92.41856919999999,36.3108161,0 -92.4180704,36.3108241,0 -92.4178344,36.3108371,0 -92.4176362,36.3108674,0 -92.4170137,36.3109625,0 -92.41618750000001,36.3111613,0 -92.41560080000001,36.311371,0 -92.4147202,36.3118147,0 -92.41411429999999,36.3120843,0 -92.41344960000001,36.3124039999999,0 -92.41268959999999,36.3127522,0 -92.41237169999999,36.3129153,0 -92.4120482,36.3130813,0 -92.41127779999999,36.3134789,0 -92.41060029999998,36.3138657,0 -92.40989339999999,36.3142284,0 -92.40877929999999,36.3148399,0 -92.40813020000002,36.3151468,0 -92.4074382,36.315471,0 -92.40657210000001,36.3158537,0 -92.40652140000002,36.3158778,0 -92.4060984,36.3160799,0 -92.4057825,36.316205,0 -92.4054958,36.3163343,0 -92.40513129999999,36.3164743,0 -92.4045869,36.31667,0 -92.4038867,36.3169216,0 -92.4037352,36.3169795,0 -92.40347250000001,36.3170686,0 -92.40333529999999,36.3171151,0 -92.40252489999999,36.3173776,0 -92.40115609999999,36.3178293,0 -92.40101649999998,36.3178653,0 -92.40080129999998,36.3179208,0 -92.3999242,36.3181724,0 -92.3990024,36.3184305,0 -92.39826960000001,36.3186356999999,0 -92.3979073,36.3187371,0 -92.3972589,36.3189187,0 -92.39658590000001,36.3189723,0 -92.3962214,36.3189852,0 -92.3959103,36.3189723,0 -92.3955187,36.3189118,0 -92.3950198,36.3187951,0 -92.3946282,36.3186265,0 -92.39422579999999,36.3184233,0 -92.39400590000001,36.318285,0 -92.39383960000001,36.3182072,0 -92.3929169,36.3174335,0 -92.39138269999998,36.3161887,0 -92.390224,36.3152723,0 -92.38985649999999,36.3149676,0 -92.38924710000001,36.3145139,0 -92.38901389999999,36.3143265,0 -92.3885396,36.3139453,0 -92.3879012,36.3135347,0 -92.3873218,36.3132883,0 -92.3868176,36.3131154,0 -92.38634550000002,36.3129943,0 -92.38584660000001,36.3129079,0 -92.38521900000001,36.3128776,0 -92.3845484,36.3129079,0 -92.3840495,36.3129684,0 -92.3833575,36.3131197,0 -92.38187160000001,36.3134439,0 -92.38094889999999,36.3136297,0 -92.37970880000002,36.3138752,0 -92.378709,36.3140545,0 -92.3766413,36.3143948,0 -92.3738745,36.3147801,0 -92.3719045,36.3150431999999,0 -92.37133590000001,36.3151686,0 -92.37085310000001,36.3153155,0 -92.3703917,36.3155187,0 -92.3699143,36.3157737,0 -92.3695281,36.3160244,0 -92.36900769999998,36.3164351,0 -92.36776110000001,36.3174639,0 -92.36515609999999,36.3195169,0 -92.364507,36.3199921,0 -92.36376129999999,36.3204848,0 -92.363139,36.3208825,0 -92.36257979999999,36.3212553,0 -92.36122930000001,36.3220884,0 -92.3605963,36.3225335,0 -92.3601242,36.3229096,0 -92.35967359999998,36.3233158,0 -92.3591801,36.3237956,0 -92.358307,36.3246913,0 -92.3575118,36.3255071,0 -92.35692700000001,36.326043,0 -92.35645500000001,36.326406,0 -92.35595609999999,36.3267086,0 -92.35483490000001,36.3273568,0 -92.3528125,36.3285151,0 -92.35182550000002,36.3290121,0 -92.3513856,36.3291633,0 -92.35059170000001,36.3293837,0 -92.3503187,36.3294583,0 -92.34802749999999,36.3300839,0 -92.34443330000001,36.3310865000001,0 -92.3420354,36.3317347,0 -92.34115559999999,36.3320156,0 -92.34057630000001,36.3322792,0 -92.3400613,36.332599,0 -92.33961609999999,36.3329404,0 -92.33928349999999,36.3332905,0 -92.33892939999998,36.3337615,0 -92.33870409999999,36.3342109,0 -92.33849490000001,36.3346733,0 -92.33824809999999,36.3354339,0 -92.33754,36.3374476,0 -92.33728790000001,36.3382471,0 -92.3369768,36.3393792,0 -92.33689630000002,36.3397335,0 -92.33685870000001,36.340265,0 -92.3368802,36.3409175,0 -92.336966,36.3419805,0 -92.3370616,36.3431694,0 -92.33728790000001,36.3457267,0 -92.33729329999998,36.3467335,0 -92.33728790000001,36.3484229,0 -92.3372772,36.3496672,0 -92.33728790000001,36.3501511,0 -92.33733079999999,36.3509806,0 -92.33730940000001,36.3515855,0 -92.33726110000001,36.352415,0 -92.33729329999998,36.3528946,0 -92.33731470000001,36.3535211,0 -92.337305,36.3542498,0 -92.33729329999998,36.3551325,0 -92.33730940000001,36.3564805,0 -92.3372772,36.3577679,0 -92.3372182,36.3582733,0 -92.3371806,36.3587226,0 -92.3372128,36.3591071,0 -92.3371913,36.3593663,0 -92.3370572,36.3595909,0 -92.3369392,36.3596903,0 -92.3368383,36.3598083000001,0 -92.33609319999999,36.360205,0 -92.33565520000001,36.3604577,0 -92.335331,36.3606448,0 -92.3348943,36.3609209,0 -92.3344263,36.3612016,0 -92.3339929,36.361515,0 -92.3337073,36.3617022,0 -92.3333942,36.3619074,0 -92.33178289999999,36.3630141,0 -92.3313282,36.3633151,0 -92.3300749,36.3641446,0 -92.329274,36.3646747,0 -92.3270297,36.3661784,0 -92.32665160000001,36.3664051,0 -92.32559900000001,36.3670055,0 -92.3255904,36.3670104,0 -92.3243234,36.3677172,0 -92.32424160000001,36.3677714,0 -92.3236485,36.3681813,0 -92.32296669999999,36.3689748,0 -92.32239979999999,36.3696484,0 -92.32171049999999,36.3704676,0 -92.32040499999999,36.3720539,0 -92.32022000000001,36.3722717,0 -92.31934280000002,36.3733141,0 -92.3186843,36.3740179,0 -92.31795099999999,36.3746773,0 -92.31772330000001,36.3748162,0 -92.3171759,36.3750813,0 -92.31672759999999,36.3752317,0 -92.31601879999999,36.3754457,0 -92.3155115,36.3755988,0 -92.31478029999998,36.375692,0 -92.31451110000002,36.3756704,0 -92.314222,36.3756781,0 -92.3131783,36.3756186,0 -92.31295880000002,36.3756035,0 -92.31095310000001,36.3754808,0 -92.31022950000001,36.3754093,0 -92.30949459999999,36.3752452,0 -92.3087838,36.3750337,0 -92.3083293,36.37484,0 -92.30791180000001,36.3746621,0 -92.30764000000001,36.3745463,0 -92.30740749999998,36.3744442,0 -92.3064456,36.3740221,0 -92.30570229999999,36.3736959,0 -92.3052309,36.3734637,0 -92.30461459999999,36.3733292,0 -92.3041644,36.373279,0 -92.303529,36.3733034,0 -92.3027266,36.3734375,0 -92.30250569999998,36.3734787,0 -92.2994643,36.3741472,0 -92.29925020000002,36.3741942,0 -92.29873720000001,36.3743069999999,0 -92.2973913,36.3746506,0 -92.29648469999999,36.3749017,0 -92.2960808,36.3750136,0 -92.2949739,36.3753419,0 -92.29462270000001,36.375446,0 -92.29413890000001,36.3755475,0 -92.29328110000002,36.3756718,0 -92.29189890000002,36.3757177,0 -92.29126870000002,36.3757831,0 -92.29077270000001,36.3758584,0 -92.2894027,36.3760548,0 -92.2873577,36.3763232,0 -92.2866752,36.3764153,0 -92.28650810000001,36.3764378,0 -92.2847967,36.3766786,0 -92.28473959999999,36.3766866,0 -92.2843005,36.3767389,0 -92.28367849999999,36.3768011,0 -92.28328409999999,36.3767946,0 -92.2825971,36.3766669,0 -92.28199690000001,36.3765539,0 -92.2810319,36.3763723,0 -92.2801439,36.3762232,0 -92.279659,36.3761862,0 -92.2792864,36.3761685,0 -92.2776811,36.3761255,0 -92.2768373,36.376111,0 -92.2762541,36.376101,0 -92.2754788,36.3760874,0 -92.27523179999999,36.3760683,0 -92.27492090000001,36.3760442,0 -92.27438989999999,36.3759622,0 -92.2738588,36.3758153,0 -92.2733975,36.3756166,0 -92.27301659999999,36.375405,0 -92.2727965,36.3752544,0 -92.2722904,36.374807,0 -92.2715791,36.3741516,0 -92.27110810000001,36.373714,0 -92.26917119999999,36.3718104,0 -92.2691335,36.3717806,0 -92.26833360000002,36.371034,0 -92.2676506,36.3706664,0 -92.2671161,36.3704384,0 -92.26650950000001,36.3702564,0 -92.26586680000001,36.3701249,0 -92.2651943,36.3700879,0 -92.26425399999999,36.3700609,0 -92.2640784,36.3700559,0 -92.2624586,36.3700166,0 -92.26158500000001,36.3699972,0 -92.2594184,36.3699482,0 -92.2589937,36.3699311,0 -92.2582305,36.369908,0 -92.25608090000001,36.3698286,0 -92.2547185,36.3697834,0 -92.25377169999999,36.3697726,0 -92.25326750000001,36.3698007,0 -92.2526854,36.3698482000001,0 -92.25237159999999,36.3698871,0 -92.2507811,36.3701592,0 -92.24876949999999,36.3705057,0 -92.2479999,36.3706157,0 -92.2474648,36.3706561,0 -92.2471066,36.3706667,0 -92.2466697,36.3706667,0 -92.2461936,36.3706507999999,0 -92.2360481,36.3702981,0 -92.2358244,36.3702981,0 -92.23558679999998,36.3703107,0 -92.23531590000002,36.3703389,0 -92.23484070000001,36.3704119,0 -92.23418359999999,36.3706084000001,0 -92.23362299999999,36.3708525,0 -92.23322059999998,36.3711203,0 -92.23286389999998,36.3714399,0 -92.23255550000002,36.3717682,0 -92.2324266,36.3719351,0 -92.2322738,36.3722131,0 -92.2321075,36.3725888,0 -92.2319868,36.3729689,0 -92.2318573,36.3735242,0 -92.2317401,36.3739257,0 -92.2315818,36.3744893,0 -92.2315416,36.3746189,0 -92.2313941,36.3750616000001,0 -92.23123579999999,36.3754007,0 -92.2310212,36.3757872,0 -92.23060539999999,36.3764611,0 -92.230582,36.376506,0 -92.23052920000001,36.376579,0 -92.23000999999999,36.3773248,0 -92.2295541,36.3779943,0 -92.22897740000001,36.3788753,0 -92.22791789999999,36.3803913,0 -92.2276521,36.3807993,0 -92.22745930000002,36.3811212,0 -92.22727690000001,36.3814926,0 -92.22720710000002,36.3817668,0 -92.22716960000001,36.3820238,0 -92.227183,36.3822678000001,0 -92.2272608,36.3834663,0 -92.2272447,36.3836887,0 -92.2272179,36.3838873,0 -92.22712129999998,36.3841637,0 -92.2269845,36.3844466,0 -92.22684219999999,36.3846269,0 -92.2265419,36.384954,0 -92.2263032,36.3851419,0 -92.22607210000001,36.3852894,0 -92.22580160000001,36.3854075,0 -92.22542879999999,36.3855306,0 -92.22491650000002,36.3856299,0 -92.22430230000002,36.3857292,0 -92.2231704,36.3859149,0 -92.2226903,36.3859862,0 -92.22239259999999,36.3860251,0 -92.22215120000001,36.3860315,0 -92.2218642,36.3860251,0 -92.22159060000001,36.3859819,0 -92.22098339999999,36.3858275,0 -92.2182401,36.3849726000001,0 -92.2173822,36.3847057,0 -92.2169262,36.3845373,0 -92.21670090000001,36.3844272,0 -92.21657749999999,36.3843473,0 -92.2163978,36.3842199,0 -92.21546600000001,36.3833001,0 -92.214471,36.3823313,0 -92.21443859999999,36.3823008,0 -92.214164,36.3820426,0 -92.2133642,36.3812551,0 -92.2131416,36.3810456,0 -92.21291359999999,36.3808923,0 -92.2127393,36.3807973,0 -92.21243889999998,36.3806871,0 -92.21037629999999,36.3799767,0 -92.20970299999999,36.3797802,0 -92.20935969999999,36.3797003,0 -92.2089886,36.3796519,0 -92.2075481,36.3795239,0 -92.2069618,36.3794778,0 -92.2060713,36.3794109,0 -92.2053506,36.3793618,0 -92.20324699999999,36.3792057,0 -92.20304260000002,36.3792,0 -92.20266309999998,36.3792209,0 -92.2022676,36.3792943,0 -92.2018946,36.3793759,0 -92.2012004,36.3795405,0 -92.20089470000001,36.3795815,0 -92.2005326,36.3795685,0 -92.1990091,36.3794476,0 -92.19864699999999,36.3794282,0 -92.19828440000001,36.3794446,0 -92.1966487,36.3797931,0 -92.19504740000002,36.3801516,0 -92.19388600000001,36.3804042,0 -92.19349980000001,36.380523,0 -92.193186,36.3806591,0 -92.1929392,36.3808189,0 -92.192796,36.380935,0 -92.19256369999999,36.3811428,0 -92.19238450000002,36.381415,0 -92.1922392,36.381661,0 -92.1910724,36.3841292,0 -92.1908414,36.3845264,0 -92.19074769999999,36.3846264,0 -92.19044750000002,36.3849886,0 -92.1899071,36.3855237,0 -92.18957570000001,36.3858545,0 -92.18930480000002,36.3860359,0 -92.1891072,36.3861448,0 -92.18884350000002,36.3862259,0 -92.1885163,36.3863058,0 -92.18818899999999,36.3863295,0 -92.1879369,36.3863209,0 -92.18696059999999,36.3862367,0 -92.1863705,36.3861525,0 -92.18599499999999,36.3860726,0 -92.1854639,36.3859063,0 -92.1841684,36.3854982,0 -92.18369370000002,36.3853708,0 -92.1834013,36.3853276,0 -92.1830365,36.3853211,0 -92.1826744,36.3853535,0 -92.18236330000001,36.3853967,0 -92.1809578,36.3857983,0 -92.18049910000001,36.3859085,0 -92.180151,36.385969,0 -92.1798636,36.3859894,0 -92.17964899999998,36.3860045999999,0 -92.17905880000002,36.3860056,0 -92.1786001,36.385956,0 -92.17814420000001,36.3858588,0 -92.1778679,36.3857789,0 -92.17764529999999,36.3857055,0 -92.17711420000001,36.3854701,0 -92.17527690000001,36.3845848,0 -92.1744159,36.3842004,0 -92.17409670000001,36.3840687,0 -92.17361390000001,36.3839392,0 -92.1732868,36.3838618,0 -92.1726572,36.3837674,0 -92.17259559999999,36.3837653000001,0 -92.17208909999999,36.3837367,0 -92.17203600000001,36.3837338,0 -92.17192429999999,36.3837343,0 -92.1708888,36.3837686,0 -92.17042739999999,36.3837923,0 -92.16953199999999,36.383838,0 -92.1687725,36.3838701,0 -92.16822000000001,36.3839435,0 -92.1671042,36.3842112,0 -92.16638269999999,36.3843926,0 -92.16564510000001,36.3845718,0 -92.1653979,36.3846138,0 -92.16506290000001,36.3846552,0 -92.16250689999998,36.3847338,0 -92.16210449999998,36.384736,0 -92.1616441,36.3847142,0 -92.16128110000001,36.384682,0 -92.1598443,36.3844898,0 -92.159524,36.384476,0 -92.15923290000001,36.3844839,0 -92.1589175,36.3845233,0 -92.15791660000001,36.3846926,0 -92.1577999,36.3847123,0 -92.1574087,36.3847497,0 -92.1571103,36.3847516,0 -92.15679489999999,36.3847182,0 -92.1564745,36.3846729,0 -92.15446919999999,36.3842988,0 -92.154166,36.384226,0 -92.1538432,36.3841098,0 -92.1535473,36.3839405,0 -92.15338100000001,36.3838106,0 -92.15322449999999,36.3836629,0 -92.15311199999999,36.3835271,0 -92.153024,36.3833795,0 -92.1529409,36.3831964,0 -92.15203080000001,36.3802938,0 -92.15187469999999,36.3794875,0 -92.1516574,36.3784141,0 -92.15154250000001,36.3779086,0 -92.15143170000002,36.3775816,0 -92.1512635,36.3772644,0 -92.15107910000002,36.3769931,0 -92.1508606,36.3767493,0 -92.15073000000001,36.3766326,0 -92.150621,36.3765351,0 -92.15037869999999,36.3763528,0 -92.1500443,36.3761493,0 -92.149652,36.3759712,0 -92.14922900000002,36.375827,0 -92.14882900000001,36.3757441,0 -92.14873830000001,36.3757253,0 -92.1482862,36.3756856,0 -92.148015,36.3756725,0 -92.14631280000002,36.375681,0 -92.1384582,36.3756382,0 -92.13803710000001,36.3756879,0 -92.13769689999999,36.37575,0 -92.13697390000002,36.3759231,0 -92.1357196,36.3762796,0 -92.1331179,36.377003,0 -92.1325447,36.3771817,0 -92.132193,36.3773023,0 -92.1318673,36.3774753,0 -92.1303498,36.3786594,0 -92.1300305,36.3789699,0 -92.1296072,36.3794576,0 -92.1291317,36.379961,0 -92.128559,36.38039,0 -92.12636139999998,36.3818143,0 -92.12593390000001,36.3821028,0 -92.1251544,36.382799,0 -92.12472900000002,36.383148,0 -92.1242049,36.3834771,0 -92.12416109999998,36.383501,0 -92.12365,36.38378,0 -92.1227002,36.3842609,0 -92.12228709999998,36.3844725,0 -92.12180700000002,36.3847748,0 -92.12149050000001,36.3849929,0 -92.120423,36.385819,0 -92.1200097,36.3860844,0 -92.1197846,36.3861827,0 -92.1195057,36.3862626,0 -92.11913450000002,36.386312,0 -92.11879759999999,36.3863144,0 -92.11851590000001,36.3862734,0 -92.118296,36.3862151,0 -92.11826350000001,36.3862031,0 -92.1179339,36.3860812,0 -92.1171722,36.3857638,0 -92.11683419999999,36.3856429,0 -92.1165687,36.3855738,0 -92.11621999999998,36.3855478,0 -92.11593830000001,36.385591,0 -92.11565939999998,36.3856472,0 -92.11543939999999,36.3857443,0 -92.11517659999998,36.3858912,0 -92.11499960000002,36.3860315,0 -92.1144082,36.3866901000001,0 -92.1139132,36.3871894,0 -92.1136396,36.3873985999999,0 -92.11334340000001,36.3875546,0 -92.1130872,36.3876596,0 -92.112835,36.3877287,0 -92.1125534,36.3877762,0 -92.11216450000001,36.3878021,0 -92.10606780000001,36.3877157,0 -92.1054831,36.3877114,0 -92.1046597,36.3877244,0 -92.10400790000001,36.3877417,0 -92.10324610000001,36.3877481,0 -92.10191580000001,36.3877136,0 -92.1012827,36.3877006,0 -92.1007839,36.3877006,0 -92.10039759999999,36.3877201,0 -92.10011059999999,36.3877525,0 -92.09981019999999,36.3878043,0 -92.09903509999999,36.3880224,0 -92.09838059999998,36.3882404,0 -92.098107,36.3883786,0 -92.0977986,36.388601,0 -92.09739089999999,36.3890696,0 -92.09712,36.3894452999999,0 -92.0967418,36.3900261,0 -92.09658349999999,36.3902226,0 -92.09635279999999,36.3904644,0 -92.09608459999998,36.3906868,0 -92.0957198,36.3909049,0 -92.0956152,36.3909497,0 -92.095347,36.3910646,0 -92.0949715,36.3911618,0 -92.0945504,36.3912374,0 -92.0933917,36.3913345,0 -92.092814,36.391416,0 -92.0925361,36.391503,0 -92.09221419999999,36.3916455,0 -92.09186820000001,36.3918484,0 -92.09154100000001,36.3920881,0 -92.09119999999999,36.392401,0 -92.0911397,36.3924765,0 -92.0910153,36.3926322,0 -92.09087580000001,36.3928373,0 -92.09014889999999,36.3939859,0 -92.08999599999999,36.3941845,0 -92.0898565,36.39434,0 -92.08966609999999,36.3945148999999,0 -92.08938980000002,36.3946854,0 -92.08918870000001,36.3947934,0 -92.08878369999998,36.3949359,0 -92.08841889999999,36.3950244,0 -92.08810239999998,36.395059,0 -92.08777779999998,36.3950482,0 -92.08746940000002,36.3950201,0 -92.0866134,36.3948092,0 -92.08601029999998,36.3946789999999,0 -92.08557570000001,36.394584,0 -92.084924,36.3944976,0 -92.0836553,36.3943939999999,0 -92.083202,36.394327,0 -92.0829686,36.3942536,0 -92.08210069999998,36.3938949,0 -92.0813727,36.3936707,0 -92.08112559999998,36.3936108999999,0 -92.080855,36.3935455,0 -92.08057640000001,36.3934928,0 -92.08045540000001,36.3934699,0 -92.0800531,36.393444,0 -92.07961589999999,36.3934526,0 -92.07916259999999,36.3935217,0 -92.07878719999999,36.3936068,0 -92.0780029,36.3937847,0 -92.0776274,36.3938698,0 -92.0768522,36.3940503,0 -92.07520899999999,36.3944372,0 -92.07446869999998,36.3945581,0 -92.0734776,36.3946789,0 -92.0732993,36.3947006,0 -92.0727468,36.3947394,0 -92.0720494,36.3947265,0 -92.0716999,36.3947478,0 -92.0713117,36.3948452,0 -92.0709631,36.3949899,0 -92.07066,36.395223,0 -92.0704356,36.3954411,0 -92.06953899999999,36.3965688,0 -92.06913120000002,36.3970021,0 -92.0687544,36.3972906,0 -92.06849819999999,36.3974382,0 -92.0681173,36.397585,0 -92.06770830000001,36.3976815,0 -92.06723479999999,36.3977383,0 -92.0667225,36.3977145,0 -92.06503299999999,36.397351,0 -92.06469480000001,36.3973259,0 -92.06431929999999,36.3973346,0 -92.0640028,36.3973821,0 -92.061987,36.3977227,0 -92.060886,36.3979088000001,0 -92.06026380000002,36.3979778999999,0 -92.059679,36.3979995,0 -92.0588798,36.3979477,0 -92.05791949999998,36.3978700000001,0 -92.0568681,36.3977577,0 -92.0559937,36.3976239,0 -92.05379639999998,36.3971967,0 -92.05325980000001,36.3971443,0 -92.0527313,36.3971116,0 -92.05197510000001,36.3971116,0 -92.0508124,36.3971836,0 -92.0487997,36.3973215,0 -92.04791489999999,36.3973605,0 -92.04716389999999,36.3973475,0 -92.04644999999999,36.3973345,0 -92.0446101,36.3973345,0 -92.0423466,36.3973087,0 -92.0419014,36.3972827,0 -92.04159560000001,36.3972439,0 -92.04018479999999,36.39692,0 -92.03851640000001,36.3965357,0 -92.03799069999999,36.3964235,0 -92.0374757,36.3963717,0 -92.0370197,36.3964235,0 -92.0366281,36.3964969,0 -92.03617749999999,36.396661,0 -92.0354641,36.3970193,0 -92.03497590000001,36.3972612,0 -92.0344609,36.3974814,0 -92.033962,36.3976195,0 -92.03302859999999,36.397775,0 -92.0316875,36.3980082,0 -92.030974,36.3980816,0 -92.0300514,36.3981291,0 -92.0291501,36.3981291,0 -92.028721,36.3981161,0 -92.0279271,36.3980341,0 -92.02573299999999,36.3976498,0 -92.02505169999999,36.3975677000001,0 -92.02407539999999,36.3975073,0 -92.02177939999999,36.3974382,0 -92.0211089,36.3973821,0 -92.02066360000002,36.3973301999999,0 -92.02016470000001,36.3971964,0 -92.0192474,36.3969244,0 -92.01776689999998,36.3964926,0 -92.01668320000002,36.3961644,0 -92.01571229999999,36.3958276,0 -92.014847,36.395463,0 -92.0144248,36.3952403,0 -92.011689,36.3936426,0 -92.0110828,36.3933792,0 -92.01058930000002,36.3932626,0 -92.0101494,36.3932065,0 -92.009629,36.3931763,0 -92.00893169999999,36.3931806,0 -92.00711459999999,36.3931665,0 -92.00611550000002,36.3931612,0 -92.0050844,36.3932022,0 -92.0015241,36.3934550000001,0 -92.00057319999999,36.3935418,0 -91.9999904,36.3936817,0 -91.99946490000001,36.3939142,0 -91.9989451,36.3942254,0 -91.9985284,36.3946180000001,0 -91.99794730000002,36.3952384,0 -91.9975563,36.3955331,0 -91.99712920000002,36.3957933,0 -91.9964327,36.3960322,0 -91.99562249999998,36.3962464,0 -91.9952249,36.396328,0 -91.99480030000001,36.3963773,0 -91.9943833,36.3964083,0 -91.9885361,36.396607,0 -91.9878173,36.3966199,0 -91.9861034,36.3966782,0 -91.9857681,36.3966847,0 -91.9857221,36.3966835,0 -91.9853523,36.3966739,0 -91.9842438,36.3966017,0 -91.98208270000001,36.3964645,0 -91.98123510000002,36.3964407,0 -91.98066369999999,36.3964435,0 -91.9803314,36.3964341,0 -91.9796158,36.3964362,0 -91.9791231,36.3964731,0 -91.97875530000002,36.3965254,0 -91.9783946,36.3965917,0 -91.9780165,36.3966609,0 -91.97773210000001,36.3967389,0 -91.9772705,36.3968982,0 -91.9767425,36.3971338,0 -91.9760606,36.3974695,0 -91.9750956,36.3979605999999,0 -91.97454300000001,36.3982953,0 -91.97334909999998,36.3991988,0 -91.97297140000001,36.3994214,0 -91.9725833,36.3995701,0 -91.9712573,36.3999037,0 -91.9707531,36.3999987,0 -91.97036749999998,36.4000297,0 -91.9685242,36.4001045,0 -91.96618530000002,36.4002102,0 -91.96463229999999,36.4002577,0 -91.96432110000001,36.4002664000001,0 -91.95715970000002,36.4002275,0 -91.9556254,36.4002621,0 -91.95472410000001,36.4002413,0 -91.9535748,36.4001768,0 -91.95242090000001,36.4001232,0 -91.95194870000002,36.4001141,0 -91.95167509999999,36.4001088,0 -91.95132260000001,36.400102,0 -91.9509377,36.4000902,0 -91.9498756,36.4000576,0 -91.94939050000002,36.4000427,0 -91.94734800000001,36.3999868,0 -91.9463787,36.3999603,0 -91.94559009999999,36.3999387,0 -91.9436628,36.399895,0 -91.94002639999998,36.3997733,0 -91.93915309999998,36.3997767,0 -91.9350797,36.3998216,0 -91.933787,36.3998195,0 -91.9302088,36.3998001,0 -91.9288462,36.3997698,0 -91.9249253,36.3997307,0 -91.92432499999998,36.3996932,0 -91.923858,36.399639,0 -91.92323500000001,36.399433,0 -91.9227441,36.3991951,0 -91.9222771,36.3988877,0 -91.9211308,36.3980796,0 -91.92060720000001,36.3976618,0 -91.91944230000001,36.3966012,0 -91.9189533,36.3961482,0 -91.918448,36.3958112,0 -91.91790239999999,36.3955104,0 -91.917345,36.395265,0 -91.91725599999998,36.395229,0 -91.91542029999999,36.3944201,0 -91.91370859999999,36.393776,0 -91.912282,36.39321,0 -91.9108547,36.3926659,0 -91.9101649,36.3924592,0 -91.90927400000001,36.3922834,0 -91.9088327,36.3922203,0 -91.90748509999999,36.3921352,0 -91.90681360000001,36.3920948,0 -91.90613399999999,36.39196,0 -91.90583830000001,36.3918938,0 -91.9053392,36.391715,0 -91.90484549999999,36.3914996,0 -91.90320970000001,36.3906458,0 -91.90256059999999,36.3903651,0 -91.90213679999999,36.3902442,0 -91.90158959999998,36.3901708,0 -91.9010586,36.3901449,0 -91.90000710000001,36.3901449,0 -91.89948440000001,36.390201,0 -91.89903080000001,36.3902658,0 -91.89860170000001,36.3903953,0 -91.898004,36.390612,0 -91.89756629999999,36.3907883,0 -91.8971425,36.3909567,0 -91.89599460000001,36.3913281,0 -91.8952328,36.3915785,0 -91.89487880000001,36.3917469,0 -91.8942887,36.3920535,0 -91.89391319999999,36.3922434999999,0 -91.8936396,36.3923126,0 -91.8932963,36.3923472,0 -91.8930549,36.3923342000001,0 -91.89258820000001,36.3922824,0 -91.8919337,36.3922175999999,0 -91.89070520000001,36.3919283,0 -91.89022780000002,36.3918506,0 -91.8898255,36.3918247,0 -91.88950360000001,36.391842,0 -91.88915489999999,36.391911,0 -91.88869629999999,36.3920647,0 -91.88822060000001,36.3922188,0 -91.88763139999999,36.3924076,0 -91.8872076,36.392481,0 -91.8866405,36.392545,0 -91.8857393,36.3926142,0 -91.88515639999999,36.3926627,0 -91.8843377,36.3927272,0 -91.8837315,36.3926969999999,0 -91.88331839999999,36.3926495,0 -91.88268199999999,36.392529,0 -91.88129069999998,36.3919931,0 -91.88061479999999,36.3917513000001,0 -91.8796277,36.3914274,0 -91.87827590000001,36.3910603,0 -91.877954,36.3909265,0 -91.8775571,36.3906847,0 -91.8770313,36.3902355,0 -91.87609260000001,36.3894194,0 -91.87545419999998,36.3888666,0 -91.87511619999999,36.3886032,0 -91.87478900000001,36.3884175,0 -91.8744672,36.3882793,0 -91.87416670000002,36.3882145,0 -91.87375900000001,36.3881541,0 -91.87317429999999,36.3881411,0 -91.8727827,36.3881584,0 -91.87221950000001,36.3881627,0 -91.87186,36.3881498,0 -91.87156280000001,36.3881073000001,0 -91.8709266,36.3879598,0 -91.8705082,36.3878043,0 -91.87010589999998,36.3876143,0 -91.869651,36.387378,0 -91.86937240000002,36.3872454,0 -91.86852340000002,36.3868412999999,0 -91.8677241,36.3865001,0 -91.86616299999999,36.3859689,0 -91.86573919999999,36.3858307,0 -91.86426400000001,36.3854032,0 -91.86335739999998,36.3851311,0 -91.86235430000001,36.3848504,0 -91.8615657,36.3845308000001,0 -91.86116769999998,36.3843669,0 -91.8602604,36.3839931999999,0 -91.86017099999999,36.3839564,0 -91.8588513,36.3833928000001,0 -91.8580896,36.3830754,0 -91.8576712,36.3828724,0 -91.85733860000002,36.3826651,0 -91.85696199999998,36.382279,0 -91.8567163,36.3818835,0 -91.85563,36.379326,0 -91.8553752,36.3786486,0 -91.8552464,36.3783852,0 -91.8550372,36.3781001000001,0 -91.85492600000002,36.3779795,0 -91.8548066,36.3778669,0 -91.85449009999999,36.3775991,0 -91.853303,36.3766079,0 -91.85301330000001,36.3763876,0 -91.8527129,36.376176,0 -91.8524018,36.3760334000001,0 -91.8520929,36.3759663,0 -91.851855,36.3759469,0 -91.85126959999999,36.3759314,0 -91.849369,36.375896,0 -91.8473056,36.3758909,0 -91.84621970000002,36.3758733,0 -91.845353,36.3758563,0 -91.84242399999999,36.3758045,0 -91.84201630000001,36.3757829,0 -91.84158710000001,36.3757397,0 -91.84132960000001,36.3756879,0 -91.8411473,36.3756404,0 -91.8409649,36.3755756,0 -91.84079319999998,36.3754979,0 -91.84062149999998,36.3753812,0 -91.8401671,36.3751113,0 -91.8392633,36.3745153,0 -91.83823089999999,36.3738339,0 -91.83756749999999,36.3734106,0 -91.8372105,36.3731426,0 -91.83676070000001,36.3728005,0 -91.83506329999999,36.3713278,0 -91.83450759999999,36.3708654,0 -91.8341267,36.3705847,0 -91.83381649999998,36.3704034,0 -91.83372040000002,36.3703709,0 -91.8331505,36.3701785,0 -91.8330993,36.3701596,0 -91.8326611,36.3700458,0 -91.8317948,36.3698507,0 -91.8311034,36.3696605,0 -91.8304929,36.3694433,0 -91.8298995,36.36917,0 -91.8291593,36.3688226,0 -91.8289286,36.3687143,0 -91.8283332,36.3685156,0 -91.82776199999999,36.368352,0 -91.8272427,36.3682535,0 -91.82392359999999,36.3679303,0 -91.82338440000001,36.3678634,0 -91.8227375,36.3677487,0 -91.8226173,36.3676916,0 -91.8223751,36.367623,0 -91.82214900000001,36.3675573,0 -91.8219673,36.3674946,0 -91.8218091,36.3674339,0 -91.8217171,36.3673951,0 -91.82168179999999,36.3673802,0 -91.8215335,36.3673125,0 -91.8213865,36.3672389,0 -91.82104199999999,36.3670472,0 -91.8208415,36.3669403,0 -91.8206833,36.3668378,0 -91.8205165,36.3667174,0 -91.820367,36.366594,0 -91.82020140000002,36.3664507,0 -91.8199686,36.366241,0 -91.81942899999999,36.3657283,0 -91.8187908,36.3651372,0 -91.81863770000001,36.3649785,0 -91.81844379999998,36.3647776,0 -91.81834039999998,36.3646692,0 -91.8182425,36.3645481,0 -91.818085,36.3643269,0 -91.81793089999999,36.3641024,0 -91.81746290000001,36.3634429,0 -91.8170683,36.3628583,0 -91.8166947,36.3623475,0 -91.81631780000001,36.3618162,0 -91.81549889999999,36.3606474,0 -91.81519310000002,36.3602032,0 -91.81481200000002,36.3596413,0 -91.81469600000001,36.3594749,0 -91.8145809,36.3593225,0 -91.81444450000001,36.3591718,0 -91.81431970000001,36.3590493,0 -91.81418119999999,36.3589268,0 -91.8140564,36.3588232,0 -91.81392190000001,36.3587227,0 -91.8137308,36.3586002,0 -91.81356110000002,36.3585107,0 -91.8134032,36.3584369,0 -91.81320820000001,36.3583489,0 -91.8129976,36.358261,0 -91.8126427,36.3581291,0 -91.8115773,36.3577301,0 -91.81060799999999,36.357367,0 -91.81042070000001,36.3573036,0 -91.8100403,36.3571571,0 -91.809228,36.356845,0 -91.80768550000001,36.3563077,0 -91.80715439999999,36.356191,0 -91.80667580000001,36.3561069,0 -91.80612710000001,36.3560861,0 -91.80542800000002,36.356153,0 -91.8036944,36.3563638,0 -91.80332420000001,36.3563811,0 -91.80302380000001,36.3563638000001,0 -91.8026215,36.356312,0 -91.80227820000002,36.3562299,0 -91.80187910000001,36.3561097,0 -91.80166130000001,36.3560441,0 -91.8003255,36.3556078,0 -91.79942699999999,36.355374,0 -91.7988771,36.355314,0 -91.7984319,36.3552924,0 -91.7979866,36.3553183,0 -91.7975521,36.3553702,0 -91.7970479,36.3555041,0 -91.7962378,36.3557504,0 -91.79592669999998,36.3558541,0 -91.7955887,36.3559577000001,0 -91.79530440000002,36.3560355,0 -91.7949021,36.3561176,0 -91.79434960000002,36.3562169,0 -91.79361999999999,36.3562602,0 -91.79352919999999,36.356261,0 -91.79313719999999,36.3562645,0 -91.79055750000001,36.3561997,0 -91.78903339999999,36.3561651,0 -91.78689300000002,36.3561089,0 -91.78631900000001,36.3560657,0 -91.7858684,36.3560182,0 -91.7853266,36.3559059,0 -91.7848599,36.355759,0 -91.7831487,36.3551801,0 -91.78244590000001,36.3549468,0 -91.78169490000001,36.3547826,0 -91.78116919999999,36.3546789,0 -91.7798871,36.3544068,0 -91.77942040000002,36.3542944000001,0 -91.77879280000001,36.3540525,0 -91.7783529,36.3538278,0 -91.7779505,36.3535643,0 -91.7776609,36.3533526,0 -91.777339,36.3530199,0 -91.77692589999999,36.3525187999999,0 -91.7766524,36.3520305,0 -91.7765129,36.3516417000001,0 -91.77638949999999,36.3512053,0 -91.77632509999998,36.3507258,0 -91.77627149999999,36.3497018,0 -91.77613199999999,36.3469841,0 -91.7760301,36.3464872,0 -91.7758852,36.3460551,0 -91.7756814,36.3456101,0 -91.7753613,36.3450945,0 -91.7750269,36.3445558,0 -91.7747107,36.3440703000001,0 -91.7741686,36.3432379,0 -91.77383600000002,36.342633,0 -91.77369659999999,36.3423176,0 -91.77357320000002,36.3417688,0 -91.77355709999999,36.3413583,0 -91.77361070000002,36.3409176,0 -91.77379309999999,36.3403342,0 -91.77447979999999,36.3391632,0 -91.77482310000001,36.3385539,0 -91.7750645,36.3380353,0 -91.77514500000001,36.3377285,0 -91.77519860000001,36.3373656,0 -91.77524150000002,36.3370199000001,0 -91.77538700000001,36.3358122,0 -91.775491,36.334808,0 -91.77549190000001,36.3346082,0 -91.77549159999998,36.3340024,0 -91.77544939999999,36.3332915,0 -91.7750192,36.3300107,0 -91.77487120000001,36.3287695,0 -91.77473790000002,36.3283154,0 -91.7745879,36.3278906,0 -91.7743107,36.3273035,0 -91.7739124,36.3266564,0 -91.77353460000002,36.3260425,0 -91.7732172,36.3255269,0 -91.7730165,36.3251789,0 -91.7728637,36.3248516,0 -91.77268290000001,36.3242461,0 -91.77252900000001,36.3226782,0 -91.7724152,36.3204696,0 -91.7723398,36.3193037999999,0 -91.77229699999999,36.3184189,0 -91.7722618,36.3176848,0 -91.77220329999999,36.3174016,0 -91.7721083,36.3171301,0 -91.7720355,36.3169446,0 -91.77190640000001,36.316696,0 -91.7717643,36.3164932,0 -91.7717524,36.3164762999999,0 -91.77139780000002,36.3160769,0 -91.76798719999999,36.3134310999999,0 -91.76757080000002,36.3130818,0 -91.7663258,36.3121426,0 -91.76581090000001,36.3117579,0 -91.7654354,36.3113948,0 -91.7650223,36.3108328,0 -91.7627478,36.3077117,0 -91.76214159999999,36.3068731,0 -91.76208160000002,36.3067926,0 -91.76129400000001,36.3057361,0 -91.7608005,36.3050488,0 -91.7605484,36.3047678,0 -91.76011920000001,36.3043311,0 -91.7592877,36.303661,0 -91.7566753,36.301547,0 -91.75511420000001,36.3002716000001,0 -91.7545676,36.2998339999999,0 -91.7518956,36.2976776,0 -91.75060809999999,36.29664,0 -91.7498571,36.296052,0 -91.74906849999999,36.2953775,0 -91.748457,36.2949235,0 -91.7477167,36.2944468,0 -91.7473304,36.2942115,0 -91.7467779,36.2938383,0 -91.7448038,36.2926103,0 -91.74439069999998,36.2923423,0 -91.74390789999998,36.2920395999999,0 -91.74310699999999,36.291573,0 -91.742599,36.2912873,0 -91.74200200000001,36.291003,0 -91.74087709999999,36.2905609,0 -91.74027700000001,36.290362,0 -91.7364299,36.2889999,0 -91.73434589999999,36.2882519,0 -91.73328910000001,36.2879211,0 -91.73275,36.2877979,0 -91.732117,36.2877027,0 -91.73148399999999,36.2876379,0 -91.729557,36.287482,0 -91.72728020000001,36.287284,0 -91.72647360000002,36.2872357,0 -91.7251057,36.2871147,0 -91.72307790000001,36.2868855,0 -91.71926379999999,36.2863709,0 -91.71817900000001,36.286215,0 -91.7174077,36.2860812,0 -91.71683909999999,36.2859428,0 -91.71471479999998,36.2854758,0 -91.71382430000001,36.2852726,0 -91.71257439999999,36.2849872,0 -91.70758549999999,36.2838672,0 -91.70474770000001,36.2832445,0 -91.70269310000002,36.2827775,0 -91.70198499999999,36.2825743,0 -91.7013788,36.2823321000001,0 -91.700896,36.2821116,0 -91.7004723,36.2818391,0 -91.70007529999999,36.2815797,0 -91.6995174,36.2811862,0 -91.69891120000001,36.2808316,0 -91.69829970000001,36.2805418,0 -91.69752179999999,36.2801872,0 -91.69634170000002,36.2796467,0 -91.69566039999999,36.2793483,0 -91.6952151,36.2791148,0 -91.69492009999999,36.2788942,0 -91.69384719999999,36.2780207,0 -91.69307470000001,36.2774325,0 -91.69251680000001,36.2770347,0 -91.6921467,36.2767881,0 -91.69164539999998,36.2765309,0 -91.69099869999999,36.2763297,0 -91.6902101,36.2760789,0 -91.68921229999999,36.2757762,0 -91.68861689999999,36.2755643,0 -91.6882521,36.2754043,0 -91.68741529999998,36.2750194,0 -91.6847673,36.2736444,0 -91.68441199999999,36.273463,0 -91.6826409,36.272524,0 -91.67941999999999,36.270894,0 -91.67810299999999,36.2701947,0 -91.6774643,36.2698555,0 -91.6757262,36.269038,0 -91.67370919999999,36.2681817,0 -91.6721982,36.2675295,0 -91.67185619999999,36.2674099,0 -91.6713046,36.2672649,0 -91.67082149999999,36.267169,0 -91.67031800000001,36.2670879,0 -91.66886189999998,36.2668996,0 -91.6651006,36.2663924,0 -91.66169020000001,36.2659326,0 -91.66153800000001,36.265914,0 -91.6574121,36.2653573,0 -91.6559422,36.2651669999999,0 -91.6548586,36.2650112999999,0 -91.6518331,36.2646091,0 -91.6511411,36.2645182,0 -91.64931180000001,36.2642457,0 -91.64667249999999,36.2639862,0 -91.64055710000001,36.2633807,0 -91.63872240000001,36.2632077,0 -91.63785799999999,36.263094,0 -91.6371989,36.2629135,0 -91.6362441,36.2625459,0 -91.6348601,36.2620095,0 -91.634388,36.2618192,0 -91.63327219999999,36.2613434,0 -91.6306704,36.2599419,0 -91.62895109999999,36.2590357,0 -91.6269958,36.2579759,0 -91.6264218,36.2576277,0 -91.6257164,36.2571346,0 -91.625142,36.256633,0 -91.62124,36.252881,0 -91.6205018,36.2521604,0 -91.62012730000001,36.2517835000001,0 -91.618325,36.250067,0 -91.6178151,36.249566,0 -91.6173012,36.2490697,0 -91.61665960000002,36.2484587,0 -91.6165378,36.2483604,0 -91.61582769999998,36.2478199,0 -91.61511400000001,36.247291,0 -91.6134624,36.2461171,0 -91.6110035,36.2443624000001,0 -91.6093388,36.2431444,0 -91.6081147,36.2422606,0 -91.60707119999999,36.2415144,0 -91.60574250000001,36.2405761,0 -91.6055197,36.2404073,0 -91.6048126,36.2398937,0 -91.6041105,36.2393833,0 -91.60375089999999,36.2391271,0 -91.6034003,36.2388752,0 -91.60324490000001,36.2387684,0 -91.60235880000002,36.238132,0 -91.6010541,36.2372079,0 -91.6007465,36.2369886,0 -91.60029880000002,36.2366696,0 -91.59958899999999,36.2361845,0 -91.5989768,36.2365722,0 -91.5987593,36.23671,0 -91.59838789999999,36.2369652,0 -91.59802880000001,36.2372119,0 -91.5977097,36.2374302,0 -91.5976474,36.2374728,0 -91.5971796,36.2378083,0 -91.59712509999999,36.2378464999999,0 -91.59661320000001,36.2382051,0 -91.5961157,36.2385536,0 -91.5961022,36.238563,0 -91.59596000000001,36.238663,0 -91.59526200000002,36.2391538,0 -91.59498069999999,36.2393516,0 -91.594387,36.2397909,0 -91.594189,36.2400071,0 -91.59408120000002,36.2401246,0 -91.593971,36.240246,0 -91.5938104,36.2404583,0 -91.59329049999999,36.2413799,0 -91.59315850000002,36.241626,0 -91.59301940000002,36.2419077,0 -91.59282330000001,36.2422629,0 -91.59261149999999,36.2426463,0 -91.59240819999999,36.2430346,0 -91.5921183,36.2435723,0 -91.5918793,36.2440155999999,0 -91.5911557,36.245393,0 -91.59001160000001,36.2475391,0 -91.58931629999999,36.2488135,0 -91.58910710000001,36.2490892,0 -91.5888763,36.2493393,0 -91.58864539999999,36.2495336,0 -91.58829780000001,36.2497663,0 -91.5879054,36.2499617,0 -91.587425,36.2502107,0 -91.58723620000001,36.2503142,0 -91.58636610000002,36.2507424,0 -91.58463350000001,36.2516196,0 -91.5837142,36.2520886,0 -91.58234870000001,36.252788,0 -91.5812865,36.2533169,0 -91.58069649999999,36.2536124,0 -91.58037189999999,36.2537811,0 -91.5791069,36.2543873,0 -91.57857700000001,36.2545459999999,0 -91.57530890000001,36.2552756,0 -91.574716,36.2554082,0 -91.5737321,36.2556327,0 -91.57316729999998,36.2557753,0 -91.57181199999999,36.2560847,0 -91.57035769999999,36.2564168,0 -91.56661699999999,36.2572637,0 -91.5659043,36.2574254,0 -91.56507190000002,36.2576163,0 -91.5627006,36.2581938,0 -91.55910510000001,36.2589843,0 -91.55695799999999,36.2594796,0 -91.55423759999998,36.2601002,0 -91.55386110000001,36.2601583,0 -91.5533392,36.2602237,0 -91.55277,36.2602497,0 -91.5520008,36.2602571,0 -91.54874600000001,36.260107,0 -91.54846809999999,36.2600951,0 -91.54814639999999,36.2600842,0 -91.54751950000001,36.260063,0 -91.54671639999999,36.2600369000001,0 -91.5459728,36.2600153,0 -91.5441936,36.2599409,0 -91.54240239999999,36.2598697,0 -91.54150579999998,36.2598358999999,0 -91.5412024,36.259822,0 -91.5407486,36.2598012,0 -91.53961750000001,36.2597494,0 -91.5392801,36.2597409,0 -91.5388231,36.2597442,0 -91.53862240000001,36.2597559,0 -91.5380055,36.2598294999999,0 -91.5366868,36.2600862,0 -91.5354949,36.2603182,0 -91.5340573,36.2606081,0 -91.53197590000001,36.261032,0 -91.52951479999999,36.2615371,0 -91.52739699999998,36.2619462,0 -91.52661519999998,36.2621098,0 -91.52570750000001,36.2622929,0 -91.5249319,36.262428,0 -91.5246405,36.2624881,0 -91.5237324,36.2626464,0 -91.5213462,36.2630922,0 -91.5201321,36.2633487,0 -91.5195415,36.2635501,0 -91.5190501,36.2637774,0 -91.51865880000001,36.2640172,0 -91.51812960000001,36.2643638,0 -91.5175516,36.2648974,0 -91.5159285,36.2663669,0 -91.51477680000001,36.2674223,0 -91.51376280000001,36.2683049,0 -91.5128678,36.2689913,0 -91.51273310000001,36.2691081,0 -91.5120503,36.2696491000001,0 -91.51145800000002,36.2701281000001,0 -91.5107687,36.2706749,0 -91.5085754,36.2724208,0 -91.50803749999999,36.2728619,0 -91.507746,36.2731708,0 -91.50752800000001,36.273484,0 -91.50736810000001,36.2738334,0 -91.507306,36.2740401,0 -91.50725449999999,36.2742681,0 -91.5072365,36.2745909,0 -91.5072467,36.2748267,0 -91.50727569999999,36.2750323,0 -91.50735229999999,36.2753050000001,0 -91.5074915,36.2756104,0 -91.5076377,36.275843,0 -91.5079212,36.2762229,0 -91.5083017,36.2767217,0 -91.50868860000001,36.2772307,0 -91.5093249,36.2780779,0 -91.50966539999999,36.2785476,0 -91.50988469999999,36.2788661,0 -91.51004930000001,36.2791857,0 -91.51015099999998,36.2794797,0 -91.51018310000001,36.2796565,0 -91.51021709999999,36.2799927,0 -91.5101944,36.2802274,0 -91.51015409999999,36.2804915,0 -91.510076,36.2807383,0 -91.50974960000001,36.2815083,0 -91.5082532,36.285155,0 -91.50810370000002,36.2855192,0 -91.50803209999998,36.2856937,0 -91.5066972,36.2889652,0 -91.5062145,36.2901481,0 -91.5060677,36.2905055,0 -91.50528629999999,36.2924083,0 -91.50513170000001,36.292801,0 -91.50510890000001,36.2928889,0 -91.5050107,36.2932672,0 -91.50494519999999,36.2935698,0 -91.50490739999999,36.2939741,0 -91.50490929999999,36.2942315,0 -91.50495960000001,36.2947464,0 -91.505118,36.2958782,0 -91.50517499999999,36.2963392,0 -91.50520090000001,36.2966495,0 -91.50518510000002,36.2971555999999,0 -91.50514680000001,36.2974658,0 -91.50507729999998,36.2977781,0 -91.50495440000002,36.2981889,0 -91.5047502,36.2986556,0 -91.50453950000002,36.2990609,0 -91.5039932,36.2999109,0 -91.5036448,36.3004673,0 -91.5035163,36.3007039,0 -91.50339150000001,36.30097,0 -91.5032799,36.3013223,0 -91.5032107,36.3016465999999,0 -91.5031795,36.3018534,0 -91.5031753,36.3021811,0 -91.50320480000002,36.3025954,0 -91.50326530000001,36.3028889,0 -91.50336340000001,36.3032312,0 -91.503865,36.3045611,0 -91.50403050000001,36.3051365,0 -91.5041312,36.3055364,0 -91.50425319999999,36.3061511,0 -91.5043201,36.306658,0 -91.5043637,36.3071772,0 -91.504381,36.3074808,0 -91.50439059999998,36.3076504,0 -91.50436910000001,36.3084377,0 -91.5043531,36.308823,0 -91.50431040000001,36.3092974,0 -91.5042591,36.309565,0 -91.50419339999999,36.3098262,0 -91.50408899999999,36.3101751,0 -91.5039659,36.3104622,0 -91.5038558,36.3106813,0 -91.503743,36.3108869,0 -91.50360710000001,36.311106,0 -91.50255600000001,36.312704,0 -91.50240789999998,36.3129193,0 -91.50114650000002,36.3148016,0 -91.50096990000002,36.3150632,0 -91.50074700000002,36.3153737,0 -91.50057750000002,36.3155755,0 -91.50052989999999,36.3156322,0 -91.5003901,36.3157705,0 -91.5003263,36.3158337,0 -91.50018900000001,36.3159481,0 -91.50015620000001,36.3159754,0 -91.5000119,36.3160865,0 -91.4997084,36.316262,0 -91.49942229999999,36.316386,0 -91.49914399999999,36.3164847,0 -91.4987948,36.3165698,0 -91.4984901,36.3166145,0 -91.4981647,36.316629,0 -91.49766080000002,36.3165989,0 -91.49712599999999,36.316495,0 -91.49683380000002,36.3163924,0 -91.4964684,36.316225,0 -91.49626619999999,36.3161082,0 -91.49611130000001,36.3159981,0 -91.49592349999999,36.3158716,0 -91.49576690000001,36.3157106,0 -91.49565949999999,36.3155864,0 -91.49558709999999,36.3154935,0 -91.49550080000002,36.3153814,0 -91.4951169,36.3147894,0 -91.4950444,36.314679,0 -91.49494189999999,36.3145622,0 -91.4948406,36.3144491,0 -91.49473159999999,36.3143492,0 -91.4946206,36.3142702,0 -91.49451620000001,36.314205,0 -91.4944059,36.3141414,0 -91.49433980000001,36.3141087,0 -91.49417069999998,36.3140447,0 -91.4940136,36.3139904000001,0 -91.49386279999999,36.3139572,0 -91.49372870000001,36.3139326,0 -91.4935761,36.3139155,0 -91.49340269999999,36.3139046,0 -91.49324129999999,36.3139098,0 -91.49307399999999,36.3139267,0 -91.49289909999999,36.3139557,0 -91.49273909999998,36.3139896,0 -91.49259639999998,36.3140359,0 -91.4925064,36.3140728,0 -91.4924224,36.3141064,0 -91.49229030000001,36.3141706,0 -91.49216960000001,36.3142475,0 -91.49203589999999,36.3143401,0 -91.4919159,36.3144323,0 -91.49174170000002,36.3145836,0 -91.4891295,36.3169286,0 -91.48886170000002,36.317187,0 -91.48878920000001,36.3172462,0 -91.48869579999999,36.3173104,0 -91.48859899999999,36.3173655,0 -91.48851019999998,36.3174078,0 -91.48841969999999,36.3174455,0 -91.48828379999999,36.3174882,0 -91.4881395,36.3175136,0 -91.48799480000001,36.3175391,0 -91.48776410000001,36.3175629,0 -91.487233,36.3175996,0 -91.48724129999999,36.3176409,0 -91.48731720000002,36.3180161,0 -91.4873217,36.3180385,0 -91.487363,36.3181828,0 -91.4874368,36.3184037,0 -91.48752,36.3186359,0 -91.4876632,36.3189712,0 -91.4878047,36.3192303,0 -91.4882221,36.3200011,0 -91.4882604,36.3200719,0 -91.48831540000002,36.3203787,0 -91.4883203,36.3204654,0 -91.48831490000001,36.3205712,0 -91.48830340000001,36.3206855,0 -91.48826900000002,36.3208103,0 -91.4882313,36.3209042,0 -91.4881776,36.3210056,0 -91.48811379999999,36.3211042,0 -91.48802869999999,36.3212113,0 -91.48791029999998,36.3213243,0 -91.48779159999999,36.321422,0 -91.4876728,36.3215023,0 -91.4876033,36.321533,0 -91.4874774,36.3215836,0 -91.48678870000001,36.321842,0 -91.48548780000002,36.3220668,0 -91.48521419999999,36.3221273,0 -91.48497020000001,36.322164,0 -91.4846885,36.3221964,0 -91.48440149999999,36.3222029,0 -91.48415110000001,36.3222035,0 -91.48390509999999,36.3221701,0 -91.4836494,36.3221177,0 -91.48346509999999,36.3220696,0 -91.4833186,36.3220275,0 -91.4832038,36.3219881,0 -91.48303249999999,36.3219258000001,0 -91.48287430000002,36.3218588,0 -91.48138839999999,36.3211738,0 -91.48121639999999,36.3210966,0 -91.48097459999998,36.3210091,0 -91.4807474,36.3209311,0 -91.48049790000002,36.3208562,0 -91.4802545,36.3207995,0 -91.47998509999999,36.3207487,0 -91.47972139999999,36.320712,0 -91.47860260000002,36.3205566,0 -91.47698720000001,36.3203393,0 -91.47507869999998,36.3200762,0 -91.47198280000001,36.3196476,0 -91.47172140000001,36.3196112,0 -91.4714805,36.3195632,0 -91.471267,36.3195128,0 -91.47108009999999,36.3194541,0 -91.47082380000002,36.3193653,0 -91.47052480000002,36.319239,0 -91.47027669999999,36.3190982,0 -91.47004310000001,36.3189211,0 -91.46985459999999,36.318766,0 -91.4696907,36.3185791,0 -91.4695499,36.3184033,0 -91.46768350000002,36.3154558,0 -91.46756799999999,36.3152699,0 -91.46747119999999,36.3151067,0 -91.46739770000001,36.3149585,0 -91.46733680000001,36.3148139,0 -91.4672822,36.3146643,0 -91.46723110000002,36.3144789,0 -91.46720209999999,36.314344,0 -91.46718460000001,36.3142104000001,0 -91.46718799999999,36.3140599,0 -91.46721020000001,36.3139042,0 -91.4673774,36.3130907,0 -91.46737910000002,36.313025,0 -91.4663252,36.3126792,0 -91.4652157,36.3123393,0 -91.4637432,36.3119005,0 -91.46334349999999,36.3117643,0 -91.4625844,36.3115158,0 -91.46241279999998,36.3114531,0 -91.4622438,36.3113839,0 -91.4619514,36.3112586,0 -91.46166980000001,36.3111267,0 -91.4614126,36.310991,0 -91.4611428,36.3108442,0 -91.460894,36.3106952,0 -91.4606569,36.3105401,0 -91.46040760000001,36.310365,0 -91.45937789999999,36.3096001,0 -91.45909810000001,36.3093884,0 -91.45886539999999,36.3092227,0 -91.45866719999999,36.3090968,0 -91.4584507,36.3089741,0 -91.4582259,36.3088539,0 -91.45735120000002,36.3084467,0 -91.456406,36.3080262,0 -91.4556485,36.30769,0 -91.45532139999999,36.307531,0 -91.45496559999999,36.3073555,0 -91.45446889999999,36.3070978,0 -91.45367779999999,36.3066483,0 -91.45157770000002,36.3054443,0 -91.45061280000002,36.3048751,0 -91.45046499999999,36.304795,0 -91.44992809999999,36.3045041,0 -91.449433,36.3042429999999,0 -91.44884099999999,36.30399,0 -91.44813550000002,36.303734,0 -91.4473156,36.3034437,0 -91.4466493,36.3031869,0 -91.4461802,36.3029948,0 -91.44574729999999,36.3027708,0 -91.4448562,36.3022365,0 -91.44313130000002,36.3012146,0 -91.44127330000001,36.3001164,0 -91.4384503,36.2984177,0 -91.4368759,36.2974975,0 -91.43662380000001,36.2973937,0 -91.4363609,36.2972943,0 -91.4361785,36.2972467,0 -91.43599620000001,36.2972035,0 -91.4356743,36.2971603,0 -91.4354007,36.2971559,0 -91.43510570000001,36.2971732,0 -91.434757,36.2972251,0 -91.4343689,36.2973414,0 -91.43396299999999,36.2975321,0 -91.43366799999998,36.2977093,0 -91.4334051,36.2979169,0 -91.43317450000001,36.2981417,0 -91.43299210000001,36.2983535,0 -91.43218430000002,36.2994372,0 -91.4318919,36.2997809,0 -91.4315191,36.3001398,0 -91.4307172,36.3008243,0 -91.4300144,36.3014317,0 -91.42948330000002,36.3018879,0 -91.42902730000002,36.3022236,0 -91.4286894,36.3024153,0 -91.4283487,36.3025651,0 -91.4280357,36.3026759,0 -91.4278869,36.302713,0 -91.42712769999999,36.3029154,0 -91.4267984,36.3029974000001,0 -91.42619759999999,36.3031444,0 -91.42578450000001,36.3032525,0 -91.42508719999998,36.303393,0 -91.4235718,36.3036431,0 -91.42273489999999,36.3037497,0 -91.42199239999999,36.3038153,0 -91.4209029,36.303875,0 -91.41851850000002,36.303963,0 -91.41791489999999,36.3039701,0 -91.4175046,36.3039507,0 -91.4172131,36.3039224,0 -91.41674549999999,36.3038275,0 -91.4161715,36.3036502,0 -91.41576269999999,36.3034956,0 -91.41388360000001,36.3027726,0 -91.4132103,36.3025176,0 -91.41268190000001,36.3022668,0 -91.4122608,36.3020204,0 -91.41130860000001,36.301387,0 -91.41095730000002,36.301173,0 -91.41073729999999,36.3010563,0 -91.410394,36.3009072,0 -91.40989239999999,36.3007342,0 -91.40939889999999,36.3006218,0 -91.4087981,36.3005397,0 -91.40806589999998,36.3004511,0 -91.40736579999999,36.300343,0 -91.4068937,36.3002262,0 -91.40628220000001,36.3000166,0 -91.40602200000001,36.299902,0 -91.40433949999999,36.2991575,0 -91.4038218,36.2989435,0 -91.40329069999999,36.2987511,0 -91.4025477,36.2984917,0 -91.40252359999999,36.2984838,0 -91.4019143,36.298284,0 -91.40129500000002,36.298081,0 -91.40121699999999,36.298053,0 -91.40034300000001,36.2977524,0 -91.40014450000001,36.2976702,0 -91.3999594,36.2975837,0 -91.39980560000001,36.2975046,0 -91.3996188,36.297387,0 -91.39945520000001,36.2972552,0 -91.39922720000001,36.2970519,0 -91.3973719,36.2951181,0 -91.3970581,36.2947787,0 -91.3968998,36.2945603,0 -91.3967121,36.294262,0 -91.39655649999999,36.2939333999999,0 -91.3964385,36.2935162,0 -91.39629360000001,36.2922882,0 -91.3962346,36.2919747,0 -91.39610590000001,36.291631,0 -91.3958994,36.2912916,0 -91.39573309999999,36.2910538,0 -91.3945878,36.2900787,0 -91.39379920000002,36.2894237,0 -91.3934907,36.2891232,0 -91.39318230000001,36.2887578,0 -91.392985,36.288489,0 -91.3924071,36.2875903,0 -91.39176070000001,36.2866347000001,0 -91.3915059,36.2863104,0 -91.39119210000001,36.2859774,0 -91.38914560000001,36.2841548,0 -91.3885877,36.2836662,0 -91.3882577,36.2833699,0 -91.38775889999999,36.2829743,0 -91.3867101,36.2822175,0 -91.3856104,36.2815451,0 -91.38408569999999,36.2806581,0 -91.3830006,36.2800164,0 -91.38264390000001,36.2797937,0 -91.38220130000001,36.2794758,0 -91.3816683,36.2790552,0 -91.3810962,36.2785569,0 -91.38016550000002,36.2776963,0 -91.37972539999998,36.2772803,0 -91.3794388,36.2770094,0 -91.3793233,36.2769114,0 -91.3779742,36.2756832,0 -91.3776905,36.2754518,0 -91.37733310000002,36.2752226,0 -91.3769254,36.2749675,0 -91.3764748,36.2747274,0 -91.37545019999999,36.2742409,0 -91.3743398,36.2737371,0 -91.3741258,36.2736407,0 -91.37303109999999,36.2731478,0 -91.3723023,36.2728197,0 -91.3708101,36.2721478,0 -91.37037549999999,36.2719769,0 -91.37008040000001,36.2718774,0 -91.3696377,36.2717822,0 -91.3692918,36.271752,0 -91.36874469999999,36.2717662,0 -91.3682726,36.2718255,0 -91.36790510000002,36.2719141,0 -91.36746259999998,36.2720979,0 -91.3671461,36.2722645,0 -91.36680279999999,36.2724677,0 -91.3658983,36.2731488,0 -91.3654804,36.2733997,0 -91.36513170000002,36.2735857,0 -91.364893,36.2736942,0 -91.36346880000002,36.2742322,0 -91.3622779,36.274669,0 -91.36195600000001,36.2747577,0 -91.3614115,36.2748766,0 -91.3609364,36.2749379,0 -91.3603708,36.2749458,0 -91.35988399999999,36.2749248,0 -91.359314,36.2748399000001,0 -91.35864349999999,36.2746799,0 -91.35817950000001,36.2745004,0 -91.3576698,36.2742495,0 -91.3563958,36.2736311,0 -91.3560578,36.2734927,0 -91.35568499999998,36.2733759,0 -91.3553229,36.2733046,0 -91.35494740000001,36.27327,0 -91.35453699999998,36.2732851,0 -91.35402740000001,36.2733586,0 -91.35346809999999,36.2735028,0 -91.3521879,36.2740811,0 -91.35149269999999,36.2743858,0 -91.35108540000002,36.2745295,0 -91.3505456,36.2746434,0 -91.35013549999999,36.2746798999999,0 -91.34987270000001,36.2746885,0 -91.3488454,36.2746496,0 -91.3478234,36.2745999,0 -91.34581529999998,36.2744896,0 -91.3417281,36.2743014,0 -91.3410643,36.2742712,0 -91.3396937,36.2742041,0 -91.33888899999999,36.2741587,0 -91.33840259999999,36.2741117,0 -91.33776520000001,36.2739879,0 -91.3371161,36.2738149,0 -91.33583369999999,36.2734693,0 -91.3350411,36.2733006,0 -91.3345786,36.2732558,0 -91.33448319999999,36.2732466,0 -91.3339548,36.2732487,0 -91.3334895,36.2732855,0 -91.33272859999998,36.2734242,0 -91.332311,36.273549,0 -91.331867,36.2737262,0 -91.3314003,36.2739684,0 -91.33065999999999,36.2744701,0 -91.3290721,36.2757481,0 -91.3286547,36.2760653,0 -91.32854850000001,36.2761378,0 -91.3280168,36.2765007,0 -91.32767470000002,36.2766822,0 -91.3273475,36.2768076,0 -91.3270785,36.2768876,0 -91.32660450000002,36.2769763,0 -91.3261378,36.2770044,0 -91.3257006,36.2769871,0 -91.32529830000001,36.2769352,0 -91.3248718,36.27684,0 -91.32449629999999,36.276706,0 -91.3242736,36.2766021999999,0 -91.32419590000001,36.2765611,0 -91.3238284,36.2763168,0 -91.32332679999999,36.2758929,0 -91.3221279,36.2747707,0 -91.32172559999998,36.2744398,0 -91.321409,36.2742647,0 -91.32105900000001,36.2741014,0 -91.3206607,36.2739728,0 -91.3202825,36.2738884,0 -91.3199097,36.2738473,0 -91.3195905,36.2738409,0 -91.31903309999998,36.2738959,0 -91.3185659,36.2740117,0 -91.31816629999999,36.2741522,0 -91.3178551,36.2742993,0 -91.31760540000001,36.2744351,0 -91.3165959,36.275136,0 -91.3156262,36.2758145,0 -91.31496439999999,36.2762351,0 -91.3144514,36.2764768,0 -91.3140823,36.276608,0 -91.3135824,36.2767514,0 -91.31299490000001,36.2768654,0 -91.31264090000002,36.2769136,0 -91.31231099999999,36.2769373,0 -91.3118872,36.276946,0 -91.311627,36.2769394999999,0 -91.31121400000002,36.2769049,0 -91.3109104,36.2768555,0 -91.31084420000002,36.2768499,0 -91.3102993,36.2767341,0 -91.30977129999999,36.2765771,0 -91.30938740000001,36.2764357,0 -91.3090763,36.2763103,0 -91.30860150000001,36.2760357,0 -91.30815509999999,36.2757296,0 -91.3078076,36.2754388,0 -91.3073301,36.2749869,0 -91.3041166,36.2716593999999,0 -91.3033428,36.2708573,0 -91.3024329,36.2699385,0 -91.30157960000001,36.2690512,0 -91.30059780000001,36.2680649,0 -91.30019959999998,36.2676971,0 -91.29969920000002,36.2673037,0 -91.2993488,36.2670893,0 -91.29874649999998,36.2667827,0 -91.29808250000001,36.2665058,0 -91.296237,36.2659048,0 -91.2943885,36.2652946,0 -91.2941342,36.265202,0 -91.2941095,36.265193,0 -91.29366699999999,36.264994,0 -91.2933812,36.2648421,0 -91.2930045,36.2646328,0 -91.2925941,36.2643495,0 -91.29224809999999,36.2640446,0 -91.29212630000001,36.26392,0 -91.2919279,36.2637171,0 -91.2909338,36.2626497,0 -91.2898314,36.2614061,0 -91.28973179999998,36.2612932,0 -91.28937090000001,36.2608843,0 -91.28859559999998,36.2600059,0 -91.28853330000001,36.2599363,0 -91.28655159999998,36.2576815,0 -91.2864752,36.2575863,0 -91.2862238,36.257273,0 -91.2858269,36.256715,0 -91.28486019999998,36.2552553,0 -91.2847352,36.2550734,0 -91.2839189,36.2538376,0 -91.28383109999999,36.2537047,0 -91.2835979,36.2533452,0 -91.28331,36.2529141,0 -91.28305230000001,36.2525282,0 -91.28281280000002,36.2521688,0 -91.28258919999999,36.2518327,0 -91.2824451,36.2516045,0 -91.2814176,36.2500963,0 -91.2804903,36.2486431,0 -91.2804648,36.2486032,0 -91.27989250000002,36.247973,0 -91.2797054,36.2478058,0 -91.27908960000001,36.2473456999999,0 -91.2787163,36.2471459,0 -91.2783726,36.2469929,0 -91.27747740000001,36.2466898,0 -91.2770395,36.2465464,0 -91.27645080000002,36.2463536,0 -91.2757227,36.2461074,0 -91.2741857,36.2456097,0 -91.2737328,36.2454541,0 -91.27279679999999,36.2451371,0 -91.2711639,36.2445905,0 -91.26898519999999,36.2438613,0 -91.2683523,36.2436707,0 -91.2681216,36.2435896,0 -91.26756500000002,36.2434003,0 -91.2671667,36.243224,0 -91.2668905,36.2430575,0 -91.2667081,36.2429341,0 -91.26648410000001,36.2427395,0 -91.2663326,36.2425924,0 -91.26614209999998,36.2423447,0 -91.26597449999998,36.2421143,0 -91.2657774,36.241819,0 -91.2655199,36.2414274,0 -91.2652798,36.2410813,0 -91.26510409999999,36.2408758,0 -91.264911,36.2406681,0 -91.2647702,36.2405437,0 -91.2644416,36.240322,0 -91.264156,36.2401651,0 -91.26382469999999,36.2400267,0 -91.2635592,36.2399445,0 -91.2632681,36.239872,0 -91.262275,36.2396566,0 -91.26114100000001,36.239402,0 -91.2605523,36.2392403,0 -91.26000620000002,36.2390731,0 -91.2598151,36.2390128,0 -91.2594641,36.238902,0 -91.2564325,36.2379239,0 -91.25552039999999,36.237626,0 -91.2550528,36.2374732,0 -91.2537244,36.2370393,0 -91.2526774,36.2366973,0 -91.25100909999999,36.2361456,0 -91.2502554,36.235886,0 -91.2500891,36.2358362000001,0 -91.2496573,36.2356848,0 -91.24952050000002,36.2356415,0 -91.2482947,36.2352586,0 -91.2476671,36.2351028,0 -91.24704749999999,36.2349795,0 -91.24633130000001,36.23488,0 -91.2441748,36.2345857,0 -91.2434117,36.2344792,0 -91.2428924,36.234408,0 -91.24174600000001,36.234251,0 -91.239583,36.2339602,0 -91.2379682,36.2337268,0 -91.2376088,36.2336814,0 -91.23669050000001,36.2335448,0 -91.23612280000002,36.2334283,0 -91.2357045,36.2333171,0 -91.235268,36.233201,0 -91.23454030000001,36.232935,0 -91.23402,36.2327013,0 -91.2335399,36.2324763,0 -91.2332153,36.2322946,0 -91.2326065,36.2319095,0 -91.23223900000001,36.2316498,0 -91.23181250000002,36.2313123,0 -91.23139140000001,36.2309380000001,0 -91.2310361,36.2305659,0 -91.23077720000001,36.2302824,0 -91.2305624,36.2300107,0 -91.23048480000001,36.2299125,0 -91.2302086,36.2294971,0 -91.23001549999999,36.2291833,0 -91.22983309999998,36.2288436,0 -91.22962920000001,36.2284044,0 -91.2294576,36.2279457,0 -91.2293217,36.2274632,0 -91.22922149999999,36.2270651,0 -91.2290016,36.2261693,0 -91.2288702,36.2256479,0 -91.22874410000001,36.2252800000001,0 -91.22840580000002,36.2245452,0 -91.2281057,36.2240899999999,0 -91.22779730000001,36.2236745,0 -91.227462,36.2233024,0 -91.22714540000001,36.2229873,0 -91.2267295,36.2226351,0 -91.2263301,36.2223481,0 -91.22513379999999,36.2216146,0 -91.22285399999998,36.2202449,0 -91.2193985,36.2181899,0 -91.2192675,36.218112,0 -91.2175512,36.2172197,0 -91.2168324,36.2168432,0 -91.2165105,36.2166441,0 -91.2163013,36.2164926,0 -91.21610819999999,36.2163606,0 -91.21590170000002,36.2161702,0 -91.21569780000002,36.2159733,0 -91.21557180000002,36.2158326,0 -91.21546720000001,36.2157006,0 -91.2153304,36.2155275,0 -91.2152016,36.2153154,0 -91.21507560000001,36.2150882,0 -91.2149441,36.2148285,0 -91.21479929999998,36.2144541000001,0 -91.21469950000001,36.2142346,0 -91.2145927,36.2140343,0 -91.21446570000001,36.2138224,0 -91.214356,36.2136733,0 -91.21427789999998,36.2135802,0 -91.214229,36.2135219,0 -91.2140442,36.2133403,0 -91.2138941,36.2132075,0 -91.2137267,36.2130887,0 -91.2135246,36.2129676,0 -91.21335430000001,36.2128768,0 -91.21314390000001,36.2127768,0 -91.2129621,36.2127092,0 -91.21276,36.212644,0 -91.21257420000002,36.2125913,0 -91.21255500000001,36.2125858,0 -91.21235009999999,36.2125415,0 -91.21215670000001,36.2125089,0 -91.21199210000002,36.2124926,0 -91.21181319999999,36.2124833,0 -91.2116024,36.2124763,0 -91.2114033,36.2124833,0 -91.21117520000001,36.2124973,0 -91.20991229999998,36.2126179,0 -91.20813870000001,36.2127818,0 -91.20770570000001,36.212826,0 -91.20731309999999,36.2128563,0 -91.2069494,36.2128726000001,0 -91.2066665,36.2128703,0 -91.20640090000001,36.2128493,0 -91.2061671,36.2128167,0 -91.2059304,36.2127678,0 -91.20567630000001,36.2127026,0 -91.2054042,36.2126194,0 -91.20510739999999,36.2125002,0 -91.20481820000001,36.2123841,0 -91.20166519999999,36.2108307,0 -91.20039850000001,36.2102017,0 -91.19990000000001,36.209919,0 -91.1995862,36.2097424,0 -91.1994182,36.2096479,0 -91.1991896,36.2095099,0 -91.19878759999999,36.2092623,0 -91.198065,36.2087906,0 -91.19734130000001,36.2082804,0 -91.1949348,36.2065355,0 -91.19467539999999,36.2063429,0 -91.19406039999998,36.2058862,0 -91.1936501,36.2055876,0 -91.19334289999999,36.205365,0 -91.1930198,36.2051309,0 -91.1927488,36.2049318,0 -91.19237769999999,36.2047117,0 -91.1921735,36.2045925,0 -91.1919182,36.2044659,0 -91.19160090000001,36.2043214,0 -91.19117679999999,36.2041791,0 -91.1907928,36.2040825,0 -91.190308,36.2039968,0 -91.18982330000001,36.203961,0 -91.18953489999998,36.2039528,0 -91.1887711,36.2039427,0 -91.188603,36.2039433,0 -91.18815149999999,36.2039449,0 -91.18599519999999,36.2039348,0 -91.18517629999999,36.2039192,0 -91.18368030000001,36.2038907,0 -91.18220599999999,36.2038578,0 -91.1806923,36.2038172,0 -91.17988769999999,36.2037912,0 -91.1794853,36.2037652,0 -91.17919560000001,36.2037349,0 -91.1781647,36.20354,0 -91.1770233,36.2033192000001,0 -91.1762545,36.2031712,0 -91.17575600000001,36.2030669999999,0 -91.17550219999998,36.2029817,0 -91.1753119,36.2029028,0 -91.17456230000001,36.2024741,0 -91.1744391,36.2024041,0 -91.17364790000001,36.2019474,0 -91.1726537,36.2013822,0 -91.1716334,36.2007844,0 -91.17066950000002,36.2002227,0 -91.17007610000002,36.1998888,0 -91.169883,36.1997654,0 -91.1696862,36.1995929,0 -91.1695746,36.1994516,0 -91.1694485,36.1992676,0 -91.16935320000002,36.1990493,0 -91.1692213,36.1987568000001,0 -91.1689947,36.198218,0 -91.16833990000001,36.1970945,0 -91.1676368,36.1959004,0 -91.16617949999998,36.1934587,0 -91.16604579999999,36.1932378,0 -91.16511939999998,36.191644,0 -91.1648297,36.1911721,0 -91.16340550000001,36.1887736,0 -91.16312379999999,36.1882974,0 -91.16295490000002,36.187912,0 -91.16284479999999,36.1875975,0 -91.1627549,36.1871981,0 -91.16270809999999,36.186515,0 -91.16264219999999,36.1855546,0 -91.1626069,36.1847971,0 -91.1623836,36.1808914,0 -91.1622737,36.1787148,0 -91.1622656,36.1785309,0 -91.1622012,36.177397,0 -91.16218240000001,36.1768883,0 -91.16212609999999,36.1760287,0 -91.16206440000001,36.1747253,0 -91.16203760000002,36.1741819,0 -91.16199459999999,36.1732985,0 -91.16198390000001,36.1723826,0 -91.1620295,36.1703949,0 -91.16206169999998,36.1697345,0 -91.16208680000001,36.1693263,0 -91.1622977,36.1679092,0 -91.1625966,36.1664461,0 -91.16274900000001,36.1655993,0 -91.1627725,36.1652111,0 -91.16276879999999,36.164874,0 -91.16274300000001,36.16462,0 -91.1626536,36.164047,0 -91.1626169,36.1638318,0 -91.16254720000001,36.1634528,0 -91.16239969999999,36.1626668,0 -91.16228700000001,36.1620106,0 -91.16212069999999,36.1608282,0 -91.1620382,36.1599802,0 -91.16185500000002,36.158096,0 -91.16172480000002,36.1569994999999,0 -91.16154229999999,36.1552391,0 -91.16144629999999,36.1547619,0 -91.1610019,36.1530265,0 -91.16069830000001,36.1515171,0 -91.1606589,36.151334,0 -91.1601841,36.1490946,0 -91.1600098,36.1483994,0 -91.1597709,36.1477306,0 -91.15845960000001,36.14417,0 -91.158253,36.1435324999999,0 -91.15809990000001,36.1429294,0 -91.1580384,36.1423325,0 -91.1580088,36.1416292999999,0 -91.15811170000001,36.1385088,0 -91.15812960000001,36.1379657,0 -91.15815859999998,36.1368683,0 -91.15815980000001,36.1368184,0 -91.1582071,36.1349062,0 -91.15826039999999,36.1329389,0 -91.15827530000001,36.1310523,0 -91.1582154,36.1303962,0 -91.15812720000001,36.1300494,0 -91.15788699999999,36.1294519,0 -91.15756709999998,36.1288475,0 -91.1572156,36.1283761,0 -91.156193,36.1272902,0 -91.1560988,36.1271983,0 -91.15477679999999,36.125908,0 -91.1538575,36.1250405,0 -91.15266149999999,36.1240649,0 -91.15103240000001,36.1228162,0 -91.15087159999999,36.1226743,0 -91.14905039999999,36.1213365,0 -91.14831569999998,36.1207891,0 -91.14596040000002,36.1190248,0 -91.1452603,36.1184961,0 -91.144825,36.1181486,0 -91.14462500000002,36.117978,0 -91.1440343,36.1174419,0 -91.14373310000001,36.1171277,0 -91.1431092,36.1164307,0 -91.1430537,36.1163687,0 -91.14079099999999,36.113581,0 -91.1405718,36.1132807,0 -91.1404902,36.1131798,0 -91.1390973,36.111458,0 -91.13877170000001,36.1110555,0 -91.1379604,36.1100203,0 -91.13733360000001,36.1094781,0 -91.13664199999999,36.1090107,0 -91.1363393,36.1088592,0 -91.1356688,36.1085742,0 -91.13506260000001,36.1083792,0 -91.1344993,36.1082318,0 -91.1339629,36.1081451,0 -91.1335981,36.1081018,0 -91.13295969999999,36.1080715000001,0 -91.13223020000001,36.1080845,0 -91.13021310000002,36.1081148000001,0 -91.1284441,36.1081051,0 -91.128072,36.108103,0 -91.12699309999999,36.1081065,0 -91.1260999,36.1081025,0 -91.12512599999999,36.108103,0 -91.12347,36.108084,0 -91.12152949999999,36.1080803,0 -91.1202574,36.1080779,0 -91.1201427,36.1080771,0 -91.11953320000001,36.1080713,0 -91.11942169999999,36.1080733,0 -91.1182787,36.1080381,0 -91.11786039999998,36.1080017,0 -91.116776,36.1077558,0 -91.1158945,36.1074406,0 -91.11487250000002,36.1070457,0 -91.11339220000002,36.1064433,0 -91.11205459999999,36.1060562,0 -91.11151810000001,36.1059695,0 -91.1107296,36.1059045,0 -91.10896409999999,36.1058054,0 -91.10455949999999,36.1056336,0 -91.10356280000002,36.1055571,0 -91.1029243,36.105477,0 -91.10253899999999,36.105412,0 -91.1017861,36.1052153,0 -91.101044,36.104954,0 -91.1006805,36.1047289000001,0 -91.1000928,36.1043409,0 -91.0996885,36.103976,0 -91.0993982,36.1036962,0 -91.09894690000002,36.1032542,0 -91.09844870000002,36.1027688,0 -91.09282210000002,36.0973468,0 -91.0921974,36.0967938,0 -91.09158359999999,36.0961444,0 -91.091053,36.0957124,0 -91.09041349999998,36.0952992,0 -91.08967920000001,36.0949038,0 -91.08834040000001,36.0943824,0 -91.087574,36.0940944000001,0 -91.0820035,36.0920558,0 -91.08169530000001,36.0919114,0 -91.0797913,36.0912142,0 -91.0762539,36.0899273,0 -91.0751534,36.0895269,0 -91.07432570000002,36.0892392,0 -91.0727141,36.0886447,0 -91.0713502,36.0881241,0 -91.07032019999998,36.0877365,0 -91.06928350000001,36.0873393,0 -91.06815020000001,36.086913,0 -91.0670406,36.0865128999999,0 -91.0659319,36.0861064,0 -91.0648125,36.0856636,0 -91.06395939999999,36.0853356,0 -91.06327779999999,36.0850854,0 -91.06250950000002,36.0848007,0 -91.0621696,36.0846748,0 -91.06142789999998,36.0844,0 -91.06002730000002,36.0838776,0 -91.05942659999999,36.0836644,0 -91.0588544,36.0834587,0 -91.05757409999998,36.082995,0 -91.05328969999999,36.08141,0 -91.0504109,36.0803403,0 -91.04696140000001,36.0790569,0 -91.045574,36.0785413,0 -91.04405710000002,36.077974,0 -91.04266290000001,36.0774571,0 -91.04220749999999,36.0772879,0 -91.0413356,36.0769641,0 -91.04095839999999,36.0768244,0 -91.03789860000001,36.0756916,0 -91.0363212,36.0751034,0 -91.0336776,36.0741204,0 -91.03240510000001,36.0736498,0 -91.0302514,36.0728554,0 -91.02974,36.0726611,0 -91.02902520000001,36.0724021,0 -91.0282241,36.0721033,0 -91.02731249999999,36.0717547,0 -91.02396249999998,36.0705043,0 -91.023186,36.0702217,0 -91.02209760000001,36.0698229,0 -91.0202853,36.069139,0 -91.01850189999999,36.0684901,0 -91.01568,36.0674425,0 -91.0118264,36.0660163,0 -91.01120709999999,36.0657882,0 -91.00850849999999,36.0647943,0 -91.00732999999998,36.0643408,0 -91.0063924,36.0639228000001,0 -91.00627,36.0638503,0 -91.00584720000001,36.0636,0 -91.00533609999999,36.0632178,0 -91.005053,36.0630032,0 -91.00471840000002,36.0627315,0 -91.00442279999999,36.0624518,0 -91.00410959999999,36.0621288,0 -91.0038229,36.0617901,0 -91.00355549999999,36.0614421,0 -91.00343059999999,36.0612681,0 -91.0032887,36.0610491,0 -91.0030797,36.0607574,0 -91.0027901,36.0602315,0 -91.0026127,36.0597216,0 -91.00241809999999,36.0591651,0 -91.0023066,36.0586859,0 -91.002234,36.058261,0 -91.0022075,36.0578432,0 -91.00217859999999,36.0573362,0 -91.00226359999999,36.0557385,0 -91.00286509999998,36.0464221,0 -91.0030484,36.0435621,0 -91.0030931,36.0428093,0 -91.00309609999999,36.0424027,0 -91.0030825,36.0422494,0 -91.0030605,36.042,0 -91.0029992,36.0416693,0 -91.00291129999999,36.0413417,0 -91.0027908,36.0409998,0 -91.0026742,36.040713,0 -91.00249730000002,36.040375,0 -91.0023333,36.0401178,0 -91.0021337,36.039831,0 -91.0019006,36.0395498,0 -91.0016397,36.0392661,0 -91.0013107,36.0389632999999,0 -91.0008898,36.0386302,0 -91.00047289999999,36.0383641,0 -90.99983260000002,36.038039,0 -90.9992704,36.0378089,0 -90.99851860000001,36.0375836,0 -90.99776070000001,36.0374398,0 -90.99707209999998,36.0373703,0 -90.9962441,36.0373287,0 -90.99435769999999,36.0372344,0 -90.99168760000002,36.0370963,0 -90.990019,36.0370153,0 -90.9853401,36.0367817,0 -90.9823176,36.0366296,0 -90.9764639,36.0363277,0 -90.97215919999999,36.0360999,0 -90.96753990000001,36.035877,0 -90.9637793,36.0356825,0 -90.96127690000002,36.0355531,0 -90.9599218,36.0354831,0 -90.95843559999999,36.0354103,0 -90.95638990000002,36.0353045,0 -90.9559063,36.0351809,0 -90.95565120000001,36.0351033,0 -90.95549080000001,36.0350125,0 -90.95533929999999,36.0348889,0 -90.95523830000002,36.0347582,0 -90.95514230000001,36.034552,0 -90.95512590000001,36.034311,0 -90.95515880000001,36.0341599,0 -90.95523700000001,36.0340047,0 -90.95536079999999,36.0338485,0 -90.9555148,36.0337239,0 -90.9557143,36.033631,0 -90.9559568,36.0335605,0 -90.9561941,36.0335483,0 -90.95645930000001,36.0335748,0 -90.9567093,36.0336657,0 -90.9569467,36.0338209,0 -90.95708299999998,36.0339853000001,0 -90.95717400000001,36.0341803000001,0 -90.9572093,36.0344376,0 -90.9571626,36.0346286,0 -90.95711059999999,36.0348102,0 -90.95703010000001,36.0349312,0 -90.9565356,36.0356604,0 -90.9536715,36.0398994,0 -90.95296070000002,36.0409408000001,0 -90.95213080000001,36.0421236,0 -90.9456405,36.0518106,0 -90.94103610000001,36.0586971,0 -90.9406256,36.0593084,0 -90.93820700000001,36.0628577,0 -90.9373188,36.0638694,0 -90.93699700000002,36.0642553,0 -90.93658240000001,36.0646209,0 -90.9351661,36.0657795,0 -90.93447949999999,36.0662166,0 -90.93366410000002,36.0664941,0 -90.9328058,36.0666329,0 -90.9315441,36.0668202,0 -90.9307888,36.0669312,0 -90.930188,36.0671394,0 -90.929776,36.0674863,0 -90.9294842,36.0678332,0 -90.92920090000001,36.0684368,0 -90.92920090000001,36.0689432000001,0 -90.92937259999998,36.069526,0 -90.92959569999999,36.0700186,0 -90.92340899999999,36.072294,0 -90.92239109999998,36.072618,0 -90.92151129999999,36.0728002,0 -90.9207388,36.0728869,0 -90.9127244,36.0727655,0 -90.9057399,36.0726874,0 -90.89079460000001,36.0724446,0 -90.8877906,36.0723145,0 -90.87867110000001,36.0718202,0 -90.87577429999999,36.0716381,0 -90.8700987,36.0713086,0 -90.86077539999998,36.0707883,0 -90.8515915,36.0703026,0 -90.8460232,36.0699991,0 -90.84252479999999,36.0697973,0 -90.8380624,36.0695395,0 -90.83375009999999,36.0693596,0 -90.83353840000001,36.0693525,0 -90.8335017,36.0693512,0 -90.83317689999998,36.0693412,0 -90.8323508,36.0693157,0 -90.8290531,36.0692542,0 -90.8284013,36.0692464,0 -90.82627429999999,36.0692212,0 -90.8259185,36.0692267,0 -90.8255648,36.0692439999999,0 -90.8252131,36.0692779,0 -90.8248656,36.0693219,0 -90.8245093,36.0693689,0 -90.8239064,36.0694506,0 -90.8223766,36.0696621,0 -90.82109379999999,36.0698377,0 -90.82084209999999,36.0698731,0 -90.8188384,36.0701494,0 -90.81834830000001,36.070217,0 -90.8175567,36.0703258,0 -90.8172302,36.0703633,0 -90.81690159999999,36.0703865,0 -90.81662939999998,36.0703999,0 -90.81635310000001,36.0703989,0 -90.8157432,36.0703897,0 -90.81386850000001,36.0703657,0 -90.813131,36.0703563,0 -90.8128986,36.0703533,0 -90.8126685,36.0703504,0 -90.81101059999999,36.0703292,0 -90.807653,36.0702858,0 -90.80478189999999,36.0702486,0 -90.80246870000001,36.0702187,0 -90.800719,36.0701961,0 -90.7983223,36.0701651,0 -90.79781270000001,36.0701584999999,0 -90.79756060000001,36.0701553,0 -90.79702379999999,36.0701486,0 -90.79534080000002,36.0701239,0 -90.79307420000001,36.0700907,0 -90.7928771,36.0700878,0 -90.7925776,36.0700834,0 -90.79098190000001,36.07006,0 -90.79000540000001,36.0700456,0 -90.7895879,36.0700395,0 -90.7862617,36.0699907,0 -90.7838466,36.0699559,0 -90.78338960000002,36.0699493,0 -90.7824289,36.0699369,0 -90.78221069999999,36.0699337,0 -90.78219150000001,36.0699334,0 -90.7800541,36.0699015,0 -90.7796359,36.0698953,0 -90.777886,36.0698699,0 -90.77786509999999,36.0698696,0 -90.77392089999998,36.0698123,0 -90.77360769999999,36.0698077,0 -90.77294089999999,36.0697978,0 -90.7724271,36.0697902,0 -90.7718661,36.0697681,0 -90.7715207,36.0697473,0 -90.7711735,36.0697178,0 -90.7704832,36.0696353,0 -90.7701031,36.0695793,0 -90.7697246,36.0695134,0 -90.7693484,36.0694394,0 -90.7689732,36.0693589,0 -90.76860739999999,36.0692725,0 -90.76824389999999,36.0691717,0 -90.7680106,36.0691027,0 -90.76777529999998,36.0690323,0 -90.7675058,36.0689476,0 -90.76722850000002,36.068852,0 -90.766957,36.0687548,0 -90.76667190000001,36.0686451,0 -90.7662182,36.0684633,0 -90.76262490000001,36.0669428,0 -90.76229139999998,36.0668049,0 -90.76196760000002,36.0666764,0 -90.7616728,36.0665682,0 -90.76156450000002,36.0665322999999,0 -90.76140330000001,36.0664789,0 -90.7610755,36.0663739,0 -90.7607187,36.0662688,0 -90.7604822,36.0661983,0 -90.76016609999999,36.0661137,0 -90.7599179,36.0660540999999,0 -90.75964449999998,36.0659961,0 -90.7592527,36.0659099,0 -90.7589076,36.0658503,0 -90.75885150000001,36.065841,0 -90.75851969999998,36.065786,0 -90.7581009,36.0657343,0 -90.75751139999998,36.0656716,0 -90.7570673,36.065645,0 -90.75672019999999,36.0656309,0 -90.7562568,36.0656168,0 -90.7558174,36.0656106,0 -90.7550603,36.0655979,0 -90.7511751,36.0655866999999,0 -90.74912260000001,36.0655807,0 -90.74798680000001,36.0655757,0 -90.7449951,36.0655624,0 -90.743866,36.0655574,0 -90.7432913,36.0655549,0 -90.7402704,36.0655415,0 -90.74004360000001,36.0655431,0 -90.7397275,36.0655462,0 -90.7394269,36.0655525,0 -90.7391326,36.0655676,0 -90.73909140000001,36.0655696999999,0 -90.7387579,36.0655901,0 -90.7384476,36.0656183,0 -90.73805009999998,36.0656591,0 -90.73771659999998,36.0656983,0 -90.73734039999999,36.0657516,0 -90.73685749999999,36.0658362,0 -90.73655309999998,36.0658973,0 -90.73623509999999,36.0659663,0 -90.73588220000001,36.0660525,0 -90.7355879,36.0661293,0 -90.73550979999999,36.0661497,0 -90.7350852,36.0662735,0 -90.73457520000001,36.0664319,0 -90.7340691,36.0666152000001,0 -90.732176,36.0673082,0 -90.731009,36.0677354,0 -90.7308287,36.067805,0 -90.7301791,36.0680478999999,0 -90.72984750000001,36.0681608,0 -90.72949269999999,36.0682768,0 -90.7292425,36.0683504,0 -90.72901950000002,36.0684131,0 -90.7287674,36.068479,0 -90.7284727,36.0685526,0 -90.7281993,36.0686122,0 -90.727889,36.0686843,0 -90.7275089,36.0687548,0 -90.72708230000001,36.0688222,0 -90.72664599999999,36.0688865,0 -90.72623299999999,36.0689288,0 -90.72590519999999,36.068957,0 -90.7256244,36.0689801,0 -90.72550379999998,36.0689899,0 -90.7251354,36.069004,0 -90.7249085,36.0690119,0 -90.7243965,36.0690161,0 -90.7233075,36.0690033,0 -90.7121595,36.0688717,0 -90.70907250000002,36.0688602,0 -90.7077714,36.0689151,0 -90.70582949999999,36.0689585,0 -90.70573090000001,36.0689573,0 -90.70463789999999,36.0689436,0 -90.70220020000001,36.0689132,0 -90.69954199999998,36.06888,0 -90.6950995,36.0688016000001,0 -90.69426009999999,36.0687917,0 -90.68152320000002,36.0686416,0 -90.679147,36.0686304,0 -90.67797179999999,36.0686737,0 -90.67247739999999,36.0690664,0 -90.658095,36.070088,0 -90.6545622,36.0703329,0 -90.64911789999999,36.0707162,0 -90.64834850000001,36.0707669,0 -90.6459921,36.0709518,0 -90.6457999,36.0709754,0 -90.64522460000001,36.0710869,0 -90.6447515,36.0712042,0 -90.64357919999999,36.0715207,0 -90.64356670000001,36.0715242,0 -90.6430818,36.0716579,0 -90.6430065,36.0716784,0 -90.6425505,36.0718022999999,0 -90.64207150000001,36.0719326,0 -90.64131360000002,36.0721387,0 -90.6404575,36.0723715,0 -90.64018570000002,36.0724454,0 -90.639605,36.0725744,0 -90.63954410000001,36.072585,0 -90.63892700000001,36.0726927,0 -90.6383203,36.0727605,0 -90.6378613,36.0728057,0 -90.63521110000001,36.0730333,0 -90.63459590000001,36.0730826,0 -90.63288670000001,36.073202,0 -90.62848150000001,36.0735019,0 -90.62780119999999,36.0735486,0 -90.62341110000001,36.073857,0 -90.62244990000001,36.0739116999999,0 -90.6193227,36.0740843,0 -90.618364,36.0741236,0 -90.6175956,36.074155,0 -90.61731550000002,36.0741665,0 -90.61622669999998,36.0741583,0 -90.61534640000002,36.0740822,0 -90.6140821,36.0738704,0 -90.61381070000002,36.0738187,0 -90.6133786,36.0737363000001,0 -90.6113342,36.0733422,0 -90.61085290000001,36.0732429,0 -90.61042569999999,36.0730873,0 -90.6100641,36.0729499,0 -90.6097781,36.0727783,0 -90.60953069999999,36.072601,0 -90.60913769999999,36.0722513000001,0 -90.60896769999999,36.0720441,0 -90.60813699999999,36.0706733,0 -90.60797059999999,36.070432,0 -90.6076954,36.0701324,0 -90.60741829999999,36.0698911,0 -90.60707379999999,36.0696468,0 -90.6067986,36.0694789,0 -90.60642799999999,36.0693044,0 -90.60595309999999,36.0691539,0 -90.60546479999999,36.0690455,0 -90.6049683,36.0689874,0 -90.6043045,36.0689838,0 -90.60099390000002,36.0690025,0 -90.60089340000002,36.0690031,0 -90.59880049999998,36.0689957,0 -90.5959414,36.0690289,0 -90.5958763,36.0690297,0 -90.5958311,36.0690302,0 -90.5943312,36.0690508,0 -90.5932054,36.069095,0 -90.5912474,36.0692165,0 -90.59067709999999,36.069239,0 -90.59024300000002,36.0692122,0 -90.58980169999998,36.0691454,0 -90.58940219999998,36.0690385,0 -90.589027,36.0689058,0 -90.58845839999999,36.0686231,0 -90.5878549,36.0683088,0 -90.58712229999999,36.0679439,0 -90.58686059999998,36.0678327,0 -90.58648220000001,36.0677168,0 -90.5861512,36.0676361,0 -90.5856637,36.0675678,0 -90.5851906,36.0675525,0 -90.5846815,36.0675532,0 -90.5828336,36.0675402,0 -90.5821215,36.0675388,0 -90.5807236,36.0675361,0 -90.5807143,36.0670583,0 -90.58069399999999,36.0660132,0 -90.58068179999999,36.0658513,0 -90.58059080000001,36.0655226,0 -90.58049979999998,36.0652773,0 -90.58036020000002,36.0650173,0 -90.580172,36.0647426,0 -90.57995349999999,36.0644874,0 -90.579735,36.0642618,0 -90.5795348,36.0640901,0 -90.5793163,36.063938,0 -90.57895819999999,36.0637074,0 -90.5765245,36.0620933,0 -90.57585690000001,36.0616713,0 -90.57537740000001,36.0613377,0 -90.5749283,36.0610139,0 -90.57445490000001,36.0606214,0 -90.574093,36.0602988,0 -90.5738386,36.0600645,0 -90.57362409999999,36.0598286,0 -90.5732807,36.05944,0 -90.57307479999999,36.0591555,0 -90.5728859,36.0588849,0 -90.5727057,36.0586351,0 -90.57255979999998,36.0583923,0 -90.5713301,36.0559113,0 -90.57019079999999,36.0536113999999,0 -90.56837979999999,36.0497115,0 -90.56817950000001,36.0492969,0 -90.56759019999998,36.0480391,0 -90.56645720000002,36.0456587,0 -90.56470619999999,36.0419257,0 -90.5645578,36.041626,0 -90.5644015,36.0413278,0 -90.56417279999998,36.0409176,0 -90.56393100000001,36.0405125,0 -90.5637754,36.0402703,0 -90.56359679999998,36.0400022,0 -90.56341070000001,36.0397366,0 -90.56321880000002,36.0394744,0 -90.56302070000001,36.0392137,0 -90.56278880000001,36.0389243,0 -90.5625491,36.0386358,0 -90.56235659999999,36.0384173,0 -90.5621613,36.0382005,0 -90.56114199999999,36.0371009,0 -90.56053330000002,36.0364456,0 -90.56032879999999,36.0362254,0 -90.5593082,36.0351266,0 -90.5581407,36.0338723,0 -90.5579769,36.0336885,0 -90.557817,36.0335022,0 -90.5576648,36.0333086,0 -90.557523,36.0331115,0 -90.55739240000001,36.0329145,0 -90.5572739,36.0327124,0 -90.55716510000001,36.0325051,0 -90.5570661,36.0322936,0 -90.55697849999999,36.0320769,0 -90.5569014,36.0318575,0 -90.5568387,36.0316384,0 -90.556787,36.0314169,0 -90.55674659999998,36.0311921,0 -90.5567173,36.0309647,0 -90.55670019999998,36.0307393,0 -90.55669709999999,36.0305142,0 -90.55675960000001,36.0270618,0 -90.5567899,36.0254224,0 -90.5567887,36.0252538,0 -90.55677900000001,36.0250848,0 -90.5567626,36.024917,0 -90.55674009999998,36.0247504999999,0 -90.5567106,36.0245843,0 -90.556675,36.0244186,0 -90.5565825,36.0240899000001,0 -90.5564608,36.0237613,0 -90.55631289999999,36.0234381,0 -90.55614200000001,36.0231268,0 -90.5559445,36.0228230999999,0 -90.55572960000002,36.0225438,0 -90.5554915,36.0222742,0 -90.55523700000001,36.0220191,0 -90.55495980000001,36.0217769,0 -90.5546733,36.0215567,0 -90.55436570000002,36.0213506,0 -90.5540508,36.0211589,0 -90.5537163,36.0209854000001,0 -90.5534413,36.0208579,0 -90.553155,36.0207416,0 -90.55286460000002,36.0206364,0 -90.5525646,36.0205439,0 -90.55226330000001,36.0204636,0 -90.551957,36.0203958,0 -90.5516459,36.0203424,0 -90.5513328,36.0202974999999,0 -90.5487609,36.0199648999999,0 -90.5469714,36.0197315,0 -90.5452951,36.0195128000001,0 -90.53981269999998,36.0187976,0 -90.5347161,36.0181332,0 -90.53417039999999,36.0180621,0 -90.5336846,36.0179988,0 -90.52776849999999,36.0172455,0 -90.52729079999999,36.0171827,0 -90.5268129,36.0171198,0 -90.52284909999999,36.0165874,0 -90.5225587,36.0165516,0 -90.5222673,36.016528,0 -90.521976,36.0165188,0 -90.5216863,36.0165258,0 -90.5213899,36.0165456,0 -90.5210979,36.0165825,0 -90.5208119,36.0166345,0 -90.5205283,36.0166977,0 -90.5158256,36.0179729,0 -90.5144483,36.0183427,0 -90.514155,36.0184043,0 -90.51400750000001,36.0184325,0 -90.5138595,36.0184547,0 -90.51369230000002,36.0184767,0 -90.51352369999999,36.0184934,0 -90.51336910000001,36.0185044,0 -90.51321280000001,36.0185114,0 -90.51296790000001,36.0185135,0 -90.51094639999999,36.0185305,0 -90.50689309999998,36.0185646,0 -90.50134009999999,36.0186106,0 -90.4962664,36.0186526,0 -90.49517849999998,36.0186619,0 -90.49159550000002,36.0187031,0 -90.4862782,36.0187372,0 -90.481835,36.0187642,0 -90.4783097,36.0188028,0 -90.47784340000001,36.0188045,0 -90.4776612,36.0188113,0 -90.47747409999998,36.0188233,0 -90.47728940000002,36.0188412,0 -90.47710620000001,36.0188651,0 -90.4769407,36.0188932,0 -90.47677710000001,36.0189247,0 -90.47661410000001,36.0189605,0 -90.4764529,36.0190006,0 -90.4762934,36.0190466,0 -90.4761357,36.0190972,0 -90.47598249999999,36.0191518,0 -90.4758313,36.0192094,0 -90.4756807,36.0192732,0 -90.4755335,36.0193415,0 -90.47539040000001,36.0194142,0 -90.47524919999999,36.0194904,0 -90.47511179999999,36.0195717,0 -90.4749783,36.0196552,0 -90.4748469,36.0197431,0 -90.47472220000002,36.0198359,0 -90.47460049999999,36.0199308,0 -90.47448140000002,36.0200292,0 -90.47436910000002,36.0201325,0 -90.47426230000001,36.0202376,0 -90.47415220000001,36.0203532,0 -90.47404489999998,36.0204731,0 -90.47394570000002,36.0205984,0 -90.4738498,36.0207264,0 -90.47376130000001,36.0208571,0 -90.47367880000002,36.0209910000001,0 -90.4736023,36.0211288,0 -90.4735326,36.0212682,0 -90.47346760000001,36.0214135,0 -90.47341060000001,36.021561,0 -90.4733609,36.0217107,0 -90.4733174,36.0218599,0 -90.47328519999999,36.0220144,0 -90.4732573,36.0221685,0 -90.4732369,36.0223257,0 -90.4732242,36.0224825,0 -90.4732173,36.0227134,0 -90.47313699999998,36.025185,0 -90.47309439999999,36.0265314,0 -90.47309380000002,36.0265505,0 -90.473073,36.0272068,0 -90.47304140000001,36.0282077000001,0 -90.47298070000001,36.0301236,0 -90.472961,36.0307467,0 -90.4729481,36.0311555,0 -90.47293929999999,36.0314311,0 -90.47273970000001,36.0377381,0 -90.4727196,36.0383724,0 -90.47260789999999,36.0418394999999,0 -90.47258829999998,36.0424873,0 -90.47258770000001,36.0425087,0 -90.4725608,36.0433044,0 -90.47255629999999,36.043474,0 -90.47253789999999,36.0436811000001,0 -90.47251180000002,36.0438791,0 -90.4724751,36.0440823,0 -90.47244559999999,36.0442205,0 -90.4723879,36.0444248,0 -90.47233979999999,36.0446113,0 -90.4722136,36.0449204,0 -90.4721107,36.0451409,0 -90.4720054,36.0453401,0 -90.47184999999999,36.0455889,0 -90.47167580000001,36.0458284,0 -90.47035820000001,36.047512,0 -90.4699937,36.0479576,0 -90.46980420000001,36.0481954,0 -90.46968870000001,36.0483529,0 -90.4695787,36.0485266,0 -90.4694662,36.0487111,0 -90.4693656,36.0489087,0 -90.4692457,36.0491615,0 -90.469159,36.0493787,0 -90.46906679999999,36.0496267,0 -90.46900429999999,36.0498649,0 -90.468952,36.050106,0 -90.4689206,36.0503068,0 -90.4689027,36.0505241,0 -90.46888869999999,36.0508034,0 -90.46888300000001,36.0511832,0 -90.4688834,36.0520406,0 -90.4688836,36.0526208000001,0 -90.4680584,36.0526208000001,0 -90.4666816,36.0526208000001,0 -90.4655947,36.0526223,0 -90.46447179999998,36.0526238,0 -90.4623878,36.0526277,0 -90.46118770000001,36.0526277,0 -90.4598582,36.0526323,0 -90.4585519,36.0526369,0 -90.4529907,36.0526434000001,0 -90.4519823,36.0526369,0 -90.4494218,36.0526317,0 -90.44657610000002,36.0526293,0 -90.4460322,36.0526288,0 -90.4449122,36.0526264,0 -90.4438265,36.052623,0 -90.443262,36.0526212,0 -90.4430806,36.0526207,0 -90.4412162,36.0526151,0 -90.4405792,36.0526157,0 -90.4402485,36.0526161,0 -90.44000629999999,36.0526163,0 -90.43597990000002,36.0526065,0 -90.43524779999998,36.0526023,0 -90.4304162,36.0525711,0 -90.42498330000001,36.0525396,0 -90.42264799999998,36.0525209,0 -90.4136699,36.0524755,0 -90.4063195,36.0524437,0 -90.4046432,36.0524362,0 -90.40443310000001,36.0524351999999,0 -90.400425,36.052451,0 -90.39986570000001,36.0524493,0 -90.39933689999999,36.0524466,0 -90.39892690000001,36.0524445,0 -90.39567030000002,36.0524275,0 -90.3955921,36.0524272,0 -90.3951076,36.0524251,0 -90.39442050000001,36.0524222,0 -90.3924159,36.0524347,0 -90.3912895,36.052435,0 -90.39089799999999,36.0524351,0 -90.39040930000002,36.0524352,0 -90.3898564,36.0524299,0 -90.387997,36.0524157,0 -90.38741519999999,36.0524129,0 -90.3869368,36.0524106,0 -90.38620590000001,36.0524071,0 -90.38559479999999,36.0524019,0 -90.38341689999999,36.0523836,0 -90.3808334,36.0523618,0 -90.3802822,36.0523566,0 -90.37764000000001,36.0523148,0 -90.37756469999999,36.0523137,0 -90.3746606,36.0522706,0 -90.3686594,36.0522199,0 -90.36833499999999,36.0521613,0 -90.36680940000001,36.0521543,0 -90.3658741,36.0521499,0 -90.36456250000001,36.0521439,0 -90.36373639999999,36.0520698,0 -90.3629018,36.0519193,0 -90.3622937,36.0517999,0 -90.36216609999998,36.0517736,0 -90.36040800000001,36.0514309,0 -90.3602765,36.0514068,0 -90.3596618,36.05129,0 -90.35858119999999,36.0510807,0 -90.3562546,36.0506046,0 -90.3557532,36.0504539,0 -90.35497770000001,36.0501313,0 -90.35360139999999,36.0494787,0 -90.35204899999998,36.0487114,0 -90.35085669999999,36.048122,0 -90.3503355,36.047861,0 -90.3495992,36.0475548000001,0 -90.34770570000001,36.0467649,0 -90.34622809999999,36.0461339,0 -90.34312410000001,36.0448447,0 
				
					-90.34312410000001,36.0448447,0 -90.3399709,36.0435322,0 -90.33898360000001,36.0431129,0 -90.3381747,36.0427527,0 -90.33538039999999,36.0415418,0 -90.333685,36.04083,0 -90.3322117,36.0402072,0 -90.3316454,36.0399917,0 -90.33124010000002,36.0398228,0 -90.3306199,36.0395612,0 -90.3299258,36.039333,0 -90.32952020000002,36.0392359,0 -90.329081,36.039154,0 -90.327383,36.039146,0 -90.32619,36.039151,0 -90.325028,36.039147,0 -90.32452000000001,36.039145,0 -90.32312720000002,36.0391498,0 -90.32284610000002,36.0391508,0 -90.32105700000001,36.039141,0 -90.32083299999999,36.039142,0 -90.320256,36.039146,0 -90.320165,36.039147,0 -90.319202,36.0391410000001,0 -90.31845000000001,36.039145,0 -90.316965,36.039159,0 -90.31560700000001,36.03916,0 -90.31457299999998,36.039152,0 -90.31245800000001,36.039162,0 -90.31111199999999,36.039142,0 -90.30980199999999,36.039144,0 -90.30814499999998,36.039138,0 -90.306183,36.039141,0 -90.303876,36.039152,0 -90.30213000000001,36.039134,0 -90.30171999999999,36.03915,0 -90.30080700000001,36.039161,0 -90.299555,36.039149,0 -90.29782299999999,36.039146,0 -90.29657,36.039149,0 -90.29589199999999,36.039144,0 -90.2938197,36.0391279,0 -90.293165,36.0391262,0 -90.29138450000001,36.039132,0 -90.2887116,36.039122,0 -90.28864470000002,36.0391209,0 -90.28418380000001,36.0391001,0 -90.28287459999999,36.0390964,0 -90.2824974,36.0391008,0 -90.2822371,36.0391103,0 -90.2819753,36.0391255,0 -90.2817158,36.0391469,0 -90.28145430000001,36.0391751,0 -90.28119239999999,36.0392068,0 -90.28093120000001,36.039245,0 -90.28067470000001,36.0392884,0 -90.2804178,36.0393374,0 -90.28011720000001,36.0394031,0 -90.2798154,36.0394771,0 -90.27952100000002,36.0395603,0 -90.27922730000002,36.0396482,0 -90.27893769999999,36.0397469,0 -90.27865000000001,36.0398531,0 -90.2783677,36.0399667,0 -90.2780874,36.0400863,0 -90.2778138,36.0402148,0 -90.27754360000002,36.0403498,0 -90.27728209999999,36.0404927,0 -90.2770266,36.0406415,0 -90.27677779999999,36.0407947,0 -90.27653309999999,36.0409549,0 -90.276297,36.0411247,0 -90.27606210000002,36.0412965,0 -90.27556260000001,36.041681,0 -90.2732913,36.0434282,0 -90.2714059,36.0448814,0 -90.2712034,36.0450359,0 -90.2694649,36.0463702,0 -90.26634540000001,36.0487661,0 -90.26611800000002,36.0489408,0 -90.2614356,36.0525364,0 -90.25740140000001,36.0556359,0 -90.2571731,36.055812,0 -90.25054110000001,36.0609065,0 -90.25028969999998,36.0610996,0 -90.2484875,36.0624822,0 -90.24828149999999,36.0626403,0 -90.2440519,36.0658866,0 -90.24112039999999,36.0681393,0 -90.2411058,36.0681505,0 -90.240779,36.068392,0 -90.23919309999999,36.0696159,0 -90.2387588,36.0699446,0 -90.23831899999999,36.0702709,0 -90.23795490000001,36.0705402,0 -90.2375773,36.0708161,0 -90.2368201,36.0713532,0 -90.2360673,36.0718822,0 -90.2356904,36.0721538,0 -90.235506,36.0722912,0 -90.2353257,36.0724324,0 -90.23515860000002,36.0725627,0 -90.2348394,36.0728267,0 -90.23452230000001,36.0731131,0 -90.2342701,36.0733584,0 -90.2339872,36.0736648,0 -90.23368979999999,36.0740164,0 -90.233254,36.074559,0 -90.233035,36.0748092,0 -90.2329203,36.0749308,0 -90.23280099999999,36.0750499,0 -90.23267929999999,36.0751688,0 -90.2325536,36.0752848,0 -90.2324258,36.0754029,0 -90.2322949,36.0755162,0 -90.23206219999999,36.0757164,0 -90.23091580000001,36.0766697,0 -90.2229519,36.0834687,0 -90.2150137,36.0902932,0 -90.21305169999999,36.0919799,0 -90.20784279999998,36.0964588,0 -90.2076498,36.0966243,0 -90.20402359999999,36.099741,0 -90.1981657,36.1047755,0 -90.19542269999999,36.1071338,0 -90.19517430000001,36.1073475,0 -90.1896842,36.1120634,0 -90.18945309999999,36.1122623,0 -90.18624990000001,36.1150128,0 -90.18351079999999,36.1173668,0 -90.1833213,36.1175205,0 -90.18312780000001,36.1176725,0 -90.18292769999999,36.1178209,0 -90.18272210000001,36.1179658,0 -90.1825133,36.1181018,0 -90.18229970000002,36.1182355,0 -90.1820828,36.1183645000001,0 -90.18185849999999,36.1184901,0 -90.18163989999999,36.1186061000001,0 -90.18141320000001,36.1187171,0 -90.18118339999999,36.1188234,0 -90.18095119999998,36.1189262,0 -90.18071500000001,36.1190216,0 -90.1804758,36.1191131,0 -90.1802315,36.1192,0 -90.1799848,36.1192808,0 -90.17967720000001,36.1193731,0 -90.17936539999999,36.119457,0 -90.17904679999999,36.1195301,0 -90.1787243,36.1195951,0 -90.17839979999999,36.1196509,0 -90.17807449999999,36.1196943,0 -90.1777453,36.1197354,0 -90.17741439999999,36.1197629,0 -90.17705660000001,36.1197869,0 -90.17669720000001,36.1197977,0 -90.17633309999999,36.1198058,0 -90.17597240000001,36.119808,0 -90.1683719,36.1197948,0 -90.16388670000001,36.1197849,0 -90.1626632,36.1197836,0 -90.1622425,36.1197885,0 -90.1620326,36.1197937,0 -90.16182239999999,36.1198018,0 -90.16140059999999,36.1198297,0 -90.1609842,36.1198763,0 -90.16056909999999,36.1199331,0 -90.1601567,36.1200068,0 -90.1597524,36.1200962,0 -90.15935020000001,36.1201972,0 -90.15918510000002,36.1202435,0 -90.1590205,36.1202933,0 -90.15885680000001,36.1203448,0 -90.15869480000001,36.1203998,0 -90.15841460000001,36.1204998,0 -90.15805719999999,36.1206362,0 -90.15771049999998,36.1207887,0 -90.1573736,36.1209501,0 -90.15704270000001,36.1211215,0 -90.15671879999998,36.1213041,0 -90.156407,36.1214969,0 -90.15610460000001,36.1217000000001,0 -90.1558162,36.1219134,0 -90.1555812,36.1220973,0 -90.1553529,36.1222888,0 -90.1551336,36.1224878,0 -90.15491900000001,36.1226901,0 -90.1547115,36.1229076,0 -90.1545093,36.1231293999999,0 -90.15432289999998,36.1233569,0 -90.1541419,36.123586,0 -90.15397350000002,36.1238249,0 -90.15381259999999,36.1240681,0 -90.1536617,36.1243172,0 -90.15352129999999,36.1245718,0 -90.1533939,36.1248296,0 -90.1532735,36.1250912,0 -90.15316889999998,36.1253574,0 -90.1530734,36.1256269,0 -90.15268920000001,36.1268142,0 -90.1507067,36.1329714,0 -90.15033529999999,36.1341295,0 -90.149621,36.136392,0 -90.14795630000002,36.1415411,0 -90.14780279999999,36.1420196,0 -90.1465108,36.1460389,0 -90.1464399,36.1462584,0 -90.14580689999998,36.1482228,0 -90.1457211,36.1484781,0 -90.14562840000001,36.1487316,0 -90.14554099999999,36.1489522,0 -90.14544610000002,36.1491704,0 -90.1453375,36.149387,0 -90.1452242,36.1496019,0 -90.1451015,36.1498153,0 -90.14497470000002,36.1500254,0 -90.1448366,36.1502296,0 -90.1446938,36.1504298,0 -90.1445446,36.1506239,0 -90.14439,36.1508159,0 -90.1442272,36.1510025,0 -90.1440601,36.1511873,0 -90.14369699999999,36.1515449,0 -90.143316,36.151885,0 -90.14126300000001,36.1536469999999,0 -90.1385854,36.1559453,0 -90.1383726,36.1561277,0 -90.1356373,36.1584754,0 -90.1342697,36.1596505,0 -90.1335921,36.1602398,0 -90.1332558,36.1605391,0 -90.13292530000001,36.1608433,0 -90.1315429,36.1621284,0 -90.13083980000002,36.1627596,0 -90.1304816,36.1630741,0 -90.13011880000001,36.163384,0 -90.12992709999999,36.1635488,0 -90.1261011,36.1668318999999,0 -90.12367,36.1689168,0 -90.1230619,36.1694338,0 -90.1223664,36.1700084,0 -90.12175379999999,36.1705008,0 -90.12113309999999,36.1709882,0 -90.12023339999999,36.1717038,0 -90.11948030000001,36.1723333,0 -90.1128736,36.1779982,0 -90.11266620000001,36.1781759,0 -90.1054424,36.1843773,0 -90.1041886,36.185448,0 -90.10390750000001,36.1856886,0 -90.0955714,36.1928315,0 -90.09537609999998,36.1929992,0 -90.0786804,36.2073074,0 -90.07400149999999,36.2113126,0 -90.0659802,36.2181808,0 -90.06574639999999,36.2183817,0 -90.06181940000002,36.2217434,0 -90.0591,36.2240737,0 -90.0583333,36.2247326,0 -90.0581871,36.2248765,0 -90.05807140000002,36.2250321,0 
				
					-90.05807140000002,36.2250321,0 -90.05789009999999,36.2252254,0 -90.05783650000001,36.2253347,0 -90.05776470000002,36.2254234,0 -90.0576863,36.2254796,0 -90.05761179999999,36.2255154,0 -90.057498,36.2255969,0 -90.0574438,36.2256173,0 -90.05739610000002,36.2256465,0 -90.05713909999999,36.2257106,0 -90.05696610000001,36.2257804,0 -90.05679480000001,36.2258515,0 -90.05612720000001,36.2259279,0 -90.05570299999999,36.2259701,0 -90.05484939999999,36.2260579000001,0 -90.0547148,36.226071,0 -90.0545427,36.2260884,0 -90.0540484,36.2261384,0 -90.05396789999999,36.2261465,0 -90.053152,36.2262291,0 -90.05261849999999,36.226283,0 -90.051948,36.2263505,0 -90.0514974,36.2263959,0 -90.0512389,36.2264219,0 -90.05058990000002,36.2264884,0 -90.050048,36.226544,0 -90.04939599999999,36.226647,0 -90.04905000000001,36.22671,0 -90.048661,36.226787,0 -90.048334,36.226883,0 -90.04791199999998,36.226992,0 -90.04750799999999,36.227106,0 -90.047178,36.227207,0 -90.04701900000001,36.227256,0 -90.04649499999999,36.227429,0 -90.045975,36.2276450000001,0 -90.04575199999998,36.227748,0 -90.045483,36.227871,0 -90.04504300000002,36.228111,0 -90.044973,36.22815,0 -90.044522,36.228386,0 -90.043926,36.228758,0 -90.043649,36.228938,0 -90.04355099999999,36.229001,0 -90.043187,36.229294,0 -90.04275199999998,36.2296109999999,0 -90.04247700000002,36.229857,0 -90.0421351,36.2301529,0 -90.042067,36.230256,0 -90.04183500000001,36.230498,0 -90.041642,36.230715,0 -90.04128799999999,36.231113,0 -90.041084,36.231379,0 -90.04098999999999,36.231501,0 -90.04087999999999,36.231643,0 -90.04051699999999,36.232216,0 -90.04042399999999,36.232349,0 -90.03999830000001,36.2330359,0 -90.0393868,36.233976,0 -90.03820400000001,36.23577,0 -90.038173,36.235816,0 -90.03813379999998,36.235878,0 -90.03801799999999,36.236061,0 -90.03784,36.236221,0 -90.037632,36.23644,0 -90.037482,36.236508,0 -90.037316,36.236542,0 -90.036906,36.236656,0 -90.036686,36.236657,0 -90.03636269999998,36.236663,0 -90.03610710000001,36.2366677,0 -90.036058,36.2366686000001,0 -90.03581149999999,36.23667,0 -90.0355284,36.2366716,0 -90.0348869,36.2366753,0 -90.03444020000002,36.2366787,0 -90.03340710000001,36.2366864,0 -90.032371,36.2366941,0 -90.032247,36.236695,0 -90.030731,36.236689,0 -90.029742,36.236685,0 -90.02800249999999,36.2367001,0 -90.02723400000001,36.2367057,0 -90.0270642,36.2367027,0 -90.02680520000001,36.2367403,0 -90.0260984,36.2367247,0 -90.02447979999999,36.2366801000001,0 -90.024293,36.236675,0 -90.023819,36.236674,0 -90.0230409,36.2366739,0 -90.0223716,36.2366713,0 -90.02086629999998,36.2366654,0 -90.0208035,36.2366651,0 -90.02054339999999,36.236664,0 -90.0199471,36.2366615,0 -90.01842619999999,36.2366603,0 -90.0169696,36.236657,0 -90.0107254,36.2366567,0 -90.0079267,36.2366652,0 -90.00758810000001,36.2366674,0 -90.0074912,36.236668,0 -90.0068555,36.2366729,0 -90.0060703,36.2366825,0 -90.00512190000001,36.2366926,0 -90.0035506,36.236708,0 -90.0030398,36.2367131,0 -90.0020368,36.2367222,0 -89.9999937,36.2367454,0 -89.9971716,36.2367781,0 -89.9959343,36.2367909,0 -89.99375120000001,36.2368143,0 -89.9922995,36.2368293,0 -89.99026360000001,36.2368425,0 -89.9882267,36.2368511,0 -89.9876974,36.2368482,0 -89.9871033,36.2368368,0 -89.98651649999999,36.2368189,0 -89.9857514,36.2367832,0 -89.9844202,36.2367111,0 -89.9829582,36.2366298,0 -89.98259779999999,36.2366103,0 -89.9820091,36.2365778,0 -89.9817427,36.236563,0 -89.9814708,36.236548,0 -89.9803646,36.2364869,0 -89.98011579999999,36.2364692,0 -89.97924089999999,36.2364258,0 -89.97888829999999,36.2364066,0 -89.9779913,36.2363578,0 -89.9775006,36.2363311,0 -89.9766947,36.2362873,0 -89.9694101,36.2358935,0 -89.96876229999999,36.235853,0 -89.96813400000001,36.2358065,0 -89.9674407,36.2357448,0 -89.9653955,36.2355485,0 -89.9648389,36.2355068,0 -89.96445129999999,36.2354852,0 -89.96400610000001,36.2354668,0 -89.9614102,36.2353892,0 -89.9569049,36.2352564,0 -89.9524028,36.2351395,0 -89.9479491,36.2350249,0 -89.94351039999999,36.2349034,0 -89.9307266,36.2345462,0 -89.9302378,36.2345435,0 -89.9297187,36.2345467,0 -89.929301,36.2345549,0 -89.9278094,36.2346128,0 -89.927015,36.234638,0 -89.9264277,36.2346479,0 -89.9260139,36.2346474,0 -89.9254735,36.234641,0 -89.9246253,36.2346185,0 -89.9159744,36.2343791,0 -89.9145978,36.2343559,0 -89.90667190000001,36.2342642,0 -89.89663419999999,36.2341446,0 -89.8886139,36.2340487,0 -89.879865,36.2339452,0 -89.87726379999999,36.2339137,0 -89.87596259999999,36.2339037,0 -89.8746601,36.233902,0 -89.8708809,36.2338957999999,0 -89.8634809,36.2338810000001,0 -89.8627688,36.2338858,0 -89.8619236,36.2339015,0 -89.8610924,36.2339282,0 -89.8598923,36.2339894,0 -89.8593217,36.2340244,0 -89.8587509,36.2340573,0 -89.85818089999999,36.2340841,0 -89.8576078,36.2341059,0 -89.85721959999999,36.2341176,0 -89.85683109999999,36.2341271,0 -89.8564425,36.2341353,0 -89.85605390000001,36.2341403,0 -89.8529849,36.2341519,0 -89.8527284,36.2341528,0 -89.84387289999999,36.2341843,0 -89.8262716,36.2342461,0 -89.8251346,36.2342501,0 -89.824719,36.2342447,0 -89.8243032,36.2342339,0 -89.8239056,36.234219,0 -89.823426,36.234194,0 -89.82271609999999,36.2341515,0 -89.8216694,36.2340856,0 -89.8212276,36.2340611,0 -89.82078420000001,36.2340438,0 -89.8202481,36.2340292,0 -89.81962660000001,36.2340229,0 -89.817114,36.2340309,0 -89.809854,36.2340543,0 -89.80903739999999,36.2340692,0 -89.808148,36.2340982,0 -89.8068998,36.2341534,0 -89.8058912,36.2342006,0 -89.804393,36.234248,0 -89.803999,36.234245,0 -89.803195,36.23424,0 -89.802257,36.234252,0 -89.801176,36.234254,0 -89.797721,36.23427,0 -89.795354,36.234276,0 -89.7947899,36.234279,0 -89.79387199999999,36.234284,0 -89.792613,36.234295,0 -89.79179000000001,36.23429,0 -89.79036600000001,36.2343,0 -89.787918,36.234316,0 -89.787058,36.234296,0 -89.78625700000001,36.234268,0 -89.78549,36.23423,0 -89.7846392,36.2341168,0 -89.78365789999999,36.2338576,0 -89.7827782,36.2335574,0 -89.7819248,36.2332034,0 -89.78085299999999,36.2325719,0 -89.7799704,36.2319285,0 -89.7791284,36.2311457,0 -89.7783683,36.230193,0 -89.7772224,36.2287215,0 -89.77647399999999,36.2279763,0 -89.7756437,36.2274386,0 -89.77470820000001,36.2269952,0 -89.77370259999999,36.2267028,0 -89.77289570000001,36.2265519,0 -89.77201530000001,36.2265047,0 -89.76483880000001,36.2265047,0 -89.763942,36.226466,0 -89.7629328,36.2263821,0 -89.76177509999999,36.2261651,0 -89.7605824,36.2258444,0 -89.75970529999999,36.2254576,0 -89.7587877,36.2249647,0 -89.7578219,36.2243276,0 -89.75683960000001,36.2235163,0 -89.7560855,36.2228765,0 -89.75518289999999,36.2221118,0 -89.75211419999999,36.2194834,0 -89.7491782,36.2169775,0 -89.74841499999999,36.216383,0 -89.747777,36.215877,0 -89.74749,36.215686,0 -89.747388,36.215625,0 -89.747095,36.215448,0 -89.74663,36.215215,0 -89.746202,36.214983,0 -89.74590000000001,36.214822,0 -89.74529699999999,36.214477,0 -89.744844,36.214188,0 -89.744443,36.213868,0 -89.744159,36.213602,0 -89.743833,36.21325,0 -89.743612,36.212983,0 -89.743543,36.212899,0 -89.743286,36.212552,0 -89.743233,36.212477,0 -89.74294500000001,36.212074,0 -89.74260700000001,36.211601,0 -89.742362,36.211284,0 -89.74208,36.210974,0 -89.741775,36.210667,0 -89.741094,36.210054,0 -89.740646,36.209685,0 -89.739498,36.2086910000001,0 -89.738325,36.207694,0 -89.737205,36.20673,0 -89.73715199999999,36.206686,0 -89.73647699999999,36.206114,0 -89.735418,36.2052199999999,0 -89.733322,36.203423,0 -89.72972300000001,36.200358,0 -89.72910899999999,36.199882,0 -89.72835000000001,36.199324,0 -89.727797,36.198978,0 -89.72717900000001,36.198615,0 -89.726291,36.198135,0 -89.72541200000001,36.197675,0 -89.724504,36.197218,0 -89.72241200000001,36.196149,0 -89.72121300000001,36.195548,0 -89.72023,36.195038,0 -89.718046,36.193916,0 -89.716949,36.193352,0 -89.715458,36.192591,0 -89.714744,36.192233,0 -89.713465,36.191575,0 -89.711693,36.190655,0 -89.709789,36.189687,0 -89.70863199999999,36.18909,0 -89.70836,36.188949,0 -89.70792899999999,36.188728,0 -89.70715199999999,36.188338,0 -89.70616,36.18782,0 -89.705235,36.187324,0 -89.704875,36.187104,0 -89.704459,36.186836,0 -89.703954,36.186495,0 -89.703344,36.186058,0 -89.70276699999999,36.185613,0 -89.701983,36.184957,0 -89.7013,36.184296,0 -89.70062160000001,36.1836407,0 -89.7001028,36.1831188,0 -89.698977,36.181994,0 -89.698471,36.181478,0 -89.697951,36.180938,0 -89.69742599999999,36.18041,0 -89.695886,36.1788879999999,0 -89.695356,36.178345,0 -89.69512899999999,36.178112,0 -89.69481399999999,36.177788,0 -89.694103,36.177099,0 -89.693742,36.176739,0 -89.692616,36.175623,0 -89.691979,36.174993,0 -89.69112199999999,36.174133,0 -89.690422,36.1734500000001,0 -89.689588,36.172596,0 -89.68890500000001,36.171934,0 -89.68814999999999,36.17119,0 -89.686652,36.169696,0 -89.68599399999999,36.169047,0 -89.685214,36.168279,0 -89.68444100000001,36.167494,0 -89.684327,36.167381,0 -89.68416499999999,36.167221,0 -89.683662,36.166721,0 -89.68279699999999,36.165849,0 -89.682106,36.165164,0 -89.681805,36.164873,0 -89.681335,36.164419,0 -89.680984,36.164074,0 -89.680649,36.163746,0 -89.679958,36.163046,0 -89.67936899999999,36.162457,0 -89.67876,36.161861,0 -89.678566,36.161672,0 -89.67578399999999,36.158901,0 -89.674978,36.158108,0 -89.674429,36.157583,0 -89.673785,36.157032,0 -89.672972,36.156398,0 -89.672166,36.155835,0 -89.671492,36.155423,0 -89.67080799999999,36.155034,0 -89.67026300000001,36.154739,0 -89.66943999999999,36.154354,0 -89.66845000000001,36.153925,0 -89.66787100000001,36.153668,0 -89.66683399999999,36.153198,0 -89.665982,36.152817,0 -89.664355,36.152099,0 -89.66005,36.150205,0 -89.65996699999999,36.150161,0 -89.65737,36.149012,0 -89.65490200000001,36.147931,0 -89.652655,36.14693,0 -89.651444,36.146401,0 -89.65040399999999,36.145933,0 -89.649056,36.145342,0 -89.647614,36.144718,0 -89.645764,36.143895,0 -89.64309799999999,36.142711,0 -89.639802,36.141241,0 -89.636099,36.139615,0 -89.635384,36.139299,0 -89.634635,36.138959,0 -89.633775,36.138545,0 -89.633101,36.1382120000001,0 -89.632324,36.1378,0 -89.631743,36.13748,0 -89.630419,36.13668,0 -89.62902200000001,36.1358,0 -89.6283743,36.1353473,0 -89.6279454,36.135041,0 -89.6274458,36.1346699,0 -89.62690449999999,36.1342523,0 -89.62627500000001,36.1337503000001,0 -89.6254149,36.1330145,0 -89.624751,36.1324183,0 -89.6241971,36.1318979,0 -89.62352199999999,36.1312304,0 -89.62276230000001,36.1304263,0 -89.6222533,36.1298605,0 -89.6217563,36.1292763,0 -89.6210877,36.1284462,0 -89.62072209999999,36.1279671,0 -89.62012850000001,36.1271391,0 -89.6198378,36.126716,0 -89.6194387,36.1261156,0 -89.61868010000001,36.1248761,0 -89.6172708,36.1224347,0 -89.6163268,36.1208067,0 -89.6128527,36.1147921,0 
				
					-89.6128527,36.1147921,0 -89.6061176,36.1031388000001,0 -89.605206,36.1015188,0 -89.6046825,36.1006658,0 -89.6043134,36.1001388,0 -89.60363529999999,36.099362,0 -89.6030774,36.0987656,0 -89.60232209999999,36.0981207,0 -89.6016956,36.0976768,0 -89.6003566,36.0968792,0 -89.5994125,36.0964354,0 -89.5982194,36.0959777,0 -89.5971894,36.0956933,0 -89.5909839,36.0943270000001,0 -89.58976730000001,36.0940745,0 -89.5847468,36.0930325,0 -89.58050609999999,36.0920873,0 -89.5688514,36.0895157,0 -89.5684061,36.0894175,0 -89.55585670000001,36.0866891,0 -89.54928529999999,36.0852405,0 -89.5456021,36.0844242,0 -89.5442165,36.0841362,0 -89.5426563,36.0837809,0 -89.53921099999999,36.0830495,0 -89.5320473,36.0814771,0 -89.53094609999999,36.0812395,0 -89.5293631,36.0808842,0 -89.5270529,36.0803656,0 -89.52310559999999,36.0795227,0 -89.5167275,36.0781128,0 -89.51341309999999,36.0775628,0 -89.50213530000001,36.0762458000001,0 -89.5014237,36.0761627,0 -89.50069120000001,36.0760545,0 -89.49719709999999,36.0756482,0 -89.4964904,36.0755858,0 -89.4918734,36.0750428,0 -89.4894876,36.0747629,0 -89.4888139,36.0746938,0 -89.4875351,36.0745478,0 -89.4779779,36.0734912,0 -89.4765282,36.0733309,0 -89.47052909999999,36.0726302,0 -89.46461739999999,36.0719473,0 -89.4632862,36.0718074,0 -89.4564948,36.0711013,0 -89.4515495,36.0704717,0 -89.4492664,36.0702308,0 -89.44797490000001,36.0700348,0 -89.4476009,36.069988,0 -89.447271,36.0699633,0 -89.445604,36.0698386,0 -89.4429784,36.0697788,0 -89.4410742,36.069799,0 -89.4381118,36.0697256,0 -89.43739600000001,36.0697208,0 -89.434353,36.0697027,0 -89.429436,36.0696696,0 -89.42670029999999,36.0696403,0 -89.42540099999999,36.0696127,0 -89.42354829999999,36.0695148,0 -89.42165129999999,36.0694157,0 -89.41882990000001,36.0692771,0 -89.4176143,36.0692204,0 -89.4169461,36.0692094,0 -89.4133199,36.0691445,0 -89.410017,36.0690946,0 -89.40575,36.0690303,0 -89.4037115,36.0689911,0 -89.4024828,36.0689693,0 -89.39703950000001,36.068877,0 -89.3966578,36.0688705000001,0 -89.3961573,36.068862,0 -89.39596709999999,36.0688553,0 -89.3903991,36.0687577,0 -89.38888609999999,36.0687434,0 -89.3869603,36.0687006,0 -89.38271,36.0686182,0 -89.38224030000001,36.0686091,0 -89.37951,36.0685664,0 -89.3768884,36.0685121,0 -89.3749773,36.0685284,0 -89.3729642,36.0684887,0 -89.3716206,36.0684161999999,0 -89.3683082,36.0681942,0 -89.3628054,36.0678008999999,0 -89.3618659,36.0677347,0 -89.3608706,36.0676867,0 -89.3601523,36.0676839,0 -89.3596711,36.0676817,0 -89.3589885,36.0677303,0 -89.35831520000001,36.0678048,0 -89.357789,36.067887,0 -89.356492,36.068139,0 -89.35577360000001,36.0683616,0 -89.355221,36.0685498,0 -89.35477659999999,36.0687083,0 -89.35427369999999,36.0689283000001,0 -89.3538539,36.0691157,0 -89.35317070000001,36.0694751,0 -89.3520391,36.0702313,0 -89.3517363,36.0704566,0 -89.3514866,36.0706771,0 -89.3512892,36.0708891,0 -89.35114299999999,36.0711167,0 -89.35104699999999,36.0713251,0 -89.3509751,36.0715211,0 -89.35093809999999,36.0716808,0 -89.35092760000001,36.0718049,0 -89.3509565,36.0723406,0 -89.3509955,36.0732694,0 -89.3509995,36.0733755,0 -89.35099270000001,36.0734816,0 -89.35097500000001,36.0735868,0 -89.3509466,36.0736905,0 -89.35090769999999,36.0737918999999,0 -89.3508585,36.0738904,0 -89.35080240000001,36.0739809,0 -89.3507377,36.0740676,0 -89.3506647,36.0741498,0 -89.3505835,36.0742268999999,0 -89.35049480000001,36.0742984,0 -89.35039930000001,36.0743639,0 -89.3502976,36.0744229,0 -89.35019029999999,36.0744751,0 -89.3500781,36.0745202,0 -89.3499664,36.0745564,0 -89.3498515,36.0745855,0 -89.34973410000001,36.0746073,0 -89.349615,36.0746217,0 -89.3494949,36.0746285,0 -89.3493745,36.0746278,0 -89.34924359999999,36.0746183,0 -89.34911409999999,36.0745997,0 -89.3489872,36.0745724,0 -89.34886349999999,36.0745364,0 -89.3487441,36.0744974,0 -89.3486288,36.0744511,0 -89.34851070000001,36.0743978,0 -89.3483975,36.0743379,0 -89.3482898,36.0742717,0 -89.3481882,36.0741995,0 -89.3480686,36.0741112,0 -89.3479561,36.074017,0 -89.3478511,36.0739174,0 -89.34775399999999,36.0738126,0 -89.347673,36.0737134,0 -89.3475991,36.0736107,0 -89.3475325,36.0735047,0 -89.3471557,36.0728354,0 -89.34668600000001,36.072008,0 -89.34603540000001,36.0709115,0 -89.3447692,36.068706,0 -89.34357420000001,36.0666257,0 -89.3431406,36.0658619,0 -89.3431073,36.0657967,0 -89.341464,36.0629074,0 -89.3408776,36.0619006,0 -89.34032089999999,36.0609763,0 -89.3398637,36.0601557,0 -89.3368476,36.054877,0 -89.3359646,36.0533541,0 -89.33585669999999,36.0531759,0 -89.3357536,36.0529958,0 -89.33560749999999,36.0527213,0 -89.33547249999999,36.0524429,0 -89.3353489,36.0521612,0 -89.335244,36.0519051,0 -89.33515439999999,36.0516417,0 -89.3350846,36.0514185,0 -89.33502249999999,36.0511939,0 -89.33496820000001,36.0509679,0 -89.3349217,36.0507408,0 -89.3348859,36.0505304,0 -89.3348567,36.0503193,0 -89.33483440000001,36.0501076999999,0 -89.3348187,36.0498957,0 -89.3348099,36.0496834000001,0 -89.3348079,36.049471,0 -89.3348194,36.049305,0 -89.3348364,36.0491393,0 -89.3349034,36.0485816,0 -89.33496239999999,36.0482749,0 -89.33505890000001,36.0478628,0 -89.3352225,36.0473033,0 -89.33548589999999,36.0464333,0 -89.3362484,36.0440599,0 -89.3372677,36.0409078,0 -89.3380914,36.0382406,0 -89.3386053,36.0365641,0 -89.33888589999999,36.0357147,0 -89.33894479999999,36.0355217,0 -89.3391767,36.0347893000001,0 -89.3393221,36.0343075,0 -89.3395007,36.0337264,0 -89.33967819999999,36.0331337,0 -89.339748,36.0328329,0 -89.3398073,36.0325307,0 -89.33985610000001,36.0322273,0 -89.3398885,36.031975,0 -89.3399137,36.0317222,0 -89.339962,36.0310867,0 -89.3399888,36.0304641,0 -89.3400778,36.0287306,0 -89.34026009999999,36.0256613,0 -89.34029820000001,36.0249957,0 -89.3404803,36.0216576,0 -89.34054449999999,36.0207531,0 -89.34060100000001,36.0197027,0 -89.3406573,36.0185361,0 -89.3406906,36.0178465,0 -89.3407417,36.0167399,0 -89.34114649999999,36.0099215,0 -89.3412927,36.0071929,0 -89.3413118,36.006911,0 -89.34133629999999,36.0065621,0 -89.3414172,36.0051109,0 -89.3416756,36.0006,0 -89.34174760000001,35.9991732,0 -89.34177870000001,35.9984482,0 -89.3419902,35.9944592,0 -89.3421338,35.9921306,0 -89.3422762,35.9893484,0 -89.34234739999999,35.988143,0 -89.342471,35.9862951,0 -89.3425434,35.9848908,0 -89.3425688,35.9841604,0 -89.342572,35.9834437,0 -89.3425513,35.982974,0 -89.3425202,35.9825433,0 -89.3424746,35.9821297,0 -89.3424117,35.9817392000001,0 -89.3423413,35.9813491,0 -89.3422576,35.9809711,0 -89.3421962,35.9806763,0 -89.3420314,35.9800847,0 -89.34186200000001,35.9795598,0 -89.3416186,35.9788954,0 -89.34134899999999,35.9782798,0 -89.3410537,35.9777101,0 -89.3407863,35.9772018,0 -89.34023070000001,35.9763202,0 -89.3399582,35.975938,0 -89.3395271,35.9753399,0 -89.3391975,35.9749288,0 -89.3383875,35.9740001,0 -89.3370776,35.9725454,0 -89.33573440000001,35.9710883,0 -89.3343919,35.9696047,0 -89.33402100000001,35.9691986,0 -89.33276499999999,35.9678169,0 -89.33220590000001,35.9671931,0 -89.3314294,35.9663547,0 -89.33070480000001,35.9655531,0 -89.3299605,35.964733,0 -89.328985,35.963657,0 -89.3279802,35.9625738,0 -89.32722870000001,35.9617298,0 -89.3255782,35.9599238,0 -89.324477,35.9589319,0 -89.32406140000001,35.9586056,0 -89.32364219999999,35.9582926,0 -89.32289849999999,35.9577628,0 -89.32117119999999,35.9565501,0 -89.32070179999999,35.9562216,0 -89.3193084,35.9552464,0 -89.31753809999999,35.9541429,0 -89.3171176,35.9538854,0 -89.3163321,35.953402,0 -89.3157435,35.9530417,0 -89.3151287,35.9526307,0 -89.3141842,35.9519784,0 -89.3136167,35.9515961,0 -89.31235460000001,35.9506836,0 -89.310953,35.949712,0 -89.30930720000001,35.9485613,0 -89.30776040000001,35.9474738,0 -89.306309,35.9464588,0 -89.30543470000001,35.9458434,0 -89.30439920000001,35.9451143,0 -89.3027759,35.9439797,0 -89.3011441,35.942821,0 -89.2994899,35.9416654,0 -89.2978798,35.9405342,0 -89.2964144,35.9395008,0 -89.29541930000001,35.9388032,0 -89.29469349999999,35.9382568,0 -89.2942453,35.9378652,0 -89.293762,35.9374302,0 -89.2934456,35.9371363,0 -89.2931785,35.9368849000001,0 -89.2928543,35.9365888,0 -89.29164660000001,35.9354474,0 -89.29088489999999,35.9347325,0 -89.2896075,35.9335075,0 -89.2890057,35.9329602,0 -89.2883434,35.9323336,0 -89.2877397,35.931769,0 -89.28701030000001,35.9310694,0 -89.28613319999999,35.9302612,0 -89.28495100000001,35.9291178,0 -89.28421950000001,35.9284398,0 -89.2836695,35.9279086,0 -89.2825838,35.9269058,0 -89.2810243,35.9254223,0 -89.2800261,35.9244861999999,0 -89.278324,35.9228776,0 -89.2779185,35.9224946,0 -89.2776813,35.9222604,0 -89.2764828,35.9211372,0 -89.2752284,35.9199539,0 -89.2740853,35.9188742,0 -89.2731654,35.9180146,0 -89.2727258,35.9176441999999,0 -89.2723996,35.9173803999999,0 -89.2719707,35.9170458,0 -89.2711645,35.9164876000001,0 -89.27032819999999,35.915886,0 -89.2696842,35.9154308000001,0 -89.26832210000001,35.9144594,0 -89.26702040000001,35.9135364,0 -89.2649006,35.9120296,0 -89.2646771,35.9118707,0 -89.262608,35.9104159,0 -89.261174,35.9093978,0 -89.2609259,35.9092223,0 -89.25786789999999,35.9070305,0 -89.25473959999999,35.9048145,0 -89.2536903,35.9040699,0 -89.2515688,35.9025872,0 -89.25102529999999,35.9021674,0 -89.2505747,35.9018471,0 -89.24866110000001,35.9004855,0 -89.24855580000001,35.9004106,0 -89.2484121,35.9003083,0 -89.24817899999999,35.9001359,0 -89.24794540000001,35.8999705,0 -89.2477657,35.8998429,0 -89.24764020000001,35.8997538,0 -89.2471996,35.8994409,0 -89.24652380000001,35.8989611,0 -89.2447409,35.8976951,0 -89.2444316,35.8974758,0 -89.2417086,35.8955353,0 -89.2402831,35.8945193,0 -89.23860449999999,35.8933173,0 -89.2382956,35.8931005,0 -89.2376304,35.8926029,0 -89.23700030000001,35.8921016,0 -89.2356286,35.8909668,0 -89.2344184,35.8898469,0 -89.23318190000001,35.8885772,0 -89.232415,35.8878342,0 -89.2308124,35.8862159,0 -89.2303132,35.8857118,0 -89.2298686,35.8852629,0 -89.2285004,35.8838884,0 -89.2282948,35.8836822,0 -89.2262995,35.881681,0 -89.2259225,35.8813025,0 -89.2239833,35.8793464,0 -89.2233269,35.8786765,0 -89.22210080000001,35.8774758,0 -89.2207437,35.8761102,0 -89.2181964,35.8735281,0 -89.21706639999999,35.8723795,0 -89.21549280000001,35.8708014,0 -89.2130513,35.8683418,0 -89.2127206,35.8680106,0 -89.2117306,35.8670189,0 -89.2102278,35.8654902,0 -89.209014,35.8642908,0 -89.2074078,35.8626627,0 -89.2070938,35.8623488,0 -89.20606789999999,35.8613234,0 -89.20472700000001,35.8599679,0 -89.20217169999999,35.8573847,0 -89.19994920000001,35.8551515,0 -89.1994488,35.854625,0 -89.19748989999999,35.8526952,0 -89.19708850000001,35.8522529,0 -89.19646880000001,35.8515306,0 -89.1959117,35.8508371,0 -89.195571,35.8503915,0 -89.19510390000001,35.8497307,0 -89.19448800000001,35.8488181,0 -89.1936345,35.8475554,0 -89.1930301,35.8466402,0 -89.1921387,35.8453173,0 -89.1918974,35.8449547,0 -89.1910527,35.8436858,0 -89.18971000000001,35.8416819,0 -89.1883425,35.839659,0 -89.1880915,35.8393294,0 -89.1878316,35.8390042,0 -89.1875979,35.8387247,0 -89.18735770000001,35.8384489,0 -89.187111,35.8381769,0 -89.1862634,35.8373223,0 -89.1838497,35.8350351,0 -89.1832876,35.8345004,0 -89.1829676,35.8341962,0 -89.18164729999999,35.8329407,0 -89.180013,35.8313818,0 -89.17725249999999,35.8287592,0 -89.1755764,35.8271659,0 -89.1739333,35.8255969,0 -89.172228,35.824011,0 -89.17111939999999,35.8229409,0 -89.1708434,35.8226588,0 -89.16919420000001,35.8210749,0 -89.1687079,35.8206309,0 -89.1679232,35.8198851,0 -89.166822,35.81887,0 -89.166714,35.818768,0 -89.166579,35.8186260000001,0 -89.165851,35.817909,0 -89.1648934,35.8169978,0 -89.163166,35.815354,0 -89.1628805,35.8150794,0 -89.1621557,35.8143179,0 -89.1619918,35.8141256,0 -89.16183650000001,35.8139286,0 -89.1616787,35.8137111,0 -89.1615314,35.8134888,0 -89.1613948,35.813262,0 -89.1612677,35.8130321,0 -89.1611499,35.812799,0 -89.1610417,35.8125628,0 -89.160943,35.8123239,0 -89.1607338,35.8117258,0 -89.16068199999999,35.8115323,0 -89.1606355,35.8113379,0 -89.1605943,35.8111428,0 -89.16054870000001,35.8108885,0 -89.160512,35.8106332,0 -89.16048429999999,35.8103772,0 -89.1604012,35.8092695,0 -89.16037230000001,35.8088406,0 -89.1600096,35.8034599,0 -89.15983799999999,35.8004752,0 -89.1596636,35.797782,0 -89.15963960000001,35.7975137000001,0 -89.15960699999999,35.797246,0 -89.15956559999999,35.7969791,0 -89.15951699999999,35.7967227,0 -89.1594609,35.7964674,0 -89.1593975,35.7962131,0 -89.1593135,35.7959159,0 -89.15921950000001,35.7956207,0 -89.1591154,35.7953277,0 -89.1590015,35.7950372,0 -89.15887770000001,35.7947493,0 -89.1584378,35.7938703999999,0 -89.1582205,35.7935215,0 -89.15813110000001,35.7933834,0 -89.15803870000001,35.7932466,0 -89.15794339999999,35.7931111,0 -89.1578451,35.792977,0 -89.1577104,35.7928015,0 -89.15757069999999,35.7926285,0 -89.157426,35.7924583,0 -89.1572764,35.7922909,0 -89.1565227,35.7915272,0 -89.1563075,35.7913307,0 -89.15608589999999,35.791139,0 -89.1558579,35.7909523,0 -89.1556045,35.7907562,0 -89.1553442,35.7905664,0 -89.15507700000001,35.7903828,0 -89.1477251,35.7855939,0 -89.1445561,35.78353,0 -89.1435117,35.7828474,0 -89.143238,35.7826772,0 -89.1430807,35.7825749,0 -89.1428006,35.7823929,0 -89.14220899999999,35.7820085,0 -89.1411056,35.7812917,0 -89.1409206,35.7811659,0 -89.1379645,35.7792533,0 -89.137643,35.7790617,0 -89.1373169,35.7788753,0 -89.1369863,35.7786942,0 -89.13665140000001,35.7785184,0 -89.13631220000001,35.7783481,0 -89.13598090000001,35.7781887,0 -89.13564580000001,35.7780346,0 -89.1353065,35.7778867,0 -89.1349353,35.7777336,0 -89.13455980000001,35.7775876,0 -89.1341803,35.7774488,0 -89.13069609999999,35.7762673,0 -89.13020090000001,35.7761006,0 -89.12855,35.7755257,0 -89.1281791,35.7753744,0 -89.12781270000001,35.7752161,0 -89.1274846,35.7750668,0 -89.1271605,35.774912,0 -89.1265839,35.7746008,0 -89.12632670000001,35.7744523,0 -89.1260693,35.7742913,0 -89.1254019,35.7738426,0 -89.12511670000001,35.7736275,0 -89.12483880000001,35.7734061,0 -89.1245763,35.7731853,0 -89.1243214,35.7729587,0 -89.12407330000001,35.7727271000001,0 -89.12384249999999,35.7725012,0 -89.1236182,35.772271,0 -89.1234005,35.7720367,0 -89.1219103,35.7704247,0 -89.1215229,35.7699998,0 -89.11995349999999,35.7682833,0 -89.1196212,35.7678866,0 -89.1192829,35.7674562,0 -89.11884070000001,35.7668441,0 -89.11843,35.7662048,0 -89.1178992,35.7652663,0 -89.1173495,35.7642902,0 -89.1155531,35.7610338,0 -89.113794,35.7578191,0 -89.11346519999999,35.7572638,0 -89.1131299,35.7567306,0 -89.1129054,35.7564023,0 -89.1126709,35.7560787,0 -89.1124265,35.75576,0 -89.11217240000001,35.7554463,0 -89.1119114,35.7551411,0 -89.1116413,35.7548412,0 -89.11072660000001,35.7539161,0 -89.108628,35.7520267,0 -89.1072455,35.7507789,0 -89.1064915,35.7500938,0 -89.105762,35.7494793,0 -89.10554329999999,35.7493002,0 -89.1053205,35.7491245,0 -89.1051277,35.7489778,0 -89.1049321,35.7488335,0 -89.1046381,35.7486252,0 -89.1043382,35.7484226,0 -89.1040325,35.7482259,0 -89.1037211,35.748035,0 -89.10359699999999,35.747958,0 -89.1033066,35.7477834,0 -89.10301149999999,35.7476141,0 -89.102712,35.7474501,0 -89.10240810000001,35.7472914,0 -89.1021085,35.7471422,0 -89.101805,35.7469981,0 -89.10065969999999,35.7465044,0 -89.099789,35.746164,0 -89.0988878,35.7458249,0 -89.09811670000001,35.7455326,0 -89.0967248,35.7450049,0 -89.0960807,35.7447591,0 -89.0952625,35.7444469,0 -89.09339850000001,35.7437435,0 -89.0917853,35.7431293,0 -89.09033410000001,35.7425739999999,0 -89.0891278,35.7421215,0 -89.08849410000001,35.7418629,0 -89.08786550000001,35.7415961,0 -89.0872269,35.7413142,0 -89.08659400000001,35.7410238,0 -89.0859671,35.7407251,0 -89.08252419999999,35.7389721,0 -89.0820733,35.7387456,0 -89.08079050000001,35.7381012,0 -89.0792062,35.7372417,0 -89.0777406,35.736381,0 -89.0761461,35.7353336,0 -89.0758438,35.7351198,0 -89.0749137,35.734462,0 -89.07214329999999,35.7325026,0 -89.0716633,35.7321564,0 -89.0705935,35.7313611,0 -89.0703786,35.7312014,0 -89.069936,35.7308522,0 -89.06955600000001,35.730533,0 -89.0684645,35.7296177,0 -89.0681,35.7292715,0 -89.0672649,35.7284727,0 -89.0666361,35.727871,0 -89.0651993,35.7264882,0 -89.06506039999999,35.7263591,0 -89.0645967,35.7259061,0 -89.063738,35.7250711,0 -89.0636523,35.7249877,0 -89.06334029999999,35.724686,0 -89.0618332,35.7232297,0 -89.0614442,35.7228449,0 -89.06099930000001,35.7223754,0 -89.0596342,35.7208609,0 -89.0575137,35.7184758,0 -89.057033,35.7179331000001,0 -89.05689580000001,35.7177783,0 -89.0559811,35.7167566,0 -89.0554218,35.7161175,0 -89.0546654,35.7152753,0 -89.0543582,35.714927,0 -89.0539358,35.7144613,0 -89.0536312,35.7141454,0 -89.0530782,35.7136493,0 -89.0528077,35.7134111,0 -89.05253,35.7131783,0 -89.0522454,35.712951,0 -89.0519541,35.7127295,0 -89.0516562,35.7125138,0 -89.0513519,35.7123041,0 -89.0511552,35.712174,0 -89.05095609999999,35.7120464,0 -89.0505539,35.7117953,0 -89.0501453,35.7115511,0 -89.0497307,35.7113139,0 -89.049482,35.7111765,0 -89.04923119999999,35.7110416,0 -89.0489784,35.7109092,0 -89.0487005,35.7107728,0 -89.0484189,35.7106415,0 -89.0481339,35.7105151,0 -89.0476809,35.7103153,0 -89.047275,35.7101246,0 -89.04449289999999,35.7088391,0 -89.0438499,35.7085525000001,0 -89.0422437,35.7078113,0 -89.04150850000001,35.7074746,0 -89.04073169999999,35.7071272,0 -89.0400999,35.7068263,0 -89.0363079,35.7050928,0 -89.0351831,35.7045772,0 -89.03252879999999,35.7033514,0 -89.0313707,35.7028245,0 -89.03111440000001,35.7027079,0 -89.0287787,35.7016361,0 -89.02651280000001,35.7006022,0 -89.0261663,35.7004495999999,0 -89.0258144,35.7003053,0 -89.0255289,35.7001957,0 -89.02524029999999,35.7000914,0 -89.0249488,35.6999927,0 -89.0245632,35.6998585,0 -89.0240496,35.6996962,0 -89.0234914,35.6995357,0 -89.0229317,35.6993788,0 -89.0223613,35.6992231,0 -89.0217894,35.699071,0 -89.0164115,35.6975948,0 -89.01284649999999,35.6966269000001,0 -89.00936,35.6956683,0 -89.00589410000001,35.6947381,0 -89.0053241,35.6945803,0 -89.0040142,35.6942178,0 -89.00358300000001,35.6940936,0 -89.0031554,35.6939613999999,0 -89.0027317,35.6938213,0 -89.00236,35.6936908,0 -89.0019916,35.6935542,0 -89.0016267,35.6934116,0 -89.0012491,35.6932563,0 -89.0008756,35.6930947,0 -89.0005063,35.6929268,0 -89.0001414,35.6927527,0 -88.999781,35.6925725000001,0 -88.99945049999999,35.6924054,0 -88.9978794,35.6916115,0 -88.9972021,35.6912693,0 -88.9969581,35.6911414,0 -88.99520200000001,35.6902516,0 -88.99474120000001,35.690025,0 -88.9916695,35.6884721,0 -88.9882309,35.6868352,0 -88.9847489,35.6851873,0 -88.9812313,35.6835097,0 -88.9778233,35.6818986,0 -88.9774426,35.6817191,0 -88.9737844,35.6799946,0 -88.9734351,35.6798288,0 -88.9705153,35.6784424,0 -88.9686502,35.6775859,0 -88.96855669999999,35.677543,0 -88.9664837,35.6765695,0 -88.9662927,35.6764791,0 -88.9628518,35.6748509,0 -88.9615648,35.6742423,0 -88.9598767,35.6734471,0 -88.9596556,35.6733602,0 -88.9594312,35.6732791,0 -88.9592037,35.6732038,0 -88.9589734,35.6731344,0 -88.9587405,35.6730709,0 -88.9585053,35.6730135,0 -88.9582679,35.6729622,0 -88.9580287,35.672917,0 -88.95776549999999,35.6728747,0 -88.95750080000001,35.6728397999999,0 -88.9572347,35.6728124,0 -88.9558708,35.672665,0 -88.953086,35.6723396,0 -88.9500573,35.6719971,0 -88.9482187,35.6717878,0 -88.9442706,35.6713262,0 -88.94117970000001,35.6709758,0 -88.9376955,35.6705807,0 -88.93160330000001,35.6698884000001,0 -88.93097830000001,35.6698199,0 -88.93075140000001,35.669795,0 -88.92692599999999,35.6693525,0 -88.9237479,35.6689849,0 -88.9231798,35.6689118,0 -88.9226103,35.668846,0 -88.92203960000001,35.6687873,0 -88.92156730000001,35.6687444,0 -88.9210944,35.6687064,0 -88.91989340000001,35.6686396,0 -88.91894259999999,35.6685903,0 -88.9146837,35.6683822999999,0 -88.90913190000001,35.6680938,0 -88.9083814,35.6680609,0 -88.9046268,35.6678597000001,0 -88.9038178,35.6678194,0 -88.8935874,35.6672956,0 -88.88900080000001,35.6670714,0 -88.88750330000001,35.6669937,0 -88.8845985,35.6668252,0 -88.8844136,35.6668158,0 -88.88422919999999,35.6668015,0 -88.8840455,35.6667824000001,0 -88.8838307,35.6667537,0 -88.8836175,35.6667183,0 -88.88340599999999,35.6666762,0 -88.88319679999999,35.6666277,0 -88.8829786,35.6665655,0 -88.88276430000001,35.6664949,0 -88.8825544,35.6664161,0 -88.8823493,35.6663293,0 -88.88214960000001,35.6662347,0 -88.88197049999999,35.6661407,0 -88.8817967,35.6660404,0 -88.8816281,35.6659344,0 -88.8814651,35.6658227,0 -88.8813081,35.6657056,0 -88.8811573,35.6655832,0 -88.8809996,35.6654434,0 -88.8808499,35.6652979,0 -88.8807084,35.6651471,0 -88.88057550000001,35.6649913,0 -88.88045150000001,35.6648307,0 -88.8803365,35.6646657000001,0 -88.8802359,35.6645053,0 -88.880144,35.6643416,0 -88.8800619,35.6641645,0 -88.8799867,35.6639855,0 -88.87991820000001,35.6638047,0 -88.8798567,35.6636222,0 -88.87979420000001,35.6634091,0 -88.8793314,35.6618107,0 -88.8788796,35.6602383,0 -88.8788291,35.660103,0 -88.8787729,35.659956,0 -88.8787111,35.6598105,0 -88.8786204,35.6596199,0 -88.87851999999999,35.6594325,0 -88.8784101,35.6592486,0 -88.8782909,35.6590687,0 -88.8781985,35.658935,0 -88.8780989,35.6588047,0 -88.8779926,35.658678,0 -88.8778796,35.6585552,0 -88.8777434,35.6584206,0 -88.8775993,35.6582916,0 -88.8774476,35.6581686,0 -88.8772886,35.6580517,0 -88.8771227,35.6579413,0 -88.87660870000001,35.6576259,0 -88.8764122,35.6575876,0 -88.8762315,35.6575853999999,0 -88.87608590000001,35.657638,0 -88.87594300000001,35.6577344,0 -88.8757253,35.6579697,0 -88.87562869999999,35.658059,0 -88.8754651,35.6581571,0 -88.8753122,35.6582508,0 -88.87506279999999,35.6582922,0 -88.8747865,35.6582661,0 -88.87427959999999,35.6581538,0 -88.87328979999999,35.6579915,0 -88.87301220000001,35.6579642000001,0 -88.87274530000001,35.6579468,0 -88.87245299999999,35.6579631,0 -88.8720453,35.6580165000001,0 -88.87175139999999,35.6580787,0 -88.8710281,35.6583148,0 -88.8702222,35.6586315,0 -88.8641251,35.6606159,0 -88.85792549999999,35.662588,0 -88.8546786,35.6636254,0 -88.8507599,35.6649159,0 -88.8377528,35.669134,0 -88.8357845,35.6697297,0 -88.8353772,35.6698221,0 -88.8351729,35.6698685,0 -88.8349401,35.6699214,0 -88.83471400000001,35.6699659,0 -88.8342229,35.6700625,0 -88.833517,35.6701877,0 -88.8304399,35.6707051,0 -88.8291366,35.6709281,0 -88.8265744,35.6713604,0 -88.8234166,35.671903,0 -88.8131588,35.6736832,0 -88.80611879999999,35.6748715,0 -88.801638,35.6756613,0 -88.7989366,35.676091,0 -88.798101,35.6762416999999,0 -88.7902057,35.6775841,0 -88.78953,35.6776963,0 -88.7865027,35.6782549,0 -88.7726041,35.6806464,0 -88.7718192,35.6807265,0 -88.7711772,35.6807742,0 -88.7702299,35.6808162,0 -88.7453728,35.6810937,0 -88.7447095,35.6812295,0 -88.7423115,35.6819492,0 -88.7421729,35.6819354,0 -88.7420549,35.68188,0 -88.74189200000001,35.6818036,0 -88.74237309999999,35.6812829,0 -88.74288490000001,35.68069,0 -88.74340479999999,35.6800561,0 -88.7437453,35.6796578,0 -88.7439516,35.6795318,0 -88.7441986,35.6792699,0 -88.7445165,35.6789116,0 -88.7460122,35.6772902,0 -88.7463217,35.6769487,0 -88.74666910000001,35.6765297,0 -88.7468786,35.6762769,0 -88.74654649999999,35.6761942,0 -88.7462195,35.6761128,0 -88.7459661,35.6760771,0 -88.7456222,35.6760578,0 -88.7453458,35.6760785,0 -88.74469929999999,35.6761784,0 -88.74076719999999,35.676775,0 -88.7303285,35.6783564,0 -88.727782,35.6787488,0 -88.7266444,35.6789036,0 -88.7265263,35.6789197,0 -88.7263799,35.6789396,0 -88.7250871,35.6791434,0 -88.72122950000001,35.6797407,0 -88.720214,35.6798798,0 -88.72005590000001,35.6799015,0 -88.7194551,35.679992,0 -88.71900429999999,35.6800587,0 -88.7178471,35.6802443,0 -88.7163219,35.6805633,0 -88.7151453,35.6808727,0 -88.7138739,35.6813023,0 -88.7100208,35.6826795,0 -88.7097258,35.6827872,0 -88.7092542,35.6829593,0 -88.70815260000001,35.6833614999999,0 -88.7078076,35.6834902,0 -88.70770880000001,35.6835271,0 -88.70597549999999,35.6841625,0 -88.7054981,35.6843375,0 -88.70214660000001,35.6855660000001,0 -88.7020684,35.6855947,0 -88.69605420000001,35.6877765,0 -88.690488,35.6897957,0 -88.6885802,35.6904878,0 -88.68674780000001,35.6911457,0 -88.6851758,35.6917399,0 -88.6850578,35.6917834999999,0 -88.68498529999999,35.6918009,0 -88.6840251,35.6921603,0 -88.6831588,35.6924805,0 -88.6807716,35.6933388,0 -88.6715234,35.6966803,0 -88.66954920000001,35.6974166,0 -88.6661321,35.6986495,0 -88.6647787,35.699122,0 -88.66315350000001,35.699751,0 -88.6616193,35.700303,0 -88.6580251,35.7015967,0 -88.6555199,35.702496,0 -88.6533544,35.7031163,0 -88.6518684,35.703497,0 -88.65011920000001,35.7038579,0 -88.6499287,35.7038916,0 -88.64419410000001,35.7049057,0 -88.6422999,35.7052407,0 -88.6406538,35.7055323,0 -88.6398008,35.7057937,0 -88.6393771,35.7059244,0 -88.63905250000001,35.706005,0 -88.63868239999999,35.7060768,0 -88.6377409,35.7062446,0 -88.6347502,35.7067782,0 -88.6324355,35.7071767,0 -88.63143359999999,35.707309,0 -88.6303997,35.7074185,0 -88.6294528,35.7075012,0 -88.6269343,35.7076581,0 -88.6256281,35.7077887,0 -88.62481529999999,35.7078998,0 -88.62311440000001,35.7081755,0 -88.61831100000001,35.7090321,0 -88.615551,35.7095267,0 -88.61480160000001,35.7096144,0 -88.6145854,35.7096335,0 -88.6141375,35.7096596,0 -88.6136344,35.7096617,0 -88.61306999999999,35.7096531,0 -88.6124775,35.7096094,0 -88.61201320000001,35.7095551000001,0 -88.6114821,35.7094723,0 -88.6109215,35.7093566,0 -88.6101472,35.709184,0 -88.608797,35.7089114,0 -88.6054785,35.7081927,0 -88.60198219999999,35.7074415,0 -88.5999755,35.7070115,0 -88.5956774,35.7060904,0 -88.59247329999999,35.7054038,0 -88.5915133,35.7051968,0 -88.58773650000001,35.7043823,0 -88.5871817,35.7042636,0 -88.5848343,35.7037616,0 -88.58393580000001,35.7035677,0 -88.5830785,35.7033316,0 -88.58243640000001,35.7031604,0 -88.58166129999999,35.7028991,0 -88.58047329999999,35.7024609,0 -88.580417,35.7024413,0 -88.579317,35.7020583,0 -88.57876450000001,35.7018928,0 -88.5779759,35.7016815,0 -88.5765324,35.7013664,0 -88.574178,35.7008465,0 -88.5714608,35.7002744,0 -88.5680708,35.6995445,0 -88.5650873,35.6989022,0 -88.56208549999999,35.6982559,0 -88.5612969,35.6980925,0 -88.5598328,35.6978487,0 -88.5585997,35.6977259,0 -88.55857930000001,35.6977245,0 -88.55689649999999,35.6976105,0 -88.5561106,35.6975233,0 -88.55529249999999,35.6974035,0 -88.55452270000001,35.6972641,0 -88.55351469999999,35.6970482,0 -88.5511295,35.6965358,0 -88.5494815,35.6961818,0 -88.5454944,35.6953255,0 -88.5416805,35.6944985,0 -88.53998180000001,35.6941302,0 -88.53424459999999,35.6928945,0 -88.5306202,35.6921172000001,0 -88.5291758,35.6918074,0 -88.5275913,35.6914665,0 -88.5241688,35.69073,0 -88.52187840000001,35.6902318,0 -88.52079120000001,35.6899906,0 -88.51967380000001,35.6897106,0 -88.5181125,35.6892915,0 -88.51633390000001,35.688813,0 -88.5117667,35.6875843,0 -88.5117146,35.6875703,0 -88.5083966,35.6866747,0 -88.50691639999999,35.6862713,0 -88.5047438,35.6856792,0 -88.50112710000001,35.6846934,0 -88.4967843,35.6835152,0 -88.49239179999999,35.6823236,0 -88.4881659,35.6811772,0 -88.483754,35.6799802,0 -88.47919039999999,35.6787421,0 -88.4734639,35.6771949,0 -88.46807509999999,35.6757444,0 -88.46743669999999,35.6755723,0 -88.46684930000001,35.6753828,0 -88.4664319,35.675208,0 -88.465924,35.6749557,0 -88.46557919999999,35.674763,0 -88.4646955,35.6742606,0 -88.4642959,35.6740493,0 -88.4639499,35.6738837,0 -88.46355560000001,35.6737268,0 -88.46245773071684,35.67345934621822,0 -88.46117485630811,35.67321904329222,0 -88.46009513982779,35.67288906734345,0 -88.45925524138833,35.67238056789702,0 -88.45856899368161,35.67181955400318,0 -88.45825648695869,35.67129819380929,0 -88.45799471776547,35.67088243229081,0 -88.45705990335615,35.67123888729644,0 -88.4561075303528,35.67153888332818,0 -88.45535197952535,35.67160835126334,0 -88.4546422329348,35.67156994660115,0 -88.4540901,35.6714891,0 -88.4532864,35.6712549,0 -88.4523574,35.6709639,0 -88.4514054,35.6706164,0 -88.4497186,35.6698703,0 -88.44881150000001,35.6694822,0 -88.4481759,35.6692648,0 
				
					-88.4480574,35.6692243,0 -88.4478191,35.669135,0 -88.4476774,35.6690819,0 -88.4470086,35.6688312,0 -88.4466953,35.6687138,0 -88.4460258,35.6684628,0 -88.445238,35.6681622,0 -88.4439568,35.6676733,0 -88.4416616,35.6668259,0 -88.4331461,35.663674,0 -88.42930250000001,35.6622353,0 -88.4274625,35.6615592,0 -88.4260177,35.6610596,0 -88.4248679,35.660768,0 -88.42394539999999,35.6605243,0 -88.42332330000001,35.6603637,0 -88.4216188,35.6599574,0 -88.4213091,35.6598672,0 -88.4208038,35.659748,0 -88.4201707,35.6595829,0 -88.41931219999999,35.6593653,0 -88.417134,35.6588,0 -88.4159154,35.6584888,0 -88.41568890000001,35.6584333,0 -88.4152978,35.6583374,0 -88.4151256,35.6582952,0 -88.4148926,35.6582381,0 -88.4146234,35.6581721,0 -88.41440009999999,35.6581174,0 -88.41391350000001,35.6579952,0 -88.4132436,35.6578269,0 -88.413152,35.6578039,0 -88.4129592,35.6577555,0 -88.41292079999999,35.6577458000001,0 -88.41275419999999,35.657704,0 -88.41254910000001,35.6576525,0 -88.4124546,35.6576288,0 -88.4119152,35.6574932999999,0 -88.4118424,35.6574746,0 -88.411214,35.6573134,0 -88.4108143,35.6572109,0 -88.40966040000001,35.6569168999999,0 -88.4083038,35.6565861,0 -88.4062996,35.6560825,0 -88.4057241,35.6559356,0 -88.4054703,35.6558709,0 -88.40374509999999,35.6554306,0 -88.4015899,35.6548899,0 -88.39949319999999,35.6543605,0 -88.39805200000001,35.6539847,0 -88.3978441,35.6539264,0 -88.3976571,35.6538719,0 -88.3973694,35.6537765,0 -88.3971494,35.6537111,0 -88.39692410000001,35.6536153,0 -88.3966023,35.6534387,0 -88.3961078,35.653142,0 -88.3959773,35.6530377,0 -88.3943438,35.6515622,0 -88.3936126,35.6508974,0 -88.39349230000001,35.6507928,0 -88.3933827,35.6506911,0 -88.3927446,35.6501265,0 -88.3923657,35.6497916000001,0 -88.392011,35.6494755,0 -88.3912831,35.6488283,0 -88.3905838,35.648226,0 -88.39009590000001,35.6478039,0 -88.3896021,35.6473231,0 -88.38835280000001,35.6461335,0 -88.38786140000001,35.6456862,0 -88.38646079999999,35.6442932,0 -88.3861122,35.6439227,0 -88.3857957,35.6436655,0 -88.3853611,35.6433603,0 -88.384917,35.6430698,0 -88.38430700000001,35.6427696,0 -88.3838021,35.6425657,0 -88.38303569999999,35.6423598,0 -88.38171060000001,35.6421407,0 -88.3816355,35.642129,0 -88.3753186,35.6412616,0 -88.3709717,35.640685,0 -88.36799310000001,35.6402841,0 -88.3649516,35.6398776,0 -88.3627979,35.6395898,0 -88.3608196,35.6393268,0 -88.35942249999999,35.6391397,0 -88.3583849,35.6390085,0 -88.35749,35.63884,0 -88.357327,35.638799,0 -88.35681,35.6386699999999,0 -88.3566774,35.6386514,0 -88.3565091,35.6386168000001,0 -88.35509999999999,35.638245,0 -88.354901,35.638195,0 -88.35187980000001,35.637531,0 -88.3501811,35.6371022,0 -88.3471084,35.6363599,0 -88.343879,35.6355756,0 -88.337288,35.6340054,0 -88.3363974,35.6338431,0 -88.3359334,35.6337384,0 -88.3354291,35.6335989,0 -88.3342329,35.6332566999999,0 -88.3333665,35.6330256,0 -88.3296351,35.6321297,0 -88.3242308,35.630838,0 -88.3231495,35.6305791,0 -88.3214208,35.6301664,0 -88.3191375,35.6296435,0 -88.31764509999999,35.6293433,0 -88.31665049999999,35.6291875,0 -88.3166236,35.6291835,0 -88.31484,35.6289204,0 -88.3142495,35.6288226,0 -88.31095000000001,35.6283346,0 -88.3099625,35.6281816,0 -88.30863239999999,35.6280223,0 -88.30853620000001,35.6280108,0 -88.3079656,35.6279588,0 -88.3073366,35.6279341,0 -88.3063504,35.6279802,0 -88.30578509999999,35.6280597999999,0 -88.3052211,35.6281560999999,0 -88.3044913,35.6282958,0 -88.30195740000001,35.6288435,0 -88.298905,35.6294783,0 -88.2981948,35.6296294,0 -88.2961402,35.63008,0 -88.29234700000001,35.6309017,0 -88.288526,35.6317135,0 -88.28093610000001,35.6334072,0 -88.2777696,35.6341036,0 -88.27698599999999,35.6342781,0 -88.2758882,35.6345224999999,0 -88.2756882,35.6345666,0 -88.2735043,35.6350485,0 -88.2720089,35.6353391,0 -88.27116599999999,35.635525,0 -88.2667304,35.6365047,0 -88.2654745,35.6367564,0 -88.2603192,35.6378585,0 -88.2593858,35.6380939,0 -88.2591498,35.6380765,0 -88.2571435,35.6384296,0 -88.2546705,35.6387522,0 -88.25254080000001,35.6390095,0 -88.24990150000001,35.6393539,0 -88.2483244,35.6395413,0 -88.2476109,35.6396416,0 -88.2461089,35.6398334,0 -88.24566900000001,35.6398858,0 -88.2445532,35.6400383,0 -88.2405567,35.6405615,0 -88.2380569,35.6408600999999,0 -88.2368929,35.6410062,0 -88.2362571,35.6410825,0 -88.23567250000001,35.6411348,0 -88.2352138,35.6411653,0 -88.2346264,35.6411522,0 -88.2342723,35.6411304,0 -88.2338807,35.6410890000001,0 -88.23319669999999,35.6409931,0 -88.2330358,35.6409975,0 -88.2314748,35.6405528,0 -88.2300371,35.6401343,0 -88.2277358,35.6394367,0 -88.22545049999999,35.638774,0 -88.22464050000001,35.6385604,0 -88.22264490000001,35.6379675,0 -88.2215506,35.6376318,0 -88.220467,35.6372525,0 -88.2192922,35.6368776,0 -88.2180798,35.6364503,0 -88.21628269999999,35.635744,0 -88.2142348,35.6349276,0 -88.21405110000001,35.6347848,0 -88.2131177,35.6345145,0 -88.2121843,35.6343314,0 -88.2112563,35.6342573,0 -88.21039260000001,35.6342834,0 -88.20957180000001,35.6343706,0 -88.2082951,35.6346061,0 -88.2070666,35.6348589,0 -88.2039499,35.6354824,0 -88.202067,35.6358748,0 -88.20106389999999,35.6360841,0 -88.19962080000001,35.6363805,0 -88.1985426,35.6365898,0 -88.19782379999999,35.6367337000001,0 -88.1964988,35.6370171,0 -88.19384340000001,35.637562,0 -88.1920892,35.637889,0 -88.1920145,35.6379831,0 -88.19026220000001,35.6382517,0 -88.1887808,35.6385004000001,0 -88.18811700000001,35.6386144,0 -88.1874869,35.638721,0 -88.1869634,35.6387967,0 -88.1860835,35.6389444,0 -88.18461120000001,35.6391969,0 -88.1809956,35.6397855,0 -88.1763393,35.6405223,0 -88.1739851,35.6408852,0 -88.1732816,35.6409921,0 -88.1712055,35.6413244,0 -88.16942450000001,35.6416078,0 -88.16862519999999,35.6417778,0 -88.16598860000001,35.6423816,0 -88.1636953,35.6429374,0 -88.16305699999999,35.6430813,0 -88.1589317,35.6440229,0 -88.150386,35.646101,0 -88.14850060000001,35.6465165,0 -88.1398961,35.6485217,0 -88.1395689,35.6485828,0 -88.137517,35.6490841,0 -88.13714419999999,35.6491734,0 -88.136487,35.6493304,0 -88.1357096,35.6495132,0 -88.1351556,35.6496435000001,0 -88.1342071,35.6498665,0 -88.1337431,35.6499537,0 -88.1329096,35.6500516,0 -88.13227329999999,35.6500343,0 -88.13210429999999,35.6500278,0 -88.13162680000001,35.6500017,0 -88.1306586,35.6499232,0 -88.129927,35.6498598,0 -88.1293805,35.649811,0 -88.1281674,35.6497028,0 -88.1276524,35.6496766999999,0 -88.12721089999999,35.6496934,0 -88.1270456,35.6497004,0 -88.12689880000001,35.6497132,0 -88.12666350000001,35.6497406,0 -88.1254101,35.6500603,0 -88.1247235,35.650191,0 -88.1245682,35.6502084,0 -88.1226849,35.6503296,0 -88.1219055,35.6503825,0 -88.1215156,35.650409,0 -88.1211153,35.6504158,0 -88.12057350000001,35.650394,0 -88.11989370000001,35.6503106,0 -88.1183363,35.6499113,0 -88.1153329,35.6490872,0 -88.1116097,35.6480705,0 -88.10960590000001,35.6475235,0 -88.1072885,35.6469001,0 -88.1070256,35.6468216,0 -88.10622100000001,35.6466015,0 -88.1034556,35.6458473,0 -88.1027368,35.6456381,0 -88.1021655,35.645455,0 -88.1019482,35.6453852,0 -88.10147259999999,35.6452121000001,0 -88.0989012,35.6442366,0 -88.0984479,35.6440818,0 -88.09800799999999,35.643975,0 -88.09769420000001,35.6439227,0 -88.09723820000001,35.6438704,0 -88.0967206,35.6438573,0 -88.0963106,35.6438709,0 -88.0957275,35.6439581,0 -88.0948418,35.6441591,0 -88.0946908,35.644197,0 -88.0940466,35.6442944,0 -88.09388010000001,35.6443019,0 -88.09351530000001,35.6443019,0 -88.0932086,35.6442818,0 -88.0926406,35.6441846,0 -88.09230030000001,35.6440971,0 -88.0920562,35.6440077,0 -88.0917209,35.6438791,0 -88.0914125,35.643696,0 -88.09058640000001,35.6432557,0 -88.0889708,35.6423717,0 -88.0837521,35.6394956,0 -88.0828053,35.639016,0 -88.0821857,35.6387588,0 -88.0815554,35.6385495,0 -88.0769265,35.637147,0 -88.0768293,35.6371179000001,0 -88.07468369999999,35.6364877,0 -88.07410969999999,35.6363382,0 -88.0735758,35.6362323,0 -88.0731696,35.6361737999999,0 -88.07161240000001,35.6359554,0 -88.07053689999999,35.6358159,0 -88.06512650000001,35.6350879,0 -88.06446339999999,35.6349994,0 -88.0640203,35.6349399,0 -88.0637029,35.6348932,0 -88.0629259,35.6347901,0 -88.0623411,35.6347126000001,0 -88.060243,35.6344365,0 -88.0602131,35.6344326,0 -88.05856350000001,35.6342157999999,0 -88.05810820000001,35.6341525,0 -88.0572653,35.6340393,0 -88.0565809,35.6339434,0 -88.0560349,35.6338712,0 -88.0550714,35.6337388,0 -88.0544306,35.6336583,0 -88.05373950000001,35.633572,0 -88.05360690000001,35.6335525,0 -88.05267600000001,35.6334289,0 -88.0521092,35.6333323,0 -88.05164069999999,35.6332632,0 -88.0510855,35.6331477,0 -88.05052329999999,35.633006,0 -88.04989190000001,35.6328621,0 -88.0492699,35.6326871000001,0 -88.0490588,35.6326196,0 -88.0463907,35.6317659,0 -88.04209470000001,35.6304291,0 -88.0404436,35.6298873,0 -88.0391025,35.6294237,0 -88.0390123,35.6293863,0 -88.03789310000001,35.6290015,0 -88.03744020000001,35.6288325000001,0 -88.0372835,35.6287909,0 -88.03659709999999,35.6285494,0 -88.0352747,35.6281448,0 -88.02592749999999,35.6254209,0 -88.0243334,35.6249568,0 -88.0239974,35.6248589,0 -88.0222356,35.6243596,0 -88.0218199,35.6242266,0 -88.02149799999999,35.6241132,0 -88.0211011,35.6239322,0 -88.0207041,35.6237251,0 -88.02036080000001,35.6235049,0 -88.0200765,35.6232804,0 -88.0198967,35.6231080999999,0 -88.0197117,35.6229402,0 -88.0195504,35.6227434,0 -88.019245,35.6223382,0 -88.0190545,35.6219765,0 -88.018958,35.6217367,0 -88.0188619,35.6215029,0 -88.0185074,35.6203129,0 -88.01836640000001,35.6197822,0 -88.0182391,35.6190789,0 -88.0181505,35.6183811,0 -88.018046,35.6178611,0 -88.0179521,35.6175558,0 -88.0178556,35.6173716,0 -88.0176558,35.6171012,0 -88.017422,35.6168992999999,0 -88.0171354,35.6167175,0 -88.0169113,35.6166187,0 -88.0164999,35.6165212,0 -88.0161133,35.6165022,0 -88.0157796,35.6165234,0 -88.0152673,35.6165975,0 -88.0149467,35.6166063,0 -88.0146584,35.6165932,0 -88.01448139999999,35.6165812,0 -88.0141193,35.6165387,0 -88.0126803,35.6163337,0 -88.0121879,35.6162774,0 -88.0118877,35.6162574,0 -88.0115579,35.6162646,0 -88.0112151,35.6163036,0 -88.0108015,35.6163788,0 -88.00995,35.616688,0 -88.00910620000001,35.6170227,0 -88.0085778,35.6171972,0 -88.00825330000001,35.6172996,0 -88.00694439999999,35.6175875,0 -88.0048764,35.6180126,0 -88.0043963,35.6180802,0 -88.0038357,35.6181304,0 -88.0029705,35.6181672,0 -88.0019813,35.6181941,0 -88.0012976,35.6182128,0 -87.9989569,35.6183109,0 -87.9920608,35.6185555999999,0 -87.99035019999999,35.6186445,0 -87.989372,35.6187845,0 -87.98868589999999,35.6189445,0 -87.98470880000001,35.6200339,0 -87.9841375,35.6201603,0 -87.983644,35.6202584,0 -87.9831645,35.6203114,0 -87.98278569999999,35.6203369,0 -87.9822546,35.6203238000001,0 -87.9817316,35.620289,0 -87.9812685,35.6202335,0 -87.97888039999999,35.6198093,0 -87.97675700000001,35.6194421,0 -87.973693,35.6188957,0 -87.9729688,35.6187998,0 -87.96828499999999,35.6184188,0 -87.9652426,35.6181556,0 -87.9640371,35.6180715,0 -87.96305270000001,35.6180061,0 -87.9623795,35.6179952,0 -87.9615372,35.6180432,0 -87.96084519999999,35.6181304,0 -87.96031859999999,35.6182232,0 -87.9595444,35.6184051,0 -87.95820329999999,35.6187714,0 -87.95597170000001,35.6193972,0 -87.9546332,35.6197657,0 -87.95198860000001,35.6204939,0 -87.95108740000001,35.6207403,0 -87.947512,35.6217258,0 -87.9471982,35.6218065,0 -87.94631029999999,35.6220441,0 -87.9456505,35.6221793,0 -87.94499070000001,35.6222643,0 -87.9387438,35.6228748,0 -87.9386473,35.6228857,0 -87.9372284,35.6230209,0 -87.9368824,35.6230362,0 -87.9366383,35.6230274,0 -87.9362199,35.6229751,0 -87.9357478,35.6228792,0 -87.93481439999999,35.622683,0 -87.9345301,35.622611,0 -87.9341975,35.6225064,0 -87.93367840000001,35.6222961,0 -87.9326633,35.6219373,0 -87.9324567,35.6218675,0 -87.9321054,35.6218043,0 -87.9317111,35.6217716,0 -87.929804,35.6217345,0 -87.92952579999999,35.6217107,0 -87.9291415,35.6216735,0 -87.9285675,35.6215579,0 -87.92307700000001,35.6203435,0 -87.91812299999999,35.6192729,0 -87.917344,35.619115,0 -87.9168999,35.6190374,0 -87.9159514,35.6189183,0 -87.9112049,35.6184214,0 -87.9091002,35.6182526,0 -87.90358879999999,35.6178628,0 -87.90022930000001,35.6176221,0 -87.89978170000001,35.61759,0 -87.8984571,35.6175068,0 -87.8979045,35.6174959,0 -87.8967217,35.6175373,0 -87.8954396,35.6176005,0 -87.8951254,35.6175978,0 -87.8948951,35.6175939999999,0 -87.89465730000001,35.6175636,0 -87.89440690000001,35.6175308,0 -87.8906786,35.6167872,0 -87.88995079999999,35.6166501,0 -87.8894763,35.6165699,0 -87.8890511,35.6165248,0 -87.8886567,35.6165148,0 -87.8882624,35.6165399,0 -87.8878064,35.6165849,0 -87.88743049999999,35.6166601,0 -87.8869498,35.6167903,0 -87.8863891,35.6170107,0 -87.87972480000001,35.6205327999999,0 -87.879468,35.6206466,0 -87.8793139,35.6207036,0 -87.8790685,35.6207827,0 -87.8786865,35.6208678,0 -87.8782674,35.6209129,0 -87.8767641,35.6210339,0 -87.8760776,35.6211136,0 -87.8753584,35.6212464,0 -87.8747326,35.6213983,0 -87.87415350000001,35.6215843,0 -87.8714449,35.6225865,0 -87.87101060000001,35.6227725,0 -87.870637,35.6229547,0 -87.8702681,35.6231673,0 -87.8700008,35.6233584,0 -87.8691053,35.6239986,0 -87.8688531,35.6241618,0 -87.8684056,35.624401,0 -87.8675642,35.6248071999999,0 -87.8673783,35.6249003,0 -87.8671798,35.6250355,0 -87.86681230000001,35.6253006,0 -87.8661025,35.6258928,0 -87.86590579999999,35.6260274,0 -87.8657242,35.6261244,0 -87.86550080000001,35.6262411,0 -87.8651124,35.6264015,0 -87.86256729999999,35.6272214,0 -87.86216140000001,35.627305,0 -87.8619415,35.6273247,0 -87.8617296,35.6273356,0 -87.8615525,35.6273334,0 -87.8613759,35.6273181,0 -87.8602011,35.6271697999999,0 -87.86000490000001,35.6271241,0 -87.8598202,35.6270608,0 -87.85966430000001,35.6269736,0 -87.8595141,35.6268843,0 -87.85803919999999,35.6257963,0 -87.85785679999999,35.6256306,0 -87.8575968,35.6252675,0 -87.8574009,35.6249242,0 -87.8571809,35.6244795,0 -87.85704680000001,35.6242876,0 -87.8568913,35.6241132,0 -87.8567755,35.6240075,0 -87.8566763,35.6239169999999,0 -87.855633,35.6231004,0 -87.8555341,35.623023,0 -87.8552605,35.6227919,0 -87.8550244,35.6224911,0 -87.8541769,35.6209256,0 -87.8540642,35.6207337,0 -87.8539408,35.6205855,0 -87.8537584,35.6204546,0 -87.8535224,35.6203456,0 -87.8532434,35.620254,0 -87.85305529999999,35.6201756,0 -87.8528568,35.6200753,0 -87.8525913,35.6199052,0 -87.8522909,35.6196697,0 -87.8507705,35.6184225,0 -87.8506551,35.6183241,0 -87.85044379999999,35.6181746,0 -87.850264,35.6180617,0 -87.849969,35.6179038,0 -87.84974750000001,35.6178097,0 -87.8495233,35.6177249,0 -87.84929,35.6176544,0 -87.8490503,35.6175957,0 -87.8488624,35.6175559,0 -87.8486111,35.6175155,0 -87.8483428,35.6174948,0 -87.84801539999999,35.6174817000001,0 -87.8463172,35.6174935,0 -87.84405270000001,35.6174884,0 -87.8435973,35.6174621,0 -87.8428727,35.6173913,0 -87.8428138,35.6173855,0 -87.8426264,35.6173665,0 -87.84246400000001,35.6173499,0 -87.84222750000001,35.6173259,0 -87.8417707,35.6172853,0 -87.8404839,35.6171392,0 -87.8397281,35.6170585,0 -87.8396724,35.6170526,0 -87.8388594,35.6169658,0 -87.8379893,35.6168698,0 -87.83733429999999,35.6168,0 -87.83697840000001,35.6167628,0 -87.8367722,35.6167467,0 -87.8365182,35.6167558,0 -87.8363315,35.6167973,0 -87.8361745,35.6168498,0 -87.8360646,35.6169046,0 -87.8359332,35.6169884999999,0 -87.8358351,35.6170775,0 -87.83581650000001,35.6170944,0 -87.8357304,35.6171943,0 -87.83564819999999,35.6173325,0 -87.8356074,35.6174149000001,0 -87.8355701,35.6175245,0 -87.83553550000001,35.6176784,0 -87.8355021,35.6178861,0 -87.8354539,35.6182738,0 -87.8354222,35.6184438,0 -87.8353786,35.6186174,0 -87.8353298,35.6187689,0 -87.8352579,35.6189421,0 -87.83517860000001,35.6190945,0 -87.83508399999999,35.6192557,0 -87.8349967,35.6193746000001,0 -87.83489539999999,35.6195003,0 -87.8348024,35.6196045,0 -87.83468790000001,35.6197146,0 -87.8343144,35.6199926,0 -87.8338857,35.6202208,0 -87.8336055,35.6203105,0 -87.8332813,35.6204142,0 -87.832843,35.6205424,0 -87.8322184,35.6207824,0 -87.8318821,35.6208846,0 -87.8280561,35.6219822,0 -87.8273385,35.6221706,0 -87.82643400000001,35.6223847,0 -87.8261694,35.6224543,0 -87.8260566,35.622484,0 -87.8256811,35.6225915,0 -87.82508730000001,35.6227590999999,0 -87.82370899999999,35.6231486,0 -87.82320559999999,35.6232851,0 -87.8228988,35.6233618,0 -87.8225656,35.6234308,0 -87.82229150000001,35.6234766,0 -87.8220001,35.6235131,0 -87.8217082,35.623533,0 -87.8213301,35.62355,0 -87.8202441,35.6235508,0 -87.8197801,35.6235641,0 -87.81929940000001,35.6235941,0 -87.8187222,35.6236897,0 -87.81833810000001,35.6237698,0 -87.8177591,35.6239393,0 -87.817324,35.6240995,0 -87.8169173,35.6242717,0 -87.8164623,35.6245175,0 -87.8160338,35.6247762,0 -87.81581079999999,35.6249448,0 -87.815404,35.6252616,0 -87.81438199999999,35.6260905,0 -87.8140829,35.6263594,0 -87.81383820000001,35.6266302,0 -87.8136331,35.6268927,0 -87.81343029999999,35.6271819,0 -87.8131685,35.6275641,0 -87.812971,35.6278195,0 -87.812641,35.6282693,0 -87.8124261,35.6285154,0 -87.81221379999999,35.6287237,0 -87.8119686,35.62894,0 -87.81166399999999,35.6292009,0 -87.8114291,35.6293636999999,0 -87.8111723,35.6295306,0 -87.8099429,35.6302008,0 -87.8097599,35.6303058,0 -87.80935409999999,35.6305392,0 -87.80833749999999,35.6311126,0 -87.8077455,35.6314975,0 -87.807547,35.6316583,0 -87.80712029999999,35.6320144,0 -87.8067736,35.6323506,0 -87.8063011,35.6328479,0 -87.805438,35.633758,0 -87.8052361,35.6339548,0 -87.8049472,35.6341951,0 -87.8047313,35.6343466,0 -87.80448989999999,35.6344873,0 -87.8042659,35.6346028,0 -87.8040299,35.6347042,0 -87.80379790000001,35.6347902999999,0 -87.8036048,35.6348426,0 -87.8034006,35.6348893,0 -87.8030981,35.6349442,0 -87.8028599,35.6349758000001,0 -87.80243539999999,35.6350022,0 -87.8019365,35.6349891,0 -87.8008636,35.6348888,0 -87.7978703,35.6346141,0 -87.7976195,35.6346091,0 -87.7974304,35.6346054,0 -87.7970603,35.6346229,0 -87.7963575,35.634697,0 -87.7961483,35.6347275,0 -87.79566010000001,35.6348191,0 -87.7948608,35.6350676,0 -87.79364820000001,35.6355203,0 -87.79042579999999,35.6367233,0 -87.7895908,35.6370301000001,0 -87.78958249999999,35.6369144,0 -87.7895606,35.6367284,0 -87.7891529,35.6366248,0 -87.78737599999999,35.6362214,0 -87.7801418,35.6346265,0 -87.7763223,35.6337746999999,0 -87.7743205,35.6333367,0 -87.7702334,35.6324602,0 -87.76925559999999,35.632266,0 -87.7683002,35.6321318,0 -87.76723269999999,35.6320402,0 -87.7666399,35.6320031,0 -87.76609139999999,35.6319758,0 -87.7636868,35.6319966,0 -87.76276249999999,35.6319729,0 -87.7618468,35.6318854,0 -87.761195,35.6317917,0 -87.7606181,35.6316852,0 -87.7600873,35.631565,0 -87.75952940000001,35.6314189,0 -87.75896609999999,35.6312445,0 -87.7584073,35.6310371,0 -87.7579173,35.6308586,0 -87.7575392,35.6306908000001,0 -87.7571851,35.6305251,0 -87.75693029999999,35.6304117,0 -87.7565333,35.6301981,0 -87.7563107,35.6300672,0 -87.7561954,35.630004,0 -87.7558011,35.6297555,0 -87.75536390000001,35.6294764,0 -87.7545056,35.6289249,0 -87.7536982,35.6284104,0 -87.7531832,35.6280855,0 -87.7523985,35.6276112,0 -87.7520648,35.6273966,0 -87.7517536,35.6272069,0 -87.7510863,35.6268256,0 -87.750788,35.6266619000001,0 -87.7504608,35.6264896,0 -87.7499973,35.6262638,0 -87.74934450000001,35.6259712,0 -87.7489266,35.6257985,0 -87.7485269,35.6256394,0 -87.7481628,35.6255057,0 -87.7476338,35.6253232,0 -87.7471027,35.6251554,0 -87.7467406,35.6250529,0 -87.7462951,35.6249283,0 -87.74566230000001,35.6247673,0 -87.745268,35.6246757,0 -87.7449407,35.6246019,0 -87.7445895,35.624534,0 -87.74419,35.6244388,0 -87.743599,35.6243374,0 -87.741529,35.6240039,0 -87.74110039999999,35.6239321,0 -87.740055,35.6237571,0 -87.73936209999999,35.6236167,0 -87.7384686,35.6233986,0 -87.73744240000001,35.6230135,0 -87.7365454,35.6225799,0 -87.73587089999999,35.622183,0 -87.7352655,35.6217559,0 -87.73456040000001,35.6211475,0 -87.73408070000001,35.6206483,0 -87.733412,35.6198077,0 -87.7328594,35.6189885,0 -87.7322628,35.6182629,0 -87.73186889999999,35.6178649,0 -87.7314942,35.6175363,0 -87.7313223,35.6174055,0 -87.73108379999999,35.6172301,0 -87.7308914,35.6170707,0 -87.73063,35.6168972,0 -87.729781,35.6163969,0 -87.7287054,35.6158693,0 -87.7278149,35.6154317,0 -87.725437,35.6142647,0 -87.7241724,35.6136494,0 -87.72180400000001,35.6124649,0 -87.719898,35.611444,0 -87.7176896,35.6102264,0 -87.71639159999999,35.6095474,0 -87.71353310000001,35.6080078,0 -87.7130628,35.607703,0 -87.712525,35.6073255,0 -87.7117305,35.6066817,0 -87.71142380000001,35.6063757,0 -87.710221,35.6053157,0 -87.7092701,35.6046434,0 -87.70863180000001,35.6042727,0 -87.7079585,35.6039565,0 -87.7061266,35.6032237,0 -87.7056491,35.6030187,0 -87.705179,35.6028004,0 -87.7042732,35.6022872,0 -87.703836,35.6019872,0 -87.7034685,35.6016927,0 -87.70318690000001,35.6014398,0 -87.702524,35.600785,0 -87.701967,35.6001839,0 -87.70173800000001,35.599961,0 -87.7011371,35.5994218,0 -87.70083990000001,35.5991978,0 -87.70067899999999,35.59908,0 -87.70055429999999,35.5989863,0 -87.7000541,35.5986504,0 -87.6994653,35.5983156,0 -87.6981443,35.5976144,0 -87.6975328,35.5972655,0 -87.69702580000001,35.596958,0 -87.6962936,35.596452,0 -87.6932305,35.5942448,0 -87.69105260000001,35.5926657,0 -87.6907092,35.5924083,0 -87.6883382,35.5907048,0 -87.68644,35.5893570000001,0 -87.6855272,35.5886861,0 -87.684673,35.58811,0 -87.6846877,35.5880852,0 -87.68436850000001,35.5878758,0 -87.6842558,35.587806,0 -87.6835531,35.5874003,0 -87.68311300000001,35.587195,0 -87.683008,35.587138,0 -87.68219860000001,35.5868288,0 -87.68088969999999,35.586362,0 -87.6802835,35.5861439,0 -87.67991600000001,35.5859825,0 -87.6794601,35.5857622,0 -87.6793045,35.5856748,0 -87.6789746,35.5854895,0 -87.67855609999999,35.585195,0 -87.67817530000001,35.5849071,0 -87.677899,35.5846475,0 -87.6775584,35.5843225,0 -87.6772794,35.5839931,0 -87.6771399,35.5838142,0 -87.67700050000001,35.5836201,0 -87.6766947,35.5831751,0 -87.67643990000001,35.5826603,0 -87.6763648,35.5824749,0 -87.6761502,35.5818619,0 -87.67590300000001,35.581072,0 -87.67566739999999,35.5803262,0 -87.6755574,35.5799706,0 -87.6753643,35.5794754,0 -87.6750693,35.5788384,0 -87.67483590000001,35.5784349,0 -87.6745489,35.5779877,0 -87.6744365,35.577831,0 -87.6743048,35.5776473,0 -87.6738301,35.5770256,0 -87.6734814,35.5766329,0 -87.67314880000001,35.5762948,0 -87.6727116,35.575841,0 -87.6713544,35.5744208,0 -87.6708421,35.5738623,0 -87.6703942,35.5733387,0 -87.67008300000001,35.5729351,0 -87.6697612,35.572501,0 -87.6693106,35.571829,0 -87.6691577,35.5715803,0 -87.6688626,35.5710982,0 -87.66853810000001,35.5704567,0 -87.6681411,35.5695841,0 -87.6674357,35.5680088,0 -87.6670629,35.5671754,0 -87.6666445,35.5663027,0 -87.6664889,35.565971,0 -87.6663092,35.5656874,0 -87.6661241,35.5653841,0 -87.6658103,35.5650088,0 -87.6655635,35.5647383,0 -87.6652363,35.5644066,0 -87.6649788,35.5641819,0 -87.66452820000001,35.5638284,0 -87.66413660000001,35.5635731,0 -87.663222,35.5630844,0 -87.6627472,35.5628225999999,0 -87.661795,35.5623316,0 -87.66134169999999,35.5621069,0 -87.66070070000001,35.5618167,0 -87.657921,35.5607421,0 -87.6577941,35.5606933,0 -87.6565172,35.5602081,0 -87.65398209999999,35.5592344,0 -87.65230769999999,35.558591,0 -87.65058399999999,35.557934,0 -87.6489613,35.5573151,0 -87.6467112,35.5564578999999,0 -87.6446861,35.5557508,0 -87.6430543,35.5552368,0 -87.6409644,35.5546461,0 -87.6380539,35.553944,0 -87.63594929999999,35.5534934,0 -87.6292103,35.5523138,0 -87.62855999999999,35.5522,0 -87.62525410000001,35.5516068,0 -87.6237587,35.5513397,0 -87.6232593,35.5512477,0 -87.6230472,35.5512136,0 -87.6209679,35.5508436,0 -87.6199689,35.5506658,0 -87.61851350000001,35.5504022,0 -87.6172105,35.5501682,0 -87.6161602,35.5500134,0 -87.61515249999999,35.5498908,0 -87.6141576,35.5498064,0 -87.613195,35.5497582,0 -87.6122271,35.5497343,0 -87.6119218,35.5497343,0 -87.61085679999999,35.5497569,0 -87.6096763,35.549819,0 -87.6083579,35.5499494,0 -87.60587219999999,35.5502501000001,0 -87.6051449,35.5503407,0 -87.60114280000001,35.5508332,0 -87.6004914,35.5509129,0 -87.59929169999999,35.5510597,0 -87.5981776,35.5511998,0 -87.5977857,35.5512421,0 -87.59676090000001,35.55137,0 -87.5960384,35.5514601,0 -87.59452570000001,35.5516489,0 -87.5917089,35.551982,0 -87.5907639,35.5521045,0 -87.5901041,35.5521902,0 -87.5889976,35.5523097,0 -87.5884736,35.5523478,0 -87.5878708,35.5523775,0 -87.5869644,35.5523883,0 -87.5863408,35.5523755,0 -87.5857615,35.5523478,0 -87.5852605,35.5523155,0 -87.5847366,35.552269,0 -87.5839424,35.5521744,0 -87.581254,35.5517999,0 -87.5796442,35.5515748,0 -87.577579,35.5512819,0 -87.57640499999999,35.5511206,0 -87.5752935,35.5509698,0 -87.5744479,35.5508653,0 -87.5735356,35.5507526,0 -87.573026,35.5506906,0 -87.57235540000001,35.5506214,0 -87.57175959999999,35.5505684,0 -87.56629030000001,35.5500937,0 -87.5661307,35.5500797,0 -87.5655454,35.5500303,0 -87.5652188,35.5500027,0 -87.56354949999999,35.5498575,0 -87.5615978,35.5496952,0 -87.56146440000001,35.5496828,0 -87.56137699999999,35.5496747,0 -87.5610473,35.549645,0 -87.56068740000001,35.549598,0 -87.5604055,35.5495445,0 -87.56015069999999,35.549479,0 -87.5598608,35.5493785,0 -87.55959110000001,35.5492603,0 -87.5588941,35.548867,0 -87.5585877,35.5487181,0 -87.5583171,35.5486105,0 -87.5580487,35.5485319,0 -87.55787189999999,35.5484798,0 -87.5575549,35.5484292,0 -87.5573928,35.5484137,0 -87.557273,35.5484022,0 -87.55645869999999,35.548328,0 -87.55505049999999,35.5481938,0 -87.5536297,35.5480658,0 -87.5521603,35.5479247,0 -87.5507843,35.5477913,0 -87.55025070000001,35.5477454,0 -87.549876,35.5477210999999,0 -87.5495707,35.5477240999999,0 -87.54931809999999,35.5477377,0 -87.5488757,35.5477984,0 -87.54850740000001,35.5478768,0 -87.5482004,35.5479649,0 -87.54806000000001,35.5480099,0 -87.5474133,35.5482149,0 -87.5447511,35.5490884,0 -87.5443945,35.5492054,0 -87.5436859,35.5494379,0 -87.543629,35.5494566,0 -87.54320180000001,35.5496319,0 -87.5427518,35.5498493,0 -87.5424761,35.5499997,0 -87.54213489999999,35.5502077000001,0 -87.5418423,35.5504121,0 -87.5416647,35.5505361000001,0 -87.5416115,35.550577,0 -87.5414308,35.550716,0 -87.54131099999999,35.5508082,0 -87.5407946,35.5512054,0 -87.54027480000001,35.551606,0 -87.538922,35.5526507,0 -87.5383528,35.5530905,0 -87.5357006,35.5551402,0 -87.53536,35.5554034,0 -87.5352798,35.5554654,0 -87.5348979,35.5557605,0 -87.534222,35.5562829,0 -87.5331091,35.5571429,0 -87.532657,35.5574922,0 -87.53244189999999,35.5576585,0 -87.5313481,35.5585037,0 -87.53042120000001,35.5592176,0 -87.53031230000001,35.5593003,0 -87.5297953,35.5596931,0 -87.5293886,35.5599849,0 -87.52895359999999,35.5602791,0 -87.52820250000001,35.5607292,0 -87.5276131,35.561047,0 -87.52700729999999,35.5613393,0 -87.52655540000001,35.5615405,0 -87.5260243,35.561755,0 -87.5254214,35.561975,0 -87.52494710000001,35.5621354,0 -87.52451379999999,35.5622636,0 -87.5239222,35.5624204,0 -87.5233376,35.5625537,0 -87.5226978,35.5626793,0 -87.5222728,35.562751,0 -87.52159810000001,35.562841,0 -87.5198434,35.5630627,0 -87.5146397,35.5637138,0 -87.510936,35.5641635999999,0 -87.5084154,35.5644646,0 -87.5078133,35.5645477,0 -87.5076363,35.5645722,0 -87.5056953,35.5648284,0 -87.50417040000001,35.5650296,0 -87.50308029999999,35.5651642,0 -87.50219,35.5653301,0 -87.5015404,35.5654803,0 -87.5008946,35.5656541,0 -87.5004651,35.5657802,0 -87.4995486,35.566098,0 -87.4990438,35.5662888,0 -87.4987704,35.5663921,0 -87.4979855,35.566742,0 -87.4976906,35.5668883,0 -87.49757839999999,35.5669469,0 -87.4971851,35.5671525,0 -87.496664,35.5674497,0 -87.49614390000001,35.5677823,0 -87.4954905,35.5682478,0 -87.49475,35.5688533,0 -87.4931491,35.5702426,0 -87.49206169999999,35.5711859,0 -87.49194679999999,35.5713861999999,0 -87.4915907,35.5717009,0 -87.4903968,35.5727627,0 -87.4896857,35.5733829,0 -87.4891227,35.5738649,0 -87.48873159999999,35.5741702,0 -87.4884493,35.5743684,0 -87.48804560000001,35.5746274,0 -87.48773250000001,35.5747974,0 -87.4873417,35.5749944,0 -87.4867299,35.57525,0 -87.4862215,35.5754306,0 -87.48555519999999,35.5756101,0 -87.4850161,35.575718,0 -87.4844183,35.5758009,0 -87.48377720000001,35.57586,0 -87.4830391,35.5759199,0 -87.4829043,35.5759308,0 -87.4821034,35.5759957,0 -87.48146370000001,35.5760673,0 -87.481088,35.5761298,0 -87.48056,35.576248,0 -87.4800544,35.57639,0 -87.47954319999999,35.576566,0 -87.479101,35.5767541,0 -87.47905710000001,35.5767728,0 -87.47861570000001,35.5769886,0 -87.4781045,35.5772783,0 -87.4776366,35.5775828,0 -87.4758133,35.5788082,0 -87.4743383,35.5797897,0 -87.47386349999999,35.5801275,0 -87.4734462,35.5804584,0 -87.4730953,35.5807711,0 -87.4727597,35.5810968,0 -87.4726989,35.5811557,0 -87.472392,35.5815068,0 -87.4721511,35.5818199,0 -87.47189539999999,35.5821774,0 -87.47157009999999,35.582677,0 -87.47074240000001,35.5840266,0 -87.4703205,35.5847143,0 -87.4701129,35.5850278,0 -87.46982149999999,35.5854531,0 -87.4695261,35.5858417,0 -87.4691948,35.5862245,0 -87.46882789999999,35.5866271,0 -87.4685238,35.5869202,0 -87.46847219999999,35.58697,0 -87.4680917,35.58731,0 -87.46770530000001,35.5876387,0 -87.4666063,35.5885627,0 -87.46644430000001,35.588692,0 -87.4659903,35.5890543,0 -87.465613,35.5893551,0 -87.4653526,35.5895417,0 -87.4647131,35.5899443,0 -87.46405420000001,35.5902908,0 -87.46341630000001,35.5905722999999,0 -87.46277310000001,35.5908081999999,0 -87.4621101,35.5910083,0 -87.4613937,35.5912086000001,0 -87.4589704,35.5918646,0 -87.4586477,35.5919504,0 -87.45792950000001,35.5921412,0 -87.4575955,35.5922249,0 -87.4571615,35.5923205,0 -87.456711,35.5923988,0 -87.45625010000001,35.5924469,0 -87.4558011,35.592473,0 -87.4554085,35.5924733000001,0 -87.4550194,35.592454,0 -87.4546241,35.5924136,0 -87.4542367,35.592356,0 -87.4538471,35.5922763,0 -87.4534645,35.5921805,0 -87.45303970000001,35.5920452,0 -87.4526879,35.5919053,0 -87.45234170000001,35.5917495,0 -87.452009,35.5915826,0 -87.45169679999999,35.5913981,0 -87.4513779,35.5911829,0 -87.45102970000001,35.5909317,0 -87.4507035,35.5906592,0 -87.44939669999999,35.5894854,0 -87.44915779999999,35.5892708,0 -87.4486608,35.5888301,0 -87.4483481,35.5885482,0 -87.44765460000001,35.5879227,0 -87.4469599,35.5872561,0 -87.44563580000001,35.5859339,0 -87.4453728,35.5856687,0 -87.4450247,35.5853176,0 -87.44460840000001,35.5849332,0 -87.44414310000001,35.5845295,0 -87.4436609,35.5841242999999,0 -87.4419228,35.5826513,0 -87.4416822,35.5823795,0 -87.4409203,35.5817466,0 -87.4395397,35.5806603,0 -87.4383622,35.579689,0 -87.4379502,35.5793823,0 -87.4376965,35.5791806,0 -87.4376074,35.5791098,0 -87.4372482,35.5788696,0 -87.4367645,35.5786093,0 -87.436423,35.5784219,0 -87.43596789999999,35.5781978,0 -87.4354606,35.5780302,0 -87.4316438,35.5772191,0 -87.4311,35.5770984,0 -87.4309767,35.5770589,0 -87.4305507,35.5769137,0 -87.4297547,35.5765862,0 -87.4295403,35.576482,0 -87.4292848,35.576328,0 -87.4289634,35.5761338000001,0 -87.42853220000001,35.5758402,0 -87.427842,35.5752018,0 -87.4274853,35.5748135,0 -87.42723049999999,35.5744688,0 -87.4254826,35.5715897,0 -87.4253564,35.5713859,0 -87.42507670000001,35.570904,0 -87.424847,35.5705525,0 -87.4246,35.570251,0 -87.4244168,35.5700608,0 -87.4242235,35.5698957,0 -87.4238321,35.5695579,0 -87.423462,35.5692633,0 -87.4227485,35.5688444,0 -87.4221826,35.5685695,0 -87.42119820000001,35.5682881,0 -87.419687,35.567993,0 -87.41837,35.567787,0 -87.41705690000001,35.5676008,0 -87.4156782,35.5673761,0 -87.4150157,35.5672954,0 -87.4144095,35.5672256,0 -87.4125186,35.5671296,0 -87.4063179,35.5671232,0 -87.4059297,35.5671077,0 -87.40571919999999,35.5670903,0 -87.405573,35.5670816,0 -87.4054469,35.5670652,0 -87.4050148,35.5669869,0 -87.4045524,35.5668743,0 -87.4040364,35.5666975999999,0 -87.4034259,35.5664336,0 -87.4028004,35.5661096,0 -87.40208610000001,35.5656754,0 -87.4014169,35.5652663,0 -87.4007726,35.5648598,0 -87.3996466,35.5640924,0 -87.39839139999999,35.5632677,0 -87.397812,35.5629404,0 -87.39727019999999,35.5626786,0 -87.3968035,35.5624909,0 -87.3962617,35.5623054999999,0 -87.3957065,35.5621658,0 -87.39518080000001,35.5620676,0 -87.39473820000001,35.5619934,0 -87.3937458,35.5619542,0 -87.3932844,35.5619651,0 -87.3929438,35.561976,0 -87.39115700000001,35.562203,0 -87.3894596,35.5623949,0 -87.3884127,35.5625273,0 -87.3861541,35.5628043,0 -87.3852984,35.5629112,0 -87.37359429999999,35.5644786,0 -87.37259659999999,35.5646292,0 -87.3719957,35.5646946,0 -87.3712984,35.5647775,0 -87.3707539,35.5647841,0 -87.37026040000001,35.5647775,0 -87.3694718,35.5647383,0 -87.3686484,35.5646445,0 -87.3655155,35.5641644,0 -87.3631364,35.5637521,0 -87.3618007,35.5635906,0 -87.3608995,35.5635906,0 -87.359848,35.5637608,0 -87.3594403,35.5638612,0 -87.3583192,35.5642277,0 -87.3574448,35.5645201,0 -87.35643090000001,35.5647732,0 -87.355755,35.5648517,0 -87.35500930000001,35.5648648,0 -87.3537487,35.5647514,0 -87.3527831,35.564699,0 -87.3519838,35.564747,0 -87.35131320000001,35.5649172,0 -87.3507151,35.5651594,0 -87.35006869999999,35.5654365,0 -87.3481242,35.5666426,0 -87.347365,35.5670161,0 -87.34627070000001,35.5674612,0 -87.3450127,35.5677732,0 -87.3427248,35.5682139,0 -87.340461,35.568635,0 -87.33938809999999,35.5687135,0 -87.3386586,35.5687397,0 -87.3376286,35.5686961,0 -87.3363197,35.568635,0 -87.3351181,35.5687484,0 -87.33349800000001,35.5691673,0 -87.3327685,35.5693724,0 -87.3321596,35.5694466,0 -87.3315561,35.5694815,0 -87.3306441,35.5694117,0 -87.329736,35.5692925,0 -87.32874510000001,35.5690332,0 -87.3282596,35.568875,0 -87.3277903,35.5687288,0 -87.3263177,35.5682968,0 -87.325564,35.5680743,0 -87.3252663,35.5679914,0 -87.3249605,35.5679433999999,0 -87.3246923,35.5679259,0 -87.3245233,35.5679477,0 -87.3242176,35.567987,0 -87.3240017,35.5680351,0 -87.3237106,35.5681441,0 -87.3234496,35.5682745,0 -87.3231794,35.5684716,0 -87.32300239999999,35.5686169,0 -87.3228416,35.5688175,0 -87.32270750000001,35.5689753,0 -87.3225841,35.5692524,0 -87.3225197,35.569499,0 -87.32248490000001,35.5697193,0 -87.3224795,35.5700204,0 -87.3226324,35.5713861,0 -87.3226914,35.5722086,0 -87.32281209999999,35.5737663,0 -87.3228228,35.5741983,0 -87.3227799,35.5747328,0 -87.3227182,35.5750622,0 -87.3226243,35.5755116,0 -87.3225036,35.5759392,0 -87.3224044,35.5762206,0 -87.3222354,35.5766547,0 -87.3220128,35.5770976,0 -87.3217446,35.5775623,0 -87.321538,35.5778524,0 -87.3211745,35.5783532,0 -87.3204021,35.5791799,0 -87.3201297,35.5794675,0 -87.3181905,35.5815208,0 -87.3167716,35.583098,0 -87.31545439999999,35.5847809,0 -87.31410870000001,35.5868142,0 -87.31371129999999,35.5874112,0 -87.3133648,35.5878986,0 -87.3125761,35.5887714,0 -87.31234430000001,35.5889797,0 -87.311697,35.589551,0 -87.3110027,35.5901038,0 -87.31030490000001,35.5905478,0 -87.3097363,35.5908793,0 -87.30928280000001,35.5911032,0 -87.3088351,35.5913221,0 -87.308413,35.5915088,0 -87.3076121,35.5918295,0 -87.3069047,35.592094,0 -87.30374689999999,35.5933025,0 -87.30243900000001,35.5938239,0 -87.3015789,35.5941572,0 -87.30150930000001,35.5941842,0 -87.3014249,35.5942169,0 -87.2996914,35.594862,0 -87.2994044,35.5949602,0 -87.2991335,35.5950234,0 -87.29875269999999,35.5951063,0 -87.2984147,35.5951608,0 -87.29803920000001,35.5951979,0 -87.2976932,35.5952219,0 -87.2973365,35.595211,0 -87.2966704,35.5951714,0 -87.2962684,35.5951649,0 -87.29597510000001,35.5951923,0 -87.29578669999999,35.5952328,0 -87.2955006,35.5953266,0 -87.2952435,35.5954437,0 -87.294759,35.5957319,0 -87.29384899999999,35.5962964,0 -87.29345530000001,35.5965588,0 -87.29316559999999,35.5967333,0 -87.2921813,35.5973505,0 -87.29192020000001,35.5974866,0 -87.2915039,35.5976471,0 -87.2913673,35.5977032,0 -87.2909769,35.5978321,0 -87.2907834,35.5978896,0 -87.2905612,35.5979416,0 -87.2902179,35.5980114,0 -87.2896707,35.5980986,0 -87.2853418,35.5987816,0 -87.28435589999999,35.5989871,0 -87.28355740000001,35.5992629,0 -87.2829201,35.5994831,0 -87.2816261,35.599934,0 -87.2780782,35.6011955,0 -87.2753692,35.602166,0 -87.27191449999999,35.6034265,0 -87.27088449999999,35.6037885,0 -87.2699618,35.6041222,0 -87.26942,35.6043119,0 -87.2688112,35.6045344,0 -87.268323,35.6047197,0 -87.2678804,35.6049116,0 -87.26734399999999,35.6051842,0 -87.26697919999999,35.6054001,0 -87.2664589,35.60576,0 -87.2661987,35.6059584,0 -87.2657964,35.6063072999999,0 -87.2655201,35.6066083,0 -87.26516599999999,35.6070357,0 -87.2645089,35.607884,0 -87.2642434,35.6082329,0 -87.2640851,35.6084139,0 -87.2638357,35.6086559,0 -87.2636801,35.6087781,0 -87.26347629999999,35.6089023,0 -87.2633234,35.6089852,0 -87.2629908,35.6091531,0 -87.2627494,35.6092447,0 -87.2623202,35.6093886,0 -87.2619098,35.6094759,0 -87.2615007,35.6095434,0 -87.2611158,35.6095549,0 -87.2608716,35.6095463,0 -87.2598665,35.6094513,0 -87.25962,35.609413,0 -87.25761199999999,35.609129,0 -87.2567414,35.6090168,0 -87.25571669999999,35.6088683,0 -87.25539209999999,35.6088064,0 -87.25487440000001,35.6086886,0 -87.2544055,35.6085478,0 -87.2539088,35.6083572,0 -87.25337210000001,35.6081191,0 -87.2517804,35.6073698,0 -87.2512902,35.6071601,0 -87.25073740000001,35.6069843,0 -87.2504488,35.6069223,0 -87.2501556,35.606896,0 -87.24982300000001,35.6068916,0 -87.2493348,35.6069091,0 -87.2490559,35.6069527,0 -87.2488384,35.6070112,0 -87.24842099999999,35.6071447,0 -87.24814739999999,35.6072777,0 -87.2478282,35.6074457,0 -87.24753320000001,35.6076681,0 -87.2472703,35.6079319,0 -87.2470692,35.6082198,0 -87.2466484,35.608946,0 -87.2465703,35.6090942,0 -87.2463664,35.6094671,0 -87.24609820000001,35.6098139,0 -87.24591049999999,35.6100319,0 -87.24574509999999,35.6102023,0 -87.2452533,35.6105923,0 -87.2445984,35.6110338,0 -87.2442368,35.6112313,0 -87.2438532,35.6114057,0 -87.24317569999999,35.6116582,0 -87.2422627,35.6120228,0 -87.24140610000001,35.6123488,0 -87.2388515,35.6133361,0 -87.2371739,35.6139845,0 -87.23680160000001,35.6141283999999,0 -87.2365734,35.6142181,0 -87.2352231,35.6147484,0 -87.2326625,35.6157344,0 -87.23219349999999,35.6159034,0 -87.2316945,35.6161022,0 -87.23143760000001,35.6161845,0 -87.2309614,35.6163751,0 -87.2303192,35.6166322,0 -87.23016200000001,35.6166962,0 -87.22966649999999,35.6169033,0 -87.22916669999999,35.6170933,0 -87.2288259,35.6172189,0 -87.22817569999999,35.6174697,0 -87.22669740000001,35.618029,0 -87.2261929,35.618175,0 -87.225775,35.6182705,0 -87.22536049999999,35.618341,0 -87.2251771,35.6183557,0 -87.2249748,35.6183719,0 -87.2249549,35.6183734,0 -87.2246437,35.6183977,0 -87.2241035,35.618398,0 -87.22342690000001,35.6183603,0 -87.2225457,35.6182871,0 -87.2224611,35.6182803,0 -87.2196232,35.6180533,0 -87.21879869999999,35.6179865,0 -87.2180182,35.6179341,0 -87.2133189,35.6175809,0 -87.2129327,35.6175526,0 -87.2128335,35.6175417,0 -87.21239629999999,35.6175046,0 -87.21184220000001,35.6174696,0 -87.2113583,35.6174828,0 -87.20991789999999,35.6175853,0 -87.20910379999999,35.6176514,0 -87.2077882,35.6177641,0 -87.2060099,35.6179058,0 -87.2055405,35.6179363,0 -87.2049719,35.6179538,0 -87.2043578,35.6179363,0 -87.20385520000001,35.617896,0 -87.2035886,35.6178738,0 -87.20319689999999,35.6178413,0 -87.201618,35.6176894,0 -87.2013424,35.6176629,0 -87.2004014,35.6175766,0 -87.1991381,35.6174523,0 -87.1974708,35.6172838,0 -87.19677679999999,35.6172199,0 -87.1944281,35.6169922,0 -87.19337779999999,35.6168934,0 -87.1930819,35.6168689,0 -87.19194709999999,35.6167502,0 -87.1907964,35.6166433,0 -87.1884562,35.6164229,0 -87.1868348,35.6162574,0 -87.185895,35.616178,0 -87.1856779,35.6161611,0 -87.18421619999999,35.6160086,0 -87.1837529,35.6159798,0 -87.1830753,35.6159376,0 -87.1827337,35.6159216,0 -87.1823782,35.6159165,0 -87.1816503,35.6159165,0 -87.1791587,35.6159539,0 -87.1784473,35.6159654,0 -87.176384,35.6159913,0 -87.1755213,35.6159674,0 -87.17482390000001,35.6159216,0 -87.1718644,35.615672,0 -87.1714016,35.615628,0 -87.1694117,35.6154389,0 -87.169302,35.6154332,0 -87.1663185,35.6151656,0 -87.1650491,35.615061,0 -87.1642587,35.6149958,0 -87.1632287,35.6149055,0 -87.1602762,35.6146375,0 -87.1586604,35.6144965,0 -87.1560862,35.6142769,0 -87.1547059,35.6141452,0 -87.1544421,35.61412,0 -87.1526089,35.6139632,0 -87.15208389999999,35.6139127,0 -87.151392,35.6138463,0 -87.15061969999999,35.6137709,0 -87.1486452,35.6135846,0 -87.1477733,35.6135024,0 -87.1474705,35.6134766,0 -87.14709360000001,35.613436,0 -87.1460331,35.613329,0 -87.1455113,35.6132897,0 -87.1451995,35.6132713,0 -87.1450006,35.6132595,0 -87.1448709,35.6132519,0 -87.1447513,35.6132448,0 -87.144295,35.6132483,0 -87.1439163,35.6132725,0 -87.1434447,35.61332,0 -87.14266689999999,35.6134335999999,0 -87.14214920000001,35.613525,0 -87.14113949999999,35.6136892,0 -87.1406472,35.613752,0 -87.14026629999999,35.6137934,0 -87.1395636,35.6138523,0 -87.13935619999999,35.6138643,0 -87.1387478,35.6138822,0 -87.1379297,35.6138665,0 -87.1374258,35.6138261,0 -87.1370343,35.6137787,0 -87.1363447,35.6136948,0 -87.1361745,35.6136741,0 -87.1354867,35.6135904,0 -87.13379070000001,35.6133591,0 -87.1335349,35.6133242,0 -87.1330066,35.613257,0 -87.1324271,35.6131832,0 -87.13035290000001,35.6129103,0 -87.1302613,35.6129009,0 -87.13004170000001,35.6128782,0 -87.12975160000001,35.6128609,0 -87.12956560000001,35.6128678,0 -87.129363,35.6128753,0 -87.1287181,35.6129674,0 -87.1281374,35.6131611,0 -87.1279174,35.6132396,0 -87.126642,35.6137678,0 -87.12649159999999,35.6138291,0 -87.1261835,35.6139442,0 -87.12595,35.614034,0 -87.124956,35.6144291,0 -87.1243125,35.6146874,0 -87.123845,35.614875,0 -87.12348919999999,35.6150192,0 -87.12293649999999,35.6152544,0 -87.12212100000001,35.6156481,0 -87.1213326,35.6160219,0 -87.1209624,35.6162007,0 -87.1201417,35.6166063,0 -87.1194658,35.6169311,0 -87.1182946,35.6173059,0 -87.1183125,35.6172283,0 -87.1182788,35.6171377,0 -87.1179427,35.6163869,0 -87.1178949,35.6162013,0 -87.1178896,35.6160661,0 -87.1179073,35.6159007,0 -87.1179621,35.6157238,0 -87.11805769999999,35.6155339,0 -87.1182151,35.6153296,0 -87.1184346,35.6151498,0 -87.11868579999999,35.6150146,0 -87.1190132,35.6149154,0 -87.11932280000001,35.6148865999999,0 -87.1195511,35.6149456,0 -87.11971560000001,35.6150477,0 -87.11982709999999,35.61517,0 -87.1198749,35.615285,0 -87.1198979,35.6154274,0 -87.1199039,35.6156874,0 -87.1193873,35.6183277,0 -87.11917269999999,35.6192086,0 -87.118926,35.6198104,0 -87.1184432,35.6205517,0 -87.11786379999999,35.6212233,0 -87.1172737,35.6217204,0 -87.1166085,35.622139,0 -87.1136465,35.6236921,0 -87.1103214,35.6254355,0 -87.1068101,35.6273349,0 -87.105565,35.6279994,0 -87.1054664,35.6280542,0 -87.1049508,35.6283066,0 -87.10435769999999,35.6286336,0 -87.1035193,35.629074,0 -87.1029479,35.629377,0 -87.10248180000001,35.6296264,0 -87.102192,35.6297488,0 -87.1019634,35.6298363,0 -87.1015951,35.6299616,0 -87.1012638,35.6300436,0 -87.1010505,35.6300912,0 -87.1006241,35.630158,0 -87.1002266,35.6301896,0 -87.0999271,35.6301886,0 -87.0996572,35.630181,0 -87.0992196,35.6301398,0 -87.09872609999999,35.6300673,0 -87.0833123,35.6272304,0 -87.0791108,35.6265233,0 -87.0779735,35.6264274,0 -87.07668649999999,35.6264995,0 -87.075678,35.626639,0 -87.0746481,35.6269355,0 -87.07381460000001,35.6272351999999,0 -87.0707645,35.6283219,0 -87.0690803,35.6289234,0 -87.0680851,35.6292812,0 -87.06730709999999,35.6295496,0 -87.0660506,35.6300112,0 -87.0653032,35.6301856,0 -87.0648741,35.6302349000001,0 -87.0644664,35.6302379,0 -87.0636188,35.6301621,0 -87.06250679999999,35.6299148000001,0 -87.06149569999999,35.6297597,0 -87.06108879999999,35.6297581,0 -87.0606004,35.6297862,0 -87.06027690000001,35.6298114,0 -87.059836,35.6299286,0 -87.0593367,35.6300987,0 -87.0587613,35.6303606,0 -87.0580667,35.630676,0 -87.054237,35.6326966,0 -87.0509308,35.6344574000001,0 -87.0505258,35.6346766,0 -87.0501398,35.634915,0 -87.0494135,35.6353711,0 -87.0485865,35.6360042,0 -87.0472067,35.6372613,0 -87.0465202,35.6379016,0 -87.0458304,35.6384983,0 -87.04549369999999,35.638743,0 -87.0452299,35.6388871,0 -87.04501809999999,35.6389956,0 -87.0446469,35.6391503,0 -87.04426429999999,35.6392459,0 -87.0438348,35.6393126,0 -87.043513,35.6393286,0 -87.0431911,35.6393179000001,0 -87.0427315,35.6392689,0 -87.0421528,35.6391317,0 -87.04182969999999,35.6390367,0 -87.0389639,35.6378879,0 -87.0378911,35.637574,0 -87.0369898,35.6374869,0 -87.0360457,35.637452,0 -87.0342629,35.6374208,0 -87.0341313,35.6374179,0 -87.0278023,35.6372772,0 -87.0268848,35.6372373,0 -87.02585689999999,35.6371644,0 -87.02473809999999,35.6370683,0 -87.02381699999999,35.6369599,0 -87.022277,35.6367481,0 -87.02134,35.6365902,0 -87.0194375,35.6361615,0 -87.0176341,35.6357654,0 -87.0174767,35.6357104,0 -87.01720349999999,35.635645,0 -87.016873,35.6355631,0 -87.0165719,35.6354885,0 -87.01606940000001,35.6353702,0 -87.0152152,35.6351852,0 -87.0144227,35.6350202,0 -87.0137062,35.634903,0 -87.01342459999999,35.6348502,0 -87.0128989,35.6347892,0 -87.01243220000001,35.6347608,0 -87.0119146,35.6347434,0 -87.0114586,35.6347543,0 -87.0103106,35.6348371,0 -87.00947909999999,35.6349876,0 -87.00904939999999,35.6350936,0 -87.007564,35.63555,0 -87.0064938,35.6358835,0 -87.0060539,35.6359772,0 -87.0057455,35.6360252,0 -87.0052922,35.6360644,0 -87.00495960000001,35.6360928,0 -87.00461110000001,35.6361046,0 -87.00443919999999,35.6361146,0 -87.0041657,35.6361255,0 -87.0023873,35.6362236,0 -87.0021433,35.6362323,0 -86.9997185,35.6363609,0 -86.99937250000001,35.6363826999999,0 -86.9963712,35.6365331,0 -86.9954297,35.6365658,0 -86.9948503,35.6365811,0 -86.9943111,35.6365698,0 -86.9939911,35.6365464,0 -86.9934475,35.6365222,0 -86.992777,35.6364699,0 -86.992006,35.6363738,0 -86.9919,35.636364,0 -86.99123659999999,35.6362795,0 -86.9908865,35.6362349,0 -86.9898369,35.6361012,0 -86.9886796,35.6359691,0 -86.9881582,35.6359097,0 -86.9877783,35.6358778,0 -86.98747090000001,35.6358467,0 -86.9862701,35.6357888,0 -86.9854385,35.635805,0 -86.9847733,35.6358138,0 -86.9836901,35.6358725,0 -86.9833294,35.6358854,0 -86.982201,35.6359533,0 -86.9817424,35.6359794,0 -86.9815224,35.6359881,0 -86.9811282,35.6360078,0 -86.9805461,35.6360448,0 -86.97933639999999,35.6361124,0 -86.9755529,35.6363176,0 -86.9740132,35.6363965,0 -86.97391349999999,35.6363983,0 -86.9732398,35.6364263,0 -86.9726604,35.6364328,0 -86.9723386,35.6364263,0 -86.9717619,35.6364023,0 -86.97100930000001,35.6363709,0 -86.97071219999999,35.6363641,0 -86.9704009,35.6363584,0 -86.9693908,35.6363166,0 -86.9682521,35.6362695,0 -86.9671282,35.636223,0 -86.9664405,35.6361945,0 -86.9662198,35.636184,0 -86.9653326,35.6361582,0 -86.9643611,35.6361125,0 -86.96385739999999,35.6360883999999,0 -86.9635935,35.6360782,0 -86.96350390000001,35.6360755,0 -86.9631037,35.6360498000001,0 -86.963083,35.6360471,0 -86.9628087,35.6360208,0 -86.9623232,35.6359576,0 -86.9618189,35.6358486,0 -86.9615347,35.6357802,0 -86.9614727,35.635769,0 -86.961016,35.6356574,0 -86.9605536,35.6355275,0 -86.959407,35.6352077,0 -86.9590431,35.6351062,0 -86.9583453,35.6348898,0 -86.95812530000001,35.6348253,0 -86.95774,35.6347213,0 -86.9567648,35.6344366,0 -86.9551702,35.6339746,0 -86.9549409,35.633909,0 -86.9546732,35.6338324,0 -86.953785,35.633561,0 -86.9533936,35.6334512,0 -86.9533551,35.6334404,0 -86.9522327,35.6331368,0 -86.9517365,35.6330169000001,0 -86.9511437,35.6328991,0 -86.9505805,35.632801,0 -86.94993409999999,35.6327335,0 -86.94908650000001,35.632668,0 -86.9486198,35.6326528,0 -86.9460449,35.6326441,0 -86.9443229,35.6326266000001,0 -86.9427002,35.6326134999999,0 -86.93980070000001,35.6326244,0 -86.9391918,35.6326528,0 -86.9385159,35.6327313,0 -86.93813230000001,35.6327989,0 -86.9377944,35.6328686,0 -86.9370863,35.6330452,0 -86.9367215,35.6331498,0 -86.9365257,35.6332196,0 -86.9357452,35.6335183,0 -86.9353563,35.6336905,0 -86.93369269999999,35.6344754,0 -86.9333036,35.6346668,0 -86.93276280000001,35.6349329,0 -86.9327255,35.6349512,0 -86.9326034,35.6350113,0 -86.929524,35.6365261,0 -86.9291472,35.6367024999999,0 -86.92861480000001,35.6369518,0 -86.9275007,35.6372691,0 -86.927069,35.6373921,0 -86.9267411,35.637439,0 -86.92590149999999,35.6375591,0 -86.925737,35.6375719,0 -86.9255355,35.6375875,0 -86.9250703,35.6376236,0 -86.9245765,35.6376383,0 -86.9238684,35.6376144,0 -86.92039219999999,35.6374443,0 -86.9203538,35.63744,0 -86.91941319999999,35.6374312,0 -86.9188312,35.6374368,0 -86.9180399,35.6374945,0 -86.917306,35.637572,0 -86.9162831,35.6377669,0 -86.9154999,35.6379544,0 -86.91486690000001,35.6381441,0 -86.9141963,35.6383795,0 -86.9132082,35.638778,0 -86.91316980000001,35.6387945,0 -86.91298190000001,35.6388769,0 -86.9125142,35.6390819,0 -86.91058870000001,35.639925,0 -86.90917520000001,35.6405462,0 -86.90803270000001,35.6410369,0 -86.9079673,35.641066,0 -86.9077364,35.6411687,0 -86.9077269,35.6411729,0 -86.90751710000001,35.6412692,0 -86.90680999999999,35.641594,0 -86.90558110000001,35.6421222,0 -86.90504110000001,35.6422992,0 -86.9047063,35.6424058,0 -86.9042462,35.6425225,0 -86.903784,35.6426279,0 -86.903159,35.642726,0 -86.9025371,35.6428061,0 -86.9020574,35.6428491,0 -86.90100889999999,35.6429431,0 -86.9007701,35.6429625,0 -86.9001883,35.6430096,0 -86.8999651,35.6430277,0 -86.8990943,35.643111,0 -86.8988363,35.643129,0 -86.8986285,35.6431426,0 -86.8982244,35.643169,0 -86.898145,35.6431742,0 -86.8979653,35.643186,0 -86.8979087,35.6431897,0 -86.8976069,35.6432273,0 -86.89747269999999,35.6432273,0 -86.897171,35.643238,0 -86.8970501,35.6432329,0 -86.8967277,35.6432194,0 -86.89654059999999,35.6432026,0 -86.89615499999999,35.6431483,0 -86.89584259999999,35.6431,0 -86.8953277,35.642981,0 -86.89502659999999,35.6429114,0 -86.8947508,35.6428477,0 -86.89448369999999,35.6428051,0 -86.89425079999999,35.6427682,0 -86.8940288,35.6427369,0 -86.8936776,35.6427149,0 -86.8933569,35.6427178,0 -86.8931504,35.6427436,0 -86.8930232,35.6427647,0 
				</coordinates>
			</LineString>
		<atom:link rel="app" href="https://www.google.com/earth/about/versions/#earth-pro" title="Google Earth Pro 7.3.6.10201"></atom:link>
	</Placemark>
</Document>
</kml>
