<?xml version="1.0" encoding="UTF-8"?>
<kml xmlns="http://www.opengis.net/kml/2.2" xmlns:gx="http://www.google.com/kml/ext/2.2" xmlns:kml="http://www.opengis.net/kml/2.2" xmlns:atom="http://www.w3.org/2005/Atom">
<Document>
	<name>US.43.kml</name>
	<Placemark>
		<name>US.43</name>
			<LineString>
				<coordinates>
					-88.0644332,30.7326851,0 -88.0647967,30.7332453,0 -88.065163,30.733939,0 -88.065336,30.73424,0 -88.065577,30.734608,0 -88.0657588,30.7348828,0 -88.066309,30.7357146,0 -88.0666667,30.7362592,0 -88.066964,30.736712,0 -88.06748899999999,30.7375213,0 -88.06759049999999,30.7376911,0 -88.06769370000001,30.7378701000001,0 -88.0678058,30.7381225,0 -88.0678698,30.7383419,0 -88.068082,30.739227,0 -88.0683933,30.7406334,0 -88.06840800000001,30.7407,0 -88.068502,30.741127,0 -88.06854300000001,30.741308,0 -88.068702,30.742028,0 -88.06887399999999,30.742832,0 -88.069169,30.74414700000001,0 -88.06959999999999,30.745986,0 -88.069613,30.746046,0 -88.06975300000001,30.746648,0 -88.069784,30.746781,0 -88.069919,30.747364,0 -88.070043,30.7479,0 -88.07010200000001,30.748156,0 -88.070217,30.748656,0 -88.07024,30.748752,0 -88.0703055,30.7490298000001,0 -88.070364,30.749278,0 -88.07041220000001,30.74948029999999,0 -88.07044399999999,30.749614,0 -88.07054599999999,30.7500460000001,0 -88.070824,30.751146,0 -88.07094669999999,30.7516275,0 -88.070983,30.75177,0 -88.0710845,30.7520852,0 -88.07115829999999,30.7523144,0 -88.0713664,30.7529505,0 -88.071516,30.753427,0 -88.0715685,30.7535984999999,0 -88.071611,30.753737,0 -88.0717468,30.7541586,0 -88.0719433,30.7547833999999,0 -88.072041,30.755072,0 -88.072498,30.756489,0 -88.0730997,30.7583528,0 -88.073194,30.758645,0 -88.0733716,30.7593253,0 -88.073604,30.760216,0 -88.0736485,30.7603902,0 -88.0737408,30.7607518,0 -88.0738154,30.7610438,0 -88.0738607,30.7612212,0 -88.0739584,30.7615586,0 -88.0741185,30.7620586,0 -88.0741519,30.7621867,0 -88.07420759999999,30.7624001000001,0 -88.0742118,30.7624161,0 -88.074361,30.762988,0 -88.074545,30.763677,0 -88.0745732,30.7637938,0 -88.07473280000001,30.7644542,0 -88.074746,30.764509,0 -88.0749412,30.765186,0 -88.074972,30.765293,0 -88.0750044,30.7654256,0 -88.07505380000001,30.7656101,0 -88.0750987,30.7658103,0 -88.07516099999999,30.766048,0 -88.075177,30.766149,0 -88.075242,30.766568,0 -88.075273,30.7668447,0 -88.075292,30.767014,0 -88.075294,30.767138,0 -88.075299,30.76734,0 -88.075311,30.767899,0 -88.075311,30.7683650000001,0 -88.075311,30.7684575,0 -88.075311,30.768562,0 -88.075311,30.768873,0 -88.075311,30.76921,0 -88.075311,30.769475,0 -88.075311,30.769617,0 -88.0753112,30.7697384,0 -88.0753115,30.7698724,0 -88.075312,30.7701336,0 -88.075312,30.770152,0 -88.07531179999999,30.7702963,0 -88.075311,30.770821,0 -88.07530819999999,30.7710291,0 -88.0753043,30.7713221000001,0 -88.0752991,30.7717063,0 -88.07529599999999,30.771939,0 -88.075299,30.772163,0 -88.075298,30.772708,0 -88.075265,30.773019,0 -88.07525,30.773164,0 -88.075188,30.773586,0 -88.075169,30.773718,0 -88.075085,30.774029,0 -88.0749634,30.774468,0 -88.074901,30.774693,0 -88.0748205,30.7749334,0 -88.07474740000001,30.7751516,0 -88.074549,30.775744,0 -88.07442500000001,30.77612,0 -88.074275,30.776572,0 -88.07414900000001,30.776954,0 -88.07401900000001,30.77735,0 -88.073803,30.778016,0 -88.07364,30.778509,0 -88.07350409999999,30.778913,0 -88.0733962,30.7792338,0 -88.073387,30.779261,0 -88.073262,30.779634,0 -88.073178,30.77972,0 -88.073004,30.780214,0 -88.072874,30.780689,0 -88.072766,30.781121,0 -88.072717,30.781557,0 -88.072711,30.781699,0 -88.07270459999999,30.7818389,0 -88.072699,30.78199,0 -88.072686,30.78232,0 -88.072672,30.782644,0 -88.072667,30.782769,0 -88.0726502,30.7831785,0 -88.07264000000001,30.783429,0 -88.07268999999999,30.783675,0 -88.072682,30.783867,0 -88.07264600000001,30.784738,0 -88.07260100000001,30.78583,0 -88.072546,30.787268,0 -88.07250000000001,30.7882,0 -88.072458,30.789032,0 -88.072435,30.78947,0 -88.07234699999999,30.791899,0 -88.07229479999999,30.7932793,0 -88.072267,30.793892,0 -88.072264,30.794217,0 -88.07223999999999,30.794531,0 -88.072209,30.79495,0 -88.072202,30.795126,0 -88.07217799999999,30.795649,0 -88.07217300000001,30.7958823,0 -88.072164,30.796298,0 -88.07215979999999,30.7964121,0 -88.072153,30.796577,0 -88.07214399999999,30.796811,0 -88.072138,30.796982,0 -88.072126,30.797235,0 -88.072101,30.797757,0 -88.072097,30.797863,0 -88.07208,30.798409,0 -88.072051,30.799099,0 -88.0720328,30.7996818,0 -88.0720283,30.7998251,0 -88.072008,30.800473,0 -88.071984,30.801022,0 -88.071978,30.80121,0 -88.071973,30.801383,0 -88.071969,30.801539,0 -88.071966,30.801665,0 -88.07195900000001,30.801958,0 -88.071946,30.802258,0 -88.07192999999999,30.802566,0 -88.07192190000001,30.8027095,0 -88.071915,30.802831,0 -88.0719108,30.802952,0 -88.0719,30.803088,0 -88.0718964,30.8031502,0 -88.0718866,30.8033167,0 -88.071884,30.803361,0 -88.07187,30.803584,0 -88.071855,30.803842,0 -88.071843,30.804043,0 -88.0718284,30.8042481,0 -88.0718153,30.8044317,0 -88.07181079999999,30.8044947,0 -88.0718013,30.8046273,0 -88.0717971,30.8046859,0 -88.071774,30.80501,0 -88.07177059999999,30.8050804,0 -88.07176699999999,30.805153,0 -88.0717211,30.8059826,0 -88.07170859999999,30.8061654,0 -88.07168249999999,30.8066385,0 -88.07167440000001,30.8067733,0 -88.0716688,30.8068645,0 -88.0716637,30.8069499,0 -88.07164299999999,30.807292,0 -88.07164179999999,30.8073089,0 -88.07162700000001,30.807526,0 -88.071611,30.807768,0 -88.0716086,30.8078092,0 -88.07159679999999,30.8080094,0 -88.071594,30.808057,0 -88.0715613,30.8086048,0 -88.07153479999999,30.80905,0 -88.07153,30.80913,0 -88.071517,30.809334,0 -88.0715063,30.8094754,0 -88.071487,30.809729,0 -88.07148309999999,30.8097993,0 -88.07147399999999,30.809961,0 -88.071445,30.810485,0 -88.071422,30.8108500000001,0 -88.0713935,30.8113063,0 -88.0713729,30.8116364,0 -88.071341,30.812149,0 -88.07131200000001,30.812648,0 -88.071296,30.812924,0 -88.0712809,30.8131552,0 -88.07126580000001,30.8133866,0 -88.071262,30.813444,0 -88.071253,30.813567,0 -88.071242,30.813738,0 -88.071207,30.814267,0 -88.0711627,30.8149689,0 -88.071136,30.815392,0 -88.07112499999999,30.81556,0 -88.07111999999999,30.81565,0 -88.07111879999999,30.8156717,0 -88.0711,30.816014,0 -88.071085,30.816279,0 -88.0710673,30.8166017,0 -88.07105180000001,30.8168827,0 -88.071038,30.817134,0 -88.07100800000001,30.817629,0 -88.0709992,30.8178173,0 -88.070994,30.817927,0 -88.0709785,30.8181007,0 -88.070948,30.818443,0 -88.0709392,30.8186292,0 -88.070937,30.818677,0 -88.0709102,30.8190498,0 -88.0708892,30.8193413,0 -88.07086700000001,30.819649,0 -88.07084,30.819856,0 -88.0708078,30.820108,0 -88.07079400000001,30.820216,0 -88.0707604,30.8204201,0 -88.07074,30.820544,0 -88.07068700000001,30.82084499999999,0 -88.070621,30.82117999999999,0 -88.0705183,30.8216881,0 -88.07044,30.822,0 -88.070413,30.822124,0 -88.070305,30.82264,0 -88.070286,30.822743,0 -88.070261,30.822866,0 -88.0702489,30.8229189,0 -88.0701557,30.8233328,0 -88.0700453,30.8238236,0 -88.06998400000001,30.824096,0 -88.069889,30.824516,0 -88.06980799999999,30.824653,0 -88.0697713,30.8248257,0 -88.06966540000001,30.8253102,0 -88.06962,30.825509,0 -88.06952080000001,30.8259933,0 -88.0695557,30.8261376,0 -88.06949349999999,30.8264155,0 -88.06943560000001,30.826669,0 -88.069332,30.827154,0 -88.06928189999999,30.8273911,0 -88.06918899999999,30.827831,0 -88.0691296,30.828094,0 -88.0690556,30.8284221,0 -88.0690024,30.8286578,0 -88.06898030000001,30.8287555,0 -88.0689472,30.8289023,0 -88.068939,30.8289387,0 -88.0688952,30.8291326,0 -88.068882,30.829191,0 -88.0688253,30.8295014,0 -88.0687966,30.8296584,0 -88.068777,30.829766,0 -88.068765,30.8298178,0 -88.068701,30.830094,0 -88.068673,30.830255,0 -88.0686288,30.830483,0 -88.068617,30.830544,0 -88.068562,30.830774,0 -88.068522,30.830943,0 -88.0685108,30.8309927,0 -88.06836199999999,30.831651,0 -88.068291,30.831977,0 -88.06823199999999,30.832261,0 -88.06820500000001,30.83238,0 -88.06814900000001,30.832631,0 -88.06811500000001,30.832784,0 -88.06806899999999,30.83299,0 -88.06804200000001,30.83311,0 -88.067998,30.833245,0 -88.0679196,30.8334882,0 -88.06778,30.833832,0 -88.067611,30.834205,0 -88.0675179,30.8343959,0 -88.0674052,30.8344852,0 -88.0671004,30.8349702,0 -88.0668491,30.8353084,0 -88.066537,30.8357017,0 -88.06608559999999,30.8362512,0 -88.0658956,30.8364725,0 -88.0654112,30.8370637,0 -88.06486049999999,30.8377187,0 -88.06480569999999,30.8378659,0 -88.0647371,30.8379469,0 -88.064475,30.8382741,0 -88.06422600000001,30.838608,0 -88.0639434,30.8390034,0 -88.063789,30.8392409,0 -88.0635983,30.8395341,0 -88.0635025,30.8396949,0 -88.063406,30.8398567,0 -88.0632878,30.8400521,0 -88.0631334,30.8402074,0 -88.06303800000001,30.840375,0 -88.0628346,30.8407541,0 -88.062511,30.841396,0 -88.062066,30.84227,0 -88.0617737,30.8428796,0 -88.06141700000001,30.8435530000001,0 -88.0612173,30.8439748,0 -88.06023020000001,30.8459577,0 -88.0596894,30.8470404,0 -88.05943069999999,30.8475545,0 -88.05899340000001,30.8484236,0 -88.058712,30.848982,0 -88.058606,30.849207,0 -88.05838540000001,30.8496315,0 -88.057957,30.850492,0 -88.05744799999999,30.851496,0 -88.05723,30.85194,0 -88.05655400000001,30.853308,0 -88.05607120000001,30.8542532,0 -88.055634,30.855119,0 -88.05473600000001,30.856925,0 -88.054046,30.858304,0 -88.0534526,30.8594876,0 -88.053298,30.8597958,0 -88.052592,30.861204,0 -88.05234059999999,30.8617189,0 -88.052087,30.86219999999989,0 -88.0519334,30.862503,0 -88.05172829999999,30.8628704,0 -88.05156580000001,30.8631465,0 -88.05138940000001,30.8634239,0 -88.051326,30.863518,0 -88.0510764,30.8638893,0 -88.05088979999999,30.8641486,0 -88.0506553,30.8644746,0 -88.05038070000001,30.8648563,0 -88.05021499999999,30.865097,0 -88.049663,30.865846,0 -88.04941700000001,30.86618899999999,0 -88.04901700000001,30.866747,0 -88.048073,30.86803099999999,0 -88.046691,30.869972,0 -88.04589540000001,30.87108,0 -88.0452571,30.8719625,0 -88.0449387,30.8724124,0 -88.04467510000001,30.8728011,0 -88.04451829999999,30.8730731,0 -88.0444341,30.873237,0 -88.0443496,30.8734574,0 -88.04428059999999,30.8736513,0 -88.04422049999999,30.8738715,0 -88.044178,30.8740765,0 -88.0441462,30.8743083,0 -88.04412790000001,30.8745199,0 -88.04412670000001,30.8748256,0 -88.0441414,30.8750484,0 -88.0441926,30.8754479,0 -88.044349,30.876572,0 -88.04435599999999,30.876623,0 -88.0443581,30.8768726,0 -88.04434689999999,30.8771004,0 -88.0443176,30.8773333,0 -88.0442831,30.8775145,0 -88.04424349999999,30.8776743,0 -88.04414180000001,30.8779901,0 -88.0440255,30.87826889999999,0 -88.0438048,30.8786706,0 -88.04364459999999,30.8789139,0 -88.04350839999999,30.879081,0 -88.043195,30.879448,0 -88.0424191,30.8804124,0 -88.04229580000001,30.8805833,0 -88.0421381,30.8808687,0 -88.042058,30.881027,0 -88.04194339999999,30.8813687,0 -88.041876,30.881598,0 -88.041792,30.881975,0 -88.0417164,30.8823365,0 -88.04154250000001,30.8831629,0 -88.0411404,30.8850661,0 -88.04106400000001,30.885428,0 -88.0405075,30.8881156,0 -88.03979200000001,30.891512,0 -88.0396075,30.8924351,0 -88.039525,30.892866,0 -88.039097,30.894883,0 -88.039019,30.8952505,0 -88.038951,30.895571,0 -88.03863320000001,30.8970833,0 -88.03843500000001,30.897994,0 -88.03796699999999,30.9003,0 -88.03768100000001,30.9016455000001,0 -88.037561,30.902287,0 -88.03735399999999,30.9032053,0 -88.0372718,30.9036085,0 -88.0371986,30.9039565,0 -88.0368879,30.9054301,0 -88.03674359999999,30.9061229,0 -88.0365163,30.9072193,0 -88.03589700000001,30.9102128,0 -88.0357152,30.9110468,0 -88.0354383,30.9123689,0 -88.0353265,30.9128352,0 -88.0351458,30.9134619,0 -88.03498980000001,30.9139264,0 -88.03479900000001,30.9144531,0 -88.034299,30.9155884,0 -88.0331424,30.9181304,0 -88.0328301,30.9188168,0 -88.03192869999999,30.920798,0 -88.0314678,30.9218206,0 -88.0309026,30.923058,0 -88.0302456,30.9245034,0 -88.02996330000001,30.9251155,0 -88.0293987,30.926332,0 -88.0284959,30.9283471,0 -88.02802,30.9293912000001,0 -88.0276513,30.9301964,0 -88.02739699999999,30.930775,0 -88.027035,30.931539,0 -88.026869,30.9319091,0 -88.0262767,30.9332295,0 -88.02595220000001,30.9339535,0 -88.025193,30.935612,0 -88.0249185,30.9362143,0 -88.02451619999999,30.9370973,0 -88.0241992,30.9377974,0 -88.0239605,30.9383217,0 -88.0237545,30.9387767,0 -88.02360229999999,30.9391696,0 -88.0234998,30.9394934,0 -88.02341319999999,30.9399066,0 -88.0233661,30.9402952,0 -88.0233526,30.9407596,0 -88.0233913,30.94123039999999,0 -88.0234569,30.941627,0 -88.0235216,30.941932,0 -88.02370879999999,30.9427004,0 -88.0240165,30.9439372,0 -88.0241755,30.9445824,0 -88.0246946,30.9466658,0 -88.0253239,30.9492047000001,0 -88.0256486,30.9505106,0 -88.0262312,30.9528353,0 -88.02657290000001,30.9542287,0 -88.02683879999999,30.9553646,0 -88.02690149999999,30.9557375,0 -88.026954,30.9561971,0 -88.0269752,30.95656200000001,0 -88.0269869,30.957441,0 -88.0269869,30.9574479,0 -88.0269837,30.9581227,0 -88.02697860000001,30.9591967,0 -88.02696880000001,30.9609735,0 -88.0269555,30.9631397,0 -88.0269447,30.9657395,0 -88.02694270000001,30.967999,0 -88.0269382,30.968439,0 -88.0269239,30.97065690000001,0 -88.02691590000001,30.9720763,0 -88.02691950000001,30.9726173,0 -88.0269184,30.9731768,0 -88.026916,30.9745958,0 -88.0269085,30.9761348,0 -88.02690990000001,30.976393,0 -88.0268956,30.9776658,0 -88.0268872,30.9784977999999,0 -88.0268817,30.979675,0 -88.02686730000001,30.9814044,0 -88.0268525,30.9822083,0 -88.02683399999999,30.9826508,0 -88.0267999,30.9830677,0 -88.0267216,30.9837008,0 -88.02656399999999,30.9846856,0 -88.02646799999999,30.985242,0 -88.02611949999999,30.9872924,0 -88.0258939,30.9887402,0 -88.0257129,30.9901663,0 -88.0255222,30.9922423,0 -88.0254395,30.9933826,0 -88.0254199,30.9937034,0 -88.025369,30.9949134,0 -88.0253664,30.9951382,0 -88.02535880000001,30.9958014,0 -88.0253608,30.9964114,0 -88.02536139999999,30.99673050000001,0 -88.0253996,30.997905,0 -88.02543900000001,30.99860169999999,0 -88.02553399999999,30.999848,0 -88.02558999999999,31.000547,0 -88.02568599999999,31.001485,0 -88.0257218,31.0017739,0 -88.0257637,31.0022069,0 -88.02582630000001,31.0028293,0 -88.02585310000001,31.0034994,0 -88.0258549,31.003884,0 -88.0258391,31.0042394,0 -88.02581739999999,31.0045471,0 -88.0257677,31.0049706,0 -88.025735,31.005216,0 -88.0255125,31.0064197,0 -88.0253767,31.0069969,0 -88.024908,31.008923,0 -88.0247981,31.009464,0 -88.02474479999999,31.0097267,0 -88.0246571,31.0101973,0 -88.0245558,31.0107907,0 -88.0243783,31.012039,0 -88.0242757,31.0128768,0 -88.024231,31.0134219,0 -88.0242143,31.0138839,0 -88.0241836,31.0156474,0 -88.0241711,31.0213075,0 -88.0241406,31.02353069999999,0 -88.0241034,31.0262019,0 -88.0240266,31.0290751,0 -88.0240269,31.0297523,0 -88.02402480000001,31.0309354,0 -88.02400230000001,31.0322623,0 -88.024001,31.032759,0 -88.024001,31.032804,0 -88.024005,31.03384,0 -88.02399800000001,31.034249,0 -88.023984,31.035093,0 -88.02395,31.035778,0 -88.0239169,31.0373707,0 -88.02395,31.03837,0 -88.02399200000001,31.038912,0 -88.02404900000001,31.039909,0 -88.024073,31.04027,0 -88.024091,31.040529,0 -88.024118,31.041254,0 -88.024159,31.042364,0 -88.02417699999999,31.043734,0 -88.0241808,31.044187,0 -88.024198,31.046234,0 -88.024196,31.047169,0 -88.02419860000001,31.0474684,0 -88.024204,31.048081,0 -88.024209,31.04863,0 -88.0242123,31.0490266,0 -88.024221,31.0500509999999,0 -88.024224,31.050393,0 -88.02422300000001,31.051992,0 -88.02422,31.052596,0 -88.0242303,31.053992,0 -88.024235,31.054627,0 -88.02423469999999,31.0548725,0 -88.0242341,31.05542760000001,0 -88.024233,31.056435,0 -88.02423570000001,31.0570781,0 -88.0242375,31.057495,0 -88.0242464,31.0578273,0 -88.0242483,31.0580504,0 -88.0242604,31.058258,0 -88.02427040000001,31.05846,0 -88.02433910000001,31.0592607,0 -88.02439409999999,31.0596593,0 -88.02452820000001,31.060502,0 -88.0245943,31.06087339999999,0 -88.0247196,31.0615777,0 -88.0247679,31.061906,0 -88.02479169999999,31.0620325,0 -88.024843,31.062306,0 -88.024873,31.062466,0 -88.0249405,31.062777,0 -88.024991,31.06301,0 -88.02514530000001,31.0638007,0 -88.0252052,31.064108,0 -88.0252916,31.0646017,0 -88.02535,31.064907,0 -88.02543,31.065522,0 -88.025446,31.065644,0 -88.025463,31.065772,0 -88.025532,31.066475,0 -88.025565,31.066812,0 -88.0255731,31.0669768,0 -88.02557590000001,31.0670348,0 -88.0255774,31.0673535,0 -88.0255779,31.0674583,0 -88.02555769999999,31.067951,0 -88.02553760000001,31.0683141,0 -88.0255279,31.0684281,0 -88.02548710000001,31.0689088,0 -88.0253943,31.0695502,0 -88.02528119999999,31.0701622,0 -88.0251621,31.0706584,0 -88.025035,31.0711441,0 -88.024815,31.0718166,0 -88.0246212,31.0723318,0 -88.0234122,31.075466,0 -88.02301660000001,31.0765326,0 -88.0227926,31.0771134,0 -88.02261900000001,31.0775525,0 -88.02239299999999,31.0781437,0 -88.0220054,31.0791117,0 -88.02175920000001,31.0796251,0 -88.021632,31.0798741,0 -88.02145040000001,31.0801973,0 -88.021299,31.080467,0 -88.02105280000001,31.08090079999999,0 -88.0209519,31.081072,0 -88.02054010000001,31.0818049,0 -88.0202737,31.0823062,0 -88.0199185,31.0829579,0 -88.019301,31.084095,0 -88.01900670000001,31.0846327,0 -88.01880079999999,31.085023,0 -88.01838100000001,31.085866,0 -88.0180522,31.086481,0 -88.01745200000001,31.087592,0 -88.01742299999999,31.08764800000001,0 -88.01733160000001,31.08782160000001,0 -88.016341,31.089703,0 -88.01584200000001,31.090653,0 -88.015563,31.091192,0 -88.015282,31.091714,0 -88.014903,31.092417,0 -88.01439999999999,31.093382,0 -88.013904,31.094306,0 -88.013441,31.095146,0 -88.013182,31.09566,0 -88.012925,31.09617,0 -88.01276540000001,31.0964622,0 -88.012612,31.0967430000001,0 -88.011681,31.09851,0 -88.011211,31.099347,0 -88.010682,31.100443,0 -88.01056800000001,31.10071,0 -88.010418,31.101065,0 -88.01020200000001,31.10164,0 -88.00991999999999,31.102588,0 -88.00981400000001,31.102971,0 -88.00970100000001,31.103449,0 -88.00963,31.103933,0 -88.009593,31.104271,0 -88.009556,31.104602,0 -88.009478,31.105309,0 -88.0094806,31.1058113,0 -88.00948649999999,31.1069724,0 -88.009484,31.10782,0 -88.009488,31.108256,0 -88.0094941,31.1089616,0 -88.00950400000001,31.110111,0 -88.0095402,31.114307,0 -88.009547,31.115094,0 -88.00956119999999,31.1156809,0 -88.00958079999999,31.11648690000001,0 -88.0095848,31.1169615,0 -88.0095906,31.1176556,0 -88.009607,31.1186772,0 -88.0096132,31.1200541,0 -88.0096283,31.1213245,0 -88.0096312,31.1216904,0 -88.0096423,31.1231741,0 -88.0096513,31.1237983,0 -88.0096552,31.1245142,0 -88.00966150000001,31.1256806,0 -88.00967129999999,31.1274775,0 -88.0096995,31.1299512,0 -88.009688,31.13175,0 -88.0097233,31.1330795,0 -88.0097506,31.1361773,0 -88.0098095,31.1428886,0 -88.009817,31.14407839999989,0 -88.00984769999999,31.1477759,0 -88.0098575,31.149492,0 -88.0098584,31.1501571,0 -88.0098641,31.1511079,0 -88.0098651,31.1512756,0 -88.00987720000001,31.1522755,0 -88.0098898,31.1534475,0 -88.0098965,31.1540734,0 -88.0099041,31.1548211,0 -88.00990899999999,31.155057,0 -88.0099136,31.1553191,0 -88.0099355,31.1556655,0 -88.010008,31.1564311,0 -88.01003489999999,31.1566976,0 -88.01007199999999,31.156994,0 -88.01013399999999,31.15740600000001,0 -88.01018999999999,31.15772,0 -88.0102976,31.1582629,0 -88.01036499999999,31.1585936,0 -88.0105095,31.1593518,0 -88.0106579,31.1601333,0 -88.0108974,31.1613561,0 -88.01123800000001,31.163239,0 -88.011526,31.164746,0 -88.011658,31.165458,0 -88.011741,31.165852,0 -88.01185649999999,31.1664496,0 -88.0120412,31.1674051,0 -88.01214640000001,31.1679489,0 -88.012297,31.168728,0 -88.01235200000001,31.16899,0 -88.012365,31.169065,0 -88.012458,31.169591,0 -88.01256050000001,31.1701279,0 -88.012682,31.170764,0 -88.012738,31.1709889999999,0 -88.01278000000001,31.171242,0 -88.012852,31.171592,0 -88.012934,31.172125,0 -88.013008,31.172707,0 -88.01306599999999,31.173317,0 -88.01310700000001,31.173914,0 -88.013121,31.17453,0 -88.01311099999999,31.175363,0 -88.013097,31.175644,0 -88.01309120000001,31.1757301,0 -88.01305499999999,31.176263,0 -88.01301599999999,31.176681,0 -88.01294900000001,31.177202,0 -88.012935,31.177311,0 -88.012843,31.177955,0 -88.012632,31.179213,0 -88.012444,31.180366,0 -88.012327,31.181083,0 -88.012117,31.182329,0 -88.01202000000001,31.18295,0 -88.01179,31.184336,0 -88.01175000000001,31.184599,0 -88.011656,31.185172,0 -88.011562,31.185795,0 -88.0112505,31.1877106,0 -88.01119389999999,31.1880439,0 -88.010926,31.189592,0 -88.0106803,31.1911252,0 -88.01056699999999,31.191899,0 -88.01054499999999,31.192107,0 -88.01052900000001,31.192319,0 -88.010537,31.192738,0 -88.01056199999999,31.193403,0 -88.010588,31.193728,0 -88.01062,31.193971,0 -88.010677,31.1942559999999,0 -88.01078,31.194673,0 -88.010863,31.194951,0 -88.010959,31.195221,0 -88.01106799999999,31.195492,0 -88.01125,31.195886,0 -88.011516,31.196418,0 -88.011726,31.196807,0 -88.01287499999999,31.199013,0 -88.01293440000001,31.1991291,0 -88.013701,31.200627,0 -88.01389399999999,31.201019,0 -88.0141514,31.2016135,0 -88.01456520000001,31.2025995,0 -88.0148698,31.2033857,0 -88.0155032,31.205066,0 -88.0162344,31.2070272,0 -88.016672,31.208194,0 -88.016813,31.208651,0 -88.016993,31.209235,0 -88.01700719999999,31.209288,0 -88.017162,31.209865,0 -88.017323,31.210531,0 -88.01743500000001,31.211025,0 -88.01763800000001,31.212053,0 -88.01792399999999,31.213652,0 -88.01798100000001,31.214009,0 -88.01823109999999,31.2154025,0 -88.01833999999999,31.216009,0 -88.0183478,31.2160531,0 -88.018444,31.216598,0 -88.018743,31.218301,0 -88.01879099999999,31.21862,0 -88.018852,31.218901,0 -88.01896499999999,31.219513,0 -88.019065,31.220129,0 -88.019099,31.220377,0 -88.01919100000001,31.220913,0 -88.019195,31.220973,0 -88.019215,31.221052,0 -88.019417,31.2221879999999,0 -88.019423,31.222221,0 -88.01943799999999,31.222347,0 -88.01951099999999,31.22277800000001,0 -88.019537,31.222855,0 -88.01954550000001,31.222903,0 -88.019645,31.223465,0 -88.019649,31.22352,0 -88.01968100000001,31.223667,0 -88.02003499999999,31.225687,0 -88.0200566,31.2258074,0 -88.020191,31.226555,0 -88.020248,31.226895,0 -88.0205,31.228296,0 -88.02053100000001,31.228475,0 -88.020629,31.2290450000001,0 -88.020869,31.230448,0 -88.020929,31.230797,0 -88.020979,31.23106,0 -88.021028,31.231388,0 -88.021079,31.231792,0 -88.021128,31.2321289999999,0 -88.02122,31.233066,0 -88.0213602,31.2349641,0 -88.0214512,31.2361988,0 -88.02154899999999,31.237293,0 -88.02165599999999,31.238773,0 -88.021889,31.24173,0 -88.0219,31.242,0 -88.02199,31.243197,0 -88.02202800000001,31.243548,0 -88.022109,31.24421,0 -88.02219599999999,31.244738,0 -88.022245,31.24504900000001,0 -88.02228100000001,31.24516,0 -88.022437,31.245779,0 -88.02258,31.24624,0 -88.022739,31.24672,0 -88.02289399999999,31.247126,0 -88.02309200000001,31.247596,0 -88.023246,31.247925,0 -88.023394,31.248226,0 -88.023545,31.24844300000001,0 -88.02370000000001,31.248721,0 -88.023762,31.248833,0 -88.02385700000001,31.249027,0 -88.024157,31.249605,0 -88.02428399999999,31.249869,0 -88.02439099999999,31.250073,0 -88.024474,31.250231,0 -88.02463,31.250547,0 -88.02487499999999,31.251114,0 -88.02499,31.251301,0 -88.025077,31.25146,0 -88.025233,31.251719,0 -88.02578080000001,31.2527924,0 -88.025902,31.25303,0 -88.026217,31.253646,0 -88.02646,31.254123,0 -88.02662100000001,31.254448,0 -88.026686,31.254607,0 -88.026718,31.254666,0 -88.026809,31.254837,0 -88.026889,31.254963,0 -88.02698599999999,31.255163,0 -88.0273689,31.2559057,0 -88.027418,31.256001,0 -88.02804,31.257223,0 -88.028603,31.2583139999999,0 -88.02880500000001,31.258695,0 -88.029031,31.25909100000001,0 -88.029307,31.259645,0 -88.02939000000001,31.259843,0 -88.02959,31.260294,0 -88.029929,31.260862,0 -88.030128,31.261224,0 -88.03028999999999,31.261548,0 -88.030399,31.261798,0 -88.03058799999999,31.262162,0 -88.03086,31.262779,0 -88.03105499999999,31.263289,0 -88.031149,31.263561,0 -88.03129199999999,31.264062,0 -88.031317,31.26415,0 -88.03137700000001,31.264414,0 -88.03155,31.265355,0 -88.031617,31.26597599999999,0 -88.03163499999999,31.266385,0 -88.031633,31.266557,0 -88.03163499999999,31.266631,0 -88.031637,31.266773,0 -88.031631,31.26706799999999,0 -88.031606,31.267535,0 -88.031515,31.268529,0 -88.03148400000001,31.268718,0 -88.031429,31.269054,0 -88.03139299999999,31.269359,0 -88.031182,31.271131,0 -88.03116799999999,31.271281,0 -88.031122,31.271743,0 -88.031049,31.27249,0 -88.030849,31.274211,0 -88.0308345,31.2743675,0 -88.030781,31.274824,0 -88.030749,31.27529,0 -88.030738,31.275909,0 -88.030733,31.276224,0 -88.03073449999999,31.2763978,0 -88.03074100000001,31.277134,0 -88.030782,31.27748,0 -88.030849,31.278048,0 -88.03091000000001,31.278598,0 -88.030951,31.278966,0 -88.031092,31.280342,0 -88.0312471,31.2818224,0 -88.0313043,31.2823692,0 -88.03133769999999,31.2826876,0 -88.031375,31.283015,0 -88.03144899999999,31.283595,0 -88.031465,31.283699,0 -88.031485,31.283835,0 -88.031555,31.28444,0 -88.031584,31.28486,0 -88.031554,31.285069,0 -88.03162,31.286014,0 -88.03164750000001,31.2865214,0 -88.031672,31.286975,0 -88.031711,31.287914,0 -88.03173099999999,31.289319,0 -88.031723,31.290747,0 -88.031721,31.292197,0 -88.031719,31.293919,0 -88.031718,31.294694,0 -88.03171500000001,31.296843,0 -88.031701,31.301584,0 -88.031696,31.301845,0 -88.031696,31.301886,0 -88.031699,31.302189,0 -88.031688,31.310144,0 -88.03168700000001,31.310768,0 -88.03168599999999,31.311842,0 -88.031685,31.312134,0 -88.031673,31.317399,0 -88.031672,31.317856,0 -88.031662,31.319266,0 -88.03166400000001,31.320658,0 -88.031655,31.324085,0 -88.031656,31.324164,0 -88.03165799999999,31.324297,0 -88.031655,31.326585,0 -88.03165300000001,31.32744,0 -88.03165300000001,31.327751,0 -88.03164099999999,31.330998,0 -88.031639,31.331639,0 -88.03160800000001,31.333064,0 -88.031567,31.334483,0 -88.031561,31.334846,0 -88.03148400000001,31.337624,0 -88.031474,31.338,0 -88.031453,31.338908,0 -88.03142699999999,31.340045,0 -88.031401,31.340983,0 -88.03139299999999,31.341495,0 -88.03138199999999,31.341831,0 -88.031378,31.342107,0 -88.031392,31.342905,0 -88.031434,31.343808,0 -88.03167500000001,31.347889,0 -88.032004,31.353669,0 -88.0323866,31.360274,0 -88.0324093,31.3606652,0 -88.03252999999999,31.3627490000001,0 -88.032538,31.363207,0 -88.032566,31.363676,0 -88.032636,31.36497900000001,0 -88.032707,31.366166,0 -88.032725,31.36651,0 -88.03278,31.367352,0 -88.03281800000001,31.367849,0 -88.03289599999999,31.368622,0 -88.032926,31.36883600000001,0 -88.032949,31.368977,0 -88.033053,31.369615,0 -88.03323399999999,31.370541,0 -88.033451,31.371499,0 -88.03357200000001,31.371958,0 -88.033721,31.372462,0 -88.033908,31.373089,0 -88.0340001,31.3733513,0 -88.034222,31.374142,0 -88.03439299999999,31.374701,0 -88.03461799999999,31.375436,0 -88.0350136,31.3767755,0 -88.035312,31.377701,0 -88.0363291,31.3810703,0 -88.036556,31.381822,0 -88.03679700000001,31.382619,0 -88.037537,31.385056,0 -88.037829,31.386031,0 -88.038084,31.387011,0 -88.03828300000001,31.388003,0 -88.038428,31.38898,0 -88.03852500000001,31.38994,0 -88.0385654,31.3908371,0 -88.03857000000001,31.390939,0 -88.038567,31.391936,0 -88.03855299999999,31.392188,0 -88.038512,31.392896,0 -88.03841199999999,31.393851,0 -88.038253,31.394828,0 -88.038094,31.395588,0 -88.038044,31.395825,0 -88.037784,31.396801,0 -88.03747300000001,31.397768,0 -88.037115,31.398716,0 -88.036339,31.400594,0 -88.036113,31.401137,0 -88.035754,31.401997,0 -88.035163,31.403396,0 -88.034004,31.406212,0 -88.032242,31.410448,0 -88.03197299999999,31.411075,0 -88.0304407,31.4147756,0 -88.0299804,31.4158979,0 -88.029039,31.418118,0 -88.02892180000001,31.4184313,0 -88.0284377,31.41959080000001,0 -88.027788,31.421136,0 -88.02717699999999,31.422571,0 -88.02692399999999,31.423277,0 -88.026785,31.423857,0 -88.026735,31.424037,0 -88.026627,31.42446,0 -88.02653100000001,31.424896,0 -88.02637900000001,31.425785,0 -88.026286,31.4267,0 -88.02625,31.427648,0 -88.026292,31.4286,0 -88.026383,31.429455,0 -88.026392,31.429539,0 -88.026582,31.4305389999999,0 -88.026813,31.431489,0 -88.02731,31.433317,0 -88.02807799999999,31.436111,0 -88.0281513,31.4363803,0 -88.02827499999999,31.436835,0 -88.0283359,31.4370933,0 -88.0284363,31.4375193,0 -88.028468,31.437654,0 -88.0285124,31.4378167,0 -88.028997,31.439594,0 -88.02927200000001,31.440591,0 -88.029394,31.441044,0 -88.029867,31.44276899999999,0 -88.03000400000001,31.4433,0 -88.03005,31.443499,0 -88.030376,31.444661,0 -88.030942,31.446721,0 -88.031116,31.4473750000001,0 -88.031216,31.447698,0 -88.031475,31.44865100000001,0 -88.03182200000001,31.449931,0 -88.032205,31.451314,0 -88.032332,31.451811,0 -88.032393,31.452013,0 -88.03267200000001,31.453035,0 -88.032831,31.453632,0 -88.032909,31.453901,0 -88.032985,31.454155,0 -88.03359399999999,31.456394,0 -88.03368,31.456725,0 -88.033753,31.4570569999999,0 -88.03380799999999,31.457391,0 -88.03385,31.45772699999999,0 -88.03387600000001,31.458053,0 -88.03389300000001,31.458394,0 -88.033872,31.459059,0 -88.033844,31.459385,0 -88.033817,31.459585,0 -88.033799,31.45972,0 -88.03373499999999,31.460077,0 -88.03365700000001,31.460421,0 -88.03355999999999,31.46077,0 -88.033464,31.461072,0 -88.03345,31.461115,0 -88.03332399999999,31.461456,0 -88.03330200000001,31.461507,0 -88.033181,31.46179,0 -88.033022,31.462118,0 -88.032853,31.46244,0 -88.032668,31.462753,0 -88.032472,31.463061,0 -88.032162,31.463493,0 -88.032049,31.463647,0 -88.031565,31.464195,0 -88.0313632,31.4644143,0 -88.03093200000001,31.464883,0 -88.030141,31.4657435,0 -88.02934999999999,31.466604,0 -88.029172,31.466804,0 -88.028961,31.467025,0 -88.028857,31.467134,0 -88.028542,31.467481,0 -88.028223,31.467833,0 -88.02739,31.46874,0 -88.026645,31.469534,0 -88.026265,31.469917,0 -88.02586599999999,31.470292,0 -88.025595,31.470532,0 -88.025317,31.470767,0 -88.025035,31.470996,0 -88.02475,31.471217,0 -88.02446,31.471433,0 -88.022379,31.472896,0 -88.0215163,31.4734981,0 -88.018708,31.475458,0 -88.01679900000001,31.47679,0 -88.016311,31.47713,0 -88.014634,31.4783,0 -88.01405699999999,31.4787,0 -88.0135348,31.4790623,0 -88.013443,31.479126,0 -88.011656,31.480378,0 -88.010644,31.481083,0 -88.0093248,31.4820027,0 -88.00633999999999,31.4840835,0 -88.004516,31.48535499999999,0 -88.003925,31.485772,0 -88.00362199999999,31.485975,0 -88.003316,31.486187,0 -88.00273199999999,31.486599,0 -88.002146,31.487021,0 -88.001856,31.487239,0 -88.001392,31.487609,0 -88.00072900000001,31.488151,0 -88.00045299999999,31.488386,0 -87.999911,31.488868,0 -87.999607,31.489148,0 -87.99912399999999,31.489612,0 -87.996797,31.491895,0 -87.996003,31.492644,0 -87.99550499999999,31.493125,0 -87.99393600000001,31.494657,0 -87.993675,31.494907,0 -87.993408,31.495153,0 -87.993132,31.495392,0 -87.992848,31.495624,0 -87.992559,31.495847,0 -87.992267,31.496061,0 -87.9921571,31.4961372,0 -87.991967,31.496269,0 -87.99166200000001,31.496471,0 -87.991356,31.496664,0 -87.991043,31.496853,0 -87.990725,31.497029,0 -87.99039999999999,31.497198,0 -87.990078,31.497359,0 -87.98974800000001,31.497514,0 -87.989417,31.497661,0 -87.988747,31.497938,0 -87.9881987,31.4981295,0 -87.987694,31.498281,0 -87.987347,31.498386,0 -87.986992,31.498475,0 -87.986643,31.498568,0 -87.986287,31.498639,0 -87.985934,31.498716,0 -87.98485700000001,31.498875,0 -87.98334,31.499056,0 -87.983036,31.49909,0 -87.98267300000001,31.499124,0 -87.98086000000001,31.499329,0 -87.980137,31.499421,0 -87.9792624,31.4995219999999,0 -87.977997,31.499668,0 -87.977599,31.499714,0 -87.977244,31.499755,0 -87.975797,31.499913,0 -87.974357,31.50008,0 -87.973465,31.500188,0 -87.972945,31.50024,0 -87.972082,31.500342,0 -87.971692,31.500388,0 -87.97038999999999,31.500549,0 -87.970099,31.5005950000001,0 -87.969872,31.50063,0 -87.9697389,31.50065439999999,0 -87.96931499999999,31.500732,0 -87.96896,31.500806,0 -87.968251,31.500972,0 -87.967896,31.50106,0 -87.967203,31.501268,0 -87.966855,31.501379,0 -87.96651199999999,31.501495,0 -87.96583,31.501749,0 -87.965492,31.501882,0 -87.9650743,31.5020667,0 -87.964825,31.502177,0 -87.96449699999999,31.502333,0 -87.964169,31.502495,0 -87.963846,31.50266,0 -87.963526,31.502831,0 -87.96311300000001,31.503065,0 -87.9630535,31.5031001,0 -87.962862,31.503213,0 -87.962552,31.503406,0 -87.96224599999999,31.503604,0 -87.9620974,31.5037069,0 -87.961647,31.504019,0 -87.96134600000001,31.504222,0 -87.960947,31.504498,0 -87.96015800000001,31.50505,0 -87.9599,31.505239,0 -87.959278,31.505703,0 -87.958054,31.506562,0 -87.95659499999999,31.507587,0 -87.954655,31.50894,0 -87.954322,31.509172,0 -87.95377999999999,31.509569,0 -87.953734,31.5096,0 -87.953626,31.509671,0 -87.95349,31.509769,0 -87.95294699999999,31.510186,0 -87.951452,31.511229,0 -87.95115300000001,31.511432,0 -87.94911999999999,31.512861,0 -87.948205,31.513503,0 -87.9407904,31.5186886,0 -87.9328579,31.5242462,0 -87.93207099999999,31.524793,0 -87.931618,31.525066,0 -87.931164,31.525319,0 -87.930786,31.525511,0 -87.930325,31.525718,0 -87.929695,31.525961,0 -87.929507,31.5260249999999,0 -87.92912699999999,31.526144,0 -87.928383,31.526339,0 -87.92787800000001,31.526442,0 -87.92759100000001,31.526484,0 -87.927364,31.526525,0 -87.92706099999999,31.5265535,0 -87.926935,31.5265750000001,0 -87.926492,31.526608,0 -87.926062,31.52663,0 -87.925532,31.526633,0 -87.925178,31.526623,0 -87.924643,31.526586,0 -87.922702,31.526375,0 -87.922175,31.526329,0 -87.921238,31.526227,0 -87.9129599,31.5253225,0 -87.91288,31.525315,0 -87.91251010000001,31.525288,0 -87.912071,31.525256,0 -87.91134599999999,31.525239,0 -87.910534,31.52525,0 -87.909995,31.525276,0 -87.909458,31.525322,0 -87.908925,31.525383,0 -87.908131,31.525509,0 -87.907436,31.52565,0 -87.906921,31.5257709999999,0 -87.906412,31.525915,0 -87.905734,31.526129,0 -87.905119,31.5263683,0 -87.9046858,31.5265455,0 -87.90407020000001,31.5268198,0 -87.9035269,31.5270977,0 -87.9031087,31.5273187,0 -87.90263659999999,31.5275663,0 -87.901967,31.527974,0 -87.90044,31.529061,0 -87.899331,31.529851,0 -87.8985088,31.5304673,0 -87.8983642,31.5305717,0 -87.8982084,31.5306817,0 -87.89640009999999,31.531938,0 -87.8949918,31.5329468,0 -87.8946874,31.5331617,0 -87.894549,31.533264,0 -87.894515,31.5332886,0 -87.8942426,31.5334855,0 -87.891948,31.535174,0 -87.891794,31.535296,0 -87.891211,31.535716,0 -87.888581,31.537661,0 -87.88733499999999,31.538574,0 -87.887057,31.538781,0 -87.886593,31.539122,0 -87.88648120000001,31.5392219999999,0 -87.88593779999999,31.5396563,0 -87.88567,31.53986,0 -87.88552199999999,31.539982,0 -87.885361,31.540128,0 -87.88508,31.54044,0 -87.884812,31.540686,0 -87.884613,31.540854,0 -87.884103,31.541333,0 -87.88351299999999,31.541954,0 -87.882616,31.54304,0 -87.88187600000001,31.543858,0 -87.881742,31.544006,0 -87.88139,31.544368,0 -87.88042299999999,31.545551,0 -87.880259,31.545766,0 -87.879924,31.54625800000001,0 -87.879803,31.546454,0 -87.87963499999999,31.54676,0 -87.8794571,31.5471396,0 -87.87935899999999,31.547349,0 -87.87932859999999,31.5474286,0 -87.8792418,31.5476554,0 -87.879214,31.547728,0 -87.879204,31.547754,0 -87.8791665,31.54787,0 -87.87907,31.548168,0 -87.8790084,31.5484138,0 -87.878964,31.54859099999999,0 -87.8788861,31.5489739999999,0 -87.878877,31.549019,0 -87.8788162,31.54934069999999,0 -87.8787779,31.5495429,0 -87.8786848,31.5500352,0 -87.878432,31.551372,0 -87.87823849999999,31.5523018,0 -87.87823520000001,31.5523181,0 -87.878179,31.552588,0 -87.878006,31.553156,0 -87.877799,31.553721,0 -87.87771100000001,31.553946,0 -87.8775354,31.5543484,0 -87.87744480000001,31.5545562,0 -87.877235,31.555037,0 -87.8771174,31.5553234,0 -87.8769466,31.5557393,0 -87.8768826,31.5558953,0 -87.8767701,31.5561694,0 -87.8767175,31.5562976,0 -87.876627,31.556518,0 -87.87654000000001,31.5568178,0 -87.876468,31.5572293,0 -87.8764516,31.5573727,0 -87.8764469,31.5574819,0 -87.8764453,31.5575182,0 -87.8764396,31.5576583,0 -87.87644400000001,31.5578049000001,0 -87.876452,31.5579333,0 -87.8764554,31.5579884,0 -87.8764688,31.5580983,0 -87.87651750000001,31.5583768,0 -87.8765551,31.5585454,0 -87.8766246,31.5587677,0 -87.876684,31.5589317,0 -87.8767459,31.5590765,0 -87.8768702,31.5593358,0 -87.87717739999999,31.5598692,0 -87.8772247,31.5599498999999,0 -87.8773365,31.5601407,0 -87.87799699999999,31.561322,0 -87.87905499999999,31.563121,0 -87.87917299999999,31.563313,0 -87.87944,31.563746,0 -87.8796047,31.5640293,0 -87.881377,31.567078,0 -87.882077,31.568282,0 -87.882384,31.56881,0 -87.882592,31.569195,0 -87.88278,31.569587,0 -87.882807,31.569655,0 -87.882946,31.56999799999999,0 -87.883039,31.5702900000001,0 -87.883189,31.570801,0 -87.883301,31.571346,0 -87.883348,31.571626,0 -87.88338299999999,31.571911,0 -87.88340700000001,31.572346,0 -87.88341200000001,31.57279,0 -87.883385,31.573227,0 -87.883309,31.573806,0 -87.883264,31.5740491999999,0 -87.88320400000001,31.574304,0 -87.883132,31.574587,0 -87.8831,31.574692,0 -87.882998,31.575023,0 -87.8828475,31.5754217,0 -87.88283,31.5754680000001,0 -87.88267399999999,31.575836,0 -87.8825762,31.5760244,0 -87.882445,31.576277,0 -87.88240570000001,31.5763416999999,0 -87.882148,31.576766,0 -87.881979,31.576995,0 -87.881738,31.577392,0 -87.880956,31.57856,0 -87.880821,31.578752,0 -87.879807,31.580284,0 -87.879683,31.580483,0 -87.87948400000001,31.580783,0 -87.879362,31.58095,0 -87.87855500000001,31.582157,0 -87.87824000000001,31.582588,0 -87.878187,31.582675,0 -87.87813300000001,31.582764,0 -87.878006,31.582989,0 -87.87719,31.584245,0 -87.876825,31.584828,0 -87.87658500000001,31.585281,0 -87.876474,31.58548,0 -87.87626899999999,31.585791,0 -87.87608299999999,31.5861,0 -87.875882,31.586399,0 -87.87567300000001,31.586682,0 -87.87561599999999,31.586748,0 -87.87557030000001,31.5868262,0 -87.875456,31.587022,0 -87.8750982,31.5875998,0 -87.873346,31.590429,0 -87.872863,31.591305,0 -87.871883,31.59324,0 -87.8715447,31.5939231,0 -87.871202,31.594615,0 -87.87051599999999,31.595973,0 -87.87003300000001,31.596939,0 -87.86953200000001,31.5979429,0 -87.86868800000001,31.59963399999999,0 -87.86835790000001,31.6003615,0 -87.86826600000001,31.6005639999999,0 -87.868082,31.601041,0 -87.867834,31.601746,0 -87.8677002,31.6022466,0 -87.867497,31.603007,0 -87.86742599999999,31.603278,0 -87.867361,31.60357,0 -87.867121,31.604564,0 -87.867063,31.604776,0 -87.8668985,31.6053653,0 -87.866848,31.605546,0 -87.86668899999999,31.60603,0 -87.866512,31.60650800000001,0 -87.866105,31.60744,0 -87.86593000000001,31.607795,0 -87.865734,31.608174,0 -87.865298,31.6089607999999,0 -87.864265,31.610825,0 -87.864148,31.611033,0 -87.86369000000001,31.611777,0 -87.86354,31.611998,0 -87.863061,31.612659,0 -87.862973,31.61277,0 -87.8627311,31.613049,0 -87.862053,31.613831,0 -87.8615808,31.6143243,0 -87.860934,31.615,0 -87.860738,31.615214,0 -87.86011499999999,31.615855,0 -87.859391,31.616545,0 -87.858773,31.61726,0 -87.858474,31.617576,0 -87.85800399999999,31.618073,0 -87.85781,31.618264,0 -87.85774499999999,31.618345,0 -87.85728899999999,31.618816,0 -87.857101,31.619027,0 -87.855959,31.620158,0 -87.85570420000001,31.6204209,0 -87.855135,31.621008,0 -87.85420000000001,31.621982,0 -87.85395200000001,31.6222300000001,0 -87.853605,31.62254099999999,0 -87.853272,31.622812,0 -87.852906,31.623077,0 -87.85253,31.623328,0 -87.852152,31.623552,0 -87.85176800000001,31.623752,0 -87.850787,31.62424,0 -87.8507396,31.6242678,0 -87.850565,31.62437,0 -87.84779709999999,31.6256961,0 -87.846639,31.626251,0 -87.84616200000001,31.626512,0 -87.845709,31.6267889999999,0 -87.845276,31.627122,0 -87.84487,31.627469,0 -87.842039,31.63013,0 -87.841291,31.630834,0 -87.84084199999999,31.6312380000001,0 -87.84022400000001,31.631838,0 -87.839719,31.6323139,0 -87.837249,31.634641,0 -87.836516,31.635348,0 -87.835819,31.636098,0 -87.835168,31.636885,0 -87.834571,31.637714,0 -87.83386900000001,31.6387410000001,0 -87.833608,31.639067,0 -87.83309300000001,31.639654,0 -87.83273699999999,31.64,0 -87.8324521,31.6402464,0 -87.832352,31.640333,0 -87.831642,31.640846,0 -87.831525,31.640931,0 -87.83109,31.641202,0 -87.830834,31.641348,0 -87.830552,31.641522,0 -87.830474,31.64157,0 -87.82922000000001,31.642312,0 -87.828272,31.642874,0 -87.82802599999999,31.643027,0 -87.827589,31.64327,0 -87.82579749999999,31.6443331,0 -87.824933,31.644846,0 -87.823994,31.645343,0 -87.82298400000001,31.645804,0 -87.821951,31.64621,0 -87.82062070000001,31.6466325,0 -87.82036100000001,31.646715,0 -87.8192919,31.6470195,0 -87.818904,31.64713,0 -87.817707,31.647471,0 -87.817392,31.647566,0 -87.817195,31.647626,0 -87.816226,31.647952,0 -87.815642,31.648164,0 -87.815275,31.6483220000001,0 -87.815066,31.6484183,0 -87.81482800000001,31.648528,0 -87.813866,31.649006,0 -87.8131896,31.6493555,0 -87.81267,31.649624,0 -87.81124,31.650353,0 -87.808739,31.651629,0 -87.808279,31.65189,0 -87.80784800000001,31.65217699999999,0 -87.807558,31.6524,0 -87.807378,31.652538,0 -87.80732500000001,31.652586,0 -87.807008,31.652875,0 -87.806724,31.653173,0 -87.80668129999999,31.6532233,0 -87.806504,31.653432,0 -87.80645699999999,31.653487,0 -87.80621499999999,31.65382,0 -87.80578800000001,31.654457,0 -87.80441,31.656512,0 -87.80329500000001,31.658173,0 -87.8022619,31.6597111,0 -87.80137000000001,31.661039,0 -87.8003757,31.6625188,0 -87.80013700000001,31.662874,0 -87.799955,31.663146,0 -87.799216,31.664154,0 -87.799043,31.664391,0 -87.798894,31.664577,0 -87.79848800000001,31.665027,0 -87.797966,31.665565,0 -87.797557,31.666022,0 -87.79732300000001,31.666269,0 -87.795192,31.66866,0 -87.793567,31.670476,0 -87.791516,31.6727659999999,0 -87.7909665,31.6733632,0 -87.790848,31.673492,0 -87.79017109999999,31.6741927,0 -87.7901134,31.6742534,0 -87.789796,31.674562,0 -87.789637,31.674712,0 -87.78906600000001,31.675251,0 -87.787592,31.676576,0 -87.786936,31.677177,0 -87.78668999999999,31.677433,0 -87.786401,31.677717,0 -87.78604199999999,31.677997,0 -87.785821,31.678196,0 -87.78505,31.679052,0 -87.784637,31.679549,0 -87.78429800000001,31.679974,0 -87.784029,31.6803419999999,0 -87.78354899999999,31.681078,0 -87.783452,31.681237,0 -87.783058,31.68184400000001,0 -87.78257600000001,31.682617,0 -87.781817,31.683797,0 -87.7817749,31.6838579,0 -87.78160699999999,31.684101,0 -87.78141100000001,31.684416,0 -87.78124200000001,31.684753,0 -87.7812114,31.6848279,0 -87.78114600000001,31.684988,0 -87.78109600000001,31.68511,0 -87.781043,31.685287,0 -87.780973,31.685616,0 -87.78088200000001,31.686195,0 -87.7808065,31.6867486,0 -87.780821,31.686973,0 -87.78084,31.68744,0 -87.780884,31.687826,0 -87.780969,31.688252,0 -87.781142,31.6889,0 -87.781215,31.689188,0 -87.781255,31.689346,0 -87.781437,31.689965,0 -87.78143300000001,31.690131,0 -87.7818145,31.6913731,0 -87.78242400000001,31.693513,0 -87.782539,31.693954,0 -87.782582,31.6941440000001,0 -87.782639,31.694398,0 -87.782811,31.695293,0 -87.78291400000001,31.69597,0 -87.782988,31.69665,0 -87.78302100000001,31.697189,0 -87.783044,31.697556,0 -87.783055,31.698231,0 -87.783035,31.699129,0 -87.7829784,31.7003866,0 -87.782864,31.701894,0 -87.782836,31.702572,0 -87.78288379999999,31.7030135000001,0 -87.7827731,31.70455189999999,0 -87.7826666,31.706198,0 -87.7826353,31.7070087,0 -87.78260520000001,31.7075125,0 -87.7825807,31.7078317000001,0 -87.7825438,31.7081103,0 -87.78248929999999,31.7086362,0 -87.7825009,31.7091031,0 -87.7824935,31.7095279,0 -87.7824739,31.7098744,0 -87.78245389999999,31.7102453,0 -87.782318,31.712036,0 -87.782247,31.712834,0 -87.78217600000001,31.713284,0 -87.78207399999999,31.71373,0 -87.781952,31.7141439999999,0 -87.781944,31.714171,0 -87.78178200000001,31.714606,0 -87.781592,31.715031,0 -87.781375,31.715447,0 -87.780764,31.716457,0 -87.778553,31.7200430000001,0 -87.778295,31.720433,0 -87.777843,31.721076,0 -87.777781,31.721155,0 -87.777299,31.721767,0 -87.776831,31.722323,0 -87.77617100000001,31.723032,0 -87.774444,31.72474,0 -87.7738288,31.7253524,0 -87.77314699999999,31.726031,0 -87.77273700000001,31.726435,0 -87.770639,31.728503,0 -87.77035600000001,31.7287819999999,0 -87.77027699999999,31.72886,0 -87.770178,31.728965,0 -87.769966,31.729168,0 -87.769313,31.729828,0 -87.768934,31.73024,0 -87.76856050000001,31.730683,0 -87.7683803,31.7308968,0 -87.76837,31.730909,0 -87.76810829999999,31.7312545,0 -87.76798599999999,31.731416,0 -87.76783500000001,31.731634,0 -87.7676144,31.7319541,0 -87.76758,31.732004,0 -87.76716399999999,31.732674,0 -87.76682,31.733287,0 -87.76660459999999,31.7337036,0 -87.766364,31.734169,0 -87.765497,31.735846,0 -87.765311,31.7362246,0 -87.7652959,31.7362552999999,0 -87.76524000000001,31.736369,0 -87.76514589999999,31.7365941,0 -87.76499,31.736967,0 -87.76491,31.737181,0 -87.76475000000001,31.737809,0 -87.7646,31.738427,0 -87.76449100000001,31.738617,0 -87.76442,31.739095,0 -87.7643386,31.7394706,0 -87.7643198,31.7399907,0 -87.76428490000001,31.7407434,0 -87.76424470000001,31.7416057,0 -87.76424489999999,31.7418466,0 -87.7642568,31.7421519,0 -87.76426600000001,31.742354,0 -87.76423,31.743016,0 -87.76418099999999,31.743916,0 -87.764053,31.747195,0 -87.763977,31.749518,0 -87.763935,31.75052,0 -87.763857,31.75241,0 -87.76381499999999,31.753543,0 -87.763645,31.758159,0 -87.763598,31.759431,0 -87.763578,31.75973,0 -87.763544,31.760235,0 -87.763481,31.76096,0 -87.763406,31.761584,0 -87.763294,31.76240900000001,0 -87.763181,31.763121,0 -87.762944,31.764358,0 -87.762332,31.767768,0 -87.762275,31.7680772,0 -87.76147899999999,31.772399,0 -87.761432,31.772653,0 -87.761152,31.774194,0 -87.76089,31.775644,0 -87.760645,31.777001,0 -87.760463,31.77799,0 -87.76017299999999,31.779569,0 -87.7600077,31.7804854,0 -87.759958,31.780761,0 -87.7597117,31.782076,0 -87.759621,31.78256,0 -87.759446,31.783385,0 -87.759415,31.7835167,0 -87.759184,31.784497,0 -87.75900900000001,31.785171,0 -87.75891,31.785498,0 -87.758796,31.7858580000001,0 -87.758534,31.786621,0 -87.758276,31.7873159999999,0 -87.758247,31.787395,0 -87.757897,31.788245,0 -87.75783199999999,31.78839,0 -87.757423,31.789298,0 -87.757397,31.789357,0 -87.757159,31.789866,0 -87.75703,31.790145,0 -87.75696000000001,31.790294,0 -87.7568497,31.7905142,0 -87.75655999999999,31.791093,0 -87.75638499999999,31.79148,0 -87.75621,31.791918,0 -87.75609799999999,31.792292,0 -87.755955,31.792958,0 -87.755905,31.793239,0 -87.75583899999999,31.793619,0 -87.755548,31.795478,0 -87.755348,31.796827,0 -87.75519799999999,31.797777,0 -87.75508600000001,31.798352,0 -87.75418000000001,31.802737,0 -87.754149,31.802887,0 -87.75376199999999,31.804698,0 -87.753677,31.805106,0 -87.753024,31.808234,0 -87.752886,31.808973,0 -87.752775,31.809608,0 -87.7526,31.810745,0 -87.752137,31.814068,0 -87.75188900000001,31.815714,0 -87.751763,31.816554,0 -87.75160200000001,31.817528,0 -87.751302,31.819591,0 -87.751086,31.821218,0 -87.75082,31.823279,0 -87.750603,31.824956,0 -87.75054900000001,31.825372,0 -87.750349,31.826756,0 -87.750298,31.827114,0 -87.750151,31.827972,0 -87.749521,31.831661,0 -87.74923099999999,31.833622,0 -87.749197,31.833931,0 -87.749146,31.834532,0 -87.749062,31.83622,0 -87.74892800000001,31.839369,0 -87.748836,31.8415276,0 -87.7487727,31.8430134,0 -87.748755,31.84343000000001,0 -87.7486871,31.8450154,0 -87.748621,31.846557,0 -87.748496,31.849187,0 -87.74848900000001,31.849341,0 -87.74843799999999,31.849991,0 -87.748328,31.851026,0 -87.74832600000001,31.851048,0 -87.748187,31.852253,0 -87.74793,31.854482,0 -87.74770599999999,31.85627,0 -87.74765600000001,31.8567680000001,0 -87.747331,31.859511,0 -87.746985,31.862694,0 -87.746944,31.863043,0 -87.746853,31.863814,0 -87.746804,31.864225,0 -87.74678,31.864411,0 -87.74670999999999,31.864945,0 -87.746437,31.867283,0 -87.746171,31.869567,0 -87.745878,31.872102,0 -87.745786,31.872895,0 -87.74563999999999,31.874157,0 -87.745418,31.876067,0 -87.74535899999999,31.87673699999999,0 -87.7452171,31.8787205,0 -87.74517299999999,31.879337,0 -87.745231,31.879442,0 -87.745194,31.879961,0 -87.745138,31.880518,0 -87.745069,31.88123,0 -87.744799,31.883524,0 -87.74452599999999,31.885862,0 -87.74440800000001,31.886955,0 -87.74440300000001,31.887001,0 -87.74432299999999,31.887697,0 -87.744163,31.889031,0 -87.744089,31.889651,0 -87.74406999999999,31.889811,0 -87.743754,31.892532,0 -87.74367700000001,31.893222,0 -87.74315319999999,31.8976186,0 -87.74309599999999,31.8981728,0 -87.743033,31.8987661,0 -87.74292699999999,31.8997649999999,0 -87.74267500000001,31.901847,0 -87.742508,31.903285,0 -87.74248,31.903497,0 -87.742138,31.906045,0 -87.742001,31.907067,0 -87.7419,31.907792,0 -87.741781,31.908702,0 -87.741664,31.90955,0 -87.741659,31.9095900000001,0 -87.741542,31.910491,0 -87.741418,31.911323,0 -87.74130100000001,31.912214,0 -87.7411967,31.9129409,0 -87.74117,31.913166,0 -87.74103100000001,31.914081,0 -87.740875,31.914984,0 -87.740719,31.915903,0 -87.740571,31.916783,0 -87.7404957,31.9172489,0 -87.74043899999999,31.9176,0 -87.7404061,31.917811,0 -87.740362,31.918094,0 -87.74023,31.918982,0 -87.73993400000001,31.920809,0 -87.7399169,31.9209151,0 -87.739913,31.920939,0 -87.73953899999999,31.923292,0 -87.739526,31.923371,0 -87.739362,31.924379,0 -87.7392208,31.9251566,0 -87.73913039999999,31.9256545,0 -87.73909070000001,31.925901,0 -87.738955,31.926773,0 -87.738845,31.927588,0 -87.73875,31.928213,0 -87.73867199999999,31.928615,0 -87.7385793,31.9290917000001,0 -87.73852770000001,31.9293786,0 -87.738518,31.92943,0 -87.7384607,31.9298202999999,0 -87.7384285,31.9300391,0 -87.738372,31.930424,0 -87.73831300000001,31.930964,0 -87.73809,31.932541,0 -87.738004,31.933175,0 -87.7378827,31.9341185,0 -87.737841,31.934435,0 -87.737713,31.935472,0 -87.737396,31.937806,0 -87.73731100000001,31.938366,0 -87.7372718,31.9386442,0 -87.73704979999999,31.9402194,0 -87.7370056,31.9405334,0 -87.736963,31.940836,0 -87.73694829999999,31.9409639,0 -87.73688199999999,31.941541,0 -87.7368666,31.9418623,0 -87.736797,31.942214,0 -87.737019,31.942478,0 -87.737061,31.9425720000001,0 -87.737565,31.943684,0 -87.73769799999999,31.943977,0 -87.73795800000001,31.944581,0 -87.738181,31.94517,0 -87.73822199999999,31.9452958,0 -87.738384,31.945792,0 -87.73851999999999,31.946261,0 -87.73855399999999,31.946391,0 -87.738637,31.946759,0 -87.738654,31.946834,0 -87.7386827,31.9469706,0 -87.738775,31.947409,0 -87.739045,31.94846100000001,0 -87.739204,31.948998,0 -87.739394,31.949538,0 -87.73960599999999,31.95008,0 -87.740274,31.951695,0 -87.7405095,31.9522936,0 -87.740584,31.952483,0 -87.740751,31.953012,0 -87.740937,31.954111,0 -87.740949,31.954655,0 -87.740836,31.955713,0 -87.7407809,31.9561226,0 -87.740628,31.957258,0 -87.74058650000001,31.9577057,0 -87.740576,31.9578190000001,0 -87.74054700000001,31.958235,0 -87.740557,31.958459,0 -87.740602,31.958883,0 -87.740696,31.959309,0 -87.740827,31.95973800000001,0 -87.740995,31.96013900000001,0 -87.74107100000001,31.96028,0 -87.741195,31.960507,0 -87.741392,31.960828,0 -87.741754,31.961319,0 -87.7427422,31.9625697,0 -87.7429408,31.962809,0 -87.74322549999999,31.9631522,0 -87.7434009,31.9633372,0 -87.7435838,31.9635168,0 -87.7437742,31.96369079999999,0 -87.74397159999999,31.963859,0 -87.7441759,31.9640213,0 -87.7443868,31.9641773,0 -87.7446151,31.9643342,0 -87.74485009999999,31.9644839,0 -87.74509140000001,31.9646261,0 -87.7453388,31.9647606,0 -87.74559189999999,31.9648873,0 -87.7458503,31.9650059,0 -87.747562,31.965773,0 -87.748407,31.96616,0 -87.748948,31.9664320000001,0 -87.749461,31.966742,0 -87.74995,31.967094,0 -87.7504,31.967486,0 -87.75081400000001,31.96791,0 -87.75085300000001,31.967958,0 -87.751186,31.968363,0 -87.7513149,31.9685562,0 -87.75150499999999,31.968841,0 -87.751768,31.969338,0 -87.751991,31.96985,0 -87.752184,31.970374,0 -87.75256,31.971495,0 -87.75259389999999,31.9715959,0 -87.752703,31.97192099999999,0 -87.753405,31.973971,0 -87.753496,31.974236,0 -87.753788,31.9750489999999,0 -87.75385300000001,31.975196,0 -87.754133,31.975829,0 -87.75451,31.976578,0 -87.7545573,31.9766607,0 -87.754927,31.977307,0 -87.75588399999999,31.978793,0 -87.756182,31.979311,0 -87.756249,31.979446,0 -87.756439,31.979829,0 -87.75665600000001,31.98034,0 -87.756829,31.980829,0 -87.756969,31.981294,0 -87.757043,31.98159,0 -87.757175,31.982223,0 -87.757227,31.98263,0 -87.757291,31.98348,0 -87.757302,31.983668,0 -87.757294,31.984521,0 -87.757291,31.98491,0 -87.7572887,31.9857291,0 -87.757288,31.985988,0 -87.757295,31.98725,0 -87.757319,31.987674,0 -87.757378,31.988102,0 -87.757474,31.988533,0 -87.757605,31.988962,0 -87.75776999999999,31.98939,0 -87.75797300000001,31.989813,0 -87.758222,31.990219,0 -87.75823800000001,31.990243,0 -87.75826000000001,31.990276,0 -87.758567,31.990712,0 -87.75958900000001,31.992061,0 -87.76111899999999,31.994057,0 -87.76151900000001,31.9945839,0 -87.76224999999999,31.995547,0 -87.762646,31.996089,0 -87.762899,31.996457,0 -87.76322,31.996964,0 -87.763407,31.997284,0 -87.763688,31.997805,0 -87.76388900000001,31.998199,0 -87.76397299999999,31.9983770000001,0 -87.764016,31.998468,0 -87.76413700000001,31.998738,0 -87.76438400000001,31.999354,0 -87.764585,31.999907,0 -87.765209,32.001706,0 -87.765441,32.002403,0 -87.766952,32.006861,0 -87.76733900000001,32.007984,0 -87.76771119999999,32.0090829,0 -87.767974,32.009859,0 -87.76821219999999,32.0105501,0 -87.768714,32.012006,0 -87.769172,32.013354,0 -87.76923499999999,32.01354,0 -87.769375,32.013961,0 -87.76950600000001,32.014383,0 -87.769576,32.014592,0 -87.769857,32.015357,0 -87.770177,32.016188,0 -87.770342,32.016601,0 -87.77042899999999,32.016806,0 -87.770619,32.017211,0 -87.770771,32.017552,0 -87.770995,32.018022,0 -87.77129600000001,32.018622,0 -87.77172,32.019416,0 -87.772098,32.020083,0 -87.7726566,32.0210449,0 -87.773116,32.021836,0 -87.77341300000001,32.022328,0 -87.773449,32.022398,0 -87.7735,32.022498,0 -87.773698,32.022846,0 -87.774575,32.024349,0 -87.775132,32.025322,0 -87.7759116,32.0266589,0 -87.776342,32.027397,0 -87.77671100000001,32.028056,0 -87.77695300000001,32.028528,0 -87.77724600000001,32.029139,0 -87.778013,32.030887,0 -87.7785597,32.0321556,0 -87.779173,32.033579,0 -87.7793388,32.0339542,0 -87.779507,32.0343349999999,0 -87.78089799999999,32.03752,0 -87.7812512,32.0383059000001,0 -87.7812905,32.0383912000001,0 -87.78137529999999,32.0385752,0 -87.7814801,32.0388025,0 -87.78173200000001,32.039349,0 -87.78209,32.040008,0 -87.782662,32.040979,0 -87.7831,32.04169,0 -87.78341,32.042208,0 -87.783669,32.042668,0 -87.783918,32.043132,0 -87.784114,32.043513,0 -87.78415390000001,32.0435941,0 -87.7842888,32.0439114,0 -87.7843692,32.0441007,0 -87.7844508,32.0442927,0 -87.7845772,32.0446246,0 -87.78470540000001,32.0449768,0 -87.784931,32.045662,0 -87.78516,32.046359,0 -87.785785,32.048174,0 -87.786051,32.048927,0 -87.786129,32.049159,0 -87.7864787,32.0501686,0 -87.78664019999999,32.050655,0 -87.78673910000001,32.050953,0 -87.7868386,32.0512528,0 -87.78696309999999,32.0516213000001,0 -87.787043,32.051858,0 -87.78710100000001,32.052038,0 -87.78730899999999,32.052625,0 -87.78745600000001,32.053033,0 -87.787519,32.053212,0 -87.787538,32.053272,0 -87.787595,32.053446,0 -87.78765300000001,32.053666,0 -87.78766299999999,32.053714,0 -87.78769,32.053849,0 -87.787712,32.0539910000001,0 -87.78774199999999,32.054256,0 -87.78774799999999,32.054398,0 -87.78774199999999,32.054769,0 -87.787716,32.055103,0 -87.787689,32.055307,0 -87.787598,32.055764,0 -87.787505,32.056101,0 -87.7873953,32.0564463,0 -87.787245,32.056919,0 -87.787086,32.057461,0 -87.786979,32.05787,0 -87.786923,32.058113,0 -87.78683599999999,32.058484,0 -87.78679700000001,32.058687,0 -87.78675800000001,32.05894,0 -87.786642,32.059882,0 -87.786396,32.0621,0 -87.786348,32.062603,0 -87.78634529999999,32.0626815,0 -87.786338,32.0628900000001,0 -87.786343,32.063105,0 -87.786351,32.063249,0 -87.786371,32.063465,0 -87.786411,32.063753,0 -87.78646500000001,32.064041,0 -87.786568,32.064475,0 -87.786652,32.064766,0 -87.78717399999999,32.066392,0 -87.787278,32.066743,0 -87.787341,32.067022,0 -87.78737099999999,32.067231,0 -87.787389,32.067442,0 -87.787395,32.067722,0 -87.787381,32.067997,0 -87.787358,32.068196,0 -87.787307,32.068466,0 -87.78723599999999,32.068728,0 -87.78715699999999,32.068933,0 -87.787037,32.069195,0 -87.786902,32.06945,0 -87.786716,32.069758,0 -87.786086,32.070738,0 -87.785667,32.071398,0 -87.7854157,32.071777,0 -87.7848092,32.0726921,0 -87.784668,32.0729049999999,0 -87.78407,32.073831,0 -87.78399899999999,32.073938,0 -87.7835826,32.0745723,0 -87.7830866,32.0753277,0 -87.782397,32.076378,0 -87.782127,32.076805,0 -87.781907,32.077182,0 -87.781741,32.077506,0 -87.781589,32.077831,0 -87.78148,32.078097,0 -87.78133800000001,32.078502,0 -87.781272,32.07871,0 -87.781171,32.079059,0 -87.78110599999999,32.079338,0 -87.78107900000001,32.079475,0 -87.7810568,32.0796111,0 -87.78103400000001,32.079751,0 -87.780987,32.080154,0 -87.78097200000001,32.0803629999999,0 -87.78092700000001,32.08119,0 -87.7808958,32.0818723,0 -87.780852,32.08283,0 -87.78081299999999,32.083776,0 -87.780793,32.084045,0 -87.780789,32.084905,0 -87.780804,32.085338,0 -87.780839,32.085818,0 -87.780883,32.086244,0 -87.780969,32.087072,0 -87.78119239999999,32.089067,0 -87.78125300000001,32.089608,0 -87.7813,32.090089,0 -87.78136600000001,32.090713,0 -87.781391,32.090986,0 -87.781463,32.09164,0 -87.7815624,32.0930784,0 -87.7815968,32.0937635,0 -87.78163000000001,32.096722,0 -87.781645,32.097859,0 -87.781689,32.101059,0 -87.781706,32.101782,0 -87.78171,32.102395,0 -87.781712,32.102649,0 -87.78174300000001,32.104025,0 -87.781751,32.10526,0 -87.781789,32.107298,0 -87.781801,32.108531,0 -87.781802,32.109475,0 -87.781786,32.109841,0 -87.781756,32.110208,0 -87.781721,32.110503,0 -87.78166899999999,32.110796,0 -87.781605,32.111086,0 -87.781548,32.111299,0 -87.781436,32.111646,0 -87.781255,32.112128,0 -87.78116799999999,32.11233,0 -87.78107199999999,32.112529,0 -87.781004,32.11266,0 -87.780627,32.113308,0 -87.779837,32.114649,0 -87.779151,32.115792,0 -87.778931,32.116155,0 -87.77862690000001,32.1166708,0 -87.77833200000001,32.117171,0 -87.778181,32.117434,0 -87.778002,32.117762,0 -87.77790400000001,32.117963,0 -87.777818,32.118167,0 -87.777739,32.118375,0 -87.77763969999999,32.1186862,0 -87.777627,32.118726,0 -87.777552,32.11901,0 -87.777478,32.119368,0 -87.777446,32.119584,0 -87.77743100000001,32.1197279999999,0 -87.77741,32.120089,0 -87.777423,32.120593,0 -87.777456,32.120953,0 -87.77748699999999,32.121164,0 -87.7775393,32.1214115,0 -87.777562,32.121519,0 -87.777636,32.1218,0 -87.777697,32.122011,0 -87.7780477,32.1231496,0 -87.77831209999999,32.1240076,0 -87.77860699999999,32.124965,0 -87.778812,32.125602,0 -87.779585,32.128141,0 -87.779678,32.12842,0 -87.779803,32.128763,0 -87.779983,32.129235,0 -87.78018299999999,32.129703,0 -87.7803079,32.1299646,0 -87.78037399999999,32.130103,0 -87.780722,32.130768,0 -87.78108899999999,32.131431,0 -87.7813586,32.1319373,0 -87.78183199999999,32.132826,0 -87.78196199999999,32.133094,0 -87.78211,32.133432,0 -87.782219,32.133705,0 -87.782292,32.13391,0 -87.782372,32.134188,0 -87.782432,32.134469,0 -87.78248600000001,32.134824,0 -87.782523,32.135256,0 -87.78253100000001,32.135472,0 -87.7825333,32.1357034,0 -87.7825309,32.1358944,0 -87.7825266,32.1362221,0 -87.7825139,32.1372103,0 -87.7825102,32.1377465,0 -87.782482,32.139404,0 -87.78248000000001,32.140501,0 -87.782453,32.143101,0 -87.782443,32.143737,0 -87.78243500000001,32.144875,0 -87.782438,32.145159,0 -87.78243809999999,32.1451715,0 -87.782439,32.145294,0 -87.78245099999999,32.145573,0 -87.782501,32.146276,0 -87.782539,32.146718,0 -87.782571,32.147008,0 -87.782646,32.147511,0 -87.782743,32.148082,0 -87.78278899999999,32.1483210000001,0 -87.782815,32.14848,0 -87.78292,32.148925,0 -87.783073,32.149482,0 -87.783254,32.150094,0 -87.783687,32.151384,0 -87.78380439999999,32.1517426,0 -87.783817,32.1517809999999,0 -87.783851,32.151885,0 -87.784194,32.152881,0 -87.78447300000001,32.153742,0 -87.78513700000001,32.155698,0 -87.785397,32.1564979999999,0 -87.785472,32.15674,0 -87.785611,32.157306,0 -87.78563800000001,32.157446,0 -87.78569400000001,32.157803,0 -87.785736,32.158161,0 -87.78575600000001,32.15845,0 -87.785765,32.158738,0 -87.785758,32.159176,0 -87.785732,32.159539,0 -87.785707,32.159754,0 -87.785661,32.160038,0 -87.785573,32.160468,0 -87.785483,32.160823,0 -87.785399,32.161105,0 -87.785304,32.161382,0 -87.78522599999999,32.1615880000001,0 -87.785115,32.161862,0 -87.78502400000001,32.162064,0 -87.784728,32.162658,0 -87.784029,32.164088,0 -87.783871,32.164453,0 -87.783759,32.164682,0 -87.783636,32.165008,0 -87.78352,32.16537,0 -87.78344199999999,32.165642,0 -87.78337500000001,32.165916,0 -87.783306,32.166257,0 -87.783281,32.166404,0 -87.783145,32.167206,0 -87.78308730000001,32.1675955,0 -87.783027,32.168003,0 -87.78298530000001,32.1682849,0 -87.78296400000001,32.168429,0 -87.782555,32.170948,0 -87.782477,32.17136,0 -87.782416,32.171635,0 -87.78236099999999,32.171843,0 -87.782235,32.17225,0 -87.782191,32.172375,0 -87.7821703,32.1724332,0 -87.782143,32.17251,0 -87.78206299999999,32.1727130000001,0 -87.78189399999999,32.173108,0 -87.78168599999999,32.173544,0 -87.78156300000001,32.17373,0 -87.78126899999999,32.174221,0 -87.78106699999999,32.174526,0 -87.780969,32.17466,0 -87.780794,32.174892,0 -87.780599,32.175136,0 -87.780514,32.175283,0 -87.78033600000001,32.175502,0 -87.780131,32.175731,0 -87.780092,32.175793,0 -87.779991,32.175922,0 -87.77990819999999,32.1760404,0 -87.77968199999999,32.176364,0 -87.77948000000001,32.176681,0 -87.77932800000001,32.176933,0 -87.779223,32.177124,0 -87.7788552,32.1778314,0 -87.77836619999999,32.178772,0 -87.7772866,32.1808485,0 -87.777108,32.181192,0 -87.77697499999999,32.181465,0 -87.77685200000001,32.181742,0 -87.776796,32.181883,0 -87.776746,32.182026,0 -87.776678,32.182268,0 -87.776651,32.182388,0 -87.776616,32.182581,0 -87.776591,32.18275,0 -87.77657499999999,32.182968,0 -87.776571,32.183188,0 -87.77657600000001,32.183334,0 -87.776596,32.183553,0 -87.776616,32.183698,0 -87.77664300000001,32.183843,0 -87.77670000000001,32.184057,0 -87.77674500000001,32.184198,0 -87.776877,32.184548,0 -87.776938,32.184686,0 -87.778295,32.187492,0 -87.778452,32.187814,0 -87.780119,32.191237,0 -87.780548,32.192093,0 -87.78074770000001,32.1925022,0 -87.7808034,32.1926163,0 -87.781567,32.194181,0 -87.781801,32.194661,0 -87.782302,32.195743,0 -87.78242109999999,32.196024,0 -87.782461,32.196118,0 -87.782663,32.196632,0 -87.782813,32.197059,0 -87.783064,32.197889,0 -87.783084,32.1979598,0 -87.783124,32.198101,0 -87.7834909,32.1993976,0 -87.78361700000001,32.199843,0 -87.783704,32.200088,0 -87.783779,32.200373,0 -87.78385900000001,32.200618,0 -87.78393699999999,32.200801,0 -87.78398,32.200906,0 -87.784147,32.201273,0 -87.78527,32.2034490000001,0 -87.785994,32.204777,0 -87.78614899999999,32.205108,0 -87.78623399999999,32.205312,0 -87.786337,32.205587,0 -87.786429,32.205866,0 -87.786489,32.206079,0 -87.7871342,32.2085333,0 -87.78765300000001,32.210507,0 -87.78784899999999,32.211284,0 -87.788535,32.213884,0 -87.78872200000001,32.214567,0 -87.788954,32.215335,0 -87.789006,32.215476,0 -87.789351,32.216481,0 -87.78951720000001,32.2169438,0 -87.7899898,32.21826,0 -87.79028099999999,32.219071,0 -87.790419,32.21943,0 -87.79063069999999,32.2200186,0 -87.790921,32.220826,0 -87.791127,32.22138,0 -87.791357,32.222023,0 -87.791678,32.222921,0 -87.7918301,32.2233649,0 -87.791889,32.223537,0 -87.792061,32.224015,0 -87.792204,32.224426,0 -87.792267,32.224628,0 -87.792382,32.225042,0 -87.792484,32.225457,0 -87.7924984,32.2255246,0 -87.792556,32.225794,0 -87.79261200000001,32.226132,0 -87.792654,32.226506,0 -87.792678,32.226846,0 -87.792698,32.227034,0 -87.792704,32.227114,0 -87.792714,32.227258,0 -87.7929517,32.2308575,0 -87.7929785,32.2312626,0 -87.79301,32.23174,0 -87.7930174,32.231834,0 -87.793058,32.232346,0 -87.79309499999999,32.2328161,0 -87.79311300000001,32.233044,0 -87.793121,32.233144,0 -87.793132,32.233196,0 -87.79319,32.233735,0 -87.793223,32.233963,0 -87.793283,32.23426,0 -87.79333699999999,32.234474,0 -87.793474,32.234966,0 -87.793556,32.235222,0 -87.79378699999999,32.23585,0 -87.79409699999999,32.236611,0 -87.794211,32.236896,0 -87.7945173,32.2376618,0 -87.79455900000001,32.237766,0 -87.794681,32.238112,0 -87.794786,32.23846,0 -87.79488000000001,32.238815,0 -87.79497499999999,32.239252,0 -87.79501500000001,32.239471,0 -87.79506569999999,32.2398412,0 -87.795084,32.239975,0 -87.795108,32.240264,0 -87.795118,32.2406280000001,0 -87.7951173,32.241058,0 -87.795117,32.241239,0 -87.795117,32.2416161,0 -87.795117,32.241692,0 -87.7951169,32.2419416,0 -87.7951166,32.2425065,0 -87.79511650000001,32.2426063,0 -87.79511599999999,32.243411,0 -87.795115,32.244067,0 -87.795115,32.244239,0 -87.7951132,32.2444529,0 -87.79510500000001,32.245398,0 -87.79510399999999,32.246108,0 -87.7951035,32.2464334,0 -87.7951006,32.2483457,0 -87.795098,32.250028,0 -87.79509299999999,32.250742,0 -87.7950933,32.2510916,0 -87.79509400000001,32.251963,0 -87.79509400000001,32.2520523,0 -87.7950941,32.2520954,0 -87.795095,32.254254,0 -87.79508199999999,32.255681,0 -87.7950817,32.2557519,0 -87.795081,32.2559243,0 -87.79507599999999,32.257119,0 -87.7950725,32.2596646,0 -87.79507099999999,32.2608029,0 -87.7950707,32.2609892,0 -87.79507,32.261467,0 -87.795051,32.263862,0 -87.795047,32.264311,0 -87.79505,32.266357,0 -87.795047,32.26728,0 -87.795041,32.26749,0 -87.795039,32.268098,0 -87.7950349,32.2683673,0 -87.795028,32.268822,0 -87.79503,32.268985,0 -87.795022,32.26926,0 -87.79500299999999,32.272086,0 -87.7950046,32.2736038,0 -87.795006,32.274966,0 -87.79500400000001,32.275239,0 -87.794996,32.276414,0 -87.794994,32.277856,0 -87.794994,32.2779012,0 -87.794994,32.278717,0 -87.794991,32.281053,0 -87.7949945,32.2814547,0 -87.79499079999999,32.281911,0 -87.7950045,32.2824706,0 -87.7950194,32.2827981,0 -87.7950604,32.2833141,0 -87.79509609999999,32.2836583,0 -87.79516510000001,32.2842525,0 -87.7952007,32.2844955,0 -87.7952392,32.2847132,0 -87.79532399999999,32.285171,0 -87.7954208,32.285609,0 -87.7955324,32.2860695,0 -87.79561529999999,32.2863812,0 -87.7957918,32.2869537,0 -87.7958318,32.2870843,0 -87.796029,32.2876886,0 -87.7961245,32.2879779,0 -87.7964046,32.2887781,0 -87.7970524,32.2907009,0 -87.7972206,32.2912259,0 -87.7973375,32.2916269,0 -87.7974475,32.292057,0 -87.79751829999999,32.2923898,0 -87.7975655,32.2926281,0 -87.7976046,32.2928545,0 -87.79764830000001,32.2931145,0 -87.7976893,32.2934259,0 -87.79772010000001,32.2936569,0 -87.79776029999999,32.2941219,0 -87.797775,32.2943566,0 -87.7977822,32.2946062,0 -87.79779449999999,32.2952319,0 -87.7978038,32.2955501,0 -87.79780719999999,32.2957657,0 -87.7978152,32.2959108,0 -87.7978245,32.2965125,0 -87.79785529999999,32.2984046,0 -87.7978705,32.2991473,0 -87.797859,32.299871,0 -87.79788000000001,32.301136,0 -87.797901,32.302104,0 -87.797911,32.3031029,0 -87.797933,32.30409,0 -87.797955,32.305245,0 -87.79795609999999,32.3052889,0 -87.79796399999999,32.3062516,0 -87.79797499999999,32.307079,0 -87.797991,32.308085,0 -87.79800299999999,32.308417,0 -87.79800899999999,32.308762,0 -87.798033,32.309598,0 -87.79804,32.310146,0 -87.798051,32.311174,0 -87.798057,32.312216,0 -87.798068,32.313239,0 -87.79809400000001,32.31358,0 -87.798132,32.313847,0 -87.79817199999999,32.314048,0 -87.798236,32.314298,0 -87.798287,32.314465,0 -87.79841,32.314794,0 -87.798531,32.315075,0 -87.79883100000001,32.315745,0 -87.799063,32.316266,0 -87.799119,32.31637,0 -87.799232,32.316618,0 -87.799297,32.316775,0 -87.799502,32.317275,0 -87.799609,32.317501,0 -87.799694,32.317729,0 -87.79977,32.317973,0 -87.799825,32.318182,0 -87.79985499999999,32.318319,0 -87.799892,32.318527,0 -87.79991099999999,32.318662,0 -87.799944,32.318998,0 -87.799955,32.319301,0 -87.79995,32.319498,0 -87.799935,32.319662,0 -87.799926,32.319781,0 -87.799885,32.320044,0 -87.79985600000001,32.320224,0 -87.79979899999999,32.320513,0 -87.79978800000001,32.320586,0 -87.799747,32.320757,0 -87.799708,32.320915,0 -87.799645,32.321222,0 -87.799617,32.321429,0 -87.799577,32.321693,0 -87.799531,32.321944,0 -87.79946,32.322223,0 -87.799413,32.322473,0 -87.799317,32.322891,0 -87.79927499999999,32.32303,0 -87.799144,32.323369,0 -87.799053,32.323566,0 -87.79892100000001,32.323827,0 -87.79880300000001,32.324028,0 -87.798734,32.324134,0 -87.79853,32.324424,0 -87.7983,32.324716,0 -87.798154,32.32488,0 -87.797954,32.325091,0 -87.79779499999999,32.325242,0 -87.79769400000001,32.32533,0 -87.79763,32.325386,0 -87.797461,32.325522,0 -87.797229,32.325694,0 -87.797111,32.325775,0 -87.796631,32.326093,0 -87.796353,32.326254,0 -87.79564000000001,32.326698,0 -87.7944658,32.3274,0 -87.79410970000001,32.327621,0 -87.79265959999999,32.328491,0 -87.79034799999999,32.3299048,0 -87.78984,32.330209,0 -87.789676,32.330311,0 -87.78961700000001,32.330348,0 -87.78907599999999,32.3307,0 -87.78861499999999,32.331023,0 -87.788359,32.331215,0 -87.78811,32.331411,0 -87.787837,32.331637,0 -87.787634,32.331816,0 -87.78735500000001,32.332073,0 -87.786984,32.332434,0 -87.786721,32.332701,0 -87.786423,32.333033,0 -87.786056,32.333475,0 -87.785827,32.333771,0 -87.785768,32.33384,0 -87.785701,32.333928,0 -87.78563800000001,32.334037,0 -87.785561,32.3341390000001,0 -87.785228,32.334621,0 -87.78519300000001,32.334682,0 -87.78507500000001,32.334857,0 -87.78456,32.335628,0 -87.78412299999999,32.33626,0 -87.78380199999999,32.336743,0 -87.78337500000001,32.33739,0 -87.78207999999999,32.339309,0 -87.78184400000001,32.339664,0 -87.78165,32.33997,0 -87.781552,32.340125,0 -87.781435,32.340325,0 -87.781217,32.340722,0 -87.781026,32.341124,0 -87.780832,32.3415960000001,0 -87.780784,32.341735,0 -87.78060499999999,32.342275,0 -87.780576,32.3423803,0 -87.780564,32.342424,0 -87.780529,32.34254,0 -87.78042499999999,32.342955,0 -87.78037620000001,32.3433213,0 -87.7803479,32.3435627,0 -87.7803266,32.3436997,0 -87.7802853,32.3440525,0 -87.7802636,32.3442617,0 -87.7802516,32.3445052,0 -87.7802442,32.3446491,0 -87.7802538,32.3452048,0 -87.7802662,32.3455991,0 -87.7803,32.3464252,0 -87.780416,32.349942,0 -87.78042499999999,32.350125,0 -87.780427,32.350234,0 -87.780435,32.350307,0 -87.780554,32.353541,0 -87.780564,32.35376,0 -87.78068500000001,32.35652,0 -87.78069600000001,32.356641,0 -87.780709,32.35698,0 -87.78072299999999,32.357284,0 -87.780722,32.357419,0 -87.78072,32.35766,0 -87.780687,32.358165,0 -87.78064999999999,32.358523,0 -87.780602,32.358882,0 -87.78052700000001,32.359304,0 -87.78046399999999,32.359586,0 -87.78028500000001,32.360287,0 -87.77995,32.361452,0 -87.7798243,32.3619109,0 -87.7796961,32.3623757,0 -87.779582,32.362721,0 -87.779517,32.36302,0 -87.779449,32.363441,0 -87.779415,32.363788,0 -87.779398,32.364145,0 -87.779398,32.364266,0 -87.779398,32.364432,0 -87.77941,32.364722,0 -87.779445,32.365066,0 -87.779455,32.3651249999999,0 -87.779501,32.365405,0 -87.779506,32.36544,0 -87.779515,32.365516,0 -87.779554,32.365716,0 -87.77965,32.366079,0 -87.779759,32.366427,0 -87.779946,32.366967,0 -87.779962,32.367008,0 -87.78053199999999,32.368467,0 -87.78080799999999,32.369185,0 -87.781132,32.369988,0 -87.781418,32.370641,0 -87.78158000000001,32.370959,0 -87.781666,32.371158,0 -87.78172600000001,32.371288,0 -87.78283,32.373263,0 -87.782915,32.373401,0 -87.78299699999999,32.373531,0 -87.783027,32.373621,0 -87.78329100000001,32.374079,0 -87.783722,32.374853,0 -87.78388200000001,32.375129,0 -87.783957,32.375262,0 -87.784346,32.375954,0 -87.78471,32.376602,0 -87.786131,32.379102,0 -87.786271,32.379362,0 -87.78649799999999,32.379821,0 -87.786683,32.380218,0 -87.786891,32.380695,0 -87.787049,32.381107,0 -87.78716900000001,32.381452,0 -87.787329,32.381936,0 -87.787426,32.382284,0 -87.787559,32.38283,0 -87.787694,32.383443,0 -87.787779,32.38391,0 -87.787843,32.384394,0 -87.787873,32.384683,0 -87.787875,32.384808,0 -87.78789500000001,32.385025,0 -87.787965,32.385606,0 -87.787995,32.385849,0 -87.788022,32.386074,0 -87.78818099999999,32.387495,0 -87.788264,32.388288,0 -87.788286,32.388644,0 -87.788292,32.389003,0 -87.788282,32.389362,0 -87.78825999999999,32.389725,0 -87.788231,32.390015,0 -87.78820399999999,32.3902372,0 -87.788185,32.390371,0 -87.78810900000001,32.390803,0 -87.78789399999999,32.391803,0 -87.78762,32.393122,0 -87.787446,32.393946,0 -87.787414,32.394115,0 -87.787385,32.39423,0 -87.787357,32.394392,0 -87.787325,32.394519,0 -87.787166,32.395308,0 -87.78703899999999,32.395882,0 -87.786816,32.396955,0 -87.786434,32.398792,0 -87.78629100000001,32.399417,0 -87.78627,32.399509,0 -87.785905,32.40092,0 -87.78568300000001,32.401683,0 -87.785477,32.402355,0 -87.78539000000001,32.402642,0 -87.785263,32.403053,0 -87.785014,32.403852,0 -87.78492900000001,32.404127,0 -87.78471399999999,32.404819,0 -87.784544,32.405383,0 -87.784496,32.405538,0 -87.78425900000001,32.406295,0 -87.78419100000001,32.406526,0 -87.784128,32.406717,0 -87.78400999999999,32.407111,0 -87.783709,32.408121,0 -87.783506,32.408749,0 -87.783444,32.408958,0 -87.783401,32.409103,0 -87.78312699999999,32.409943,0 -87.782932,32.410494,0 -87.78270000000001,32.411118,0 -87.782415,32.411808,0 -87.782156,32.412399,0 -87.782146,32.412422,0 -87.782116,32.412478,0 -87.781991,32.412746,0 -87.78130400000001,32.4141630000001,0 -87.780491,32.415813,0 -87.780457,32.415888,0 -87.780362,32.416089,0 -87.78033000000001,32.416142,0 -87.779977,32.416843,0 -87.779746,32.417312,0 -87.77956500000001,32.41771,0 -87.779481,32.417912,0 -87.779357,32.4182529999999,0 -87.779269,32.418525,0 -87.77917600000001,32.418868,0 -87.779118,32.4191330000001,0 -87.77906,32.419466,0 -87.77901300000001,32.419818,0 -87.778997,32.420029,0 -87.778988,32.420358,0 -87.778986,32.420448,0 -87.77899499999999,32.420795,0 -87.779008,32.420941,0 -87.779028,32.421143,0 -87.779082,32.421573,0 -87.77921499999999,32.422531,0 -87.77927800000001,32.422928,0 -87.779279,32.422987,0 -87.779454,32.424075,0 -87.77956500000001,32.424725,0 -87.779628,32.425013,0 -87.779698,32.4253,0 -87.779837,32.425797,0 -87.779931,32.426077,0 -87.780013,32.426285,0 -87.780215,32.426766,0 -87.78083700000001,32.428193,0 -87.781175,32.429,0 -87.781537,32.429834,0 -87.78247500000001,32.431997,0 -87.782659,32.432402,0 -87.78279000000001,32.432665,0 -87.78303200000001,32.433123,0 -87.783338,32.433656,0 -87.783461,32.433858,0 -87.78392700000001,32.434576,0 -87.784482,32.435384,0 -87.784615,32.435581,0 -87.786638,32.438564,0 -87.786725,32.438679,0 -87.786815,32.438809,0 -87.786891,32.438936,0 -87.786962,32.439059,0 -87.787131,32.43931,0 -87.787451,32.439805,0 -87.78759599999999,32.440056,0 -87.78773,32.4403160000001,0 -87.787753,32.440365,0 -87.78788400000001,32.440644,0 -87.78805199999999,32.441032,0 -87.78811399999999,32.44118,0 -87.788234,32.441533,0 -87.788336,32.441887,0 -87.788387,32.4421,0 -87.788444,32.442375,0 -87.788478,32.442611,0 -87.78852000000001,32.442974,0 -87.78854800000001,32.443336,0 -87.78856500000001,32.444201,0 -87.78857000000001,32.446503,0 -87.788588,32.449888,0 -87.788584,32.450108,0 -87.788585,32.450193,0 -87.788596,32.452063,0 -87.7886,32.453563,0 -87.788616,32.459336,0 -87.788629,32.459699,0 -87.788659,32.460064,0 -87.788687,32.460281,0 -87.78872200000001,32.460496,0 -87.788783,32.460782,0 -87.788878,32.461131,0 -87.788963,32.461391,0 -87.78903699999999,32.461607,0 -87.789159,32.46188,0 -87.789417,32.462409,0 -87.79011300000001,32.463797,0 -87.790296,32.464177,0 -87.790755,32.465089,0 -87.791054,32.465698,0 -87.791107,32.465812,0 -87.7915017,32.4666116,0 -87.7921,32.467765,0 -87.79242000000001,32.468421,0 -87.79277500000001,32.469127,0 -87.79284800000001,32.469265,0 -87.792885,32.469337,0 -87.793262,32.47009,0 -87.79329300000001,32.470165,0 -87.793432,32.470435,0 -87.793915,32.471401,0 -87.79490800000001,32.473385,0 -87.795252,32.474106,0 -87.79572899999999,32.475009,0 -87.795771,32.475082,0 -87.796277,32.475989,0 -87.796738,32.476782,0 -87.798068,32.47892,0 -87.798345,32.479349,0 -87.79853900000001,32.479658,0 -87.79921,32.480784,0 -87.799328,32.48097,0 -87.799791,32.481755,0 -87.80043999999999,32.482878,0 -87.8005622,32.4831116,0 -87.801141,32.484129,0 -87.80147700000001,32.484741,0 -87.801914,32.485498,0 -87.8021115,32.4857789,0 -87.8022881,32.4860185,0 -87.8024138,32.4861914,0 -87.8025586,32.4863711,0 -87.8026509,32.4864801,0 -87.80273200000001,32.486576,0 -87.8028371,32.4866916000001,0 -87.8029361,32.4868005,0 -87.80307019999999,32.4869492,0 -87.803141,32.4870277,0 -87.8038172,32.487706,0 -87.80405,32.4879295,0 -87.80434529999999,32.4882442,0 -87.80487290000001,32.4887718,0 -87.8059306,32.4898437,0 -87.806106,32.490024,0 -87.806207,32.490119,0 -87.808521,32.492476,0 -87.80861,32.492576,0 -87.80877,32.492733,0 -87.809271,32.493239,0 -87.80944100000001,32.493408,0 -87.810401,32.494388,0 -87.81066300000001,32.494653,0 -87.811193,32.49519,0 -87.81152,32.49552,0 -87.812235,32.496248,0 -87.81295,32.496983,0 -87.81342100000001,32.49745,0 -87.81388,32.497928,0 -87.8139844,32.4980304,0 -87.814088,32.498132,0 -87.814306,32.498356,0 -87.8143219,32.4983713,0 -87.814387,32.498434,0 -87.8144547,32.4985026,0 -87.81464099999999,32.498685,0 -87.8157343,32.4998126,0 -87.81596399999999,32.5000299999999,0 -87.81605399999999,32.500129,0 -87.81622,32.5002860000001,0 -87.816867,32.500925,0 -87.81690399999999,32.500962,0 -87.8176658,32.501759,0 -87.8181846,32.5022965,0 -87.8185771,32.5027038,0 -87.8188734,32.5029882,0 -87.8190434,32.5031384,0 -87.8195478,32.5031569,0 -87.8206145,32.503199,0 -87.8210504,32.5032162,0 -87.82190300000001,32.5032499,0 -87.822701,32.5032729999999,0 -87.823239,32.503293,0 -87.8235694,32.5033061,0 -87.823795,32.503315,0 -87.8242693,32.5033318,0 -87.82489649999999,32.5033569,0 -87.82507219999999,32.5033632,0 -87.8254321,32.5033762,0 -87.82561680000001,32.5033828,0 -87.82626279999999,32.5034024,0 -87.826713,32.5034209,0 -87.8269445,32.5034323,0 -87.8274394,32.5034506,0 -87.8282619,32.5034843,0 -87.8291691,32.5035202,0 -87.8297908,32.503543,0 -87.8305738,32.503573,0 -87.8311504,32.503594,0 -87.8319249,32.5036221,0 -87.8321795,32.5036313,0 -87.8325049,32.5036416,0 -87.8332049,32.5036639,0 -87.8338023,32.5036818,0 -87.8342416,32.5036881,0 -87.834746,32.5036986,0 -87.8349846,32.5037055,0 -87.83517449999999,32.5037776000001,0 -87.835277,32.503821,0 -87.8353778,32.5039057,0 -87.83543090000001,32.5039858,0 -87.8354746,32.5040723,0 -87.83545650000001,32.5047418,0 -87.8354551,32.5047943,0 -87.8354458,32.5050065,0 -87.8353712,32.5053993,0 -87.83535259999999,32.5054661,0 -87.83534330000001,32.5055368,0 -87.8353165,32.5056517,0 -87.8352944,32.5057922,0 -87.83528389999999,32.5059316,0 -87.83527599999999,32.5063959,0 -87.835286,32.507663,0 -87.83527599999999,32.508933,0 -87.83525899999999,32.510173,0 -87.8352417,32.5114478,0 -87.83523099999999,32.51227,0 -87.83521500000001,32.513272,0 -87.835205,32.514296,0 -87.83519800000001,32.515292,0 -87.835193,32.5162297,0 -87.83518359999999,32.5164251,0 -87.835183,32.517243,0 -87.835176,32.517325,0 -87.835161,32.518406,0 -87.83634499999999,32.518413,0 -87.837548,32.518423,0 -87.8375211,32.5185202,0 -87.83753299999999,32.519472,0 -87.83752699999999,32.520474,0 -87.83751100000001,32.521537,0 -87.837504,32.522599,0 -87.83749,32.523604,0 -87.83747339999999,32.5246159,0 -87.8374534,32.5249193,0 -87.83744799999999,32.5250981,0 -87.8374364,32.5264952,0 -87.8374347,32.5278474,0 -87.8374257,32.5298844,0 -87.8374194,32.5301641,0 -87.837411,32.5306225,0 -87.8373649,32.5315668,0 -87.8373473,32.5318478,0 -87.83733599999999,32.5320052000001,0 -87.8373306,32.5320757,0 -87.8373208,32.532266,0 -87.83731400000001,32.5323777,0 -87.8372851,32.5326618,0 -87.8372158,32.533313,0 -87.8372018,32.5334209,0 -87.8371459,32.5338809,0 -87.8370383,32.5346285,0 -87.8363142,32.53968,0 -87.83611639999999,32.5409685,0 -87.8348421,32.5498633,0 -87.834738,32.550744,0 -87.834444,32.552816,0 -87.8343734,32.5533343,0 -87.83431299999999,32.5538289,0 -87.83425029999999,32.5544798,0 -87.8342093,32.5550385,0 -87.83419600000001,32.555256,0 -87.8341686,32.5558311,0 -87.8341606,32.5562417,0 -87.8341551,32.5564871,0 -87.8341561,32.5567754,0 -87.83417,32.557616,0 -87.834219,32.55859,0 -87.834345,32.560136,0 -87.834389,32.560626,0 -87.83452800000001,32.5622625,0 -87.8345934,32.5629258,0 -87.834689,32.563972,0 -87.8347279,32.5644376,0 -87.83478100000001,32.5650903,0 -87.835013,32.567681,0 -87.8351966,32.5697638,0 -87.8352471,32.5702799,0 -87.835386,32.5718904,0 -87.83543640000001,32.5725483,0 -87.835646,32.574849,0 -87.835773,32.57638,0 -87.83580600000001,32.57689,0 -87.835876,32.578946,0 -87.83591300000001,32.579528,0 -87.835919,32.579676,0 -87.836072,32.581353,0 -87.836477,32.58596,0 -87.836602,32.587497,0 -87.836628,32.587791,0 -87.8368655,32.5905039,0 -87.836879,32.5905943,0 -87.836894,32.590823,0 -87.83695899999999,32.5915269999999,0 -87.837052,32.592537,0 -87.8370706,32.5927405,0 -87.837093,32.592985,0 -87.837108,32.593165,0 -87.837204,32.594288,0 -87.83722400000001,32.59452,0 -87.83725099999999,32.594938,0 -87.837266,32.595177,0 -87.837265,32.59547,0 -87.837238,32.595908,0 -87.837216,32.596126,0 -87.837174,32.596417,0 -87.8371003,32.5967635,0 -87.837081,32.596854,0 -87.836923,32.597499,0 -87.836561,32.598863,0 -87.836499,32.599097,0 -87.836091,32.600634,0 -87.835932,32.601201,0 -87.8357029,32.601812,0 -87.83550990000001,32.602311,0 -87.8353013,32.6027884,0 -87.8349248,32.6035393,0 -87.8345714,32.6041616,0 -87.83419429999999,32.6048081,0 -87.83351690000001,32.6059383,0 -87.8333185,32.6062956,0 -87.83305230000001,32.6068189,0 -87.8329002,32.6071988,0 -87.8327857,32.6075436,0 -87.8326804,32.6078881,0 -87.8326216,32.608136,0 -87.8325524,32.6085669,0 -87.83250150000001,32.6089517,0 -87.832482,32.609397,0 -87.8324911,32.6097861,0 -87.8325524,32.6103347,0 -87.8326216,32.6107228,0 -87.83275209999999,32.6112944,0 -87.8328422,32.6116924,0 -87.8329035,32.6119629,0 -87.833174,32.613127,0 -87.83336300000001,32.613898,0 -87.833524,32.614472,0 -87.83359400000001,32.614685,0 -87.83379499999999,32.615254,0 -87.833986,32.615741,0 -87.834074,32.615948,0 -87.834197,32.616219,0 -87.834261,32.616359,0 -87.834565,32.616967,0 -87.834712,32.617236,0 -87.834946,32.617632,0 -87.83519200000001,32.618021,0 -87.835536,32.61853,0 -87.83571600000001,32.618782,0 -87.835855,32.618966,0 -87.83617099999999,32.619366,0 -87.83629000000001,32.619515,0 -87.83644099999999,32.619695,0 -87.836803,32.620111,0 -87.83717799999999,32.620508,0 -87.837345,32.620674,0 -87.837568,32.620888,0 -87.837632,32.620949,0 -87.838099,32.621383,0 -87.839381,32.6225519999999,0 -87.83974499999999,32.622884,0 -87.840226,32.623322,0 -87.840394,32.62348,0 -87.841938,32.624879,0 -87.84688370000001,32.6293936,0 -87.84822699999999,32.6306050000001,0 -87.848664,32.631,0 -87.84939799999999,32.631672,0 -87.852361,32.634377,0 -87.85355199999999,32.635461,0 -87.853589,32.635495,0 -87.8536,32.635505,0 -87.853819,32.635709,0 -87.854096,32.635942,0 -87.854282,32.636089,0 -87.854539,32.636291,0 -87.854578,32.636319,0 -87.85480099999999,32.636474,0 -87.85490299999999,32.636547,0 -87.85517900000001,32.636725,0 -87.855391,32.63685,0 -87.855576,32.636953,0 -87.855754,32.637053,0 -87.856112,32.637231,0 -87.85633799999999,32.637335,0 -87.856801,32.637528,0 -87.857035,32.637614,0 -87.85761599999999,32.637821,0 -87.858271,32.638033,0 -87.858609,32.638135,0 -87.859182,32.63832,0 -87.859999,32.638581,0 -87.860885,32.638863,0 -87.862267,32.639308,0 -87.862486,32.639375,0 -87.862587,32.639406,0 -87.863156,32.639592,0 -87.86382500000001,32.639803,0 -87.864085,32.639881,0 -87.865994,32.640483,0 -87.866804,32.640745,0 -87.867285,32.640914,0 -87.86775400000001,32.6411,0 -87.86798210000001,32.6411991,0 -87.868235,32.641309,0 -87.868285,32.641332,0 -87.86865899999999,32.641525,0 -87.869024,32.64172,0 -87.869451,32.64197,0 -87.869867,32.642232,0 -87.87007,32.64237,0 -87.870465,32.642657,0 -87.870722,32.642856,0 -87.870948,32.64304,0 -87.871295,32.643309,0 -87.873552,32.645085,0 -87.87523400000001,32.646408,0 -87.875497,32.646604,0 -87.875744,32.64678,0 -87.878832,32.649203,0 -87.879722,32.649911,0 -87.88059699999999,32.650606,0 -87.88129669999999,32.6511664,0 -87.88152530000001,32.6513477,0 -87.8817552,32.6515281,0 -87.882051,32.651772,0 -87.882488,32.652112,0 -87.882994,32.652513,0 -87.88471800000001,32.653861,0 -87.8850772,32.6541449,0 -87.88541499999999,32.654412,0 -87.885903,32.654828,0 -87.88614,32.65504,0 -87.886488,32.655372,0 -87.88691,32.655789,0 -87.887052,32.655946,0 -87.887066,32.655962,0 -87.887423,32.656357,0 -87.887467,32.656407,0 -87.887618,32.656588,0 -87.88855700000001,32.65784,0 -87.88858999999999,32.657884,0 -87.88945,32.659242,0 -87.891141,32.661976,0 -87.89283399999999,32.664702,0 -87.893191,32.665266,0 -87.893399,32.665619,0 -87.89352,32.66581,0 -87.89359899999999,32.665923,0 -87.893674,32.666061,0 -87.893717,32.666131,0 -87.895385,32.668799,0 -87.896224,32.670161,0 -87.896342,32.67035,0 -87.896505,32.670609,0 -87.896517,32.6706286,0 -87.896717,32.670955,0 -87.896908,32.6712689999999,0 -87.897176,32.671728,0 -87.89743,32.672193,0 -87.89766299999999,32.672666,0 -87.897873,32.673144,0 -87.898049,32.673596,0 -87.898062,32.67363,0 -87.89823199999999,32.674121,0 -87.898342,32.674469,0 -87.89838899999999,32.674616,0 -87.898527,32.675114,0 -87.89863699999999,32.675615,0 -87.89921699999999,32.678433,0 -87.89941399999999,32.679391,0 -87.899745,32.681002,0 -87.900611,32.685212,0 -87.900919,32.6867310000001,0 -87.901549,32.689757,0 -87.901777,32.690879,0 -87.9018349,32.691165,0 -87.901856,32.691269,0 -87.90191,32.691528,0 -87.902128,32.69258,0 -87.902171,32.692788,0 -87.902789,32.695825,0 -87.902878,32.696333,0 -87.902956,32.696841,0 -87.903023,32.697353,0 -87.90315,32.698628,0 -87.9033402,32.7005467,0 -87.9037969,32.7052885,0 -87.9039089,32.7064327,0 -87.904252,32.710003,0 -87.9043762,32.7112725,0 -87.904651,32.714083,0 -87.90504129999999,32.7179897,0 -87.905528,32.72303,0 -87.90601700000001,32.728018,0 -87.906077,32.728634,0 -87.9060861,32.7287299,0 -87.906222,32.73017,0 -87.90626399999999,32.730603,0 -87.90652,32.733237,0 -87.906674,32.734771,0 -87.907268,32.740902,0 -87.907338,32.741604,0 -87.9073508,32.7417337,0 -87.90767099999999,32.744971,0 -87.907734,32.745682,0 -87.907754,32.7458880000001,0 -87.907758,32.74597,0 -87.908468,32.7532170000001,0 -87.90848509999999,32.7533911,0 -87.90887600000001,32.757375,0 -87.908969,32.758305,0 -87.909183,32.760441,0 -87.909481,32.763528,0 -87.909809,32.766922,0 -87.909899,32.767832,0 -87.909992,32.768769,0 -87.910281,32.77168,0 -87.910309,32.771968,0 -87.9103432,32.7725807,0 -87.91034139999999,32.7729046,0 -87.91032730000001,32.7731248999999,0 -87.910295,32.7733482,0 -87.91025329999999,32.7735726,0 -87.910195,32.7738212,0 -87.91014749999999,32.7739971,0 -87.9100878,32.7741835,0 -87.90997640000001,32.7744568,0 -87.9096418,32.7752615,0 -87.9092922,32.776073,0 -87.90906080000001,32.7766249,0 -87.9089072,32.7769682,0 -87.9087423,32.7773112,0 -87.9085632,32.7776643999999,0 -87.906181,32.782153,0 -87.905215,32.783949,0 -87.905123,32.784122,0 -87.904746,32.784832,0 -87.904247,32.785772,0 -87.902686,32.788711,0 -87.900378,32.793044,0 -87.899868,32.793993,0 -87.899689,32.794325,0 -87.898492,32.796584,0 -87.898202,32.797133,0 -87.896957,32.799469,0 -87.894446,32.804181,0 -87.894036,32.8049579999999,0 -87.8939872,32.8050442,0 -87.89392100000001,32.805161,0 -87.893897,32.805216,0 -87.892213,32.808372,0 -87.89213599999999,32.80851,0 -87.89197,32.808833,0 -87.89065100000001,32.811303,0 -87.890224,32.812103,0 -87.889472,32.813513,0 -87.888887,32.814629,0 -87.888733,32.814922,0 -87.88848900000001,32.815395,0 -87.88839400000001,32.8155979999999,0 -87.888254,32.815868,0 -87.888059,32.816274,0 -87.88789800000001,32.816626,0 -87.88762,32.81722,0 -87.88754400000001,32.817377,0 -87.887388,32.81777,0 -87.8871539,32.8182836,0 -87.887032,32.818561,0 -87.8869605,32.8186981,0 -87.886745,32.819187,0 -87.886653,32.819425,0 -87.886261,32.820248,0 -87.88614,32.820487,0 -87.886049,32.820667,0 -87.885932,32.820923,0 -87.8856948,32.8214431,0 -87.8855774,32.8217005,0 -87.884905,32.823175,0 -87.884237,32.824638,0 -87.88396299999999,32.8252480000001,0 -87.883864,32.825448,0 -87.88362600000001,32.825996,0 -87.882662,32.828119,0 -87.8824425,32.8285726,0 -87.88237530000001,32.8287301,0 -87.88207199999999,32.829377,0 -87.882054,32.829414,0 -87.8816681,32.8302782,0 -87.881466,32.8307307,0 -87.88144509999999,32.83078,0 -87.88138960000001,32.8308969,0 -87.88093929999999,32.8318824,0 -87.88073369999999,32.8323859,0 -87.8807108,32.832442,0 -87.8805464,32.8327843,0 -87.8804841,32.8329414,0 -87.8802668,32.8335322,0 -87.8800423,32.83415,0 -87.8798297,32.834771,0 -87.8797464,32.835054,0 -87.879758,32.835411,0 -87.879775,32.835485,0 -87.87982,32.835628,0 -87.8798657,32.8357332,0 -87.879975,32.835985,0 -87.880582,32.836424,0 -87.88066499999999,32.836495,0 -87.880895,32.836682,0 -87.881196,32.836924,0 -87.88170390000001,32.8373443,0 -87.881868,32.83747,0 -87.8820133,32.8375878,0 -87.8826158,32.8380763,0 -87.88281670000001,32.8382462,0 -87.88332339999999,32.8386483,0 -87.8836371,32.8388973,0 -87.8838349,32.8390579,0 -87.8840075,32.8391979,0 -87.88438960000001,32.839508,0 -87.8845704,32.8396547999999,0 -87.8847627,32.8398112,0 -87.88483050000001,32.8398685,0 -87.88490299999999,32.8399217,0 -87.8849798,32.8399704,0 -87.8850604,32.8400145,0 -87.8851274,32.8400463,0 -87.88519650000001,32.8400749,0 -87.8852778,32.8400999,0 -87.885361,32.8401199,0 -87.88544570000001,32.840135,0 -87.88554070000001,32.8401457,0 -87.8856364,32.8401501,0 -87.88573030000001,32.8401544,0 -87.8865588,32.8401675,0 -87.88686989999999,32.8401724,0 -87.8869778,32.8401766,0 -87.88697639999999,32.8403004,0 -87.88693809999999,32.8408553,0 -87.88693600000001,32.840958,0 -87.8868289,32.8409598,0 -87.886583,32.840964,0 -87.8862563,32.8409601,0 -87.88583199999999,32.840955,0 -87.885727,32.840953,0 -87.885454,32.84093,0 -87.8851483,32.8408831,0 -87.88511579999999,32.8408781,0 -87.88472109999999,32.8407927,0 -87.8841425,32.8406448,0 -87.88394599999999,32.840598,0 -87.88353600000001,32.840539,0 -87.88333900000001,32.840524,0 -87.882783,32.840497,0 -87.882007,32.840486,0 -87.881187,32.840459,0 -87.880391,32.8404575,0 -87.88012999999999,32.840466,0 -87.87947370000001,32.8405628,0 -87.8792629,32.8406121,0 -87.8787499,32.8407515,0 -87.878523,32.840822,0 -87.878291,32.840919,0 -87.878062,32.841022,0 -87.877837,32.841135,0 -87.87761999999999,32.841256,0 -87.877408,32.841386,0 -87.877139,32.841575,0 -87.876949,32.841727,0 -87.8768027,32.8418486,0 -87.876735,32.841915,0 -87.87653899999999,32.842106,0 -87.876092,32.84265,0 -87.87527300000001,32.844026,0 -87.874365,32.845582,0 -87.873766,32.846609,0 -87.87366,32.84679,0 -87.87339799999999,32.847254,0 -87.873204,32.847637,0 -87.873158,32.847727,0 -87.872963,32.848211,0 -87.872794,32.848709,0 -87.8727399,32.8489265,0 -87.872668,32.849215,0 -87.87258199999999,32.849725,0 -87.872531,32.850229,0 -87.872528,32.850746,0 -87.872551,32.851261,0 -87.87255399999999,32.851307,0 -87.87274739999999,32.8548498,0 -87.8727523,32.8549388,0 -87.872874,32.856879,0 -87.872905,32.857416,0 -87.87296790000001,32.8585634,0 -87.87297700000001,32.85873,0 -87.87299,32.858874,0 -87.873183,32.86224,0 -87.873188,32.862395,0 -87.873251,32.86356,0 -87.873257,32.864071,0 -87.873223,32.864579,0 -87.87315,32.865085,0 -87.87304,32.865585,0 -87.872888,32.866078,0 -87.872702,32.866566,0 -87.871792,32.868765,0 -87.87167700000001,32.8690447,0 -87.87004899999999,32.873005,0 -87.86985300000001,32.873483,0 -87.869823,32.873544,0 -87.869088,32.875327,0 -87.86865400000001,32.876379,0 -87.86810699999999,32.877706,0 -87.8680803,32.8777707,0 -87.867963,32.878055,0 -87.86774200000001,32.878591,0 -87.86749500000001,32.879195,0 -87.867097,32.880163,0 -87.866789,32.880913,0 -87.866738,32.881017,0 -87.86668,32.881158,0 -87.866624,32.88131,0 -87.866544,32.881495,0 -87.86614299999999,32.882474,0 -87.865863,32.883158,0 -87.865759,32.883438,0 -87.865661,32.883719,0 -87.865593,32.883933,0 -87.86544600000001,32.884436,0 -87.865354,32.884794,0 -87.86527,32.885154,0 -87.865171,32.885658,0 -87.865084,32.886167,0 -87.8650126,32.8866017,0 -87.8649999,32.886679,0 -87.864599,32.88912,0 -87.8644029,32.8903129,0 -87.864261,32.891176,0 -87.8642522,32.8912369,0 -87.86423600000001,32.891349,0 -87.86409399999999,32.892201,0 -87.86369910000001,32.8945858,0 -87.863602,32.895172,0 -87.86338000000001,32.896514,0 -87.86330100000001,32.896966,0 -87.86326099999999,32.897232,0 -87.86320310000001,32.8974724,0 -87.863097,32.897883,0 -87.863033,32.898082,0 -87.862955,32.898305,0 -87.86287400000001,32.898514,0 -87.862736,32.898834,0 -87.86267100000001,32.898936,0 -87.862635,32.899012,0 -87.86245599999999,32.899348,0 -87.862431,32.899389,0 -87.86234,32.899544,0 -87.862171,32.899807,0 -87.861943,32.9001349999999,0 -87.86139300000001,32.900855,0 -87.86112369999999,32.9012026,0 -87.86054,32.901956,0 -87.85958599999999,32.903188,0 -87.859454,32.903331,0 -87.85916400000001,32.903723,0 -87.85898400000001,32.903967,0 -87.857719,32.905603,0 -87.85728,32.906171,0 -87.85642199999999,32.907273,0 -87.855406,32.908586,0 -87.854927,32.909219,0 -87.85450299999999,32.909771,0 -87.854072,32.910319,0 -87.85363099999999,32.910862,0 -87.853173,32.9113969999999,0 -87.852701,32.9119230000001,0 -87.852215,32.912444,0 -87.852002,32.912658,0 -87.85059099999999,32.914127,0 -87.848726,32.916067,0 -87.8486,32.916204,0 -87.847629,32.91722,0 -87.84697300000001,32.9179,0 -87.84648300000001,32.918416,0 -87.844016,32.920979,0 -87.8438337,32.9211668,0 -87.84352,32.92149,0 -87.8432085,32.9218181,0 -87.843031,32.922005,0 -87.84139,32.923715,0 -87.84118700000001,32.923923,0 -87.84088800000001,32.92423,0 -87.84053400000001,32.924557,0 -87.84038099999999,32.9246868,0 -87.84029,32.924764,0 -87.840166,32.924867,0 -87.839781,32.92516,0 -87.83937299999999,32.925432,0 -87.838943,32.925685,0 -87.83850200000001,32.925919,0 -87.83804499999999,32.92613,0 -87.836659,32.926733,0 -87.836197,32.926927,0 -87.835722,32.927104,0 -87.83523099999999,32.927253,0 -87.834729,32.927369,0 -87.834219,32.927458,0 -87.833699,32.927515,0 -87.83318,32.927543,0 -87.832658,32.927545,0 -87.8322173,32.9275371,0 -87.831095,32.927517,0 -87.83031200000001,32.927498,0 -87.82937800000001,32.927481,0 -87.828761,32.92747,0 -87.828677,32.927466,0 -87.82849299999999,32.927464,0 -87.82816200000001,32.927462,0 -87.827906,32.927464,0 -87.827647,32.927476,0 -87.827135,32.927517,0 -87.826621,32.927579,0 -87.82611300000001,32.927672,0 -87.825608,32.927779,0 -87.825112,32.927914,0 -87.824625,32.9280719999999,0 -87.82415,32.928252,0 -87.823689,32.928455,0 -87.82316,32.928713,0 -87.82016849999999,32.9301364,0 -87.819875,32.930276,0 -87.81840200000001,32.930992,0 -87.816593,32.931871,0 -87.816149,32.932102,0 -87.81571,32.932344,0 -87.815061,32.932713,0 -87.81478,32.932885,0 -87.814627,32.932978,0 -87.814341,32.933146,0 -87.813671,32.93359,0 -87.813273,32.933871,0 -87.8131611,32.9339519,0 -87.812879,32.934156,0 -87.8125273,32.9344258,0 -87.81249699999999,32.934449,0 -87.812121,32.934753,0 -87.811746,32.935063,0 -87.81172100000001,32.935086,0 -87.81141,32.935359,0 -87.8113209,32.9354392,0 -87.811032,32.935699,0 -87.810688,32.936028,0 -87.81035,32.93636,0 -87.81001500000001,32.936705,0 -87.80967939999999,32.9370694,0 -87.80933400000001,32.937458,0 -87.809037,32.937812,0 -87.808746,32.938173,0 -87.80846200000001,32.938543,0 -87.80818600000001,32.938915,0 -87.8080392,32.9391268,0 -87.807922,32.939296,0 -87.807767,32.939531,0 -87.80766800000001,32.939681,0 -87.80711359999999,32.9405777,0 -87.806983,32.940789,0 -87.806417,32.94193,0 -87.805643,32.943556,0 -87.8048915,32.9451773,0 -87.80482960000001,32.9453108,0 -87.8044611,32.9461059,0 -87.80438940000001,32.9462614,0 -87.8037324,32.9476574,0 -87.803406,32.948335,0 -87.803268,32.948622,0 -87.803117,32.94894,0 -87.80282800000001,32.949568,0 -87.802398,32.950474,0 -87.802251,32.950781,0 -87.801965,32.951405,0 -87.80174220000001,32.9518787,0 -87.80167899999999,32.952013,0 -87.8016196,32.9521433,0 -87.80149299999999,32.952421,0 -87.801317,32.952834,0 -87.80116099999999,32.953251,0 -87.80103200000001,32.953657,0 -87.80102599999999,32.953674,0 -87.800912,32.954104,0 -87.800821,32.954535,0 -87.80075100000001,32.954966,0 -87.800701,32.955404,0 -87.80067200000001,32.95584,0 -87.80066600000001,32.956277,0 -87.800675,32.957596,0 -87.800667,32.958036,0 -87.800642,32.958475,0 -87.800594,32.958914,0 -87.800523,32.959349,0 -87.800431,32.959781,0 -87.800318,32.960212,0 -87.80018699999999,32.960641,0 -87.80003000000001,32.961064,0 -87.7999974,32.961147,0 -87.79983300000001,32.961565,0 -87.799705,32.961838,0 -87.799457,32.962501,0 -87.798956,32.963765,0 -87.79891600000001,32.9638810000001,0 -87.798663,32.9645199999999,0 -87.798481,32.964937,0 -87.798377,32.965151,0 -87.798258,32.965376,0 -87.798126,32.965615,0 -87.79787,32.965998,0 -87.79759199999999,32.966369,0 -87.797444,32.9665489999999,0 -87.7972503,32.9667735,0 -87.79698500000001,32.967081,0 -87.79604,32.968139,0 -87.7946804,32.9696722999999,0 -87.7944899,32.969889,0 -87.793705,32.970782,0 -87.792922,32.971659,0 -87.792615,32.972012,0 -87.792323,32.972381,0 -87.79204799999999,32.972754,0 -87.79179000000001,32.9731350000001,0 -87.79176699999999,32.973174,0 -87.79156,32.973523,0 -87.791348,32.973919,0 -87.79115,32.974322,0 -87.790976,32.974733,0 -87.79082200000001,32.97515,0 -87.79068700000001,32.975575,0 -87.790634,32.9757568,0 -87.79049999999999,32.976216,0 -87.790356,32.976734,0 -87.79015200000001,32.977468,0 -87.789965,32.978143,0 -87.78965599999999,32.979232,0 -87.78961,32.979383,0 -87.78957,32.979491,0 -87.789489,32.979737,0 -87.7892753,32.9804979,0 -87.78923399999999,32.980645,0 -87.78913,32.981073,0 -87.789058,32.981506,0 -87.78901399999999,32.981943,0 -87.788999,32.98238,0 -87.78901,32.9828189999999,0 -87.7891304,32.9842,0 -87.7891628,32.9846534,0 -87.7891877,32.9850107,0 -87.7892562,32.9858649,0 -87.7893248,32.9867111,0 -87.789395,32.987561,0 -87.789413,32.98787,0 -87.78943940000001,32.9881817,0 -87.78947669999999,32.9886232,0 -87.789494,32.988881,0 -87.789503,32.989099,0 -87.789509,32.989247,0 -87.789525,32.9896203,0 -87.789528,32.990009,0 -87.78952200000001,32.990205,0 -87.7895113,32.990504,0 -87.7894987,32.9907194,0 -87.789464,32.9911677,0 -87.78941399999999,32.991585,0 -87.78936779999999,32.9919288,0 -87.78931300000001,32.992258,0 -87.789288,32.992401,0 -87.7892465,32.9925902,0 -87.789175,32.9928859999999,0 -87.789112,32.993105,0 -87.78909400000001,32.993181,0 -87.78892999999999,32.993766,0 -87.7876206,32.9981027,0 -87.787195,32.999512,0 -87.786818,33.00079,0 -87.78672640000001,33.0011345,0 -87.786647,33.001433,0 -87.786551,33.001866,0 -87.786468,33.0023,0 -87.786402,33.0027349999999,0 -87.78634700000001,33.003172,0 -87.786197,33.004485,0 -87.78612099999999,33.004919,0 -87.786012,33.005349,0 -87.785877,33.005774,0 -87.78574500000001,33.006117,0 -87.78571700000001,33.006191,0 -87.78562700000001,33.006396,0 -87.78553100000001,33.0066,0 -87.7831278,33.0114586,0 -87.78275069999999,33.0122282,0 -87.7826456,33.0124365,0 -87.78173700000001,33.014227,0 -87.780992,33.015721,0 -87.780492,33.016738,0 -87.7803213,33.0170877,0 -87.78026800000001,33.017197,0 -87.779877,33.017992,0 -87.77926100000001,33.019222,0 -87.77895700000001,33.019847,0 -87.778665,33.020473,0 -87.77847800000001,33.020896,0 -87.778245,33.021461,0 -87.77819599999999,33.021617,0 -87.778138,33.021749,0 -87.777919,33.022376,0 -87.777721,33.023024,0 -87.77760000000001,33.023457,0 -87.777427,33.024109,0 -87.777399,33.024234,0 -87.777331,33.024543,0 -87.776877,33.026497,0 -87.776718,33.02715,0 -87.77657000000001,33.0278,0 -87.77645200000001,33.02823,0 -87.776295,33.028651,0 -87.77610300000001,33.02906,0 -87.77588,33.02946,0 -87.775621,33.02984,0 -87.775336,33.030212,0 -87.775021,33.030564,0 -87.774672,33.030894,0 -87.774159,33.031311,0 -87.77364799999999,33.031692,0 -87.77148099999999,33.033291,0 -87.7679499,33.0358999,0 -87.7678506,33.0359735,0 -87.7675656,33.0361848,0 -87.7671,33.03653,0 -87.76596499999999,33.0373630000001,0 -87.76530099999999,33.037861,0 -87.76477300000001,33.038248,0 -87.764707,33.038296,0 -87.762334,33.040052,0 -87.761419,33.040723,0 -87.76114,33.040927,0 -87.75994300000001,33.041814,0 -87.75875600000001,33.0427000000001,0 -87.75815799999999,33.043138,0 -87.7580451,33.0432253,0 -87.75790499999999,33.043326,0 -87.757795,33.043405,0 -87.75751,33.043611,0 -87.7568433,33.0441074,0 -87.755982,33.044736,0 -87.7557303,33.0449249,0 -87.755381,33.045187,0 -87.754606,33.045755,0 -87.754459,33.045883,0 -87.7542385,33.0460444999999,0 -87.7537214,33.0464234,0 -87.753131,33.046856,0 -87.752486,33.047342,0 -87.75188900000001,33.047778,0 -87.75174699999999,33.047883,0 -87.7514887,33.0480734,0 -87.7513038,33.0482096,0 -87.7511004,33.0483595,0 -87.7497801,33.0493324,0 -87.749402,33.049611,0 -87.749234,33.04974,0 -87.74907,33.049846,0 -87.748957,33.0499330000001,0 -87.748886,33.049975,0 -87.74857900000001,33.0502016,0 -87.7478121,33.0507677,0 -87.747366,33.051097,0 -87.747066,33.051343,0 -87.74694,33.051423,0 -87.746792,33.051519,0 -87.746399,33.05182,0 -87.746264,33.051904,0 -87.746185,33.051958,0 -87.746037,33.052062,0 -87.74587200000001,33.052206,0 -87.744833,33.052954,0 -87.74422300000001,33.053385,0 -87.743556,33.053848,0 -87.741771,33.055065,0 -87.741158,33.055478,0 -87.74036099999999,33.056027,0 -87.740206,33.05614,0 -87.7397764,33.0564316,0 -87.739599,33.056552,0 -87.73894199999999,33.056997,0 -87.7382386,33.0574787,0 -87.737984,33.057653,0 -87.73648799999999,33.05867,0 -87.7363964,33.0587331,0 -87.735265,33.059513,0 -87.7338355,33.0604825,0 -87.733419,33.060765,0 -87.732806,33.061189,0 -87.731583,33.062018,0 -87.730982,33.062432,0 -87.73079319999999,33.0625641,0 -87.730209,33.062973,0 -87.730076,33.06304,0 -87.72993,33.06315,0 -87.7294419,33.0635011,0 -87.728897,33.063893,0 -87.72870279999999,33.0640373,0 -87.728302,33.064335,0 -87.72789,33.06466,0 -87.72769099999999,33.064785,0 -87.726877,33.065413,0 -87.725815,33.066243,0 -87.72557,33.066433,0 -87.725328,33.066619,0 -87.72494399999999,33.066907,0 -87.72454999999999,33.067197,0 -87.724363,33.0673270000001,0 -87.724142,33.067479,0 -87.72361119999999,33.0678263,0 -87.72329499999999,33.068025,0 -87.72306,33.068151,0 -87.722979,33.068196,0 -87.722795,33.068275,0 -87.72215199999999,33.068626,0 -87.72186499999999,33.068765,0 -87.72168600000001,33.068852,0 -87.721215,33.069073,0 -87.720736,33.069273,0 -87.7201651,33.0695049,0 -87.720017,33.069563,0 -87.718574,33.070131,0 -87.717862,33.070417,0 -87.715011,33.071541,0 -87.714297,33.071829,0 -87.7136915,33.0720667,0 -87.7134185,33.0721738,0 -87.7125424,33.0725176,0 -87.712144,33.072674,0 -87.711432,33.072961,0 -87.71122990000001,33.0730402,0 -87.710342,33.073388,0 -87.709489,33.073742,0 -87.70878,33.07406,0 -87.70832,33.074285,0 -87.707877,33.074523,0 -87.70744500000001,33.074775,0 -87.707024,33.075035,0 -87.70661800000001,33.075318,0 -87.70652,33.075381,0 -87.706379,33.075508,0 -87.706311,33.075553,0 -87.70616510000001,33.0756649,0 -87.706118,33.075701,0 -87.70573899999999,33.0760089999999,0 -87.70537400000001,33.076331,0 -87.70501899999999,33.076662,0 -87.70500819999999,33.0766733,0 -87.7046878,33.0770112,0 -87.704025,33.07771,0 -87.703062,33.078763,0 -87.70265999999999,33.0791939,0 -87.702575,33.079285,0 -87.70248100000001,33.079389,0 -87.702099,33.079811,0 -87.70161400000001,33.080337,0 -87.701002,33.081017,0 -87.700433,33.081619,0 -87.699448,33.0826949999999,0 -87.698483,33.083731,0 -87.698153,33.084077,0 -87.697811,33.084415,0 -87.697462,33.084747,0 -87.697103,33.085074,0 -87.696732,33.085392,0 -87.696161,33.085856,0 -87.695584,33.086317,0 -87.6948905,33.0868658,0 -87.693495,33.08797,0 -87.692694,33.088603,0 -87.692123,33.089064,0 -87.69096999999999,33.089978,0 -87.690617,33.090246,0 -87.690512,33.090341,0 -87.69045199999999,33.09039,0 -87.690174,33.090634,0 -87.689718,33.091033,0 -87.689359,33.091363,0 -87.689013,33.091701,0 -87.688672,33.092041,0 -87.688182,33.092565,0 -87.687698,33.093091,0 -87.68755899999999,33.093245,0 -87.68714900000001,33.0937004,0 -87.6869598,33.0939106,0 -87.6868193,33.0940667,0 -87.6864609,33.0944647,0 -87.6861942,33.0947464,0 -87.6859876,33.0949875,0 -87.6856968,33.0953112,0 -87.6843607,33.0967983,0 -87.6840928,33.0970966000001,0 -87.68405319999999,33.0971407,0 -87.683423,33.097842,0 -87.683367,33.0979,0 -87.6817976,33.09963,0 -87.68047919999999,33.1010834,0 -87.680407,33.101163,0 -87.679345,33.102246,0 -87.67863819999999,33.1029553,0 -87.678248,33.103347,0 -87.677644,33.103963,0 -87.67749070000001,33.1041186,0 -87.677036,33.10458,0 -87.67699829999999,33.1046185,0 -87.6760616,33.1055752,0 -87.675348,33.106304,0 -87.675076,33.106596,0 -87.6741047,33.1075695,0 -87.6738076,33.1078672,0 -87.6735661,33.1081092,0 -87.67232199999999,33.109356,0 -87.6722822,33.1093966,0 -87.671995,33.10969,0 -87.671882,33.109803,0 -87.67103299999999,33.110661,0 -87.67098300000001,33.110712,0 -87.6692,33.112357,0 -87.66889999999999,33.112616,0 -87.6681353,33.1132689,0 -87.667367,33.1139250000001,0 -87.667288,33.113987,0 -87.665521,33.115366,0 -87.664852,33.115871,0 -87.6642714,33.1163232,0 -87.6636652,33.1168392,0 -87.6632606,33.1172023,0 -87.6599231,33.1200975,0 -87.6594951,33.1205004,0 -87.6592756,33.1207327,0 -87.6589979,33.1210598,0 -87.6587768,33.1213553,0 -87.65853269999999,33.1217392,0 -87.6584345,33.1219201,0 -87.65838100000001,33.1220249,0 -87.6580733,33.1226316,0 -87.6574268,33.1239228,0 -87.657312,33.12415,0 -87.656947,33.124882,0 -87.65622740000001,33.1263018,0 -87.6560427,33.1266784,0 -87.655756,33.127234,0 -87.655624,33.127491,0 -87.655383,33.127961,0 -87.65441939999999,33.1298885,0 -87.6543037,33.1301215,0 -87.65389999999999,33.130882,0 -87.653668,33.131276,0 -87.653541,33.13147,0 -87.65340500000001,33.131659,0 -87.653262,33.131845,0 -87.653111,33.132026,0 -87.652953,33.132202,0 -87.652787,33.132374,0 -87.65267799999999,33.132477,0 -87.652612,33.13254,0 -87.65243100000001,33.132702,0 -87.65218299999999,33.13291,0 -87.651792,33.133211,0 -87.650994,33.133795,0 -87.65034,33.134284,0 -87.650008,33.134526,0 -87.648685,33.135508,0 -87.648366,33.135769,0 -87.648098,33.136024,0 -87.648071,33.1360490000001,0 -87.647739,33.1364009999999,0 -87.647459,33.136775,0 -87.6472636,33.1370964,0 -87.64721900000001,33.1371698,0 -87.64711,33.1373675,0 -87.647008,33.1375627,0 -87.646936,33.137703,0 -87.6467966,33.1379625,0 -87.6466786,33.1381708,0 -87.64658180000001,33.1383274,0 -87.6464567,33.1385114,0 -87.6463009,33.1387133,0 -87.646156,33.1388926,0 -87.646,33.1390623,0 -87.645841,33.1392267,0 -87.645662,33.1393944,0 -87.6454658,33.1395684,0 -87.645104,33.1398749,0 -87.6446139,33.1402817,0 -87.64236099999999,33.142135,0 -87.642293,33.142187,0 -87.642094,33.142356,0 -87.641913,33.1425270000001,0 -87.641852,33.142574,0 -87.64143900000001,33.142955,0 -87.64086500000001,33.143517,0 -87.640591,33.143808,0 -87.64007599999999,33.144404,0 -87.63984929999999,33.1446872,0 -87.63958599999999,33.145016,0 -87.6379148,33.1471535,0 -87.6373792,33.1478379,0 -87.635099,33.150737,0 -87.63474600000001,33.151207,0 -87.634653,33.151325,0 -87.63436400000001,33.151708,0 -87.63411499999999,33.152017,0 -87.631697,33.155104,0 -87.630149,33.1570657,0 -87.62998109999999,33.1572795,0 -87.62975299999999,33.157576,0 -87.62830599999999,33.159425,0 -87.62790800000001,33.159919,0 -87.62765,33.1602439999999,0 -87.627483,33.160449,0 -87.62740700000001,33.160541,0 -87.62544,33.163071,0 -87.625334,33.163207,0 -87.625091,33.163506,0 -87.623886,33.16505,0 -87.623571,33.165467,0 -87.6228445,33.1663895,0 -87.62267629999999,33.1666024,0 -87.6217181,33.1678329,0 -87.62167599999999,33.167887,0 -87.62133900000001,33.168314,0 -87.6208877,33.1688893,0 -87.61973399999999,33.17036,0 -87.61893499999999,33.1713813,0 -87.61864869999999,33.1717473,0 -87.61820299999999,33.172317,0 -87.61726899999999,33.173513,0 -87.616921,33.173938,0 -87.61667799999999,33.1742449999999,0 -87.61644099999999,33.174552,0 -87.615855,33.175289,0 -87.615807,33.175354,0 -87.61556400000001,33.175652,0 -87.6154851,33.1757404,0 -87.615273,33.175978,0 -87.61511299999999,33.176156,0 -87.614769,33.176539,0 -87.614586,33.176738,0 -87.61424599999999,33.17711,0 -87.61373399999999,33.17766,0 -87.61315500000001,33.178297,0 -87.613028,33.178424,0 -87.612494,33.179011,0 -87.6119605,33.1796087,0 -87.6118592,33.1797222,0 -87.61174459999999,33.1798454,0 -87.61169270000001,33.1799012,0 -87.611406,33.18023,0 -87.6112565,33.1803883,0 -87.61115479999999,33.180496,0 -87.61104280000001,33.1806146,0 -87.6109651,33.1806968,0 -87.6109041,33.1807621,0 -87.61076009999999,33.180924,0 -87.6107513,33.1809334,0 -87.6107105,33.1809773,0 -87.6099036,33.1818454,0 -87.6098619,33.1818903,0 -87.609752,33.182008,0 -87.609683,33.182076,0 -87.60936100000001,33.1824304,0 -87.60910130000001,33.1827162,0 -87.60884799999999,33.182995,0 -87.60834,33.183548,0 -87.6082715,33.1836223,0 -87.608,33.183918,0 -87.607608,33.184339,0 -87.60751500000001,33.184438,0 -87.607411,33.18455,0 -87.607356,33.184616,0 -87.606534,33.185518,0 -87.606359,33.185705,0 -87.606228,33.185857,0 -87.606105,33.185982,0 -87.60545329999999,33.1866843,0 -87.605422,33.186718,0 -87.60521900000001,33.186951,0 -87.60495299999999,33.187244,0 -87.60477299999999,33.187426,0 -87.604662,33.1875399999999,0 -87.603824,33.188453,0 -87.603162,33.189166,0 -87.602446,33.189946,0 -87.6022724,33.1901434,0 -87.6020695,33.1903739,0 -87.6018796,33.190578,0 -87.60169500000001,33.190784,0 -87.6013348,33.1911829,0 -87.599801,33.192836,0 -87.599671,33.192991,0 -87.5995494,33.1931135,0 -87.599543,33.19312,0 -87.599484,33.193179,0 -87.5991104,33.1935851,0 -87.599059,33.193641,0 -87.5990293,33.1936752,0 -87.598699,33.194056,0 -87.598591,33.19418,0 -87.59821719999999,33.1945814,0 -87.59814489999999,33.1946498,0 -87.597831,33.195006,0 -87.5977566,33.1950878,0 -87.5975131,33.1953642,0 -87.597278,33.195614,0 -87.59721570000001,33.1956797,0 -87.597116,33.195785,0 -87.59697199999999,33.195943,0 -87.5969171,33.1960032,0 -87.59671489999999,33.1962249,0 -87.59626900000001,33.196714,0 -87.596159,33.196827,0 -87.59612540000001,33.1968636,0 -87.5959931,33.1970077,0 -87.595738,33.1972857,0 -87.595657,33.197374,0 -87.5952913,33.1977699,0 -87.595107,33.197974,0 -87.59499630000001,33.1980888,0 -87.594835,33.198256,0 -87.594607,33.198473,0 -87.59436789999999,33.1986759,0 -87.594303,33.198731,0 -87.593992,33.198988,0 -87.593797,33.199136,0 -87.59323000000001,33.199525,0 -87.592618,33.19986,0 -87.59224399999999,33.200043,0 -87.591785,33.200243,0 -87.591391,33.200394,0 -87.59089299999999,33.200567,0 -87.59038959999999,33.2006971,0 -87.589842,33.200831,0 -87.5896431,33.2008627,0 -87.5895998,33.2008696,0 -87.58934360000001,33.2009067,0 -87.5892525,33.2009175,0 -87.5891367,33.2009312,0 -87.5890101,33.2009462,0 -87.5886204,33.2009931,0 -87.5884655,33.2010027,0 -87.5884528,33.2010034999999,0 -87.58837680000001,33.2010082,0 -87.588123,33.2010156,0 -87.5879892,33.2010173,0 -87.5877972,33.2010196,0 -87.5876585,33.2010213000001,0 -87.58710259999999,33.2010091,0 -87.58703869999999,33.2010054,0 -87.58654009999999,33.2009766,0 -87.5862862,33.2009651,0 -87.5862308,33.2009623,0 -87.5858386,33.2009418,0 -87.585708,33.2009358,0 -87.585283,33.2009163,0 -87.58515939999999,33.2009106,0 -87.5849772,33.2009022,0 -87.58454020000001,33.2008822000001,0 -87.584383,33.200875,0 -87.583839,33.200864,0 -87.5834356,33.20086,0 -87.5831642,33.2008589,0 -87.582978,33.2008546,0 -87.582868,33.200847,0 -87.582756,33.2007891,0 -87.5827109,33.2007655,0 -87.5825112,33.2007545,0 -87.5822419,33.2007456,0 -87.5821121,33.2007478,0 -87.5819331,33.2007498,0 -87.5817086,33.2007455,0 -87.5813984,33.2007242,0 -87.5811715,33.2007112,0 -87.58069999999999,33.200679,0 -87.580635,33.200676,0 -87.5804869,33.2006681,0 -87.58037400000001,33.200662,0 -87.579892,33.200629,0 -87.57941700000001,33.200626,0 -87.5789841,33.2006161,0 -87.57848199999999,33.200591,0 -87.57816800000001,33.200567,0 -87.5776673,33.2005416,0 -87.577477,33.200532,0 -87.5772757,33.2005188,0 -87.5759576,33.2004341,0 -87.575486,33.200401,0 -87.574349,33.20026,0 -87.5737668,33.2001716,0 -87.57347300000001,33.200134,0 -87.572197,33.1999560000001,0 -87.57063580000001,33.1997541,0 -87.5698658,33.1996977,0 -87.5689778,33.1996779,0 -87.5682698,33.199694,0 -87.56811020000001,33.1997053,0 -87.56750599999999,33.199748,0 -87.5671464,33.199773,0 -87.565861,33.199834,0 -87.565918,33.200035,0 -87.5659378,33.2001063,0 -87.56601449999999,33.200291,0 -87.566186,33.200777,0 -87.5662796,33.2010051,0 -87.566433,33.201421,0 -87.56644300000001,33.2014474,0 -87.56652510000001,33.2016644,0 -87.5666346,33.2019266,0 -87.5666495,33.2019624,0 -87.566855,33.202526,0 -87.5669144,33.2026614,0 -87.5669273,33.2026984,0 -87.5669468,33.2027497,0 -87.5670375,33.2027965,0 -87.5670677,33.2028755,0 -87.5673517,33.2036211,0 -87.56739330000001,33.2037262,0 -87.56755029999999,33.204123,0 -87.56772599999999,33.2045665,0 -87.5677671,33.2046702,0 -87.5678052,33.2047623,0 -87.5678824,33.2049702,0 -87.56809389999999,33.2054598,0 -87.5681113,33.2055019,0 -87.56816600000001,33.205634,0 -87.5682091,33.2057273,0 -87.5683416,33.2060565,0 -87.5685069,33.2064481,0 -87.56855590000001,33.2065667,0 -87.56870840000001,33.2069547,0 -87.5688758,33.2073958,0 -87.56892620000001,33.2075265,0 -87.5689684,33.2076358,0 -87.5690735,33.207902,0 -87.56910139999999,33.20798,0 -87.56924410000001,33.2083489,0 -87.5692935,33.2084768,0 -87.56933770000001,33.2085791,0 -87.56939439999999,33.2087214,0 -87.56962590000001,33.2092984,0 -87.56967950000001,33.2094129,0 -87.5697467,33.209497,0 -87.5701481,33.209873,0 -87.571569,33.2111700000001,0 -87.5719,33.211509,0 -87.57241,33.212152,0 -87.5725851,33.2124043,0 -87.5727873,33.2127617,0 -87.57477249999999,33.2165455,0 -87.5749144,33.2168359,0 -87.575002,33.217015,0 -87.5758007,33.2185079,0 -87.57614700000001,33.219326,0 -87.57630109999999,33.2197346,0 -87.57636840000001,33.2199773000001,0 -87.57646750000001,33.2204047,0 -87.57651300000001,33.2206449,0 -87.57654669999999,33.2208843000001,0 -87.5765928,33.221215,0 -87.5766248,33.2214557,0 -87.5766306,33.2215497,0 -87.5766672,33.2223854,0 -87.5766756,33.2226672,0 -87.5766359,33.2232307,0 -87.5766277,33.2233602,0 -87.5766165,33.2234354,0 -87.57656919999999,33.2237533,0 -87.5765466,33.2239976,0 -87.57652419999999,33.2242402,0 -87.57648090000001,33.2247122,0 -87.5764784,33.2247493,0 -87.5764573,33.2250681,0 -87.5764595,33.2252003,0 -87.57646,33.2252299,0 -87.57652040000001,33.2254216,0 -87.57652400000001,33.2258115,0 -87.5765303,33.2264812,0 -87.5765407,33.2269626,0 -87.5765396,33.2270827,0 -87.5765382,33.2272375,0 -87.57654429999999,33.2274177,0 -87.5765459,33.2275693,0 -87.57655010000001,33.2276712,0 -87.5765512,33.2280233,0 -87.57655339999999,33.2285572,0 -87.5765608,33.2288138,0 -87.5765639,33.2290248,0 -87.5765674,33.2292782,0 -87.5765701,33.229475,0 -87.57657330000001,33.2297022,0 -87.5765765,33.2299222,0 -87.5765785,33.2300487,0 -87.57657930000001,33.2301019,0 -87.5765799,33.2301426,0 -87.57658069999999,33.230195,0 -87.5765956,33.2308771,0 -87.5765966,33.231226,0 -87.5765967,33.2312977,0 -87.5765969,33.231318,0 -87.5765986,33.2315215,0 -87.57659990000001,33.231681,0 -87.5766016,33.2318815,0 -87.5766023,33.2319836,0 -87.57660509999999,33.2323008,0 -87.576606,33.2324109,0 -87.57661210000001,33.2325318,0 -87.57662139999999,33.232716,0 -87.57662120000001,33.2327853,0 -87.5766461,33.2333408,0 -87.57665040000001,33.2335123,0 -87.5766515,33.2335552,0 -87.5766635,33.2338485,0 -87.5766733,33.2342979,0 -87.5766776,33.2344787,0 -87.5766781,33.2344987,0 -87.57668219999999,33.2345861,0 -87.5766831,33.2346281,0 -87.576683,33.2347266,0 -87.5766847,33.2348669,0 -87.576686,33.2349685,0 -87.576688,33.2351381,0 -87.57669129999999,33.235402,0 -87.5766933,33.2355575,0 -87.5766971,33.2361161,0 -87.5766994,33.2362882,0 -87.5767001,33.2365618,0 -87.5767005,33.2366235,0 -87.5766493,33.2367756,0 -87.576651,33.2370926,0 -87.5766517,33.2371751,0 -87.5766538,33.2374421,0 -87.576651,33.2376105,0 -87.57665710000001,33.2377266,0 -87.5766539,33.2381253,0 -87.57665780000001,33.2383321,0 -87.5766474,33.2384764,0 -87.5766112,33.2387961,0 -87.57660420000001,33.2388593,0 -87.5765672,33.2390213000001,0 -87.5767111,33.2390746,0 -87.5772096,33.2392715,0 -87.5772894,33.2392981,0 -87.57780320000001,33.239483,0 -87.5784501,33.2397158,0 -87.5785106,33.2397376,0 -87.5790676,33.2399263,0 -87.57932289999999,33.2400045,0 -87.57969009999999,33.2401171,0 -87.57981839999999,33.2401519,0 -87.5799507,33.2401877,0 -87.5802736,33.2402752,0 -87.5807808,33.2404018,0 -87.5808772,33.2404259,0 -87.5813029,33.2405131,0 -87.58175610000001,33.240606,0 -87.5818884,33.2406331,0 -87.5822335,33.2406897,0 -87.582357,33.24071,0 -87.5825437,33.2407406,0 -87.5828386,33.2407796,0 -87.58337040000001,33.2408449,0 -87.5835453,33.2408602,0 -87.5836961,33.2408736,0 -87.58385199999999,33.240887,0 -87.5840937,33.2409082,0 -87.58418930000001,33.2409153,0 -87.58438460000001,33.2409299,0 -87.58453849999999,33.2409413,0 -87.58460289999999,33.2409461,0 -87.58498470000001,33.2409619,0 -87.5850463,33.2409638,0 -87.58517190000001,33.2409677,0 -87.58528680000001,33.2409732,0 -87.58583950000001,33.2409731,0 -87.5865199,33.2409637,0 -87.58654970000001,33.2409629,0 -87.58667579999999,33.2409573,0 -87.5867425,33.2409555,0 -87.58688890000001,33.2409493,0 -87.58698990000001,33.2409433,0 -87.5872485,33.240928,0 -87.587335,33.2409229,0 -87.5876123,33.2409012,0 -87.58820679999999,33.2408471,0 -87.58830039999999,33.2408386,0 -87.5888372,33.2407753,0 -87.58908,33.2407388,0 -87.5891388,33.2407297,0 -87.58974000000001,33.240627,0 -87.5901226,33.2405614,0 -87.5902573,33.2405346,0 -87.59041879999999,33.2405024,0 -87.5905844,33.2404669,0 -87.59088629999999,33.2403970000001,0 -87.5910803,33.2403515,0 -87.5919337,33.2401498,0 -87.59207000000001,33.2401185,0 -87.5921896,33.2400903,0 -87.5922559,33.2400763,0 -87.5925077,33.2400153,0 -87.5928253,33.240057,0 -87.5929403,33.2400912,0 -87.59303,33.2401338,0 -87.5932723,33.2402735,0 -87.5933783,33.2403979,0 -87.5935291,33.2405749,0 -87.593611,33.2406709,0 -87.59372759999999,33.2408078,0 -87.59390139999999,33.2410241,0 -87.5940109,33.2411604,0 -87.5943082,33.2415268,0 -87.5944509,33.2417017,0 -87.5946368,33.2419155,0 -87.5948947,33.2421663,0 -87.5951536,33.2423912,0 -87.5955055,33.2426818,0 -87.59605759999999,33.2430899,0 -87.59662969999999,33.243523,0 -87.5970215,33.2438363,0 -87.5973157,33.2441099,0 -87.59775380000001,33.2445575,0 -87.59845799999999,33.2453218,0 -87.59903079999999,33.2459382,0 -87.5993158,33.2462431,0 -87.5993953,33.2463282,0 -87.6000792,33.2470598,0 -87.60066449999999,33.2477076,0 -87.6015421,33.2486468,0 -87.60181729999999,33.2489456,0 -87.6018993,33.2490288,0 -87.60207990000001,33.2492435,0 -87.60303140000001,33.2504329,0 -87.6033611,33.250845,0 -87.60376050000001,33.2513442,0 -87.6044114,33.2521579,0 -87.6046257,33.2525745,0 -87.60471800000001,33.2528102,0 -87.6047873,33.2530549,0 -87.605002,33.254613,0 -87.60508160000001,33.2553211,0 -87.6051976,33.2560669,0 -87.6054225,33.2574496,0 -87.605585,33.2579439,0 -87.6057802,33.258459,0 -87.6058642,33.2586789,0 -87.6059473,33.2589483,0 -87.6061065,33.2594386,0 -87.60623820000001,33.2598307,0 -87.6063054,33.260084,0 -87.6063298,33.2603148,0 -87.6063388,33.2605791,0 -87.6063351,33.2607795,0 -87.60628730000001,33.2609384,0 -87.6062415,33.2611069,0 -87.6062142,33.2612397,0 -87.60613960000001,33.2613835,0 -87.60594759999999,33.2617272,0 -87.6057856,33.2619831,0 -87.60566129999999,33.262131,0 -87.6055602,33.2622351,0 -87.6045671,33.2632574,0 -87.6041903,33.2636453,0 -87.6039524,33.2638902,0 -87.60336479999999,33.2644951,0 -87.60312070000001,33.2647463,0 -87.6029061,33.2649686,0 -87.60249469999999,33.2653946000001,0 -87.60233529999999,33.2655558,0 -87.6017334,33.2661645,0 -87.6013232,33.2665689,0 -87.60090409999999,33.266982,0 -87.6007872,33.2670973,0 -87.600281,33.2675891,0 -87.6000062,33.267873,0 -87.59984420000001,33.2680893,0 -87.5996384,33.2684161,0 -87.599491,33.2687311,0 -87.5994058,33.268933,0 -87.5993153,33.2691978,0 -87.5992651,33.2694491,0 -87.5992081,33.2697775,0 -87.5991989,33.2699602,0 -87.5991813,33.2703103,0 -87.5991813,33.271128,0 -87.59917129999999,33.2723645,0 -87.59917799999999,33.2735743,0 -87.5991847,33.2744925,0 -87.5992048,33.2746918,0 -87.5992215,33.2748577,0 -87.5992818,33.2751761,0 -87.599312,33.2753973,0 -87.5993656,33.275595,0 -87.5994159,33.2757893,0 -87.5996203,33.2767377,0 -87.5996363,33.2768023,0 -87.5997342,33.2771968,0 -87.5997656,33.2774974,0 -87.59978099999999,33.2776448,0 -87.59980090000001,33.2778878,0 -87.5998223,33.2781488,0 -87.59982050000001,33.2782937,0 -87.5998168,33.2785866,0 -87.59981449999999,33.2786962,0 -87.5997222,33.279553,0 -87.5996832,33.2800977,0 -87.5996682,33.2803075,0 -87.5995783,33.2815638,0 -87.59955600000001,33.2819713,0 -87.59953419999999,33.2821693,0 -87.59951150000001,33.2823755,0 -87.5994944,33.2827146,0 -87.59944640000001,33.2832935,0 -87.59934370000001,33.2838244,0 -87.5992339,33.2841862,0 -87.5991964,33.2842903,0 -87.5990662,33.2846363,0 -87.5988619,33.2850898,0 -87.5986309,33.2855816,0 -87.5983445,33.2861916,0 -87.5982601,33.2863658,0 -87.59818850000001,33.2865135,0 -87.598035,33.2868997,0 -87.5978245,33.2876078,0 -87.59775930000001,33.2878257999999,0 -87.5977304,33.2879223,0 -87.5976314,33.2883779,0 -87.5976172,33.2884665,0 -87.5975522,33.2888706,0 -87.5974853,33.2894995,0 -87.5974853,33.2898337,0 -87.59747539999999,33.2902843,0 -87.5974655,33.2905517,0 -87.597463,33.2909207000001,0 -87.597466,33.291277,0 -87.597466,33.291472,0 -87.5974789,33.291632,0 -87.5975176,33.2918813,0 -87.5975876,33.2922053,0 -87.597628,33.2923691,0 -87.597649,33.2924543,0 -87.59767840000001,33.2925736,0 -87.5978952,33.2934126,0 -87.59813130000001,33.2942849,0 -87.59835579999999,33.2951473,0 -87.598608,33.2960777,0 -87.5989725,33.2974228,0 -87.599017,33.297587,0 -87.6001006,33.3015856,0 -87.6004173,33.3026481,0 -87.60079210000001,33.3039817,0 -87.6008973,33.3043265,0 -87.60093879999999,33.3044751,0 -87.6010406,33.3049738,0 -87.6010891,33.3051658,0 -87.6011343,33.3053963,0 -87.601159,33.305522,0 -87.601373,33.306323,0 -87.601388,33.306381,0 -87.6014034,33.3064345,0 -87.601449,33.306593,0 -87.601589,33.307018,0 -87.601608,33.3070819,0 -87.601742,33.307533,0 -87.60189099999999,33.308112,0 -87.602012,33.308546,0 -87.602572,33.310692,0 -87.602592,33.310775,0 -87.602777,33.311554,0 -87.602829,33.3117898,0 -87.60284299999999,33.311853,0 -87.60287099999999,33.31198,0 -87.602942,33.312356,0 -87.60301,33.312621,0 -87.603284,33.3140059999999,0 -87.6033532,33.3143396,0 -87.603488,33.315081,0 -87.60354100000001,33.31532,0 -87.603674,33.316017,0 -87.604017,33.317815,0 -87.604051,33.318036,0 -87.604063,33.318199,0 -87.604224,33.318931,0 -87.604686,33.321325,0 -87.605037,33.323189,0 -87.605097,33.323509,0 -87.60535,33.324827,0 -87.60552300000001,33.325702,0 -87.60615199999999,33.329034,0 -87.606272,33.329653,0 -87.606478,33.330711,0 -87.6065728,33.3312142,0 -87.6066735,33.3317481,0 -87.60686149999999,33.332746,0 -87.60688,33.332844,0 -87.606937,33.333125,0 -87.607001,33.333485,0 -87.6071513,33.3342611,0 -87.6072049,33.3345377,0 -87.607406,33.335576,0 -87.607438,33.335807,0 -87.60757099999999,33.336491,0 -87.607617,33.336706,0 -87.60767,33.33692,0 -87.60771,33.337138,0 -87.60780800000001,33.337569,0 -87.607848,33.337775,0 -87.607939,33.338143,0 -87.6080034,33.3385329,0 -87.6082064,33.3393932,0 -87.6082911,33.3397525,0 -87.6083278,33.3399082,0 -87.60837600000001,33.340066,0 -87.60844520000001,33.3403467,0 -87.60864580000001,33.3412222,0 -87.608757,33.341757,0 -87.60879199999999,33.341904,0 -87.608806,33.341965,0 -87.608819,33.342016,0 -87.60905200000001,33.342939,0 -87.609183,33.3434060000001,0 -87.60930399999999,33.343895,0 -87.609403,33.3443265,0 -87.609405,33.344335,0 -87.60960900000001,33.345196,0 -87.60966999999999,33.345421,0 -87.6097345,33.3457021,0 -87.609843,33.346173,0 -87.609948,33.346603,0 -87.609999,33.346814,0 -87.61003700000001,33.34697,0 -87.6101251,33.3473464,0 -87.6102297,33.3477755,0 -87.61058,33.349213,0 -87.61062800000001,33.349435,0 -87.61157919999999,33.3533605,0 -87.61169099999999,33.353822,0 -87.611852,33.354452,0 -87.61203399999999,33.355148,0 -87.612138,33.355562,0 -87.612291,33.356206,0 -87.612583,33.357442,0 -87.61274299999999,33.358192,0 -87.612827,33.358629,0 -87.61288999999999,33.35907,0 -87.612942,33.35951,0 -87.61297999999999,33.359952,0 -87.613005,33.360391,0 -87.61301,33.360615,0 -87.61301400000001,33.360838,0 -87.613013,33.360968,0 -87.61301,33.361279,0 -87.613007,33.361354,0 -87.61299200000001,33.36172,0 -87.6129651,33.3621147,0 -87.612962,33.362161,0 -87.612916,33.362598,0 -87.612861,33.363031,0 -87.612852,33.3630924,0 -87.612797,33.363467,0 -87.612728,33.363889,0 -87.612701,33.364081,0 -87.612684,33.364207,0 -87.612674,33.364286,0 -87.61261399999999,33.364635,0 -87.612346,33.366391,0 -87.612285,33.366825,0 -87.612177,33.36748,0 -87.612048,33.36835,0 -87.6120452,33.3683659,0 -87.612009,33.36857,0 -87.611886,33.369377,0 -87.61179799999999,33.369994,0 -87.61175299999999,33.370303,0 -87.611441,33.3723293,0 -87.611282,33.373362,0 -87.6112021,33.3738993,0 -87.61111,33.374519,0 -87.61105360000001,33.3748754,0 -87.610972,33.3753910000001,0 -87.610816,33.376438,0 -87.61080219999999,33.3765355,0 -87.610741,33.376969,0 -87.610625,33.377682,0 -87.610268,33.380046,0 -87.60987799999999,33.382579,0 -87.60935499999999,33.385973,0 -87.60932699999999,33.38619,0 -87.609256,33.386618,0 -87.609225,33.38687,0 -87.609194,33.387078,0 -87.609143,33.387372,0 -87.60913499999999,33.387411,0 -87.609099,33.3875850000001,0 -87.6090629,33.387793,0 -87.6090432,33.3879119,0 -87.609016,33.388083,0 -87.608947,33.388451,0 -87.608649,33.389754,0 -87.6085581,33.3900909,0 -87.6083146,33.3909403999999,0 -87.60812900000001,33.39154,0 -87.60788700000001,33.392245,0 -87.607623,33.392944,0 -87.607562,33.393085,0 -87.60717699999999,33.393976,0 -87.60681200000001,33.394711,0 -87.606684,33.394941,0 -87.606562,33.39519,0 -87.6057775,33.3965333,0 -87.60550310000001,33.3970032,0 -87.60472300000001,33.398339,0 -87.60457100000001,33.398589,0 -87.603595,33.400253,0 -87.60302299999999,33.401245,0 -87.60286499999999,33.401589,0 -87.602812,33.4017300000001,0 -87.602767,33.401873,0 -87.6027522,33.4019329,0 -87.602712,33.402096,0 -87.602684,33.402239,0 -87.60264599999999,33.402529,0 -87.602535,33.403264,0 -87.602473,33.403627,0 -87.60239780000001,33.4041459,0 -87.6023864,33.4042247,0 -87.6023265,33.4046375,0 -87.602316,33.40471,0 -87.602237,33.405158,0 -87.60221,33.40547,0 -87.602209,33.405614,0 -87.60221900000001,33.405759,0 -87.602245,33.405904,0 -87.60230900000001,33.406118,0 -87.60237979999999,33.4063257,0 -87.602429,33.40647,0 -87.60267899999999,33.407172,0 -87.602861,33.407702,0 -87.602919,33.407871,0 -87.603048,33.408225,0 -87.603095,33.408368,0 -87.603151,33.408506,0 -87.603213,33.4086440000001,0 -87.603281,33.408779,0 -87.603358,33.40891,0 -87.603442,33.409036,0 -87.60368,33.409346,0 -87.604901,33.410879,0 -87.605149,33.411178,0 -87.605474,33.411617,0 -87.605547,33.411748,0 -87.605608,33.411887,0 -87.605654,33.412032,0 -87.60567899999999,33.412177,0 -87.605687,33.412323,0 -87.605687,33.412477,0 -87.60566300000001,33.4126299999999,0 -87.60561300000001,33.412846,0 -87.605152,33.4142650000001,0 -87.605047,33.414549,0 -87.6049737,33.41478,0 -87.604936,33.414899,0 -87.60477880000001,33.4153748,0 -87.604607,33.415895,0 -87.604568,33.41604,0 -87.604506,33.416327,0 -87.6045,33.416508,0 -87.60449,33.417279,0 -87.60446899999999,33.418875,0 -87.604467,33.419607,0 -87.60448,33.419978,0 -87.604491,33.42013,0 -87.604516,33.420276,0 -87.604541,33.420385,0 -87.60463470000001,33.4207359,0 -87.6047085,33.4210122,0 -87.604838,33.421497,0 -87.604919,33.421747,0 -87.60500399999999,33.422103,0 -87.605039,33.422323,0 -87.605052,33.422469,0 -87.605056,33.422617,0 -87.605054,33.422837,0 -87.605045,33.423129,0 -87.605026,33.423502,0 -87.6050248,33.4235375,0 -87.605001,33.424233,0 -87.604958,33.424748,0 -87.60493099999999,33.424967,0 -87.6048169,33.4256709,0 -87.604755,33.426053,0 -87.60470100000001,33.426423,0 -87.60463799999999,33.4269170000001,0 -87.60463300000001,33.427019,0 -87.60465000000001,33.427281,0 -87.60470100000001,33.427796,0 -87.6047488,33.4281427,0 -87.604839,33.428742,0 -87.604857,33.428885,0 -87.60487089999999,33.4289675,0 -87.604895,33.42911,0 -87.6051324,33.4307091,0 -87.6051825,33.4310464,0 -87.605197,33.431144,0 -87.605223,33.431289,0 -87.605272,33.4314981,0 -87.60530799999999,33.43164,0 -87.605367,33.431779,0 -87.605496,33.4319919999999,0 -87.606315,33.433118,0 -87.607246,33.434359,0 -87.607517,33.434727,0 -87.607681,33.434984,0 -87.60776,33.435122,0 -87.607822,33.435257,0 -87.607873,33.435397,0 -87.607918,33.43554,0 -87.608085,33.436197,0 -87.60816490000001,33.4364924,0 -87.608181,33.436552,0 -87.6082124,33.4366758,0 -87.608363,33.437269,0 -87.60837650000001,33.4373267,0 -87.6084312,33.437561,0 -87.6085327,33.4379957,0 -87.60854759999999,33.4380594,0 -87.608571,33.43816,0 -87.60860599999999,33.43831,0 -87.609145,33.440537,0 -87.609263,33.440961,0 -87.609402,33.441445,0 -87.60988,33.443354,0 -87.610018,33.443874,0 -87.610277,33.4449041,0 -87.61037899999999,33.44531,0 -87.6104411,33.4455717,0 -87.610483,33.445748,0 -87.610826,33.447113,0 -87.611195,33.448552,0 -87.611299,33.448912,0 -87.61132069999999,33.4489749,0 -87.611374,33.449129,0 -87.61142599999999,33.449272,0 -87.61148799999999,33.449413,0 -87.611558,33.449545,0 -87.6115685,33.4495685,0 -87.611588,33.449612,0 -87.611701,33.449824,0 -87.611822,33.450041,0 -87.611997,33.450296,0 -87.61208929999999,33.4504166,0 -87.61218599999999,33.450543,0 -87.61239399999999,33.450781,0 -87.6141756,33.4526418,0 -87.61453299999999,33.453015,0 -87.614688,33.453173,0 -87.61536,33.4538680000001,0 -87.615905,33.454438,0 -87.616129,33.4546670000001,0 -87.616349,33.4549,0 -87.616519,33.455067,0 -87.61681,33.455339,0 -87.616924,33.455453,0 -87.617221,33.45572,0 -87.617525,33.455983,0 -87.618471,33.456747,0 -87.6185078,33.4567755,0 -87.619114,33.457245,0 -87.620065,33.458008,0 -87.620572,33.458408,0 -87.621413,33.459071,0 -87.62176100000001,33.459355,0 -87.621855,33.459424,0 -87.62249,33.4599270000001,0 -87.623047,33.460393,0 -87.6234214,33.4607396,0 -87.623693,33.460991,0 -87.6241982,33.4615178,0 -87.624515,33.461848,0 -87.62477699999999,33.462148,0 -87.625029,33.462446,0 -87.625232,33.462696,0 -87.62524190000001,33.4627078,0 -87.62573500000001,33.463292,0 -87.625922,33.463521,0 -87.62619359999999,33.4638719,0 -87.626347,33.46407,0 -87.6263654,33.4640971,0 -87.6266411,33.4645022,0 -87.626869,33.464837,0 -87.626981,33.465037,0 -87.6271119,33.4652556,0 -87.627296,33.465563,0 -87.6274349,33.4658139,0 -87.627585,33.4660849999999,0 -87.6276872,33.4662914,0 -87.62779,33.466499,0 -87.62788399999999,33.4667,0 -87.627942,33.466836,0 -87.62799200000001,33.46698,0 -87.628079,33.467188,0 -87.62818799999999,33.467467,0 -87.6282611,33.4676331,0 -87.628276,33.467667,0 -87.6282884,33.4677092,0 -87.62831799999999,33.46781,0 -87.62852700000001,33.468442,0 -87.628636,33.468792,0 -87.628924,33.469648,0 -87.629124,33.470242,0 -87.62973100000001,33.472039,0 -87.629805,33.472226,0 -87.6301394,33.473224,0 -87.63018,33.473345,0 -87.630281,33.47366,0 -87.63077199999999,33.475102,0 -87.63080600000001,33.47522,0 -87.631002,33.4757860000001,0 -87.6317935,33.478139,0 -87.631891,33.478429,0 -87.631969,33.47864,0 -87.63272000000001,33.48084,0 -87.63295100000001,33.481541,0 -87.633027,33.48176,0 -87.633071,33.481889,0 -87.63318599999999,33.482245,0 -87.633286,33.482581,0 -87.633323,33.482719,0 -87.633437,33.483283,0 -87.633467,33.483499,0 -87.633549,33.484305,0 -87.633602,33.484909,0 -87.6336706,33.4857016,0 -87.63377199999999,33.486872,0 -87.63381939999999,33.487347,0 -87.63384499999999,33.487603,0 -87.63405899999999,33.489998,0 -87.634066,33.490085,0 -87.634092,33.490547,0 -87.634111,33.491275,0 -87.634094,33.493104,0 -87.6340812,33.4938228000001,0 -87.63408099999999,33.493836,0 -87.63406999999999,33.4942070000001,0 -87.634069,33.494645,0 -87.634062,33.494808,0 -87.634072,33.495069,0 -87.634089,33.495303,0 -87.634129,33.495607,0 -87.634193,33.495903,0 -87.634231,33.496049,0 -87.634274,33.496195,0 -87.634373,33.496479,0 -87.634495,33.496758,0 -87.634632,33.497031,0 -87.6346532,33.4970667000001,0 -87.634789,33.497295,0 -87.634963,33.497549,0 -87.63505499999999,33.497675,0 -87.63525,33.4979140000001,0 -87.635464,33.498147,0 -87.636799,33.49953,0 -87.63734599999999,33.500113,0 -87.637423,33.5002011,0 -87.63766,33.500472,0 -87.637964,33.500839,0 -87.63805170000001,33.5009529,0 -87.63826589999999,33.5012309,0 -87.63849399999999,33.501527,0 -87.638914,33.502094,0 -87.639487,33.502848,0 -87.639633,33.503034,0 -87.6396878,33.5031008,0 -87.639988,33.5034669999999,0 -87.640415,33.503942,0 -87.640749,33.5042890000001,0 -87.641096,33.504633,0 -87.641452,33.504962,0 -87.64182099999999,33.505283,0 -87.642197,33.505595,0 -87.642965,33.506206,0 -87.643266,33.506437,0 -87.643434,33.506559,0 -87.6444,33.507328,0 -87.644954,33.50779,0 -87.645139,33.507965,0 -87.645363,33.508187,0 -87.64578299999999,33.508657,0 -87.645982,33.508895,0 -87.64605299999999,33.508989,0 -87.646171,33.509144,0 -87.646349,33.5094,0 -87.646518,33.509662,0 -87.646674,33.509928,0 -87.64688700000001,33.510333,0 -87.64707799999999,33.510745,0 -87.647189,33.511024,0 -87.64733200000001,33.511449,0 -87.647413,33.5117476,0 -87.647719,33.51301,0 -87.64781499999999,33.513407,0 -87.647981,33.514065,0 -87.648335,33.515524,0 -87.64842400000001,33.515929,0 -87.648562,33.516838,0 -87.64861000000001,33.517277,0 -87.64864,33.517721,0 -87.64865899999999,33.518113,0 -87.648662,33.518164,0 -87.6487048,33.5193828,0 -87.64872200000001,33.519871,0 -87.648746,33.520601,0 -87.648757,33.52082,0 -87.648777,33.5214860000001,0 -87.648805,33.521929,0 -87.648833,33.522152,0 -87.64886799999999,33.522373,0 -87.64898599999999,33.522961,0 -87.649061,33.523252,0 -87.64915000000001,33.523547,0 -87.64931199999999,33.523986,0 -87.64940300000001,33.524208,0 -87.64949799999999,33.524409,0 -87.649739,33.524873,0 -87.649795,33.524988,0 -87.649835,33.525067,0 -87.650126,33.525678,0 -87.65100700000001,33.527476,0 -87.651235,33.527974,0 -87.651354,33.528263,0 -87.651465,33.528585,0 -87.651532,33.528798,0 -87.65177199999999,33.52968,0 -87.651944,33.530374,0 -87.65205899999999,33.530802,0 -87.65233000000001,33.531899,0 -87.652388,33.532114,0 -87.65245299999999,33.532389,0 -87.652567,33.532838,0 -87.652624,33.533009,0 -87.652873,33.533949,0 -87.652997,33.534456,0 -87.653111,33.534967,0 -87.65316799999999,33.535257,0 -87.65320699999999,33.535549,0 -87.653221,33.53571,0 -87.653245,33.535987,0 -87.653256,33.536281,0 -87.65326,33.536718,0 -87.653261,33.5368639999999,0 -87.653251,33.537886,0 -87.65325199999999,33.538003,0 -87.653255,33.538406,0 -87.65327600000001,33.538848,0 -87.653306,33.539214,0 -87.65334300000001,33.539507,0 -87.65339899999999,33.539799,0 -87.65356,33.540526,0 -87.653809,33.541601,0 -87.65453599999999,33.544736,0 -87.65464299999999,33.545177,0 -87.654703,33.545468,0 -87.654724,33.545614,0 -87.654757,33.545912,0 -87.65476200000001,33.546024,0 -87.654769,33.5462079999999,0 -87.65475499999999,33.54665,0 -87.654718,33.546942,0 -87.654664,33.547233,0 -87.654601,33.547521,0 -87.654443,33.548091,0 -87.654343,33.548523,0 -87.654307,33.5487430000001,0 -87.65428900000001,33.5488870000001,0 -87.654262,33.549177,0 -87.654257,33.549326,0 -87.65425999999999,33.549619,0 -87.65427200000001,33.549782,0 -87.65430499999999,33.550063,0 -87.654331,33.550207,0 -87.65439499999999,33.5505,0 -87.65448000000001,33.550789,0 -87.65458099999999,33.551074,0 -87.65470000000001,33.551356,0 -87.654831,33.551631,0 -87.655282,33.552518,0 -87.655895,33.553736,0 -87.656997,33.555901,0 -87.65719900000001,33.556307,0 -87.6572211,33.5563565,0 -87.657386,33.556725,0 -87.65747,33.556934,0 -87.657597,33.557289,0 -87.657686,33.557573,0 -87.657759,33.557861,0 -87.65781800000001,33.558152,0 -87.657864,33.5584450000001,0 -87.657898,33.558738,0 -87.65791900000001,33.559031,0 -87.657926,33.5593270000001,0 -87.657915,33.559771,0 -87.657888,33.560074,0 -87.657799,33.560707,0 -87.657753,33.561119,0 -87.657639,33.56166,0 -87.657512,33.562158,0 -87.6575077,33.5621724,0 -87.65744599999999,33.562481,0 -87.65742299999999,33.56265,0 -87.657386,33.56301,0 -87.657349,33.563968,0 -87.65734399999999,33.56439,0 -87.657337,33.565406,0 -87.657357,33.565849,0 -87.65739499999999,33.566291,0 -87.657462,33.566876,0 -87.65750800000001,33.567141,0 -87.657622,33.567976,0 -87.657911,33.569894,0 -87.658148,33.571431,0 -87.658209,33.57187,0 -87.658265,33.572386,0 -87.65829600000001,33.5728299999999,0 -87.6583325,33.5741338,0 -87.65833480000001,33.5742123,0 -87.65834099999999,33.574965,0 -87.658334,33.575579,0 -87.658345,33.575827,0 -87.658351,33.576379,0 -87.65836299999999,33.576737,0 -87.658376,33.578284,0 -87.65839099999999,33.579639,0 -87.658401,33.58002,0 -87.65840300000001,33.580219,0 -87.65841399999999,33.580486,0 -87.658463,33.581236,0 -87.6585,33.581672,0 -87.65865100000001,33.582975,0 -87.658793,33.583819,0 -87.658931,33.584524,0 -87.65909000000001,33.585262,0 -87.659143,33.585474,0 -87.65917,33.585638,0 -87.659194,33.585779,0 -87.65942200000001,33.58663,0 -87.659852,33.58809,0 -87.660106,33.588933,0 -87.66020330000001,33.5892629,0 -87.66038500000001,33.589879,0 -87.660614,33.590658,0 -87.66177,33.594581,0 -87.661856,33.594863,0 -87.663222,33.599501,0 -87.66333,33.599868,0 -87.663847,33.601625,0 -87.664753,33.604662,0 -87.66497699999999,33.605413,0 -87.66510599999999,33.605849,0 -87.665503,33.607187,0 -87.665593,33.607551,0 -87.66563499999999,33.607778,0 -87.66565,33.607917,0 -87.665663,33.608032,0 -87.665672,33.608305,0 -87.665661,33.608524,0 -87.66563600000001,33.608722,0 -87.665598,33.608902,0 -87.665588,33.608952,0 -87.665527,33.609182,0 -87.665454,33.609411,0 -87.66537599999999,33.60961,0 -87.665221,33.60992,0 -87.66503400000001,33.610249,0 -87.664044,33.611854,0 -87.66378400000001,33.612288,0 -87.663622,33.612582,0 -87.663509,33.612811,0 -87.663445,33.612963,0 -87.66336,33.613192,0 -87.663269,33.613501,0 -87.663201,33.613816,0 -87.66314800000001,33.614133,0 -87.663099,33.614531,0 -87.662981,33.615726,0 -87.66295700000001,33.615929,0 -87.662955,33.616076,0 -87.662931,33.616337,0 -87.66292,33.61654,0 -87.662798,33.617797,0 -87.662783,33.617947,0 -87.662745,33.618336,0 -87.66269699999999,33.618861,0 -87.662644,33.61943,0 -87.66253500000001,33.620525,0 -87.66246599999999,33.621107,0 -87.662342,33.621895,0 -87.662302,33.622057,0 -87.662239,33.622347,0 -87.66184699999999,33.623797,0 -87.661565,33.6248,0 -87.66127400000001,33.625833,0 -87.661025,33.626718,0 -87.6604643,33.6287331,0 -87.6604006,33.6289488,0 -87.66020709999999,33.6296072,0 -87.6601307,33.6298785,0 -87.66005970000001,33.6301398,0 -87.6600224,33.630277,0 -87.65998620000001,33.6304101,0 -87.65994600000001,33.630558,0 -87.659845,33.630914,0 -87.6597934,33.6310862,0 -87.6597587,33.6312057,0 -87.6597029,33.6314128,0 -87.6596176,33.6317044,0 -87.6595677,33.6318822,0 -87.6595354,33.6319971,0 -87.65949999999999,33.632123,0 -87.65980589999999,33.6323362,0 -87.65989399999999,33.632411,0 -87.660006,33.632507,0 -87.660059,33.632558,0 -87.66010439999999,33.63261,0 -87.660157,33.632667,0 -87.660251,33.632785,0 -87.660415,33.633033,0 -87.6609389,33.6340185,0 -87.66145400000001,33.635031,0 -87.661632,33.635364,0 -87.661736,33.635539,0 -87.661889,33.635852,0 -87.664614,33.641069,0 -87.66477399999999,33.641399,0 -87.664845,33.641563,0 -87.66490899999999,33.641728,0 -87.66496600000001,33.641893,0 -87.66501700000001,33.642058,0 -87.665098,33.642389,0 -87.665128,33.642556,0 -87.665149,33.642722,0 -87.665173,33.643055,0 -87.665178,33.643221,0 -87.66517,33.643458,0 -87.665156,33.643748,0 -87.665063,33.64512,0 -87.665059,33.645344,0 -87.665058,33.645391,0 -87.665024,33.645762,0 -87.664878,33.647868,0 -87.664868,33.6480119999999,0 -87.66484699999999,33.648362,0 -87.664798,33.648956,0 -87.66476,33.649568,0 -87.66474599999999,33.649708,0 -87.664722,33.650142,0 -87.664709,33.650291,0 -87.66470099999999,33.650729,0 -87.66470700000001,33.650881,0 -87.664723,33.651033,0 -87.664745,33.651189,0 -87.664806,33.6515,0 -87.664845,33.651657,0 -87.664891,33.651815,0 -87.664998,33.652136,0 -87.665238,33.652799,0 -87.665269,33.652901,0 -87.665443,33.653353,0 -87.665897,33.65461,0 -87.666,33.654928,0 -87.666045,33.655087,0 -87.66608100000001,33.655241,0 -87.66612000000001,33.655404,0 -87.66614800000001,33.655564,0 -87.666169,33.655726,0 -87.666192,33.656046,0 -87.666194,33.656211,0 -87.666186,33.656456,0 -87.666174,33.65662,0 -87.666134,33.656916,0 -87.666101,33.657107,0 -87.66602399999999,33.657427,0 -87.665975,33.657585,0 -87.66583,33.657979,0 -87.665086,33.6599,0 -87.665035,33.660058,0 -87.66499899999999,33.660218,0 -87.66497099999999,33.66038,0 -87.664958,33.66054,0 -87.66495999999999,33.660699,0 -87.66497200000001,33.660856,0 -87.664993,33.661011,0 -87.66502300000001,33.661164,0 -87.665066,33.661315,0 -87.66512,33.661464,0 -87.66518600000001,33.661611,0 -87.66525900000001,33.661757,0 -87.665347,33.6619,0 -87.66544399999999,33.662039,0 -87.665553,33.662174,0 -87.665674,33.662301,0 -87.66580500000001,33.662426,0 -87.666022,33.6626,0 -87.6669114,33.6632811,0 -87.6670975,33.6634443,0 -87.6672456,33.6635858,0 -87.6674239,33.6638019,0 -87.6675238,33.6639354,0 -87.66761459999999,33.6640769,0 -87.667723,33.664254,0 -87.6678244,33.6644615,0 -87.6678983,33.6646601,0 -87.667947,33.6648093,0 -87.6681741,33.6657437,0 -87.66833269999999,33.6664155,0 -87.66840689999999,33.6667434,0 -87.6684884,33.6670741,0 -87.6685923,33.6674894,0 -87.668702,33.667871,0 -87.66874900000001,33.668024,0 -87.668797,33.668157,0 -87.668857,33.668321,0 -87.668975,33.668617,0 -87.669043,33.668766,0 -87.669192,33.669062,0 -87.66944700000001,33.669502,0 -87.66954,33.669645,0 -87.66963800000001,33.669786,0 -87.669693,33.669858,0 -87.669847,33.67006,0 -87.670068,33.670328,0 -87.670346,33.670655,0 -87.670891,33.671296,0 -87.671153,33.671596,0 -87.671661,33.672175,0 -87.671824,33.67235,0 -87.6721589,33.6726866,0 -87.6723635,33.6728907,0 -87.6743446,33.6746613,0 -87.6747228,33.6750274,0 -87.6759599,33.67618,0 -87.67635919999999,33.6765343,0 -87.67674100000001,33.6768526,0 -87.6771498,33.6771943,0 -87.677752,33.677752,0 -87.67788,33.6778709999999,0 -87.67800099999999,33.677994,0 -87.678113,33.67812,0 -87.678218,33.678247,0 -87.678406,33.678505,0 -87.67848499999999,33.678639,0 -87.678557,33.678774,0 -87.679005,33.679701,0 -87.679468,33.680676,0 -87.67962,33.681006,0 -87.68011799999999,33.682059,0 -87.680459,33.682779,0 -87.680525,33.682908,0 -87.68068100000001,33.683157,0 -87.680773,33.683277,0 -87.680874,33.683392,0 -87.680983,33.683506,0 -87.68194200000001,33.684411,0 -87.682413,33.68485,0 -87.682664,33.685098,0 -87.682779,33.685231,0 -87.68288699999999,33.685365,0 -87.683082,33.685642,0 -87.683167,33.68578,0 -87.683319,33.686058,0 -87.68371,33.686862,0 -87.683781,33.6869899999999,0 -87.683825,33.687086,0 -87.68384,33.68712,0 -87.68397899999999,33.687378,0 -87.684134,33.687629,0 -87.684218,33.687754,0 -87.684307,33.687877,0 -87.68450300000001,33.688118,0 -87.68486,33.688512,0 -87.68552800000001,33.689232,0 -87.68571300000001,33.689406,0 -87.685819,33.6895,0 -87.685931,33.689588,0 -87.686049,33.689674,0 -87.686168,33.689753,0 -87.686542,33.689969,0 -87.686863,33.690143,0 -87.688148,33.690823,0 -87.68923100000001,33.691388,0 -87.6896,33.691587,0 -87.690737,33.692179,0 -87.691958,33.692824,0 -87.692897,33.693319,0 -87.693325,33.69354,0 -87.695046,33.694448,0 -87.695528,33.6946910000001,0 -87.695847,33.694838,0 -87.696382,33.695055,0 -87.698198,33.695708,0 -87.698351,33.6957540000001,0 -87.698656,33.695825,0 -87.698825,33.695854,0 -87.69899700000001,33.695869,0 -87.69917100000001,33.695873,0 -87.69935099999999,33.695868,0 -87.699534,33.69585,0 -87.699714,33.69582,0 -87.699889,33.695777,0 -87.700056,33.695724,0 -87.700372,33.695597,0 -87.70150099999999,33.695104,0 -87.703391,33.694278,0 -87.704955,33.693595,0 -87.706565,33.692894,0 -87.70853,33.692039,0 -87.708686,33.691984,0 -87.70884,33.691935,0 -87.708997,33.691895,0 -87.70915599999999,33.691866,0 -87.709318,33.691852,0 -87.70948,33.691833,0 -87.709687,33.691835,0 -87.70997800000001,33.691863,0 -87.710065,33.691876,0 -87.71023099999999,33.691909,0 -87.710392,33.691952,0 -87.710549,33.692006,0 -87.710701,33.692071,0 -87.710853,33.692143,0 -87.71180200000001,33.692652,0 -87.713814,33.693746,0 -87.714326,33.694012,0 -87.71455899999999,33.694111,0 -87.71485800000001,33.69422,0 -87.714956,33.69425,0 -87.715271,33.694323,0 -87.715571,33.694375,0 -87.71691300000001,33.69458,0 -87.717195,33.694616,0 -87.71733500000001,33.694628,0 -87.71747999999999,33.694633,0 -87.717628,33.694631,0 -87.717782,33.694622,0 -87.717941,33.694601,0 -87.71810000000001,33.69457,0 -87.718261,33.694532,0 -87.71841000000001,33.694482,0 -87.718554,33.694425,0 -87.718693,33.694361,0 -87.718825,33.694289,0 -87.718951,33.694209,0 -87.719071,33.694121,0 -87.719595,33.693682,0 -87.721423,33.692105,0 -87.72164100000001,33.691903,0 -87.722296,33.691361,0 -87.72247,33.691236,0 -87.72259200000001,33.691163,0 -87.72272100000001,33.691094,0 -87.72284999999999,33.691035,0 -87.723054,33.69096,0 -87.72333399999999,33.690888,0 -87.72361600000001,33.690832,0 -87.72398800000001,33.69077,0 -87.725694,33.690484,0 -87.726124,33.690419,0 -87.726275,33.690406,0 -87.72640699999999,33.690394,0 -87.72662200000001,33.690385,0 -87.72683600000001,33.690385,0 -87.72712199999999,33.690405,0 -87.72740899999999,33.6904439999999,0 -87.727766,33.690519,0 -87.72810699999999,33.690624,0 -87.728426,33.690743,0 -87.72851300000001,33.690776,0 -87.730986,33.691768,0 -87.73275700000001,33.692474,0 -87.733031,33.692578,0 -87.735068,33.693389,0 -87.736835,33.694099,0 -87.737289,33.694272,0 -87.73753499999999,33.694377,0 -87.73780600000001,33.694496,0 -87.73823299999999,33.694671,0 -87.73839599999999,33.694733,0 -87.73861100000001,33.694833,0 -87.738766,33.694892,0 -87.738896,33.694944,0 -87.7394827,33.695181,0 -87.740222,33.695473,0 -87.7406,33.695607,0 -87.74083,33.695672,0 -87.74098499999999,33.695706,0 -87.741219,33.695747,0 -87.74137500000001,33.695766,0 -87.741529,33.69578,0 -87.74175700000001,33.695792,0 -87.741986,33.695797,0 -87.743022,33.695771,0 -87.744482,33.695728,0 -87.745503,33.695698,0 -87.7456948,33.6956948,0 -87.747344,33.695649,0 -87.747883,33.69562,0 -87.748268,33.695572,0 -87.748501,33.695529,0 -87.74858999999999,33.695507,0 -87.748654,33.695492,0 -87.748807,33.695449,0 -87.748958,33.695401,0 -87.749184,33.695319,0 -87.749405,33.695222,0 -87.74966000000001,33.695087,0 -87.749942,33.69491,0 -87.750122,33.694777,0 -87.75023400000001,33.694682,0 -87.750281,33.694639,0 -87.750344,33.694582,0 -87.750445,33.69448,0 -87.75054299999999,33.694373,0 -87.750682,33.694206,0 -87.751153,33.693608,0 -87.751668,33.692954,0 -87.751767,33.692846,0 -87.751875,33.692744,0 -87.752049,33.692601,0 -87.75216899999999,33.692517,0 -87.752459,33.692338,0 -87.752683,33.692216,0 -87.75409999999999,33.691412,0 -87.75449500000001,33.691185,0 -87.754743,33.691043,0 -87.75488300000001,33.690952,0 -87.75508600000001,33.690807,0 -87.755275,33.690649,0 -87.755503,33.690419,0 -87.75565400000001,33.690235,0 -87.75584499999999,33.689984,0 -87.756683,33.688834,0 -87.756989,33.68843,0 -87.75715700000001,33.688218,0 -87.757301,33.688065,0 -87.75746700000001,33.687923,0 -87.7579563,33.6876803000001,0 -87.76068979999999,33.6867832,0 -87.7645626,33.6855168,0 -87.7655092,33.6852037,0 -87.7681139,33.6843517,0 -87.7684265,33.6842447,0 -87.7697246,33.6838002,0 -87.7719499,33.6830837,0 -87.7749587,33.6820843,0 -87.7761811,33.6816896,0 -87.77739699999999,33.6812816,0 -87.7793039,33.6806543,0 -87.7805554,33.6802435,0 -87.78119700000001,33.6800519,0 -87.781459,33.6799929999999,0 -87.78165799999999,33.679938,0 -87.78208739999999,33.6798526,0 -87.782483,33.6797946,0 -87.7827456,33.6797621,0 -87.7830537,33.6797395,0 -87.78332349999999,33.6797245,0 -87.78367919999999,33.6797225,0 -87.7839441,33.6797303,0 -87.7841715,33.6797415,0 -87.78448179999999,33.6797645,0 -87.7849425,33.6798115,0 -87.7858098,33.6799164,0 -87.7862222,33.679963,0 -87.78644920000001,33.679991,0 -87.78766709999999,33.6801415,0 -87.78873419999999,33.6802685,0 -87.79048160000001,33.6804815,0 -87.7928304,33.680768,0 -87.7961112,33.6811693,0 -87.7987684,33.6814955,0 -87.800819,33.681761,0 -87.8031321,33.6820385999999,0 -87.8052028,33.6822872,0 -87.80692569999999,33.6824975,0 -87.8077244,33.6825944,0 -87.8083949,33.6826757,0 -87.81006619999999,33.6828784,0 -87.8111555,33.6830134,0 -87.81182320000001,33.6830961,0 -87.8140673,33.6833743,0 -87.81506709999999,33.6834982,0 -87.816292,33.68365,0 -87.8171217,33.6837551,0 -87.81765900000001,33.683816,0 -87.81872,33.683933,0 -87.81965099999999,33.684013,0 -87.820469,33.6840639999999,0 -87.8206935,33.6840724,0 -87.822586,33.684143,0 -87.822684,33.68414,0 -87.822851,33.684152,0 -87.8239863,33.684201,0 -87.8245288,33.6842357,0 -87.8257088,33.6843112,0 -87.82591189999999,33.6843241,0 -87.8261971,33.6843424,0 -87.82699150000001,33.6843932,0 -87.8275654,33.6844299,0 -87.8279672,33.6844556,0 -87.8289587,33.6845189,0 -87.8290417,33.6845242,0 -87.8290033,33.6850516000001,0 -87.82895240000001,33.6857638,0 -87.8289382,33.6860238,0 -87.82892200000001,33.6863207,0 -87.82890500000001,33.6866336,0 -87.828898,33.6867616,0 -87.8288891,33.6869246,0 -87.82888269999999,33.6870422,0 -87.82887890000001,33.6871,0 -87.8287993,33.6883145,0 -87.8287964,33.6883698,0 -87.828773,33.688819,0 -87.828751,33.689201,0 -87.8287193,33.6896301,0 -87.8287153,33.6896849,0 -87.828611,33.691148,0 -87.828541,33.691921,0 -87.828487,33.692541,0 -87.828423,33.693168,0 -87.828377,33.693569,0 -87.8283575,33.6938092,0 -87.82831400000001,33.694273,0 -87.828306,33.69442,0 -87.828301,33.694639,0 -87.828312,33.694932,0 -87.828321,33.695054,0 -87.8283399,33.6953845,0 -87.82834699999999,33.695447,0 -87.828361,33.695594,0 -87.82841670000001,33.6963719,0 -87.828456,33.696854,0 -87.8284993,33.697686,0 -87.82852200000001,33.69831,0 -87.8285362,33.6998923,0 -87.828534,33.699993,0 -87.828502,33.700209,0 -87.8284336,33.7003882,0 -87.82834269999999,33.7005488,0 -87.8272113,33.702279,0 -87.8263066,33.7036899,0 -87.8262675,33.7037508,0 -87.82614030000001,33.7039492,0 -87.8260374,33.7041097,0 -87.8257112,33.7046183,0 -87.8251355,33.7055159,0 -87.824614,33.7063292,0 -87.8240497,33.7072093,0 -87.8238568,33.70751,0 -87.82380499999999,33.7075908,0 -87.82296340000001,33.7089031,0 -87.822759,33.709239,0 -87.822642,33.709415,0 -87.82251100000001,33.709628,0 -87.8223081,33.7099017,0 -87.822124,33.710207,0 -87.821826,33.710706,0 -87.82126,33.71158,0 -87.821128,33.711771,0 -87.82093399999999,33.712018,0 -87.8201469,33.7128896,0 -87.8200978,33.7129603,0 -87.8198388,33.7132626,0 -87.8193904,33.7137517,0 -87.81931400000001,33.7138425,0 -87.818866,33.714366,0 -87.81806,33.715284,0 -87.817961,33.715408,0 -87.817831,33.715601,0 -87.81779299999999,33.715669,0 -87.81773459999999,33.7157959,0 -87.817702,33.715878,0 -87.817678,33.715948,0 -87.817556,33.716388,0 -87.817544,33.716453,0 -87.817241,33.717604,0 -87.81717399999999,33.717818,0 -87.8171363,33.7179825,0 -87.817087,33.718169,0 -87.817054,33.718321,0 -87.81692700000001,33.718836,0 -87.816597,33.720062,0 -87.816579,33.720156,0 -87.8164136,33.7207747,0 -87.8163539,33.7210068,0 -87.8162296,33.7214729,0 -87.81613350000001,33.7218332,0 -87.8159857,33.7223874,0 -87.81587690000001,33.7227954,0 -87.8158016,33.7230776,0 -87.815625,33.72374,0 -87.81503360000001,33.726028,0 -87.814894,33.726568,0 -87.81484,33.726775,0 -87.81479899999999,33.726927,0 -87.814626,33.727564,0 -87.8145894,33.7276965,0 -87.814564,33.727778,0 -87.814515,33.727919,0 -87.81440600000001,33.728198,0 -87.814314,33.728412,0 -87.814213,33.728583,0 -87.81399500000001,33.728897,0 -87.81389900000001,33.72902,0 -87.81369100000001,33.729256,0 -87.813582,33.729372,0 -87.813261,33.729701,0 -87.81230100000001,33.730682,0 -87.812128,33.730847,0 -87.81206400000001,33.730898,0 -87.81200800000001,33.730957,0 -87.81167170000001,33.7313096,0 -87.811576,33.73141,0 -87.8114125,33.7315756,0 -87.81115250000001,33.731839,0 -87.811111,33.731881,0 -87.810914,33.73208,0 -87.81074719999999,33.7322424,0 -87.810226,33.73275,0 -87.80997600000001,33.732987,0 -87.80933400000001,33.733646,0 -87.80914199999999,33.733867,0 -87.808944,33.734079,0 -87.8086224,33.7343984,0 -87.80839,33.734643,0 -87.8080408,33.7349972,0 -87.80734,33.735708,0 -87.806043,33.7370250000001,0 -87.80583,33.737226,0 -87.80573699999999,33.737336,0 -87.805075,33.738007,0 -87.804877,33.738215,0 -87.804693,33.738426,0 -87.80456700000001,33.738587,0 -87.804524,33.738643,0 -87.80444199999999,33.738764,0 -87.80429700000001,33.739016,0 -87.80423,33.739142,0 -87.804168,33.739274,0 -87.804053,33.739553,0 -87.803831,33.740367,0 -87.80381199999999,33.7404370000001,0 -87.803608,33.741234,0 -87.803507,33.741584,0 -87.803107,33.743133,0 -87.80298500000001,33.743572,0 -87.80273200000001,33.744559,0 -87.802603,33.745018,0 -87.80233699999999,33.746055,0 -87.801731,33.74836,0 -87.801666,33.748574,0 -87.80157199999999,33.748908,0 -87.801479,33.749274,0 -87.801328,33.749814,0 -87.801098,33.7507639999999,0 -87.800797,33.751949,0 -87.800543,33.752947,0 -87.800348,33.753665,0 -87.800141,33.754435,0 -87.799768,33.7558620000001,0 -87.799533,33.756701,0 -87.799426,33.757048,0 -87.79927499999999,33.757451,0 -87.799143,33.757786,0 -87.799109,33.757865,0 -87.798935,33.758265,0 -87.79876899999999,33.758616,0 -87.798664,33.758826,0 -87.798512,33.759098,0 -87.798446,33.759192,0 -87.798219,33.759605,0 -87.79787899999999,33.760255,0 -87.79771,33.760581,0 -87.79744100000001,33.761059,0 -87.79738500000001,33.761159,0 -87.79684899999999,33.762129,0 -87.796779,33.762266,0 -87.79671399999999,33.762406,0 -87.7966066,33.7626609,0 -87.7965647,33.7627912,0 -87.7965318,33.7628988,0 -87.796476,33.763213,0 -87.7964523,33.7633148,0 -87.796423,33.763644,0 -87.796424,33.763978,0 -87.79643799999999,33.764129,0 -87.796464,33.7643047000001,0 -87.796471,33.764352,0 -87.7965892,33.7648741,0 -87.7966886,33.765204,0 -87.79676600000001,33.765452,0 -87.796853,33.765724,0 -87.796902,33.765859,0 -87.797471,33.767662,0 -87.79762700000001,33.768141,0 -87.797676,33.768291,0 -87.797731,33.768441,0 -87.7978,33.768693,0 -87.798839,33.7719570000001,0 -87.79930299999999,33.7733830000001,0 -87.79963499999999,33.774465,0 -87.799718,33.774781,0 -87.79975,33.774937,0 -87.79977100000001,33.775096,0 -87.799784,33.775253,0 -87.79978699999999,33.775409,0 -87.799773,33.775798,0 -87.799651,33.777482,0 -87.79947199999999,33.7799529999999,0 -87.79934299999999,33.781627,0 -87.798991,33.786441,0 -87.798969,33.786807,0 -87.798975,33.787167,0 -87.79899500000001,33.787532,0 -87.799059,33.788982,0 -87.799086,33.78936,0 -87.79912,33.790158,0 -87.799193,33.791445,0 -87.79921400000001,33.791748,0 -87.799285,33.792337,0 -87.799408,33.793222,0 -87.79943900000001,33.793447,0 -87.799468,33.793641,0 -87.79956799999999,33.794341,0 -87.799693,33.795212,0 -87.799975,33.797284,0 -87.80004700000001,33.79779,0 -87.800262,33.799295,0 -87.800282,33.799435,0 -87.800431,33.80053,0 -87.80046,33.800731,0 -87.80059300000001,33.801647,0 -87.800697,33.802422,0 -87.800748,33.802785,0 -87.800995,33.804549,0 -87.801553,33.808547,0 -87.801721,33.809748,0 -87.802054,33.812091,0 -87.802212,33.813262,0 -87.80226999999999,33.813645,0 -87.802356,33.814267,0 -87.802424,33.814755,0 -87.80253500000001,33.8155,0 -87.802583,33.815826,0 -87.802638,33.816118,0 -87.80264699999999,33.81615,0 -87.80271399999999,33.816396,0 -87.802808,33.81668,0 -87.802913,33.816955,0 -87.80297899999999,33.817092,0 -87.80300200000001,33.817136,0 -87.80305199999999,33.817231,0 -87.803214,33.817514,0 -87.803487,33.81796,0 -87.8036,33.818143,0 -87.80454,33.819626,0 -87.80512899999999,33.820556,0 -87.805404,33.820997,0 -87.805948,33.821847,0 -87.806166,33.822191,0 -87.80647999999999,33.822687,0 -87.80686799999999,33.823323,0 -87.80702700000001,33.823614,0 -87.807174,33.823912,0 -87.80731,33.824215,0 -87.807435,33.824518,0 -87.807546,33.824821,0 -87.80864699999999,33.828194,0 -87.808802,33.828657,0 -87.80882200000001,33.828718,0 -87.80887800000001,33.828884,0 -87.809099,33.829568,0 -87.80932900000001,33.830257,0 -87.809558,33.830966,0 -87.809793,33.831667,0 -87.81012800000001,33.832693,0 -87.81056100000001,33.833996,0 -87.81071,33.834443,0 -87.81085899999999,33.834878,0 -87.810974,33.835176,0 -87.811108,33.835478,0 -87.811257,33.835782,0 -87.81137699999999,33.835994,0 -87.81151199999999,33.836224,0 -87.811807,33.836653,0 -87.812017,33.836933,0 -87.812241,33.837205,0 -87.812319,33.837289,0 -87.81247500000001,33.83746,0 -87.812738,33.837724,0 -87.81300299999999,33.83797,0 -87.813282,33.8382060000001,0 -87.813574,33.838434,0 -87.813801,33.838597,0 -87.814108,33.8388070000001,0 -87.814155,33.838836,0 -87.81465300000001,33.839146,0 -87.818139,33.841226,0 -87.819041,33.841765,0 -87.819344,33.84195,0 -87.81963399999999,33.842139,0 -87.819772,33.842237,0 -87.81990399999999,33.842337,0 -87.82002900000001,33.84244,0 -87.82015,33.842547,0 -87.82026500000001,33.842656,0 -87.820488,33.842886,0 -87.82059099999999,33.843006,0 -87.820785,33.843253,0 -87.820971,33.843513,0 -87.82178399999999,33.844712,0 -87.822571,33.845873,0 -87.82265700000001,33.846004,0 -87.82295999999999,33.846463,0 -87.82304999999999,33.846613,0 -87.823134,33.846764,0 -87.823211,33.846918,0 -87.823279,33.847074,0 -87.82339399999999,33.847384,0 -87.823404,33.847419,0 -87.82343899999999,33.847543,0 -87.823509,33.84786,0 -87.823527,33.847987,0 -87.823538,33.848093,0 -87.82354599999999,33.848413,0 -87.823533,33.848727,0 -87.82320199999999,33.853172,0 -87.823173,33.853649,0 -87.82315699999999,33.854121,0 -87.823162,33.854591,0 -87.823176,33.8549,0 -87.82324199999999,33.855853,0 -87.82330399999999,33.856674,0 -87.823505,33.859546,0 -87.823589,33.860771,0 -87.823859,33.864481,0 -87.823931,33.865586,0 -87.82393399999999,33.865637,0 -87.82395200000001,33.866158,0 -87.82394600000001,33.86667,0 -87.82393999999999,33.866985,0 -87.82392400000001,33.867268,0 -87.823874,33.867843,0 -87.823835,33.868114,0 -87.823784,33.868385,0 -87.823736,33.868677,0 -87.82338300000001,33.87115,0 -87.823323,33.87153,0 -87.82315699999999,33.872675,0 -87.823111,33.873054,0 -87.82304600000001,33.873437,0 -87.823031,33.873538,0 -87.82293199999999,33.874212,0 -87.822834,33.874911,0 -87.82277000000001,33.875412,0 -87.82273499999999,33.875776,0 -87.82270200000001,33.876125,0 -87.822654,33.876829,0 -87.822616,33.87761,0 -87.82261099999999,33.8777,0 -87.822571,33.878556,0 -87.822553,33.878906,0 -87.822525,33.879276,0 -87.822497,33.879895,0 -87.82238,33.882122,0 -87.82234200000001,33.882843,0 -87.82232500000001,33.883013,0 -87.822281,33.883351,0 -87.822213,33.883726,0 -87.822118,33.884089,0 -87.822045,33.884331,0 -87.821967,33.884539,0 -87.821746,33.885132,0 -87.820953,33.887111,0 -87.820874,33.887305,0 -87.820635,33.887914,0 -87.82039899999999,33.888492,0 -87.82015800000001,33.889105,0 -87.82007400000001,33.889346,0 -87.819776,33.890087,0 -87.819647,33.890423,0 -87.819597,33.890554,0 -87.81949899999999,33.890824,0 -87.819355,33.891166,0 -87.81922299999999,33.8914409999999,0 -87.819149,33.89158,0 -87.819069,33.891716,0 -87.818984,33.891849,0 -87.81879600000001,33.892105,0 -87.81869500000001,33.892228,0 -87.81847399999999,33.892458,0 -87.818245,33.8926639999999,0 -87.81812499999999,33.892762,0 -87.817999,33.892858,0 -87.81746099999999,33.893231,0 -87.816632,33.893786,0 -87.816213,33.8940649999999,0 -87.815702,33.894404,0 -87.81545800000001,33.894567,0 -87.815056,33.89483,0 -87.814415,33.895258,0 -87.81309899999999,33.896135,0 -87.811984,33.896874,0 -87.81090399999999,33.897599,0 -87.810671,33.8977489999999,0 -87.809534,33.898497,0 -87.809389,33.8986,0 -87.80924,33.898698,0 -87.80895,33.898904,0 -87.80868,33.89912,0 -87.80855699999999,33.899238,0 -87.808278,33.8995041,0 -87.8080922,33.8997189,0 -87.80798679999999,33.8998661,0 -87.8078836,33.9000176,0 -87.8078009,33.9001595,0 -87.80771420000001,33.9003269,0 -87.80762110000001,33.9005254,0 -87.8075525,33.9007019,0 -87.8074957,33.9008721,0 -87.8074366,33.9010949,0 -87.8074033,33.9012549,0 -87.8073697,33.9014561,0 -87.8073107,33.9019058,0 -87.8072677,33.9022614,0 -87.8071972,33.902884,0 -87.807157,33.903131,0 -87.807114,33.903571,0 -87.807108,33.903679,0 -87.807089,33.904003,0 -87.80708199999999,33.904435,0 -87.80709400000001,33.904809,0 -87.807114,33.905095,0 -87.807137,33.905319,0 -87.8071607,33.905497,0 -87.80716700000001,33.905544,0 -87.8072411,33.9059957,0 -87.80727899999999,33.906227,0 -87.807327,33.906478,0 -87.80739730000001,33.9068413999999,0 -87.8074098,33.9069062,0 -87.80744900000001,33.907109,0 -87.807644,33.908159,0 -87.807732,33.908566,0 -87.80776899999999,33.908776,0 -87.807878,33.909316,0 -87.807894,33.909394,0 -87.807964,33.90981,0 -87.808058,33.910291,0 -87.80808399999999,33.910435,0 -87.808279,33.911465,0 -87.80844500000001,33.912341,0 -87.808463,33.912436,0 -87.808547,33.912882,0 -87.80857,33.912989,0 -87.80871399999999,33.913672,0 -87.80873099999999,33.913726,0 -87.80882800000001,33.914158,0 -87.808868,33.914434,0 -87.8088984,33.9146669,0 -87.8089232,33.9147886,0 -87.80892969999999,33.9148214,0 -87.8089657,33.9149966,0 -87.80907860000001,33.9155958,0 -87.80913409999999,33.9159116,0 -87.8091671,33.9160989,0 -87.80920329999999,33.9162918,0 -87.8092706,33.9166863000001,0 -87.80933159999999,33.916995,0 -87.8094028,33.9173655,0 -87.8095041,33.9179365,0 -87.8096158,33.9184255,0 -87.8097254,33.9187505,0 -87.8097959,33.918909,0 -87.8099588,33.9192065,0 -87.8105125,33.920077,0 -87.8112107,33.9211724,0 -87.811483,33.921622,0 -87.811655,33.921897,0 -87.811924,33.9223020000001,0 -87.812175,33.9227,0 -87.812342,33.922954,0 -87.81243600000001,33.923078,0 -87.812534,33.923193,0 -87.812646,33.923304,0 -87.812766,33.923408,0 -87.81301499999999,33.9236100000001,0 -87.813147,33.923706,0 -87.81389299999999,33.924272,0 -87.813985,33.924342,0 -87.81421400000001,33.924538,0 -87.81437,33.924693,0 -87.81451300000001,33.924858,0 -87.814645,33.925035,0 -87.81473699999999,33.925177,0 -87.814815,33.925302,0 -87.815116,33.925873,0 -87.815212,33.92605,0 -87.81527800000001,33.926183,0 -87.815375,33.926363,0 -87.81544700000001,33.926506,0 -87.81587,33.927286,0 -87.81595799999999,33.927463,0 -87.816,33.927542,0 -87.8161107,33.9277367,0 -87.8161296,33.9277777,0 -87.816299,33.928101,0 -87.8165798,33.9285999,0 -87.8167857,33.9289933,0 -87.8168336,33.9290848000001,0 -87.8169523,33.9290421,0 -87.8170362,33.9290107,0 -87.8181601,33.9285857,0 -87.81826409999999,33.9285447,0 -87.81937430000001,33.9281397,0 -87.81964120000001,33.9280424,0 -87.81978119999999,33.9280024,0 -87.8200264,33.9279461000001,0 -87.82014839999999,33.9279261,0 -87.8202204,33.9279184,0 -87.8202655,33.9279137,0 -87.8205286,33.9278911,0 -87.82073440000001,33.9278822,0 -87.8209244,33.9278801,0 -87.8211536,33.9278958,0 -87.82142639999999,33.9279268,0 -87.8216414,33.9279668,0 -87.8218208,33.9280075,0 -87.8220019,33.9280602,0 -87.8221672,33.9281162,0 -87.8224582,33.9282303,0 -87.8226973,33.9283421,0 -87.82347559999999,33.9287725,0 -87.8237242,33.9289089,0 -87.8238546,33.9289738,0 -87.8242042,33.9291689,0 -87.8254836,33.9298621,0 -87.8257756,33.9300239,0 -87.8259156,33.9300999,0 -87.8263975,33.9303593,0 -87.82676499999999,33.930571,0 -87.8269911,33.9306929,0 -87.8280702,33.9312693,0 -87.8281442,33.9313093,0 -87.8290642,33.9318088,0 -87.8293043,33.9319369,0 -87.8295634,33.9320774,0 -87.8305032,33.9325831,0 -87.83110720000001,33.932916,0 -87.8315862,33.9331764,0 -87.8326205,33.9337378,0 -87.8342753,33.9346398,0 -87.8351172,33.9350997,0 -87.8353584,33.9352298,0 -87.8356102,33.9353731,0 -87.83600920000001,33.9355891,0 -87.83628400000001,33.9357379,0 -87.83884550000001,33.937125,0 -87.8394127,33.9374461999999,0 -87.839827,33.9376666,0 -87.84002889999999,33.9377748,0 -87.84035950000001,33.9379528,0 -87.84092699999999,33.9382583,0 -87.84111110000001,33.9383575,0 -87.84141820000001,33.9385228,0 -87.841684,33.9386675,0 -87.8422094,33.9389535,0 -87.8424515,33.9390852,0 -87.8427241,33.9392335,0 -87.8427751,33.9392613,0 -87.8432538,33.9395218,0 -87.84380659999999,33.9398225,0 -87.84390639999999,33.9398768,0 -87.8454639,33.940724,0 -87.84585370000001,33.9409361,0 -87.8460213,33.9410272,0 -87.8461034,33.9410718,0 -87.8463108,33.9411847,0 -87.8466513,33.9413685,0 -87.84687099999999,33.941489,0 -87.84722600000001,33.941682,0 -87.8474451,33.9417997999999,0 -87.847949,33.942075,0 -87.849035,33.942671,0 -87.849346,33.94284,0 -87.8513738,33.9439401,0 -87.851613,33.944074,0 -87.85354479999999,33.9451123,0 -87.8537838,33.9452407,0 -87.8541221,33.9454308,0 -87.8543415,33.945554,0 -87.854539,33.945665,0 -87.855321,33.946087,0 -87.856459,33.946713,0 -87.8576456,33.9473585,0 -87.857761,33.94742,0 -87.858704,33.947932,0 -87.859917,33.94859,0 -87.8603665,33.948834,0 -87.8605087,33.9489112,0 -87.862533,33.95001,0 -87.8650437,33.9513602,0 -87.86799000000001,33.95298,0 -87.868399,33.953192,0 -87.86869299999999,33.953334,0 -87.868998,33.9534700000001,0 -87.869393,33.953633,0 -87.86963799999999,33.953726,0 -87.869891,33.953813,0 -87.8702375,33.9539183,0 -87.870322,33.953944,0 -87.870497,33.953989,0 -87.87111899999999,33.954134,0 -87.871172,33.954144,0 -87.87138899999999,33.954185,0 -87.871619,33.954219,0 -87.87177699999999,33.954243,0 -87.872795,33.954368,0 -87.873126,33.954405,0 -87.873531,33.954451,0 -87.87388799999999,33.954495,0 -87.874433,33.954562,0 -87.875101,33.954645,0 -87.875298,33.954679,0 -87.87544200000001,33.954708,0 -87.875609,33.954748,0 -87.87585799999999,33.954814,0 -87.876182,33.95492,0 -87.876214,33.954932,0 -87.87634,33.954981,0 -87.87656,33.955077,0 -87.876794,33.955193,0 -87.87701,33.955315,0 -87.87715,33.955401,0 -87.87723699999999,33.9554589999999,0 -87.877353,33.955536,0 -87.877484,33.955632,0 -87.87766999999999,33.955784,0 -87.877788,33.955891,0 -87.87790099999999,33.956001,0 -87.87801,33.956115,0 -87.87816100000001,33.9562910000001,0 -87.878298,33.956472,0 -87.878502,33.956777,0 -87.878624,33.95699,0 -87.87864690000001,33.9570298,0 -87.878719,33.957155,0 -87.879468,33.958544,0 -87.87983800000001,33.959231,0 -87.88017000000001,33.959841,0 -87.88042,33.960284,0 -87.880539,33.960465,0 -87.88080549999999,33.960822,0 -87.880847,33.96087,0 -87.880898,33.960927,0 -87.881039,33.961086,0 -87.88114,33.961193,0 -87.8813179,33.9613674,0 -87.881401,33.961449,0 -87.881512,33.961546,0 -87.881676,33.96168,0 -87.88179700000001,33.961772,0 -87.882097,33.961982,0 -87.88242099999999,33.962187,0 -87.882626,33.962303,0 -87.88305099999999,33.962506,0 -87.883645,33.96277,0 -87.883882,33.962874,0 -87.8842832,33.963044,0 -87.8848457,33.9632823,0 -87.8849963,33.9633461,0 -87.8855994,33.9636016,0 -87.885716,33.963651,0 -87.8858348,33.9636994,0 -87.885876,33.9637162,0 -87.8867588,33.9641039,0 -87.8881394,33.9646822,0 -87.88875899999999,33.964952,0 -87.889954,33.965477,0 -87.8900642,33.9655243,0 -87.890373,33.965657,0 -87.89066870000001,33.9657841,0 -87.8911804,33.966004,0 -87.89196,33.966339,0 -87.892734,33.966664,0 -87.892968,33.966762,0 -87.89317200000001,33.966837,0 -87.893449,33.966922,0 -87.89380300000001,33.967007,0 -87.89407,33.967055,0 -87.89424699999999,33.96708,0 -87.894398,33.967097,0 -87.89470300000001,33.967117,0 -87.89500700000001,33.967124,0 -87.89523199999999,33.967117,0 -87.89651360000001,33.9669998,0 -87.8969106,33.9669635,0 -87.8988578,33.9668039999999,0 -87.89942790000001,33.9667572,0 -87.9000923,33.9667028,0 -87.90081619999999,33.9666473,0 -87.9012884,33.9666082,0 -87.9016671,33.966578,0 -87.9021819,33.966537,0 -87.90377359999999,33.9664102,0 -87.9042326,33.9663703,0 -87.90466139999999,33.9663387,0 -87.90533430000001,33.9662834,0 -87.9056676,33.966261,0 -87.90643559999999,33.9661978,0 -87.9075624,33.9661116,0 -87.9078358,33.966093,0 -87.90819860000001,33.9660684,0 -87.90828380000001,33.9660626,0 -87.90847100000001,33.9660478,0 -87.9087542,33.9660253,0 -87.90895810000001,33.9660091,0 -87.90909190000001,33.9659985,0 -87.9094224,33.9659764,0 -87.9096923,33.96596,0 -87.910156,33.9659295,0 -87.9102354,33.9659242,0 -87.9105893,33.9659008,0 -87.91080890000001,33.9658854,0 -87.9109507,33.9658777,0 -87.9112037,33.965864,0 -87.9113952,33.9658493,0 -87.91150759999999,33.9658419,0 -87.91179700000001,33.965823,0 -87.91219100000001,33.965798,0 -87.91240999999999,33.965784,0 -87.913116,33.965727,0 -87.913354,33.965716,0 -87.914001,33.965682,0 -87.9142241,33.9656667,0 -87.914832,33.9656251,0 -87.91492100000001,33.965619,0 -87.9149297,33.9657116,0 -87.91496890000001,33.9661318,0 -87.91501700000001,33.966646,0 -87.915075,33.967211,0 -87.915102,33.967529,0 -87.91515800000001,33.968163,0 -87.915232,33.969026,0 -87.91525799999999,33.969481,0 -87.91526500000001,33.969638,0 -87.915282,33.970029,0 -87.91529800000001,33.970171,0 -87.915328,33.970311,0 -87.915375,33.970448,0 -87.915497,33.970716,0 -87.915572,33.970858,0 -87.915599,33.970909,0 -87.915626,33.970978,0 -87.91567000000001,33.971123,0 -87.915696,33.971259,0 -87.915711,33.9714,0 -87.915712,33.971469,0 -87.915701,33.971609,0 -87.91567499999999,33.971746,0 -87.915612,33.971954,0 -87.915531,33.972192,0 -87.915334,33.972772,0 -87.91513399999999,33.973384,0 -87.91509929999999,33.9734897,0 -87.915049,33.973642,0 -87.915015,33.973773,0 -87.914992,33.973906,0 -87.914981,33.97404,0 -87.91498,33.974175,0 -87.914992,33.9743079999999,0 -87.915043,33.974512,0 -87.915099,33.974648,0 -87.9151474,33.9747418,0 -87.915166,33.974778,0 -87.91528099999999,33.974966,0 -87.9153464,33.9750657,0 -87.915458,33.975236,0 -87.916307,33.976523,0 -87.916708,33.977131,0 -87.9168985,33.977421,0 -87.917029,33.977632,0 -87.91719399999999,33.977902,0 -87.917267,33.978039,0 -87.917329,33.97818,0 -87.917404,33.978396,0 -87.91742499999999,33.978469,0 -87.917475,33.97869,0 -87.917513,33.978978,0 -87.917541,33.979291,0 -87.917558,33.979748,0 -87.917573,33.980193,0 -87.917601,33.98082,0 -87.917642,33.981631,0 -87.91768500000001,33.982061,0 -87.91772899999999,33.982347,0 -87.917768,33.982536,0 -87.917822,33.982771,0 -87.917901,33.98305,0 -87.917948,33.983189,0 -87.917979,33.983272,0 -87.918025,33.983393,0 -87.91812400000001,33.98361,0 -87.918206,33.983775,0 -87.91828599999999,33.983921,0 -87.918363,33.984048,0 -87.91844500000001,33.984173,0 -87.918662,33.984483,0 -87.91875400000001,33.9846,0 -87.918952,33.984828,0 -87.919163,33.985042,0 -87.91938399999999,33.985243,0 -87.91983999999999,33.985622,0 -87.920258,33.985939,0 -87.92045,33.986078,0 -87.92120300000001,33.986629,0 -87.92145499999999,33.9868199999999,0 -87.921852,33.98712,0 -87.92242400000001,33.98754,0 -87.922793,33.987816,0 -87.923141,33.988087,0 -87.92348,33.988364,0 -87.924145,33.9889319999999,0 -87.924875,33.989592,0 -87.925113,33.9898170000001,0 -87.92573299999999,33.990432,0 -87.926034,33.990751,0 -87.92627,33.991011,0 -87.926377,33.991125,0 -87.92652200000001,33.99129,0 -87.927043,33.991902,0 -87.92726999999999,33.992189,0 -87.927438,33.9924280000001,0 -87.927708,33.992791,0 -87.92801799999999,33.993226,0 -87.92817650000001,33.9934591,0 -87.928411,33.993804,0 -87.928749,33.994349,0 -87.929134,33.994993,0 -87.92934200000001,33.995365,0 -87.929625,33.995911,0 -87.929727,33.99612,0 -87.929903,33.996477,0 -87.930013,33.996722,0 -87.930224,33.9972160000001,0 -87.930421,33.9977140000001,0 -87.930702,33.99847,0 -87.93125499999999,33.999987,0 -87.931568,34.00086,0 -87.932306,34.002906,0 -87.932968,34.004741,0 -87.933565,34.006369,0 -87.933711,34.006769,0 -87.933905,34.007301,0 -87.934129,34.007917,0 -87.934269,34.008309,0 -87.934393,34.008657,0 -87.934546,34.009085,0 -87.934589,34.009205,0 -87.934973,34.0102730000001,0 -87.93527400000001,34.01111,0 -87.93544799999999,34.011594,0 -87.935558,34.011899,0 -87.935964,34.013035,0 -87.936075,34.013346,0 -87.936305,34.013966,0 -87.93662500000001,34.01488,0 -87.936924,34.015707,0 -87.937088,34.01616,0 -87.93751899999999,34.01733,0 -87.93794800000001,34.018557,0 -87.938076,34.018898,0 -87.938232,34.019327,0 -87.938418,34.01984,0 -87.938474,34.019996,0 -87.938827,34.02101,0 -87.93915200000001,34.021901,0 -87.939251,34.022179,0 -87.939476,34.022806,0 -87.93955099999999,34.023013,0 -87.939728,34.023497,0 -87.939976,34.024199,0 -87.940667,34.026058,0 -87.94080700000001,34.026421,0 -87.94095,34.026775,0 -87.941106,34.027114,0 -87.941322,34.027521,0 -87.941503,34.027834,0 -87.941608,34.027999,0 -87.941744,34.028211,0 -87.941945,34.028499,0 -87.942207,34.0288419999999,0 -87.942481,34.029175,0 -87.943388,34.030204,0 -87.944436,34.031367,0 -87.94488200000001,34.031863,0 -87.945127,34.032117,0 -87.94694800000001,34.034151,0 -87.9474,34.034648,0 -87.948111,34.035432,0 -87.949214,34.036662,0 -87.949766,34.037282,0 -87.950191,34.03776,0 -87.950682,34.038287,0 -87.950878,34.038499,0 -87.951229,34.038852,0 -87.951482,34.039089,0 -87.951866,34.039431,0 -87.951909,34.039467,0 -87.952428,34.039906,0 -87.952534,34.039995,0 -87.95322,34.040535,0 -87.954639,34.041638,0 -87.957724,34.044047,0 -87.95870499999999,34.044803,0 -87.95891899999999,34.044974,0 -87.958944,34.044994,0 -87.959541,34.045455,0 -87.96028800000001,34.046041,0 -87.96057999999999,34.04626,0 -87.960803,34.04644,0 -87.96097399999999,34.046578,0 -87.962011,34.047383,0 -87.96292200000001,34.048112,0 -87.96298299999999,34.048156,0 -87.963401,34.048491,0 -87.963517,34.0485830000001,0 -87.963864,34.048891,0 -87.96408599999999,34.049104,0 -87.964348,34.049394,0 -87.964457,34.049539,0 -87.964842,34.050118,0 -87.964921,34.050256,0 -87.965092,34.0505869999999,0 -87.96536999999999,34.051432,0 -87.96544900000001,34.05174,0 -87.96550499999999,34.05199,0 -87.96555499999999,34.0522419999999,0 -87.965658,34.05283,0 -87.965712,34.053137,0 -87.965779,34.053451,0 -87.965853,34.053763,0 -87.966019,34.054384,0 -87.966155,34.054843,0 -87.96626000000001,34.05517,0 -87.9667695,34.0566334,0 -87.96708940000001,34.057515,0 -87.96744099999999,34.058479,0 -87.967631,34.058969,0 -87.96775100000001,34.059235,0 -87.96786299999999,34.05947,0 -87.96797100000001,34.059696,0 -87.96824100000001,34.060226,0 -87.968384,34.060494,0 -87.96853400000001,34.06076,0 -87.96869,34.061024,0 -87.969362,34.062064,0 -87.96942900000001,34.062167,0 -87.96959320000001,34.0624209,0 -87.969669,34.062538,0 -87.97013200000001,34.063278,0 -87.9703337,34.0635838,0 -87.970831,34.064367,0 -87.970918,34.064504,0 -87.97142909999999,34.0652916,0 -87.97169580000001,34.0657033,0 -87.97228920000001,34.0666444,0 -87.9724964,34.066973,0 -87.9726326,34.0671891,0 -87.9728322,34.0675055,0 -87.9730632,34.0678718,0 -87.973371,34.06836,0 -87.97367869999999,34.068848,0 -87.9739404,34.0692629,0 -87.9742076,34.0696769,0 -87.974306,34.069828,0 -87.97466900000001,34.070417,0 -87.97476829999999,34.0705688,0 -87.9749274,34.0708138,0 -87.97502799999999,34.070966,0 -87.975166,34.071192,0 -87.9754834,34.0716822,0 -87.975638,34.071912,0 -87.9758582,34.0722456,0 -87.9761661,34.0727375,0 -87.976259,34.072886,0 -87.97635099999999,34.073023,0 -87.976427,34.0731514,0 -87.976499,34.073273,0 -87.97655829999999,34.073385,0 -87.976736,34.073721,0 -87.97685799999999,34.073984,0 -87.97691589999999,34.0741706,0 -87.9769646,34.0743591,0 -87.97700399999999,34.0745489999999,0 -87.9770352,34.0747312,0 -87.9770492,34.0748696,0 -87.9770619,34.0750307,0 -87.977068,34.075192,0 -87.9770527,34.0755623,0 -87.97694300000001,34.076434,0 -87.976664,34.078458,0 -87.976555,34.079507,0 -87.976484,34.080056,0 -87.976463,34.080288,0 -87.976454,34.080588,0 -87.976456,34.0807242,0 -87.97645919999999,34.080775,0 -87.9764646,34.0808602,0 -87.97648,34.0809959,0 -87.9765021,34.0811309,0 -87.97653459999999,34.0812805,0 -87.97657529999999,34.0814288,0 -87.9766241,34.0815754,0 -87.976681,34.08172,0 -87.976775,34.08192,0 -87.97684700000001,34.082048,0 -87.977002,34.082296,0 -87.977084,34.082417,0 -87.9772506,34.0826432,0 -87.97747200000001,34.082944,0 -87.97757,34.083087,0 -87.977884,34.083546,0 -87.978253,34.084045,0 -87.9791728,34.0852472000001,0 -87.97983000000001,34.086138,0 -87.980262,34.08672,0 -87.980701,34.087299,0 -87.981134,34.08788,0 -87.98269449999999,34.0899321,0 -87.983339,34.090791,0 -87.983771,34.091373,0 -87.983903,34.091548,0 -87.98412999999999,34.09185,0 -87.984938,34.092922,0 -87.98509799999999,34.0931350000001,0 -87.986959,34.095626,0 -87.98706799999999,34.095771,0 -87.987163,34.095909,0 -87.98730999999999,34.09612,0 -87.987486,34.096373,0 -87.987621,34.096587,0 -87.987855,34.097005,0 -87.988024,34.09733,0 -87.988045,34.097374,0 -87.98817699999999,34.097661,0 -87.988365,34.098133,0 -87.988491,34.098472,0 -87.988589,34.098773,0 -87.98868299999999,34.099108,0 -87.98874600000001,34.099368,0 -87.9887538,34.0994028,0 -87.988772,34.099527,0 -87.9888127,34.099723,0 -87.9888673,34.1000455,0 -87.98890919999999,34.1003127,0 -87.9889402,34.1005533,0 -87.98896019999999,34.1007917,0 -87.98898130000001,34.1011231999999,0 -87.9890442,34.102869,0 -87.9890628,34.1034216,0 -87.9890638,34.1034533,0 -87.9891317,34.1054489,0 -87.9891712,34.1066015,0 -87.9891858,34.1073231,0 -87.9891971,34.1076251,0 -87.98920390000001,34.1079537,0 -87.98921199999999,34.10833,0 -87.98921900000001,34.10864,0 -87.989237,34.108947,0 -87.98926,34.109442,0 -87.989294,34.11047,0 -87.989311,34.111176,0 -87.98931690000001,34.1113245,0 -87.98934,34.1119108,0 -87.989341,34.1119350000001,0 -87.9893478,34.1122137,0 -87.9893508,34.1123393,0 -87.989355,34.112511,0 -87.989362,34.112579,0 -87.98936500000001,34.112707,0 -87.989366,34.112998,0 -87.9894094,34.1142155,0 -87.98943,34.114795,0 -87.989447,34.115153,0 -87.98945399999999,34.115342,0 -87.989482,34.116079,0 -87.9894838,34.1161251,0 -87.98951030000001,34.1168236,0 -87.98951599999999,34.1169722,0 -87.9895296,34.1173314,0 -87.9895305,34.1173547,0 -87.989544,34.1177081,0 -87.9895463,34.1177703000001,0 -87.98956099999999,34.1181573,0 -87.98957059999999,34.1184087,0 -87.989574,34.1185497,0 -87.98957609999999,34.1186351,0 -87.9895916,34.1192732,0 -87.989704,34.122228,0 -87.9897194,34.1227465,0 -87.9897428,34.1235332,0 -87.98975,34.1237767,0 -87.9897586,34.1240681,0 -87.98976519999999,34.1242893,0 -87.9897931,34.1251296,0 -87.989802,34.12662,0 -87.989814,34.126948,0 -87.98982700000001,34.127273,0 -87.9898663,34.1279325,0 -87.9898953,34.1286773,0 -87.98992699999999,34.130109,0 -87.9899765,34.1315337,0 -87.98998400000001,34.131729,0 -87.989998,34.131949,0 -87.99000599999999,34.132081,0 -87.99002900000001,34.132357,0 -87.990049,34.13257,0 -87.9900703,34.1327218,0 -87.99007330000001,34.1327434,0 -87.990123,34.133128,0 -87.9902958,34.1341990999999,0 -87.99033300000001,34.1344299999999,0 -87.990414,34.134932,0 -87.990455,34.135287,0 -87.99046300000001,34.135499,0 -87.99046199999999,34.135518,0 -87.9904748,34.1357468,0 -87.9904714,34.1358952,0 -87.9904592,34.13604,0 -87.9904313,34.1362187,0 -87.9903757,34.1364501,0 -87.99036049999999,34.1365131,0 -87.99012690000001,34.1372702,0 -87.9899964,34.1377151,0 -87.98996990000001,34.1377948,0 -87.9898898,34.1380351999999,0 -87.989715,34.1385601,0 -87.98967759999999,34.1386874,0 -87.98944280000001,34.1393976,0 -87.98936019999999,34.1396924,0 -87.98918449999999,34.140277,0 -87.98908369999999,34.1406122,0 -87.98897959999999,34.1409586,0 -87.9888076,34.1415308,0 -87.98877109999999,34.1416523,0 -87.9886865,34.1419538,0 -87.9885642,34.1423404,0 -87.9884598,34.1426867,0 -87.988404,34.142844,0 -87.988299,34.143096,0 -87.988192,34.143304,0 -87.988157,34.143386,0 -87.987984,34.14369,0 -87.987801,34.143957,0 -87.987655,34.144152,0 -87.98677600000001,34.145312,0 -87.98665149999999,34.1454783,0 -87.986475,34.145714,0 -87.9863864,34.1458146,0 -87.98617299999999,34.1461120000001,0 -87.986062,34.146259,0 -87.98571219999999,34.1467091,0 -87.98541899999999,34.147103,0 -87.985285,34.147273,0 -87.985198,34.147387,0 -87.9848914,34.1477572,0 -87.984799,34.14791,0 -87.984758,34.1479645,0 -87.9845596,34.1482286,0 -87.98439999999999,34.148441,0 -87.98381000000001,34.149215,0 -87.98322899999999,34.149988,0 -87.98242,34.15105,0 -87.98178,34.151894,0 -87.981458,34.152292,0 -87.981064,34.152743,0 -87.980586,34.153245,0 -87.979687,34.154131,0 -87.978785,34.155009,0 -87.978703,34.15508,0 -87.97840100000001,34.155381,0 -87.97801,34.155759,0 -87.97767899999999,34.156079,0 -87.976568,34.157182,0 -87.97645300000001,34.157291,0 -87.975959,34.157791,0 -87.97473100000001,34.159098,0 -87.97468000000001,34.159146,0 -87.974374,34.159477,0 -87.97428499999999,34.159571,0 -87.97419600000001,34.159668,0 -87.972448,34.161541,0 -87.972037,34.161977,0 -87.971895,34.1621169999999,0 -87.971552,34.162492,0 -87.970923,34.163164,0 -87.970669,34.163429,0 -87.970398,34.163694,0 -87.97010400000001,34.163964,0 -87.969853,34.164182,0 -87.969589,34.164398,0 -87.969245,34.164656,0 -87.968827,34.164944,0 -87.966774,34.166299,0 -87.96636100000001,34.16659,0 -87.966103,34.166786,0 -87.965856,34.166993,0 -87.965677,34.167157,0 -87.965394,34.167444,0 -87.964854,34.1680429999999,0 -87.96438999999999,34.168576,0 -87.96428400000001,34.1687,0 -87.964164,34.168833,0 -87.963836,34.169196,0 -87.96355200000001,34.169486,0 -87.963314,34.169712,0 -87.96287599999999,34.170096,0 -87.962548,34.170375,0 -87.962243,34.170625,0 -87.96085100000001,34.171804,0 -87.959339,34.173072,0 -87.958755,34.17355,0 -87.958484,34.173759,0 -87.958136,34.174012,0 -87.957882,34.1741790000001,0 -87.95777099999999,34.174264,0 -87.957396,34.174514,0 -87.956935,34.174802,0 -87.956627,34.174988,0 -87.956172,34.17525,0 -87.95554199999999,34.175584,0 -87.95534000000001,34.175689,0 -87.954697,34.176022,0 -87.95432599999999,34.176219,0 -87.952566,34.177131,0 -87.952153,34.17734,0 -87.95183400000001,34.17751,0 -87.950143,34.178382,0 -87.949721,34.178595,0 -87.94858000000001,34.179183,0 -87.948538,34.179205,0 -87.947773,34.179607,0 -87.947119,34.179945,0 -87.946337,34.1803549999999,0 -87.946161,34.180443,0 -87.94586099999999,34.180599,0 -87.944378,34.18137,0 -87.94315400000001,34.181998,0 -87.94274,34.18221,0 -87.942323,34.182427,0 -87.942058,34.182557,0 -87.941878,34.182659,0 -87.940186,34.183538,0 -87.93983299999999,34.183722,0 -87.939412,34.183956,0 -87.939189,34.18409,0 -87.93907,34.184161,0 -87.93879800000001,34.184331,0 -87.93840400000001,34.1845930000001,0 -87.93593799999999,34.186287,0 -87.93488600000001,34.187017,0 -87.931315,34.189476,0 -87.930021,34.190381,0 -87.929816,34.190533,0 -87.929292,34.190945,0 -87.92889099999999,34.191302,0 -87.928641,34.1915369999999,0 -87.9284,34.191779,0 -87.928228,34.1919650000001,0 -87.928005,34.192216,0 -87.92768599999999,34.192608,0 -87.92753399999999,34.192808,0 -87.92738900000001,34.19301,0 -87.927205,34.193285,0 -87.92699,34.193636,0 -87.92679099999999,34.193991,0 -87.926569,34.194422,0 -87.92623,34.19513,0 -87.92574999999999,34.196074,0 -87.925678,34.196209,0 -87.925408,34.196781,0 -87.925359,34.196885,0 -87.92529,34.197032,0 -87.92517100000001,34.197291,0 -87.924786,34.198176,0 -87.92451699999999,34.19877,0 -87.92315000000001,34.201701,0 -87.922873,34.202281,0 -87.92258200000001,34.202854,0 -87.921846,34.204266,0 -87.920631,34.2065519999999,0 -87.92035799999999,34.207071,0 -87.920188,34.207394,0 -87.91964,34.208413,0 -87.918335,34.2108649999999,0 -87.917981,34.211524,0 -87.91725099999999,34.212884,0 -87.91630000000001,34.214654,0 -87.915874,34.215422,0 -87.91572499999999,34.2156690000001,0 -87.915515,34.215968,0 -87.915284,34.216255,0 -87.91518499999999,34.216367,0 -87.91503,34.216532,0 -87.91486500000001,34.21669,0 -87.914751,34.216793,0 -87.914581,34.216932,0 -87.914513,34.216988,0 -87.914328,34.217129,0 -87.914078,34.217307,0 -87.91383399999999,34.217471,0 -87.91333899999999,34.217773,0 -87.912834,34.218063,0 -87.912513,34.218278,0 -87.912317,34.218425,0 -87.91202,34.21866,0 -87.911885,34.218783,0 -87.911711,34.218951,0 -87.911485,34.21919,0 -87.91132500000001,34.219381,0 -87.911225,34.219511,0 -87.911036,34.219774,0 -87.91086900000001,34.220046,0 -87.910793,34.220183,0 -87.910657,34.220466,0 -87.910568,34.220683,0 -87.910438,34.221056,0 -87.910292,34.221501,0 -87.910239,34.221648,0 -87.909717,34.223216,0 -87.909423,34.224123,0 -87.90915200000001,34.224928,0 -87.909063,34.225194,0 -87.908846,34.225884,0 -87.908725,34.226229,0 -87.90863299999999,34.226545,0 -87.908287,34.227619,0 -87.908008,34.228454,0 -87.90773299999999,34.2293,0 -87.9072675,34.2307004,0 -87.9066868,34.2324344,0 -87.9065813,34.2327257,0 -87.9062733,34.2333334,0 -87.906035,34.2336971,0 -87.9058745,34.233908,0 -87.9057577,34.2340339,0 -87.9055017,34.2343145,0 -87.90526269999999,34.2345356,0 -87.9049491,34.2347843,0 -87.9046874,34.2349803,0 -87.9044598,34.2351183,0 -87.904117,34.2353178,0 -87.9037629,34.2354894,0 -87.90338389999999,34.2356441,0 -87.90288459999999,34.2358201,0 -87.9025432,34.2359016,0 -87.9017123,34.2360654,0 -87.8982117,34.2367039,0 -87.8962222,34.2370632,0 -87.89572939999999,34.2371697,0 -87.89516980000001,34.2373372,0 -87.89471760000001,34.2375145,0 -87.894413,34.2376503,0 -87.89403710000001,34.2378534,0 -87.89377709999999,34.2380089,0 -87.8935395,34.2381685,0 -87.89319190000001,34.2384453,0 -87.8929747,34.2386326,0 -87.892807,34.2388001,0 -87.89252449999999,34.2391174,0 -87.89235859999999,34.2393258,0 -87.8922199,34.2395143,0 -87.891991,34.2398907,0 -87.89193520000001,34.2399959,0 -87.891904,34.2400547,0 -87.8918085,34.2402644,0 -87.8916679,34.2406059,0 -87.8915506,34.2409993,0 -87.89145619999999,34.2413934,0 -87.8910645,34.2431156,0 -87.8909814,34.243446,0 -87.89088750000001,34.2437386,0 -87.890787,34.2439903,0 -87.89066750000001,34.244242,0 -87.89051859999999,34.2445179,0 -87.890308,34.2448402,0 -87.89003959999999,34.2451856,0 -87.8897884,34.2454506,0 -87.8895965,34.2456378,0 -87.8893274,34.2458749,0 -87.8891131,34.2460415,0 -87.8853,34.248687,0 -87.88503,34.2488529999999,0 -87.88331700000001,34.250048,0 -87.882902,34.250334,0 -87.88166099999999,34.2511899999999,0 -87.881237,34.251473,0 -87.88018099999999,34.252207,0 -87.879402,34.252741,0 -87.878985,34.253042,0 -87.878641,34.253306,0 -87.87837500000001,34.253521,0 -87.878117,34.253751,0 -87.87792899999999,34.253926,0 -87.877521,34.254337,0 -87.877343,34.2545090000001,0 -87.87708000000001,34.254734,0 -87.876932,34.254838,0 -87.876694,34.25498,0 -87.876349,34.255144,0 -87.87607199999999,34.25524,0 -87.875884,34.255291,0 -87.875823,34.255305,0 -87.875694,34.255334,0 -87.87531300000001,34.255383,0 -87.875125,34.255394,0 -87.87191,34.255475,0 -87.87092,34.255488,0 -87.870125,34.255515,0 -87.86976300000001,34.255539,0 -87.869437,34.2555800000001,0 -87.869348,34.255592,0 -87.869077,34.255646,0 -87.86890200000001,34.255691,0 -87.86856,34.255793,0 -87.868307,34.255877,0 -87.867932,34.256067,0 -87.86775,34.256155,0 -87.867245,34.256447,0 -87.865881,34.257262,0 -87.865638,34.257411,0 -87.864985,34.25781,0 -87.863894,34.258458,0 -87.86356600000001,34.258653,0 -87.861221,34.260068,0 -87.86103199999999,34.260174,0 -87.860761,34.2603380000001,0 -87.860417,34.260559,0 -87.86012100000001,34.260759,0 -87.85983,34.260971,0 -87.85938,34.26133,0 -87.85911,34.261561,0 -87.858654,34.261961,0 -87.85854,34.262063,0 -87.85785199999999,34.262679,0 -87.85709900000001,34.263343,0 -87.856914,34.263507,0 -87.85635600000001,34.264001,0 -87.853566,34.266442,0 -87.853455,34.266541,0 -87.851539,34.268225,0 -87.850256,34.269348,0 -87.84954,34.269975,0 -87.84848100000001,34.270905,0 -87.848097,34.271228,0 -87.847928,34.271376,0 -87.84790030000001,34.2713989,0 -87.847818,34.271467,0 -87.84765400000001,34.271613,0 -87.847427,34.271806,0 -87.846952,34.272176,0 -87.846711,34.272341,0 -87.84646600000001,34.2725,0 -87.846166,34.272678,0 -87.845969,34.272787,0 -87.845704,34.272929,0 -87.84551,34.273026,0 -87.84539700000001,34.273082,0 -87.845144,34.273195,0 -87.84474299999999,34.27336,0 -87.844471,34.273459,0 -87.843903,34.273642,0 -87.843525,34.273749,0 -87.842681,34.273989,0 -87.83973899999999,34.274797,0 -87.83925000000001,34.274934,0 -87.836209,34.275775,0 -87.834566,34.276231,0 -87.833669,34.276484,0 -87.833313,34.276585,0 -87.832239,34.276878,0 -87.83034600000001,34.277405,0 -87.8297735,34.2775783,0 -87.828823,34.277824,0 -87.82803800000001,34.278046,0 -87.827827,34.278113,0 -87.82735,34.278279,0 -87.826836,34.278481,0 -87.826526,34.278628,0 -87.8263895,34.2786962,0 -87.826238,34.278772,0 -87.8261049,34.2788456,0 -87.825824,34.279001,0 -87.8257444,34.2790485,0 -87.82562299999999,34.279121,0 -87.825357,34.279292,0 -87.825029,34.279521,0 -87.824088,34.280191,0 -87.82346800000001,34.280626,0 -87.823121,34.280866,0 -87.822948,34.280981,0 -87.82270200000001,34.281159,0 -87.82163300000001,34.281904,0 -87.81902599999999,34.28372,0 -87.818001,34.284415,0 -87.81776600000001,34.284582,0 -87.817472,34.284783,0 -87.817238,34.28495,0 -87.8155,34.286147,0 -87.81532009999999,34.2862768,0 -87.81504940000001,34.2864147,0 -87.81482680000001,34.2865721,0 -87.814572,34.2867494,0 -87.8142635,34.2869665,0 -87.8135851,34.2874628,0 -87.8129814,34.2878663,0 -87.8124557,34.2882297,0 -87.8115679,34.28891,0 -87.81114150000001,34.2892402000001,0 -87.81074719999999,34.2895593,0 -87.810428,34.289792,0 -87.8101544,34.2900003,0 -87.8099103,34.2901887,0 -87.80927730000001,34.2907161,0 -87.807896,34.2918972,0 -87.80719860000001,34.2925133,0 -87.8065093,34.2931648,0 -87.8062777,34.2933707,0 -87.805549,34.2939935,0 -87.8048409,34.2946007,0 -87.80406929999999,34.2952533,0 -87.8038068,34.2954753,0 -87.80336939999999,34.2958453,0 -87.8031666,34.2960168,0 -87.8026471,34.2964562,0 -87.8023888,34.2966746,0 -87.8022218,34.2968159,0 -87.8016813,34.297273,0 -87.8013004,34.2975899,0 -87.8011264,34.2977337,0 -87.80084979999999,34.2979622,0 -87.800359,34.2983765,0 -87.7996643,34.2989748,0 -87.7986289,34.2998744,0 -87.7983595,34.3001056,0 -87.7981408,34.3002932,0 -87.7975802,34.3007784,0 -87.7970062,34.3012748,0 -87.79640000000001,34.3018176,0 -87.79593060000001,34.3022275,0 -87.7957885,34.3023582,0 -87.79467200000001,34.303316,0 -87.7928536,34.3049543,0 -87.7921132,34.3056053,0 -87.7918066,34.305881,0 -87.7914478,34.3062056,0 -87.79120930000001,34.3064195,0 -87.7909799,34.306639,0 -87.7906665,34.3069316,0 -87.7905734,34.3070517,0 -87.790175,34.307433,0 -87.78988200000001,34.307725,0 -87.78760200000001,34.309812,0 -87.786573,34.310767,0 -87.786411,34.310916,0 -87.78635149999999,34.3109794,0 -87.78597499999999,34.3113140000001,0 -87.785884,34.311398,0 -87.785202,34.312027,0 -87.784963,34.312248,0 -87.78456199999999,34.312617,0 -87.78349900000001,34.313587,0 -87.783136,34.313925,0 -87.783086,34.313972,0 -87.782752,34.314275,0 -87.78273,34.314295,0 -87.78257499999999,34.314442,0 -87.782399,34.314609,0 -87.7821605,34.3147841,0 -87.780844,34.316042,0 -87.779083,34.317662,0 -87.7785803,34.3180795,0 -87.7782661,34.3184027,0 -87.77755430000001,34.3190338,0 -87.7764975,34.3200008,0 -87.7756657,34.3208176,0 -87.7752959,34.3212425,0 -87.775193,34.321409,0 -87.77498199999999,34.321656,0 -87.77483599999999,34.321837,0 -87.774507,34.322266,0 -87.774325,34.322515,0 -87.77428399999999,34.322579,0 -87.773364,34.323873,0 -87.77263000000001,34.324919,0 -87.77229,34.325403,0 -87.771749,34.3261559999999,0 -87.771215,34.326912,0 -87.77068800000001,34.327667,0 -87.770433,34.328047,0 -87.770219,34.328381,0 -87.769926,34.328893,0 -87.769649,34.329427,0 -87.769282,34.3302460000001,0 -87.76911699999999,34.330661,0 -87.76896499999999,34.331083,0 -87.768823,34.331515,0 -87.76866,34.332038,0 -87.768518,34.332616,0 -87.76839099999999,34.333267,0 -87.768094,34.334884,0 -87.767905,34.335859,0 -87.767488,34.338076,0 -87.76728,34.339168,0 -87.766566,34.342993,0 -87.766379,34.344005,0 -87.76634799999999,34.344148,0 -87.766156,34.345159,0 -87.766149,34.345231,0 -87.766031,34.34588,0 -87.765992,34.346025,0 -87.76591500000001,34.346533,0 -87.76577399999999,34.347352,0 -87.765665,34.34787,0 -87.765586,34.348334,0 -87.765463,34.348982,0 -87.765202,34.350276,0 -87.765034,34.35114,0 -87.76463800000001,34.3533,0 -87.76444600000001,34.354302,0 -87.764235,34.35545,0 -87.763887,34.357243,0 -87.76367,34.3584660000001,0 -87.76313399999999,34.361267,0 -87.762922,34.362416,0 -87.7629,34.36256,0 -87.76285300000001,34.362803,0 -87.76281,34.362991,0 -87.7628,34.363064,0 -87.762581,34.364224,0 -87.76244699999999,34.364932,0 -87.76242000000001,34.365089,0 -87.76238600000001,34.365292,0 -87.76232299999999,34.365578,0 -87.762286,34.365782,0 -87.762185,34.366336,0 -87.76209799999999,34.366785,0 -87.76205299999999,34.3670140000001,0 -87.76201,34.367231,0 -87.762001,34.367303,0 -87.761968,34.367446,0 -87.761836,34.368092,0 -87.761634,34.369181,0 -87.76161,34.369313,0 -87.76158700000001,34.369426,0 -87.761453,34.3701,0 -87.76140599999999,34.370357,0 -87.76136,34.370607,0 -87.761335,34.370743,0 -87.76129899999999,34.370924,0 -87.761229,34.371274,0 -87.76119300000001,34.371451,0 -87.761179,34.371578,0 -87.761094,34.372041,0 -87.760887,34.37308,0 -87.760749,34.3738,0 -87.760605,34.374521,0 -87.76047,34.375241,0 -87.7601228,34.3770554,0 -87.76004399999999,34.377434,0 -87.75995899999999,34.37787,0 -87.759632,34.379546,0 -87.759359,34.380981,0 -87.758943,34.383121,0 -87.75866600000001,34.384583,0 -87.75852500000001,34.385353,0 -87.75838299999999,34.386011,0 -87.758298,34.386365,0 -87.758206,34.386718,0 -87.75810300000001,34.387071,0 -87.757991,34.387421,0 -87.757873,34.387768,0 -87.757741,34.388113,0 -87.757599,34.388456,0 -87.757137,34.38948,0 -87.756979,34.389821,0 -87.756817,34.390158,0 -87.756507,34.39084,0 -87.755865,34.392204,0 -87.755394,34.393229,0 -87.75428700000001,34.395611,0 -87.753815,34.396611,0 -87.75346,34.397343,0 -87.75335800000001,34.397604,0 -87.753308,34.397732,0 -87.75313199999999,34.398095,0 -87.75282199999999,34.398774,0 -87.752509,34.399443,0 -87.7522268,34.4000587,0 -87.752201,34.400115,0 -87.752163,34.400181,0 -87.7522573,34.4003673,0 -87.7523583,34.4006174,0 -87.7525117,34.4008705,0 -87.7526544,34.4009961,0 -87.75369809999999,34.4019149,0 -87.75388289999999,34.4020775,0 -87.754197,34.402354,0 -87.7548791,34.4030839,0 -87.75493899999999,34.403148,0 -87.755284,34.403605,0 -87.7556,34.4040641,0 -87.755745,34.404344,0 -87.755988,34.404828,0 -87.756214,34.405322,0 -87.756298,34.4056092,0 -87.756455,34.406146,0 -87.75649369999999,34.4063664,0 -87.75657,34.406801,0 -87.7565965,34.4069957,0 -87.75660739999999,34.4070756,0 -87.75664020000001,34.4075945,0 -87.7566425,34.4078306,0 -87.75663040000001,34.4080653,0 -87.756584,34.408607,0 -87.756387,34.409606,0 -87.756046,34.410576,0 -87.755084,34.413007,0 -87.754627,34.414469,0 -87.754384,34.415467,0 -87.754184,34.416464,0 -87.754037,34.4174760000001,0 -87.75398199999999,34.418488,0 -87.753984,34.418763,0 -87.7539848,34.418854,0 -87.75399,34.419487,0 -87.75399,34.421007,0 -87.754007,34.422265,0 -87.753998,34.423345,0 -87.754001,34.424173,0 -87.75400260000001,34.4245455,0 -87.75400399999999,34.424864,0 -87.754001,34.426401,0 -87.7540095,34.4275817,0 -87.754012,34.427928,0 -87.754015,34.429929,0 -87.754014,34.430689,0 -87.754024,34.432214,0 -87.7540286,34.4334835000001,0 -87.754035,34.435269,0 -87.754037,34.435422,0 -87.7540394,34.4356722,0 -87.754054,34.437196,0 -87.75405499999999,34.438291,0 -87.75405619999999,34.439649,0 -87.75405689999999,34.440405,0 -87.754057,34.4405210000001,0 -87.754057,34.440728,0 -87.7540573,34.4413518,0 -87.75405859999999,34.4441386,0 -87.754059,34.44501,0 -87.754064,34.445621,0 -87.7540655,34.4458188,0 -87.754071,34.446539,0 -87.754071,34.44666,0 -87.7540831,34.4479689,0 -87.75408349999999,34.447987,0 -87.7541047,34.4490157,0 -87.7541263,34.4504817,0 -87.7541109,34.4513073999999,0 -87.7541047,34.4522586,0 -87.75410100000001,34.454295,0 -87.754105,34.454738,0 -87.75411,34.455242,0 -87.754107,34.455796,0 -87.75410410000001,34.4562579,0 -87.754102,34.456592,0 -87.75410410000001,34.4569018,0 -87.75411200000001,34.458088,0 -87.754113,34.4583,0 -87.754107,34.458998,0 -87.7541075,34.459202,0 -87.754108,34.459397,0 -87.75411510000001,34.4603294,0 -87.7541214,34.4611518,0 -87.75412559999999,34.4621577,0 -87.75411200000001,34.463056,0 -87.75408710000001,34.4635404,0 -87.75400380000001,34.4641006,0 -87.75395949999999,34.4643111,0 -87.7539182,34.464522,0 -87.7537768,34.4650508,0 -87.75371130000001,34.4652168,0 -87.7536065,34.4654759,0 -87.7535512,34.4656154,0 -87.7534831,34.4657874,0 -87.7533559,34.4660589,0 -87.7531127,34.4664968,0 -87.752824,34.466941,0 -87.752179,34.467794,0 -87.7517029,34.4683021,0 -87.75140399999999,34.468621,0 -87.75106169999999,34.4689825,0 -87.75065499999999,34.469412,0 -87.750508,34.469575,0 -87.75023400000001,34.469851,0 -87.749942,34.470165,0 -87.749775,34.470337,0 -87.7491698,34.4709775,0 -87.748659,34.471518,0 -87.748409,34.471774,0 -87.74816300000001,34.472027,0 -87.747379,34.4728303,0 -87.745913,34.474392,0 -87.74571299999999,34.474612,0 -87.745529,34.474795,0 -87.744804,34.475537,0 -87.744659,34.475695,0 -87.744049,34.4763471,0 -87.7436428,34.4767653,0 -87.743611,34.476798,0 -87.7433894,34.4770316,0 -87.7429279,34.4775183,0 -87.74247,34.478001,0 -87.742378,34.4780930000001,0 -87.74204,34.478453,0 -87.74199110000001,34.4785023,0 -87.741895,34.478599,0 -87.74147499999999,34.47904,0 -87.741007,34.4795214,0 -87.740576,34.47999,0 -87.740184,34.480396,0 -87.740101,34.480489,0 -87.739149,34.481477,0 -87.73835200000001,34.482315,0 -87.7382309,34.4824333,0 -87.73717000000001,34.483552,0 -87.736868,34.483771,0 -87.736322,34.484369,0 -87.73577299999999,34.4849110000001,0 -87.735669,34.485013,0 -87.73485220000001,34.4859498,0 -87.734594,34.486246,0 -87.734449,34.486398,0 -87.7343509,34.4865008,0 -87.73405099999999,34.486815,0 -87.733367,34.487531,0 -87.73303199999999,34.487995,0 -87.732867,34.488176,0 -87.7325396,34.488518,0 -87.73249180000001,34.4885679,0 -87.732282,34.488787,0 -87.731568,34.489534,0 -87.73123099999999,34.489885,0 -87.73105700000001,34.490036,0 -87.7307,34.4904,0 -87.730604,34.490507,0 -87.730048,34.491091,0 -87.729765,34.491368,0 -87.72917700000001,34.491903,0 -87.729029,34.492023,0 -87.72887900000001,34.492158,0 -87.72857,34.492416,0 -87.72824900000001,34.492674,0 -87.72791599999999,34.492927,0 -87.72733580000001,34.49336,0 -87.72724340000001,34.4934291,0 -87.72693219999999,34.4936615,0 -87.72612839999999,34.4942489,0 -87.725893,34.494421,0 -87.72549909999999,34.4947002,0 -87.725245,34.494909,0 -87.72402099999999,34.4958256,0 -87.723963,34.495869,0 -87.7236154,34.496122,0 -87.7233007,34.4963542,0 -87.72309009999999,34.4965037,0 -87.722675,34.496802,0 -87.72235000000001,34.497045,0 -87.722015,34.497286,0 -87.721372,34.497766,0 -87.720895,34.498111,0 -87.7206936,34.4982668,0 -87.720382,34.4985,0 -87.720125,34.498683,0 -87.7199988,34.4987797,0 -87.719678,34.499026,0 -87.71934899999999,34.499269,0 -87.71922669999999,34.4993694,0 -87.7190476,34.4995143,0 -87.7187551,34.4997807,0 -87.718536,34.500006,0 -87.718282,34.500302,0 -87.7181755,34.500433,0 -87.718039,34.500601,0 -87.717817,34.500916,0 -87.717454,34.501572,0 -87.717311,34.50192,0 -87.717187,34.502265,0 -87.717091,34.502615,0 -87.71701,34.502971,0 -87.71696,34.503326,0 -87.71695,34.5034856,0 -87.716938,34.503678,0 -87.7169387,34.5039301,0 -87.716939,34.504037,0 -87.7169572,34.504253,0 -87.716964,34.504333,0 -87.7169662,34.5043731,0 -87.71697899999999,34.504612,0 -87.71698910000001,34.5047279,0 -87.7170333,34.5052367,0 -87.71706469999999,34.505506,0 -87.717085,34.505678,0 -87.717095,34.505778,0 -87.7170993,34.505835,0 -87.717147,34.506472,0 -87.7171791,34.5067633,0 -87.71718799999999,34.506844,0 -87.717234,34.507409,0 -87.71729499999999,34.508079,0 -87.717361,34.508613,0 -87.717432,34.509533,0 -87.71745900000001,34.509785,0 -87.717499,34.510126,0 -87.71753200000001,34.510485,0 -87.717564,34.510829,0 -87.7175819,34.5111514,0 -87.7176,34.511479,0 -87.7175994,34.5117487,0 -87.717585,34.512275,0 -87.717547,34.512903,0 -87.7175055,34.5132862,0 -87.717472,34.513596,0 -87.717422,34.513876,0 -87.717293,34.514761,0 -87.71721599999999,34.51518,0 -87.717161,34.515545,0 -87.7171192,34.5158238,0 -87.71704099999999,34.516332,0 -87.716937,34.5169,0 -87.716869,34.517341,0 -87.716793,34.517888,0 -87.71666,34.5186459999999,0 -87.71649549999999,34.5196398,0 -87.716486,34.519723,0 -87.716452,34.519954,0 -87.71637800000001,34.520448,0 -87.716224,34.521379,0 -87.7160792,34.5222552,0 -87.715896,34.523396,0 -87.71565200000001,34.52497,0 -87.715564,34.525445,0 -87.715422,34.526332,0 -87.71537499999999,34.526669,0 -87.71524700000001,34.527411,0 -87.7152447,34.5274309,0 -87.71522,34.527641,0 -87.715208,34.527717,0 -87.71507699999999,34.528517,0 -87.714939,34.52941,0 -87.7149063,34.5296091,0 -87.71481,34.530196,0 -87.71474000000001,34.530574,0 -87.71468900000001,34.530956,0 -87.7146039,34.5315628,0 -87.7145496,34.5317876,0 -87.714488,34.532068,0 -87.714422,34.532426,0 -87.714348,34.532779,0 -87.71428299999999,34.533139,0 -87.714202,34.533508,0 -87.714101,34.533858,0 -87.713981,34.534169,0 -87.71394359999999,34.5342811,0 -87.713927,34.534331,0 -87.713846,34.534539,0 -87.71378129999999,34.5346801,0 -87.713516,34.535217,0 -87.713325,34.535535,0 -87.71311900000001,34.535856,0 -87.712898,34.536167,0 -87.712779,34.536324,0 -87.712666,34.536473,0 -87.712424,34.536767,0 -87.7122936,34.5369127,0 -87.712155,34.537062,0 -87.71193700000001,34.537256,0 -87.711495,34.537643,0 -87.711281,34.537815,0 -87.71117700000001,34.537899,0 -87.710943,34.53807,0 -87.71085100000001,34.538137,0 -87.71058480000001,34.5383233,0 -87.71035500000001,34.53849,0 -87.70989400000001,34.53882,0 -87.70956099999999,34.539051,0 -87.70921300000001,34.539297,0 -87.708499,34.539802,0 -87.708034,34.54013,0 -87.707005,34.540841,0 -87.706891,34.540926,0 -87.706247,34.541379,0 -87.706141,34.541453,0 -87.70603300000001,34.541535,0 -87.705257,34.542078,0 -87.704154,34.5428479,0 -87.7039528,34.5429894,0 -87.7024711,34.5440319,0 -87.7018293,34.5444872,0 -87.7014495,34.5447566,0 -87.70055480000001,34.5453913,0 -87.70008129999999,34.5457271,0 -87.69976,34.545955,0 -87.69963199999999,34.546045,0 -87.698025,34.547183,0 -87.69769479999999,34.5474038,0 -87.6976296,34.5474551,0 -87.6974761,34.5475768,0 -87.69738460000001,34.547652,0 -87.69731350000001,34.5477105,0 -87.69707,34.547927,0 -87.69676800000001,34.548184,0 -87.69622750000001,34.5486685,0 -87.696112,34.548772,0 -87.6959251,34.5489547,0 -87.695662,34.549241,0 -87.695418,34.549504,0 -87.6950708,34.5498935,0 -87.69489799999999,34.550087,0 -87.694658,34.55038,0 -87.694424,34.550683,0 -87.694194,34.550991,0 -87.693979,34.551303,0 -87.69385320000001,34.5514978,0 -87.693524,34.552008,0 -87.693465,34.55212,0 -87.69337,34.552276,0 -87.693335,34.552349,0 -87.69313699999999,34.552666,0 -87.69295200000001,34.552983,0 -87.692553,34.553634,0 -87.69235399999999,34.55397,0 -87.6922064,34.5542063,0 -87.692151,34.554295,0 -87.691968,34.554618,0 -87.69158400000001,34.555278,0 -87.691092,34.556115,0 -87.69100299999999,34.556255,0 -87.690673,34.556808,0 -87.69055899999999,34.55702,0 -87.69038399999999,34.557309,0 -87.69027699999999,34.557484,0 -87.6897968,34.5583018,0 -87.689553,34.558716,0 -87.689352,34.559045,0 -87.689161,34.559372,0 -87.689153,34.559387,0 -87.689054,34.559564,0 -87.688868,34.559878,0 -87.6885352,34.560434,0 -87.68810790000001,34.5611478,0 -87.68796,34.561395,0 -87.6879204,34.5614635,0 -87.687822,34.561634,0 -87.68766650000001,34.5619021,0 -87.687579,34.562053,0 -87.687382,34.562382,0 -87.6870248,34.5629933,0 -87.686817,34.563349,0 -87.686432,34.563997,0 -87.686249,34.564321,0 -87.68605700000001,34.564648,0 -87.68587100000001,34.564976,0 -87.685832,34.565052,0 -87.685655,34.565376,0 -87.68539800000001,34.5658770000001,0 -87.685384,34.565904,0 -87.685228,34.56624,0 -87.685151,34.566414,0 -87.6850142,34.5667246,0 -87.684921,34.566936,0 -87.684662,34.56765,0 -87.68463559999999,34.5677303,0 -87.684544,34.568009,0 -87.6844426,34.568341,0 -87.68443499999999,34.568366,0 -87.684336,34.568727,0 -87.6842944,34.5689371,0 -87.68423300000001,34.5692,0 -87.684212,34.569281,0 -87.684172,34.569473,0 -87.684151,34.569571,0 -87.68411879999999,34.56974,0 -87.684112,34.569776,0 -87.68408909999999,34.5699385,0 -87.6840349,34.5703371,0 -87.68401780000001,34.5704784,0 -87.683943,34.570988,0 -87.683925,34.571139,0 -87.68391579999999,34.5712344,0 -87.68389000000001,34.571501,0 -87.683847,34.571864,0 -87.68378199999999,34.572587,0 -87.683742,34.572946,0 -87.683708,34.573308,0 -87.683667,34.573671,0 -87.683617,34.574038,0 -87.683515,34.574669,0 -87.683474,34.574886,0 -87.683424,34.575113,0 -87.6833188,34.5755377,0 -87.683317,34.575545,0 -87.683256,34.575756,0 -87.683177,34.576037,0 -87.68311199999999,34.576252,0 -87.683081,34.576325,0 -87.68299,34.576605,0 -87.682941,34.576737,0 -87.68292099999999,34.576804,0 -87.682653,34.577494,0 -87.682463,34.577905,0 -87.6823,34.578232,0 -87.68222,34.578394,0 -87.682143,34.578528,0 -87.682046,34.57873,0 -87.68150199999999,34.579709,0 -87.680981,34.58066,0 -87.680014,34.582385,0 -87.679258,34.583746,0 -87.67892000000001,34.584352,0 -87.67858940000001,34.5849663,0 -87.678561,34.585019,0 -87.678211,34.585695,0 -87.677702,34.586719,0 -87.6774211,34.5873031,0 -87.676992,34.5881952,0 -87.676551,34.589112,0 -87.67645899999999,34.5893,0 -87.67639800000001,34.58944,0 -87.67629599999999,34.589637,0 -87.67603699999999,34.590173,0 -87.6759661,34.5903519,0 -87.6756414,34.5910381,0 -87.67496149999999,34.5924626,0 -87.674693,34.5930277,0 -87.674077,34.5943044,0 -87.67351240000001,34.5954809,0 -87.672702,34.5971671,0 -87.6722917,34.5980425,0 -87.6720504,34.5985534,0 -87.67174249999999,34.5991926,0 -87.6711839,34.6003315,0 -87.67086399999999,34.6010259,0 -87.67071129999999,34.6013573,0 -87.67052099999999,34.6017472,0 -87.6703404,34.6020858,0 -87.67024000000001,34.602241,0 -87.67016700000001,34.602373,0 -87.669858,34.602817,0 -87.669676,34.603063,0 -87.669579,34.603186,0 -87.669476,34.603306,0 -87.66942,34.603361,0 -87.66937,34.603427,0 -87.6692683,34.6035458,0 -87.6691895,34.6036212,0 -87.669049,34.6036860000001,0 -87.66900099999999,34.60375,0 -87.668891,34.603856,0 -87.668755,34.60398,0 -87.668644,34.604082,0 -87.66814599999999,34.604498,0 -87.667483,34.604989,0 -87.666511,34.60573,0 -87.666174,34.605977,0 -87.66585600000001,34.606221,0 -87.665707,34.606326,0 -87.665542,34.606457,0 -87.665013,34.606857,0 -87.6646176,34.6071566,0 -87.6645915,34.6071996,0 -87.6645563,34.6072486,0 -87.664509,34.6073018,0 -87.6643965,34.607394,0 -87.6639842,34.6077125,0 -87.6636566,34.6079821,0 -87.6632522,34.6083281,0 -87.6629739,34.6085619,0 -87.6626942,34.6088124,0 -87.6624066,34.609058,0 -87.6620631,34.6093849,0 -87.6616326,34.6098048,0 -87.66136880000001,34.6100553,0 -87.6611398,34.6103058,0 -87.660892,34.6105611,0 -87.6605644,34.6109034,0 -87.66030360000001,34.6111814,0 -87.6599204,34.6116045,0 -87.6595622,34.6120389,0 -87.6591504,34.6125268,0 -87.6588148,34.6129427,0 -87.6584866,34.6133627,0 -87.65816340000001,34.6138166,0 -87.65785889999999,34.6142264,0 -87.6575919,34.6146023000001,0 -87.6572051,34.6151763,0 -87.6569555,34.6155768,0 -87.65670540000001,34.6159811,0 -87.6562979,34.6166704,0 -87.656013,34.6171708,0 -87.65579270000001,34.6175757,0 -87.6555302,34.6180924,0 -87.6552823,34.6185852,0 -87.6551293,34.6189021,0 -87.655029,34.619117,0 -87.65482590000001,34.6195176,0 -87.6544145,34.6203444,0 -87.6542556,34.6206803,0 -87.653741,34.621727,0 -87.653587,34.622023,0 -87.653256,34.622715,0 -87.65291999999999,34.623393,0 -87.652406,34.624393,0 -87.65201,34.625046,0 -87.651792,34.625371,0 -87.65156,34.625688,0 -87.651314,34.625999,0 -87.6506325,34.6269002,0 -87.650464,34.627123,0 -87.650104,34.627602,0 -87.6499747,34.6277711,0 -87.649818,34.627976,0 -87.6497415,34.628067,0 -87.649579,34.6282599999999,0 -87.649113,34.628883,0 -87.648805,34.629285,0 -87.648641,34.629499,0 -87.64841699999999,34.629815,0 -87.648201,34.630133,0 -87.64801,34.630463,0 -87.647977,34.630535,0 -87.647853,34.630804,0 -87.64772499999999,34.631154,0 -87.647633,34.631513,0 -87.647581,34.631875,0 -87.647567,34.632241,0 -87.647586,34.632608,0 -87.647642,34.632971,0 -87.64773,34.633329,0 -87.64789399999999,34.633817,0 -87.647976,34.634039,0 -87.648055,34.634259,0 -87.648087,34.634329,0 -87.64842,34.635161,0 -87.648511,34.635364,0 -87.64859199999999,34.635536,0 -87.648719,34.635845,0 -87.648848,34.636115,0 -87.648909,34.6362519999999,0 -87.648932,34.636326,0 -87.64896299999999,34.636388,0 -87.649731,34.638249,0 -87.64989129999999,34.6386556,0 -87.65000499999999,34.638944,0 -87.65006700000001,34.639093,0 -87.65075040000001,34.640748,0 -87.651004,34.641362,0 -87.65114199999999,34.6417080000001,0 -87.651629,34.642914,0 -87.652029,34.643904,0 -87.6522794,34.6445074,0 -87.652334,34.644639,0 -87.65291809999999,34.6460381,0 -87.65323770000001,34.6468035999999,0 -87.65355700000001,34.647591,0 -87.65379849999999,34.6481799,0 -87.6541301,34.6489887,0 -87.654377,34.6495907,0 -87.65523,34.651671,0 -87.65558679999999,34.6525345,0 -87.656941,34.655811,0 -87.6570624,34.6561117,0 -87.65746,34.657097,0 -87.657498,34.657192,0 -87.6583802,34.6593415,0 -87.65863,34.65995,0 -87.659048,34.660981,0 -87.65931500000001,34.661623,0 -87.659477,34.66199,0 -87.65982099999999,34.66284,0 -87.66050300000001,34.664506,0 -87.6607911,34.6652091,0 -87.6616887,34.6673998,0 -87.66181,34.667696,0 -87.662389,34.669088,0 -87.6625447,34.66947,0 -87.662954,34.670474,0 -87.66354490000001,34.6719028999999,0 -87.66381,34.672544,0 -87.66408800000001,34.673238,0 -87.6643964,34.6739801,0 -87.66494899999999,34.67531,0 -87.665226,34.676003,0 -87.665511,34.676693,0 -87.6657051,34.6771858,0 -87.665734,34.677259,0 -87.665919,34.6777310000001,0 -87.66604100000001,34.678083,0 -87.66615299999999,34.678434,0 -87.666257,34.678788,0 -87.66634999999999,34.679144,0 -87.666434,34.679501,0 -87.666509,34.67986,0 -87.666554,34.6801125,0 -87.666573,34.680219,0 -87.666625,34.680579,0 -87.666708,34.681306,0 -87.666757,34.682033,0 -87.6667796,34.6827132,0 -87.666805,34.683479,0 -87.6668306,34.6842742,0 -87.6669265,34.6872582,0 -87.6670015,34.6896062,0 -87.667028,34.690434,0 -87.6670956,34.692499,0 -87.66711069999999,34.692962,0 -87.6672011,34.6957236,0 -87.66722,34.6961872,0 -87.667255,34.697186,0 -87.667259,34.6972879999999,0 -87.66727400000001,34.69772,0 -87.667299,34.698233,0 -87.66731799999999,34.698861,0 -87.6673361,34.6994472,0 -87.667339,34.699541,0 -87.667357,34.699908,0 -87.667371,34.70031,0 -87.667377,34.700494,0 -87.667393,34.70094,0 -87.66739699999999,34.701046,0 -87.66741,34.701544,0 -87.66742000000001,34.701924,0 -87.667422,34.7019661,0 -87.66743,34.702136,0 -87.667474,34.703038,0 -87.667481,34.703379,0 -87.667486,34.703508,0 -87.667496,34.703743,0 -87.667501,34.703981,0 -87.66750399999999,34.704104,0 -87.6675078,34.7042163,0 -87.667525,34.704717,0 -87.667536,34.705075,0 -87.667552,34.70541,0 -87.66756100000001,34.705588,0 -87.667593,34.706266,0 -87.667613,34.706997,0 -87.6676155,34.70705,0 -87.667647,34.707726,0 -87.667672,34.708463,0 -87.667699,34.709182,0 -87.6677067,34.7094929,0 -87.667708,34.709545,0 -87.66773809999999,34.710104,0 -87.66774700000001,34.71027,0 -87.6677574,34.7107405,0 -87.66777089999999,34.711158,0 -87.6677727,34.7112226,0 -87.6677767,34.7113369,0 -87.6677808,34.711465,0 -87.6677942,34.711878,0 -87.6677997,34.7120893,0 -87.6678039,34.7122525,0 -87.6678084,34.7124243,0 -87.6678186,34.7128176,0 -87.6678215,34.7128924,0 -87.66783650000001,34.7132836,0 -87.6678543,34.7136081,0 -87.6678859,34.7143288,0 -87.6679101,34.7149098,0 -87.6679292,34.715367,0 -87.6679326,34.7154489,0 -87.6679532,34.7159753,0 -87.66798300000001,34.7167419999999,0 -87.6679938,34.7173581,0 -87.668008,34.718163,0 -87.66801,34.718361,0 -87.668012,34.718546,0 -87.668015,34.7187779,0 -87.66801100000001,34.719647,0 -87.66801150000001,34.7198663,0 -87.668012,34.720014,0 -87.668013,34.72051,0 -87.6680135,34.7206761,0 -87.6680138,34.7207581,0 -87.668014,34.720819,0 -87.667997,34.721618,0 -87.66799760000001,34.7218047,0 -87.66799829999999,34.7222674,0 -87.667991,34.722771,0 -87.66797010000001,34.7245531,0 -87.6679646,34.7250270999999,0 -87.6679462,34.7263934,0 -87.6679439,34.7265142,0 -87.66793989999999,34.7269157,0 -87.6679166,34.7278599,0 -87.6678162,34.7280863,0 -87.6678138,34.7289211,0 -87.6678141,34.7289752,0 -87.6678185,34.7296906,0 -87.667818,34.7301992,0 -87.667818,34.730531,0 -87.667812,34.7308618,0 -87.6678112,34.7310062,0 -87.6678105,34.7311409,0 -87.6678082,34.7313167,0 -87.6677993,34.7319872,0 -87.6677904,34.7329162,0 -87.6677852,34.7334281,0 -87.6677823,34.7337587,0 -87.6677811,34.7338799,0 -87.66777310000001,34.7347079,0 -87.6677696,34.7350733,0 -87.6677676,34.7352796,0 -87.6677648,34.735566,0 -87.6677596,34.7361036,0 -87.6677554,34.7365406,0 -87.6677529,34.7367984,0 -87.6677462,34.7374896,0 -87.66774100000001,34.7380003,0 -87.6677373,34.7383603,0 -87.66773209999999,34.7392248,0 -87.6677261,34.740222,0 -87.6677234,34.7406733,0 -87.66772159999999,34.7409797,0 -87.6677205,34.741168,0 -87.6677193,34.7413685,0 -87.66771900000001,34.7414163,0 -87.66771799999999,34.7415774,0 -87.6677176,34.7416508,0 -87.6677167,34.7417979,0 -87.6677153,34.7420312,0 -87.6677135,34.7423279,0 -87.6677124,34.742516,0 -87.66771,34.742918,0 -87.66770440000001,34.7433747,0 -87.6677007,34.7436831,0 -87.66769840000001,34.7438677,0 -87.66769360000001,34.7445274000001,0 -87.6676914,34.7448308,0 -87.6676884,34.7450926,0 -87.6676872,34.7451957,0 -87.6676806,34.7455824,0 -87.6676786,34.7457825,0 -87.6676768,34.7461087,0 -87.6676722,34.7464222,0 -87.6676664,34.7467192,0 -87.66766579999999,34.7467522,0 -87.66766,34.7470475,0 -87.66765599999999,34.7472514,0 -87.66765530000001,34.7472884,0 -87.66765409999999,34.7475937,0 -87.6676504,34.7480751,0 -87.66764999999999,34.7481221,0 -87.667646,34.7484231,0 -87.6676349,34.7490478999999,0 -87.6676322,34.749972,0 -87.66762060000001,34.7505121,0 -87.6676179,34.7508184,0 -87.6676071,34.7516649,0 -87.66760170000001,34.7521955,0 -87.66759709999999,34.7526164,0 -87.6675931,34.7532548,0 -87.6675918,34.7534711,0 -87.6675872,34.753877,0 -87.6675832,34.7543107,0 -87.6675731,34.7551487000001,0 -87.6675694,34.7553447,0 -87.6675654,34.7559969,0 -87.66755740000001,34.7568237,0 -87.6675491,34.757675,0 -87.6675438,34.7584931,0 -87.66753490000001,34.7589015,0 -87.667524,34.7593325,0 -87.66756650000001,34.7597504,0 -87.667553,34.760084,0 -87.667547,34.7601575,0 -87.6675212,34.7604088,0 -87.66750399999999,34.7607067,0 -87.667486,34.760969,0 -87.66734099999999,34.762459,0 -87.667025,34.765738,0 -87.6669326,34.7667742,0 -87.66691899999999,34.7668709999999,0 -87.666871,34.7673440000001,0 -87.6667824,34.7682956,0 -87.6667616,34.7684708,0 -87.6667487,34.7685799,0 -87.6667384,34.768666,0 -87.66672,34.768821,0 -87.6666886,34.7691633,0 -87.66667200000001,34.769331,0 -87.666673,34.769477,0 -87.666695,34.769625,0 -87.666805,34.770051,0 -87.666906,34.770251,0 -87.667028,34.770425,0 -87.66704,34.77044,0 -87.667253,34.770664,0 -87.6673139,34.7707178,0 -87.6675886,34.7709629,0 -87.668363,34.7716,0 -87.66859169999999,34.7717606,0 -87.6689325,34.7719474,0 -87.66943310000001,34.7722026,0 -87.6693973,34.7722842,0 -87.6693691,34.7723648,0 -87.6692364,34.7727607,0 -87.6692022,34.7729038,0 -87.6691307,34.7732611,0 
				
					-87.6691307,34.7732611,0 -87.6691209,34.7737249,0 -87.66912000000001,34.7738911,0 -87.669116,34.7742559,0 -87.66911399999999,34.7747079999999,0 -87.66911399999999,34.775136,0 -87.669107,34.775421,0 -87.6691036,34.7761856,0 -87.669101,34.776788,0 -87.669122,34.777263,0 -87.66918320000001,34.7777103999999,0 -87.66921069999999,34.7778422,0 -87.6692716,34.778136,0 -87.66932129999999,34.7783217,0 -87.6694179,34.7786103,0 -87.6695064,34.7788724,0 -87.6696115,34.7791538,0 -87.6696608,34.7793823,0 -87.6699921,34.7801336,0 -87.6723314,34.7854815000001,0 -87.672901,34.78678,0 -87.673005,34.7870590000001,0 -87.67309400000001,34.787341,0 -87.673181,34.787663,0 -87.67325,34.787984,0 -87.673287,34.788202,0 -87.673326,34.788492,0 -87.673351,34.788783,0 -87.6733479,34.7889251,0 -87.67336299999999,34.789295,0 -87.67335300000001,34.789586,0 -87.6733395,34.7897119,0 -87.673328,34.789894,0 -87.673281,34.79024,0 -87.673226,34.79053,0 -87.673176,34.790745,0 -87.67310000000001,34.79103,0 -87.673012,34.791313,0 -87.67289289999999,34.7916557,0 -87.67277369999999,34.7919916,0 -87.67269400000001,34.792228,0 -87.672657,34.79237,0 -87.67261000000001,34.792586,0 -87.67256500000001,34.792876,0 -87.672541,34.793094,0 -87.672534,34.793199,0 -87.672527,34.793313,0 -87.672526,34.793605,0 -87.67253599999999,34.793824,0 -87.67256500000001,34.794115,0 -87.67259799999999,34.794332,0 -87.67262599999999,34.794476,0 -87.6726432,34.7945507,0 -87.67268900000001,34.79474,0 -87.672718,34.7948391,0 -87.67277900000001,34.795048,0 -87.672826,34.795188,0 -87.672916,34.795418,0 -87.672978,34.795493,0 -87.673085,34.795693,0 -87.67325,34.795989,0 -87.6733831,34.7961941,0 -87.6736317,34.796589,0 -87.6738924,34.7969995,0 -87.6739812,34.7971394,0 -87.6739737,34.7972467,0 -87.6739522,34.7973463,0 -87.6739334,34.7974134,0 -87.6739299,34.7974209,0 -87.6739073,34.7974688,0 -87.6738019,34.797569,0 -87.6732521,34.7977942,0 -87.6729326,34.7979251,0 -87.67286679999999,34.798018,0 -87.6725792,34.7981397,0 -87.6722048,34.7982969,0 -87.6721355,34.7983267,0 -87.67182819999999,34.7984586,0 -87.6715466,34.7985813,0 -87.6711828,34.7987356,0 -87.6702614,34.7991376,0 -87.6699375,34.7992768,0 -87.669776,34.7993648,0 -87.6696245,34.7994779000001,0 -87.66948410000001,34.799602,0 -87.66935460000001,34.7997262,0 -87.66923989999999,34.7998463,0 -87.66908549999999,34.8000459,0 -87.66898620000001,34.8001841,0 -87.6689135,34.8003033,0 -87.668781,34.800584,0 -87.668719,34.800758,0 -87.668637,34.800992,0 -87.668561,34.801282,0 -87.6684073,34.8018906,0 -87.6683168,34.802213,0 -87.66811250000001,34.8029181,0 -87.66809790000001,34.8029839,0 -87.66804310000001,34.8031779,0 -87.6679757,34.8033562,0 -87.6678031,34.8035994,0 -87.6676009,34.8037397,0 -87.6672861,34.8038832,0 -87.6670093,34.8040093,0 -87.66688120000001,34.8040602,0 -87.666821,34.8040854,0 -87.6664914,34.8042259,0 -87.6663298,34.8042947,0 -87.6659626,34.8044571000001,0 -87.6655092,34.8046551,0 -87.6653678,34.8047213,0 -87.66505410000001,34.8048681,0 -87.66490949999999,34.8049475,0 -87.6648158,34.8050072,0 -87.6647006,34.8050949,0 -87.6645619,34.80523,0 -87.66446740000001,34.8053454,0 -87.6643771,34.8054755,0 -87.6643436,34.8055408,0 -87.6643127,34.8056136,0 -87.6642591,34.8057451,0 -87.6642217,34.8058931,0 -87.66418659999999,34.806212,0 -87.6642066,34.8064051,0 -87.6642427,34.8065678,0 -87.6643198,34.8069156,0 -87.6644749,34.8077132,0 -87.66458950000001,34.8083871,0 -87.66464569999999,34.8086735,0 -87.66483049999999,34.8096145,0 -87.6649342,34.81016,0 -87.6650458,34.8107441,0 -87.66505840000001,34.8108383,0 -87.6650903,34.8110772,0 -87.6651193,34.8112946,0 -87.6651219,34.8113902,0 -87.6651292,34.8116608,0 -87.6651312,34.8118012,0 -87.665126,34.811932,0 -87.66510270000001,34.8122116,0 -87.6650448,34.8126344,0 -87.66499450000001,34.8129074,0 -87.66493819999999,34.8131449,0 -87.6649058,34.8132572,0 -87.66475819999999,34.813458,0 -87.6646307,34.8137856,0 -87.66451360000001,34.8140548,0 -87.66432880000001,34.8143736,0 -87.6643153,34.8143902,0 -87.6642219,34.8145458,0 -87.6641575,34.8146331,0 -87.6639851,34.814857,0 -87.6638056,34.8150519,0 -87.6635938,34.8152628,0 -87.6633597,34.8154711000001,0 -87.6632158,34.815592,0 -87.6628518,34.8158606999999,0 -87.66239280000001,34.8161736,0 -87.66171869999999,34.8166278,0 -87.6612184,34.8169775,0 -87.6608118,34.8172608,0 -87.6599745,34.8177185,0 -87.65951699999999,34.817962,0 -87.6593002,34.8180704,0 -87.659211,34.818115,0 -87.659059,34.818195,0 -87.65830819999999,34.8185624,0 -87.65764299999999,34.8188835,0 -87.65691750000001,34.8192429,0 -87.6567785,34.8193109,0 -87.656553,34.8194225,0 -87.6559472,34.8197223,0 -87.65562,34.8198856,0 -87.65531729999999,34.8200302,0 -87.6547333,34.8203132,0 -87.65397830000001,34.8206936,0 -87.65368839999999,34.8208323,0 -87.653526,34.820913,0 -87.65293320000001,34.8212081,0 -87.65249559999999,34.8214277,0 -87.65226440000001,34.8215428,0 -87.6520982,34.8216198,0 -87.65029370000001,34.8224971,0 -87.6486385,34.8233292,0 -87.6473833,34.8239492,0 -87.64680300000001,34.8242358,0 -87.6463936,34.8244435,0 -87.64567049999999,34.8247974,0 -87.6452448,34.8250092,0 -87.6445061,34.8253771,0 -87.643911,34.825639,0 -87.643154,34.825967,0 -87.64245630000001,34.8262708,0 -87.6416844,34.8265749,0 -87.6411368,34.8267767000001,0 -87.64082879999999,34.8268942,0 -87.64025479999999,34.8270923,0 -87.6398015,34.8272486,0 -87.63936459999999,34.8273979,0 -87.63921790000001,34.827448,0 -87.6380805,34.8277784,0 -87.6377442,34.8278761,0 -87.63740629999999,34.8279664000001,0 -87.6370388,34.8280589,0 -87.6361376,34.8282901,0 -87.6354235,34.8284583,0 -87.6351847,34.8285070000001,0 -87.6341551,34.8287171,0 -87.63334949999999,34.8288842,0 -87.6330995,34.828936,0 -87.6320041,34.8291359,0 -87.6318943,34.8291568,0 -87.63164949999999,34.8292035000001,0 -87.6313157,34.829267,0 -87.6309443,34.8293303,0 -87.6305144,34.8294091,0 -87.63016020000001,34.8294757,0 -87.6296139,34.829578,0 -87.6294456,34.8296145000001,0 -87.6287301,34.8297698,0 -87.6282301,34.8298706,0 -87.6280762,34.8299017,0 -87.62773199999999,34.829972,0 -87.6273352,34.830036,0 -87.62706559999999,34.8300776,0 -87.6268384,34.8301202,0 -87.6265594,34.8301725,0 -87.626131,34.8302577,0 -87.6258859,34.8303065,0 -87.62560449999999,34.8303589,0 -87.62515260000001,34.8304499,0 -87.62478590000001,34.8305258,0 -87.6244928,34.8305864,0 -87.6241697,34.830657,0 -87.6236454,34.8307561,0 -87.62348230000001,34.8307869,0 -87.6228083,34.8309167,0 -87.6221646,34.8310466,0 -87.6212106,34.8312535,0 -87.621022,34.831303,0 -87.620693,34.831372,0 -87.6202859,34.8314722,0 -87.61985799999999,34.831578,0 -87.619602,34.831631,0 -87.61946500000001,34.8316656,0 -87.619012,34.83178,0 -87.61867599999999,34.831872,0 -87.618537,34.83192,0 -87.61851,34.831929,0 -87.617923,34.832093,0 -87.6177591,34.8321426,0 -87.61708400000001,34.832347,0 -87.61677299999999,34.832449,0 -87.6164361,34.8325589000001,0 -87.61626099999999,34.832616,0 -87.616094,34.832673,0 -87.615448,34.832894,0 -87.61536169999999,34.8329254,0 -87.6150308,34.8330457,0 -87.61455770000001,34.8332178,0 -87.61432929999999,34.8333057999999,0 -87.614279,34.8333208,0 -87.613281,34.833731,0 -87.612973,34.833855,0 -87.61181209999999,34.8343235,0 -87.611419,34.8344809999999,0 -87.611233,34.834555,0 -87.6110256,34.8346379,0 -87.610685,34.834774,0 -87.61009199999999,34.835011,0 -87.6099586,34.8350586,0 -87.6095692,34.8352053,0 -87.60946130000001,34.8352457,0 -87.60903070000001,34.8354127,0 -87.6085558,34.8356165,0 -87.60821230000001,34.8357518,0 -87.6076173,34.8359937,0 -87.6073564,34.836097,0 -87.60714280000001,34.8361825,0 -87.6064782,34.8364496000001,0 -87.60621639999999,34.8366394,0 -87.60603570000001,34.8367088,0 -87.60575799999999,34.8368154,0 -87.60509639999999,34.8370692,0 -87.6047327,34.8372089,0 -87.6044461,34.8372437,0 -87.6040857,34.8373906,0 -87.60403669999999,34.8374095,0 -87.60384449999999,34.837489,0 -87.60217799999999,34.838149,0 -87.601474,34.838399,0 -87.601129,34.838534,0 -87.600809,34.838665,0 -87.600162,34.838902,0 -87.59993,34.838974,0 -87.599902,34.838983,0 -87.5985647,34.8394757,0 -87.5980357,34.83967,0 -87.5966902,34.8401631,0 -87.59557890000001,34.8405704,0 -87.594475,34.840984,0 -87.5934444,34.8413585,0 -87.59329289999999,34.8414135,0 -87.59242999999999,34.841727,0 -87.592206,34.841806,0 -87.592046,34.841874,0 -87.591635,34.842022,0 -87.591498,34.842076,0 -87.590568,34.842416,0 -87.590097,34.842588,0 -87.589972,34.842629,0 -87.589619,34.842764,0 -87.58839039999999,34.843213,0 -87.587824,34.84342,0 -87.58758899999999,34.843511,0 -87.587346,34.8436,0 -87.587102,34.843681,0 -87.586822,34.843784,0 -87.586623,34.84386,0 -87.58653200000001,34.84389,0 -87.586208,34.843997,0 -87.585959,34.84407,0 -87.585705,34.844133,0 -87.585448,34.8441909999999,0 -87.585187,34.844256,0 -87.58467400000001,34.844372,0 -87.584333,34.844443,0 -87.58381900000001,34.844566,0 -87.5830742,34.844732,0 -87.582621,34.844833,0 -87.5823582,34.8448943,0 -87.582278,34.844913,0 -87.58193900000001,34.845004,0 -87.581605,34.845108,0 -87.581464,34.845157,0 -87.581441,34.845165,0 -87.581074,34.8452985,0 -87.5807519,34.8454451,0 -87.58051039999999,34.8455536,0 -87.5802084,34.8456936,0 -87.580063,34.845761,0 -87.579791,34.845892,0 -87.579707,34.845932,0 -87.5784172,34.8465285,0 -87.5781647,34.8466498,0 -87.5774912,34.8469643,0 -87.5771939,34.8471021,0 -87.57656799999999,34.847393,0 -87.57646800000001,34.847439,0 -87.575382,34.847959,0 -87.575081,34.848113,0 -87.5750259,34.8481428,0 -87.574933,34.848193,0 -87.574642,34.848361,0 -87.5742226,34.848617,0 -87.5740443,34.8487248,0 -87.57368,34.8489359,0 -87.57279579999999,34.8494536,0 -87.5725686,34.8495768,0 -87.57193409999999,34.8498834,0 -87.57176939999999,34.8499587,0 -87.5716412,34.8500174,0 -87.57146539999999,34.8500938,0 -87.5711268,34.8502347,0 -87.5706668,34.8504088,0 -87.5677563,34.8514294,0 -87.56691480000001,34.8517235,0 -87.5665872,34.8518333,0 -87.5663947,34.8518993,0 -87.5629268,34.8531317,0 -87.5609218,34.8538153,0 -87.5592877,34.854397,0 -87.55891819999999,34.8545844,0 -87.5580786,34.8548765,0 -87.5577327,34.8550008,0 -87.5574422,34.8551151,0 -87.557104,34.855288,0 -87.5566646,34.855516,0 -87.5564523,34.855632,0 -87.5562592,34.8557457,0 -87.556023,34.8558828,0 -87.55554619999999,34.8561561,0 -87.5553115,34.8562916,0 -87.5546295,34.8566823,0 -87.5543772,34.8568386,0 -87.5538188,34.8571973,0 -87.55348429999999,34.8574282,0 -87.5531731,34.8576603,0 -87.5524357,34.8582251,0 -87.5524285,34.8582306,0 -87.5519029,34.858673,0 -87.55145659999999,34.8590739,0 -87.5511479,34.8593749,0 -87.55071049999999,34.8598041,0 -87.55023319999999,34.8603316,0 -87.54986719999999,34.8607388,0 -87.5493025,34.8613683,0 -87.54845229999999,34.8623628,0 -87.5482004,34.8626576,0 -87.5470346,34.8639968,0 -87.5462265,34.8649247,0 -87.5456666,34.8655546,0 -87.54534769999999,34.8659283,0 -87.54481989999999,34.8665258,0 -87.5445766,34.866817,0 -87.54359820000001,34.8679218,0 -87.5430326,34.8685683,0 -87.54250209999999,34.8691705,0 -87.54166119999999,34.8701467,0 -87.54033010000001,34.8716944,0 -87.53998470000001,34.8721051,0 -87.53956169999999,34.8726751,0 -87.539154,34.873184,0 -87.5386292,34.8738969,0 -87.538049,34.874717,0 -87.5372646,34.8758968,0 -87.53688270000001,34.8764965,0 -87.5364136,34.8773648000001,0 -87.53605899999999,34.877973,0 -87.535709,34.878634,0 -87.535374,34.879309,0 -87.534724,34.880677,0 -87.53443799999999,34.881364,0 -87.5340022,34.8824083,0 -87.53387240000001,34.88276,0 -87.533638,34.8834532,0 -87.53340059999999,34.8841697,0 -87.53304730000001,34.8853527,0 -87.5329741,34.8856344000001,0 -87.53294630000001,34.8857413,0 -87.5327806,34.8863707,0 -87.53255299999999,34.8874265,0 -87.5324815,34.8877674,0 -87.5323734,34.8884907,0 -87.5322717,34.8891124,0 -87.5321793,34.8897164,0 -87.5321146,34.8901713,0 -87.53198209999999,34.8914728,0 -87.5319684,34.8918203,0 -87.5319142,34.8925657,0 -87.5318773,34.8936058,0 -87.5318698,34.8940529,0 -87.5318647,34.8943524,0 -87.5318394,34.8949599,0 -87.53183989999999,34.8950109,0 -87.53185019999999,34.8959945,0 -87.53182820000001,34.8977066,0 -87.5318176,34.898051,0 -87.53181259999999,34.8995595,0 -87.53179110000001,34.9009594,0 -87.5317929,34.9012825,0 -87.531789,34.901618,0 -87.531767,34.902761,0 -87.53175330000001,34.9036352,0 -87.5317439,34.904031,0 -87.5317343,34.9051001,0 -87.5317029,34.9075628,0 -87.5317026,34.9081693,0 -87.5316979,34.908485,0 -87.5316699,34.9090647,0 -87.5316545,34.9111095,0 -87.5316432,34.9116146,0 -87.531634,34.9124189,0 -87.5316054,34.9136819,0 -87.531592,34.914755,0 -87.5315834,34.9165244,0 -87.5315731,34.9168965,0 -87.53156920000001,34.918671,0 -87.5315657,34.9194412,0 -87.5315229,34.9214548,0 -87.53151459999999,34.9218448,0 -87.53150789999999,34.9226732,0 -87.53149689999999,34.9240357,0 -87.531485,34.9255171,0 -87.53147749999999,34.9258562,0 -87.53145979999999,34.9272924,0 -87.5314552,34.9276593,0 -87.5314544,34.9281807,0 -87.531454,34.9284499,0 -87.53145139999999,34.9286899,0 -87.531423,34.9299643,0 -87.5314183,34.9311957,0 -87.5313948,34.9326518,0 -87.53139,34.9329515,0 -87.5313937,34.9335423,0 -87.5313917,34.9338214,0 -87.53136739999999,34.9371581,0 -87.5313446,34.9392477,0 -87.53134180000001,34.9395102,0 -87.53129509999999,34.9434534999999,0 -87.5312754,34.9453245,0 -87.531265,34.9458195,0 -87.5312201,34.9469395,0 -87.53118499999999,34.9473602,0 -87.531128,34.947755,0 -87.53096240000001,34.9486563,0 -87.53084130000001,34.949192,0 -87.5305978,34.9500309,0 -87.5304297,34.9505514,0 -87.5303961,34.9507784,0 -87.5299346,34.9519067,0 -87.52977199999999,34.9522853,0 -87.52887560000001,34.9544604,0 -87.5282653,34.9559414,0 -87.5274763,34.9577664,0 -87.527451,34.9578368,0 -87.52738789999999,34.9580439,0 -87.5262544,34.9607818,0 -87.52525540000001,34.9632202,0 -87.5250856,34.9636065,0 -87.52473000000001,34.9644791999999,0 -87.5238166,34.9666617,0 -87.52313599999999,34.9683004,0 -87.5227264,34.9692937,0 -87.5222782,34.9703806,0 -87.5211449,34.9731495,0 -87.5205114,34.9746679,0 -87.51979129999999,34.9764288,0 -87.519284,34.9776485,0 -87.51895500000001,34.9784385,0 -87.516429,34.9845708,0 -87.516296,34.9848859000001,0 -87.515591,34.9865009999999,0 -87.51482679999999,34.9884545,0 -87.5139144,34.9906588,0 -87.5133529,34.9920141,0 -87.5130728,34.9927399,0 -87.5126798,34.9938453,0 -87.51243239999999,34.9946374,0 -87.51219519999999,34.9955086,0 -87.5121103,34.995851,0 -87.5120088,34.9962803,0 -87.5119583,34.9964875,0 -87.5118336,34.9971447,0 -87.51171100000001,34.9977926,0 -87.5115823,34.9986138,0 -87.51155129999999,34.9989562,0 -87.5115313,34.9991158,0 -87.51150370000001,34.9993547,0 -87.5114361,34.9999996,0 -87.5113977,35.0003543,0 -87.5113178,35.0010491999999,0 -87.5112903,35.0013221,0 -87.5111926,35.0022267,0 -87.5111043,35.0029667000001,0 -87.5110873,35.0030842,0 
				
					-87.5110873,35.0030842,0 -87.5108599,35.0048907,0 -87.5107086,35.0066401,0 -87.5106536,35.0070549,0 -87.5104728,35.0088918,0 -87.5102722,35.010593,0 -87.5099254,35.0123312,0 -87.5092898,35.0144950999999,0 -87.508624,35.018542,0 -87.5085752,35.0187844,0 -87.5085148,35.0192839,0 -87.50796440000001,35.0221979,0 -87.5079247,35.0224641,0 -87.5078877,35.0227136,0 -87.5078448,35.0228935,0 -87.5077287,35.0233592,0 -87.507516,35.0239805,0 -87.5073381,35.0243812,0 -87.5070535,35.0250706,0 -87.5068859,35.0254763,0 -87.50512689999999,35.0295377,0 -87.5048075,35.0306508,0 -87.50459069999999,35.0316435,0 -87.5045602,35.031915,0 -87.5044867,35.0328844,0 -87.50445019999999,35.0333773,0 -87.5043775,35.0341279,0 -87.5043056,35.0348575,0 -87.50419410000001,35.0357944,0 -87.5040915,35.0363381,0 -87.50396720000001,35.0369142,0 -87.5037279,35.0373958,0 -87.50351499999999,35.037778,0 -87.5030386,35.0382861,0 -87.5024482,35.0386823,0 -87.5011629,35.0393155,0 -87.50110429999999,35.0393439,0 -87.49940309999999,35.0401693,0 -87.49659269999999,35.0414891,0 -87.4943023,35.0425985,0 -87.4938136,35.0429317,0 -87.4933523,35.0433292,0 -87.49285930000001,35.0439044999999,0 -87.4926415,35.0442361,0 -87.4924484,35.0446029,0 -87.4921442,35.0454197,0 -87.49195810000001,35.045932,0 -87.49164879999999,35.0466756,0 -87.4915831,35.0468336,0 -87.49139959999999,35.0471413,0 -87.4912154,35.0473843,0 -87.4908307,35.047791,0 -87.49030500000001,35.048221,0 -87.4893687,35.048928,0 -87.48926729999999,35.0490012,0 -87.48789480000001,35.0500622,0 -87.487494,35.050363,0 -87.48537589999999,35.0519281,0 -87.48509,35.0521576,0 -87.48482850000001,35.0523389,0 -87.4825242,35.0540997,0 -87.4818429,35.0545757,0 -87.4813709,35.0548616,0 -87.4808049,35.0551603,0 -87.479857,35.055581,0 -87.47708729999999,35.0567566,0 -87.474801,35.057727,0 -87.4725864,35.0587035,0 -87.4706742,35.0594998,0 -87.4703604,35.0596368999999,0 -87.4687157,35.0603556,0 -87.4678394,35.0607354,0 -87.4664959,35.06131,0 -87.4657042,35.0616595,0 -87.4565691,35.0656106000001,0 -87.452731,35.067269,0 -87.449026,35.068804,0 -87.4444554,35.070774,0 -87.443331,35.071282,0 -87.4429442,35.0715014,0 -87.4426382,35.0717052,0 -87.4423815,35.0719319,0 -87.442001,35.0723303,0 -87.440462,35.0740349000001,0 -87.4399483,35.0745795,0 -87.4384529,35.0762456,0 -87.43735770000001,35.0774098,0 -87.4369796,35.0778117,0 -87.4367134,35.0780946,0 -87.4361949,35.0786458,0 -87.435408,35.0795152,0 -87.4331624,35.0820233,0 -87.43217970000001,35.0830357,0 -87.4308896,35.0844453,0 -87.4288995,35.0866794,0 -87.424089,35.0919678,0 -87.4217517,35.09454,0 -87.4206685,35.0956963,0 -87.41756599999999,35.099128,0 -87.4172805,35.0994661,0 -87.4127247,35.1044397,0 -87.4105218,35.1068278,0 -87.4102925,35.107052,0 -87.4085839,35.1085279,0 -87.40704599999999,35.109851,0 -87.40554729999999,35.1110668,0 -87.401481,35.1144677,0 -87.40054910000001,35.1152101,0 -87.39737,35.117743,0 -87.3972145,35.1178722,0 -87.39580669999999,35.1190415,0 -87.392566,35.121733,0 -87.39125919999999,35.1228305,0 -87.3900202,35.1238448000001,0 -87.38627510000001,35.1269106,0 -87.3856048,35.1274602,0 -87.38541650000001,35.1276146,0 -87.3834129,35.129245,0 -87.3828182,35.1297289,0 -87.3824706,35.1300118,0 -87.3817243,35.1306191,0 -87.3809102,35.1312815,0 -87.3800059,35.1320173,0 -87.3750331,35.136013,0 -87.36840460000001,35.1413356,0 -87.36582,35.1434714,0 -87.3619526,35.1465892,0 -87.3534836,35.153521,0 -87.3525341,35.1542901,0 -87.35086389999999,35.1557093,0 -87.3506931,35.1558544,0 -87.35043659999999,35.1561131,0 -87.3500123,35.1565886,0 -87.34987580000001,35.156739,0 -87.3497363,35.15695,0 -87.3495494,35.1571975,0 -87.3493895,35.1574528,0 -87.3485609,35.15911,0 -87.3485045,35.1592339999999,0 -87.3480569,35.1602178,0 -87.3479486,35.1605254,0 -87.3477109,35.1614621,0 -87.3474976,35.1625631,0 -87.347076,35.1648759,0 -87.3468299,35.166226,0 -87.3458791,35.1714068,0 -87.3457082,35.1724272,0 -87.3454505,35.1733829,0 -87.3452557,35.1738933,0 -87.3448947,35.1746508,0 -87.3444272,35.1756366,0 -87.3434798,35.1776176,0 -87.3424984,35.1796946,0 -87.3420972,35.1805073,0 -87.34151679999999,35.1817872,0 -87.3411942,35.1824505,0 -87.3410543,35.1827381,0 -87.3406279,35.183643,0 -87.34027279999999,35.1843968,0 -87.34021970000001,35.1845553,0 -87.3400583,35.1850369,0 -87.3399278,35.1857073999999,0 -87.3398759,35.186282,0 -87.33985300000001,35.1875159,0 -87.33980769999999,35.1906458,0 -87.33977899999999,35.192633,0 -87.3397332,35.1940188,0 -87.339725,35.1946769999999,0 -87.33972,35.1950768,0 -87.339705,35.196275,0 -87.3396663,35.1979811,0 -87.33963900000001,35.1991852,0 -87.339642,35.199475,0 -87.3395264,35.2037083,0 -87.3395135,35.204102,0 -87.3395063,35.2046698,0 -87.3394859,35.2054461,0 -87.3394766,35.2065152,0 -87.33946090000001,35.2070717,0 -87.33945079999999,35.2073162,0 -87.3394246,35.2084887,0 -87.3393768,35.210738,0 -87.3393552,35.2117164999999,0 -87.3393475,35.2119583,0 -87.3393367,35.21219,0 -87.33931819999999,35.2124129000001,0 -87.3392812,35.2126496,0 -87.339235,35.2129066,0 -87.3391857,35.213142,0 -87.3391385,35.2133346,0 -87.3390534,35.213657,0 -87.33885960000001,35.2143251,0 -87.33838799999999,35.216017,0 -87.3382558,35.216405,0 -87.3378172,35.2179983,0 -87.337655,35.2185875,0 -87.3373653,35.2196393,0 -87.33707560000001,35.2206297,0 -87.3369876,35.2209297,0 -87.33691,35.221194,0 -87.3367884,35.2216288,0 -87.3366067,35.2222785,0 -87.33626580000001,35.2234972,0 -87.3361305,35.223981,0 -87.3360496,35.2242011,0 -87.3359373,35.2245068,0 -87.33563890000001,35.2256284,0 -87.33550820000001,35.2261195,0 -87.3351863,35.227215,0 -87.33502369999999,35.2277785,0 -87.33381300000001,35.2319737,0 -87.3333839,35.2333934,0 -87.3332659,35.2337615,0 -87.333062,35.2344100000001,0 -87.3326758,35.2357595000001,0 -87.3323754,35.2365219,0 -87.33196940000001,35.2374697,0 -87.3315492,35.2383796,0 -87.3310772,35.2395276,0 -87.33050849999999,35.2407193,0 -87.3301929,35.2414178,0 -87.3298363,35.2421528,0 -87.329238,35.2434682,0 -87.3288278,35.2443521,0 -87.3283904,35.245317,0 -87.3279613,35.2462809,0 -87.3275536,35.2472359,0 -87.3273604,35.247858,0 -87.3271244,35.2488218,0 -87.3270644,35.2490787,0 -87.32685619999999,35.2499696,0 -87.3266259,35.25087,0 -87.3265021,35.2513539,0 -87.32604689999999,35.253205,0 -87.32596150000001,35.2535521,0 -87.32534339999999,35.2560149,0 -87.3251455,35.2568005,0 -87.3249704,35.2575096,0 -87.3247611,35.2583723,0 -87.3247112,35.2585856,0 -87.3246504,35.2588453,0 -87.3246031,35.2590471,0 -87.3244863,35.2595457,0 -87.32434259999999,35.2601595,0 -87.32426169999999,35.2604776,0 -87.3242516,35.2605173,0 -87.3240072,35.261479,0 -87.3239299,35.2618084,0 -87.323806,35.2623362000001,0 -87.3237037,35.2627199000001,0 -87.3236015,35.2631036,0 -87.3235533,35.2632844,0 -87.3234964,35.2634958,0 -87.3234629,35.2636198,0 -87.3230981,35.2647499,0 -87.3228208,35.2654235,0 -87.322699,35.2657194,0 -87.32265820000001,35.2658186,0 -87.3226275,35.2658782,0 -87.3224505,35.2662214,0 -87.32233100000001,35.2664531,0 -87.3219325,35.2672258,0 -87.32171409999999,35.2676494,0 -87.3215642,35.2679518,0 -87.32116689999999,35.2687530999999,0 -87.3207903,35.2694919,0 -87.3206022,35.2698608,0 -87.3202345,35.270582,0 -87.32015560000001,35.2707367,0 -87.319885,35.2712675,0 -87.31955840000001,35.2719081,0 -87.3194074,35.2722043,0 -87.31884530000001,35.2733154,0 -87.3188292,35.2733464,0 -87.31851039999999,35.2739599,0 -87.31848460000001,35.2740149,0 -87.3182101,35.274559,0 -87.31788349999999,35.2752167,0 -87.31720799999999,35.2765838,0 -87.31701510000001,35.2769477,0 -87.316998,35.2769832,0 -87.31653540000001,35.2779231,0 -87.3159742,35.2791763,0 -87.3156036,35.2800811,0 -87.3148369,35.2819527,0 -87.31406440000001,35.2836429999999,0 -87.31142509999999,35.2888539,0 -87.3107921,35.2901586999999,0 -87.3104381,35.2908856,0 -87.3087,35.2946686,0 -87.3082708,35.2956406,0 -87.30806699999999,35.2960171,0 -87.30707990000001,35.2976808,0 -87.3063504,35.2991782,0 -87.3051057,35.30184,0 -87.3047716,35.3026636,0 -87.3037403,35.3055551,0 -87.3032345,35.3070098,0 -87.3030837,35.3074129,0 -87.30297210000001,35.3076773000001,0 -87.302852,35.3079279,0 -87.3027512,35.308122,0 -87.3026189,35.3083512,0 -87.3024434,35.3086307,0 -87.3022448,35.3089101,0 -87.3020217,35.309204,0 -87.3015953,35.3097575,0 -87.3013213,35.3101148,0 -87.3008511,35.3107402,0 -87.30044770000001,35.311304,0 -87.29856959999999,35.3140849,0 -87.29832690000001,35.3144401,0 -87.29807,35.3148326,0 -87.2979296,35.3150618,0 -87.2976712,35.3154865,0 -87.2973049,35.3161578,0 -87.2970048,35.3167939,0 -87.29673390000001,35.317415,0 -87.29661900000001,35.3176925,0 -87.29654189999999,35.3178787,0 -87.2962347,35.3186206,0 -87.2959565,35.3192804,0 -87.29593920000001,35.3193214,0 -87.2957232,35.3198375,0 -87.29558609999999,35.3201628,0 -87.2953737,35.3206771,0 -87.29520359999999,35.321079,0 -87.2950482,35.3214256,0 -87.29491729999999,35.3217,0 -87.2947688,35.3219888,0 -87.294578,35.3223172,0 -87.2943594,35.3226506,0 -87.2941383,35.3229692,0 -87.2940493,35.3230973,0 -87.2937239,35.323559,0 -87.2932909,35.3241736,0 -87.2931339,35.3244076,0 -87.29304310000001,35.3245431,0 -87.29286209999999,35.3248377,0 -87.29281520000001,35.324916,0 -87.2926444,35.3252149,0 -87.2924831,35.3255229,0 -87.2923545,35.3257938,0 -87.2922561,35.3260117000001,0 -87.2922197,35.3260922,0 -87.2918817,35.3268831,0 -87.2912316,35.3283681,0 -87.2903128,35.3304934,0 -87.2890948,35.3332957,0 -87.28857790000001,35.3344816,0 -87.2872958,35.3374523,0 -87.2864422,35.3393567,0 -87.2855203,35.3412438,0 -87.2842188,35.3438452999999,0 -87.2836307,35.3450208,0 -87.28250300000001,35.3472727,0 -87.2816921,35.3488958,0 -87.2809475,35.3503885,0 -87.2798719,35.3525434,0 -87.2795157,35.353248,0 -87.2787349,35.3548174,0 -87.27865420000001,35.3549796,0 -87.2782261,35.3558294,0 -87.2777425,35.3567973,0 -87.2775348,35.3572131,0 -87.2772781,35.3577295,0 -87.2771383,35.3580107,0 -87.27696400000001,35.3583612,0 -87.2768157,35.3586449,0 -87.27674519999999,35.3587798,0 -87.2763573,35.3595114,0 -87.2760018,35.3601445,0 -87.27563290000001,35.3607654,0 -87.2746387,35.3624233,0 -87.2740857,35.3633452,0 -87.2728097,35.3655001,0 -87.2727136,35.3656779,0 -87.2725966,35.3659164,0 -87.2725504,35.366015,0 -87.2724455,35.3662464,0 -87.27231020000001,35.3665833,0 -87.2721883,35.3669331,0 -87.2721185,35.3671533,0 -87.27208469999999,35.36726,0 -87.27198850000001,35.3676138,0 -87.2718933,35.368022,0 -87.27185969999999,35.3681967,0 -87.27183290000001,35.3683925,0 -87.2718,35.3686847,0 -87.27184680000001,35.3688898,0 -87.2718443,35.3690876,0 -87.27184,35.3693532,0 -87.27184870000001,35.3695542,0 -87.2718814,35.3699631,0 -87.2719228,35.3702625,0 -87.27196410000001,35.3704859,0 -87.2720451,35.3708611,0 -87.27217779999999,35.3714106,0 -87.272395,35.3723873,0 -87.27252249999999,35.3729354,0 -87.2727742,35.3740071,0 -87.27307930000001,35.3753536,0 -87.2733005,35.3763232,0 -87.27364540000001,35.3778325,0 -87.2739098,35.3789951,0 -87.2739816,35.3793145000001,0 -87.27462439999999,35.3821297,0 -87.2748749,35.3832195,0 -87.27530899999999,35.3851189,0 -87.2754016,35.3855342,0 -87.27568979999999,35.3867992,0 -87.2760962,35.3885835,0 -87.2762905,35.3894084,0 -87.2765832,35.3905503,0 -87.27706499999999,35.3922762,0 -87.2774773,35.3937279,0 -87.2780893,35.3958753,0 -87.2782761,35.3965237,0 -87.2786088,35.3976952,0 -87.2791065,35.3994413,0 -87.27920570000001,35.3997913,0 -87.28013079999999,35.4030418,0 -87.28085590000001,35.4055857,0 -87.2809874,35.4060636,0 -87.2810934,35.4064544,0 -87.2811854,35.4068222,0 -87.2812741,35.4072269,0 -87.2813618,35.4076085,0 -87.2814386,35.4079671,0 -87.281519,35.408424,0 -87.2815792,35.4087619,0 -87.28167430000001,35.4094121,0 -87.2817417,35.4099374,0 -87.28178440000001,35.4103109,0 -87.2818343,35.4108701,0 -87.281874,35.4114281,0 -87.2819563,35.4130572,0 -87.28217410000001,35.4174597,0 -87.282267,35.4193689,0 -87.28231270000001,35.4202818,0 -87.2823401,35.4209867,0 -87.28234860000001,35.4214553,0 -87.2823425,35.4219378,0 -87.282327,35.4224322,0 -87.2822839,35.4230052,0 -87.28219420000001,35.4238494,0 -87.2821187,35.4243913,0 -87.2820615,35.4248016,0 -87.28174300000001,35.4269889,0 -87.2817101,35.4272244,0 -87.2816808,35.4274201,0 -87.2813854,35.4295042,0 -87.2809336,35.4323255,0 -87.280928,35.4323574,0 -87.2803428,35.4357159,0 -87.2798629,35.4384604,0 -87.2797116,35.4393487,0 -87.27961670000001,35.4398934,0 -87.2794701,35.440693,0 -87.2794062,35.4410008,0 -87.2793197,35.4413179,0 -87.2792626,35.4415274,0 -87.27913220000001,35.4418632,0 -87.2789951,35.4421583,0 -87.2789265,35.4422907,0 -87.2788248,35.4424724,0 -87.2786741,35.4427159,0 -87.27855510000001,35.4428908,0 -87.2784034,35.4430961,0 -87.278193,35.4433534,0 -87.27801119999999,35.443555,0 -87.2777749,35.4437933,0 -87.2775743,35.4439514,0 -87.2773363,35.444142,0 -87.2771396,35.4442828,0 -87.27687830000001,35.4444559000001,0 -87.2765194,35.4446757,0 -87.27579350000001,35.4450872,0 -87.2737733,35.4461993,0 -87.2710589,35.4476944,0 -87.26979,35.4483927,0 -87.2692974,35.4486684,0 -87.26894590000001,35.4488813,0 -87.26869139999999,35.4490491000001,0 -87.26838549999999,35.4492876,0 -87.2680962,35.4495514,0 -87.2678488,35.4498152,0 -87.2676878,35.4500115,0 -87.2675089,35.4502601,0 -87.2673186,35.4505738,0 -87.26715299999999,35.4509126,0 -87.26703569999999,35.4512192,0 -87.2669609,35.451471,0 -87.2668965,35.4517798,0 -87.2668733,35.4519284000001,0 -87.2668539,35.4521109,0 -87.2668431,35.4523542,0 -87.2668501,35.4526038,0 -87.2668748,35.4528506,0 -87.26692629999999,35.4531369,0 -87.2669875,35.4533726,0 -87.26707469999999,35.4536474,0 -87.2671344,35.4538289,0 -87.2672096,35.4539989,0 -87.26744549999999,35.4545345,0 -87.2684204,35.4567426,0 -87.2685532,35.457074,0 -87.2686357,35.4573209,0 -87.2686928,35.4575245,0 -87.2687553,35.4577822,0 -87.2688045,35.4580994,0 -87.26882569999999,35.4583539,0 -87.2688218,35.45863,0 -87.2688098,35.4588217,0 -87.2687779,35.4590729,0 -87.2687234,35.4593576,0 -87.2686404,35.4596838,0 -87.2685436,35.4599807,0 -87.26833190000001,35.4605751,0 -87.2676795,35.4624115,0 -87.2671327,35.4639406,0 -87.26669630000001,35.4651719,0 -87.2659263,35.4673341,0 -87.2652664,35.4691848,0 -87.26504319999999,35.4697418,0 -87.2639551,35.4724563,0 -87.26373890000001,35.4729401,0 -87.2635246,35.4733765,0 -87.26333099999999,35.4737531,0 -87.2631305,35.4740826,0 -87.2629199,35.4743995,0 -87.2627282,35.4746858,0 -87.2623202,35.475237,0 -87.2619799,35.4756565,0 -87.2615964,35.4761051,0 -87.26121259999999,35.4765269,0 -87.26061249999999,35.4771446,0 -87.2580071,35.4798438,0 -87.25697959999999,35.4809025,0 -87.2567177,35.4811731,0 -87.2564771,35.481408,0 -87.256135,35.4817192,0 -87.2558465,35.4819628,0 -87.25560059999999,35.482149,0 -87.2554118,35.4822865,0 -87.2551539,35.4824596,0 -87.25478699999999,35.482688,0 -87.2544268,35.4828905,0 -87.25415959999999,35.4830258,0 -87.25388580000001,35.4831622,0 -87.25339959999999,35.4833793,0 -87.25296299999999,35.4835611,0 -87.2512708,35.4842582,0 -87.2498125,35.4848655,0 -87.2491824,35.4851577,0 -87.2475539,35.4859544,0 -87.24672839999999,35.4863549,0 -87.24514480000001,35.4871199,0 -87.2437829,35.4877836,0 -87.24051590000001,35.4893715,0 -87.2397861,35.4897276,0 -87.2380581,35.4905668,0 -87.2376565,35.4907623,0 -87.2373015,35.4909388,0 -87.2370317,35.4910784,0 -87.2368001,35.4912069,0 -87.2366061,35.491326,0 -87.2364,35.4914645,0 -87.2361531,35.4916437,0 -87.2359325,35.4918271,0 -87.2357329,35.4920153,0 -87.2354867,35.4922817,0 -87.23529310000001,35.4925261,0 -87.2350725,35.4928536,0 -87.23488930000001,35.4931909,0 -87.2347513,35.4935074,0 -87.2346467,35.4937927,0 -87.23447229999999,35.4943374,0 -87.23391789999999,35.4961052,0 -87.23327639999999,35.4981494000001,0 -87.2323142,35.5012102,0 -87.23210109999999,35.5018933,0 -87.2318865,35.5025605,0 -87.2317754,35.5028611,0 -87.23160729999999,35.5032594,0 -87.2314677,35.5035355,0 -87.2313386,35.5037543,0 -87.23119,35.5040023,0 -87.2310279,35.5042589,0 -87.2308328,35.5045363,0 -87.2306257,35.5048088,0 -87.2303465,35.5051179,0 -87.2301169,35.5053525,0 -87.2299146,35.505555,0 -87.2296949,35.5057572,0 -87.2293993,35.5060114,0 -87.2291261,35.5062265,0 -87.2288054,35.5064709,0 -87.22696910000001,35.5078401,0 -87.2266484,35.5080962,0 -87.22639770000001,35.5083029,0 -87.22606159999999,35.5086013,0 -87.2258058,35.5088449,0 -87.2255888,35.5090693,0 -87.22538160000001,35.5092916,0 -87.2251385,35.5095714,0 -87.2248998,35.5098646,0 -87.2247122,35.5101224,0 -87.22452010000001,35.5103986,0 -87.2243745,35.5106222,0 -87.2242506,35.5108416,0 -87.22411700000001,35.511091,0 -87.22391349999999,35.5115129,0 -87.22380680000001,35.5117715,0 -87.2237033,35.5120725,0 -87.2236013,35.5124267,0 -87.2235294,35.5127121,0 -87.22346330000001,35.5130572,0 -87.22342020000001,35.5133626,0 -87.22337469999999,35.5137296,0 -87.2231077,35.5171522,0 -87.2229962,35.5185827,0 -87.2229416,35.5192811,0 -87.2229365,35.5193324,0 -87.2228841,35.5200098,0 -87.2228618,35.5203303,0 -87.2228029,35.5210671,0 -87.2227683,35.5214553,0 -87.2227073,35.5222328,0 -87.2218981,35.5325339,0 -87.22142669999999,35.5385603,0 -87.2213465,35.5395732,0 -87.22118070000001,35.5416892,0 -87.22112180000001,35.5423324,0 -87.2210729,35.5426821,0 -87.2210053,35.5430493,0 -87.2209422,35.543312,0 -87.22086640000001,35.5436068,0 -87.2207835,35.5438509,0 -87.2207262,35.5440038,0 -87.2206497,35.5442171,0 -87.2205617,35.5444408,0 -87.22044169999999,35.5447059,0 -87.22031010000001,35.5449684,0 -87.22015089999999,35.5452603,0 -87.2200236,35.5454762,0 -87.2198559,35.545743,0 -87.2196521,35.5460409000001,0 -87.21943880000001,35.5463285,0 -87.2192053,35.5466169,0 -87.2190567,35.5467862,0 -87.21887630000001,35.5469762,0 -87.21869479999999,35.5471635,0 -87.2186373,35.5472203,0 -87.21844539999999,35.5474097,0 -87.2182639,35.5475772,0 -87.2179953,35.5478069,0 -87.2177056,35.5480426,0 -87.21739890000001,35.5482706,0 -87.2171261,35.5484614,0 -87.2168618,35.5486341,0 -87.21660180000001,35.548793,0 -87.21636410000001,35.5489303,0 -87.2160595,35.5490961,0 -87.2157761,35.5492386,0 -87.21547889999999,35.5493802,0 -87.21518810000001,35.549508,0 -87.2148846,35.5496298,0 -87.2146288,35.5497291,0 -87.214196,35.5498846,0 -87.21360850000001,35.5500883,0 -87.21097140000001,35.5509992,0 -87.2101299,35.5512863,0 -87.2091535,35.5516222,0 -87.20884700000001,35.5517309,0 -87.2081707,35.5519615,0 -87.20675490000001,35.5524498,0 -87.2032628,35.5536536,0 -87.19797199999999,35.5554702,0 -87.1971862,35.5557423,0 -87.1927091,35.5572879,0 -87.190901,35.557912,0 -87.1906376,35.5580039,0 -87.18992950000001,35.5582457,0 -87.1887511,35.5586524,0 -87.1866629,35.5593748,0 -87.1851271,35.5598988,0 -87.1794891,35.561837,0 -87.17858080000001,35.5621491,0 -87.1781158,35.562321,0 -87.17775159999999,35.5624714,0 -87.1774037,35.5626257,0 -87.17705410000001,35.5628071,0 -87.1765054,35.5630966,0 -87.1757992,35.5634781,0 -87.1718417,35.5655817,0 -87.1710593,35.5660006,0 -87.168019,35.5676203,0 -87.1668165,35.56826,0 -87.1654822,35.5689697000001,0 -87.1640763,35.5697188,0 -87.1601592,35.5718034,0 -87.1532072,35.5755104,0 -87.1494742,35.577496,0 -87.1462684,35.5792005,0 -87.1447338,35.5800191,0 -87.14429939999999,35.580249,0 -87.1435713,35.5806481,0 -87.1428994,35.5810063,0 -87.14279000000001,35.5810647,0 -87.1427377,35.5810926,0 -87.1419712,35.581501,0 -87.1396463,35.5827378000001,0 -87.1363417,35.5844957,0 -87.13297729999999,35.5862853,0 -87.1308672,35.587421,0 -87.1282708,35.588817,0 -87.1274554,35.5892707,0 -87.1267687,35.5896372,0 -87.12603919999999,35.5899861,0 -87.1250307,35.5906492,0 -87.12440839999999,35.5912774,0 -87.12387200000001,35.5919928,0 -87.1234213,35.592935,0 -87.1232282,35.5938598,0 -87.1224898,35.6003308,0 -87.12165109999999,35.6071109,0 -87.12140429999999,35.6088031,0 -87.1205782,35.613365,0 -87.12029219999999,35.6148851,0 -87.1202785,35.6149614,0 -87.1195697,35.6189034,0 -87.1194302,35.6192784,0 -87.11918350000001,35.6199848,0 -87.1187436,35.6206389,0 -87.1183037,35.6211186,0 -87.11772430000001,35.6216768,0 -87.1171128,35.6221128,0 -87.116512,35.6224268,0 -87.11378499999999,35.6238498,0 -87.1104287,35.6256012,0 -87.10569959999999,35.6281534,0 -87.10559600000001,35.6282075,0 -87.10450229999999,35.6287889,0 -87.1036974,35.6292137,0 -87.10303500000001,35.6295727,0 -87.10249690000001,35.6298356,0 -87.1020613,35.6300161,0 -87.10178809999999,35.6301065,0 -87.1014796,35.6301944,0 -87.1011245,35.6302744,0 -87.10089120000001,35.6303127,0 -87.10059649999999,35.6303529,0 -87.1003501,35.6303783,0 -87.1000329,35.6303867,0 -87.0996493,35.63038,0 -87.0991124,35.6303276,0 -87.0985416,35.6302327,0 -87.0920023,35.6290358,0 -87.09138489999999,35.6289234,0 -87.08775869999999,35.628261,0 -87.0831049,35.6274002,0 -87.07972839999999,35.6268198,0 -87.07911180000001,35.6267353,0 -87.07838169999999,35.6266739,0 -87.076944,35.6266913,0 -87.0758711,35.6268657,0 -87.0749055,35.6271274,0 -87.07470790000001,35.6271974,0 -87.0740349,35.6274357,0 -87.0692138,35.6290963,0 -87.06821429999999,35.6294524,0 -87.06707710000001,35.6298627,0 -87.06606499999999,35.630229,0 -87.0654069,35.6303513,0 -87.0650637,35.6303873000001,0 -87.0645057,35.6304007000001,0 -87.0635865,35.6302816,0 -87.0622686,35.629996,0 -87.0617481,35.6299141,0 -87.0612129,35.6298755,0 -87.0607164,35.6298854,0 -87.0604946,35.6299069,0 -87.06005039999999,35.6299881,0 -87.0596062,35.6301272,0 -87.0586835,35.6305284,0 -87.0552331,35.6324162,0 -87.05098940000001,35.634661,0 -87.0504127,35.6349794,0 -87.04985259999999,35.6353074,0 -87.0491349,35.6358301,0 -87.0487892,35.6361449,0 -87.046093,35.6385695,0 -87.0457273,35.6388491,0 -87.0453321,35.6390808,0 -87.04496399999999,35.6392407,0 -87.0444869,35.6394054,0 -87.04407980000001,35.6394883,0 -87.04341549999999,35.6395304,0 -87.0431442,35.6395213,0 -87.0427667,35.6394832,0 -87.04227969999999,35.6393877,0 -87.0417534,35.6392482,0 -87.04170569999999,35.6392295,0 -87.04133760000001,35.6390857,0 -87.03840599999999,35.6379403,0 -87.03756919999999,35.6377659,0 -87.0367538,35.6376961,0 -87.03592740000001,35.6376881,0 -87.034251,35.6376559,0 -87.0277952,35.6374694,0 -87.0269334,35.6374174,0 -87.02600769999999,35.6373547,0 -87.0243727,35.6372253,0 -87.022184,35.6368939,0 -87.0195018,35.6363533,0 -87.0175607,35.6358403,0 
				</coordinates>
			</LineString>
		<atom:link rel="app" href="https://www.google.com/earth/about/versions/#earth-pro" title="Google Earth Pro 7.3.6.10201"></atom:link>
	</Placemark>
</Document>
</kml>
