<?xml version="1.0" encoding="UTF-8"?>
<kml xmlns="http://www.opengis.net/kml/2.2" xmlns:gx="http://www.google.com/kml/ext/2.2" xmlns:kml="http://www.opengis.net/kml/2.2" xmlns:atom="http://www.w3.org/2005/Atom">
<Document>
	<name>US.65.kml</name>
	<Placemark>
		<name>US.65</name>
			<LineString>
				<coordinates>
					-91.5399147,31.7154385999999,0 -91.5396393,31.71560729999999,0 -91.53927410000001,31.7157818,0 -91.5388705,31.7159858,0 -91.53874690000001,31.7160554,0 -91.5384217,31.7162293,0 -91.53819210000002,31.7163521,0 -91.53767430000002,31.7166269,0 -91.536457,31.717323,0 -91.53588499999999,31.717697,0 -91.53538,31.718027,0 -91.535281,31.718092,0 -91.53439899999999,31.718669,0 -91.533907,31.71899,0 -91.52892400000002,31.722276,0 -91.528882,31.722303,0 -91.51876700000001,31.72897,0 -91.515867,31.730871,0 -91.51487999999999,31.731517,0 -91.50954999999999,31.73502,0 -91.506934,31.736739,0 -91.501069,31.740603,0 -91.49999699999998,31.741294,0 -91.49893400000001,31.741994,0 -91.49632800000001,31.743708,0 -91.494359,31.745004,0 -91.49044499999999,31.747581,0 -91.488953,31.748564,0 -91.487966,31.749181,0 -91.48665900000002,31.749999,0 -91.485409,31.750824,0 -91.485056,31.751045,0 -91.483636,31.751934,0 -91.48226900000002,31.752883,0 -91.481509,31.75341,0 -91.48097199999999,31.753791,0 -91.474164,31.758265,0 -91.4738,31.758504,0 -91.467292,31.762741,0 -91.46675600000002,31.763047,0 -91.46319099999999,31.765128,0 -91.45931900000001,31.767151,0 -91.459059,31.767287,0 -91.45773199999999,31.768013,0 -91.45517400000001,31.769412,0 -91.450683,31.771881,0 -91.44977,31.772374,0 -91.44682800000001,31.77398,0 -91.44104400000001,31.777297,0 -91.43858299999998,31.778652,0 -91.438382,31.778764,0 -91.438028,31.778957,0 -91.43726890000001,31.7793732,0 -91.43443100000002,31.780864,0 -91.432641,31.781776,0 -91.430316,31.783003,0 -91.425055,31.785874,0 -91.42445600000002,31.786195,0 -91.423344,31.78679199999999,0 -91.422473,31.787249,0 -91.42226499999998,31.787361,0 -91.42138700000001,31.787833,0 -91.42031199999998,31.78841,0 -91.416031,31.790739,0 -91.414911,31.7913675,0 -91.41389599999999,31.7919119999999,0 -91.41206000000001,31.792895,0 -91.409747,31.79415699999999,0 -91.407831,31.795203,0 -91.40695130000002,31.7956999,0 -91.405872,31.796333,0 -91.40495600000001,31.796925,0 -91.404386,31.797339,0 -91.403203,31.79825,0 -91.40246,31.798856,0 -91.40145899999999,31.799674,0 -91.40022600000002,31.800672,0 -91.39823599999998,31.802281,0 -91.396608,31.803658,0 -91.39596400000001,31.804303,0 -91.39528599999998,31.805139,0 -91.394741,31.80597,0 -91.39468599999998,31.806053,0 -91.39422500000001,31.806833,0 -91.3936372,31.8077791,0 -91.392017,31.810447,0 -91.391848,31.810741,0 -91.390702,31.812489,0 -91.39045,31.812883,0 -91.390117,31.813403,0 -91.388689,31.815717,0 -91.38855100000001,31.815954,0 -91.38786799999998,31.817046,0 -91.38704699999998,31.818402,0 -91.38690199999999,31.818642,0 -91.386304,31.819641,0 -91.38230799999998,31.826142,0 -91.381192,31.828025,0 -91.380915,31.8284740000001,0 -91.38078299999998,31.828688,0 -91.38008000000001,31.82983,0 -91.38004300000001,31.829892,0 -91.37983899999999,31.830224,0 -91.37644400000001,31.835772,0 -91.376029,31.836427,0 -91.375552,31.8371810000001,0 -91.37475699999999,31.83848800000001,0 -91.373884,31.839899,0 -91.373689,31.840214,0 -91.37245,31.842247,0 -91.37163099999999,31.843608,0 -91.37037300000001,31.845621,0 -91.369353,31.847269,0 -91.368083,31.849361,0 -91.36684700000001,31.851352,0 -91.36646399999999,31.851986,0 -91.364519,31.855203,0 -91.36360000000001,31.856672,0 -91.362472,31.858522,0 -91.361428,31.860209,0 -91.359736,31.862983,0 -91.35852800000001,31.864936,0 -91.358456,31.865041,0 -91.358372,31.865164,0 -91.35703300000002,31.867347,0 -91.35551700000002,31.869856,0 -91.35467200000001,31.871219,0 -91.35417799999999,31.872014,0 -91.35284199999998,31.874213,0 -91.352468,31.874825,0 -91.351572,31.876308,0 -91.351327,31.876704,0 -91.35016400000001,31.878581,0 -91.349797,31.879144,0 -91.349389,31.879686,0 -91.349136,31.879953,0 -91.34866100000001,31.880386,0 -91.345625,31.882673,0 -91.345021,31.883123,0 -91.34429099999998,31.883667,0 -91.34361800000001,31.884146,0 -91.34346399999998,31.88426,0 -91.342372,31.885071,0 -91.34158599999999,31.885643,0 -91.341041,31.886052,0 -91.340155,31.886695,0 -91.338509,31.887915,0 -91.337622,31.888583,0 -91.33658600000001,31.889324,0 -91.33571199999999,31.889974,0 -91.334642,31.89075,0 -91.332318,31.892462,0 -91.33167899999999,31.892852,0 -91.330153,31.893736,0 -91.328853,31.894503,0 -91.32696699999998,31.895601,0 -91.32662500000001,31.895792,0 -91.32384699999999,31.8974190000001,0 -91.322519,31.898183,0 -91.32020799999999,31.899531,0 -91.31894699999999,31.900267,0 -91.318217,31.900703,0 -91.31786899999999,31.900933,0 -91.31753899999998,31.901169,0 -91.31708299999998,31.901553,0 -91.31671400000002,31.901894,0 -91.316047,31.902639,0 -91.31561099999999,31.903267,0 -91.31514199999999,31.904042,0 -91.31451699999998,31.905025,0 -91.31208899999999,31.909047,0 -91.31134699999998,31.9102570000001,0 -91.31111900000001,31.910633,0 -91.310622,31.911426,0 -91.310382,31.911809,0 -91.31008319999999,31.9122986999999,0 -91.309989,31.912453,0 -91.30976699999999,31.912813,0 -91.309669,31.912972,0 -91.307883,31.915833,0 -91.307333,31.916758,0 -91.306389,31.918296,0 -91.30587200000001,31.919128,0 -91.30507799999999,31.920442,0 -91.30383500000001,31.922462,0 -91.30349400000001,31.923011,0 -91.302797,31.924183,0 -91.301992,31.925489,0 -91.301455,31.926351,0 -91.300769,31.927453,0 -91.30048600000001,31.927872,0 -91.300256,31.928194,0 -91.29986100000001,31.928672,0 -91.29951699999999,31.929031,0 -91.299181,31.929333,0 -91.29877500000001,31.929647,0 -91.298125,31.930133,0 -91.29786799999999,31.9302779999999,0 -91.29716999999999,31.93067,0 -91.29653199999998,31.93103,0 -91.29575320000001,31.9314691,0 -91.293744,31.932602,0 -91.286908,31.936461,0 -91.28536099999999,31.937328,0 -91.28439600000002,31.937881,0 -91.283878,31.938178,0 -91.283483,31.938431,0 -91.28303099999999,31.938744,0 -91.28250800000001,31.939206,0 -91.282122,31.939675,0 -91.281806,31.940092,0 -91.2817,31.940247,0 -91.281656,31.940336,0 -91.28143099999998,31.940833,0 -91.2803,31.943558,0 -91.27993600000001,31.94446,0 -91.27921399999998,31.946222,0 -91.27875899999999,31.947359,0 -91.278131,31.948896,0 -91.276938,31.951762,0 -91.27658499999998,31.95266000000001,0 -91.276539,31.952772,0 -91.276405,31.953095,0 -91.27570799999998,31.95482,0 -91.275278,31.955846,0 -91.2747038,31.9572659,0 -91.274631,31.957446,0 -91.274024,31.958904,0 -91.273551,31.960118,0 -91.27248299999999,31.9627,0 -91.27135699999999,31.965471,0 -91.27065400000001,31.967152,0 -91.27020899999999,31.968263,0 -91.270076,31.968594,0 -91.26973899999999,31.969459,0 -91.26948400000001,31.970055,0 -91.26894300000001,31.971352,0 -91.26752100000002,31.97484,0 -91.26720999999999,31.975626,0 -91.266137,31.978216,0 -91.265818,31.9790230000001,0 -91.265432,31.979959,0 -91.265184,31.980566,0 -91.26458400000001,31.982049,0 -91.26448000000002,31.982299,0 -91.26428799999999,31.982756,0 -91.264054,31.983345,0 -91.263791,31.983978,0 -91.26330100000001,31.985171,0 -91.26315300000002,31.985555,0 -91.26294070000002,31.9860723,0 -91.26266490000002,31.9867445000001,0 -91.2624129,31.9873412,0 -91.26218009999999,31.987915,0 -91.2616003,31.9892702,0 -91.26036570000001,31.9923701,0 -91.259631,31.994231,0 -91.259322,31.994986,0 -91.25891400000002,31.996017,0 -91.258025,31.998164,0 -91.257363,31.9998,0 -91.256699,32.001415,0 -91.25663299999999,32.001573,0 -91.25628,32.002425,0 -91.25585599999999,32.003433,0 -91.255467,32.004489,0 -91.25531100000001,32.004989,0 -91.255189,32.005439,0 -91.25514399999999,32.005727,0 -91.25514200000001,32.005755,0 -91.255117,32.006031,0 -91.255092,32.006708,0 -91.25510600000001,32.006994,0 -91.25509700000001,32.007364,0 -91.25514200000001,32.010567,0 -91.25515299999999,32.012278,0 -91.25516900000001,32.013053,0 -91.25520999999999,32.015839,0 -91.255234,32.018825,0 -91.255256,32.019968,0 -91.25528599999998,32.02255,0 -91.25530700000002,32.025017,0 -91.255331,32.02679,0 -91.25534,32.027282,0 -91.25536200000001,32.0289399999999,0 -91.25540799999999,32.033307,0 -91.25542,32.034059,0 -91.255442,32.035519,0 -91.255498,32.039932,0 -91.255498,32.039997,0 -91.25549900000001,32.041843,0 -91.255539,32.045208,0 -91.255561,32.048181,0 -91.255706,32.056376,0 -91.25575000000001,32.059378,0 -91.25576100000001,32.060164,0 -91.255815,32.0642,0 -91.255816,32.064314,0 -91.255818,32.064687,0 -91.255824,32.065595,0 -91.25585,32.067061,0 -91.25586800000001,32.06859,0 -91.25587400000001,32.069096,0 -91.255878,32.070267,0 -91.25590799999999,32.07163,0 -91.255909,32.071744,0 -91.255928,32.07424,0 -91.255928,32.074289,0 -91.25594700000001,32.075643,0 -91.255928,32.076203,0 -91.255903,32.076475,0 -91.25586699999999,32.076746,0 -91.255769,32.077342,0 -91.25564199999999,32.077892,0 -91.25555899999999,32.078203,0 -91.255483,32.07846,0 -91.25513099999999,32.079786,0 -91.25459399999998,32.081713,0 -91.25447800000001,32.082135,0 -91.254329,32.082683,0 -91.253693,32.085016,0 -91.253642,32.085203,0 -91.253011,32.087457,0 -91.25187200000001,32.091659,0 -91.250536,32.096567,0 -91.250192,32.097862,0 -91.24999800000001,32.098545,0 -91.248918,32.102497,0 -91.24850000000001,32.104008,0 -91.248481,32.104042,0 -91.24793200000001,32.106104,0 -91.247489,32.107642,0 -91.24667100000001,32.110689,0 -91.24480100000001,32.117497,0 -91.244771,32.117607,0 -91.24460299999998,32.118267,0 -91.243689,32.12165,0 -91.242767,32.125008,0 -91.242456,32.126178,0 -91.24189200000001,32.128242,0 -91.24138899999998,32.130083,0 -91.241286,32.13046,0 -91.240894,32.131788,0 -91.240336,32.13345,0 -91.24027899999999,32.133601,0 -91.240135,32.133981,0 -91.239695,32.135145,0 -91.239025,32.136913,0 -91.238378,32.138592,0 -91.23772500000001,32.140318,0 -91.237632,32.140569,0 -91.237319,32.141419,0 -91.23705199999999,32.142108,0 -91.23673599999999,32.142922,0 -91.23662799999998,32.143202,0 -91.23538899999998,32.146481,0 -91.23504699999999,32.14738,0 -91.2341,32.149872,0 -91.233677,32.150969,0 -91.233469,32.151508,0 -91.23245199999998,32.15421,0 -91.232258,32.154725,0 -91.23188299999998,32.155693,0 -91.23116400000001,32.157617,0 -91.23083699999999,32.158474,0 -91.23071299999998,32.158797,0 -91.229669,32.161513,0 -91.229286,32.162567,0 -91.22917200000001,32.1628830000001,0 -91.229072,32.163331,0 -91.22903599999999,32.163677,0 -91.22900799999999,32.164428,0 -91.229028,32.1646,0 -91.229114,32.165111,0 -91.22928899999999,32.165753,0 -91.22945300000001,32.166418,0 -91.22975300000002,32.167482,0 -91.23024699999999,32.169314,0 -91.230553,32.1704,0 -91.231061,32.1722550000001,0 -91.23135600000001,32.173308,0 -91.231465,32.173721,0 -91.23154100000001,32.174007,0 -91.232108,32.176158,0 -91.232572,32.177836,0 -91.23275599999999,32.178586,0 -91.23293899999999,32.179814,0 -91.23296700000002,32.180436,0 -91.23296400000001,32.18058,0 -91.232944,32.181525,0 -91.232928,32.183233,0 -91.232972,32.1845,0 -91.233086,32.186269,0 -91.233113,32.186535,0 -91.23317800000001,32.187156,0 -91.233352,32.189296,0 -91.233569,32.191978,0 -91.23389199999998,32.195749,0 -91.234042,32.197775,0 -91.23446399999999,32.202944,0 -91.23455500000001,32.204017,0 -91.23460300000001,32.204514,0 -91.23460599999999,32.204886,0 -91.234525,32.205503,0 -91.234425,32.205925,0 -91.23430000000002,32.206392,0 -91.234092,32.206814,0 -91.23389299999999,32.207172,0 -91.232906,32.208781,0 -91.232089,32.210092,0 -91.230031,32.213436,0 -91.22984700000002,32.213746,0 -91.22812999999999,32.216515,0 -91.227631,32.217319,0 -91.226831,32.218643,0 -91.22598299999999,32.21998,0 -91.22544199999999,32.220892,0 -91.22329999999999,32.224345,0 -91.222508,32.225625,0 -91.222466,32.225696,0 -91.22135299999999,32.227551,0 -91.22059400000001,32.228749,0 -91.22044500000001,32.2289832,0 -91.2201314,32.2294886,0 -91.21906,32.231215,0 -91.218836,32.231572,0 -91.21869700000001,32.23182,0 -91.21695200000001,32.23462,0 -91.216936,32.234647,0 -91.216425,32.23545,0 -91.215425,32.237111,0 -91.21509399999999,32.237644,0 -91.212782,32.241373,0 -91.21261,32.24165,0 -91.210697,32.244736,0 -91.210138,32.245665,0 -91.208556,32.248261,0 -91.20778100000001,32.24946,0 -91.207137,32.250486,0 -91.20697899999999,32.250737,0 -91.20695600000001,32.250779,0 -91.206731,32.251184,0 -91.206553,32.251528,0 -91.20616699999999,32.25237,0 -91.206002,32.252769,0 -91.20583999999999,32.253203,0 -91.20570899999998,32.253597,0 -91.205557,32.254118,0 -91.20541799999999,32.254662,0 -91.20525600000001,32.255499,0 -91.20513800000001,32.256349,0 -91.205071,32.257422,0 -91.20506399999999,32.257697,0 -91.20508100000001,32.258341,0 -91.20512100000001,32.258957,0 -91.20522099999999,32.25974,0 -91.20538999999999,32.260678,0 -91.205568,32.261336,0 -91.20570499999999,32.261811,0 -91.20605999999999,32.26279,0 -91.206276,32.263303,0 -91.206824,32.264462,0 -91.208277,32.267467,0 -91.208377,32.267676,0 -91.209186,32.26936,0 -91.20992899999999,32.270885,0 -91.21199300000001,32.275174,0 -91.21259299999998,32.276404,0 -91.21327599999999,32.277804,0 -91.213741,32.278784,0 -91.213993,32.279291,0 -91.214507,32.280369,0 -91.215119,32.281616,0 -91.215906,32.283264,0 -91.21682800000002,32.28515,0 -91.21861,32.28884,0 -91.21883099999999,32.289302,0 -91.21934799999998,32.290387,0 -91.22113899999999,32.294072,0 -91.22176900000001,32.295383,0 -91.222403,32.296667,0 -91.22343100000001,32.298809,0 -91.22375700000001,32.299492,0 -91.22440899999999,32.300862,0 -91.225056,32.302169,0 -91.22539500000001,32.302853,0 -91.225865,32.303877,0 -91.22594199999999,32.304043,0 -91.22608099999998,32.3044160000001,0 -91.22630399999998,32.305021,0 -91.22650499999999,32.305647,0 -91.226544,32.305771,0 -91.226736,32.306621,0 -91.22689200000001,32.307508,0 -91.226902,32.307609,0 -91.22696400000001,32.308256,0 -91.22700800000001,32.308908,0 -91.227,32.3096999999999,0 -91.22696699999999,32.310342,0 -91.226911,32.310856,0 -91.226828,32.311439,0 -91.226636,32.312328,0 -91.22646400000001,32.312994,0 -91.22618399999999,32.3138,0 -91.225994,32.314317,0 -91.2256,32.315208,0 -91.22516400000001,32.316035,0 -91.22477499999999,32.316699,0 -91.22414999999998,32.317619,0 -91.223403,32.318669,0 -91.22271899999998,32.319656,0 -91.22221899999998,32.3204,0 -91.221642,32.321225,0 -91.22112799999998,32.321983,0 -91.220488,32.322878,0 -91.21925600000002,32.324617,0 -91.21726700000001,32.327461,0 -91.216804,32.328105,0 -91.216188,32.328991,0 -91.216021,32.329231,0 -91.215433,32.330078,0 -91.215356,32.33019,0 -91.21386200000001,32.332332,0 -91.212543,32.334206,0 -91.21160999999999,32.335557,0 -91.208991,32.339304,0 -91.207894,32.340851,0 -91.207067,32.342056,0 -91.20624999999998,32.343235,0 -91.20358300000001,32.347008,0 -91.20264400000001,32.348376,0 -91.200352,32.351653,0 -91.200006,32.352147,0 -91.199833,32.352438,0 -91.199547,32.35313,0 -91.19944400000001,32.353575,0 -91.19943199999999,32.353656,0 -91.199361,32.354131,0 -91.19935999999998,32.355004,0 -91.19935999999998,32.3553,0 -91.199358,32.35828,0 -91.19934699999999,32.359656,0 -91.19935000000001,32.360889,0 -91.19933100000002,32.362056,0 -91.19935000000001,32.363563,0 -91.199354,32.365955,0 -91.199358,32.368668,0 -91.19934699999999,32.370238,0 -91.199361,32.371163,0 -91.19934399999998,32.372571,0 -91.199343,32.37359,0 -91.199343,32.374284,0 -91.19934399999998,32.374426,0 -91.19934499999999,32.37462,0 -91.19935000000001,32.375678,0 -91.19935900000002,32.377364,0 -91.199352,32.379753,0 -91.199354,32.380637,0 -91.199355,32.3815370000001,0 -91.19935900000002,32.383328,0 -91.199341,32.384331,0 -91.199352,32.385415,0 -91.19935999999998,32.385559,0 -91.19938999999999,32.386108,0 -91.199405,32.386297,0 -91.19943800000001,32.386747,0 -91.199462,32.387524,0 -91.19945999999999,32.387828,0 -91.19945999999999,32.3879198,0 -91.19945999999999,32.387982,0 -91.199461,32.388765,0 -91.199461,32.3889000000001,0 -91.19946600000002,32.38912,0 -91.19946600000002,32.390487,0 -91.19945,32.3914496,0 -91.1994687,32.3926153,0 -91.199484,32.394381,0 -91.199476,32.394681,0 -91.19944700000002,32.39565,0 -91.199431,32.396219,0 -91.1994215,32.396335,0 -91.19941600000001,32.3965370000001,0 -91.1993679,32.3976299,0 -91.1993516,32.3982821,0 -91.19932729999998,32.3984228,0 -91.19929639999998,32.3985401,0 -91.19924399999999,32.398635,0 -91.199144,32.39877,0 -91.19907670000001,32.3988357,0 -91.199015,32.398896,0 -91.19849330000001,32.3992287,0 -91.19800579999999,32.3995755,0 -91.1974747,32.3999445,0 -91.19702299999999,32.4002487,0 -91.19631719999998,32.4007869,0 -91.19596900000002,32.4011023,0 -91.1954794,32.4016085,0 -91.19521679999998,32.4017753,0 -91.19508930000001,32.4018683,0 -91.1949216,32.401948,0 -91.19450690000001,32.4021902,0 -91.19431789999999,32.4022871,0 -91.19411449999998,32.402393,0 -91.1931525,32.4029249,0 -91.19067350000002,32.4042855,0 -91.190493,32.404493,0 -91.1901001,32.4051232,0 -91.18984399999998,32.405534,0 -91.18930299999998,32.406385,0 -91.188742,32.407277,0 -91.188626,32.407463,0 -91.1884632,32.4077284,0 -91.1883825,32.4078517,0 -91.18826320000001,32.4080404,0 -91.1877156,32.4089412,0 -91.1876524,32.409018,0 -91.18716329999998,32.4098127,0 -91.186621,32.410701,0 -91.18607899999999,32.411577,0 -91.18552699999999,32.412447,0 -91.18496,32.413337,0 -91.18443100000002,32.41422,0 -91.18414540000001,32.4147281,0 -91.18392900000001,32.41505,0 -91.18361700000001,32.415556,0 -91.18306099999998,32.41646,0 -91.18260600000001,32.417128,0 -91.182531,32.417257,0 -91.18249299999999,32.4173070000001,0 -91.18220100000002,32.41769,0 -91.181911,32.418033,0 -91.181561,32.418357,0 -91.180649,32.4190579999999,0 -91.18031199999999,32.41935,0 -91.180058,32.419572,0 -91.179844,32.419789,0 -91.1798015,32.4198397,0 -91.179514,32.420183,0 -91.179267,32.420522,0 -91.17896500000001,32.420991,0 -91.17870100000002,32.4214,0 -91.178583,32.421583,0 -91.17826700000002,32.422094,0 -91.177436,32.423436,0 -91.176226,32.42543,0 -91.17602200000002,32.425767,0 -91.17502159999999,32.427326,0 -91.17490000000001,32.427518,0 -91.17485600000001,32.427591,0 -91.174558,32.428083,0 -91.17442200000001,32.428269,0 -91.173807,32.428933,0 -91.17104700000002,32.431818,0 -91.168442,32.434525,0 -91.16836000000001,32.434612,0 -91.16447799999999,32.438715,0 -91.158706,32.444558,0 -91.158383,32.44491,0 -91.15827699999998,32.445019,0 -91.15548100000001,32.447896,0 -91.154447,32.448983,0 -91.15406,32.449371,0 -91.153086,32.450344,0 -91.151819,32.451725,0 -91.149325,32.454282,0 -91.14902799999999,32.454586,0 -91.14885599999999,32.45476,0 -91.14744399999999,32.456231,0 -91.146058,32.457647,0 -91.14525799999998,32.458537,0 -91.14507499999999,32.4587419999999,0 -91.14454699999999,32.459606,0 -91.14423609999999,32.4602443,0 -91.14416900000002,32.4604,0 -91.143956,32.461106,0 -91.14382500000001,32.461824,0 -91.14375800000001,32.462775,0 -91.14378600000001,32.463267,0 -91.14389199999999,32.46385,0 -91.143928,32.464005,0 -91.144019,32.464402,0 -91.14404699999999,32.464522,0 -91.144277,32.465102,0 -91.1444,32.465407,0 -91.14469400000002,32.466258,0 -91.144875,32.466738,0 -91.145425,32.468294,0 -91.145928,32.469636,0 -91.146522,32.471283,0 -91.146838,32.472236,0 -91.147158,32.473205,0 -91.14752199999998,32.474477,0 -91.147672,32.474871,0 -91.14804399999998,32.475903,0 -91.148517,32.477215,0 -91.149209,32.479135,0 -91.14932400000001,32.479456,0 -91.149423,32.479731,0 -91.149889,32.481031,0 -91.15250599999999,32.488222,0 -91.15288300000002,32.489325,0 -91.15361300000001,32.491371,0 -91.15401599999998,32.492523,0 -91.154403,32.493631,0 -91.154819,32.49478,0 -91.15507100000001,32.4954770000001,0 -91.15603199999998,32.498134,0 -91.15654400000001,32.499511,0 -91.15673600000001,32.499981,0 -91.1571821,32.5012614,0 -91.1583578,32.5045104,0 -91.15993659999999,32.5088741,0 -91.161557,32.513226,0 -91.162013,32.514487,0 -91.162384,32.515526,0 -91.162961,32.517134,0 -91.16357200000002,32.518811,0 -91.164957,32.522664,0 -91.16573099999999,32.524811,0 -91.16645900000002,32.526774,0 -91.1676128,32.5300508,0 -91.1677341,32.5303523,0 -91.16897659999999,32.533919,0 -91.16966840000001,32.5358468,0 -91.1703713,32.5377626,0 -91.17054109999999,32.538214,0 -91.17098979999999,32.5394632,0 -91.17111410000001,32.5398227,0 -91.17223799999999,32.542775,0 -91.17296299999998,32.5448,0 -91.173153,32.545305,0 -91.17324200000002,32.545519,0 -91.17337100000002,32.5458,0 -91.17351000000001,32.54608,0 -91.17357800000001,32.5462,0 -91.173779,32.546557,0 -91.17407599999999,32.547022,0 -91.17439299999999,32.547477,0 -91.174995,32.548403,0 -91.17503910000001,32.5484721,0 -91.17517599999999,32.548749,0 -91.175625,32.549827,0 -91.175791,32.550258,0 -91.175855,32.550435,0 -91.175977,32.550843,0 -91.17602200000002,32.551066,0 -91.176059,32.551364,0 -91.176073,32.551589,0 -91.17609899999999,32.5527,0 -91.17612200000001,32.552948,0 -91.17616100000001,32.55325,0 -91.17624200000002,32.5535810000001,0 -91.17641399999999,32.554284,0 -91.17700689999999,32.5559725,0 -91.179363,32.56243,0 -91.17949799999998,32.562811,0 -91.180235,32.564829,0 -91.18099400000001,32.566924,0 -91.181882,32.569376,0 -91.18239,32.570906,0 -91.18253799999999,32.571422,0 -91.1826658,32.5719826999999,0 -91.18278599999999,32.5723809999999,0 -91.18289000000001,32.572826,0 -91.18306200000001,32.573645,0 -91.183165,32.574243,0 -91.18338199999999,32.575817,0 -91.18343299999999,32.576306,0 -91.183452,32.576569,0 -91.183516,32.5777,0 -91.183527,32.579293,0 -91.18348199999998,32.581104,0 -91.18343900000001,32.5826900000001,0 -91.183402,32.5835314999999,0 -91.1833938,32.5837398,0 -91.1833159,32.5854763,0 -91.1832927,32.5872379,0 -91.18326089999999,32.5880264,0 -91.18315200000001,32.5919235,0 -91.1831286,32.5929146,0 -91.18314800000002,32.594942,0 -91.18304120000001,32.5981586,0 -91.18300039999998,32.5991058,0 -91.18295600000002,32.602721,0 -91.18292199999999,32.604307,0 -91.182833,32.607702,0 -91.18279900000002,32.609288,0 -91.1826532,32.6126494,0 -91.18265100000002,32.6127941,0 -91.18264369999999,32.6133677,0 -91.18262770000001,32.6138665,0 -91.1826154,32.6147698,0 -91.18257389999999,32.6170249,0 -91.1825157,32.6186573,0 -91.18246599999999,32.6205648,0 -91.18244799999999,32.6211308,0 -91.18241500000002,32.622514,0 -91.18244369999999,32.6237583,0 -91.182368,32.627069,0 -91.18232,32.629095,0 -91.18224600000001,32.632215,0 -91.1822244,32.6334632,0 -91.182204,32.633802,0 -91.182143,32.636381,0 -91.18210700000002,32.637742,0 -91.182061,32.63989,0 -91.181962,32.643938,0 -91.18192999999999,32.645325,0 -91.18185200000002,32.64873,0 -91.18177900000001,32.651339,0 -91.18172999999999,32.653536,0 -91.181718,32.653955,0 -91.18165999999999,32.656083,0 -91.18165799999998,32.656146,0 -91.18163199999999,32.657383,0 -91.18159200000001,32.658993,0 -91.18155299999999,32.6605579999999,0 -91.18150799999999,32.662525,0 -91.18143700000002,32.665396,0 -91.18138999999999,32.666984,0 -91.181388,32.667115,0 -91.18138399999999,32.667336,0 -91.18132,32.670097,0 -91.18124900000001,32.673121,0 -91.181241,32.673651,0 -91.181245,32.673879,0 -91.18125800000001,32.674107,0 -91.18128400000001,32.674334,0 -91.18130899999998,32.674484,0 -91.18133999999999,32.674633,0 -91.18141900000001,32.674931,0 -91.18149099999999,32.675151,0 -91.181713,32.675727,0 -91.182005,32.676443,0 -91.18226300000001,32.67709,0 -91.18234000000001,32.677307,0 -91.182385,32.677453,0 -91.18242199999999,32.677602,0 -91.182451,32.67775,0 -91.182473,32.677901,0 -91.18248800000001,32.678051,0 -91.18249,32.678203,0 -91.18248200000001,32.678355,0 -91.182473,32.678441,0 -91.18245600000002,32.678582,0 -91.182399,32.67888,0 -91.18213,32.679916,0 -91.181715,32.681478,0 -91.18157299999999,32.681998,0 -91.181162,32.683552,0 -91.18098199999999,32.68461,0 -91.18096600000001,32.684814,0 -91.180949,32.685087,0 -91.1809312,32.6855664,0 -91.18088799999998,32.68733,0 -91.18087,32.687934,0 -91.180769,32.692408,0 -91.180762,32.692721,0 -91.18066700000001,32.696368,0 -91.180646,32.697425,0 -91.18060100000001,32.69886,0 -91.18052500000002,32.701848,0 -91.18051199999999,32.702318,0 -91.180505,32.702596,0 -91.180442,32.705184,0 -91.180313,32.71071,0 -91.180235,32.713652,0 -91.180206,32.7146259,0 -91.1801998,32.7148609,0 -91.18017000000002,32.716223,0 -91.18011700000001,32.718538,0 -91.18009799999999,32.719225,0 -91.179824,32.730399,0 -91.17978100000001,32.731997,0 -91.17970699999999,32.735093,0 -91.17969600000001,32.735512,0 -91.179672,32.736489,0 -91.17964199999999,32.737693,0 -91.17959399999999,32.739294,0 -91.17954349999999,32.7405855,0 -91.17956100000001,32.74089,0 -91.179508,32.742702,0 -91.17943200000001,32.745904,0 -91.17934900000002,32.749085,0 -91.17923399999998,32.753636,0 -91.17918899999999,32.755378,0 -91.17909,32.759608,0 -91.17909030000001,32.7598435,0 -91.179091,32.76021,0 -91.17907200000002,32.760438,0 -91.179053,32.76097,0 -91.17903799999999,32.761805,0 -91.17897600000001,32.763931,0 -91.178898,32.767113,0 -91.17879299999998,32.771504,0 -91.17878899999999,32.771738,0 -91.17875199999999,32.772801,0 -91.1786912,32.775362,0 -91.17867999999999,32.775832,0 -91.17860899999999,32.778726,0 -91.17859560000001,32.7791494,0 -91.17858800000002,32.77939,0 -91.17856500000001,32.78045,0 -91.17853700000001,32.781443,0 -91.17853199999999,32.781815,0 -91.17849,32.78347,0 -91.17846900000001,32.785001,0 -91.17850199999999,32.7852999999999,0 -91.17856500000001,32.785595,0 -91.17861000000002,32.785736,0 -91.178641,32.785807,0 -91.17870799999999,32.786039,0 -91.178847,32.786398,0 -91.17897800000001,32.786759,0 -91.17901599999999,32.786907,0 -91.17904799999998,32.787055,0 -91.179075,32.7872021,0 -91.17908300000001,32.78728,0 -91.17909800000001,32.787505,0 -91.17909299999999,32.7876570000001,0 -91.17907700000001,32.787807,0 -91.179052,32.787957,0 -91.179019,32.788106,0 -91.17897800000001,32.788252,0 -91.178899,32.788469,0 -91.17883500000001,32.788611,0 -91.17876,32.788748,0 -91.17874900000001,32.788764,0 -91.178718,32.788815,0 -91.17848600000001,32.789139,0 -91.178338,32.789329,0 -91.17812300000001,32.789589,0 -91.17806400000001,32.7896758,0 -91.177978,32.789763,0 -91.1776136,32.7901396,0 -91.1762016,32.7917847,0 -91.17610460000002,32.7919077,0 -91.1760357,32.7919965,0 -91.17588499999999,32.792405,0 -91.175518,32.793328,0 -91.175484,32.7934109999999,0 -91.17513899999999,32.794289,0 -91.1749961,32.7946529000001,0 -91.17478199999999,32.795198,0 -91.174316,32.79638,0 -91.17407799999999,32.796987,0 -91.17384610000002,32.7975772,0 -91.17372000000002,32.797921,0 -91.173593,32.798198,0 -91.17334200000001,32.7988570000001,0 -91.172988,32.799781,0 -91.172624,32.800727,0 -91.172254,32.801689,0 -91.17189399999998,32.8026350000001,0 -91.17172840000002,32.803063,0 -91.17166330000001,32.8032316,0 -91.171537,32.803558,0 -91.17131999999999,32.804122,0 -91.17127819999999,32.8042311,0 -91.17098400000002,32.804999,0 -91.171847,32.80543,0 -91.171982,32.805503,0 -91.172355,32.805691,0 -91.17310500000001,32.806052,0 -91.17335430000001,32.8061681,0 -91.17351370000002,32.8062422,0 -91.17449700000002,32.8067,0 -91.174857,32.806874,0 -91.175335,32.807086,0 -91.17622099999998,32.807451,0 -91.17923999999998,32.808655,0 -91.17998199999998,32.808951,0 -91.181327,32.809489,0 -91.18196500000001,32.809759,0 -91.182503,32.810028,0 -91.183106,32.810349,0 -91.18349099999999,32.810539,0 -91.18405199999999,32.810782,0 -91.18437900000001,32.810876,0 -91.18471099999999,32.810962,0 -91.18532500000001,32.811116,0 -91.186329,32.8113629999999,0 -91.18736800000002,32.811624,0 -91.18750300000002,32.811656,0 -91.189137,32.812058,0 -91.18963299999999,32.81217,0 -91.18998500000001,32.812238,0 -91.19059799999999,32.812348,0 -91.19103500000001,32.812434,0 -91.191338,32.812497,0 -91.19158,32.812557,0 -91.19164000000001,32.812572,0 -91.192154,32.8127060000001,0 -91.19220900000001,32.812722,0 -91.192712,32.812868,0 -91.19326100000002,32.813043,0 -91.193332,32.813071,0 -91.19416699999999,32.813346,0 -91.194591,32.813473,0 -91.194934,32.813566,0 -91.195367,32.813671,0 -91.19589000000002,32.813784,0 -91.19755099999999,32.814107,0 -91.19831899999998,32.814285,0 -91.199082,32.814529,0 -91.19949800000001,32.814675,0 -91.201538,32.815454,0 -91.20186200000002,32.815584,0 -91.20226,32.815755,0 -91.20280299999999,32.816015,0 -91.20356699999999,32.816408,0 -91.204255,32.816754,0 -91.20436600000001,32.816792,0 -91.20556700000002,32.817361,0 -91.20596600000002,32.817535,0 -91.2062985,32.8176769,0 -91.207002,32.817977,0 -91.20723599999999,32.818086,0 -91.20739500000001,32.818154,0 -91.20750859999998,32.8182087,0 -91.2076892,32.8182954,0 -91.20785290000001,32.8183847,0 -91.20791829999999,32.8184204,0 -91.2082442,32.8186118,0 -91.208282,32.818634,0 -91.208493,32.818767,0 -91.2087124,32.8189269000001,0 -91.208766,32.818966,0 -91.209025,32.819176,0 -91.209962,32.819998,0 -91.210345,32.820318,0 -91.21080300000001,32.820681,0 -91.211277,32.82103,0 -91.211893,32.821472,0 -91.21216499999998,32.821672,0 -91.212362,32.821827,0 -91.21261800000001,32.82204,0 -91.212993,32.822366,0 -91.213233,32.8225900000001,0 -91.21346300000002,32.82282,0 -91.21395100000001,32.823359,0 -91.21408700000001,32.823521,0 -91.214364,32.823853,0 -91.214735,32.824285,0 -91.21512199999999,32.8247,0 -91.216616,32.826231,0 -91.21674400000001,32.826362,0 -91.21700400000002,32.82661,0 -91.217765,32.827468,0 -91.218526,32.828308,0 -91.21863000000002,32.828429,0 -91.21878,32.828618,0 -91.21902000000001,32.8289380000001,0 -91.219069,32.829012,0 -91.21915199999999,32.829137,0 -91.21931599999999,32.829409,0 -91.219509,32.829752,0 -91.220538,32.831688,0 -91.220854,32.832315,0 -91.220871,32.832351,0 -91.22104900000001,32.832741,0 -91.22123499999998,32.83317,0 -91.22187200000002,32.834668,0 -91.222934,32.837193,0 -91.22333499999999,32.838178,0 -91.223438,32.838468,0 -91.22355399999999,32.838834,0 -91.223679,32.839277,0 -91.223787,32.839722,0 -91.22384700000002,32.84002,0 -91.223919,32.840471,0 -91.223972,32.840924,0 -91.22402599999999,32.841529,0 -91.224053,32.841876,0 -91.22411099999999,32.842625,0 -91.224282,32.844782,0 -91.22428600000001,32.844887,0 -91.22430950000002,32.8453086,0 -91.2243227,32.8456986,0 -91.224318,32.846148,0 -91.22429200000001,32.846449,0 -91.224251,32.846752,0 -91.22423629999999,32.8468287,0 -91.22416500000001,32.847201,0 -91.22413000000002,32.84735,0 -91.224051,32.847645,0 -91.223956,32.847935,0 -91.223899,32.848087,0 -91.223848,32.848224,0 -91.22307329999998,32.8500992,0 -91.2229519,32.8503509,0 -91.22283570000002,32.8505665,0 -91.22271779999998,32.8507785,0 -91.22259600000001,32.8509788000001,0 -91.22243,32.851249,0 -91.22215599999998,32.8516410000001,0 -91.221808,32.852082,0 -91.220675,32.853358,0 -91.219554,32.85464,0 -91.219504,32.854703,0 -91.219318,32.854964,0 -91.21927500000001,32.85503,0 -91.21922000000001,32.855083,0 -91.21907950000002,32.8553596,0 -91.21892099999999,32.855812,0 -91.218869,32.856037,0 -91.21882200000002,32.856492,0 -91.21883200000001,32.856721,0 -91.218834,32.856797,0 -91.218884,32.857098,0 -91.218943,32.857321,0 -91.21901800000001,32.85754,0 -91.21914700000001,32.857825,0 -91.21929900000001,32.8581,0 -91.21991300000002,32.859028,0 -91.22202299999999,32.862116,0 -91.22358900000002,32.86442,0 -91.22452099999998,32.865805,0 -91.22456200000001,32.865872,0 -91.22475600000001,32.866214,0 -91.22497000000001,32.866631,0 -91.225133,32.866984,0 -91.225224,32.8671979999999,0 -91.225308,32.867413,0 -91.225436,32.867776,0 -91.225526,32.8680710000001,0 -91.22569799999999,32.868736,0 -91.22580399999998,32.869335,0 -91.22585100000001,32.869712,0 -91.225886,32.870167,0 -91.225897,32.870545,0 -91.22589100000002,32.872017,0 -91.22588499999999,32.8734269999999,0 -91.22587300000001,32.8765157,0 -91.22586800000001,32.883212,0 -91.225866,32.884199,0 -91.22586699999998,32.884895,0 -91.225871,32.885931,0 -91.225887,32.886712,0 -91.22591999999999,32.8873180000001,0 -91.225962,32.887849,0 -91.226102,32.889438,0 -91.22613,32.889918,0 -91.226164,32.890493,0 -91.22618100000001,32.891551,0 -91.226185,32.8925112,0 -91.226186,32.892674,0 -91.226174,32.893791,0 -91.22617099999999,32.895381,0 -91.226174,32.896962,0 -91.2261725,32.8970378,0 -91.22617200000001,32.897699,0 -91.22617,32.90128,0 -91.226151,32.907772,0 -91.226157,32.908575,0 -91.22614400000001,32.909869,0 -91.22614299999999,32.909939,0 -91.22615,32.910317,0 -91.2261744,32.913295,0 -91.226161,32.913795,0 -91.226142,32.915585,0 -91.226141,32.915691,0 -91.22614400000001,32.916522,0 -91.2261452,32.9167513,0 -91.22613800000001,32.917053,0 -91.22614600000001,32.918948,0 -91.226136,32.923627,0 -91.226129,32.926907,0 -91.22610299999998,32.930155,0 -91.226108,32.931859,0 -91.22609799999999,32.935722,0 -91.22611630000002,32.936094,0 -91.22609199999999,32.939625,0 -91.2260914,32.9413256,0 -91.226097,32.942697,0 -91.226088,32.94444,0 -91.226088,32.944919,0 -91.226086,32.94681,0 -91.226085,32.947625,0 -91.226088,32.949292,0 -91.22608,32.950882,0 -91.22607699999999,32.954803,0 -91.226045,32.956418,0 -91.225934,32.958007,0 -91.22587599999999,32.959601,0 -91.225852,32.961193,0 -91.225852,32.961834,0 -91.22584500000001,32.962016,0 -91.22584799999998,32.963991,0 -91.22586200000001,32.964523,0 -91.22595160000002,32.9666783,0 -91.225994,32.967698,0 -91.226001,32.968228,0 -91.226001,32.968573,0 -91.22600200000001,32.969137,0 -91.225994,32.9707260000001,0 -91.225999,32.972319,0 -91.225993,32.977092,0 -91.22598499999999,32.9786849999999,0 -91.22595400000002,32.979743,0 -91.22591999999999,32.980275,0 -91.22584999999999,32.981028,0 -91.22576100000001,32.98178,0 -91.2257176,32.9821033,0 -91.22530159999998,32.9850729,0 -91.225151,32.9861104,0 -91.22467209999999,32.9895326,0 -91.22459050000001,32.990122,0 -91.22440709999999,32.9914335,0 -91.2241844,32.993006,0 -91.2229619,33.0017384,0 -91.22254890000001,33.0047076,0 
				
					-91.22254890000001,33.0047076,0 -91.22251319999999,33.0049694,0 -91.22095990000001,33.0160339,0 -91.21934450000001,33.0277009,0 -91.21837379999999,33.034538,0 -91.2158685,33.0522097,0 -91.21565199999999,33.0538152,0 -91.2156343,33.0541831,0 -91.21565150000002,33.0547337,0 -91.2157086,33.0553548,0 -91.21580419999999,33.0558086,0 -91.2159458,33.0563426,0 -91.2161404,33.0569121,0 -91.21636340000001,33.0573867,0 -91.2165863,33.0578049,0 -91.21678809999999,33.0581342,0 -91.2171137,33.0586029,0 -91.217641,33.0592347,0 -91.21962019999999,33.0616202,0 -91.2196857,33.0616989,0 -91.2205075,33.0626894,0 -91.22087309999999,33.0631329000001,0 -91.2216705,33.0640865,0 -91.22199249999998,33.0644721,0 -91.22394620000001,33.0668389,0 -91.2263741,33.0697485,0 -91.22682709999999,33.070309,0 -91.2280729,33.0717949,0 -91.2303948,33.0745653,0 -91.2307794,33.0750041,0 -91.23734559999998,33.0828982,0 -91.23916599999998,33.085135,0 -91.24335309999999,33.0901401,0 -91.2437468,33.0906086,0 -91.248642,33.096477,0 -91.24935429999999,33.0972528,0 -91.25010229999998,33.0979179,0 -91.25098000000001,33.0985145,0 -91.2512632,33.0986725,0 -91.2516722,33.0988888,0 -91.25310310000002,33.0996321,0 -91.25380640000002,33.0999974,0 -91.25544720000001,33.100894,0 -91.25599800000001,33.101267,0 -91.256227,33.101423,0 -91.25730969999999,33.1024974,0 -91.25734620000001,33.1025547,0 -91.25767320000001,33.1030687,0 -91.2579599,33.1035193,0 -91.2582431,33.1042571,0 -91.25839379999999,33.1047595,0 -91.25850440000002,33.1054605,0 -91.2585167,33.1063035,0 -91.25842280000001,33.1068531,0 -91.25814340000001,33.1080897,0 -91.25807469999999,33.1083935,0 -91.2580087,33.1087632,0 -91.25787879999999,33.1093036,0 -91.2577946,33.1096538,0 -91.25777309999999,33.1097499,0 -91.2577103,33.1100305,0 -91.2576929,33.1101082,0 -91.2575506,33.1107152,0 -91.2574623,33.1111107,0 -91.25723120000001,33.1121464,0 -91.25681179999999,33.1139792,0 -91.25653759999999,33.115075,0 -91.2565056,33.1152027,0 -91.25629799999999,33.1160324,0 -91.25579260000001,33.1183175,0 -91.2555754,33.1192992,0 -91.255297,33.1205218,0 -91.2548737,33.1222654,0 -91.2547557,33.1230161000001,0 -91.25472929999999,33.1236318,0 -91.2547642,33.1241305,0 -91.25482049999998,33.1246359,0 -91.25492250000001,33.1250312,0 -91.2550351,33.1253727,0 -91.25523630000002,33.1258489,0 -91.2555303,33.1264799,0 -91.2567851,33.1283385,0 -91.25749159999999,33.1294355,0 -91.25760419999999,33.1296157,0 -91.25854510000001,33.1310361,0 -91.25869159999999,33.1312553,0 -91.25920120000002,33.1320455,0 -91.2600987,33.1334628,0 -91.26044950000001,33.1339543,0 -91.26067,33.1342937,0 -91.26100099999999,33.1349012,0 -91.26130070000001,33.1356758,0 -91.2614107,33.1360823000001,0 -91.2614648,33.1363009,0 -91.26150459999999,33.1364619,0 -91.261577,33.136837,0 -91.26161189999999,33.1371492,0 -91.26163819999999,33.1373556,0 -91.26164540000001,33.1376151,0 -91.26161519999999,33.1392912,0 -91.2615873,33.1401222,0 -91.26155889999998,33.1411517,0 -91.26154710000002,33.1427858,0 -91.2615385,33.1439882,0 -91.2615208,33.146777,0 -91.2614481,33.152091,0 -91.2614069,33.1549261,0 -91.26139740000002,33.1555772,0 -91.26135750000002,33.1591758,0 -91.2612579,33.1659612,0 -91.2612214,33.1669608,0 -91.26115650000001,33.1674197,0 -91.26101970000001,33.1687735000001,0 -91.2604291,33.1741465,0 -91.26036629999999,33.1753139,0 -91.2603921,33.1775095,0 -91.2603792,33.180564,0 -91.26037119999999,33.1865657,0 -91.26036450000001,33.1881828,0 -91.26035829999999,33.1896579,0 -91.2603379,33.1929157,0 -91.2603245,33.1956402,0 -91.26035349999999,33.1994939,0 -91.26033970000002,33.2000337,0 -91.2602852,33.2012175,0 -91.26010669999999,33.2023231,0 -91.25997400000001,33.2030389,0 -91.25957669999998,33.2050598,0 -91.25945129999998,33.2057388,0 -91.2592764,33.2066635,0 -91.25906249999998,33.2077713,0 -91.2587515,33.2092024,0 -91.2583576,33.2112191,0 -91.2582482,33.2118163,0 -91.2578219,33.2141447,0 -91.2574551,33.2158786,0 -91.2573816,33.2162471,0 -91.256394,33.2214139,0 -91.25605059999998,33.2232897,0 -91.2549837,33.2287444,0 -91.25342449999998,33.2367861,0 -91.2532946,33.2374355,0 -91.25302670000001,33.2388914,0 -91.25227219999999,33.24276,0 -91.2520528,33.2439114,0 -91.25202710000001,33.2440568,0 -91.2519291,33.2446536,0 -91.2518597,33.2453224,0 -91.25182179999999,33.2459995,0 -91.25183489999999,33.2502032,0 -91.25186739999999,33.25728,0 -91.2518678,33.2573977,0 -91.25188769999998,33.2628856,0 -91.25188899999999,33.2632571,0 -91.2518999,33.2683242,0 -91.251919,33.275306,0 -91.2518951,33.2766955,0 -91.2519076,33.2774623,0 -91.25189370000001,33.2778855,0 -91.2518817,33.2780662,0 -91.25185149999999,33.2781878,0 -91.251791,33.2783301,0 -91.2517235,33.2784697,0 -91.2515777,33.2786943,0 -91.25322,33.2794823,0 -91.2535731,33.2796557,0 -91.254563,33.2801478,0 -91.2549209,33.2803348,0 -91.25519029999998,33.2804837,0 -91.2554189,33.2806237,0 -91.25569830000001,33.2807992,0 -91.25685859999999,33.2816393,0 -91.25725319999999,33.281922,0 -91.25770679999999,33.2822505,0 -91.2583648,33.2826835,0 -91.25890210000001,33.2830376,0 -91.25935269999999,33.283325,0 -91.26020060000002,33.2838494,0 -91.2622276,33.2851102,0 -91.26253440000001,33.2853145,0 -91.2629355,33.2855945,0 -91.2632423,33.2858219,0 -91.26354110000001,33.2860531,0 -91.2667137,33.2886828,0 -91.2673379,33.2891860999999,0 -91.2677417,33.28949,0 -91.2682351,33.2898437,0 -91.2711108,33.2917393,0 -91.27133139999999,33.2918966,0 -91.2715652,33.292067,0 -91.2718333,33.2922938,0 -91.272076,33.2925107,0 -91.27238420000002,33.2928042,0 -91.2725693,33.2929859,0 -91.27272959999999,33.2931651,0 -91.2737903,33.2944728,0 -91.275386,33.2964343,0 -91.2760162,33.297258,0 -91.27651020000002,33.2979037,0 -91.27663,33.2980603,0 -91.27668790000001,33.2981413,0 -91.27722799999999,33.298897,0 -91.27755360000002,33.2992806,0 -91.27779790000001,33.2995322,0 -91.27800670000002,33.2997491,0 -91.27815649999999,33.2998962,0 -91.27848100000001,33.3001906,0 -91.2787957,33.3004371,0 -91.27910469999999,33.3006657,0 -91.27945409999998,33.3008904,0 -91.27966809999999,33.3010123,0 -91.27987160000001,33.3011275,0 -91.2809357,33.3016156,0 -91.282781,33.3023772,0 -91.2865353,33.3039711,0 -91.28723730000002,33.3042522,0 -91.2872873,33.3042713,0 -91.28876699999999,33.3048628,0 -91.2897633,33.3052725,0 -91.29040809999999,33.3056272,0 -91.29092730000001,33.3060001,0 -91.29164470000001,33.3067876,0 -91.2916697,33.3068258,0 -91.2920252,33.3075731,0 -91.2921918,33.3081412,0 -91.2922385,33.3085471,0 -91.29220019999998,33.312554,0 -91.29218069999999,33.3145973,0 -91.2921893,33.3152756,0 -91.29215069999999,33.3161632,0 -91.29215619999998,33.3166516,0 -91.2921182,33.3181954,0 -91.2921145,33.3184346,0 -91.29207510000001,33.3214507,0 -91.2920625,33.3226261,0 -91.29204750000001,33.3234328,0 -91.29203649999999,33.3238625,0 -91.292024,33.3248967,0 -91.2920192,33.3252895,0 -91.29201759999999,33.3254238,0 -91.29200600000001,33.3263364,0 -91.2919801,33.3282458,0 -91.29196610000001,33.3293325,0 -91.29194420000002,33.3295984,0 -91.29194460000001,33.3299844,0 -91.2919338,33.3302378,0 -91.2919271,33.3303958,0 -91.29191899999998,33.3305847,0 -91.2918754,33.3310012,0 -91.2918919,33.3318253,0 -91.2918932,33.3318885000001,0 -91.2918839,33.3328525,0 -91.2918754,33.3337306999999,0 -91.2918468,33.3353982,0 -91.2918332,33.3368197,0 -91.2918241,33.3377648,0 -91.2918105,33.3386549,0 -91.2917975,33.3395056,0 -91.2917832,33.3404458,0 -91.2916977,33.3450869,0 -91.29171150000001,33.3457571,0 -91.2917528,33.3461356,0 -91.2918009,33.3464435,0 -91.291929,33.3469451,0 -91.2920343,33.3472972,0 -91.2921168,33.3475383,0 -91.29220860000001,33.3477556,0 -91.2925753,33.3486558,0 -91.29306099999999,33.3498402,0 -91.29351409999998,33.3509505,0 -91.29392440000001,33.3519424,0 -91.2945655,33.3535183,0 -91.2950266,33.3546273,0 -91.295574,33.3559803,0 -91.2959039,33.3568005999999,0 -91.2962263,33.3576901,0 -91.2964485,33.3583197,0 -91.29667889999999,33.3588928,0 -91.29767000000001,33.3613579,0 -91.29778570000001,33.3616266,0 -91.2979478,33.3620239,0 -91.29804300000001,33.3622675,0 -91.29833699999999,33.362974,0 -91.29882499999998,33.3641398,0 -91.29941020000001,33.3654529,0 -91.299565,33.365769,0 -91.299729,33.366135,0 -91.30019299999998,33.367211,0 -91.30072800000001,33.368577,0 -91.300929,33.369089,0 -91.3012923,33.369943,0 -91.301502,33.370463,0 -91.30184730000001,33.3713033,0 -91.30222120000002,33.3721793,0 -91.30342800000001,33.375115,0 -91.30368899999999,33.37579,0 -91.30410259999998,33.3768031,0 -91.30436589999999,33.3774204,0 -91.30473910000001,33.3783649,0 -91.3053457,33.3798237,0 -91.30640959999999,33.3824283,0 -91.3073571,33.3847532,0 -91.3080114,33.3863974,0 -91.3084528,33.3874401,0 -91.30876120000001,33.3882008,0 -91.30914900000001,33.38912,0 -91.30958339999999,33.3902246,0 -91.3099146,33.3910566,0 -91.3106028,33.3926724,0 -91.31084300000002,33.393112,0 -91.31114460000001,33.3936642,0 -91.31159890000001,33.3943504,0 -91.312207,33.3952036,0 -91.3124646,33.3955482,0 -91.3133009,33.3967568,0 -91.31392750000001,33.397651,0 -91.31423839999999,33.3981429,0 -91.31444160000001,33.3986113,0 -91.31468460000001,33.3992406,0 -91.3148454,33.3997909,0 -91.3149418,33.4002503,0 -91.3151185,33.4013305,0 -91.3153654,33.4028202,0 -91.3158628,33.4058204,0 -91.3161588,33.4071317,0 -91.31625320000002,33.4075497,0 -91.3165571,33.4084565,0 -91.31692479999998,33.4093882,0 -91.3172855,33.4102421,0 -91.31745979999999,33.4106406,0 -91.3182702,33.4125872,0 -91.318624,33.413375,0 -91.31929909999999,33.4148757,0 -91.3200434,33.416695,0 -91.3221362,33.4218032,0 -91.3229978,33.4239069,0 -91.32352229999998,33.4251658,0 -91.32403249999999,33.4264187,0 -91.3249678,33.4287083,0 -91.3261096,33.4315380999999,0 -91.32649139999998,33.4324423,0 -91.32832399999999,33.436874,0 -91.32867899999999,33.43779,0 -91.3291744,33.4389849,0 -91.32956679999999,33.4399366,0 -91.3299444,33.4408609,0 -91.33034600000001,33.441843,0 -91.33075179999999,33.4428369000001,0 -91.33148060000001,33.4446474,0 -91.3321792,33.4463265,0 -91.33262209999998,33.4474055,0 -91.3328362,33.4479175,0 -91.33349010000001,33.4494952,0 -91.3344129,33.4517465,0 -91.3346107,33.4522496,0 -91.3348305,33.4528294,0 -91.33553019999999,33.4544709,0 -91.33656389999999,33.4570208,0 -91.3378376,33.4604045,0 -91.3380646,33.4609608,0 -91.3381136,33.4610698,0 -91.33890569999998,33.4628327,0 -91.33926369999999,33.4636301,0 -91.33980349999999,33.4648884,0 -91.3410542,33.4678996,0 -91.3412728,33.4684364,0 -91.3423081,33.470978,0 -91.3429422,33.4725315,0 -91.3435108,33.4738791,0 -91.3439965,33.4750868,0 -91.3442888,33.4757989,0 -91.3454577,33.4786448,0 -91.34568170000001,33.4791902,0 -91.3470849,33.4826139,0 -91.347381,33.483342,0 -91.34779450000001,33.4843667,0 -91.3481937,33.4853103,0 -91.34848340000001,33.4859412,0 -91.3494305,33.4876998,0 -91.3509406,33.4904263,0 -91.35182469999999,33.4920136,0 -91.35288189999999,33.4939480999999,0 -91.35347059999999,33.4950051,0 -91.35383090000002,33.4956782,0 -91.35426649999998,33.4964627000001,0 -91.3560123,33.4996065,0 -91.3563242,33.500186,0 -91.3568764,33.5012127,0 -91.35744969999999,33.5022151,0 -91.35787469999998,33.5030003,0 -91.35835340000001,33.5038511,0 -91.35866420000001,33.5044483,0 -91.3589453,33.5049391,0 -91.3599095,33.5066707,0 -91.3603066,33.5073938,0 -91.36168389999999,33.5098948,0 -91.36305299999998,33.5123634,0 -91.3636664,33.5134824,0 -91.3642609,33.5145543,0 -91.36461370000001,33.5151672,0 -91.365472,33.5165246000001,0 -91.36639800000002,33.5180841,0 -91.36663870000001,33.5184957,0 -91.36683720000001,33.5188629000001,0 -91.367633,33.520222,0 -91.36936170000001,33.5232521,0 -91.37001600000001,33.524458,0 -91.37122100000001,33.5266358,0 -91.3718476,33.5277605,0 -91.3728091,33.5295164,0 -91.3729446,33.5297503,0 -91.3731097,33.5300783,0 -91.3739358,33.5315548,0 -91.37428989999999,33.5321742,0 -91.3744126,33.5323889,0 -91.37444139999999,33.5324424,0 -91.37451920000001,33.5325866,0 -91.3745758,33.5326916,0 -91.3747437,33.5330028,0 -91.37519700000001,33.5338432,0 -91.37630100000001,33.5358343,0 -91.3771246,33.5373389,0 -91.3773334,33.5377204,0 -91.37761850000001,33.5380419,0 -91.3784564,33.5396927,0 -91.3794118,33.5414206,0 -91.38092810000001,33.5441292,0 -91.38166299999999,33.5455098,0 -91.3824542,33.5469197,0 -91.3829083,33.5477725,0 -91.3833861,33.5486105,0 -91.38387000000002,33.5498286,0 -91.38403220000001,33.5502585,0 -91.3841682,33.5508008,0 -91.38427040000001,33.5513319,0 -91.38435509999999,33.5518722,0 -91.3843766,33.5523819,0 -91.38438359999999,33.5529339,0 -91.38437579999999,33.5540166,0 -91.3843091,33.5557605,0 -91.3842561,33.5580705,0 -91.38422769999998,33.5588409,0 -91.3841121,33.5633853,0 -91.3840938,33.5638555,0 -91.3840232,33.5640817,0 -91.38393189999999,33.5654315,0 -91.38386400000002,33.5662311,0 -91.38380479999999,33.5675293,0 -91.383709,33.5696302,0 -91.38363139999998,33.5725893,0 -91.38354940000001,33.5756109,0 -91.38349059999999,33.5781448,0 -91.3833023,33.5854888,0 -91.38315540000002,33.5900027,0 -91.38311020000002,33.5916398,0 -91.38300850000002,33.5951818,0 -91.3829868,33.595929,0 -91.3829844,33.5965013,0 -91.38299420000001,33.5969023,0 -91.3830349,33.5974385,0 -91.3830516,33.5976438,0 -91.3830921,33.5981912,0 -91.38311059999998,33.5986201,0 -91.3831136,33.5989441,0 -91.38311090000001,33.599163,0 -91.3831545,33.5993847,0 -91.3831395,33.5999982,0 -91.3831047,33.601395,0 -91.38306799999999,33.6021209,0 -91.3830682,33.6023413,0 -91.38306919999999,33.6035754,0 -91.3830712,33.6039330000001,0 -91.38308189999999,33.6043194000001,0 -91.38316210000001,33.6061692,0 -91.383178,33.6065756,0 -91.38319439999998,33.6069916,0 -91.3832062,33.6072936,0 -91.3832651,33.6086289,0 -91.38331650000002,33.6097663,0 -91.3833381,33.6101068,0 -91.3833405,33.6103223,0 -91.383335,33.6106087,0 -91.3833085,33.610759,0 -91.3832812,33.6109142,0 -91.38325509999999,33.6112512,0 -91.3832532,33.6115049,0 -91.38310629999999,33.6125738,0 -91.382847,33.614365,0 -91.38281579999999,33.6145896,0 -91.38265920000001,33.6156705,0 -91.3823757,33.6177268,0 -91.38233009999999,33.6181185,0 -91.3823225,33.6181839,0 -91.3819439,33.6209141,0 -91.38183250000002,33.6217175,0 -91.38179319999999,33.6225574,0 -91.38182840000002,33.6235505,0 -91.3820087,33.6251291,0 -91.382265,33.6262551,0 -91.3823709,33.6266066,0 -91.3824963,33.626985,0 -91.38264650000002,33.6273988,0 -91.3828316,33.6279133,0 -91.38301210000002,33.6283265,0 -91.3833159,33.6289445,0 -91.3837917,33.6298584,0 -91.38438000000001,33.6307744,0 -91.38494300000001,33.631488,0 -91.38535299999999,33.632003,0 -91.38602179999999,33.6327556,0 -91.3879362,33.6345102,0 -91.38949830000001,33.6359082,0 -91.3904817,33.6367408,0 -91.3915207,33.6376831,0 -91.39288380000001,33.6388884,0 -91.39318830000001,33.6391823,0 -91.3936633,33.6395835,0 -91.39410759999998,33.6399498,0 -91.39483179999999,33.640588,0 -91.3960543,33.6417213,0 -91.39736679999999,33.6428774,0 -91.39751269999999,33.6430066,0 -91.39798280000001,33.6434226,0 -91.39806280000001,33.643489,0 -91.3981605,33.64357,0 -91.3985328,33.6438976,0 -91.3993547,33.6446322,0 -91.40119900000001,33.6462417,0 -91.40479620000002,33.6494026,0 -91.40603030000001,33.6504835,0 -91.40679660000001,33.6511515,0 -91.40835800000002,33.6525419,0 -91.40881159999999,33.6529847,0 -91.40924079999999,33.6534333,0 -91.4096363,33.6538599,0 -91.4101484,33.6545027,0 -91.41067320000001,33.6552155999999,0 -91.410813,33.6554869,0 -91.4123937,33.6577475,0 -91.41265269999998,33.6581603,0 -91.41469560000002,33.6609345,0 -91.4167061,33.6636415,0 -91.41825860000002,33.6657174,0 -91.4183548,33.665846,0 -91.4188551,33.666514,0 -91.41896719999998,33.6666638,0 -91.4193069,33.6671173,0 -91.41962360000001,33.6675402,0 -91.4197855,33.6677564,0 -91.4204344,33.6686285,0 -91.4205523,33.6687869,0 -91.4231946,33.6723377,0 -91.42389819999998,33.673278,0 -91.4244748,33.6740288,0 -91.42503840000001,33.6747853999999,0 -91.4259686,33.6760267,0 -91.42716,33.677632,0 -91.4278338,33.6785514000001,0 -91.42932269999999,33.680554,0 -91.4317978,33.6838465,0 -91.4327248,33.6850955,0 -91.43405269999998,33.686899,0 -91.43461689999998,33.6876486,0 -91.4349084,33.6880359,0 -91.43884989999998,33.6933025,0 -91.4392696,33.6938633,0 -91.4412086,33.6964881,0 -91.44151170000001,33.6968983,0 -91.4426369,33.6984767,0 -91.44303440000002,33.6991698,0 -91.44389080000001,33.7007343,0 -91.4446772,33.702201,0 -91.4447796,33.7023842,0 -91.44513479999999,33.7030201,0 -91.4454401,33.7035775,0 -91.4457767,33.7041789,0 -91.445881,33.7043547,0 -91.44772260000001,33.7077245,0 -91.4477708,33.7078076,0 -91.4481298,33.7084262,0 -91.44852590000001,33.7091567,0 -91.4489055,33.7098567,0 -91.4495835,33.7110905,0 -91.44968129999999,33.7112733,0 -91.4508455,33.7134413,0 -91.45102890000001,33.7138326,0 -91.451335,33.7145389,0 -91.45157240000002,33.7151795,0 -91.45175829999998,33.7158055,0 -91.45189790000001,33.7162847,0 -91.45204500000001,33.717038,0 -91.4521543,33.7176246,0 -91.4521409,33.7178799,0 -91.45221239999999,33.7185038,0 -91.45235180000002,33.7198513,0 -91.4524275,33.7203956,0 -91.4524565,33.7205517,0 -91.452793,33.7223218,0 -91.45299560000001,33.7234564,0 -91.45365,33.7268026,0 -91.4540154,33.7288639,0 -91.45432649999999,33.7300238,0 -91.454798,33.7317638,0 -91.45505609999998,33.7327542,0 -91.4552845,33.7340898,0 -91.4553093,33.7342217,0 -91.45581780000001,33.7369298,0 -91.45658450000001,33.7408732999999,0 -91.45683649999999,33.7424434,0 -91.45698670000002,33.7437817,0 -91.4571691,33.745441,0 -91.4573085,33.746265,0 -91.45784500000001,33.7491254,0 -91.45830770000001,33.7515612,0 -91.4595187,33.7580903,0 -91.45970889999998,33.7590827,0 -91.46047409999998,33.7630764,0 -91.46070660000001,33.7643297,0 -91.4610424,33.7661395,0 -91.4616503,33.769335,0 -91.46238380000001,33.7731903,0 -91.46275869999999,33.7751658,0 -91.46284569999999,33.7756239,0 -91.46316909999999,33.7773279,0 -91.4635747,33.7796023,0 -91.4640575,33.78201,0 -91.46437760000001,33.7837513,0 -91.4648837,33.7865043,0 -91.46566,33.7905355,0 -91.4657629,33.7910696,0 -91.4664922,33.7950282,0 -91.46682560000002,33.796767,0 -91.46718079999999,33.7986213,0 -91.46784479999999,33.802168,0 -91.46864050000001,33.8062959,0 -91.4695293,33.8111381,0 -91.4703119,33.8152119,0 -91.471321,33.8206848,0 -91.4715898,33.822201,0 -91.47219269999999,33.8252885,0 -91.47262929999999,33.8276009,0 -91.47333800000001,33.8313802,0 -91.47439369999998,33.8368766,0 -91.4753982,33.8422271,0 -91.4760392,33.8455721,0 -91.4761618,33.8462213,0 -91.47630669999999,33.8470674,0 -91.47646869999998,33.8479595,0 -91.47746749999999,33.8530961,0 -91.47852,33.8587096,0 -91.47864589999999,33.8592791,0 -91.4787445,33.8597091999999,0 -91.47917769999999,33.8615205,0 -91.4793842,33.8621053,0 -91.47948940000001,33.8627022,0 -91.47960089999999,33.8632853,0 -91.4801664,33.8661223,0 -91.4805762,33.8682994,0 -91.48059000000001,33.868403,0 -91.48062400000002,33.8685959999999,0 -91.48065699999999,33.868777,0 -91.48111,33.871315,0 -91.4812853,33.8721429,0 -91.4813674,33.8725801,0 -91.4814186,33.8728529,0 -91.4815134,33.8733048,0 -91.4819368,33.8753219,0 -91.4823774,33.8777808,0 -91.4827533,33.8795806,0 -91.48324650000002,33.8822355,0 -91.48340630000001,33.8829982,0 -91.483462,33.8833509,0 -91.48389980000002,33.8855883000001,0 -91.4841689,33.8870732,0 -91.4845042,33.8888604,0 -91.48462389999999,33.8894829999999,0 -91.4848679,33.8906971,0 -91.4850634,33.8916873,0 -91.48520519999998,33.8921666,0 -91.4853138,33.8924924,0 -91.48570220000001,33.8935112,0 -91.4861914,33.894359,0 -91.48659479999999,33.8950216,0 -91.4869934,33.8955391,0 -91.4872393,33.8958171,0 -91.4880879,33.8968417,0 -91.4887556,33.8976254,0 -91.4892899,33.8982062,0 -91.4901266,33.8992019,0 -91.4915177,33.9008571,0 -91.49189130000001,33.9013017,0 -91.49219960000001,33.9016685,0 -91.49235929999999,33.9018474,0 -91.49274030000001,33.902274,0 -91.49444840000001,33.90429,0 -91.49536449999998,33.9054516,0 -91.4954183,33.9055198,0 -91.49625570000001,33.9065324,0 -91.4964392,33.9067621,0 -91.4970907,33.9075361,0 -91.49776240000001,33.9083109,0 -91.49989129999999,33.9108512,0 -91.50096720000001,33.9121507,0 -91.5029542,33.9144122,0 -91.5049137,33.9168403,0 -91.50502710000001,33.9171241,0 -91.50569100000001,33.917992,0 -91.5060416,33.9184291,0 -91.5069462,33.9194913,0 -91.5093816,33.9223684,0 -91.5104967,33.9236783,0 -91.51257740000001,33.9261539,0 -91.51497190000001,33.9289778,0 -91.51669579999999,33.9310052,0 -91.51838979999999,33.9330154,0 -91.5210354,33.9361099,0 -91.523473,33.9390139,0 -91.52660059999999,33.9426899,0 -91.52822310000002,33.9446165,0 -91.5301508,33.9469213,0 -91.5312041,33.9481561,0 -91.5325869,33.9497772,0 -91.5331858,33.9504702,0 -91.53351299999999,33.9508502,0 -91.5363265,33.9541902,0 -91.53966639999999,33.9581463,0 -91.5408125,33.959524,0 -91.5424045,33.9614376,0 -91.5436619,33.9630049,0 -91.54465340000002,33.9641669,0 -91.5455114,33.9650951,0 -91.5457394,33.965226,0 -91.547569,33.9673957,0 -91.54930429999999,33.9695156,0 -91.55219790000001,33.9730569,0 -91.5541382,33.9754204,0 -91.55491659999998,33.9763686,0 -91.55549790000001,33.9770938,0 -91.55712879999999,33.9791285,0 -91.55788160000002,33.9800081,0 -91.5581735,33.9803735,0 -91.558808,33.9812136,0 -91.55939110000001,33.9821395,0 -91.5599905,33.9832753999999,0 -91.5601578,33.9835881,0 -91.5602004,33.983675,0 -91.5605126,33.9842509,0 -91.5607708,33.9847541,0 -91.56137909999998,33.9859952,0 -91.5616333,33.9865288,0 -91.56198609999998,33.9871733,0 -91.5623085,33.9876706,0 -91.5625929,33.9879893,0 -91.5627556,33.988156,0 -91.56292610000001,33.988308,0 -91.56311699999999,33.9884665,0 -91.5638556,33.9889641,0 -91.5643401,33.9892786000001,0 -91.56478110000002,33.9895787,0 -91.56531069999998,33.9899365,0 -91.5661309,33.990482,0 -91.5666744,33.9908938,0 -91.5669948,33.9911902,0 -91.56722460000002,33.9914396,0 -91.5675121,33.9917727,0 -91.5679233,33.9922825,0 -91.56861339999999,33.9931248,0 -91.5743667,34.0001445,0 -91.57635649999999,34.002481,0 -91.57911329999999,34.0059453999999,0 -91.57962879999999,34.0065932,0 -91.579881,34.0070993,0 -91.5806328,34.0080628,0 -91.5822663,34.0101563,0 -91.58522069999999,34.013761,0 -91.58644049999999,34.0152947,0 -91.5871039,34.0161398,0 -91.59171970000001,34.0217884,0 -91.59680219999998,34.0279642,0 -91.59731180000001,34.0284599,0 -91.59788850000001,34.0289756,0 -91.59863950000002,34.0294957,0 -91.59910080000002,34.0297892,0 -91.60010130000001,34.0302915,0 -91.6021598,34.0313086,0 -91.6022483,34.0313597,0 -91.6028541,34.0316446999999,0 -91.60460189999999,34.032487,0 -91.6052088,34.0327914,0 -91.60782349999998,34.0340514,0 -91.61039479999999,34.035269,0 -91.61138119999998,34.0357912,0 -91.61215939999998,34.0362863,0 -91.6149999,34.0383346,0 -91.61583620000002,34.0389518,0 -91.61647960000001,34.0394038,0 -91.61751510000002,34.0399841,0 -91.617937,34.0401818,0 -91.61839499999999,34.0403847000001,0 -91.61905430000002,34.0406034,0 -91.62285270000001,34.0416774,0 -91.62373700000001,34.0419291,0 -91.6242902,34.0421132,0 -91.62494009999999,34.0423965,0 -91.6265202,34.0431487,0 -91.63050560000002,34.0451233,0 -91.63492909999999,34.0473316,0 -91.636488,34.048081,0 -91.6418611,34.0508459,0 -91.6433846,34.0516299,0 -91.6437092,34.0517969,0 -91.64596299999999,34.05294,0 -91.6462025,34.0530636,0 -91.6482736,34.0541165,0 -91.6487288,34.0543499,0 -91.6496018,34.0548138,0 -91.65013449999999,34.0550853,0 -91.65141629999999,34.0557443,0 -91.65373419999999,34.0569308000001,0 -91.6572328,34.0586963,0 -91.65866180000002,34.0594368,0 -91.65980639999999,34.0600299,0 -91.660391,34.0603735,0 -91.66154,34.0611936,0 -91.6620889,34.0616627,0 -91.66392209999999,34.0634857,0 -91.6662274,34.0658445,0 -91.6671328,34.0667146,0 -91.667704,34.067157,0 -91.66823829999998,34.0675448,0 -91.66923059999999,34.0681251000001,0 -91.67391859999999,34.0706904,0 -91.67822459999999,34.0730692,0 -91.68225970000002,34.0752956,0 -91.6843317,34.0764178,0 -91.691106,34.0804268,0 -91.6940468,34.0821361,0 -91.6954059,34.0828221,0 -91.69998369999999,34.0846827,0 -91.7013989,34.0852619,0 -91.70187729999999,34.0854264,0 -91.7023976,34.0855712,0 -91.7029228,34.0856943,0 -91.7037388,34.0858501,0 -91.7061325,34.0862672,0 -91.70909829999998,34.0867812,0 -91.71027620000001,34.0869962,0 -91.7129475,34.0874448,0 -91.7134758,34.08758,0 -91.713914,34.0877329,0 -91.71429310000001,34.0878853,0 -91.71572759999999,34.0885976,0 -91.7167254,34.0891006,0 -91.71785629999998,34.0896708,0 -91.7184737,34.0899954,0 -91.7217575,34.0916456,0 -91.72658199999999,34.094096,0 -91.72987449999999,34.0957551,0 -91.7357245,34.0987291,0 -91.73920200000001,34.1004552,0 -91.7396499,34.1006728999999,0 -91.742693,34.102223,0 -91.74467500000002,34.103224,0 -91.7454619,34.1036359,0 -91.74655300000001,34.104194,0 -91.74775870000001,34.1048184,0 -91.74834300000001,34.105121,0 -91.75106599999998,34.106449,0 -91.75325599999999,34.107613,0 -91.7545308,34.108375,0 -91.75491700000002,34.1086348,0 -91.7551021,34.1087703,0 -91.7559416,34.1094143,0 -91.7567329,34.1100895,0 -91.7575483,34.1108912,0 -91.75798700000001,34.11135,0 -91.758149,34.111536,0 -91.7607143,34.1143506,0 -91.760926,34.11456,0 -91.76106900000001,34.114707,0 -91.76222480000001,34.1160497,0 -91.7627152,34.1165768,0 -91.76326400000001,34.117196,0 -91.76580389999999,34.1199883,0 -91.766958,34.121257,0 -91.77017669999999,34.124834,0 -91.77225900000001,34.127148,0 -91.772358,34.127258,0 -91.77274500000001,34.127709,0 -91.77495399999999,34.130125,0 -91.774967,34.13014,0 -91.77541100000001,34.13065,0 -91.77624210000002,34.1315432,0 -91.77724600000001,34.132622,0 -91.777338,34.132723,0 -91.7797226,34.1353889,0 -91.78031180000001,34.1360399,0 -91.7806677,34.136433,0 -91.78190499999999,34.13777,0 -91.782228,34.138122,0 -91.78228000000001,34.138179,0 -91.78248960000001,34.1384375,0 -91.78805700000001,34.144589,0 -91.78812000000001,34.144659,0 -91.7908072,34.1476434,0 -91.7908528,34.1476878,0 -91.79126309999999,34.1481473,0 -91.79148309999999,34.1483937,0 -91.79397299999998,34.151148,0 -91.79521810000001,34.1524445,0 -91.79603,34.15307,0 -91.79688399999999,34.153519,0 -91.79730600000001,34.153741,0 -91.79750799999999,34.153808,0 -91.798225,34.154047,0 -91.799069,34.154233,0 -91.80061499999999,34.154517,0 -91.80224149999999,34.1547847,0 -91.80226,34.1547874,0 -91.80315499999999,34.1549212,0 -91.80358579999999,34.154989,0 -91.80453900000001,34.15514,0 -91.805274,34.155273,0 -91.8059746,34.1554335,0 -91.80619710000001,34.1554834,0 -91.80918200000001,34.1561339999999,0 -91.81224400000001,34.156834,0 -91.81245519999999,34.1568830000001,0 -91.814008,34.1572437,0 -91.81476600000001,34.157409,0 -91.81582,34.157655,0 -91.82012,34.158611,0 -91.821783,34.158959,0 -91.8231614,34.159286,0 -91.8299693,34.160815,0 -91.83484799999998,34.161927,0 -91.8360933,34.1621834,0 -91.838506,34.162623,0 -91.83978100000002,34.162924,0 -91.84073099999999,34.163108,0 -91.84146399999999,34.163336,0 -91.84216200000002,34.16359,0 -91.84295899999999,34.163952,0 -91.843998,34.164606,0 -91.84466899999998,34.165114,0 -91.84547399999998,34.165943,0 -91.84581900000002,34.166341,0 -91.846141,34.166798,0 -91.847922,34.169684,0 -91.849503,34.172094,0 -91.850488,34.173636,0 -91.85119899999999,34.174676,0 -91.85140800000001,34.1749902,0 -91.85159600000001,34.175273,0 -91.8524998,34.1766625,0 -91.8535459,34.1782624,0 -91.85394020000001,34.1787683,0 -91.8542996,34.1791389,0 -91.8546563,34.179394,0 -91.85501309999999,34.1796315,0 -91.85533100000001,34.179806,0 -91.85589280000001,34.1800575,0 -91.85633,34.1801884,0 -91.8568155,34.1803016,0 -91.8573251,34.1803792,0 -91.8578911,34.1804081,0 -91.8587105,34.1804236,0 -91.85961309999999,34.1804327,0 -91.86116939999999,34.1804384,0 -91.86469699999999,34.180468,0 -91.8655412,34.1804689,0 -91.86865699999998,34.180472,0 -91.871396,34.180499,0 -91.872857,34.18053,0 -91.87346599999999,34.180619,0 -91.87412800000001,34.180782,0 -91.875068,34.181117,0 -91.87570399999998,34.181443,0 -91.87619499999998,34.181792,0 -91.87723800000002,34.182669,0 -91.87870479999999,34.1839290000001,0 -91.87974200000001,34.18482,0 -91.88211600000001,34.186864,0 -91.882988,34.187636,0 -91.884145,34.18878,0 -91.8846293,34.1892615,0 -91.88530800000001,34.189916,0 -91.886467,34.19098,0 -91.889014,34.19316,0 -91.889867,34.193854,0 -91.890263,34.194133,0 -91.89083100000001,34.194436,0 -91.891065,34.194521,0 -91.891921,34.194829,0 -91.89284900000001,34.194981,0 -91.8947112,34.1950197,0 -91.90132079999999,34.1950119,0 -91.902939,34.19501,0 -91.9090757,34.1949602,0 -91.909465,34.194957,0 -91.91052299999998,34.194909,0 -91.9105859,34.1949061,0 -91.911154,34.19488,0 -91.91270920000001,34.1947476,0 -91.913499,34.194769,0 -91.91411689999998,34.1947688,0 -91.91497579999999,34.1947685,0 -91.91642609999998,34.194768,0 -91.91732799999998,34.194765,0 -91.9184566,34.1947601,0 -91.9189949,34.1947522,0 -91.91961569999998,34.1947379,0 -91.92027330000001,34.1947299,0 -91.92083890000002,34.1947354,0 -91.9215399,34.19473,0 -91.9222985,34.1947295,0 -91.92577199999999,34.194831,0 -91.92829500000001,34.1948287,0 -91.9295235,34.1948348,0 -91.93023590000001,34.1948366,0 -91.93158990000001,34.1948426,0 -91.932182,34.194848,0 -91.9324668,34.1948523,0 -91.9330339,34.1948481,0 -91.9342374,34.1948392,0 -91.935689,34.194843,0 -91.93724760000001,34.1948523,0 -91.9375496,34.1948541,0 -91.937708,34.194855,0 -91.93834399999999,34.1948426000001,0 -91.93857800000001,34.194838,0 -91.9388544,34.1948324,0 -91.9389151,34.1948312,0 -91.93912099999999,34.194827,0 -91.9398628,34.1948198,0 -91.941292,34.194806,0 -91.94187729999999,34.1947982,0 -91.94271739999999,34.1947871,0 -91.94313099999999,34.1947816,0 -91.94374550000001,34.1947734,0 -91.9445963,34.1947615,0 -91.944821,34.194756,0 -91.94504000000001,34.1947574,0 -91.94520790000001,34.1947584,0 -91.9464083,34.1947474,0 -91.94710199999999,34.194741,0 -91.947315,34.194737,0 -91.94733479999999,34.1947366,0 -91.94821,34.194721,0 -91.950749,34.194675,0 -91.952749,34.194648,0 -91.9544927,34.1945953000001,0 -91.9551963,34.1946232,0 -91.9556166,34.1946552,0 -91.9559883,34.1946892,0 -91.95635519999999,34.1947629,0 -91.95646640000001,34.1947958,0 -91.95670749999999,34.1948672,0 -91.9571521,34.1950349,0 -91.95761299999999,34.19531,0 -91.95776659999999,34.1954126,0 -91.9580076,34.1955736,0 -91.95809800000001,34.195634,0 -91.95832,34.195801,0 -91.95841829999999,34.1958752,0 -91.958748,34.196124,0 -91.95905440000001,34.1963551,0 -91.95905859999999,34.1963583,0 -91.959208,34.196471,0 -91.9594475,34.1966512,0 -91.9595762,34.1967488,0 -91.95995509999999,34.1970358,0 -91.96093900000001,34.197759,0 -91.962076,34.198603,0 -91.96252200000001,34.198957,0 
				
					-91.96252200000001,34.198957,0 -91.96314290000001,34.1993874,0 -91.96389029999999,34.1999369,0 -91.964217,34.20019,0 -91.96459729999999,34.2004592,0 -91.96496989999999,34.200687,0 -91.9656653,34.2010019,0 -91.9659133,34.2010853,0 -91.96621910000002,34.2011585,0 -91.96661810000002,34.2012348,0 -91.96704850000002,34.2012842,0 -91.967698,34.201276,0 -91.96843699999999,34.201207,0 -91.968948,34.201109,0 -91.969488,34.200913,0 -91.970056,34.200666,0 -91.97036799999999,34.200496,0 -91.97078500000001,34.2002,0 -91.97201270000001,34.1990995,0 -91.97299600000001,34.198218,0 -91.973949,34.197337,0 -91.97509999999998,34.196207,0 -91.97602099999999,34.195232,0 -91.976786,34.194298,0 -91.9772466,34.193688,0 -91.97762880000001,34.1931901,0 -91.977859,34.192935,0 -91.97806499999999,34.192671,0 -91.978289,34.1923549999999,0 -91.97892000000002,34.191426,0 -91.97969700000002,34.190208,0 -91.98237600000002,34.186009,0 -91.98389299999999,34.18359,0 -91.98506399999999,34.181769,0 -91.985705,34.180773,0 -91.9872554,34.1782308,0 -91.98774929999999,34.1774599,0 -91.98800010000001,34.1770818,0 -91.9882479,34.1767256,0 -91.9887827,34.1760898,0 -91.9891473,34.1756832,0 -91.989935,34.1748801,0 -91.99039879999999,34.1744696,0 -91.99078179999998,34.1741778,0 -91.991473,34.173722,0 -91.992508,34.173078,0 -91.993492,34.172538,0 -91.99381,34.172395,0 -91.99445500000002,34.172105,0 -91.99521699999998,34.1718069999999,0 -91.99616399999999,34.1715,0 -91.99750420000001,34.1711468,0 -91.99896799999999,34.170916,0 -92.000017,34.170816,0 -92.001037,34.170767,0 -92.00185,34.170774,0 -92.0024487,34.1708018,0 -92.00410300000001,34.1709,0 -92.0060192,34.171012,0 -92.00698850000001,34.1710687,0 -92.00906309999999,34.1711697,0 -92.0095129,34.1711968,0 -92.010713,34.171259,0 -92.014098,34.1714570000001,0 -92.01689399999999,34.171588,0 -92.01975899999999,34.171731,0 -92.02069200000001,34.171816,0 -92.021584,34.17199,0 -92.022413,34.172172,0 -92.02325,34.172431,0 -92.02387990000001,34.1726878,0 -92.0246267,34.1730144,0 -92.02525300000001,34.173277,0 -92.026253,34.173766,0 -92.02795399999999,34.174602,0 -92.0290012,34.1751416,0 -92.02962290000001,34.1754514,0 -92.03073999999998,34.176006,0 -92.032816,34.177053,0 -92.03582299999999,34.178597,0 -92.037879,34.17961,0 -92.038591,34.179999,0 -92.04073709999999,34.1811236,0 -92.0414152,34.1814502,0 -92.04426500000001,34.182861,0 -92.045298,34.183386,0 -92.0471771,34.1843227,0 -92.04966349999999,34.1856109,0 -92.0502441,34.1859269,0 -92.05110879999999,34.1864637,0 -92.0517928,34.186912,0 -92.05340700000001,34.188099,0 -92.05347299999998,34.18815,0 -92.056614,34.190703,0 -92.05679499999999,34.190844,0 -92.05720200000002,34.19116,0 -92.057939,34.191774,0 -92.05971429999998,34.1931012,0 -92.0603837,34.1934846,0 -92.061128,34.1938260000001,0 -92.06164899999999,34.194036,0 -92.06221199999999,34.194212,0 -92.06262399999999,34.194336,0 -92.06349800000001,34.19454,0 -92.06400700000002,34.194618,0 -92.064453,34.194759,0 -92.0650119,34.1948842,0 -92.06564900000001,34.195026,0 -92.06615800000002,34.195173,0 -92.066789,34.195407,0 -92.067358,34.195653,0 -92.068153,34.196049,0 -92.06888600000001,34.196518,0 -92.069588,34.197079,0 -92.07010799999999,34.197535,0 -92.07057400000001,34.198043,0 -92.07104,34.198652,0 -92.071372,34.199192,0 -92.071636,34.199641,0 -92.071877,34.200227,0 -92.071984,34.200517,0 -92.07211700000002,34.200993,0 -92.07222400000002,34.2016,0 -92.07227199999998,34.201912,0 -92.07228799999999,34.202586,0 -92.072247,34.203603,0 -92.07219809999999,34.2044433,0 -92.07208120000001,34.2062749,0 -92.071962,34.208052,0 -92.071842,34.210171,0 -92.071692,34.21255,0 -92.07148659999999,34.2154725,0 -92.07144940000001,34.2160758,0 -92.07134700000002,34.217626,0 -92.07138499999999,34.217988,0 -92.07146999999999,34.218361,0 -92.0716527,34.2188952,0 -92.071804,34.219308,0 -92.072068,34.219758,0 -92.072113,34.219825,0 -92.07235300000002,34.220178,0 -92.072632,34.220513,0 -92.074045,34.221764,0 -92.0754268,34.2229138000001,0 -92.0758845,34.2232947,0 -92.07627199999999,34.223653,0 -92.07661299999999,34.224028,0 -92.07688499999999,34.224362,0 -92.077003,34.224533,0 -92.07704599999998,34.224596,0 -92.07715,34.224747,0 -92.0775,34.225471,0 -92.077566,34.225729,0 -92.077806,34.226469,0 -92.077994,34.226998,0 -92.07802100000001,34.227104,0 -92.07808000000001,34.2273309999999,0 -92.078185,34.2276047,0 -92.0784768,34.2281724,0 -92.07885000000002,34.228708,0 -92.07954600000001,34.229432,0 -92.07997899999999,34.22987,0 -92.0807397,34.2306355,0 -92.0809572,34.230856,0 -92.083563,34.23352,0 -92.08422299999999,34.234235,0 -92.08470699999999,34.234816,0 -92.08705200000001,34.237792,0 -92.08709899999999,34.237853,0 -92.08789199999998,34.238878,0 -92.08948000000001,34.240932,0 -92.090148,34.241797,0 -92.09054500000001,34.242303,0 -92.09142000000001,34.243419,0 -92.09169900000001,34.243713,0 -92.092102,34.244094,0 -92.0924952,34.2443698,0 -92.09322400000001,34.244881,0 -92.09375900000001,34.245142,0 -92.09420799999999,34.245327,0 -92.094267,34.245352,0 -92.09668600000001,34.2462,0 -92.097146,34.24633,0 -92.09819999999999,34.246745,0 -92.098623,34.246912,0 -92.099227,34.247163,0 -92.09974800000001,34.247482,0 -92.10050800000002,34.248003,0 -92.100943,34.248396,0 -92.10101299999999,34.248459,0 -92.101409,34.248868,0 -92.10172799999999,34.249266,0 -92.102082,34.249772,0 -92.102419,34.250463,0 -92.102478,34.250626,0 -92.10264699999999,34.251089,0 -92.102805,34.25182,0 -92.10331499999999,34.254891,0 -92.10382899999999,34.25794,0 -92.10386800000001,34.258238,0 -92.10393300000001,34.258587,0 -92.10433759999999,34.2611009,0 -92.10445780000001,34.2618174,0 -92.104856,34.264195,0 -92.105014,34.264774,0 -92.10522299999998,34.265373,0 -92.10557199999998,34.266123,0 -92.105811,34.266534,0 -92.10604000000001,34.266874,0 -92.10773399999999,34.269272,0 -92.10909100000001,34.271185,0 -92.11145399999999,34.274519,0 -92.11239500000002,34.2758109999999,0 -92.112522,34.275991,0 -92.115494,34.280216,0 -92.116636,34.281787,0 -92.117098,34.282548,0 -92.11730400000002,34.282878,0 -92.117904,34.283973,0 -92.1190919,34.2861664,0 -92.11930649999999,34.2865778,0 -92.12034500000001,34.288556,0 -92.12090499999999,34.2896349999999,0 -92.121104,34.290026,0 -92.121396,34.2906,0 -92.12158700000002,34.290893,0 -92.12195199999999,34.291452,0 -92.12225400000001,34.291844,0 -92.122657,34.292308,0 -92.123035,34.2927,0 -92.123771,34.293369,0 -92.125017,34.29444,0 -92.126975,34.296086,0 -92.12994999999998,34.298635,0 -92.131568,34.299997,0 -92.13162699999999,34.300047,0 -92.13328300000001,34.301465,0 -92.133334,34.301509,0 -92.13440199999999,34.302398,0 -92.13575,34.303559,0 -92.13611600000002,34.303824,0 -92.137702,34.305175,0 -92.138587,34.3059969999999,0 -92.13881000000001,34.306185,0 -92.139408,34.30669,0 -92.14039510000001,34.3075166,0 -92.1411161,34.3081263,0 -92.142842,34.309594,0 -92.14377999999999,34.310402,0 -92.143917,34.310556,0 -92.14397799999999,34.310624,0 -92.14418000000001,34.31085,0 -92.14432499999999,34.311012,0 -92.145015,34.311785,0 -92.14577199999999,34.313012,0 -92.14588699999999,34.313202,0 -92.14829400000001,34.317181,0 -92.148911,34.318201,0 -92.15115100000001,34.321952,0 -92.151464,34.322407,0 -92.151832,34.322907,0 -92.152111,34.323259,0 -92.15256100000001,34.323811,0 -92.152967,34.324253,0 -92.15305399999998,34.324341,0 -92.15327499999999,34.3245639999999,0 -92.15333099999998,34.324618,0 -92.15391,34.325181,0 -92.15490899999999,34.326083,0 -92.156322,34.327358,0 -92.15647500000001,34.327496,0 -92.16138700000002,34.331944,0 -92.166543,34.336612,0 -92.16742800000002,34.337438,0 -92.16775599999998,34.337767,0 -92.168207,34.338291,0 -92.16833699999999,34.338441,0 -92.16872499999999,34.33897,0 -92.16926599999999,34.339728,0 -92.169613,34.340285,0 -92.17009499999999,34.34113,0 -92.1705,34.341886,0 -92.170805,34.342632,0 -92.17113469999998,34.343717,0 -92.17120799999999,34.3439970000001,0 -92.17133200000001,34.344507,0 -92.171363,34.344624,0 -92.171684,34.345825,0 -92.172493,34.349094,0 -92.17283099999999,34.350398,0 -92.17313899999999,34.35157,0 -92.173277,34.352262,0 -92.17330200000002,34.352357,0 -92.173716,34.353937,0 -92.174295,34.356217,0 -92.17475399999999,34.357959,0 -92.174807,34.358159,0 -92.175678,34.361635,0 -92.17607599999999,34.363184,0 -92.17682199999999,34.36609,0 -92.17715799999999,34.367433,0 -92.177779,34.369909,0 -92.17848499999999,34.372597,0 -92.17899800000001,34.37468,0 -92.179063,34.374946,0 -92.180914,34.382324,0 -92.18093399999999,34.382396,0 -92.181321,34.383761,0 -92.18139499999999,34.38406,0 -92.18149,34.384463,0 -92.181493,34.384475,0 -92.181712,34.385452,0 -92.1820463,34.3867226,0 -92.18217509999998,34.3872467,0 -92.18258400000001,34.388759,0 -92.18284,34.389625,0 -92.18308300000001,34.3906959999999,0 -92.183943,34.394132,0 -92.183955,34.394181,0 -92.18444099999999,34.396048,0 -92.185377,34.399719,0 -92.18675,34.405106,0 -92.18681100000001,34.40534,0 -92.18772300000001,34.408844,0 -92.18797599999999,34.40987,0 -92.18982,34.417076,0 -92.190569,34.420096,0 -92.19060499999999,34.420242,0 -92.19135799999999,34.423062,0 -92.19142299999999,34.42326,0 -92.19211900000001,34.42538,0 -92.192211,34.425659,0 -92.19277599999999,34.427241,0 -92.193529,34.429508,0 -92.193821,34.430409,0 -92.193933,34.430754,0 -92.193946,34.430793,0 -92.19395799999998,34.430831,0 -92.19443699999999,34.432049,0 -92.19501399999999,34.43393,0 -92.19556300000001,34.435358,0 -92.196034,34.436832,0 -92.19697999999998,34.439652,0 -92.19719600000002,34.440292,0 -92.19765899999999,34.441719,0 -92.19797800000001,34.44257,0 -92.19816499999999,34.443003,0 -92.19892600000001,34.445397,0 -92.199293,34.446491,0 -92.19982299999998,34.44807,0 -92.199969,34.448499,0 -92.200982,34.451479,0 -92.20190699999999,34.454152,0 -92.20289499999998,34.457074,0 -92.2039268,34.4602167,0 -92.204459,34.461809,0 -92.20496540000001,34.4631607,0 -92.20582370000001,34.4650572,0 -92.206836,34.467155,0 -92.2071455,34.4678382,0 -92.2076261,34.4688713,0 -92.20779779999999,34.4693171,0 -92.2080124,34.4699257,0 -92.20812389999999,34.4703431,0 -92.20826129999999,34.4709305,0 -92.20832130000001,34.4715248,0 -92.2083471,34.4722537000001,0 -92.20833849999998,34.4728905,0 -92.20832130000001,34.4736476,0 -92.2082355,34.475084,0 -92.2082183,34.4755863,0 -92.20815829999998,34.4768458,0 -92.20814110000001,34.4776453,0 -92.2082269,34.4790533,0 -92.2084145,34.481339,0 -92.20844150000002,34.4818339,0 -92.2084758,34.482605,0 -92.20861319999999,34.4846285,0 -92.2086534,34.4853003,0 -92.20868179999999,34.4857746,0 -92.20869039999998,34.488562,0 -92.20869039999998,34.4890855,0 -92.20869140000001,34.4921766,0 -92.20874190000001,34.4927075000001,0 -92.20882599999999,34.493091,0 -92.2089,34.493341,0 -92.20898900000002,34.493587,0 -92.209147,34.493939,0 -92.209326,34.494283,0 -92.20946099999999,34.494497,0 -92.209608,34.494705,0 -92.210088,34.495326,0 -92.21094800000002,34.496416,0 -92.21149599999998,34.497099,0 -92.21307100000001,34.499079,0 -92.21388500000002,34.500112,0 -92.214192,34.500487,0 -92.21498200000001,34.50149,0 -92.21629900000001,34.503146,0 -92.216444,34.503315,0 -92.2168357,34.5038061,0 -92.21710179999998,34.5041315,0 -92.21848799999999,34.505852,0 -92.218912,34.506391,0 -92.21932700000001,34.506937,0 -92.22157100000001,34.509758,0 -92.222217,34.510577,0 -92.222638,34.511103,0 -92.22397399999998,34.512782,0 -92.22451499999998,34.513472,0 -92.226247,34.515654,0 -92.22918199999998,34.519328,0 -92.22950400000001,34.5197300000001,0 -92.22997100000001,34.520307,0 -92.23041499999998,34.520868,0 -92.231948,34.522777,0 -92.23359600000002,34.524843,0 -92.23410299999999,34.52547,0 -92.235072,34.526684,0 -92.235629,34.52737,0 -92.237866,34.530169,0 -92.238221,34.530598,0 -92.23853689999999,34.5309789,0 -92.23894799999999,34.531517,0 -92.239431,34.53211,0 -92.240303,34.533213,0 -92.24069,34.533686,0 -92.24186899999999,34.535145,0 -92.24271400000001,34.536208,0 -92.243611,34.537325,0 -92.24444800000001,34.5383759999999,0 -92.24490299999999,34.538935,0 -92.2476747,34.5423886,0 -92.249872,34.5451176,0 -92.25085900000001,34.5463406,0 -92.2552965,34.551883,0 -92.2584808,34.5558699,0 -92.2587211,34.5561809,0 -92.2631071,34.5617227,0 -92.2644289,34.5633908,0 -92.26616300000002,34.565555,0 -92.26651369999999,34.5659912,0 -92.2668066,34.5664938,0 -92.26716070000001,34.5672139,0 -92.26743050000002,34.5678637,0 -92.2676354,34.5686394,0 -92.2677304,34.5693841,0 -92.2677607,34.5704609,0 -92.267977,34.579391,0 -92.2680395,34.5812949,0 -92.26805459999999,34.5819229,0 -92.268062,34.582067,0 -92.268062,34.582178,0 -92.268062,34.582685,0 -92.268083,34.583355,0 -92.268147,34.5859989999999,0 -92.26818,34.587177,0 -92.2682451,34.5889113,0 -92.26824200000001,34.589615,0 -92.26827,34.590838,0 -92.26834700000001,34.593665,0 -92.268373,34.594476,0 -92.26837700000002,34.595033,0 -92.26854799999998,34.600894,0 -92.268575,34.6017519999999,0 -92.26860099999999,34.602762,0 -92.26866,34.605023,0 -92.268674,34.605558,0 -92.268828,34.611002,0 -92.26884699999999,34.611665,0 -92.26886499999999,34.612452,0 -92.268891,34.613291,0 -92.268911,34.614179,0 -92.26896000000001,34.615764,0 -92.26911699999998,34.621382,0 -92.26919500000001,34.624098,0 -92.269221,34.6250840000001,0 -92.26927400000001,34.627069,0 -92.269279,34.627657,0 -92.269272,34.628185,0 -92.269267,34.628578,0 -92.269243,34.629108,0 -92.269212,34.629607,0 -92.269131,34.630492,0 -92.269031,34.63132,0 -92.268958,34.631795,0 -92.26880799999999,34.632643,0 -92.26872400000001,34.633058,0 -92.26864800000001,34.633385,0 -92.268581,34.633712,0 -92.268462,34.634208,0 -92.268382,34.634541,0 -92.26796900000001,34.636188,0 -92.26696699999999,34.640219,0 -92.265747,34.645109,0 -92.265687,34.645361,0 -92.26551900000001,34.646024,0 -92.265304,34.646918,0 -92.265027,34.648006,0 -92.26484499999999,34.648746,0 -92.26398399999999,34.652183,0 -92.263819,34.652841,0 -92.26306900000002,34.655854,0 -92.26278999999998,34.656982,0 -92.26271399999999,34.657338,0 -92.26265099999999,34.657695,0 -92.262592,34.658111,0 -92.262545,34.658528,0 -92.262511,34.658946,0 -92.262489,34.659389,0 -92.262485,34.659627,0 -92.26248200000001,34.659832,0 -92.26249099999998,34.660275,0 -92.262511,34.660666,0 -92.26254399999999,34.661056,0 -92.26258900000001,34.661444,0 -92.26267600000001,34.662004,0 -92.26278000000001,34.662561,0 -92.26297099999999,34.663333,0 -92.263625,34.665379,0 -92.26397299999999,34.666465,0 -92.26429,34.667415,0 -92.264589,34.668396,0 -92.265005,34.669687,0 -92.265224,34.670362,0 -92.265548,34.671364,0 -92.26584889999998,34.6723071,0 -92.2660221,34.6728503,0 -92.26681000000001,34.67532,0 -92.267242,34.676655,0 -92.26749699999999,34.677455,0 -92.267903,34.678727,0 -92.26807899999999,34.679262,0 -92.268829,34.681606,0 -92.268946,34.681992,0 -92.26907599999998,34.682473,0 -92.269193,34.682987,0 -92.269257,34.683315,0 -92.269316,34.68364,0 -92.26935900000001,34.683941,0 -92.269419,34.684472,0 -92.270398,34.696252,0 -92.27042299999999,34.6965569999999,0 -92.270448,34.696854,0 -92.27061670000001,34.698792,0 -92.27069109999999,34.6996799,0 -92.2707374,34.7003368,0 -92.27077370000001,34.7009804,0 -92.270816,34.702357,0 -92.27082399999999,34.702762,0 -92.27085359999998,34.7036242,0 -92.27090800000001,34.7057046,0 -92.27091179999999,34.7059229999999,0 -92.27091900000001,34.7062613,0 -92.270929,34.707082,0 -92.27096299999998,34.707755,0 -92.27098040000001,34.7085106,0 -92.270995,34.709144,0 -92.270988,34.70947,0 -92.27099399999999,34.709907,0 -92.2709955,34.7102745,0 -92.270962,34.710508,0 -92.2709763,34.7107025,0 -92.27094150000001,34.710979,0 -92.2708973,34.711225,0 -92.27079419999998,34.7115631,0 -92.2707679,34.7116818,0 -92.27066689999998,34.711961,0 -92.270397,34.712679,0 -92.27025499999999,34.713092,0 -92.270096,34.7136299,0 -92.26992199999998,34.71418,0 -92.269876,34.714377,0 -92.269848,34.714534,0 -92.26981600000001,34.714787,0 -92.26980499999999,34.714898,0 -92.2697872,34.7153177,0 -92.2695983,34.7184098,0 -92.26956900000002,34.718836,0 -92.2695306,34.7192131,0 -92.26946599999998,34.719542,0 -92.269395,34.719891,0 -92.26931999999999,34.7201260000001,0 -92.26916,34.720556,0 -92.26902199999999,34.720881,0 -92.26890599999999,34.721107,0 -92.26875799999999,34.721361,0 -92.26800600000001,34.722511,0 -92.267872,34.722704,0 -92.267517,34.723217,0 -92.2671982,34.7237091,0 -92.26689279999999,34.7241448,0 -92.266294,34.725028,0 -92.266092,34.7253480000001,0 -92.26589800000001,34.725665,0 -92.26569800000001,34.726009,0 -92.265524,34.726321,0 -92.265439,34.726481,0 -92.265332,34.72668,0 -92.265109,34.72712,0 -92.264886,34.727578,0 -92.26481,34.72777,0 -92.264172,34.729059,0 -92.2640304,34.7293476,0 -92.26383300000002,34.729697,0 -92.26352,34.730312,0 -92.2630789,34.7311825,0 -92.26293340000001,34.7315161,0 -92.26261700000001,34.732136,0 -92.26235199999999,34.732685,0 -92.2622531,34.7329299,0 -92.2621686,34.7331616,0 -92.26206550000002,34.7334512,0 -92.2619736,34.7337298,0 -92.26180380000001,34.7343596999999,0 -92.26174519999999,34.7347786,0 -92.261715,34.7350082,0 -92.26170919999998,34.7352984,0 -92.26168920000002,34.7355746,0 -92.26169800000001,34.7360846,0 -92.2617017,34.73629,0 -92.2617178,34.7364936,0 -92.2617777,34.7369888,0 -92.2618822,34.7374716,0 -92.2619571,34.7377401,0 -92.262061,34.7380987,0 -92.2622976,34.7389551,0 -92.2623317,34.7390653,0 -92.26251999999999,34.7397702,0 -92.26277650000002,34.7404904,0 -92.26280269999999,34.7406122,0 -92.2629075,34.741077,0 -92.26300329999999,34.7417659,0 -92.2630198,34.7422261,0 -92.2630218,34.7426505,0 -92.2629448,34.7435928,0 -92.2629268,34.7438271,0 -92.2628382,34.745725,0 -92.2628232,34.74605,0 -92.2627689,34.7466589,0 -92.2627245,34.7472664,0 -92.2625985,34.7480864,0 -92.26253560000001,34.7490171,0 -92.26247019999998,34.7503448,0 -92.2624481,34.7511508,0 -92.262422,34.7522091,0 -92.26239390000001,34.7532641,0 -92.2623742,34.7537648,0 -92.26236450000002,34.7540975,0 -92.26238939999999,34.7556876,0 -92.2623755,34.7563430000001,0 -92.2623919,34.7576281,0 -92.26229240000001,34.7597714,0 -92.2622787,34.7601196,0 -92.262216,34.7617389,0 -92.26220980000001,34.7620851,0 -92.26219849999998,34.7624155,0 -92.26213370000001,34.7634911,0 -92.26210210000001,34.7644856,0 -92.26210219999999,34.7653145,0 -92.26204730000001,34.765799,0 -92.2620325,34.7662029,0 -92.2619701,34.7680452,0 -92.26195610000002,34.7683905,0 -92.26192399999999,34.7697110000001,0 -92.2619,34.770307,0 -92.26187399999999,34.771175,0 -92.26184370000001,34.7718820000001,0 -92.2618188,34.7721978,0 -92.26180500000001,34.772696,0 -92.26179,34.773149,0 -92.261779,34.773468,0 -92.26178899999999,34.77405,0 -92.261706,34.775648,0 -92.261706,34.775915,0 -92.261726,34.776233,0 -92.26173799999999,34.776322,0 -92.26177099999998,34.776492,0 -92.261807,34.776644,0 -92.26184299999998,34.776798,0 -92.26192500000001,34.777067,0 -92.262049,34.777382,0 -92.26220600000001,34.777702,0 -92.26232299999999,34.777907,0 -92.26244800000001,34.778099,0 -92.262671,34.778398,0 -92.26291800000001,34.778687,0 -92.263229,34.77901,0 -92.263347,34.779104,0 -92.26348399999999,34.779213,0 -92.26367999999998,34.779352,0 -92.26399000000002,34.779563,0 -92.264325,34.77977,0 -92.26482,34.780057,0 -92.265081,34.780198,0 -92.26522199999999,34.780275,0 -92.265451,34.780393,0 -92.26562899999999,34.780484,0 -92.26640500000002,34.78084,0 -92.26680200000001,34.780997,0 -92.267127,34.781131,0 -92.26758700000001,34.781278,0 -92.26792199999998,34.781371,0 -92.26834299999999,34.781472,0 -92.26869800000001,34.7815449999999,0 -92.26916300000002,34.781616,0 -92.272335,34.782202,0 -92.27300200000001,34.782403,0 -92.27333099999998,34.782518,0 -92.27351599999999,34.78259,0 -92.27377399999999,34.782702,0 -92.274047,34.782835,0 -92.274325,34.782985,0 -92.274489,34.783084,0 -92.274722,34.783234,0 -92.27496499999999,34.783407,0 -92.27607,34.784249,0 -92.27660399999999,34.784639,0 -92.27697020000001,34.7848891,0 -92.27742800000001,34.785149,0 -92.277717,34.785304,0 -92.277967,34.785419,0 -92.278423,34.785627,0 -92.27880899999998,34.785783,0 -92.279228,34.785926,0 -92.27970380000001,34.7860668,0 -92.28026490000001,34.78621,0 -92.280501,34.7862575,0 -92.28075849999999,34.7863069,0 -92.2809645,34.7863351,0 -92.28118499999999,34.786357,0 -92.281465,34.786396,0 -92.281836,34.786432,0 -92.282207,34.786455,0 -92.282791,34.786473,0 -92.283235,34.786481,0 -92.28438400000002,34.786502,0 -92.28748859999999,34.7865855,0 -92.28818579999998,34.786597,0 -92.289041,34.786611,0 -92.289421,34.7866226,0 -92.28988,34.786664,0 -92.2904563,34.786741,0 -92.29087730000001,34.78682,0 -92.291157,34.7868786,0 -92.29126960000001,34.7869066000001,0 -92.29151160000001,34.7869762,0 -92.29171700000002,34.7870372,0 -92.2920426,34.7871474000001,0 -92.292238,34.7872024,0 -92.2923196,34.7872312,0 -92.2926406,34.7873624,0 -92.29296959999999,34.7875106,0 -92.2932716,34.7876574,0 -92.29353320000001,34.7878016,0 -92.2938426,34.7879796,0 -92.29420489999998,34.7882168,0 -92.29444959999999,34.7883822,0 -92.2946582,34.788544,0 -92.2948873,34.7887304,0 -92.2951382,34.788957,0 -92.2953205,34.789136,0 -92.29541620000001,34.7892307999999,0 -92.29551600000002,34.7893336,0 -92.2958282,34.7896906,0 -92.29613420000001,34.7900884,0 -92.29722400000001,34.791545,0 -92.297704,34.792199,0 -92.298417,34.793142,0 -92.29945640000001,34.7945948,0 -92.2996624,34.7948908,0 -92.299877,34.7951868,0 -92.30028900000001,34.7956379,0 -92.3007868,34.7961242,0 -92.3014305,34.7966035,0 -92.3018254,34.7968855,0 -92.30249480000001,34.7972661000001,0 -92.3029669,34.7975128,0 -92.30395399999999,34.7979356,0 -92.30569629999999,34.7986616,0 -92.30732709999999,34.7993241,0 -92.3078335,34.7995638,0 -92.308606,34.799895,0 -92.30918099999998,34.800184,0 -92.30996210000001,34.8005857,0 -92.3109406,34.8011848,0 -92.3114298,34.801516,0 -92.31231390000001,34.8021574,0 -92.3130692,34.8027987,0 -92.31372149999999,34.8034048,0 -92.31460549999998,34.8043774,0 -92.3153008,34.8052372,0 -92.31585010000001,34.8060054,0 -92.318494,34.809588,0 -92.31864899999999,34.809805,0 -92.31869399999998,34.809868,0 -92.318735,34.809919,0 -92.31932,34.810645,0 -92.319821,34.811184,0 -92.320402,34.81175,0 -92.32117099999999,34.812401,0 -92.32191400000001,34.812956,0 -92.32234699999999,34.81324,0 -92.322654,34.813442,0 -92.323026,34.813667,0 -92.32392400000001,34.814136,0 -92.324428,34.814381,0 -92.325069,34.814649,0 -92.325661,34.814905,0 -92.32634100000001,34.815206,0 -92.326965,34.81547,0 -92.327529,34.815725,0 -92.328169,34.816001,0 -92.32855600000001,34.816168,0 -92.33013800000001,34.81686,0 -92.33153000000001,34.817469,0 -92.33233799999999,34.817812,0 -92.33323900000001,34.818202,0 -92.33394799999999,34.81853,0 -92.33662099999999,34.819707,0 -92.3383,34.820438,0 -92.339305,34.820879,0 -92.339748,34.821065,0 -92.340022,34.821181,0 -92.341397,34.82179,0 -92.34178200000001,34.821968,0 -92.34211899999998,34.822143,0 -92.34244599999998,34.822331,0 -92.342865,34.822599,0 -92.343073,34.82275,0 -92.343374,34.822987,0 -92.343754,34.82332,0 -92.344022,34.823582,0 -92.34428500000001,34.823871,0 -92.34453000000002,34.824171,0 -92.3446782,34.8243778000001,0 -92.34486870000001,34.8246711,0 -92.34498809999999,34.8248622,0 -92.3450544,34.8249755,0 -92.3451407,34.825134,0 -92.34519450000001,34.8252404,0 -92.34529670000001,34.8254564,0 -92.34537210000001,34.8256255,0 -92.3454292,34.8257618,0 -92.34551089999999,34.8259799,0 -92.34561290000001,34.8262711999999,0 -92.3457543,34.826695,0 -92.34584340000001,34.8270249,0 -92.34606309999998,34.8278222,0 -92.3462007,34.8283218,0 -92.3464565,34.8292897,0 -92.34663509999999,34.8299525,0 -92.34738059999998,34.8327076,0 -92.3477578,34.8341127,0 -92.3478166,34.8343373,0 -92.34785989999999,34.8345064,0 -92.34806930000002,34.8353087,0 -92.3481683,34.8356567,0 -92.3484971,34.8369156,0 -92.34868689999999,34.8376171,0 -92.3489553,34.8386123,0 -92.3490357,34.8389129,0 -92.3491389,34.8393182,0 -92.3492289,34.8397108,0 -92.3494005,34.8404877,0 -92.34953869999998,34.8412419,0 -92.34965149999999,34.8419895,0 -92.34974800000001,34.842748,0 -92.3497837,34.8430607,0 -92.3498566,34.8436889,0 -92.3499314,34.8443304,0 -92.3502209,34.8469408,0 -92.3502991,34.847538,0 -92.350752,34.851394,0 -92.3508413,34.8522103,0 -92.35094100000001,34.8531884,0 -92.351079,34.854456,0 -92.35111329999999,34.8547617,0 -92.351181,34.8553325,0 -92.351322,34.8565886,0 -92.35137600000002,34.85696,0 -92.3514119,34.8572086,0 -92.35144369999999,34.8573939,0 -92.35147940000002,34.8575832,0 -92.35150280000001,34.8576977,0 -92.3515439,34.8578656,0 -92.3516039,34.8580873,0 -92.3516674,34.858292,0 -92.3517408,34.8585151,0 -92.35181559999999,34.8587217,0 -92.3518833,34.8588991,0 -92.3519593,34.8590734,0 -92.35206030000002,34.8592985,0 -92.35216509999999,34.8595067,0 -92.3522696,34.8597038,0 -92.3523529,34.8598553,0 -92.35242359999999,34.859976,0 -92.3525241,34.8601425,0 -92.3525996,34.8602575,0 -92.35280399999999,34.8605593,0 -92.35294309999999,34.8607503,0 -92.3531127,34.8609744,0 -92.3532524,34.8611513,0 -92.3535009,34.8614384,0 -92.35374640000002,34.8616916,0 -92.35403279999998,34.8619752,0 -92.3543049,34.8622197,0 -92.3545924,34.8624584,0 -92.3549246,34.8627164,0 -92.3554183,34.8630649,0 -92.356438,34.863768,0 -92.35682699999998,34.864022,0 -92.35764500000001,34.86458,0 -92.36220899999999,34.867715,0 -92.365121,34.869726,0 -92.36550699999999,34.8700079999999,0 -92.366051,34.870422,0 -92.36659099999999,34.8708550000001,0 -92.36678299999998,34.871021,0 -92.36696999999999,34.87119,0 -92.36733700000001,34.871534,0 -92.36769,34.871887,0 -92.368161,34.8723859999999,0 -92.36820700000001,34.872437,0 -92.36841499999998,34.8726660000001,0 -92.36877900000002,34.873096,0 -92.36912199999999,34.873538,0 -92.3706863,34.8757212,0 -92.37150800000001,34.876768,0 -92.37201899999998,34.877412,0 -92.37263,34.878135,0 -92.373419,34.879012,0 -92.374247,34.87986,0 -92.375181,34.880793,0 -92.375271,34.880882,0 -92.376313,34.881905,0 -92.377619,34.883169,0 -92.378291,34.883864,0 -92.37899000000002,34.884553,0 -92.37929599999998,34.884848,0 -92.38152800000002,34.887058,0 -92.38172299999999,34.887239,0 -92.38192499999998,34.887415,0 -92.38224,34.88767,0 -92.382458,34.887832,0 -92.38279599999998,34.888065,0 -92.38290499999999,34.888138,0 -92.383083,34.888249,0 -92.38324,34.888346,0 -92.38358500000001,34.888542,0 -92.383942,34.888725,0 -92.384316,34.888897,0 -92.384702,34.889057,0 -92.38512599999999,34.889213,0 -92.38540399999999,34.889304,0 -92.38582699999999,34.889427,0 -92.386112,34.8895,0 -92.38704399999999,34.889715,0 -92.391194,34.890658,0 -92.39124,34.890668,0 -92.39310700000001,34.891099,0 -92.394031,34.891307,0 -92.394218,34.891349,0 -92.39492499999999,34.891516,0 -92.39542899999999,34.891666,0 -92.39578600000002,34.891785,0 -92.39610700000001,34.891903,0 -92.39642199999999,34.892032,0 -92.39666200000001,34.892142,0 -92.39706700000001,34.892344,0 -92.39743900000001,34.892544,0 -92.39775299999999,34.89273,0 -92.397955,34.892861,0 -92.39826499999998,34.893078,0 -92.398568,34.893302,0 -92.39890200000002,34.893577,0 -92.39922,34.893865,0 -92.399479,34.894126,0 -92.39972699999998,34.894394,0 -92.399959,34.894666,0 -92.400173,34.8949479999999,0 -92.400481,34.895401,0 -92.40064099999999,34.895668,0 -92.40083300000002,34.896028,0 -92.400959,34.8963,0 -92.401072,34.896576,0 -92.40118600000001,34.896886,0 -92.40128300000002,34.8972,0 -92.40181699999999,34.899347,0 -92.40190299999999,34.899711,0 -92.40209,34.900456,0 -92.40222,34.900999,0 -92.402322,34.9014,0 -92.40234100000001,34.901475,0 -92.40243700000002,34.901885,0 -92.402649,34.902735,0 -92.40392900000001,34.90795,0 -92.404143,34.908807,0 -92.404301,34.9094629999999,0 -92.405203,34.913111,0 -92.406266,34.917467,0 -92.40652,34.918478,0 -92.40701900000002,34.920526,0 -92.40740000000001,34.922043,0 -92.40753100000001,34.922495,0 -92.40767700000001,34.922939,0 -92.407791,34.923236,0 -92.40788000000001,34.923467,0 -92.40808,34.923939,0 -92.408207,34.924234,0 -92.408405,34.924634,0 -92.408587,34.924989,0 -92.408789,34.92533,0 -92.408993,34.925692,0 -92.409172,34.925991,0 -92.40936600000001,34.926287,0 -92.409605,34.926622,0 -92.40992200000001,34.927048,0 -92.41027099999999,34.9274869999999,0 -92.41053599999998,34.927804,0 -92.41082,34.928117,0 -92.41107700000001,34.928392,0 -92.41133099999999,34.928652,0 -92.41217899999999,34.929455,0 -92.41295300000002,34.930174,0 -92.413819,34.930977,0 -92.41419,34.931331,0 -92.414503,34.931618,0 -92.4161654,34.9331896,0 -92.41742139999999,34.9343701,0 -92.41831689999999,34.935236,0 -92.4188451,34.9357773,0 -92.41935130000002,34.9363529,0 -92.41970139999999,34.9367819,0 -92.41999250000001,34.9371631,0 -92.4203831,34.9377032,0 -92.42080129999999,34.9383669,0 -92.42118300000001,34.9390351,0 -92.42129579999998,34.9392495,0 -92.42139639999999,34.9394471,0 -92.42181310000001,34.9403596,0 -92.42206059999999,34.9409966,0 -92.42222689999998,34.9414789,0 -92.42247299999998,34.9424094,0 -92.42259189999999,34.9430344,0 -92.4226886,34.9436523,0 -92.42276699999999,34.9443664,0 -92.4227913,34.9447514,0 -92.4228019,34.9454197,0 -92.42279159999998,34.9460796,0 -92.4227152,34.9484409,0 -92.4226007,34.9514609,0 -92.422472,34.9559914,0 -92.42247759999999,34.9577325,0 -92.4223003,34.9594242,0 -92.42209429999998,34.9607466,0 -92.42182819999999,34.9623223,0 -92.42122740000001,34.9645309,0 -92.4211244,34.9649108,0 -92.42110289999999,34.96499,0 -92.42093560000001,34.9656071,0 -92.42049830000001,34.9668977,0 -92.4197082,34.9691943,0 -92.41899580000002,34.9712199,0 -92.4184293,34.9729008,0 -92.4181804,34.9736675,0 -92.41794340000001,34.9746531,0 -92.4175625,34.9761149,0 -92.41733930000001,34.9773246,0 -92.4171934,34.9785483,0 -92.41703029999999,34.9800744,0 -92.4169187,34.9818325,0 -92.41678999999999,34.9834429,0 -92.41665270000001,34.9856369,0 -92.41653249999999,34.9868675,0 -92.41642950000001,34.9877676,0 -92.4162836,34.9886606,0 -92.4160347,34.9898771,0 -92.41577719999999,34.990953,0 -92.4155312,34.9917745,0 -92.4154424,34.992071,0 -92.41479870000001,34.9944265,0 -92.41414640000001,34.9962968,0 -92.41350269999998,34.997921,0 -92.4130802,34.9990947,0 -92.4128675,34.9996858,0 -92.41209499999999,35.0017247,0 -92.41160580000002,35.0031449,0 -92.41127969999999,35.0041854,0 -92.411005,35.0053595,0 -92.4106445,35.0070187,0 -92.41048140000001,35.0083544,0 -92.4103527,35.0098377,0 -92.41032690000002,35.0112648,0 -92.4103217,35.0126697,0 -92.4103183,35.0135706,0 -92.41029260000001,35.0166564999999,0 -92.41015400000002,35.0190272,0 -92.41012950000001,35.0194472,0 -92.40999219999999,35.0211833,0 -92.40981189999998,35.0224626,0 -92.4096043,35.0238224,0 -92.40949700000002,35.0245868,0 -92.4091425,35.0268415,0 -92.40897079999999,35.0283034,0 -92.40891070000001,35.0291678999999,0 -92.4089365,35.0303416,0 -92.40918540000001,35.0323095000001,0 -92.409503,35.0333848,0 -92.41000939999999,35.0350293,0 -92.41127109999999,35.0393092,0 -92.4123783,35.0431953,0 -92.4133568,35.0464979,0 -92.4140606,35.0489292,0 -92.41436069999999,35.0498941999999,0 -92.41449559999998,35.0503541,0 -92.4151334,35.0525338,0 -92.41581150000002,35.0548805,0 -92.4166269,35.0576839,0 -92.41741159999999,35.060229,0 -92.41772779999999,35.0614311,0 -92.4178836,35.0622129,0 -92.4180132,35.0630728,0 -92.4181012,35.0639518,0 -92.41812280000001,35.0643571,0 -92.41814899999999,35.0652765,0 -92.41809680000001,35.066594,0 -92.4180228,35.0673593,0 -92.41789319999999,35.0681599,0 -92.41772040000001,35.0690716,0 -92.417546,35.0697383,0 -92.4172884,35.0706449,0 -92.4169788,35.0714816,0 -92.4166944,35.0721905,0 -92.4163472,35.0729418,0 -92.4159935,35.0736448,0 -92.41455550000001,35.0764157,0 -92.41418830000001,35.0771745,0 -92.41395999999999,35.0778197,0 -92.4138458,35.0782869,0 -92.4137393,35.0788626,0 -92.4136869,35.0794447,0 -92.4136869,35.0799813,0 -92.41372699999999,35.0804711,0 -92.41382569999999,35.0810746,0 -92.41401279999998,35.0818719,0 -92.4144419,35.0828341,0 -92.41490539999999,35.0836138,0 -92.415223,35.0840211,0 -92.4157208,35.084576,0 -92.41626150000002,35.0851098,0 -92.4172143,35.0860439,0 -92.41795240000002,35.0867533,0 -92.418845,35.0876312,0 -92.4195574,35.0883616,0 -92.4205102,35.0892817000001,0 -92.4215573,35.0903211,0 -92.422269,35.0910882,0 -92.42333160000001,35.0921251999999,0 -92.4245614,35.0932496,0 -92.42594320000001,35.0946191,0 -92.4263917,35.0950625,0 -92.4271792,35.095841,0 -92.4290846,35.097709,0 -92.42986569999999,35.0984604,0 -92.43058670000002,35.0991907,0 -92.43093860000002,35.0995559,0 -92.43123900000001,35.099921,0 -92.4316596,35.100539,0 -92.4319943,35.1011008,0 -92.43225179999999,35.1016696,0 -92.432475,35.1022384,0 -92.43264660000001,35.1029757,0 -92.4327153,35.1035515,0 -92.43274959999999,35.1040992,0 -92.43268089999999,35.1064936,0 -92.4326552,35.1073011,0 -92.43266379999999,35.1078206999999,0 -92.4327839,35.1084737,0 -92.4328871,35.1087603,0 -92.4329209,35.1088462,0 -92.43295459999999,35.1089268,0 -92.43304019999999,35.1091015,0 -92.4331844,35.109281,0 -92.4332591,35.1094041,0 -92.4334006,35.1096265,0 -92.4334806,35.1097273,0 -92.43367209999998,35.1099931,0 -92.4337623,35.1100789,0 -92.4338557,35.1101646,0 -92.43395809999998,35.1102502,0 -92.4340665,35.1103334,0 -92.4341756,35.1104089,0 -92.43427610000001,35.1104724,0 -92.43438030000002,35.1105341999999,0 -92.43446169999999,35.1105778,0 -92.4345409,35.1106165,0 -92.4346208,35.11065,0 -92.43474070000002,35.1106997,0 -92.4348658,35.1107483,0 -92.43500589999999,35.1107968,0 -92.43517220000001,35.1108427,0 -92.43535950000002,35.1108916,0 -92.435704,35.1109699,0 -92.4358111,35.1110064,0 -92.435875,35.1110365,0 -92.43593490000001,35.1110779,0 -92.4359613,35.1111,0 -92.4359821,35.1111192,0 -92.43600210000001,35.1111417,0 -92.43601929999998,35.1111651,0 -92.4360369,35.1111963,0 -92.4360532,35.1112277,0 -92.43606689999999,35.1112591,0 -92.43607919999999,35.1112915,0 -92.4361124,35.1114475,0 -92.4361382,35.111569,0 -92.43612899999999,35.1116151,0 -92.4361179,35.1116501,0 -92.43610750000002,35.1116781,0 -92.4360904,35.1117075,0 -92.4360703,35.1117436,0 -92.4360475,35.111771,0 -92.436016,35.1118102,0 -92.43597819999998,35.1118439,0 -92.4358931,35.1118919,0 -92.43547660000002,35.1119289000001,0 -92.4339538,35.1120948,0 -92.43368340000001,35.1121243,0 -92.43308550000002,35.1121895,0 -92.4326006,35.112181,0 -92.43251230000001,35.1121891,0 -92.43234289999999,35.1122045,0 -92.4320798,35.1122285,0 -92.43191539999999,35.1122435,0 -92.4317653,35.1122572,0 -92.43134280000001,35.1122958,0 -92.4313063,35.1122999,0 -92.43008840000002,35.1124128,0 -92.4297962,35.1124417,0 -92.4296569,35.112454,0 -92.42936520000001,35.1125005000001,0 -92.42849080000001,35.1126142,0 -92.4280079,35.1126756,0 -92.4278467,35.1127012,0 -92.42766809999999,35.1127245,0 -92.42735690000001,35.1127672,0 -92.4264829,35.1128744,0 -92.4244571,35.1131054,0 -92.42434,35.1131197,0 -92.4220401,35.1133792,0 -92.42120420000001,35.1134483,0 -92.4194634,35.1135579,0 -92.41812410000001,35.1136908,0 -92.41710310000001,35.1138147,0 -92.41655460000001,35.1138706,0 -92.41602760000001,35.1139529,0 -92.4152952,35.1141658,0 -92.4147428,35.1144114,0 -92.41423589999999,35.1147142,0 -92.4129215,35.1156972,0 -92.4120959,35.1163318,0 -92.4120145,35.116395,0 -92.4114168,35.1168556,0 -92.4100651,35.1179126,0 -92.40964390000002,35.1182266,0 -92.40893150000001,35.1187554,0 -92.4087344,35.1189083,0 -92.40819009999998,35.1193304,0 -92.40791830000001,35.1195318,0 -92.4075891,35.1197756,0 -92.4075151,35.1198305,0 -92.4072539,35.120024,0 -92.4070529,35.1201729,0 -92.4070174,35.1202022,0 -92.40635010000001,35.120752,0 -92.4059937,35.121026,0 -92.4057833,35.1211878,0 -92.40558250000001,35.1213422,0 -92.40486989999999,35.1218901,0 -92.4041132,35.122472,0 -92.4033568,35.1230249,0 -92.40282570000001,35.1234724,0 -92.40203889999999,35.1243051000001,0 -92.4017358,35.1246912,0 -92.40149979999998,35.1250158,0 -92.4011466,35.125596,0 -92.4008462,35.1263331,0 -92.40065749999999,35.1268235,0 -92.40050470000001,35.1273917,0 -92.40043220000001,35.1278545,0 -92.40037049999999,35.1283964,0 -92.4003634,35.1288515,0 -92.4003684,35.1289714,0 -92.4003776,35.1291893,0 -92.4003903,35.129492,0 -92.4004814,35.1301282,0 -92.4006869,35.1311739,0 -92.40086770000001,35.1320937,0 -92.40098029999999,35.1327766,0 -92.4010236,35.133039,0 -92.4010577,35.1332458,0 -92.40109769999999,35.1334881,0 -92.4012555,35.1344448,0 -92.40147519999999,35.1356358,0 -92.4014835,35.1356881,0 -92.4015644,35.1362004,0 -92.401945,35.1386556,0 -92.40206449999999,35.1395640999999,0 -92.4021113,35.1401866,0 -92.40212200000001,35.1407261,0 -92.40209520000001,35.1413271,0 -92.4020431,35.1418759,0 -92.40198210000001,35.1423327,0 -92.4019787,35.1423585,0 -92.40162460000001,35.1444947,0 -92.4011983,35.1472698,0 -92.39976559999998,35.1565959,0 -92.39966750000001,35.1572344,0 -92.3994962,35.1583487,0 -92.39922700000001,35.1599009,0 -92.39901430000002,35.1609139,0 -92.3989825,35.1610626,0 -92.39892159999999,35.1614288,0 -92.39891189999999,35.1614869,0 -92.39879130000001,35.1620141,0 -92.398742,35.1621843,0 -92.39867950000001,35.1624003,0 -92.3986673,35.1624405,0 -92.3985232,35.1629164999999,0 -92.39843140000001,35.1632063,0 -92.39838639999999,35.1633483,0 -92.3978084,35.1651725,0 -92.39745550000002,35.1662983,0 -92.3971483,35.1672836,0 -92.3962046,35.17031,0 -92.39549880000001,35.172508,0 -92.3954166,35.172804,0 -92.3952888,35.1732645000001,0 -92.3951816,35.1736427,0 -92.39509200000001,35.1740907,0 -92.3950789,35.1741564,0 -92.39490809999999,35.175051,0 -92.39489120000002,35.1751393,0 -92.3948546,35.1753410000001,0 -92.39462020000002,35.1766321,0 -92.3945633,35.1769456,0 -92.39444770000001,35.1775822999999,0 -92.39427240000001,35.1785484,0 -92.3941404,35.1792751,0 -92.39413620000002,35.1792984,0 -92.3940365,35.1798411,0 -92.3938785,35.1807011,0 -92.39384720000001,35.1808715,0 -92.39382450000001,35.1809947,0 -92.3937442,35.1814313,0 -92.39371079999999,35.1816128,0 -92.3936939,35.1817046,0 -92.3936346,35.1820274,0 -92.39358799999999,35.1822812,0 -92.39358,35.1823247,0 -92.3935559,35.182456,0 -92.3934933,35.1827971,0 -92.3934795,35.1828723,0 -92.39339150000001,35.1833585,0 -92.39332580000001,35.1837215,0 -92.39329179999999,35.1839093,0 -92.3932214,35.1842976,0 -92.39318260000002,35.1845122,0 -92.39311739999999,35.184872,0 -92.39305950000002,35.1851919,0 -92.39299110000002,35.1855630000001,0 -92.3929344,35.1858709,0 -92.39256810000001,35.1878591,0 -92.392385,35.1888366,0 -92.39225439999998,35.1895818,0 -92.39214440000001,35.1902096,0 -92.3920991,35.1904678,0 -92.39200990000001,35.1909769,0 -92.391974,35.1911817,0 -92.3918999,35.1915775,0 -92.39185970000001,35.1917918,0 -92.3917983,35.1921199,0 -92.39171930000001,35.1925549,0 -92.3916608,35.1928771,0 -92.39161660000002,35.1931205,0 -92.39159810000001,35.1932248,0 -92.3915191,35.1936686000001,0 -92.3915169,35.1936809,0 -92.3914966,35.1937952,0 -92.3914824,35.193872,0 -92.39143269999998,35.1941402,0 -92.39137030000001,35.1944768,0 -92.3912522,35.1951146,0 -92.39123650000001,35.1951996,0 -92.39119319999999,35.1954334,0 -92.39117779999999,35.1955165,0 -92.3911512,35.1956604,0 -92.39110479999999,35.1959105,0 -92.39107020000002,35.1960976,0 -92.39070980000001,35.1980436,0 -92.39059709999999,35.1986385,0 -92.39055169999999,35.1988779,0 -92.39053450000002,35.1989737,0 -92.39022730000001,35.2006838,0 -92.39021699999999,35.2007412,0 -92.39002410000001,35.2018114,0 -92.3899918,35.2019904,0 -92.3898758,35.2026339000001,0 -92.38961720000002,35.2039859,0 -92.38941269999999,35.2050944,0 -92.38935320000002,35.2054171,0 -92.3891106,35.206732,0 -92.388964,35.2075629,0 -92.3886466,35.2092045,0 -92.38856079999999,35.2098619,0 -92.3885176,35.21061,0 -92.38850349999998,35.2110059,0 -92.3884809,35.2116376,0 -92.3884602,35.2121962,0 -92.38845689999999,35.2122499,0 -92.38843340000001,35.2126261,0 -92.388428,35.2130165,0 -92.3884255,35.2131948,0 -92.3884152,35.2139429,0 -92.3884039,35.2144278,0 -92.388366,35.2161806,0 -92.3883553,35.216824,0 -92.3883428,35.2177722,0 -92.3883422,35.2179213,0 -92.38834060000001,35.2180217,0 -92.38832930000001,35.2184427,0 -92.38830740000002,35.2192582,0 -92.388307,35.2192702,0 -92.38828290000001,35.2201976,0 -92.38827350000001,35.2205612,0 -92.38827310000001,35.2205784,0 -92.38826330000001,35.2209532,0 -92.3882607,35.2210545,0 -92.3882571,35.2211934,0 -92.3882547,35.2212721,0 -92.38824289999999,35.2216551,0 -92.3882411,35.2217145,0 -92.38822810000001,35.2220106,0 -92.38820520000002,35.2225344,0 -92.38818549999999,35.2235487,0 -92.3881755,35.2239604,0 -92.38817359999999,35.2240856,0 -92.38817239999999,35.224123,0 -92.38817119999999,35.224207,0 -92.388165,35.2244472,0 -92.3881591,35.2246085,0 -92.38815459999999,35.2248514,0 -92.388149,35.2250546,0 -92.3881452,35.2252713,0 -92.38813570000002,35.2255375,0 -92.38812849999999,35.2258588,0 -92.38812430000002,35.2262246,0 -92.38810719999999,35.2267594,0 -92.3881013,35.2270811,0 -92.38809430000001,35.2274032,0 -92.3880901,35.227642,0 -92.3880735,35.2280372,0 -92.38806660000002,35.2283142,0 -92.38806630000001,35.2284096,0 -92.38805880000001,35.2288699,0 -92.38805549999999,35.2289852,0 -92.38805309999999,35.2291208,0 -92.38805289999999,35.2291722,0 -92.38804940000001,35.2293415,0 -92.38803969999998,35.2296047,0 -92.38803350000001,35.22996,0 -92.3880253,35.2302192,0 -92.3880212,35.2303927,0 -92.38801299999999,35.2306313,0 -92.3880126,35.230678,0 -92.3880068,35.2310569,0 -92.38798130000001,35.2321063,0 -92.3879549,35.2328078,0 -92.3879496,35.2329466,0 -92.38793459999999,35.2333459,0 -92.387929,35.2334949,0 -92.38792189999999,35.2336823,0 -92.38791550000001,35.2338527,0 -92.3879077,35.23406,0 -92.38789600000001,35.2344898,0 -92.3878071,35.235785,0 -92.38780320000001,35.2358682,0 -92.3877523,35.2369502000001,0 -92.38772289999999,35.238016,0 -92.38770160000001,35.2387927,0 -92.38770089999998,35.2388164,0 -92.3876946,35.2390434,0 -92.3876897,35.23922,0 -92.38766680000001,35.2400471,0 -92.3876637,35.2401602,0 -92.38765820000002,35.2404462,0 -92.387649,35.2406889,0 -92.3876473,35.2407503,0 -92.38762610000002,35.2415171999999,0 -92.3876039,35.2420236,0 -92.38756069999999,35.2430061,0 -92.3875527,35.2434912,0 -92.38753730000001,35.2444332,0 -92.38753010000001,35.2455511,0 -92.38748810000001,35.2466791000001,0 -92.38748390000001,35.2476093,0 -92.387479,35.2481289,0 -92.38744290000001,35.2490235,0 -92.3874326,35.2495328,0 -92.38742630000002,35.2498429,0 -92.3874184,35.250092,0 -92.38741520000001,35.2503714,0 -92.38741369999998,35.2503962,0 -92.387423,35.250869,0 -92.38741709999999,35.2510584,0 -92.38741570000002,35.2511038,0 -92.3874127,35.2511995,0 -92.38740839999998,35.2513374,0 -92.38740439999999,35.2514662,0 -92.38740249999999,35.2515576,0 -92.38739120000001,35.2521047,0 -92.387373,35.2525835,0 -92.38736659999999,35.2527534,0 -92.38717870000001,35.2577074,0 -92.3871154,35.2592298,0 -92.38708909999998,35.2598469,0 -92.38706120000001,35.2605009,0 -92.38700000000001,35.2619354,0 -92.3869795,35.262388,0 -92.3869521,35.2630975,0 -92.386954,35.2632395,0 -92.3869612,35.2637703,0 -92.38696349999999,35.26384,0 -92.386971,35.2640625,0 -92.3869716,35.2640803,0 -92.38698429999999,35.2644566,0 -92.3870417,35.2661607,0 -92.3870613,35.2667444,0 -92.3872439,35.2721699,0 -92.3872679,35.2730288,0 -92.38737210000001,35.2767487,0 -92.387455,35.2791507,0 -92.3874612,35.2794692,0 -92.38746429999999,35.2796261,0 -92.3874778,35.2803163,0 -92.3874802,35.2804417,0 -92.3875233,35.2809,0 -92.3875424,35.2811038,0 -92.387643,35.2815888,0 -92.38767439999999,35.2817007,0 -92.38779080000002,35.2821156,0 -92.38790010000001,35.2823808,0 -92.38791800000001,35.2824241,0 -92.387967,35.2825295,0 -92.38806049999998,35.2827308,0 -92.3880836,35.2827806,0 -92.38812719999999,35.2828745,0 -92.38846190000001,35.2835482,0 -92.38890069999999,35.2841838,0 -92.38921160000001,35.284579,0 -92.38955249999999,35.2849269,0 -92.39002670000001,35.2853602,0 -92.3901709,35.2854871,0 -92.3904848,35.2857633,0 -92.390737,35.2859398,0 -92.3910781,35.2862016,0 -92.39178410000001,35.2866143,0 -92.39218270000001,35.2868277999999,0 -92.39488219999998,35.2882388,0 -92.39654090000001,35.2890857,0 -92.39835310000001,35.2900603,0 -92.39893669999999,35.2903742,0 -92.39989999999999,35.2908923,0 -92.40055880000001,35.2913794,0 -92.4011709,35.2919209,0 -92.4016651,35.2924297,0 -92.40215310000001,35.2930726,0 -92.4022581,35.2932204,0 -92.40238099999999,35.2934093,0 -92.4025443,35.2936871,0 -92.402593,35.2937699,0 -92.4027573,35.2941393,0 -92.4027665,35.2941601,0 -92.4028469,35.2943214,0 -92.40321489999999,35.2953097,0 -92.4033532,35.2959654,0 -92.40343300000001,35.2966515000001,0 -92.4035394,35.2975938,0 -92.4036215,35.2985454,0 -92.4037565,35.2995635,0 -92.40381480000001,35.3000033,0 -92.4040246,35.3015462,0 -92.4042108,35.3031664,0 -92.40432680000001,35.3049906,0 -92.40432199999998,35.3052031,0 -92.40430539999998,35.3059343,0 -92.4042108,35.3068254,0 -92.40402589999999,35.3084602,0 -92.40402589999999,35.3088917,0 -92.4040603,35.3092214,0 -92.40416690000001,35.3095996,0 -92.4043217,35.3099195,0 -92.4044231,35.3100898,0 -92.4044971,35.3102142,0 -92.40471719999999,35.3104948,0 -92.4047523,35.3105317,0 -92.4049442,35.3107334,0 -92.4052262,35.3109635,0 -92.4055563,35.3111908,0 -92.4061722,35.3115939,0 -92.40858610000001,35.3131466,0 -92.409184,35.313578,0 -92.40977169999999,35.3141491,0 -92.4102491,35.3147663,0 -92.4105656,35.3152346,0 -92.41079089999999,35.3156899,0 -92.4109304,35.3160357,0 -92.41112889999999,35.3165784,0 -92.41122009999999,35.3170468,0 -92.41128449999998,35.3175502,0 -92.41131660000001,35.3181455,0 -92.4114561,35.3200582,0 -92.4116653,35.3231527,0 -92.41168140000001,35.3239406,0 -92.41165460000002,35.3254681,0 -92.41163310000002,35.3271312,0 -92.41134879999998,35.3305143,0 -92.41069299999998,35.3378776,0 -92.41059780000001,35.3388904,0 -92.41042090000002,35.3412255,0 -92.410292,35.3429643,0 -92.4102867,35.3441108,0 -92.410292,35.3442464,0 -92.4103671,35.3452616,0 -92.4104852,35.3458741,0 -92.4109266,35.3475869,0 -92.41120050000001,35.3483299,0 -92.41170409999999,35.349429,0 -92.41213329999999,35.3503352,0 -92.4121696,35.3504143,0 -92.41232719999999,35.3507577,0 -92.41240109999998,35.3509128,0 -92.41277040000001,35.3517898,0 -92.41303859999999,35.3523542,0 -92.41337660000001,35.3532074,0 -92.4135053,35.3536886,0 -92.41367700000001,35.3542968,0 -92.4138057,35.3549706,0 -92.41385940000001,35.3555174,0 -92.41389159999999,35.3565106,0 -92.4138433,35.3569918,0 -92.41376820000001,35.3576525,0 -92.41346779999999,35.3587768,0 -92.412926,35.3608724,0 -92.4126565,35.3618964,0 -92.4124176,35.3626716,0 -92.4119412,35.3637022,0 -92.41160530000001,35.3643263,0 -92.41132199999998,35.3647298,0 -92.4109057,35.3652469,0 -92.41025190000001,35.3658891,0 -92.4087979,35.3671894,0 -92.40718699999999,35.368725,0 -92.40687699999999,35.36897,0 -92.40683399999999,35.3689952,0 -92.40671,35.369068,0 -92.4065128,35.3691762,0 -92.406493,35.369187,0 -92.405993,35.369431,0 -92.404258,35.370263,0 -92.40357300000001,35.3706,0 -92.40287799999999,35.370942,0 -92.40049999999999,35.372059,0 -92.39925800000002,35.372663,0 -92.398753,35.372887,0 -92.39823800000001,35.37314,0 -92.397051,35.373707,0 -92.396188,35.374127,0 -92.39559199999998,35.374421,0 -92.39534710000001,35.3745348,0 -92.394181,35.375077,0 -92.39350600000002,35.37541,0 -92.393325,35.375527,0 -92.393203,35.375606,0 -92.393021,35.375728,0 -92.39277800000001,35.375908,0 -92.39263599999998,35.376055,0 -92.392515,35.37617,0 -92.392433,35.376256,0 -92.39232199999999,35.376359,0 -92.39204599999999,35.376741,0 -92.39196200000002,35.376888,0 -92.39182100000001,35.377099,0 -92.39167300000001,35.377436,0 -92.391552,35.377756,0 -92.391446,35.378064,0 -92.391367,35.378313,0 -92.39119100000001,35.378817,0 -92.391068,35.379138,0 -92.39096000000001,35.379463,0 -92.390703,35.380171,0 -92.39024200000001,35.381416,0 -92.390197,35.381537,0 -92.39004100000001,35.382014,0 -92.38958100000002,35.383334,0 -92.3891,35.384674,0 -92.38896729999999,35.3850516,0 -92.38856800000001,35.386188,0 -92.388502,35.38642,0 -92.388454,35.386621,0 -92.388426,35.386763,0 -92.388414,35.38694,0 -92.388429,35.387319,0 -92.38844899999999,35.387667,0 -92.38846800000002,35.387791,0 -92.38852900000001,35.38803,0 -92.388749,35.3887080000001,0 -92.389185,35.390017,0 -92.38946799999999,35.39092,0 -92.389932,35.392403,0 -92.3902988,35.3934363,0 -92.3905194,35.393914,0 -92.39069050000001,35.3942846,0 -92.39108739999999,35.3951242,0 -92.3913374,35.3957021,0 -92.39162359999999,35.3964136,0 -92.3918779,35.3970099,0 -92.39214789999998,35.3975259,0 -92.39238040000001,35.3980122000001,0 -92.3926737,35.3986862,0 -92.3930233,35.3994981,0 -92.3931453,35.399909,0 -92.39320630000002,35.4001377,0 -92.39329600000001,35.400604,0 -92.39332269999998,35.4010178,0 -92.39330790000001,35.4012974999999,0 -92.39328759999998,35.4015328,0 -92.39324329999999,35.4018447,0 -92.39316159999998,35.4021723,0 -92.39302739999999,35.4025766,0 -92.3929217,35.4028185,0 -92.392775,35.403118,0 -92.39235200000002,35.403911,0 -92.39217499999999,35.404213,0 -92.39195000000001,35.404628,0 -92.391498,35.405488,0 -92.39146700000001,35.405547,0 -92.39133700000001,35.405794,0 -92.3912488,35.4059952,0 -92.39109500000001,35.406346,0 -92.39099899999999,35.406598,0 -92.390917,35.40684,0 -92.39086499999999,35.407009,0 -92.390816,35.407234,0 -92.390748,35.407542,0 -92.39068299999998,35.407942,0 -92.39064999999999,35.408288,0 -92.39061700000001,35.408821,0 -92.390615,35.40885,0 -92.39061100000001,35.409328,0 -92.3905913,35.4103897,0 -92.3905817,35.4109148,0 -92.39057699999999,35.411176,0 -92.39056909999999,35.4114602,0 -92.390567,35.411536,0 -92.390508,35.413625,0 -92.39048099999999,35.414571,0 -92.390405,35.416792,0 -92.39037500000001,35.41834,0 -92.390328,35.419498,0 -92.39030800000002,35.420809,0 -92.39031490000001,35.4211172,0 -92.390266,35.423367,0 -92.39018599999999,35.425533,0 -92.39013799999999,35.427789,0 -92.3901364,35.4278493,0 -92.39011300000001,35.428712,0 -92.39010500000001,35.4290009999999,0 -92.39009199999998,35.429494,0 -92.39007700000001,35.430045,0 -92.390046,35.4310815,0 -92.39001,35.432288,0 -92.38999100000001,35.433727,0 -92.3899763,35.4343759,0 -92.389951,35.435192,0 -92.389917,35.436068,0 -92.389855,35.438292,0 -92.38984540000001,35.4390038,0 -92.389769,35.440766,0 -92.38976700000002,35.441362,0 -92.3897731,35.4421438,0 -92.38977050000001,35.4426966,0 -92.3898107,35.4431096,0 -92.3898724,35.4435467,0 -92.38991259999999,35.4436953,0 -92.3899502,35.443881,0 -92.39001450000001,35.4440886,0 -92.3900735,35.4442525,0 -92.39011379999999,35.4444032,0 -92.3902077,35.4446261,0 -92.3902935,35.4448359,0 -92.3906614,35.4454848,0 -92.390744,35.445607,0 -92.39121179999999,35.4462305,0 -92.391913,35.447173,0 -92.392545,35.448074,0 -92.39278899999999,35.448397,0 -92.392955,35.448637,0 -92.39329900000001,35.449137,0 -92.393467,35.449363,0 -92.39349700000001,35.449417,0 -92.39358200000001,35.449515,0 -92.39384900000002,35.449886,0 -92.39467300000001,35.451011,0 -92.394766,35.451126,0 -92.39487099999999,35.4512809999999,0 -92.39493899999999,35.451372,0 -92.395163,35.451647,0 -92.395511,35.452038,0 -92.395883,35.452415,0 -92.39648099999999,35.452929,0 -92.396924,35.453221,0 -92.397184,35.453403,0 -92.39755100000001,35.453605,0 -92.39801600000001,35.453877,0 -92.3986642,35.4542362,0 -92.39930630000001,35.454597,0 -92.40113200000002,35.455623,0 -92.40187400000002,35.456053,0 -92.402225,35.4562570000001,0 -92.403052,35.456789,0 -92.40358000000001,35.457179,0 -92.40467200000001,35.4580239999999,0 -92.407391,35.460225,0 -92.40798700000001,35.460734,0 -92.40811699999999,35.460849,0 -92.408276,35.46099,0 -92.40842199999999,35.461121,0 -92.40864569999999,35.4613353,0 -92.408948,35.461625,0 -92.40951699999998,35.462254,0 -92.40975200000001,35.462519,0 -92.410622,35.463617,0 -92.411238,35.4645330000001,0 -92.4118,35.465354,0 -92.412001,35.46562,0 -92.41280900000001,35.466794,0 -92.413068,35.46717,0 -92.41366099999999,35.468014,0 -92.41386300000001,35.468283,0 -92.413945,35.468385,0 -92.41427399999999,35.468797,0 -92.41447100000001,35.469032,0 -92.414619,35.469202,0 -92.414638,35.469226,0 -92.41467900000001,35.46928,0 -92.41493200000001,35.4695620000001,0 -92.41496900000001,35.469603,0 -92.415201,35.469829,0 -92.41550599999999,35.470131,0 -92.415678,35.470308,0 -92.416094,35.4707350000001,0 -92.416357,35.47098,0 -92.41667,35.471292,0 -92.41757900000002,35.472196,0 -92.418678,35.473291,0 -92.419127,35.473731,0 -92.419606,35.474222,0 -92.42044799999998,35.475054,0 -92.422166,35.476792,0 -92.422319,35.476947,0 -92.42297000000001,35.477635,0 -92.42427600000001,35.479071,0 -92.424881,35.479737,0 -92.424942,35.479806,0 -92.42537500000002,35.480295,0 -92.42569300000001,35.48067,0 -92.42597900000001,35.481063,0 -92.42615800000002,35.481342,0 -92.42634699999999,35.481658,0 -92.426503,35.481941,0 -92.426766,35.482514,0 -92.42687800000002,35.482805,0 -92.42708399999999,35.483712,0 -92.42711799999998,35.483849,0 -92.42715,35.483978,0 -92.427159,35.484034,0 -92.427194,35.484245,0 -92.427209,35.484296,0 -92.427283,35.484808,0 -92.42733370000001,35.4850771000001,0 -92.427521,35.48607,0 -92.42757000000002,35.486297,0 -92.427661,35.486576,0 -92.427961,35.4876310000001,0 -92.4279918,35.4877439,0 -92.42822400000001,35.488595,0 -92.42831599999998,35.48905,0 -92.428354,35.489239,0 -92.42840200000001,35.48962,0 -92.42841799999999,35.490004,0 -92.428387,35.4904529999999,0 -92.42834699999999,35.490845,0 -92.42828399999999,35.491271,0 -92.42818700000001,35.491838,0 -92.42806700000001,35.492309,0 -92.42793899999998,35.492643,0 -92.427466,35.493684,0 -92.42724699999998,35.494178,0 -92.42686500000002,35.495083,0 -92.426562,35.495889,0 -92.42619300000001,35.496739,0 -92.42590800000001,35.497537,0 -92.42582499999999,35.4978679999999,0 -92.42580100000001,35.498161,0 -92.42581599999998,35.498663,0 -92.425906,35.499151,0 -92.425997,35.499478,0 -92.42621499999998,35.500195,0 -92.426424,35.500858,0 -92.42668699999999,35.501792,0 -92.426832,35.502393,0 -92.42688200000001,35.502717,0 -92.426892,35.503086,0 -92.42688,35.503444,0 -92.426845,35.503912,0 -92.426732,35.504627,0 -92.426597,35.505395,0 -92.42656599999999,35.505783,0 -92.4265757,35.5060486,0 -92.42659449999999,35.5063172,0 -92.4266642,35.5066403,0 -92.42679029999999,35.5070421,0 -92.42698610000001,35.5074176,0 -92.42728110000002,35.5078543,0 -92.4277318,35.5083237,0 -92.428185,35.5086578,0 -92.4288341,35.5090268,0 -92.42937860000002,35.5092975,0 -92.4296334,35.5094482,0 -92.4300519,35.5097167,0 -92.43046219999998,35.5100202,0 -92.4307895,35.5103368,0 -92.431185,35.5107369999999,0 -92.43151699999999,35.5111419999999,0 -92.43171220000001,35.5113804,0 -92.43198800000002,35.5116463,0 -92.432312,35.5119363,0 -92.43267299999999,35.5122353,0 -92.43294800000001,35.5123953,0 -92.433043,35.5124503,0 -92.43348,35.5126423,0 -92.4339738,35.5128487,0 -92.4345778,35.5130117,0 -92.4350148,35.5131427,0 -92.4353948,35.5132667,0 -92.4357758,35.5134207,0 -92.4361188,35.5135747,0 -92.43662879999999,35.5138887,0 -92.4366658,35.5139117,0 -92.43704529999999,35.5142099999999,0 -92.4373233,35.514454,0 -92.43755319999998,35.5146747,0 -92.43776189999998,35.5149162,0 -92.4379078,35.515126,0 -92.4380992,35.5154248,0 -92.43830869999999,35.5158317,0 -92.43843069999998,35.5161698,0 -92.4385127,35.516487,0 -92.43856869999999,35.516765,0 -92.43864469999998,35.5175541,0 -92.43870720000001,35.5188577,0 -92.43882670000001,35.5205927,0 -92.43883700000001,35.520743,0 -92.43889199999998,35.521391,0 -92.4389334,35.5219724,0 -92.4390131,35.5229534,0 -92.4390614,35.5233114,0 -92.4390882,35.5234642,0 -92.43912580000001,35.5236257,0 -92.4391902,35.5238484,0 -92.43935110000001,35.5241977,0 -92.439508,35.524506,0 -92.43966760000001,35.5247696,0 -92.4401718,35.5255424,0 -92.4403757,35.5258043,0 -92.44078340000002,35.5264461,0 -92.4410355,35.5269045,0 -92.44137299999998,35.527634,0 -92.44192900000002,35.528766,0 -92.44216900000001,35.52921,0 -92.44238300000001,35.529647,0 -92.442482,35.529875,0 -92.442582,35.53016,0 -92.44266199999998,35.530435,0 -92.44277599999999,35.530922,0 -92.442843,35.531402,0 -92.442877,35.5319075,0 -92.4429104,35.5322559,0 -92.44293089999999,35.532441,0 -92.44297600000002,35.532848,0 -92.442982,35.533161,0 -92.442993,35.533293,0 -92.44300499999999,35.5334409999999,0 -92.44301299999999,35.533504,0 -92.44305499999999,35.533853,0 -92.443139,35.534168,0 -92.443215,35.534494,0 -92.44348899999999,35.535327,0 -92.443691,35.535969,0 -92.44456499999998,35.538542,0 -92.445035,35.53992,0 -92.44539899999999,35.541007,0 -92.445598,35.541573,0 -92.445785,35.542085,0 -92.44580519999998,35.5421412999999,0 -92.44582599999998,35.542199,0 -92.446043,35.542843,0 -92.44630290000001,35.5436485,0 -92.446326,35.54372,0 -92.446506,35.544256,0 -92.446707,35.544808,0 -92.44688800000002,35.545377,0 -92.44740899999999,35.546677,0 -92.44768500000001,35.54728,0 -92.44789299999999,35.547749,0 -92.448531,35.549083,0 -92.448814,35.549641,0 -92.4488508,35.5497196,0 -92.44910299999998,35.550258,0 -92.44937599999999,35.550885,0 -92.44949099999999,35.551221,0 -92.449564,35.551483,0 -92.44960399999999,35.551728,0 -92.44963700000001,35.5525059999999,0 -92.449642,35.553037,0 -92.44952000000002,35.555232,0 -92.44951580000001,35.5552852,0 -92.44951159999999,35.5553912,0 -92.449472,35.556395,0 -92.449459,35.5566199999999,0 -92.449451,35.556749,0 -92.449444,35.557118,0 -92.44948100000001,35.557664,0 -92.44950499999999,35.557887,0 -92.44952600000002,35.558028,0 -92.44957890000002,35.5582555,0 -92.44967,35.558605,0 -92.44971599999998,35.558758,0 -92.44985200000001,35.55918,0 -92.44990300000001,35.559338,0 -92.449934,35.559447,0 -92.4499993,35.5596478,0 -92.45000539999999,35.5596665,0 -92.45012180000001,35.560068,0 -92.4502099,35.5603496,0 -92.45031229999998,35.5607411999999,0 -92.45041190000001,35.5610287,0 -92.45047999999998,35.561263,0 -92.4505861,35.5616175,0 -92.450828,35.562421,0 -92.451047,35.563166,0 -92.45127199999999,35.563874,0 -92.45152099999999,35.564734,0 -92.45178800000001,35.565547,0 -92.452009,35.566373,0 -92.45205900000001,35.566596,0 -92.452072,35.566769,0 -92.452078,35.566985,0 -92.45207520000001,35.5674269,0 -92.4520725,35.5678456,0 -92.45205350000001,35.5682006,0 -92.45202400000001,35.568797,0 -92.4520186,35.5691059,0 -92.45201299999999,35.5694289999999,0 -92.45199800000002,35.570952,0 -92.451995,35.573065,0 -92.45200799999999,35.574215,0 -92.45198499999999,35.574573,0 -92.451973,35.575199,0 -92.451975,35.575933,0 -92.45196300000001,35.576662,0 -92.451981,35.577185,0 -92.451972,35.5784369999999,0 -92.451947,35.579057,0 -92.45194790000001,35.57959,0 -92.4519449,35.5801041,0 -92.45189199999999,35.5805386,0 -92.451849,35.5808146,0 -92.45176600000001,35.5810596,0 -92.45164900000002,35.5813036,0 -92.4515564,35.581574,0 -92.4514458,35.5818608,0 -92.45134799999998,35.582056,0 -92.450946,35.5828490000001,0 -92.450677,35.583405,0 -92.45059860000001,35.5835743,0 -92.45035900000001,35.584092,0 -92.45010139999999,35.5846628,0 -92.4500263,35.5849005,0 -92.44996999999999,35.5852081,0 -92.44999679999999,35.5855724,0 -92.450029,35.5857142,0 -92.45008900000002,35.585895,0 -92.450227,35.586169,0 -92.450337,35.586334,0 -92.45036500000001,35.5863619999999,0 -92.45060560000002,35.5866281,0 -92.4509248,35.5869182,0 -92.45123270000001,35.58717,0 -92.45239909999998,35.5881449,0 -92.4530804,35.5886675,0 -92.4535726,35.5890555,0 -92.4538405,35.5893286,0 -92.4540844,35.5896469,0 -92.45424399999999,35.590034,0 -92.454318,35.590506,0 -92.454347,35.590688,0 -92.4544459,35.5913837,0 -92.45445499999998,35.591448,0 -92.4546502,35.5922525,0 -92.4547249,35.5925261,0 -92.45481100000001,35.5927874,0 -92.45491629999998,35.5930553,0 -92.45501419999999,35.5932683,0 -92.45519650000001,35.5936491,0 -92.45533249999998,35.5938841,0 -92.4555955,35.5942928,0 -92.45577309999999,35.5945328,0 -92.45607640000001,35.5949021,0 -92.45630199999999,35.5951522,0 -92.4565053,35.5953583,0 -92.45668999999999,35.595539,0 -92.457537,35.5962432,0 -92.4579979,35.5965879,0 -92.4583741,35.5968693,0 -92.45871600000001,35.597125,0 -92.459143,35.597457,0 -92.4593615,35.5976269,0 -92.45984499999999,35.598003,0 -92.460403,35.5984465,0 -92.46124690000001,35.5990908,0 -92.461331,35.599155,0 -92.461358,35.599176,0 -92.46162200000001,35.599428,0 -92.4618,35.599623,0 -92.4619897,35.5999674000001,0 -92.46204229999998,35.6000618,0 -92.46212329999999,35.600248,0 -92.46218330000001,35.6003857,0 -92.46222009999998,35.6004955,0 -92.46227709999999,35.6007434,0 -92.46230580000001,35.6009517,0 -92.46231520000001,35.6011682,0 -92.4623125,35.6012968,0 -92.46229339999999,35.6014767,0 -92.462232,35.601738,0 -92.46219069999999,35.6018985,0 -92.46215299999999,35.6020450000001,0 -92.462069,35.602267,0 -92.4619916,35.6024212,0 -92.4619326,35.6025193,0 -92.461887,35.6025847,0 -92.4618226,35.6026894,0 -92.46166169999999,35.6028682,0 -92.4615356,35.6030187,0 -92.4614042,35.6031299,0 -92.46130760000001,35.6032193,0 -92.4612111,35.6032912999999,0 -92.46111139999999,35.6033718,0 -92.46086870000001,35.603531,0 -92.4604798,35.6037648,0 -92.45990310000001,35.6041295,0 -92.45891400000001,35.6047721,0 -92.4587769,35.6048565,0 -92.45848599999999,35.6050534,0 -92.4582982,35.6051799,0 -92.45819090000001,35.6052649,0 -92.4579505,35.6054595,0 -92.45775639999998,35.6056596,0 -92.4576598,35.6057796,0 -92.4573809,35.6061896,0 -92.457255,35.606529,0 -92.45711499999999,35.606941,0 -92.45689489999998,35.6077407,0 -92.45683099999999,35.607973,0 -92.4567174,35.6084418,0 -92.4566755,35.6086145,0 -92.4566272,35.6090005,0 -92.45661380000001,35.6093974,0 -92.4566889,35.6098051,0 -92.4567854,35.6100995,0 -92.45695439999999,35.6104768,0 -92.4571663,35.6107821,0 -92.45730890000002,35.6109606,0 -92.45763839999999,35.611373,0 -92.45840819999999,35.6123848,0 -92.4589285,35.6130455,0 -92.4591029,35.6133181,0 -92.4593443,35.613752,0 -92.45948370000002,35.6140682,0 -92.459591,35.6144301,0 -92.459693,35.6148706,0 -92.4597144,35.6152936,0 -92.45969399999998,35.615718,0 -92.459661,35.616005,0 -92.45957199999999,35.616331,0 -92.45954900000001,35.616414,0 -92.45942599999999,35.616803,0 -92.459177,35.617508,0 -92.45882839999999,35.61849,0 -92.45837040000001,35.619786,0 -92.4582284,35.620182,0 -92.4575955,35.621994,0 -92.4574399,35.6224606,0 -92.457346,35.6229599,0 -92.45732190000001,35.6232629,0 -92.45731379999999,35.6235375999999,0 -92.45733799999999,35.623832,0 -92.45736479999999,35.6242288,0 -92.45739159999999,35.6245514,0 -92.4574077,35.6247913,0 -92.45742920000001,35.6250376,0 -92.45745599999999,35.6254366,0 -92.4574934,35.6263122,0 -92.4574922,35.6267875,0 -92.4574892,35.6268295,0 -92.4574935,35.6272331,0 -92.45748550000002,35.6275427,0 -92.4574748,35.6276996,0 -92.4574748,35.6278152,0 -92.45748279999999,35.6280659000001,0 -92.45746880000002,35.628406,0 -92.45751079999998,35.628754,0 -92.45752280000001,35.628832,0 -92.4575358,35.628916,0 -92.45758279999998,35.629097,0 -92.4576888,35.629383,0 -92.45787970000002,35.629779,0 -92.45802999999999,35.6299931,0 -92.45822309999998,35.6302417,0 -92.458584,35.630657,0 -92.45913899999999,35.631245,0 -92.45952800000001,35.631711,0 -92.45977200000002,35.632073,0 -92.459957,35.632418,0 -92.46007899999999,35.632733,0 -92.46015199999999,35.633101,0 -92.46019,35.633265,0 -92.46026999999998,35.633788,0 -92.46046880000002,35.6349792,0 -92.46059200000001,35.6354512,0 -92.46068869999999,35.6357762,0 -92.46080219999999,35.6360934,0 -92.4610586,35.6366753,0 -92.4615476,35.6376802,0 -92.4616766,35.6379506,0 -92.46177040000001,35.6382126,0 -92.4618198,35.638387,0 -92.4618644,35.6385635,0 -92.46190640000002,35.6388935,0 -92.46193340000001,35.6392505,0 -92.4619344,35.6395425,0 -92.4619162,35.6397374,0 -92.46188779999999,35.6399257,0 -92.4618222,35.6402055,0 -92.46174139999999,35.6405196,0 -92.46154539999999,35.6410229,0 -92.46128419999999,35.641719,0 -92.46098019999999,35.6425087,0 -92.46070600000002,35.6432321,0 -92.46056320000001,35.6436832,0 -92.46047900000001,35.644047,0 -92.46037610000002,35.6446935,0 -92.46027560000002,35.64534,0 -92.45990509999999,35.6477022,0 -92.459577,35.649956,0 -92.45951099999999,35.650396,0 -92.459459,35.650708,0 -92.45943029999999,35.651086,0 -92.4594347,35.6512897,0 -92.45945439999998,35.6514935,0 -92.4595166,35.6518538,0 -92.45957630000001,35.652095,0 -92.4596583,35.652323,0 -92.45977000000001,35.652581,0 -92.4598792,35.6527922,0 -92.46000979999999,35.6530022,0 -92.46017609999998,35.6532322,0 -92.4604257,35.6535272,0 -92.46063939999999,35.6537292,0 -92.46088069999999,35.6539395,0 -92.4612973,35.6542687,0 -92.46162769999999,35.654539,0 -92.46195199999998,35.654788,0 -92.4621284,35.654926,0 -92.463022,35.655625,0 -92.46341200000001,35.655939,0 -92.464035,35.656419,0 -92.46439500000001,35.6566820000001,0 -92.46474450000001,35.6568639,0 -92.4651044,35.6570432,0 -92.4655154,35.6572291,0 -92.4657983,35.6573288,0 -92.46628200000001,35.6574759,0 -92.46662679999999,35.657564,0 -92.467017,35.6576544,0 -92.46743170000001,35.6577142,0 -92.46774940000002,35.6577604,0 -92.4681665,35.657783,0 -92.4684917,35.657783,0 -92.46861920000002,35.6577851,0 -92.46892149999999,35.6577927,0 -92.46932030000001,35.6577999,0 -92.4696562,35.6578257,0 -92.4697791,35.6578378,0 -92.4700836,35.6578898,0 -92.47036629999998,35.6579642000001,0 -92.4706326,35.6580362,0 -92.47084189999998,35.6581121,0 -92.47108990000001,35.658219,0 -92.47140800000001,35.6583733,0 -92.4716968,35.6585517999999,0 -92.47185870000001,35.6586759,0 -92.47211020000002,35.6588848,0 -92.4723875,35.6591885,0 -92.47284929999999,35.6596557,0 -92.47350019999999,35.6603136,0 -92.47395,35.660775,0 -92.474441,35.661263,0 -92.47488629999999,35.6617401,0 -92.4753864,35.6622615,0 -92.47570899999999,35.6626328,0 -92.47617390000002,35.6632068,0 -92.47666220000001,35.663819,0 -92.476957,35.664208,0 -92.4772758,35.6646846,0 -92.47772900000001,35.6653126,0 -92.4783341,35.6661487,0 -92.47939899999999,35.667606,0 -92.47969000000001,35.667986,0 -92.47996000000001,35.668317,0 -92.48013100000001,35.668507,0 -92.4805848,35.6689404,0 -92.48090500000001,35.6692412,0 -92.4811538,35.6694423,0 -92.48156899999998,35.6697749,0 -92.4818144,35.6699609,0 -92.48205420000001,35.6701288,0 -92.48221959999999,35.6702366,0 -92.48252619999998,35.6704387,0 -92.4836036,35.6711169,0 -92.4838932,35.6713085,0 -92.4842024,35.6715138,0 -92.48450850000002,35.6717438,0 -92.4847889,35.6719757,0 -92.4850948,35.6722767,0 -92.48539970000002,35.6725791,0 -92.48572070000002,35.6729145,0 -92.48600589999998,35.6732262,0 -92.48636,35.6736190000001,0 -92.48671419999999,35.6740244,0 -92.4883691,35.6758819,0 -92.4887756,35.6763448,0 -92.48921579999998,35.6768283,0 -92.4893891,35.6770083,0 -92.48958029999999,35.6771854,0 -92.4898542,35.6774025,0 -92.49039879999999,35.6778015,0 -92.4908798,35.6780923,0 -92.4912131,35.6782293,0 -92.4916961,35.6784267,0 -92.49216480000001,35.6785834,0 -92.4928185,35.6787583,0 -92.4934708,35.6789392,0 -92.49435429999998,35.6792293,0 -92.4947894,35.679347,0 -92.49511699999999,35.679453,0 -92.49549409999999,35.679602,0 -92.4958539,35.6797733,0 -92.4973322,35.6805516,0 -92.49771149999999,35.6807175,0 -92.49825199999998,35.6809257,0 -92.49866120000002,35.6810166,0 -92.49907909999999,35.681081,0 -92.49944189999999,35.6811007,0 -92.49994709999999,35.6810792,0 -92.5004591,35.6810195,0 -92.50135040000001,35.680932,0 -92.50184590000001,35.6808901,0 -92.50226619999999,35.6808617999999,0 -92.502511,35.6808612,0 -92.5027702,35.6808841,0 -92.50323010000001,35.6809462,0 -92.50353979999998,35.6810229,0 -92.503835,35.6811229,0 -92.50420920000001,35.681265,0 -92.50440759999999,35.6813590999999,0 -92.50459629999999,35.6814688,0 -92.50494980000001,35.6817069,0 -92.50516279999998,35.6818778,0 -92.505323,35.6820477,0 -92.50553309999999,35.6822853,0 -92.5057375,35.6825473,0 -92.50607530000001,35.683019,0 -92.5067463,35.6839842,0 -92.5070721,35.6844874,0 -92.5072085,35.6847787,0 -92.50734070000001,35.6851259,0 -92.50756769999998,35.685819,0 -92.5077089,35.6863125,0 -92.5077309,35.6864115,0 -92.5077679,35.6865765,0 -92.50785200000001,35.6868405,0 -92.5079539,35.6871346,0 -92.5080183,35.6873851,0 -92.50812999999999,35.687665,0 -92.50825969999998,35.6879232,0 -92.5083295,35.688067,0 -92.50840190000001,35.6881868,0 -92.5084636,35.6882892,0 -92.50856550000002,35.6884265,0 -92.508881,35.68883,0 -92.50908099999999,35.689094,0 -92.50939200000001,35.689483,0 -92.5098342,35.6900712,0 -92.51095599999999,35.6914839999999,0 -92.51138530000001,35.6920188,0 -92.51185800000002,35.692567,0 -92.51375640000001,35.6944938,0 -92.51472440000001,35.6954821,0 -92.514748,35.6955061,0 -92.51552770000001,35.6963004,0 -92.515896,35.6966782,0 -92.51634659999999,35.6971204,0 -92.5166845,35.6974819,0 -92.51693899999999,35.69773,0 -92.5172773,35.6980939999999,0 -92.5175133,35.6983663,0 -92.51777199999999,35.698709,0 -92.51793600000001,35.699042,0 -92.51809199999998,35.699425,0 -92.518213,35.699897,0 -92.518238,35.699997,0 -92.518282,35.70034,0 -92.51829600000001,35.70067,0 -92.51828399999998,35.700966,0 -92.51824200000001,35.701213,0 -92.51818,35.701485,0 -92.518056,35.701831,0 -92.51794399999999,35.702102,0 -92.51778000000002,35.702456,0 -92.51762599999999,35.702867,0 -92.51750199999999,35.703221,0 -92.51731799999999,35.703624,0 -92.517225,35.703904,0 -92.51715159999999,35.7042723,0 -92.5171405,35.7044822,0 -92.517157,35.7046958,0 -92.5171751,35.7048553,0 -92.517213,35.705011,0 -92.5172946,35.7053033,0 -92.5174348,35.7055912,0 -92.5176113,35.7058631,0 -92.51782609999999,35.7061412,0 -92.51806479999999,35.7064618,0 -92.5182025,35.7066407,0 -92.5183249,35.7068269999999,0 -92.5184211,35.7069933000001,0 -92.51850810000001,35.707167,0 -92.518731,35.707834,0 -92.51887100000002,35.708605,0 -92.519031,35.7093029999999,0 -92.51910100000001,35.709693,0 -92.51911099999998,35.709953,0 -92.51911099999998,35.710456,0 -92.51904799999998,35.710901,0 -92.5189556,35.7112846,0 -92.518845,35.7116326,0 -92.51847890000001,35.7127608999999,0 -92.518401,35.71307,0 -92.51837100000002,35.713459,0 -92.51843099999999,35.713776,0 -92.518501,35.714044,0 -92.51859100000001,35.714296,0 -92.518851,35.714864,0 -92.519301,35.715789,0 -92.51959100000002,35.716414,0 -92.519841,35.716966,0 -92.52031100000002,35.717948,0 -92.52053600000001,35.718399,0 -92.52067099999998,35.718671,0 -92.520965,35.719147,0 -92.521231,35.719556,0 -92.52139099999998,35.71975,0 -92.521501,35.719898,0 -92.52189099999998,35.720367,0 -92.52216900000001,35.720718,0 -92.52227099999999,35.720846,0 -92.522322,35.720924,0 -92.52264099999999,35.721406,0 -92.522902,35.721999,0 -92.522987,35.722182,0 -92.52307599999999,35.722487,0 -92.52309499999998,35.722627,0 -92.52317499999999,35.722908,0 -92.52331700000001,35.723663,0 -92.523341,35.7237899999999,0 -92.52346799999999,35.72459,0 -92.52354499999998,35.725126,0 -92.52355300000002,35.72553,0 -92.523549,35.726028,0 -92.5235476,35.7266740999999,0 -92.52354400000002,35.728341,0 -92.52354699999999,35.728678,0 -92.523511,35.72923,0 -92.523397,35.729716,0 -92.52328799999999,35.729982,0 -92.523171,35.730267,0 -92.522835,35.730777,0 -92.522499,35.731204,0 -92.522021,35.731631,0 -92.52161700000001,35.732017,0 -92.521574,35.732058,0 -92.521238,35.732411,0 -92.521034,35.732707,0 -92.52090099999999,35.732929,0 -92.520798,35.733233,0 -92.520685,35.733604,0 -92.520622,35.7339159999999,0 -92.52060100000001,35.734213,0 -92.52060799999998,35.734683,0 -92.520656,35.735017,0 -92.520706,35.735198,0 -92.520882,35.735672,0 -92.52097200000001,35.735856,0 -92.52116699999999,35.736204,0 -92.52137500000001,35.7364850000001,0 -92.52160600000001,35.73676,0 -92.52188699999999,35.737074,0 -92.52225900000001,35.737405,0 -92.52262500000001,35.737698,0 -92.52287219999999,35.7379231,0 -92.52295999999998,35.738003,0 -92.523219,35.738273,0 -92.52338999999999,35.738452,0 -92.52390299999999,35.738987,0 -92.52422900000001,35.739362,0 -92.524383,35.739574,0 -92.52455999999999,35.739845,0 -92.52471,35.740134,0 -92.524788,35.740514,0 -92.52480599999998,35.740835,0 -92.524794,35.741181,0 -92.52470099999999,35.741552,0 -92.524353,35.742243,0 -92.52409800000001,35.742646,0 -92.523976,35.74288,0 -92.523792,35.743172,0 -92.52342400000001,35.74383,0 -92.523179,35.7442,0 -92.52283199999999,35.7448209999999,0 -92.522637,35.745269,0 -92.52247300000001,35.74568,0 -92.522369,35.746042,0 -92.52220200000001,35.747165,0 -92.52217899999999,35.74748,0 -92.522158,35.748564,0 -92.522171,35.748852,0 -92.5221787,35.7491599,0 -92.52228599999999,35.749825,0 -92.52254100000002,35.751136,0 -92.52261699999998,35.751477,0 -92.522797,35.752283,0 -92.52287200000001,35.752538,0 -92.523006,35.752995,0 -92.523124,35.75338,0 -92.52328300000002,35.753851,0 -92.523512,35.754463,0 -92.52380100000001,35.755237,0 -92.52418899999999,35.756228,0 -92.52432799999998,35.756616,0 -92.52450699999999,35.756975,0 -92.52479600000001,35.757499,0 -92.52499799999998,35.757863,0 -92.525238,35.758383,0 -92.52538699999999,35.758804,0 -92.525445,35.759036,0 -92.525485,35.759282,0 -92.52550399999998,35.759604,0 -92.52550399999998,35.759899,0 -92.52548,35.760147,0 -92.52541600000001,35.76055,0 -92.525345,35.76088,0 -92.52525200000001,35.761111,0 -92.52515,35.761316,0 -92.524854,35.761818,0 -92.52465799999999,35.762134,0 -92.52450699999999,35.762352,0 -92.524017,35.762993,0 -92.523492,35.7636419999999,0 -92.523223,35.763987,0 -92.523043,35.764233,0 -92.522937,35.764406,0 -92.52275200000001,35.7647185,0 -92.522594,35.765027,0 -92.522426,35.765393,0 -92.52231199999999,35.765739,0 -92.52224899999999,35.7660809999999,0 -92.52220699999999,35.76653,0 -92.52226100000001,35.767511,0 -92.52234000000001,35.767952,0 -92.52236000000001,35.7680093,0 -92.522454,35.768279,0 -92.52249,35.768381,0 -92.52261900000001,35.768711,0 -92.52288900000001,35.769178,0 -92.52310900000001,35.769533,0 -92.52338899999999,35.770021,0 -92.52346919999999,35.7701573,0 -92.52419999999999,35.7714000000001,0 -92.52434000000001,35.771656,0 -92.52451999999998,35.771978,0 -92.52477099999999,35.7723669999999,0 -92.5248682,35.7725208,0 -92.52521100000001,35.773102,0 -92.52552900000001,35.77366,0 -92.525902,35.774316,0 -92.52646899999999,35.775254,0 -92.52668299999999,35.775629,0 -92.526978,35.77617,0 -92.52718590000001,35.776507,0 -92.52722099999998,35.776564,0 -92.527452,35.776931,0 -92.527693,35.77736,0 -92.5277689,35.7774708,0 -92.528015,35.777778,0 -92.52838,35.778126,0 -92.528778,35.778469,0 -92.52908200000002,35.778688,0 -92.52970500000001,35.779017,0 -92.5301,35.779215,0 -92.53014330000002,35.7792367,0 -92.530292,35.779311,0 -92.53041090000001,35.779374,0 -92.53088699999999,35.779626,0 -92.531195,35.779775,0 -92.53334700000001,35.780815,0 -92.53367999999999,35.78093,0 -92.53401599999999,35.781014,0 -92.53434799999999,35.781074,0 -92.534741,35.781117,0 -92.53501199999999,35.781128,0 -92.535088,35.781131,0 -92.535405,35.78112,0 -92.535783,35.7810709999999,0 -92.536162,35.780998,0 -92.53740399999998,35.780715,0 -92.53840599999999,35.780513,0 -92.538882,35.780465,0 -92.539327,35.780469,0 -92.53967400000001,35.780516,0 -92.53995400000001,35.780575,0 -92.540599,35.780834,0 -92.540902,35.780991,0 -92.54109,35.781129,0 -92.541349,35.781363,0 -92.54154200000001,35.781559,0 -92.54167100000001,35.781709,0 -92.54176500000001,35.781865,0 -92.54201500000001,35.782328,0 -92.5422629,35.7828072,0 -92.54270099999999,35.783667,0 -92.542911,35.784005,0 -92.543189,35.784297,0 -92.54344100000002,35.784468,0 -92.54382799999999,35.7847440000001,0 -92.54398,35.784898,0 -92.544112,35.785049,0 -92.544229,35.785237,0 -92.544304,35.785495,0 -92.54431800000002,35.785645,0 -92.544302,35.78584,0 -92.54426500000001,35.78604,0 -92.544178,35.786277,0 -92.54403200000002,35.78649,0 -92.543798,35.786702,0 -92.54359700000001,35.786809,0 -92.54340500000001,35.786892,0 -92.54319700000001,35.786949,0 -92.54300499999999,35.786986,0 -92.542726,35.78703,0 -92.54229100000001,35.787086,0 -92.54195199999999,35.787122,0 -92.54175499999999,35.78715,0 -92.54156699999999,35.787186,0 -92.54137,35.787243,0 -92.541192,35.787288,0 -92.54083300000001,35.78741,0 -92.540599,35.7875080000001,0 -92.54042199999999,35.787606,0 -92.5402053,35.7877374,0 -92.54001510000001,35.7878341,0 -92.53960870000002,35.7880961,0 -92.539282,35.7883325,0 -92.53897000000001,35.788602,0 -92.53888700000002,35.788683,0 -92.53866099999999,35.788903,0 -92.53846799999999,35.789125,0 -92.53842620000002,35.7891855,0 -92.538172,35.789553,0 -92.53812889999999,35.7896191,0 -92.53806,35.789725,0 -92.537931,35.79002,0 -92.5378056,35.790345,0 -92.53778519999999,35.7903978,0 -92.53767159999998,35.7908177,0 -92.53761590000002,35.791386,0 -92.5375353,35.7940307,0 -92.53749500000001,35.795375,0 -92.5374556,35.7957952,0 -92.5374764,35.7962722,0 -92.537577,35.7967333,0 -92.5377848,35.797249,0 -92.5379631,35.7975579,0 -92.53848790000001,35.798196,0 -92.54125370000001,35.8009476,0 -92.54173709999999,35.8014661,0 -92.5421219,35.8019916,0 -92.54244520000002,35.8025603,0 -92.54263830000001,35.8030846,0 -92.5427402,35.8035987,0 -92.54274250000002,35.8040359,0 -92.5427013,35.8046149,0 -92.54262589999999,35.8049195,0 -92.54250380000001,35.8054126,0 -92.54183500000001,35.8077006,0 -92.54178459999999,35.807873,0 -92.54163920000001,35.8085652,0 -92.54154379999999,35.8092585,0 -92.54155750000001,35.8100774,0 -92.54164179999998,35.8106469,0 -92.5417625,35.8111341,0 -92.54194529999999,35.8117217,0 -92.54230699999999,35.8124805,0 -92.542632,35.812991,0 -92.5434537,35.8140445,0 -92.54383319999999,35.8144033000001,0 -92.5441775,35.8146961,0 -92.5445333,35.8149231,0 -92.54508479999998,35.8151962,0 -92.54557660000002,35.8153385,0 -92.5460487,35.8154125,0 -92.5470358,35.8154538,0 -92.5475383,35.8154978,0 -92.54775730000001,35.8155386,0 -92.5482481,35.815667,0 -92.548716,35.815889,0 -92.5489723,35.8160193,0 -92.5492708,35.8162442,0 -92.5499854,35.8168622,0 -92.5503058,35.8171322,0 -92.55101350000001,35.8178702,0 -92.5513783,35.8183313,0 -92.55167269999998,35.818811,0 -92.55202600000001,35.8194373,0 -92.55231549999999,35.8200583,0 -92.552553,35.820595,0 -92.55330479999999,35.8223038,0 -92.553528,35.8226954,0 -92.5537353,35.822972,0 -92.5540183,35.8232986,0 -92.5542951,35.8235396,0 -92.5546506,35.8238076,0 -92.55498849999999,35.8240029,0 -92.5554901,35.8242382,0 -92.55594340000002,35.8243774,0 -92.5564347,35.8245003,0 -92.55693849999999,35.8245731,0 -92.55754730000001,35.8246645,0 -92.558065,35.8247732,0 -92.55872479999999,35.824982,0 -92.55920860000001,35.8251719,0 -92.5596116,35.8253646,0 -92.56010329999999,35.8256624,0 -92.5605446,35.8259825,0 -92.5606604,35.8260794,0 -92.56096649999999,35.8263567,0 -92.5624419,35.8277899,0 -92.56291539999999,35.8283004,0 -92.56322729999998,35.8285698,0 -92.56364839999999,35.8289144,0 -92.56483570000002,35.8295742,0 -92.56510400000001,35.829715,0 -92.5655703,35.8299189,0 -92.56652180000002,35.8303348,0 -92.5670159,35.8305644,0 -92.56728209999999,35.8306808,0 -92.56810520000001,35.8312732,0 -92.5682675,35.8314156,0 -92.5688959,35.8319672,0 -92.5690688,35.8321211,0 -92.5691714,35.8322149,0 -92.56949200000001,35.8325081,0 -92.56973960000001,35.8327344,0 -92.57114049999998,35.8340152,0 -92.57323869999999,35.8359177000001,0 -92.57403619999999,35.8366316,0 -92.5750774,35.8375767,0 -92.57534440000001,35.8378333,0 -92.5756717,35.8381464,0 -92.57603109999998,35.8385508,0 -92.57628320000001,35.8389292,0 -92.5765085,35.8393336,0 -92.5768143,35.8400359,0 -92.5770503,35.8405817,0 -92.5771879,35.8409164,0 -92.5772005,35.840947,0 -92.5773937,35.8413644,0 -92.57767259999999,35.8418906,0 -92.57809640000001,35.8424342,0 -92.5784826,35.8428342,0 -92.5791112,35.8433209,0 -92.5816047,35.8452107,0 -92.5823716,35.8457543,0 -92.5827876,35.8459912,0 -92.583214,35.846176,0 -92.587906,35.8479159,0 -92.59014670000001,35.8487775,0 -92.592702,35.849758,0 -92.59307939999999,35.8498943,0 -92.594053,35.850246,0 -92.59469750000001,35.8505496,0 -92.59557870000002,35.8511467,0 -92.5966355,35.8521125,0 -92.5985404,35.8538951,0 -92.59923199999999,35.8544252,0 -92.59965709999999,35.854656,0 -92.600545,35.8550857,0 -92.6006837,35.8551555,0 -92.60142449999998,35.8556225,0 -92.6019582,35.8561055000001,0 -92.60228770000001,35.8564517,0 -92.60257209999999,35.857003,0 -92.6028166,35.8575833,0 -92.60291530000001,35.8581168,0 -92.6029343,35.8586605,0 -92.60286050000002,35.8599527000001,0 -92.60269599999999,35.8628355,0 -92.60243920000001,35.8671799,0 -92.60233200000002,35.869449,0 -92.6023142,35.8697907,0 -92.6024462,35.8705242,0 -92.6024718,35.8706334,0 -92.60278320000002,35.871471,0 -92.60311839999999,35.8723221,0 -92.603262,35.872701,0 -92.6034404,35.8731571,0 -92.60359999999999,35.873525,0 -92.6041432,35.8749603,0 -92.6043791,35.8755536,0 -92.60474259999998,35.8765148,0 -92.60492520000001,35.8769847,0 -92.60543199999999,35.878591,0 -92.6056983,35.8797555,0 -92.6061771,35.8817361,0 -92.60647950000001,35.8827568,0 -92.6066726,35.8833001,0 -92.6070083,35.8839163,0 -92.60759210000001,35.8848073,0 -92.60802499999998,35.8853,0 -92.6085739,35.8859162,0 -92.6090308,35.8863651,0 -92.6093602,35.8868292,0 -92.6095677,35.8872117,0 -92.6099289,35.8878549,0 -92.6101649,35.8881939,0 -92.6107583,35.8888533,0 -92.61158630000001,35.8896924,0 -92.6126271,35.8907038,0 -92.6129024,35.8909834,0 -92.61341569999999,35.891536,0 -92.6137483,35.8920357,0 -92.6139146,35.8925268,0 -92.6140473,35.8930413999999,0 -92.6141162,35.8936775,0 -92.6141848,35.89412,0 -92.6142193,35.8942183,0 -92.61438290000001,35.894684,0 -92.6146341,35.895076,0 -92.6149588,35.8954356,0 -92.6154488,35.8958122,0 -92.61614350000002,35.8963836,0 -92.6166102,35.896829,0 -92.6171578,35.8974084,0 -92.61763689999999,35.897914,0 -92.6180291,35.8983543,0 -92.61827050000001,35.8987758,0 -92.61853040000001,35.8992684,0 -92.61863289999999,35.899445,0 -92.6187353,35.899588,0 -92.61914489999999,35.900036,0 -92.6196224,35.9004054,0 -92.62006289999999,35.9006677,0 -92.620706,35.9009138,0 -92.62162859999999,35.9011702,0 -92.62201019999999,35.9012657,0 -92.6222187,35.9013179,0 -92.6231253,35.9016699,0 -92.6236792,35.9019958,0 -92.6239944,35.9022369,0 -92.6244825,35.9026888,0 -92.6248071,35.9031125,0 -92.62508019999999,35.9035774,0 -92.62520050000002,35.9038546,0 -92.62523950000001,35.9039566,0 -92.62530500000001,35.904156,0 -92.62541109999999,35.904557,0 -92.6254854,35.9048313,0 -92.62571099999998,35.9056197,0 -92.6259972,35.9066871,0 -92.6260221,35.9067798,0 -92.62611320000001,35.9070674,0 -92.62619860000001,35.9073918,0 -92.6262966,35.907631,0 -92.6265104,35.9079896,0 -92.6266425,35.9081341,0 -92.6267939,35.9082658,0 -92.6269113,35.9083712,0 -92.6270427,35.9084666,0 -92.6281303,35.9091999,0 -92.6285579,35.9094982,0 -92.6287734,35.9096487,0 -92.62900999999998,35.9097822,0 -92.6291959,35.9098645,0 -92.6293237,35.909915,0 -92.6294534,35.9099598,0 -92.62962010000001,35.9100152,0 -92.62979380000002,35.9100621,0 -92.6301483,35.9101475,0 -92.63052850000001,35.9102383,0 -92.6309069,35.9103356,0 -92.63159229999999,35.9105308,0 -92.63181179999999,35.9106002,0 -92.63239120000001,35.9107735999999,0 -92.6336299,35.9111502,0 -92.63382009999999,35.9112007,0 -92.63401020000002,35.9112455,0 -92.634401,35.9113281,0 -92.6354034,35.9114248,0 -92.63564700000001,35.9114501,0 -92.6359011,35.9114739,0 -92.6364057,35.9115215999999,0 -92.63671909999999,35.9115531,0 -92.63699580000001,35.9115812,0 -92.6393178,35.9118112,0 -92.6406059,35.9119398,0 -92.64075889999999,35.9119549,0 -92.6410776,35.9119737,0 -92.64122570000001,35.9119693,0 -92.6413714,35.9119633,0 -92.64151720000001,35.9119524,0 -92.6416845,35.9119362,0 -92.64186199999999,35.9119101,0 -92.64207639999999,35.911863,0 -92.64230499999999,35.9118035,0 -92.64333770000002,35.9115026,0 -92.64442149999999,35.9111918,0 -92.6447979,35.9110838,0 -92.6451137,35.9109899,0 -92.64533170000001,35.9109275,0 -92.64573679999999,35.9108116,0 -92.6467595,35.9105188,0 -92.6471298,35.9104129,0 -92.6473048,35.9103628,0 -92.64816940000001,35.9101153,0 -92.64819910000001,35.9101068,0 -92.6485531,35.9099996,0 -92.64921820000002,35.9097981,0 -92.6496267,35.909689,0 -92.65053210000002,35.9094213,0 -92.6508254,35.9093355,0 -92.6509671,35.909294,0 -92.65135179999999,35.9091804,0 -92.65186260000002,35.9090329,0 -92.6523559,35.908886,0 -92.65295110000001,35.9087117,0 -92.6535358,35.908543,0 -92.65422409999999,35.9083464,0 -92.6546701,35.9082336,0 -92.65488790000001,35.9081836,0 -92.65510220000002,35.9081364,0 -92.6554482,35.9080707,0 -92.65577509999999,35.9080121,0 -92.65618670000002,35.9079513,0 -92.6563347,35.9079348,0 -92.6565375,35.9079114,0 -92.6567367,35.9078894,0 -92.65712649999999,35.9078624,0 -92.65739039999998,35.9078413,0 -92.6576656,35.9078266,0 -92.65795469999999,35.907814,0 -92.65824379999999,35.9078127,0 -92.65879339999998,35.9078201,0 -92.65900670000001,35.9078275,0 -92.6592761,35.9078444,0 -92.65947430000001,35.9078573,0 -92.6596725,35.9078758,0 -92.66003899999998,35.9079132,0 -92.6602954,35.9079378,0 -92.6609342,35.9080109,0 -92.66100340000001,35.9080179,0 -92.6614884,35.9080779,0 -92.6617396,35.9081065,0 -92.6619786,35.9081308,0 -92.66224130000002,35.9081601,0 -92.66259680000002,35.9081984,0 -92.6628886,35.9082285,0 -92.66304269999999,35.9082435,0 -92.6631691,35.9082558,0 -92.66337740000002,35.9082738,0 -92.6638523,35.9083206,0 -92.6644549,35.9083816,0 -92.6648891,35.9084317,0 -92.66545819999999,35.9084974,0 -92.66703,35.9086788,0 -92.6680477,35.9087962,0 -92.66880599999999,35.9088805,0 -92.66913240000001,35.9089168,0 -92.66952670000002,35.9089609,0 -92.66960859999999,35.9089711,0 -92.6701796,35.9090354,0 -92.67054129999998,35.9090699,0 -92.67099709999999,35.909118,0 -92.6722536,35.9092597,0 -92.67353679999999,35.909389,0 -92.67412210000001,35.909457,0 -92.6750172,35.9095387,0 -92.67556170000002,35.9095635,0 -92.6762544,35.9096159,0 -92.6771426,35.9096542,0 -92.677694,35.909676,0 -92.67824539999999,35.9096933,0 -92.67892309999999,35.909701,0 -92.6797419,35.909694,0 -92.6805238,35.9096821,0 -92.6818605,35.9096264,0 -92.68324830000002,35.9095277,0 -92.68407190000001,35.9094277,0 -92.68517880000002,35.9093125,0 -92.68618689999998,35.9092157,0 -92.68706510000001,35.9091531,0 -92.68795750000001,35.9091086,0 -92.68867849999999,35.9091652,0 -92.68939199999998,35.9092434,0 -92.69033609999998,35.9094346,0 -92.6911992,35.9097508,0 -92.6916236,35.9099038,0 -92.69194539999999,35.9100385,0 -92.69231019999999,35.9102123,0 -92.6930505,35.9106563,0 -92.6934797,35.9109683,0 -92.6940644,35.9113854,0 -92.694784,35.9120228,0 -92.6961171,35.913339,0 -92.6968114,35.9139367,0 -92.69739570000002,35.9145266,0 -92.698154,35.915381,0 -92.6985329,35.9160429,0 -92.69872500000001,35.9165307,0 -92.69885480000001,35.9167812,0 -92.698981,35.917186,0 -92.69918199999999,35.9176286,0 -92.69954389999999,35.9180492,0 -92.7001396,35.9184769,0 -92.70114469999999,35.91927,0 -92.70204129999999,35.9197877,0 -92.7027655,35.9201353,0 -92.70341459999999,35.9203916,0 -92.7040047,35.920548,0 -92.7045,35.920598,0 -92.70512580000002,35.9205654,0 -92.70563540000001,35.9204741,0 -92.7064294,35.9202613,0 -92.7068424,35.9201657,0 -92.70742179999999,35.920157,0 -92.70786700000001,35.9201527,0 -92.7084464,35.9201744,0 -92.7089024,35.9202743,0 -92.7093208,35.920422,0 -92.70971239999999,35.9206696,0 -92.70998059999999,35.9209259,0 -92.71024350000002,35.9213386,0 -92.71046339999999,35.9218078,0 -92.7108604,35.9225681,0 -92.71110710000001,35.9231198,0 -92.711885,35.9246489,0 -92.7121586,35.925257,0 -92.7124912,35.9259173,0 -92.71265750000001,35.9262171,0 -92.71279690000001,35.9266037000001,0 -92.71286670000001,35.9269512,0 -92.7128613,35.9273335,0 -92.712754,35.9276983,0 -92.7126092,35.9280198,0 -92.7123892,35.9283456,0 -92.7118957,35.9289146,0 -92.7110696,35.929892,0 -92.71095099999999,35.9301460000001,0 -92.7107853,35.9304523,0 -92.71061899999998,35.9308737,0 -92.71038830000001,35.9314644,0 -92.7102596,35.9319161,0 -92.71021660000001,35.932294,0 -92.71023269999999,35.9327371,0 -92.71031859999999,35.9331063,0 -92.71034469999999,35.9331891,0 -92.7103662,35.9332573,0 -92.71044730000001,35.9335146,0 -92.7107568,35.934172,0 -92.71107499999998,35.934848,0 -92.7116633,35.9362916,0 -92.71194939999999,35.9370458000001,0 -92.71253940000001,35.9390872,0 -92.7127521,35.9395216,0 -92.712992,35.9398882,0 -92.71321,35.9401382,0 -92.71344070000001,35.9403424,0 -92.71373450000002,35.9405843,0 -92.71419050000002,35.9408691,0 -92.7147506,35.9411011,0 -92.7153094,35.941268,0 -92.7166218,35.9414282,0 -92.7167453,35.9414429,0 -92.7191752,35.9417322,0 -92.72045200000001,35.9419016,0 -92.72142289999999,35.9419928,0 -92.72190569999999,35.9420666,0 -92.72242610000001,35.9422186,0 -92.72279619999999,35.9423923,0 -92.72314489999999,35.9426573,0 -92.723912,35.9435085,0 -92.7249688,35.944781,0 -92.7252907,35.9452848,0 -92.72541400000001,35.9455714,0 -92.7254891,35.9458667,0 -92.72555889999998,35.9462836,0 -92.72560179999999,35.9472477,0 -92.72564470000002,35.9477689,0 -92.7257359,35.9480989,0 -92.7259129,35.9485028,0 -92.7261543,35.9488676,0 -92.72629910000001,35.9490485,0 -92.7263421,35.9491021,0 -92.72668539999999,35.9493323,0 -92.72690540000001,35.9494669,0 -92.72729699999999,35.9496493,0 -92.72794069999999,35.9498881,0 -92.728812,35.950203,0 -92.72941590000001,35.9505656,0 -92.73002739999998,35.9510519000001,0 -92.73137389999999,35.9523373,0 -92.73190500000001,35.9528802,0 -92.7322269,35.9531581,0 -92.73228210000001,35.9531988,0 -92.73288669999999,35.9536444000001,0 -92.7331978,35.9539093,0 -92.7333909,35.9541264,0 -92.73355189999999,35.954413,0 -92.73364309999999,35.9547648,0 -92.73364840000001,35.9551165,0 -92.7337289,35.9554465,0 -92.7339166,35.9558243,0 -92.73420099999998,35.9564366,0 -92.7342707,35.9567449000001,0 -92.73428680000002,35.9570879,0 -92.73426530000002,35.9574223,0 -92.7342814,35.957774,0 -92.7343834,35.9580953,0 -92.73467840000001,35.9589638,0 -92.73489299999999,35.9596542,0 -92.73509679999999,35.9600015,0 -92.735365,35.9602403,0 -92.73573519999999,35.9604531,0 -92.73640640000001,35.96071,0 -92.736592,35.960781,0 -92.73695600000001,35.9609,0 -92.7374619,35.961082,0 -92.73938300000002,35.9617731,0 -92.7406704,35.9622247,0 -92.74166290000001,35.9626371,0 -92.7422959,35.9629671,0 -92.7427787,35.9632971,0 -92.74370099999999,35.964145,0 -92.7441359,35.9645867,0 -92.7452785,35.965785,0 -92.7455282,35.966169,0 -92.74570760000002,35.9664449,0 -92.74582169999999,35.9667045,0 -92.74590610000001,35.9668965,0 -92.74608310000001,35.9674653,0 -92.74619320000001,35.9680833,0 -92.7462934,35.9686463,0 -92.74635140000001,35.9689718,0 -92.746391,35.9694928999999,0 -92.74639430000002,35.9695362,0 -92.74635140000001,35.9699096,0 -92.7462012,35.9703177,0 -92.7458632,35.9707215,0 -92.74554670000001,35.971021,0 -92.7450049,35.9713249,0 -92.74359939999999,35.9721151,0 -92.74318100000001,35.9723886,0 -92.74286990000002,35.9727142,0 -92.7426821,35.9730268,0 -92.742548,35.9733654,0 -92.74251580000001,35.9737691,0 -92.7425641,35.9740904,0 -92.7426414,35.9743895,0 -92.74290200000002,35.9748979,0 -92.7430308,35.9752408,0 -92.7430576,35.9755968,0 -92.7430308,35.975915,0 -92.7430201,35.9762762,0 -92.7430549,35.9766192,0 -92.7431797,35.9769415,0 -92.74333120000001,35.9772052,0 -92.7436423,35.9775721,0 -92.7438623,35.9777631,0 -92.74412510000001,35.9781147,0 -92.74430750000002,35.9785098,0 -92.7443719,35.979022,0 -92.7443719,35.9793606,0 -92.7444309,35.9796254,0 -92.7446187,35.9800031,0 -92.74499419999999,35.9806976,0 -92.74523019999999,35.9811882,0 -92.7455145,35.981541,0 -92.7456304,35.981634,0 -92.74596510000002,35.9819174,0 -92.74725119999999,35.9829356,0 -92.74968839999998,35.9848236,0 -92.75019619999999,35.9852556,0 -92.7502358,35.9852893,0 -92.7506573,35.9855755,0 -92.75133660000002,35.9861031,0 -92.75187329999999,35.9865159,0 -92.75252039999999,35.9872175,0 -92.7527887,35.9876733,0 -92.7529389,35.9879641,0 -92.753073,35.9883895,0 -92.7532125,35.989097,0 -92.75337879999999,35.9896569,0 -92.7536738,35.9903557,0 -92.75403319999998,35.9910154,0 -92.75441079999999,35.9915765,0 -92.75474130000001,35.9920181,0 -92.7552395,35.9925535,0 -92.7563732,35.9936906,0 -92.7573664,35.9947974,0 -92.75850179999999,35.9961369,0 -92.759108,35.9967315,0 -92.7598375,35.9973565,0 -92.76043300000001,35.9978252,0 -92.7619436,35.9990919,0 -92.76248699999999,35.9995015,0 -92.76339409999999,36.0002165,0 -92.7637679,36.0005012,0 -92.76405389999998,36.0006983,0 -92.76466550000001,36.0010368,0 -92.76541109999999,36.0013189,0 -92.76691849999999,36.0017615,0 -92.76880679999999,36.0023517,0 -92.76966,36.002651,0 -92.76984649999999,36.0027433,0 -92.7702391,36.0029376,0 -92.77089359999999,36.0033108,0 -92.77167609999999,36.0039028,0 -92.77171970000001,36.0039357,0 -92.77227219999999,36.0044305,0 -92.7730715,36.0053461,0 -92.77422489999999,36.0065959,0 -92.77509929999999,36.0074552,0 -92.7758932,36.0081278,0 -92.77674620000001,36.0087527,0 -92.7779639,36.0095641,0 -92.7794123,36.0104797,0 -92.78027830000001,36.0111011,0 -92.78036179999998,36.011161,0 -92.78042489999999,36.0112121,0 -92.78241629999999,36.0128273,0 -92.78385400000001,36.0139815,0 -92.78846230000001,36.0176615,0 -92.7886761,36.0178469,0 -92.78882680000001,36.0179777,0 -92.78930840000001,36.0183638000001,0 -92.79104,36.0197518,0 -92.7912247,36.0198998,0 -92.7933008,36.0215833,0 -92.79342130000001,36.0217028,0 -92.7935231,36.0218038,0 -92.79384700000001,36.022125,0 -92.79409,36.022329,0 -92.7948833,36.0230931,0 -92.7955965,36.0239424999999,0 -92.79611920000001,36.024565,0 -92.79642119999998,36.0249313,0 -92.79655200000001,36.02509,0 -92.7967556,36.0253315999999,0 -92.79697969999999,36.0255886,0 -92.7974603,36.0261531,0 -92.7984857,36.0273574,0 -92.79873049999999,36.0276423,0 -92.7988661,36.0278034,0 -92.79918549999999,36.0281779,0 -92.7993342,36.0283525,0 -92.79962879999999,36.0286983,0 -92.79985069999999,36.0289588,0 -92.80033349999999,36.0295271,0 -92.80085650000001,36.0300889,0 -92.8010362,36.0302081999999,0 -92.8011522,36.0302343,0 -92.80136349999998,36.0302819,0 -92.80165320000002,36.0302776,0 -92.80236250000002,36.0301522,0 -92.802779,36.0300785,0 -92.8028703,36.0300624,0 -92.8032947,36.0300173,0 -92.8038418,36.0299869,0 -92.8042071,36.0299872,0 -92.80459299999998,36.0300434,0 -92.80494150000001,36.0301388,0 -92.80549680000001,36.0303275,0 -92.8067386,36.030937,0 -92.80703419999999,36.0310919,0 -92.807681,36.0314309,0 -92.8080154,36.0316061,0 -92.80807969999999,36.0316398,0 -92.80839279999999,36.0317987,0 -92.80936179999999,36.0322905,0 -92.80978020000001,36.0325226,0 -92.80996260000001,36.0326462,0 -92.81033720000001,36.033032,0 -92.81040519999999,36.0331364,0 -92.8105956,36.0335204,0 -92.8106707,36.0338305,0 -92.8106895,36.0342123,0 -92.81068810000001,36.0350143,0 -92.8106868,36.0351233,0 -92.8106707,36.0361514,0 -92.81066,36.0369365,0 -92.81064929999999,36.0378171,0 -92.8106439,36.0381728,0 -92.8106439,36.0389232,0 -92.81064929999999,36.0398168,0 -92.81065340000001,36.0400865,0 -92.8106579,36.0403825,0 -92.81066,36.0405195,0 -92.81075120000001,36.0417948,0 -92.8108048,36.0424411,0 -92.81081020000002,36.0428011,0 -92.8107888,36.0431741,0 -92.81071900000001,36.0437467,0 -92.81069220000001,36.0441934,0 -92.81064929999999,36.0445968,0 -92.8106654,36.0449351,0 -92.81075659999999,36.0452951,0 -92.8110302,36.0459631,0 -92.81144859999999,36.0468523,0 -92.81156660000001,36.04726,0 -92.8116041,36.0476373,0 -92.8115827,36.0480277,0 -92.8115237,36.0483226,0 -92.8112823,36.0488431,0 -92.81117500000001,36.0492725,0 -92.81114820000001,36.0496281,0 -92.81121249999998,36.0500705,0 -92.8112555,36.0503654,0 -92.81121789999999,36.0507384,0 -92.8110945,36.0510767,0 -92.81092289999998,36.0513976,0 -92.81055270000002,36.0519745,0 -92.8103811,36.0524038,0 -92.81028990000001,36.0527118,0 -92.81026839999998,36.0530457,0 -92.81035420000002,36.0533666999999,0 -92.81052590000002,36.0536442,0 -92.8108263,36.0539305,0 -92.8112769,36.054156,0 -92.81233369999998,36.0544466,0 -92.8134871,36.0547501,0 -92.81398590000001,36.0548412,0 -92.8145868,36.0548802,0 -92.8158152,36.0549149,0 -92.8169096,36.054967,0 -92.8175533,36.0550841,0 -92.8180629,36.0552272,0 -92.8185028,36.0552966,0 -92.81896949999999,36.0552706,0 -92.819492,36.055148,0 -92.8198922,36.054993,0 -92.8206003,36.0546027,0 -92.8207931,36.0544881,0 -92.82107099999999,36.054323,0 -92.82197360000002,36.0539825,0 -92.8227407,36.053757,0 -92.824645,36.0531628,0 -92.825619,36.052897,0 -92.82776179999999,36.0524038,0 -92.82909220000001,36.0522217,0 -92.83071600000001,36.052101,0 -92.8323644,36.0520569,0 -92.83673,36.052022,0 -92.83963280000002,36.0519727,0 -92.8448904,36.0518834,0 -92.85010990000001,36.0518183,0 -92.85068389999999,36.0518357,0 -92.8511453,36.0518964,0 -92.8514618,36.0520178,0 -92.85176219999998,36.0521566,0 -92.85201969999999,36.0523214,0 -92.85206340000001,36.0523609,0 -92.8523362,36.0526077,0 -92.8525722,36.0529069,0 -92.85277069999999,36.0532279,0 -92.8530335,36.0536833,0 -92.8532696,36.0539478,0 -92.8535861,36.054182,0 -92.85414399999999,36.0544639,0 -92.8553671,36.054954,0 -92.856662,36.055506,0 -92.8571266,36.0556782,0 -92.857545,36.0558127,0 -92.85825850000001,36.0559818,0 -92.8598678,36.0562941,0 -92.86112849999999,36.0565456,0 -92.8619546,36.0567407,0 -92.86277530000001,36.0569836,0 -92.8645906,36.0576013,0 -92.8665948,36.058406,0 -92.86865099999999,36.059295,0 -92.86938050000001,36.0595876000001,0 -92.86984030000001,36.0597721,0 -92.87049699999999,36.0600738,0 -92.870822,36.0602231,0 -92.87220739999998,36.0608874,0 -92.87359280000001,36.0615518,0 -92.873806,36.061654,0 -92.87534949999998,36.0623827,0 -92.8757834,36.0625986,0 -92.87685690000001,36.0631329,0 -92.87786010000001,36.0636966,0 -92.8785376,36.0641226000001,0 -92.8785843,36.064152,0 -92.8797323,36.0649759,0 -92.88134000000001,36.0661855,0 -92.88155620000001,36.0663548,0 -92.8818163,36.0665673,0 -92.8822938,36.066886,0 -92.8826988,36.0670898,0 -92.88302200000001,36.0672052,0 -92.88318430000001,36.0672632,0 -92.88364060000001,36.067399,0 -92.8838253,36.067454,0 -92.88449590000002,36.0676448,0 -92.88493819999999,36.0677931,0 -92.88549629999999,36.0680329,0 -92.88591310000001,36.0681982,0 -92.88702249999999,36.0686313,0 -92.887398,36.0687267,0 -92.8876662,36.0687679,0 -92.8879505,36.0687831,0 -92.8883824,36.06877,0 -92.88863720000001,36.0687245,0 -92.88917359999999,36.068614,0 -92.88986,36.0684440000001,0 -92.8900726,36.0683992,0 -92.8909774,36.0682084,0 -92.89168949999998,36.0680286,0 -92.89219110000001,36.0678161,0 -92.8927839,36.067595,0 -92.8934276,36.0673218,0 -92.8941143,36.0671353,0 -92.89456079999999,36.0670637,0 -92.8950638,36.0671353,0 -92.8960337,36.0674143,0 -92.89713570000001,36.0677314,0 -92.8989905,36.0682931,0 -92.89952239999998,36.0684576,0 -92.89985960000001,36.0685619,0 -92.9001262,36.0686282,0 -92.900278,36.0686659999999,0 -92.9006535,36.0686963,0 -92.90102359999999,36.0686877,0 -92.9013777,36.0686096,0 -92.90212999999999,36.068356,0 -92.90267609999999,36.0681392,0 -92.90315799999999,36.067948,0 -92.90351300000002,36.067807,0 -92.9040062,36.0675993,0 -92.9041246,36.0675419000001,0 -92.9043549,36.0674302,0 -92.904726,36.067166,0 -92.90521320000001,36.0666627,0 -92.90626729999998,36.0655287,0 -92.9067057,36.0650657,0 -92.9069329,36.0648258,0 -92.90711759999999,36.064642,0 -92.90726239999999,36.0644956,0 -92.9075186,36.0643276,0 -92.9078083,36.0641975,0 -92.9080094,36.0641585,0 -92.90827899999999,36.0641389,0 -92.9086156,36.064167,0 -92.90935300000001,36.064334,0 -92.91029330000001,36.0645205,0 -92.9106689,36.0645466,0 -92.91082810000002,36.0645341,0 -92.9109746,36.0645205,0 -92.91106329999998,36.0645017000001,0 -92.9114252,36.0644251,0 -92.9117256,36.064282,0 -92.9118632,36.0641934,0 -92.912069,36.0640609,0 -92.91263889999999,36.0636206,0 -92.9133403,36.0629833,0 -92.91365949999999,36.0627383,0 -92.91397329999999,36.062554,0 -92.91444129999999,36.0623717,0 -92.9147378,36.0623068,0 -92.915128,36.0622763,0 -92.91549679999999,36.0622743,0 -92.91597160000001,36.0623523,0 -92.91655089999999,36.0625193,0 -92.916909,36.0625886,0 -92.91738100000002,36.0625712,0 -92.91855450000001,36.0623827,0 -92.91886030000001,36.062335,0 -92.92028989999999,36.062103,0 -92.9207284,36.0621202,0 -92.9210597,36.0621962,0 -92.92148349999999,36.0623523,0 -92.921682,36.0625041,0 -92.9218698,36.0626646,0 -92.922327,36.0632737,0 -92.92316789999998,36.0643753,0 -92.9234281,36.0646636,0 -92.92359709999999,36.0648024,0 -92.9237754,36.0649129,0 -92.9239377,36.0649954,0 -92.9241938,36.065095,0 -92.9244661,36.0651493,0 -92.92476120000001,36.0651688,0 -92.92502140000001,36.0651558,0 -92.92528689999999,36.0651103,0 -92.92617989999999,36.0648955,0 -92.92635999999999,36.064857,0 -92.92760019999999,36.0645165,0 -92.928185,36.0643318,0 -92.92933290000001,36.0637854,0 -92.92999810000001,36.0634385,0 -92.93069420000002,36.063237,0 -92.93122629999999,36.0631609,0 -92.9314251,36.0631436,0 -92.9319388,36.0631589,0 -92.9333711,36.063237,0 -92.9340261,36.0632936,0 -92.93407379999999,36.0632977,0 -92.93509310000002,36.0634104,0 -92.93652539999999,36.0636142,0 -92.9370296,36.0637357,0 -92.9374225,36.0638461,0 -92.93786650000001,36.0640609,0 -92.93833439999999,36.0643318,0 -92.9388494,36.0648088,0 -92.9391147,36.0651092,0 -92.939504,36.065636,0 -92.9401369,36.0665173,0 -92.9404909,36.0671677,0 -92.94084909999998,36.0680111999999,0 -92.9412675,36.068627,0 -92.9417248,36.0691971,0 -92.9422063,36.0696156,0 -92.94252940000001,36.0698561,0 -92.94333279999999,36.0704698,0 -92.9437459,36.0708774,0 -92.944091,36.0714353,0 -92.94414950000001,36.0715298,0 -92.94429839999999,36.0719397,0 -92.944407,36.0724491,0 -92.94440029999998,36.072963,0 -92.94439499999999,36.0736567,0 -92.94439499999999,36.0741813,0 -92.9445291,36.0748707,0 -92.94456,36.0749455,0 -92.94479320000001,36.0755102,0 -92.94502799999999,36.0759633,0 -92.94534400000002,36.076399,0 -92.945426,36.07651,0 -92.9455138,36.0766068,0 -92.9457361,36.0768522,0 -92.94649910000001,36.0775566,0 -92.94837890000001,36.0789047,0 -92.9487843,36.0792648,0 -92.9491854,36.079757,0 -92.9494,36.0801819,0 -92.9495019,36.0805634,0 -92.94954480000001,36.0809276,0 -92.9495877,36.0815475999999,0 -92.9495902,36.0823675,0 -92.94959179999999,36.0828685,0 -92.9495931,36.0832687,0 -92.94959969999999,36.0836742,0 -92.9496098,36.0842929,0 -92.9496169,36.0847301,0 -92.94963009999999,36.0855434,0 -92.94963300000001,36.0857200000001,0 -92.94967889999999,36.0860909,0 -92.94978619999999,36.0864269,0 -92.9499579,36.0867325,0 -92.9505533,36.0875367,0 -92.95107179999999,36.0882446,0 -92.9523906,36.090023,0 -92.95263470000002,36.0903523,0 -92.95324859999998,36.0911851999999,0 -92.9536335,36.091688,0 -92.9543084,36.0926107,0 -92.9543231,36.0926301,0 -92.9551318,36.0936988,0 -92.95571390000001,36.0944855,0 -92.95584839999999,36.094661,0 -92.9559922,36.0948486,0 -92.95616870000001,36.0950788,0 -92.9571825,36.0964486,0 -92.95845669999999,36.0981703,0 -92.95892939999999,36.0988146,0 -92.9591513,36.0991195,0 -92.95949950000001,36.0995749,0 -92.95985,36.10003,0 -92.96018239999999,36.1005062,0 -92.96053379999999,36.1011607,0 -92.9607591,36.1018303,0 -92.96083419999998,36.1022551,0 -92.9608798,36.1027037,0 -92.9608637,36.1032758,0 -92.9608181,36.1038653,0 -92.96066250000001,36.1058221,0 -92.96064109999999,36.1062034999999,0 -92.96063570000001,36.1067799,0 -92.9606974,36.1072393,0 -92.96076180000001,36.1075731000001,0 -92.9608959,36.108013,0 -92.961096,36.108491,0 -92.96131700000001,36.1088559,0 -92.96201170000001,36.1100326,0 -92.96279490000001,36.1113522,0 -92.96283489999999,36.1114205,0 -92.96312849999998,36.1119218,0 -92.96331529999999,36.1122406,0 -92.96388660000001,36.1132157,0 -92.9640294,36.1134596,0 -92.96416499999999,36.1136913,0 -92.96435330000001,36.1140131,0 -92.96479600000001,36.1147475,0 -92.96514989999999,36.1153348,0 -92.965284,36.1155558,0 -92.96537789999999,36.1157054,0 -92.96546600000001,36.115852,0 -92.965535,36.115961,0 -92.965695,36.116224,0 -92.966204,36.117092,0 -92.966297,36.11724,0 -92.966577,36.117725,0 -92.966916,36.118299,0 -92.96712800000002,36.118674,0 -92.96722699999999,36.118865,0 -92.967343,36.119126,0 -92.967393,36.11926,0 -92.967479,36.119541,0 -92.96759299999999,36.1201,0 -92.967938,36.121867,0 -92.96800260000002,36.1222162,0 -92.968154,36.123034,0 -92.9682,36.123224,0 -92.96822140000002,36.1233355,0 -92.96835800000001,36.124047,0 -92.96843169999998,36.1244147,0 -92.96852800000001,36.124895,0 -92.9685454,36.124965,0 -92.96858,36.125104,0 -92.96862200000001,36.125242,0 -92.96870099999998,36.125446,0 -92.968799,36.125642,0 -92.96891099999999,36.12583,0 -92.969036,36.126009,0 -92.96948289999999,36.1265816000001,0 -92.96957999999999,36.126706,0 -92.969758,36.126935,0 -92.969995,36.127238,0 -92.970387,36.12774,0 -92.97105500000001,36.128603,0 -92.971734,36.129454,0 -92.9718416,36.1295958,0 -92.972165,36.130022,0 -92.97245800000002,36.130421,0 -92.97257,36.130602,0 -92.97272600000001,36.130839,0 -92.972909,36.131241,0 -92.97304,36.131502,0 -92.973332,36.132164,0 -92.9734338,36.1323589,0 -92.97348,36.132451,0 -92.973631,36.132781,0 -92.97380099999999,36.133152,0 -92.97396380000001,36.1335699,0 -92.97417500000002,36.134005,0 -92.9742181,36.1341071,0 -92.974243,36.134166,0 -92.974306,36.134295,0 -92.97439900000001,36.134463,0 -92.974542,36.134776,0 -92.97460150000001,36.1349019,0 -92.974681,36.13507,0 -92.974794,36.135324,0 -92.97494500000001,36.135591,0 -92.9750086,36.1356918,0 -92.975104,36.135843,0 -92.97518599999999,36.135965,0 -92.975311,36.136127,0 -92.975453,36.136311,0 -92.9756768,36.136582,0 -92.97582300000002,36.136759,0 -92.97613389999999,36.1371255,0 -92.97664639999999,36.1377294,0 -92.97682000000002,36.137934,0 -92.978647,36.140088,0 -92.9794076,36.1410037,0 -92.9795651,36.1412012,0 -92.9799491,36.1416607999999,0 -92.9802722,36.1420546,0 -92.98112399999999,36.1430635,0 -92.98154270000001,36.1435587,0 -92.98194890000001,36.1440508,0 -92.98233540000001,36.1444986,0 -92.98288180000002,36.1451365,0 -92.98352989999999,36.1458824,0 -92.9843327,36.1468557,0 -92.98493819999999,36.147535,0 -92.9854969,36.1481836,0 -92.98610549999999,36.1488626,0 -92.986293,36.149056,0 -92.986535,36.149325,0 -92.98678299999999,36.149589,0 -92.98721360000002,36.1500323,0 -92.98729,36.150111,0 -92.9881745,36.1510528,0 -92.988507,36.151422,0 -92.98874199999999,36.151699,0 -92.98880200000001,36.15177,0 -92.98894299999999,36.151926,0 -92.98921900000001,36.152265,0 -92.98935899999998,36.152425,0 -92.98949000000002,36.152575,0 -92.98957500000002,36.152706,0 -92.98993900000001,36.153176,0 -92.98996549999998,36.1532128,0 -92.99002400000001,36.153294,0 -92.99019980000001,36.1535141999999,0 -92.99032099999998,36.153666,0 -92.990892,36.154477,0 -92.991184,36.154877,0 -92.99132400000001,36.155037,0 -92.99163900000001,36.155349,0 -92.991675,36.155381,0 -92.991822,36.155512,0 -92.99185799999999,36.155539,0 -92.992093,36.155719,0 -92.992288,36.15586,0 -92.992344,36.155899,0 -92.99257799999999,36.156062,0 -92.9926553,36.1561179,0 -92.992993,36.156334,0 -92.99324,36.156486,0 -92.99334900000001,36.156567,0 -92.99370399999999,36.156822,0 -92.994533,36.157398,0 -92.99495430000002,36.157688,0 -92.9955674,36.1581085000001,0 -92.99578099999999,36.158255,0 -92.9963916,36.1586562,0 -92.996622,36.158817,0 -92.99723,36.159221,0 -92.99753979999998,36.1594356,0 -92.9976344,36.1594946000001,0 -92.9982279,36.1598837,0 -92.998451,36.16003,0 -92.99966399999998,36.160847,0 -93.00013380000001,36.1611594,0 -93.00062200000002,36.161484,0 -93.00293400000001,36.163019,0 -93.00324899999998,36.16321,0 -93.00350899999999,36.163346,0 -93.003773,36.163469,0 -93.004042,36.163583,0 -93.00424700000001,36.163664,0 -93.00459499999998,36.163782,0 -93.00509,36.1639210000001,0 -93.008048,36.164698,0 -93.00832100000001,36.164777,0 -93.008591,36.164867,0 -93.00885600000001,36.164969,0 -93.00911399999998,36.165083,0 -93.00936400000001,36.165207,0 -93.00954299999999,36.165311,0 -93.00977700000001,36.165462,0 -93.010003,36.165622,0 -93.0101165,36.1657079,0 -93.01022500000001,36.16579,0 -93.010801,36.166239,0 -93.01242000000001,36.167536,0 -93.01307600000001,36.168107,0 -93.01366999999999,36.168739,0 -93.014219,36.1694079999999,0 -93.0142551,36.1694535,0 -93.014303,36.1695139,0 -93.014939,36.170315,0 -93.015156,36.170584,0 -93.0152729,36.1707287999999,0 -93.01559199999998,36.171124,0 -93.01622000000002,36.1719,0 -93.01673000000001,36.172545,0 -93.01728559999999,36.1732395,0 -93.018742,36.17506,0 -93.01875099999999,36.1750713,0 -93.01892119999999,36.1752849,0 -93.01932990000002,36.1757981,0 -93.019918,36.1765365,0 -93.0203437,36.177071,0 -93.02041989999999,36.1771667000001,0 -93.0214129,36.1784133,0 -93.0217985,36.1788972,0 -93.02199899999999,36.179149,0 -93.0228609,36.1802375,0 -93.02301579999998,36.1804253,0 -93.0233504,36.1808626,0 -93.02380899999999,36.181448,0 -93.024069,36.181733,0 -93.024131,36.18182,0 -93.024179,36.181873,0 -93.02432349999999,36.1820528,0 -93.025036,36.182939,0 -93.025257,36.183231,0 -93.02533699999999,36.183352,0 -93.025481,36.183534,0 -93.02554799999999,36.183609,0 -93.025603,36.183681,0 -93.02575,36.183838,0 -93.02594000000001,36.184053,0 -93.02640300000002,36.184644,0 -93.026775,36.185105,0 -93.026861,36.185224,0 -93.02718299999999,36.185627,0 -93.02722799999998,36.185676,0 -93.027299,36.185771,0 -93.027522,36.186067,0 -93.02777399999999,36.186429,0 -93.02784060000002,36.1865135,0 -93.028012,36.1867307,0 -93.028058,36.186789,0 -93.02810239999999,36.1868379,0 -93.02820069999999,36.1869461,0 -93.028398,36.187171,0 -93.02908499999999,36.1880349,0 -93.02915470000001,36.1881225,0 -93.02930010000001,36.1883053,0 -93.0294263,36.188464,0 -93.02956049999999,36.1886328,0 -93.0298698,36.1890217,0 -93.03023819999999,36.1894848999999,0 -93.0305761,36.1899098,0 -93.03103020000002,36.1904808,0 -93.0311801,36.1906692,0 -93.0313587,36.1908937,0 -93.03140500000001,36.190952,0 -93.03146179999999,36.191021,0 -93.03155,36.1911279999999,0 -93.0316055,36.1911866,0 -93.03171,36.191297,0 -93.031848,36.191418,0 -93.03216,36.191724,0 -93.03232499999999,36.191868,0 -93.03235999999998,36.191906,0 -93.03243999999999,36.191979,0 -93.0325323,36.1920469,0 -93.03267100000001,36.192149,0 -93.032917,36.192314,0 -93.0330386,36.1923928,0 -93.0331453,36.1924653,0 -93.03359519999999,36.1927216,0 -93.03462699999999,36.193278,0 -93.03570089999999,36.1938705,0 -93.037886,36.195076,0 -93.038597,36.195468,0 -93.038813,36.195579,0 -93.03905399999999,36.195713,0 -93.039326,36.19588,0 -93.03964000000001,36.196059,0 -93.040576,36.1966159999999,0 -93.04089,36.196797,0 -93.04165279999999,36.1972115,0 -93.04201140000001,36.1974126,0 -93.042151,36.1974898,0 -93.0423807,36.1976169,0 -93.0430762,36.1980017,0 -93.04459790000001,36.1988425,0 -93.04485459999998,36.1989832,0 -93.04514399999999,36.199149,0 -93.045587,36.199388,0 -93.04571799999999,36.199459,0 -93.045912,36.199559,0 -93.04599,36.199594,0 -93.04604,36.199624,0 -93.046469,36.199824,0 -93.0465404,36.1998535,0 -93.04669800000001,36.199932,0 -93.04734400000001,36.200203,0 -93.047569,36.200299,0 -93.047977,36.2004540000001,0 -93.048367,36.200594,0 -93.04851600000001,36.200668,0 -93.04899079999998,36.20086,0 -93.049296,36.2009767,0 -93.049589,36.2011,0 -93.05018,36.201374,0 -93.050792,36.201654,0 -93.05092,36.201708,0 -93.05116500000001,36.201819,0 -93.05154429999999,36.2019847,0 -93.05265550000001,36.2024921999999,0 -93.05460800000002,36.203384,0 -93.05469999999998,36.203429,0 -93.055921,36.203989,0 -93.055994,36.204018,0 -93.05612099999999,36.204069,0 -93.0577431,36.2048169,0 -93.0580935,36.2049709,0 -93.05823599999999,36.205036,0 -93.05843,36.205136,0 -93.05909699999999,36.205429,0 -93.059482,36.20559,0 -93.059563,36.205626,0 -93.059708,36.205678,0 -93.06036400000001,36.205954,0 -93.060959,36.206215,0 -93.0615789,36.2064969999999,0 -93.0618358,36.2066139,0 -93.0622401,36.2067877,0 -93.064114,36.207651,0 -93.06434329999999,36.2077556,0 -93.0651,36.2080928,0 -93.06745840000001,36.209174,0 -93.067775,36.2093181,0 -93.0687526,36.2097631,0 -93.069016,36.209883,0 -93.0712549,36.210906,0 -93.07158099999998,36.211055,0 -93.071836,36.211182,0 -93.071963,36.211253,0 -93.07204400000001,36.211307,0 -93.072208,36.211418,0 -93.07232299999998,36.211505,0 -93.07243299999999,36.2115980000001,0 -93.07253799999999,36.211694,0 -93.07259300000001,36.21175,0 -93.072638,36.211796,0 -93.07273100000002,36.211902,0 -93.0728601,36.2120898,0 -93.07294400000001,36.212191,0 -93.073311,36.212773,0 -93.07347900000001,36.213039,0 -93.073525,36.213109,0 -93.07361200000001,36.213228,0 -93.0736747,36.2133033,0 -93.07375740000001,36.2134066,0 -93.0737972,36.213454,0 -93.07389999999999,36.213563,0 -93.07422699999999,36.213891,0 -93.074482,36.2141439,0 -93.07523500000001,36.214895,0 -93.075616,36.215233,0 -93.07595800000001,36.215507,0 -93.076252,36.215723,0 -93.07654700000001,36.2159352,0 -93.07748109999999,36.2166072,0 -93.07811489999999,36.2170575,0 -93.07899260000002,36.2176986,0 -93.079412,36.217999,0 -93.07990460000002,36.2183523,0 -93.080904,36.219082,0 -93.081126,36.219266,0 -93.08133899999999,36.219462,0 -93.081536,36.21967,0 -93.08162800000001,36.219779,0 -93.081717,36.219893,0 -93.08182900000001,36.220045,0 -93.08225749999998,36.2206246,0 -93.0824393,36.2208705,0 -93.08260600000001,36.221096,0 -93.0827354,36.2212654,0 -93.08282179999999,36.2213987,0 -93.08283500000002,36.221419,0 -93.08324460000001,36.2219547,0 -93.083325,36.222094,0 -93.083437,36.222239,0 -93.083522,36.222357,0 -93.08365300000001,36.222551,0 -93.08368199999998,36.222594,0 -93.083827,36.222842,0 -93.083966,36.223132,0 -93.08400899999998,36.223236,0 -93.084058,36.223371,0 -93.084101,36.223508,0 -93.08413799999998,36.223648,0 -93.084281,36.224285,0 -93.084315,36.2243990000001,0 -93.08436500000001,36.224564,0 -93.08459409999999,36.2251774,0 -93.08491189999999,36.2260437,0 -93.08513269999999,36.2266413,0 -93.085621,36.227962,0 -93.08576600000002,36.228367,0 -93.08580600000001,36.228505,0 -93.08584,36.228643,0 -93.085868,36.228784,0 -93.085888,36.228925,0 -93.08590599999999,36.22914,0 -93.08591,36.229355,0 -93.085897,36.229569,0 -93.085866,36.229782,0 -93.08579899999999,36.230062,0 -93.085733,36.230268,0 -93.08568099999999,36.230401,0 -93.085623,36.2305320000001,0 -93.08555699999999,36.230659,0 -93.08520300000002,36.23129,0 -93.08510299999999,36.231484,0 -93.08503099999999,36.231673,0 -93.084992,36.231831,0 -93.08497300000001,36.2319769999999,0 -93.08495499999999,36.232053,0 -93.08495199999999,36.232128,0 -93.08495600000001,36.2322739999999,0 -93.08497199999999,36.23242,0 -93.08499999999998,36.232564,0 -93.085041,36.232707,0 -93.08509399999998,36.232844,0 -93.08515900000002,36.232978,0 -93.085233,36.233105,0 -93.085317,36.233226,0 -93.08541,36.233341,0 -93.085511,36.233449,0 -93.08561500000002,36.233551,0 -93.085728,36.2336469999999,0 -93.085847,36.2337349999999,0 -93.08597099999999,36.233816,0 -93.08609800000001,36.23389,0 -93.086229,36.2339549999999,0 -93.086316,36.2339930000001,0 -93.086365,36.234014,0 -93.08641849999999,36.2340369,0 -93.08650299999998,36.234066,0 -93.086643,36.234111,0 -93.086787,36.23415,0 -93.0868571,36.2341645,0 -93.086932,36.23418,0 -93.087079,36.234202,0 -93.08722500000002,36.2342170000001,0 -93.087293,36.234223,0 -93.08736140000001,36.2342254,0 -93.087371,36.234226,0 -93.087464,36.234229,0 -93.08751700000001,36.23423,0 -93.087794,36.234215,0 -93.08794500000002,36.234199,0 -93.0880063,36.2341893,0 -93.08808999999999,36.234176,0 -93.08824,36.234143,0 -93.088376,36.234107,0 -93.0884332,36.2340884,0 -93.088517,36.234061,0 -93.088612,36.2340256,0 -93.08865400000001,36.2340099999999,0 -93.08873490000001,36.2339752,0 -93.090215,36.233338,0 -93.09092320000001,36.2330346,0 -93.0921228,36.2325143,0 -93.092975,36.23214,0 -93.0933368,36.2319853,0 -93.093777,36.231797,0 -93.09418100000002,36.231639,0 -93.0944794,36.2315388,0 -93.09468200000001,36.231485,0 -93.09537699999998,36.231274,0 -93.0962816,36.2310058,0 -93.097222,36.230727,0 -93.09739399999999,36.230672,0 -93.098507,36.230343,0 -93.098837,36.230256,0 -93.09912,36.2301939999999,0 -93.09935199999998,36.230159,0 -93.099495,36.230145,0 -93.09978200000002,36.230133,0 -93.09992399999999,36.230134,0 -93.10009599999999,36.230144,0 -93.100262,36.23016,0 -93.10042300000001,36.230179,0 -93.10063499999998,36.230215,0 -93.100776,36.230245,0 -93.101054,36.230321,0 -93.10119,36.230366,0 -93.101326,36.23042,0 -93.101457,36.230472,0 -93.101533,36.2305098,0 -93.10158800000001,36.2305320000001,0 -93.101716,36.230596,0 -93.10184200000002,36.230666,0 -93.101994,36.230762,0 -93.10213899999999,36.230864,0 -93.10225,36.230952,0 -93.102467,36.231139,0 -93.10307680000001,36.2317044,0 -93.1031905,36.231817,0 -93.103346,36.231959,0 -93.103419,36.232032,0 -93.10372250000002,36.232292,0 -93.1042788,36.2328481,0 -93.1043373,36.2329204,0 -93.10439299999999,36.2329953,0 -93.10444029999999,36.233067,0 -93.1044885,36.2331486,0 -93.10453630000001,36.233243,0 -93.10457479999999,36.2333276,0 -93.104612,36.233429,0 -93.104664,36.233635,0 -93.104686,36.233776,0 -93.10469799999998,36.234046,0 -93.10469100000002,36.234117,0 -93.104651,36.234326,0 -93.10461299999999,36.23447,0 -93.10454099999998,36.234674,0 -93.104536,36.234684,0 -93.10448,36.234803,0 -93.10440699999999,36.234926,0 -93.104326,36.235043,0 -93.104237,36.235154,0 -93.103954,36.235486,0 -93.10385199999999,36.2356,0 -93.103769,36.23572,0 -93.10369199999998,36.235845,0 -93.103621,36.235972,0 -93.103495,36.236233,0 -93.10343899999999,36.236367,0 -93.10334,36.23664,0 -93.10324499999999,36.23699,0 -93.10321500000001,36.237133,0 -93.103191,36.237276,0 -93.10317499999999,36.237421,0 -93.1031545,36.2377355,0 -93.10315700000001,36.238003,0 -93.10317999999999,36.238294,0 -93.10322900000001,36.238582,0 -93.103298,36.238865,0 -93.10338400000001,36.239142,0 -93.10349100000001,36.239413,0 -93.10355199999999,36.239545,0 -93.10368699999999,36.239802,0 -93.10376049999999,36.2399214,0 -93.10383899999999,36.240049,0 -93.1039129,36.2401574,0 -93.10399000000001,36.240261,0 -93.10400899999999,36.240287,0 -93.10409799999999,36.240401,0 -93.104106,36.24041,0 -93.1041402,36.2404507,0 -93.10428599999999,36.2406240000001,0 -93.10438499999999,36.24073,0 -93.1045465,36.2408892,0 -93.10463680000001,36.2409701,0 -93.1047828,36.2410996,0 -93.1049402,36.2412364,0 -93.1050474,36.2413293999999,0 -93.1052226,36.241472,0 -93.10540129999998,36.2416076,0 -93.10562189999999,36.2417636,0 -93.105819,36.2418886,0 -93.10600289999998,36.2419932,0 -93.10616539999999,36.2420824000001,0 -93.10654230000002,36.2422742,0 -93.10669199999998,36.242354,0 -93.10682850000001,36.2424294,0 -93.106944,36.242495,0 -93.107354,36.2427367,0 -93.1096187,36.2441045,0 -93.1098243,36.2442298,0 -93.11031990000001,36.2445301,0 -93.1105941,36.2446968,0 -93.1110645,36.2449828,0 -93.111593,36.2453040000001,0 -93.1130098,36.2461640999999,0 -93.113298,36.246339,0 -93.11434599999998,36.246975,0 -93.11524009999998,36.2475143,0 -93.1155236,36.2476959,0 -93.11579610000001,36.2478705,0 -93.11650160000001,36.2482913,0 -93.1167001,36.2484098,0 -93.11737099999999,36.24881,0 -93.11762900000001,36.2489679999999,0 -93.11775199999998,36.249041,0 -93.1179968,36.2491862,0 -93.118246,36.249334,0 -93.11833900000002,36.249386,0 -93.11849100000001,36.249472,0 -93.11870399999999,36.249576,0 -93.118709,36.2499135,0 -93.1187,36.250015,0 -93.11870799999998,36.250138,0 -93.1187109,36.2501622,0 -93.118725,36.250282,0 -93.11878400000001,36.250577,0 -93.118804,36.250633,0 -93.118833,36.250714,0 -93.118891,36.250847,0 -93.1189134,36.2508933,0 -93.118955,36.250979,0 -93.119027,36.251108,0 -93.11910699999999,36.251233,0 -93.119196,36.251351,0 -93.119291,36.251463,0 -93.119394,36.2515735,0 -93.11953800000001,36.251728,0 -93.1196844,36.2518782,0 -93.12042499999998,36.252638,0 -93.120716,36.2529425,0 -93.120963,36.253201,0 -93.121174,36.253423,0 -93.12226699999999,36.254547,0 -93.1224491,36.2547328,0 -93.12254059999999,36.2548262,0 -93.1228899,36.2551827,0 -93.12304700000001,36.2553431,0 -93.1231633,36.2554618,0 -93.12318999999999,36.255489,0 -93.123417,36.255717,0 -93.12366699999998,36.255992,0 -93.12403799999998,36.256388,0 -93.12420849999998,36.25657,0 -93.12422999999998,36.256593,0 -93.124342,36.256713,0 -93.125049,36.257468,0 -93.12540199999999,36.257848,0 -93.125523,36.2579776,0 -93.12588839999999,36.2583668,0 -93.12628789999999,36.2587962,0 -93.126507,36.259031,0 -93.1265465,36.2590695,0 -93.12665150000001,36.259172,0 -93.126716,36.259235,0 -93.126825,36.259331,0 -93.12705200000001,36.259512,0 -93.127171,36.259597,0 -93.12741599999998,36.259761,0 -93.127612,36.259877,0 -93.12779900000001,36.259976,0 -93.127903,36.260024,0 -93.128032,36.260083,0 -93.12832279999999,36.2602046,0 -93.128426,36.2602478,0 -93.1286976,36.2603613,0 -93.129003,36.260489,0 -93.1295209,36.2607039,0 -93.129873,36.26085,0 -93.13005250000001,36.2609293,0 -93.13029900000001,36.2610382000001,0 -93.13058169999999,36.2611631,0 -93.13063800000002,36.261188,0 -93.13093690000001,36.2613276,0 -93.1312212,36.2614604,0 -93.131593,36.261634,0 -93.131905,36.261788,0 -93.13224700000001,36.2619559999999,0 -93.13253,36.262101,0 -93.1327251,36.2622035,0 -93.132886,36.262288,0 -93.13314620000001,36.2624245,0 -93.13343700000001,36.262577,0 -93.133858,36.262789,0 -93.13414800000001,36.262938,0 -93.13430599999998,36.26303,0 -93.13446059999998,36.2631275000001,0 -93.13452100000001,36.263168,0 -93.1353093,36.2636865,0 -93.13541499999999,36.263756,0 -93.1355339,36.2638325,0 -93.135757,36.263976,0 -93.135845,36.2640323,0 -93.136146,36.2642250000001,0 -93.136602,36.264527,0 -93.13704079999998,36.2648348,0 -93.13751999999998,36.265171,0 -93.13813949999998,36.2656144,0 -93.1385734,36.2659221,0 -93.1387442,36.2660462,0 -93.13891599999998,36.266171,0 -93.139014,36.266241,0 -93.13910799999998,36.266309,0 -93.14020559999999,36.2670985000001,0 -93.141231,36.267822,0 -93.141549,36.268027,0 -93.141918,36.268251,0 -93.14208600000001,36.268344,0 -93.14223200000001,36.268425,0 -93.14248800000001,36.268556,0 -93.14249409999999,36.2685589,0 -93.142813,36.268709,0 -93.142886,36.2687399,0 -93.1433815,36.26895,0 -93.143681,36.269077,0 -93.144685,36.269488,0 -93.1450143,36.2696294,0 -93.14501799999999,36.269631,0 -93.145413,36.269816,0 -93.145613,36.26992,0 -93.14599699999999,36.270131,0 -93.14613300000001,36.270214,0 -93.146345,36.270344,0 -93.14721,36.270926,0 -93.14734900000002,36.271022,0 -93.147671,36.271247,0 -93.147992,36.271464,0 -93.14834699999999,36.271707,0 -93.1491226,36.2722368,0 -93.1518818,36.2741214,0 -93.15253479999998,36.2745664,0 -93.15296000000001,36.2748509999999,0 -93.153065,36.274922,0 -93.153676,36.275309,0 -93.15429600000002,36.275681,0 -93.15502499999999,36.276084,0 -93.1551,36.276125,0 -93.155568,36.276379,0 -93.15620699999999,36.27672,0 -93.15671500000001,36.276996,0 -93.1574091,36.2773758,0 -93.157669,36.277518,0 -93.15804799999999,36.277734,0 -93.15885900000002,36.278215,0 -93.15897099999999,36.278278,0 -93.1593228,36.2784973,0 -93.160363,36.279163,0 -93.16044499999998,36.2792160000001,0 -93.16085099999998,36.27948,0 -93.161362,36.279819,0 -93.1623098,36.2804497,0 -93.16280399999999,36.280789,0 -93.163642,36.281363,0 -93.1643929,36.2819097,0 -93.164528,36.282008,0 -93.16463600000002,36.282087,0 -93.164773,36.282182,0 -93.16493199999999,36.282293,0 -93.165232,36.282494,0 -93.16558900000001,36.282714,0 -93.165915,36.282902,0 -93.166296,36.283109,0 -93.16668300000002,36.283303,0 -93.16680700000001,36.283361,0 -93.167068,36.283478,0 -93.167923,36.283836,0 -93.168752,36.284175,0 -93.16969600000002,36.284551,0 -93.16986899999999,36.284626,0 -93.17016099999999,36.284758,0 -93.170292,36.284821,0 -93.170616,36.284988,0 -93.170869,36.285132,0 -93.1714636,36.285471,0 -93.172059,36.285819,0 -93.17211399999999,36.285848,0 -93.17244100000002,36.286022,0 -93.17253700000001,36.286069,0 -93.17276599999998,36.286174,0 -93.17316799999999,36.286339,0 -93.174266,36.2867579999999,0 -93.17433800000001,36.286786,0 -93.17573,36.287299,0 -93.17614599999999,36.287453,0 -93.177373,36.287908,0 -93.17887500000001,36.288466,0 -93.17919600000002,36.288588,0 -93.17935700000001,36.288649,0 -93.1801729,36.2889755,0 -93.1809986,36.2892664,0 -93.1818502,36.2895737,0 -93.18417669999999,36.2904413,0 -93.1844612,36.290554,0 -93.185191,36.2908572,0 -93.18593899999999,36.2912007,0 -93.18689089999999,36.2916903,0 -93.18759350000001,36.2921032,0 -93.18850739999999,36.292682,0 -93.18913480000001,36.2931189,0 -93.18968329999998,36.2935208,0 -93.1902091,36.293941,0 -93.1906534,36.2943538,0 -93.19112030000001,36.2948982,0 -93.1916324,36.2954557,0 -93.1924394,36.2962683,0 -93.19284260000001,36.296787,0 -93.19329860000001,36.297483,0 -93.1938404,36.2984299,0 -93.194114,36.298979,0 -93.1943751,36.2996368,0 -93.19471960000001,36.300404,0 -93.19572140000001,36.3027092,0 -93.1968547,36.305197,0 -93.19724909999999,36.306103,0 -93.19778849999999,36.3075094,0 -93.19804689999999,36.3082436,0 -93.1982055,36.308766,0 -93.1983279,36.3093395,0 -93.198545,36.310755,0 -93.1985825,36.3113926,0 -93.19859059999999,36.3118627,0 -93.1985772,36.3124462,0 -93.19855699999999,36.3128558,0 -93.19851570000002,36.3133254,0 -93.1984444,36.3139441,0 -93.19838540000001,36.314318,0 -93.19829209999999,36.3148151,0 -93.1982287,36.3152132000001,0 -93.19812930000002,36.315914,0 -93.19802460000001,36.316437,0 -93.19793610000002,36.3170443,0 -93.19785299999999,36.3176084,0 -93.19700539999999,36.3229614,0 -93.19693299999999,36.3233828,0 -93.1968579,36.3240463,0 -93.1968311,36.3245973,0 -93.19683909999999,36.3249193,0 -93.1968766,36.3253472,0 -93.1969893,36.3259652,0 -93.1971422,36.3265487,0 -93.19730039999999,36.3269981,0 -93.19742649999999,36.3273093,0 -93.19757130000001,36.3275881,0 -93.19783150000002,36.3280592,0 -93.19812920000001,36.3285086,0 -93.1984001,36.328876,0 -93.1986576,36.3291936000001,0 -93.19908409999999,36.3296474,0 -93.199591,36.3302222,0 -93.2005379,36.3312442000001,0 -93.2013243,36.3321085,0 -93.20208719999999,36.3329238,0 -93.20243949999998,36.3333428,0 -93.20306050000001,36.3340111,0 -93.20402149999998,36.3350518,0 -93.2048601,36.3359355,0 -93.2059843,36.3372209,0 -93.20730349999999,36.338656,0 -93.20799250000002,36.3394155000001,0 -93.209425,36.3409418000001,0 -93.2098103,36.3414092,0 -93.2109028,36.3429501,0 -93.21217919999999,36.3447265,0 -93.21344130000001,36.3464699,0 -93.21458819999999,36.3480326,0 -93.21560359999999,36.3495076,0 -93.21627900000001,36.3505007,0 -93.21700430000001,36.3514718000001,0 -93.21826000000001,36.3532608,0 -93.21943409999999,36.3548525,0 -93.2207169,36.3566816,0 -93.2216294,36.3579189,0 -93.2224078,36.3590216,0 -93.222988,36.3598248,0 -93.22337330000001,36.3604015,0 -93.223677,36.3609418,0 -93.22392640000001,36.3615186,0 -93.22414389999999,36.3622268,0 -93.22426629999998,36.362767,0 -93.22432529999999,36.3632964,0 -93.22435249999998,36.3638731,0 -93.22432529999999,36.3647638,0 -93.2241394,36.3672825,0 -93.224085,36.3687845,0 -93.22403,36.3696052,0 -93.2239495,36.3706516,0 -93.22393940000001,36.3708257,0 -93.22392139999999,36.3711365,0 -93.2239093,36.3713859,0 -93.2238986,36.3716019,0 -93.2238328,36.3726342,0 -93.22377119999999,36.3734981,0 -93.223677,36.3751008,0 -93.22362219999999,36.3758636,0 -93.22357359999999,36.3765242,0 -93.22356370000001,36.3771702,0 -93.2235003,36.3781865,0 -93.22347340000002,36.3785709,0 -93.2234141,36.3793455,0 -93.22339150000001,36.3799476,0 -93.223291,36.3822721,0 -93.2231543,36.383775,0 -93.22311130000001,36.3846215,0 -93.22308989999999,36.385062,0 -93.223114,36.3855111,0 -93.22316229999998,36.3858566,0 -93.22318909999998,36.3860769,0 -93.22329369999999,36.3865606,0 -93.22346800000001,36.3871673,0 -93.2237255,36.3878496,0 -93.22397499999998,36.3885039,0 -93.2243452,36.3895252,0 -93.22520940000001,36.3918457,0 -93.22755050000001,36.397962,0 -93.22760100000001,36.398094,0 -93.22785,36.398754,0 -93.22823699999999,36.399769,0 -93.22905240000001,36.4019503,0 -93.23030369999998,36.4052813,0 -93.23045620000002,36.4056809,0 -93.23065929999999,36.406231,0 -93.2307476,36.4064503,0 -93.2307946,36.4065798,0 -93.23090320000001,36.4068626,0 -93.23128129999999,36.4078761,0 -93.2321316,36.4101297,0 -93.23240790000001,36.4108593,0 -93.2324964,36.4111011,0 -93.2326063,36.4114291,0 -93.2326734,36.4117357,0 -93.23271630000001,36.411999,0 -93.23274309999998,36.4121696,0 -93.2327834,36.4124394,0 -93.23280750000002,36.4127826,0 -93.23282089999999,36.4130977,0 -93.2328102,36.4133805,0 -93.23278069999999,36.4137108,0 -93.23275389999999,36.4140086,0 -93.2326815,36.4142935,0 -93.23263850000001,36.4145526,0 -93.23257150000002,36.4148159,0 -93.232432,36.415284,0 -93.232254,36.415836,0 -93.23208099999999,36.416387,0 -93.231413,36.418457,0 -93.23095899999998,36.419836,0 -93.230738,36.420526,0 -93.230288,36.421903,0 -93.23014700000002,36.4223410000001,0 -93.229845,36.423283,0 -93.229398,36.424661,0 -93.2285507,36.4272863,0 -93.228353,36.427899,0 -93.227419,36.430784,0 -93.226123,36.434786,0 -93.22501199999999,36.43823,0 -93.22492100000001,36.438509,0 -93.22411600000001,36.440989,0 -93.223001,36.444434,0 -93.22256299999998,36.445777,0 -93.221982,36.44759,0 -93.22164400000001,36.448636,0 -93.221414,36.449324,0 -93.220111,36.453387,0 -93.219942,36.453941,0 -93.21988399999998,36.45415,0 -93.21981399999999,36.454506,0 -93.219765,36.454865,0 -93.21972899999999,36.455226,0 -93.219627,36.456649,0 -93.219618,36.456804,0 -93.21937580000001,36.4604245,0 -93.21905940000001,36.4651695,0 -93.21900200000002,36.465995,0 -93.21886000000001,36.466927,0 -93.218476,36.468974,0 -93.218435,36.4692190000001,0 -93.21826699999998,36.470057,0 -93.21771900000002,36.4729709999999,0 -93.217596,36.473611,0 -93.21722699999999,36.475528,0 -93.21691,36.4772359999999,0 -93.216866,36.477522,0 -93.21683300000001,36.47781,0 -93.216815,36.478099,0 -93.216813,36.478316,0 -93.21682699999998,36.478678,0 -93.21685100000002,36.478966,0 -93.216874,36.479182,0 -93.216928,36.47954,0 -93.216988,36.479824,0 -93.21704300000002,36.480033,0 -93.21715000000002,36.480379,0 -93.21722200000002,36.480584,0 -93.21729999999999,36.480787,0 -93.218008,36.482454,0 -93.218227,36.48296,0 -93.219274,36.485377,0 -93.21938400000001,36.485631,0 -93.21942199999999,36.485719,0 -93.21957199999999,36.486064,0 -93.22191499999998,36.491499,0 -93.22205200000001,36.491835,0 -93.22217499999999,36.492176,0 -93.22225700000001,36.492455,0 -93.22231099999999,36.492665,0 -93.222385,36.49302,0 -93.22242100000001,36.493234,0 -93.22247299999999,36.493664,0 -93.222483,36.493923,0 -93.22248400000001,36.493954,0 -93.222482,36.494243,0 -93.222464,36.494533,0 -93.222441,36.494749,0 -93.222414,36.494886,0 -93.222312,36.4954599999999,0 -93.22193059999999,36.4975946,0 -93.22181040000001,36.4981347,0 
				
					-93.22181040000001,36.4981347,0 -93.22129,36.500649,0 -93.221174,36.501968,0 -93.2211708,36.502335,0 -93.2212138,36.5026821,0 -93.22125689999999,36.5030301,0 -93.22132759999998,36.5033578,0 -93.22145999999999,36.5037944,0 -93.22154140000001,36.5040393,0 -93.2216372,36.5043082,0 -93.22178080000002,36.504632,0 -93.22190879999999,36.5048934,0 -93.2221019,36.5052263,0 -93.22231910000001,36.5055850999999,0 -93.22322029999999,36.5069207,0 -93.2286453,36.5150421000001,0 -93.23057500000002,36.517849,0 -93.230913,36.518222,0 -93.231703,36.518919,0 -93.23214900000001,36.519235,0 -93.233144,36.519803,0 -93.239895,36.523094,0 -93.24135199999999,36.524017,0 -93.242616,36.525091,0 -93.243341,36.52589,0 -93.243982,36.526717,0 -93.24471,36.528008,0 -93.24521,36.5292579999999,0 -93.2456074,36.5311823,0 -93.24566900000001,36.531541,0 -93.24573360000001,36.5319135,0 -93.24772400000001,36.543379,0 -93.24907299999998,36.550755,0 -93.249351,36.551692,0 -93.249925,36.553106,0 -93.25368790000002,36.560946,0 -93.25426,36.562182,0 -93.25451000000001,36.563153,0 -93.25448900000001,36.564117,0 -93.25421399999999,36.565039,0 -93.253987,36.565471,0 -93.25338400000001,36.566262,0 -93.250401,36.5692076,0 -93.25017360000001,36.5694322,0 -93.2500795,36.5695251,0 -93.24982220000001,36.5697792,0 -93.2495959,36.5700027,0 -93.23387889999999,36.5855224,0 -93.23249319999999,36.5868413,0 -93.2318257,36.5875377,0 -93.23139949999998,36.5880796,0 -93.23137,36.5881307,0 -93.23123339999999,36.5883559,0 -93.23119680000001,36.5884212,0 -93.2310942,36.5886046,0 -93.23087110000002,36.5891242,0 -93.2307323,36.5895611,0 -93.23062610000001,36.590061,0 -93.2306069,36.5901979,0 -93.23057900000001,36.590639,0 -93.2305927,36.5910863,0 -93.2306607,36.5915561,0 -93.23079669999998,36.5920471,0 -93.23098170000002,36.5925201,0 -93.23121470000001,36.5929741,0 -93.2314937,36.5934051,0 -93.23182370000001,36.5938081,0 -93.2321907,36.5941791,0 -93.23258869999999,36.5945191,0 -93.23273570000001,36.5946291,0 -93.2330087,36.5948331000001,0 -93.2334377,36.5951501,0 -93.2334997,36.5951951,0 -93.2339077,36.5954781,0 -93.23429669999999,36.5957651,0 -93.2346287,36.5960531,0 -93.2349627,36.5963891,0 -93.23501570000001,36.5964521,0 -93.23523470000001,36.5967131,0 -93.2354627,36.5970931,0 -93.2356437,36.5974811,0 -93.2357707,36.5978321,0 -93.2357837,36.5978671,0 -93.23585260000002,36.5982218,0 -93.2358753,36.598327,0 -93.2358833,36.5984498,0 -93.23589409999998,36.5985639,0 -93.2359029,36.59866,0 -93.2359021,36.5987792,0 -93.2359056,36.5988861,0 -93.23590830000001,36.5989981,0 -93.23590020000002,36.5991144,0 -93.2358922,36.5992177,0 -93.23585679999999,36.5995212,0 -93.2357365,36.5999781,0 -93.23532349999999,36.6012182,0 -93.23485680000002,36.6024283,0 -93.23462610000001,36.6030226,0 -93.23417010000001,36.6045643,0 -93.2338161,36.6055892,0 -93.2333983,36.6067296,0 -93.2333386,36.6069199,0 -93.23300070000002,36.6078328,0 -93.2327861,36.6085002,0 -93.23234619999999,36.6098394,0 -93.2319224,36.6109849,0 -93.2314021,36.6124488999999,0 -93.2312251,36.6129743,0 -93.2310614,36.613301,0 -93.2309461,36.6135426,0 -93.2307203,36.6139713,0 -93.23044720000001,36.6144305,0 -93.2301533,36.6148335,0 -93.2297713,36.6153295,0 -93.22915570000001,36.6159773,0 -93.22830150000001,36.6166686,0 -93.22622029999999,36.6181005,0 -93.2248331,36.6190651,0 -93.2242352,36.6194974,0 -93.2237095,36.6199667,0 -93.2233179,36.620436,0 -93.2230229,36.6208192,0 -93.22280910000001,36.6212567,0 -93.222583,36.6217449,0 -93.22247569999999,36.6220979,0 -93.222347,36.6228299,0 -93.2223201,36.6233207,0 -93.22234159999999,36.6238029,0 -93.22244349999998,36.6243755,0 -93.22271710000001,36.6254173,0 -93.22344130000002,36.6280392,0 -93.22355930000001,36.6284396000001,0 -93.22372559999999,36.6290292999999,0 -93.2242119,36.6307194,0 -93.2243103,36.6310613,0 -93.2247333,36.6325243,0 -93.2253953,36.634904,0 -93.225874,36.636719,0 -93.2260532,36.6373258,0 -93.22612119999999,36.6375655,0 -93.2265312,36.6390041,0 -93.22660169999999,36.6392652,0 -93.2270894,36.6410049,0 -93.2272602,36.6416333,0 -93.2273302,36.6419199,0 -93.22738320000001,36.6421374,0 -93.2274225,36.6423425,0 -93.2274535,36.6425292,0 -93.22747649999999,36.6427327,0 -93.22749020000001,36.64294,0 -93.22749690000001,36.643153,0 -93.2275004,36.6433724,0 -93.2274961,36.6435637,0 -93.22748060000002,36.6437857,0 -93.22745959999999,36.6440041,0 -93.22743180000002,36.6442121,0 -93.2273824,36.6444762,0 -93.2273546,36.644626,0 -93.2273125,36.6448092,0 -93.22724839999999,36.6450455,0 -93.227208,36.645169,0 -93.22704400000001,36.645634,0 -93.226843,36.646099,0 -93.22660600000002,36.646552,0 -93.226331,36.646998,0 -93.22569800000001,36.647873,0 -93.22504399999998,36.64874,0 -93.2247338,36.6491926,0 -93.22376999999999,36.6504777,0 -93.2233992,36.6509629,0 -93.2232226,36.6511968,0 -93.2230563,36.6514347,0 -93.2228873,36.6516907,0 -93.2226711,36.6520518,0 -93.2225432,36.6522914,0 -93.2224351,36.6525101,0 -93.22237340000001,36.6526473,0 -93.22226809999998,36.6529029,0 -93.22220099999998,36.653088,0 -93.2221359,36.6532764,0 -93.2220765,36.6534693,0 -93.22203020000001,36.6536426,0 -93.2219889,36.6538137,0 -93.2219491,36.6539866,0 -93.22191450000001,36.6541641,0 -93.22188120000001,36.6543649,0 -93.22185589999999,36.6545622,0 -93.22183750000001,36.6547467,0 -93.221824,36.6549512,0 -93.2218136,36.655136,0 -93.22181190000001,36.6552964,0 -93.2218171,36.6554903,0 -93.221822,36.6558201,0 -93.221834,36.6561421,0 -93.2218804,36.6576223,0 -93.2219107,36.6582881,0 -93.22194639999999,36.6592554,0 -93.2219497,36.659423,0 -93.2219625,36.6600757,0 -93.2219766,36.6605587,0 -93.22199239999999,36.6610484,0 -93.22202609999998,36.661782,0 -93.2220296,36.662175,0 -93.22202859999999,36.6624443000001,0 -93.22202150000001,36.6626373,0 -93.222005,36.6628488,0 -93.22197540000001,36.6630971,0 -93.2219372,36.6633307,0 -93.221901,36.663523,0 -93.22178200000002,36.664027,0 -93.2216427,36.6645495,0 -93.22155170000001,36.6649018,0 -93.2215295,36.6649875,0 -93.22146750000002,36.6652394,0 -93.22142819999999,36.6654125000001,0 -93.22134269999999,36.6659877,0 -93.2213215,36.6661688,0 -93.22131879999999,36.666192,0 -93.22129700000001,36.6664543,0 -93.2212883,36.6665617,0 -93.22127690000001,36.6667706,0 -93.2212737,36.6669063,0 -93.221262,36.6672685,0 -93.2212559,36.6676467,0 -93.22120169999999,36.6728782,0 -93.22119840000001,36.6731283,0 -93.2211508,36.6773115,0 -93.22114310000001,36.678195,0 -93.22113569999999,36.6791813,0 -93.221131,36.6798199,0 -93.22111339999999,36.6813308,0 -93.2211068,36.6826591,0 -93.22109219999999,36.6837892,0 -93.22107,36.6851736,0 -93.22104880000001,36.6868857,0 -93.2210437,36.6878635,0 -93.2210261,36.6889721,0 -93.2210225,36.6898726,0 -93.221,36.6914497,0 -93.220991,36.6926789,0 -93.2209814,36.6938002,0 -93.2209723,36.6941524,0 -93.22095500000002,36.6952418,0 -93.2209443,36.6964677,0 -93.220934,36.697143,0 -93.22093060000002,36.6979595,0 -93.22091449999999,36.6993031,0 -93.22089960000001,36.7006117,0 -93.2208909,36.7017449,0 -93.2208691,36.7040188,0 -93.2208534,36.7054878,0 -93.2208426,36.7059542000001,0 -93.22084220000001,36.7063739,0 -93.22083019999999,36.7068763,0 -93.22082760000001,36.7080505,0 -93.22081369999999,36.7084716,0 -93.22080089999999,36.7097764,0 -93.2207892,36.7109122,0 -93.22078260000002,36.7116171,0 -93.22076389999999,36.7134082,0 -93.22075270000001,36.7144473,0 -93.22073129999998,36.7161949,0 -93.2207234,36.716718,0 -93.22071589999999,36.7175721,0 -93.2206884,36.7194328,0 -93.2206781,36.720863,0 -93.220665,36.7223493,0 -93.22064759999999,36.7239067,0 -93.2206376,36.7249414,0 -93.22063350000001,36.7264265,0 -93.2206211,36.7273208,0 -93.2206075,36.7281687,0 -93.2205903,36.7286667,0 -93.22058150000001,36.729872,0 -93.22057799999999,36.7312636,0 -93.2205823,36.7315632,0 -93.2205891,36.7319641,0 -93.2206082,36.7323109,0 -93.22064020000001,36.7327053,0 -93.2207116,36.7336259,0 -93.2208136,36.7345377999999,0 -93.22087019999999,36.7349892,0 -93.22092329999998,36.7354009,0 -93.2209955,36.7359218,0 -93.22121249999999,36.73739,0 -93.22130569999999,36.7380157000001,0 -93.22136980000001,36.7384231,0 -93.2215408,36.7395109,0 -93.22167399999999,36.7405144,0 -93.22184839999998,36.7418076,0 -93.22189420000001,36.742114,0 -93.2220593,36.7432206,0 -93.22216830000001,36.7439043,0 -93.22221740000001,36.7442757,0 -93.2222749,36.744669,0 -93.2223511,36.7452132,0 -93.2224334,36.7457337,0 -93.22247799999998,36.7460681,0 -93.2225262,36.7464189,0 -93.2225791,36.7468335,0 -93.222601,36.747142,0 -93.22263799999999,36.747465,0 -93.222656,36.747793,0 -93.22265999999999,36.748117,0 -93.22267190000001,36.7489117,0 -93.22266670000002,36.7495487,0 -93.22262600000001,36.75054,0 -93.222618,36.750905,0 -93.22261300000001,36.751289,0 -93.22260900000002,36.751687,0 -93.22260199999999,36.752091,0 -93.22259399999999,36.752516,0 -93.22259,36.752938,0 -93.22258099999999,36.753368,0 -93.222571,36.753797,0 -93.22256400000001,36.754225,0 -93.22254599999999,36.755078,0 -93.222538,36.755523,0 -93.222526,36.756326,0 -93.22251900000001,36.756701,0 -93.22250899999999,36.757074,0 -93.22250699999999,36.757452,0 -93.222499,36.757818,0 -93.22248500000001,36.759098,0 -93.22247799999998,36.7593409999999,0 -93.22246499999999,36.76023,0 -93.22246699999999,36.760567,0 -93.22248099999999,36.760927,0 -93.22251900000001,36.761308,0 -93.222579,36.761709,0 -93.22264699999999,36.762128,0 -93.22270999999999,36.762567,0 -93.22279399999999,36.763011,0 -93.22295599999998,36.763946,0 -93.22312800000002,36.764922,0 -93.223219,36.765426,0 -93.22333690000001,36.7658508,0 -93.2234586,36.7665078,0 -93.22356970000001,36.7671929,0 -93.2236948,36.7679711,0 -93.2237579,36.768393,0 -93.2239208,36.7693446,0 -93.2240312,36.7699824,0 -93.224068,36.7701985,0 -93.22411070000001,36.7704855,0 -93.22415279999998,36.7710015,0 -93.2241684,36.7715159,0 -93.22421540000002,36.7729969,0 -93.2242399,36.773948,0 -93.22428410000001,36.7753535,0 -93.2242794,36.775817,0 -93.22431,36.777231,0 -93.22432499999999,36.777713,0 -93.224366,36.779181,0 -93.224401,36.780164,0 -93.224414,36.780654,0 -93.2244189,36.7808263,0 -93.224428,36.781143,0 -93.22443999999999,36.781633,0 -93.22451800000002,36.784126,0 -93.224546,36.785138,0 -93.224565,36.785643,0 -93.224582,36.786145,0 -93.224609,36.787148,0 -93.22463999999999,36.788149,0 -93.22465300000002,36.7886479999999,0 -93.224667,36.78914,0 -93.224683,36.789614,0 -93.22471899999999,36.790522,0 -93.224756,36.790938,0 -93.224904,36.791706,0 -93.224975,36.792042,0 -93.225084,36.792401,0 -93.2252,36.7927720000001,0 -93.225407,36.793494,0 -93.22550200000002,36.793817,0 -93.22574199999998,36.794604,0 -93.225768,36.794685,0 -93.225894,36.795119,0 -93.22597399999999,36.795382,0 -93.2259907,36.7954396,0 -93.22624199999998,36.796306,0 -93.22633599999999,36.79665,0 -93.226417,36.797013,0 -93.22648,36.797396,0 -93.226522,36.797793,0 -93.22653400000002,36.798205,0 -93.22652100000002,36.798628,0 -93.22647799999999,36.799061,0 -93.22641199999998,36.799503,0 -93.22626700000001,36.80041,0 -93.22612100000001,36.80134,0 -93.226049,36.801784,0 -93.22597799999998,36.802203,0 -93.225914,36.802601,0 -93.22560319999999,36.8045459,0 -93.225573,36.804723,0 -93.225472,36.8052739999999,0 -93.22542799999998,36.805522,0 -93.22539299999998,36.805734,0 -93.22536499999998,36.805915,0 -93.22533899999999,36.806077,0 -93.22531400000001,36.806224,0 -93.225291,36.806348,0 -93.225272,36.806453,0 -93.22524200000001,36.806631,0 -93.225224,36.8067439999999,0 -93.225171,36.807043,0 -93.22515799999999,36.807126,0 -93.22515099999998,36.807175,0 -93.225095,36.807656,0 -93.225087,36.80777,0 -93.22508500000001,36.80782,0 -93.225077,36.808252,0 -93.22508000000001,36.8083509999999,0 -93.22511599999999,36.808899,0 -93.22517999999999,36.80981,0 -93.22576599999999,36.815438,0 -93.22577299999999,36.81551,0 -93.22594599999999,36.817697,0 -93.22609700000001,36.819259,0 -93.22620999999999,36.820672,0 -93.22621100000001,36.820984,0 -93.22618799999999,36.821388,0 -93.226164,36.821569,0 -93.226096,36.8219179999999,0 -93.225983,36.8222659999999,0 -93.225887,36.822517,0 -93.22576599999999,36.822793,0 -93.225677,36.822966,0 -93.22556,36.823165,0 -93.22542300000001,36.823364,0 -93.225285,36.823537,0 -93.22513600000001,36.823706,0 -93.22451199999999,36.824322,0 -93.224197,36.824606,0 -93.22393399999999,36.824828,0 -93.22365499999999,36.8250919999999,0 -93.22334600000001,36.82542,0 -93.22210800000001,36.826568,0 -93.221784,36.826844,0 -93.22138900000002,36.827181,0 -93.22083299999998,36.827669,0 -93.220652,36.827861,0 -93.22050599999999,36.82804,0 -93.220304,36.828289,0 -93.22017,36.82849,0 -93.22002500000001,36.828757,0 -93.21989200000002,36.82904,0 -93.219826,36.829218,0 -93.21975999999999,36.829395,0 -93.21964699999999,36.829786,0 -93.219595,36.83003,0 -93.21953600000001,36.830358,0 -93.21943899999999,36.830941,0 -93.21915199999999,36.832846,0 -93.21899600000002,36.8338109999999,0 -93.218878,36.834443,0 -93.21868600000001,36.835664,0 -93.218656,36.8359039999999,0 -93.218645,36.836338,0 -93.21863999999999,36.836555,0 -93.21864400000001,36.836839,0 -93.21872399999999,36.841986,0 -93.218761,36.842698,0 -93.21877900000001,36.842876,0 -93.218844,36.843223,0 -93.21896799999999,36.843642,0 -93.21904499999999,36.843853,0 -93.21917999999999,36.844178,0 -93.21929830000001,36.8444226,0 -93.220558,36.847027,0 -93.220714,36.84735,0 -93.22096000000001,36.847837,0 -93.22266999999998,36.851357,0 -93.222776,36.851578,0 -93.22369100000002,36.853477,0 -93.224351,36.854787,0 -93.22521000000002,36.85632,0 -93.22548099999999,36.856873,0 -93.22635500000001,36.858661,0 -93.22664399999999,36.85934,0 -93.226895,36.859984,0 -93.22707699999999,36.860549,0 -93.2277689,36.8628352,0 -93.22785969999998,36.8631092,0 -93.22788559999999,36.8631875,0 -93.2279892,36.863575,0 -93.22827820000001,36.8646111,0 -93.22842630000001,36.8652228,0 -93.2285469,36.8657895,0 -93.228627,36.866157,0 -93.22873599999998,36.866635,0 -93.228782,36.866802,0 -93.228875,36.867145,0 -93.229939,36.870727,0 -93.230171,36.871577,0 -93.230395,36.872346,0 -93.23052,36.872716,0 -93.23142100000001,36.875492,0 -93.23160099999998,36.876025,0 -93.23193499999999,36.876981,0 -93.232376,36.878076,0 -93.232587,36.878723,0 -93.232794,36.879323,0 -93.23296499999999,36.879784,0 -93.233321,36.88065,0 -93.234093,36.882813,0 -93.234555,36.884097,0 -93.234725,36.884543,0 -93.23490700000001,36.885106,0 -93.235061,36.885527,0 -93.23542,36.886414,0 -93.235894,36.887742,0 -93.23769259999999,36.8924213,0 -93.2378884,36.8930306,0 -93.239133,36.896666,0 -93.24013800000002,36.8994641,0 -93.24052899999998,36.900501,0 -93.240826,36.901487,0 -93.24108,36.902184,0 -93.241337,36.9029860000001,0 -93.241398,36.903175,0 -93.2420376,36.904671,0 -93.2421123,36.9047944,0 -93.2424252,36.9055415,0 -93.24273299999999,36.9063777,0 -93.243105,36.907579,0 -93.24369299999999,36.909287,0 -93.243944,36.909961,0 -93.244364,36.911137,0 -93.24452100000001,36.911687,0 -93.244556,36.911811,0 -93.24459899999999,36.912017,0 -93.24461599999999,36.912189,0 -93.244621,36.912405,0 -93.24461300000002,36.912634,0 -93.24459299999999,36.912851,0 -93.244514,36.913302,0 -93.244429,36.913644,0 -93.244128,36.91458,0 -93.243927,36.915299,0 -93.243768,36.91604,0 -93.243683,36.916654,0 -93.243561,36.917221,0 -93.24347899999999,36.917526,0 -93.24347,36.917559,0 -93.24331700000002,36.918149,0 -93.24321,36.918619,0 -93.24311899999999,36.919078,0 -93.242862,36.919936,0 -93.242772,36.920203,0 -93.24256800000001,36.92066,0 -93.242344,36.9210490000001,0 -93.242193,36.921292,0 -93.24207699999999,36.921448,0 -93.241938,36.921607,0 -93.241558,36.921939,0 -93.24110999999999,36.922288,0 -93.24079900000001,36.922507,0 -93.24034300000001,36.922792,0 -93.23988300000002,36.923116,0 -93.239125,36.923613,0 -93.238209,36.924214,0 -93.23745299999999,36.924726,0 -93.23722000000001,36.924874,0 -93.23630900000001,36.925393,0 -93.23564500000001,36.9258,0 -93.234709,36.926404,0 -93.234146,36.926811,0 -93.23395600000001,36.926957,0 -93.233769,36.927125,0 -93.23331100000001,36.927603,0 -93.23307199999999,36.9279,0 -93.23285300000001,36.928215,0 -93.23257800000002,36.928707,0 -93.232463,36.928984,0 -93.232383,36.92922,0 -93.232291,36.929535,0 -93.232139,36.930341,0 -93.23212700000001,36.930574,0 -93.23213200000001,36.931261,0 -93.23213500000001,36.931775,0 -93.23209300000001,36.933042,0 -93.232055,36.934727,0 -93.23201900000001,36.935671,0 -93.232007,36.936941,0 -93.232001,36.937177,0 -93.23197399999999,36.938354,0 -93.23191499999999,36.940069,0 -93.23178899999999,36.94542,0 -93.231768,36.946046,0 -93.23177699999998,36.946147,0 -93.231765,36.946512,0 -93.23173599999998,36.947425,0 -93.231706,36.949547,0 -93.231668,36.95153,0 -93.23164199999998,36.95286,0 -93.23162000000001,36.953739,0 -93.231548,36.956582,0 -93.23152899999999,36.957008,0 -93.23148999999999,36.959293,0 -93.231486,36.959537,0 -93.231436,36.961026,0 -93.231435,36.961056,0 -93.23126699999999,36.968233,0 -93.23123099999999,36.969778,0 -93.23114700000002,36.971921,0 -93.23099600000002,36.974891,0 -93.23097199999998,36.97539,0 -93.230932,36.976224,0 -93.23084799999999,36.978593,0 -93.230822,36.97905,0 -93.2307,36.981236,0 -93.23067299999998,36.981877,0 -93.230617,36.982818,0 -93.23044899999999,36.986403,0 -93.230369,36.987858,0 -93.230259,36.990331,0 -93.23023730000001,36.9909219,0 -93.2302085,36.9916959,0 -93.23020200000001,36.991868,0 -93.230171,36.992448,0 -93.230164,36.992571,0 -93.230142,36.992965,0 -93.23006600000001,36.994357,0 -93.229972,36.996559,0 -93.229922,36.9972390000001,0 -93.22984899999999,36.998837,0 -93.22973,37.001454,0 -93.229392,37.008411,0 -93.229325,37.009759,0 -93.229219,37.011353,0 -93.229125,37.01278,0 -93.22909799999998,37.013596,0 -93.228999,37.015298,0 -93.2289248,37.0169586,0 -93.228904,37.017269,0 -93.2288762,37.0178164,0 -93.228775,37.019452,0 -93.22874800000001,37.019909,0 -93.22866399999998,37.021261,0 -93.22864100000001,37.021623,0 -93.228351,37.027033,0 -93.228257,37.028698,0 -93.228171,37.030232,0 -93.228058,37.031577,0 -93.22791599999999,37.0329089999999,0 -93.227825,37.033868,0 -93.22778299999999,37.034306,0 -93.22768800000001,37.035057,0 -93.2276,37.035908,0 -93.22746600000001,37.037202,0 -93.22740500000002,37.037728,0 -93.22729800000002,37.038662,0 -93.227268,37.038947,0 -93.227208,37.039515,0 -93.22703,37.041199,0 -93.226598,37.045277,0 -93.22638600000002,37.047282,0 -93.22631,37.048176,0 -93.22627600000001,37.048682,0 -93.22625499999998,37.049302,0 -93.22626200000001,37.050769,0 -93.226328,37.05184,0 -93.22636400000002,37.052242,0 -93.227313,37.060178,0 -93.22749000000002,37.06159,0 -93.22782399999998,37.064453,0 -93.22804230000001,37.0663548,0 -93.228076,37.066638,0 -93.2281181,37.0669915000001,0 -93.22820059999999,37.0675054,0 -93.228303,37.068437,0 -93.22841699999999,37.069332,0 -93.228847,37.0728002,0 -93.22890560000002,37.0732841,0 -93.22895,37.073745,0 -93.229392,37.077385,0 -93.22945599999998,37.0779469999999,0 -93.22955600000002,37.078831,0 -93.229736,37.080262,0 -93.22981100000001,37.0809209999999,0 -93.229885,37.0815670000001,0 -93.229894,37.081652,0 -93.2299,37.081702,0 -93.230093,37.083125,0 -93.23024799999999,37.084566,0 -93.23031399999999,37.085089,0 -93.230976,37.090376,0 -93.23106899999999,37.091182,0 -93.231162,37.091988,0 -93.23122979999999,37.0925848,0 -93.2316197,37.0958298,0 -93.23218679999999,37.1005199,0 -93.2325409,37.1035576,0 -93.23268210000002,37.1047297,0 -93.23360460000001,37.1123889,0 -93.234269,37.1179017,0 -93.23442009999999,37.1192242,0 -93.2344308,37.1194338,0 -93.2344421,37.1197528,0 -93.2344377,37.1200153,0 -93.2344229,37.1203045,0 -93.2343874,37.1206879,0 -93.23435120000001,37.1209018,0 -93.23429189999999,37.1212185,0 -93.23422300000001,37.121493,0 -93.23408809999999,37.122089,0 -93.2340138,37.1223179,0 -93.2339327,37.1225445,0 -93.2338261,37.1228106,0 -93.2336442,37.1232154,0 -93.2335461,37.1234144,0 -93.2333898,37.1236912000001,0 -93.2331709,37.1240625,0 -93.2329723,37.1243701,0 -93.2325293,37.1249821,0 -93.23244900000002,37.1251152,0 -93.23142369999999,37.126438,0 -93.2311423,37.1268130999999,0 -93.23075679999998,37.1273488,0 -93.2303678,37.1279408,0 -93.22946760000001,37.1293352,0 -93.22916540000001,37.1298477,0 -93.2291115,37.1299429,0 -93.22792510000001,37.132037,0 -93.22780109999999,37.1322259,0 -93.2276379,37.1324681,0 -93.22743229999999,37.1327731,0 -93.22730089999999,37.132968,0 -93.2270824,37.1332975,0 -93.2268364,37.1336684,0 -93.2261721,37.1346701,0 -93.22593110000001,37.1350856,0 -93.2257377,37.1353852,0 -93.22553989999999,37.135708,0 -93.22540239999998,37.1359471,0 -93.22528649999998,37.1361672,0 -93.2251728,37.1364118,0 -93.2250634,37.1366673,0 -93.2249553,37.1369588,0 -93.22486089999998,37.1372399,0 -93.22478600000001,37.1375082000001,0 -93.22471779999999,37.1378042,0 -93.2246687,37.1380669,0 -93.2246272,37.1383454,0 -93.22459400000001,37.1386267,0 -93.2245787,37.1389159,0 -93.22453870000001,37.1424924,0 -93.22452089999999,37.1441706000001,0 -93.2245041,37.1459993,0 -93.2244891,37.1477609,0 -93.22445260000002,37.1502136,0 -93.2244176,37.1524776,0 -93.2243964,37.15372,0 -93.22440159999999,37.1543259,0 -93.2243343,37.1591351,0 -93.2243144,37.1611347,0 -93.2243088,37.1617424,0 -93.22427359999999,37.164825,0 -93.22416900000002,37.1707289,0 -93.22413899999999,37.17149,0 -93.2241033,37.1733048,0 -93.2240805,37.175047,0 -93.2240717,37.1753673,0 -93.22407080000001,37.1756367,0 -93.2240765,37.1759138,0 -93.22408329999999,37.1762258,0 -93.2240989,37.1765981,0 -93.22416939999998,37.1772267,0 -93.22424289999999,37.1779665,0 -93.22442289999999,37.1798053,0 -93.22453629999998,37.1807574,0 -93.22461779999999,37.1814138,0 -93.2247891,37.1827934,0 -93.2248932,37.1836318,0 -93.22499430000001,37.1844463,0 -93.22565459999998,37.1898326,0 -93.2257434,37.1904533,0 -93.22582439999999,37.1911272,0 -93.2258724,37.1915674,0 -93.2259885,37.1925235,0 -93.2260632,37.1932118,0 -93.22612560000002,37.1940712,0 -93.2261484,37.1945879,0 -93.2261587,37.1951168,0 -93.22616469999998,37.1955577,0 -93.22615860000001,37.1960505,0 -93.22614149999998,37.1967477000001,0 -93.22613389999999,37.1972194,0 -93.2261211,37.1978547,0 -93.22608690000001,37.1996517,0 -93.2260686,37.2006768,0 -93.22602929999999,37.2026508,0 -93.22599879999999,37.2033501,0 -93.22598760000001,37.2036998,0 -93.2259612,37.2051571,0 -93.2259486,37.2055843,0 -93.22592349999999,37.2067283,0 -93.22591079999998,37.2075944,0 -93.22587940000001,37.2093785,0 -93.2258696,37.2098447,0 -93.22584639999999,37.2108005,0 -93.22582439999999,37.2116357,0 -93.2257827,37.2125989,0 -93.22575749999999,37.2131313,0 -93.2257286,37.2137434,0 -93.225696,37.2143306,0 -93.22565830000002,37.2150103,0 -93.22562200000002,37.2156629,0 -93.2255344,37.2175421,0 -93.22547419999999,37.2186762,0 -93.2253292,37.2209234,0 -93.22531099999999,37.221428,0 -93.22528430000001,37.2223463,0 -93.2251976,37.2245621,0 -93.22514699999999,37.2259145,0 -93.2251199,37.2267506,0 -93.22506079999999,37.2279928,0 -93.2250019,37.2298693,0 -93.2249458,37.2313411,0 -93.22490249999998,37.2325569,0 -93.22487100000001,37.2332873,0 -93.2248507,37.2338901,0 -93.22482340000001,37.2345809,0 -93.22478720000001,37.2354032,0 -93.224718,37.2372049,0 -93.22466169999998,37.2388392,0 -93.22464429999999,37.2396151,0 -93.22461249999999,37.2407013,0 -93.22457350000001,37.2423862,0 -93.2245219,37.2432191,0 -93.22449890000001,37.2441301,0 -93.22449350000001,37.245986,0 -93.2244571,37.2473904,0 -93.2244213,37.2489190999999,0 -93.22440279999999,37.2497291,0 -93.22439559999999,37.2498762,0 -93.2243963,37.2505188,0 -93.22436980000001,37.2514685,0 -93.22434749999999,37.2523331,0 -93.2243399,37.2529288,0 -93.2243173,37.2535798,0 -93.22428779999998,37.2543838,0 -93.22431940000001,37.2551966,0 -93.2243404,37.2558301,0 -93.22436809999999,37.2562682,0 -93.2243959,37.2566528,0 -93.2245109,37.2579104000001,0 -93.22474259999998,37.2607703,0 -93.2247929,37.2613895,0 -93.22480520000002,37.2617657,0 -93.2248037,37.2620415,0 -93.2247952,37.2622994,0 -93.22477229999998,37.26255,0 -93.2247424,37.2627864,0 -93.2246908,37.2630477,0 -93.2246233,37.2633602,0 -93.2244189,37.2640081,0 -93.22419259999998,37.2645451,0 -93.223889,37.2651215,0 -93.2233368,37.2659542,0 -93.2227716,37.2665771,0 -93.2221158,37.2671841,0 -93.22067310000001,37.268254,0 -93.21689170000001,37.2710194,0 -93.21445380000002,37.2728023000001,0 -93.20933320000002,37.2765811,0 -93.20787540000002,37.2776394999999,0 -93.20619989999999,37.2788729,0 -93.2055237,37.2793602,0 -93.2049288,37.2798111,0 -93.2037134,37.2806652,0 -93.20292169999999,37.2811753,0 -93.20198069999999,37.2816661,0 -93.20105940000001,37.2820494,0 -93.1998696,37.2825488,0 -93.197444,37.2835907,0 -93.19313100000001,37.285407,0 -93.19227249999999,37.2857755,0 -93.19144370000001,37.2861349,0 -93.18860970000001,37.2873361,0 -93.1864459,37.2882476,0 -93.18596579999999,37.288452,0 -93.1849916,37.2888602,0 -93.1842213,37.2892424,0 -93.1836283,37.2895736,0 -93.18303950000001,37.2899722,0 -93.1821319,37.2907447,0 -93.18147360000002,37.2914497,0 -93.1808406,37.2923685,0 -93.1801658,37.2936911,0 -93.17890460000001,37.296552,0 -93.1784787,37.2975054,0 -93.1775142,37.299648,0 -93.1771214,37.3004624,0 -93.176858,37.3010227,0 -93.17287810000001,37.3098423,0 -93.1725857,37.3104713,0 -93.17050029999999,37.3150599,0 -93.16997300000001,37.3160548,0 -93.1687426,37.3188253,0 -93.16859650000001,37.3191253,0 -93.1683604,37.3197276,0 -93.16810799999999,37.3208193,0 -93.1680617,37.321326,0 -93.1680171,37.3238362,0 -93.16800629999999,37.3262685999999,0 -93.1679905,37.3282083,0 -93.1679752,37.3300611,0 -93.1678685,37.343969,0 -93.16756959999999,37.3492614,0 -93.16749090000002,37.350997,0 -93.1674349,37.3520038,0 -93.16741300000001,37.3523983,0 -93.16739320000001,37.3527547,0 -93.16732829999999,37.3541658,0 -93.16735079999999,37.355161,0 -93.1674715,37.356088,0 -93.1680144,37.3594664,0 -93.16872840000001,37.3641228,0 -93.16921390000002,37.3670362,0 -93.1693068,37.3675824,0 -93.1693483,37.3679913,0 -93.16936659999999,37.3684188,0 -93.1693599,37.3688594,0 -93.1693168,37.3693067,0 -93.16924539999999,37.3697315,0 -93.1691541,37.3701035,0 -93.1690346,37.3705059,0 -93.1688968,37.3708686,0 -93.1687242,37.3712499,0 -93.16852160000001,37.3716338,0 -93.1682826,37.3720322,0 -93.16740729999999,37.3733214,0 -93.16560019999999,37.3760024,0 -93.1635721,37.3790077,0 -93.16205960000001,37.381231,0 -93.1610002,37.3827797,0 -93.1596225,37.3848193,0 -93.1594949,37.3850082,0 -93.15899089999999,37.3857529,0 -93.1582238,37.3868854,0 -93.1571469,37.3884796,0 -93.15500870000001,37.3916049,0 -93.15367039999998,37.3936114,0 -93.152868,37.394738,0 -93.152811,37.394839,0 -93.1514292,37.3970215,0 -93.1505848,37.398533,0 -93.14982439999999,37.3999509,0 -93.14852959999999,37.4023551,0 -93.14808070000001,37.4031797,0 -93.1464608,37.4061797,0 -93.14589529999999,37.4072479,0 -93.1455488,37.4083793,0 -93.14539190000001,37.4092221,0 -93.1453492,37.4101853,0 -93.14526019999998,37.412577,0 -93.1452244,37.4153534,0 -93.14520680000001,37.4165618,0 -93.1451897,37.4169662,0 -93.145157,37.418164,0 -93.14510400000002,37.419676,0 -93.1450809,37.4208476,0 -93.14506999999999,37.421401,0 -93.14505,37.421995,0 -93.14503899999998,37.422336,0 -93.145034,37.422609,0 -93.14503200000001,37.42275,0 -93.14503000000001,37.422869,0 -93.1449908,37.4242792,0 -93.144943,37.426002,0 -93.144931,37.426937,0 -93.144908,37.427433,0 -93.14477599999999,37.430212,0 -93.14477499999998,37.4302449999999,0 -93.144734,37.43111,0 -93.14472600000001,37.431274,0 -93.144509,37.435864,0 -93.14446299999999,37.436512,0 -93.144429,37.437492,0 -93.144374,37.438472,0 -93.144291,37.440577,0 -93.144248,37.441312,0 -93.14416399999999,37.4427670000001,0 -93.144113,37.444041,0 -93.144008,37.444989,0 -93.143968,37.445283,0 -93.143899,37.44567,0 -93.143719,37.446517,0 -93.14363300000001,37.446888,0 -93.14340000000001,37.447727,0 -93.14317999999999,37.448395,0 -93.14303,37.448818,0 -93.142754,37.4495119999999,0 -93.14254,37.449966,0 -93.142347,37.450391,0 -93.14206900000002,37.450973,0 -93.141873,37.451385,0 -93.141189,37.452903,0 -93.140952,37.453454,0 -93.140805,37.453844,0 -93.14045900000002,37.454851,0 -93.140219,37.455722,0 -93.13998799999999,37.456711,0 -93.13996300000001,37.45682,0 -93.139884,37.457239,0 -93.13981090000001,37.4577781,0 -93.139791,37.45792,0 -93.13975190000001,37.4583398,0 -93.1397236,37.4588681,0 -93.13970329999999,37.459337,0 -93.13969780000001,37.4595256,0 -93.1396945,37.4597314,0 -93.13966569999998,37.4610401,0 -93.13966700000002,37.461344,0 -93.13964900000001,37.46241,0 -93.13955799999999,37.46658,0 -93.139512,37.468699,0 -93.13938899999999,37.474303,0 -93.139245,37.481191,0 -93.13924,37.482192,0 -93.13900399999999,37.493981,0 -93.138915,37.498401,0 -93.138858,37.500188,0 -93.13882,37.5032,0 -93.138813,37.503758,0 -93.138794,37.504303,0 -93.138707,37.509461,0 -93.138536,37.512276,0 -93.138409,37.513593,0 -93.13838,37.514017,0 -93.13837700000001,37.514054,0 -93.13834900000002,37.514874,0 -93.13830429999999,37.5156174,0 -93.138291,37.515839,0 -93.1382648,37.5161363,0 -93.138204,37.516825,0 -93.13817230000001,37.5172208,0 -93.1381614,37.517356,0 -93.138132,37.517492,0 -93.13812949999999,37.517554,0 -93.13812590000001,37.5176457,0 -93.13807199999999,37.5190050000001,0 -93.137987,37.519867,0 -93.137901,37.52121,0 -93.13788099999999,37.521524,0 -93.137877,37.521584,0 -93.137826,37.522152,0 -93.13778600000002,37.5226080000001,0 -93.13777,37.522785,0 -93.137565,37.525495,0 -93.13740899999999,37.527563,0 -93.13739700000001,37.527836,0 -93.137377,37.5283169999999,0 -93.137314,37.5290200000001,0 -93.137219,37.53008,0 -93.137176,37.530827,0 -93.13717099999998,37.530914,0 -93.137152,37.53115,0 -93.137141,37.531291,0 -93.13712700000001,37.531645,0 -93.13711499999999,37.531965,0 -93.13712200000001,37.532917,0 -93.13721700000002,37.534711,0 -93.13728500000001,37.535425,0 -93.13733400000001,37.536273,0 -93.137399,37.538025,0 -93.13741400000001,37.538373,0 -93.13743099999999,37.538754,0 -93.137497,37.539518,0 -93.13751180000001,37.5397463,0 -93.13752899999999,37.5399780000001,0 -93.13756600000002,37.540842,0 -93.13763,37.54175,0 -93.137637,37.542764,0 -93.137586,37.545701,0 -93.13753799999999,37.54664,0 -93.13750899999999,37.547656,0 -93.13748799999999,37.548125,0 -93.13748,37.548301,0 -93.13747800000002,37.548338,0 -93.13746500000001,37.548622,0 -93.137395,37.551402,0 -93.13738600000001,37.552335,0 -93.13730700000001,37.554294,0 -93.137282,37.55538,0 -93.13725199999999,37.55632,0 -93.137216,37.557838,0 -93.137218,37.557958,0 -93.137225,37.558379,0 -93.137229,37.559036,0 -93.13726499999999,37.559739,0 -93.13740600000001,37.561409,0 -93.137451,37.562129,0 -93.137693,37.5648460000001,0 -93.13776900000001,37.565761,0 -93.137826,37.566608,0 -93.1378936,37.5673402,0 -93.1379501,37.5679519,0 -93.1379913,37.5683985,0 -93.1380169,37.568679,0 -93.13802889999998,37.5688109,0 -93.13807889999998,37.5693572,0 -93.13821929999999,37.5708901,0 -93.13829920000001,37.571862,0 -93.13832930000001,37.5723059,0 -93.13832069999999,37.5727293,0 -93.13829120000001,37.5730609,0 -93.1382488,37.5734008,0 -93.1381464,37.5738369,0 -93.13805520000001,37.5741515,0 -93.1379913,37.5743404,0 -93.13785129999999,37.5746893,0 -93.1373825,37.5756605,0 -93.13664970000001,37.577185,0 -93.13589380000001,37.5787492,0 -93.1351772,37.5802524,0 -93.13443739999998,37.5817974,0 -93.1337608,37.5832232,0 -93.1330346,37.5846882,0 -93.13231849999998,37.5861909,0 -93.13161839999999,37.5876596,0 -93.13133139999999,37.5882462,0 -93.13090490000002,37.5890921,0 -93.1305804,37.5895916,0 -93.130109,37.5901635,0 -93.1299527,37.5903270000001,0 -93.1295075,37.5907265,0 -93.12864920000001,37.5914236,0 -93.12756289999999,37.5923078,0 -93.12691649999999,37.5928667,0 -93.1263854,37.5933789,0 -93.12571490000001,37.5940824,0 -93.125253,37.5946183,0 -93.12487750000001,37.5950901,0 -93.124532,37.59557,0 -93.12447469999999,37.5956696,0 -93.1240304,37.5963415,0 -93.12345599999999,37.5972712,0 -93.122354,37.5990256,0 -93.1214609,37.6005535,0 -93.12054089999998,37.6020772,0 -93.1196472,37.6035437,0 -93.1192641,37.604166,0 -93.11870620000001,37.605084,0 -93.11780450000002,37.6066185,0 -93.11687910000001,37.6081166,0 -93.11620050000002,37.6092066,0 -93.11592269999998,37.6096756,0 -93.11536099999999,37.6106238,0 -93.1147344,37.6116618,0 -93.1133928,37.6138999,0 -93.11252589999999,37.6153768,0 -93.11222599999999,37.6158376,0 -93.1118688,37.6163584,0 -93.1115099,37.616817,0 -93.11111289999998,37.617278,0 -93.11079100000001,37.6176265,0 -93.11035380000001,37.6180535,0 -93.11006949999998,37.6183,0 -93.10969129999999,37.6186102,0 -93.10928310000001,37.6189207,0 -93.10855410000001,37.6194239,0 -93.107854,37.6198997,0 -93.10722370000002,37.6203565,0 -93.10689589999998,37.620633,0 -93.10665779999999,37.6208515,0 -93.10634659999998,37.6211617,0 -93.10600600000001,37.6215484,0 -93.1056246,37.6220862,0 -93.1054427,37.6224066,0 -93.10523619999999,37.6228188,0 -93.105086,37.6231544,0 -93.10491969999998,37.6236175,0 -93.10479849999999,37.6243854,0 
				
					-93.10479849999999,37.6243854,0 -93.104687,37.6258862,0 -93.1045799,37.6288987,0 -93.10455399999998,37.629628,0 -93.10452980000001,37.6304275,0 -93.10451789999999,37.6308208000001,0 -93.1045088,37.6311219,0 -93.1045051,37.6312424,0 -93.1044952,37.6315692,0 -93.1044936,37.6316208,0 -93.10449029999999,37.6317315,0 -93.10448699999999,37.6318391,0 -93.10448100000001,37.632036,0 -93.1044741,37.6323315,0 -93.10446640000001,37.632663,0 -93.10446499999999,37.6327209,0 -93.10446200000001,37.6328481,0 -93.10445559999999,37.6331206,0 -93.1044524,37.6332612,0 -93.104444,37.6336184,0 -93.10443909999999,37.6338282,0 -93.10443399999998,37.6340460000001,0 -93.1044313,37.6341487,0 -93.10441899999999,37.634612,0 -93.10436319999998,37.636327,0 -93.10434440000002,37.6369037999999,0 -93.10434170000001,37.6369857,0 -93.10433599999999,37.6371634,0 -93.104319,37.6376843,0 -93.10429200000002,37.638514,0 -93.1042913,37.6385691,0 -93.10427650000001,37.6398123,0 -93.10427230000001,37.6401665,0 -93.10426809999998,37.6405146,0 -93.10425219999999,37.6408313,0 -93.104221,37.6414518,0 -93.10416479999999,37.6425710000001,0 -93.10413499999999,37.643163,0 -93.10411999999999,37.6437346,0 -93.10411000000001,37.644118,0 -93.10410299999999,37.644383,0 -93.10409100000001,37.6448581,0 -93.10408099999999,37.645255,0 -93.1040835,37.6459737,0 -93.1040771,37.6462806,0 -93.10400799999999,37.647734,0 -93.1039474,37.6495586,0 -93.1039421,37.6497172,0 -93.1038671,37.6519786,0 -93.10384299999998,37.652706,0 -93.103802,37.654401,0 -93.103784,37.654982,0 -93.1037362,37.6568503,0 -93.10367789999999,37.6586893,0 -93.10363149999999,37.6601529,0 -93.1036228,37.6604278,0 -93.10356599999999,37.662222,0 -93.1034464,37.6658831,0 -93.1034417,37.6660258,0 -93.10342420000001,37.6665629,0 -93.10338819999998,37.6676635,0 -93.10337590000002,37.6681065,0 -93.10330199999999,37.670764,0 -93.10323560000002,37.6731803,0 -93.1032208,37.6737167,0 -93.10313600000001,37.6768,0 -93.10302690000002,37.6804522,0 -93.10291549999999,37.6846411,0 -93.10290440000001,37.6850571,0 -93.10289400000001,37.6854467,0 -93.1028702,37.686342,0 -93.1028367,37.6876013,0 -93.10280930000002,37.6886322,0 -93.10278700000001,37.6894709,0 -93.10274860000001,37.6909142,0 -93.10274,37.691236,0 -93.10268720000001,37.6939281,0 -93.1026763,37.6944841999999,0 -93.1027787,37.6950166,0 -93.10344300000001,37.695933,0 -93.1055509,37.6987098,0 -93.10584839999999,37.6990975,0 -93.10613069999999,37.6994653,0 -93.10697100000002,37.7005603,0 -93.1082517,37.7022293,0 -93.1086236,37.7027139,0 -93.10882340000001,37.7029762,0 -93.1095373,37.7039044,0 -93.1098192,37.7042718,0 -93.11014400000002,37.704695,0 -93.1110876,37.7059088,0 -93.111527,37.706474,0 -93.112238,37.7074245,0 -93.1123101,37.7075209,0 -93.113865,37.709531,0 -93.1139199,37.7096029,0 -93.1145811,37.7104681,0 -93.11510219999998,37.71115,0 -93.1152811,37.7113841,0 -93.11874109999999,37.7159118,0 -93.1202737,37.7179173000001,0 -93.122389,37.720641,0 -93.1229683,37.7213943,0 -93.123952,37.7226735,0 -93.1249615,37.7240434,0 -93.125124,37.7243346,0 -93.12515500000001,37.7243928,0 -93.1256726,37.725364,0 -93.12730209999999,37.7282302999999,0 -93.1283892,37.7301571,0 -93.12850650000001,37.7303712,0 -93.1291269,37.7314604,0 -93.13106649999999,37.7348653,0 -93.13159329999999,37.735736,0 -93.13183399999998,37.7362867,0 -93.1318648,37.7364006,0 -93.13187670000001,37.736445,0 -93.13201719999999,37.7369661,0 -93.13222620000001,37.7381249,0 -93.1326274,37.740153,0 -93.1329557,37.741813,0 -93.13354,37.744952,0 -93.1350633,37.7529117,0 -93.1356364,37.7559455,0 -93.13596939999999,37.757708,0 -93.13634239999999,37.7589995,0 -93.1366213,37.7596522,0 -93.1366845,37.7598001,0 -93.1370307,37.7606104,0 -93.13726459999999,37.7611578,0 -93.13828180000002,37.7635385,0 -93.13994929999998,37.7672351,0 -93.1425845,37.7730238,0 -93.144024,37.7761850000001,0 -93.1441409,37.7764604,0 -93.1453532,37.7793167,0 -93.1470755,37.7831821,0 -93.14732149999999,37.7837342,0 -93.14774559999999,37.7845393,0 -93.14856699999999,37.7864882,0 -93.14913769999998,37.7878424,0 -93.149992,37.7897077,0 -93.1513348,37.7926422,0 -93.15138,37.7927410000001,0 -93.15175499999999,37.793603,0 -93.15468509999999,37.8003321,0 -93.15529999999998,37.801542,0 -93.15551819999999,37.802061,0 -93.15750399999999,37.8065964,0 -93.15872899999999,37.809423,0 -93.16145,37.815353,0 -93.16169299999999,37.815913,0 -93.16198130000001,37.81667,0 -93.16466,37.822569,0 -93.165283,37.823935,0 -93.16681790000001,37.8274904,0 -93.16831139999999,37.832209,0 -93.16841300000002,37.8324644,0 -93.170312,37.8385681,0 -93.1706622,37.839683,0 -93.1710238,37.8408338,0 -93.1714875,37.8423098,0 -93.1727396,37.8459875,0 -93.1729431,37.846575,0 -93.1729651,37.8466385,0 -93.1729725,37.8466624,0 -93.1730814,37.8470154,0 -93.1731018,37.8470815,0 -93.17327779999999,37.8476518,0 -93.173562,37.848573,0 -93.17368290000002,37.849063,0 -93.1739085,37.8497832,0 -93.17618099999999,37.8570241,0 -93.1767519,37.8587772,0 -93.1773714,37.8606797,0 -93.17978149999999,37.8682114,0 -93.1803292,37.8699231,0 -93.18063639999998,37.8709014,0 -93.18071200000001,37.871542,0 -93.1806179,37.8726938,0 -93.1803833,37.8776147,0 -93.1802909,37.8795631,0 -93.18014599999999,37.88262,0 -93.179734,37.889965,0 -93.1795082,37.8933935000001,0 -93.1793729,37.8957429,0 -93.17952700000001,37.896452,0 -93.17971010000001,37.8971293,0 -93.18013110000001,37.8977535,0 -93.18052659999999,37.8981462,0 -93.18791400000001,37.904286,0 -93.1921499,37.9079015,0 -93.19217949999999,37.9079259,0 -93.1940019,37.9094317,0 -93.19459790000001,37.9099242,0 -93.196535,37.9115247,0 -93.20047,37.914776,0 -93.2016236,37.9157655,0 -93.20482149999999,37.9184464999999,0 -93.2076742,37.9208357,0 -93.20820500000001,37.9214069000001,0 -93.20857629999999,37.9219902,0 -93.208793,37.9225261,0 -93.20897099999999,37.9232098,0 -93.2090053,37.9238636,0 -93.208853,37.926832,0 -93.2084571,37.9336191,0 -93.20823059999999,37.9376444000001,0 -93.2081996,37.93801,0 -93.2081641,37.9386759,0 -93.2081441,37.9390501,0 -93.2080607,37.9406138,0 -93.20802700000002,37.9409552,0 -93.20800300000001,37.9412491,0 -93.20788540000001,37.9432187,0 -93.20759300000002,37.9481154,0 -93.20717190000001,37.9554386,0 -93.2067586,37.9626609,0 -93.2062406,37.9718862,0 -93.2061391,37.9739255,0 -93.2059079,37.9785729,0 -93.20541029999998,37.9881667,0 -93.2056272,37.9890414999999,0 -93.2059845,37.9899566,0 -93.2105521,37.996623,0 -93.21400199999999,38.001722,0 -93.2173763,38.0067171,0 -93.22253700000002,38.014232,0 -93.22332650000001,38.0153877,0 -93.22387230000001,38.0161866,0 -93.22617119999998,38.0195559,0 -93.2262393,38.0196557,0 -93.22630389999999,38.0197497,0 -93.2263713,38.0198477,0 -93.2280555,38.0222962,0 -93.2288057,38.0233139,0 -93.22908099999999,38.0236873,0 -93.2294201,38.0240380999999,0 -93.2296698,38.0242964,0 -93.229913,38.024548,0 -93.231247,38.025602,0 -93.23213500000001,38.026251,0 -93.233099,38.026926,0 -93.23785680000002,38.0303317,0 -93.23871509999998,38.0312528,0 -93.2395949,38.0325711,0 -93.2412083,38.0354799999999,0 -93.243081,38.038976,0 -93.24347,38.039704,0 -93.2443731,38.0411573,0 -93.2450949,38.041811,0 -93.24590449999999,38.0422442,0 -93.25992119999999,38.0487635,0 -93.26186149999999,38.0497108,0 -93.26276009999999,38.0503475,0 -93.26849400000002,38.054754,0 -93.2767254,38.0610637,0 -93.2832212,38.0660217,0 -93.28377199999998,38.066538,0 -93.28443009999998,38.067286,0 -93.28498949999999,38.0682519,0 -93.285224,38.0693031,0 -93.28566799999999,38.080808,0 -93.285815,38.084437,0 -93.28582919999999,38.0858006,0 -93.2856693,38.086753,0 -93.28521500000001,38.0877461999999,0 -93.2836653,38.0901705,0 -93.283434,38.0908326,0 -93.28335800000001,38.091649,0 -93.28365500000001,38.095604,0 -93.2836057,38.0973721,0 -93.28338599999999,38.09893,0 -93.2828118,38.1007999,0 -93.28173889999999,38.1030963,0 -93.27729710000001,38.1098163,0 -93.27671599999999,38.11089,0 -93.2764818,38.1125007,0 -93.276194,38.114642,0 -93.27593800000001,38.116753,0 -93.27577359999999,38.1183926,0 -93.2759453,38.1191016,0 -93.2762457,38.1196081,0 -93.276939,38.120442,0 -93.2770707,38.1206205,0 -93.277619,38.1213637,0 -93.2783056,38.122461,0 -93.280151,38.1253475,0 -93.28047290000001,38.1265966,0 -93.28040849999999,38.127373,0 -93.28010810000002,38.1309514,0 -93.28008600000001,38.131569,0 -93.28037689999999,38.1325525,0 -93.2806988,38.1332276,0 -93.28563000000001,38.139224,0 -93.2889814,38.143185,0 -93.2925249,38.14852,0 -93.293783,38.15041,0 -93.2961298,38.1541052,0 -93.2965068,38.1550126,0 -93.29735289999999,38.158779,0 -93.29795300000001,38.1599598,0 -93.29863400000001,38.160741,0 -93.29944,38.1613437,0 -93.29978,38.161511,0 -93.30104830000001,38.1619879,0 -93.3037642,38.1627634,0 -93.30456839999999,38.163169,0 -93.3057974,38.1639206,0 -93.30763400000001,38.165353,0 -93.30839199999998,38.1661752000001,0 -93.31028860000001,38.1694318,0 -93.3111383,38.1702191,0 -93.31428699999999,38.172083,0 -93.318512,38.174516,0 -93.31894599999998,38.174753,0 -93.32031999999998,38.175608,0 -93.32070350000001,38.175932,0 -93.3210844,38.1763214,0 -93.32137409999999,38.1767136,0 -93.3215672,38.1770805,0 -93.3217442,38.1775022,0 -93.32186219999998,38.1779323,0 -93.321907,38.178411,0 -93.32186759999999,38.1790413,0 -93.32137409999999,38.1825539,0 -93.321358,38.1828364,0 -93.3213365,38.1833214,0 -93.32139550000001,38.183684,0 -93.3215003,38.1840898,0 -93.32374510000001,38.1901941,0 -93.32402949999999,38.1910247,0 -93.32416360000001,38.1916487,0 -93.32432439999999,38.1925458,0 -93.32484599999999,38.195662,0 -93.3254618,38.1990055,0 -93.325946,38.2020717,0 -93.3261913,38.2031326,0 -93.32632010000002,38.2036005,0 -93.3265024,38.2041064,0 -93.3267975,38.2046881,0 -93.3272205,38.2053744,0 -93.32773089999999,38.2059738,0 -93.32836930000001,38.2066314,0 -93.3290023,38.2071498,0 -93.32957090000001,38.2075629,0 -93.3305687,38.208132,0 -93.33124290000001,38.2084474,0 -93.3324446,38.208852,0 -93.3424991,38.2117612,0 -93.3435613,38.2121616,0 -93.344205,38.2124819,0 -93.3447376,38.2127833,0 -93.34518669999999,38.2130804999999,0 -93.34589479999998,38.2136031,0 -93.3463132,38.2139656,0 -93.34709110000001,38.2147664,0 -93.3505634,38.2183576,0 -93.35240709999999,38.2202145,0 -93.35274139999999,38.2205643,0 -93.3556312,38.2235875,0 -93.3560014,38.2240131,0 -93.3563393,38.2244387999999,0 -93.35670039999999,38.2250032,0 -93.3570455,38.2257754,0 -93.3574907,38.2273078,0 -93.3577887,38.2284525,0 -93.35827449999999,38.230394,0 -93.359381,38.2350326,0 -93.35947319999998,38.235507,0 -93.3601642,38.2382391,0 -93.36032339999998,38.2391542,0 -93.36040719999998,38.2397029,0 -93.3604452,38.2403128,0 -93.36031970000001,38.2438428,0 -93.36030100000002,38.2447612,0 
				
					-93.36030100000002,38.2447612,0 -93.3602934,38.2454964,0 -93.36035729999999,38.2461558,0 -93.3605129,38.2467519,0 -93.36073010000001,38.2472975,0 -93.3609581,38.2478388,0 -93.3621097,38.2499613,0 -93.36534599999999,38.2554946,0 -93.3659225,38.2566592,0 -93.3677385,38.260086,0 -93.3680734,38.2609741000001,0 -93.36839300000001,38.2622342,0 -93.3685217,38.2636747,0 -93.36837150000001,38.2648119,0 -93.36825349999999,38.2653426,0 -93.3673599,38.2680446,0 -93.36574299999998,38.272452,0 -93.3642517,38.2765706,0 -93.36272820000001,38.2808912,0 -93.3621703,38.2820787,0 -93.3579431,38.2897759,0 -93.3555676,38.2940930000001,0 -93.35502459999999,38.2950798,0 -93.35186199999998,38.300654,0 -93.3509677,38.3022261,0 -93.35051260000002,38.3028019,0 -93.3501608,38.3031559,0 -93.3497187,38.3034744,0 -93.3451536,38.3072196,0 -93.34318690000002,38.3086425000001,0 -93.34257340000001,38.309223,0 -93.34209519999999,38.3098672,0 -93.34177949999999,38.3104123,0 -93.34162190000001,38.3108100000001,0 -93.34149979999999,38.3117715,0 -93.34157199999999,38.3129607,0 -93.3421352,38.317606,0 -93.3422139,38.3185168,0 -93.34216069999999,38.3192709,0 -93.34187099999998,38.3244643,0 -93.34124,38.3336484,0 -93.34116659999999,38.3347023,0 -93.3407155,38.3377098,0 -93.34058269999998,38.3402509,0 -93.34030749999999,38.3438228,0 -93.3400592,38.3477366,0 -93.3395105,38.3547165,0 -93.3393524,38.3564979,0 -93.3389554,38.3656872999999,0 -93.33855699999999,38.3731147,0 -93.3384798,38.3748394,0 -93.3382757,38.3757196,0 -93.33784439999999,38.3764409,0 -93.3363389,38.3787694,0 -93.33603429999999,38.3792405,0 -93.3353487,38.3804508,0 -93.3347893,38.3816177000001,0 -93.33109276887039,38.38721294978991,0 -93.32919737760393,38.39013029652047,0 -93.32893065373206,38.39088787521371,0 -93.32872956909904,38.39176360051265,0 -93.32861764806651,38.39392364430039,0 -93.32839439877959,38.39760378528874,0 -93.32819523107101,38.40119638564699,0 -93.3280269304861,38.40348384660103,0 
				
					-93.32805130000001,38.4035925,0 -93.3278323,38.4047715,0 -93.3276427,38.4058773,0 -93.32734079999999,38.4105753,0 -93.3271965,38.4110843,0 -93.32701609999998,38.4115438,0 -93.3266552,38.4120104,0 -93.3262943,38.4124204,0 -93.322045,38.4166123,0 -93.3176965,38.4208463,0 -93.3113482,38.4269706,0 -93.3095768,38.4287412,0 -93.3027383,38.4354127,0 -93.2970365,38.4409388,0 -93.29492540000001,38.4430516,0 -93.29292250000002,38.4449382,0 -93.29198430000001,38.4456377,0 -93.2912445,38.4461041,0 -93.2900626,38.4465987,0 -93.28870929999999,38.4472205,0 -93.28776899999998,38.4479606,0 -93.2871485,38.4485347,0 -93.28471270000001,38.451156,0 -93.28098660000001,38.4552538,0 -93.28040919999999,38.4560521,0 -93.28003030000002,38.4568292,0 -93.27928749999998,38.4588108,0 -93.27640290000001,38.4662455,0 -93.2746683,38.4708803999999,0 -93.2744769,38.4717894,0 -93.27443,38.4723183,0 -93.274253,38.476836,0 -93.273937,38.484059,0 -93.273263,38.498592,0 -93.27295399999998,38.505853,0 -93.27207900000002,38.5238153,0 -93.2721512,38.5257633,0 -93.2721873,38.5275561,0 -93.2715419,38.5352031,0 -93.27127110000002,38.5407053,0 -93.27076,38.549694,0 -93.27055420000001,38.5533673,0 -93.26994700000002,38.564207,0 -93.269415,38.5738869999999,0 -93.269156,38.578689,0 -93.2688136,38.5852797,0 -93.2685889,38.5896041,0 -93.26836900000001,38.593155,0 -93.2679854,38.6003762,0 -93.267725,38.605277,0 -93.2674923,38.6100122,0 -93.2673443,38.6130224,0 -93.2673443,38.6140116,0 -93.267467,38.616855,0 -93.26747309999999,38.6183372,0 -93.26741699999999,38.619193,0 -93.2672048,38.6240623,0 -93.26723699999998,38.626129,0 -93.267247,38.633817,0 -93.26724779999999,38.6352011,0 -93.26701169999998,38.6360224,0 -93.26656109999999,38.6368437,0 -93.26447200000001,38.640436,0 -93.262327,38.644164,0 -93.26085900000001,38.646696,0 -93.256863,38.653634,0 -93.25383669999999,38.65899,0 -93.25327879999999,38.659945,0 -93.252678,38.6609336,0 -93.2524205,38.6617546,0 -93.2523734,38.6620971,0 -93.2523624,38.6621659,0 -93.25220680000001,38.6629189000001,0 -93.25216520000001,38.6633037,0 -93.2521394,38.6643329,0 -93.2521359,38.6644718,0 -93.251901,38.669224,0 -93.25182339999999,38.6712093,0 -93.2517721,38.6725234,0 -93.2517641,38.67275,0 -93.25169439999999,38.6741575,0 -93.25151390000001,38.6800033,0 -93.2513404,38.6835022,0 -93.2513302,38.6836968,0 -93.2513266,38.6837657000001,0 -93.25132339999999,38.6838258,0 -93.25132069999999,38.6838771,0 -93.2513113,38.6840538,0 -93.25125,38.685149,0 -93.25119849999999,38.6860625,0 -93.25111290000001,38.6875788,0 -93.25107800000001,38.688197,0 -93.25098400000002,38.689981,0 -93.25097199999999,38.690261,0 -93.25088,38.692475,0 -93.25079299999999,38.694771,0 -93.25078399999998,38.695148,0 -93.25076110000001,38.6957655,0 -93.25075200000001,38.696012,0 -93.2507513,38.6960293,0 -93.25072699999998,38.696592,0 -93.25065909999999,38.6983538,0 -93.25064999999999,38.698519,0 -93.25064079999999,38.6987534,0 -93.25063299999998,38.6989504,0 -93.25062419999999,38.6991705,0 -93.2506202,38.6992724,0 -93.2506114,38.6994944,0 -93.25059779999999,38.6998359,0 -93.25059329999999,38.6999484,0 -93.250587,38.700106,0 -93.2505815,38.7002453,0 -93.25057870000001,38.7003164,0 -93.2505759,38.7003865,0 -93.250573,38.7004591,0 -93.25056349999998,38.7006987,0 -93.2504885,38.7023932,0 -93.25045769999998,38.7032615,0 -93.25044639999999,38.7037423,0 -93.2504442,38.7038543,0 -93.25037469999999,38.703977,0 -93.2503658,38.7040968,0 -93.2503268,38.7050012,0 -93.25032389999998,38.7050595,0 -93.25032039999999,38.7051278,0 -93.25026200000001,38.7060101,0 -93.25025410000001,38.7062279,0 -93.25033279999998,38.7063731,0 -93.25033019999999,38.7064544,0 -93.250298,38.707476,0 -93.25026209999999,38.7083859,0 -93.2502813,38.708844,0 -93.250275,38.7093,0 -93.2502688,38.7094641,0 -93.2501414,38.7112938,0 -93.250135,38.71145,0 -93.2501366,38.711766,0 -93.25011139999999,38.7135013,0 -93.25009420000001,38.713926,0 -93.2500702,38.7146542,0 -93.2500536,38.7152741,0 -93.2499194,38.717368,0 -93.2497676,38.7181434999999,0 -93.24945660000002,38.7189603,0 -93.24913800000002,38.7195877,0 -93.2486297,38.7202862,0 -93.2480379,38.7209077,0 -93.24735029999999,38.7214502,0 -93.2464296,38.7220382,0 -93.24532770000002,38.7225001,0 -93.23710099999998,38.725082,0 -93.23044649999999,38.7271543,0 -93.2296377,38.7273657,0 -93.2287365,38.727667,0 -93.22810349999999,38.7279683,0 -93.2276529,38.7283031,0 -93.22750790000002,38.7284414,0 -93.227181,38.728772,0 -93.2268375,38.7292782,0 -93.226522,38.730194,0 -93.2262877,38.736658,0 -93.22609399999999,38.742,0 -93.22606159999999,38.7429153,0 -93.225945,38.7462098,0 -93.2256311,38.7550771,0 -93.2254372,38.7612452,0 -93.2254274,38.762082,0 -93.22516600000002,38.76685,0 -93.22505580000001,38.7708288,0 -93.2250532,38.7708889,0 -93.224951,38.773214,0 -93.2249807,38.7748316,0 -93.22517089999999,38.783354,0 -93.22524330000002,38.784279,0 -93.225199,38.78557,0 -93.2252524,38.7884021,0 -93.22547799999998,38.797268,0 -93.2255966,38.8022664,0 -93.22565820000001,38.8034768,0 -93.22571259999999,38.8063566,0 -93.22576689999998,38.8080081,0 -93.225785,38.8093915,0 -93.22570759999999,38.811128,0 -93.2254487,38.8120063,0 -93.2249142,38.8135624,0 -93.22486980000001,38.8136917,0 -93.2246109,38.8143683,0 -93.22365120000002,38.8166352,0 -93.2226204,38.8194436,0 -93.22203700000001,38.820788,0 -93.21981760000001,38.8264573,0 -93.218593,38.829655,0 -93.21815719999999,38.8315006,0 -93.21792869999999,38.832972,0 -93.21780680000001,38.8344433,0 -93.21775209999998,38.840384,0 -93.21760399999999,38.84412,0 -93.21732600000001,38.850222,0 -93.21709339999998,38.8563201,0 -93.21701789999999,38.8584935,0 -93.21699820000001,38.8604875999999,0 -93.2170503,38.8624932,0 -93.21702799999998,38.864829,0 -93.21711490000001,38.86802,0 -93.2170503,38.8694876,0 -93.2170395,38.8705862000001,0 -93.2170826,38.8732025,0 -93.2170395,38.8745441999999,0 -93.21681399999999,38.877299,0 -93.21658600000001,38.881406,0 -93.21646250000001,38.883874,0 -93.2160378,38.8895444,0 -93.21574699999999,38.8957733,0 -93.2156931,38.8968379,0 -93.21544470000001,38.8975722,0 -93.21311300000001,38.903909,0 -93.2119343,38.9071315,0 -93.21167800000002,38.9079617,0 -93.2107336,38.9104391,0 -93.210368,38.9112214,0 -93.2101548,38.9121577,0 -93.2100634,38.9130822,0 -93.21001500000001,38.914489,0 -93.20978920000002,38.9188186,0 -93.20942359999999,38.9224569,0 -93.20942159999998,38.922484,0 -93.20921600000001,38.925258,0 -93.2088109,38.9327628,0 -93.20849800000001,38.937184,0 -93.2081671,38.9434279,0 -93.20781100000001,38.948513,0 -93.207545,38.9537191,0 -93.20752340000001,38.9541415,0 -93.20756980000002,38.9556114,0 -93.20745700000001,38.95687,0 -93.20736939999999,38.9590627,0 -93.20724329999999,38.96087,0 -93.2072103,38.9622257,0 -93.2070575,38.9647721,0 -93.206844,38.967002,0 -93.206717,38.969008,0 -93.2065747,38.9699632,0 -93.2062239,38.9708645,0 -93.2057815,38.9716828,0 -93.2032342,38.9758215,0 -93.2028538,38.9765811,0 -93.20252930000001,38.9770274,0 -93.201362,38.9788769,0 -93.2007584,38.9799411,0 -93.199482,38.981954,0 -93.1974207,38.9854122,0 -93.1971123,38.986089,0 -93.1968584,38.9869068,0 -93.19668609999999,38.9876188,0 -93.1966498,38.9883449,0 -93.19656670000001,38.9914115,0 -93.1965295,38.9928605,0 -93.19647880000001,38.9946641,0 -93.196445,38.9951984,0 -93.19629990000001,38.9991458,0 -93.19615060000001,39.0026032,0 -93.19611209999999,39.0035402,0 -93.1960223,39.0062414,0 -93.1957318,39.0145781,0 -93.19552999999999,39.019536,0 -93.195218,39.027774,0 -93.19512559999998,39.0294768,0 -93.19496700000002,39.035012,0 -93.194813,39.038725,0 -93.19468000000001,39.042377,0 -93.1944177,39.0505069,0 -93.1942907,39.0547047,0 -93.1944177,39.0560429,0 -93.19463700000001,39.057157,0 -93.19519769999999,39.0594798,0 -93.1953066,39.0616348,0 -93.1953791,39.0620715,0 -93.1960428,39.0645414,0 -93.19624899999999,39.0651398,0 -93.19632239999999,39.0655926,0 -93.1962498,39.0669728,0 -93.19611899999998,39.071815,0 -93.1959233,39.0771266,0 -93.1959655,39.0776625,0 -93.1961773,39.0784502,0 -93.19637640000001,39.0790983,0 -93.19650379999999,39.0793515,0 -93.1966474,39.0796116,0 -93.19693909999999,39.08014,0 -93.1975922,39.0808863,0 -93.198227,39.0813791,0 -93.2045796,39.0866225,0 -93.2058413,39.087666,0 -93.20721330000001,39.0887966,0 -93.2106682,39.0915807,0 -93.21184729999999,39.0926929,0 -93.2121819,39.0930971,0 -93.21246290000001,39.0934596,0 -93.21278430000001,39.093976,0 -93.21308860000001,39.0945992,0 -93.2132964,39.0950725,0 -93.2134879,39.0956216,0 -93.21362569999999,39.0961623,0 -93.2136907,39.0966711,0 -93.2137235,39.0972507,0 -93.21370210000001,39.0981031,0 -93.2135392,39.1011317,0 -93.2135372,39.1011713,0 -93.213359,39.1046332,0 -93.21334850000001,39.1048532,0 -93.21318359999999,39.1083225,0 -93.21312469999999,39.1111345,0 -93.2131187,39.1114184,0 -93.2130961,39.1117532,0 -93.2128299,39.1156894,0 -93.21281430000001,39.1161947,0 -93.2128333,39.116591,0 -93.21287109999999,39.1169748,0 -93.21293120000001,39.1173205,0 -93.21302300000001,39.1177243,0 -93.213112,39.1180407,0 -93.21324970000001,39.1184316,0 -93.21348709999999,39.1190279,0 -93.2136174,39.1193215,0 -93.2137414,39.1196216,0 -93.2138988,39.1199883,0 -93.21458939999999,39.1215977,0 -93.21476490000001,39.1219917,0 -93.21697899999999,39.1272691,0 -93.21752050000001,39.1281329,0 -93.21813830000001,39.128902,0 -93.21907899999999,39.12991,0 -93.22154699999999,39.132513,0 -93.222025,39.133021,0 -93.22365110000001,39.1347008,0 -93.2238048,39.1348616,0 -93.2239194,39.1349779,0 -93.2240367,39.1350806000001,0 -93.2242669,39.1352821,0 -93.22433909999999,39.1353306,0 -93.22459819999999,39.1355044,0 -93.22495659999998,39.1356818,0 -93.22678000000001,39.1365857,0 -93.2295426,39.1379158,0 -93.2310986,39.1386579,0 -93.2333464,39.1397299,0 -93.23396549999998,39.1400496,0 -93.23426520000001,39.1402490000001,0 -93.23505059999999,39.1408384,0 -93.2376788,39.1429339,0 -93.240306,39.145094,0 -93.245976,39.1488897,0 -93.2527357,39.1534454,0 -93.2534027,39.1538631,0 -93.25389010000002,39.1540422,0 -93.26636779999998,39.1587081,0 -93.2736689,39.161442,0 -93.2789022,39.1631227,0 -93.28031319999999,39.1636797,0 -93.2809288,39.163988,0 -93.2821987,39.1647935,0 -93.28461009999999,39.1664742,0 -93.2862135,39.1675582,0 -93.28903099999999,39.1695595,0 -93.2906515,39.1706707,0 -93.2911902,39.170979,0 -93.2917289,39.1712077,0 -93.29718990000001,39.1732411,0 -93.30005629999999,39.1743226999999,0 -93.3006012,39.1746174,0 -93.3009809,39.1748227,0 -93.3019779,39.1756487,0 -93.3024654,39.1761724,0 -93.30363389999999,39.1774078,0 -93.3040792,39.1778715,0 -93.30508500000001,39.17894,0 -93.3081279,39.182184,0 -93.312544,39.187745,0 -93.3137614,39.1891722,0 -93.3145054,39.1898382999999,0 -93.315198,39.1903453,0 -93.3161379,39.190878,0 -93.3172888,39.1912499,0 -93.318674,39.1915382,0 -93.3198798,39.1915581,0 -93.326874,39.191845,0 -93.33938300000001,39.192355,0 -93.345488,39.1926216,0 -93.34724080000001,39.1926981,0 -93.3473161,39.1927014,0 -93.3539146,39.1929982,0 -93.3591366,39.193233,0 -93.35981520000001,39.1932599,0 -93.3612157,39.1933109,0 -93.3613636,39.1933184,0 -93.36290870000001,39.1933809,0 -93.365977,39.193478,0 -93.36764290000001,39.1935479,0 -93.36830800000001,39.193582,0 -93.3746988,39.1939774,0 -93.38403669999998,39.1944446,0 -93.38409210000002,39.1944473,0 -93.389889,39.194735,0 -93.4034948,39.1952398,0 -93.40407209999999,39.1952001,0 -93.40465930000001,39.1950819,0 -93.40788550000001,39.1941361,0 -93.4086253,39.1940001999999,0 -93.40951,39.1939588,0 -93.41259119999998,39.194077,0 -93.4134454,39.1941361,0 -93.41436830000001,39.194278,0 -93.42004260000002,39.1958148,0 -93.42068329999998,39.1959212,0 -93.426411,39.196107,0 -93.42710800000002,39.1961340000001,0 -93.42782200000002,39.1962876,0 -93.4286991,39.1966186,0 -93.43049899999998,39.1975289,0 -93.43567199999998,39.2000209999999,0 -93.44163879999999,39.2029037,0 -93.44293300000001,39.203529,0 -93.44363130000001,39.2038135,0 -93.444209,39.203925,0 -93.44493199999999,39.20397,0 -93.44559999999998,39.203975,0 -93.4515765,39.2040103,0 -93.452068,39.203988,0 -93.45278279999999,39.2037714,0 -93.45454300000002,39.20286,0 -93.45519539999999,39.2025695,0 -93.45574860000001,39.20245,0 -93.45618399999999,39.2024289,0 -93.45884150000002,39.2025203,0 -93.46371300000001,39.202679,0 -93.47336300000001,39.202996,0 -93.477879,39.203143,0 -93.47966589999999,39.2031458,0 -93.4808994,39.2030192999999,0 -93.48229610000001,39.2028366,0 -93.49332510000001,39.2008475,0 -93.4942593,39.2007632,0 -93.49532050000002,39.2007632,0 -93.49615489999999,39.2008827,0 -93.4970982,39.2011006,0 -93.4978419,39.2013747,0 -93.49858560000001,39.2017612,0 -93.49960149999998,39.202436,0 -93.5026936,39.2047371,0 -93.50289169999999,39.2048845,0 -93.50463569999999,39.2061994,0 -93.50679220000001,39.2077914,0 -93.5089165,39.2093626,0 -93.5098338,39.2100526,0 -93.5107565,39.2107717,0 -93.5110354,39.2111333,0 -93.5112714,39.2115489,0 -93.5114324,39.2120269,0 -93.5114942,39.2123931,0 -93.5126381,39.2197906,0 -93.5127337,39.2206608,0 -93.5127233,39.221188,0 -93.51257059999999,39.2257143,0 -93.5123116,39.2320151,0 -93.51227470000001,39.2387749,0 -93.51222870000001,39.2431679,0 -93.512218,39.243438,0 -93.512184,39.2441735,0 -93.51205100000001,39.2534158,0 -93.51205990000001,39.2540925,0 -93.51226339999999,39.269522,0 -93.5122349,39.2769875,0 -93.51223360000002,39.2773324,0 -93.51219879999999,39.2787147,0 -93.51207000000001,39.2796605,0 -93.5119638,39.2802066,0 -93.51175139999999,39.2810551,0 -93.511448,39.2818684,0 -93.51125620000002,39.2824566,0 -93.510879,39.2832425,0 -93.5077902,39.2900202,0 -93.5024277,39.3017078,0 -93.50099299999999,39.3048833,0 -93.49767169999998,39.3122658,0 -93.4961461,39.315514,0 -93.49575160000001,39.3166057,0 -93.49559990000002,39.3174391,0 -93.4955544,39.3179791,0 -93.4955544,39.3209958000001,0 -93.4956679,39.3267158,0 -93.49570610000001,39.3301389,0 -93.49561890000001,39.3310808,0 -93.4955211,39.3315926,0 -93.4954633,39.3318949,0 -93.495232,39.3326342,0 -93.4948564,39.3335408,0 -93.49469120000001,39.333864,0 -93.4945985,39.3340455,0 -93.494113,39.3348112,0 -93.4936388,39.3354156,0 -93.49319500000001,39.3358762,0 -93.49180870000001,39.3372273,0 -93.49134130000002,39.3376828,0 -93.49075679999999,39.3382262,0 -93.48999989999999,39.3389598,0 -93.48641680000001,39.3424366,0 -93.48516649999999,39.343644,0 -93.48040659999998,39.348269,0 -93.47949540000002,39.3492248,0 -93.4790804,39.3498387,0 -93.47875569999999,39.3505294,0 -93.47857519999999,39.3512061,0 -93.4784859,39.3520865,0 -93.4785169,39.3525501,0 -93.47855029999999,39.3527769,0 -93.47865759999999,39.3532747,0 -93.47885069999998,39.353789,0 -93.47971440000001,39.3556722,0 -93.4800899,39.3564976,0 -93.48048760000002,39.3573269,0 -93.48184809999999,39.3600826,0 -93.48208339999999,39.3605412,0 -93.482564,39.3616458,0 -93.48303490000001,39.3626227,0 -93.4831875,39.3629493,0 -93.4834422,39.3634942,0 -93.48389969999999,39.3644734,0 -93.48409979999998,39.364777,0 -93.484549,39.3658738,0 -93.48469249999998,39.3664735,0 -93.48484250000001,39.3672153,0 -93.48491300000001,39.3679549,0 -93.48492449999999,39.3691667,0 -93.48492520000002,39.3693183,0 -93.4849265,39.3696218,0 -93.4849229,39.3698118,0 -93.48492159999999,39.3698783,0 -93.4849236,39.3700914,0 -93.48492539999999,39.37041,0 -93.48492569999999,39.3704723000001,0 -93.4849273,39.3707539,0 -93.48492899999999,39.3710703,0 -93.4849298,39.3712156,0 -93.48493019999999,39.3712854,0 -93.48493290000002,39.3714068,0 -93.48493259999999,39.3723851,0 -93.48493290000002,39.3724446,0 -93.4849313,39.3727092,0 -93.4849306,39.3728885,0 -93.48492870000001,39.3730734,0 -93.4849339,39.3734107,0 -93.4849372,39.3738296,0 -93.4849401,39.3746649,0 -93.48494420000002,39.3753673,0 -93.484948,39.3760862,0 -93.4849547,39.3765707,0 -93.48494700000001,39.3770072,0 -93.4849421,39.3772565,0 -93.4849428,39.3775719,0 -93.4849439,39.3785602,0 -93.4849473,39.3799759,0 -93.48494839999999,39.3804391,0 -93.48495480000001,39.3831404,0 -93.48495610000002,39.3834156,0 -93.48495730000002,39.3836541,0 -93.48495579999999,39.3842513,0 -93.48496059999999,39.3848627,0 -93.48495769999998,39.3853589000001,0 -93.4849633,39.3880547,0 -93.48496780000001,39.3902131,0 -93.48500819999998,39.3959354,0 -93.4850332,39.3986144,0 -93.4850436,39.4004901,0 -93.48504279999999,39.400969,0 -93.48504079999999,39.4022739,0 -93.4849236,39.402849,0 -93.484707,39.4034485,0 -93.48279359999998,39.4064828,0 -93.48158170000001,39.4084047,0 -93.4814296,39.4086446,0 -93.48104859999999,39.4092509,0 -93.48084950000001,39.4095678,0 -93.4799932,39.4109307,0 -93.47852829999999,39.4132227,0 -93.47773549999999,39.4145865,0 -93.47748180000001,39.4150768,0 -93.47716530000001,39.4157346,0 -93.476951,39.4162275,0 -93.4765361,39.4172644,0 -93.4764266,39.4176983,0 -93.47618620000001,39.4186503,0 -93.4761381,39.4188648,0 -93.47600509999999,39.4195543,0 -93.4758649,39.4204105,0 -93.47579210000002,39.4218626,0 -93.47584500000002,39.4252717,0 -93.47593640000001,39.4286545,0 -93.475945,39.4289738,0 -93.47595430000001,39.4293172,0 -93.47600009999999,39.4310148,0 -93.4760395,39.4328044000001,0 -93.47607680000002,39.4345005,0 -93.47614059999999,39.436741,0 -93.47618969999999,39.438466,0 -93.47619299999999,39.4385815,0 -93.4762467,39.4404669000001,0 -93.47628330000001,39.4417524,0 -93.476285,39.4421093,0 -93.4762863,39.4424055,0 -93.4762904,39.4432809,0 -93.47629850000001,39.445015,0 -93.47630259999998,39.4458976,0 -93.4763044,39.4462806,0 -93.4763032,39.446355,0 -93.47627129999999,39.4483359,0 -93.4762602,39.4490268,0 -93.4762595,39.4503891,0 -93.47625860000001,39.4522312,0 -93.47625860000001,39.4524726,0 -93.4762477,39.4534934,0 -93.4762267,39.4554614,0 -93.47619160000002,39.4562391,0 -93.4758965,39.459418,0 -93.47582879999999,39.4601478,0 -93.47579810000001,39.4604787,0 -93.4757749,39.4607284,0 -93.47577510000001,39.4621819999999,0 -93.4757907,39.4631791,0 -93.47579930000001,39.4634492,0 -93.4758071,39.4635364,0 -93.4759681,39.4648451,0 -93.47646159999999,39.4679097,0 -93.4764938,39.4686054,0 -93.47640790000001,39.4691354999999,0 -93.47606879999999,39.4706465,0 -93.47595730000002,39.4716284,0 -93.4757161,39.4851208,0 -93.47554959999999,39.4953689,0 -93.475533,39.4996285,0 -93.47533110000001,39.5142109999999,0 -93.47530620000001,39.517635,0 -93.4753797,39.5184802,0 -93.4754169,39.5186981,0 -93.4756983,39.5203471,0 -93.47579519999999,39.5209162,0 -93.47660110000001,39.5252744,0 -93.4767832,39.5266262,0 -93.476816,39.5273707,0 -93.4768141,39.5287887,0 -93.47684870000001,39.5360175,0 -93.4769438,39.5431871,0 -93.4769725,39.5453371999999,0 -93.4770341,39.5499554,0 -93.4770943,39.557566,0 -93.4771667,39.5661531,0 -93.4771611,39.5718625,0 -93.47724849999999,39.5833048,0 -93.47724849999999,39.5862728,0 -93.4772705,39.5874664,0 -93.47724069999998,39.5910748000001,0 -93.47731880000002,39.599613,0 -93.47731109999999,39.6015884,0 -93.4773143,39.6018688,0 -93.4773268,39.6057218,0 -93.4774384,39.6070965,0 -93.4781485,39.6123166,0 -93.47826790000001,39.6143085,0 -93.47854599999999,39.629168,0 -93.4787721,39.6405715,0 -93.4788827,39.644028,0 -93.47907259999999,39.6561104,0 -93.4791767,39.6589656,0 -93.47921479999999,39.6607608,0 -93.4793078,39.6612878,0 -93.47952020000001,39.6618076,0 -93.47991469999999,39.6624383,0 -93.4805065,39.6629931,0 -93.48115129999999,39.6634078,0 -93.492707,39.6699072,0 -93.498435,39.673169,0 -93.49885500000002,39.6734059999999,0 -93.507451,39.678076,0 -93.516802,39.683149,0 -93.52205600000001,39.6859553,0 -93.5238413,39.6870984,0 -93.52498839999998,39.68779,0 -93.5268202,39.6887226,0 -93.5279127,39.6891896,0 -93.5288534,39.689645,0 -93.52970310000001,39.6901587,0 -93.5308562,39.6909293,0 -93.53304110000001,39.6924471,0 -93.5348401,39.6938113,0 -93.5399903,39.697514,0 -93.54141250000001,39.6985509,0 -93.54569499999999,39.701673,0 -93.5515975,39.7059424,0 -93.5534371,39.7073964,0 -93.55437540000001,39.708153,0 -93.5549528,39.7089303,0 -93.55509999999998,39.709237,0 -93.5553137,39.7097909,0 -93.55541289999999,39.71036,0 -93.55540700000002,39.716032,0 -93.55537459999999,39.7191105,0 -93.5553869,39.7199948,0 -93.5553972,39.7207329,0 -93.55542819999998,39.7229643,0 -93.5554356,39.7231442,0 -93.55549070000001,39.7243082000001,0 -93.55549259999999,39.7245239,0 -93.5555999,39.7326349,0 -93.5555784,39.7332703,0 -93.55567449999999,39.7374125999999,0 -93.55583679999999,39.7432011,0 -93.55595409999999,39.7438879,0 -93.5561155,39.7444798,0 -93.55638709999999,39.7452475,0 -93.5568358,39.7463184,0 -93.55713269999998,39.7470598,0 -93.5580346,39.7498345,0 -93.5582307,39.7508199,0 -93.55845620000001,39.7525866,0 -93.5588644,39.7559314,0 -93.5589178,39.7563699,0 -93.5590742,39.7576543,0 -93.55909480000001,39.7579824,0 -93.559101,39.7582434,0 -93.5590868,39.7585262,0 -93.55903879999998,39.7588394,0 -93.55897049999999,39.7591652,0 -93.55888280000001,39.7594665,0 -93.5587869,39.7597147,0 -93.5586593,39.7600006,0 -93.558491,39.7603022,0 -93.55830450000001,39.7605925,0 -93.5580448,39.7609578,0 -93.55544310000001,39.7641846,0 -93.55448949999999,39.7653905999999,0 -93.5539362,39.7660886,0 -93.5534376,39.7668294,0 -93.5531534,39.7674432,0 -93.5528286,39.7683724,0 -93.5526347,39.7692444,0 -93.55259409999998,39.7702135,0 -93.5526088,39.771004,0 -93.55262639999999,39.7717957,0 -93.55262999999999,39.771958,0 -93.5526472,39.7725079,0 -93.55260069999999,39.7726536,0 -93.55260069999999,39.7728963,0 -93.5526134,39.7733596,0 -93.55261980000002,39.7736023,0 -93.5526717,39.7737119,0 -93.55269319999999,39.7746904,0 -93.55270310000002,39.7749845,0 -93.5527134,39.7753045,0 -93.5527177,39.7756473,0 -93.5527349,39.7764603,0 -93.55274050000001,39.776726,0 -93.5527623,39.7777562,0 -93.5527675,39.7780024,0 -93.552779,39.778547,0 -93.552814,39.7810626,0 -93.55285499999999,39.782245,0 -93.5528669,39.7826459,0 -93.55287199999999,39.7828182,0 -93.55291340000001,39.7842113000001,0 -93.55294079999999,39.785093,0 -93.5529787,39.7856013,0 -93.5530638,39.785999,0 -93.55316080000001,39.786435,0 -93.553273,39.786906,0 -93.55350320000001,39.7880180000001,0 -93.5535797,39.7885144,0 -93.5535857,39.7888710999999,0 -93.55359609999999,39.7896687,0 -93.553611,39.7907388,0 -93.553635,39.7925166,0 -93.55363610000001,39.7925989,0 -93.55364529999999,39.7932764,0 -93.55364699999998,39.7934,0 -93.5536479,39.7935257,0 -93.55365260000002,39.794214,0 -93.55365299999998,39.794278,0 -93.5536548,39.7943645,0 -93.5536711,39.7951374,0 -93.55369589999999,39.7969541,0 -93.5537068,39.7977411,0 -93.5537102,39.7979494,0 -93.55372060000001,39.798579,0 -93.55372269999999,39.7987117,0 -93.55372970000001,39.7991608,0 -93.55373270000001,39.7993532,0 -93.55373710000001,39.7996331,0 -93.55378,39.802373,0 -93.5537331,39.8028215,0 -93.55365279999999,39.8031887,0 -93.5535356,39.8035823,0 -93.55338860000002,39.8039333,0 -93.5531022,39.8045769,0 -93.55284760000002,39.8052002,0 -93.5526586,39.8053447,0 -93.55255649999999,39.8057174,0 -93.55246399999999,39.8061658,0 -93.55240340000002,39.8064167,0 -93.5523779,39.8067637000001,0 -93.5523926,39.8072397,0 -93.552397,39.8077831,0 -93.55252659999999,39.8083862,0 -93.55262870000001,39.8086557,0 -93.5526847,39.8115264,0 -93.5526945,39.8118956,0 -93.55269700000001,39.8119885,0 -93.55272199999999,39.812926,0 -93.55274199999999,39.814174,0 -93.5527396,39.8142808,0 -93.55271669999999,39.8153029,0 -93.5527067,39.8157522,0 -93.5526989,39.816099,0 -93.55264390000001,39.8167854,0 -93.55253999999998,39.817542,0 -93.55224800000001,39.818808,0 -93.5517016,39.8203837,0 -93.5511494,39.8216292,0 -93.55060159999999,39.8226115,0 -93.55055780000001,39.8226896,0 -93.55039189999999,39.8229584,0 -93.54989279999999,39.8237033,0 -93.54932650000001,39.8244736,0 -93.548727,39.8252594,0 -93.548519,39.8255331,0 -93.5479624,39.8262653,0 -93.5479502,39.8262814,0 -93.54758440000001,39.8267144,0 -93.5467943,39.8276495,0 -93.544968,39.829811,0 -93.5449364,39.8298482,0 -93.5441539,39.8307697,0 -93.54412410000002,39.8308047,0 -93.543808,39.831177,0 -93.54375039999999,39.8312459,0 -93.54346050000001,39.8315927,0 -93.54322929999999,39.8318693,0 -93.54313230000001,39.8319853,0 -93.5431245,39.8319945,0 -93.54305239999999,39.8320793,0 -93.54284730000001,39.8323205,0 -93.5426355,39.8325697,0 -93.54222560000001,39.8330519,0 -93.5416589,39.8337186,0 -93.5412949,39.834149,0 -93.540831,39.8349298,0 -93.54070960000001,39.8354716,0 -93.54064890000001,39.8359085,0 -93.54066419999999,39.837471,0 -93.5406696,39.8381683,0 -93.5406735,39.8386632,0 -93.54067499999998,39.838861,0 -93.54069079999999,39.8399619999999,0 -93.5407153,39.8411527,0 -93.540738,39.843235,0 -93.5407436,39.8436599,0 -93.54074999999999,39.84414,0 -93.540786,39.847031,0 -93.540803,39.8481269,0 -93.54085600000002,39.851826,0 -93.54086700000001,39.8523343,0 -93.540868,39.852379,0 -93.54090600000001,39.855398,0 -93.540909,39.85569,0 -93.540937,39.857929,0 -93.54102000000002,39.862959,0 -93.541089,39.865619,0 -93.54109800000001,39.866361,0 -93.54109899999999,39.867232,0 -93.54111899999999,39.870264,0 -93.54111920000001,39.8704042,0 -93.54112000000001,39.870889,0 -93.541139,39.872234,0 -93.54113999999998,39.8724949999999,0 -93.541141,39.872788,0 -93.541192,39.877249,0 -93.541237,39.878962,0 -93.54127799999999,39.8808658,0 -93.5412784,39.8809422,0 -93.5412834,39.8819689,0 -93.5412855,39.8823778,0 -93.54128969999998,39.8837617,0 -93.541292,39.88447,0 -93.54128590000001,39.884591,0 -93.5412882,39.884904,0 -93.541293,39.885561,0 -93.5412937,39.8855987000001,0 -93.54130499999999,39.8861742,0 -93.541298,39.8866309999999,0 -93.54132300000001,39.8878089,0 -93.541321,39.888273,0 -93.541252,39.8891599,0 -93.541129,39.889635,0 -93.54099800000002,39.890013,0 -93.540915,39.890306,0 -93.540812,39.890968,0 -93.54081000000001,39.891294,0 -93.54080500000001,39.89213,0 -93.54082699999999,39.906259,0 -93.540842,39.918064,0 -93.54084100000001,39.921264,0 -93.540865,39.921888,0 -93.54086299999999,39.922984,0 -93.54087899999999,39.935411,0 -93.54088200000001,39.938072,0 -93.54088619999999,39.9413697,0 -93.540897,39.949966,0 -93.54087899999999,39.950454,0 -93.54089,39.95137,0 -93.54089,39.9515120000001,0 -93.54089,39.951827,0 -93.540905,39.952526,0 -93.54091,39.954247,0 -93.54092899999999,39.955064,0 -93.54096,39.95541,0 -93.54110799999999,39.956293,0 -93.54123100000001,39.956809,0 -93.5414,39.957329,0 -93.541625,39.957893,0 -93.541972,39.958641,0 -93.54211599999999,39.958979,0 -93.54223399999999,39.959228,0 -93.54240900000001,39.959653,0 -93.542506,39.959926,0 -93.542636,39.960384,0 -93.54268000000002,39.960587,0 -93.542749,39.961008,0 -93.542783,39.961301,0 -93.542795,39.961506,0 -93.54280299999999,39.9618,0 -93.54279100000001,39.9621839999999,0 -93.54275199999999,39.962574,0 -93.54270600000001,39.962869,0 -93.54262300000001,39.963251,0 -93.54251499999999,39.963631,0 -93.542238,39.964442,0 -93.542005,39.965115,0 -93.541889,39.965544,0 -93.54181199999999,39.9658049999999,0 -93.54165899999998,39.966525,0 -93.54158300000002,39.96695,0 -93.541499,39.967599,0 -93.54147500000001,39.967877,0 -93.541453,39.968379,0 -93.54143899999998,39.969442,0 -93.54145,39.970064,0 -93.54146099999998,39.972204,0 -93.54148299999999,39.97332,0 -93.541494,39.975278,0 -93.541522,39.976065,0 -93.54151700000001,39.9771580000001,0 -93.541532,39.978967,0 -93.541534,39.979306,0 -93.54153600000001,39.980103,0 -93.541549,39.981098,0 -93.54154699999999,39.982024,0 -93.541591,39.983697,0 -93.54158300000002,39.984939,0 -93.54160899999998,39.985913,0 -93.54162099999999,39.986962,0 -93.54161999999999,39.988447,0 -93.541641,39.988925,0 -93.541645,39.989427,0 -93.541669,39.9896170000001,0 -93.541706,39.989834,0 -93.54176099999999,39.990102,0 -93.541809,39.990271,0 -93.54182900000001,39.990342,0 -93.54191000000002,39.990579,0 -93.54200899999999,39.990799,0 -93.542282,39.991286,0 -93.542452,39.991523,0 -93.542862,39.991983,0 -93.543026,39.992131,0 -93.54323099999999,39.992297,0 -93.54341999999998,39.992438,0 -93.543622,39.992589,0 -93.543888,39.992764,0 -93.544172,39.992932,0 -93.544425,39.9930599999999,0 -93.544757,39.993198,0 -93.54509400000001,39.993325,0 -93.54543,39.993429,0 -93.54577499999999,39.993525,0 -93.54609900000001,39.993589,0 -93.546249,39.993618,0 -93.546509,39.993661,0 -93.54685400000001,39.993697,0 -93.547155,39.993712,0 -93.548104,39.993708,0 -93.549031,39.993697,0 -93.54997000000002,39.993676,0 -93.55167199999998,39.993633,0 -93.552352,39.993622,0 -93.55319999999999,39.993609,0 -93.55484199999998,39.993591,0 -93.55566899999998,39.993573,0 -93.5561,39.993564,0 -93.557862,39.993532,0 -93.55834419999999,39.9935171,0 -93.5594992,39.9934994,0 -93.560348,39.99349,0 -93.562431,39.993457,0 -93.563636,39.993434,0 -93.56528900000001,39.993395,0 -93.56579100000002,39.993382,0 -93.56654899999999,39.993363,0 -93.567671,39.993349,0 -93.568589,39.9933290000001,0 -93.56936999999999,39.993302,0 -93.57015199999999,39.993298,0 -93.570821,39.99327,0 -93.571746,39.993249,0 -93.572306,39.99325,0 -93.57315800000001,39.993245,0 -93.57392699999998,39.993247,0 -93.574033,39.993248,0 -93.574296,39.993267,0 -93.57462,39.9933009999999,0 -93.574879,39.993335,0 -93.575141,39.993385,0 -93.57541700000002,39.993448,0 -93.57570200000001,39.993525,0 -93.57596499999998,39.993606,0 -93.57621899999999,39.993704,0 -93.57647299999999,39.993808,0 -93.576758,39.993937,0 -93.577321,39.994248,0 -93.57755300000001,39.994404,0 -93.578045,39.994764,0 -93.57817500000002,39.99488,0 -93.57833200000002,39.995039,0 -93.578664,39.99542,0 -93.578726,39.995499,0 -93.578821,39.995617,0 -93.578929,39.995781,0 -93.579055,39.996016,0 -93.579155,39.996216,0 -93.579277,39.9965,0 -93.579354,39.996697,0 -93.57941400000001,39.996888,0 -93.579455,39.9970519999999,0 -93.579481,39.9972,0 -93.579488,39.997239,0 -93.57950200000002,39.997376,0 -93.579508,39.997509,0 -93.579516,39.998499,0 -93.57953999999999,40.000153,0 -93.579604,40.00548,0 -93.579607,40.005819,0 -93.579626,40.007416,0 -93.57966300000001,40.010621,0 -93.579689,40.014637,0 -93.57970400000001,40.01575,0 -93.57971300000001,40.01644,0 -93.579708,40.017007,0 -93.579725,40.017496,0 -93.579756,40.018397,0 -93.579791,40.020417,0 -93.579847,40.024491,0 -93.579853,40.025184,0 -93.579852,40.026112,0 -93.579859,40.026425,0 -93.57984899999998,40.026839,0 -93.579848,40.027084,0 -93.579846,40.027491,0 -93.579868,40.028579,0 -93.579871,40.029244,0 -93.57987300000002,40.029622,0 -93.579857,40.02987,0 -93.57985100000002,40.030148,0 -93.57980099999999,40.03056,0 -93.57978599999998,40.03086,0 -93.57969799999998,40.031987,0 -93.579624,40.033018,0 -93.579604,40.033215,0 -93.579516,40.034407,0 -93.579516,40.035458,0 -93.57952299999999,40.035595,0 -93.579551,40.03748,0 -93.57956900000001,40.039764,0 -93.57959,40.044016,0 -93.579595,40.044892,0 -93.579601,40.045946,0 -93.57960600000001,40.046538,0 -93.57961299999998,40.047323,0 -93.579629,40.04922,0 -93.579652,40.050721,0 -93.579655,40.050939,0 -93.57968499999998,40.052907,0 -93.57968799999999,40.053855,0 -93.579689,40.054854,0 -93.57969400000002,40.055258,0 -93.579696,40.055432,0 -93.57970000000002,40.055867,0 -93.579702,40.0560159999999,0 -93.579775,40.06073,0 -93.579787,40.061052,0 -93.579797,40.061327,0 -93.57986,40.061925,0 -93.579938,40.0622539999999,0 -93.58003600000001,40.062634,0 -93.58011299999998,40.06283,0 -93.580195,40.063014,0 -93.58030700000002,40.063241,0 -93.58049000000001,40.063531,0 -93.58058100000001,40.063668,0 -93.58076,40.063908,0 -93.58105999999999,40.064274,0 -93.581225,40.064436,0 -93.58142100000001,40.064615,0 -93.58897140000001,40.0710858,0 -93.58958810000001,40.0716183999999,0 -93.5899675,40.0719295,0 -93.5904214,40.0723098,0 -93.590796,40.072606,0 -93.591252,40.07308,0 -93.591444,40.073323,0 -93.591632,40.0735740000001,0 -93.591826,40.073885,0 -93.591966,40.0741629999999,0 -93.59228400000001,40.0749669,0 -93.5925015,40.0755037,0 -93.592821,40.076287,0 -93.593092,40.076952,0 -93.593536,40.078064,0 -93.593906,40.078953,0 -93.59426699999999,40.079867,0 -93.596948,40.086557,0 -93.59707,40.0868420000001,0 -93.597261,40.087336,0 -93.59747299999999,40.087852,0 -93.59836800000001,40.090092,0 -93.59853649999999,40.0905193,0 -93.59997009999999,40.094226,0 -93.6007704,40.0961262,0 -93.601073,40.096826,0 -93.601319,40.097505,0 -93.601574,40.098278,0 -93.601747,40.098896,0 -93.601958,40.099717,0 -93.602216,40.100817,0 -93.60287100000001,40.104635,0 -93.60302799999999,40.105469,0 -93.60324300000001,40.106743,0 -93.60335000000001,40.107308,0 -93.603354,40.107327,0 -93.603514,40.1084,0 -93.60357,40.108723,0 -93.60363500000001,40.109055,0 -93.603677,40.109334,0 -93.60373800000002,40.1096320000001,0 -93.60384999999999,40.110305,0 -93.60387399999999,40.110516,0 -93.60393999999999,40.11093,0 -93.604012,40.1116500000001,0 -93.60403599999999,40.111847,0 -93.60404200000001,40.111955,0 -93.60404700000001,40.112044,0 -93.60404399999999,40.112245,0 -93.604067,40.113361,0 -93.60401400000001,40.11536,0 -93.603996,40.117417,0 -93.603954,40.119069,0 -93.603951,40.120212,0 -93.60394999999998,40.12084,0 -93.60394999999998,40.121179,0 -93.60395200000002,40.121408,0 -93.60396299999998,40.123091,0 -93.603964,40.123699,0 -93.60397,40.124078,0 -93.603988,40.1253650000001,0 -93.604007,40.126687,0 -93.604004,40.127356,0 -93.604024,40.128615,0 -93.60404100000001,40.130558,0 -93.60405000000002,40.131058,0 -93.604068,40.131613,0 -93.60407600000001,40.132226,0 -93.60408,40.132494,0 -93.604112,40.133012,0 -93.6041214,40.1335884,0 -93.604133,40.1338759999999,0 -93.60413799999999,40.134457,0 -93.604161,40.135068,0 -93.60415500000001,40.135378,0 -93.60414,40.1357259999999,0 -93.60411999999998,40.136034,0 -93.60409199999999,40.136338,0 -93.604029,40.136786,0 -93.603998,40.136928,0 -93.603982,40.137001,0 -93.603815,40.137705,0 -93.60333600000001,40.139345,0 -93.603098,40.140195,0 -93.602307,40.142885,0 -93.602165,40.143422,0 -93.60196999999999,40.144096,0 -93.60174499999999,40.144807,0 -93.60140800000002,40.146055,0 -93.60120499999998,40.146753,0 -93.60098099999999,40.147549,0 -93.600838,40.148011,0 -93.60076100000001,40.148282,0 -93.600449,40.149389,0 -93.600272,40.149981,0 -93.600078,40.150685,0 -93.59971000000002,40.151899,0 -93.59943,40.152918,0 -93.59900599999999,40.154351,0 -93.59882899999999,40.154986,0 -93.59830500000001,40.156767,0 -93.598167,40.15724,0 -93.59805900000002,40.157643,0 -93.59798099999999,40.157896,0 -93.597489,40.15962,0 -93.59690000000001,40.161596,0 -93.596637,40.1625599999999,0 -93.59646800000002,40.163129,0 -93.59639899999999,40.163467,0 -93.5963399,40.1636423,0 -93.59616000000001,40.164209,0 -93.596052,40.164606,0 -93.595944,40.164955,0 -93.595668,40.165929,0 -93.59553099999999,40.166555,0 -93.595446,40.167122,0 -93.59542700000002,40.167402,0 -93.595417,40.167736,0 -93.595438,40.168725,0 -93.59546400000001,40.170177,0 -93.595489,40.171465,0 -93.595494,40.171738,0 -93.595496,40.17181,0 -93.595552,40.174568,0 -93.595558,40.174796,0 -93.59560399999998,40.176493,0 -93.595609,40.17732,0 -93.59561000000001,40.177476,0 -93.59565400000001,40.182212,0 -93.59568899999998,40.184226,0 -93.59574000000001,40.187655,0 -93.59575,40.188354,0 -93.59577899999999,40.189452,0 -93.59578999999999,40.190412,0 -93.595803,40.191994,0 -93.59580499999998,40.192464,0 -93.595809,40.193317,0 -93.595816,40.193709,0 -93.59582829999999,40.195227,0 -93.5958404,40.1972171,0 -93.595856,40.197765,0 -93.59586799999998,40.199297,0 -93.59589099999999,40.200158,0 -93.59589099999999,40.200245,0 -93.59588999999998,40.201084,0 -93.59587999999999,40.201541,0 -93.595844,40.201907,0 -93.59576700000001,40.20233,0 -93.59568,40.202694,0 -93.59538399999998,40.204112,0 -93.595285,40.204519,0 -93.59511999999998,40.205269,0 -93.594994,40.2058379999999,0 -93.59494300000001,40.206139,0 -93.594932,40.2063060000001,0 -93.59492,40.206501,0 -93.594903,40.207201,0 -93.59488600000002,40.2082800000001,0 -93.594892,40.209298,0 -93.59490199999999,40.2108890000001,0 -93.59490700000001,40.212169,0 -93.594898,40.212736,0 -93.594898,40.213241,0 -93.59488399999998,40.21366,0 -93.59487700000001,40.213856,0 -93.59484,40.214198,0 -93.59482,40.214484,0 -93.594787,40.214792,0 -93.594741,40.215137,0 -93.594686,40.215502,0 -93.59455900000002,40.216213,0 -93.594516,40.216405,0 -93.59435500000001,40.217056,0 -93.59429200000001,40.21731,0 -93.59421000000002,40.217601,0 -93.59394500000001,40.218391,0 -93.593602,40.219393,0 -93.59338000000001,40.220057,0 -93.59312799999999,40.220785,0 -93.592972,40.221257,0 -93.59269500000001,40.22206,0 -93.59259700000001,40.222328,0 -93.59208,40.223891,0 -93.59194100000001,40.224277,0 -93.59143699999998,40.225776,0 -93.590689,40.227913,0 -93.590478,40.228538,0 -93.59027600000002,40.229134,0 -93.59005500000001,40.229822,0 -93.589854,40.230396,0 -93.589437,40.231617,0 -93.58928900000001,40.232031,0 -93.589253,40.232144,0 -93.58907600000001,40.232701,0 -93.58866300000001,40.2338710000001,0 -93.58848699999999,40.2344313,0 -93.5883446,40.2348521,0 -93.5882608,40.2351034,0 -93.587947,40.2360386,0 -93.58743699999998,40.2374719999999,0 -93.58711150000001,40.2384515,0 -93.58704360000002,40.2386499,0 -93.5868071,40.239372,0 -93.5866549,40.2398295,0 -93.5865051,40.2402567,0 -93.5860505,40.2415876,0 -93.58593409999999,40.2420611,0 -93.5858712,40.242379,0 -93.5858016,40.2427989,0 -93.58577510000001,40.2429998000001,0 -93.58574199999998,40.2432684,0 -93.5857321,40.2433774,0 -93.58571960000002,40.2435824,0 -93.5857063,40.2439195,0 -93.5857221,40.2472177,0 -93.58574059999999,40.2485347,0 -93.58574830000001,40.2489166,0 -93.5857592,40.250022,0 -93.58576840000001,40.250436,0 -93.58575999999999,40.254803,0 -93.58579,40.25674,0 -93.585784,40.2587020000001,0 -93.585797,40.260186,0 -93.58580100000002,40.2606,0 -93.585813,40.261015,0 -93.58581699999999,40.26305,0 -93.58582800000001,40.26491,0 -93.58584899999998,40.267476,0 -93.58584,40.268159,0 -93.58582300000002,40.26843,0 -93.58580600000001,40.268572,0 -93.585796,40.268661,0 -93.58570700000001,40.269161,0 -93.58558700000002,40.269636,0 -93.585429,40.270098,0 -93.585199,40.270631,0 -93.58512,40.270786,0 -93.583617,40.273747,0 -93.583381,40.274252,0 -93.58314100000001,40.27483,0 -93.582824,40.275746,0 -93.58259,40.276632,0 -93.58256299999998,40.27676,0 -93.582148,40.278724,0 -93.58198299999999,40.279456,0 -93.581925,40.279631,0 -93.580354,40.287065,0 -93.58007600000001,40.288368,0 -93.57978599999998,40.289727,0 -93.579643,40.29028,0 -93.57938899999999,40.291099,0 -93.579048,40.292032,0 -93.578737,40.292769,0 -93.578717,40.292811,0 -93.57848300000002,40.293305,0 -93.57812,40.294004,0 -93.57796799999998,40.294275,0 -93.57690100000002,40.29605,0 -93.57633,40.296982,0 -93.576195,40.297233,0 -93.57429999999999,40.300343,0 -93.571561,40.30484,0 -93.57064200000001,40.30635,0 -93.57036699999999,40.306842,0 -93.56754299999999,40.311495,0 -93.565262,40.315254,0 -93.56491699999999,40.315895,0 -93.5645,40.316793,0 -93.564111,40.317868,0 -93.563833,40.318869,0 -93.56365000000001,40.319861,0 -93.56354599999999,40.320903,0 -93.56350200000001,40.322274,0 -93.56347599999999,40.322613,0 -93.563475,40.322757,0 -93.56347399999999,40.322921,0 -93.563473,40.323051,0 -93.563349,40.326518,0 -93.563237,40.329929,0 -93.563057,40.335411,0 -93.56287450000001,40.3407906,0 -93.56285699999999,40.341307,0 -93.56280399999999,40.3428380000001,0 -93.56265599999999,40.347121,0 -93.56259900000002,40.347771,0 -93.56249899999999,40.348422,0 -93.56244100000001,40.348736,0 -93.56219,40.349744,0 -93.56200699999999,40.350323,0 -93.56163699999999,40.351292,0 -93.5614777,40.3516202,0 -93.561331,40.351947,0 -93.56096599999999,40.352626,0 -93.558982,40.355972,0 -93.55830690000001,40.3571107,0 -93.55711500000001,40.359121,0 -93.55656500000001,40.360089,0 -93.55613699999999,40.361039,0 -93.55579100000001,40.3620599999999,0 -93.55556900000001,40.362999,0 -93.55544200000001,40.363701,0 -93.55543599999999,40.3640669999999,0 -93.555409,40.365053,0 -93.55547000000001,40.365974,0 -93.55554900000001,40.366522,0 -93.55562980000001,40.3669124999999,0 -93.55567199999999,40.36711,0 -93.55585600000001,40.367819,0 -93.556237,40.368996,0 -93.55691,40.371015,0 -93.5569553,40.3711358,0 -93.557683,40.373356,0 -93.558739,40.376555,0 -93.55880999999999,40.376793,0 -93.559652,40.379337,0 -93.560085,40.380522,0 -93.56013399999999,40.380645,0 -93.560348,40.381182,0 -93.56053299999999,40.381605,0 -93.5608,40.382217,0 -93.561239,40.38313,0 -93.561789,40.384169,0 -93.56234000000001,40.385128,0 -93.562617,40.385555,0 -93.562736,40.3857380000001,0 -93.56299899999999,40.38609,0 -93.563344,40.386495,0 -93.56367,40.386834,0 -93.56411799999999,40.387241,0 -93.56434499999999,40.38743,0 -93.56498999999998,40.387903,0 -93.56591999999999,40.388456,0 -93.56704599999999,40.388974,0 -93.56817100000001,40.389356,0 -93.56956799999999,40.389706,0 -93.57034200000001,40.38991,0 -93.570536,40.389977,0 -93.570876,40.390111,0 -93.57118400000002,40.3902590000001,0 -93.571375,40.390361,0 -93.571686,40.390567,0 -93.571985,40.390793,0 -93.572391,40.391138,0 -93.5727361,40.391449,0 -93.5732098,40.3918973,0 -93.57342010000001,40.3920962,0 -93.57402090000001,40.3927343,0 -93.5742486,40.3930989,0 -93.57438500000001,40.393338,0 -93.5745266,40.3936436,0 -93.57456430000001,40.393785,0 -93.57461080000002,40.393954,0 -93.574659,40.3941431,0 -93.57469949999999,40.3944388,0 -93.5747173,40.3947073,0 -93.5747271,40.3956551,0 -93.57473830000001,40.39586,0 -93.5747587,40.3960252,0 -93.57481439999999,40.3963147,0 -93.5749417,40.3966461,0 -93.575074,40.396901,0 -93.575163,40.397047,0 -93.57521600000001,40.397123,0 -93.575277,40.397211,0 -93.575406,40.397373,0 -93.57559449999999,40.3975871,0 -93.57579,40.3977459,0 -93.5758998,40.3978351,0 -93.5762337,40.39806,0 -93.576577,40.398271,0 -93.5768594,40.3984141,0 -93.5769619,40.398466,0 -93.5770784,40.398525,0 -93.57765430000001,40.3988167,0 -93.57794680000001,40.3989649,0 -93.57829580000001,40.3991417,0 -93.57855900000001,40.399275,0 -93.5789712,40.3995044,0 -93.5790176,40.3995302,0 -93.57907299999999,40.399561,0 -93.5791207,40.3995918,0 -93.5792835,40.3996967,0 -93.579605,40.399904,0 -93.579768,40.400017,0 -93.58033900000001,40.400413,0 -93.580454,40.400493,0 -93.58045300000001,40.400972,0 -93.5804356,40.4013998,0 -93.580432,40.402346,0 -93.58037699999998,40.403992,0 -93.580332,40.40529,0 -93.58032129999999,40.4056583,0 -93.58031200000001,40.405976,0 -93.58029030000002,40.4068061,0 -93.58025000000001,40.407875,0 -93.58017599999998,40.41011,0 -93.58014900000001,40.410543,0 -93.580111,40.410883,0 -93.58005199999999,40.411229,0 -93.579939,40.411703,0 -93.57977600000001,40.4122050000001,0 -93.579626,40.412579,0 -93.57944299999998,40.412961,0 -93.579184,40.413411,0 -93.57833100000001,40.414773,0 -93.578064,40.415242,0 -93.57805599999999,40.415259,0 -93.577808,40.415803,0 -93.57770399999998,40.416062,0 -93.57760599999999,40.416358,0 -93.577502,40.416762,0 -93.576595,40.420894,0 -93.575571,40.425538,0 -93.574054,40.432416,0 -93.573937,40.432834,0 -93.573781,40.433273,0 -93.57366399999999,40.433548,0 -93.573457,40.433964,0 -93.573258,40.434311,0 -93.57311300000001,40.434536,0 -93.572903,40.434837,0 -93.5727,40.435097,0 -93.57237999999998,40.435479,0 -93.57213299999999,40.435732,0 -93.571437,40.436339,0 -93.571162,40.436554,0 -93.570916,40.436734,0 -93.57036699999999,40.437096,0 -93.56844800000002,40.438241,0 -93.56544100000001,40.440034,0 -93.56470000000002,40.440477,0 -93.56410600000001,40.44086,0 -93.56343699999999,40.44133,0 -93.562973,40.4416830000001,0 -93.562619,40.4419650000001,0 -93.562023,40.442475,0 -93.56157399999999,40.442893,0 -93.55781399999998,40.4466290000001,0 -93.557545,40.446905,0 -93.554953,40.449478,0 -93.549176,40.455239,0 -93.5445903,40.4598213,0 -93.541174,40.463229,0 -93.53928500000001,40.465137,0 -93.53880999999998,40.465643,0 -93.53851099999999,40.46601,0 -93.53809200000002,40.46653,0 -93.53769299999999,40.4670860000001,0 -93.53725600000001,40.467754,0 -93.53693500000001,40.468315,0 -93.536506,40.469167,0 -93.53645100000001,40.469277,0 -93.53623700000001,40.469782,0 -93.535886,40.470774,0 -93.53569600000002,40.471459,0 -93.53552999999998,40.472236,0 -93.53545100000001,40.472702,0 -93.53540399999999,40.473122,0 -93.53536800000001,40.473444,0 -93.535335,40.474153,0 -93.53534400000001,40.474973,0 -93.53538399999999,40.47572,0 -93.53565500000002,40.480789,0 -93.53576,40.482999,0 -93.53581699999999,40.4836207,0 -93.5358325,40.4840246,0 -93.53589499999998,40.485815,0 -93.53592500000002,40.486635,0 -93.535934,40.487457,0 -93.535909,40.4891410000001,0 -93.53581899999999,40.490884,0 -93.534871,40.502337,0 -93.5346844,40.5048122,0 -93.5345828,40.5060777,0 -93.5344525,40.5076292,0 -93.5343633,40.5086587,0 -93.53429010000001,40.5094704,0 -93.5342225,40.5104834999999,0 -93.53414290000001,40.5113167,0 -93.5340995,40.5118287,0 -93.53403710000001,40.5123588,0 -93.5339987,40.5126279,0 -93.5339348,40.5130265,0 -93.53385849999999,40.5133918,0 -93.53379820000001,40.513746,0 -93.533582,40.514701,0 -93.53337399999999,40.515552,0 -93.53300299999999,40.516903,0 -93.532729,40.518039,0 -93.532534,40.518985,0 -93.532387,40.519841,0 -93.53225299999998,40.520787,0 -93.532166,40.521573,0 -93.53209099999999,40.522501,0 -93.5320816,40.5227902,0 -93.53206399999999,40.523014,0 -93.53200529999999,40.5241745,0 -93.53198999999999,40.524405,0 -93.53187729999999,40.5269219999999,0 -93.53183510000001,40.5275689,0 -93.53181499999999,40.527933,0 -93.531384,40.536408,0 -93.53131999999999,40.538825,0 -93.53142099999999,40.539661,0 -93.53153299999998,40.540203,0 -93.53167999999999,40.540716,0 -93.53196099999998,40.541506,0 -93.535911,40.549974,0 -93.53591400000001,40.550045,0 -93.53623899999999,40.550962,0 -93.536497,40.551894,0 -93.53663000000002,40.552523,0 -93.53680299999999,40.5539,0 -93.53680699999998,40.554429,0 -93.53673499999999,40.5550819999999,0 -93.536683,40.555321,0 -93.53654500000002,40.555787,0 -93.53589089999998,40.5570671,0 -93.53569830000001,40.5573237,0 -93.535364,40.5576889999999,0 -93.53224760000001,40.5609905,0 -93.53048699999999,40.562833,0 -93.52978299999999,40.563633,0 -93.52919899999999,40.564394,0 -93.52861,40.565274,0 -93.527744,40.56691,0 -93.527399,40.567762,0 -93.5272511,40.5682132,0 -93.5255927,40.5728071,0 -93.52468760000001,40.5752858,0 -93.52461979999998,40.5754662,0 -93.524258,40.576502,0 -93.52412399999999,40.577085,0 -93.52404499999999,40.577522,0 -93.523994,40.578026,0 -93.523962,40.578929,0 -93.52396899999999,40.579033,0 -93.52395399999999,40.579702,0 -93.523939,40.580473,0 
				
					-93.523939,40.580473,0 -93.523926,40.580927,0 -93.523912,40.581497,0 -93.523899,40.582075,0 -93.523893,40.582341,0 -93.523886,40.582637,0 -93.52387499999999,40.5831070000001,0 -93.52386599999998,40.58319,0 -93.52385900000002,40.583245,0 -93.523813,40.583433,0 -93.52374600000002,40.583629,0 -93.52368999999999,40.583768,0 -93.52365200000001,40.583862,0 -93.523507,40.584176,0 -93.52341699999999,40.584384,0 -93.52335599999999,40.584524,0 -93.523269,40.584798,0 -93.52323300000002,40.584994,0 -93.5232,40.585216,0 -93.52318,40.586199,0 -93.52317499999999,40.5864460000001,0 -93.523167,40.587493,0 -93.52316100000002,40.58805,0 -93.523158,40.588166,0 -93.52315,40.588526,0 -93.52313700000001,40.589161,0 -93.523135,40.589355,0 -93.52313299999999,40.5896050000001,0 -93.52312699999999,40.590468,0 -93.52312600000002,40.590574,0 -93.523101,40.591651,0 -93.52309099999999,40.592277,0 -93.523051,40.592872,0 -93.522953,40.593476,0 -93.52282,40.593988,0 -93.522659,40.5944509999999,0 -93.522532,40.594772,0 -93.522423,40.594986,0 -93.522291,40.595245,0 -93.52225799999999,40.595309,0 -93.52212299999999,40.595521,0 -93.52203900000001,40.59568,0 -93.52186599999999,40.595924,0 -93.521663,40.5961860000001,0 -93.521232,40.596705,0 -93.52023,40.59779,0 -93.519167,40.598964,0 -93.51836500000002,40.599827,0 -93.51710199999998,40.601181,0 -93.51606759999999,40.6023106,0 -93.51602200000002,40.602386,0 -93.515187,40.603278,0 -93.512613,40.6060720000001,0 -93.5122369,40.6065035,0 -93.51189189999999,40.6069321,0 -93.511477,40.607549,0 -93.51127400000001,40.6079000000001,0 -93.51109500000001,40.6083,0 -93.510931,40.608695,0 -93.510723,40.60933,0 -93.510102,40.612849,0 -93.51003300000001,40.613165,0 -93.509929,40.613486,0 -93.509818,40.613761,0 -93.5097766,40.6138444,0 -93.509531,40.6142970000001,0 -93.50928699999999,40.614664,0 -93.509046,40.614962,0 -93.508785,40.61524,0 -93.508414,40.615584,0 -93.508172,40.615775,0 -93.50793400000002,40.615954,0 -93.50769200000002,40.616109,0 -93.507429,40.616261,0 -93.50697199999999,40.616511,0 -93.504058,40.617941,0 -93.50252500000002,40.618705,0 -93.50219500000001,40.618879,0 -93.50187699999999,40.619078,0 -93.501571,40.619296,0 -93.501302,40.619499,0 -93.500944,40.619824,0 -93.50072699999998,40.620052,0 -93.50060499999998,40.620199,0 -93.500411,40.620455,0 -93.50025500000001,40.620672,0 -93.50022099999998,40.620736,0 -93.50012700000001,40.620908,0 -93.50002000000001,40.621132,0 -93.499853,40.621463,0 -93.49978299999999,40.621632,0 -93.499652,40.622026,0 -93.49957599999999,40.622453,0 -93.49948999999999,40.623048,0 -93.49938700000001,40.623523,0 -93.49931599999999,40.624019,0 -93.499244,40.624577,0 -93.499184,40.625,0 -93.49902299999998,40.6263769999999,0 -93.49898899999999,40.626776,0 -93.49896699999999,40.627037,0 -93.49895599999999,40.627612,0 -93.49896099999999,40.628652,0 -93.498924,40.629388,0 -93.498908,40.630662,0 -93.49891,40.632798,0 -93.49885999999999,40.634237,0 -93.49887499999998,40.636722,0 -93.49883300000002,40.638345,0 -93.49881999999999,40.638829,0 -93.49881799999999,40.639401,0 -93.49881500000001,40.6401810000001,0 -93.498784,40.642231,0 -93.498814,40.642871,0 -93.49881500000001,40.643474,0 -93.498791,40.644071,0 -93.498728,40.645614,0 -93.498699,40.6489529999999,0 -93.498707,40.649505,0 -93.498614,40.651405,0 -93.498515,40.653991,0 -93.498385,40.656639,0 -93.498344,40.657803,0 -93.49830500000002,40.66066,0 -93.49832600000001,40.662093,0 -93.49829899999999,40.663146,0 -93.49826,40.664651,0 -93.498237,40.667339,0 -93.498248,40.668407,0 -93.49825,40.668577,0 -93.498217,40.669457,0 -93.49823999999998,40.670703,0 -93.498172,40.67306,0 -93.49816700000001,40.674265,0 -93.498187,40.675538,0 -93.49818,40.675803,0 -93.49815700000002,40.6766870000001,0 -93.498153,40.678153,0 -93.498119,40.68067,0 -93.498071,40.681962,0 -93.49808400000001,40.683217,0 -93.498062,40.684604,0 -93.49811800000001,40.685383,0 -93.498203,40.687196,0 -93.498169,40.687497,0 -93.49818500000001,40.688738,0 -93.498257,40.689861,0 -93.498301,40.691062,0 -93.498324,40.691885,0 -93.498636,40.701618,0 -93.49870499999999,40.703757,0 -93.498807,40.706301,0 -93.49880299999998,40.706592,0 -93.498841,40.708173,0 -93.49887699999999,40.709371,0 -93.49887499999998,40.710099,0 -93.498874,40.710465,0 -93.498856,40.711319,0 -93.498828,40.711843,0 -93.49872399999998,40.716955,0 -93.49877699999999,40.718158,0 -93.49935299999999,40.724438,0 -93.49938,40.724825,0 -93.49931500000001,40.733726,0 -93.499275,40.735632,0 -93.49926100000002,40.736361,0 -93.499263,40.737576,0 -93.499245,40.738945,0 -93.49921500000001,40.74005,0 -93.499201,40.740575,0 -93.49920499999999,40.742006,0 -93.49918200000002,40.743135,0 -93.49915199999998,40.745828,0 -93.49914200000001,40.74872,0 -93.499149,40.749994,0 -93.499137,40.751464,0 -93.499146,40.75202,0 -93.49915900000001,40.752795,0 -93.49914699999999,40.753789,0 -93.49914200000001,40.754158,0 -93.499168,40.754826,0 -93.49918700000001,40.757595,0 -93.499191,40.758147,0 -93.499191,40.758242,0 -93.499245,40.759319,0 -93.49921000000001,40.76075,0 -93.49919199999999,40.760797,0 -93.499185,40.760959,0 -93.49918200000002,40.761061,0 -93.4992,40.761448,0 -93.49925800000001,40.7630760000001,0 -93.49924,40.76367,0 -93.499219,40.763943,0 -93.499235,40.766594,0 -93.499267,40.767836,0 -93.49926600000001,40.768306,0 -93.499264,40.769202,0 -93.49926499999998,40.77011,0 -93.499308,40.774207,0 -93.49929,40.774746,0 -93.49932699999999,40.777278,0 -93.499319,40.778598,0 -93.499326,40.779647,0 -93.49935299999999,40.78275,0 -93.499363,40.784561,0 -93.499342,40.78566,0 -93.499347,40.7861970000001,0 -93.499357,40.787142,0 -93.49934300000001,40.788807,0 -93.499351,40.790261,0 -93.49937199999998,40.791573,0 -93.49936099999999,40.791699,0 -93.49937199999998,40.792848,0 -93.49935200000002,40.795315,0 -93.49935299999999,40.796465,0 -93.49934399999998,40.797237,0 -93.499371,40.800369,0 -93.499348,40.801667,0 -93.49935000000001,40.80216,0 -93.49935899999998,40.804173,0 -93.49933799999999,40.806702,0 -93.49936800000002,40.807336,0 -93.49937499999999,40.808242,0 -93.49940000000001,40.809644,0 -93.49940900000001,40.811283,0 -93.49941599999998,40.811835,0 -93.499471,40.815667,0 -93.49944600000001,40.822372,0 -93.499419,40.823816,0 -93.499402,40.826396,0 -93.499397,40.8269280000001,0 -93.49937,40.828352,0 -93.49936800000002,40.829257,0 -93.49933999999999,40.833495,0 -93.49935899999998,40.835034,0 -93.499493,40.83975,0 -93.49950200000001,40.840991,0 -93.499505,40.841442,0 -93.499495,40.843122,0 -93.4995,40.8446550000001,0 -93.499484,40.845442,0 -93.499467,40.846228,0 -93.499455,40.847398,0 -93.499456,40.848317,0 -93.499456,40.850029,0 -93.499441,40.85162,0 -93.499421,40.85287,0 -93.499414,40.853222,0 -93.49941269999999,40.853273,0 -93.49940000000001,40.853758,0 -93.49938,40.854507,0 -93.49938820000001,40.8547516,0 -93.49938899999999,40.854777,0 -93.49938899999999,40.855437,0 -93.49938950000002,40.8554957,0 -93.49938999999999,40.855565,0 -93.499399,40.855764,0 -93.49940700000001,40.855964,0 -93.4994135,40.8572967,0 -93.49942,40.857826,0 -93.49942,40.857933,0 -93.49941699999999,40.858343,0 -93.49941800000002,40.858788,0 -93.49942,40.85888,0 -93.49943399999999,40.859398,0 -93.49944000000002,40.859664,0 -93.49944699999999,40.859929,0 -93.499455,40.860649,0 -93.49946,40.861136,0 -93.49946199999999,40.862304,0 -93.49947299999999,40.863255,0 -93.499478,40.863595,0 -93.49949400000001,40.864638,0 -93.499499,40.86499,0 -93.499505,40.865322,0 -93.499509,40.865669,0 -93.49951300000001,40.86599,0 -93.49951600000001,40.866312,0 -93.49951899999999,40.866684,0 -93.49952399999999,40.867104,0 -93.49952899999998,40.867479,0 -93.49952999999999,40.867592,0 -93.499539,40.868326,0 -93.49954200000001,40.868672,0 -93.499548,40.869225,0 -93.49955799999999,40.870133,0 -93.49955999999999,40.870565,0 -93.49956400000001,40.871386,0 -93.49957999999999,40.87506,0 -93.49957299999998,40.876435,0 -93.49958700000001,40.877253,0 -93.499589,40.877391,0 -93.499606,40.87832,0 -93.499612,40.878671,0 -93.49961699999999,40.8808269999999,0 -93.49971499999998,40.882124,0 -93.49976099999999,40.882737,0 -93.49977199999999,40.883125,0 -93.499808,40.884017,0 -93.4998514,40.8846043,0 -93.4998629,40.8853431999999,0 -93.49981440000001,40.8867666,0 -93.49968899999999,40.889439,0 -93.49963700000001,40.889859,0 -93.499562,40.890273,0 -93.49941,40.890692,0 -93.499162,40.891231,0 -93.49888,40.891691,0 -93.498586,40.892061,0 -93.498046,40.892713,0 -93.4937606,40.8977461,0 -93.48760219999998,40.9049633,0 -93.4814332,40.912196,0 -93.4805427,40.9132419,0 -93.47185229999999,40.923384,0 -93.4714017,40.9241622000001,0 -93.47111200000001,40.9248756,0 -93.470986,40.925661,0 -93.4709833,40.9266833,0 -93.47095109999999,40.9317251,0 -93.470994,40.9411188,0 -93.47092960000001,40.950033,0 -93.4708974,40.9573823,0 -93.47083309999999,40.963078,0 -93.4708438,40.9636127,0 -93.47083309999999,40.9646821,0 -93.4708974,40.9651034,0 -93.4712086,40.966432,0 -93.47161629999999,40.9682467,0 -93.47169139999998,40.9690892,0 -93.47159480000001,40.9700735,0 -93.47102620000001,40.9731314,0 -93.4709082,40.973901,0 -93.4708653,40.9749297,0 -93.4709725,40.9814582,0 -93.4708974,40.9821789999999,0 -93.4706721,40.9829404,0 -93.4695885,40.9847951,0 -93.46853710000002,40.9865039,0 -93.4679148,40.9873786,0 -93.4673784,40.9880103,0 -93.46668099999999,40.988642,0 -93.46213199999998,40.9918732,0 -93.46157410000001,40.9923267,0 -93.4611127,40.9928693,0 -93.46078020000002,40.9933957,0 -93.46052270000001,40.9940354,0 -93.4603939,40.9946023,0 -93.4603939,40.9951367,0 -93.46049050000001,40.9962866,0 -93.4606943,40.9979142,0 -93.4608231,40.9990154,0 -93.46102689999999,40.9998494,0 -93.4613059,41.0006592,0 -93.46162769999999,41.0013798,0 -93.4638915,41.0060354,0 -93.4641168,41.0066425999999,0 -93.46425629999999,41.0071689,0 -93.4643636,41.0077113,0 -93.46438960000002,41.0080188,0 -93.46473500000002,41.0121076,0 -93.4647713,41.0125365,0 -93.46483569999999,41.0137913,0 -93.46486779999999,41.014447,0 -93.4648464,41.0154751,0 -93.46469620000001,41.0182356,0 -93.4646425,41.0189884000001,0 -93.464428,41.0197007,0 -93.4641168,41.0203078,0 -93.46366620000001,41.0208744000001,0 -93.46233580000001,41.0221937999999,0 -93.4619711,41.0226309,0 -93.4615204,41.0233513,0 -93.46125219999999,41.0240151,0 -93.46103760000001,41.024784,0 -93.4610282,41.0267636,0 -93.4647027,41.0262623,0 -93.4655728,41.0262243,0 -93.46627549999999,41.0262874,0 -93.46738540000001,41.026599,0 -93.4680822,41.026975,0 -93.46860940000001,41.0274149,0 -93.4691833,41.0279567,0 -93.46956309999999,41.0282946,0 -93.469797,41.0284354,0 -93.470055,41.0285686000001,0 -93.4704244,41.0287611,0 -93.4704243,41.0288613,0 -93.4704241,41.0291312,0 -93.47041160000002,41.0301926,0 -93.4703768,41.0359151,0 -93.4703762,41.0384315,0 -93.4704151,41.0393965,0 -93.47047310000001,41.0413277,0 -93.4707061,41.044984,0 -93.47073779999998,41.0467383000001,0 -93.47071229999999,41.0486258,0 -93.4706911,41.051015,0 -93.470675,41.0536213,0 -93.47068200000001,41.0555128,0 -93.47067439999999,41.0577034,0 -93.4707027,41.0596005,0 -93.47075820000002,41.0701175,0 -93.47076999999999,41.0727347,0 -93.4707815,41.0739701,0 -93.47076350000002,41.0769091,0 -93.4707458,41.0807723,0 -93.47070459999999,41.0844035000001,0 -93.4706245,41.091453,0 -93.4705883,41.0983053,0 -93.47059700000001,41.1025176,0 -93.470688,41.112869,0 -93.4709,41.113579,0 -93.471627,41.114791,0 -93.47382020000001,41.1169472,0 -93.47685490000001,41.1200519,0 -93.4792324,41.1224532000001,0 -93.47951620000002,41.1227554,0 -93.47969559999999,41.1229771,0 -93.4798957,41.1232826,0 -93.4800505,41.1235778,0 -93.4801757,41.1239043,0 -93.4802739,41.1242203,0 -93.48032890000002,41.1244868,0 -93.48036,41.1249411,0 -93.4804109,41.1313996,0 -93.48051119999998,41.1397023,0 -93.48056920000001,41.1403978,0 -93.48069169999999,41.1410032,0 -93.48084,41.141585,0 -93.481386,41.142706,0 -93.48203099999999,41.143488,0 -93.48238600000002,41.143918,0 -93.48476099999999,41.1458486000001,0 -93.490345,41.1497974,0 -93.49517649999999,41.153227,0 -93.49854220000002,41.1556218000001,0 -93.49919920000002,41.1562801,0 -93.49964200000001,41.156904,0 -93.4999605,41.1579837,0 -93.49997200000001,41.160946,0 -93.499984,41.161928,0 -93.500004,41.164598,0 -93.50003799999999,41.167454,0 -93.500061,41.169835,0 -93.50006999999998,41.172371,0 -93.50007100000001,41.175549,0 -93.500077,41.177298,0 -93.50008199999999,41.179497,0 -93.50008800000002,41.181163,0 -93.500089,41.182894,0 -93.50009,41.184284,0 -93.50008800000002,41.185601,0 -93.50009900000001,41.190178,0 -93.500119,41.193545,0 -93.50015100000002,41.196675,0 -93.500174,41.199768,0 -93.500179,41.199902,0 -93.50018799999999,41.200037,0 -93.50021099999999,41.200305,0 -93.500229,41.20044,0 -93.50024999999999,41.200573,0 -93.50027300000001,41.200707,0 -93.50029900000001,41.20084,0 -93.500327,41.2009730000001,0 -93.50035899999999,41.201105,0 -93.500433,41.201369,0 -93.50047499999999,41.2015,0 -93.50054900000001,41.201748,0 -93.500646,41.202037,0 -93.50106999999998,41.2033160000001,0 -93.50134000000001,41.204212,0 -93.50137499999998,41.204365,0 -93.50140500000001,41.20453,0 -93.501429,41.204711,0 -93.501435,41.204778,0 -93.501446,41.204944,0 -93.501448,41.205027,0 -93.501448,41.2051929999999,0 -93.50144099999999,41.205359,0 -93.50142500000001,41.205524,0 -93.501414,41.205607,0 -93.50138699999999,41.2057720000001,0 -93.501352,41.205936,0 -93.50127099999999,41.206261,0 -93.50119599999998,41.206472,0 -93.501077,41.20676,0 -93.50077899999999,41.207393,0 -93.500587,41.207827,0 -93.50053699999999,41.207956,0 -93.500505,41.2080419999999,0 -93.50047600000001,41.208128,0 -93.50042199999999,41.208303,0 -93.500399,41.20839,0 -93.50037799999998,41.208478,0 -93.500342,41.208655,0 -93.5003342,41.2087005,0 -93.500327,41.208743,0 -93.500303,41.208921,0 -93.50028699999999,41.209099,0 -93.50027,41.209614,0 -93.50026400000002,41.211005,0 -93.500269,41.21156,0 -93.500289,41.213163,0 -93.50030079999999,41.2138579,0 -93.50037390000001,41.218175,0 -93.50039300000002,41.219306,0 -93.50042500000001,41.2222569999999,0 -93.50048,41.226607,0 -93.50049799999998,41.228021,0 -93.500525,41.233925,0 -93.50049269999998,41.2385611,0 -93.50048049999999,41.2403063,0 -93.500474,41.241243,0 -93.50046599999999,41.2418285,0 -93.50043499999998,41.244091,0 -93.50041500000002,41.246634,0 -93.50041,41.2481310000001,0 -93.500361,41.251797,0 -93.50032899999999,41.253505,0 -93.50030700000001,41.254612,0 -93.50030800000002,41.257557,0 -93.50031799999999,41.260045,0 -93.500338,41.260363,0 -93.500338,41.26074,0 -93.50033699999999,41.260907,0 -93.500338,41.2612730000001,0 -93.500364,41.262651,0 -93.5003646,41.2627123,0 -93.50039200000001,41.2656599999999,0 -93.50042670000001,41.2663144,0 -93.500418,41.267929,0 -93.50041400000001,41.269002,0 -93.500377,41.270932,0 -93.50035200000002,41.271884,0 -93.500322,41.272912,0 -93.500298,41.273515,0 -93.500275,41.2743890000001,0 -93.50026699999999,41.2747540000001,0 -93.50024130000001,41.2764786,0 -93.5002302,41.2772219,0 -93.5002358,41.2773141,0 -93.500247,41.277889,0 -93.500257,41.279542,0 -93.5002588,41.2798036,0 -93.5002636,41.2804783,0 -93.50027399999999,41.281958,0 -93.500291,41.2832790000001,0 -93.500292,41.284448,0 -93.503021,41.284491,0 -93.50436200000001,41.284507,0 -93.50547,41.28451,0 -93.51005790000001,41.2845165,0 -93.5145698,41.2845229,0 -93.51465,41.284523,0 -93.516445,41.284533,0 -93.517672,41.284552,0 -93.5190657,41.2845798,0 -93.519626,41.284591,0 -93.519763,41.284597,0 -93.52721099999999,41.284731,0 -93.52848500000002,41.284737,0 -93.52879170000001,41.2847335,0 -93.52918,41.284729,0 -93.52959599999998,41.28472,0 -93.53318000000002,41.284655,0 -93.536815,41.2845946,0 -93.53745329999998,41.284584,0 -93.53751100000001,41.2845829999999,0 -93.538274,41.284579,0 -93.538585,41.284589,0 -93.542618,41.284695,0 -93.54716199999999,41.284837,0 -93.54934400000002,41.284901,0 -93.552426,41.285002,0 -93.55628900000001,41.285133,0 -93.55825400000001,41.285204,0 -93.5609802,41.2853066,0 -93.56133699999999,41.28532,0 -93.56335660000001,41.2853752,0 -93.56387700000001,41.287974,0 -93.56402639999999,41.2887541,0 -93.564221,41.28977,0 -93.56449370000001,41.2912608,0 -93.56461950000001,41.2919822,0 -93.56472069999998,41.292608,0 -93.5647905,41.2930353,0 -93.56481479999999,41.2933549,0 -93.56483009999998,41.2936096,0 -93.56483130000001,41.2938118,0 -93.5648283,41.2939296,0 -93.56481759999998,41.2940474,0 -93.56480860000001,41.2941841,0 -93.5647989,41.2943123999999,0 -93.56478389999999,41.294441,0 -93.56476019999999,41.2945707,0 -93.564695,41.294869,0 -93.564652,41.295067,0 -93.56457,41.295391,0 -93.56418499999998,41.296789,0 -93.5638557,41.2979988,0 -93.56344300000001,41.299515,0 -93.56235099999999,41.303498,0 -93.5616812,41.3060851,0 -93.561381,41.3071869,0 -93.5607538,41.3094942999999,0 -93.5605685,41.310176,0 -93.5592709,41.3149466,0 -93.5592305,41.3150953,0 -93.55864950000002,41.3171576999999,0 -93.5585897,41.3173699,0 -93.55854539999999,41.3175122999999,0 -93.5585154,41.31767,0 -93.5584853,41.3178277,0 -93.5584692,41.3179672,0 -93.55845720000001,41.3180939,0 -93.5584542,41.3182473,0 -93.5584612,41.3189395,0 -93.558491,41.3218679,0 -93.55849249999999,41.3220552,0 -93.55849499999999,41.32237,0 -93.5584702,41.3248071,0 -93.5584631,41.3255096,0 -93.55844850000001,41.3271543,0 -93.5584434,41.327729,0 -93.55844139999999,41.3279563,0 -93.5584394,41.3280148,0 -93.55842250000002,41.3285,0 -93.55844949999999,41.3288416,0 -93.55843609999999,41.3294493,0 -93.55837099999999,41.33082,0 -93.558359,41.331842,0 -93.55834900000001,41.3327250000001,0 -93.55834089999999,41.3332042,0 -93.55832700000001,41.3340240000001,0 -93.5582907,41.3359406,0 -93.55828200000001,41.336398,0 -93.55822190000001,41.339784,0 -93.5582247,41.3400221,0 -93.558211,41.341291,0 -93.5581967,41.3424081,0 -93.55818050000002,41.3437522,0 -93.558179,41.343869,0 -93.5581811,41.3455402,0 -93.558183,41.3470782,0 -93.5581877,41.3481674,0 -93.55819200000001,41.349165,0 -93.55819109999999,41.349896,0 -93.55820000000001,41.350446,0 -93.5582003,41.3505394,0 -93.55820199999999,41.350995,0 -93.5582033,41.3511021,0 -93.55820829999999,41.3515047,0 -93.55821179999998,41.3517865,0 -93.5582153,41.3520712,0 -93.55821640000001,41.3521587,0 -93.5582177,41.3522634,0 -93.55822190000001,41.3526047,0 -93.55822800000001,41.3530949,0 -93.5582287,41.3531545,0 -93.55823259999998,41.3534649,0 -93.5582361,41.3537423,0 -93.55823839999999,41.3539305,0 -93.55824269999998,41.3542766,0 -93.5582473,41.354647,0 -93.5582496,41.3548325,0 -93.5582533,41.3551323,0 -93.55825400000001,41.355192,0 -93.5582575,41.3552693,0 -93.5582742,41.3556348,0 -93.55827960000001,41.355755,0 -93.5582864,41.3559036,0 -93.55830099999999,41.356224,0 -93.558303,41.3563052,0 -93.5583134,41.3567344,0 -93.55831359999999,41.3567434,0 -93.5583244,41.3571917,0 -93.55832600000001,41.35726,0 -93.55832580000001,41.3573334,0 -93.5583245,41.35777,0 -93.5583235,41.3581234,0 -93.558323,41.358278,0 -93.5583233,41.3584455,0 -93.558324,41.3587492,0 -93.5583247,41.3590856,0 -93.55832490000002,41.359185,0 -93.558325,41.359256,0 -93.55832370000002,41.359335,0 -93.5583223,41.3594198,0 -93.55831740000001,41.3597163,0 -93.5583166,41.359763,0 -93.55831639999998,41.3597742,0 -93.5583091,41.3602130999999,0 -93.558308,41.360277,0 -93.5583084,41.3603669,0 -93.5583127,41.3612292,0 -93.55831300000001,41.361297,0 -93.55831430000002,41.3613889,0 -93.55831879999998,41.3616998,0 -93.55832080000002,41.3618341,0 -93.5583268,41.3622485,0 -93.558328,41.362332,0 -93.55832899999999,41.3624199,0 -93.55833010000001,41.3625255,0 -93.5583311,41.3626162,0 -93.55833269999999,41.3627731,0 -93.55833309999998,41.3628139,0 -93.55833679999999,41.3631587,0 -93.5583383,41.3632950000001,0 -93.558339,41.363356,0 -93.55834030000001,41.3634541,0 -93.55834249999999,41.3636176,0 -93.55834439999998,41.3637653,0 -93.55834710000001,41.3639757,0 -93.5583455,41.3640198,0 -93.55835050000002,41.3642294,0 -93.558353,41.3643995,0 -93.55835500000001,41.3644643,0 -93.5583577,41.3648239000001,0 -93.55835860000001,41.3649076,0 -93.5583609,41.3651208,0 -93.55836360000002,41.3653544,0 -93.55836600000002,41.3655697,0 -93.558367,41.3656560000001,0 -93.55836710000001,41.3657257,0 -93.55836739999999,41.3659878,0 -93.55836759999998,41.3660993,0 -93.558368,41.366425,0 -93.558367,41.366559,0 -93.5583673,41.3668214,0 -93.55836769999999,41.3671123,0 -93.558368,41.367401,0 -93.558369,41.367491,0 -93.5583731,41.3678304,0 -93.5583779,41.3682183,0 -93.55838079999999,41.3685783,0 -93.55838420000001,41.3688136,0 -93.55838969999999,41.3692029,0 -93.558391,41.369292,0 -93.5583914,41.3694201,0 -93.5583924,41.3697819,0 -93.55839259999999,41.3698665,0 -93.5583931,41.3700245,0 -93.55839369999998,41.3702321,0 -93.5583942,41.3703778,0 -93.5583948,41.3706091,0 -93.55839570000002,41.3709297,0 -93.558397,41.371364,0 -93.5583975,41.3714574,0 -93.5583979,41.3715265,0 -93.5583996,41.3718275,0 -93.5584008,41.372036,0 -93.55840220000002,41.3722991,0 -93.55840379999998,41.3725537,0 -93.5584054,41.3728351,0 -93.55840600000001,41.3729349,0 -93.5584145,41.3741007,0 -93.558453,41.375964,0 -93.55846200000001,41.376339,0 -93.55847699999998,41.376938,0 -93.55854429999999,41.3776108,0 -93.55875770000002,41.3802921,0 -93.55878509999999,41.3808668,0 -93.55879899999999,41.38127,0 -93.55885579999999,41.382114,0 -93.558806,41.383825,0 -93.55880400000001,41.3839507,0 -93.55880699999999,41.386656,0 -93.55880260000001,41.3872205,0 -93.55881300000001,41.390586,0 -93.55881309999999,41.3906243,0 -93.55882899999999,41.394893,0 -93.558846,41.398899,0 -93.55884689999999,41.3989292,0 -93.558941,41.402063,0 -93.55894499999999,41.402188,0 -93.5589487,41.4022836,0 -93.55894899999998,41.402291,0 -93.559009,41.404182,0 -93.559022,41.406813,0 -93.55901900000001,41.409649,0 -93.559026,41.412086,0 -93.55897299999999,41.416869,0 -93.558976,41.417959,0 -93.55899100000001,41.422022,0 -93.55899600000001,41.423757,0 -93.55900500000001,41.424918,0 -93.558993,41.426946,0 -93.55892299999999,41.428664,0 -93.558864,41.431165,0 -93.55883200000001,41.43239,0 -93.558843,41.4332834,0 -93.5588054,41.4343047,0 -93.55876499999999,41.434883,0 -93.55875899999999,41.435273,0 -93.558736,41.436547,0 -93.55872599999998,41.437474,0 -93.558717,41.438426,0 -93.558711,41.440033,0 -93.558717,41.442131,0 -93.5587098,41.4432514,0 -93.5587079,41.4435583,0 -93.558705,41.444006,0 -93.558679,41.444914,0 -93.558626,41.445794,0 -93.558566,41.44668,0 -93.55849899999998,41.447419,0 -93.55843899999999,41.448755,0 -93.55842000000001,41.450107,0 -93.55841890000002,41.4504099,0 -93.558409,41.453118,0 -93.558415,41.454905,0 -93.558402,41.456465,0 -93.55839199999998,41.459183,0 -93.55835099999999,41.461864,0 -93.55833,41.4641779999999,0 -93.55832899999999,41.464505,0 -93.55832100000001,41.466513,0 -93.55829,41.467192,0 -93.55827200000002,41.467714,0 -93.55828,41.468967,0 -93.55829199999999,41.46937,0 -93.55830999999999,41.469542,0 -93.55833199999999,41.469725,0 -93.558367,41.469941,0 -93.55841399999998,41.470157,0 -93.55843899999999,41.470264,0 -93.558469,41.470371,0 -93.5585,41.470477,0 -93.55853399999998,41.470583,0 -93.55856900000001,41.470688,0 -93.558632,41.470852,0 -93.558649,41.470898,0 -93.558694,41.471002,0 -93.55878799999999,41.4712079999999,0 -93.55883799999999,41.47131,0 -93.55889199999999,41.471411,0 -93.55929799999998,41.472061,0 -93.56101499999998,41.474285,0 -93.561136,41.47446,0 -93.561201,41.474562,0 -93.561324,41.474768,0 -93.56138199999999,41.474872,0 -93.561437,41.474977,0 -93.56154100000001,41.475189,0 -93.561589,41.475296,0 -93.561677,41.4755120000001,0 -93.561718,41.475621,0 -93.561733,41.475666,0 -93.561853,41.476025,0 -93.56189999999999,41.47621,0 -93.5624555,41.4789561,0 -93.562789,41.480605,0 -93.562836,41.480778,0 -93.56286900000001,41.480887,0 -93.562941,41.481103,0 -93.56298099999999,41.48121,0 -93.56306799999999,41.481423,0 -93.56316599999998,41.481633,0 -93.56321699999999,41.481737,0 -93.563328,41.481943,0 -93.563388,41.482045,0 -93.56350399999999,41.482232,0 -93.563592,41.4823580000001,0 -93.56442099999998,41.483427,0 -93.564729,41.483805,0 -93.564932,41.484072,0 -93.56513,41.484352,0 -93.56523800000001,41.484508,0 -93.56545,41.484869,0 -93.56559799999999,41.485153,0 -93.56571099999999,41.485386,0 -93.56574040000001,41.4854574,0 -93.566277,41.4867600000001,0 -93.56663509999998,41.4876231000001,0 -93.5669631,41.4884469,0 -93.56724400000002,41.489138,0 -93.56732600000001,41.489326,0 -93.56741,41.48954,0 -93.567448,41.489648,0 -93.567483,41.489756,0 -93.567516,41.489865,0 -93.56757399999999,41.490084,0 -93.56762199999999,41.490304,0 -93.56765899999999,41.490525,0 -93.567688,41.490747,0 -93.56769799999998,41.490859,0 -93.567705,41.49097,0 -93.567711,41.491193,0 -93.56770000000002,41.497063,0 -93.56769799999998,41.498538,0 -93.567727,41.49893,0 -93.56775999999999,41.499142,0 -93.56779799999998,41.499334,0 -93.56788599999999,41.499718,0 -93.56793300000001,41.49987,0 -93.568039,41.500164,0 -93.56815300000001,41.50043,0 -93.56825699999999,41.500645,0 -93.568316,41.500762,0 -93.56840509999999,41.5009103,0 -93.5684479,41.500979,0 -93.56858100000001,41.5011742,0 -93.5692619,41.5021606,0 -93.57023340000001,41.5035647,0 -93.57135049999999,41.5051712,0 -93.5722595,41.5064833,0 -93.57247750000001,41.5067698,0 -93.57289350000001,41.5071819,0 -93.5730999,41.507323,0 -93.57331000000002,41.5073990000001,0 -93.5735653,41.507433,0 -93.57382149999999,41.5074152,0 -93.5740825,41.5073342,0 -93.5742905,41.5071981,0 -93.5744191,41.5070241,0 -93.5744797,41.5068009000001,0 -93.5744191,41.5065777,0 -93.57429100000002,41.5063977,0 -93.57413869999999,41.5062806,0 -93.5739495,41.5061881,0 -93.57370210000001,41.5061523,0 -93.57348600000002,41.5061352,0 -93.57314399999998,41.5061602,0 -93.5725803,41.5062218,0 -93.57212130000001,41.506251,0 -93.57186489999999,41.5063038,0 -93.5714832,41.5063721,0 -93.57047970000001,41.5065872,0 -93.56967779999998,41.5067793999999,0 -93.56885939999999,41.5069925,0 -93.56813280000001,41.5071705,0 -93.56700790000001,41.5074664,0 -93.56445189999999,41.5081439,0 -93.55817,41.50981,0 -93.551931,41.511414,0 -93.551305,41.511538,0 -93.550707,41.511643,0 -93.550072,41.511739,0 -93.54943400000001,41.511821,0 -93.54880900000001,41.511887,0 -93.54816599999999,41.5119399999999,0 -93.54752000000002,41.511979,0 -93.54684100000001,41.512004,0 -93.546177,41.512012,0 -93.545529,41.512006,0 -93.54511500000001,41.511994,0 -93.542601,41.511893,0 -93.53940269999998,41.5117843,0 -93.538765,41.5117627,0 -93.53745099999999,41.511718,0 -93.53613799999999,41.5116748,0 -93.532453,41.511532,0 -93.528852,41.511409,0 -93.528462,41.511398,0 -93.52807300000002,41.511401,0 -93.52768399999998,41.511418,0 -93.52722400000002,41.511456,0 -93.52676800000002,41.511513,0 -93.52634000000002,41.511585,0 -93.525965,41.511663,0 -93.525594,41.511755,0 -93.52520800000002,41.511866,0 -93.52412,41.512276,0 -93.52381099999999,41.512421,0 -93.523471,41.512599,0 -93.523144,41.512789,0 -93.52284699999998,41.5129790000001,0 -93.52256300000001,41.51318,0 -93.52227499999998,41.513403,0 -93.521987,41.513652,0 -93.521717,41.513911,0 -93.521452,41.514196,0 -93.521209,41.514492,0 -93.521,41.514781,0 -93.520821,41.5150620000001,0 -93.520678,41.515315,0 -93.520535,41.515607,0 -93.520405,41.515921,0 -93.520292,41.516259,0 -93.52020500000002,41.5166,0 -93.52015900000001,41.516842,0 -93.520116,41.517165,0 -93.520094,41.517484,0 -93.52009099999999,41.517532,0 -93.520015,41.518747,0 -93.5196554,41.5244895,0 -93.5196079,41.5252472,0 -93.519296,41.530227,0 -93.519125,41.532959,0 -93.51906700000001,41.533559,0 -93.518987,41.534146,0 -93.51889300000001,41.53469,0 -93.51878600000001,41.53521,0 -93.518653,41.53576,0 -93.518495,41.536328,0 -93.51830899999999,41.536912,0 -93.5182831,41.5369842,0 -93.518112,41.5374619999999,0 -93.51790770000001,41.5379734,0 -93.517854,41.538108,0 -93.5172051,41.5395749,0 -93.51666640000002,41.5407927,0 -93.511408,41.552679,0 -93.51128700000001,41.55297,0 -93.51111400000001,41.553432,0 -93.51094999999999,41.553926,0 -93.51080500000002,41.554437,0 -93.51069099999999,41.55491,0 -93.510597,41.555384,0 -93.510525,41.555846,0 -93.51047,41.556309,0 -93.51043300000001,41.556788,0 -93.51041499999999,41.557297,0 -93.51042,41.55782,0 -93.51044399999999,41.558285,0 -93.51048900000001,41.558778,0 -93.51056199999999,41.559313,0 -93.510656,41.559831,0 -93.5115359,41.56355,0 -93.512135,41.5660491,0 -93.51245000000002,41.5674514,0 -93.51270409999999,41.5685723,0 -93.51347800000002,41.5718829,0 -93.51360499999998,41.5724124,0 -93.5139435,41.5738827999999,0 -93.5140024,41.5741222,0 -93.51404510000002,41.5743485,0 -93.5140961,41.5746787,0 -93.51411779999999,41.5749875,0 -93.5141218,41.5752929,0 -93.51410800000001,41.575538,0 -93.514079,41.5758489999999,0 -93.51402899999999,41.576159,0 -93.51396000000001,41.576466,0 -93.513867,41.576779,0 -93.513757,41.57708,0 -93.513631,41.5773679999999,0 -93.5134932,41.5776699,0 -93.51294300000001,41.578472,0 -93.51289399999999,41.578533,0 -93.512654,41.578808,0 -93.51239399999999,41.57908,0 -93.51212300000002,41.579339,0 -93.511841,41.579586,0 -93.51154200000001,41.579827,0 -93.511234,41.5800559999999,0 -93.51105100000001,41.580183,0 -93.51027499999998,41.580757,0 -93.50856570000001,41.5820178,0 -93.5078434,41.5825505,0 -93.50322199999999,41.585959,0 -93.502877,41.58623,0 -93.50250800000001,41.586545,0 -93.502184,41.586844,0 -93.50188199999999,41.587143,0 -93.501571,41.587477,0 -93.501285,41.587811,0 -93.501009,41.588163,0 -93.50074499999999,41.588532,0 -93.50050699999998,41.588899,0 -93.500289,41.589272,0 -93.5001,41.589631,0 -93.49992399999999,41.590006,0 -93.49977199999999,41.590374,0 -93.49965899999999,41.590683,0 -93.4996,41.590861,0 -93.499492,41.591229,0 -93.499398,41.591612,0 -93.49918250000002,41.5927934,0 -93.4990705,41.5934073,0 -93.49902250000001,41.5936705,0 -93.49792840000001,41.5983776,0 -93.4977605,41.5991751,0 -93.497398,41.600613,0 -93.49649699999999,41.604667,0 -93.49583610000001,41.6076407,0 -93.49543400000002,41.60945,0 -93.4953167,41.609957,0 -93.493646,41.617491,0 -93.49347980000002,41.6182406,0 -93.493341,41.618867,0 -93.493275,41.619206,0 -93.49323299999999,41.619535,0 -93.493212,41.619866,0 -93.493213,41.620208,0 -93.493234,41.620527,0 -93.493281,41.620879,0 -93.49334399999999,41.621195,0 -93.493436,41.621542,0 -93.49354400000001,41.621863,0 -93.493678,41.622191,0 -93.493816,41.622481,0 -93.493996,41.6227675,0 -93.49416159999998,41.6230123,0 -93.4943339,41.6232482,0 -93.4945925,41.6235778999999,0 -93.49482629999999,41.6238686,0 -93.49489900000002,41.6239579,0 -93.49513850000001,41.6242115,0 -93.499718,41.628396,0 -93.50009800000001,41.62876,0 -93.50050299999999,41.629173,0 -93.50086899999998,41.629571,0 -93.50088699999999,41.629591,0 -93.50123300000001,41.629993,0 -93.501553,41.630388,0 -93.50165869999999,41.6305268,0 -93.501828,41.6307490000001,0 -93.50222100000001,41.63131,0 -93.50254700000002,41.631804,0 -93.507706,41.639882,0 -93.50826000000001,41.640741,0 -93.50881200000001,41.641584,0 -93.509773,41.643025,0 -93.51029339999999,41.643751,0 -93.51083970000001,41.6445248,0 -93.51257490000002,41.6469834,0 -93.51304559999998,41.6476545000001,0 -93.51531900000001,41.6509103,0 -93.51635400000001,41.652385,0 -93.51753190000001,41.6540325,0 -93.5181357,41.6548861,0 -93.51838189999999,41.655233,0 -93.5194027,41.6567131,0 -93.5194997,41.6568538,0 -93.52070899999998,41.658577,0 -93.52121379999998,41.6592909,0 -93.52130119999998,41.6594145,0 -93.5214251,41.6595713,0 -93.52151710000001,41.6596784,0 -93.5216447,41.6598229,0 -93.52181899999998,41.659985,0 -93.52208430000002,41.6601933,0 -93.5222771,41.6603327,0 -93.52238209999999,41.660399,0 -93.52249500000001,41.660471,0 -93.5226117,41.6605336,0 -93.52274299999999,41.660604,0 -93.52298499999999,41.660716,0 -93.52322099999999,41.660809,0 -93.52348000000001,41.660896,0 -93.523747,41.660969,0 -93.52403099999999,41.66103,0 -93.524292,41.661071,0 -93.52456699999999,41.661101,0 -93.52485000000001,41.661117,0 -93.52510599999999,41.661118,0 -93.52537199999999,41.661107,0 -93.52550599999999,41.661089,0 -93.52563499999999,41.661055,0 -93.525751,41.661009,0 -93.52585999999998,41.660948,0 -93.525955,41.6608739999999,0 -93.526031,41.660794,0 -93.52608900000001,41.660706,0 -93.526129,41.660617,0 -93.526151,41.66052,0 -93.52615400000001,41.660422,0 -93.526135,41.660321,0 -93.5261,41.66023,0 -93.526043,41.660137,0 -93.52596000000001,41.660046,0 -93.52586600000001,41.659972,0 -93.525757,41.65991,0 -93.525637,41.659861,0 -93.52549799999998,41.659825,0 -93.52536299999998,41.659808,0 -93.525211,41.659808,0 -93.5224934,41.6600357,0 -93.52223590000001,41.6600677,0 -93.5128668,41.661458,0 -93.5098493,41.6619058,0 -93.5075257,41.6621098,0 -93.50540059999999,41.6621737,0 -93.5026821,41.6621249,0 -93.5004639,41.6620969,0 -93.49961860000001,41.6621722,0 -93.49930929999999,41.6621728,0 -93.4987361,41.6621869,0 -93.49814270000002,41.6622191,0 -93.49758909999998,41.6622678,0 -93.49709329999999,41.6623276,0 -93.4967359,41.6623763,0 -93.4962908,41.6624494,0 -93.49589350000001,41.6625226,0 -93.49554210000001,41.6625958,0 -93.4952246,41.6626691,0 -93.4949525,41.6627404,0 -93.4946655,41.6628294,0 -93.4944028,41.6629233999999,0 -93.49417240000001,41.6630134,0 -93.49393310000001,41.66312,0 -93.49371530000002,41.6632271,0 -93.49352850000001,41.6633266,0 -93.4933446,41.6634383,0 -93.49319010000001,41.6635378,0 -93.4930176,41.663657,0 -93.4899005,41.6658277,0 -93.4895942,41.6659965,0 -93.48906000000001,41.666419,0 -93.48839999999998,41.666944,0 -93.486465,41.668482,0 -93.48495200000002,41.66969,0 -93.4847738,41.6698303,0 -93.48465509999998,41.6699238,0 -93.48405099999998,41.670409,0 -93.48054860000001,41.6732112,0 -93.478551,41.67478,0 -93.476461,41.676444,0 -93.476382,41.676507,0 -93.47430199999998,41.678162,0 -93.4726775,41.6794746,0 -93.471068,41.680743,0 -93.46938400000001,41.682087,0 -93.4679598,41.6832181,0 -93.467332,41.6837110000001,0 -93.466126,41.684666,0 -93.46556699999999,41.685114,0 -93.464631,41.685864,0 -93.46280400000002,41.687326,0 -93.4622262,41.6877686,0 -93.4622098,41.6877812,0 -93.461478,41.688375,0 -93.46085239999999,41.688869,0 -93.45977599999999,41.689719,0 -93.456648,41.6922089,0 -93.452287,41.6957,0 -93.44914660000001,41.698017,0 -93.4471662,41.6994933,0 -93.44499550000002,41.7012076,0 -93.4439397,41.7020669999999,0 -93.4432127,41.7026447000001,0 -93.44295099999999,41.7028321,0 -93.4414395,41.7040279,0 -93.440325,41.7049522,0 -93.4394696,41.7056257,0 -93.435784,41.708548,0 -93.4350925,41.7090939,0 -93.43174650000002,41.7117548,0 -93.4316997,41.711792,0 -93.42825769999999,41.7145148,0 -93.42580759999998,41.7164713,0 -93.42477719999998,41.7173043,0 -93.42211500000001,41.7194139,0 -93.419021,41.7218656,0 -93.4158728,41.7243602,0 -93.41239510000001,41.7271158,0 -93.40990809999998,41.7290863,0 -93.40717859999998,41.7312488,0 -93.4066536,41.7316682,0 -93.4061361,41.7320921,0 -93.40522280000002,41.732828,0 -93.40379770000001,41.7339363,0 -93.4025025,41.7349808,0 -93.40199819999999,41.7353787,0 -93.39345049999999,41.7421611,0 -93.3925531,41.742882,0 -93.39127820000002,41.7438904,0 -93.38841480000001,41.7461865,0 -93.38368299999999,41.7499339,0 -93.381181,41.7521109,0 -93.3811195,41.7521644,0 -93.3788443,41.7540073,0 -93.37675740000002,41.7556624,0 -93.3767316,41.7556828,0 -93.3730173,41.7586283,0 -93.3704819,41.7606444,0 -93.3686544,41.7620955,0 -93.367518,41.762994,0 -93.367043,41.763367,0 -93.365945,41.764229,0 -93.36543700000001,41.764627,0 -93.36510399999999,41.764988,0 -93.364858,41.765285,0 -93.36464799999999,41.765564,0 -93.36443,41.765884,0 -93.36422600000002,41.76622,0 -93.364048,41.766554,0 -93.36389800000001,41.766874,0 -93.363766,41.767199,0 -93.36372600000001,41.7673080000001,0 -93.363646,41.767547,0 -93.36355000000002,41.767889,0 -93.36347799999999,41.768214,0 -93.36342,41.768561,0 -93.363381,41.768939,0 -93.363366,41.769268,0 -93.36334100000001,41.773148,0 -93.36331800000001,41.776653,0 -93.36332,41.777245,0 -93.36330700000001,41.7776239999999,0 -93.36327799999999,41.777903,0 -93.363225,41.77822,0 -93.36315,41.778534,0 -93.363061,41.778826,0 -93.362953,41.779115,0 -93.36282700000001,41.779399,0 -93.362683,41.7796789999999,0 -93.362511,41.779971,0 -93.362306,41.780274,0 -93.36210700000001,41.780533,0 -93.36187699999999,41.780803,0 -93.36164499999998,41.781047,0 -93.36138099999998,41.781298,0 -93.361064,41.781568,0 -93.360803,41.781768,0 -93.360511,41.781973,0 -93.360186,41.78218,0 -93.359847,41.782374,0 -93.359495,41.782555,0 -93.35915399999999,41.782712,0 -93.35896630000001,41.7827903,0 -93.358828,41.782848,0 -93.35847,41.782981,0 -93.35805399999998,41.783117,0 -93.35765400000001,41.783229,0 -93.35727300000002,41.78332,0 -93.356886,41.783398,0 -93.356495,41.783461,0 -93.3561,41.783511,0 -93.35570300000001,41.783546,0 -93.355304,41.783568,0 -93.35487700000002,41.783575,0 -93.3529214,41.7835822,0 -93.35116540000001,41.783588,0 -93.3505912,41.783612,0 -93.34981790000001,41.7836560000001,0 -93.34914929999999,41.783707,0 -93.348709,41.783756,0 -93.34823490000001,41.783808,0 -93.34804050000001,41.783834,0 -93.347303,41.7839331,0 -93.34663679999998,41.7840335,0 -93.345876,41.7841831,0 -93.34518669999999,41.7843311,0 -93.34467430000001,41.784451,0 -93.34393949999999,41.7846451,0 -93.34322839999999,41.7848464,0 -93.3424455,41.7851051,0 -93.3415686,41.7854199,0 -93.34064309999999,41.7857830999999,0 -93.33983240000001,41.7861232,0 -93.33891199999998,41.7865938,0 -93.33828269999999,41.786933,0 -93.33762019999999,41.787311,0 -93.3370384,41.7876678,0 -93.336372,41.78811,0 -93.3358151,41.788503,0 -93.3354664,41.7887769,0 -93.3328905,41.7907988,0 -93.33030579999999,41.7928411,0 -93.3277599,41.7948611,0 -93.3264738,41.7958758,0 -93.32319519999999,41.7984978999999,0 -93.31212069999999,41.8073109,0 -93.31151150000001,41.8077867,0 -93.30863279999998,41.8100553,0 -93.3069691,41.8113724999999,0 -93.30602620000001,41.812119,0 -93.3054793,41.8127110000001,0 -93.30503400000001,41.8132507,0 -93.30457269999998,41.8138505,0 -93.30308529999999,41.8159239,0 -93.302852,41.8161017,0 -93.30582800000002,41.8181923,0 -93.30648240000001,41.818712,0 -93.30714229999998,41.8192837,0 -93.3076787,41.8198394,0 -93.3079451,41.8201826,0 -93.30828459999999,41.8206574000001,0 -93.30848119999999,41.820987,0 -93.30871399999999,41.8214146,0 -93.3089071,41.8218143999999,0 -93.30906270000001,41.8221981,0 -93.3093205,41.8231171,0 -93.30943000000001,41.8236466,0 -93.30946519999999,41.8239211,0 -93.30946779999999,41.8251323,0 -93.30946700000001,41.8253932,0 -93.309449,41.8274,0 -93.3094399,41.8288687,0 -93.30943019999999,41.8328051,0 -93.30942960000002,41.8329911,0 -93.3094238,41.8346762,0 -93.30940339999999,41.8440199,0 -93.309358,41.849206,0 -93.3092733,41.8578423,0 -93.3092116,41.8630036,0 -93.309139,41.86856,0 -93.309119,41.870249,0 -93.30910900000001,41.87152,0 -93.309104,41.872325,0 -93.309101,41.872712,0 -93.309094,41.874938,0 -93.309104,41.8769819999999,0 -93.309101,41.877491,0 -93.309101,41.877535,0 -93.30908599999999,41.878267,0 -93.30908999999998,41.881422,0 -93.30908599999999,41.882859,0 -93.309076,41.885619,0 -93.309085,41.887566,0 -93.309078,41.888143,0 -93.309061,41.889626,0 -93.309054,41.892002,0 -93.30905500000001,41.894392,0 -93.309054,41.895403,0 -93.309054,41.895453,0 -93.30904960000001,41.8984592,0 -93.3090515,41.8985873,0 -93.3090505,41.8990277,0 -93.3090481,41.899178,0 -93.30907700000002,41.899896,0 -93.30906400000002,41.900551,0 -93.30906299999999,41.900852,0 -93.30906079999998,41.9014243999999,0 -93.309059,41.901874,0 -93.30906089999999,41.9022626,0 -93.30906400000002,41.90289,0 -93.30907400000001,41.903896,0 -93.309076,41.904015,0 -93.30911199999998,41.904606,0 -93.30911,41.905096,0 -93.30909900000002,41.906504,0 -93.309104,41.90682,0 -93.309102,41.908398,0 -93.30911499999999,41.9101330000001,0 -93.30909600000001,41.91162,0 -93.309135,41.913415,0 -93.309136,41.913738,0 -93.30914000000001,41.91459,0 -93.30913399999999,41.916229,0 -93.30913100000001,41.916991,0 -93.309152,41.919198,0 -93.30915300000001,41.921568,0 -93.309158,41.922466,0 -93.309164,41.923705,0 -93.30916499999999,41.926168,0 -93.30917499999998,41.9282129999999,0 -93.30918200000001,41.929606,0 -93.30919000000002,41.931339,0 -93.309196,41.932564,0 -93.30922099999999,41.935442,0 -93.30922700000001,41.936877,0 -93.309226,41.938835,0 -93.309259,41.941182,0 -93.309259,41.943413,0 -93.30927,41.945767,0 -93.309287,41.947544,0 -93.30931099999999,41.950005,0 -93.30931200000001,41.95224,0 -93.30934000000001,41.954288,0 -93.30935400000001,41.956851,0 -93.309365,41.958915,0 -93.309364,41.960835,0 -93.30938399999999,41.963008,0 -93.30938500000002,41.9631109999999,0 -93.30938399999999,41.964521,0 -93.30938399999999,41.964977,0 -93.30935400000001,41.9667969999999,0 -93.3093355,41.9698089,0 -93.3093331,41.9701994,0 -93.30932900000001,41.970867,0 -93.309325,41.971056,0 -93.30929,41.972506,0 -93.30927699999999,41.973051,0 -93.309257,41.975274,0 -93.30923300000001,41.976811,0 -93.30922500000001,41.977349,0 -93.309223,41.978041,0 -93.30921899999998,41.979027,0 -93.30921600000001,41.97975,0 -93.309236,41.981786,0 -93.309268,41.983985,0 -93.309296,41.985523,0 -93.30930399999998,41.987272,0 -93.30930399999998,41.9877186,0 -93.30930399999998,41.988374,0 -93.30930399999998,41.9892850000001,0 -93.309336,41.991725,0 -93.30932900000001,41.993482,0 -93.309327,41.996224,0 -93.309336,41.998245,0 -93.309336,42.000351,0 -93.309347,42.00225,0 -93.309343,42.003132,0 -93.30934999999999,42.004153,0 -93.309353,42.004505,0 -93.309344,42.005866,0 -93.309353,42.006314,0 -93.309355,42.0073951,0 -93.30936410000001,42.0080202,0 -93.309387,42.009061,0 -93.30941300000002,42.012862,0 -93.309422,42.0135438000001,0 -93.309434,42.014451,0 -93.309432,42.015227,0 -93.309434,42.016454,0 -93.30943600000001,42.017079,0 -93.309434,42.017476,0 -93.30943000000001,42.01798,0 -93.30942600000002,42.01847,0 -93.3094299,42.0189396,0 -93.3094267,42.0190836,0 -93.30942600000002,42.0197640000001,0 -93.30942300000001,42.021473,0 -93.30942409999999,42.0223632,0 -93.3094201,42.0225971,0 -93.309432,42.02484,0 -93.30943299999998,42.025706,0 -93.30946299999999,42.028491,0 -93.309456,42.029727,0 -93.30946900000001,42.031339,0 -93.30947000000002,42.032242,0 -93.309479,42.033737,0 -93.309482,42.034252,0 -93.30949,42.035486,0 -93.30949800000002,42.037076,0 -93.309501,42.037562,0 -93.30950300000001,42.038033,0 -93.309515,42.039123,0 -93.309515,42.040489,0 -93.309532,42.042274,0 -93.309575,42.04571,0 -93.309586,42.046427,0 -93.309586,42.047061,0 -93.30958700000001,42.047997,0 -93.30959300000001,42.048811,0 -93.30959799999999,42.049942,0 -93.309622,42.057061,0 -93.30964169999999,42.0609460000001,0 -93.309664,42.063378,0 -93.309623,42.0649500000001,0 -93.309641,42.066482,0 -93.30964000000002,42.067008,0 -93.309639,42.068149,0 -93.30962499999998,42.070708,0 -93.30962599999999,42.073546,0 -93.309614,42.074457,0 -93.309607,42.074992,0 -93.309601,42.077969,0 -93.309636,42.082959,0 -93.30964400000001,42.083426,0 -93.30965900000001,42.084288,0 -93.30967099999999,42.086045,0 -93.309686,42.087542,0 -93.309692,42.088424,0 -93.30973299999999,42.091951,0 -93.309735,42.0925189,0 -93.30975100000001,42.095956,0 -93.309754,42.096412,0 -93.30976699999999,42.099218,0 -93.30977300000001,42.100144,0 -93.309764,42.101841,0 -93.3097578,42.1026081,0 -93.309715,42.1071759,0 -93.30964000000002,42.110997,0 -93.3096015,42.1128771,0 -93.309558,42.1146829999999,0 -93.309386,42.122063,0 -93.309377,42.1227556,0 -93.309375,42.125575,0 -93.30936199999999,42.128196,0 -93.30936199999999,42.1295906,0 -93.3093817,42.1316905,0 -93.309371,42.132964,0 -93.3093844,42.1361297,0 -93.30938899999998,42.137208,0 -93.3093834,42.1400747,0 -93.3093698,42.146968,0 -93.309364,42.149932,0 -93.3093549,42.1517299,0 -93.30938999999999,42.158469,0 -93.309397,42.159467,0 -93.3093894,42.1601969,0 -93.30938379999999,42.160476,0 -93.30938139999999,42.1618584,0 -93.30938,42.162692,0 -93.30937400000001,42.163837,0 -93.309352,42.165632,0 -93.309353,42.166178,0 -93.30935599999999,42.167854,0 -93.30933499999999,42.17132,0 -93.309344,42.1733119999999,0 -93.309353,42.175128,0 -93.30938500000002,42.177246,0 -93.309386,42.177303,0 -93.309425,42.180693,0 -93.30943600000001,42.182729,0 -93.30958,42.195199,0 -93.3095976,42.1970839,0 -93.309636,42.200437,0 -93.3096457,42.2035589,0 -93.30964729999999,42.2071835,0 -93.3096544,42.2091477,0 -93.30964120000002,42.2150051999999,0 -93.3096731,42.2193629,0 -93.3097041,42.2235996,0 -93.30973990000001,42.2284613,0 -93.30974000000001,42.2287954,0 -93.30973990000001,42.2311148,0 -93.30973950000001,42.2380562,0 -93.3098311,42.2458084,0 -93.30983150000002,42.2525438,0 -93.30984870000002,42.2586559,0 -93.3098519,42.2597774,0 -93.30985230000002,42.2640407,0 -93.30985250000001,42.267626,0 -93.30985279999999,42.2706477,0 -93.30984749999999,42.2742293,0 -93.3098054,42.2764001,0 -93.3096968,42.2814844,0 -93.3096903,42.2849747,0 -93.30967339999999,42.2941116,0 -93.3096919,42.2959256,0 -93.3096853,42.2961713,0 -93.30967579999999,42.2965208,0 -93.3096814,42.2983352999999,0 -93.309682,42.2985264,0 -93.30968249999999,42.2986913,0 -93.3096831,42.2988789,0 -93.30968489999999,42.2994543,0 -93.30968279999999,42.2998341,0 -93.309687,42.3001639,0 -93.3096877,42.3016109000001,0 -93.30969330000001,42.3021908,0 -93.3096962,42.303131,0 -93.30969140000001,42.3037795,0 -93.3096796,42.3053902,0 -93.30967629999999,42.3058601,0 -93.3096779,42.3060575,0 -93.3096874,42.3080232,0 -93.3096736,42.3103625,0 -93.309673,42.3111157,0 -93.3096626,42.3249005,0 -93.30965299999998,42.3321280000001,0 -93.3096534,42.3324972,0 -93.30965829999998,42.3371964,0 -93.30967090000001,42.3392886,0 -93.3096743,42.3398476,0 -93.3096862,42.3413988,0 -93.3097272,42.3467627,0 -93.30975229999999,42.3491389,0 -93.30980109999999,42.3537575,0 -93.3098428,42.3582084999999,0 -93.3098428,42.3584389,0 -93.30977250000001,42.3587257,0 -93.3097159,42.3589392,0 -93.30962479999999,42.3591278,0 -93.30952459999999,42.3592943,0 -93.30940760000001,42.3594607,0 -93.3092923,42.3596032,0 -93.30916449999999,42.3597362,0 -93.30904750000001,42.3598515,0 -93.30889879999999,42.3599780999999,0 -93.3087706,42.3600631,0 -93.30861350000001,42.3601769,0 -93.3084552,42.3602725,0 -93.30828289999999,42.3603637,0 -93.30808949999999,42.3604561,0 -93.30790690000001,42.3605289,0 -93.3076746,42.3606092,0 -93.30742999999998,42.3606706,0 -93.3070558,42.3607609,0 -93.30669000000002,42.3607965000001,0 -93.29027670000001,42.3607304,0 -93.28559989999999,42.3607903,0 -93.2805948,42.3608545000001,0 -93.28041310000002,42.3608534,0 -93.2733357,42.3608087,0 -93.2690654,42.3607818,0 -93.2658169,42.3607613,0 -93.264653,42.360754,0 -93.2611196,42.3608093,0 -93.26112089999999,42.3608891,0 -93.26117739999999,42.3642516,0 -93.26118049999998,42.3644353,0 -93.2611843,42.3646616,0 -93.2611524,42.3664676,0 -93.2611254,42.3683447,0 -93.26112469999998,42.3685443,0 -93.2611411,42.3694889,0 -93.26114509999999,42.3700134,0 -93.26116940000001,42.3747542,0 -93.2611708,42.3773045,0 -93.2611538,42.3805081,0 -93.2611649,42.3829668,0 -93.26117309999999,42.3847728,0 -93.26118130000002,42.3857757,0 -93.26118270000001,42.3869659,0 -93.2611237,42.397469,0 -93.261162,42.4052488,0 -93.26118750000001,42.4104263,0 -93.26119719999998,42.412414,0 -93.26119869999999,42.4127018000001,0 -93.26123049999998,42.4191797,0 -93.26123320000001,42.4208236999999,0 -93.26123370000002,42.4211739,0 -93.26124190000002,42.4262889,0 -93.2612321,42.4280222,0 -93.2612075,42.4335654,0 -93.261197,42.4391731,0 -93.261194,42.4407756,0 -93.26117060000001,42.4473388999999,0 -93.2611273,42.4489806,0 -93.26110920000001,42.4508314,0 -93.26115,42.4546859,0 -93.26115540000001,42.4551977,0 -93.2611263,42.4580304,0 -93.26126549999998,42.4650543,0 -93.26134529999999,42.4690001,0 -93.26137859999999,42.4692178,0 -93.261426,42.4694071,0 -93.26150490000001,42.4697242,0 -93.26161290000002,42.4700386,0 -93.2618629,42.4705876,0 -93.2619218,42.4707034,0 -93.26212949999999,42.471112,0 -93.2622296,42.4713356000001,0 -93.26229059999999,42.4715176,0 -93.26235509999999,42.4717307,0 -93.2624016,42.4719068,0 -93.2624627,42.4723001,0 -93.26249660000001,42.4728062999999,0 -93.26249039999999,42.4750143999999,0 -93.2624878,42.4759282,0 -93.2624806,42.4784624,0 -93.26246570000001,42.4815997,0 -93.26246540000001,42.4830928,0 -93.26245900000002,42.4852285,0 -93.26245650000001,42.4866537,0 -93.262449,42.490997,0 -93.26243930000001,42.4932391,0 -93.2624412,42.49347,0 -93.26244760000002,42.4942532,0 -93.2624442,42.4950159,0 -93.2624419,42.4955101,0 -93.26243919999999,42.4961201,0 -93.2624364,42.4962419,0 -93.26240919999999,42.4974444,0 -93.2623888,42.4987,0 -93.26239030000001,42.4989253999999,0 -93.2623968,42.4999422,0 -93.26240009999999,42.5004522000001,0 -93.26240060000001,42.5005424,0 -93.26240799999999,42.5016912,0 -93.2624141,42.5026403,0 -93.26241490000001,42.502953,0 -93.2624163,42.5035101999999,0 -93.26242030000002,42.5051355,0 -93.26239270000001,42.5063916,0 -93.2623778,42.5070718,0 -93.2623815,42.5076564,0 -93.2623847,42.5081687,0 -93.26239529999999,42.5098481,0 -93.26239940000001,42.5104452,0 -93.2624079,42.5116739,0 -93.26241159999999,42.5122039,0 -93.2624271,42.5128151,0 -93.2624323,42.5130205000001,0 -93.2624567,42.5132961,0 -93.26251359999999,42.5139397,0 -93.26255759999999,42.5143278,0 -93.2625805,42.5145291,0 -93.26265220000002,42.5149409,0 -93.26268469999998,42.5151223,0 -93.26289590000002,42.5163005,0 -93.2629396,42.5165439,0 -93.26299419999999,42.516898,0 -93.26300459999999,42.5171759,0 -93.2630085,42.5172806,0 -93.26300860000001,42.5176124999999,0 -93.263006,42.5176929,0 -93.26302009999999,42.5185751,0 -93.2630223,42.5187012,0 -93.26301669999999,42.5191622,0 -93.26301100000001,42.5196254,0 -93.26300530000002,42.5200979,0 -93.26299969999999,42.5205553,0 -93.26299750000001,42.5207387,0 -93.26299539999999,42.5209067,0 -93.2629931,42.5210986,0 -93.2629889,42.5214386,0 -93.26298300000001,42.5219262,0 -93.26297790000001,42.5223437,0 -93.2629752,42.5225627,0 -93.26296719999999,42.5232222,0 -93.2629563,42.5241162,0 -93.2629467,42.5249047,0 -93.26294519999999,42.5250238,0 -93.26293459999999,42.5258949000001,0 -93.2629515,42.5267775000001,0 -93.26299039999999,42.5270155,0 -93.2630685,42.527242,0 -93.26366149999998,42.5285829,0 -93.26369430000001,42.5286727,0 -93.263713,42.5287238,0 -93.26380690000001,42.5289868,0 -93.2639193,42.5293565,0 -93.26401179999999,42.529735,0 -93.2640595,42.5300068,0 -93.2641062,42.5303666,0 -93.2641304,42.5307261,0 -93.26413220000001,42.5310811,0 -93.2641213,42.5313989,0 -93.2641082,42.5315401,0 -93.26409149999999,42.5317208,0 -93.26405750000001,42.5319654,0 -93.2640116,42.5322002,0 -93.2639118,42.5325997,0 -93.263817,42.5329589,0 -93.26367310000001,42.5333148,0 -93.26360749999999,42.5334553,0 -93.26350549999999,42.5336736,0 -93.263302,42.5340579,0 -93.263124,42.5343532,0 -93.2629558,42.5345768,0 -93.2627887,42.5348001,0 -93.2625886,42.5350904,0 -93.26246159999999,42.5353577,0 -93.2623419,42.5356295,0 -93.2622831,42.5358579,0 -93.2622319,42.5361384,0 -93.26221959999999,42.5364300999999,0 -93.2622326,42.5387061000001,0 -93.26222009999999,42.5409038,0 -93.26221769999999,42.5412794,0 -93.26218249999999,42.5467762,0 -93.262148,42.5547318,0 -93.26207309999999,42.555043,0 -93.26198340000002,42.5552864,0 -93.26188620000001,42.5554891,0 -93.2617352,42.5557269,0 -93.26155580000001,42.5559516,0 -93.2613898,42.556119,0 -93.261188,42.5562908,0 -93.26091289999999,42.5564857,0 -93.26059149999999,42.5566663,0 -93.26028649999999,42.5567995,0 -93.25992770000001,42.5569251,0 -93.25956590000001,42.5570120999999,0 -93.2591666,42.5570797,0 -93.2587451,42.5571112,0 -93.250731,42.5571131,0 -93.2433827,42.5571149000001,0 -93.24295540000001,42.5571161,0 -93.23876110000002,42.5571147,0 -93.2327433,42.5571125999999,0 -93.21568790000001,42.5570953,0 -93.2073958,42.5570676,0 -93.20666729999999,42.5570558,0 -93.20637670000001,42.5570791,0 -93.20608540000001,42.5570834,0 -93.2058916,42.5570832,0 -93.20567189999998,42.5570844,0 -93.20430639999999,42.5571228,0 -93.2041657,42.557151,0 -93.2039874,42.557214,0 -93.20384259999999,42.5572796,0 -93.20372419999998,42.5573778,0 -93.20363709999999,42.5574683,0 -93.2035743,42.5575705,0 -93.20352630000001,42.5576916999999,0 -93.2034742,42.558258,0 -93.20357540000001,42.5593608,0 -93.2037601,42.5611674,0 -93.20403890000001,42.5639207,0 -93.2040634,42.5644001,0 -93.2041782,42.5705695,0 -93.20420819999998,42.571697,0 -93.20431230000001,42.5734925,0 -93.2045256,42.577162,0 -93.20464610000001,42.5793661,0 -93.20466419999998,42.5810735,0 -93.20474870000001,42.5848685,0 -93.20477769999998,42.5865059,0 -93.2047421,42.5891992,0 -93.2046596,42.5937497,0 -93.20458459999999,42.5948975000001,0 -93.20452779999999,42.5956142,0 -93.20452509999998,42.5956413000001,0 -93.2041562,42.6005843,0 -93.2040169,42.6019514,0 -93.2038304,42.6036762,0 -93.20377000000001,42.604132,0 -93.203683,42.605063,0 -93.20348589999999,42.6070028,0 -93.20344590000001,42.6075177,0 -93.2034343,42.6113078,0 -93.20343250000002,42.6115288,0 -93.2034144,42.6120352,0 -93.203425,42.6132508,0 -93.20341999999999,42.6136908,0 -93.20355200000002,42.6189088,0 -93.20359409999999,42.620337,0 -93.2036413,42.6220952,0 -93.2036205,42.6229913,0 -93.20362129999999,42.626229,0 -93.20362,42.6281374,0 -93.203611,42.6293869,0 -93.2035504,42.6329613,0 -93.2034701,42.6380527,0 -93.2034207,42.6398276,0 -93.2033412,42.6426797999999,0 -93.20331969999999,42.6449852,0 -93.20335710000001,42.6479521,0 -93.2033721,42.6493039,0 -93.20338129999999,42.6507002,0 -93.20338750000001,42.6515152,0 -93.2034111,42.6543688,0 -93.20342289999999,42.6552377,0 -93.20343649999998,42.6579904,0 -93.20340800000001,42.6613448,0 -93.2034046,42.6640151,0 -93.2034034,42.6652528,0 -93.20337420000001,42.666999,0 -93.2033654,42.6688925,0 -93.2033642,42.6691793,0 -93.2033297,42.6724347,0 -93.20318880000002,42.6795748,0 -93.2031862,42.6797507,0 -93.20316870000001,42.6806315,0 -93.20316609999999,42.6810769,0 -93.2031551,42.6815802,0 -93.203047,42.6869522,0 -93.20303879999999,42.6892523,0 -93.20303509999999,42.6902706,0 -93.2030225,42.6938045,0 -93.20301090000001,42.6970492,0 -93.2030121,42.7013393,0 -93.20295450000002,42.7051157,0 -93.20294839999998,42.7058995,0 -93.2028969,42.7099331,0 -93.20285810000001,42.7141463,0 -93.20285089999999,42.7160159,0 -93.20276059999999,42.7205051,0 -93.20272010000001,42.7225186,0 -93.20270050000001,42.7232197,0 -93.20263199999999,42.726238,0 -93.20257629999999,42.7294482,0 -93.20256729999998,42.729782,0 -93.20255299999998,42.7304211,0 -93.2025415,42.7309327,0 -93.20252670000001,42.732388,0 -93.2025184,42.7336462,0 -93.202517,42.7338518,0 -93.202516,42.7340068,0 -93.2025154,42.7345497,0 -93.20251079999998,42.7347957,0 -93.20250620000002,42.7354948,0 -93.2025003,42.7363874,0 -93.20249430000001,42.7372931,0 -93.2024882,42.7381854,0 -93.2024899,42.7391166,0 -93.20249149999999,42.7400215,0 -93.20249310000001,42.740933,0 -93.20249369999999,42.741845,0 -93.20249750000001,42.7427892,0 -93.20250019999999,42.7435764,0 -93.20250139999999,42.7436254,0 -93.2025007,42.7436951,0 -93.20250420000001,42.7446244,0 -93.2025045,42.7453733,0 -93.2025045,42.7454938,0 -93.2024986,42.7463922,0 -93.2024986,42.74643,0 -93.2024881,42.7473371,0 -93.2024893,42.7484845,0 -93.202485,42.7492138,0 -93.2024756,42.7499601,0 -93.2024696,42.75044,0 -93.2024643,42.7508695,0 -93.20245320000001,42.7517555,0 -93.2024418,42.7526658,0 -93.20244119999998,42.7527129,0 -93.20242330000001,42.754142,0 -93.20241849999999,42.7545281,0 -93.2024002,42.7559895,0 -93.20237470000001,42.7580347,0 -93.20236269999998,42.7589869000001,0 -93.20234790000001,42.7599438,0 -93.20234480000001,42.7604165,0 -93.20234199999999,42.7608354,0 -93.2023441,42.761293,0 -93.2023303,42.7620416000001,0 -93.20231870000001,42.7624849,0 -93.202316,42.7633148000001,0 -93.20231410000001,42.764928,0 -93.20230890000002,42.7693158,0 -93.2023088,42.7694029,0 -93.2023078,42.770277,0 -93.202303,42.7743699,0 -93.2023001,42.776851,0 -93.2022989,42.7778695,0 -93.20229879999999,42.7779696,0 -93.20229319999999,42.7826691,0 -93.20228710000001,42.7879335,0 -93.202286,42.7888442,0 -93.20228440000001,42.7901704,0 -93.20227899999999,42.7948358,0 -93.2022812,42.7953042,0 -93.20228379999999,42.7958363,0 -93.20228970000001,42.796886,0 -93.2022839,42.7975347,0 -93.2022991,42.8032877,0 -93.202305,42.8190466,0 -93.20231349999999,42.8215105,0 -93.202365,42.8307504,0 -93.2023568,42.831744,0 -93.2023662,42.8335469,0 -93.20230209999998,42.8370665,0 -93.2022728,42.8399409,0 -93.20224279999999,42.8465508,0 -93.20223079999998,42.8480133,0 -93.20220860000001,42.8492301,0 -93.20212890000001,42.8528584,0 -93.2020766,42.8565801,0 -93.20207220000002,42.8589523,0 -93.20207000000001,42.8597681,0 -93.20206279999999,42.8624597,0 -93.20206330000002,42.8628569,0 -93.2021336,42.8675273,0 -93.20220569999999,42.8727721,0 -93.20227850000002,42.8769304,0 -93.20229390000002,42.8780064,0 -93.202315,42.878996,0 -93.2023305,42.8810117,0 -93.2023263,42.8815066,0 -93.2022698,42.8913822,0 -93.20226700000001,42.8917085,0 -93.20225859999999,42.892704,0 -93.2022554,42.8932263,0 -93.20225240000002,42.893851,0 -93.2022473,42.8949544,0 -93.20223570000002,42.8986178,0 -93.2021677,42.9021949,0 -93.2021307,42.9051325,0 -93.20213649999999,42.9076353,0 -93.20222839999998,42.9143017,0 -93.2022365,42.9148881,0 -93.20233330000001,42.9221218,0 -93.2024613,42.927668,0 -93.20252329999998,42.9303547,0 -93.2026528,42.9359623,0 -93.20265310000002,42.9362586,0 -93.2026528,42.9368449,0 -93.20265259999999,42.9371256,0 -93.2026735,42.9406004,0 -93.2026735,42.9440726,0 -93.20262549999998,42.9470507,0 -93.2025605,42.9510907,0 -93.2025342,42.952712,0 -93.20249099999999,42.955376,0 -93.2023255,42.9655883,0 -93.20227550000001,42.967914,0 -93.2022611,42.9695322,0 -93.2022571,42.969784,0 -93.2022367,42.9708032,0 -93.2020916,42.9780417,0 -93.20205079999999,42.9800786,0 -93.2018976,42.984126,0 -93.2018832,42.9845073,0 -93.2018786,42.9847709,0 -93.2018648,42.9851443,0 -93.2017883,42.987217,0 -93.20174159999999,42.9886137,0 -93.20174460000001,42.9894241,0 -93.20174689999999,42.9900666,0 -93.2017699,42.9944144,0 -93.20177129999999,42.9956006,0 -93.20177339999999,42.9958442,0 -93.2018472,43.0043211,0 -93.2018475,43.0045292,0 -93.2018537,43.0089056,0 -93.20176549999999,43.012816,0 -93.2017547,43.0132981,0 -93.20171329999999,43.0151322,0 -93.2016813,43.0193601,0 -93.2016788,43.0196951,0 -93.20166659999998,43.023364,0 -93.20157460000001,43.0320068,0 -93.20156660000001,43.0327547,0 -93.20151300000001,43.0377908,0 -93.2014446,43.0421392,0 -93.2013907,43.0453149,0 -93.20138239999999,43.0457132,0 -93.20139369999998,43.0466039,0 -93.20137440000001,43.0482957,0 -93.2013292,43.0522625,0 -93.2013273,43.0531236,0 -93.20132120000001,43.0560319,0 -93.2013018,43.0591788,0 -93.20129209999999,43.0607396,0 -93.20128789999998,43.0614202,0 -93.20128390000002,43.0624208,0 -93.20127539999999,43.0645132,0 -93.2012666,43.0666902,0 -93.2013389,43.0703557,0 -93.20134349999999,43.0705927,0 -93.20134680000001,43.0707564,0 -93.20135450000001,43.0711497,0 -93.2013663,43.0717450999999,0 -93.20137320000001,43.0720966,0 -93.20147290000001,43.0771575,0 -93.20158449999998,43.0828186,0 -93.2015493,43.0850868,0 -93.2014037,43.0944563,0 -93.201359,43.0973316,0 -93.20134710000001,43.098986,0 -93.2014715,43.1010084,0 -93.20147679999999,43.1021843,0 -93.20146440000001,43.1030187,0 -93.2014624,43.1039951,0 -93.2014528,43.1046355,0 -93.2014448,43.1056056,0 -93.201431,43.1070562,0 -93.20133149999999,43.1084402,0 -93.2013134,43.1101959,0 -93.20129690000002,43.1117885,0 -93.20128789999998,43.1142092,0 -93.2012859,43.1147576,0 -93.20128459999999,43.1151182,0 -93.20128510000002,43.1190638,0 -93.2012771,43.1203795,0 -93.20126430000002,43.1213532,0 -93.20123549999998,43.1233146,0 -93.201193,43.1262085,0 -93.2011918,43.1262908,0 -93.20118720000001,43.126757,0 -93.20118290000001,43.1271816,0 -93.2011784,43.1276333,0 -93.20117399999999,43.1280719,0 -93.20116950000001,43.1285251,0 -93.20116490000001,43.1289861,0 -93.2011608,43.1294016,0 -93.2011562,43.129854,0 -93.2011559,43.1304439,0 -93.201154,43.1305226,0 -93.2011535,43.1305457,0 -93.2011457,43.1315418,0 -93.20114350000001,43.132293,0 -93.20114270000001,43.1325475000001,0 -93.2011388,43.1329499,0 -93.20113209999998,43.1336351,0 -93.2011169,43.1337866,0 -93.2011371,43.1342544,0 -93.201132,43.134689,0 -93.2011356,43.1351832,0 -93.2011361,43.1352457,0 -93.20113509999999,43.1353083,0 -93.20112079999998,43.1362455,0 -93.2011289,43.1372626000001,0 -93.2011212,43.1382528,0 -93.20110659999999,43.1392542,0 -93.20110940000001,43.1402655,0 -93.20111370000001,43.1408398,0 -93.2011473,43.141258,0 -93.2011502,43.1412939,0 -93.20116109999999,43.1414298,0 -93.201188,43.1417665000001,0 -93.20117619999999,43.1422391999999,0 -93.2011693,43.1426643,0 -93.201165,43.142899,0 -93.20116590000001,43.1433012,0 -93.2011669,43.143716,0 -93.2011535,43.1446631,0 -93.20112109999999,43.145865,0 -93.2011116,43.1462157,0 -93.2010866,43.147174,0 -93.20109639999998,43.1477193999999,0 -93.20116830000001,43.1480056,0 -93.2012122,43.1480482,0 -93.2012795,43.1480981000001,0 -93.20135019999998,43.1481196,0 -93.2014178,43.1481246,0 -93.20167840000001,43.1481215,0 -93.20193349999998,43.1481230000001,0 -93.20223450000002,43.1481183,0 -93.2022776,43.148118,0 -93.2027322,43.1481726000001,0 -93.2028901,43.1482375,0 -93.20301860000001,43.1483264,0 -93.2030779,43.1484225,0 -93.20311289999999,43.1485336,0 -93.2031236,43.1486707,0 -93.2029785,43.1489504,0 -93.20288600000001,43.1491439,0 -93.20277479999999,43.149377,0 -93.2027338,43.1495582,0 -93.2027104,43.1497363,0 -93.20271289999998,43.1499629,0 -93.20271219999999,43.1508944,0 -93.20271099999999,43.1518037999999,0 -93.20271250000002,43.1518876,0 -93.2027257,43.1526144,0 -93.2027274,43.1527097,0 -93.2027222,43.1536085,0 -93.20273329999999,43.1545157,0 -93.20274360000001,43.1554186,0 -93.20273440000001,43.1559213,0 -93.20268199999998,43.1560035,0 -93.2025993,43.1560884,0 -93.2024926,43.1561554,0 -93.20229919999998,43.1562225,0 -93.2019202,43.1562903,0 -93.2014661,43.1563789,0 -93.2013589,43.1564325,0 -93.2012634,43.1565092,0 -93.2012027,43.1565933,0 -93.20116710000001,43.1566649999999,0 -93.2011523,43.1567372,0 -93.20114529999999,43.1568575,0 -93.2011431,43.1572352,0 -93.2010938,43.1576818,0 -93.2010868,43.1581381,0 -93.20109100000001,43.159974,0 -93.2010982,43.1613092999999,0 -93.20108810000001,43.1621466,0 -93.2010933,43.1626981,0 -93.2011043,43.1634295,0 -93.20110409999998,43.1635821,0 -93.2011029,43.1644958,0 -93.20110239999998,43.1648649,0 -93.2011017,43.1653973000001,0 -93.2011005,43.166311,0 -93.20109859999999,43.1677136,0 -93.20109830000001,43.1679007,0 -93.2010963,43.1694551,0 -93.2010961,43.1696353,0 -93.20109429999999,43.1709442,0 -93.2010939,43.1712443,0 -93.20108869999999,43.1725066,0 -93.2010844,43.1727887,0 -93.2010799,43.1731298,0 -93.20103210000001,43.1767589,0 -93.2010294,43.1771263,0 -93.20102640000002,43.1775136,0 -93.2009975,43.1784838,0 -93.20099130000001,43.1788528,0 -93.20129319999998,43.1797763,0 -93.2018221,43.1804956,0 -93.20394059999998,43.1831196,0 -93.20607769999999,43.1857458,0 -93.20695969999998,43.1868488,0 -93.2083796,43.1885568,0 -93.20987469999999,43.1904376,0 -93.2103919,43.1911274,0 -93.21056330000002,43.1914803,0 -93.21063940000002,43.1917699,0 -93.2106682,43.1920921,0 -93.21066620000001,43.1926569,0 -93.2106661,43.1932715,0 -93.21071209999999,43.1947674,0 -93.2109267,43.1964105,0 -93.2109415,43.1965144,0 -93.2109358,43.1974435,0 -93.2109219,43.198413,0 -93.21070400000001,43.199952,0 -93.2107678,43.2053834000001,0 -93.2108552,43.212832,0 -93.21085720000001,43.2129983,0 -93.2108368,43.2137173,0 -93.21082989999999,43.2140087,0 -93.21068339999999,43.2202065,0 -93.2106818,43.22027,0 -93.2106531,43.2214076,0 -93.21064680000001,43.2216575,0 -93.2106234,43.2225856,0 -93.2105854,43.224091,0 -93.21050099999999,43.2274349,0 -93.2105777,43.2419315,0 -93.210803,43.24675,0 -93.2108221,43.2482467000001,0 -93.21083900000001,43.2495637,0 -93.21084399999999,43.249955,0 -93.21091300000001,43.255078,0 -93.21091,43.256147,0 -93.21093999999998,43.259093,0 -93.21095699999999,43.259836,0 -93.21096199999998,43.261137,0 -93.21095,43.261974,0 -93.210967,43.263436,0 -93.21097099999999,43.263877,0 -93.21096400000002,43.2652610000001,0 -93.21095500000001,43.266005,0 -93.21096900000001,43.267363,0 -93.210956,43.268808,0 -93.21096400000002,43.269602,0 -93.210992,43.27817,0 -93.21099510000001,43.2787097,0 -93.210998,43.279204,0 -93.21102380000001,43.280194,0 -93.2110158,43.2804509,0 -93.211011,43.280684,0 -93.21100910000001,43.280903,0 -93.21095849999999,43.282234,0 -93.2109518,43.2823416,0 -93.2109414,43.2826866,0 -93.21092290000001,43.2830249,0 -93.21090820000001,43.283426,0 -93.21090090000001,43.2837341,0 -93.2108992,43.284135,0 -93.21090100000002,43.2844702,0 -93.21090679999999,43.2849464,0 -93.21091510000001,43.285327,0 -93.2109476,43.286158,0 -93.2109631,43.286801,0 -93.21095500000001,43.28748,0 -93.21096,43.287616,0 -93.210982,43.288181,0 -93.210992,43.288423,0 -93.211007,43.289154,0 -93.21101499999999,43.289515,0 -93.21102,43.289758,0 -93.211054,43.290437,0 -93.2110598,43.2908123,0 -93.21106899999998,43.291408,0 -93.2110885,43.2933586,0 -93.211095,43.294006,0 -93.211101,43.294987,0 -93.21110300000001,43.2953700000001,0 -93.211118,43.296437,0 -93.211129,43.297561,0 -93.211136,43.298628,0 -93.211139,43.299034,0 -93.211117,43.3002569999999,0 -93.211105,43.306353,0 -93.21109999999999,43.306958,0 -93.21110400000001,43.307593,0 -93.211107,43.308217,0 -93.211101,43.309776,0 -93.21110899999999,43.31121,0 -93.21109999999999,43.312515,0 -93.21109099999998,43.313046,0 -93.21104000000001,43.316719,0 -93.21101899999999,43.318241,0 -93.21096499999999,43.32037,0 -93.21094100000001,43.322456,0 -93.2109,43.32492,0 -93.210893,43.326047,0 -93.21086699999999,43.327518,0 -93.210843,43.329244,0 -93.21082199999999,43.3315699999999,0 -93.210797,43.332626,0 -93.210747,43.334811,0 -93.210728,43.338251,0 -93.210658,43.34252,0 -93.210649,43.344492,0 -93.21065000000002,43.346099,0 -93.210649,43.347136,0 -93.21065129999999,43.3482853,0 -93.2106332,43.3486813,0 -93.210589,43.348985,0 -93.210582,43.349082,0 -93.210482,43.3496187,0 -93.210475,43.349656,0 -93.21047,43.349747,0 -93.210419,43.3507480000001,0 -93.210415,43.350827,0 -93.21041200000001,43.351657,0 -93.21041,43.3522,0 -93.21040199999999,43.352582,0 -93.210385,43.3534708,0 -93.2103721,43.3544,0 -93.2103632,43.3553189,0 -93.2103584,43.3562298,0 -93.21035500000001,43.356688,0 -93.21040679999999,43.3570575,0 -93.210566,43.358017,0 -93.210598,43.358572,0 -93.21059300000002,43.358823,0 -93.21058499999999,43.35926,0 -93.210582,43.361462,0 -93.210566,43.363331,0 -93.21056799999999,43.364293,0 -93.21056900000001,43.364666,0 -93.21057,43.365666,0 -93.210553,43.367965,0 -93.210548,43.369882,0 -93.21053039999998,43.3713077,0 -93.21053169999999,43.371779,0 -93.21056799999999,43.373085,0 -93.21059099999998,43.373705,0 -93.210599,43.374977,0 -93.210595,43.37501,0 -93.21059,43.375608,0 -93.210588,43.377777,0 -93.21057,43.37969,0 -93.21057100000002,43.380609,0 -93.21057,43.38342,0 -93.210548,43.3860389999999,0 -93.21055699999999,43.387151,0 -93.21054999999998,43.388378,0 -93.210542,43.390192,0 -93.210545,43.390271,0 -93.21061900000001,43.392226,0 -93.210645,43.396308,0 -93.21064320000001,43.3986659,0 -93.210643,43.3989690000001,0 -93.210643,43.399109,0 -93.21064680000001,43.3993402,0 -93.21066599999999,43.400522,0 -93.210697,43.402667,0 -93.21074799999998,43.4054200000001,0 -93.210774,43.405703,0 -93.21082299999999,43.405941,0 -93.210897,43.406245,0 -93.211035,43.406586,0 -93.21119799999998,43.40691,0 -93.21176999999999,43.407735,0 -93.21183900000001,43.407828,0 -93.213071,43.409511,0 -93.21608999999999,43.41372,0 -93.21634,43.41418,0 -93.216391,43.414274,0 -93.216499,43.414473,0 -93.21667899999998,43.414871,0 -93.21673699999999,43.415029,0 -93.216994,43.415733,0 -93.21711900000001,43.416158,0 -93.217356,43.417458,0 -93.217979,43.421572,0 -93.21803800000001,43.422035,0 -93.21808400000002,43.422462,0 -93.21812199999999,43.423313,0 -93.218126,43.423703,0 -93.218146,43.425463,0 -93.218189,43.427752,0 -93.21821900000002,43.4294881999999,0 -93.21821699999998,43.429667,0 -93.21824599999999,43.4322279,0 -93.218266,43.4332351,0 -93.2182765,43.434017,0 -93.21830800000001,43.4363747,0 -93.21830800000001,43.4365652,0 -93.2183079,43.4368783,0 -93.21834500000001,43.4398432,0 -93.21835299999999,43.4404844,0 -93.21835079999998,43.4410572,0 -93.21834990000001,43.4412782,0 -93.2183677,43.4421829999999,0 -93.2183709,43.4430973,0 -93.21837519999998,43.4435744,0 -93.21837350000001,43.4440464,0 -93.2188689,43.444051,0 -93.21959340000001,43.4440521,0 -93.22087500000001,43.444054,0 -93.22087880000001,43.4445421,0 -93.2208839,43.4451948,0 -93.22089599999998,43.44571,0 -93.220887,43.4462792,0 -93.220901,43.44705,0 -93.22089699999999,43.44738,0 -93.22089200000002,43.44787,0 -93.22089889999998,43.4484911,0 -93.2208979,43.4495868,0 -93.2208921,43.4506652,0 -93.220889,43.451073,0 -93.220912,43.452285,0 -93.22091500000001,43.452457,0 -93.220907,43.452847,0 -93.2209307,43.4533683,0 -93.2209302,43.4534392,0 -93.22093700000001,43.453963,0 -93.2209361,43.4540976999999,0 -93.22093469999999,43.4542257,0 -93.2209333,43.4542849,0 -93.22092400000001,43.454899,0 -93.22092400000001,43.455999,0 -93.220938,43.456952,0 -93.22094600000001,43.457754,0 -93.22095,43.458193,0 -93.2209541,43.4586663,0 -93.2209647,43.4598872,0 -93.22098929999999,43.4610213,0 -93.22100900000001,43.461466,0 -93.221107,43.46175,0 -93.221284,43.4621080000001,0 -93.22147,43.462398,0 -93.22161800000001,43.46259,0 -93.22207899999998,43.46298,0 -93.22323919999999,43.4638377,0 -93.223935,43.464348,0 -93.22448199999999,43.464802,0 -93.225083,43.465412,0 -93.225628,43.466022,0 -93.226196,43.466611,0 -93.22671200000001,43.467201,0 -93.22774799999999,43.4683400000001,0 -93.22825799999998,43.468916,0 -93.228797,43.469504,0 -93.229304,43.470085,0 -93.229793,43.470603,0 -93.230293,43.471174,0 -93.23090999999999,43.471825,0 -93.23140100000001,43.472347,0 -93.231881,43.472878,0 -93.232178,43.473229,0 -93.232276,43.473345,0 -93.23271800000001,43.473808,0 -93.233277,43.474414,0 -93.233828,43.47501,0 -93.23484500000002,43.476149,0 -93.236465,43.477917,0 -93.23697199999998,43.478486,0 -93.23761399999998,43.479183,0 -93.23828899999999,43.479927,0 -93.23855500000001,43.48023,0 -93.23889600000001,43.480618,0 -93.2396,43.481371,0 -93.24016000000002,43.482045,0 -93.24063199999999,43.482693,0 -93.24067900000001,43.482765,0 -93.24104800000001,43.483325,0 -93.24144999999999,43.483978,0 -93.24207699999999,43.485245,0 -93.242756,43.487094,0 -93.24302,43.487835,0 -93.24335000000001,43.488748,0 -93.24352200000001,43.48925,0 -93.24377700000001,43.489959,0 -93.24404699999999,43.490653,0 -93.2443,43.491413,0 -93.245935,43.495962,0 -93.24613200000002,43.496588,0 -93.24616400000001,43.49669,0 -93.246442,43.497379,0 -93.24688999999999,43.498598,0 -93.24712100000001,43.499266,0 -93.24722829999999,43.4994834,0 
				
					-93.24722829999999,43.4994834,0 -93.248187,43.502175,0 -93.248701,43.503676,0 -93.24950699999998,43.505937,0 -93.249858,43.507024,0 -93.25000000000001,43.5074,0 -93.25020100000002,43.508013,0 -93.25069200000002,43.509454,0 -93.25129750000001,43.5111852,0 -93.251904,43.512919,0 -93.25233699999998,43.514091,0 -93.2532736,43.5166818,0 -93.255833,43.523761,0 -93.256112,43.524749,0 -93.25622,43.525379,0 -93.25637799999998,43.526474,0 -93.25664499999999,43.5286759999999,0 -93.258037,43.539852,0 -93.258498,43.54314,0 -93.258613,43.543948,0 -93.25877300000001,43.545402,0 -93.25895699999998,43.546667,0 -93.259154,43.547344,0 -93.259317,43.547744,0 -93.25973399999998,43.548555,0 -93.260124,43.549108,0 -93.26059600000001,43.549684,0 -93.261832,43.550917,0 -93.26249900000001,43.551646,0 -93.26437040000002,43.553431,0 -93.2657452,43.5547957,0 -93.2659977,43.5550417999999,0 -93.26818400000001,43.557204,0 -93.268726,43.55773,0 -93.26904620000001,43.5580011,0 -93.26985620000001,43.5587083,0 -93.2705619,43.5593244,0 -93.27231999999999,43.5608705,0 -93.273319,43.561782,0 -93.27414,43.562492,0 -93.275835,43.563975,0 -93.27707300000002,43.565082,0 -93.2777232,43.5656685,0 -93.278032,43.565947,0 -93.27834199999999,43.5662150000001,0 -93.278693,43.56652,0 -93.27906700000001,43.566843,0 -93.28092599999998,43.568454,0 -93.281638,43.5691089999999,0 -93.282073,43.56952,0 -93.2821891,43.5696379,0 -93.28259300000001,43.5700704000001,0 -93.28330000000001,43.570855,0 -93.284031,43.571568,0 -93.284632,43.572153,0 -93.28479299999999,43.572291,0 -93.285849,43.573193,0 -93.286829,43.574032,0 -93.2877371,43.5748172,0 -93.28794430000001,43.5749754,0 -93.28827799999999,43.575307,0 -93.28872,43.57569,0 -93.28878700000001,43.575748,0 -93.288832,43.57578,0 -93.28933480000001,43.5761299,0 -93.28963400000001,43.576338,0 -93.29039,43.576808,0 -93.291214,43.577241,0 -93.29305600000001,43.57817,0 -93.295317,43.579326,0 -93.296567,43.5799579999999,0 -93.29727099999999,43.580326,0 -93.29775100000001,43.580596,0 -93.29810999999999,43.580839,0 -93.29880000000001,43.581326,0 -93.300532,43.582614,0 -93.30409300000001,43.585184,0 -93.304928,43.585797,0 -93.30504299999998,43.585881,0 -93.30621499999999,43.586742,0 -93.307277,43.587488,0 -93.30786399999998,43.587899,0 -93.310773,43.59002,0 -93.31248900000001,43.591284,0 -93.31293600000001,43.591593,0 -93.31626799999999,43.594014,0 -93.31908199999999,43.596074,0 -93.32158700000001,43.597877,0 -93.32382699999999,43.599501,0 -93.325228,43.600532,0 -93.32861910000001,43.6029885,0 -93.329347,43.603511,0 -93.32971300000001,43.603782,0 -93.330941,43.604691,0 -93.33141999999999,43.605041,0 -93.33280099999999,43.606049,0 -93.333168,43.606386,0 -93.33470800000001,43.607528,0 -93.33520969999999,43.6078687,0 -93.33571300000001,43.608241,0 -93.335876,43.608357,0 -93.33631,43.608632,0 -93.33746799999999,43.609365,0 -93.33852100000001,43.61005,0 -93.3397836,43.6107853,0 -93.3398713,43.6108318,0 -93.34046600000001,43.61113,0 -93.34128899999999,43.611537,0 -93.34157199999999,43.611686,0 -93.343022,43.612455,0 -93.34418220000001,43.6132206,0 -93.34422499999999,43.613264,0 -93.34429799999999,43.613327,0 -93.344774,43.613737,0 -93.34535099999999,43.614324,0 -93.345724,43.614855,0 -93.345973,43.615219,0 -93.345986,43.615243,0 -93.346222,43.61566,0 -93.346445,43.616101,0 -93.34678600000001,43.617074,0 -93.346985,43.61804,0 -93.3472335,43.6190524,0 -93.34725399999999,43.619403,0 -93.34754399999998,43.620526,0 -93.34796499999999,43.621526,0 -93.34830599999999,43.622159,0 -93.348815,43.62283,0 -93.349784,43.623964,0 -93.35072900000002,43.62501,0 -93.351444,43.6257739999999,0 -93.35260399999999,43.62709,0 -93.353328,43.627813,0 -93.353989,43.628376,0 -93.354052,43.62843,0 -93.35472040000001,43.6288974,0 -93.3555724,43.6294385,0 -93.3559212,43.6296259,0 -93.35727009999999,43.6302648,0 -93.3585085,43.6308714,0 -93.35869700000001,43.6309637,0 -93.35913170000001,43.6311615,0 -93.36016950000001,43.6316335,0 -93.36118879999999,43.6320839,0 -93.36165010000001,43.6323033000001,0 -93.3619908,43.6324838,0 -93.36243869999998,43.6327517,0 -93.3628598,43.6330215,0 -93.3633968,43.6334029,0 -93.36352609999999,43.6334948,0 -93.363913,43.6337696,0 -93.3641607,43.6339456,0 -93.36570829999999,43.6350715,0 -93.36642980000001,43.6355957000001,0 -93.3673203,43.6362266,0 -93.36794529999999,43.6367099,0 -93.36812759999999,43.6368905,0 -93.3682376,43.6370322,0 -93.36833949999999,43.6371797,0 -93.3684763,43.6374418,0 -93.3685917,43.6377815,0 -93.36867700000001,43.6380481,0 -93.36867000000001,43.63904,0 -93.36867100000001,43.640472,0 -93.368672,43.641724,0 -93.368678,43.642999,0 -93.36870269999999,43.644083,0 -93.3687036,43.6447838,0 -93.3687006,43.6448275,0 -93.36869,43.645026,0 -93.36869320000001,43.6452908,0 -93.3687012,43.645957,0 -93.3687108,43.6464323,0 -93.36871989999999,43.646878,0 -93.36871400000001,43.647698,0 -93.36871339999999,43.6477819,0 -93.3687161,43.6478984,0 -93.3685246,43.6478971,0 -93.368207,43.647895,0 -93.3673933,43.64791,0 -93.3669728,43.6479118,0 -93.36686619999999,43.6479134,0 -93.3667414,43.6479223,0 -93.3666109,43.6479317,0 -93.3664545,43.6479487,0 -93.3662702,43.6479744,0 -93.366118,43.6479977,0 -93.36569799999999,43.64808,0 -93.36541870000002,43.6481661,0 -93.365218,43.648228,0 -93.36485399999999,43.648351,0 -93.364564,43.648448,0 -93.363938,43.648688,0 -93.363681,43.64882,0 -93.36323849999999,43.649057,0 -93.3628721,43.6492533,0 -93.362854,43.649263,0 -93.36215129999999,43.6497596,0 -93.3618987,43.6499564,0 -93.36152090000002,43.6502259,0 -93.36135520000001,43.6503463,0 -93.36097330000001,43.6506174000001,0 -93.36055260000001,43.6509049,0 -93.3601572,43.6512086,0 -93.3599177,43.6513926000001,0 -93.3595825,43.6516365,0 -93.35947040000002,43.6517094,0 -93.359251,43.651846,0 -93.3591393,43.6519105,0 -93.3587843,43.6521115,0 -93.3586286,43.6521695,0 -93.35846290000001,43.6522237,0 -93.35828309999999,43.6522769,0 -93.35812,43.6523169,0 -93.35797340000002,43.6523443,0 -93.3578073,43.6523692,0 -93.35764880000002,43.6523891,0 -93.3574737,43.6524011,0 -93.3572727,43.652407,0 -93.3567769,43.6523842,0 -93.3560207,43.6523395,0 -93.3553259,43.6522963,0 -93.3548545,43.6522742,0 -93.354219,43.6522579,0 -93.35365090000001,43.6522432,0 -93.3530715,43.6522399,0 -93.3524939,43.6522396,0 -93.3519191,43.6522407,0 -93.351338,43.6522441,0 -93.35074499999999,43.652245,0 -93.3501765,43.6522495,0 -93.3495872,43.6522562,0 -93.3485443,43.6522502,0 -93.34737060000002,43.6522996,0 -93.34699720000002,43.6523347,0 -93.34653779999999,43.6523772,0 -93.3460552,43.6524282,0 -93.34547019999999,43.6525231,0 -93.34479330000002,43.6526685,0 -93.3444384,43.6527591,0 -93.3439583,43.6528872,0 -93.34350900000001,43.6530337,0 -93.34305709999998,43.6531927999999,0 -93.3426319,43.6533578,0 -93.34199120000001,43.6536143,0 -93.34040779999998,43.6543199,0 -93.33825990000001,43.6552621,0 -93.33747809999998,43.6556333,0 -93.33703,43.6558686,0 -93.3366415,43.6560864,0 -93.33630930000001,43.6562934,0 -93.33603909999999,43.6564838,0 -93.33578610000001,43.6566804,0 -93.33540120000001,43.6570137,0 -93.3350356,43.657321,0 -93.3346811,43.6576473,0 -93.33408559999998,43.6581763,0 -93.33371320000001,43.6585312,0 -93.33347310000001,43.6587509,0 -93.3331725,43.6590168,0 -93.3326795,43.6594572,0 -93.3324013,43.6597111,0 -93.3321617,43.6599574,0 -93.3319946,43.6601600999999,0 -93.3318347,43.6603867,0 -93.331706,43.6606038,0 -93.33156030000002,43.6608882,0 -93.33141210000001,43.6612178,0 -93.331362,43.6613293,0 -93.33122280000001,43.6616381,0 -93.33103820000001,43.6620715,0 -93.33087710000001,43.6624708,0 -93.3306472,43.6629844,0 -93.3304905,43.6632836,0 -93.33032799999999,43.663569,0 -93.3300813,43.6639591,0 -93.32990669999998,43.6642031,0 -93.3297149,43.6644460999999,0 -93.3295057,43.6646892,0 -93.3293221,43.6648914,0 -93.32912619999999,43.6650893,0 -93.32880269999998,43.6654031,0 -93.32869909999999,43.6654972,0 -93.3277171,43.6663985,0 -93.32738719999999,43.6666997,0 -93.3272687,43.6668078,0 -93.32683010000001,43.667208,0 -93.3265839,43.6674438,0 -93.3263245,43.667709,0 -93.3260938,43.667977,0 -93.325903,43.6682109,0 -93.32571420000001,43.6684663,0 -93.3255522,43.6687073,0 -93.32539869999999,43.6689465,0 -93.3252306,43.6692504,0 -93.3250867,43.6695357,0 -93.32495980000002,43.6698363,0 -93.32484139999998,43.6701511,0 -93.32469879999999,43.6705523,0 -93.32425890000002,43.6718086,0 -93.32400319999999,43.6725609,0 -93.3237531,43.6732676,0 -93.3235936,43.6737416,0 -93.3230533,43.6753421,0 
				</coordinates>
			</LineString>
		<atom:link rel="app" href="https://www.google.com/earth/about/versions/#earth-pro" title="Google Earth Pro 7.3.6.10201"></atom:link>
	</Placemark>
</Document>
</kml>
