{
"type": "FeatureCollection",
"name": "US.221A",
"crs": { "type": "name", "properties": { "name": "urn:ogc:def:crs:OGC:1.3:CRS84" } },
"features": [
{ "type": "Feature", "properties": { "NAME": "Rutherford", "STUSPS": "NC" }, "geometry": { "type": "MultiPolygon", "coordinates": [ [ [ [ -82.155201, 35.520489 ], [ -82.155032, 35.520397 ], [ -82.154918, 35.52034 ], [ -82.154628, 35.520184 ], [ -82.154339, 35.520029 ], [ -82.154049, 35.519873 ], [ -82.153759, 35.519717 ], [ -82.153469, 35.519561 ], [ -82.15318, 35.519405 ], [ -82.15289, 35.519249 ], [ -82.1526, 35.519094 ], [ -82.15231, 35.518938 ], [ -82.15201, 35.518779 ], [ -82.15171, 35.518621 ], [ -82.15141, 35.518462 ], [ -82.15111, 35.518304 ], [ -82.150809, 35.518145 ], [ -82.150641, 35.518056 ], [ -82.150538, 35.518002 ], [ -82.146205, 35.519091 ], [ -82.140652, 35.520489 ], [ -82.140078, 35.520636 ], [ -82.139553, 35.520765 ], [ -82.139217, 35.520847 ], [ -82.138881, 35.52093 ], [ -82.138547, 35.521012 ], [ -82.13821, 35.521095 ], [ -82.137875, 35.521178 ], [ -82.137539, 35.52126 ], [ -82.137204, 35.521343 ], [ -82.136868, 35.521425 ], [ -82.136533, 35.521508 ], [ -82.136197, 35.52159 ], [ -82.135861, 35.521673 ], [ -82.135526, 35.521755 ], [ -82.13519, 35.521838 ], [ -82.134855, 35.52192 ], [ -82.134519, 35.522003 ], [ -82.134182, 35.522086 ], [ -82.133848, 35.522168 ], [ -82.133513, 35.522251 ], [ -82.133177, 35.522333 ], [ -82.13285, 35.522416 ], [ -82.132522, 35.522499 ], [ -82.132195, 35.522583 ], [ -82.131868, 35.522666 ], [ -82.13154, 35.522749 ], [ -82.131213, 35.522832 ], [ -82.130886, 35.522915 ], [ -82.130556, 35.522995 ], [ -82.130231, 35.523082 ], [ -82.129904, 35.523165 ], [ -82.129576, 35.523248 ], [ -82.129249, 35.523331 ], [ -82.128922, 35.523414 ], [ -82.128775, 35.523452 ], [ -82.128594, 35.523498 ], [ -82.128267, 35.523581 ], [ -82.12794, 35.523664 ], [ -82.127742, 35.523714 ], [ -82.127612, 35.523747 ], [ -82.127285, 35.52383 ], [ -82.126957, 35.523913 ], [ -82.126635, 35.523993 ], [ -82.126313, 35.524074 ], [ -82.125991, 35.524154 ], [ -82.125669, 35.524234 ], [ -82.125347, 35.524314 ], [ -82.125025, 35.524394 ], [ -82.124703, 35.524474 ], [ -82.124381, 35.524554 ], [ -82.124054, 35.524635 ], [ -82.123737, 35.524714 ], [ -82.123415, 35.524794 ], [ -82.123093, 35.524874 ], [ -82.122771, 35.524954 ], [ -82.122444, 35.525036 ], [ -82.122127, 35.525114 ], [ -82.121805, 35.525195 ], [ -82.121483, 35.525275 ], [ -82.121161, 35.525355 ], [ -82.120839, 35.525435 ], [ -82.120517, 35.525515 ], [ -82.120195, 35.525595 ], [ -82.119873, 35.525675 ], [ -82.119551, 35.525755 ], [ -82.119229, 35.525835 ], [ -82.118907, 35.525915 ], [ -82.118758, 35.525952 ], [ -82.118585, 35.525995 ], [ -82.118263, 35.526075 ], [ -82.117618, 35.526235 ], [ -82.117296, 35.526315 ], [ -82.116974, 35.526395 ], [ -82.116652, 35.526475 ], [ -82.11633, 35.526556 ], [ -82.116008, 35.526636 ], [ -82.115686, 35.526716 ], [ -82.115364, 35.526796 ], [ -82.115042, 35.526876 ], [ -82.114714, 35.526957 ], [ -82.114398, 35.527036 ], [ -82.114076, 35.527116 ], [ -82.113754, 35.527196 ], [ -82.113432, 35.527276 ], [ -82.11311, 35.527356 ], [ -82.112788, 35.527436 ], [ -82.112466, 35.527516 ], [ -82.112144, 35.527596 ], [ -82.111822, 35.527676 ], [ -82.111496, 35.527757 ], [ -82.111177, 35.527836 ], [ -82.110862, 35.527915 ], [ -82.110533, 35.527996 ], [ -82.110211, 35.528076 ], [ -82.109889, 35.528156 ], [ -82.109567, 35.528236 ], [ -82.109249, 35.528315 ], [ -82.108923, 35.528396 ], [ -82.108601, 35.528477 ], [ -82.108279, 35.528557 ], [ -82.107957, 35.528637 ], [ -82.107635, 35.528717 ], [ -82.107313, 35.528797 ], [ -82.106991, 35.528877 ], [ -82.106669, 35.528957 ], [ -82.106347, 35.529037 ], [ -82.106024, 35.529117 ], [ -82.105702, 35.529197 ], [ -82.10538, 35.529277 ], [ -82.105058, 35.529357 ], [ -82.104736, 35.529437 ], [ -82.104414, 35.529517 ], [ -82.104092, 35.529597 ], [ -82.10377, 35.529677 ], [ -82.103448, 35.529757 ], [ -82.103126, 35.529837 ], [ -82.102804, 35.529917 ], [ -82.102482, 35.529997 ], [ -82.10216, 35.530077 ], [ -82.101838, 35.530157 ], [ -82.101515, 35.530237 ], [ -82.101193, 35.530317 ], [ -82.100871, 35.530397 ], [ -82.100549, 35.530477 ], [ -82.100227, 35.530557 ], [ -82.099905, 35.530637 ], [ -82.099583, 35.530717 ], [ -82.099261, 35.530797 ], [ -82.098941, 35.530877 ], [ -82.098617, 35.530957 ], [ -82.098295, 35.531037 ], [ -82.097973, 35.531117 ], [ -82.097651, 35.531197 ], [ -82.097328, 35.531277 ], [ -82.097006, 35.531357 ], [ -82.096684, 35.531437 ], [ -82.096362, 35.531517 ], [ -82.096215, 35.531554 ], [ -82.096151, 35.53157 ], [ -82.09604, 35.531597 ], [ -82.096009, 35.531603 ], [ -82.095848, 35.531644 ], [ -82.095766, 35.531666 ], [ -82.095358, 35.53172 ], [ -82.095195, 35.531742 ], [ -82.093641, 35.531951 ], [ -82.093367, 35.531987 ], [ -82.093031, 35.532031 ], [ -82.092696, 35.532075 ], [ -82.09236, 35.532119 ], [ -82.092024, 35.532163 ], [ -82.091688, 35.532208 ], [ -82.091352, 35.532252 ], [ -82.091017, 35.532296 ], [ -82.090681, 35.53234 ], [ -82.090345, 35.532384 ], [ -82.090009, 35.532429 ], [ -82.089679, 35.532472 ], [ -82.089337, 35.532517 ], [ -82.089002, 35.532561 ], [ -82.088666, 35.532605 ], [ -82.08833, 35.532649 ], [ -82.087994, 35.532694 ], [ -82.087658, 35.532738 ], [ -82.087323, 35.532782 ], [ -82.086987, 35.532826 ], [ -82.086651, 35.53287 ], [ -82.086455, 35.532896 ], [ -82.086315, 35.532915 ], [ -82.085979, 35.532959 ], [ -82.085643, 35.533003 ], [ -82.085435, 35.53303 ], [ -82.085308, 35.533047 ], [ -82.084972, 35.533091 ], [ -82.084636, 35.533135 ], [ -82.0843, 35.53318 ], [ -82.083964, 35.533224 ], [ -82.083628, 35.533268 ], [ -82.083293, 35.533312 ], [ -82.083245, 35.533318 ], [ -82.083003, 35.53335 ], [ -82.082957, 35.533356 ], [ -82.082621, 35.533401 ], [ -82.082284, 35.533395 ], [ -82.081947, 35.53339 ], [ -82.08178, 35.533387 ], [ -82.08161, 35.533384 ], [ -82.081273, 35.533379 ], [ -82.080937, 35.533373 ], [ -82.0806, 35.533368 ], [ -82.080263, 35.533363 ], [ -82.079926, 35.533357 ], [ -82.079589, 35.533352 ], [ -82.079252, 35.533346 ], [ -82.07893, 35.533341 ], [ -82.078578, 35.533335 ], [ -82.078242, 35.53333 ], [ -82.077905, 35.533324 ], [ -82.077568, 35.533319 ], [ -82.077231, 35.533314 ], [ -82.076894, 35.533308 ], [ -82.076657, 35.533304 ], [ -82.076557, 35.533303 ], [ -82.07622, 35.533297 ], [ -82.075883, 35.533292 ], [ -82.075547, 35.533286 ], [ -82.075215, 35.533281 ], [ -82.074873, 35.533275 ], [ -82.074536, 35.53327 ], [ -82.074199, 35.533265 ], [ -82.073862, 35.533259 ], [ -82.073525, 35.533254 ], [ -82.073188, 35.533248 ], [ -82.072851, 35.533243 ], [ -82.072515, 35.533237 ], [ -82.072178, 35.533232 ], [ -82.071841, 35.533226 ], [ -82.071504, 35.533221 ], [ -82.071167, 35.533215 ], [ -82.070835, 35.53321 ], [ -82.070493, 35.533205 ], [ -82.070156, 35.533199 ], [ -82.06982, 35.533194 ], [ -82.069483, 35.533188 ], [ -82.069146, 35.533183 ], [ -82.068809, 35.533177 ], [ -82.068472, 35.533172 ], [ -82.068135, 35.533166 ], [ -82.067798, 35.533161 ], [ -82.067461, 35.533155 ], [ -82.067125, 35.53315 ], [ -82.066788, 35.533144 ], [ -82.066451, 35.533139 ], [ -82.066123, 35.533134 ], [ -82.065777, 35.533128 ], [ -82.06544, 35.533123 ], [ -82.065103, 35.533117 ], [ -82.064766, 35.533112 ], [ -82.06443, 35.533106 ], [ -82.064093, 35.533101 ], [ -82.063756, 35.533095 ], [ -82.063419, 35.53309 ], [ -82.06331, 35.533088 ], [ -82.063082, 35.533084 ], [ -82.062745, 35.533078 ], [ -82.062413, 35.533073 ], [ -82.062071, 35.533067 ], [ -82.061734, 35.533062 ], [ -82.061397, 35.533056 ], [ -82.06106, 35.533051 ], [ -82.060723, 35.533045 ], [ -82.060386, 35.53304 ], [ -82.06005, 35.533034 ], [ -82.059713, 35.533029 ], [ -82.059376, 35.533023 ], [ -82.059039, 35.533018 ], [ -82.058702, 35.533012 ], [ -82.058365, 35.533007 ], [ -82.058028, 35.533001 ], [ -82.057698, 35.532997 ], [ -82.057355, 35.53299 ], [ -82.057018, 35.532985 ], [ -82.056681, 35.532979 ], [ -82.056344, 35.532974 ], [ -82.056007, 35.532968 ], [ -82.05567, 35.532963 ], [ -82.055333, 35.532957 ], [ -82.054996, 35.532952 ], [ -82.05466, 35.532946 ], [ -82.054323, 35.532941 ], [ -82.054008, 35.532936 ], [ -82.053649, 35.53293 ], [ -82.053312, 35.532924 ], [ -82.052975, 35.532919 ], [ -82.052638, 35.532913 ], [ -82.052301, 35.532908 ], [ -82.051965, 35.532902 ], [ -82.051628, 35.532897 ], [ -82.051291, 35.532891 ], [ -82.050954, 35.532886 ], [ -82.050617, 35.53288 ], [ -82.05028, 35.532875 ], [ -82.049943, 35.532869 ], [ -82.049606, 35.532864 ], [ -82.04927, 35.532858 ], [ -82.048933, 35.532853 ], [ -82.048596, 35.532847 ], [ -82.048259, 35.532842 ], [ -82.047922, 35.532836 ], [ -82.047585, 35.532831 ], [ -82.047248, 35.532825 ], [ -82.046911, 35.53282 ], [ -82.046575, 35.532814 ], [ -82.046275, 35.53281 ], [ -82.045901, 35.532803 ], [ -82.045564, 35.532798 ], [ -82.045227, 35.532792 ], [ -82.04489, 35.532786 ], [ -82.044553, 35.532781 ], [ -82.044216, 35.532775 ], [ -82.043918, 35.532771 ], [ -82.043543, 35.532764 ], [ -82.043234, 35.53276 ], [ -82.042869, 35.532753 ], [ -82.042532, 35.532748 ], [ -82.042195, 35.532742 ], [ -82.041866, 35.532737 ], [ -82.041521, 35.532731 ], [ -82.041193, 35.532726 ], [ -82.040848, 35.53272 ], [ -82.040511, 35.532714 ], [ -82.040174, 35.532709 ], [ -82.039843, 35.532704 ], [ -82.039497, 35.532798 ], [ -82.039157, 35.532892 ], [ -82.038818, 35.532986 ], [ -82.038478, 35.53308 ], [ -82.038156, 35.53317 ], [ -82.037798, 35.533269 ], [ -82.037459, 35.533363 ], [ -82.037119, 35.533457 ], [ -82.036779, 35.533551 ], [ -82.03645, 35.533643 ], [ -82.036099, 35.53374 ], [ -82.03576, 35.533834 ], [ -82.03542, 35.533928 ], [ -82.035062, 35.534032 ], [ -82.034703, 35.534135 ], [ -82.034351, 35.534237 ], [ -82.033987, 35.534342 ], [ -82.033628, 35.534446 ], [ -82.03327, 35.534549 ], [ -82.032912, 35.534653 ], [ -82.032593, 35.534757 ], [ -82.032275, 35.534861 ], [ -82.031956, 35.534965 ], [ -82.031637, 35.535069 ], [ -82.031319, 35.535172 ], [ -82.031, 35.535276 ], [ -82.030681, 35.53538 ], [ -82.030363, 35.535484 ], [ -82.030044, 35.535588 ], [ -82.029726, 35.535692 ], [ -82.029407, 35.535796 ], [ -82.029088, 35.5359 ], [ -82.028851, 35.535978 ], [ -82.02877, 35.536004 ], [ -82.028442, 35.536109 ], [ -82.028113, 35.536213 ], [ -82.027785, 35.536317 ], [ -82.027456, 35.536422 ], [ -82.027128, 35.536526 ], [ -82.026799, 35.53663 ], [ -82.026494, 35.536736 ], [ -82.026142, 35.536839 ], [ -82.025814, 35.536943 ], [ -82.025485, 35.537048 ], [ -82.025157, 35.537152 ], [ -82.024828, 35.537256 ], [ -82.0245, 35.537361 ], [ -82.024297, 35.537405 ], [ -82.024042, 35.537388 ], [ -82.023807, 35.537278 ], [ -82.023383, 35.537333 ], [ -82.023078, 35.537262 ], [ -82.022621, 35.537243 ], [ -82.022509, 35.537239 ], [ -82.022341, 35.537276 ], [ -82.022132, 35.537321 ], [ -82.022059, 35.537365 ], [ -82.021976, 35.537477 ], [ -82.021884, 35.537602 ], [ -82.021708, 35.537838 ], [ -82.021197, 35.53831 ], [ -82.021009, 35.538393 ], [ -82.020922, 35.538459 ], [ -82.020841, 35.538579 ], [ -82.02079, 35.538953 ], [ -82.02074, 35.539327 ], [ -82.020692, 35.539481 ], [ -82.020464, 35.53969 ], [ -82.020239, 35.539895 ], [ -82.020006, 35.540107 ], [ -82.019845, 35.54035 ], [ -82.019778, 35.540596 ], [ -82.019751, 35.540806 ], [ -82.019743, 35.541344 ], [ -82.019676, 35.541537 ], [ -82.019279, 35.54175 ], [ -82.018943, 35.541789 ], [ -82.018547, 35.541899 ], [ -82.018345, 35.541975 ], [ -82.018176, 35.542019 ], [ -82.018042, 35.542019 ], [ -82.017947, 35.542041 ], [ -82.017846, 35.542102 ], [ -82.017477, 35.542167 ], [ -82.017222, 35.542261 ], [ -82.017147, 35.542315 ], [ -82.016966, 35.542371 ], [ -82.016609, 35.54264 ], [ -82.016253, 35.542909 ], [ -82.016037, 35.543225 ], [ -82.015822, 35.543541 ], [ -82.01566, 35.543822 ], [ -82.015499, 35.544104 ], [ -82.015337, 35.544385 ], [ -82.015176, 35.544666 ], [ -82.015018, 35.544941 ], [ -82.0149, 35.545178 ], [ -82.014691, 35.545426 ], [ -82.014442, 35.545821 ], [ -82.014071, 35.546222 ], [ -82.013782, 35.546486 ], [ -82.013493, 35.54675 ], [ -82.013278, 35.547123 ], [ -82.013204, 35.547305 ], [ -82.013096, 35.547453 ], [ -82.013056, 35.547596 ], [ -82.012995, 35.547706 ], [ -82.01286, 35.547805 ], [ -82.012611, 35.54792 ], [ -82.01233, 35.547975 ], [ -82.011978, 35.548081 ], [ -82.011627, 35.548187 ], [ -82.011275, 35.548292 ], [ -82.010924, 35.548398 ], [ -82.010726, 35.548443 ], [ -82.010345, 35.548529 ], [ -82.009938, 35.548634 ], [ -82.009531, 35.548738 ], [ -82.009297, 35.548835 ], [ -82.009162, 35.548892 ], [ -82.008839, 35.549003 ], [ -82.008516, 35.549113 ], [ -82.008193, 35.549224 ], [ -82.00787, 35.549335 ], [ -82.007547, 35.549446 ], [ -82.007426, 35.549501 ], [ -82.007008, 35.549597 ], [ -82.006584, 35.549693 ], [ -82.00608, 35.549704 ], [ -82.005643, 35.549775 ], [ -82.005469, 35.549852 ], [ -82.005065, 35.550187 ], [ -82.004627, 35.550484 ], [ -82.004484, 35.55056 ], [ -82.004469, 35.550571 ], [ -82.004418, 35.550643 ], [ -82.004311, 35.550703 ], [ -82.004183, 35.550819 ], [ -82.004043, 35.550895 ], [ -82.003821, 35.551016 ], [ -82.003686, 35.551164 ], [ -82.003642, 35.5512 ], [ -82.002851, 35.551802 ], [ -82.002839, 35.551809 ], [ -82.002806, 35.551831 ], [ -82.002795, 35.551839 ], [ -82.002783, 35.551847 ], [ -82.002733, 35.551811 ], [ -82.002525, 35.551662 ], [ -82.002253, 35.551467 ], [ -82.00198, 35.551272 ], [ -82.001708, 35.551076 ], [ -82.001436, 35.550881 ], [ -82.001163, 35.550686 ], [ -82.000891, 35.550491 ], [ -82.000619, 35.550296 ], [ -82.000346, 35.5501 ], [ -82.000074, 35.549905 ], [ -81.999802, 35.54971 ], [ -81.999397, 35.54945 ], [ -81.999392, 35.549425 ], [ -81.999307, 35.549058 ], [ -81.999138, 35.548317 ], [ -81.999036, 35.548223 ], [ -81.998974, 35.548165 ], [ -81.998893, 35.5481 ], [ -81.99862, 35.547849 ], [ -81.998347, 35.547598 ], [ -81.998075, 35.547347 ], [ -81.997802, 35.547096 ], [ -81.997563, 35.546879 ], [ -81.997324, 35.546662 ], [ -81.99729, 35.54663 ], [ -81.997086, 35.546445 ], [ -81.996847, 35.546227 ], [ -81.996607, 35.546014 ], [ -81.996369, 35.545793 ], [ -81.99613, 35.545576 ], [ -81.995894, 35.545362 ], [ -81.995652, 35.545142 ], [ -81.995413, 35.544925 ], [ -81.995133, 35.544663 ], [ -81.994852, 35.544402 ], [ -81.994572, 35.54414 ], [ -81.994457, 35.544041 ], [ -81.994131, 35.543847 ], [ -81.993805, 35.543654 ], [ -81.993627, 35.543549 ], [ -81.993479, 35.54346 ], [ -81.993152, 35.543267 ], [ -81.992815, 35.543052 ], [ -81.992504, 35.542901 ], [ -81.992192, 35.542749 ], [ -81.99188, 35.542597 ], [ -81.991568, 35.542445 ], [ -81.991256, 35.542293 ], [ -81.990944, 35.542142 ], [ -81.990632, 35.54199 ], [ -81.990321, 35.541838 ], [ -81.990305, 35.541831 ], [ -81.990009, 35.541686 ], [ -81.989697, 35.541535 ], [ -81.989385, 35.541383 ], [ -81.98905, 35.541413 ], [ -81.988918, 35.541425 ], [ -81.988716, 35.541443 ], [ -81.988381, 35.541473 ], [ -81.988046, 35.541503 ], [ -81.987728, 35.541531 ], [ -81.987615, 35.541398 ], [ -81.986831, 35.540467 ], [ -81.986785, 35.540412 ], [ -81.986252, 35.540709 ], [ -81.986007, 35.540449 ], [ -81.985763, 35.540189 ], [ -81.985518, 35.539929 ], [ -81.985539, 35.539901 ], [ -81.985724, 35.539646 ], [ -81.985789, 35.539558 ], [ -81.98593, 35.539364 ], [ -81.986136, 35.539081 ], [ -81.98616, 35.538746 ], [ -81.986185, 35.538411 ], [ -81.986209, 35.538076 ], [ -81.985957, 35.537774 ], [ -81.985709, 35.537477 ], [ -81.985565, 35.537303 ], [ -81.985422, 35.537252 ], [ -81.98508, 35.5371 ], [ -81.984738, 35.536948 ], [ -81.984397, 35.536797 ], [ -81.984055, 35.536645 ], [ -81.983714, 35.536494 ], [ -81.983707, 35.536486 ], [ -81.983549, 35.536306 ], [ -81.98346, 35.536218 ], [ -81.983215, 35.535926 ], [ -81.982966, 35.535642 ], [ -81.9829, 35.535538 ], [ -81.982792, 35.535263 ], [ -81.982751, 35.535175 ], [ -81.982723, 35.535102 ], [ -81.982446, 35.534917 ], [ -81.982166, 35.534726 ], [ -81.981889, 35.534541 ], [ -81.981607, 35.534353 ], [ -81.981328, 35.534167 ], [ -81.981048, 35.533981 ], [ -81.980769, 35.533794 ], [ -81.980489, 35.533608 ], [ -81.98021, 35.533422 ], [ -81.97993, 35.533235 ], [ -81.979651, 35.533049 ], [ -81.979435, 35.532923 ], [ -81.979415, 35.532841 ], [ -81.979289, 35.532581 ], [ -81.979163, 35.532321 ], [ -81.979038, 35.53206 ], [ -81.978984, 35.531912 ], [ -81.978923, 35.531808 ], [ -81.978708, 35.531539 ], [ -81.978493, 35.531269 ], [ -81.978277, 35.531 ], [ -81.978062, 35.53073 ], [ -81.978002, 35.530637 ], [ -81.977524, 35.530407 ], [ -81.977155, 35.530236 ], [ -81.976757, 35.529819 ], [ -81.976561, 35.529626 ], [ -81.976489, 35.529533 ], [ -81.976038, 35.529632 ], [ -81.975588, 35.529732 ], [ -81.975286, 35.529587 ], [ -81.974984, 35.529443 ], [ -81.974682, 35.529299 ], [ -81.97438, 35.529155 ], [ -81.974078, 35.52901 ], [ -81.973776, 35.528866 ], [ -81.973474, 35.528722 ], [ -81.973172, 35.528578 ], [ -81.972971, 35.528481 ], [ -81.97287, 35.528433 ], [ -81.972568, 35.528289 ], [ -81.972266, 35.528145 ], [ -81.971964, 35.528001 ], [ -81.971893, 35.527967 ], [ -81.971359, 35.527712 ], [ -81.971057, 35.527568 ], [ -81.970755, 35.527423 ], [ -81.970453, 35.527279 ], [ -81.970151, 35.527135 ], [ -81.969849, 35.526991 ], [ -81.969547, 35.526846 ], [ -81.969317, 35.526739 ], [ -81.969245, 35.526702 ], [ -81.968941, 35.52656 ], [ -81.968638, 35.526417 ], [ -81.9683, 35.526278 ], [ -81.967952, 35.526139 ], [ -81.967619, 35.526007 ], [ -81.967219, 35.526073 ], [ -81.966819, 35.526139 ], [ -81.966439, 35.526207 ], [ -81.966053, 35.526267 ], [ -81.965677, 35.526344 ], [ -81.965297, 35.526412 ], [ -81.964916, 35.526481 ], [ -81.96458, 35.526536 ], [ -81.964244, 35.526592 ], [ -81.963908, 35.526648 ], [ -81.963572, 35.526703 ], [ -81.963236, 35.526759 ], [ -81.9629, 35.526815 ], [ -81.962564, 35.52687 ], [ -81.962228, 35.526926 ], [ -81.961891, 35.526982 ], [ -81.961562, 35.527042 ], [ -81.961233, 35.527102 ], [ -81.961083, 35.52713 ], [ -81.960903, 35.527163 ], [ -81.960542, 35.527224 ], [ -81.96018, 35.527286 ], [ -81.959818, 35.527348 ], [ -81.959456, 35.527409 ], [ -81.959095, 35.527471 ], [ -81.958725, 35.527534 ], [ -81.958355, 35.527598 ], [ -81.957985, 35.527661 ], [ -81.957615, 35.527724 ], [ -81.957326, 35.527774 ], [ -81.957104, 35.527857 ], [ -81.956776, 35.527969 ], [ -81.956447, 35.528081 ], [ -81.956119, 35.528194 ], [ -81.95579, 35.528306 ], [ -81.955462, 35.528418 ], [ -81.955133, 35.528531 ], [ -81.954805, 35.528643 ], [ -81.954467, 35.528758 ], [ -81.954129, 35.528874 ], [ -81.953791, 35.528989 ], [ -81.953453, 35.529105 ], [ -81.953115, 35.52922 ], [ -81.952777, 35.529335 ], [ -81.952439, 35.529451 ], [ -81.952089, 35.52957 ], [ -81.951739, 35.529689 ], [ -81.95139, 35.529808 ], [ -81.951067, 35.529919 ], [ -81.950744, 35.53003 ], [ -81.950421, 35.530141 ], [ -81.950099, 35.530252 ], [ -81.949776, 35.530363 ], [ -81.949453, 35.530474 ], [ -81.949131, 35.530585 ], [ -81.948808, 35.530696 ], [ -81.948485, 35.530807 ], [ -81.948163, 35.530917 ], [ -81.94784, 35.531028 ], [ -81.947517, 35.531139 ], [ -81.947194, 35.53125 ], [ -81.946872, 35.531361 ], [ -81.946549, 35.531472 ], [ -81.946226, 35.531583 ], [ -81.945904, 35.531694 ], [ -81.945774, 35.531738 ], [ -81.945579, 35.531804 ], [ -81.945254, 35.531914 ], [ -81.94493, 35.532024 ], [ -81.944606, 35.532134 ], [ -81.944282, 35.532244 ], [ -81.943957, 35.532353 ], [ -81.943633, 35.532463 ], [ -81.943309, 35.532573 ], [ -81.942985, 35.532683 ], [ -81.94266, 35.532793 ], [ -81.942336, 35.532903 ], [ -81.942012, 35.533013 ], [ -81.941688, 35.533123 ], [ -81.941368, 35.533234 ], [ -81.941048, 35.533345 ], [ -81.940734, 35.533454 ], [ -81.940408, 35.533566 ], [ -81.940088, 35.533677 ], [ -81.939768, 35.533787 ], [ -81.939449, 35.533898 ], [ -81.939096, 35.534018 ], [ -81.938744, 35.534138 ], [ -81.938392, 35.534258 ], [ -81.93804, 35.534377 ], [ -81.937687, 35.534497 ], [ -81.937367, 35.534608 ], [ -81.937035, 35.534722 ], [ -81.936709, 35.534835 ], [ -81.936383, 35.534948 ], [ -81.936057, 35.53506 ], [ -81.935731, 35.535173 ], [ -81.935404, 35.535286 ], [ -81.935078, 35.535398 ], [ -81.934752, 35.535511 ], [ -81.934426, 35.535624 ], [ -81.9341, 35.535736 ], [ -81.933774, 35.535849 ], [ -81.933448, 35.535962 ], [ -81.933121, 35.536074 ], [ -81.932777, 35.536009 ], [ -81.932432, 35.535944 ], [ -81.932088, 35.535878 ], [ -81.931747, 35.535814 ], [ -81.931399, 35.535748 ], [ -81.931054, 35.535683 ], [ -81.93071, 35.535617 ], [ -81.930365, 35.535552 ], [ -81.930026, 35.535472 ], [ -81.929686, 35.535391 ], [ -81.929347, 35.535311 ], [ -81.929007, 35.535231 ], [ -81.928667, 35.53515 ], [ -81.928328, 35.53507 ], [ -81.927988, 35.53499 ], [ -81.927648, 35.534909 ], [ -81.927309, 35.534829 ], [ -81.926969, 35.534749 ], [ -81.926629, 35.534668 ], [ -81.92629, 35.534588 ], [ -81.92595, 35.534508 ], [ -81.925611, 35.534427 ], [ -81.925271, 35.534347 ], [ -81.92487, 35.53424 ], [ -81.924457, 35.534129 ], [ -81.924051, 35.534021 ], [ -81.923728, 35.534158 ], [ -81.923405, 35.534296 ], [ -81.923082, 35.534434 ], [ -81.92276, 35.534572 ], [ -81.922437, 35.53471 ], [ -81.922114, 35.534848 ], [ -81.921805, 35.534958 ], [ -81.921694, 35.534998 ], [ -81.921497, 35.535069 ], [ -81.921188, 35.535179 ], [ -81.92108, 35.534662 ], [ -81.921026, 35.534391 ], [ -81.920972, 35.534119 ], [ -81.920919, 35.533848 ], [ -81.920899, 35.533661 ], [ -81.920573, 35.533835 ], [ -81.920246, 35.534008 ], [ -81.91992, 35.534181 ], [ -81.919594, 35.534354 ], [ -81.919302, 35.534505 ], [ -81.91901, 35.534657 ], [ -81.918717, 35.534808 ], [ -81.918425, 35.534959 ], [ -81.918133, 35.535111 ], [ -81.91784, 35.535262 ], [ -81.917548, 35.535413 ], [ -81.917256, 35.535565 ], [ -81.916964, 35.535716 ], [ -81.916671, 35.535867 ], [ -81.916379, 35.536019 ], [ -81.916094, 35.536169 ], [ -81.915809, 35.53632 ], [ -81.915524, 35.536471 ], [ -81.91524, 35.536621 ], [ -81.914955, 35.536772 ], [ -81.91467, 35.536923 ], [ -81.914385, 35.537073 ], [ -81.914236, 35.537152 ], [ -81.912676, 35.537977 ], [ -81.91239, 35.538128 ], [ -81.912097, 35.538279 ], [ -81.911807, 35.53843 ], [ -81.911509, 35.538583 ], [ -81.911215, 35.538735 ], [ -81.911068, 35.538811 ], [ -81.910921, 35.538887 ], [ -81.910627, 35.539039 ], [ -81.910333, 35.539191 ], [ -81.910039, 35.539343 ], [ -81.909745, 35.539495 ], [ -81.909451, 35.539647 ], [ -81.909157, 35.539798 ], [ -81.908864, 35.53995 ], [ -81.90857, 35.540102 ], [ -81.908276, 35.540254 ], [ -81.907982, 35.540406 ], [ -81.907688, 35.540558 ], [ -81.907394, 35.54071 ], [ -81.907089, 35.540861 ], [ -81.906784, 35.541012 ], [ -81.906479, 35.541163 ], [ -81.906174, 35.541314 ], [ -81.905869, 35.541464 ], [ -81.905564, 35.541615 ], [ -81.905316, 35.541738 ], [ -81.905259, 35.541766 ], [ -81.904954, 35.541917 ], [ -81.904616, 35.541919 ], [ -81.904278, 35.541921 ], [ -81.903941, 35.541923 ], [ -81.903603, 35.541925 ], [ -81.903265, 35.541927 ], [ -81.902927, 35.541929 ], [ -81.90259, 35.541931 ], [ -81.902252, 35.541933 ], [ -81.901914, 35.541935 ], [ -81.901576, 35.541937 ], [ -81.901239, 35.541939 ], [ -81.900901, 35.541941 ], [ -81.900563, 35.541943 ], [ -81.900225, 35.541944 ], [ -81.899887, 35.541946 ], [ -81.89955, 35.541948 ], [ -81.899212, 35.54195 ], [ -81.898874, 35.541952 ], [ -81.898555, 35.541955 ], [ -81.898216, 35.541956 ], [ -81.898199, 35.541956 ], [ -81.897861, 35.541958 ], [ -81.897523, 35.54196 ], [ -81.897185, 35.541962 ], [ -81.896848, 35.541964 ], [ -81.89651, 35.541966 ], [ -81.896172, 35.541968 ], [ -81.895834, 35.54197 ], [ -81.895497, 35.541972 ], [ -81.895159, 35.541973 ], [ -81.894821, 35.541975 ], [ -81.894783, 35.541975 ], [ -81.894483, 35.541977 ], [ -81.894145, 35.541979 ], [ -81.893808, 35.541981 ], [ -81.89347, 35.541983 ], [ -81.893132, 35.541985 ], [ -81.892794, 35.541987 ], [ -81.892457, 35.541989 ], [ -81.892119, 35.541991 ], [ -81.891781, 35.541993 ], [ -81.891443, 35.541995 ], [ -81.891106, 35.541996 ], [ -81.890768, 35.541998 ], [ -81.89043, 35.542 ], [ -81.890092, 35.542002 ], [ -81.889754, 35.542004 ], [ -81.889417, 35.542006 ], [ -81.889079, 35.542008 ], [ -81.888741, 35.54201 ], [ -81.888403, 35.542012 ], [ -81.888066, 35.542014 ], [ -81.887728, 35.542016 ], [ -81.88739, 35.542017 ], [ -81.887052, 35.542019 ], [ -81.886715, 35.542021 ], [ -81.886377, 35.542023 ], [ -81.886039, 35.542025 ], [ -81.885701, 35.542027 ], [ -81.885364, 35.542029 ], [ -81.885026, 35.542031 ], [ -81.884688, 35.542033 ], [ -81.88435, 35.542035 ], [ -81.884012, 35.542036 ], [ -81.883675, 35.542038 ], [ -81.883337, 35.54204 ], [ -81.882999, 35.542042 ], [ -81.882661, 35.542044 ], [ -81.882324, 35.542046 ], [ -81.881986, 35.542048 ], [ -81.881648, 35.54205 ], [ -81.88131, 35.542052 ], [ -81.880973, 35.542054 ], [ -81.880635, 35.542055 ], [ -81.880297, 35.542057 ], [ -81.879959, 35.542059 ], [ -81.879622, 35.542061 ], [ -81.879284, 35.542063 ], [ -81.878946, 35.542065 ], [ -81.878608, 35.542067 ], [ -81.87827, 35.542069 ], [ -81.877933, 35.54207 ], [ -81.877595, 35.542072 ], [ -81.877257, 35.542074 ], [ -81.877049, 35.542076 ], [ -81.87692, 35.542077 ], [ -81.876582, 35.542078 ], [ -81.876244, 35.54208 ], [ -81.875907, 35.542082 ], [ -81.875569, 35.542084 ], [ -81.875231, 35.542086 ], [ -81.874893, 35.542088 ], [ -81.874555, 35.54209 ], [ -81.874218, 35.542092 ], [ -81.87388, 35.542093 ], [ -81.873542, 35.542095 ], [ -81.873204, 35.542097 ], [ -81.872867, 35.542099 ], [ -81.872529, 35.542101 ], [ -81.872191, 35.542103 ], [ -81.871853, 35.542105 ], [ -81.871516, 35.542106 ], [ -81.871178, 35.542108 ], [ -81.87084, 35.54211 ], [ -81.870502, 35.542112 ], [ -81.870165, 35.542114 ], [ -81.869827, 35.542116 ], [ -81.869489, 35.542118 ], [ -81.869151, 35.542119 ], [ -81.868813, 35.542121 ], [ -81.868476, 35.542123 ], [ -81.868138, 35.542125 ], [ -81.8678, 35.542127 ], [ -81.867462, 35.542129 ], [ -81.867125, 35.542131 ], [ -81.866787, 35.542132 ], [ -81.866449, 35.542134 ], [ -81.866111, 35.542136 ], [ -81.865774, 35.542138 ], [ -81.865436, 35.54214 ], [ -81.865098, 35.542142 ], [ -81.86476, 35.542143 ], [ -81.864422, 35.542145 ], [ -81.864085, 35.542147 ], [ -81.863747, 35.542149 ], [ -81.863409, 35.542151 ], [ -81.863071, 35.542153 ], [ -81.862734, 35.542154 ], [ -81.862396, 35.542156 ], [ -81.862058, 35.542158 ], [ -81.86172, 35.54216 ], [ -81.861383, 35.542162 ], [ -81.861045, 35.542164 ], [ -81.860707, 35.542165 ], [ -81.860369, 35.542167 ], [ -81.860028, 35.542158 ], [ -81.859694, 35.542171 ], [ -81.859356, 35.542173 ], [ -81.859018, 35.542175 ], [ -81.85868, 35.542176 ], [ -81.858343, 35.542178 ], [ -81.858005, 35.54218 ], [ -81.857667, 35.542182 ], [ -81.857329, 35.542184 ], [ -81.856992, 35.542186 ], [ -81.856654, 35.542187 ], [ -81.856316, 35.542189 ], [ -81.855978, 35.542191 ], [ -81.855777, 35.542192 ], [ -81.855641, 35.542193 ], [ -81.855303, 35.542195 ], [ -81.854965, 35.542196 ], [ -81.854627, 35.542198 ], [ -81.854289, 35.5422 ], [ -81.853952, 35.542202 ], [ -81.853614, 35.542204 ], [ -81.853276, 35.542206 ], [ -81.852938, 35.542207 ], [ -81.852601, 35.542209 ], [ -81.852263, 35.542211 ], [ -81.851925, 35.542213 ], [ -81.851587, 35.542215 ], [ -81.85125, 35.542216 ], [ -81.850912, 35.542218 ], [ -81.850574, 35.54222 ], [ -81.850236, 35.542222 ], [ -81.849898, 35.542224 ], [ -81.849561, 35.542225 ], [ -81.849223, 35.542227 ], [ -81.848885, 35.542229 ], [ -81.848547, 35.542231 ], [ -81.84821, 35.542233 ], [ -81.847872, 35.542234 ], [ -81.847534, 35.542236 ], [ -81.847196, 35.542238 ], [ -81.846859, 35.54224 ], [ -81.846521, 35.542242 ], [ -81.846183, 35.542243 ], [ -81.845845, 35.542245 ], [ -81.845507, 35.542247 ], [ -81.84517, 35.542249 ], [ -81.84483, 35.54224 ], [ -81.844494, 35.542252 ], [ -81.844156, 35.542254 ], [ -81.843819, 35.542256 ], [ -81.843481, 35.542258 ], [ -81.843143, 35.542259 ], [ -81.842805, 35.542261 ], [ -81.842674, 35.542262 ], [ -81.842468, 35.542263 ], [ -81.842652, 35.542533 ], [ -81.843001, 35.542924 ], [ -81.843106, 35.543064 ], [ -81.843177, 35.543159 ], [ -81.84338, 35.54349 ], [ -81.843666, 35.543881 ], [ -81.843744, 35.544034 ], [ -81.84384, 35.544492 ], [ -81.843729, 35.544913 ], [ -81.843751, 35.545139 ], [ -81.843769, 35.545312 ], [ -81.843808, 35.545712 ], [ -81.843742, 35.545873 ], [ -81.843833, 35.546106 ], [ -81.843916, 35.546337 ], [ -81.843734, 35.546556 ], [ -81.84356, 35.546799 ], [ -81.843473, 35.547007 ], [ -81.843261, 35.547239 ], [ -81.843049, 35.547471 ], [ -81.842996, 35.547659 ], [ -81.842778, 35.547908 ], [ -81.842681, 35.548239 ], [ -81.842638, 35.548492 ], [ -81.842759, 35.549012 ], [ -81.842538, 35.549372 ], [ -81.842361, 35.549731 ], [ -81.842267, 35.549769 ], [ -81.842005, 35.549775 ], [ -81.841536, 35.549929 ], [ -81.841341, 35.550054 ], [ -81.841207, 35.550208 ], [ -81.841113, 35.550407 ], [ -81.841126, 35.550703 ], [ -81.841325, 35.55118 ], [ -81.841228, 35.551642 ], [ -81.841194, 35.551923 ], [ -81.84116, 35.552204 ], [ -81.841284, 35.552708 ], [ -81.84133, 35.552993 ], [ -81.841376, 35.553187 ], [ -81.841329, 35.553445 ], [ -81.841151, 35.553797 ], [ -81.840973, 35.554149 ], [ -81.840866, 35.554286 ], [ -81.840489, 35.554529 ], [ -81.840341, 35.55454 ], [ -81.840241, 35.554628 ], [ -81.840052, 35.555034 ], [ -81.839985, 35.555292 ], [ -81.839836, 35.555555 ], [ -81.839467, 35.555991 ], [ -81.839304, 35.556084 ], [ -81.838929, 35.556244 ], [ -81.838727, 35.556353 ], [ -81.838384, 35.556486 ], [ -81.838041, 35.556618 ], [ -81.837699, 35.55675 ], [ -81.83747, 35.55692 ], [ -81.837248, 35.55725 ], [ -81.837093, 35.557437 ], [ -81.836899, 35.557608 ], [ -81.836596, 35.557734 ], [ -81.836219, 35.557784 ], [ -81.835735, 35.557745 ], [ -81.835527, 35.557762 ], [ -81.835257, 35.557745 ], [ -81.834855, 35.557845 ], [ -81.834706, 35.557883 ], [ -81.834531, 35.558031 ], [ -81.834168, 35.55824 ], [ -81.833921, 35.558491 ], [ -81.833901, 35.558609 ], [ -81.833718, 35.558699 ], [ -81.833675, 35.558742 ], [ -81.833429, 35.558993 ], [ -81.833341, 35.559111 ], [ -81.83323, 35.55926 ], [ -81.833166, 35.559345 ], [ -81.833087, 35.559646 ], [ -81.833176, 35.55983 ], [ -81.833361, 35.560026 ], [ -81.833765, 35.560186 ], [ -81.83398, 35.560229 ], [ -81.834075, 35.560313 ], [ -81.834162, 35.560427 ], [ -81.834147, 35.560767 ], [ -81.834031, 35.560989 ], [ -81.833724, 35.561335 ], [ -81.833723, 35.56151 ], [ -81.833731, 35.561576 ], [ -81.833802, 35.561846 ], [ -81.833873, 35.562115 ], [ -81.833867, 35.562528 ], [ -81.83382, 35.562857 ], [ -81.833698, 35.563198 ], [ -81.83353, 35.563555 ], [ -81.833409, 35.563731 ], [ -81.833033, 35.564061 ], [ -81.832777, 35.564165 ], [ -81.832596, 35.564276 ], [ -81.832542, 35.564363 ], [ -81.832388, 35.564479 ], [ -81.832286, 35.564682 ], [ -81.832279, 35.564776 ], [ -81.832196, 35.56507 ], [ -81.832112, 35.565365 ], [ -81.832029, 35.565659 ], [ -81.831913, 35.565842 ], [ -81.831797, 35.566024 ], [ -81.831559, 35.56623 ], [ -81.831259, 35.566399 ], [ -81.830959, 35.566569 ], [ -81.830659, 35.566738 ], [ -81.830316, 35.566969 ], [ -81.829986, 35.567156 ], [ -81.82963, 35.567497 ], [ -81.829495, 35.567684 ], [ -81.829378, 35.567975 ], [ -81.829261, 35.568266 ], [ -81.829261, 35.568701 ], [ -81.829153, 35.569157 ], [ -81.829138, 35.569464 ], [ -81.82918, 35.569962 ], [ -81.82919, 35.570242 ], [ -81.82942, 35.570516 ], [ -81.829551, 35.570773 ], [ -81.829456, 35.571223 ], [ -81.829453, 35.571541 ], [ -81.82945, 35.571847 ], [ -81.829107, 35.572268 ], [ -81.828891, 35.572416 ], [ -81.828751, 35.572685 ], [ -81.828612, 35.572953 ], [ -81.828505, 35.573396 ], [ -81.828376, 35.573918 ], [ -81.828187, 35.574102 ], [ -81.82797, 35.574207 ], [ -81.827679, 35.574294 ], [ -81.827343, 35.574191 ], [ -81.827008, 35.574087 ], [ -81.826752, 35.574027 ], [ -81.826362, 35.574071 ], [ -81.825938, 35.574066 ], [ -81.82581, 35.574093 ], [ -81.825374, 35.574335 ], [ -81.825044, 35.574489 ], [ -81.825009, 35.574505 ], [ -81.824714, 35.574643 ], [ -81.824384, 35.574797 ], [ -81.824122, 35.574983 ], [ -81.824027, 35.575136 ], [ -81.823847, 35.575427 ], [ -81.823949, 35.575707 ], [ -81.824001, 35.57585 ], [ -81.824023, 35.575911 ], [ -81.8241, 35.576103 ], [ -81.824157, 35.576236 ], [ -81.824201, 35.576341 ], [ -81.824186, 35.576394 ], [ -81.824037, 35.57691 ], [ -81.823898, 35.577243 ], [ -81.82376, 35.577575 ], [ -81.823607, 35.577824 ], [ -81.823335, 35.577943 ], [ -81.822947, 35.578065 ], [ -81.822783, 35.578323 ], [ -81.822619, 35.578581 ], [ -81.822593, 35.578939 ], [ -81.822567, 35.579298 ], [ -81.822541, 35.579656 ], [ -81.822404, 35.580045 ], [ -81.822268, 35.580434 ], [ -81.822132, 35.580513 ], [ -81.821945, 35.580442 ], [ -81.821684, 35.580216 ], [ -81.821422, 35.57999 ], [ -81.821161, 35.579763 ], [ -81.82062, 35.579475 ], [ -81.820236, 35.579361 ], [ -81.819851, 35.579248 ], [ -81.819503, 35.579181 ], [ -81.819248, 35.579149 ], [ -81.819035, 35.578984 ], [ -81.818853, 35.578744 ], [ -81.818672, 35.578503 ], [ -81.818609, 35.57832 ], [ -81.818492, 35.57798 ], [ -81.818092, 35.578083 ], [ -81.817667, 35.578122 ], [ -81.817241, 35.57816 ], [ -81.816852, 35.578225 ], [ -81.816545, 35.578374 ], [ -81.816239, 35.578522 ], [ -81.815964, 35.578693 ], [ -81.815689, 35.578864 ], [ -81.815402, 35.579043 ], [ -81.815126, 35.57923 ], [ -81.814986, 35.579487 ], [ -81.814833, 35.579767 ], [ -81.81468, 35.580047 ], [ -81.814392, 35.580219 ], [ -81.814103, 35.580391 ], [ -81.813502, 35.580412 ], [ -81.813022, 35.580517 ], [ -81.812677, 35.580563 ], [ -81.812192, 35.580555 ], [ -81.811757, 35.58064 ], [ -81.811327, 35.580876 ], [ -81.810851, 35.581113 ], [ -81.810631, 35.581201 ], [ -81.810518, 35.581245 ], [ -81.81035, 35.581313 ], [ -81.81012, 35.581319 ], [ -81.809768, 35.581157 ], [ -81.809433, 35.580958 ], [ -81.809097, 35.580759 ], [ -81.808469, 35.580604 ], [ -81.807842, 35.580486 ], [ -81.807309, 35.580404 ], [ -81.806963, 35.580412 ], [ -81.806614, 35.580326 ], [ -81.806309, 35.580183 ], [ -81.806008, 35.580152 ], [ -81.805663, 35.58016 ], [ -81.80545, 35.580014 ], [ -81.805236, 35.579831 ], [ -81.805202, 35.579512 ], [ -81.804781, 35.579148 ], [ -81.804569, 35.57891 ], [ -81.804358, 35.578672 ], [ -81.804147, 35.578434 ], [ -81.803837, 35.578275 ], [ -81.803527, 35.578116 ], [ -81.803182, 35.578141 ], [ -81.802838, 35.578165 ], [ -81.802457, 35.578307 ], [ -81.802076, 35.578448 ], [ -81.801853, 35.578709 ], [ -81.801422, 35.578927 ], [ -81.800989, 35.579087 ], [ -81.800413, 35.579101 ], [ -81.800025, 35.579223 ], [ -81.799665, 35.579476 ], [ -81.799213, 35.579732 ], [ -81.798783, 35.579968 ], [ -81.798642, 35.580235 ], [ -81.798501, 35.580502 ], [ -81.798296, 35.580796 ], [ -81.798091, 35.58109 ], [ -81.797886, 35.581383 ], [ -81.797739, 35.581641 ], [ -81.797592, 35.581899 ], [ -81.797394, 35.582236 ], [ -81.797478, 35.582615 ], [ -81.797549, 35.583018 ], [ -81.797448, 35.583196 ], [ -81.797171, 35.583413 ], [ -81.796894, 35.583629 ], [ -81.796693, 35.583786 ], [ -81.796601, 35.583865 ], [ -81.796422, 35.584082 ], [ -81.796216, 35.584332 ], [ -81.796033, 35.584555 ], [ -81.795869, 35.584954 ], [ -81.795771, 35.585278 ], [ -81.795667, 35.585619 ], [ -81.795702, 35.585939 ], [ -81.795966, 35.586253 ], [ -81.796144, 35.586721 ], [ -81.796317, 35.587075 ], [ -81.796622, 35.587525 ], [ -81.796635, 35.58789 ], [ -81.796405, 35.588293 ], [ -81.796499, 35.588581 ], [ -81.796587, 35.588852 ], [ -81.796481, 35.589319 ], [ -81.796266, 35.589573 ], [ -81.796052, 35.589826 ], [ -81.795946, 35.590293 ], [ -81.795941, 35.590686 ], [ -81.795937, 35.59108 ], [ -81.795745, 35.591537 ], [ -81.795391, 35.591997 ], [ -81.795161, 35.592241 ], [ -81.794846, 35.592582 ], [ -81.794702, 35.592729 ], [ -81.794387, 35.592982 ], [ -81.794058, 35.593239 ], [ -81.793742, 35.593336 ], [ -81.793411, 35.593438 ], [ -81.793079, 35.593521 ], [ -81.792748, 35.593604 ], [ -81.79239, 35.593576 ], [ -81.792007, 35.593545 ], [ -81.791761, 35.593526 ], [ -81.79164, 35.593516 ], [ -81.791225, 35.593601 ], [ -81.791171, 35.593612 ], [ -81.790813, 35.593686 ], [ -81.790399, 35.593743 ], [ -81.790377, 35.593746 ], [ -81.789986, 35.593799 ], [ -81.789865, 35.593817 ], [ -81.789581, 35.593859 ], [ -81.789401, 35.593885 ], [ -81.789175, 35.593918 ], [ -81.78877, 35.593978 ], [ -81.788312, 35.594092 ], [ -81.788184, 35.594126 ], [ -81.787855, 35.594206 ], [ -81.787417, 35.594235 ], [ -81.786856, 35.594022 ], [ -81.786581, 35.593852 ], [ -81.786306, 35.593683 ], [ -81.786031, 35.593513 ], [ -81.785702, 35.593313 ], [ -81.785372, 35.593113 ], [ -81.784939, 35.592944 ], [ -81.784507, 35.592775 ], [ -81.784198, 35.592537 ], [ -81.78389, 35.592299 ], [ -81.783562, 35.592146 ], [ -81.783234, 35.591994 ], [ -81.783014, 35.591961 ], [ -81.782674, 35.592157 ], [ -81.782308, 35.592241 ], [ -81.781865, 35.5921 ], [ -81.781236, 35.591926 ], [ -81.781054, 35.591821 ], [ -81.780954, 35.591763 ], [ -81.78063, 35.591752 ], [ -81.780128, 35.591895 ], [ -81.779708, 35.591986 ], [ -81.779288, 35.592078 ], [ -81.778868, 35.592169 ], [ -81.778515, 35.592281 ], [ -81.778161, 35.592392 ], [ -81.777788, 35.592339 ], [ -81.777709, 35.592327 ], [ -81.77758, 35.592269 ], [ -81.777076, 35.59204 ], [ -81.776591, 35.592032 ], [ -81.776485, 35.592072 ], [ -81.776437, 35.59209 ], [ -81.776159, 35.592193 ], [ -81.775497, 35.592416 ], [ -81.775139, 35.592475 ], [ -81.774794, 35.592532 ], [ -81.774541, 35.592574 ], [ -81.774442, 35.592591 ], [ -81.774269, 35.592575 ], [ -81.773447, 35.5925 ], [ -81.773217, 35.5925 ], [ -81.772686, 35.592499 ], [ -81.772182, 35.592623 ], [ -81.77217, 35.592944 ], [ -81.772043, 35.593267 ], [ -81.771776, 35.593556 ], [ -81.7716, 35.593805 ], [ -81.77161, 35.594107 ], [ -81.771667, 35.594426 ], [ -81.771536, 35.594636 ], [ -81.771311, 35.594811 ], [ -81.770881, 35.595028 ], [ -81.77038, 35.595228 ], [ -81.769969, 35.595351 ], [ -81.769601, 35.595397 ], [ -81.769257, 35.595461 ], [ -81.768895, 35.595658 ], [ -81.768548, 35.595967 ], [ -81.768414, 35.596208 ], [ -81.768331, 35.596368 ], [ -81.768225, 35.596653 ], [ -81.76812, 35.596938 ], [ -81.768014, 35.597224 ], [ -81.768027, 35.5976 ], [ -81.768338, 35.597933 ], [ -81.768645, 35.59812 ], [ -81.768951, 35.598308 ], [ -81.769257, 35.598496 ], [ -81.76955, 35.598755 ], [ -81.770023, 35.599174 ], [ -81.770136, 35.599272 ], [ -81.770372, 35.599734 ], [ -81.770544, 35.600031 ], [ -81.770604, 35.600426 ], [ -81.770663, 35.60082 ], [ -81.770954, 35.601228 ], [ -81.771208, 35.601416 ], [ -81.771717, 35.601791 ], [ -81.771972, 35.601978 ], [ -81.771907, 35.602111 ], [ -81.77157, 35.602383 ], [ -81.771325, 35.602634 ], [ -81.771145, 35.602751 ], [ -81.770914, 35.602756 ], [ -81.770525, 35.602859 ], [ -81.770204, 35.602923 ], [ -81.769649, 35.602879 ], [ -81.769114, 35.602846 ], [ -81.768979, 35.602838 ], [ -81.768564, 35.602866 ], [ -81.768336, 35.602947 ], [ -81.768182, 35.603218 ], [ -81.768075, 35.603405 ], [ -81.768125, 35.6037 ], [ -81.768176, 35.604006 ], [ -81.767979, 35.604293 ], [ -81.767996, 35.604463 ], [ -81.767654, 35.604584 ], [ -81.767408, 35.604818 ], [ -81.76734, 35.604883 ], [ -81.767229, 35.604989 ], [ -81.767103, 35.605184 ], [ -81.766945, 35.605429 ], [ -81.76691, 35.605537 ], [ -81.766757, 35.606018 ], [ -81.766612, 35.606492 ], [ -81.766391, 35.606799 ], [ -81.766121, 35.606994 ], [ -81.765731, 35.607059 ], [ -81.765338, 35.60703 ], [ -81.764851, 35.606966 ], [ -81.764416, 35.607051 ], [ -81.76421, 35.607094 ], [ -81.764177, 35.607143 ], [ -81.764053, 35.607333 ], [ -81.764034, 35.607362 ], [ -81.76388, 35.607572 ], [ -81.76387, 35.607578 ], [ -81.763631, 35.60771 ], [ -81.763353, 35.607679 ], [ -81.762956, 35.607537 ], [ -81.762585, 35.607508 ], [ -81.76213, 35.607669 ], [ -81.761985, 35.607766 ], [ -81.761926, 35.607805 ], [ -81.761701, 35.607792 ], [ -81.761498, 35.607928 ], [ -81.761261, 35.608046 ], [ -81.761079, 35.608117 ], [ -81.760907, 35.608196 ], [ -81.760783, 35.608274 ], [ -81.7606, 35.608307 ], [ -81.760338, 35.608407 ], [ -81.760167, 35.608467 ], [ -81.760029, 35.60848 ], [ -81.759791, 35.608608 ], [ -81.759631, 35.608668 ], [ -81.759573, 35.608696 ], [ -81.759506, 35.608727 ], [ -81.759369, 35.608749 ], [ -81.759198, 35.608829 ], [ -81.759028, 35.608917 ], [ -81.758928, 35.609033 ], [ -81.758795, 35.609177 ], [ -81.758659, 35.609246 ], [ -81.758451, 35.609251 ], [ -81.758164, 35.609295 ], [ -81.757867, 35.609358 ], [ -81.757613, 35.609355 ], [ -81.757522, 35.609377 ], [ -81.757361, 35.609417 ], [ -81.757105, 35.609687 ], [ -81.756769, 35.610005 ], [ -81.756511, 35.610219 ], [ -81.756365, 35.610326 ], [ -81.756232, 35.61047 ], [ -81.756039, 35.610578 ], [ -81.755803, 35.610753 ], [ -81.755594, 35.61088 ], [ -81.755259, 35.611218 ], [ -81.755117, 35.611457 ], [ -81.754942, 35.611716 ], [ -81.754768, 35.611975 ], [ -81.754584, 35.612247 ], [ -81.754418, 35.612492 ], [ -81.754165, 35.612766 ], [ -81.753913, 35.61304 ], [ -81.753407, 35.613588 ], [ -81.752318, 35.612925 ], [ -81.751774, 35.612593 ], [ -81.750958, 35.612095 ], [ -81.750414, 35.611764 ], [ -81.750311, 35.611108 ], [ -81.750208, 35.610452 ], [ -81.750006, 35.610206 ], [ -81.749804, 35.60996 ], [ -81.749603, 35.609715 ], [ -81.748796, 35.608732 ], [ -81.748392, 35.608241 ], [ -81.74819, 35.607996 ], [ -81.747735, 35.607227 ], [ -81.747431, 35.606714 ], [ -81.746975, 35.605946 ], [ -81.746823, 35.605689 ], [ -81.746477, 35.605582 ], [ -81.746131, 35.605475 ], [ -81.745042, 35.60545 ], [ -81.74359, 35.605417 ], [ -81.743227, 35.605408 ], [ -81.741604, 35.604939 ], [ -81.74128, 35.604845 ], [ -81.739656, 35.604375 ], [ -81.739006, 35.604187 ], [ -81.738876, 35.603928 ], [ -81.738745, 35.603669 ], [ -81.738614, 35.60341 ], [ -81.738365, 35.603172 ], [ -81.737868, 35.602697 ], [ -81.737382, 35.602184 ], [ -81.737198, 35.601971 ], [ -81.737143, 35.601908 ], [ -81.736983, 35.601929 ], [ -81.736801, 35.601954 ], [ -81.736459, 35.601999 ], [ -81.736102, 35.602127 ], [ -81.735387, 35.602382 ], [ -81.734672, 35.602638 ], [ -81.734272, 35.602713 ], [ -81.733925, 35.602426 ], [ -81.733579, 35.602138 ], [ -81.733275, 35.601958 ], [ -81.732971, 35.601778 ], [ -81.732526, 35.601858 ], [ -81.732182, 35.60192 ], [ -81.731788, 35.601991 ], [ -81.731121, 35.602336 ], [ -81.730788, 35.602508 ], [ -81.730661, 35.602573 ], [ -81.730122, 35.602852 ], [ -81.729816, 35.603012 ], [ -81.729225, 35.603244 ], [ -81.728565, 35.60349 ], [ -81.727842, 35.603721 ], [ -81.726819, 35.604056 ], [ -81.726158, 35.604275 ], [ -81.725193, 35.604602 ], [ -81.724682, 35.604778 ], [ -81.724241, 35.604929 ], [ -81.723606, 35.605148 ], [ -81.723289, 35.605257 ], [ -81.72232, 35.605888 ], [ -81.721701, 35.606308 ], [ -81.721081, 35.606386 ], [ -81.720704, 35.606262 ], [ -81.720328, 35.606137 ], [ -81.719951, 35.606012 ], [ -81.719635, 35.605783 ], [ -81.719392, 35.605607 ], [ -81.719112, 35.605404 ], [ -81.718553, 35.604998 ], [ -81.718273, 35.604795 ], [ -81.717944, 35.604723 ], [ -81.7176, 35.604648 ], [ -81.717414, 35.604606 ], [ -81.717287, 35.604579 ], [ -81.717093, 35.604305 ], [ -81.717049, 35.604243 ], [ -81.716898, 35.60403 ], [ -81.716704, 35.603756 ], [ -81.716394, 35.60344 ], [ -81.716259, 35.603296 ], [ -81.716083, 35.603125 ], [ -81.715836, 35.602948 ], [ -81.716047, 35.602494 ], [ -81.716387, 35.60215 ], [ -81.716553, 35.601772 ], [ -81.716604, 35.60149 ], [ -81.716654, 35.601216 ], [ -81.716707, 35.600926 ], [ -81.716611, 35.600779 ], [ -81.716518, 35.600839 ], [ -81.716432, 35.600895 ], [ -81.716232, 35.601356 ], [ -81.716176, 35.601481 ], [ -81.71584, 35.601694 ], [ -81.715557, 35.601595 ], [ -81.7155, 35.60155 ], [ -81.715279, 35.601374 ], [ -81.715275, 35.601361 ], [ -81.71524, 35.60125 ], [ -81.715206, 35.601143 ], [ -81.715243, 35.60111 ], [ -81.715355, 35.601009 ], [ -81.715482, 35.600895 ], [ -81.715759, 35.600647 ], [ -81.716002, 35.600351 ], [ -81.71613, 35.600195 ], [ -81.716243, 35.600057 ], [ -81.716591, 35.599853 ], [ -81.716939, 35.599649 ], [ -81.717161, 35.599419 ], [ -81.717382, 35.59919 ], [ -81.717413, 35.599098 ], [ -81.717507, 35.598831 ], [ -81.717493, 35.598401 ], [ -81.717408, 35.598263 ], [ -81.717341, 35.59821 ], [ -81.717255, 35.598145 ], [ -81.716967, 35.598085 ], [ -81.716728, 35.598119 ], [ -81.716231, 35.598116 ], [ -81.716136, 35.598079 ], [ -81.715977, 35.59802 ], [ -81.716121, 35.597976 ], [ -81.716232, 35.597942 ], [ -81.716319, 35.597899 ], [ -81.716393, 35.597825 ], [ -81.716487, 35.597512 ], [ -81.716549, 35.597305 ], [ -81.716675, 35.596885 ], [ -81.71673, 35.596486 ], [ -81.716786, 35.596087 ], [ -81.716771, 35.595984 ], [ -81.716679, 35.595977 ], [ -81.716589, 35.596021 ], [ -81.71658, 35.596052 ], [ -81.716608, 35.596259 ], [ -81.7165, 35.59643 ], [ -81.716376, 35.596489 ], [ -81.716311, 35.596511 ], [ -81.715946, 35.596603 ], [ -81.715778, 35.596534 ], [ -81.715681, 35.596453 ], [ -81.715591, 35.596301 ], [ -81.71561, 35.596207 ], [ -81.71579, 35.596061 ], [ -81.715911, 35.595957 ], [ -81.716275, 35.595528 ], [ -81.716402, 35.595216 ], [ -81.716326, 35.595012 ], [ -81.71616, 35.594847 ], [ -81.715869, 35.594685 ], [ -81.715405, 35.594518 ], [ -81.715123, 35.5943 ], [ -81.714879, 35.594034 ], [ -81.714636, 35.593768 ], [ -81.714412, 35.593567 ], [ -81.714326, 35.59341 ], [ -81.714002, 35.592968 ], [ -81.713752, 35.592674 ], [ -81.713542, 35.592517 ], [ -81.713435, 35.592438 ], [ -81.713238, 35.592367 ], [ -81.712898, 35.592381 ], [ -81.712655, 35.59239 ], [ -81.712401, 35.592339 ], [ -81.712224, 35.592175 ], [ -81.712045, 35.591945 ], [ -81.711948, 35.591788 ], [ -81.711906, 35.591574 ], [ -81.711888, 35.591377 ], [ -81.711996, 35.591188 ], [ -81.712237, 35.590864 ], [ -81.712253, 35.590833 ], [ -81.712328, 35.590678 ], [ -81.712398, 35.590533 ], [ -81.712396, 35.590521 ], [ -81.712371, 35.590412 ], [ -81.712236, 35.590135 ], [ -81.71216, 35.589921 ], [ -81.712208, 35.58963 ], [ -81.712211, 35.589422 ], [ -81.712211, 35.589396 ], [ -81.712138, 35.589267 ], [ -81.711766, 35.589097 ], [ -81.711397, 35.589012 ], [ -81.71111, 35.588999 ], [ -81.710746, 35.589045 ], [ -81.710497, 35.589135 ], [ -81.710347, 35.589321 ], [ -81.710244, 35.589449 ], [ -81.710104, 35.589724 ], [ -81.709936, 35.589821 ], [ -81.709699, 35.58992 ], [ -81.709414, 35.589973 ], [ -81.709265, 35.589948 ], [ -81.709206, 35.589893 ], [ -81.709226, 35.589809 ], [ -81.709292, 35.589742 ], [ -81.709471, 35.589616 ], [ -81.70956, 35.589521 ], [ -81.709544, 35.589409 ], [ -81.709341, 35.589142 ], [ -81.709171, 35.588855 ], [ -81.709128, 35.588594 ], [ -81.709064, 35.588409 ], [ -81.709033, 35.58836 ], [ -81.708944, 35.588224 ], [ -81.708718, 35.587986 ], [ -81.708513, 35.587663 ], [ -81.708154, 35.587203 ], [ -81.707663, 35.586896 ], [ -81.707556, 35.586767 ], [ -81.707529, 35.586665 ], [ -81.707519, 35.586338 ], [ -81.70752, 35.586029 ], [ -81.707413, 35.58591 ], [ -81.707251, 35.585857 ], [ -81.707097, 35.585711 ], [ -81.706897, 35.585201 ], [ -81.706824, 35.584917 ], [ -81.706752, 35.584633 ], [ -81.706767, 35.58444 ], [ -81.706934, 35.583927 ], [ -81.706984, 35.583692 ], [ -81.70699, 35.583374 ], [ -81.706991, 35.583109 ], [ -81.706885, 35.582841 ], [ -81.70669, 35.582532 ], [ -81.706487, 35.582272 ], [ -81.706281, 35.582005 ], [ -81.706074, 35.581738 ], [ -81.705868, 35.581471 ], [ -81.705653, 35.581214 ], [ -81.70549, 35.581134 ], [ -81.705284, 35.581119 ], [ -81.704715, 35.581216 ], [ -81.704466, 35.581306 ], [ -81.704333, 35.581449 ], [ -81.704271, 35.581629 ], [ -81.704267, 35.581872 ], [ -81.704353, 35.582048 ], [ -81.704439, 35.582205 ], [ -81.704442, 35.582298 ], [ -81.704398, 35.582365 ], [ -81.704306, 35.582358 ], [ -81.704064, 35.582058 ], [ -81.703688, 35.581651 ], [ -81.703624, 35.581595 ], [ -81.703521, 35.581505 ], [ -81.70334, 35.581528 ], [ -81.703402, 35.581657 ], [ -81.703512, 35.581989 ], [ -81.703446, 35.582302 ], [ -81.703306, 35.582576 ], [ -81.703068, 35.582984 ], [ -81.702712, 35.583291 ], [ -81.702587, 35.583332 ], [ -81.702425, 35.583279 ], [ -81.702296, 35.58317 ], [ -81.702182, 35.582854 ], [ -81.702173, 35.582574 ], [ -81.702088, 35.582248 ], [ -81.702003, 35.581922 ], [ -81.701834, 35.581673 ], [ -81.701588, 35.58152 ], [ -81.70116, 35.581361 ], [ -81.700571, 35.581215 ], [ -81.700336, 35.581033 ], [ -81.700064, 35.580758 ], [ -81.699791, 35.580484 ], [ -81.699555, 35.580271 ], [ -81.699319, 35.580059 ], [ -81.699083, 35.579847 ], [ -81.698847, 35.579634 ], [ -81.698513, 35.579385 ], [ -81.698178, 35.579135 ], [ -81.697735, 35.578892 ], [ -81.697503, 35.578803 ], [ -81.697251, 35.57879 ], [ -81.697035, 35.578823 ], [ -81.696691, 35.579177 ], [ -81.696455, 35.579304 ], [ -81.6963, 35.579438 ], [ -81.696034, 35.579716 ], [ -81.695889, 35.579822 ], [ -81.695775, 35.579834 ], [ -81.695648, 35.579808 ], [ -81.695405, 35.57972 ], [ -81.695239, 35.579565 ], [ -81.695042, 35.579476 ], [ -81.694869, 35.579433 ], [ -81.694635, 35.579288 ], [ -81.694417, 35.579111 ], [ -81.694388, 35.579088 ], [ -81.694145, 35.579009 ], [ -81.693895, 35.579061 ], [ -81.693575, 35.579096 ], [ -81.693276, 35.579038 ], [ -81.69294, 35.578914 ], [ -81.692709, 35.578872 ], [ -81.692538, 35.578895 ], [ -81.692345, 35.579008 ], [ -81.692226, 35.579136 ], [ -81.692167, 35.579418 ], [ -81.692208, 35.579613 ], [ -81.692191, 35.579791 ], [ -81.691989, 35.580041 ], [ -81.69197, 35.576714 ], [ -81.691952, 35.573387 ], [ -81.69194, 35.571168 ], [ -81.691936, 35.570336 ], [ -81.691887, 35.564623 ], [ -81.691856, 35.561251 ], [ -81.691854, 35.560975 ], [ -81.691852, 35.5607 ], [ -81.691849, 35.560425 ], [ -81.691847, 35.56015 ], [ -81.691844, 35.559875 ], [ -81.691842, 35.559599 ], [ -81.691839, 35.559324 ], [ -81.691837, 35.559049 ], [ -81.691834, 35.558774 ], [ -81.691832, 35.558499 ], [ -81.691829, 35.558223 ], [ -81.691827, 35.557948 ], [ -81.691825, 35.557673 ], [ -81.691833, 35.557398 ], [ -81.691841, 35.557123 ], [ -81.691849, 35.556848 ], [ -81.691857, 35.556573 ], [ -81.691865, 35.556297 ], [ -81.691873, 35.556022 ], [ -81.691882, 35.555747 ], [ -81.69189, 35.555472 ], [ -81.691898, 35.555197 ], [ -81.691906, 35.554922 ], [ -81.691914, 35.554647 ], [ -81.691922, 35.554372 ], [ -81.691942, 35.553711 ], [ -81.691979, 35.552446 ], [ -81.691987, 35.552171 ], [ -81.691996, 35.551896 ], [ -81.692004, 35.551621 ], [ -81.692012, 35.551346 ], [ -81.69202, 35.551071 ], [ -81.692028, 35.550796 ], [ -81.692036, 35.550521 ], [ -81.692044, 35.550246 ], [ -81.692053, 35.54997 ], [ -81.692061, 35.549695 ], [ -81.692069, 35.54942 ], [ -81.692077, 35.549145 ], [ -81.692085, 35.54887 ], [ -81.692093, 35.548595 ], [ -81.692101, 35.54832 ], [ -81.69211, 35.548045 ], [ -81.692118, 35.54777 ], [ -81.692126, 35.547495 ], [ -81.692134, 35.54722 ], [ -81.692142, 35.546944 ], [ -81.69215, 35.546669 ], [ -81.692158, 35.546394 ], [ -81.692167, 35.546119 ], [ -81.692182, 35.54584 ], [ -81.692198, 35.545561 ], [ -81.692213, 35.545281 ], [ -81.692229, 35.545002 ], [ -81.692245, 35.544722 ], [ -81.69226, 35.544443 ], [ -81.692276, 35.544164 ], [ -81.692292, 35.543884 ], [ -81.692307, 35.543605 ], [ -81.692323, 35.543326 ], [ -81.692338, 35.543046 ], [ -81.692354, 35.542767 ], [ -81.69237, 35.542488 ], [ -81.692385, 35.542208 ], [ -81.692401, 35.541929 ], [ -81.692416, 35.54165 ], [ -81.692432, 35.54137 ], [ -81.692448, 35.541091 ], [ -81.692463, 35.540812 ], [ -81.692479, 35.540532 ], [ -81.692495, 35.540253 ], [ -81.69251, 35.539973 ], [ -81.692526, 35.539694 ], [ -81.692541, 35.539415 ], [ -81.692557, 35.539135 ], [ -81.692573, 35.538856 ], [ -81.692588, 35.538577 ], [ -81.692604, 35.538297 ], [ -81.69262, 35.538018 ], [ -81.692635, 35.537739 ], [ -81.692651, 35.537459 ], [ -81.692666, 35.53718 ], [ -81.692682, 35.536901 ], [ -81.692698, 35.536621 ], [ -81.692712, 35.536343 ], [ -81.692727, 35.536065 ], [ -81.692741, 35.535786 ], [ -81.692756, 35.535508 ], [ -81.69277, 35.53523 ], [ -81.692785, 35.534951 ], [ -81.692799, 35.534673 ], [ -81.692814, 35.534394 ], [ -81.692834, 35.534008 ], [ -81.692843, 35.533838 ], [ -81.692857, 35.533559 ], [ -81.692872, 35.533281 ], [ -81.692886, 35.533003 ], [ -81.692901, 35.532724 ], [ -81.692915, 35.532446 ], [ -81.69293, 35.532168 ], [ -81.692944, 35.531889 ], [ -81.692959, 35.531611 ], [ -81.692973, 35.531333 ], [ -81.692988, 35.531054 ], [ -81.693002, 35.530776 ], [ -81.693017, 35.530498 ], [ -81.693031, 35.530219 ], [ -81.693046, 35.529941 ], [ -81.69306, 35.529663 ], [ -81.693076, 35.529378 ], [ -81.693091, 35.529093 ], [ -81.693107, 35.528808 ], [ -81.693122, 35.528524 ], [ -81.693138, 35.528239 ], [ -81.693154, 35.527954 ], [ -81.693169, 35.527669 ], [ -81.693185, 35.527385 ], [ -81.6932, 35.5271 ], [ -81.69322, 35.526743 ], [ -81.693231, 35.526531 ], [ -81.693247, 35.526246 ], [ -81.693263, 35.525961 ], [ -81.693278, 35.525676 ], [ -81.693294, 35.525392 ], [ -81.693309, 35.525107 ], [ -81.693325, 35.524822 ], [ -81.69334, 35.524537 ], [ -81.693356, 35.524253 ], [ -81.693371, 35.523968 ], [ -81.693387, 35.523683 ], [ -81.693403, 35.523399 ], [ -81.693418, 35.523114 ], [ -81.693434, 35.522829 ], [ -81.693449, 35.522544 ], [ -81.693464, 35.52227 ], [ -81.693478, 35.521995 ], [ -81.693493, 35.52172 ], [ -81.693507, 35.521445 ], [ -81.693522, 35.52117 ], [ -81.693536, 35.520895 ], [ -81.693551, 35.520621 ], [ -81.693565, 35.520346 ], [ -81.69358, 35.520071 ], [ -81.693594, 35.519796 ], [ -81.693609, 35.519521 ], [ -81.693623, 35.519246 ], [ -81.693638, 35.518972 ], [ -81.693652, 35.518697 ], [ -81.693667, 35.518422 ], [ -81.693681, 35.518147 ], [ -81.693696, 35.517872 ], [ -81.69371, 35.517597 ], [ -81.693725, 35.517323 ], [ -81.693739, 35.517048 ], [ -81.693754, 35.516773 ], [ -81.693768, 35.516498 ], [ -81.693783, 35.516223 ], [ -81.693797, 35.515948 ], [ -81.69382, 35.51552 ], [ -81.693841, 35.515121 ], [ -81.693855, 35.514845 ], [ -81.69387, 35.514569 ], [ -81.693884, 35.514293 ], [ -81.693899, 35.514017 ], [ -81.693913, 35.513741 ], [ -81.693927, 35.513465 ], [ -81.693942, 35.513189 ], [ -81.693956, 35.512913 ], [ -81.693971, 35.512637 ], [ -81.693985, 35.512361 ], [ -81.694, 35.512085 ], [ -81.694014, 35.511808 ], [ -81.694029, 35.511532 ], [ -81.694043, 35.511256 ], [ -81.694058, 35.51098 ], [ -81.694072, 35.510704 ], [ -81.694086, 35.510428 ], [ -81.694101, 35.510152 ], [ -81.694115, 35.509876 ], [ -81.69413, 35.5096 ], [ -81.694144, 35.509324 ], [ -81.694159, 35.509048 ], [ -81.694173, 35.508772 ], [ -81.694188, 35.508496 ], [ -81.694202, 35.508219 ], [ -81.694217, 35.507943 ], [ -81.694231, 35.507667 ], [ -81.694246, 35.507391 ], [ -81.69426, 35.507115 ], [ -81.694275, 35.506838 ], [ -81.694289, 35.506562 ], [ -81.694304, 35.506286 ], [ -81.694318, 35.50602 ], [ -81.694391, 35.504629 ], [ -81.694481, 35.50293 ], [ -81.694493, 35.502695 ], [ -81.694507, 35.502419 ], [ -81.694522, 35.502143 ], [ -81.694537, 35.501867 ], [ -81.69456, 35.501576 ], [ -81.694584, 35.501286 ], [ -81.694607, 35.500995 ], [ -81.694631, 35.500705 ], [ -81.694654, 35.500415 ], [ -81.694678, 35.500124 ], [ -81.694719, 35.499834 ], [ -81.694761, 35.499545 ], [ -81.694802, 35.499255 ], [ -81.694844, 35.498966 ], [ -81.694885, 35.498676 ], [ -81.694926, 35.498386 ], [ -81.694956, 35.498094 ], [ -81.694985, 35.497802 ], [ -81.695014, 35.49751 ], [ -81.695052, 35.497131 ], [ -81.695072, 35.496925 ], [ -81.695102, 35.496633 ], [ -81.695131, 35.496341 ], [ -81.69516, 35.496049 ], [ -81.695189, 35.495756 ], [ -81.695197, 35.495465 ], [ -81.695205, 35.495174 ], [ -81.695213, 35.494883 ], [ -81.69522, 35.494591 ], [ -81.695228, 35.4943 ], [ -81.695236, 35.494009 ], [ -81.695244, 35.493718 ], [ -81.695252, 35.493426 ], [ -81.695259, 35.493135 ], [ -81.695267, 35.492844 ], [ -81.695286, 35.492562 ], [ -81.695305, 35.49228 ], [ -81.695324, 35.491999 ], [ -81.695342, 35.491717 ], [ -81.695361, 35.491435 ], [ -81.69538, 35.491153 ], [ -81.695399, 35.490871 ], [ -81.695418, 35.49059 ], [ -81.695436, 35.490308 ], [ -81.695455, 35.490026 ], [ -81.695474, 35.489744 ], [ -81.695493, 35.489463 ], [ -81.695512, 35.489181 ], [ -81.69553, 35.488899 ], [ -81.695557, 35.488502 ], [ -81.695568, 35.488336 ], [ -81.695587, 35.488054 ], [ -81.695606, 35.487772 ], [ -81.695624, 35.48749 ], [ -81.695643, 35.487208 ], [ -81.695662, 35.486927 ], [ -81.695681, 35.486645 ], [ -81.6957, 35.486363 ], [ -81.695718, 35.486081 ], [ -81.69573, 35.485909 ], [ -81.695737, 35.4858 ], [ -81.695756, 35.485518 ], [ -81.695775, 35.485236 ], [ -81.695794, 35.484954 ], [ -81.695812, 35.484672 ], [ -81.695831, 35.484393 ], [ -81.695849, 35.484113 ], [ -81.695863, 35.483901 ], [ -81.695886, 35.483554 ], [ -81.695904, 35.483274 ], [ -81.695922, 35.482995 ], [ -81.69594, 35.482715 ], [ -81.695959, 35.482436 ], [ -81.695977, 35.482156 ], [ -81.695995, 35.481876 ], [ -81.696014, 35.481597 ], [ -81.696032, 35.481317 ], [ -81.69605, 35.481038 ], [ -81.696069, 35.480758 ], [ -81.696087, 35.480478 ], [ -81.696105, 35.480199 ], [ -81.696123, 35.479919 ], [ -81.696148, 35.479536 ], [ -81.69616, 35.47936 ], [ -81.696178, 35.47908 ], [ -81.696197, 35.478801 ], [ -81.696215, 35.478521 ], [ -81.696233, 35.478241 ], [ -81.696251, 35.477962 ], [ -81.69627, 35.477682 ], [ -81.696288, 35.477403 ], [ -81.696306, 35.477123 ], [ -81.696325, 35.476843 ], [ -81.696343, 35.476564 ], [ -81.696361, 35.476284 ], [ -81.696379, 35.476005 ], [ -81.696398, 35.475725 ], [ -81.696416, 35.475445 ], [ -81.696434, 35.475166 ], [ -81.696453, 35.474886 ], [ -81.696471, 35.474607 ], [ -81.696489, 35.474327 ], [ -81.696497, 35.474039 ], [ -81.696504, 35.473751 ], [ -81.696511, 35.473462 ], [ -81.696518, 35.473174 ], [ -81.696526, 35.472886 ], [ -81.696533, 35.472598 ], [ -81.69654, 35.47231 ], [ -81.696548, 35.472022 ], [ -81.696555, 35.471733 ], [ -81.696562, 35.471445 ], [ -81.69657, 35.471157 ], [ -81.696576, 35.470924 ], [ -81.696584, 35.470581 ], [ -81.696592, 35.470293 ], [ -81.696599, 35.470004 ], [ -81.696606, 35.469716 ], [ -81.696613, 35.469428 ], [ -81.696621, 35.46914 ], [ -81.696628, 35.468852 ], [ -81.696635, 35.468564 ], [ -81.696667, 35.468285 ], [ -81.696698, 35.468006 ], [ -81.696729, 35.467727 ], [ -81.69676, 35.467448 ], [ -81.696792, 35.467169 ], [ -81.696823, 35.46689 ], [ -81.696854, 35.466611 ], [ -81.696881, 35.466371 ], [ -81.697135, 35.4641 ], [ -81.697323, 35.462426 ], [ -81.697399, 35.461746 ], [ -81.697448, 35.46131 ], [ -81.69751, 35.460753 ], [ -81.697567, 35.460243 ], [ -81.69776, 35.458509 ], [ -81.697853, 35.457664 ], [ -81.697915, 35.4571 ], [ -81.697977, 35.456537 ], [ -81.69799, 35.456261 ], [ -81.698014, 35.455709 ], [ -81.698039, 35.455157 ], [ -81.698063, 35.454605 ], [ -81.69808, 35.454233 ], [ -81.698112, 35.453501 ], [ -81.698149, 35.452673 ], [ -81.698185, 35.451845 ], [ -81.698234, 35.450741 ], [ -81.698283, 35.449638 ], [ -81.69832, 35.44881 ], [ -81.698357, 35.447982 ], [ -81.698406, 35.446878 ], [ -81.698455, 35.445774 ], [ -81.698528, 35.444118 ], [ -81.698577, 35.443014 ], [ -81.698617, 35.442113 ], [ -81.698626, 35.44191 ], [ -81.69865, 35.441358 ], [ -81.698674, 35.440831 ], [ -81.698699, 35.440254 ], [ -81.698724, 35.439703 ], [ -81.698746, 35.439194 ], [ -81.698761, 35.438875 ], [ -81.698785, 35.438323 ], [ -81.698797, 35.438047 ], [ -81.69881, 35.437771 ], [ -81.698834, 35.437219 ], [ -81.698859, 35.436667 ], [ -81.698864, 35.436547 ], [ -81.698895, 35.435839 ], [ -81.698932, 35.435011 ], [ -81.698956, 35.434459 ], [ -81.698993, 35.433631 ], [ -81.69903, 35.432803 ], [ -81.699054, 35.432251 ], [ -81.699079, 35.431699 ], [ -81.69911, 35.431006 ], [ -81.69914, 35.430319 ], [ -81.699164, 35.429767 ], [ -81.699201, 35.42894 ], [ -81.699238, 35.428112 ], [ -81.699274, 35.427284 ], [ -81.699299, 35.426732 ], [ -81.699336, 35.425904 ], [ -81.699349, 35.425605 ], [ -81.699372, 35.425076 ], [ -81.699397, 35.424524 ], [ -81.699421, 35.423972 ], [ -81.699446, 35.42342 ], [ -81.699482, 35.422592 ], [ -81.699507, 35.42204 ], [ -81.699531, 35.421488 ], [ -81.699556, 35.420936 ], [ -81.699592, 35.420108 ], [ -81.699629, 35.41928 ], [ -81.699662, 35.418537 ], [ -81.699678, 35.418177 ], [ -81.699726, 35.41761 ], [ -81.699816, 35.416535 ], [ -81.699892, 35.415626 ], [ -81.699964, 35.414776 ], [ -81.700035, 35.413926 ], [ -81.700083, 35.41336 ], [ -81.700085, 35.413072 ], [ -81.700088, 35.412784 ], [ -81.7001, 35.411633 ], [ -81.700109, 35.410786 ], [ -81.700149, 35.410216 ], [ -81.700189, 35.409661 ], [ -81.700252, 35.408783 ], [ -81.700269, 35.408552 ], [ -81.700309, 35.407998 ], [ -81.700349, 35.407443 ], [ -81.700388, 35.406889 ], [ -81.700408, 35.406612 ], [ -81.700448, 35.406057 ], [ -81.700488, 35.405503 ], [ -81.700508, 35.405225 ], [ -81.700528, 35.404948 ], [ -81.700548, 35.404671 ], [ -81.700588, 35.404116 ], [ -81.700608, 35.403839 ], [ -81.700628, 35.403562 ], [ -81.700647, 35.403285 ], [ -81.700696, 35.403007 ], [ -81.700744, 35.402728 ], [ -81.700792, 35.40245 ], [ -81.70084, 35.402172 ], [ -81.700888, 35.401893 ], [ -81.700936, 35.401615 ], [ -81.700947, 35.401338 ], [ -81.700957, 35.401061 ], [ -81.700971, 35.400656 ], [ -81.701009, 35.399675 ], [ -81.70103, 35.399121 ], [ -81.70105, 35.398567 ], [ -81.701061, 35.39829 ], [ -81.701082, 35.397736 ], [ -81.701102, 35.397181 ], [ -81.701123, 35.396627 ], [ -81.701144, 35.396073 ], [ -81.701161, 35.395606 ], [ -81.701185, 35.394965 ], [ -81.701206, 35.39441 ], [ -81.701227, 35.393856 ], [ -81.701249, 35.3933 ], [ -81.701274, 35.392743 ], [ -81.70131, 35.391907 ], [ -81.701347, 35.391072 ], [ -81.701396, 35.389957 ], [ -81.701433, 35.389121 ], [ -81.701469, 35.388286 ], [ -81.701506, 35.38745 ], [ -81.701537, 35.386744 ], [ -81.701555, 35.386335 ], [ -81.701567, 35.386057 ], [ -81.701579, 35.385778 ], [ -81.701591, 35.3855 ], [ -81.701608, 35.385114 ], [ -81.70164, 35.384385 ], [ -81.701676, 35.383548 ], [ -81.701698, 35.382987 ], [ -81.70171, 35.382707 ], [ -81.701721, 35.382426 ], [ -81.701743, 35.381866 ], [ -81.701788, 35.380744 ], [ -81.701811, 35.380184 ], [ -81.701844, 35.379343 ], [ -81.701878, 35.378502 ], [ -81.701912, 35.377661 ], [ -81.701938, 35.377111 ], [ -81.701963, 35.376561 ], [ -81.702002, 35.375737 ], [ -81.702028, 35.375187 ], [ -81.702066, 35.374362 ], [ -81.702105, 35.373537 ], [ -81.702131, 35.372987 ], [ -81.702144, 35.372713 ], [ -81.702169, 35.372163 ], [ -81.702195, 35.371613 ], [ -81.702221, 35.371063 ], [ -81.702259, 35.370238 ], [ -81.702285, 35.369688 ], [ -81.702311, 35.369139 ], [ -81.70235, 35.368314 ], [ -81.702368, 35.36791 ], [ -81.702401, 35.367214 ], [ -81.70244, 35.36639 ], [ -81.702465, 35.365839 ], [ -81.70249, 35.365288 ], [ -81.702515, 35.364738 ], [ -81.70254, 35.364187 ], [ -81.702578, 35.363361 ], [ -81.702615, 35.362535 ], [ -81.702653, 35.361709 ], [ -81.702678, 35.361158 ], [ -81.702715, 35.360332 ], [ -81.702728, 35.360057 ], [ -81.702753, 35.359506 ], [ -81.702778, 35.358956 ], [ -81.702803, 35.358405 ], [ -81.702828, 35.357854 ], [ -81.702841, 35.357579 ], [ -81.70285, 35.35738 ], [ -81.702853, 35.357304 ], [ -81.702962, 35.357044 ], [ -81.703178, 35.356523 ], [ -81.703394, 35.356003 ], [ -81.703611, 35.355482 ], [ -81.703935, 35.354702 ], [ -81.70426, 35.353921 ], [ -81.704584, 35.35314 ], [ -81.704909, 35.35236 ], [ -81.705233, 35.351579 ], [ -81.70545, 35.351059 ], [ -81.705991, 35.349758 ], [ -81.706423, 35.348717 ], [ -81.706856, 35.347676 ], [ -81.707072, 35.347155 ], [ -81.707302, 35.346602 ], [ -81.708239, 35.344349 ], [ -81.708927, 35.342707 ], [ -81.709606, 35.341095 ], [ -81.71031, 35.339392 ], [ -81.712389, 35.334435 ], [ -81.712472, 35.334236 ], [ -81.713106, 35.332705 ], [ -81.7142, 35.330065 ], [ -81.718837, 35.318877 ], [ -81.719578, 35.317086 ], [ -81.719612, 35.317004 ], [ -81.719665, 35.316875 ], [ -81.719689, 35.316818 ], [ -81.721256, 35.313033 ], [ -81.722934, 35.308984 ], [ -81.724335, 35.305605 ], [ -81.724543, 35.305104 ], [ -81.724579, 35.305017 ], [ -81.724614, 35.304932 ], [ -81.724625, 35.304906 ], [ -81.724756, 35.304589 ], [ -81.724763, 35.304572 ], [ -81.725128, 35.303727 ], [ -81.725128, 35.30371 ], [ -81.727095, 35.298962 ], [ -81.727377, 35.298285 ], [ -81.727396, 35.298241 ], [ -81.728432, 35.295744 ], [ -81.728506, 35.295556 ], [ -81.729106, 35.294121 ], [ -81.729228, 35.293829 ], [ -81.729669, 35.29277 ], [ -81.731303, 35.288842 ], [ -81.73132, 35.288802 ], [ -81.733349, 35.283922 ], [ -81.733633, 35.283241 ], [ -81.733739, 35.282986 ], [ -81.734951, 35.280075 ], [ -81.735212, 35.27945 ], [ -81.7376, 35.27366 ], [ -81.737636, 35.273572 ], [ -81.737643, 35.273555 ], [ -81.737653, 35.27353 ], [ -81.74046, 35.266731 ], [ -81.740485, 35.266672 ], [ -81.740895, 35.265679 ], [ -81.740908, 35.265648 ], [ -81.741497, 35.26422 ], [ -81.743024, 35.260518 ], [ -81.743242, 35.259999 ], [ -81.743934, 35.258364 ], [ -81.745831, 35.253862 ], [ -81.74588, 35.253745 ], [ -81.747408, 35.250123 ], [ -81.74775, 35.249438 ], [ -81.74929, 35.245864 ], [ -81.749479, 35.245425 ], [ -81.749592, 35.245163 ], [ -81.749705, 35.2449 ], [ -81.749818, 35.244638 ], [ -81.749934, 35.244375 ], [ -81.750283, 35.243586 ], [ -81.750516, 35.24306 ], [ -81.750749, 35.242535 ], [ -81.750981, 35.242009 ], [ -81.751214, 35.241483 ], [ -81.751563, 35.240694 ], [ -81.751912, 35.239905 ], [ -81.752151, 35.239364 ], [ -81.752261, 35.239116 ], [ -81.752493, 35.23859 ], [ -81.752655, 35.238225 ], [ -81.752959, 35.237539 ], [ -81.753424, 35.236487 ], [ -81.753657, 35.235961 ], [ -81.753998, 35.235178 ], [ -81.754111, 35.234917 ], [ -81.754679, 35.233612 ], [ -81.757165, 35.227903 ], [ -81.757214, 35.227778 ], [ -81.7583, 35.225386 ], [ -81.758536, 35.224864 ], [ -81.759383, 35.222993 ], [ -81.759541, 35.222646 ], [ -81.759631, 35.222203 ], [ -81.759709, 35.221815 ], [ -81.75975, 35.221617 ], [ -81.759849, 35.22118 ], [ -81.759921, 35.220864 ], [ -81.759986, 35.22045 ], [ -81.760045, 35.220158 ], [ -81.760101, 35.219884 ], [ -81.760157, 35.219605 ], [ -81.76027, 35.219052 ], [ -81.760382, 35.218499 ], [ -81.760438, 35.218223 ], [ -81.76048, 35.218013 ], [ -81.760494, 35.217946 ], [ -81.76055, 35.21767 ], [ -81.760579, 35.21752 ], [ -81.76083, 35.216287 ], [ -81.761054, 35.215182 ], [ -81.761446, 35.213246 ], [ -81.761726, 35.211864 ], [ -81.761782, 35.211588 ], [ -81.761873, 35.211139 ], [ -81.762508, 35.208009 ], [ -81.762603, 35.207541 ], [ -81.762637, 35.207371 ], [ -81.762728, 35.206923 ], [ -81.762838, 35.20638 ], [ -81.762893, 35.206108 ], [ -81.762956, 35.205829 ], [ -81.763099, 35.205124 ], [ -81.763156, 35.20484 ], [ -81.763295, 35.204157 ], [ -81.763438, 35.203423 ], [ -81.763499, 35.203122 ], [ -81.763609, 35.202579 ], [ -81.763719, 35.202036 ], [ -81.763829, 35.201493 ], [ -81.763939, 35.20095 ], [ -81.763995, 35.200678 ], [ -81.764106, 35.200129 ], [ -81.764215, 35.199592 ], [ -81.764253, 35.199404 ], [ -81.765432, 35.193593 ], [ -81.766251, 35.189596 ], [ -81.768102, 35.180611 ], [ -81.774945, 35.18079 ], [ -81.777102, 35.180846 ], [ -81.778173, 35.180874 ], [ -81.778947, 35.180879 ], [ -81.77971, 35.18091 ], [ -81.780144, 35.180933 ], [ -81.783267, 35.181008 ], [ -81.787649, 35.181113 ], [ -81.793204, 35.181247 ], [ -81.795449, 35.181325 ], [ -81.796279, 35.181354 ], [ -81.796403, 35.181347 ], [ -81.796601, 35.181336 ], [ -81.796745, 35.181339 ], [ -81.797284, 35.181355 ], [ -81.798904, 35.181405 ], [ -81.799444, 35.181422 ], [ -81.801788, 35.181498 ], [ -81.803051, 35.18154 ], [ -81.804494, 35.181617 ], [ -81.805695, 35.181667 ], [ -81.806208, 35.181695 ], [ -81.807003, 35.181724 ], [ -81.809816, 35.181826 ], [ -81.8116, 35.18189 ], [ -81.812549, 35.181924 ], [ -81.814136, 35.181993 ], [ -81.815386, 35.182047 ], [ -81.815843, 35.182067 ], [ -81.81741, 35.182135 ], [ -81.820352, 35.182262 ], [ -81.828907, 35.182632 ], [ -81.83325, 35.182671 ], [ -81.834866, 35.182685 ], [ -81.836683, 35.182757 ], [ -81.840432, 35.182905 ], [ -81.840598, 35.182912 ], [ -81.840943, 35.182926 ], [ -81.84404, 35.183035 ], [ -81.84409, 35.183036 ], [ -81.849569, 35.183231 ], [ -81.849761, 35.183226 ], [ -81.850024, 35.183235 ], [ -81.850215, 35.183241 ], [ -81.857625, 35.183501 ], [ -81.857651, 35.183502 ], [ -81.857838, 35.183508 ], [ -81.86812, 35.183868 ], [ -81.86814, 35.183869 ], [ -81.869968, 35.183933 ], [ -81.870409, 35.183943 ], [ -81.871913, 35.183975 ], [ -81.874389, 35.184031 ], [ -81.874597, 35.184034 ], [ -81.874689, 35.184036 ], [ -81.875268, 35.184049 ], [ -81.87653, 35.184076 ], [ -81.876888, 35.184085 ], [ -81.880317, 35.184159 ], [ -81.881337, 35.184181 ], [ -81.88158, 35.184186 ], [ -81.882589, 35.184208 ], [ -81.883495, 35.184228 ], [ -81.883969, 35.184238 ], [ -81.888079, 35.184328 ], [ -81.889735, 35.184383 ], [ -81.89021, 35.184399 ], [ -81.891176, 35.184422 ], [ -81.891205, 35.184423 ], [ -81.892659, 35.184471 ], [ -81.897111, 35.184621 ], [ -81.898595, 35.184671 ], [ -81.898812, 35.184678 ], [ -81.899016, 35.184685 ], [ -81.899466, 35.184699 ], [ -81.899684, 35.184707 ], [ -81.899767, 35.184709 ], [ -81.900016, 35.184718 ], [ -81.9001, 35.184721 ], [ -81.901368, 35.184762 ], [ -81.905174, 35.184885 ], [ -81.906443, 35.184926 ], [ -81.908901, 35.185005 ], [ -81.909625, 35.185029 ], [ -81.915414, 35.185215 ], [ -81.916277, 35.185243 ], [ -81.918511, 35.185316 ], [ -81.918715, 35.185341 ], [ -81.918743, 35.185345 ], [ -81.924326, 35.18553 ], [ -81.925609, 35.185572 ], [ -81.925729, 35.185576 ], [ -81.930763, 35.18573 ], [ -81.933932, 35.185827 ], [ -81.93813, 35.185955 ], [ -81.942735, 35.186096 ], [ -81.943424, 35.186117 ], [ -81.946547, 35.186241 ], [ -81.950761, 35.186408 ], [ -81.953727, 35.186527 ], [ -81.95465, 35.186563 ], [ -81.957355, 35.18667 ], [ -81.958263, 35.186707 ], [ -81.958586, 35.186722 ], [ -81.959513, 35.186765 ], [ -81.959825, 35.18678 ], [ -81.96173, 35.186867 ], [ -81.966631, 35.187092 ], [ -81.967442, 35.187129 ], [ -81.969348, 35.187217 ], [ -81.96932, 35.187368 ], [ -81.969307, 35.187432 ], [ -81.969257, 35.187841 ], [ -81.969234, 35.188041 ], [ -81.969218, 35.188245 ], [ -81.969219, 35.188628 ], [ -81.969228, 35.189273 ], [ -81.969235, 35.189752 ], [ -81.969246, 35.190494 ], [ -81.969246, 35.190664 ], [ -81.969249, 35.191125 ], [ -81.969263, 35.191484 ], [ -81.969303, 35.191971 ], [ -81.969353, 35.192387 ], [ -81.969419, 35.19276 ], [ -81.96953, 35.193275 ], [ -81.969553, 35.193377 ], [ -81.969628, 35.19371 ], [ -81.969707, 35.194122 ], [ -81.969711, 35.194142 ], [ -81.969733, 35.194272 ], [ -81.969879, 35.195136 ], [ -81.969896, 35.195236 ], [ -81.969919, 35.195369 ], [ -81.970001, 35.195852 ], [ -81.970316, 35.197767 ], [ -81.970438, 35.198608 ], [ -81.970445, 35.198668 ], [ -81.970447, 35.198686 ], [ -81.970549, 35.199512 ], [ -81.970578, 35.199774 ], [ -81.970649, 35.200415 ], [ -81.970654, 35.200455 ], [ -81.970689, 35.200887 ], [ -81.970723, 35.201493 ], [ -81.970761, 35.202141 ], [ -81.970775, 35.202349 ], [ -81.970812, 35.202876 ], [ -81.970825, 35.202993 ], [ -81.970855, 35.203247 ], [ -81.970888, 35.203495 ], [ -81.97097, 35.204109 ], [ -81.970999, 35.204382 ], [ -81.97101, 35.204602 ], [ -81.97102, 35.205009 ], [ -81.971021, 35.205043 ], [ -81.971041, 35.205289 ], [ -81.971045, 35.205515 ], [ -81.971039, 35.205675 ], [ -81.971026, 35.205827 ], [ -81.971007, 35.205968 ], [ -81.970949, 35.206249 ], [ -81.970809, 35.206731 ], [ -81.970701, 35.207147 ], [ -81.970657, 35.207284 ], [ -81.970606, 35.20742 ], [ -81.970518, 35.207622 ], [ -81.970491, 35.20767 ], [ -81.970465, 35.20772 ], [ -81.970402, 35.207809 ], [ -81.970265, 35.207983 ], [ -81.970181, 35.208118 ], [ -81.970024, 35.208394 ], [ -81.969928, 35.208534 ], [ -81.969826, 35.208685 ], [ -81.969699, 35.208909 ], [ -81.96966, 35.208993 ], [ -81.969627, 35.209078 ], [ -81.969583, 35.209242 ], [ -81.969572, 35.209324 ], [ -81.969573, 35.209462 ], [ -81.969582, 35.209532 ], [ -81.969604, 35.209608 ], [ -81.969645, 35.209705 ], [ -81.969735, 35.209847 ], [ -81.969814, 35.209937 ], [ -81.969846, 35.209973 ], [ -81.969883, 35.210007 ], [ -81.969976, 35.210088 ], [ -81.970189, 35.210266 ], [ -81.970432, 35.210469 ], [ -81.970566, 35.210593 ], [ -81.970628, 35.210657 ], [ -81.970683, 35.210726 ], [ -81.970762, 35.210864 ], [ -81.970822, 35.21101 ], [ -81.970847, 35.211088 ], [ -81.970881, 35.211249 ], [ -81.970894, 35.211416 ], [ -81.970882, 35.211589 ], [ -81.970838, 35.211768 ], [ -81.970745, 35.212085 ], [ -81.970629, 35.212437 ], [ -81.970271, 35.213421 ], [ -81.970236, 35.213529 ], [ -81.970169, 35.213738 ], [ -81.969886, 35.214693 ], [ -81.969672, 35.215368 ], [ -81.969551, 35.215659 ], [ -81.969508, 35.215793 ], [ -81.969382, 35.216197 ], [ -81.969341, 35.216332 ], [ -81.969068, 35.216936 ], [ -81.969004, 35.21707 ], [ -81.968918, 35.217253 ], [ -81.968432, 35.218324 ], [ -81.967987, 35.219282 ], [ -81.967885, 35.219488 ], [ -81.967706, 35.219827 ], [ -81.967623, 35.219973 ], [ -81.967606, 35.219998 ], [ -81.967479, 35.220182 ], [ -81.96737, 35.22032 ], [ -81.967118, 35.220619 ], [ -81.967045, 35.220707 ], [ -81.966613, 35.221204 ], [ -81.966389, 35.221472 ], [ -81.96617, 35.221742 ], [ -81.965943, 35.222039 ], [ -81.96563, 35.222466 ], [ -81.965258, 35.222978 ], [ -81.965167, 35.223142 ], [ -81.965003, 35.223343 ], [ -81.964798, 35.223596 ], [ -81.964593, 35.223848 ], [ -81.964388, 35.2241 ], [ -81.964178, 35.224357 ], [ -81.963977, 35.224604 ], [ -81.963793, 35.224889 ], [ -81.963609, 35.225175 ], [ -81.963425, 35.22546 ], [ -81.96327, 35.225754 ], [ -81.963115, 35.226048 ], [ -81.963034, 35.226201 ], [ -81.962994, 35.226278 ], [ -81.962983, 35.226297 ], [ -81.96296, 35.226341 ], [ -81.962861, 35.22661 ], [ -81.962806, 35.22686 ], [ -81.962848, 35.227143 ], [ -81.962936, 35.22746 ], [ -81.963097, 35.22774 ], [ -81.963377, 35.228017 ], [ -81.963714, 35.228364 ], [ -81.963899, 35.228679 ], [ -81.964069, 35.229198 ], [ -81.964207, 35.229572 ], [ -81.964345, 35.229946 ], [ -81.96454, 35.230261 ], [ -81.964786, 35.230494 ], [ -81.965061, 35.23067 ], [ -81.965345, 35.230851 ], [ -81.965462, 35.230926 ], [ -81.965591, 35.231009 ], [ -81.965679, 35.231062 ], [ -81.965601, 35.234049 ], [ -81.965591, 35.234389 ], [ -81.965577, 35.234943 ], [ -81.965563, 35.235497 ], [ -81.965548, 35.236051 ], [ -81.965534, 35.236605 ], [ -81.965519, 35.237159 ], [ -81.965505, 35.237713 ], [ -81.965491, 35.238267 ], [ -81.965478, 35.238763 ], [ -81.965476, 35.238821 ], [ -81.965462, 35.239375 ], [ -81.965448, 35.239929 ], [ -81.965433, 35.240483 ], [ -81.965419, 35.241037 ], [ -81.965404, 35.241591 ], [ -81.96539, 35.242145 ], [ -81.965376, 35.242699 ], [ -81.965361, 35.243253 ], [ -81.965347, 35.243807 ], [ -81.965344, 35.243925 ], [ -81.965333, 35.244361 ], [ -81.96533, 35.244506 ], [ -81.965327, 35.2446 ], [ -81.965251, 35.244721 ], [ -81.965221, 35.244769 ], [ -81.965212, 35.244784 ], [ -81.965198, 35.244827 ], [ -81.965131, 35.245059 ], [ -81.964894, 35.245886 ], [ -81.964884, 35.245924 ], [ -81.964817, 35.246162 ], [ -81.964626, 35.246819 ], [ -81.964508, 35.247237 ], [ -81.96413, 35.248554 ], [ -81.96406, 35.248792 ], [ -81.963929, 35.249242 ], [ -81.963897, 35.249345 ], [ -81.963869, 35.24945 ], [ -81.964283, 35.249499 ], [ -81.964368, 35.249547 ], [ -81.964445, 35.249591 ], [ -81.965399, 35.249525 ], [ -81.965895, 35.249584 ], [ -81.966056, 35.249604 ], [ -81.966251, 35.249518 ], [ -81.966391, 35.24952 ], [ -81.966922, 35.249527 ], [ -81.96731, 35.249609 ], [ -81.96751, 35.249742 ], [ -81.967622, 35.249864 ], [ -81.967593, 35.25 ], [ -81.967564, 35.250065 ], [ -81.967676, 35.250187 ], [ -81.967882, 35.250284 ], [ -81.968024, 35.25045 ], [ -81.968398, 35.250888 ], [ -81.968829, 35.251951 ], [ -81.969007, 35.252442 ], [ -81.969023, 35.252842 ], [ -81.968604, 35.255357 ], [ -81.968544, 35.255928 ], [ -81.968568, 35.256627 ], [ -81.96858, 35.256944 ], [ -81.968788, 35.257764 ], [ -81.969168, 35.258135 ], [ -81.969512, 35.258212 ], [ -81.969587, 35.258293 ], [ -81.969811, 35.258537 ], [ -81.970017, 35.258634 ], [ -81.971683, 35.258834 ], [ -81.972109, 35.258957 ], [ -81.973134, 35.259477 ], [ -81.974075, 35.260205 ], [ -81.975571, 35.261576 ], [ -81.975777, 35.261673 ], [ -81.975964, 35.261876 ], [ -81.976051, 35.261887 ], [ -81.976556, 35.262309 ], [ -81.976837, 35.262607 ], [ -81.976971, 35.262725 ], [ -81.977297, 35.263037 ], [ -81.977622, 35.26335 ], [ -81.977971, 35.263351 ], [ -81.978669, 35.263354 ], [ -81.979367, 35.263357 ], [ -81.980065, 35.26336 ], [ -81.980763, 35.263363 ], [ -81.981461, 35.263366 ], [ -81.982159, 35.263369 ], [ -81.982508, 35.263371 ], [ -81.982597, 35.263641 ], [ -81.982686, 35.263911 ], [ -81.982874, 35.264309 ], [ -81.983008, 35.26445 ], [ -81.983159, 35.26461 ], [ -81.983484, 35.264827 ], [ -81.98381, 35.265044 ], [ -81.984093, 35.265193 ], [ -81.984376, 35.265343 ], [ -81.984703, 35.265467 ], [ -81.98503, 35.265592 ], [ -81.985365, 35.265627 ], [ -81.985701, 35.265663 ], [ -81.986037, 35.2657 ], [ -81.98638, 35.265757 ], [ -81.986722, 35.265815 ], [ -81.986731, 35.265793 ], [ -81.986813, 35.265812 ], [ -81.98684, 35.265817 ], [ -81.986888, 35.265826 ], [ -81.986926, 35.265832 ], [ -81.987022, 35.26585 ], [ -81.98704, 35.265855 ], [ -81.987078, 35.265866 ], [ -81.987123, 35.265879 ], [ -81.987205, 35.265912 ], [ -81.987375, 35.265798 ], [ -81.987598, 35.265756 ], [ -81.987842, 35.265816 ], [ -81.988089, 35.265972 ], [ -81.988411, 35.266351 ], [ -81.988459, 35.266372 ], [ -81.988492, 35.266387 ], [ -81.98853, 35.266404 ], [ -81.988672, 35.266484 ], [ -81.988781, 35.266554 ], [ -81.988989, 35.266703 ], [ -81.989465, 35.267025 ], [ -81.989563, 35.267092 ], [ -81.989936, 35.26735 ], [ -81.990316, 35.267602 ], [ -81.990446, 35.267682 ], [ -81.990716, 35.267831 ], [ -81.991032, 35.267984 ], [ -81.991233, 35.268068 ], [ -81.991641, 35.268229 ], [ -81.991954, 35.26837 ], [ -81.992107, 35.268447 ], [ -81.992359, 35.268591 ], [ -81.992479, 35.268669 ], [ -81.992605, 35.268766 ], [ -81.99292, 35.269008 ], [ -81.993437, 35.269389 ], [ -81.993563, 35.269492 ], [ -81.993613, 35.269533 ], [ -81.993663, 35.269562 ], [ -81.993741, 35.269593 ], [ -81.993782, 35.269604 ], [ -81.993823, 35.269609 ], [ -81.993868, 35.269645 ], [ -81.994219, 35.269847 ], [ -81.994569, 35.270049 ], [ -81.99492, 35.270251 ], [ -81.995262, 35.270408 ], [ -81.995604, 35.270565 ], [ -81.995719, 35.270615 ], [ -81.995764, 35.27065 ], [ -81.995881, 35.270758 ], [ -81.995991, 35.270871 ], [ -81.996098, 35.270992 ], [ -81.996318, 35.271263 ], [ -81.996371, 35.271339 ], [ -81.996417, 35.271421 ], [ -81.996474, 35.271549 ], [ -81.996523, 35.271703 ], [ -81.99653, 35.27174 ], [ -81.996534, 35.271803 ], [ -81.996516, 35.271995 ], [ -81.99651, 35.272205 ], [ -81.996513, 35.272284 ], [ -81.996517, 35.272349 ], [ -81.996531, 35.272461 ], [ -81.99656, 35.272563 ], [ -81.996617, 35.272691 ], [ -81.996677, 35.272801 ], [ -81.996731, 35.272889 ], [ -81.996755, 35.272929 ], [ -81.996829, 35.27305 ], [ -81.996836, 35.273061 ], [ -81.996856, 35.273089 ], [ -81.99689, 35.273134 ], [ -81.996965, 35.273216 ], [ -81.997001, 35.273248 ], [ -81.997049, 35.273291 ], [ -81.997125, 35.273347 ], [ -81.997372, 35.273499 ], [ -81.997477, 35.273575 ], [ -81.997532, 35.27362 ], [ -81.997675, 35.273738 ], [ -81.997698, 35.273759 ], [ -81.997845, 35.273897 ], [ -81.997924, 35.273981 ], [ -81.997953, 35.274016 ], [ -81.997997, 35.274068 ], [ -81.998076, 35.274177 ], [ -81.998248, 35.274451 ], [ -81.99853, 35.27494 ], [ -81.998578, 35.275022 ], [ -81.998716, 35.275253 ], [ -81.998733, 35.275282 ], [ -81.998787, 35.275372 ], [ -81.998805, 35.275402 ], [ -81.998813, 35.275416 ], [ -81.99884, 35.27546 ], [ -81.998849, 35.275475 ], [ -81.998912, 35.275582 ], [ -81.99913, 35.275837 ], [ -81.999297, 35.275987 ], [ -81.99943, 35.276182 ], [ -81.999436, 35.276351 ], [ -81.999366, 35.276625 ], [ -81.999362, 35.276779 ], [ -81.999364, 35.276879 ], [ -81.999381, 35.276927 ], [ -81.999439, 35.277102 ], [ -81.999502, 35.277318 ], [ -81.999534, 35.277424 ], [ -81.999544, 35.277449 ], [ -81.999558, 35.277487 ], [ -81.999635, 35.277663 ], [ -81.999658, 35.277752 ], [ -81.999676, 35.277819 ], [ -81.999704, 35.277998 ], [ -81.999718, 35.2782 ], [ -81.999721, 35.278345 ], [ -81.999709, 35.278721 ], [ -81.9997, 35.279046 ], [ -81.999698, 35.279119 ], [ -81.99969, 35.279242 ], [ -81.999641, 35.279769 ], [ -81.999639, 35.279847 ], [ -81.999637, 35.280049 ], [ -81.999637, 35.280068 ], [ -81.999643, 35.2802 ], [ -81.999644, 35.280218 ], [ -81.999676, 35.280547 ], [ -81.999688, 35.280631 ], [ -81.999694, 35.280651 ], [ -81.999714, 35.280714 ], [ -81.999748, 35.280793 ], [ -81.999785, 35.280876 ], [ -81.999848, 35.281007 ], [ -82.000065, 35.28141 ], [ -82.000177, 35.281637 ], [ -82.000283, 35.28185 ], [ -82.000371, 35.282028 ], [ -82.000575, 35.282405 ], [ -82.000611, 35.282467 ], [ -82.000653, 35.282541 ], [ -82.000769, 35.282701 ], [ -82.000817, 35.282756 ], [ -82.000881, 35.282815 ], [ -82.00095, 35.282871 ], [ -82.001022, 35.282923 ], [ -82.001167, 35.283009 ], [ -82.001351, 35.283095 ], [ -82.001462, 35.283137 ], [ -82.001572, 35.283172 ], [ -82.001685, 35.283203 ], [ -82.002419, 35.283383 ], [ -82.002932, 35.28351 ], [ -82.003096, 35.28356 ], [ -82.003178, 35.283585 ], [ -82.003261, 35.283619 ], [ -82.003356, 35.283669 ], [ -82.003446, 35.283724 ], [ -82.003501, 35.283763 ], [ -82.003605, 35.28385 ], [ -82.003688, 35.283907 ], [ -82.003782, 35.283945 ], [ -82.003919, 35.283979 ], [ -82.003988, 35.283991 ], [ -82.004069, 35.283998 ], [ -82.004414, 35.283996 ], [ -82.004663, 35.283982 ], [ -82.004816, 35.283964 ], [ -82.005067, 35.283946 ], [ -82.005212, 35.283945 ], [ -82.00526, 35.283948 ], [ -82.005424, 35.283976 ], [ -82.005502, 35.284 ], [ -82.005577, 35.284033 ], [ -82.005648, 35.284073 ], [ -82.005715, 35.284117 ], [ -82.005782, 35.284169 ], [ -82.005964, 35.284342 ], [ -82.006091, 35.284443 ], [ -82.006223, 35.284538 ], [ -82.006476, 35.2847 ], [ -82.0067, 35.284866 ], [ -82.006945, 35.285064 ], [ -82.007007, 35.285124 ], [ -82.007066, 35.285193 ], [ -82.007161, 35.285331 ], [ -82.007199, 35.285399 ], [ -82.007291, 35.285622 ], [ -82.007338, 35.285706 ], [ -82.007368, 35.285744 ], [ -82.007407, 35.28578 ], [ -82.007452, 35.285811 ], [ -82.007628, 35.285907 ], [ -82.007788, 35.285982 ], [ -82.007869, 35.286031 ], [ -82.008019, 35.286141 ], [ -82.008342, 35.286417 ], [ -82.008557, 35.286623 ], [ -82.008654, 35.286731 ], [ -82.008747, 35.286847 ], [ -82.008832, 35.286967 ], [ -82.008989, 35.287213 ], [ -82.009163, 35.287528 ], [ -82.009268, 35.287743 ], [ -82.009293, 35.28782 ], [ -82.009305, 35.287859 ], [ -82.009314, 35.287917 ], [ -82.009313, 35.287943 ], [ -82.009699, 35.288102 ], [ -82.00974, 35.288199 ], [ -82.009836, 35.288419 ], [ -82.009866, 35.288488 ], [ -82.010032, 35.288873 ], [ -82.010246, 35.289316 ], [ -82.010511, 35.289692 ], [ -82.010873, 35.29 ], [ -82.011102, 35.290177 ], [ -82.011422, 35.29036 ], [ -82.011822, 35.290505 ], [ -82.012325, 35.290764 ], [ -82.012635, 35.290929 ], [ -82.012916, 35.291078 ], [ -82.012991, 35.291118 ], [ -82.013211, 35.291235 ], [ -82.013802, 35.291548 ], [ -82.014098, 35.291705 ], [ -82.014407, 35.29183 ], [ -82.014716, 35.291954 ], [ -82.014846, 35.292069 ], [ -82.015015, 35.29227 ], [ -82.01519, 35.292406 ], [ -82.015458, 35.292751 ], [ -82.015642, 35.292983 ], [ -82.015702, 35.293158 ], [ -82.015681, 35.293327 ], [ -82.015644, 35.293534 ], [ -82.01564, 35.293674 ], [ -82.01569, 35.293812 ], [ -82.01586, 35.294043 ], [ -82.01591, 35.294174 ], [ -82.015916, 35.294593 ], [ -82.016006, 35.294826 ], [ -82.016218, 35.295247 ], [ -82.016253, 35.295467 ], [ -82.016235, 35.295688 ], [ -82.0162, 35.295954 ], [ -82.016205, 35.296093 ], [ -82.016265, 35.296261 ], [ -82.016405, 35.296419 ], [ -82.016664, 35.296633 ], [ -82.016833, 35.296827 ], [ -82.016901, 35.296995 ], [ -82.016891, 35.297429 ], [ -82.016884, 35.29773 ], [ -82.016877, 35.298032 ], [ -82.016839, 35.298452 ], [ -82.016825, 35.298805 ], [ -82.016761, 35.299005 ], [ -82.016757, 35.299152 ], [ -82.017025, 35.299124 ], [ -82.017421, 35.29915 ], [ -82.017763, 35.299136 ], [ -82.018106, 35.299121 ], [ -82.018449, 35.299106 ], [ -82.019135, 35.299077 ], [ -82.019478, 35.299062 ], [ -82.019778, 35.298976 ], [ -82.020072, 35.298877 ], [ -82.020554, 35.298816 ], [ -82.020736, 35.298795 ], [ -82.020972, 35.298738 ], [ -82.021085, 35.298655 ], [ -82.021223, 35.29849 ], [ -82.02137, 35.298368 ], [ -82.021511, 35.298291 ], [ -82.021759, 35.298212 ], [ -82.022062, 35.298182 ], [ -82.022527, 35.298148 ], [ -82.022695, 35.298169 ], [ -82.022995, 35.298203 ], [ -82.023312, 35.29829 ], [ -82.023661, 35.298502 ], [ -82.023977, 35.29881 ], [ -82.024122, 35.299101 ], [ -82.024458, 35.299467 ], [ -82.024684, 35.299748 ], [ -82.024897, 35.299949 ], [ -82.02528, 35.300123 ], [ -82.025711, 35.300271 ], [ -82.026142, 35.300418 ], [ -82.026599, 35.300517 ], [ -82.027055, 35.300616 ], [ -82.027466, 35.300716 ], [ -82.027878, 35.300816 ], [ -82.028182, 35.300933 ], [ -82.028487, 35.30105 ], [ -82.028782, 35.301263 ], [ -82.029271, 35.301413 ], [ -82.029517, 35.301502 ], [ -82.029613, 35.301676 ], [ -82.029628, 35.30208 ], [ -82.029564, 35.30236 ], [ -82.0295, 35.30264 ], [ -82.029437, 35.30292 ], [ -82.02947, 35.303409 ], [ -82.029509, 35.303719 ], [ -82.029548, 35.304029 ], [ -82.029586, 35.304339 ], [ -82.029625, 35.304649 ], [ -82.029664, 35.304959 ], [ -82.029711, 35.305256 ], [ -82.029847, 35.30556 ], [ -82.029984, 35.305865 ], [ -82.030243, 35.306215 ], [ -82.030503, 35.306565 ], [ -82.03073, 35.306905 ], [ -82.030808, 35.307072 ], [ -82.030781, 35.307301 ], [ -82.030707, 35.307729 ], [ -82.03071, 35.308045 ], [ -82.030813, 35.308388 ], [ -82.031005, 35.308729 ], [ -82.031254, 35.309053 ], [ -82.031504, 35.309378 ], [ -82.031807, 35.309587 ], [ -82.032111, 35.309796 ], [ -82.032442, 35.310023 ], [ -82.032625, 35.310114 ], [ -82.032969, 35.310201 ], [ -82.0335, 35.310276 ], [ -82.03378, 35.310343 ], [ -82.033954, 35.310434 ], [ -82.033984, 35.310465 ], [ -82.034039, 35.310523 ], [ -82.034146, 35.310684 ], [ -82.03447, 35.311118 ], [ -82.034747, 35.311524 ], [ -82.034938, 35.311828 ], [ -82.035258, 35.312232 ], [ -82.035587, 35.312486 ], [ -82.035964, 35.312762 ], [ -82.036272, 35.312985 ], [ -82.036631, 35.313153 ], [ -82.03699, 35.31332 ], [ -82.037349, 35.313488 ], [ -82.037578, 35.313636 ], [ -82.037756, 35.313845 ], [ -82.037884, 35.314065 ], [ -82.038159, 35.314313 ], [ -82.038433, 35.314529 ], [ -82.038578, 35.314644 ], [ -82.038854, 35.314877 ], [ -82.038949, 35.314979 ], [ -82.039147, 35.31516 ], [ -82.039301, 35.315294 ], [ -82.039351, 35.315338 ], [ -82.039468, 35.315425 ], [ -82.039581, 35.315514 ], [ -82.039605, 35.315539 ], [ -82.039653, 35.315599 ], [ -82.039875, 35.316023 ], [ -82.03994, 35.316147 ], [ -82.039992, 35.316251 ], [ -82.04004, 35.316348 ], [ -82.040123, 35.316513 ], [ -82.040328, 35.316947 ], [ -82.040438, 35.31718 ], [ -82.040508, 35.317319 ], [ -82.040843, 35.317853 ], [ -82.041247, 35.318496 ], [ -82.041363, 35.318643 ], [ -82.041535, 35.318824 ], [ -82.041657, 35.318936 ], [ -82.042048, 35.319251 ], [ -82.042272, 35.319448 ], [ -82.042418, 35.319582 ], [ -82.042709, 35.319848 ], [ -82.042992, 35.320121 ], [ -82.043116, 35.32024 ], [ -82.043325, 35.320433 ], [ -82.043587, 35.320659 ], [ -82.043818, 35.320834 ], [ -82.043924, 35.320892 ], [ -82.043995, 35.320923 ], [ -82.044127, 35.320966 ], [ -82.044242, 35.320988 ], [ -82.044386, 35.320995 ], [ -82.04453, 35.320989 ], [ -82.044676, 35.320973 ], [ -82.044818, 35.320945 ], [ -82.044874, 35.320929 ], [ -82.04491, 35.320919 ], [ -82.044999, 35.320887 ], [ -82.045181, 35.320793 ], [ -82.04533, 35.320702 ], [ -82.045497, 35.320609 ], [ -82.045611, 35.320563 ], [ -82.045691, 35.320542 ], [ -82.045768, 35.320536 ], [ -82.045818, 35.320541 ], [ -82.045917, 35.32056 ], [ -82.045986, 35.320584 ], [ -82.046052, 35.320616 ], [ -82.046194, 35.320699 ], [ -82.046268, 35.320753 ], [ -82.046338, 35.320811 ], [ -82.046408, 35.320879 ], [ -82.046472, 35.320952 ], [ -82.046706, 35.321251 ], [ -82.046813, 35.321403 ], [ -82.047006, 35.321704 ], [ -82.047079, 35.321848 ], [ -82.047164, 35.322046 ], [ -82.047237, 35.32225 ], [ -82.047265, 35.322364 ], [ -82.047304, 35.322596 ], [ -82.047329, 35.322711 ], [ -82.047373, 35.322858 ], [ -82.047577, 35.323449 ], [ -82.047822, 35.324166 ], [ -82.047899, 35.324373 ], [ -82.048074, 35.324746 ], [ -82.048122, 35.324873 ], [ -82.048179, 35.32509 ], [ -82.048197, 35.3252 ], [ -82.048205, 35.325302 ], [ -82.048212, 35.325387 ], [ -82.048208, 35.325481 ], [ -82.048188, 35.325615 ], [ -82.04817, 35.32568 ], [ -82.048145, 35.325745 ], [ -82.048114, 35.325809 ], [ -82.048078, 35.325871 ], [ -82.048002, 35.325985 ], [ -82.047905, 35.326102 ], [ -82.047781, 35.326228 ], [ -82.0477, 35.326303 ], [ -82.047538, 35.326454 ], [ -82.04744, 35.326565 ], [ -82.047299, 35.326753 ], [ -82.047229, 35.326865 ], [ -82.04719, 35.326962 ], [ -82.047162, 35.327085 ], [ -82.047158, 35.327132 ], [ -82.047156, 35.327148 ], [ -82.047158, 35.327265 ], [ -82.047175, 35.327379 ], [ -82.047202, 35.327459 ], [ -82.047243, 35.327525 ], [ -82.047276, 35.327564 ], [ -82.047315, 35.327601 ], [ -82.047401, 35.327669 ], [ -82.047511, 35.327737 ], [ -82.047654, 35.3278 ], [ -82.047849, 35.327869 ], [ -82.048102, 35.327932 ], [ -82.048153, 35.327941 ], [ -82.048269, 35.327963 ], [ -82.048437, 35.327987 ], [ -82.048603, 35.32802 ], [ -82.048812, 35.328077 ], [ -82.049033, 35.328157 ], [ -82.049205, 35.328235 ], [ -82.049355, 35.328321 ], [ -82.049444, 35.328382 ], [ -82.049506, 35.328438 ], [ -82.049664, 35.328623 ], [ -82.049724, 35.32868 ], [ -82.049849, 35.328775 ], [ -82.049916, 35.328816 ], [ -82.049986, 35.328849 ], [ -82.050059, 35.328878 ], [ -82.050135, 35.328902 ], [ -82.050212, 35.32892 ], [ -82.050296, 35.328932 ], [ -82.050383, 35.328936 ], [ -82.050556, 35.328936 ], [ -82.050899, 35.328916 ], [ -82.050985, 35.32892 ], [ -82.051109, 35.328935 ], [ -82.051204, 35.328957 ], [ -82.051283, 35.328984 ], [ -82.05135, 35.329025 ], [ -82.051424, 35.329093 ], [ -82.051464, 35.329142 ], [ -82.051527, 35.329248 ], [ -82.051563, 35.329328 ], [ -82.051592, 35.32941 ], [ -82.051655, 35.329633 ], [ -82.051689, 35.329726 ], [ -82.05174, 35.32986 ], [ -82.051791, 35.329972 ], [ -82.051848, 35.330081 ], [ -82.051915, 35.33019 ], [ -82.052144, 35.330506 ], [ -82.052274, 35.330707 ], [ -82.052339, 35.330841 ], [ -82.052387, 35.330967 ], [ -82.052375, 35.331053 ], [ -82.05241, 35.331179 ], [ -82.052375, 35.331293 ], [ -82.052324, 35.331435 ], [ -82.052256, 35.331606 ], [ -82.052222, 35.331845 ], [ -82.052216, 35.332056 ], [ -82.052301, 35.332381 ], [ -82.052342, 35.332613 ], [ -82.052412, 35.332809 ], [ -82.052467, 35.332939 ], [ -82.052534, 35.333053 ], [ -82.052701, 35.33326 ], [ -82.052753, 35.33333 ], [ -82.052846, 35.33347 ], [ -82.052934, 35.333612 ], [ -82.053143, 35.333975 ], [ -82.053172, 35.334032 ], [ -82.053259, 35.334198 ], [ -82.05337, 35.334423 ], [ -82.053507, 35.334724 ], [ -82.05352, 35.334759 ], [ -82.053593, 35.334951 ], [ -82.053648, 35.335059 ], [ -82.053759, 35.335213 ], [ -82.053809, 35.335268 ], [ -82.053863, 35.335326 ], [ -82.053922, 35.335378 ], [ -82.053984, 35.335425 ], [ -82.054072, 35.33548 ], [ -82.054264, 35.335573 ], [ -82.0544, 35.335627 ], [ -82.054575, 35.335676 ], [ -82.054931, 35.3358 ], [ -82.055287, 35.335924 ], [ -82.055579, 35.336144 ], [ -82.055871, 35.336364 ], [ -82.056159, 35.336611 ], [ -82.056501, 35.336803 ], [ -82.056883, 35.336946 ], [ -82.057038, 35.336978 ], [ -82.057448, 35.337039 ], [ -82.057836, 35.337051 ], [ -82.058198, 35.337068 ], [ -82.05856, 35.337084 ], [ -82.059036, 35.336996 ], [ -82.059532, 35.336771 ], [ -82.059922, 35.336556 ], [ -82.060284, 35.336205 ], [ -82.060456, 35.335959 ], [ -82.060628, 35.335714 ], [ -82.060763, 35.335522 ], [ -82.061019, 35.335183 ], [ -82.061367, 35.334904 ], [ -82.061477, 35.334814 ], [ -82.061755, 35.334713 ], [ -82.06193, 35.334656 ], [ -82.062293, 35.334589 ], [ -82.062687, 35.334517 ], [ -82.06308, 35.334445 ], [ -82.063537, 35.334429 ], [ -82.063993, 35.334412 ], [ -82.064442, 35.334462 ], [ -82.064885, 35.334621 ], [ -82.065151, 35.334864 ], [ -82.065286, 35.335118 ], [ -82.065421, 35.335372 ], [ -82.065452, 35.335677 ], [ -82.065479, 35.335944 ], [ -82.065532, 35.336413 ], [ -82.065677, 35.336689 ], [ -82.065822, 35.336965 ], [ -82.06603, 35.337246 ], [ -82.066238, 35.337528 ], [ -82.066451, 35.337757 ], [ -82.066664, 35.337987 ], [ -82.066877, 35.338217 ], [ -82.06709, 35.338447 ], [ -82.067303, 35.338677 ], [ -82.067636, 35.338948 ], [ -82.067969, 35.339219 ], [ -82.068326, 35.339307 ], [ -82.068776, 35.33925 ], [ -82.068814, 35.339225 ], [ -82.068955, 35.339194 ], [ -82.069277, 35.33895 ], [ -82.069527, 35.338762 ], [ -82.0696, 35.338707 ], [ -82.069908, 35.338317 ], [ -82.07017, 35.338148 ], [ -82.070556, 35.338146 ], [ -82.070941, 35.338144 ], [ -82.07135, 35.338288 ], [ -82.071759, 35.338432 ], [ -82.072028, 35.338596 ], [ -82.072298, 35.338761 ], [ -82.072567, 35.338926 ], [ -82.07287, 35.339359 ], [ -82.073175, 35.339837 ], [ -82.073654, 35.340177 ], [ -82.074134, 35.34029 ], [ -82.074613, 35.340403 ], [ -82.074984, 35.340496 ], [ -82.075355, 35.34059 ], [ -82.075683, 35.340729 ], [ -82.075952, 35.340942 ], [ -82.07622, 35.341156 ], [ -82.076505, 35.341428 ], [ -82.07679, 35.3417 ], [ -82.077075, 35.341973 ], [ -82.07727, 35.342208 ], [ -82.077464, 35.342443 ], [ -82.077658, 35.342678 ], [ -82.077888, 35.343022 ], [ -82.078051, 35.343266 ], [ -82.078247, 35.34356 ], [ -82.078406, 35.34385 ], [ -82.078565, 35.34414 ], [ -82.078724, 35.34443 ], [ -82.078883, 35.34472 ], [ -82.079026, 35.345016 ], [ -82.079169, 35.345311 ], [ -82.079311, 35.345606 ], [ -82.079414, 35.345952 ], [ -82.079517, 35.346297 ], [ -82.079619, 35.346642 ], [ -82.079695, 35.346986 ], [ -82.079771, 35.34733 ], [ -82.07979, 35.347667 ], [ -82.079809, 35.348005 ], [ -82.079827, 35.348343 ], [ -82.07982, 35.34862 ], [ -82.079813, 35.348898 ], [ -82.079805, 35.349176 ], [ -82.079798, 35.349454 ], [ -82.07979, 35.349731 ], [ -82.079783, 35.350009 ], [ -82.079775, 35.350287 ], [ -82.079768, 35.350564 ], [ -82.079753, 35.35089 ], [ -82.079724, 35.351536 ], [ -82.07971, 35.35186 ], [ -82.079674, 35.352232 ], [ -82.079661, 35.352453 ], [ -82.079648, 35.352597 ], [ -82.079671, 35.352813 ], [ -82.079662, 35.352978 ], [ -82.079804, 35.353099 ], [ -82.079848, 35.353135 ], [ -82.080378, 35.353401 ], [ -82.080589, 35.353495 ], [ -82.080783, 35.353569 ], [ -82.080871, 35.353603 ], [ -82.080978, 35.353635 ], [ -82.081025, 35.353649 ], [ -82.081105, 35.353663 ], [ -82.081186, 35.353671 ], [ -82.08135, 35.353676 ], [ -82.081603, 35.353671 ], [ -82.081844, 35.353655 ], [ -82.08209, 35.353622 ], [ -82.082571, 35.353537 ], [ -82.082979, 35.353431 ], [ -82.083388, 35.353325 ], [ -82.083868, 35.353224 ], [ -82.084317, 35.353228 ], [ -82.084786, 35.353304 ], [ -82.085134, 35.353486 ], [ -82.085501, 35.353697 ], [ -82.085718, 35.353917 ], [ -82.085936, 35.354137 ], [ -82.086153, 35.354357 ], [ -82.086402, 35.354542 ], [ -82.086652, 35.354727 ], [ -82.086954, 35.354908 ], [ -82.087092, 35.354964 ], [ -82.087175, 35.354986 ], [ -82.087792, 35.355108 ], [ -82.088014, 35.355165 ], [ -82.088127, 35.355199 ], [ -82.088271, 35.355259 ], [ -82.088319, 35.355289 ], [ -82.088392, 35.355366 ], [ -82.088476, 35.355478 ], [ -82.088542, 35.355598 ], [ -82.088593, 35.355723 ], [ -82.088622, 35.355819 ], [ -82.088672, 35.356688 ], [ -82.088673, 35.356782 ], [ -82.088678, 35.357054 ], [ -82.088677, 35.357277 ], [ -82.088668, 35.35756 ], [ -82.088657, 35.357682 ], [ -82.088634, 35.357752 ], [ -82.088514, 35.35805 ], [ -82.088479, 35.358147 ], [ -82.088438, 35.3583 ], [ -82.088422, 35.358414 ], [ -82.088418, 35.358478 ], [ -82.088426, 35.358606 ], [ -82.088438, 35.358671 ], [ -82.088457, 35.358734 ], [ -82.088482, 35.358792 ], [ -82.088546, 35.358903 ], [ -82.088602, 35.35898 ], [ -82.088676, 35.35906 ], [ -82.088734, 35.359124 ], [ -82.088908, 35.359289 ], [ -82.088942, 35.359317 ], [ -82.089018, 35.359381 ], [ -82.089194, 35.359511 ], [ -82.089404, 35.359644 ], [ -82.089483, 35.359686 ], [ -82.089651, 35.359758 ], [ -82.089868, 35.35983 ], [ -82.089913, 35.359841 ], [ -82.090002, 35.359864 ], [ -82.090138, 35.359892 ], [ -82.090263, 35.359956 ], [ -82.090549, 35.360057 ], [ -82.090668, 35.360125 ], [ -82.09075, 35.360189 ], [ -82.090794, 35.36023 ], [ -82.090833, 35.360274 ], [ -82.090866, 35.36032 ], [ -82.090894, 35.360375 ], [ -82.090972, 35.360606 ], [ -82.091106, 35.361219 ], [ -82.091133, 35.361303 ], [ -82.091173, 35.36139 ], [ -82.09122, 35.361476 ], [ -82.091386, 35.361723 ], [ -82.091464, 35.361825 ], [ -82.091641, 35.362019 ], [ -82.091816, 35.362192 ], [ -82.091924, 35.362299 ], [ -82.092013, 35.362396 ], [ -82.092094, 35.362496 ], [ -82.09219, 35.36263 ], [ -82.092279, 35.362767 ], [ -82.092444, 35.363047 ], [ -82.09267, 35.363457 ], [ -82.0928, 35.363714 ], [ -82.092874, 35.363838 ], [ -82.092966, 35.363968 ], [ -82.093066, 35.364094 ], [ -82.093273, 35.364342 ], [ -82.093789, 35.364977 ], [ -82.094022, 35.365243 ], [ -82.09428, 35.365522 ], [ -82.0944, 35.365666 ], [ -82.094566, 35.365885 ], [ -82.094681, 35.366055 ], [ -82.094791, 35.366245 ], [ -82.094837, 35.366355 ], [ -82.09487, 35.366491 ], [ -82.09488, 35.36656 ], [ -82.094888, 35.366699 ], [ -82.09487, 35.366858 ], [ -82.094872, 35.36691 ], [ -82.094887, 35.366964 ], [ -82.094938, 35.367069 ], [ -82.095029, 35.367213 ], [ -82.095068, 35.367254 ], [ -82.095106, 35.36728 ], [ -82.095151, 35.3673 ], [ -82.095247, 35.367334 ], [ -82.095523, 35.367453 ], [ -82.095575, 35.367483 ], [ -82.095624, 35.367518 ], [ -82.095715, 35.367609 ], [ -82.095773, 35.367678 ], [ -82.095824, 35.36775 ], [ -82.095912, 35.3679 ], [ -82.096039, 35.368129 ], [ -82.096378, 35.368687 ], [ -82.096611, 35.369093 ], [ -82.096649, 35.369159 ], [ -82.096821, 35.369487 ], [ -82.096902, 35.369605 ], [ -82.096988, 35.369711 ], [ -82.097073, 35.369792 ], [ -82.097128, 35.369838 ], [ -82.097187, 35.36988 ], [ -82.097265, 35.369927 ], [ -82.09751, 35.370059 ], [ -82.09785, 35.370221 ], [ -82.097977, 35.370277 ], [ -82.098544, 35.370526 ], [ -82.098695, 35.370594 ], [ -82.099031, 35.370416 ], [ -82.099345, 35.370254 ], [ -82.099659, 35.370092 ], [ -82.099973, 35.36993 ], [ -82.100287, 35.369769 ], [ -82.100506, 35.369534 ], [ -82.100725, 35.369299 ], [ -82.100731, 35.368926 ], [ -82.100737, 35.368552 ], [ -82.100801, 35.368233 ], [ -82.100865, 35.367915 ], [ -82.100929, 35.367596 ], [ -82.100997, 35.367221 ], [ -82.101115, 35.367048 ], [ -82.101434, 35.366718 ], [ -82.101611, 35.366459 ], [ -82.101832, 35.366283 ], [ -82.102057, 35.366209 ], [ -82.102473, 35.36625 ], [ -82.102771, 35.36648 ], [ -82.103089, 35.366658 ], [ -82.103492, 35.36664 ], [ -82.103895, 35.366621 ], [ -82.104395, 35.366676 ], [ -82.104817, 35.366886 ], [ -82.105244, 35.367214 ], [ -82.105439, 35.367438 ], [ -82.105634, 35.367663 ], [ -82.105842, 35.367992 ], [ -82.105898, 35.36808 ], [ -82.105889, 35.368364 ], [ -82.105879, 35.368648 ], [ -82.105869, 35.368932 ], [ -82.105859, 35.369216 ], [ -82.105849, 35.3695 ], [ -82.105842, 35.369709 ], [ -82.105839, 35.369784 ], [ -82.105829, 35.370068 ], [ -82.10578, 35.370463 ], [ -82.105734, 35.370834 ], [ -82.105761, 35.370995 ], [ -82.105796, 35.371183 ], [ -82.105867, 35.371583 ], [ -82.105919, 35.371882 ], [ -82.105985, 35.372158 ], [ -82.106055, 35.372451 ], [ -82.106117, 35.372709 ], [ -82.106218, 35.373034 ], [ -82.106282, 35.373231 ], [ -82.106275, 35.373546 ], [ -82.106268, 35.373862 ], [ -82.106261, 35.374177 ], [ -82.106254, 35.374504 ], [ -82.106253, 35.374589 ], [ -82.106247, 35.37485 ], [ -82.106278, 35.374864 ], [ -82.106353, 35.374905 ], [ -82.106424, 35.374958 ], [ -82.10655, 35.375078 ], [ -82.106576, 35.375109 ], [ -82.106588, 35.375123 ], [ -82.106603, 35.375141 ], [ -82.10674, 35.375345 ], [ -82.10686, 35.375536 ], [ -82.107191, 35.376121 ], [ -82.107477, 35.376589 ], [ -82.107698, 35.376943 ], [ -82.107906, 35.377274 ], [ -82.107992, 35.377449 ], [ -82.108039, 35.377566 ], [ -82.108079, 35.377665 ], [ -82.108093, 35.37775 ], [ -82.108093, 35.377857 ], [ -82.108085, 35.377923 ], [ -82.108083, 35.377948 ], [ -82.108044, 35.378129 ], [ -82.108007, 35.378278 ], [ -82.107923, 35.378574 ], [ -82.107816, 35.37899 ], [ -82.107811, 35.37901 ], [ -82.107739, 35.379349 ], [ -82.107674, 35.379736 ], [ -82.107642, 35.380006 ], [ -82.107638, 35.380045 ], [ -82.107594, 35.380521 ], [ -82.10759, 35.38068 ], [ -82.107601, 35.380838 ], [ -82.107629, 35.380984 ], [ -82.107657, 35.381084 ], [ -82.10767, 35.381115 ], [ -82.107704, 35.381169 ], [ -82.107745, 35.381219 ], [ -82.107939, 35.381414 ], [ -82.108009, 35.381475 ], [ -82.108291, 35.381723 ], [ -82.108416, 35.381833 ], [ -82.108692, 35.382097 ], [ -82.108771, 35.382183 ], [ -82.108794, 35.382223 ], [ -82.108828, 35.382282 ], [ -82.108869, 35.382343 ], [ -82.108896, 35.382383 ], [ -82.108988, 35.382519 ], [ -82.109132, 35.382782 ], [ -82.109188, 35.382881 ], [ -82.109258, 35.383077 ], [ -82.109338, 35.383224 ], [ -82.109418, 35.383316 ], [ -82.10949, 35.383367 ], [ -82.109561, 35.383409 ], [ -82.109654, 35.383451 ], [ -82.109795, 35.383505 ], [ -82.110158, 35.383599 ], [ -82.110539, 35.383699 ], [ -82.110873, 35.383802 ], [ -82.111207, 35.383905 ], [ -82.111541, 35.384009 ], [ -82.111875, 35.384112 ], [ -82.112209, 35.384215 ], [ -82.112669, 35.384527 ], [ -82.112961, 35.384731 ], [ -82.113252, 35.384935 ], [ -82.113543, 35.385139 ], [ -82.113835, 35.385344 ], [ -82.114126, 35.385548 ], [ -82.114186, 35.385617 ], [ -82.114205, 35.385634 ], [ -82.114228, 35.385654 ], [ -82.114349, 35.385781 ], [ -82.114405, 35.385851 ], [ -82.114491, 35.385997 ], [ -82.11456, 35.386095 ], [ -82.114699, 35.386459 ], [ -82.114845, 35.386985 ], [ -82.114961, 35.387203 ], [ -82.115167, 35.387361 ], [ -82.115201, 35.387388 ], [ -82.115583, 35.38751 ], [ -82.115964, 35.387633 ], [ -82.116355, 35.387678 ], [ -82.116522, 35.387667 ], [ -82.117091, 35.387608 ], [ -82.117506, 35.387566 ], [ -82.117585, 35.387562 ], [ -82.117731, 35.387555 ], [ -82.117874, 35.38756 ], [ -82.117966, 35.387571 ], [ -82.118477, 35.387669 ], [ -82.118574, 35.387688 ], [ -82.118732, 35.387719 ], [ -82.119042, 35.387775 ], [ -82.119385, 35.387854 ], [ -82.119504, 35.387888 ], [ -82.119619, 35.387929 ], [ -82.119826, 35.388023 ], [ -82.120054, 35.38815 ], [ -82.120128, 35.388202 ], [ -82.120207, 35.388271 ], [ -82.120344, 35.388426 ], [ -82.120417, 35.388519 ], [ -82.120547, 35.388713 ], [ -82.120611, 35.388833 ], [ -82.120678, 35.388976 ], [ -82.120726, 35.389079 ], [ -82.121055, 35.389734 ], [ -82.121082, 35.389784 ], [ -82.121168, 35.389942 ], [ -82.121202, 35.390012 ], [ -82.121248, 35.390126 ], [ -82.121288, 35.39024 ], [ -82.121329, 35.39038 ], [ -82.121341, 35.390431 ], [ -82.12147, 35.390952 ], [ -82.121541, 35.391175 ], [ -82.121568, 35.391248 ], [ -82.121625, 35.39138 ], [ -82.121754, 35.391638 ], [ -82.121903, 35.39191 ], [ -82.122129, 35.392289 ], [ -82.122159, 35.392351 ], [ -82.122233, 35.392503 ], [ -82.122258, 35.392543 ], [ -82.122318, 35.392616 ], [ -82.122452, 35.392755 ], [ -82.122583, 35.392902 ], [ -82.122727, 35.393063 ], [ -82.122772, 35.393112 ], [ -82.122915, 35.393267 ], [ -82.122971, 35.393322 ], [ -82.123033, 35.393372 ], [ -82.12312, 35.393424 ], [ -82.123212, 35.393468 ], [ -82.123291, 35.393496 ], [ -82.123374, 35.393518 ], [ -82.12348, 35.393541 ], [ -82.123542, 35.393555 ], [ -82.123759, 35.393596 ], [ -82.12388, 35.393618 ], [ -82.123976, 35.393637 ], [ -82.124241, 35.393701 ], [ -82.124361, 35.39373 ], [ -82.124433, 35.393747 ], [ -82.124579, 35.393786 ], [ -82.124629, 35.393801 ], [ -82.124723, 35.39383 ], [ -82.124904, 35.393897 ], [ -82.12508, 35.393974 ], [ -82.125316, 35.394101 ], [ -82.125388, 35.394142 ], [ -82.125629, 35.394281 ], [ -82.125671, 35.394305 ], [ -82.125798, 35.394378 ], [ -82.125841, 35.394403 ], [ -82.125943, 35.394461 ], [ -82.126112, 35.394568 ], [ -82.126283, 35.39469 ], [ -82.126539, 35.394895 ], [ -82.126634, 35.394986 ], [ -82.126698, 35.395058 ], [ -82.126812, 35.395211 ], [ -82.126932, 35.395393 ], [ -82.12708, 35.395604 ], [ -82.127136, 35.395694 ], [ -82.12722, 35.395781 ], [ -82.127403, 35.395947 ], [ -82.1276, 35.396161 ], [ -82.127673, 35.396226 ], [ -82.127738, 35.396275 ], [ -82.127806, 35.39632 ], [ -82.127916, 35.39638 ], [ -82.128031, 35.396432 ], [ -82.128141, 35.396474 ], [ -82.128407, 35.396557 ], [ -82.128833, 35.396691 ], [ -82.129125, 35.396803 ], [ -82.129209, 35.396852 ], [ -82.12941, 35.396692 ], [ -82.12944, 35.396667 ], [ -82.129855, 35.396335 ], [ -82.130024, 35.39619 ], [ -82.130129, 35.396101 ], [ -82.130286, 35.395974 ], [ -82.130312, 35.395945 ], [ -82.130423, 35.39592 ], [ -82.130806, 35.395835 ], [ -82.131253, 35.395735 ], [ -82.131669, 35.395642 ], [ -82.13197, 35.395781 ], [ -82.132272, 35.395921 ], [ -82.132574, 35.39606 ], [ -82.132868, 35.396195 ], [ -82.133178, 35.396338 ], [ -82.13348, 35.396478 ], [ -82.133804, 35.396617 ], [ -82.134128, 35.396756 ], [ -82.134452, 35.396895 ], [ -82.134589, 35.396954 ], [ -82.13477, 35.397031 ], [ -82.135114, 35.39716 ], [ -82.135452, 35.397287 ], [ -82.135719, 35.397385 ], [ -82.135791, 35.397413 ], [ -82.136129, 35.39754 ], [ -82.136467, 35.397666 ], [ -82.136805, 35.397793 ], [ -82.137144, 35.397919 ], [ -82.137452, 35.398028 ], [ -82.137761, 35.398136 ], [ -82.137956, 35.398205 ], [ -82.138377, 35.398352 ], [ -82.138686, 35.398461 ], [ -82.138821, 35.398508 ], [ -82.138995, 35.39857 ], [ -82.139304, 35.398678 ], [ -82.139682, 35.398653 ], [ -82.140059, 35.398627 ], [ -82.140437, 35.398602 ], [ -82.140712, 35.398796 ], [ -82.140987, 35.39899 ], [ -82.141225, 35.399157 ], [ -82.141264, 35.399139 ], [ -82.141301, 35.399123 ], [ -82.141318, 35.399118 ], [ -82.141421, 35.399094 ], [ -82.141486, 35.39909 ], [ -82.141553, 35.399094 ], [ -82.141588, 35.399099 ], [ -82.141619, 35.399104 ], [ -82.141682, 35.39912 ], [ -82.141736, 35.399142 ], [ -82.141837, 35.399203 ], [ -82.141969, 35.399293 ], [ -82.142124, 35.39942 ], [ -82.142266, 35.399566 ], [ -82.142351, 35.399676 ], [ -82.142397, 35.399766 ], [ -82.142421, 35.399867 ], [ -82.142432, 35.39997 ], [ -82.142432, 35.400219 ], [ -82.142449, 35.400359 ], [ -82.142476, 35.400449 ], [ -82.142496, 35.400492 ], [ -82.142524, 35.400528 ], [ -82.142561, 35.400554 ], [ -82.142606, 35.400575 ], [ -82.142741, 35.400618 ], [ -82.143053, 35.400658 ], [ -82.143268, 35.4007 ], [ -82.143305, 35.400712 ], [ -82.143506, 35.400767 ], [ -82.14366, 35.400857 ], [ -82.143907, 35.401045 ], [ -82.144136, 35.401201 ], [ -82.144341, 35.401412 ], [ -82.144569, 35.401683 ], [ -82.144696, 35.401852 ], [ -82.144973, 35.402177 ], [ -82.145166, 35.402376 ], [ -82.145503, 35.402671 ], [ -82.145969, 35.403029 ], [ -82.146328, 35.403277 ], [ -82.146736, 35.403582 ], [ -82.147632, 35.404281 ], [ -82.147996, 35.40455 ], [ -82.148022, 35.404568 ], [ -82.148139, 35.404647 ], [ -82.148287, 35.404738 ], [ -82.14865, 35.404928 ], [ -82.148706, 35.404953 ], [ -82.148758, 35.404977 ], [ -82.148896, 35.405053 ], [ -82.149024, 35.405138 ], [ -82.149133, 35.405223 ], [ -82.149414, 35.405468 ], [ -82.15029, 35.406282 ], [ -82.150414, 35.406405 ], [ -82.150487, 35.406485 ], [ -82.150769, 35.406796 ], [ -82.150975, 35.407018 ], [ -82.15102, 35.407064 ], [ -82.151121, 35.407168 ], [ -82.151293, 35.407344 ], [ -82.15143, 35.407478 ], [ -82.151535, 35.407581 ], [ -82.151655, 35.407626 ], [ -82.151775, 35.407666 ], [ -82.151916, 35.407719 ], [ -82.152035, 35.407754 ], [ -82.152278, 35.407815 ], [ -82.152625, 35.407918 ], [ -82.15275, 35.407956 ], [ -82.152944, 35.408018 ], [ -82.153139, 35.408075 ], [ -82.153287, 35.408108 ], [ -82.153855, 35.408205 ], [ -82.154345, 35.408269 ], [ -82.154454, 35.408274 ], [ -82.154549, 35.408269 ], [ -82.154739, 35.408243 ], [ -82.15494, 35.408195 ], [ -82.155047, 35.408156 ], [ -82.155341, 35.408066 ], [ -82.155643, 35.407967 ], [ -82.155797, 35.40792 ], [ -82.155958, 35.407877 ], [ -82.156383, 35.407781 ], [ -82.15649, 35.407772 ], [ -82.156602, 35.407781 ], [ -82.156749, 35.407809 ], [ -82.156847, 35.407837 ], [ -82.156941, 35.407872 ], [ -82.157025, 35.407912 ], [ -82.157061, 35.407934 ], [ -82.157104, 35.40796 ], [ -82.157213, 35.40804 ], [ -82.157251, 35.408067 ], [ -82.157339, 35.408142 ], [ -82.157514, 35.408294 ], [ -82.15764, 35.408401 ], [ -82.157782, 35.408522 ], [ -82.157795, 35.408533 ], [ -82.157878, 35.40862 ], [ -82.158007, 35.408756 ], [ -82.158087, 35.408823 ], [ -82.15818, 35.408881 ], [ -82.158192, 35.408887 ], [ -82.158316, 35.408949 ], [ -82.158382, 35.408983 ], [ -82.158513, 35.409037 ], [ -82.15881, 35.409143 ], [ -82.158974, 35.409196 ], [ -82.159142, 35.409242 ], [ -82.159415, 35.409302 ], [ -82.159528, 35.409318 ], [ -82.159633, 35.409333 ], [ -82.159872, 35.409349 ], [ -82.160038, 35.409354 ], [ -82.160119, 35.409349 ], [ -82.160221, 35.409332 ], [ -82.160417, 35.409274 ], [ -82.160506, 35.409238 ], [ -82.160732, 35.409126 ], [ -82.160889, 35.409038 ], [ -82.161172, 35.408926 ], [ -82.161275, 35.408889 ], [ -82.161365, 35.408862 ], [ -82.161379, 35.408859 ], [ -82.16141, 35.408854 ], [ -82.161473, 35.408844 ], [ -82.161666, 35.408836 ], [ -82.16186, 35.408833 ], [ -82.162416, 35.408794 ], [ -82.162768, 35.408789 ], [ -82.162954, 35.408775 ], [ -82.163079, 35.408762 ], [ -82.16324, 35.408746 ], [ -82.163391, 35.408732 ], [ -82.163515, 35.408711 ], [ -82.163643, 35.408676 ], [ -82.163769, 35.408632 ], [ -82.163965, 35.408553 ], [ -82.164433, 35.408331 ], [ -82.164494, 35.408302 ], [ -82.165172, 35.407965 ], [ -82.165402, 35.407859 ], [ -82.165585, 35.407776 ], [ -82.165663, 35.407748 ], [ -82.165743, 35.407727 ], [ -82.165824, 35.407717 ], [ -82.166297, 35.407711 ], [ -82.166517, 35.407718 ], [ -82.16674, 35.407737 ], [ -82.167351, 35.407812 ], [ -82.167646, 35.407864 ], [ -82.167848, 35.407907 ], [ -82.167946, 35.407937 ], [ -82.168249, 35.408065 ], [ -82.168494, 35.408159 ], [ -82.168542, 35.408179 ], [ -82.168655, 35.408228 ], [ -82.168853, 35.408327 ], [ -82.169045, 35.408435 ], [ -82.169209, 35.408539 ], [ -82.169469, 35.408724 ], [ -82.169544, 35.408786 ], [ -82.169722, 35.408902 ], [ -82.169935, 35.40902 ], [ -82.170016, 35.409052 ], [ -82.170101, 35.409073 ], [ -82.170341, 35.409103 ], [ -82.170534, 35.409115 ], [ -82.170565, 35.409115 ], [ -82.170662, 35.409117 ], [ -82.170883, 35.409108 ], [ -82.170994, 35.409097 ], [ -82.171026, 35.409098 ], [ -82.171133, 35.409323 ], [ -82.171175, 35.409461 ], [ -82.171267, 35.409518 ], [ -82.171365, 35.409508 ], [ -82.171514, 35.40943 ], [ -82.171609, 35.409318 ], [ -82.171707, 35.409065 ], [ -82.171685, 35.408868 ], [ -82.171712, 35.408814 ], [ -82.171815, 35.408417 ], [ -82.171894, 35.408204 ], [ -82.171971, 35.408043 ], [ -82.172017, 35.407965 ], [ -82.172104, 35.407857 ], [ -82.172189, 35.407748 ], [ -82.172226, 35.407677 ], [ -82.172269, 35.407566 ], [ -82.172323, 35.407377 ], [ -82.172373, 35.407101 ], [ -82.172405, 35.406991 ], [ -82.172425, 35.406937 ], [ -82.172474, 35.406816 ], [ -82.172563, 35.406654 ], [ -82.172652, 35.406495 ], [ -82.172893, 35.406017 ], [ -82.172968, 35.405889 ], [ -82.17304, 35.405783 ], [ -82.173119, 35.405681 ], [ -82.173169, 35.40563 ], [ -82.173217, 35.40558 ], [ -82.173288, 35.405535 ], [ -82.1734, 35.405454 ], [ -82.17353, 35.405385 ], [ -82.173689, 35.405305 ], [ -82.173895, 35.405237 ], [ -82.174249, 35.405121 ], [ -82.174366, 35.405089 ], [ -82.174485, 35.405066 ], [ -82.174586, 35.405051 ], [ -82.174943, 35.405002 ], [ -82.175491, 35.404945 ], [ -82.175761, 35.404902 ], [ -82.175866, 35.404879 ], [ -82.176044, 35.404816 ], [ -82.176117, 35.40478 ], [ -82.176184, 35.404739 ], [ -82.176237, 35.404693 ], [ -82.176286, 35.404635 ], [ -82.176404, 35.404476 ], [ -82.176652, 35.404091 ], [ -82.176758, 35.403947 ], [ -82.176816, 35.403866 ], [ -82.176855, 35.403816 ], [ -82.176978, 35.40363 ], [ -82.177019, 35.403543 ], [ -82.17705, 35.403479 ], [ -82.177101, 35.403319 ], [ -82.177106, 35.403282 ], [ -82.177117, 35.403214 ], [ -82.177456, 35.403198 ], [ -82.177768, 35.403168 ], [ -82.178226, 35.403131 ], [ -82.178679, 35.403096 ], [ -82.179025, 35.403105 ], [ -82.179253, 35.403111 ], [ -82.179511, 35.403118 ], [ -82.179657, 35.403122 ], [ -82.179719, 35.403123 ], [ -82.180337, 35.403085 ], [ -82.18086, 35.402782 ], [ -82.181132, 35.402458 ], [ -82.181404, 35.402134 ], [ -82.181588, 35.401917 ], [ -82.181675, 35.401814 ], [ -82.181815, 35.40165 ], [ -82.18188, 35.401574 ], [ -82.181904, 35.401551 ], [ -82.181942, 35.401504 ], [ -82.182029, 35.401395 ], [ -82.182075, 35.401319 ], [ -82.182111, 35.401262 ], [ -82.182215, 35.40115 ], [ -82.182283, 35.401088 ], [ -82.182621, 35.400862 ], [ -82.18288, 35.40068 ], [ -82.183256, 35.400398 ], [ -82.183433, 35.400252 ], [ -82.18349, 35.400207 ], [ -82.183576, 35.400107 ], [ -82.183766, 35.399785 ], [ -82.183772, 35.399775 ], [ -82.18384, 35.399629 ], [ -82.183872, 35.399525 ], [ -82.183892, 35.399419 ], [ -82.183919, 35.3992 ], [ -82.183927, 35.398972 ], [ -82.183918, 35.398745 ], [ -82.183925, 35.39867 ], [ -82.183945, 35.398594 ], [ -82.184027, 35.398391 ], [ -82.184109, 35.398233 ], [ -82.184211, 35.398055 ], [ -82.184865, 35.397008 ], [ -82.184964, 35.39687 ], [ -82.185051, 35.396762 ], [ -82.185087, 35.396723 ], [ -82.185115, 35.396658 ], [ -82.185124, 35.396649 ], [ -82.18515, 35.396619 ], [ -82.185242, 35.396662 ], [ -82.185519, 35.396791 ], [ -82.185718, 35.396883 ], [ -82.185938, 35.397 ], [ -82.186138, 35.397149 ], [ -82.186387, 35.397336 ], [ -82.186637, 35.397523 ], [ -82.186887, 35.39771 ], [ -82.187137, 35.397897 ], [ -82.187425, 35.398103 ], [ -82.187714, 35.398309 ], [ -82.188109, 35.398693 ], [ -82.188149, 35.39872 ], [ -82.18833, 35.398843 ], [ -82.188479, 35.398946 ], [ -82.188754, 35.399078 ], [ -82.189251, 35.399238 ], [ -82.189681, 35.399309 ], [ -82.190003, 35.399342 ], [ -82.190265, 35.399348 ], [ -82.190495, 35.399343 ], [ -82.19054, 35.399342 ], [ -82.19064, 35.399314 ], [ -82.190992, 35.3989 ], [ -82.191288, 35.398496 ], [ -82.191587, 35.398139 ], [ -82.191873, 35.397829 ], [ -82.192159, 35.397519 ], [ -82.192436, 35.397325 ], [ -82.192768, 35.397274 ], [ -82.1931, 35.397222 ], [ -82.193432, 35.397171 ], [ -82.193835, 35.397253 ], [ -82.19411, 35.397352 ], [ -82.194461, 35.397541 ], [ -82.194812, 35.397729 ], [ -82.194908, 35.397781 ], [ -82.195251, 35.397967 ], [ -82.195513, 35.398105 ], [ -82.195612, 35.398198 ], [ -82.195751, 35.398331 ], [ -82.195989, 35.398558 ], [ -82.196227, 35.398785 ], [ -82.196466, 35.399012 ], [ -82.196524, 35.399299 ], [ -82.196578, 35.399567 ], [ -82.196634, 35.399845 ], [ -82.196691, 35.400123 ], [ -82.196747, 35.4004 ], [ -82.196803, 35.400678 ], [ -82.196859, 35.400956 ], [ -82.196915, 35.401234 ], [ -82.196973, 35.401516 ], [ -82.197028, 35.401789 ], [ -82.197084, 35.402067 ], [ -82.197102, 35.402104 ], [ -82.197148, 35.402207 ], [ -82.197309, 35.402188 ], [ -82.197506, 35.40219 ], [ -82.197787, 35.402271 ], [ -82.197999, 35.402398 ], [ -82.198065, 35.402484 ], [ -82.198107, 35.40263 ], [ -82.198282, 35.402758 ], [ -82.198562, 35.402893 ], [ -82.199018, 35.402988 ], [ -82.199244, 35.403019 ], [ -82.199556, 35.402982 ], [ -82.200221, 35.403001 ], [ -82.200585, 35.403093 ], [ -82.200896, 35.403049 ], [ -82.201212, 35.403107 ], [ -82.20177, 35.403364 ], [ -82.201972, 35.403484 ], [ -82.202307, 35.403571 ], [ -82.202669, 35.403575 ], [ -82.20303, 35.403579 ], [ -82.203391, 35.403583 ], [ -82.203788, 35.40354 ], [ -82.204015, 35.403516 ], [ -82.204552, 35.40363 ], [ -82.205023, 35.403484 ], [ -82.205209, 35.403413 ], [ -82.205447, 35.403198 ], [ -82.205685, 35.402984 ], [ -82.205593, 35.40264 ], [ -82.205501, 35.402296 ], [ -82.205514, 35.402013 ], [ -82.205526, 35.401731 ], [ -82.205538, 35.401448 ], [ -82.205551, 35.401166 ], [ -82.205729, 35.40093 ], [ -82.205908, 35.400694 ], [ -82.206174, 35.400501 ], [ -82.206441, 35.400308 ], [ -82.206707, 35.400115 ], [ -82.206974, 35.399922 ], [ -82.207277, 35.39967 ], [ -82.20758, 35.399419 ], [ -82.207762, 35.399119 ], [ -82.207944, 35.39882 ], [ -82.208126, 35.398521 ], [ -82.208362, 35.398283 ], [ -82.208595, 35.398048 ], [ -82.20883, 35.397812 ], [ -82.209018, 35.397669 ], [ -82.209213, 35.397609 ], [ -82.209387, 35.397576 ], [ -82.209662, 35.397581 ], [ -82.210166, 35.397603 ], [ -82.21036, 35.397683 ], [ -82.210518, 35.397748 ], [ -82.210869, 35.397894 ], [ -82.211221, 35.398039 ], [ -82.211617, 35.398029 ], [ -82.212013, 35.398018 ], [ -82.21241, 35.398008 ], [ -82.212944, 35.398009 ], [ -82.213302, 35.398066 ], [ -82.213661, 35.398123 ], [ -82.214019, 35.398179 ], [ -82.214365, 35.398168 ], [ -82.214398, 35.398171 ], [ -82.214765, 35.397918 ], [ -82.214887, 35.397846 ], [ -82.215191, 35.397666 ], [ -82.215495, 35.397486 ], [ -82.215817, 35.397362 ], [ -82.215907, 35.397328 ], [ -82.21614, 35.397237 ], [ -82.216462, 35.397112 ], [ -82.21679, 35.396865 ], [ -82.217119, 35.396617 ], [ -82.217448, 35.39637 ], [ -82.217772, 35.396224 ], [ -82.218096, 35.396077 ], [ -82.218421, 35.39593 ], [ -82.218817, 35.395807 ], [ -82.219213, 35.395683 ], [ -82.219609, 35.395559 ], [ -82.220037, 35.395291 ], [ -82.22029, 35.394963 ], [ -82.220465, 35.394737 ], [ -82.220543, 35.394636 ], [ -82.220914, 35.394774 ], [ -82.221284, 35.394912 ], [ -82.221653, 35.395049 ], [ -82.22208, 35.395198 ], [ -82.222461, 35.39527 ], [ -82.222911, 35.395352 ], [ -82.223362, 35.395433 ], [ -82.223717, 35.39545 ], [ -82.224073, 35.395466 ], [ -82.224428, 35.395482 ], [ -82.22476, 35.395563 ], [ -82.225092, 35.395644 ], [ -82.225499, 35.395633 ], [ -82.225934, 35.395532 ], [ -82.226281, 35.395451 ], [ -82.226817, 35.395475 ], [ -82.227096, 35.39558 ], [ -82.227429, 35.395705 ], [ -82.227762, 35.39583 ], [ -82.228119, 35.395917 ], [ -82.228476, 35.396004 ], [ -82.228832, 35.396185 ], [ -82.229187, 35.396367 ], [ -82.229453, 35.396553 ], [ -82.229718, 35.39674 ], [ -82.229983, 35.396927 ], [ -82.230248, 35.397114 ], [ -82.230472, 35.39732 ], [ -82.230697, 35.397527 ], [ -82.230921, 35.397733 ], [ -82.231146, 35.397939 ], [ -82.23137, 35.398146 ], [ -82.231595, 35.398352 ], [ -82.231819, 35.398559 ], [ -82.232176, 35.398822 ], [ -82.232292, 35.3989 ], [ -82.232463, 35.399017 ], [ -82.23275, 35.399212 ], [ -82.233174, 35.399637 ], [ -82.233683, 35.399828 ], [ -82.233897, 35.400092 ], [ -82.234111, 35.400356 ], [ -82.23446, 35.400475 ], [ -82.234866, 35.400438 ], [ -82.235391, 35.400431 ], [ -82.235684, 35.400535 ], [ -82.235808, 35.400579 ], [ -82.236224, 35.400728 ], [ -82.236523, 35.400879 ], [ -82.236676, 35.400956 ], [ -82.236994, 35.401168 ], [ -82.237644, 35.401685 ], [ -82.237973, 35.401918 ], [ -82.238256, 35.402221 ], [ -82.238672, 35.402441 ], [ -82.239115, 35.402557 ], [ -82.239517, 35.402431 ], [ -82.23992, 35.402305 ], [ -82.240183, 35.40212 ], [ -82.240447, 35.401935 ], [ -82.241387, 35.401665 ], [ -82.241992, 35.401659 ], [ -82.242482, 35.401389 ], [ -82.242842, 35.401195 ], [ -82.243201, 35.401001 ], [ -82.243561, 35.400807 ], [ -82.243901, 35.40076 ], [ -82.244029, 35.400742 ], [ -82.244067, 35.400727 ], [ -82.2441, 35.400733 ], [ -82.244242, 35.400713 ], [ -82.244583, 35.400666 ], [ -82.244723, 35.400653 ], [ -82.244917, 35.400632 ], [ -82.245252, 35.400598 ], [ -82.245604, 35.400589 ], [ -82.245957, 35.40058 ], [ -82.24631, 35.400546 ], [ -82.246663, 35.400512 ], [ -82.247016, 35.400478 ], [ -82.247369, 35.400444 ], [ -82.247722, 35.400409 ], [ -82.248203, 35.400332 ], [ -82.248637, 35.400195 ], [ -82.249068, 35.400058 ], [ -82.249497, 35.399816 ], [ -82.249817, 35.399602 ], [ -82.250138, 35.399388 ], [ -82.250449, 35.399155 ], [ -82.250761, 35.398922 ], [ -82.251073, 35.398689 ], [ -82.251349, 35.398441 ], [ -82.251617, 35.3982 ], [ -82.251731, 35.398154 ], [ -82.252026, 35.398046 ], [ -82.252427, 35.397899 ], [ -82.252654, 35.397815 ], [ -82.25312, 35.397715 ], [ -82.253181, 35.397707 ], [ -82.253534, 35.397664 ], [ -82.253888, 35.39762 ], [ -82.254234, 35.397476 ], [ -82.25435, 35.397428 ], [ -82.255184, 35.397149 ], [ -82.255833, 35.39707 ], [ -82.256132, 35.39687 ], [ -82.256432, 35.396671 ], [ -82.256732, 35.396471 ], [ -82.256826, 35.3964 ], [ -82.257343, 35.396186 ], [ -82.257512, 35.396043 ], [ -82.257834, 35.395581 ], [ -82.257955, 35.39524 ], [ -82.258089, 35.394938 ], [ -82.258224, 35.394636 ], [ -82.258473, 35.394175 ], [ -82.258761, 35.393801 ], [ -82.259036, 35.393526 ], [ -82.259258, 35.393367 ], [ -82.259486, 35.393241 ], [ -82.259768, 35.393164 ], [ -82.26011, 35.393103 ], [ -82.26052, 35.3931 ], [ -82.26101, 35.393159 ], [ -82.261305, 35.393198 ], [ -82.261392, 35.393429 ], [ -82.26148, 35.393665 ], [ -82.261577, 35.393978 ], [ -82.261674, 35.394291 ], [ -82.261768, 35.394473 ], [ -82.261888, 35.394594 ], [ -82.262076, 35.394726 ], [ -82.262311, 35.394846 ], [ -82.262539, 35.394984 ], [ -82.262787, 35.395171 ], [ -82.262948, 35.395325 ], [ -82.263102, 35.39549 ], [ -82.263217, 35.395688 ], [ -82.263418, 35.396067 ], [ -82.263559, 35.396381 ], [ -82.26376, 35.396645 ], [ -82.264203, 35.396986 ], [ -82.264516, 35.397178 ], [ -82.264829, 35.39737 ], [ -82.265142, 35.397563 ], [ -82.265501, 35.397796 ], [ -82.26586, 35.39803 ], [ -82.266122, 35.39822 ], [ -82.266384, 35.398409 ], [ -82.266439, 35.39845 ], [ -82.266672, 35.398624 ], [ -82.266934, 35.398778 ], [ -82.267316, 35.398943 ], [ -82.267692, 35.399103 ], [ -82.268068, 35.399262 ], [ -82.268434, 35.399433 ], [ -82.268799, 35.399603 ], [ -82.269195, 35.399752 ], [ -82.269551, 35.399922 ], [ -82.269866, 35.400148 ], [ -82.270121, 35.400356 ], [ -82.270202, 35.400461 ], [ -82.270228, 35.400549 ], [ -82.270181, 35.400708 ], [ -82.270128, 35.400835 ], [ -82.270087, 35.400977 ], [ -82.2701, 35.401153 ], [ -82.2701, 35.401363 ], [ -82.269979, 35.401686 ], [ -82.269784, 35.402099 ], [ -82.269657, 35.4025 ], [ -82.269495, 35.402835 ], [ -82.269307, 35.403192 ], [ -82.269166, 35.403522 ], [ -82.269159, 35.40354 ], [ -82.269018, 35.403923 ], [ -82.269006, 35.403969 ], [ -82.268911, 35.404341 ], [ -82.268841, 35.404619 ], [ -82.268772, 35.404898 ], [ -82.268702, 35.405176 ], [ -82.268658, 35.405332 ], [ -82.268574, 35.405632 ], [ -82.2685, 35.405967 ], [ -82.268514, 35.406214 ], [ -82.268547, 35.406336 ], [ -82.268601, 35.406489 ], [ -82.268655, 35.406588 ], [ -82.268903, 35.406682 ], [ -82.269298, 35.40677 ], [ -82.269601, 35.406869 ], [ -82.269943, 35.407017 ], [ -82.270319, 35.407221 ], [ -82.270607, 35.407436 ], [ -82.270983, 35.407749 ], [ -82.271258, 35.408024 ], [ -82.271581, 35.408403 ], [ -82.271855, 35.408716 ], [ -82.272151, 35.409013 ], [ -82.272386, 35.409266 ], [ -82.272607, 35.409668 ], [ -82.272727, 35.409959 ], [ -82.272848, 35.41025 ], [ -82.272969, 35.410778 ], [ -82.273019, 35.411064 ], [ -82.273069, 35.41135 ], [ -82.273079, 35.411652 ], [ -82.273089, 35.411954 ], [ -82.273082, 35.412487 ], [ -82.273062, 35.41285 ], [ -82.272988, 35.413097 ], [ -82.272968, 35.41324 ], [ -82.272961, 35.413355 ], [ -82.272975, 35.413504 ], [ -82.273088, 35.413757 ], [ -82.273223, 35.414037 ], [ -82.273283, 35.414268 ], [ -82.273309, 35.414625 ], [ -82.273289, 35.414944 ], [ -82.273288, 35.414957 ], [ -82.273269, 35.415263 ], [ -82.273202, 35.41573 ], [ -82.273128, 35.416054 ], [ -82.273053, 35.416378 ], [ -82.272912, 35.416791 ], [ -82.272852, 35.416983 ], [ -82.272812, 35.41723 ], [ -82.272751, 35.417533 ], [ -82.27269, 35.417867 ], [ -82.27267, 35.418077 ], [ -82.272697, 35.418329 ], [ -82.272713, 35.41884 ], [ -82.272874, 35.419109 ], [ -82.273035, 35.419378 ], [ -82.273248, 35.419722 ], [ -82.273461, 35.420066 ], [ -82.273623, 35.42033 ], [ -82.273824, 35.420555 ], [ -82.273904, 35.42066 ], [ -82.274005, 35.420841 ], [ -82.274172, 35.421254 ], [ -82.27431, 35.421558 ], [ -82.274448, 35.421863 ], [ -82.274649, 35.422276 ], [ -82.27481, 35.422545 ], [ -82.274987, 35.422716 ], [ -82.275219, 35.422831 ], [ -82.275441, 35.422914 ], [ -82.275588, 35.422963 ], [ -82.275749, 35.423123 ], [ -82.275803, 35.423282 ], [ -82.27581, 35.423573 ], [ -82.27577, 35.423804 ], [ -82.275689, 35.424079 ], [ -82.275608, 35.424354 ], [ -82.275581, 35.424448 ], [ -82.27551, 35.424692 ], [ -82.275413, 35.42503 ], [ -82.275339, 35.425376 ], [ -82.275275, 35.425695 ], [ -82.275211, 35.426013 ], [ -82.275117, 35.426398 ], [ -82.275057, 35.426618 ], [ -82.275037, 35.426711 ], [ -82.274982, 35.427107 ], [ -82.274936, 35.427294 ], [ -82.274841, 35.427497 ], [ -82.274747, 35.427656 ], [ -82.274633, 35.427838 ], [ -82.274505, 35.428036 ], [ -82.274452, 35.428162 ], [ -82.274364, 35.428481 ], [ -82.27431, 35.428778 ], [ -82.274223, 35.428992 ], [ -82.274135, 35.42919 ], [ -82.273954, 35.429591 ], [ -82.273806, 35.429866 ], [ -82.273678, 35.430014 ], [ -82.273577, 35.430129 ], [ -82.273497, 35.430245 ], [ -82.273409, 35.430459 ], [ -82.273423, 35.430707 ], [ -82.27349, 35.430899 ], [ -82.273645, 35.431234 ], [ -82.273779, 35.431526 ], [ -82.27396, 35.431773 ], [ -82.274114, 35.431965 ], [ -82.274195, 35.432174 ], [ -82.274275, 35.432383 ], [ -82.274328, 35.432691 ], [ -82.274389, 35.433048 ], [ -82.274422, 35.433306 ], [ -82.274476, 35.433592 ], [ -82.27455, 35.433801 ], [ -82.274657, 35.434021 ], [ -82.274919, 35.434433 ], [ -82.274992, 35.434554 ], [ -82.275059, 35.434637 ], [ -82.275201, 35.43479 ], [ -82.275402, 35.435005 ], [ -82.27555, 35.435197 ], [ -82.275692, 35.435467 ], [ -82.275798, 35.435791 ], [ -82.275914, 35.436193 ], [ -82.276019, 35.436599 ], [ -82.276059, 35.436874 ], [ -82.276086, 35.437011 ], [ -82.276147, 35.437143 ], [ -82.276214, 35.437214 ], [ -82.276308, 35.437275 ], [ -82.276489, 35.437319 ], [ -82.276771, 35.437379 ], [ -82.277254, 35.437484 ], [ -82.277872, 35.437693 ], [ -82.278161, 35.437814 ], [ -82.278389, 35.437913 ], [ -82.27861, 35.438056 ], [ -82.278778, 35.438188 ], [ -82.278906, 35.438314 ], [ -82.279027, 35.438545 ], [ -82.279161, 35.438853 ], [ -82.279222, 35.439161 ], [ -82.279295, 35.439567 ], [ -82.279355, 35.440112 ], [ -82.279392, 35.440444 ], [ -82.279429, 35.440777 ], [ -82.279476, 35.44103 ], [ -82.279529, 35.441134 ], [ -82.279778, 35.441398 ], [ -82.280033, 35.441645 ], [ -82.280194, 35.441777 ], [ -82.280342, 35.441953 ], [ -82.280436, 35.442162 ], [ -82.280503, 35.442536 ], [ -82.28055, 35.442822 ], [ -82.280563, 35.443069 ], [ -82.280529, 35.443393 ], [ -82.280469, 35.443618 ], [ -82.280388, 35.44386 ], [ -82.280324, 35.444146 ], [ -82.28026, 35.444432 ], [ -82.280203, 35.444704 ], [ -82.280146, 35.444976 ], [ -82.280059, 35.445251 ], [ -82.279857, 35.445729 ], [ -82.279703, 35.446086 ], [ -82.279447, 35.446569 ], [ -82.279232, 35.446877 ], [ -82.279057, 35.447037 ], [ -82.278762, 35.447245 ], [ -82.278412, 35.447498 ], [ -82.277989, 35.447717 ], [ -82.277546, 35.447954 ], [ -82.277444, 35.448011 ], [ -82.277238, 35.448125 ], [ -82.277079, 35.448216 ], [ -82.276844, 35.448355 ], [ -82.276653, 35.448476 ], [ -82.276531, 35.448597 ], [ -82.276296, 35.448921 ], [ -82.276151, 35.449174 ], [ -82.276007, 35.449426 ], [ -82.275861, 35.449681 ], [ -82.275716, 35.449935 ], [ -82.27557, 35.45019 ], [ -82.275411, 35.450483 ], [ -82.275252, 35.450776 ], [ -82.275093, 35.45107 ], [ -82.274931, 35.451352 ], [ -82.27477, 35.451635 ], [ -82.274618, 35.451912 ], [ -82.274465, 35.452188 ], [ -82.274313, 35.452465 ], [ -82.274115, 35.452833 ], [ -82.273917, 35.453201 ], [ -82.273661, 35.453658 ], [ -82.273406, 35.454108 ], [ -82.273247, 35.454398 ], [ -82.273088, 35.454687 ], [ -82.272928, 35.454976 ], [ -82.272778, 35.455252 ], [ -82.272627, 35.455528 ], [ -82.272477, 35.455804 ], [ -82.272326, 35.45608 ], [ -82.272176, 35.456356 ], [ -82.272012, 35.45663 ], [ -82.271849, 35.456905 ], [ -82.271686, 35.45718 ], [ -82.271636, 35.457269 ], [ -82.271523, 35.457455 ], [ -82.271357, 35.457766 ], [ -82.271315, 35.457845 ], [ -82.271192, 35.458077 ], [ -82.271165, 35.458125 ], [ -82.271026, 35.458389 ], [ -82.270777, 35.458839 ], [ -82.270617, 35.459113 ], [ -82.270458, 35.459386 ], [ -82.270298, 35.45966 ], [ -82.270139, 35.459933 ], [ -82.270006, 35.460189 ], [ -82.269873, 35.460444 ], [ -82.26974, 35.4607 ], [ -82.269607, 35.460955 ], [ -82.26943, 35.461265 ], [ -82.269253, 35.461574 ], [ -82.269076, 35.461883 ], [ -82.268901, 35.462202 ], [ -82.268739, 35.462498 ], [ -82.268566, 35.462818 ], [ -82.268406, 35.463114 ], [ -82.268246, 35.463411 ], [ -82.268086, 35.463708 ], [ -82.267927, 35.464005 ], [ -82.267779, 35.46427 ], [ -82.267631, 35.464535 ], [ -82.267482, 35.4648 ], [ -82.267334, 35.465066 ], [ -82.267175, 35.465354 ], [ -82.26698, 35.465709 ], [ -82.266855, 35.465931 ], [ -82.266696, 35.466219 ], [ -82.266526, 35.466526 ], [ -82.266356, 35.466832 ], [ -82.266186, 35.467138 ], [ -82.266017, 35.467445 ], [ -82.265795, 35.467818 ], [ -82.265775, 35.467808 ], [ -82.258787, 35.464294 ], [ -82.25761, 35.463707 ], [ -82.255503, 35.462681 ], [ -82.253895, 35.461893 ], [ -82.252397, 35.461159 ], [ -82.251437, 35.460685 ], [ -82.250216, 35.461714 ], [ -82.245707, 35.465331 ], [ -82.244476, 35.466322 ], [ -82.242718, 35.467672 ], [ -82.2425, 35.467838 ], [ -82.241508, 35.469577 ], [ -82.239949, 35.472192 ], [ -82.237744, 35.475879 ], [ -82.235726, 35.479229 ], [ -82.233496, 35.483006 ], [ -82.229156, 35.490288 ], [ -82.224336, 35.498269 ], [ -82.224304, 35.49854 ], [ -82.224129, 35.499831 ], [ -82.224083, 35.500175 ], [ -82.224103, 35.500364 ], [ -82.224261, 35.500522 ], [ -82.224557, 35.500656 ], [ -82.224852, 35.50079 ], [ -82.225007, 35.500879 ], [ -82.225075, 35.501001 ], [ -82.225199, 35.501566 ], [ -82.225293, 35.501889 ], [ -82.225354, 35.502046 ], [ -82.225417, 35.502148 ], [ -82.225562, 35.502445 ], [ -82.22575, 35.502723 ], [ -82.226313, 35.503556 ], [ -82.22659, 35.50392 ], [ -82.227192, 35.5047 ], [ -82.227384, 35.504855 ], [ -82.227974, 35.50533 ], [ -82.22861, 35.505752 ], [ -82.229382, 35.506124 ], [ -82.2297, 35.506188 ], [ -82.230043, 35.50622 ], [ -82.230261, 35.506239 ], [ -82.230385, 35.506252 ], [ -82.230678, 35.506317 ], [ -82.230924, 35.506465 ], [ -82.231123, 35.506624 ], [ -82.231168, 35.506675 ], [ -82.231243, 35.506725 ], [ -82.231563, 35.506985 ], [ -82.231722, 35.507167 ], [ -82.231856, 35.50737 ], [ -82.231916, 35.507617 ], [ -82.23191, 35.507922 ], [ -82.231903, 35.508226 ], [ -82.231987, 35.508451 ], [ -82.232145, 35.508597 ], [ -82.232449, 35.508785 ], [ -82.232753, 35.508973 ], [ -82.232983, 35.5092 ], [ -82.233213, 35.509426 ], [ -82.233335, 35.509629 ], [ -82.233393, 35.509814 ], [ -82.233416, 35.510089 ], [ -82.23344, 35.510364 ], [ -82.233464, 35.510638 ], [ -82.23351, 35.510859 ], [ -82.23366, 35.511129 ], [ -82.233809, 35.511399 ], [ -82.233843, 35.511615 ], [ -82.233763, 35.511813 ], [ -82.233396, 35.51226 ], [ -82.233253, 35.512643 ], [ -82.233011, 35.513223 ], [ -82.232978, 35.513657 ], [ -82.233041, 35.513976 ], [ -82.233438, 35.51474 ], [ -82.233491, 35.514853 ], [ -82.23362, 35.5152 ], [ -82.233616, 35.515407 ], [ -82.233565, 35.515708 ], [ -82.233509, 35.51589 ], [ -82.233282, 35.516217 ], [ -82.233096, 35.516454 ], [ -82.232909, 35.516691 ], [ -82.232817, 35.5169 ], [ -82.232818, 35.517262 ], [ -82.232929, 35.517507 ], [ -82.233222, 35.51778 ], [ -82.233382, 35.517929 ], [ -82.233624, 35.518139 ], [ -82.233885, 35.51853 ], [ -82.233853, 35.518655 ], [ -82.233642, 35.518898 ], [ -82.233422, 35.519152 ], [ -82.233203, 35.519402 ], [ -82.232923, 35.519527 ], [ -82.232602, 35.51967 ], [ -82.23152, 35.519945 ], [ -82.22361, 35.520003 ], [ -82.221203, 35.52002 ], [ -82.220859, 35.520023 ], [ -82.220515, 35.520025 ], [ -82.220219, 35.520072 ], [ -82.220183, 35.520078 ], [ -82.220076, 35.520099 ], [ -82.219419, 35.5202 ], [ -82.214542, 35.520978 ], [ -82.207574, 35.522095 ], [ -82.206936, 35.52219 ], [ -82.206453, 35.522262 ], [ -82.203922, 35.52267 ], [ -82.19828, 35.523569 ], [ -82.180499, 35.526398 ], [ -82.178984, 35.526601 ], [ -82.178712, 35.526635 ], [ -82.178476, 35.526665 ], [ -82.178024, 35.526725 ], [ -82.177799, 35.526754 ], [ -82.17611, 35.526974 ], [ -82.170699, 35.527616 ], [ -82.170374, 35.527654 ], [ -82.170191, 35.527676 ], [ -82.169899, 35.527711 ], [ -82.169674, 35.527737 ], [ -82.169049, 35.527811 ], [ -82.168496, 35.527526 ], [ -82.168214, 35.527375 ], [ -82.167932, 35.527224 ], [ -82.167651, 35.527073 ], [ -82.167369, 35.526921 ], [ -82.167087, 35.52677 ], [ -82.166805, 35.526619 ], [ -82.166524, 35.526468 ], [ -82.166242, 35.526317 ], [ -82.165989, 35.526186 ], [ -82.16596, 35.526165 ], [ -82.165678, 35.526014 ], [ -82.165396, 35.525863 ], [ -82.165115, 35.525712 ], [ -82.164831, 35.525563 ], [ -82.164548, 35.525414 ], [ -82.164265, 35.525264 ], [ -82.163982, 35.525115 ], [ -82.163698, 35.524966 ], [ -82.163415, 35.524817 ], [ -82.163132, 35.524668 ], [ -82.162849, 35.524518 ], [ -82.162565, 35.524369 ], [ -82.162282, 35.52422 ], [ -82.161999, 35.524071 ], [ -82.161149, 35.523623 ], [ -82.160583, 35.523325 ], [ -82.160299, 35.523175 ], [ -82.160016, 35.523026 ], [ -82.159733, 35.522877 ], [ -82.15945, 35.522728 ], [ -82.159167, 35.522579 ], [ -82.158883, 35.522429 ], [ -82.1586, 35.52228 ], [ -82.158317, 35.522131 ], [ -82.158034, 35.521982 ], [ -82.15775, 35.521832 ], [ -82.157467, 35.521683 ], [ -82.157184, 35.521534 ], [ -82.156901, 35.521385 ], [ -82.156617, 35.521236 ], [ -82.156334, 35.521086 ], [ -82.156051, 35.520937 ], [ -82.155768, 35.520788 ], [ -82.155493, 35.520643 ], [ -82.155201, 35.520489 ] ] ] ] } },
{ "type": "Feature", "properties": { "NAME": "Spartanburg", "STUSPS": "SC" }, "geometry": { "type": "MultiPolygon", "coordinates": [ [ [ [ -81.782791, 34.837211 ], [ -81.782829, 34.837092 ], [ -81.784195, 34.83283 ], [ -81.785421, 34.829095 ], [ -81.785474, 34.828932 ], [ -81.787153, 34.823995 ], [ -81.788545, 34.819551 ], [ -81.788988, 34.818188 ], [ -81.789464, 34.816283 ], [ -81.790029, 34.814006 ], [ -81.790795, 34.810862 ], [ -81.790922, 34.810323 ], [ -81.792205, 34.804902 ], [ -81.792835, 34.802211 ], [ -81.79356, 34.799069 ], [ -81.79531, 34.792881 ], [ -81.797486, 34.785208 ], [ -81.797923, 34.783417 ], [ -81.798402, 34.781365 ], [ -81.798794, 34.779214 ], [ -81.799623, 34.7747 ], [ -81.800656, 34.769693 ], [ -81.800888, 34.76856 ], [ -81.801385, 34.766273 ], [ -81.802736, 34.759976 ], [ -81.8029, 34.759202 ], [ -81.803288, 34.757388 ], [ -81.80383, 34.754802 ], [ -81.803884, 34.754541 ], [ -81.80395, 34.754241 ], [ -81.804194, 34.753126 ], [ -81.804235, 34.752934 ], [ -81.804264, 34.752801 ], [ -81.804279, 34.752728 ], [ -81.804311, 34.752588 ], [ -81.804404, 34.752165 ], [ -81.804651, 34.751035 ], [ -81.805122, 34.74884 ], [ -81.80519, 34.748526 ], [ -81.805503, 34.747068 ], [ -81.805906, 34.745179 ], [ -81.80592, 34.745118 ], [ -81.80596, 34.744933 ], [ -81.806124, 34.744034 ], [ -81.806186, 34.743779 ], [ -81.806675, 34.74176 ], [ -81.807708, 34.737683 ], [ -81.808927, 34.732913 ], [ -81.809016, 34.732566 ], [ -81.809284, 34.731526 ], [ -81.810293, 34.727511 ], [ -81.812005, 34.720868 ], [ -81.812424, 34.719182 ], [ -81.813121, 34.716512 ], [ -81.813705, 34.714318 ], [ -81.813947, 34.713355 ], [ -81.814302, 34.711927 ], [ -81.814476, 34.711125 ], [ -81.814576, 34.710661 ], [ -81.814832, 34.709563 ], [ -81.814941, 34.709073 ], [ -81.81525, 34.70773 ], [ -81.815342, 34.707335 ], [ -81.815835, 34.705245 ], [ -81.816458, 34.702537 ], [ -81.81682, 34.700985 ], [ -81.817058, 34.699935 ], [ -81.81722, 34.699217 ], [ -81.817622, 34.697463 ], [ -81.81799, 34.695865 ], [ -81.818082, 34.695515 ], [ -81.818468, 34.693831 ], [ -81.818773, 34.692522 ], [ -81.819087, 34.691145 ], [ -81.819364, 34.68998 ], [ -81.819589, 34.688991 ], [ -81.819781, 34.688274 ], [ -81.820355, 34.68654 ], [ -81.821524, 34.682852 ], [ -81.822563, 34.679628 ], [ -81.822762, 34.679008 ], [ -81.823362, 34.677119 ], [ -81.823665, 34.676184 ], [ -81.827077, 34.665573 ], [ -81.827613, 34.664601 ], [ -81.828063, 34.663806 ], [ -81.828344, 34.663309 ], [ -81.831332, 34.658084 ], [ -81.831387, 34.657976 ], [ -81.833182, 34.654852 ], [ -81.837817, 34.646862 ], [ -81.838165, 34.646274 ], [ -81.838228, 34.646158 ], [ -81.838475, 34.645055 ], [ -81.838525, 34.644857 ], [ -81.838577, 34.644659 ], [ -81.838807, 34.643835 ], [ -81.839205, 34.642408 ], [ -81.839407, 34.641686 ], [ -81.839482, 34.641417 ], [ -81.839635, 34.640772 ], [ -81.839852, 34.639802 ], [ -81.840154, 34.638541 ], [ -81.840444, 34.637328 ], [ -81.840722, 34.636204 ], [ -81.840895, 34.635515 ], [ -81.841281, 34.633892 ], [ -81.841868, 34.631536 ], [ -81.842096, 34.630602 ], [ -81.842193, 34.630207 ], [ -81.844013, 34.62379 ], [ -81.844402, 34.622375 ], [ -81.844833, 34.620767 ], [ -81.845073, 34.619855 ], [ -81.846133, 34.615947 ], [ -81.846474, 34.614716 ], [ -81.849616, 34.603145 ], [ -81.850524, 34.59974 ], [ -81.851067, 34.597741 ], [ -81.851749, 34.595186 ], [ -81.851847, 34.594842 ], [ -81.851865, 34.594775 ], [ -81.851987, 34.594762 ], [ -81.85216, 34.594735 ], [ -81.852288, 34.59471 ], [ -81.852789, 34.594585 ], [ -81.853042, 34.594526 ], [ -81.853257, 34.594491 ], [ -81.853418, 34.594474 ], [ -81.853474, 34.594469 ], [ -81.853518, 34.594471 ], [ -81.853604, 34.594487 ], [ -81.853691, 34.594497 ], [ -81.853822, 34.594499 ], [ -81.854002, 34.594549 ], [ -81.854029, 34.594556 ], [ -81.854158, 34.594579 ], [ -81.854191, 34.594582 ], [ -81.854288, 34.594592 ], [ -81.854422, 34.594593 ], [ -81.85445, 34.594565 ], [ -81.854549, 34.594495 ], [ -81.85466, 34.594445 ], [ -81.854671, 34.594411 ], [ -81.854708, 34.594347 ], [ -81.854782, 34.594259 ], [ -81.854907, 34.594159 ], [ -81.854984, 34.594 ], [ -81.855104, 34.593712 ], [ -81.855132, 34.593668 ], [ -81.855167, 34.59361 ], [ -81.855201, 34.593552 ], [ -81.855236, 34.593493 ], [ -81.855271, 34.593434 ], [ -81.855308, 34.593374 ], [ -81.855347, 34.593315 ], [ -81.855388, 34.593256 ], [ -81.855431, 34.593198 ], [ -81.855483, 34.593134 ], [ -81.855524, 34.593087 ], [ -81.855574, 34.593036 ], [ -81.855627, 34.592987 ], [ -81.855683, 34.592943 ], [ -81.855742, 34.592902 ], [ -81.855803, 34.592865 ], [ -81.855868, 34.592831 ], [ -81.855937, 34.5928 ], [ -81.856009, 34.592772 ], [ -81.856086, 34.592746 ], [ -81.856305, 34.592712 ], [ -81.856557, 34.592651 ], [ -81.856771, 34.592611 ], [ -81.856989, 34.592587 ], [ -81.857208, 34.592573 ], [ -81.857382, 34.592571 ], [ -81.8574, 34.592567 ], [ -81.857585, 34.592544 ], [ -81.857973, 34.592539 ], [ -81.85802, 34.592538 ], [ -81.858165, 34.592527 ], [ -81.858224, 34.592522 ], [ -81.85841, 34.592453 ], [ -81.858762, 34.592233 ], [ -81.858853, 34.592139 ], [ -81.858989, 34.591998 ], [ -81.85913, 34.59185 ], [ -81.859193, 34.59178 ], [ -81.85929, 34.591661 ], [ -81.859396, 34.591529 ], [ -81.859479, 34.591421 ], [ -81.859579, 34.591291 ], [ -81.859602, 34.591262 ], [ -81.859697, 34.591116 ], [ -81.85979, 34.590975 ], [ -81.859826, 34.590922 ], [ -81.86001, 34.590669 ], [ -81.860064, 34.590588 ], [ -81.860134, 34.590481 ], [ -81.860202, 34.590379 ], [ -81.860312, 34.590177 ], [ -81.860399, 34.590018 ], [ -81.860426, 34.589954 ], [ -81.860637, 34.589454 ], [ -81.860791, 34.589084 ], [ -81.860981, 34.588627 ], [ -81.861135, 34.588274 ], [ -81.861579, 34.58731 ], [ -81.861706, 34.587143 ], [ -81.861852, 34.586952 ], [ -81.861885, 34.586901 ], [ -81.861931, 34.586827 ], [ -81.862037, 34.586659 ], [ -81.862063, 34.586618 ], [ -81.862151, 34.586304 ], [ -81.862167, 34.586234 ], [ -81.862215, 34.58605 ], [ -81.862215, 34.586011 ], [ -81.862218, 34.585583 ], [ -81.862218, 34.585376 ], [ -81.862222, 34.585324 ], [ -81.862227, 34.585167 ], [ -81.862225, 34.585055 ], [ -81.862222, 34.584994 ], [ -81.862211, 34.584862 ], [ -81.86219, 34.584712 ], [ -81.862176, 34.58463 ], [ -81.862121, 34.584353 ], [ -81.862022, 34.583937 ], [ -81.861995, 34.583827 ], [ -81.861966, 34.583716 ], [ -81.861915, 34.583512 ], [ -81.86191, 34.583494 ], [ -81.861858, 34.583275 ], [ -81.861811, 34.583065 ], [ -81.86176, 34.582774 ], [ -81.861748, 34.582684 ], [ -81.861739, 34.582596 ], [ -81.861731, 34.582512 ], [ -81.861726, 34.58243 ], [ -81.861724, 34.582351 ], [ -81.861723, 34.582274 ], [ -81.861725, 34.5822 ], [ -81.861728, 34.582128 ], [ -81.861734, 34.582058 ], [ -81.86174, 34.581991 ], [ -81.861748, 34.581926 ], [ -81.861757, 34.581863 ], [ -81.861766, 34.581803 ], [ -81.861788, 34.581688 ], [ -81.8618, 34.581633 ], [ -81.861813, 34.581579 ], [ -81.861828, 34.581527 ], [ -81.861844, 34.581475 ], [ -81.861862, 34.581425 ], [ -81.861883, 34.581375 ], [ -81.861902, 34.581333 ], [ -81.86193, 34.581276 ], [ -81.861958, 34.581226 ], [ -81.861988, 34.581177 ], [ -81.862054, 34.581078 ], [ -81.862091, 34.581027 ], [ -81.862129, 34.580976 ], [ -81.862171, 34.580925 ], [ -81.862214, 34.580873 ], [ -81.862306, 34.580768 ], [ -81.862355, 34.580716 ], [ -81.862405, 34.580665 ], [ -81.862457, 34.580615 ], [ -81.862563, 34.580518 ], [ -81.862673, 34.580428 ], [ -81.86273, 34.580385 ], [ -81.862783, 34.580348 ], [ -81.862837, 34.580313 ], [ -81.86289, 34.580281 ], [ -81.862941, 34.580253 ], [ -81.862991, 34.58023 ], [ -81.863039, 34.580211 ], [ -81.863086, 34.580195 ], [ -81.863131, 34.580183 ], [ -81.863175, 34.580174 ], [ -81.863217, 34.580167 ], [ -81.863257, 34.580163 ], [ -81.863296, 34.58016 ], [ -81.863371, 34.580161 ], [ -81.863433, 34.580168 ], [ -81.863502, 34.580182 ], [ -81.863517, 34.580186 ], [ -81.863555, 34.580197 ], [ -81.863594, 34.580211 ], [ -81.863635, 34.580228 ], [ -81.86368, 34.580248 ], [ -81.86373, 34.580275 ], [ -81.863788, 34.580309 ], [ -81.863802, 34.580318 ], [ -81.863899, 34.58036 ], [ -81.86396, 34.580389 ], [ -81.86407, 34.580428 ], [ -81.864085, 34.580429 ], [ -81.864141, 34.580458 ], [ -81.864216, 34.580521 ], [ -81.864271, 34.580573 ], [ -81.864318, 34.58062 ], [ -81.864424, 34.580736 ], [ -81.864474, 34.580797 ], [ -81.864534, 34.580879 ], [ -81.864618, 34.580993 ], [ -81.864671, 34.581063 ], [ -81.864713, 34.58112 ], [ -81.864761, 34.581199 ], [ -81.864816, 34.581292 ], [ -81.864867, 34.581362 ], [ -81.864951, 34.581469 ], [ -81.865073, 34.581608 ], [ -81.865141, 34.58169 ], [ -81.865202, 34.581774 ], [ -81.865332, 34.581956 ], [ -81.865411, 34.582067 ], [ -81.865481, 34.582166 ], [ -81.865555, 34.582273 ], [ -81.865618, 34.582371 ], [ -81.865652, 34.58244 ], [ -81.865693, 34.582526 ], [ -81.86575, 34.58262 ], [ -81.865802, 34.582693 ], [ -81.865861, 34.582766 ], [ -81.865922, 34.582836 ], [ -81.866064, 34.583035 ], [ -81.866257, 34.583273 ], [ -81.86646, 34.583505 ], [ -81.86722, 34.584332 ], [ -81.867447, 34.584594 ], [ -81.867624, 34.58481 ], [ -81.867884, 34.585129 ], [ -81.868098, 34.5854 ], [ -81.868443, 34.585856 ], [ -81.868546, 34.585996 ], [ -81.868589, 34.586054 ], [ -81.868939, 34.58653 ], [ -81.869176, 34.58686 ], [ -81.869249, 34.586989 ], [ -81.869365, 34.587149 ], [ -81.869454, 34.58731 ], [ -81.869515, 34.587443 ], [ -81.869532, 34.587502 ], [ -81.869551, 34.587615 ], [ -81.869573, 34.587793 ], [ -81.869581, 34.587878 ], [ -81.869588, 34.587954 ], [ -81.869601, 34.588049 ], [ -81.869617, 34.58816 ], [ -81.869625, 34.588264 ], [ -81.869632, 34.588355 ], [ -81.869647, 34.588463 ], [ -81.869675, 34.588632 ], [ -81.869691, 34.588722 ], [ -81.869713, 34.588844 ], [ -81.869722, 34.588893 ], [ -81.869735, 34.58896 ], [ -81.869746, 34.589012 ], [ -81.869753, 34.589038 ], [ -81.869779, 34.589096 ], [ -81.86982, 34.58918 ], [ -81.869828, 34.589205 ], [ -81.869892, 34.589376 ], [ -81.869918, 34.589435 ], [ -81.869952, 34.589516 ], [ -81.870002, 34.589634 ], [ -81.870053, 34.589751 ], [ -81.870089, 34.589836 ], [ -81.870141, 34.589997 ], [ -81.870188, 34.590132 ], [ -81.870334, 34.590565 ], [ -81.870364, 34.590671 ], [ -81.8704, 34.5908 ], [ -81.87045, 34.590959 ], [ -81.870478, 34.59105 ], [ -81.870482, 34.591069 ], [ -81.870495, 34.591128 ], [ -81.870516, 34.5913 ], [ -81.87053, 34.591462 ], [ -81.870533, 34.591543 ], [ -81.870533, 34.591676 ], [ -81.870529, 34.591845 ], [ -81.870527, 34.591876 ], [ -81.870522, 34.591926 ], [ -81.870506, 34.592011 ], [ -81.870491, 34.592082 ], [ -81.87047, 34.592205 ], [ -81.870463, 34.592248 ], [ -81.870455, 34.592304 ], [ -81.870747, 34.592664 ], [ -81.870788, 34.592685 ], [ -81.870975, 34.592782 ], [ -81.871164, 34.59288 ], [ -81.871543, 34.59295 ], [ -81.871797, 34.593008 ], [ -81.872183, 34.593074 ], [ -81.872219, 34.593077 ], [ -81.872375, 34.593075 ], [ -81.872666, 34.593068 ], [ -81.872766, 34.593056 ], [ -81.87296, 34.593016 ], [ -81.873056, 34.592993 ], [ -81.873426, 34.5929 ], [ -81.873549, 34.592867 ], [ -81.873669, 34.592832 ], [ -81.873923, 34.592748 ], [ -81.874137, 34.592671 ], [ -81.87421, 34.59264 ], [ -81.874285, 34.592604 ], [ -81.874419, 34.592537 ], [ -81.87455, 34.592469 ], [ -81.874639, 34.592424 ], [ -81.874843, 34.592333 ], [ -81.875157, 34.592292 ], [ -81.875375, 34.592299 ], [ -81.875506, 34.592304 ], [ -81.875809, 34.592346 ], [ -81.875894, 34.592361 ], [ -81.876032, 34.592402 ], [ -81.876059, 34.59241 ], [ -81.876195, 34.592469 ], [ -81.876352, 34.592537 ], [ -81.87651, 34.592605 ], [ -81.876999, 34.592763 ], [ -81.877209, 34.592814 ], [ -81.877337, 34.592837 ], [ -81.877467, 34.592855 ], [ -81.877509, 34.592865 ], [ -81.877548, 34.592883 ], [ -81.877692, 34.592965 ], [ -81.877725, 34.592988 ], [ -81.877814, 34.593067 ], [ -81.87798, 34.593233 ], [ -81.878113, 34.593418 ], [ -81.87828, 34.593709 ], [ -81.878434, 34.594043 ], [ -81.878576, 34.594304 ], [ -81.878707, 34.594569 ], [ -81.878763, 34.594666 ], [ -81.878814, 34.594765 ], [ -81.878877, 34.594916 ], [ -81.878912, 34.595001 ], [ -81.878948, 34.595104 ], [ -81.878971, 34.595246 ], [ -81.878974, 34.595353 ], [ -81.878971, 34.59546 ], [ -81.878947, 34.595529 ], [ -81.878915, 34.595595 ], [ -81.878876, 34.59566 ], [ -81.878842, 34.59571 ], [ -81.878812, 34.595753 ], [ -81.878772, 34.595855 ], [ -81.878752, 34.595925 ], [ -81.878745, 34.595996 ], [ -81.878754, 34.596067 ], [ -81.878776, 34.596136 ], [ -81.878849, 34.596266 ], [ -81.87886, 34.596279 ], [ -81.878906, 34.596316 ], [ -81.878981, 34.596367 ], [ -81.879073, 34.596419 ], [ -81.879094, 34.596431 ], [ -81.879216, 34.596487 ], [ -81.87923, 34.596493 ], [ -81.879406, 34.596559 ], [ -81.879539, 34.596596 ], [ -81.879578, 34.596605 ], [ -81.879663, 34.596623 ], [ -81.879759, 34.596641 ], [ -81.879827, 34.596653 ], [ -81.87986, 34.596658 ], [ -81.879924, 34.596669 ], [ -81.87994, 34.596671 ], [ -81.880013, 34.59668 ], [ -81.88003, 34.596682 ], [ -81.880064, 34.596683 ], [ -81.88015, 34.596684 ], [ -81.880169, 34.596682 ], [ -81.880188, 34.596679 ], [ -81.880206, 34.596675 ], [ -81.880229, 34.596668 ], [ -81.880349, 34.596624 ], [ -81.880558, 34.596545 ], [ -81.880655, 34.596504 ], [ -81.880758, 34.596452 ], [ -81.880845, 34.596402 ], [ -81.880873, 34.596383 ], [ -81.880925, 34.596347 ], [ -81.880942, 34.596334 ], [ -81.880999, 34.59629 ], [ -81.881048, 34.596249 ], [ -81.881074, 34.596225 ], [ -81.881111, 34.596191 ], [ -81.881147, 34.596155 ], [ -81.881188, 34.59611 ], [ -81.881208, 34.596088 ], [ -81.88124, 34.596051 ], [ -81.881307, 34.595968 ], [ -81.881371, 34.595884 ], [ -81.881454, 34.595775 ], [ -81.881607, 34.595587 ], [ -81.881702, 34.595466 ], [ -81.881758, 34.595399 ], [ -81.881815, 34.595333 ], [ -81.881859, 34.595294 ], [ -81.882063, 34.595142 ], [ -81.882099, 34.595115 ], [ -81.882138, 34.595086 ], [ -81.882183, 34.595047 ], [ -81.882311, 34.594935 ], [ -81.882381, 34.594884 ], [ -81.882471, 34.594833 ], [ -81.882576, 34.59479 ], [ -81.882734, 34.594749 ], [ -81.882912, 34.594717 ], [ -81.883053, 34.594701 ], [ -81.883259, 34.594695 ], [ -81.883461, 34.594687 ], [ -81.883657, 34.594666 ], [ -81.883793, 34.594649 ], [ -81.883986, 34.594621 ], [ -81.88412, 34.594597 ], [ -81.884275, 34.594561 ], [ -81.884457, 34.594508 ], [ -81.884511, 34.59449 ], [ -81.884675, 34.594435 ], [ -81.88477, 34.5944 ], [ -81.884843, 34.594372 ], [ -81.88512, 34.594262 ], [ -81.885263, 34.594212 ], [ -81.885454, 34.594146 ], [ -81.885701, 34.594058 ], [ -81.885811, 34.594011 ], [ -81.885953, 34.593949 ], [ -81.886058, 34.593904 ], [ -81.886124, 34.593879 ], [ -81.88623, 34.593838 ], [ -81.886302, 34.59381 ], [ -81.886356, 34.593789 ], [ -81.886442, 34.593755 ], [ -81.886522, 34.593724 ], [ -81.886671, 34.593659 ], [ -81.886802, 34.593603 ], [ -81.886977, 34.593531 ], [ -81.887051, 34.593495 ], [ -81.88709, 34.593469 ], [ -81.887124, 34.593439 ], [ -81.887138, 34.593425 ], [ -81.887178, 34.593387 ], [ -81.887335, 34.593228 ], [ -81.887486, 34.593091 ], [ -81.8876, 34.592985 ], [ -81.887642, 34.592941 ], [ -81.887677, 34.592894 ], [ -81.887753, 34.592758 ], [ -81.887801, 34.59266 ], [ -81.887832, 34.592593 ], [ -81.887858, 34.592535 ], [ -81.887899, 34.592427 ], [ -81.887906, 34.592409 ], [ -81.887916, 34.592362 ], [ -81.887918, 34.592325 ], [ -81.88792, 34.592241 ], [ -81.88792, 34.59206 ], [ -81.887918, 34.591896 ], [ -81.887913, 34.591769 ], [ -81.887906, 34.591642 ], [ -81.887911, 34.591544 ], [ -81.88793, 34.591406 ], [ -81.88795, 34.591263 ], [ -81.887967, 34.591161 ], [ -81.887996, 34.59104 ], [ -81.888037, 34.59093 ], [ -81.888072, 34.590854 ], [ -81.888119, 34.59077 ], [ -81.888176, 34.590687 ], [ -81.888263, 34.590579 ], [ -81.88832, 34.590516 ], [ -81.888427, 34.590408 ], [ -81.888526, 34.590322 ], [ -81.888689, 34.590192 ], [ -81.8888, 34.590108 ], [ -81.888917, 34.590026 ], [ -81.889055, 34.589942 ], [ -81.889106, 34.589916 ], [ -81.889204, 34.589873 ], [ -81.889275, 34.589849 ], [ -81.889324, 34.589837 ], [ -81.889402, 34.589825 ], [ -81.889474, 34.58982 ], [ -81.88959, 34.589816 ], [ -81.889697, 34.589821 ], [ -81.88977, 34.589837 ], [ -81.889879, 34.58987 ], [ -81.889998, 34.589913 ], [ -81.890094, 34.589957 ], [ -81.890206, 34.590029 ], [ -81.89029, 34.590112 ], [ -81.890341, 34.590178 ], [ -81.890399, 34.590259 ], [ -81.890466, 34.590356 ], [ -81.890546, 34.590478 ], [ -81.890575, 34.590524 ], [ -81.890607, 34.590583 ], [ -81.89064, 34.590649 ], [ -81.890652, 34.590664 ], [ -81.890693, 34.590728 ], [ -81.890762, 34.590859 ], [ -81.890805, 34.59096 ], [ -81.890875, 34.591166 ], [ -81.890895, 34.591272 ], [ -81.890944, 34.591627 ], [ -81.890967, 34.592018 ], [ -81.890968, 34.592339 ], [ -81.890959, 34.592493 ], [ -81.890937, 34.592657 ], [ -81.890909, 34.592852 ], [ -81.890879, 34.593053 ], [ -81.890859, 34.593185 ], [ -81.890848, 34.593242 ], [ -81.890781, 34.593557 ], [ -81.890763, 34.593641 ], [ -81.89075, 34.593704 ], [ -81.890736, 34.593768 ], [ -81.890716, 34.59386 ], [ -81.890687, 34.593966 ], [ -81.890679, 34.593998 ], [ -81.890671, 34.594024 ], [ -81.890635, 34.594127 ], [ -81.890621, 34.594206 ], [ -81.8906, 34.594273 ], [ -81.890568, 34.594337 ], [ -81.890501, 34.594457 ], [ -81.890311, 34.594853 ], [ -81.89028, 34.594917 ], [ -81.890206, 34.595071 ], [ -81.890107, 34.595267 ], [ -81.890097, 34.595298 ], [ -81.890082, 34.595395 ], [ -81.890077, 34.595441 ], [ -81.890073, 34.595489 ], [ -81.89007, 34.595556 ], [ -81.890072, 34.595597 ], [ -81.890099, 34.595679 ], [ -81.890178, 34.595785 ], [ -81.890254, 34.595864 ], [ -81.890468, 34.596008 ], [ -81.890648, 34.59611 ], [ -81.890848, 34.596185 ], [ -81.890914, 34.596212 ], [ -81.891005, 34.59625 ], [ -81.891245, 34.596337 ], [ -81.891384, 34.596376 ], [ -81.891575, 34.596469 ], [ -81.891618, 34.59649 ], [ -81.891995, 34.596629 ], [ -81.89212, 34.596664 ], [ -81.892288, 34.596704 ], [ -81.892453, 34.596753 ], [ -81.892664, 34.596799 ], [ -81.892783, 34.596822 ], [ -81.892919, 34.59686 ], [ -81.893289, 34.596984 ], [ -81.893625, 34.597094 ], [ -81.893714, 34.59713 ], [ -81.8938, 34.597177 ], [ -81.893855, 34.597215 ], [ -81.893945, 34.597291 ], [ -81.894008, 34.59735 ], [ -81.894044, 34.597392 ], [ -81.894083, 34.597453 ], [ -81.89416, 34.597591 ], [ -81.89429, 34.597846 ], [ -81.894394, 34.598075 ], [ -81.89449, 34.598317 ], [ -81.894564, 34.598512 ], [ -81.894587, 34.598572 ], [ -81.894627, 34.598678 ], [ -81.894657, 34.598771 ], [ -81.894672, 34.59885 ], [ -81.894678, 34.598886 ], [ -81.894683, 34.598966 ], [ -81.894683, 34.599083 ], [ -81.894678, 34.599156 ], [ -81.894673, 34.599206 ], [ -81.894655, 34.599291 ], [ -81.894621, 34.599379 ], [ -81.894576, 34.599463 ], [ -81.894509, 34.599561 ], [ -81.894451, 34.599634 ], [ -81.89437, 34.599726 ], [ -81.894234, 34.59986 ], [ -81.894191, 34.599894 ], [ -81.893826, 34.600109 ], [ -81.893493, 34.600291 ], [ -81.893375, 34.600376 ], [ -81.89328, 34.600476 ], [ -81.893214, 34.600634 ], [ -81.893185, 34.600772 ], [ -81.893187, 34.600929 ], [ -81.893244, 34.601107 ], [ -81.893375, 34.601325 ], [ -81.893505, 34.601451 ], [ -81.893662, 34.601545 ], [ -81.893669, 34.601555 ], [ -81.893727, 34.601608 ], [ -81.893825, 34.60168 ], [ -81.89386, 34.601701 ], [ -81.894052, 34.601786 ], [ -81.894134, 34.601813 ], [ -81.894176, 34.601822 ], [ -81.894257, 34.601848 ], [ -81.894384, 34.601876 ], [ -81.894644, 34.601906 ], [ -81.894951, 34.601911 ], [ -81.895167, 34.601881 ], [ -81.895252, 34.601862 ], [ -81.895293, 34.601849 ], [ -81.895593, 34.601702 ], [ -81.895902, 34.601566 ], [ -81.895985, 34.601531 ], [ -81.896047, 34.601494 ], [ -81.896106, 34.601458 ], [ -81.896203, 34.601386 ], [ -81.896254, 34.601345 ], [ -81.896325, 34.601288 ], [ -81.896383, 34.601241 ], [ -81.896458, 34.601181 ], [ -81.896557, 34.601087 ], [ -81.896636, 34.601012 ], [ -81.896659, 34.600991 ], [ -81.896758, 34.600884 ], [ -81.896899, 34.600732 ], [ -81.896945, 34.600682 ], [ -81.896986, 34.600638 ], [ -81.897113, 34.600516 ], [ -81.897167, 34.60047 ], [ -81.897217, 34.600429 ], [ -81.897301, 34.600361 ], [ -81.897481, 34.600215 ], [ -81.897588, 34.600128 ], [ -81.897698, 34.600039 ], [ -81.897843, 34.599948 ], [ -81.897951, 34.599881 ], [ -81.89815, 34.599757 ], [ -81.898259, 34.599689 ], [ -81.898398, 34.599602 ], [ -81.898669, 34.599433 ], [ -81.898831, 34.599332 ], [ -81.899053, 34.599211 ], [ -81.899338, 34.599056 ], [ -81.899433, 34.59902 ], [ -81.899534, 34.598995 ], [ -81.899638, 34.598984 ], [ -81.899722, 34.598984 ], [ -81.899737, 34.598984 ], [ -81.89976, 34.598987 ], [ -81.89984, 34.598997 ], [ -81.899863, 34.599004 ], [ -81.899928, 34.599024 ], [ -81.89995, 34.599034 ], [ -81.900017, 34.599069 ], [ -81.900082, 34.59912 ], [ -81.900166, 34.59918 ], [ -81.900279, 34.599262 ], [ -81.900442, 34.599379 ], [ -81.900668, 34.599543 ], [ -81.90081, 34.599646 ], [ -81.901109, 34.599893 ], [ -81.901241, 34.600002 ], [ -81.901311, 34.60006 ], [ -81.901394, 34.600128 ], [ -81.901425, 34.600154 ], [ -81.90145, 34.600172 ], [ -81.901518, 34.600223 ], [ -81.901637, 34.600311 ], [ -81.901762, 34.600404 ], [ -81.901832, 34.600455 ], [ -81.901856, 34.600473 ], [ -81.901877, 34.600488 ], [ -81.901923, 34.600505 ], [ -81.901947, 34.600512 ], [ -81.902216, 34.600595 ], [ -81.902416, 34.60064 ], [ -81.902808, 34.600728 ], [ -81.902937, 34.600748 ], [ -81.903097, 34.600762 ], [ -81.903243, 34.600775 ], [ -81.903331, 34.600778 ], [ -81.903594, 34.600775 ], [ -81.903812, 34.600755 ], [ -81.904018, 34.600728 ], [ -81.904072, 34.600721 ], [ -81.904247, 34.600705 ], [ -81.904466, 34.600706 ], [ -81.904641, 34.600713 ], [ -81.904685, 34.600719 ], [ -81.905107, 34.600815 ], [ -81.905364, 34.600863 ], [ -81.90544, 34.600883 ], [ -81.905663, 34.601086 ], [ -81.905719, 34.601173 ], [ -81.905794, 34.601242 ], [ -81.906332, 34.601742 ], [ -81.906511, 34.601908 ], [ -81.906603, 34.601928 ], [ -81.906682, 34.601946 ], [ -81.907669, 34.602163 ], [ -81.907778, 34.602275 ], [ -81.907842, 34.602369 ], [ -81.907939, 34.6025 ], [ -81.907979, 34.602553 ], [ -81.908018, 34.602617 ], [ -81.908034, 34.602651 ], [ -81.908067, 34.602671 ], [ -81.908232, 34.602721 ], [ -81.9083, 34.602738 ], [ -81.909041, 34.602793 ], [ -81.909241, 34.602841 ], [ -81.909299, 34.602836 ], [ -81.909328, 34.602829 ], [ -81.909428, 34.602805 ], [ -81.909508, 34.602796 ], [ -81.909563, 34.602789 ], [ -81.909699, 34.602791 ], [ -81.909833, 34.60281 ], [ -81.909962, 34.602845 ], [ -81.91, 34.60286 ], [ -81.910064, 34.602887 ], [ -81.910078, 34.602893 ], [ -81.910092, 34.6029 ], [ -81.910195, 34.60296 ], [ -81.910295, 34.60304 ], [ -81.910375, 34.603127 ], [ -81.910441, 34.603226 ], [ -81.910488, 34.603332 ], [ -81.910515, 34.603442 ], [ -81.910519, 34.603478 ], [ -81.910532, 34.60361 ], [ -81.910529, 34.603785 ], [ -81.910509, 34.603948 ], [ -81.910469, 34.604113 ], [ -81.910412, 34.604276 ], [ -81.910336, 34.604433 ], [ -81.910296, 34.604619 ], [ -81.910278, 34.604807 ], [ -81.910282, 34.604996 ], [ -81.910326, 34.605322 ], [ -81.910388, 34.605787 ], [ -81.910408, 34.605934 ], [ -81.910505, 34.606772 ], [ -81.910559, 34.607236 ], [ -81.910566, 34.607369 ], [ -81.910588, 34.607501 ], [ -81.910626, 34.60763 ], [ -81.910679, 34.607756 ], [ -81.910747, 34.607877 ], [ -81.910829, 34.607992 ], [ -81.910892, 34.608049 ], [ -81.910917, 34.608072 ], [ -81.911202, 34.608331 ], [ -81.911539, 34.608638 ], [ -81.91159, 34.608684 ], [ -81.911822, 34.608895 ], [ -81.911864, 34.608925 ], [ -81.911918, 34.60896 ], [ -81.912046, 34.609041 ], [ -81.912276, 34.609185 ], [ -81.912334, 34.609225 ], [ -81.912636, 34.609435 ], [ -81.912965, 34.609663 ], [ -81.913215, 34.609837 ], [ -81.913577, 34.610088 ], [ -81.913882, 34.6103 ], [ -81.914099, 34.610467 ], [ -81.914332, 34.610619 ], [ -81.91458, 34.610755 ], [ -81.914839, 34.610874 ], [ -81.914985, 34.610928 ], [ -81.91511, 34.610975 ], [ -81.915263, 34.61102 ], [ -81.915324, 34.611038 ], [ -81.915377, 34.611053 ], [ -81.915606, 34.611094 ], [ -81.915692, 34.611094 ], [ -81.915836, 34.611141 ], [ -81.915877, 34.611155 ], [ -81.916159, 34.611255 ], [ -81.916324, 34.611303 ], [ -81.916495, 34.611335 ], [ -81.916957, 34.611447 ], [ -81.917458, 34.61158 ], [ -81.917955, 34.611721 ], [ -81.918291, 34.611802 ], [ -81.918418, 34.611828 ], [ -81.918635, 34.611859 ], [ -81.918897, 34.611882 ], [ -81.918924, 34.611882 ], [ -81.918953, 34.611883 ], [ -81.91905, 34.611883 ], [ -81.919181, 34.611893 ], [ -81.919238, 34.611897 ], [ -81.919429, 34.611924 ], [ -81.919613, 34.611963 ], [ -81.919772, 34.612012 ], [ -81.919922, 34.612076 ], [ -81.920062, 34.612155 ], [ -81.920189, 34.612247 ], [ -81.920252, 34.612305 ], [ -81.92026, 34.612312 ], [ -81.920302, 34.612351 ], [ -81.920398, 34.612466 ], [ -81.920526, 34.6126 ], [ -81.920637, 34.612716 ], [ -81.920794, 34.612881 ], [ -81.92089, 34.612981 ], [ -81.921119, 34.613218 ], [ -81.921253, 34.613334 ], [ -81.921396, 34.613441 ], [ -81.921538, 34.613531 ], [ -81.921878, 34.613739 ], [ -81.922144, 34.613901 ], [ -81.922279, 34.613984 ], [ -81.922305, 34.614002 ], [ -81.92256, 34.614198 ], [ -81.922821, 34.61439 ], [ -81.923054, 34.614553 ], [ -81.923405, 34.614771 ], [ -81.923503, 34.614851 ], [ -81.923587, 34.614918 ], [ -81.924063, 34.615298 ], [ -81.924378, 34.615589 ], [ -81.924874, 34.616046 ], [ -81.925005, 34.616166 ], [ -81.925104, 34.616262 ], [ -81.925143, 34.616307 ], [ -81.92533, 34.616504 ], [ -81.925387, 34.616558 ], [ -81.925439, 34.616615 ], [ -81.925736, 34.616969 ], [ -81.92578, 34.61703 ], [ -81.925819, 34.617094 ], [ -81.926018, 34.617369 ], [ -81.926057, 34.617433 ], [ -81.926207, 34.61765 ], [ -81.926335, 34.617876 ], [ -81.926364, 34.61794 ], [ -81.926396, 34.618007 ], [ -81.926476, 34.618211 ], [ -81.926509, 34.618315 ], [ -81.926553, 34.61849 ], [ -81.926579, 34.618631 ], [ -81.926609, 34.618844 ], [ -81.926629, 34.619057 ], [ -81.926642, 34.619271 ], [ -81.926694, 34.619554 ], [ -81.926753, 34.619763 ], [ -81.926853, 34.620255 ], [ -81.926878, 34.620433 ], [ -81.92693, 34.620679 ], [ -81.926989, 34.620851 ], [ -81.927007, 34.620921 ], [ -81.927065, 34.621274 ], [ -81.927079, 34.621452 ], [ -81.92708, 34.621523 ], [ -81.927115, 34.621807 ], [ -81.927184, 34.622172 ], [ -81.92718, 34.62232 ], [ -81.927155, 34.623042 ], [ -81.927149, 34.62321 ], [ -81.927127, 34.623425 ], [ -81.927132, 34.623641 ], [ -81.927162, 34.623856 ], [ -81.927219, 34.624067 ], [ -81.927301, 34.624273 ], [ -81.927345, 34.624353 ], [ -81.927408, 34.62447 ], [ -81.927526, 34.624641 ], [ -81.927667, 34.624846 ], [ -81.927865, 34.625063 ], [ -81.928216, 34.625446 ], [ -81.928416, 34.625596 ], [ -81.928485, 34.625657 ], [ -81.92855, 34.625705 ], [ -81.928653, 34.625772 ], [ -81.92889, 34.625863 ], [ -81.929134, 34.625947 ], [ -81.929296, 34.626003 ], [ -81.929584, 34.626119 ], [ -81.929612, 34.626133 ], [ -81.929881, 34.62627 ], [ -81.930306, 34.626456 ], [ -81.930595, 34.626617 ], [ -81.930785, 34.626765 ], [ -81.930877, 34.626842 ], [ -81.93108, 34.627027 ], [ -81.931288, 34.627209 ], [ -81.931511, 34.627429 ], [ -81.931719, 34.627611 ], [ -81.931792, 34.627689 ], [ -81.932333, 34.628269 ], [ -81.932573, 34.628538 ], [ -81.932679, 34.628746 ], [ -81.932724, 34.628807 ], [ -81.932801, 34.628894 ], [ -81.933067, 34.629222 ], [ -81.933443, 34.629615 ], [ -81.933566, 34.629763 ], [ -81.933697, 34.629905 ], [ -81.933879, 34.630088 ], [ -81.933943, 34.630137 ], [ -81.934051, 34.630249 ], [ -81.93417, 34.6304 ], [ -81.934199, 34.630426 ], [ -81.934275, 34.630513 ], [ -81.934386, 34.630622 ], [ -81.934492, 34.630736 ], [ -81.934829, 34.631153 ], [ -81.935035, 34.631484 ], [ -81.935093, 34.631609 ], [ -81.935155, 34.631743 ], [ -81.935208, 34.631859 ], [ -81.935231, 34.63191 ], [ -81.935313, 34.632012 ], [ -81.935402, 34.632108 ], [ -81.9355, 34.632199 ], [ -81.935588, 34.63227 ], [ -81.935614, 34.632292 ], [ -81.935669, 34.632336 ], [ -81.935722, 34.632379 ], [ -81.935829, 34.63248 ], [ -81.935926, 34.632589 ], [ -81.936075, 34.63278 ], [ -81.936127, 34.632862 ], [ -81.936167, 34.632949 ], [ -81.936182, 34.632994 ], [ -81.936196, 34.633038 ], [ -81.936213, 34.63313 ], [ -81.936218, 34.633222 ], [ -81.936175, 34.63335 ], [ -81.936117, 34.633474 ], [ -81.936045, 34.633593 ], [ -81.935959, 34.633706 ], [ -81.93586, 34.63381 ], [ -81.935717, 34.633934 ], [ -81.935527, 34.634095 ], [ -81.935461, 34.634172 ], [ -81.935421, 34.634254 ], [ -81.935404, 34.634345 ], [ -81.935413, 34.634436 ], [ -81.935447, 34.634523 ], [ -81.935505, 34.6346 ], [ -81.935523, 34.634615 ], [ -81.935531, 34.634624 ], [ -81.935573, 34.634679 ], [ -81.935579, 34.634686 ], [ -81.935798, 34.634908 ], [ -81.935911, 34.635017 ], [ -81.936, 34.635096 ], [ -81.936277, 34.635323 ], [ -81.936343, 34.635369 ], [ -81.936657, 34.635614 ], [ -81.937025, 34.635862 ], [ -81.937063, 34.63588 ], [ -81.937131, 34.635924 ], [ -81.937206, 34.635961 ], [ -81.93729, 34.635982 ], [ -81.937334, 34.635985 ], [ -81.937399, 34.635996 ], [ -81.93753, 34.635995 ], [ -81.937661, 34.635988 ], [ -81.937877, 34.635958 ], [ -81.93808, 34.63589 ], [ -81.938278, 34.635814 ], [ -81.938367, 34.635777 ], [ -81.938381, 34.635771 ], [ -81.938473, 34.635733 ], [ -81.938632, 34.635673 ], [ -81.938781, 34.635601 ], [ -81.938974, 34.635517 ], [ -81.939275, 34.635373 ], [ -81.939606, 34.635198 ], [ -81.939817, 34.63507 ], [ -81.939917, 34.635001 ], [ -81.94003, 34.634911 ], [ -81.940286, 34.634716 ], [ -81.940339, 34.634659 ], [ -81.940431, 34.634537 ], [ -81.94048, 34.634438 ], [ -81.940523, 34.634337 ], [ -81.940548, 34.63425 ], [ -81.940543, 34.634202 ], [ -81.940535, 34.634061 ], [ -81.940541, 34.633996 ], [ -81.940558, 34.633933 ], [ -81.940585, 34.633872 ], [ -81.940638, 34.633796 ], [ -81.940709, 34.633732 ], [ -81.940795, 34.633681 ], [ -81.940891, 34.633646 ], [ -81.940994, 34.633628 ], [ -81.9411, 34.633629 ], [ -81.941203, 34.633648 ], [ -81.941299, 34.633684 ], [ -81.941396, 34.633739 ], [ -81.941483, 34.633802 ], [ -81.941561, 34.633875 ], [ -81.941627, 34.633955 ], [ -81.94168, 34.63404 ], [ -81.94172, 34.634131 ], [ -81.941744, 34.634194 ], [ -81.94178, 34.634242 ], [ -81.941906, 34.634468 ], [ -81.941999, 34.634667 ], [ -81.942035, 34.634732 ], [ -81.942136, 34.634892 ], [ -81.942255, 34.63519 ], [ -81.942392, 34.63549 ], [ -81.942419, 34.635558 ], [ -81.942489, 34.635764 ], [ -81.942506, 34.635834 ], [ -81.942616, 34.636178 ], [ -81.942633, 34.63626 ], [ -81.942627, 34.636342 ], [ -81.942613, 34.636414 ], [ -81.942589, 34.636484 ], [ -81.942531, 34.636605 ], [ -81.942512, 34.636661 ], [ -81.942501, 34.636719 ], [ -81.942498, 34.636778 ], [ -81.942518, 34.637061 ], [ -81.942517, 34.637073 ], [ -81.942511, 34.637218 ], [ -81.942502, 34.63767 ], [ -81.942515, 34.637777 ], [ -81.94254, 34.637918 ], [ -81.942538, 34.638096 ], [ -81.942503, 34.638307 ], [ -81.942505, 34.638378 ], [ -81.942552, 34.638697 ], [ -81.942555, 34.638804 ], [ -81.942589, 34.639016 ], [ -81.94262, 34.6393 ], [ -81.942661, 34.639977 ], [ -81.942686, 34.640225 ], [ -81.942715, 34.640724 ], [ -81.942727, 34.640794 ], [ -81.942771, 34.640932 ], [ -81.942788, 34.641002 ], [ -81.942835, 34.641139 ], [ -81.942907, 34.641381 ], [ -81.942988, 34.641621 ], [ -81.943162, 34.642062 ], [ -81.943213, 34.64216 ], [ -81.943302, 34.642283 ], [ -81.943362, 34.642378 ], [ -81.94341, 34.642477 ], [ -81.94346, 34.642614 ], [ -81.943515, 34.642749 ], [ -81.943639, 34.643009 ], [ -81.943736, 34.643213 ], [ -81.943771, 34.643278 ], [ -81.943891, 34.643467 ], [ -81.944028, 34.643618 ], [ -81.944118, 34.643696 ], [ -81.944151, 34.64372 ], [ -81.944334, 34.643818 ], [ -81.945156, 34.644151 ], [ -81.945383, 34.64426 ], [ -81.945499, 34.644311 ], [ -81.945777, 34.644415 ], [ -81.946062, 34.644508 ], [ -81.946433, 34.64462 ], [ -81.946685, 34.644678 ], [ -81.946813, 34.644702 ], [ -81.946975, 34.644758 ], [ -81.947058, 34.644778 ], [ -81.947102, 34.644783 ], [ -81.947182, 34.644812 ], [ -81.947369, 34.644904 ], [ -81.947418, 34.644922 ], [ -81.947448, 34.644934 ], [ -81.947567, 34.64499 ], [ -81.947713, 34.645059 ], [ -81.947814, 34.645127 ], [ -81.947859, 34.645162 ], [ -81.947944, 34.645213 ], [ -81.94806, 34.645285 ], [ -81.94823, 34.645413 ], [ -81.948407, 34.64557 ], [ -81.948555, 34.645731 ], [ -81.948632, 34.645833 ], [ -81.948685, 34.645903 ], [ -81.948765, 34.646033 ], [ -81.948795, 34.646083 ], [ -81.948885, 34.646271 ], [ -81.948954, 34.646466 ], [ -81.949, 34.646656 ], [ -81.94901, 34.646733 ], [ -81.949027, 34.646865 ], [ -81.949041, 34.64691 ], [ -81.949068, 34.646993 ], [ -81.949101, 34.647065 ], [ -81.949127, 34.647117 ], [ -81.949176, 34.6472 ], [ -81.949193, 34.647226 ], [ -81.949229, 34.647274 ], [ -81.949269, 34.647326 ], [ -81.949295, 34.647354 ], [ -81.949352, 34.647414 ], [ -81.949396, 34.647455 ], [ -81.949437, 34.64749 ], [ -81.949457, 34.647507 ], [ -81.949475, 34.647522 ], [ -81.949514, 34.64755 ], [ -81.949565, 34.647586 ], [ -81.949584, 34.647599 ], [ -81.949667, 34.647647 ], [ -81.949714, 34.647673 ], [ -81.949774, 34.647697 ], [ -81.950153, 34.64785 ], [ -81.950668, 34.648058 ], [ -81.950864, 34.648135 ], [ -81.950941, 34.648178 ], [ -81.951001, 34.648225 ], [ -81.951019, 34.64824 ], [ -81.951072, 34.648298 ], [ -81.951305, 34.648642 ], [ -81.951312, 34.648652 ], [ -81.951381, 34.648668 ], [ -81.951425, 34.648769 ], [ -81.951451, 34.648861 ], [ -81.951464, 34.648876 ], [ -81.951529, 34.648973 ], [ -81.951552, 34.649006 ], [ -81.951566, 34.649034 ], [ -81.951578, 34.649063 ], [ -81.951588, 34.649093 ], [ -81.951602, 34.649161 ], [ -81.951609, 34.649189 ], [ -81.951632, 34.649254 ], [ -81.951663, 34.649316 ], [ -81.951679, 34.649341 ], [ -81.951699, 34.649371 ], [ -81.951729, 34.649409 ], [ -81.951769, 34.649458 ], [ -81.951805, 34.649494 ], [ -81.951833, 34.649523 ], [ -81.951851, 34.649541 ], [ -81.951882, 34.649567 ], [ -81.951941, 34.649616 ], [ -81.951974, 34.649638 ], [ -81.952003, 34.649658 ], [ -81.952039, 34.649683 ], [ -81.952054, 34.649692 ], [ -81.952135, 34.649737 ], [ -81.952156, 34.649748 ], [ -81.952207, 34.649771 ], [ -81.952259, 34.649794 ], [ -81.952425, 34.649854 ], [ -81.952494, 34.649877 ], [ -81.952543, 34.649891 ], [ -81.952585, 34.649902 ], [ -81.95268, 34.649928 ], [ -81.952718, 34.649938 ], [ -81.952781, 34.64995 ], [ -81.952868, 34.649966 ], [ -81.952959, 34.649983 ], [ -81.953174, 34.650008 ], [ -81.953313, 34.650026 ], [ -81.953336, 34.65003 ], [ -81.95344, 34.650055 ], [ -81.953458, 34.650061 ], [ -81.953574, 34.650104 ], [ -81.953596, 34.650116 ], [ -81.953766, 34.6502 ], [ -81.953933, 34.650283 ], [ -81.954284, 34.650457 ], [ -81.95451, 34.650569 ], [ -81.95454, 34.650584 ], [ -81.954589, 34.650608 ], [ -81.954613, 34.65062 ], [ -81.954737, 34.650681 ], [ -81.954797, 34.650711 ], [ -81.954933, 34.650761 ], [ -81.955076, 34.650798 ], [ -81.955223, 34.650821 ], [ -81.955372, 34.650831 ], [ -81.955522, 34.650827 ], [ -81.95567, 34.65081 ], [ -81.95573, 34.650797 ], [ -81.955817, 34.650763 ], [ -81.955968, 34.65069 ], [ -81.955987, 34.650676 ], [ -81.956098, 34.650595 ], [ -81.95632, 34.650479 ], [ -81.956515, 34.650398 ], [ -81.956579, 34.650367 ], [ -81.956743, 34.650291 ], [ -81.956815, 34.65025 ], [ -81.956883, 34.650204 ], [ -81.956915, 34.650171 ], [ -81.956964, 34.65012 ], [ -81.957009, 34.650059 ], [ -81.957027, 34.650024 ], [ -81.956986, 34.649962 ], [ -81.95697, 34.649928 ], [ -81.956909, 34.649795 ], [ -81.956846, 34.6497 ], [ -81.956781, 34.649568 ], [ -81.95678, 34.649533 ], [ -81.9568, 34.649463 ], [ -81.956837, 34.64936 ], [ -81.956912, 34.649232 ], [ -81.956982, 34.649152 ], [ -81.957014, 34.649116 ], [ -81.957278, 34.648918 ], [ -81.957318, 34.648904 ], [ -81.957553, 34.648894 ], [ -81.958144, 34.648918 ], [ -81.958461, 34.649035 ], [ -81.958817, 34.649224 ], [ -81.959985, 34.649787 ], [ -81.960022, 34.649805 ], [ -81.960222, 34.649902 ], [ -81.960315, 34.65 ], [ -81.960351, 34.650038 ], [ -81.960438, 34.650125 ], [ -81.960517, 34.650203 ], [ -81.960862, 34.650263 ], [ -81.961256, 34.650293 ], [ -81.961475, 34.650301 ], [ -81.961695, 34.650302 ], [ -81.9618, 34.650299 ], [ -81.961837, 34.650318 ], [ -81.961915, 34.65035 ], [ -81.961998, 34.650374 ], [ -81.962085, 34.650388 ], [ -81.962198, 34.650394 ], [ -81.962364, 34.650442 ], [ -81.962407, 34.650448 ], [ -81.962583, 34.65046 ], [ -81.962714, 34.650458 ], [ -81.96276, 34.650453 ], [ -81.962802, 34.650464 ], [ -81.962844, 34.650464 ], [ -81.962971, 34.650434 ], [ -81.963058, 34.650425 ], [ -81.963121, 34.650411 ], [ -81.963229, 34.650443 ], [ -81.963245, 34.650448 ], [ -81.963289, 34.650453 ], [ -81.963321, 34.650452 ], [ -81.963355, 34.650451 ], [ -81.96342, 34.65045 ], [ -81.963549, 34.650426 ], [ -81.963589, 34.650413 ], [ -81.963652, 34.650383 ], [ -81.963695, 34.650392 ], [ -81.963784, 34.650403 ], [ -81.963869, 34.650413 ], [ -81.964, 34.650421 ], [ -81.964051, 34.65043 ], [ -81.964085, 34.650436 ], [ -81.964129, 34.650444 ], [ -81.964253, 34.65048 ], [ -81.96434, 34.65049 ], [ -81.964384, 34.65049 ], [ -81.964644, 34.650457 ], [ -81.964725, 34.65044 ], [ -81.964793, 34.650425 ], [ -81.964859, 34.650411 ], [ -81.964942, 34.650393 ], [ -81.965157, 34.65036 ], [ -81.96519, 34.65035 ], [ -81.965256, 34.650332 ], [ -81.965323, 34.650312 ], [ -81.965389, 34.650284 ], [ -81.965557, 34.650213 ], [ -81.965593, 34.650193 ], [ -81.965793, 34.650054 ], [ -81.965857, 34.650005 ], [ -81.965999, 34.649877 ], [ -81.966022, 34.649845 ], [ -81.966067, 34.649776 ], [ -81.966122, 34.649708 ], [ -81.966151, 34.649676 ], [ -81.96621, 34.649619 ], [ -81.966381, 34.649441 ], [ -81.966431, 34.649388 ], [ -81.966462, 34.649356 ], [ -81.966491, 34.649334 ], [ -81.966507, 34.649322 ], [ -81.966553, 34.649295 ], [ -81.966809, 34.649137 ], [ -81.966831, 34.649123 ], [ -81.966872, 34.649097 ], [ -81.966895, 34.649083 ], [ -81.966962, 34.649053 ], [ -81.967038, 34.649029 ], [ -81.967121, 34.649014 ], [ -81.967627, 34.648999 ], [ -81.968238, 34.649051 ], [ -81.968431, 34.649083 ], [ -81.968619, 34.649128 ], [ -81.96871, 34.649156 ], [ -81.968804, 34.649185 ], [ -81.968827, 34.649194 ], [ -81.968884, 34.649216 ], [ -81.968974, 34.649251 ], [ -81.969127, 34.649298 ], [ -81.969327, 34.649359 ], [ -81.969416, 34.649386 ], [ -81.969535, 34.649421 ], [ -81.969601, 34.64944 ], [ -81.969709, 34.649471 ], [ -81.969813, 34.649508 ], [ -81.96993, 34.649549 ], [ -81.969955, 34.64956 ], [ -81.970123, 34.649637 ], [ -81.970226, 34.649684 ], [ -81.970266, 34.649703 ], [ -81.970326, 34.649734 ], [ -81.970345, 34.649747 ], [ -81.970375, 34.649766 ], [ -81.970389, 34.649775 ], [ -81.970429, 34.649807 ], [ -81.970449, 34.649824 ], [ -81.970563, 34.65005 ], [ -81.970596, 34.650173 ], [ -81.970651, 34.65027 ], [ -81.970683, 34.650336 ], [ -81.970707, 34.650405 ], [ -81.970747, 34.650616 ], [ -81.970773, 34.650915 ], [ -81.970774, 34.651058 ], [ -81.970749, 34.651271 ], [ -81.970745, 34.651414 ], [ -81.970652, 34.651689 ], [ -81.97061, 34.651791 ], [ -81.970593, 34.651823 ], [ -81.970529, 34.651994 ], [ -81.970499, 34.652098 ], [ -81.970428, 34.652413 ], [ -81.970414, 34.652555 ], [ -81.970401, 34.652769 ], [ -81.970391, 34.65284 ], [ -81.970359, 34.653303 ], [ -81.970346, 34.65341 ], [ -81.970331, 34.65348 ], [ -81.970275, 34.653833 ], [ -81.9702, 34.654148 ], [ -81.970104, 34.654496 ], [ -81.970079, 34.654672 ], [ -81.970037, 34.654918 ], [ -81.970011, 34.65513 ], [ -81.969993, 34.655538 ], [ -81.969991, 34.655593 ], [ -81.96999, 34.655607 ], [ -81.969982, 34.655699 ], [ -81.969944, 34.655909 ], [ -81.969898, 34.656225 ], [ -81.969888, 34.656269 ], [ -81.969891, 34.656331 ], [ -81.969891, 34.656374 ], [ -81.969887, 34.656505 ], [ -81.969886, 34.656576 ], [ -81.969912, 34.656762 ], [ -81.969924, 34.656817 ], [ -81.969955, 34.656944 ], [ -81.969967, 34.656988 ], [ -81.969979, 34.657021 ], [ -81.969996, 34.65706 ], [ -81.970011, 34.657086 ], [ -81.970032, 34.657126 ], [ -81.970079, 34.657217 ], [ -81.97012, 34.657298 ], [ -81.970151, 34.65736 ], [ -81.970165, 34.657389 ], [ -81.97019, 34.657431 ], [ -81.970218, 34.657472 ], [ -81.970268, 34.657532 ], [ -81.970354, 34.657639 ], [ -81.9704, 34.657695 ], [ -81.970426, 34.657727 ], [ -81.970458, 34.657766 ], [ -81.970495, 34.657804 ], [ -81.970517, 34.657825 ], [ -81.970562, 34.657862 ], [ -81.970623, 34.657907 ], [ -81.970674, 34.657943 ], [ -81.970695, 34.657961 ], [ -81.970724, 34.657985 ], [ -81.970745, 34.658006 ], [ -81.970767, 34.658028 ], [ -81.970791, 34.658055 ], [ -81.97083, 34.6581 ], [ -81.970864, 34.658142 ], [ -81.97089, 34.658167 ], [ -81.970906, 34.658183 ], [ -81.970931, 34.658204 ], [ -81.970953, 34.658223 ], [ -81.971005, 34.65826 ], [ -81.971054, 34.658299 ], [ -81.971093, 34.658329 ], [ -81.971122, 34.658352 ], [ -81.971144, 34.658369 ], [ -81.971178, 34.658398 ], [ -81.971193, 34.658411 ], [ -81.971243, 34.658444 ], [ -81.971268, 34.658457 ], [ -81.971298, 34.658472 ], [ -81.971309, 34.658477 ], [ -81.971336, 34.658487 ], [ -81.971373, 34.658501 ], [ -81.971396, 34.658507 ], [ -81.971417, 34.658513 ], [ -81.97144, 34.658519 ], [ -81.971483, 34.658527 ], [ -81.971509, 34.658531 ], [ -81.971545, 34.658535 ], [ -81.971602, 34.658538 ], [ -81.97165, 34.658539 ], [ -81.971734, 34.658535 ], [ -81.971879, 34.658528 ], [ -81.972022, 34.658521 ], [ -81.972197, 34.658513 ], [ -81.972411, 34.658502 ], [ -81.972531, 34.658497 ], [ -81.972669, 34.65849 ], [ -81.972846, 34.65846 ], [ -81.972987, 34.658445 ], [ -81.973169, 34.658456 ], [ -81.973418, 34.658471 ], [ -81.973651, 34.658513 ], [ -81.973773, 34.658526 ], [ -81.973815, 34.65853 ], [ -81.973902, 34.658533 ], [ -81.97412, 34.658555 ], [ -81.974322, 34.658583 ], [ -81.974435, 34.658595 ], [ -81.974915, 34.658606 ], [ -81.975154, 34.658611 ], [ -81.975256, 34.658609 ], [ -81.9758, 34.658599 ], [ -81.975888, 34.658599 ], [ -81.975924, 34.658602 ], [ -81.976034, 34.658612 ], [ -81.976146, 34.658629 ], [ -81.976206, 34.658643 ], [ -81.976272, 34.658659 ], [ -81.976686, 34.658812 ], [ -81.976736, 34.658839 ], [ -81.976784, 34.658866 ], [ -81.976857, 34.658918 ], [ -81.976871, 34.658929 ], [ -81.976942, 34.658994 ], [ -81.977001, 34.659062 ], [ -81.977016, 34.659086 ], [ -81.977177, 34.659358 ], [ -81.977201, 34.659449 ], [ -81.977214, 34.659495 ], [ -81.977255, 34.659648 ], [ -81.977267, 34.659924 ], [ -81.977268, 34.659956 ], [ -81.977283, 34.660029 ], [ -81.977286, 34.660041 ], [ -81.97731, 34.660109 ], [ -81.977349, 34.660183 ], [ -81.977434, 34.660317 ], [ -81.977477, 34.660385 ], [ -81.977565, 34.660464 ], [ -81.977605, 34.6605 ], [ -81.97764, 34.660529 ], [ -81.977665, 34.660549 ], [ -81.977696, 34.660573 ], [ -81.97776, 34.660618 ], [ -81.977801, 34.660645 ], [ -81.977842, 34.660671 ], [ -81.97788, 34.660692 ], [ -81.977906, 34.660707 ], [ -81.97794, 34.660724 ], [ -81.977988, 34.660747 ], [ -81.978035, 34.660766 ], [ -81.978081, 34.660783 ], [ -81.978123, 34.660796 ], [ -81.97816, 34.660805 ], [ -81.9782, 34.660814 ], [ -81.978258, 34.660822 ], [ -81.978304, 34.660827 ], [ -81.978343, 34.66083 ], [ -81.978388, 34.660831 ], [ -81.978423, 34.660832 ], [ -81.978461, 34.660831 ], [ -81.978514, 34.660829 ], [ -81.978561, 34.660826 ], [ -81.97861, 34.660822 ], [ -81.978666, 34.660815 ], [ -81.978706, 34.660809 ], [ -81.978752, 34.660801 ], [ -81.978793, 34.660792 ], [ -81.978855, 34.660775 ], [ -81.978911, 34.660757 ], [ -81.978981, 34.66073 ], [ -81.979022, 34.660711 ], [ -81.979076, 34.660686 ], [ -81.979126, 34.66066 ], [ -81.979197, 34.660621 ], [ -81.97929, 34.660564 ], [ -81.979331, 34.660538 ], [ -81.979381, 34.660512 ], [ -81.979437, 34.660482 ], [ -81.979465, 34.660467 ], [ -81.979548, 34.660412 ], [ -81.979574, 34.660395 ], [ -81.979599, 34.660385 ], [ -81.979659, 34.660337 ], [ -81.979825, 34.660199 ], [ -81.979996, 34.660057 ], [ -81.980124, 34.659959 ], [ -81.980356, 34.659796 ], [ -81.980423, 34.659726 ], [ -81.980497, 34.659669 ], [ -81.980867, 34.659417 ], [ -81.980936, 34.65937 ], [ -81.980996, 34.659311 ], [ -81.981261, 34.659073 ], [ -81.981474, 34.658847 ], [ -81.981568, 34.658727 ], [ -81.981633, 34.658595 ], [ -81.981636, 34.658573 ], [ -81.981652, 34.658454 ], [ -81.981645, 34.658279 ], [ -81.981639, 34.658134 ], [ -81.981691, 34.657998 ], [ -81.981734, 34.657935 ], [ -81.981744, 34.657927 ], [ -81.981822, 34.657859 ], [ -81.981868, 34.65782 ], [ -81.981878, 34.657782 ], [ -81.98191, 34.657702 ], [ -81.981949, 34.657625 ], [ -81.981996, 34.65755 ], [ -81.982049, 34.657479 ], [ -81.982226, 34.657268 ], [ -81.982336, 34.657238 ], [ -81.982451, 34.657227 ], [ -81.982566, 34.657237 ], [ -81.982676, 34.657267 ], [ -81.982776, 34.657316 ], [ -81.982862, 34.65738 ], [ -81.983125, 34.657609 ], [ -81.983237, 34.657732 ], [ -81.983525, 34.657981 ], [ -81.983586, 34.658119 ], [ -81.983619, 34.658197 ], [ -81.983639, 34.658212 ], [ -81.983805, 34.658328 ], [ -81.983942, 34.658417 ], [ -81.98397, 34.658433 ], [ -81.98399, 34.658439 ], [ -81.984134, 34.658471 ], [ -81.984274, 34.658506 ], [ -81.984377, 34.658527 ], [ -81.984463, 34.658536 ], [ -81.984505, 34.658544 ], [ -81.984549, 34.658547 ], [ -81.984592, 34.658543 ], [ -81.984635, 34.658534 ], [ -81.984886, 34.658457 ], [ -81.985149, 34.658377 ], [ -81.985207, 34.658365 ], [ -81.98522, 34.658365 ], [ -81.985267, 34.658364 ], [ -81.985325, 34.658375 ], [ -81.985379, 34.658396 ], [ -81.985983, 34.658721 ], [ -81.986389, 34.658912 ], [ -81.98654, 34.658964 ], [ -81.986695, 34.659007 ], [ -81.986772, 34.659024 ], [ -81.986854, 34.659041 ], [ -81.987015, 34.659065 ], [ -81.987083, 34.65907 ], [ -81.987233, 34.659082 ], [ -81.98733, 34.659089 ], [ -81.987432, 34.659097 ], [ -81.987522, 34.659104 ], [ -81.987566, 34.659108 ], [ -81.98761, 34.659111 ], [ -81.987658, 34.659118 ], [ -81.987698, 34.659127 ], [ -81.98774, 34.659139 ], [ -81.987775, 34.659152 ], [ -81.987841, 34.659178 ], [ -81.988052, 34.659258 ], [ -81.988078, 34.659268 ], [ -81.988137, 34.659298 ], [ -81.98819, 34.659334 ], [ -81.988237, 34.659375 ], [ -81.988278, 34.659421 ], [ -81.988575, 34.659802 ], [ -81.988878, 34.660116 ], [ -81.989076, 34.660286 ], [ -81.989162, 34.66034 ], [ -81.989269, 34.660399 ], [ -81.989352, 34.660436 ], [ -81.989388, 34.660449 ], [ -81.989483, 34.660477 ], [ -81.989524, 34.660487 ], [ -81.989574, 34.660497 ], [ -81.989612, 34.660504 ], [ -81.989645, 34.66051 ], [ -81.989679, 34.660515 ], [ -81.989733, 34.660523 ], [ -81.989785, 34.660531 ], [ -81.989837, 34.66054 ], [ -81.989877, 34.660547 ], [ -81.989937, 34.66056 ], [ -81.989984, 34.660572 ], [ -81.990029, 34.660586 ], [ -81.99007, 34.6606 ], [ -81.990116, 34.66062 ], [ -81.990142, 34.660633 ], [ -81.990173, 34.660652 ], [ -81.990201, 34.660672 ], [ -81.990229, 34.660696 ], [ -81.990258, 34.660726 ], [ -81.990269, 34.660737 ], [ -81.990289, 34.660758 ], [ -81.990309, 34.660781 ], [ -81.990334, 34.66081 ], [ -81.990353, 34.660838 ], [ -81.990368, 34.660862 ], [ -81.990381, 34.660888 ], [ -81.990395, 34.660917 ], [ -81.99041, 34.660955 ], [ -81.990419, 34.660982 ], [ -81.990426, 34.661006 ], [ -81.99044, 34.661058 ], [ -81.990451, 34.661106 ], [ -81.990457, 34.661125 ], [ -81.990466, 34.661156 ], [ -81.990482, 34.6612 ], [ -81.990495, 34.661235 ], [ -81.990515, 34.661282 ], [ -81.990534, 34.661327 ], [ -81.990554, 34.661371 ], [ -81.990573, 34.661412 ], [ -81.990593, 34.661452 ], [ -81.990614, 34.66149 ], [ -81.990638, 34.661526 ], [ -81.990665, 34.661562 ], [ -81.990696, 34.661598 ], [ -81.990732, 34.661636 ], [ -81.990775, 34.661675 ], [ -81.990846, 34.661733 ], [ -81.990896, 34.661768 ], [ -81.990946, 34.661799 ], [ -81.990995, 34.661825 ], [ -81.991043, 34.661845 ], [ -81.991112, 34.661868 ], [ -81.991157, 34.661879 ], [ -81.991222, 34.66189 ], [ -81.991263, 34.661893 ], [ -81.991343, 34.661894 ], [ -81.991381, 34.661892 ], [ -81.991419, 34.661888 ], [ -81.991478, 34.66188 ], [ -81.99152, 34.661874 ], [ -81.991595, 34.661864 ], [ -81.991655, 34.661857 ], [ -81.991725, 34.661851 ], [ -81.991801, 34.661847 ], [ -81.991853, 34.661846 ], [ -81.991963, 34.661848 ], [ -81.992087, 34.661858 ], [ -81.992171, 34.661869 ], [ -81.992236, 34.661878 ], [ -81.992257, 34.661882 ], [ -81.992339, 34.661895 ], [ -81.99239, 34.661904 ], [ -81.992468, 34.661918 ], [ -81.992571, 34.66194 ], [ -81.99275, 34.661984 ], [ -81.992876, 34.662019 ], [ -81.993032, 34.662069 ], [ -81.993112, 34.662097 ], [ -81.993239, 34.662145 ], [ -81.99336, 34.662195 ], [ -81.99352, 34.66226 ], [ -81.993655, 34.662308 ], [ -81.993725, 34.662328 ], [ -81.993799, 34.662345 ], [ -81.993861, 34.662357 ], [ -81.993939, 34.662367 ], [ -81.994048, 34.662375 ], [ -81.994115, 34.662376 ], [ -81.994177, 34.662375 ], [ -81.99427, 34.66237 ], [ -81.994346, 34.662365 ], [ -81.994404, 34.662363 ], [ -81.994472, 34.662362 ], [ -81.994514, 34.662364 ], [ -81.994565, 34.662371 ], [ -81.994607, 34.662382 ], [ -81.994651, 34.662399 ], [ -81.994699, 34.662423 ], [ -81.994731, 34.662443 ], [ -81.994748, 34.662455 ], [ -81.994766, 34.662468 ], [ -81.994782, 34.66248 ], [ -81.994799, 34.662494 ], [ -81.994816, 34.66251 ], [ -81.994834, 34.662527 ], [ -81.994852, 34.662544 ], [ -81.994869, 34.662562 ], [ -81.994886, 34.662581 ], [ -81.994902, 34.6626 ], [ -81.994918, 34.662619 ], [ -81.994938, 34.662646 ], [ -81.994951, 34.662665 ], [ -81.994965, 34.662686 ], [ -81.994982, 34.662713 ], [ -81.995006, 34.662751 ], [ -81.995019, 34.66277 ], [ -81.995032, 34.66279 ], [ -81.995044, 34.662807 ], [ -81.995061, 34.662831 ], [ -81.995078, 34.662851 ], [ -81.995095, 34.662872 ], [ -81.995113, 34.662894 ], [ -81.995132, 34.662915 ], [ -81.995171, 34.662957 ], [ -81.995192, 34.662978 ], [ -81.995213, 34.662999 ], [ -81.995235, 34.663019 ], [ -81.995257, 34.663039 ], [ -81.99528, 34.663058 ], [ -81.995303, 34.663076 ], [ -81.995326, 34.663093 ], [ -81.995349, 34.66311 ], [ -81.995373, 34.663126 ], [ -81.995396, 34.66314 ], [ -81.99542, 34.663153 ], [ -81.995443, 34.663165 ], [ -81.995466, 34.663176 ], [ -81.995489, 34.663186 ], [ -81.995512, 34.663195 ], [ -81.995535, 34.663202 ], [ -81.995557, 34.663208 ], [ -81.995578, 34.663213 ], [ -81.9956, 34.663216 ], [ -81.995621, 34.663218 ], [ -81.995641, 34.663219 ], [ -81.995662, 34.663218 ], [ -81.995682, 34.663216 ], [ -81.995701, 34.663212 ], [ -81.995721, 34.663207 ], [ -81.99574, 34.663201 ], [ -81.995758, 34.663194 ], [ -81.995776, 34.663185 ], [ -81.995793, 34.663175 ], [ -81.99581, 34.663165 ], [ -81.995826, 34.663153 ], [ -81.995841, 34.66314 ], [ -81.995855, 34.663126 ], [ -81.995869, 34.663111 ], [ -81.995882, 34.663095 ], [ -81.995894, 34.663077 ], [ -81.995906, 34.663059 ], [ -81.995918, 34.663038 ], [ -81.995931, 34.663016 ], [ -81.995943, 34.662993 ], [ -81.995957, 34.662966 ], [ -81.995969, 34.662942 ], [ -81.995983, 34.662914 ], [ -81.995996, 34.662885 ], [ -81.996011, 34.662856 ], [ -81.996025, 34.662827 ], [ -81.996039, 34.662798 ], [ -81.996053, 34.662769 ], [ -81.996096, 34.662686 ], [ -81.996111, 34.66266 ], [ -81.996126, 34.662634 ], [ -81.996144, 34.662606 ], [ -81.996177, 34.662556 ], [ -81.996193, 34.662533 ], [ -81.996207, 34.662516 ], [ -81.996217, 34.662503 ], [ -81.996228, 34.662489 ], [ -81.99624, 34.662475 ], [ -81.996272, 34.662438 ], [ -81.996292, 34.662416 ], [ -81.996313, 34.662394 ], [ -81.996333, 34.662374 ], [ -81.996354, 34.662355 ], [ -81.996375, 34.662336 ], [ -81.996396, 34.662319 ], [ -81.996418, 34.662301 ], [ -81.996442, 34.662285 ], [ -81.996466, 34.662268 ], [ -81.996493, 34.662252 ], [ -81.996522, 34.662235 ], [ -81.996553, 34.662218 ], [ -81.996585, 34.662201 ], [ -81.99662, 34.662184 ], [ -81.996655, 34.662167 ], [ -81.996691, 34.66215 ], [ -81.996727, 34.662134 ], [ -81.996763, 34.662118 ], [ -81.996798, 34.662103 ], [ -81.996833, 34.662088 ], [ -81.9969, 34.662061 ], [ -81.996934, 34.662048 ], [ -81.996971, 34.662035 ], [ -81.997051, 34.662012 ], [ -81.997146, 34.661989 ], [ -81.997202, 34.661978 ], [ -81.997266, 34.661967 ], [ -81.99734, 34.661956 ], [ -81.997426, 34.661945 ], [ -81.997526, 34.661933 ], [ -81.997641, 34.661921 ], [ -81.997783, 34.661932 ], [ -81.997918, 34.661928 ], [ -81.99805, 34.661908 ], [ -81.998178, 34.661873 ], [ -81.998299, 34.661824 ], [ -81.99841, 34.661761 ], [ -81.998648, 34.661605 ], [ -81.998756, 34.661535 ], [ -81.998844, 34.661487 ], [ -81.999065, 34.661526 ], [ -81.999261, 34.661594 ], [ -81.999303, 34.661604 ], [ -81.999497, 34.661687 ], [ -81.999695, 34.661765 ], [ -81.999777, 34.66179 ], [ -81.999906, 34.661815 ], [ -82.000025, 34.66185 ], [ -82.000044, 34.661858 ], [ -82.00012, 34.661895 ], [ -82.000203, 34.66192 ], [ -82.00029, 34.661932 ], [ -82.000379, 34.66193 ], [ -82.000465, 34.661916 ], [ -82.000547, 34.661888 ], [ -82.000622, 34.661848 ], [ -82.001115, 34.661604 ], [ -82.001265, 34.661559 ], [ -82.001422, 34.661534 ], [ -82.001582, 34.661529 ], [ -82.001741, 34.661543 ], [ -82.001896, 34.661577 ], [ -82.002037, 34.661628 ], [ -82.002052, 34.661635 ], [ -82.002072, 34.661639 ], [ -82.002111, 34.661655 ], [ -82.002222, 34.661712 ], [ -82.002376, 34.661838 ], [ -82.002429, 34.661935 ], [ -82.002471, 34.661997 ], [ -82.002506, 34.662101 ], [ -82.002525, 34.662132 ], [ -82.00258, 34.662255 ], [ -82.002584, 34.662265 ], [ -82.002632, 34.662337 ], [ -82.002683, 34.662389 ], [ -82.002748, 34.662432 ], [ -82.002823, 34.662463 ], [ -82.002903, 34.662482 ], [ -82.002986, 34.662486 ], [ -82.003069, 34.662477 ], [ -82.003147, 34.662454 ], [ -82.003983, 34.662095 ], [ -82.00407, 34.662064 ], [ -82.004162, 34.662048 ], [ -82.004257, 34.662049 ], [ -82.004349, 34.662067 ], [ -82.004435, 34.662099 ], [ -82.00451, 34.662146 ], [ -82.004572, 34.662205 ], [ -82.004617, 34.662274 ], [ -82.004644, 34.662349 ], [ -82.004651, 34.662421 ], [ -82.004651, 34.66244 ], [ -82.004641, 34.662534 ], [ -82.004617, 34.662639 ], [ -82.004579, 34.662742 ], [ -82.004528, 34.662841 ], [ -82.004485, 34.662926 ], [ -82.004459, 34.663016 ], [ -82.004449, 34.663108 ], [ -82.004455, 34.6632 ], [ -82.004477, 34.66329 ], [ -82.004515, 34.663377 ], [ -82.00456, 34.663443 ], [ -82.004617, 34.663502 ], [ -82.004685, 34.663553 ], [ -82.004762, 34.663594 ], [ -82.004847, 34.663624 ], [ -82.004936, 34.663641 ], [ -82.005027, 34.663647 ], [ -82.005113, 34.66364 ], [ -82.005136, 34.663638 ], [ -82.005269, 34.663627 ], [ -82.005419, 34.663632 ], [ -82.005568, 34.663655 ], [ -82.00571, 34.663696 ], [ -82.005799, 34.663737 ], [ -82.00589, 34.663778 ], [ -82.006062, 34.66387 ], [ -82.006227, 34.663971 ], [ -82.006383, 34.66408 ], [ -82.006531, 34.664198 ], [ -82.006669, 34.664324 ], [ -82.006751, 34.664396 ], [ -82.006842, 34.664461 ], [ -82.006941, 34.664518 ], [ -82.007031, 34.664558 ], [ -82.007077, 34.664577 ], [ -82.007095, 34.664582 ], [ -82.007157, 34.664604 ], [ -82.007272, 34.664633 ], [ -82.007345, 34.66467 ], [ -82.007459, 34.664727 ], [ -82.007611, 34.664823 ], [ -82.007631, 34.664836 ], [ -82.007681, 34.664875 ], [ -82.007699, 34.664888 ], [ -82.007745, 34.664904 ], [ -82.007853, 34.664965 ], [ -82.00798, 34.665063 ], [ -82.008053, 34.665152 ], [ -82.008073, 34.665183 ], [ -82.008116, 34.665259 ], [ -82.008171, 34.665357 ], [ -82.008212, 34.665485 ], [ -82.008241, 34.665576 ], [ -82.008301, 34.66575 ], [ -82.00833, 34.666559 ], [ -82.008359, 34.666691 ], [ -82.008393, 34.666778 ], [ -82.008452, 34.66688 ], [ -82.008528, 34.666973 ], [ -82.00862, 34.667057 ], [ -82.008725, 34.667129 ], [ -82.008842, 34.667187 ], [ -82.008968, 34.667231 ], [ -82.0091, 34.66726 ], [ -82.009238, 34.667285 ], [ -82.009289, 34.667294 ], [ -82.009624, 34.667369 ], [ -82.009714, 34.667393 ], [ -82.009926, 34.667456 ], [ -82.01006, 34.667502 ], [ -82.010184, 34.667546 ], [ -82.010306, 34.667596 ], [ -82.010374, 34.667624 ], [ -82.01045, 34.667656 ], [ -82.010562, 34.66771 ], [ -82.010672, 34.667762 ], [ -82.010822, 34.667844 ], [ -82.010924, 34.6679 ], [ -82.011137, 34.668032 ], [ -82.011177, 34.668051 ], [ -82.011527, 34.668263 ], [ -82.011607, 34.668293 ], [ -82.011721, 34.668347 ], [ -82.011789, 34.668391 ], [ -82.011934, 34.668471 ], [ -82.012095, 34.668527 ], [ -82.012297, 34.668587 ], [ -82.012383, 34.668612 ], [ -82.012459, 34.668647 ], [ -82.01256, 34.668715 ], [ -82.012621, 34.668748 ], [ -82.012639, 34.66875 ], [ -82.01266, 34.668752 ], [ -82.012714, 34.668751 ], [ -82.012835, 34.668751 ], [ -82.012895, 34.668745 ], [ -82.013014, 34.668734 ], [ -82.013655, 34.668613 ], [ -82.013807, 34.668585 ], [ -82.013913, 34.668565 ], [ -82.014327, 34.668487 ], [ -82.01456, 34.668443 ], [ -82.014638, 34.668415 ], [ -82.014716, 34.668387 ], [ -82.01488, 34.668349 ], [ -82.015049, 34.668332 ], [ -82.015219, 34.668334 ], [ -82.015387, 34.668357 ], [ -82.01555, 34.668399 ], [ -82.015703, 34.66846 ], [ -82.01585, 34.668541 ], [ -82.015863, 34.668547 ], [ -82.015906, 34.668569 ], [ -82.016027, 34.668628 ], [ -82.016201, 34.668729 ], [ -82.016366, 34.668841 ], [ -82.016465, 34.668917 ], [ -82.016521, 34.668961 ], [ -82.016665, 34.669091 ], [ -82.016685, 34.669111 ], [ -82.016797, 34.669228 ], [ -82.016819, 34.669255 ], [ -82.016858, 34.669301 ], [ -82.016922, 34.669381 ], [ -82.016935, 34.669399 ], [ -82.016961, 34.669436 ], [ -82.01701, 34.669577 ], [ -82.017075, 34.669762 ], [ -82.017133, 34.669925 ], [ -82.017266, 34.67011 ], [ -82.01741, 34.67033 ], [ -82.017428, 34.670363 ], [ -82.017503, 34.670449 ], [ -82.017564, 34.670544 ], [ -82.017627, 34.670712 ], [ -82.017663, 34.67085 ], [ -82.01769, 34.671098 ], [ -82.017698, 34.671241 ], [ -82.01774, 34.671451 ], [ -82.017742, 34.671487 ], [ -82.017774, 34.671655 ], [ -82.017804, 34.671848 ], [ -82.017856, 34.67205 ], [ -82.01793, 34.672247 ], [ -82.018023, 34.672439 ], [ -82.018136, 34.672623 ], [ -82.018204, 34.672755 ], [ -82.01829, 34.67288 ], [ -82.018394, 34.672995 ], [ -82.018514, 34.673099 ], [ -82.018648, 34.67319 ], [ -82.018797, 34.673269 ], [ -82.018813, 34.673275 ], [ -82.018895, 34.673307 ], [ -82.018952, 34.673329 ], [ -82.019116, 34.673375 ], [ -82.019203, 34.67339 ], [ -82.019286, 34.673404 ], [ -82.01946, 34.673415 ], [ -82.019633, 34.67341 ], [ -82.019746, 34.673395 ], [ -82.020015, 34.673356 ], [ -82.020228, 34.673341 ], [ -82.020409, 34.673341 ], [ -82.020471, 34.673343 ], [ -82.020555, 34.67334 ], [ -82.020686, 34.673343 ], [ -82.020861, 34.673359 ], [ -82.020989, 34.673381 ], [ -82.021072, 34.673404 ], [ -82.021263, 34.673491 ], [ -82.021525, 34.673621 ], [ -82.021704, 34.673724 ], [ -82.021794, 34.673784 ], [ -82.021811, 34.673795 ], [ -82.021975, 34.673904 ], [ -82.022036, 34.673955 ], [ -82.022179, 34.674063 ], [ -82.022268, 34.674152 ], [ -82.022392, 34.674296 ], [ -82.0225, 34.67445 ], [ -82.022586, 34.674612 ], [ -82.022651, 34.674781 ], [ -82.022692, 34.674955 ], [ -82.022711, 34.675131 ], [ -82.022704, 34.675429 ], [ -82.022703, 34.675461 ], [ -82.022722, 34.675612 ], [ -82.022761, 34.675761 ], [ -82.022822, 34.675905 ], [ -82.022902, 34.676043 ], [ -82.023001, 34.676171 ], [ -82.023118, 34.67629 ], [ -82.023251, 34.676396 ], [ -82.023398, 34.676488 ], [ -82.023502, 34.67654 ], [ -82.023722, 34.676655 ], [ -82.02388, 34.67673 ], [ -82.023911, 34.676744 ], [ -82.024059, 34.676801 ], [ -82.024545, 34.67699 ], [ -82.024787, 34.67707 ], [ -82.024906, 34.677115 ], [ -82.024989, 34.677137 ], [ -82.025386, 34.677287 ], [ -82.025508, 34.677325 ], [ -82.025881, 34.677423 ], [ -82.026095, 34.67746 ], [ -82.026221, 34.677489 ], [ -82.026281, 34.677508 ], [ -82.026387, 34.677534 ], [ -82.026577, 34.677581 ], [ -82.026851, 34.677649 ], [ -82.027077, 34.677718 ], [ -82.027191, 34.677761 ], [ -82.027296, 34.677801 ], [ -82.027366, 34.677833 ], [ -82.027508, 34.677896 ], [ -82.027711, 34.678004 ], [ -82.027815, 34.678068 ], [ -82.027924, 34.678136 ], [ -82.028025, 34.678204 ], [ -82.028098, 34.678262 ], [ -82.0282, 34.67833 ], [ -82.028285, 34.67841 ], [ -82.02843, 34.678588 ], [ -82.028544, 34.67874 ], [ -82.028585, 34.678802 ], [ -82.028656, 34.678932 ], [ -82.028734, 34.67906 ], [ -82.028803, 34.67919 ], [ -82.028828, 34.679258 ], [ -82.028889, 34.679391 ], [ -82.02892, 34.679495 ], [ -82.02896, 34.679596 ], [ -82.029004, 34.679771 ], [ -82.029035, 34.680052 ], [ -82.029036, 34.680122 ], [ -82.029047, 34.680228 ], [ -82.029049, 34.680363 ], [ -82.029054, 34.680616 ], [ -82.029063, 34.680686 ], [ -82.029072, 34.680897 ], [ -82.029072, 34.681038 ], [ -82.029079, 34.681144 ], [ -82.029105, 34.681354 ], [ -82.029114, 34.68139 ], [ -82.029152, 34.681456 ], [ -82.029169, 34.681486 ], [ -82.029196, 34.681514 ], [ -82.029284, 34.681566 ], [ -82.029302, 34.681577 ], [ -82.029422, 34.68162 ], [ -82.029548, 34.68165 ], [ -82.029616, 34.681662 ], [ -82.02979, 34.681676 ], [ -82.029965, 34.681677 ], [ -82.030096, 34.68167 ], [ -82.030356, 34.681638 ], [ -82.030626, 34.681564 ], [ -82.030678, 34.681543 ], [ -82.030783, 34.6815 ], [ -82.030807, 34.681491 ], [ -82.030901, 34.681442 ], [ -82.030932, 34.681431 ], [ -82.030995, 34.681408 ], [ -82.031115, 34.681364 ], [ -82.031131, 34.681358 ], [ -82.031158, 34.681347 ], [ -82.031392, 34.68125 ], [ -82.031414, 34.681241 ], [ -82.031719, 34.681099 ], [ -82.031879, 34.680989 ], [ -82.032065, 34.680911 ], [ -82.032147, 34.680885 ], [ -82.032463, 34.680783 ], [ -82.032737, 34.680694 ], [ -82.033109, 34.680574 ], [ -82.033723, 34.680375 ], [ -82.034137, 34.680325 ], [ -82.034537, 34.680277 ], [ -82.034727, 34.680286 ], [ -82.034915, 34.680308 ], [ -82.035103, 34.680345 ], [ -82.035167, 34.680362 ], [ -82.035281, 34.680393 ], [ -82.035317, 34.680406 ], [ -82.035456, 34.680455 ], [ -82.035623, 34.680529 ], [ -82.036901, 34.681324 ], [ -82.037266, 34.681535 ], [ -82.037619, 34.68176 ], [ -82.037958, 34.681998 ], [ -82.038174, 34.682165 ], [ -82.038283, 34.68225 ], [ -82.038488, 34.682424 ], [ -82.038561, 34.682487 ], [ -82.038722, 34.682653 ], [ -82.038854, 34.682795 ], [ -82.038939, 34.682875 ], [ -82.038999, 34.682923 ], [ -82.039033, 34.682949 ], [ -82.039274, 34.683104 ], [ -82.039306, 34.683128 ], [ -82.039451, 34.683207 ], [ -82.039565, 34.683261 ], [ -82.03971, 34.683342 ], [ -82.039751, 34.683361 ], [ -82.039937, 34.68345 ], [ -82.040174, 34.683544 ], [ -82.040321, 34.683622 ], [ -82.04046, 34.683709 ], [ -82.040601, 34.683845 ], [ -82.040703, 34.683961 ], [ -82.040771, 34.684052 ], [ -82.040811, 34.68414 ], [ -82.040855, 34.684252 ], [ -82.040893, 34.684406 ], [ -82.040911, 34.684547 ], [ -82.040908, 34.684741 ], [ -82.040896, 34.684845 ], [ -82.040863, 34.684992 ], [ -82.040812, 34.685135 ], [ -82.040744, 34.685274 ], [ -82.040661, 34.685407 ], [ -82.040538, 34.685706 ], [ -82.040468, 34.685967 ], [ -82.040443, 34.686149 ], [ -82.040463, 34.686315 ], [ -82.040697, 34.686758 ], [ -82.040957, 34.687058 ], [ -82.041211, 34.68735 ], [ -82.041293, 34.687601 ], [ -82.041416, 34.687903 ], [ -82.041471, 34.688006 ], [ -82.041534, 34.688089 ], [ -82.041604, 34.688161 ], [ -82.041688, 34.688228 ], [ -82.041772, 34.688283 ], [ -82.041847, 34.688321 ], [ -82.041933, 34.688358 ], [ -82.042077, 34.688412 ], [ -82.042361, 34.688509 ], [ -82.042466, 34.688543 ], [ -82.042523, 34.68857 ], [ -82.042729, 34.688628 ], [ -82.042792, 34.68864 ], [ -82.042943, 34.688668 ], [ -82.04323, 34.688749 ], [ -82.043301, 34.688777 ], [ -82.043317, 34.688781 ], [ -82.043364, 34.688796 ], [ -82.043391, 34.688804 ], [ -82.04349, 34.688839 ], [ -82.043578, 34.688871 ], [ -82.043646, 34.688896 ], [ -82.04369, 34.688912 ], [ -82.043712, 34.68892 ], [ -82.043764, 34.688938 ], [ -82.04384, 34.688965 ], [ -82.043915, 34.688991 ], [ -82.044072, 34.689045 ], [ -82.044234, 34.689099 ], [ -82.044347, 34.689136 ], [ -82.044447, 34.689168 ], [ -82.044609, 34.689215 ], [ -82.044721, 34.689247 ], [ -82.044835, 34.689278 ], [ -82.044919, 34.689299 ], [ -82.045006, 34.689321 ], [ -82.045111, 34.689348 ], [ -82.045146, 34.689355 ], [ -82.04523, 34.689371 ], [ -82.045261, 34.689375 ], [ -82.045302, 34.689381 ], [ -82.045421, 34.689397 ], [ -82.045477, 34.689405 ], [ -82.045658, 34.689429 ], [ -82.045788, 34.689445 ], [ -82.045966, 34.689468 ], [ -82.046046, 34.689478 ], [ -82.046124, 34.689492 ], [ -82.046196, 34.68951 ], [ -82.04629, 34.689534 ], [ -82.046315, 34.689543 ], [ -82.046367, 34.689561 ], [ -82.046398, 34.689571 ], [ -82.04642, 34.689579 ], [ -82.046431, 34.689584 ], [ -82.046444, 34.68959 ], [ -82.046457, 34.689598 ], [ -82.046467, 34.689604 ], [ -82.046482, 34.689616 ], [ -82.046502, 34.689633 ], [ -82.046523, 34.68965 ], [ -82.046539, 34.689664 ], [ -82.046555, 34.689679 ], [ -82.046613, 34.689733 ], [ -82.046641, 34.689759 ], [ -82.046712, 34.689806 ], [ -82.046746, 34.689828 ], [ -82.046839, 34.689903 ], [ -82.046875, 34.689923 ], [ -82.046966, 34.689985 ], [ -82.046992, 34.690126 ], [ -82.047057, 34.690258 ], [ -82.047115, 34.69043 ], [ -82.047171, 34.690639 ], [ -82.047207, 34.690742 ], [ -82.047248, 34.690843 ], [ -82.04742, 34.691208 ], [ -82.047574, 34.691424 ], [ -82.047715, 34.691683 ], [ -82.047727, 34.691718 ], [ -82.047803, 34.691846 ], [ -82.047831, 34.691914 ], [ -82.047885, 34.692158 ], [ -82.047955, 34.692437 ], [ -82.047986, 34.692613 ], [ -82.047994, 34.692683 ], [ -82.04801, 34.692753 ], [ -82.048041, 34.692857 ], [ -82.048084, 34.692919 ], [ -82.048167, 34.693002 ], [ -82.048199, 34.693027 ], [ -82.04827, 34.693068 ], [ -82.048347, 34.693103 ], [ -82.048507, 34.69316 ], [ -82.048754, 34.693236 ], [ -82.04888, 34.693267 ], [ -82.049224, 34.693323 ], [ -82.04979, 34.693389 ], [ -82.049877, 34.693396 ], [ -82.050052, 34.693402 ], [ -82.050139, 34.69341 ], [ -82.050402, 34.693419 ], [ -82.05075, 34.693422 ], [ -82.051254, 34.693426 ], [ -82.051628, 34.693411 ], [ -82.05189, 34.693416 ], [ -82.051977, 34.693423 ], [ -82.052152, 34.693428 ], [ -82.052538, 34.693459 ], [ -82.053224, 34.693581 ], [ -82.053594, 34.693687 ], [ -82.054563, 34.694014 ], [ -82.054873, 34.694136 ], [ -82.05503, 34.694209 ], [ -82.055147, 34.694259 ], [ -82.055486, 34.694423 ], [ -82.056303, 34.69477 ], [ -82.056527, 34.694871 ], [ -82.0566, 34.694898 ], [ -82.056639, 34.694913 ], [ -82.056702, 34.694938 ], [ -82.056746, 34.694956 ], [ -82.056766, 34.694964 ], [ -82.056809, 34.694984 ], [ -82.056842, 34.694999 ], [ -82.056897, 34.695027 ], [ -82.056947, 34.695053 ], [ -82.057035, 34.695099 ], [ -82.05709, 34.695129 ], [ -82.057116, 34.695144 ], [ -82.057133, 34.695155 ], [ -82.057142, 34.695163 ], [ -82.057151, 34.695175 ], [ -82.057159, 34.695189 ], [ -82.057187, 34.69524 ], [ -82.057207, 34.695278 ], [ -82.057241, 34.695357 ], [ -82.057248, 34.695381 ], [ -82.057252, 34.695397 ], [ -82.057257, 34.695445 ], [ -82.057252, 34.695496 ], [ -82.05724, 34.695546 ], [ -82.057227, 34.695592 ], [ -82.057208, 34.695654 ], [ -82.057178, 34.695745 ], [ -82.057148, 34.695817 ], [ -82.057125, 34.695866 ], [ -82.057097, 34.69592 ], [ -82.057048, 34.696009 ], [ -82.056989, 34.696109 ], [ -82.056964, 34.696152 ], [ -82.05686, 34.696293 ], [ -82.056789, 34.696392 ], [ -82.056749, 34.696462 ], [ -82.056714, 34.696534 ], [ -82.056688, 34.696593 ], [ -82.056665, 34.696654 ], [ -82.056645, 34.69672 ], [ -82.05664, 34.696759 ], [ -82.056643, 34.6968 ], [ -82.05665, 34.696872 ], [ -82.056648, 34.696934 ], [ -82.056649, 34.696945 ], [ -82.056656, 34.696957 ], [ -82.056709, 34.69703 ], [ -82.056795, 34.697149 ], [ -82.056807, 34.697165 ], [ -82.056861, 34.697227 ], [ -82.056916, 34.697287 ], [ -82.056949, 34.697333 ], [ -82.057006, 34.697412 ], [ -82.057051, 34.697472 ], [ -82.057065, 34.697487 ], [ -82.057081, 34.697504 ], [ -82.057097, 34.697521 ], [ -82.057104, 34.697528 ], [ -82.057112, 34.697536 ], [ -82.05749, 34.697863 ], [ -82.057532, 34.697911 ], [ -82.057552, 34.697924 ], [ -82.057653, 34.69799 ], [ -82.057734, 34.698044 ], [ -82.057748, 34.698053 ], [ -82.057784, 34.698079 ], [ -82.057831, 34.698114 ], [ -82.057877, 34.698155 ], [ -82.057901, 34.698177 ], [ -82.05797, 34.698255 ], [ -82.058031, 34.698346 ], [ -82.058048, 34.698375 ], [ -82.058103, 34.698473 ], [ -82.058143, 34.698541 ], [ -82.05819, 34.698621 ], [ -82.058233, 34.698692 ], [ -82.058327, 34.69883 ], [ -82.05835, 34.698877 ], [ -82.058402, 34.698997 ], [ -82.058439, 34.699099 ], [ -82.058486, 34.699225 ], [ -82.058494, 34.699255 ], [ -82.058524, 34.699363 ], [ -82.058534, 34.699407 ], [ -82.058545, 34.699469 ], [ -82.058554, 34.699542 ], [ -82.058556, 34.699572 ], [ -82.058559, 34.699638 ], [ -82.058558, 34.699699 ], [ -82.058557, 34.699725 ], [ -82.058554, 34.699764 ], [ -82.058565, 34.699819 ], [ -82.058571, 34.69989 ], [ -82.058565, 34.699997 ], [ -82.058554, 34.700031 ], [ -82.058477, 34.700159 ], [ -82.058454, 34.70019 ], [ -82.058397, 34.700244 ], [ -82.05819, 34.700374 ], [ -82.057973, 34.700492 ], [ -82.057857, 34.700542 ], [ -82.05775, 34.700603 ], [ -82.05772, 34.700629 ], [ -82.057695, 34.700659 ], [ -82.057677, 34.700691 ], [ -82.057667, 34.700726 ], [ -82.05766, 34.700797 ], [ -82.057682, 34.700902 ], [ -82.057733, 34.701001 ], [ -82.057834, 34.701159 ], [ -82.057885, 34.701216 ], [ -82.057983, 34.701286 ], [ -82.058397, 34.701464 ], [ -82.058538, 34.701582 ], [ -82.058744, 34.70174 ], [ -82.058812, 34.701783 ], [ -82.058884, 34.701818 ], [ -82.058969, 34.701851 ], [ -82.058997, 34.701862 ], [ -82.059035, 34.701874 ], [ -82.059095, 34.701895 ], [ -82.059182, 34.701922 ], [ -82.05924, 34.701939 ], [ -82.059292, 34.701952 ], [ -82.059349, 34.701967 ], [ -82.059364, 34.70197 ], [ -82.059433, 34.701982 ], [ -82.059504, 34.701987 ], [ -82.059573, 34.701987 ], [ -82.059664, 34.701986 ], [ -82.05979, 34.701979 ], [ -82.059857, 34.701966 ], [ -82.059933, 34.701942 ], [ -82.06002, 34.701907 ], [ -82.060114, 34.701863 ], [ -82.060147, 34.701849 ], [ -82.060172, 34.701839 ], [ -82.060221, 34.70182 ], [ -82.060319, 34.701781 ], [ -82.060443, 34.701698 ], [ -82.060605, 34.701539 ], [ -82.060771, 34.701309 ], [ -82.060853, 34.701192 ], [ -82.060899, 34.701126 ], [ -82.06102, 34.700983 ], [ -82.061034, 34.700962 ], [ -82.061133, 34.700844 ], [ -82.061196, 34.700794 ], [ -82.06127, 34.700756 ], [ -82.061299, 34.700746 ], [ -82.061431, 34.7007 ], [ -82.061473, 34.700689 ], [ -82.061559, 34.700677 ], [ -82.061646, 34.700671 ], [ -82.061953, 34.700672 ], [ -82.062127, 34.700694 ], [ -82.062152, 34.700698 ], [ -82.062317, 34.700726 ], [ -82.062513, 34.70076 ], [ -82.06273, 34.700774 ], [ -82.062817, 34.700776 ], [ -82.063153, 34.700756 ], [ -82.063532, 34.700766 ], [ -82.063846, 34.700771 ], [ -82.0641, 34.700775 ], [ -82.064282, 34.700781 ], [ -82.064647, 34.700799 ], [ -82.064938, 34.700856 ], [ -82.065213, 34.700888 ], [ -82.065307, 34.700896 ], [ -82.065394, 34.700896 ], [ -82.065567, 34.700911 ], [ -82.065654, 34.700913 ], [ -82.066265, 34.700946 ], [ -82.066439, 34.700964 ], [ -82.066525, 34.70098 ], [ -82.066735, 34.701033 ], [ -82.067058, 34.701142 ], [ -82.067217, 34.701202 ], [ -82.067401, 34.701299 ], [ -82.067421, 34.701309 ], [ -82.067552, 34.70137 ], [ -82.06763, 34.701402 ], [ -82.067685, 34.701421 ], [ -82.067775, 34.70145 ], [ -82.067879, 34.701486 ], [ -82.068037, 34.701542 ], [ -82.068157, 34.701587 ], [ -82.068309, 34.701646 ], [ -82.06842, 34.701691 ], [ -82.068519, 34.701733 ], [ -82.068625, 34.701781 ], [ -82.068687, 34.701811 ], [ -82.068771, 34.701852 ], [ -82.068861, 34.701899 ], [ -82.068911, 34.701925 ], [ -82.068975, 34.701961 ], [ -82.06905, 34.702005 ], [ -82.069147, 34.702063 ], [ -82.069223, 34.702111 ], [ -82.069281, 34.702148 ], [ -82.06938, 34.702214 ], [ -82.069443, 34.702257 ], [ -82.069574, 34.702351 ], [ -82.069706, 34.702452 ], [ -82.069774, 34.702506 ], [ -82.069862, 34.702577 ], [ -82.069966, 34.702664 ], [ -82.070023, 34.702703 ], [ -82.070084, 34.702753 ], [ -82.070118, 34.702775 ], [ -82.070181, 34.702825 ], [ -82.07038, 34.702963 ], [ -82.070476, 34.703036 ], [ -82.070613, 34.703126 ], [ -82.070771, 34.703247 ], [ -82.071015, 34.703447 ], [ -82.071172, 34.703569 ], [ -82.071315, 34.7037 ], [ -82.071418, 34.703815 ], [ -82.071505, 34.703938 ], [ -82.071517, 34.703972 ], [ -82.071568, 34.70407 ], [ -82.071621, 34.704242 ], [ -82.071626, 34.704314 ], [ -82.071609, 34.704365 ], [ -82.071568, 34.704488 ], [ -82.071406, 34.704668 ], [ -82.071385, 34.704694 ], [ -82.071334, 34.704744 ], [ -82.071306, 34.70477 ], [ -82.071275, 34.704797 ], [ -82.071238, 34.704825 ], [ -82.071197, 34.704856 ], [ -82.071148, 34.704891 ], [ -82.07109, 34.70493 ], [ -82.070946, 34.705023 ], [ -82.070857, 34.705079 ], [ -82.070731, 34.705158 ], [ -82.070702, 34.705167 ], [ -82.070551, 34.705237 ], [ -82.070149, 34.705511 ], [ -82.070087, 34.705561 ], [ -82.069841, 34.705711 ], [ -82.069665, 34.705828 ], [ -82.069585, 34.705882 ], [ -82.069537, 34.705914 ], [ -82.069378, 34.706036 ], [ -82.069099, 34.706262 ], [ -82.068972, 34.70636 ], [ -82.068799, 34.706521 ], [ -82.068688, 34.706631 ], [ -82.06861, 34.706718 ], [ -82.068515, 34.706836 ], [ -82.068245, 34.707116 ], [ -82.0681, 34.707294 ], [ -82.068073, 34.707322 ], [ -82.068012, 34.707416 ], [ -82.067956, 34.707513 ], [ -82.067923, 34.707579 ], [ -82.0679, 34.707647 ], [ -82.067865, 34.707712 ], [ -82.067803, 34.707845 ], [ -82.06777, 34.708056 ], [ -82.067718, 34.70855 ], [ -82.067681, 34.708824 ], [ -82.067611, 34.70921 ], [ -82.067608, 34.709245 ], [ -82.067554, 34.709525 ], [ -82.067536, 34.709593 ], [ -82.067533, 34.709629 ], [ -82.067512, 34.709734 ], [ -82.06741, 34.709966 ], [ -82.067372, 34.710068 ], [ -82.067311, 34.710273 ], [ -82.067296, 34.710342 ], [ -82.067287, 34.710364 ], [ -82.067282, 34.710376 ], [ -82.067228, 34.710612 ], [ -82.0672, 34.710679 ], [ -82.067169, 34.710782 ], [ -82.067125, 34.710883 ], [ -82.067088, 34.711022 ], [ -82.067082, 34.711092 ], [ -82.06706, 34.711198 ], [ -82.067027, 34.711301 ], [ -82.06702, 34.711336 ], [ -82.066974, 34.711473 ], [ -82.066958, 34.711543 ], [ -82.066923, 34.711645 ], [ -82.066773, 34.7119 ], [ -82.066729, 34.712 ], [ -82.066683, 34.712138 ], [ -82.066675, 34.712244 ], [ -82.06666, 34.712348 ], [ -82.06666, 34.712453 ], [ -82.066677, 34.712663 ], [ -82.066718, 34.712944 ], [ -82.066756, 34.713119 ], [ -82.066809, 34.713291 ], [ -82.066927, 34.713781 ], [ -82.066952, 34.713927 ], [ -82.06695, 34.714145 ], [ -82.066936, 34.714251 ], [ -82.066921, 34.71432 ], [ -82.066824, 34.714594 ], [ -82.066769, 34.71473 ], [ -82.066735, 34.714833 ], [ -82.06672, 34.714902 ], [ -82.066679, 34.715039 ], [ -82.066635, 34.715248 ], [ -82.066644, 34.715426 ], [ -82.066653, 34.715484 ], [ -82.066659, 34.715497 ], [ -82.066668, 34.715521 ], [ -82.066685, 34.715559 ], [ -82.066701, 34.715593 ], [ -82.066722, 34.715635 ], [ -82.066733, 34.715656 ], [ -82.066771, 34.715725 ], [ -82.066798, 34.715774 ], [ -82.066819, 34.71581 ], [ -82.066844, 34.715853 ], [ -82.066873, 34.715902 ], [ -82.066897, 34.715942 ], [ -82.066935, 34.716004 ], [ -82.066969, 34.71606 ], [ -82.066983, 34.716082 ], [ -82.067015, 34.716134 ], [ -82.067058, 34.716203 ], [ -82.067083, 34.716243 ], [ -82.067109, 34.716285 ], [ -82.067136, 34.716328 ], [ -82.067179, 34.716397 ], [ -82.067206, 34.716441 ], [ -82.067238, 34.716492 ], [ -82.067277, 34.716555 ], [ -82.067328, 34.716637 ], [ -82.067396, 34.716746 ], [ -82.067421, 34.716785 ], [ -82.067474, 34.716863 ], [ -82.067492, 34.716888 ], [ -82.067515, 34.71692 ], [ -82.067551, 34.716967 ], [ -82.067607, 34.717035 ], [ -82.067652, 34.717084 ], [ -82.067688, 34.717122 ], [ -82.067737, 34.717172 ], [ -82.067809, 34.71724 ], [ -82.067866, 34.717292 ], [ -82.067939, 34.717356 ], [ -82.067957, 34.717371 ], [ -82.067978, 34.717389 ], [ -82.06804, 34.71744 ], [ -82.068084, 34.717475 ], [ -82.068121, 34.717504 ], [ -82.068167, 34.717537 ], [ -82.068205, 34.717564 ], [ -82.068253, 34.717598 ], [ -82.068299, 34.71763 ], [ -82.068344, 34.71766 ], [ -82.068375, 34.717681 ], [ -82.068425, 34.717716 ], [ -82.068478, 34.717753 ], [ -82.068531, 34.717792 ], [ -82.068566, 34.717819 ], [ -82.06861, 34.717854 ], [ -82.068641, 34.717881 ], [ -82.068676, 34.717913 ], [ -82.068709, 34.717945 ], [ -82.068763, 34.718003 ], [ -82.068802, 34.718048 ], [ -82.068837, 34.71809 ], [ -82.068898, 34.718168 ], [ -82.069002, 34.718316 ], [ -82.069056, 34.718399 ], [ -82.069088, 34.718453 ], [ -82.069132, 34.718535 ], [ -82.069172, 34.718617 ], [ -82.069212, 34.718709 ], [ -82.069235, 34.718765 ], [ -82.069316, 34.718982 ], [ -82.069337, 34.719037 ], [ -82.069403, 34.719214 ], [ -82.069443, 34.719311 ], [ -82.069479, 34.719387 ], [ -82.069495, 34.719419 ], [ -82.069509, 34.719445 ], [ -82.069539, 34.719496 ], [ -82.069568, 34.71954 ], [ -82.069603, 34.71959 ], [ -82.069624, 34.719617 ], [ -82.069653, 34.719652 ], [ -82.06967, 34.71967 ], [ -82.069692, 34.719691 ], [ -82.069709, 34.719706 ], [ -82.069726, 34.719718 ], [ -82.069739, 34.719727 ], [ -82.069753, 34.719736 ], [ -82.06977, 34.719746 ], [ -82.069798, 34.719759 ], [ -82.069821, 34.719769 ], [ -82.069843, 34.719776 ], [ -82.069857, 34.719781 ], [ -82.069878, 34.719788 ], [ -82.06991, 34.719797 ], [ -82.069951, 34.719807 ], [ -82.069974, 34.719812 ], [ -82.070029, 34.719822 ], [ -82.070048, 34.719825 ], [ -82.070101, 34.719833 ], [ -82.070148, 34.719837 ], [ -82.070182, 34.71984 ], [ -82.070223, 34.719843 ], [ -82.070255, 34.719844 ], [ -82.070311, 34.719846 ], [ -82.070339, 34.719847 ], [ -82.070391, 34.719847 ], [ -82.070474, 34.719846 ], [ -82.070555, 34.719843 ], [ -82.070628, 34.71984 ], [ -82.070728, 34.719834 ], [ -82.070762, 34.719832 ], [ -82.070892, 34.719825 ], [ -82.070952, 34.719822 ], [ -82.070998, 34.719821 ], [ -82.071063, 34.719821 ], [ -82.0711, 34.719821 ], [ -82.071149, 34.719822 ], [ -82.071188, 34.719823 ], [ -82.071238, 34.719824 ], [ -82.071283, 34.719826 ], [ -82.071352, 34.71983 ], [ -82.071449, 34.719838 ], [ -82.071525, 34.719845 ], [ -82.071614, 34.719854 ], [ -82.071696, 34.719863 ], [ -82.071742, 34.719868 ], [ -82.071774, 34.719871 ], [ -82.071839, 34.719879 ], [ -82.071915, 34.719887 ], [ -82.071963, 34.719892 ], [ -82.072044, 34.7199 ], [ -82.072089, 34.719903 ], [ -82.072161, 34.719909 ], [ -82.072218, 34.719913 ], [ -82.072251, 34.719914 ], [ -82.072275, 34.719915 ], [ -82.072304, 34.719916 ], [ -82.072344, 34.719917 ], [ -82.072377, 34.719918 ], [ -82.072399, 34.719918 ], [ -82.072438, 34.719917 ], [ -82.072483, 34.719915 ], [ -82.072503, 34.719914 ], [ -82.072544, 34.71991 ], [ -82.072576, 34.719907 ], [ -82.072614, 34.719902 ], [ -82.072674, 34.719891 ], [ -82.072705, 34.719885 ], [ -82.072753, 34.719873 ], [ -82.07278, 34.719865 ], [ -82.072808, 34.719857 ], [ -82.072825, 34.719851 ], [ -82.072873, 34.719834 ], [ -82.072909, 34.71982 ], [ -82.07295, 34.719802 ], [ -82.072984, 34.719786 ], [ -82.073032, 34.719763 ], [ -82.073086, 34.719735 ], [ -82.07313, 34.71971 ], [ -82.073187, 34.719677 ], [ -82.073233, 34.71965 ], [ -82.073266, 34.719631 ], [ -82.073299, 34.719612 ], [ -82.073345, 34.719587 ], [ -82.073387, 34.719565 ], [ -82.073422, 34.719547 ], [ -82.073472, 34.719524 ], [ -82.073508, 34.719507 ], [ -82.073559, 34.719484 ], [ -82.073605, 34.719465 ], [ -82.073647, 34.719447 ], [ -82.073686, 34.719431 ], [ -82.073759, 34.719403 ], [ -82.073805, 34.719386 ], [ -82.073853, 34.719368 ], [ -82.073889, 34.719355 ], [ -82.073924, 34.719343 ], [ -82.073962, 34.719329 ], [ -82.073995, 34.719318 ], [ -82.074029, 34.719306 ], [ -82.07406, 34.719295 ], [ -82.0741, 34.719281 ], [ -82.074148, 34.719264 ], [ -82.074192, 34.719249 ], [ -82.074225, 34.719238 ], [ -82.074273, 34.719221 ], [ -82.074314, 34.719208 ], [ -82.07436, 34.719192 ], [ -82.074404, 34.719178 ], [ -82.074451, 34.719163 ], [ -82.074498, 34.719148 ], [ -82.074534, 34.719137 ], [ -82.074567, 34.719127 ], [ -82.074616, 34.719114 ], [ -82.074663, 34.719101 ], [ -82.074693, 34.719094 ], [ -82.074729, 34.719086 ], [ -82.074766, 34.719079 ], [ -82.074801, 34.719072 ], [ -82.074842, 34.719066 ], [ -82.074891, 34.719061 ], [ -82.074929, 34.719059 ], [ -82.074969, 34.719058 ], [ -82.075025, 34.71906 ], [ -82.075072, 34.719063 ], [ -82.07512, 34.719069 ], [ -82.075175, 34.719077 ], [ -82.075246, 34.71909 ], [ -82.075311, 34.719104 ], [ -82.07536, 34.719116 ], [ -82.075398, 34.719126 ], [ -82.075481, 34.71915 ], [ -82.075552, 34.719172 ], [ -82.075628, 34.719196 ], [ -82.075711, 34.719224 ], [ -82.075776, 34.719246 ], [ -82.075893, 34.719286 ], [ -82.075971, 34.719312 ], [ -82.076073, 34.719347 ], [ -82.07616, 34.719376 ], [ -82.076204, 34.71939 ], [ -82.076257, 34.719407 ], [ -82.076319, 34.719426 ], [ -82.076393, 34.719449 ], [ -82.076461, 34.719469 ], [ -82.076541, 34.719493 ], [ -82.076598, 34.719508 ], [ -82.076645, 34.719521 ], [ -82.076721, 34.71954 ], [ -82.07678, 34.719553 ], [ -82.076836, 34.719565 ], [ -82.076927, 34.719582 ], [ -82.076994, 34.719592 ], [ -82.077071, 34.719601 ], [ -82.077121, 34.719607 ], [ -82.077157, 34.71961 ], [ -82.077204, 34.719613 ], [ -82.077242, 34.719616 ], [ -82.077289, 34.719618 ], [ -82.077319, 34.71962 ], [ -82.077361, 34.719621 ], [ -82.077404, 34.719621 ], [ -82.077432, 34.719621 ], [ -82.077476, 34.719621 ], [ -82.0775, 34.71962 ], [ -82.077525, 34.719619 ], [ -82.077553, 34.719618 ], [ -82.077577, 34.719616 ], [ -82.07761, 34.719614 ], [ -82.077652, 34.719609 ], [ -82.07768, 34.719606 ], [ -82.077713, 34.719602 ], [ -82.077747, 34.719597 ], [ -82.077784, 34.71959 ], [ -82.077813, 34.719585 ], [ -82.07784, 34.719579 ], [ -82.077881, 34.719571 ], [ -82.077906, 34.719565 ], [ -82.077924, 34.719561 ], [ -82.077973, 34.719548 ], [ -82.07802, 34.719536 ], [ -82.078075, 34.719521 ], [ -82.078194, 34.719488 ], [ -82.078278, 34.719465 ], [ -82.078301, 34.719459 ], [ -82.078312, 34.719456 ], [ -82.078323, 34.719453 ], [ -82.078337, 34.71945 ], [ -82.078349, 34.719447 ], [ -82.078369, 34.719442 ], [ -82.078382, 34.719439 ], [ -82.078396, 34.719436 ], [ -82.078411, 34.719433 ], [ -82.078423, 34.71943 ], [ -82.078441, 34.719427 ], [ -82.078453, 34.719425 ], [ -82.078464, 34.719423 ], [ -82.078478, 34.719421 ], [ -82.078498, 34.719418 ], [ -82.078509, 34.719417 ], [ -82.078524, 34.719416 ], [ -82.078535, 34.719415 ], [ -82.078547, 34.719414 ], [ -82.078559, 34.719414 ], [ -82.078575, 34.719414 ], [ -82.078587, 34.719414 ], [ -82.078606, 34.719414 ], [ -82.07862, 34.719415 ], [ -82.078633, 34.719416 ], [ -82.078647, 34.719417 ], [ -82.078658, 34.719419 ], [ -82.078674, 34.719421 ], [ -82.078689, 34.719424 ], [ -82.078704, 34.719428 ], [ -82.078717, 34.719431 ], [ -82.078727, 34.719435 ], [ -82.078745, 34.719441 ], [ -82.078757, 34.719446 ], [ -82.078777, 34.719457 ], [ -82.078792, 34.719466 ], [ -82.078802, 34.719473 ], [ -82.078811, 34.71948 ], [ -82.078823, 34.71949 ], [ -82.078835, 34.719502 ], [ -82.078842, 34.719509 ], [ -82.07885, 34.719518 ], [ -82.078865, 34.719536 ], [ -82.078874, 34.719548 ], [ -82.078883, 34.719562 ], [ -82.078891, 34.719574 ], [ -82.078897, 34.719585 ], [ -82.078903, 34.719598 ], [ -82.078908, 34.719609 ], [ -82.078913, 34.719622 ], [ -82.078918, 34.719634 ], [ -82.078921, 34.719644 ], [ -82.078924, 34.719656 ], [ -82.078927, 34.719666 ], [ -82.078933, 34.719692 ], [ -82.078937, 34.719713 ], [ -82.078942, 34.719742 ], [ -82.078946, 34.719772 ], [ -82.078951, 34.719838 ], [ -82.078953, 34.719877 ], [ -82.078953, 34.719915 ], [ -82.078953, 34.719947 ], [ -82.078952, 34.719993 ], [ -82.078949, 34.720033 ], [ -82.078944, 34.72009 ], [ -82.078935, 34.720165 ], [ -82.078912, 34.72031 ], [ -82.078893, 34.720416 ], [ -82.078872, 34.720528 ], [ -82.078849, 34.720646 ], [ -82.078838, 34.720705 ], [ -82.078826, 34.720765 ], [ -82.078812, 34.720833 ], [ -82.078801, 34.720886 ], [ -82.078775, 34.721009 ], [ -82.07876, 34.721071 ], [ -82.078729, 34.7212 ], [ -82.078712, 34.721263 ], [ -82.078698, 34.721315 ], [ -82.07869, 34.721345 ], [ -82.078673, 34.721402 ], [ -82.078652, 34.72147 ], [ -82.078631, 34.721538 ], [ -82.078585, 34.721673 ], [ -82.078535, 34.721804 ], [ -82.078483, 34.72193 ], [ -82.078449, 34.722008 ], [ -82.0784, 34.722113 ], [ -82.078341, 34.722232 ], [ -82.07828, 34.722349 ], [ -82.07822, 34.722461 ], [ -82.078184, 34.722527 ], [ -82.078127, 34.722634 ], [ -82.078101, 34.722682 ], [ -82.078082, 34.722721 ], [ -82.078062, 34.722763 ], [ -82.078029, 34.722834 ], [ -82.078006, 34.722893 ], [ -82.07799, 34.72294 ], [ -82.077973, 34.722998 ], [ -82.077963, 34.723051 ], [ -82.077958, 34.723099 ], [ -82.077957, 34.723133 ], [ -82.07796, 34.72319 ], [ -82.077964, 34.723226 ], [ -82.077972, 34.723274 ], [ -82.077978, 34.723308 ], [ -82.077983, 34.723334 ], [ -82.07799, 34.723372 ], [ -82.078001, 34.723423 ], [ -82.078022, 34.723519 ], [ -82.078038, 34.723591 ], [ -82.078057, 34.723677 ], [ -82.078093, 34.723842 ], [ -82.078127, 34.723995 ], [ -82.078164, 34.724166 ], [ -82.078188, 34.724275 ], [ -82.078201, 34.72434 ], [ -82.078213, 34.724419 ], [ -82.078215, 34.724454 ], [ -82.078216, 34.724477 ], [ -82.078216, 34.724494 ], [ -82.078215, 34.724518 ], [ -82.078214, 34.72453 ], [ -82.078211, 34.724548 ], [ -82.078206, 34.724573 ], [ -82.078199, 34.724598 ], [ -82.078191, 34.72462 ], [ -82.078185, 34.724635 ], [ -82.07818, 34.724646 ], [ -82.078167, 34.72467 ], [ -82.078151, 34.724695 ], [ -82.078134, 34.72472 ], [ -82.078114, 34.724745 ], [ -82.078091, 34.72477 ], [ -82.078066, 34.724795 ], [ -82.078037, 34.72482 ], [ -82.078006, 34.724845 ], [ -82.077971, 34.72487 ], [ -82.077933, 34.724895 ], [ -82.077891, 34.72492 ], [ -82.077847, 34.724944 ], [ -82.077803, 34.724967 ], [ -82.077751, 34.724992 ], [ -82.0777, 34.725016 ], [ -82.077648, 34.725039 ], [ -82.077594, 34.725062 ], [ -82.07754, 34.725084 ], [ -82.077394, 34.725143 ], [ -82.077321, 34.725173 ], [ -82.077268, 34.725196 ], [ -82.077231, 34.725212 ], [ -82.077189, 34.725231 ], [ -82.077173, 34.725239 ], [ -82.077058, 34.725298 ], [ -82.077031, 34.725314 ], [ -82.076967, 34.725354 ], [ -82.0769, 34.725401 ], [ -82.076833, 34.725456 ], [ -82.076795, 34.725489 ], [ -82.076747, 34.725537 ], [ -82.076691, 34.7256 ], [ -82.076648, 34.725654 ], [ -82.076616, 34.725701 ], [ -82.076588, 34.725746 ], [ -82.076569, 34.725779 ], [ -82.076544, 34.725831 ], [ -82.076526, 34.725877 ], [ -82.076506, 34.725945 ], [ -82.076495, 34.726006 ], [ -82.076491, 34.726063 ], [ -82.076491, 34.726122 ], [ -82.076494, 34.726167 ], [ -82.076502, 34.72622 ], [ -82.076507, 34.726252 ], [ -82.076519, 34.726303 ], [ -82.076531, 34.726345 ], [ -82.076543, 34.726383 ], [ -82.076563, 34.726437 ], [ -82.076583, 34.726482 ], [ -82.0766, 34.726518 ], [ -82.076621, 34.726559 ], [ -82.07664, 34.726595 ], [ -82.076679, 34.726663 ], [ -82.076734, 34.726751 ], [ -82.076788, 34.726833 ], [ -82.076807, 34.726854 ], [ -82.076855, 34.726913 ], [ -82.076963, 34.727065 ], [ -82.07698, 34.727098 ], [ -82.077016, 34.727198 ], [ -82.077042, 34.727269 ], [ -82.077073, 34.727335 ], [ -82.077112, 34.727399 ], [ -82.077183, 34.727489 ], [ -82.077283, 34.727557 ], [ -82.077441, 34.727619 ], [ -82.077525, 34.72764 ], [ -82.077568, 34.727646 ], [ -82.07767, 34.727649 ], [ -82.07783, 34.727653 ], [ -82.078005, 34.727652 ], [ -82.078108, 34.727649 ], [ -82.078267, 34.727644 ], [ -82.078529, 34.727628 ], [ -82.079009, 34.727589 ], [ -82.079402, 34.727552 ], [ -82.079884, 34.727542 ], [ -82.079928, 34.727544 ], [ -82.079965, 34.727549 ], [ -82.08002, 34.727549 ], [ -82.080098, 34.72755 ], [ -82.080268, 34.727551 ], [ -82.080428, 34.727552 ], [ -82.080599, 34.727551 ], [ -82.080675, 34.72755 ], [ -82.080809, 34.727544 ], [ -82.08091, 34.727537 ], [ -82.080997, 34.727528 ], [ -82.081077, 34.727518 ], [ -82.081146, 34.727506 ], [ -82.0812, 34.727496 ], [ -82.08129, 34.727474 ], [ -82.081349, 34.727456 ], [ -82.081403, 34.727438 ], [ -82.081475, 34.72741 ], [ -82.081511, 34.727396 ], [ -82.08156, 34.727373 ], [ -82.08161, 34.727349 ], [ -82.081693, 34.727305 ], [ -82.081812, 34.727217 ], [ -82.081872, 34.727166 ], [ -82.081946, 34.727119 ], [ -82.081962, 34.727109 ], [ -82.082009, 34.727079 ], [ -82.08216, 34.727006 ], [ -82.0822, 34.726995 ], [ -82.082243, 34.72699 ], [ -82.082326, 34.726987 ], [ -82.082353, 34.726986 ], [ -82.082417, 34.726984 ], [ -82.082461, 34.726988 ], [ -82.082671, 34.727031 ], [ -82.082827, 34.727096 ], [ -82.082864, 34.727116 ], [ -82.082974, 34.727187 ], [ -82.083021, 34.727247 ], [ -82.083085, 34.72734 ], [ -82.083101, 34.727373 ], [ -82.083152, 34.727509 ], [ -82.083162, 34.727651 ], [ -82.083159, 34.727686 ], [ -82.083163, 34.727757 ], [ -82.08316, 34.727827 ], [ -82.083128, 34.728002 ], [ -82.083094, 34.728105 ], [ -82.083059, 34.728169 ], [ -82.083045, 34.728203 ], [ -82.08278, 34.728472 ], [ -82.082667, 34.728622 ], [ -82.082474, 34.72887 ], [ -82.082263, 34.729133 ], [ -82.082195, 34.729214 ], [ -82.082053, 34.729373 ], [ -82.081879, 34.729547 ], [ -82.081701, 34.729687 ], [ -82.081556, 34.72982 ], [ -82.081434, 34.729923 ], [ -82.081245, 34.730072 ], [ -82.080887, 34.730333 ], [ -82.080733, 34.73046 ], [ -82.080684, 34.730519 ], [ -82.080653, 34.730585 ], [ -82.080642, 34.73062 ], [ -82.080629, 34.730726 ], [ -82.080631, 34.730762 ], [ -82.080661, 34.730866 ], [ -82.080774, 34.730975 ], [ -82.080836, 34.731024 ], [ -82.080954, 34.73113 ], [ -82.081172, 34.731302 ], [ -82.081262, 34.731379 ], [ -82.081399, 34.731527 ], [ -82.08151, 34.731721 ], [ -82.081819, 34.732229 ], [ -82.081854, 34.732278 ], [ -82.082101, 34.732615 ], [ -82.082174, 34.732703 ], [ -82.082485, 34.733045 ], [ -82.082591, 34.733141 ], [ -82.08268, 34.733239 ], [ -82.082756, 34.733325 ], [ -82.082804, 34.733382 ], [ -82.082835, 34.733423 ], [ -82.082865, 34.733464 ], [ -82.082892, 34.733505 ], [ -82.082916, 34.733547 ], [ -82.082938, 34.73359 ], [ -82.082958, 34.733634 ], [ -82.082975, 34.733679 ], [ -82.08299, 34.733725 ], [ -82.083003, 34.733771 ], [ -82.083014, 34.733825 ], [ -82.083021, 34.733863 ], [ -82.083027, 34.733908 ], [ -82.08303, 34.733952 ], [ -82.083032, 34.733994 ], [ -82.08303, 34.734073 ], [ -82.083021, 34.734149 ], [ -82.083006, 34.734222 ], [ -82.082997, 34.734258 ], [ -82.082987, 34.734294 ], [ -82.082968, 34.734352 ], [ -82.082921, 34.734477 ], [ -82.082883, 34.734574 ], [ -82.082844, 34.734675 ], [ -82.08282, 34.734743 ], [ -82.082765, 34.734987 ], [ -82.082768, 34.735093 ], [ -82.082779, 34.735199 ], [ -82.082806, 34.735267 ], [ -82.082826, 34.735298 ], [ -82.082876, 34.735356 ], [ -82.083012, 34.735446 ], [ -82.083166, 34.735515 ], [ -82.083247, 34.73554 ], [ -82.083286, 34.735556 ], [ -82.083449, 34.735604 ], [ -82.08365, 34.735673 ], [ -82.083769, 34.735718 ], [ -82.083963, 34.7358 ], [ -82.084081, 34.735844 ], [ -82.084194, 34.735897 ], [ -82.084262, 34.735941 ], [ -82.084299, 34.735959 ], [ -82.084437, 34.736097 ], [ -82.084507, 34.736187 ], [ -82.084562, 34.736282 ], [ -82.084576, 34.736316 ], [ -82.084615, 34.736379 ], [ -82.084655, 34.736518 ], [ -82.084656, 34.736553 ], [ -82.084667, 34.736622 ], [ -82.08472, 34.73683 ], [ -82.084719, 34.736866 ], [ -82.084731, 34.736936 ], [ -82.084713, 34.737077 ], [ -82.084693, 34.737183 ], [ -82.084643, 34.737281 ], [ -82.084581, 34.737375 ], [ -82.084557, 34.737405 ], [ -82.084471, 34.737485 ], [ -82.084409, 34.737536 ], [ -82.084235, 34.737693 ], [ -82.08418, 34.737748 ], [ -82.084116, 34.737841 ], [ -82.0841, 34.737983 ], [ -82.084109, 34.738044 ], [ -82.084123, 34.738064 ], [ -82.084141, 34.738087 ], [ -82.084157, 34.738103 ], [ -82.084188, 34.73813 ], [ -82.084211, 34.738145 ], [ -82.084227, 34.738155 ], [ -82.084245, 34.738165 ], [ -82.084271, 34.738177 ], [ -82.084298, 34.738189 ], [ -82.08432, 34.738197 ], [ -82.084351, 34.73821 ], [ -82.084401, 34.738229 ], [ -82.084429, 34.73824 ], [ -82.084455, 34.738244 ], [ -82.084504, 34.738251 ], [ -82.084538, 34.738256 ], [ -82.084669, 34.738254 ], [ -82.084828, 34.738212 ], [ -82.084965, 34.738134 ], [ -82.085067, 34.738027 ], [ -82.085132, 34.737896 ], [ -82.08519, 34.737781 ], [ -82.085194, 34.737771 ], [ -82.08521, 34.737748 ], [ -82.085224, 34.73773 ], [ -82.085241, 34.73771 ], [ -82.085258, 34.73769 ], [ -82.085276, 34.737672 ], [ -82.085301, 34.73765 ], [ -82.085319, 34.737636 ], [ -82.085338, 34.737621 ], [ -82.085358, 34.737608 ], [ -82.085376, 34.737598 ], [ -82.085395, 34.737587 ], [ -82.085413, 34.737579 ], [ -82.085428, 34.737574 ], [ -82.08545, 34.737567 ], [ -82.085467, 34.737563 ], [ -82.085488, 34.737559 ], [ -82.085508, 34.737556 ], [ -82.085526, 34.737554 ], [ -82.085552, 34.737552 ], [ -82.085573, 34.737551 ], [ -82.085589, 34.737551 ], [ -82.085634, 34.737551 ], [ -82.0857, 34.737553 ], [ -82.085764, 34.737556 ], [ -82.085834, 34.737562 ], [ -82.085903, 34.73757 ], [ -82.085958, 34.737576 ], [ -82.086013, 34.737585 ], [ -82.086048, 34.737591 ], [ -82.086086, 34.737598 ], [ -82.086123, 34.737606 ], [ -82.086153, 34.737614 ], [ -82.086181, 34.737622 ], [ -82.086201, 34.737628 ], [ -82.086235, 34.737639 ], [ -82.086269, 34.737652 ], [ -82.086296, 34.737663 ], [ -82.08633, 34.737678 ], [ -82.086362, 34.737695 ], [ -82.086392, 34.737711 ], [ -82.086428, 34.737733 ], [ -82.086452, 34.737748 ], [ -82.086487, 34.737771 ], [ -82.086519, 34.737795 ], [ -82.086575, 34.73785 ], [ -82.086653, 34.737937 ], [ -82.086673, 34.737968 ], [ -82.086757, 34.738132 ], [ -82.086807, 34.738267 ], [ -82.086817, 34.738338 ], [ -82.086817, 34.738409 ], [ -82.086799, 34.738514 ], [ -82.08675, 34.738613 ], [ -82.086711, 34.738677 ], [ -82.086664, 34.738736 ], [ -82.086646, 34.738768 ], [ -82.086569, 34.738853 ], [ -82.086537, 34.738878 ], [ -82.086485, 34.738935 ], [ -82.086043, 34.739327 ], [ -82.08594, 34.739441 ], [ -82.085853, 34.739564 ], [ -82.085791, 34.739697 ], [ -82.085783, 34.739732 ], [ -82.085763, 34.739944 ], [ -82.085762, 34.739967 ], [ -82.085756, 34.740066 ], [ -82.085746, 34.740227 ], [ -82.085735, 34.740333 ], [ -82.085734, 34.740404 ], [ -82.085747, 34.740474 ], [ -82.085783, 34.740614 ], [ -82.085807, 34.740754 ], [ -82.085818, 34.740789 ], [ -82.085843, 34.740929 ], [ -82.085842, 34.740964 ], [ -82.085888, 34.741236 ], [ -82.085886, 34.741273 ], [ -82.085814, 34.741927 ], [ -82.085772, 34.742018 ], [ -82.085756, 34.742238 ], [ -82.085696, 34.742642 ], [ -82.085678, 34.74279 ], [ -82.085672, 34.742889 ], [ -82.085672, 34.742932 ], [ -82.085703, 34.743209 ], [ -82.085708, 34.743384 ], [ -82.0857, 34.743533 ], [ -82.085652, 34.743852 ], [ -82.085635, 34.743905 ], [ -82.085605, 34.743955 ], [ -82.085571, 34.743995 ], [ -82.08553, 34.744032 ], [ -82.08549, 34.744063 ], [ -82.085457, 34.744084 ], [ -82.085416, 34.744105 ], [ -82.085401, 34.744112 ], [ -82.085341, 34.744135 ], [ -82.085261, 34.74416 ], [ -82.085173, 34.744183 ], [ -82.085078, 34.744203 ], [ -82.085002, 34.744216 ], [ -82.084726, 34.744241 ], [ -82.084603, 34.744258 ], [ -82.084556, 34.744264 ], [ -82.084473, 34.744275 ], [ -82.084381, 34.744283 ], [ -82.084174, 34.744304 ], [ -82.084046, 34.744319 ], [ -82.083954, 34.744332 ], [ -82.083921, 34.744342 ], [ -82.0839, 34.744356 ], [ -82.08383, 34.744429 ], [ -82.083821, 34.744477 ], [ -82.083834, 34.744551 ], [ -82.083878, 34.744686 ], [ -82.083886, 34.744703 ], [ -82.083896, 34.744742 ], [ -82.083913, 34.74481 ], [ -82.083956, 34.744873 ], [ -82.083982, 34.744901 ], [ -82.084023, 34.744964 ], [ -82.084207, 34.745087 ], [ -82.084314, 34.745149 ], [ -82.084354, 34.745163 ], [ -82.084562, 34.745288 ], [ -82.084594, 34.745312 ], [ -82.085083, 34.745605 ], [ -82.085233, 34.745706 ], [ -82.085311, 34.745747 ], [ -82.085384, 34.745785 ], [ -82.085457, 34.745824 ], [ -82.085517, 34.745855 ], [ -82.08558, 34.745888 ], [ -82.085636, 34.745917 ], [ -82.085685, 34.745941 ], [ -82.085728, 34.745962 ], [ -82.085798, 34.745992 ], [ -82.085897, 34.746024 ], [ -82.085964, 34.74604 ], [ -82.086049, 34.746054 ], [ -82.086112, 34.74606 ], [ -82.086179, 34.746061 ], [ -82.086266, 34.746055 ], [ -82.086373, 34.746033 ], [ -82.086457, 34.746007 ], [ -82.086551, 34.745972 ], [ -82.086562, 34.745969 ], [ -82.086581, 34.74596 ], [ -82.086648, 34.74593 ], [ -82.086691, 34.745905 ], [ -82.086717, 34.745881 ], [ -82.086744, 34.745846 ], [ -82.086775, 34.745779 ], [ -82.086786, 34.74572 ], [ -82.08679, 34.745589 ], [ -82.086792, 34.745484 ], [ -82.086794, 34.745426 ], [ -82.086797, 34.745373 ], [ -82.086798, 34.745358 ], [ -82.086804, 34.745304 ], [ -82.086808, 34.745287 ], [ -82.086813, 34.745272 ], [ -82.086823, 34.745252 ], [ -82.086861, 34.745213 ], [ -82.086895, 34.745184 ], [ -82.086914, 34.745172 ], [ -82.086943, 34.745161 ], [ -82.087, 34.745149 ], [ -82.08706, 34.745141 ], [ -82.087103, 34.745139 ], [ -82.087175, 34.745143 ], [ -82.087222, 34.745152 ], [ -82.087358, 34.745191 ], [ -82.087548, 34.745247 ], [ -82.087655, 34.745269 ], [ -82.08767, 34.745272 ], [ -82.088099, 34.745357 ], [ -82.088188, 34.745372 ], [ -82.088713, 34.745445 ], [ -82.089151, 34.745446 ], [ -82.089428, 34.745441 ], [ -82.089926, 34.745451 ], [ -82.090169, 34.745454 ], [ -82.090496, 34.745459 ], [ -82.090906, 34.745415 ], [ -82.09097, 34.745403 ], [ -82.091084, 34.745374 ], [ -82.091267, 34.745318 ], [ -82.091387, 34.745276 ], [ -82.091456, 34.745249 ], [ -82.091675, 34.745155 ], [ -82.091999, 34.745011 ], [ -82.092071, 34.744986 ], [ -82.092231, 34.744942 ], [ -82.092392, 34.744906 ], [ -82.092512, 34.744886 ], [ -82.092606, 34.744874 ], [ -82.09268, 34.744866 ], [ -82.092766, 34.744861 ], [ -82.092826, 34.744861 ], [ -82.092905, 34.744865 ], [ -82.093013, 34.744875 ], [ -82.093111, 34.744887 ], [ -82.093207, 34.744904 ], [ -82.093404, 34.744948 ], [ -82.093533, 34.744979 ], [ -82.09372, 34.745073 ], [ -82.09392, 34.745147 ], [ -82.094116, 34.745227 ], [ -82.094321, 34.745292 ], [ -82.094446, 34.745324 ], [ -82.094658, 34.74537 ], [ -82.094917, 34.745413 ], [ -82.095196, 34.745447 ], [ -82.095311, 34.74546 ], [ -82.095349, 34.745459 ], [ -82.09584, 34.74548 ], [ -82.096017, 34.745488 ], [ -82.096099, 34.745496 ], [ -82.096322, 34.745519 ], [ -82.096364, 34.745528 ], [ -82.096493, 34.745546 ], [ -82.096712, 34.745563 ], [ -82.096844, 34.745559 ], [ -82.097104, 34.745529 ], [ -82.097147, 34.74552 ], [ -82.097432, 34.745429 ], [ -82.097665, 34.745329 ], [ -82.097818, 34.745259 ], [ -82.097895, 34.745201 ], [ -82.097914, 34.745187 ], [ -82.098249, 34.744945 ], [ -82.09828, 34.744919 ], [ -82.098323, 34.744882 ], [ -82.098363, 34.74485 ], [ -82.098394, 34.744829 ], [ -82.098441, 34.744805 ], [ -82.098456, 34.744798 ], [ -82.098602, 34.744658 ], [ -82.098644, 34.744639 ], [ -82.098661, 34.744631 ], [ -82.098719, 34.744608 ], [ -82.098834, 34.744561 ], [ -82.098912, 34.744529 ], [ -82.098933, 34.744521 ], [ -82.098987, 34.744501 ], [ -82.099106, 34.74446 ], [ -82.099221, 34.744421 ], [ -82.099266, 34.744407 ], [ -82.099349, 34.744381 ], [ -82.099497, 34.744339 ], [ -82.099604, 34.744309 ], [ -82.099765, 34.744264 ], [ -82.099952, 34.744214 ], [ -82.100209, 34.744146 ], [ -82.100365, 34.744104 ], [ -82.100421, 34.744089 ], [ -82.10052, 34.744063 ], [ -82.100573, 34.744054 ], [ -82.100818, 34.744038 ], [ -82.100847, 34.744036 ], [ -82.100922, 34.744034 ], [ -82.10097, 34.744033 ], [ -82.101008, 34.744034 ], [ -82.101052, 34.744035 ], [ -82.10107, 34.744036 ], [ -82.101096, 34.74404 ], [ -82.101138, 34.74405 ], [ -82.10115, 34.744054 ], [ -82.101189, 34.744069 ], [ -82.101227, 34.744084 ], [ -82.1013, 34.744112 ], [ -82.101467, 34.744198 ], [ -82.101571, 34.744268 ], [ -82.101699, 34.744375 ], [ -82.101713, 34.744387 ], [ -82.101818, 34.744474 ], [ -82.101854, 34.744504 ], [ -82.102033, 34.744637 ], [ -82.102195, 34.744751 ], [ -82.102382, 34.744875 ], [ -82.102614, 34.745019 ], [ -82.102805, 34.745139 ], [ -82.10294, 34.745231 ], [ -82.103276, 34.745464 ], [ -82.103513, 34.745632 ], [ -82.103574, 34.745681 ], [ -82.103641, 34.74574 ], [ -82.103698, 34.74579 ], [ -82.103759, 34.74585 ], [ -82.103779, 34.745871 ], [ -82.103828, 34.745926 ], [ -82.103861, 34.745965 ], [ -82.103886, 34.745999 ], [ -82.103927, 34.746054 ], [ -82.104002, 34.746185 ], [ -82.104053, 34.746296 ], [ -82.104066, 34.746326 ], [ -82.104106, 34.74644 ], [ -82.104121, 34.74649 ], [ -82.104136, 34.746548 ], [ -82.104144, 34.746586 ], [ -82.104152, 34.746628 ], [ -82.104159, 34.746701 ], [ -82.104161, 34.746775 ], [ -82.104165, 34.746896 ], [ -82.104163, 34.747024 ], [ -82.104162, 34.747153 ], [ -82.104151, 34.747271 ], [ -82.104125, 34.747406 ], [ -82.104078, 34.747629 ], [ -82.104055, 34.747797 ], [ -82.104037, 34.747919 ], [ -82.104016, 34.748027 ], [ -82.103995, 34.748093 ], [ -82.103983, 34.748124 ], [ -82.103904, 34.748341 ], [ -82.103872, 34.748437 ], [ -82.103828, 34.748569 ], [ -82.103794, 34.74868 ], [ -82.103771, 34.748798 ], [ -82.103761, 34.748981 ], [ -82.103759, 34.749006 ], [ -82.103762, 34.749067 ], [ -82.103762, 34.749089 ], [ -82.103763, 34.749099 ], [ -82.103766, 34.74916 ], [ -82.103782, 34.749276 ], [ -82.103794, 34.749316 ], [ -82.103804, 34.749352 ], [ -82.103816, 34.749385 ], [ -82.103825, 34.749424 ], [ -82.103834, 34.74945 ], [ -82.103849, 34.749491 ], [ -82.103859, 34.749516 ], [ -82.103871, 34.749543 ], [ -82.103897, 34.749602 ], [ -82.103915, 34.749643 ], [ -82.103968, 34.749739 ], [ -82.104092, 34.749912 ], [ -82.104115, 34.749944 ], [ -82.104143, 34.749994 ], [ -82.104178, 34.750055 ], [ -82.104204, 34.750094 ], [ -82.104241, 34.750134 ], [ -82.104303, 34.750194 ], [ -82.104371, 34.750258 ], [ -82.104452, 34.750333 ], [ -82.104563, 34.750436 ], [ -82.104593, 34.750464 ], [ -82.104754, 34.750602 ], [ -82.104813, 34.750653 ], [ -82.104921, 34.750749 ], [ -82.105004, 34.750826 ], [ -82.105027, 34.750848 ], [ -82.105092, 34.750911 ], [ -82.105149, 34.750966 ], [ -82.105192, 34.751008 ], [ -82.105253, 34.751067 ], [ -82.105316, 34.751128 ], [ -82.105369, 34.751179 ], [ -82.105418, 34.751227 ], [ -82.105498, 34.751304 ], [ -82.105543, 34.751347 ], [ -82.10559, 34.751392 ], [ -82.105616, 34.751417 ], [ -82.105639, 34.751437 ], [ -82.105671, 34.751466 ], [ -82.105686, 34.751479 ], [ -82.105717, 34.751505 ], [ -82.105745, 34.751528 ], [ -82.105782, 34.751557 ], [ -82.105859, 34.751607 ], [ -82.105896, 34.751631 ], [ -82.106034, 34.75169 ], [ -82.106055, 34.751697 ], [ -82.106287, 34.751768 ], [ -82.10631, 34.751776 ], [ -82.106395, 34.751807 ], [ -82.106548, 34.751861 ], [ -82.106578, 34.751869 ], [ -82.106724, 34.751906 ], [ -82.106764, 34.751917 ], [ -82.106913, 34.75196 ], [ -82.106977, 34.751987 ], [ -82.106994, 34.751994 ], [ -82.107095, 34.752037 ], [ -82.107214, 34.752086 ], [ -82.107377, 34.752155 ], [ -82.107544, 34.752243 ], [ -82.107568, 34.75226 ], [ -82.10759, 34.752278 ], [ -82.107608, 34.752296 ], [ -82.107627, 34.752317 ], [ -82.107679, 34.75238 ], [ -82.107757, 34.752477 ], [ -82.107915, 34.752676 ], [ -82.107932, 34.752697 ], [ -82.107974, 34.75277 ], [ -82.108051, 34.752935 ], [ -82.108105, 34.753032 ], [ -82.108125, 34.753067 ], [ -82.10813, 34.753076 ], [ -82.108155, 34.75312 ], [ -82.108179, 34.753164 ], [ -82.108279, 34.753353 ], [ -82.108317, 34.753433 ], [ -82.108346, 34.75351 ], [ -82.108407, 34.753694 ], [ -82.108434, 34.75376 ], [ -82.108483, 34.753878 ], [ -82.108517, 34.753971 ], [ -82.108535, 34.75402 ], [ -82.108524, 34.754083 ], [ -82.108515, 34.754121 ], [ -82.108559, 34.754209 ], [ -82.108603, 34.754323 ], [ -82.108616, 34.754393 ], [ -82.108614, 34.754465 ], [ -82.108562, 34.754747 ], [ -82.108539, 34.754816 ], [ -82.10849, 34.755026 ], [ -82.108487, 34.755042 ], [ -82.10847, 34.755131 ], [ -82.108466, 34.755184 ], [ -82.108512, 34.755322 ], [ -82.10853, 34.755354 ], [ -82.108662, 34.755539 ], [ -82.108941, 34.755815 ], [ -82.10903, 34.755908 ], [ -82.10917, 34.756046 ], [ -82.109236, 34.756125 ], [ -82.109289, 34.756187 ], [ -82.109314, 34.756213 ], [ -82.109352, 34.756244 ], [ -82.109373, 34.756258 ], [ -82.109491, 34.756314 ], [ -82.109607, 34.756343 ], [ -82.109732, 34.756351 ], [ -82.10986, 34.756342 ], [ -82.109878, 34.756339 ], [ -82.109927, 34.756331 ], [ -82.109951, 34.75633 ], [ -82.110066, 34.756314 ], [ -82.110081, 34.756312 ], [ -82.110123, 34.756302 ], [ -82.110178, 34.756282 ], [ -82.110243, 34.756258 ], [ -82.110316, 34.756219 ], [ -82.110348, 34.756187 ], [ -82.110357, 34.756179 ], [ -82.110432, 34.756131 ], [ -82.110498, 34.756077 ], [ -82.110593, 34.755994 ], [ -82.110723, 34.755874 ], [ -82.110736, 34.755857 ], [ -82.110859, 34.75565 ], [ -82.111032, 34.755356 ], [ -82.111116, 34.755203 ], [ -82.111197, 34.755027 ], [ -82.111247, 34.754887 ], [ -82.111316, 34.754673 ], [ -82.111355, 34.754548 ], [ -82.111477, 34.754268 ], [ -82.111542, 34.754097 ], [ -82.111622, 34.75382 ], [ -82.111655, 34.753643 ], [ -82.111661, 34.753464 ], [ -82.111638, 34.75318 ], [ -82.111626, 34.753109 ], [ -82.111585, 34.752934 ], [ -82.111497, 34.752621 ], [ -82.111433, 34.75245 ], [ -82.111313, 34.751984 ], [ -82.111192, 34.751716 ], [ -82.111072, 34.751477 ], [ -82.111005, 34.751352 ], [ -82.110769, 34.750973 ], [ -82.110651, 34.750743 ], [ -82.110604, 34.750649 ], [ -82.110571, 34.750577 ], [ -82.110562, 34.750551 ], [ -82.110554, 34.750518 ], [ -82.110552, 34.750498 ], [ -82.110556, 34.750388 ], [ -82.110556, 34.750371 ], [ -82.110559, 34.750356 ], [ -82.110561, 34.750347 ], [ -82.110634, 34.750179 ], [ -82.110787, 34.749884 ], [ -82.110925, 34.749702 ], [ -82.111062, 34.749563 ], [ -82.111179, 34.749456 ], [ -82.111354, 34.749307 ], [ -82.111363, 34.7493 ], [ -82.111436, 34.74926 ], [ -82.111626, 34.74917 ], [ -82.111865, 34.74908 ], [ -82.112029, 34.749027 ], [ -82.112112, 34.749004 ], [ -82.112335, 34.74896 ], [ -82.112412, 34.748952 ], [ -82.112572, 34.748933 ], [ -82.112798, 34.748905 ], [ -82.113136, 34.748863 ], [ -82.113274, 34.748855 ], [ -82.113407, 34.748849 ], [ -82.113567, 34.748843 ], [ -82.113904, 34.748832 ], [ -82.114008, 34.748832 ], [ -82.114239, 34.748837 ], [ -82.114424, 34.748843 ], [ -82.11465, 34.748852 ], [ -82.114756, 34.748857 ], [ -82.114914, 34.748869 ], [ -82.115033, 34.748878 ], [ -82.115181, 34.748896 ], [ -82.115245, 34.748904 ], [ -82.115364, 34.74893 ], [ -82.115486, 34.748992 ], [ -82.115545, 34.749031 ], [ -82.115622, 34.749081 ], [ -82.115874, 34.749224 ], [ -82.11594, 34.749271 ], [ -82.116032, 34.749346 ], [ -82.11604, 34.749355 ], [ -82.116268, 34.749605 ], [ -82.116362, 34.749724 ], [ -82.116392, 34.74975 ], [ -82.116472, 34.749835 ], [ -82.116536, 34.749929 ], [ -82.116631, 34.750089 ], [ -82.11669, 34.750224 ], [ -82.116739, 34.75036 ], [ -82.116864, 34.750628 ], [ -82.116901, 34.75073 ], [ -82.11702, 34.751109 ], [ -82.117077, 34.751244 ], [ -82.117194, 34.751551 ], [ -82.117334, 34.751999 ], [ -82.117477, 34.75241 ], [ -82.117635, 34.752817 ], [ -82.117667, 34.752884 ], [ -82.1178, 34.753108 ], [ -82.117875, 34.753197 ], [ -82.118136, 34.753468 ], [ -82.118337, 34.753702 ], [ -82.118482, 34.75388 ], [ -82.118632, 34.754056 ], [ -82.118678, 34.754116 ], [ -82.118828, 34.754333 ], [ -82.118968, 34.754549 ], [ -82.118992, 34.754586 ], [ -82.11916, 34.754794 ], [ -82.119204, 34.754855 ], [ -82.119321, 34.755019 ], [ -82.119629, 34.755453 ], [ -82.119698, 34.755663 ], [ -82.119753, 34.755811 ], [ -82.119827, 34.756003 ], [ -82.119913, 34.756214 ], [ -82.119996, 34.756399 ], [ -82.120127, 34.75664 ], [ -82.120213, 34.756794 ], [ -82.120297, 34.756972 ], [ -82.120352, 34.757103 ], [ -82.120395, 34.757239 ], [ -82.120432, 34.757348 ], [ -82.120463, 34.757419 ], [ -82.120531, 34.757562 ], [ -82.120589, 34.757678 ], [ -82.12062, 34.757736 ], [ -82.120663, 34.757798 ], [ -82.120747, 34.757885 ], [ -82.120806, 34.757938 ], [ -82.120893, 34.758011 ], [ -82.120999, 34.758093 ], [ -82.121087, 34.758152 ], [ -82.121214, 34.758219 ], [ -82.121407, 34.758292 ], [ -82.12153, 34.758329 ], [ -82.121635, 34.758361 ], [ -82.121937, 34.75844 ], [ -82.122143, 34.758503 ], [ -82.122262, 34.758549 ], [ -82.122452, 34.758632 ], [ -82.122722, 34.758751 ], [ -82.122945, 34.758866 ], [ -82.123116, 34.758978 ], [ -82.123246, 34.759074 ], [ -82.123308, 34.759125 ], [ -82.123466, 34.759296 ], [ -82.123513, 34.759356 ], [ -82.123598, 34.759481 ], [ -82.123675, 34.759609 ], [ -82.123723, 34.759716 ], [ -82.123766, 34.759809 ], [ -82.123777, 34.759847 ], [ -82.123866, 34.760051 ], [ -82.124104, 34.76055 ], [ -82.124128, 34.760596 ], [ -82.124134, 34.760607 ], [ -82.124294, 34.760911 ], [ -82.124492, 34.7613 ], [ -82.124629, 34.761571 ], [ -82.124707, 34.761775 ], [ -82.124715, 34.761803 ], [ -82.12472, 34.76182 ], [ -82.124905, 34.762161 ], [ -82.125081, 34.763085 ], [ -82.125097, 34.763172 ], [ -82.125155, 34.763479 ], [ -82.12546, 34.764162 ], [ -82.125504, 34.764201 ], [ -82.125514, 34.764227 ], [ -82.125524, 34.764246 ], [ -82.125538, 34.764264 ], [ -82.125589, 34.764308 ], [ -82.125674, 34.764374 ], [ -82.125802, 34.764493 ], [ -82.125886, 34.764569 ], [ -82.125993, 34.764663 ], [ -82.126103, 34.764759 ], [ -82.126241, 34.764891 ], [ -82.126337, 34.76498 ], [ -82.126609, 34.765208 ], [ -82.12676, 34.765334 ], [ -82.126895, 34.76545 ], [ -82.127018, 34.765569 ], [ -82.127093, 34.765647 ], [ -82.127145, 34.765711 ], [ -82.127184, 34.765769 ], [ -82.127244, 34.765885 ], [ -82.127311, 34.766037 ], [ -82.127343, 34.76613 ], [ -82.12738, 34.766268 ], [ -82.127414, 34.766415 ], [ -82.127459, 34.766634 ], [ -82.127476, 34.766725 ], [ -82.127528, 34.767042 ], [ -82.127564, 34.767229 ], [ -82.12758, 34.767296 ], [ -82.127607, 34.767369 ], [ -82.127636, 34.767442 ], [ -82.127679, 34.767549 ], [ -82.12776, 34.767778 ], [ -82.127795, 34.767858 ], [ -82.127848, 34.767953 ], [ -82.127878, 34.768008 ], [ -82.127944, 34.768113 ], [ -82.127996, 34.768189 ], [ -82.128055, 34.768263 ], [ -82.128078, 34.768292 ], [ -82.128162, 34.768378 ], [ -82.128308, 34.768504 ], [ -82.128424, 34.768594 ], [ -82.128532, 34.768669 ], [ -82.128832, 34.768825 ], [ -82.129012, 34.768904 ], [ -82.129235, 34.768964 ], [ -82.129656, 34.769077 ], [ -82.129897, 34.769142 ], [ -82.129964, 34.76916 ], [ -82.129994, 34.769172 ], [ -82.13002, 34.769182 ], [ -82.130073, 34.769205 ], [ -82.130383, 34.769344 ], [ -82.13044, 34.769387 ], [ -82.130489, 34.769436 ], [ -82.130527, 34.769492 ], [ -82.130554, 34.769551 ], [ -82.130569, 34.769614 ], [ -82.130573, 34.769677 ], [ -82.13058, 34.769756 ], [ -82.130593, 34.769881 ], [ -82.130622, 34.770185 ], [ -82.13064, 34.770369 ], [ -82.130681, 34.770792 ], [ -82.130692, 34.770906 ], [ -82.130699, 34.770965 ], [ -82.130716, 34.771106 ], [ -82.130717, 34.771291 ], [ -82.130697, 34.771475 ], [ -82.130656, 34.771657 ], [ -82.130594, 34.771834 ], [ -82.130574, 34.771876 ], [ -82.130511, 34.772006 ], [ -82.130444, 34.772142 ], [ -82.130399, 34.772283 ], [ -82.130394, 34.772319 ], [ -82.130353, 34.772386 ], [ -82.130357, 34.772658 ], [ -82.130644, 34.773209 ], [ -82.130677, 34.77326 ], [ -82.130709, 34.773304 ], [ -82.130747, 34.773354 ], [ -82.130841, 34.77347 ], [ -82.130888, 34.773523 ], [ -82.130922, 34.77356 ], [ -82.130965, 34.773603 ], [ -82.131031, 34.773669 ], [ -82.131103, 34.773719 ], [ -82.131184, 34.773759 ], [ -82.131272, 34.773789 ], [ -82.131364, 34.773807 ], [ -82.131459, 34.773814 ], [ -82.131553, 34.773808 ], [ -82.131666, 34.773788 ], [ -82.131776, 34.773758 ], [ -82.131881, 34.773718 ], [ -82.131917, 34.7737 ], [ -82.132315, 34.773415 ], [ -82.132328, 34.773388 ], [ -82.132384, 34.773327 ], [ -82.132405, 34.773304 ], [ -82.132502, 34.773167 ], [ -82.132577, 34.773021 ], [ -82.13263, 34.772868 ], [ -82.132659, 34.772711 ], [ -82.13268, 34.772529 ], [ -82.132726, 34.772349 ], [ -82.132796, 34.772175 ], [ -82.13288, 34.772023 ], [ -82.132911, 34.771977 ], [ -82.133002, 34.771852 ], [ -82.133137, 34.771706 ], [ -82.133204, 34.771652 ], [ -82.133283, 34.771608 ], [ -82.133369, 34.771578 ], [ -82.133461, 34.77156 ], [ -82.133607, 34.771555 ], [ -82.133674, 34.771561 ], [ -82.133752, 34.771569 ], [ -82.133892, 34.771603 ], [ -82.134017, 34.771653 ], [ -82.134072, 34.771682 ], [ -82.134119, 34.771707 ], [ -82.134194, 34.771755 ], [ -82.134223, 34.771773 ], [ -82.134313, 34.771841 ], [ -82.134395, 34.771916 ], [ -82.134443, 34.771967 ], [ -82.134617, 34.772155 ], [ -82.134716, 34.77226 ], [ -82.135027, 34.772595 ], [ -82.135183, 34.772824 ], [ -82.135197, 34.772844 ], [ -82.13535, 34.773068 ], [ -82.135396, 34.773172 ], [ -82.135426, 34.77328 ], [ -82.135439, 34.77339 ], [ -82.135438, 34.77344 ], [ -82.135437, 34.773454 ], [ -82.135473, 34.773525 ], [ -82.135527, 34.773775 ], [ -82.135551, 34.773869 ], [ -82.135225, 34.774439 ], [ -82.134088, 34.775266 ], [ -82.133825, 34.775431 ], [ -82.133609, 34.775588 ], [ -82.133374, 34.77599 ], [ -82.133113, 34.77651 ], [ -82.133071, 34.776593 ], [ -82.133029, 34.776667 ], [ -82.132968, 34.776774 ], [ -82.132865, 34.776954 ], [ -82.132847, 34.776986 ], [ -82.132765, 34.777129 ], [ -82.132507, 34.77748 ], [ -82.132481, 34.777515 ], [ -82.132291, 34.777804 ], [ -82.132212, 34.777922 ], [ -82.132065, 34.778088 ], [ -82.132034, 34.778124 ], [ -82.132007, 34.778154 ], [ -82.13193, 34.778235 ], [ -82.131873, 34.778328 ], [ -82.131812, 34.778466 ], [ -82.131829, 34.778534 ], [ -82.131842, 34.778633 ], [ -82.13188, 34.778731 ], [ -82.131939, 34.778822 ], [ -82.132019, 34.778902 ], [ -82.132116, 34.778967 ], [ -82.132227, 34.779016 ], [ -82.13239, 34.779064 ], [ -82.132548, 34.779099 ], [ -82.132622, 34.779115 ], [ -82.133964, 34.779207 ], [ -82.133993, 34.779209 ], [ -82.134018, 34.7792 ], [ -82.134058, 34.779186 ], [ -82.134123, 34.779151 ], [ -82.134177, 34.779106 ], [ -82.13422, 34.779053 ], [ -82.134251, 34.77899 ], [ -82.134315, 34.778834 ], [ -82.134452, 34.778495 ], [ -82.134503, 34.778406 ], [ -82.134572, 34.778323 ], [ -82.134658, 34.778251 ], [ -82.134757, 34.778192 ], [ -82.134866, 34.778147 ], [ -82.134984, 34.778118 ], [ -82.135105, 34.778106 ], [ -82.135227, 34.778111 ], [ -82.135347, 34.778133 ], [ -82.13546, 34.778171 ], [ -82.135799, 34.778312 ], [ -82.136036, 34.778432 ], [ -82.137024, 34.778888 ], [ -82.137683, 34.779271 ], [ -82.138151, 34.77961 ], [ -82.138258, 34.779903 ], [ -82.138287, 34.779985 ], [ -82.138313, 34.780057 ], [ -82.13831, 34.78007 ], [ -82.138305, 34.780122 ], [ -82.138302, 34.780154 ], [ -82.138296, 34.780175 ], [ -82.13829, 34.780199 ], [ -82.138285, 34.780217 ], [ -82.138278, 34.780243 ], [ -82.138259, 34.780286 ], [ -82.138238, 34.780331 ], [ -82.138229, 34.780379 ], [ -82.138216, 34.780452 ], [ -82.138209, 34.780489 ], [ -82.138208, 34.780544 ], [ -82.138206, 34.780611 ], [ -82.138205, 34.780649 ], [ -82.138227, 34.780807 ], [ -82.138252, 34.780892 ], [ -82.138273, 34.780962 ], [ -82.138309, 34.781038 ], [ -82.13834, 34.781104 ], [ -82.138404, 34.781201 ], [ -82.138414, 34.781214 ], [ -82.138416, 34.781307 ], [ -82.138579, 34.781601 ], [ -82.138872, 34.782161 ], [ -82.139072, 34.782905 ], [ -82.139284, 34.783216 ], [ -82.139326, 34.783237 ], [ -82.139415, 34.783263 ], [ -82.139509, 34.783272 ], [ -82.139602, 34.783264 ], [ -82.139692, 34.783239 ], [ -82.139772, 34.783198 ], [ -82.13984, 34.783144 ], [ -82.139914, 34.783062 ], [ -82.139967, 34.782989 ], [ -82.140017, 34.782955 ], [ -82.140063, 34.782877 ], [ -82.140169, 34.782781 ], [ -82.140248, 34.782635 ], [ -82.140258, 34.782614 ], [ -82.140177, 34.78197 ], [ -82.140148, 34.781873 ], [ -82.140152, 34.781728 ], [ -82.140165, 34.781672 ], [ -82.140194, 34.781621 ], [ -82.140237, 34.781577 ], [ -82.140293, 34.781543 ], [ -82.140356, 34.781522 ], [ -82.140424, 34.781515 ], [ -82.140493, 34.781521 ], [ -82.140631, 34.781546 ], [ -82.140775, 34.781602 ], [ -82.140829, 34.781617 ], [ -82.141099, 34.781707 ], [ -82.141178, 34.781739 ], [ -82.141354, 34.781809 ], [ -82.141604, 34.781926 ], [ -82.141844, 34.782056 ], [ -82.141935, 34.782112 ], [ -82.142078, 34.782201 ], [ -82.142292, 34.782353 ], [ -82.142432, 34.782465 ], [ -82.142498, 34.782518 ], [ -82.142529, 34.782557 ], [ -82.14257, 34.782584 ], [ -82.142992, 34.783469 ], [ -82.143101, 34.783694 ], [ -82.14313, 34.783833 ], [ -82.143157, 34.784035 ], [ -82.143209, 34.784163 ], [ -82.143277, 34.784273 ], [ -82.143288, 34.784289 ], [ -82.14338, 34.784393 ], [ -82.143495, 34.784489 ], [ -82.143626, 34.784569 ], [ -82.143771, 34.784631 ], [ -82.14398, 34.784719 ], [ -82.144408, 34.7849 ], [ -82.144935, 34.785122 ], [ -82.145133, 34.785146 ], [ -82.145287, 34.785156 ], [ -82.145333, 34.785158 ], [ -82.145507, 34.785193 ], [ -82.145587, 34.785208 ], [ -82.145828, 34.785223 ], [ -82.146269, 34.785251 ], [ -82.146326, 34.785255 ], [ -82.146354, 34.785257 ], [ -82.146411, 34.785261 ], [ -82.146561, 34.785274 ], [ -82.146591, 34.785282 ], [ -82.146718, 34.785315 ], [ -82.146884, 34.785404 ], [ -82.146956, 34.785439 ], [ -82.147165, 34.785533 ], [ -82.147275, 34.78558 ], [ -82.147453, 34.785653 ], [ -82.147597, 34.785763 ], [ -82.147718, 34.785908 ], [ -82.147784, 34.786005 ], [ -82.147846, 34.786122 ], [ -82.147932, 34.786204 ], [ -82.148027, 34.786237 ], [ -82.148139, 34.786252 ], [ -82.14823, 34.786232 ], [ -82.14826, 34.786211 ], [ -82.148301, 34.786181 ], [ -82.148363, 34.786107 ], [ -82.148373, 34.786095 ], [ -82.148439, 34.785998 ], [ -82.148514, 34.785848 ], [ -82.148551, 34.785719 ], [ -82.148578, 34.785628 ], [ -82.148638, 34.785385 ], [ -82.148689, 34.785191 ], [ -82.14873, 34.785 ], [ -82.148759, 34.784869 ], [ -82.148786, 34.784694 ], [ -82.148788, 34.784679 ], [ -82.148791, 34.784669 ], [ -82.148825, 34.784415 ], [ -82.148886, 34.784259 ], [ -82.148956, 34.784151 ], [ -82.149096, 34.78394 ], [ -82.149146, 34.783913 ], [ -82.149193, 34.783899 ], [ -82.149239, 34.783899 ], [ -82.149276, 34.783889 ], [ -82.149307, 34.783874 ], [ -82.149468, 34.78372 ], [ -82.149477, 34.7837 ], [ -82.149497, 34.783641 ], [ -82.149519, 34.783593 ], [ -82.149588, 34.783533 ], [ -82.149672, 34.783499 ], [ -82.149837, 34.78345 ], [ -82.149977, 34.783418 ], [ -82.150117, 34.783417 ], [ -82.150226, 34.783361 ], [ -82.15043, 34.783162 ], [ -82.150511, 34.783043 ], [ -82.150534, 34.78301 ], [ -82.150614, 34.782882 ], [ -82.150678, 34.782777 ], [ -82.150766, 34.782658 ], [ -82.15089, 34.782562 ], [ -82.150918, 34.782515 ], [ -82.150942, 34.782442 ], [ -82.150965, 34.782385 ], [ -82.15097, 34.782285 ], [ -82.150969, 34.782207 ], [ -82.150971, 34.782191 ], [ -82.150978, 34.782127 ], [ -82.151002, 34.782064 ], [ -82.151063, 34.781989 ], [ -82.151173, 34.7819 ], [ -82.151318, 34.781812 ], [ -82.1515, 34.781742 ], [ -82.151584, 34.78172 ], [ -82.151656, 34.7817 ], [ -82.151815, 34.781685 ], [ -82.15199, 34.781686 ], [ -82.152218, 34.781698 ], [ -82.152463, 34.78176 ], [ -82.152647, 34.781811 ], [ -82.152942, 34.7819 ], [ -82.153003, 34.781916 ], [ -82.153049, 34.781929 ], [ -82.153492, 34.782033 ], [ -82.153718, 34.782128 ], [ -82.153843, 34.782188 ], [ -82.153908, 34.782258 ], [ -82.153923, 34.782335 ], [ -82.153903, 34.782395 ], [ -82.153845, 34.782456 ], [ -82.153734, 34.782529 ], [ -82.153643, 34.782605 ], [ -82.153618, 34.782674 ], [ -82.1536, 34.782744 ], [ -82.153629, 34.782841 ], [ -82.153695, 34.78291 ], [ -82.153729, 34.782925 ], [ -82.153801, 34.782957 ], [ -82.154065, 34.783022 ], [ -82.154179, 34.783072 ], [ -82.154255, 34.783182 ], [ -82.154326, 34.783321 ], [ -82.154378, 34.783484 ], [ -82.154429, 34.783653 ], [ -82.15448, 34.783857 ], [ -82.154499, 34.783994 ], [ -82.154463, 34.784129 ], [ -82.154413, 34.784231 ], [ -82.154312, 34.784317 ], [ -82.154272, 34.784351 ], [ -82.154195, 34.784507 ], [ -82.154188, 34.784563 ], [ -82.154179, 34.784632 ], [ -82.154153, 34.784774 ], [ -82.154099, 34.784909 ], [ -82.154114, 34.784999 ], [ -82.154133, 34.785039 ], [ -82.154168, 34.785111 ], [ -82.154249, 34.785225 ], [ -82.154296, 34.785345 ], [ -82.154318, 34.78543 ], [ -82.154305, 34.785516 ], [ -82.154275, 34.785585 ], [ -82.154204, 34.785681 ], [ -82.154073, 34.785753 ], [ -82.153999, 34.785788 ], [ -82.153918, 34.785823 ], [ -82.153752, 34.785908 ], [ -82.153611, 34.785998 ], [ -82.153474, 34.786128 ], [ -82.153389, 34.786252 ], [ -82.153377, 34.786366 ], [ -82.153288, 34.786507 ], [ -82.15327, 34.786688 ], [ -82.153267, 34.786712 ], [ -82.15326, 34.786789 ], [ -82.153255, 34.786846 ], [ -82.153236, 34.786966 ], [ -82.153192, 34.787098 ], [ -82.153148, 34.78719 ], [ -82.153115, 34.787259 ], [ -82.153096, 34.787287 ], [ -82.153036, 34.787377 ], [ -82.152983, 34.787495 ], [ -82.152981, 34.787604 ], [ -82.153034, 34.78769 ], [ -82.153146, 34.787745 ], [ -82.15342, 34.787757 ], [ -82.153618, 34.78773 ], [ -82.153795, 34.787686 ], [ -82.153935, 34.787661 ], [ -82.154078, 34.787657 ], [ -82.154244, 34.787713 ], [ -82.154459, 34.787861 ], [ -82.154745, 34.788035 ], [ -82.154875, 34.788139 ], [ -82.154995, 34.788289 ], [ -82.155031, 34.788406 ], [ -82.155021, 34.788578 ], [ -82.155001, 34.788738 ], [ -82.154975, 34.788907 ], [ -82.154967, 34.789019 ], [ -82.154989, 34.789151 ], [ -82.155029, 34.789279 ], [ -82.155111, 34.789382 ], [ -82.155258, 34.789495 ], [ -82.155333, 34.789537 ], [ -82.155349, 34.789545 ], [ -82.155363, 34.789548 ], [ -82.155506, 34.789579 ], [ -82.155773, 34.78961 ], [ -82.156191, 34.789643 ], [ -82.15635, 34.789659 ], [ -82.156523, 34.7897 ], [ -82.156646, 34.789785 ], [ -82.156758, 34.789891 ], [ -82.156872, 34.790042 ], [ -82.156908, 34.790146 ], [ -82.156915, 34.79033 ], [ -82.156891, 34.790685 ], [ -82.156832, 34.790957 ], [ -82.156775, 34.791078 ], [ -82.156783, 34.79122 ], [ -82.15679, 34.791239 ], [ -82.156888, 34.791473 ], [ -82.156926, 34.791628 ], [ -82.156944, 34.79182 ], [ -82.156932, 34.791955 ], [ -82.156917, 34.792043 ], [ -82.15691, 34.79209 ], [ -82.156917, 34.792261 ], [ -82.15698, 34.792402 ], [ -82.157078, 34.792503 ], [ -82.157177, 34.792577 ], [ -82.157329, 34.792625 ], [ -82.157419, 34.792622 ], [ -82.157731, 34.79258 ], [ -82.157847, 34.792451 ], [ -82.157871, 34.792429 ], [ -82.157951, 34.792351 ], [ -82.157995, 34.792309 ], [ -82.158104, 34.79217 ], [ -82.158224, 34.792038 ], [ -82.158389, 34.791907 ], [ -82.158549, 34.791691 ], [ -82.158658, 34.791581 ], [ -82.158792, 34.791454 ], [ -82.15889, 34.791293 ], [ -82.158935, 34.791193 ], [ -82.158965, 34.791159 ], [ -82.159155, 34.790641 ], [ -82.159184, 34.790525 ], [ -82.159246, 34.790379 ], [ -82.159304, 34.790339 ], [ -82.159384, 34.790309 ], [ -82.159498, 34.790311 ], [ -82.159627, 34.790336 ], [ -82.159718, 34.790389 ], [ -82.159827, 34.790497 ], [ -82.159911, 34.790639 ], [ -82.160067, 34.790961 ], [ -82.160201, 34.791195 ], [ -82.160331, 34.791368 ], [ -82.160454, 34.7915 ], [ -82.160547, 34.791675 ], [ -82.160671, 34.791795 ], [ -82.160782, 34.791879 ], [ -82.160873, 34.792019 ], [ -82.160953, 34.792187 ], [ -82.161029, 34.792398 ], [ -82.161062, 34.792558 ], [ -82.161095, 34.792659 ], [ -82.161107, 34.792693 ], [ -82.16112, 34.792735 ], [ -82.161223, 34.792929 ], [ -82.161301, 34.793025 ], [ -82.161413, 34.793104 ], [ -82.161598, 34.793171 ], [ -82.161631, 34.79318 ], [ -82.161868, 34.793246 ], [ -82.161936, 34.793265 ], [ -82.161979, 34.793278 ], [ -82.16211, 34.793318 ], [ -82.162222, 34.79336 ], [ -82.162357, 34.793399 ], [ -82.162455, 34.793467 ], [ -82.162467, 34.793476 ], [ -82.162558, 34.793552 ], [ -82.162652, 34.793638 ], [ -82.162737, 34.79371 ], [ -82.162796, 34.793758 ], [ -82.162877, 34.793875 ], [ -82.162917, 34.793995 ], [ -82.162958, 34.794135 ], [ -82.162986, 34.79424 ], [ -82.163003, 34.794435 ], [ -82.163039, 34.794551 ], [ -82.163097, 34.794694 ], [ -82.16314, 34.794828 ], [ -82.16323, 34.794952 ], [ -82.16334, 34.795048 ], [ -82.16342, 34.795104 ], [ -82.163439, 34.795117 ], [ -82.163459, 34.795131 ], [ -82.163538, 34.795186 ], [ -82.163924, 34.795455 ], [ -82.164197, 34.795639 ], [ -82.164485, 34.795874 ], [ -82.164672, 34.796019 ], [ -82.164838, 34.796183 ], [ -82.165059, 34.79642 ], [ -82.16516, 34.796521 ], [ -82.165175, 34.796537 ], [ -82.165249, 34.79661 ], [ -82.165317, 34.796642 ], [ -82.165376, 34.796664 ], [ -82.165435, 34.796683 ], [ -82.165551, 34.79683 ], [ -82.165611, 34.796884 ], [ -82.165715, 34.796932 ], [ -82.165858, 34.79697 ], [ -82.165898, 34.797024 ], [ -82.165958, 34.797121 ], [ -82.166012, 34.797269 ], [ -82.166075, 34.797531 ], [ -82.166096, 34.797617 ], [ -82.166143, 34.79774 ], [ -82.166189, 34.797814 ], [ -82.166259, 34.797879 ], [ -82.166399, 34.797909 ], [ -82.166597, 34.797913 ], [ -82.166831, 34.797878 ], [ -82.16686, 34.797874 ], [ -82.167052, 34.797811 ], [ -82.167436, 34.797655 ], [ -82.16771, 34.797533 ], [ -82.167815, 34.797484 ], [ -82.167853, 34.797464 ], [ -82.167915, 34.797431 ], [ -82.168147, 34.797312 ], [ -82.168259, 34.797249 ], [ -82.168422, 34.797202 ], [ -82.168809, 34.797146 ], [ -82.168906, 34.797156 ], [ -82.169002, 34.79723 ], [ -82.16907, 34.797341 ], [ -82.169106, 34.797469 ], [ -82.169127, 34.797706 ], [ -82.16913, 34.797868 ], [ -82.169135, 34.798058 ], [ -82.169125, 34.798295 ], [ -82.169119, 34.798425 ], [ -82.169086, 34.798534 ], [ -82.168999, 34.798633 ], [ -82.168858, 34.798746 ], [ -82.168629, 34.798894 ], [ -82.168509, 34.799014 ], [ -82.16845, 34.799093 ], [ -82.168446, 34.799187 ], [ -82.168465, 34.799307 ], [ -82.16862, 34.799582 ], [ -82.168769, 34.799898 ], [ -82.16905, 34.800529 ], [ -82.169127, 34.800707 ], [ -82.16922, 34.800971 ], [ -82.169259, 34.801184 ], [ -82.169298, 34.801294 ], [ -82.169357, 34.801437 ], [ -82.16948, 34.801621 ], [ -82.169589, 34.801734 ], [ -82.169658, 34.801805 ], [ -82.16983, 34.801944 ], [ -82.170015, 34.80206 ], [ -82.170088, 34.802126 ], [ -82.170138, 34.80217 ], [ -82.170183, 34.802244 ], [ -82.17022, 34.802307 ], [ -82.170253, 34.802427 ], [ -82.170234, 34.80253 ], [ -82.170177, 34.802608 ], [ -82.170162, 34.802628 ], [ -82.169989, 34.802715 ], [ -82.169922, 34.802739 ], [ -82.169722, 34.802812 ], [ -82.169514, 34.802888 ], [ -82.169277, 34.80296 ], [ -82.169251, 34.802965 ], [ -82.168889, 34.803027 ], [ -82.168582, 34.803069 ], [ -82.168422, 34.803091 ], [ -82.168329, 34.803095 ], [ -82.168097, 34.803105 ], [ -82.16782, 34.803097 ], [ -82.167594, 34.803073 ], [ -82.167465, 34.80305 ], [ -82.167288, 34.80302 ], [ -82.167131, 34.803017 ], [ -82.166967, 34.803044 ], [ -82.166799, 34.803052 ], [ -82.166556, 34.803015 ], [ -82.166402, 34.802973 ], [ -82.166256, 34.802892 ], [ -82.166118, 34.802775 ], [ -82.165991, 34.802579 ], [ -82.165895, 34.802452 ], [ -82.165803, 34.8023 ], [ -82.165722, 34.802218 ], [ -82.165575, 34.802159 ], [ -82.165427, 34.802143 ], [ -82.16528, 34.802147 ], [ -82.165045, 34.802195 ], [ -82.164789, 34.802266 ], [ -82.164571, 34.8023 ], [ -82.164511, 34.802296 ], [ -82.164107, 34.802268 ], [ -82.163647, 34.802209 ], [ -82.163293, 34.802151 ], [ -82.162903, 34.80209 ], [ -82.162859, 34.802084 ], [ -82.162757, 34.802076 ], [ -82.162663, 34.8021 ], [ -82.162609, 34.802149 ], [ -82.162553, 34.802222 ], [ -82.162513, 34.802235 ], [ -82.162487, 34.802387 ], [ -82.162503, 34.802604 ], [ -82.162701, 34.802818 ], [ -82.162861, 34.802958 ], [ -82.163071, 34.803122 ], [ -82.163316, 34.803334 ], [ -82.163467, 34.803484 ], [ -82.163611, 34.803675 ], [ -82.163717, 34.803826 ], [ -82.163818, 34.80399 ], [ -82.163968, 34.80426 ], [ -82.164143, 34.804555 ], [ -82.164348, 34.804877 ], [ -82.164388, 34.804925 ], [ -82.16448, 34.805036 ], [ -82.164581, 34.805136 ], [ -82.164629, 34.805244 ], [ -82.164641, 34.805371 ], [ -82.164641, 34.805506 ], [ -82.164675, 34.805562 ], [ -82.16467, 34.805709 ], [ -82.164619, 34.805994 ], [ -82.164619, 34.806048 ], [ -82.164623, 34.806181 ], [ -82.164629, 34.806292 ], [ -82.164662, 34.806409 ], [ -82.164713, 34.806552 ], [ -82.164808, 34.806671 ], [ -82.164931, 34.806804 ], [ -82.16505, 34.806883 ], [ -82.165228, 34.806945 ], [ -82.165388, 34.80696 ], [ -82.165645, 34.806958 ], [ -82.165901, 34.806924 ], [ -82.16615, 34.806876 ], [ -82.166513, 34.806787 ], [ -82.166963, 34.806671 ], [ -82.167235, 34.8066 ], [ -82.167598, 34.806467 ], [ -82.168369, 34.806199 ], [ -82.168764, 34.806038 ], [ -82.169159, 34.805897 ], [ -82.169545, 34.805796 ], [ -82.169789, 34.805732 ], [ -82.170314, 34.805618 ], [ -82.170717, 34.805515 ], [ -82.171075, 34.805413 ], [ -82.171286, 34.80538 ], [ -82.17196, 34.805394 ], [ -82.172483, 34.805441 ], [ -82.172899, 34.805459 ], [ -82.173122, 34.805481 ], [ -82.173214, 34.805511 ], [ -82.173287, 34.805564 ], [ -82.173359, 34.805718 ], [ -82.173418, 34.805958 ], [ -82.173466, 34.806467 ], [ -82.173473, 34.806707 ], [ -82.173452, 34.806825 ], [ -82.173353, 34.807002 ], [ -82.17334, 34.807023 ], [ -82.173304, 34.807082 ], [ -82.173221, 34.807257 ], [ -82.173165, 34.807584 ], [ -82.173152, 34.807807 ], [ -82.173146, 34.808056 ], [ -82.173137, 34.808228 ], [ -82.173126, 34.80843 ], [ -82.173118, 34.808649 ], [ -82.173159, 34.809242 ], [ -82.173508, 34.809962 ], [ -82.173517, 34.80998 ], [ -82.173557, 34.81005 ], [ -82.173618, 34.810158 ], [ -82.17366, 34.810243 ], [ -82.173689, 34.810301 ], [ -82.17378, 34.810486 ], [ -82.173857, 34.810642 ], [ -82.173909, 34.810702 ], [ -82.174037, 34.81085 ], [ -82.174097, 34.810945 ], [ -82.174111, 34.810965 ], [ -82.174152, 34.810997 ], [ -82.174151, 34.811088 ], [ -82.174257, 34.81117 ], [ -82.174261, 34.811215 ], [ -82.174277, 34.811234 ], [ -82.174318, 34.811299 ], [ -82.174334, 34.811328 ], [ -82.174358, 34.811374 ], [ -82.17441, 34.811475 ], [ -82.174467, 34.811584 ], [ -82.17449, 34.811624 ], [ -82.174521, 34.811678 ], [ -82.174705, 34.811997 ], [ -82.174816, 34.812137 ], [ -82.174941, 34.812275 ], [ -82.175092, 34.812391 ], [ -82.175222, 34.812507 ], [ -82.17536, 34.812663 ], [ -82.175823, 34.81306 ], [ -82.175865, 34.813101 ], [ -82.176133, 34.813366 ], [ -82.17625, 34.813528 ], [ -82.176382, 34.813801 ], [ -82.176465, 34.813935 ], [ -82.176483, 34.813959 ], [ -82.176571, 34.814078 ], [ -82.176597, 34.814107 ], [ -82.176707, 34.814233 ], [ -82.176796, 34.814384 ], [ -82.176888, 34.814504 ], [ -82.176952, 34.814643 ], [ -82.177011, 34.814809 ], [ -82.177019, 34.814833 ], [ -82.177032, 34.81487 ], [ -82.177056, 34.814924 ], [ -82.177145, 34.815115 ], [ -82.177156, 34.815133 ], [ -82.177163, 34.815145 ], [ -82.177186, 34.815184 ], [ -82.177286, 34.815354 ], [ -82.177337, 34.815431 ], [ -82.17738, 34.815473 ], [ -82.177529, 34.815618 ], [ -82.177659, 34.815787 ], [ -82.17779, 34.816026 ], [ -82.177875, 34.816129 ], [ -82.177953, 34.816214 ], [ -82.17799, 34.816288 ], [ -82.178031, 34.816379 ], [ -82.178102, 34.816438 ], [ -82.178263, 34.816557 ], [ -82.178397, 34.816667 ], [ -82.178498, 34.81675 ], [ -82.17866, 34.816894 ], [ -82.17886, 34.817072 ], [ -82.178936, 34.817134 ], [ -82.179079, 34.817249 ], [ -82.17912, 34.817285 ], [ -82.179738, 34.818016 ], [ -82.179813, 34.818205 ], [ -82.179909, 34.818382 ], [ -82.180466, 34.818933 ], [ -82.180744, 34.819208 ], [ -82.180982, 34.819414 ], [ -82.181052, 34.819468 ], [ -82.181217, 34.819595 ], [ -82.181393, 34.819755 ], [ -82.18141, 34.81977 ], [ -82.18155, 34.819875 ], [ -82.181804, 34.820029 ], [ -82.18233, 34.820326 ], [ -82.182638, 34.820506 ], [ -82.182662, 34.820519 ], [ -82.182749, 34.820572 ], [ -82.183012, 34.820733 ], [ -82.183338, 34.820923 ], [ -82.183493, 34.821059 ], [ -82.183596, 34.821187 ], [ -82.183635, 34.821235 ], [ -82.183775, 34.821377 ], [ -82.184174, 34.821776 ], [ -82.18421, 34.821812 ], [ -82.184377, 34.821991 ], [ -82.184448, 34.82208 ], [ -82.184481, 34.822197 ], [ -82.184576, 34.822291 ], [ -82.184634, 34.822341 ], [ -82.184706, 34.822404 ], [ -82.184818, 34.822534 ], [ -82.185069, 34.822864 ], [ -82.185235, 34.823017 ], [ -82.185389, 34.823142 ], [ -82.18572, 34.823473 ], [ -82.186049, 34.823779 ], [ -82.186332, 34.824074 ], [ -82.186376, 34.824118 ], [ -82.186435, 34.824175 ], [ -82.186548, 34.824285 ], [ -82.186579, 34.824315 ], [ -82.186702, 34.824419 ], [ -82.186765, 34.824471 ], [ -82.186814, 34.824508 ], [ -82.186835, 34.824525 ], [ -82.186983, 34.824678 ], [ -82.187105, 34.824848 ], [ -82.18722, 34.82499 ], [ -82.18731, 34.825082 ], [ -82.187365, 34.825136 ], [ -82.187394, 34.825169 ], [ -82.187495, 34.825285 ], [ -82.187607, 34.825402 ], [ -82.18769, 34.825507 ], [ -82.187763, 34.825596 ], [ -82.187798, 34.825638 ], [ -82.187812, 34.825653 ], [ -82.18784, 34.825684 ], [ -82.18785, 34.825695 ], [ -82.187902, 34.825751 ], [ -82.187967, 34.825825 ], [ -82.188038, 34.825925 ], [ -82.188169, 34.826067 ], [ -82.188765, 34.82671 ], [ -82.189296, 34.827105 ], [ -82.189367, 34.827191 ], [ -82.189385, 34.827206 ], [ -82.189547, 34.827341 ], [ -82.189782, 34.827475 ], [ -82.190187, 34.82769 ], [ -82.190363, 34.827851 ], [ -82.190455, 34.827976 ], [ -82.190509, 34.828113 ], [ -82.190531, 34.828242 ], [ -82.190532, 34.828333 ], [ -82.190533, 34.828371 ], [ -82.190453, 34.828887 ], [ -82.190459, 34.829024 ], [ -82.190499, 34.829141 ], [ -82.190578, 34.829255 ], [ -82.190587, 34.829269 ], [ -82.190732, 34.829439 ], [ -82.190848, 34.829583 ], [ -82.191048, 34.829763 ], [ -82.191166, 34.829825 ], [ -82.191279, 34.829884 ], [ -82.191647, 34.83006 ], [ -82.191883, 34.830246 ], [ -82.192153, 34.830477 ], [ -82.19227, 34.830634 ], [ -82.192421, 34.830825 ], [ -82.192608, 34.831048 ], [ -82.192622, 34.831064 ], [ -82.19274, 34.831254 ], [ -82.192812, 34.83132 ], [ -82.192848, 34.831367 ], [ -82.192863, 34.831382 ], [ -82.192881, 34.831396 ], [ -82.193002, 34.831489 ], [ -82.193283, 34.831685 ], [ -82.193452, 34.83182 ], [ -82.193532, 34.831915 ], [ -82.193544, 34.831928 ], [ -82.193625, 34.832052 ], [ -82.193635, 34.832076 ], [ -82.193667, 34.832156 ], [ -82.193759, 34.832424 ], [ -82.193895, 34.83297 ], [ -82.193967, 34.833141 ], [ -82.194055, 34.83328 ], [ -82.194129, 34.83336 ], [ -82.194248, 34.833429 ], [ -82.194323, 34.833472 ], [ -82.194408, 34.833523 ], [ -82.194801, 34.833748 ], [ -82.194906, 34.833844 ], [ -82.195012, 34.833948 ], [ -82.195111, 34.834051 ], [ -82.195232, 34.834253 ], [ -82.195404, 34.834506 ], [ -82.195446, 34.834582 ], [ -82.195483, 34.834619 ], [ -82.19578, 34.835006 ], [ -82.196017, 34.835179 ], [ -82.196041, 34.835196 ], [ -82.196328, 34.835416 ], [ -82.196542, 34.83556 ], [ -82.196765, 34.83568 ], [ -82.197314, 34.835931 ], [ -82.197539, 34.836107 ], [ -82.197631, 34.836175 ], [ -82.197815, 34.836285 ], [ -82.197888, 34.83633 ], [ -82.198096, 34.836462 ], [ -82.198164, 34.836506 ], [ -82.198293, 34.836587 ], [ -82.198457, 34.8367 ], [ -82.198706, 34.836809 ], [ -82.198769, 34.836879 ], [ -82.198826, 34.83696 ], [ -82.198949, 34.837073 ], [ -82.19911, 34.837214 ], [ -82.199745, 34.837635 ], [ -82.20002, 34.837767 ], [ -82.200076, 34.837786 ], [ -82.20031, 34.837867 ], [ -82.200674, 34.83795 ], [ -82.20077, 34.837971 ], [ -82.201075, 34.838029 ], [ -82.201105, 34.838034 ], [ -82.201361, 34.83807 ], [ -82.201565, 34.838093 ], [ -82.201587, 34.838095 ], [ -82.201796, 34.838093 ], [ -82.201903, 34.838078 ], [ -82.202056, 34.838022 ], [ -82.202169, 34.837949 ], [ -82.202359, 34.83782 ], [ -82.202502, 34.83774 ], [ -82.202682, 34.837678 ], [ -82.20281, 34.837657 ], [ -82.202942, 34.837659 ], [ -82.203068, 34.837689 ], [ -82.20325, 34.83781 ], [ -82.203452, 34.837983 ], [ -82.203546, 34.838102 ], [ -82.203592, 34.838221 ], [ -82.203617, 34.8383 ], [ -82.203636, 34.838365 ], [ -82.203799, 34.838606 ], [ -82.203863, 34.838706 ], [ -82.204007, 34.838848 ], [ -82.20426, 34.839063 ], [ -82.204534, 34.839243 ], [ -82.205017, 34.839551 ], [ -82.205311, 34.839734 ], [ -82.20568, 34.840005 ], [ -82.205915, 34.840186 ], [ -82.206058, 34.840262 ], [ -82.206184, 34.840315 ], [ -82.206491, 34.840398 ], [ -82.206754, 34.840484 ], [ -82.207057, 34.840699 ], [ -82.207075, 34.840756 ], [ -82.207146, 34.840847 ], [ -82.20722, 34.840909 ], [ -82.207314, 34.840945 ], [ -82.207411, 34.840973 ], [ -82.207423, 34.840984 ], [ -82.20745, 34.841005 ], [ -82.207504, 34.841051 ], [ -82.207541, 34.841083 ], [ -82.207587, 34.841118 ], [ -82.207798, 34.841278 ], [ -82.207889, 34.841334 ], [ -82.208061, 34.841442 ], [ -82.208326, 34.841528 ], [ -82.208495, 34.841555 ], [ -82.20874, 34.841578 ], [ -82.209354, 34.841634 ], [ -82.209676, 34.841743 ], [ -82.209969, 34.841967 ], [ -82.209999, 34.842003 ], [ -82.210322, 34.842401 ], [ -82.210447, 34.842527 ], [ -82.210479, 34.842597 ], [ -82.210558, 34.842662 ], [ -82.210674, 34.842764 ], [ -82.210796, 34.842872 ], [ -82.210821, 34.842954 ], [ -82.210851, 34.843037 ], [ -82.210875, 34.843146 ], [ -82.210892, 34.843252 ], [ -82.210811, 34.843655 ], [ -82.210814, 34.84374 ], [ -82.21082, 34.843773 ], [ -82.210825, 34.843788 ], [ -82.210946, 34.843952 ], [ -82.210983, 34.844072 ], [ -82.210981, 34.844195 ], [ -82.210868, 34.84452 ], [ -82.210861, 34.844621 ], [ -82.210859, 34.844657 ], [ -82.210886, 34.844814 ], [ -82.210974, 34.844976 ], [ -82.21105, 34.845076 ], [ -82.21135, 34.845291 ], [ -82.21193, 34.845746 ], [ -82.212105, 34.845939 ], [ -82.212125, 34.845962 ], [ -82.21228, 34.846169 ], [ -82.212485, 34.84643 ], [ -82.212823, 34.846768 ], [ -82.213047, 34.846964 ], [ -82.213203, 34.847113 ], [ -82.21335, 34.847223 ], [ -82.213584, 34.847333 ], [ -82.213815, 34.847436 ], [ -82.214093, 34.847546 ], [ -82.214297, 34.847626 ], [ -82.214488, 34.847676 ], [ -82.214902, 34.847712 ], [ -82.215052, 34.847745 ], [ -82.21523, 34.847826 ], [ -82.215416, 34.84795 ], [ -82.215655, 34.848151 ], [ -82.215883, 34.848352 ], [ -82.216261, 34.848657 ], [ -82.216894, 34.849184 ], [ -82.217189, 34.849488 ], [ -82.217283, 34.849607 ], [ -82.217414, 34.849814 ], [ -82.217571, 34.850047 ], [ -82.217779, 34.850294 ], [ -82.217869, 34.850417 ], [ -82.2179, 34.850513 ], [ -82.218003, 34.850831 ], [ -82.218019, 34.850881 ], [ -82.218025, 34.851002 ], [ -82.218036, 34.851274 ], [ -82.218073, 34.851471 ], [ -82.218128, 34.851636 ], [ -82.21824, 34.851762 ], [ -82.21856, 34.852021 ], [ -82.218856, 34.852545 ], [ -82.219114, 34.852883 ], [ -82.219255, 34.853035 ], [ -82.219398, 34.853307 ], [ -82.219441, 34.853392 ], [ -82.219542, 34.85342 ], [ -82.219648, 34.85344 ], [ -82.219681, 34.853458 ], [ -82.219844, 34.853492 ], [ -82.220061, 34.853482 ], [ -82.220291, 34.853472 ], [ -82.220619, 34.853472 ], [ -82.220666, 34.853467 ], [ -82.220806, 34.853433 ], [ -82.220924, 34.853432 ], [ -82.221071, 34.853459 ], [ -82.221207, 34.853515 ], [ -82.221277, 34.853569 ], [ -82.221306, 34.853635 ], [ -82.221307, 34.853715 ], [ -82.221298, 34.853795 ], [ -82.221316, 34.853823 ], [ -82.221365, 34.8539 ], [ -82.221477, 34.853968 ], [ -82.22155, 34.853964 ], [ -82.221639, 34.853903 ], [ -82.221689, 34.853881 ], [ -82.221733, 34.853862 ], [ -82.221843, 34.853833 ], [ -82.221933, 34.85385 ], [ -82.222004, 34.853861 ], [ -82.222076, 34.853873 ], [ -82.222123, 34.853861 ], [ -82.222197, 34.853841 ], [ -82.222342, 34.853749 ], [ -82.222362, 34.853737 ], [ -82.222414, 34.853696 ], [ -82.2226, 34.853553 ], [ -82.222847, 34.853319 ], [ -82.223304, 34.852808 ], [ -82.223385, 34.852644 ], [ -82.223424, 34.852472 ], [ -82.223417, 34.852374 ], [ -82.223417, 34.852363 ], [ -82.223414, 34.852319 ], [ -82.223404, 34.852201 ], [ -82.223387, 34.851999 ], [ -82.223403, 34.851842 ], [ -82.223452, 34.851736 ], [ -82.223524, 34.85167 ], [ -82.223649, 34.85161 ], [ -82.22369, 34.851591 ], [ -82.224136, 34.851442 ], [ -82.224394, 34.851323 ], [ -82.224589, 34.851193 ], [ -82.224779, 34.851042 ], [ -82.225314, 34.850616 ], [ -82.22545, 34.850468 ], [ -82.225578, 34.850308 ], [ -82.225628, 34.850244 ], [ -82.225743, 34.850161 ], [ -82.225877, 34.850133 ], [ -82.22613, 34.850175 ], [ -82.226218, 34.850205 ], [ -82.226309, 34.850277 ], [ -82.226416, 34.850439 ], [ -82.226499, 34.850665 ], [ -82.226527, 34.850919 ], [ -82.226537, 34.851136 ], [ -82.226499, 34.851437 ], [ -82.226487, 34.851578 ], [ -82.226434, 34.851961 ], [ -82.226325, 34.852488 ], [ -82.226181, 34.852844 ], [ -82.226107, 34.852969 ], [ -82.226066, 34.853039 ], [ -82.225998, 34.85318 ], [ -82.225891, 34.853373 ], [ -82.225651, 34.853735 ], [ -82.225573, 34.853876 ], [ -82.225358, 34.854127 ], [ -82.225225, 34.854346 ], [ -82.225085, 34.854511 ], [ -82.224968, 34.854617 ], [ -82.224811, 34.854731 ], [ -82.224695, 34.854852 ], [ -82.224644, 34.854984 ], [ -82.224615, 34.85513 ], [ -82.22461, 34.855237 ], [ -82.224647, 34.855402 ], [ -82.224704, 34.855525 ], [ -82.224741, 34.855567 ], [ -82.224763, 34.855593 ], [ -82.224867, 34.855712 ], [ -82.225001, 34.855891 ], [ -82.225112, 34.856007 ], [ -82.225296, 34.856178 ], [ -82.225412, 34.856278 ], [ -82.225472, 34.85632 ], [ -82.225534, 34.856364 ], [ -82.225786, 34.856507 ], [ -82.225796, 34.856512 ], [ -82.225897, 34.856564 ], [ -82.225981, 34.856606 ], [ -82.226089, 34.856614 ], [ -82.226229, 34.856625 ], [ -82.226226, 34.856699 ], [ -82.226181, 34.857501 ], [ -82.226129, 34.858624 ], [ -82.225611, 34.869058 ], [ -82.225549, 34.870271 ], [ -82.225512, 34.871046 ], [ -82.225509, 34.871102 ], [ -82.225506, 34.871147 ], [ -82.225483, 34.871629 ], [ -82.225474, 34.871824 ], [ -82.225452, 34.872277 ], [ -82.225438, 34.872555 ], [ -82.225434, 34.872628 ], [ -82.225284, 34.875638 ], [ -82.225179, 34.877752 ], [ -82.225168, 34.877967 ], [ -82.225165, 34.878027 ], [ -82.225161, 34.878102 ], [ -82.225078, 34.879761 ], [ -82.225039, 34.880459 ], [ -82.224852, 34.884329 ], [ -82.224661, 34.888084 ], [ -82.224619, 34.888901 ], [ -82.224603, 34.889317 ], [ -82.224543, 34.890585 ], [ -82.224339, 34.894719 ], [ -82.224325, 34.895005 ], [ -82.224311, 34.895282 ], [ -82.224276, 34.895966 ], [ -82.224269, 34.896112 ], [ -82.224152, 34.898457 ], [ -82.22415, 34.8985 ], [ -82.224122, 34.899053 ], [ -82.224095, 34.899639 ], [ -82.223996, 34.901579 ], [ -82.223961, 34.902253 ], [ -82.223938, 34.902767 ], [ -82.223919, 34.903137 ], [ -82.223779, 34.905977 ], [ -82.223764, 34.906253 ], [ -82.223704, 34.907502 ], [ -82.223623, 34.909091 ], [ -82.223595, 34.909664 ], [ -82.223578, 34.91 ], [ -82.223577, 34.910019 ], [ -82.223515, 34.911257 ], [ -82.223508, 34.9114 ], [ -82.223425, 34.913072 ], [ -82.223418, 34.913228 ], [ -82.223324, 34.915105 ], [ -82.223302, 34.915563 ], [ -82.223277, 34.916077 ], [ -82.223242, 34.916772 ], [ -82.223111, 34.919394 ], [ -82.223035, 34.920925 ], [ -82.223033, 34.920967 ], [ -82.222899, 34.92367 ], [ -82.222716, 34.927773 ], [ -82.222705, 34.927917 ], [ -82.2227, 34.927976 ], [ -82.222688, 34.928183 ], [ -82.222667, 34.928386 ], [ -82.222649, 34.928793 ], [ -82.22266, 34.929024 ], [ -82.222659, 34.929256 ], [ -82.222636, 34.93006 ], [ -82.22263, 34.930257 ], [ -82.222606, 34.931063 ], [ -82.222602, 34.931179 ], [ -82.222589, 34.931713 ], [ -82.222582, 34.93197 ], [ -82.222565, 34.932652 ], [ -82.22256, 34.932851 ], [ -82.222545, 34.933374 ], [ -82.222528, 34.933958 ], [ -82.2225, 34.934899 ], [ -82.222485, 34.935386 ], [ -82.22248, 34.935523 ], [ -82.222478, 34.935591 ], [ -82.222419, 34.936381 ], [ -82.222417, 34.936434 ], [ -82.222377, 34.937191 ], [ -82.222367, 34.937385 ], [ -82.222335, 34.937993 ], [ -82.222312, 34.938424 ], [ -82.222257, 34.939473 ], [ -82.222171, 34.941107 ], [ -82.222139, 34.941743 ], [ -82.222112, 34.942889 ], [ -82.222088, 34.943813 ], [ -82.222086, 34.943914 ], [ -82.222082, 34.944096 ], [ -82.22202, 34.946636 ], [ -82.221987, 34.947998 ], [ -82.221983, 34.948173 ], [ -82.221959, 34.949121 ], [ -82.221936, 34.950059 ], [ -82.221925, 34.950459 ], [ -82.221913, 34.950975 ], [ -82.221843, 34.953863 ], [ -82.221842, 34.953901 ], [ -82.221839, 34.954069 ], [ -82.221836, 34.954178 ], [ -82.221831, 34.954411 ], [ -82.22183, 34.954478 ], [ -82.221824, 34.954671 ], [ -82.221804, 34.955494 ], [ -82.221783, 34.956397 ], [ -82.221781, 34.956464 ], [ -82.221767, 34.956992 ], [ -82.22176, 34.957285 ], [ -82.221739, 34.958124 ], [ -82.221732, 34.95845 ], [ -82.221715, 34.959184 ], [ -82.221678, 34.960702 ], [ -82.221637, 34.962359 ], [ -82.221598, 34.963983 ], [ -82.221586, 34.964308 ], [ -82.221578, 34.964862 ], [ -82.22153, 34.966743 ], [ -82.221517, 34.967321 ], [ -82.221502, 34.96786 ], [ -82.221487, 34.968631 ], [ -82.221381, 34.972791 ], [ -82.221379, 34.972869 ], [ -82.221377, 34.972978 ], [ -82.221382, 34.973068 ], [ -82.221326, 34.975129 ], [ -82.22124, 34.978715 ], [ -82.221226, 34.979275 ], [ -82.221206, 34.980102 ], [ -82.221192, 34.980675 ], [ -82.221168, 34.981639 ], [ -82.221157, 34.982067 ], [ -82.221145, 34.982553 ], [ -82.221108, 34.984106 ], [ -82.221072, 34.985635 ], [ -82.221032, 34.987271 ], [ -82.221009, 34.988159 ], [ -82.22097, 34.989718 ], [ -82.220966, 34.990139 ], [ -82.220944, 34.990876 ], [ -82.220935, 34.991194 ], [ -82.220853, 34.994709 ], [ -82.220746, 34.998933 ], [ -82.220685, 35.001445 ], [ -82.220664, 35.002142 ], [ -82.220652, 35.00283 ], [ -82.220434, 35.010725 ], [ -82.22042, 35.011456 ], [ -82.22042, 35.011528 ], [ -82.220393, 35.012181 ], [ -82.220369, 35.013239 ], [ -82.220334, 35.014257 ], [ -82.220148, 35.021026 ], [ -82.220142, 35.021242 ], [ -82.220066, 35.024287 ], [ -82.220061, 35.024455 ], [ -82.220047, 35.024688 ], [ -82.220017, 35.025777 ], [ -82.219968, 35.027683 ], [ -82.219927, 35.029059 ], [ -82.219899, 35.030079 ], [ -82.219808, 35.033294 ], [ -82.219801, 35.033567 ], [ -82.219763, 35.034955 ], [ -82.219724, 35.036363 ], [ -82.219695, 35.037392 ], [ -82.219694, 35.037441 ], [ -82.219688, 35.03764 ], [ -82.219686, 35.03772 ], [ -82.21966, 35.03865 ], [ -82.219657, 35.03879 ], [ -82.219641, 35.039349 ], [ -82.219631, 35.039728 ], [ -82.219625, 35.039915 ], [ -82.219612, 35.040399 ], [ -82.219611, 35.040438 ], [ -82.21961, 35.040496 ], [ -82.219607, 35.040627 ], [ -82.219547, 35.04279 ], [ -82.219487, 35.044961 ], [ -82.219484, 35.045089 ], [ -82.2194, 35.048128 ], [ -82.219314, 35.051178 ], [ -82.219073, 35.059869 ], [ -82.219059, 35.060413 ], [ -82.219047, 35.060905 ], [ -82.219, 35.062661 ], [ -82.218989, 35.063096 ], [ -82.218871, 35.067436 ], [ -82.218744, 35.072213 ], [ -82.218667, 35.075007 ], [ -82.21861, 35.077104 ], [ -82.218525, 35.080217 ], [ -82.218313, 35.087408 ], [ -82.218302, 35.087776 ], [ -82.21818, 35.091846 ], [ -82.217942, 35.100813 ], [ -82.217877, 35.103159 ], [ -82.217855, 35.103938 ], [ -82.217734, 35.109628 ], [ -82.21759, 35.11602 ], [ -82.21743, 35.123305 ], [ -82.21737, 35.126256 ], [ -82.217335, 35.127474 ], [ -82.217277, 35.130781 ], [ -82.21723, 35.133085 ], [ -82.217191, 35.134879 ], [ -82.21707, 35.141039 ], [ -82.217061, 35.141505 ], [ -82.216901, 35.148973 ], [ -82.216856, 35.151472 ], [ -82.21683, 35.152815 ], [ -82.21678, 35.155166 ], [ -82.216552, 35.166211 ], [ -82.216532, 35.167173 ], [ -82.216465, 35.170476 ], [ -82.216296, 35.178544 ], [ -82.216194, 35.183686 ], [ -82.216181, 35.184308 ], [ -82.21618, 35.184447 ], [ -82.216121, 35.187219 ], [ -82.216081, 35.189257 ], [ -82.215991, 35.193507 ], [ -82.215961, 35.194955 ], [ -82.21594, 35.196029 ], [ -82.215947, 35.196222 ], [ -82.213844, 35.196098 ], [ -82.213331, 35.196067 ], [ -82.208031, 35.195747 ], [ -82.199663, 35.195241 ], [ -82.195748, 35.195031 ], [ -82.194783, 35.194939 ], [ -82.194696, 35.194936 ], [ -82.193535, 35.194886 ], [ -82.191508, 35.194782 ], [ -82.190751, 35.194744 ], [ -82.18909, 35.19466 ], [ -82.18809, 35.194612 ], [ -82.185805, 35.194501 ], [ -82.185702, 35.194488 ], [ -82.183668, 35.194466 ], [ -82.177018, 35.194107 ], [ -82.175637, 35.194034 ], [ -82.174678, 35.19395 ], [ -82.172651, 35.193921 ], [ -82.172135, 35.193909 ], [ -82.1721, 35.193908 ], [ -82.171217, 35.193888 ], [ -82.169662, 35.193831 ], [ -82.168523, 35.193755 ], [ -82.168165, 35.193738 ], [ -82.167872, 35.193725 ], [ -82.167698, 35.193717 ], [ -82.1676, 35.193712 ], [ -82.167519, 35.193708 ], [ -82.163536, 35.193521 ], [ -82.163076, 35.1935 ], [ -82.161416, 35.193422 ], [ -82.15734, 35.193407 ], [ -82.152231, 35.193328 ], [ -82.151937, 35.193324 ], [ -82.151309, 35.193314 ], [ -82.151119, 35.193294 ], [ -82.146198, 35.193202 ], [ -82.141163, 35.19311 ], [ -82.139016, 35.193071 ], [ -82.137633, 35.193045 ], [ -82.134692, 35.19299 ], [ -82.128326, 35.192577 ], [ -82.126044, 35.192429 ], [ -82.125472, 35.192392 ], [ -82.118667, 35.19195 ], [ -82.113845, 35.191637 ], [ -82.110398, 35.191463 ], [ -82.108432, 35.191364 ], [ -82.106095, 35.191299 ], [ -82.099697, 35.191118 ], [ -82.09866, 35.191089 ], [ -82.097639, 35.19106 ], [ -82.093248, 35.190936 ], [ -82.092614, 35.190915 ], [ -82.090114, 35.190848 ], [ -82.075839, 35.190445 ], [ -82.070319, 35.190289 ], [ -82.069594, 35.19027 ], [ -82.062161, 35.190059 ], [ -82.061242, 35.190013 ], [ -82.058764, 35.189949 ], [ -82.055308, 35.18986 ], [ -82.05511, 35.189854 ], [ -82.048414, 35.189687 ], [ -82.046216, 35.189615 ], [ -82.045761, 35.1896 ], [ -82.043456, 35.189553 ], [ -82.041961, 35.189511 ], [ -82.04158, 35.189477 ], [ -82.04056, 35.189449 ], [ -82.039411, 35.189421 ], [ -82.034338, 35.189273 ], [ -82.032142, 35.189211 ], [ -82.029474, 35.189176 ], [ -82.027537, 35.189151 ], [ -82.021614, 35.189076 ], [ -82.02134, 35.189071 ], [ -82.017692, 35.188985 ], [ -82.017212, 35.188974 ], [ -82.010983, 35.188784 ], [ -82.010717, 35.188772 ], [ -82.010534, 35.188769 ], [ -82.010487, 35.188771 ], [ -82.010442, 35.188772 ], [ -82.00773, 35.188681 ], [ -82.001922, 35.188505 ], [ -82.00171, 35.188499 ], [ -81.99865, 35.188405 ], [ -81.997347, 35.188378 ], [ -81.995767, 35.188345 ], [ -81.992571, 35.188279 ], [ -81.992314, 35.188273 ], [ -81.986873, 35.188024 ], [ -81.983156, 35.187842 ], [ -81.982583, 35.187816 ], [ -81.978872, 35.187645 ], [ -81.976015, 35.187514 ], [ -81.972756, 35.187364 ], [ -81.9719, 35.187322 ], [ -81.970368, 35.187266 ], [ -81.970076, 35.18726 ], [ -81.969785, 35.187244 ], [ -81.969568, 35.187218 ], [ -81.96935, 35.187206 ], [ -81.969348, 35.187217 ], [ -81.967442, 35.187129 ], [ -81.966631, 35.187092 ], [ -81.96173, 35.186867 ], [ -81.959825, 35.18678 ], [ -81.959513, 35.186765 ], [ -81.958586, 35.186722 ], [ -81.958263, 35.186707 ], [ -81.957355, 35.18667 ], [ -81.95465, 35.186563 ], [ -81.953727, 35.186527 ], [ -81.950761, 35.186408 ], [ -81.946547, 35.186241 ], [ -81.943424, 35.186117 ], [ -81.942735, 35.186096 ], [ -81.93813, 35.185955 ], [ -81.933932, 35.185827 ], [ -81.930763, 35.18573 ], [ -81.925729, 35.185576 ], [ -81.925609, 35.185572 ], [ -81.924326, 35.18553 ], [ -81.918743, 35.185345 ], [ -81.918715, 35.185341 ], [ -81.918511, 35.185316 ], [ -81.916277, 35.185243 ], [ -81.915414, 35.185215 ], [ -81.909625, 35.185029 ], [ -81.908901, 35.185005 ], [ -81.906443, 35.184926 ], [ -81.905174, 35.184885 ], [ -81.901368, 35.184762 ], [ -81.9001, 35.184721 ], [ -81.900016, 35.184718 ], [ -81.899767, 35.184709 ], [ -81.899684, 35.184707 ], [ -81.899466, 35.184699 ], [ -81.899016, 35.184685 ], [ -81.898812, 35.184678 ], [ -81.898595, 35.184671 ], [ -81.897111, 35.184621 ], [ -81.892659, 35.184471 ], [ -81.891205, 35.184423 ], [ -81.891176, 35.184422 ], [ -81.89021, 35.184399 ], [ -81.889735, 35.184383 ], [ -81.888079, 35.184328 ], [ -81.883969, 35.184238 ], [ -81.883495, 35.184228 ], [ -81.882589, 35.184208 ], [ -81.88158, 35.184186 ], [ -81.881337, 35.184181 ], [ -81.880317, 35.184159 ], [ -81.876888, 35.184085 ], [ -81.87653, 35.184076 ], [ -81.875268, 35.184049 ], [ -81.874689, 35.184036 ], [ -81.872429, 35.179858 ], [ -81.872213, 35.179458 ], [ -81.86597, 35.167916 ], [ -81.865627, 35.16728 ], [ -81.865363, 35.166793 ], [ -81.864076, 35.164418 ], [ -81.863098, 35.162609 ], [ -81.862216, 35.160976 ], [ -81.860806, 35.158369 ], [ -81.86074, 35.158252 ], [ -81.860691, 35.158161 ], [ -81.860209, 35.157267 ], [ -81.859633, 35.156202 ], [ -81.859125, 35.155263 ], [ -81.857977, 35.153141 ], [ -81.857572, 35.152392 ], [ -81.857436, 35.15214 ], [ -81.85739, 35.152056 ], [ -81.85734, 35.151963 ], [ -81.857181, 35.151671 ], [ -81.857158, 35.151628 ], [ -81.857049, 35.151426 ], [ -81.85693, 35.151205 ], [ -81.856326, 35.15009 ], [ -81.855629, 35.148801 ], [ -81.855469, 35.148506 ], [ -81.855394, 35.148368 ], [ -81.854604, 35.146907 ], [ -81.854485, 35.146688 ], [ -81.853853, 35.145519 ], [ -81.853615, 35.145077 ], [ -81.85357, 35.145008 ], [ -81.853535, 35.144955 ], [ -81.853523, 35.144933 ], [ -81.85331, 35.144527 ], [ -81.851751, 35.14165 ], [ -81.850967, 35.140199 ], [ -81.850864, 35.140007 ], [ -81.848492, 35.135611 ], [ -81.847858, 35.134437 ], [ -81.847819, 35.134365 ], [ -81.847689, 35.134124 ], [ -81.844298, 35.127839 ], [ -81.843122, 35.125661 ], [ -81.843076, 35.125582 ], [ -81.842952, 35.12537 ], [ -81.842813, 35.125113 ], [ -81.842711, 35.124925 ], [ -81.842498, 35.124531 ], [ -81.842298, 35.124161 ], [ -81.842179, 35.123941 ], [ -81.841973, 35.123561 ], [ -81.841919, 35.123461 ], [ -81.841878, 35.123385 ], [ -81.841782, 35.123208 ], [ -81.841704, 35.123064 ], [ -81.841663, 35.122988 ], [ -81.841605, 35.122881 ], [ -81.841465, 35.122622 ], [ -81.841326, 35.122365 ], [ -81.841203, 35.122138 ], [ -81.840824, 35.121438 ], [ -81.840747, 35.121295 ], [ -81.840542, 35.120916 ], [ -81.840142, 35.120176 ], [ -81.839818, 35.119579 ], [ -81.839623, 35.119218 ], [ -81.839502, 35.118965 ], [ -81.839447, 35.118848 ], [ -81.838997, 35.118019 ], [ -81.836518, 35.113458 ], [ -81.833596, 35.108056 ], [ -81.830398, 35.102144 ], [ -81.828602, 35.098823 ], [ -81.828038, 35.097781 ], [ -81.826978, 35.09582 ], [ -81.826908, 35.09569 ], [ -81.826795, 35.095497 ], [ -81.82669, 35.095304 ], [ -81.826438, 35.094836 ], [ -81.826015, 35.094056 ], [ -81.825797, 35.093652 ], [ -81.825585, 35.093259 ], [ -81.825106, 35.092371 ], [ -81.824747, 35.091709 ], [ -81.824726, 35.09167 ], [ -81.824533, 35.091313 ], [ -81.823949, 35.090232 ], [ -81.823701, 35.089773 ], [ -81.823542, 35.089479 ], [ -81.823425, 35.089262 ], [ -81.823295, 35.088979 ], [ -81.821826, 35.086311 ], [ -81.821577, 35.085859 ], [ -81.817951, 35.079117 ], [ -81.816019, 35.07556 ], [ -81.815425, 35.074455 ], [ -81.813991, 35.071809 ], [ -81.811878, 35.067904 ], [ -81.810114, 35.064621 ], [ -81.809831, 35.064093 ], [ -81.809744, 35.063937 ], [ -81.809136, 35.062811 ], [ -81.808962, 35.062487 ], [ -81.806131, 35.057244 ], [ -81.806252, 35.055505 ], [ -81.806711, 35.048985 ], [ -81.806745, 35.048505 ], [ -81.806767, 35.048194 ], [ -81.80678, 35.048008 ], [ -81.807392, 35.039281 ], [ -81.807646, 35.035646 ], [ -81.807648, 35.035624 ], [ -81.805842, 35.035591 ], [ -81.802013, 35.035525 ], [ -81.801107, 35.035504 ], [ -81.797469, 35.035436 ], [ -81.794331, 35.035378 ], [ -81.790498, 35.028287 ], [ -81.788233, 35.024096 ], [ -81.788202, 35.024015 ], [ -81.786948, 35.021695 ], [ -81.786825, 35.021462 ], [ -81.786597, 35.021046 ], [ -81.786424, 35.020725 ], [ -81.785718, 35.019416 ], [ -81.785674, 35.019329 ], [ -81.78393, 35.014254 ], [ -81.781615, 35.007522 ], [ -81.778092, 34.997271 ], [ -81.775688, 34.990278 ], [ -81.775422, 34.989501 ], [ -81.770755, 34.975928 ], [ -81.766184, 34.962641 ], [ -81.765186, 34.959697 ], [ -81.757201, 34.936462 ], [ -81.756771, 34.935213 ], [ -81.75609, 34.93323 ], [ -81.75528, 34.930856 ], [ -81.755195, 34.930609 ], [ -81.755098, 34.930323 ], [ -81.754904, 34.93032 ], [ -81.754501, 34.930317 ], [ -81.754383, 34.930304 ], [ -81.754079, 34.930272 ], [ -81.753999, 34.930272 ], [ -81.753663, 34.930192 ], [ -81.753601, 34.930192 ], [ -81.753259, 34.930472 ], [ -81.75308, 34.93062 ], [ -81.752473, 34.931117 ], [ -81.749244, 34.929911 ], [ -81.74756, 34.930289 ], [ -81.747063, 34.930389 ], [ -81.741164, 34.93168 ], [ -81.734971, 34.933037 ], [ -81.734933, 34.933044 ], [ -81.734767, 34.933002 ], [ -81.734739, 34.93286 ], [ -81.734716, 34.932787 ], [ -81.734709, 34.932766 ], [ -81.734665, 34.932666 ], [ -81.73459, 34.932554 ], [ -81.734508, 34.932469 ], [ -81.734451, 34.93239 ], [ -81.734371, 34.932367 ], [ -81.734314, 34.932303 ], [ -81.734287, 34.93224 ], [ -81.734279, 34.93217 ], [ -81.734213, 34.932109 ], [ -81.734153, 34.931996 ], [ -81.73414, 34.931912 ], [ -81.73409, 34.931803 ], [ -81.734009, 34.931715 ], [ -81.733972, 34.931651 ], [ -81.733922, 34.931548 ], [ -81.733872, 34.931463 ], [ -81.733858, 34.93144 ], [ -81.733853, 34.931431 ], [ -81.733802, 34.931345 ], [ -81.733779, 34.931265 ], [ -81.733788, 34.931196 ], [ -81.733816, 34.931135 ], [ -81.733838, 34.931071 ], [ -81.733856, 34.931007 ], [ -81.73387, 34.930937 ], [ -81.733894, 34.93081 ], [ -81.733906, 34.930728 ], [ -81.733907, 34.930707 ], [ -81.733912, 34.93061 ], [ -81.733903, 34.930548 ], [ -81.73389, 34.930483 ], [ -81.733859, 34.93041 ], [ -81.733774, 34.930352 ], [ -81.733675, 34.930305 ], [ -81.733587, 34.930271 ], [ -81.733523, 34.930228 ], [ -81.733485, 34.930159 ], [ -81.733489, 34.930099 ], [ -81.733519, 34.930032 ], [ -81.733466, 34.929943 ], [ -81.73343, 34.929882 ], [ -81.733373, 34.929821 ], [ -81.733328, 34.929764 ], [ -81.733316, 34.929747 ], [ -81.733266, 34.929669 ], [ -81.733163, 34.929589 ], [ -81.733062, 34.929547 ], [ -81.732972, 34.929529 ], [ -81.732959, 34.929527 ], [ -81.732867, 34.929515 ], [ -81.732754, 34.929487 ], [ -81.732672, 34.929436 ], [ -81.732588, 34.929383 ], [ -81.7325, 34.929338 ], [ -81.732439, 34.929291 ], [ -81.732383, 34.92922 ], [ -81.732366, 34.929199 ], [ -81.732317, 34.929143 ], [ -81.732295, 34.92906 ], [ -81.732271, 34.928953 ], [ -81.732283, 34.928846 ], [ -81.732285, 34.928821 ], [ -81.732285, 34.928731 ], [ -81.732266, 34.928652 ], [ -81.732231, 34.928591 ], [ -81.732196, 34.9285 ], [ -81.73217, 34.928426 ], [ -81.732161, 34.928332 ], [ -81.732158, 34.928296 ], [ -81.732151, 34.928218 ], [ -81.732158, 34.928144 ], [ -81.732176, 34.928082 ], [ -81.732185, 34.92806 ], [ -81.732211, 34.927999 ], [ -81.732235, 34.927928 ], [ -81.732245, 34.927854 ], [ -81.732239, 34.927779 ], [ -81.732222, 34.927705 ], [ -81.732087, 34.927439 ], [ -81.732029, 34.927359 ], [ -81.731961, 34.927325 ], [ -81.731854, 34.927295 ], [ -81.731786, 34.927269 ], [ -81.731666, 34.927135 ], [ -81.731657, 34.927116 ], [ -81.731648, 34.927094 ], [ -81.73159, 34.926998 ], [ -81.731516, 34.926881 ], [ -81.73148, 34.926811 ], [ -81.731473, 34.926673 ], [ -81.73151, 34.926601 ], [ -81.731558, 34.926553 ], [ -81.731598, 34.926496 ], [ -81.731559, 34.926419 ], [ -81.731488, 34.92636 ], [ -81.731516, 34.926293 ], [ -81.731536, 34.926222 ], [ -81.73152, 34.92616 ], [ -81.731435, 34.926076 ], [ -81.731349, 34.926001 ], [ -81.7311, 34.925834 ], [ -81.731004, 34.925796 ], [ -81.730911, 34.925737 ], [ -81.730886, 34.925657 ], [ -81.730815, 34.925609 ], [ -81.730765, 34.925552 ], [ -81.730746, 34.925389 ], [ -81.73073, 34.925311 ], [ -81.730728, 34.925206 ], [ -81.730716, 34.925135 ], [ -81.730709, 34.925058 ], [ -81.7307, 34.925009 ], [ -81.730687, 34.92496 ], [ -81.730658, 34.924857 ], [ -81.730617, 34.924752 ], [ -81.730583, 34.924687 ], [ -81.730508, 34.924476 ], [ -81.730496, 34.924403 ], [ -81.730478, 34.924325 ], [ -81.730474, 34.924263 ], [ -81.73045, 34.924193 ], [ -81.730421, 34.92415 ], [ -81.730396, 34.924112 ], [ -81.730323, 34.924041 ], [ -81.730241, 34.923968 ], [ -81.73019, 34.923906 ], [ -81.730133, 34.923851 ], [ -81.730084, 34.923781 ], [ -81.730057, 34.92372 ], [ -81.730006, 34.923671 ], [ -81.729934, 34.923581 ], [ -81.729872, 34.923497 ], [ -81.729817, 34.923432 ], [ -81.729791, 34.923377 ], [ -81.729837, 34.923213 ], [ -81.729848, 34.923175 ], [ -81.729863, 34.923156 ], [ -81.729919, 34.923079 ], [ -81.729968, 34.92299 ], [ -81.729981, 34.922908 ], [ -81.730019, 34.922841 ], [ -81.7301, 34.92273 ], [ -81.730174, 34.922678 ], [ -81.73025, 34.922649 ], [ -81.730325, 34.922613 ], [ -81.730386, 34.922562 ], [ -81.730438, 34.922511 ], [ -81.730459, 34.922397 ], [ -81.730429, 34.922313 ], [ -81.730371, 34.922237 ], [ -81.730278, 34.922152 ], [ -81.730214, 34.922103 ], [ -81.730144, 34.922033 ], [ -81.73007, 34.921943 ], [ -81.73, 34.921863 ], [ -81.729932, 34.92182 ], [ -81.729854, 34.921838 ], [ -81.729744, 34.921876 ], [ -81.72959, 34.92192 ], [ -81.729512, 34.921947 ], [ -81.729391, 34.921993 ], [ -81.729315, 34.922028 ], [ -81.729229, 34.922094 ], [ -81.729156, 34.922186 ], [ -81.729038, 34.922299 ], [ -81.728971, 34.922344 ], [ -81.728889, 34.922368 ], [ -81.728779, 34.922368 ], [ -81.728557, 34.92234 ], [ -81.728524, 34.922336 ], [ -81.728448, 34.922318 ], [ -81.728295, 34.922265 ], [ -81.728193, 34.922246 ], [ -81.728077, 34.922244 ], [ -81.727975, 34.922248 ], [ -81.727878, 34.922228 ], [ -81.727809, 34.922192 ], [ -81.727708, 34.922135 ], [ -81.727637, 34.922065 ], [ -81.727589, 34.922007 ], [ -81.727531, 34.921931 ], [ -81.727468, 34.921834 ], [ -81.727424, 34.921777 ], [ -81.727397, 34.921745 ], [ -81.727379, 34.921724 ], [ -81.727346, 34.921686 ], [ -81.727287, 34.921645 ], [ -81.727193, 34.921593 ], [ -81.727125, 34.921562 ], [ -81.727038, 34.921519 ], [ -81.726997, 34.921472 ], [ -81.726976, 34.921449 ], [ -81.726973, 34.921428 ], [ -81.72696, 34.921349 ], [ -81.72696, 34.921322 ], [ -81.726961, 34.921223 ], [ -81.726869, 34.921205 ], [ -81.726777, 34.921175 ], [ -81.726747, 34.921168 ], [ -81.726672, 34.921151 ], [ -81.726574, 34.921125 ], [ -81.726481, 34.921096 ], [ -81.726394, 34.921058 ], [ -81.726357, 34.921041 ], [ -81.726209, 34.92095 ], [ -81.726154, 34.920899 ], [ -81.726087, 34.92084 ], [ -81.725993, 34.920761 ], [ -81.725861, 34.920643 ], [ -81.725807, 34.920594 ], [ -81.725754, 34.92055 ], [ -81.725654, 34.920447 ], [ -81.725485, 34.920273 ], [ -81.725427, 34.920176 ], [ -81.725405, 34.920144 ], [ -81.725388, 34.920117 ], [ -81.725353, 34.920054 ], [ -81.72531, 34.919981 ], [ -81.725271, 34.919898 ], [ -81.725235, 34.919813 ], [ -81.725208, 34.919746 ], [ -81.72517, 34.919665 ], [ -81.72514, 34.919584 ], [ -81.725119, 34.919507 ], [ -81.725068, 34.919333 ], [ -81.725045, 34.91924 ], [ -81.725038, 34.919205 ], [ -81.725028, 34.919159 ], [ -81.724985, 34.919035 ], [ -81.724969, 34.918969 ], [ -81.724955, 34.918894 ], [ -81.724938, 34.918815 ], [ -81.724927, 34.918752 ], [ -81.724915, 34.918677 ], [ -81.724904, 34.918614 ], [ -81.724887, 34.918543 ], [ -81.72484, 34.918427 ], [ -81.724804, 34.918359 ], [ -81.724729, 34.91825 ], [ -81.724644, 34.918145 ], [ -81.724586, 34.918078 ], [ -81.724485, 34.91797 ], [ -81.724401, 34.917883 ], [ -81.724349, 34.917836 ], [ -81.724287, 34.917791 ], [ -81.724253, 34.917766 ], [ -81.724172, 34.917712 ], [ -81.724085, 34.917666 ], [ -81.724005, 34.917633 ], [ -81.723931, 34.917599 ], [ -81.723821, 34.917561 ], [ -81.723747, 34.917547 ], [ -81.723578, 34.917526 ], [ -81.723464, 34.917521 ], [ -81.723235, 34.917511 ], [ -81.723077, 34.917506 ], [ -81.722945, 34.917503 ], [ -81.722793, 34.917497 ], [ -81.72267, 34.917487 ], [ -81.722537, 34.917481 ], [ -81.722422, 34.917472 ], [ -81.722315, 34.917465 ], [ -81.722265, 34.917459 ], [ -81.722185, 34.917451 ], [ -81.722099, 34.917442 ], [ -81.722023, 34.91743 ], [ -81.721911, 34.917409 ], [ -81.72179, 34.91739 ], [ -81.721691, 34.917372 ], [ -81.721573, 34.917371 ], [ -81.721493, 34.917358 ], [ -81.721368, 34.917347 ], [ -81.721081, 34.917315 ], [ -81.720939, 34.917284 ], [ -81.720862, 34.917263 ], [ -81.72075, 34.917249 ], [ -81.720414, 34.917153 ], [ -81.719918, 34.917009 ], [ -81.719836, 34.916976 ], [ -81.719742, 34.916953 ], [ -81.719651, 34.916907 ], [ -81.719559, 34.916842 ], [ -81.719484, 34.916762 ], [ -81.719432, 34.91665 ], [ -81.719367, 34.916465 ], [ -81.719364, 34.916452 ], [ -81.719359, 34.916429 ], [ -81.719337, 34.916348 ], [ -81.719292, 34.916174 ], [ -81.719257, 34.916 ], [ -81.71922, 34.915827 ], [ -81.719199, 34.915752 ], [ -81.71917, 34.915612 ], [ -81.71916, 34.915538 ], [ -81.719132, 34.915393 ], [ -81.719115, 34.915284 ], [ -81.719102, 34.915185 ], [ -81.719085, 34.91509 ], [ -81.719071, 34.914994 ], [ -81.719054, 34.914889 ], [ -81.719034, 34.914782 ], [ -81.719013, 34.914681 ], [ -81.718996, 34.914607 ], [ -81.71899, 34.914545 ], [ -81.718862, 34.913745 ], [ -81.718638, 34.913105 ], [ -81.718286, 34.912545 ], [ -81.718126, 34.912431 ], [ -81.71809, 34.912397 ], [ -81.717873, 34.912212 ], [ -81.717794, 34.912195 ], [ -81.717675, 34.912191 ], [ -81.71757, 34.912174 ], [ -81.717309, 34.912152 ], [ -81.717078, 34.912191 ], [ -81.717014, 34.912223 ], [ -81.716899, 34.912272 ], [ -81.716782, 34.912336 ], [ -81.716713, 34.912376 ], [ -81.716607, 34.912436 ], [ -81.716482, 34.912493 ], [ -81.716402, 34.912512 ], [ -81.71629, 34.912546 ], [ -81.716214, 34.912565 ], [ -81.715847, 34.912618 ], [ -81.715649, 34.912644 ], [ -81.715523, 34.912668 ], [ -81.715377, 34.912695 ], [ -81.715313, 34.912704 ], [ -81.715264, 34.91271 ], [ -81.715158, 34.912721 ], [ -81.715019, 34.912733 ], [ -81.714856, 34.91275 ], [ -81.714774, 34.912754 ], [ -81.714694, 34.91276 ], [ -81.714608, 34.91277 ], [ -81.714337, 34.912798 ], [ -81.714094, 34.912865 ], [ -81.71415, 34.912799 ], [ -81.714197, 34.912749 ], [ -81.714257, 34.912684 ], [ -81.714379, 34.912553 ], [ -81.714492, 34.912433 ], [ -81.715038, 34.911851 ], [ -81.71592, 34.910911 ], [ -81.716563, 34.910218 ], [ -81.717056, 34.909683 ], [ -81.717294, 34.909428 ], [ -81.71749, 34.909217 ], [ -81.719238, 34.907372 ], [ -81.720315, 34.906227 ], [ -81.720663, 34.905863 ], [ -81.720765, 34.905755 ], [ -81.720817, 34.905706 ], [ -81.720874, 34.905646 ], [ -81.721014, 34.905495 ], [ -81.721075, 34.905429 ], [ -81.722257, 34.904177 ], [ -81.722319, 34.904117 ], [ -81.72239, 34.904039 ], [ -81.722998, 34.903403 ], [ -81.723632, 34.902731 ], [ -81.723832, 34.902522 ], [ -81.72532, 34.900956 ], [ -81.726831, 34.899333 ], [ -81.727805, 34.898286 ], [ -81.731115, 34.89464 ], [ -81.732794, 34.892936 ], [ -81.732857, 34.892868 ], [ -81.733581, 34.892134 ], [ -81.733761, 34.891972 ], [ -81.73734, 34.888327 ], [ -81.739194, 34.886446 ], [ -81.740332, 34.885294 ], [ -81.741366, 34.884051 ], [ -81.741405, 34.884007 ], [ -81.741479, 34.883921 ], [ -81.741842, 34.883482 ], [ -81.742216, 34.883038 ], [ -81.742326, 34.882906 ], [ -81.742419, 34.882794 ], [ -81.742528, 34.882663 ], [ -81.742617, 34.882556 ], [ -81.742773, 34.882371 ], [ -81.742823, 34.882312 ], [ -81.742943, 34.882179 ], [ -81.743062, 34.882074 ], [ -81.7467, 34.878897 ], [ -81.746859, 34.878759 ], [ -81.748215, 34.877579 ], [ -81.748494, 34.877336 ], [ -81.748569, 34.87727 ], [ -81.749837, 34.876157 ], [ -81.749984, 34.876028 ], [ -81.750111, 34.875913 ], [ -81.750598, 34.875544 ], [ -81.751281, 34.874974 ], [ -81.751414, 34.874864 ], [ -81.7524, 34.874072 ], [ -81.752588, 34.873923 ], [ -81.752747, 34.873799 ], [ -81.753251, 34.873369 ], [ -81.753449, 34.873201 ], [ -81.753807, 34.87289 ], [ -81.759018, 34.868563 ], [ -81.759104, 34.868519 ], [ -81.759518, 34.867967 ], [ -81.760629, 34.866476 ], [ -81.760865, 34.866159 ], [ -81.760944, 34.866054 ], [ -81.761147, 34.86578 ], [ -81.761354, 34.865502 ], [ -81.761475, 34.865341 ], [ -81.761509, 34.865293 ], [ -81.762282, 34.864251 ], [ -81.762426, 34.864056 ], [ -81.762532, 34.863913 ], [ -81.762642, 34.863765 ], [ -81.762701, 34.863685 ], [ -81.763383, 34.862764 ], [ -81.764029, 34.86189 ], [ -81.764637, 34.861068 ], [ -81.765326, 34.860136 ], [ -81.766721, 34.858248 ], [ -81.766947, 34.857944 ], [ -81.767081, 34.857764 ], [ -81.768576, 34.855835 ], [ -81.769889, 34.854167 ], [ -81.769956, 34.854076 ], [ -81.771278, 34.852303 ], [ -81.771802, 34.851617 ], [ -81.772061, 34.851275 ], [ -81.773272, 34.84968 ], [ -81.773401, 34.849509 ], [ -81.773436, 34.849463 ], [ -81.77349, 34.84939 ], [ -81.773637, 34.8492 ], [ -81.774174, 34.848496 ], [ -81.777213, 34.84452 ], [ -81.779964, 34.84091 ], [ -81.780179, 34.84063 ], [ -81.78126, 34.839215 ], [ -81.782718, 34.837306 ], [ -81.782791, 34.837211 ] ] ] ] } },
{ "type": "Feature", "properties": { "NAME": "Cherokee", "STUSPS": "SC" }, "geometry": { "type": "MultiPolygon", "coordinates": [ [ [ [ -81.488286, 35.026868 ], [ -81.488041, 35.026563 ], [ -81.487561, 35.025964 ], [ -81.486935, 35.024093 ], [ -81.486436, 35.022141 ], [ -81.485703, 35.019939 ], [ -81.485048, 35.018512 ], [ -81.484529, 35.016795 ], [ -81.484599, 35.014706 ], [ -81.484091, 35.012908 ], [ -81.483465, 35.011214 ], [ -81.483271, 35.010902 ], [ -81.483216, 35.010812 ], [ -81.482005, 35.009283 ], [ -81.48194, 35.009235 ], [ -81.481878, 35.009141 ], [ -81.481849, 35.009113 ], [ -81.481459, 35.008737 ], [ -81.480784, 35.007349 ], [ -81.48057, 35.005906 ], [ -81.481138, 35.004487 ], [ -81.482744, 35.003013 ], [ -81.484027, 35.001223 ], [ -81.484231, 35.000907 ], [ -81.484748, 34.999349 ], [ -81.484756, 34.998982 ], [ -81.48472, 34.998349 ], [ -81.484671, 34.997435 ], [ -81.484201, 34.995611 ], [ -81.483727, 34.993441 ], [ -81.483695, 34.993298 ], [ -81.482176, 34.991363 ], [ -81.481889, 34.991007 ], [ -81.480146, 34.988427 ], [ -81.477965, 34.986362 ], [ -81.477506, 34.985928 ], [ -81.477191, 34.985478 ], [ -81.476822, 34.984795 ], [ -81.47624, 34.983973 ], [ -81.475921, 34.983264 ], [ -81.475914, 34.983112 ], [ -81.475835, 34.982966 ], [ -81.475884, 34.9825 ], [ -81.475875, 34.98232 ], [ -81.475924, 34.982121 ], [ -81.476006, 34.98134 ], [ -81.476781, 34.979724 ], [ -81.478245, 34.977743 ], [ -81.478302, 34.977611 ], [ -81.478487, 34.977185 ], [ -81.47927, 34.974653 ], [ -81.479993, 34.972024 ], [ -81.480445, 34.971021 ], [ -81.480582, 34.97083 ], [ -81.480601, 34.970804 ], [ -81.480729, 34.970514 ], [ -81.480925, 34.970355 ], [ -81.480948, 34.970323 ], [ -81.482484, 34.969047 ], [ -81.48365, 34.968071 ], [ -81.484688, 34.966935 ], [ -81.485561, 34.966009 ], [ -81.486152, 34.965109 ], [ -81.486574, 34.964025 ], [ -81.486956, 34.962933 ], [ -81.486996, 34.961672 ], [ -81.487049, 34.959705 ], [ -81.487085, 34.958232 ], [ -81.487632, 34.955865 ], [ -81.48788, 34.955203 ], [ -81.491363, 34.950515 ], [ -81.491397, 34.950462 ], [ -81.492108, 34.948956 ], [ -81.492223, 34.948399 ], [ -81.492282, 34.947194 ], [ -81.49148, 34.944757 ], [ -81.489557, 34.941575 ], [ -81.487569, 34.939916 ], [ -81.487188, 34.939746 ], [ -81.482483, 34.938253 ], [ -81.479806, 34.937892 ], [ -81.479085, 34.937794 ], [ -81.478541, 34.937743 ], [ -81.477381, 34.937575 ], [ -81.477094, 34.937534 ], [ -81.47704, 34.937518 ], [ -81.475512, 34.937312 ], [ -81.473941, 34.936488 ], [ -81.473711, 34.935935 ], [ -81.47351, 34.935489 ], [ -81.473638, 34.933558 ], [ -81.473931, 34.932751 ], [ -81.474428, 34.932153 ], [ -81.47452, 34.932012 ], [ -81.474664, 34.93179 ], [ -81.475391, 34.931035 ], [ -81.476059, 34.930062 ], [ -81.476767, 34.928136 ], [ -81.476951, 34.927509 ], [ -81.477141, 34.926649 ], [ -81.477247, 34.92615 ], [ -81.477259, 34.926098 ], [ -81.477262, 34.925952 ], [ -81.477188, 34.924243 ], [ -81.47659, 34.922744 ], [ -81.475698, 34.922079 ], [ -81.472948, 34.920238 ], [ -81.471351, 34.918216 ], [ -81.471309, 34.918136 ], [ -81.470006, 34.915113 ], [ -81.470065, 34.913574 ], [ -81.47052, 34.912552 ], [ -81.470717, 34.912359 ], [ -81.47369, 34.910735 ], [ -81.474678, 34.909606 ], [ -81.475624, 34.908001 ], [ -81.476227, 34.906254 ], [ -81.476847, 34.904191 ], [ -81.477762, 34.902409 ], [ -81.478146, 34.901434 ], [ -81.478506, 34.900524 ], [ -81.47874, 34.899504 ], [ -81.478653, 34.897967 ], [ -81.478346, 34.897077 ], [ -81.477841, 34.896281 ], [ -81.477808, 34.896228 ], [ -81.475802, 34.894593 ], [ -81.475753, 34.894559 ], [ -81.474999, 34.894043 ], [ -81.474035, 34.893298 ], [ -81.473395, 34.892632 ], [ -81.47293, 34.891915 ], [ -81.472759, 34.891367 ], [ -81.472606, 34.89111 ], [ -81.472561, 34.89058 ], [ -81.472497, 34.89023 ], [ -81.472668, 34.88843 ], [ -81.472631, 34.888176 ], [ -81.472215, 34.8854 ], [ -81.472216, 34.885149 ], [ -81.472152, 34.884748 ], [ -81.472018, 34.881341 ], [ -81.471823, 34.880147 ], [ -81.471336, 34.879032 ], [ -81.471246, 34.878826 ], [ -81.470831, 34.877925 ], [ -81.470949, 34.877324 ], [ -81.470943, 34.877244 ], [ -81.470919, 34.876914 ], [ -81.471413, 34.875134 ], [ -81.471395, 34.874723 ], [ -81.471328, 34.874311 ], [ -81.470501, 34.871164 ], [ -81.470352, 34.870292 ], [ -81.47001, 34.86891 ], [ -81.469893, 34.86858 ], [ -81.46984, 34.86843 ], [ -81.469059, 34.866479 ], [ -81.469007, 34.866393 ], [ -81.468416, 34.865199 ], [ -81.467532, 34.864114 ], [ -81.467213, 34.863819 ], [ -81.466146, 34.862477 ], [ -81.465545, 34.861371 ], [ -81.465003, 34.860273 ], [ -81.464785, 34.859414 ], [ -81.464134, 34.857672 ], [ -81.463855, 34.85696 ], [ -81.463352, 34.85602 ], [ -81.463149, 34.855487 ], [ -81.463063, 34.854969 ], [ -81.463034, 34.854794 ], [ -81.462804, 34.854185 ], [ -81.462078, 34.852903 ], [ -81.460543, 34.851712 ], [ -81.457869, 34.850666 ], [ -81.456774, 34.850285 ], [ -81.456074, 34.849928 ], [ -81.454907, 34.849136 ], [ -81.454363, 34.848586 ], [ -81.45402, 34.848045 ], [ -81.453645, 34.847647 ], [ -81.453549, 34.8473 ], [ -81.453356, 34.846995 ], [ -81.453279, 34.846713 ], [ -81.453304, 34.846412 ], [ -81.453282, 34.846331 ], [ -81.456679, 34.840451 ], [ -81.457141, 34.839248 ], [ -81.457806, 34.839443 ], [ -81.457998, 34.839472 ], [ -81.458545, 34.840152 ], [ -81.459629, 34.84141 ], [ -81.463009, 34.844297 ], [ -81.463839, 34.845236 ], [ -81.464559, 34.845879 ], [ -81.465833, 34.846681 ], [ -81.46966, 34.848107 ], [ -81.470713, 34.848819 ], [ -81.471043, 34.84939 ], [ -81.47143, 34.850718 ], [ -81.471623, 34.850993 ], [ -81.472039, 34.851222 ], [ -81.473287, 34.851544 ], [ -81.476117, 34.851755 ], [ -81.477004, 34.851987 ], [ -81.478, 34.852675 ], [ -81.478527, 34.853339 ], [ -81.47897, 34.854094 ], [ -81.479329, 34.855376 ], [ -81.479298, 34.856999 ], [ -81.479381, 34.857228 ], [ -81.479685, 34.857457 ], [ -81.479991, 34.857504 ], [ -81.480406, 34.85739 ], [ -81.480684, 34.857208 ], [ -81.481046, 34.856796 ], [ -81.48138, 34.856065 ], [ -81.481603, 34.855747 ], [ -81.482269, 34.855382 ], [ -81.48263, 34.855427 ], [ -81.4831, 34.855634 ], [ -81.483433, 34.855955 ], [ -81.483571, 34.856343 ], [ -81.48365, 34.858585 ], [ -81.483788, 34.859364 ], [ -81.484314, 34.860439 ], [ -81.48459, 34.860943 ], [ -81.484755, 34.861676 ], [ -81.484505, 34.862155 ], [ -81.484116, 34.862566 ], [ -81.483291, 34.863005 ], [ -81.483004, 34.863158 ], [ -81.482533, 34.863547 ], [ -81.482143, 34.864185 ], [ -81.481725, 34.865191 ], [ -81.481586, 34.865877 ], [ -81.481613, 34.866221 ], [ -81.481945, 34.866495 ], [ -81.482998, 34.866703 ], [ -81.485135, 34.866776 ], [ -81.486356, 34.867121 ], [ -81.488824, 34.868018 ], [ -81.490877, 34.868639 ], [ -81.493651, 34.869101 ], [ -81.495205, 34.868898 ], [ -81.495788, 34.868717 ], [ -81.496483, 34.868283 ], [ -81.49726, 34.867987 ], [ -81.498676, 34.86776 ], [ -81.499648, 34.867752 ], [ -81.500373, 34.867971 ], [ -81.501204, 34.868454 ], [ -81.50124, 34.868523 ], [ -81.501401, 34.868821 ], [ -81.501912, 34.869599 ], [ -81.50197, 34.869806 ], [ -81.502791, 34.870903 ], [ -81.503665, 34.871701 ], [ -81.504058, 34.871881 ], [ -81.505627, 34.872189 ], [ -81.508683, 34.873057 ], [ -81.509553, 34.873418 ], [ -81.511552, 34.874753 ], [ -81.512254, 34.875152 ], [ -81.51304, 34.875544 ], [ -81.513741, 34.875897 ], [ -81.514252, 34.876676 ], [ -81.514872, 34.87713 ], [ -81.515415, 34.877077 ], [ -81.51566, 34.877227 ], [ -81.517251, 34.876846 ], [ -81.518561, 34.87653 ], [ -81.519317, 34.876499 ], [ -81.519906, 34.876677 ], [ -81.521454, 34.877561 ], [ -81.522432, 34.877436 ], [ -81.522738, 34.877294 ], [ -81.523151, 34.876622 ], [ -81.523165, 34.87521 ], [ -81.523322, 34.874074 ], [ -81.523459, 34.873773 ], [ -81.524348, 34.873095 ], [ -81.52638, 34.872128 ], [ -81.527352, 34.871381 ], [ -81.527795, 34.870846 ], [ -81.528121, 34.869944 ], [ -81.528138, 34.868791 ], [ -81.528023, 34.868492 ], [ -81.528126, 34.867638 ], [ -81.52857, 34.867334 ], [ -81.529213, 34.867327 ], [ -81.529888, 34.867643 ], [ -81.530937, 34.868808 ], [ -81.531164, 34.869175 ], [ -81.531694, 34.871751 ], [ -81.531786, 34.873569 ], [ -81.531781, 34.874175 ], [ -81.531879, 34.874656 ], [ -81.531934, 34.8751 ], [ -81.531949, 34.875151 ], [ -81.532953, 34.876525 ], [ -81.533268, 34.877189 ], [ -81.53333, 34.877855 ], [ -81.533252, 34.878455 ], [ -81.533368, 34.87889 ], [ -81.533567, 34.879187 ], [ -81.534073, 34.879503 ], [ -81.534576, 34.879613 ], [ -81.535297, 34.879549 ], [ -81.535748, 34.879514 ], [ -81.536192, 34.879376 ], [ -81.537026, 34.878804 ], [ -81.537165, 34.878414 ], [ -81.537222, 34.875643 ], [ -81.53707, 34.875132 ], [ -81.537057, 34.874237 ], [ -81.537474, 34.873321 ], [ -81.538141, 34.872748 ], [ -81.538808, 34.872428 ], [ -81.53992, 34.872314 ], [ -81.540392, 34.87213 ], [ -81.540809, 34.871718 ], [ -81.541115, 34.871123 ], [ -81.541226, 34.870688 ], [ -81.54131, 34.870642 ], [ -81.541421, 34.870207 ], [ -81.541699, 34.869909 ], [ -81.542088, 34.869726 ], [ -81.542421, 34.869611 ], [ -81.542922, 34.869657 ], [ -81.543533, 34.869886 ], [ -81.545311, 34.871421 ], [ -81.546339, 34.871856 ], [ -81.548062, 34.872338 ], [ -81.550619, 34.87275 ], [ -81.554176, 34.87275 ], [ -81.556038, 34.872911 ], [ -81.556816, 34.873209 ], [ -81.557483, 34.87369 ], [ -81.5584, 34.874583 ], [ -81.559095, 34.875132 ], [ -81.5599, 34.87557 ], [ -81.560233, 34.875616 ], [ -81.561011, 34.875547 ], [ -81.561546, 34.875199 ], [ -81.561653, 34.875133 ], [ -81.562286, 34.874723 ], [ -81.563022, 34.874639 ], [ -81.564039, 34.874576 ], [ -81.565023, 34.874651 ], [ -81.565834, 34.874908 ], [ -81.566006, 34.87526 ], [ -81.566318, 34.875691 ], [ -81.566426, 34.875839 ], [ -81.56656, 34.877075 ], [ -81.566666, 34.877287 ], [ -81.567432, 34.878053 ], [ -81.567905, 34.878299 ], [ -81.568271, 34.878358 ], [ -81.569695, 34.879054 ], [ -81.572984, 34.880268 ], [ -81.575382, 34.881328 ], [ -81.579536, 34.882673 ], [ -81.580289, 34.883035 ], [ -81.581771, 34.88417 ], [ -81.58278, 34.884651 ], [ -81.58318, 34.884867 ], [ -81.584865, 34.885652 ], [ -81.585643, 34.886259 ], [ -81.586733, 34.887313 ], [ -81.587199, 34.88745 ], [ -81.5881, 34.887285 ], [ -81.590239, 34.886606 ], [ -81.590559, 34.886544 ], [ -81.590641, 34.886428 ], [ -81.590974, 34.886336 ], [ -81.59472, 34.883987 ], [ -81.595415, 34.883871 ], [ -81.59664, 34.884416 ], [ -81.598392, 34.8848 ], [ -81.598948, 34.884661 ], [ -81.599503, 34.884361 ], [ -81.599836, 34.884063 ], [ -81.600693, 34.882891 ], [ -81.602079, 34.88165 ], [ -81.603744, 34.880682 ], [ -81.604798, 34.879968 ], [ -81.605269, 34.879509 ], [ -81.606071, 34.8782 ], [ -81.606431, 34.877809 ], [ -81.606985, 34.877555 ], [ -81.609097, 34.877136 ], [ -81.611602, 34.876146 ], [ -81.611902, 34.87603 ], [ -81.614241, 34.875627 ], [ -81.616829, 34.875512 ], [ -81.617792, 34.875096 ], [ -81.618225, 34.874773 ], [ -81.619004, 34.874731 ], [ -81.619755, 34.874803 ], [ -81.621508, 34.874823 ], [ -81.621981, 34.874745 ], [ -81.623598, 34.874055 ], [ -81.624071, 34.873943 ], [ -81.62482, 34.873936 ], [ -81.62632, 34.874177 ], [ -81.626737, 34.874338 ], [ -81.627528, 34.875131 ], [ -81.627596, 34.875131 ], [ -81.627736, 34.875317 ], [ -81.627833, 34.875469 ], [ -81.627894, 34.875566 ], [ -81.628125, 34.875849 ], [ -81.628689, 34.876359 ], [ -81.629076, 34.876726 ], [ -81.62943, 34.876886 ], [ -81.629895, 34.876932 ], [ -81.630344, 34.877058 ], [ -81.631019, 34.877248 ], [ -81.631662, 34.877534 ], [ -81.632626, 34.877946 ], [ -81.633365, 34.878264 ], [ -81.634185, 34.878582 ], [ -81.634923, 34.878915 ], [ -81.636097, 34.879423 ], [ -81.637479, 34.879963 ], [ -81.637817, 34.880138 ], [ -81.637833, 34.880145 ], [ -81.638163, 34.880269 ], [ -81.638373, 34.880375 ], [ -81.638708, 34.880443 ], [ -81.639255, 34.880371 ], [ -81.639961, 34.880216 ], [ -81.640557, 34.880084 ], [ -81.640742, 34.880129 ], [ -81.640774, 34.880189 ], [ -81.640917, 34.880414 ], [ -81.640902, 34.880638 ], [ -81.640805, 34.880975 ], [ -81.640692, 34.881344 ], [ -81.640355, 34.881696 ], [ -81.639905, 34.882097 ], [ -81.639344, 34.882577 ], [ -81.639022, 34.882833 ], [ -81.638477, 34.883266 ], [ -81.638299, 34.883555 ], [ -81.638427, 34.884036 ], [ -81.638603, 34.884727 ], [ -81.638779, 34.885031 ], [ -81.639099, 34.885561 ], [ -81.63942, 34.886091 ], [ -81.63982, 34.886492 ], [ -81.640188, 34.887102 ], [ -81.640621, 34.887664 ], [ -81.641086, 34.887841 ], [ -81.641599, 34.888067 ], [ -81.642466, 34.888148 ], [ -81.643074, 34.888357 ], [ -81.643348, 34.888373 ], [ -81.64354, 34.888646 ], [ -81.643635, 34.889112 ], [ -81.643635, 34.889497 ], [ -81.643618, 34.889945 ], [ -81.64349, 34.890459 ], [ -81.643457, 34.890875 ], [ -81.643425, 34.891341 ], [ -81.643599, 34.891999 ], [ -81.643792, 34.892592 ], [ -81.644048, 34.893427 ], [ -81.64424, 34.894213 ], [ -81.644399, 34.894999 ], [ -81.644462, 34.89556 ], [ -81.64451, 34.896202 ], [ -81.64475, 34.896604 ], [ -81.64499, 34.897181 ], [ -81.645535, 34.897984 ], [ -81.645822, 34.89853 ], [ -81.646255, 34.899204 ], [ -81.64672, 34.900151 ], [ -81.6468, 34.900183 ], [ -81.647184, 34.900473 ], [ -81.647745, 34.900778 ], [ -81.648402, 34.901003 ], [ -81.648996, 34.90126 ], [ -81.649718, 34.901486 ], [ -81.650295, 34.901679 ], [ -81.651145, 34.901873 ], [ -81.651947, 34.901986 ], [ -81.652461, 34.901859 ], [ -81.653327, 34.901779 ], [ -81.654257, 34.9017 ], [ -81.655075, 34.901524 ], [ -81.655685, 34.901493 ], [ -81.656456, 34.901414 ], [ -81.657114, 34.90127 ], [ -81.657724, 34.900982 ], [ -81.658334, 34.900501 ], [ -81.658767, 34.900084 ], [ -81.659346, 34.899556 ], [ -81.660502, 34.898851 ], [ -81.661577, 34.898484 ], [ -81.662203, 34.89842 ], [ -81.66291, 34.898501 ], [ -81.663631, 34.898679 ], [ -81.664304, 34.899064 ], [ -81.664753, 34.899417 ], [ -81.665282, 34.899915 ], [ -81.665826, 34.900462 ], [ -81.666356, 34.900719 ], [ -81.667174, 34.900945 ], [ -81.667975, 34.901074 ], [ -81.668665, 34.901539 ], [ -81.668793, 34.901844 ], [ -81.668888, 34.902166 ], [ -81.668808, 34.902519 ], [ -81.668984, 34.902984 ], [ -81.669385, 34.903209 ], [ -81.670042, 34.903418 ], [ -81.671069, 34.903483 ], [ -81.671999, 34.903676 ], [ -81.672641, 34.903918 ], [ -81.673298, 34.903935 ], [ -81.673828, 34.903759 ], [ -81.67439, 34.903374 ], [ -81.674583, 34.90299 ], [ -81.674904, 34.902605 ], [ -81.675402, 34.902157 ], [ -81.675981, 34.90158 ], [ -81.676687, 34.901083 ], [ -81.67704, 34.900907 ], [ -81.677585, 34.900892 ], [ -81.677986, 34.901197 ], [ -81.67797, 34.90131 ], [ -81.678034, 34.901662 ], [ -81.678034, 34.902111 ], [ -81.678033, 34.902545 ], [ -81.678064, 34.903058 ], [ -81.67816, 34.903555 ], [ -81.678352, 34.904213 ], [ -81.678511, 34.905272 ], [ -81.678478, 34.905946 ], [ -81.678606, 34.906588 ], [ -81.678702, 34.907021 ], [ -81.678861, 34.907166 ], [ -81.679407, 34.907519 ], [ -81.68024, 34.907841 ], [ -81.681138, 34.908452 ], [ -81.681748, 34.908998 ], [ -81.682356, 34.909641 ], [ -81.683221, 34.910363 ], [ -81.683766, 34.911134 ], [ -81.683894, 34.911551 ], [ -81.684118, 34.912177 ], [ -81.684342, 34.912803 ], [ -81.684598, 34.913027 ], [ -81.685272, 34.913013 ], [ -81.685818, 34.91282 ], [ -81.686396, 34.912532 ], [ -81.687006, 34.912148 ], [ -81.68768, 34.911507 ], [ -81.688355, 34.91077 ], [ -81.688981, 34.910161 ], [ -81.689832, 34.909745 ], [ -81.690635, 34.909457 ], [ -81.691149, 34.909057 ], [ -81.69147, 34.908384 ], [ -81.69176, 34.907774 ], [ -81.692081, 34.907132 ], [ -81.69245, 34.906619 ], [ -81.693558, 34.906172 ], [ -81.694296, 34.906076 ], [ -81.694488, 34.906157 ], [ -81.695259, 34.906334 ], [ -81.695932, 34.906495 ], [ -81.696573, 34.906464 ], [ -81.697409, 34.906176 ], [ -81.698388, 34.905888 ], [ -81.699271, 34.905857 ], [ -81.699428, 34.905868 ], [ -81.700425, 34.905939 ], [ -81.70066, 34.905976 ], [ -81.701957, 34.906157 ], [ -81.70346, 34.906719 ], [ -81.70367, 34.906907 ], [ -81.704009, 34.907267 ], [ -81.704433, 34.90788 ], [ -81.705003, 34.908744 ], [ -81.70554, 34.909483 ], [ -81.705986, 34.91054 ], [ -81.706234, 34.911108 ], [ -81.706589, 34.911468 ], [ -81.707071, 34.911746 ], [ -81.707614, 34.911896 ], [ -81.708348, 34.912091 ], [ -81.709145, 34.912237 ], [ -81.709846, 34.912337 ], [ -81.710419, 34.912423 ], [ -81.711216, 34.912521 ], [ -81.711566, 34.912753 ], [ -81.71307, 34.912913 ], [ -81.714094, 34.912865 ], [ -81.714337, 34.912798 ], [ -81.714608, 34.91277 ], [ -81.714694, 34.91276 ], [ -81.714774, 34.912754 ], [ -81.714856, 34.91275 ], [ -81.715019, 34.912733 ], [ -81.715158, 34.912721 ], [ -81.715264, 34.91271 ], [ -81.715313, 34.912704 ], [ -81.715377, 34.912695 ], [ -81.715523, 34.912668 ], [ -81.715649, 34.912644 ], [ -81.715847, 34.912618 ], [ -81.716214, 34.912565 ], [ -81.71629, 34.912546 ], [ -81.716402, 34.912512 ], [ -81.716482, 34.912493 ], [ -81.716607, 34.912436 ], [ -81.716713, 34.912376 ], [ -81.716782, 34.912336 ], [ -81.716899, 34.912272 ], [ -81.717014, 34.912223 ], [ -81.717078, 34.912191 ], [ -81.717309, 34.912152 ], [ -81.71757, 34.912174 ], [ -81.717675, 34.912191 ], [ -81.717794, 34.912195 ], [ -81.717873, 34.912212 ], [ -81.71809, 34.912397 ], [ -81.718126, 34.912431 ], [ -81.718286, 34.912545 ], [ -81.718638, 34.913105 ], [ -81.718862, 34.913745 ], [ -81.71899, 34.914545 ], [ -81.718996, 34.914607 ], [ -81.719013, 34.914681 ], [ -81.719034, 34.914782 ], [ -81.719054, 34.914889 ], [ -81.719071, 34.914994 ], [ -81.719085, 34.91509 ], [ -81.719102, 34.915185 ], [ -81.719115, 34.915284 ], [ -81.719132, 34.915393 ], [ -81.71916, 34.915538 ], [ -81.71917, 34.915612 ], [ -81.719199, 34.915752 ], [ -81.71922, 34.915827 ], [ -81.719257, 34.916 ], [ -81.719292, 34.916174 ], [ -81.719337, 34.916348 ], [ -81.719359, 34.916429 ], [ -81.719364, 34.916452 ], [ -81.719367, 34.916465 ], [ -81.719432, 34.91665 ], [ -81.719484, 34.916762 ], [ -81.719559, 34.916842 ], [ -81.719651, 34.916907 ], [ -81.719742, 34.916953 ], [ -81.719836, 34.916976 ], [ -81.719918, 34.917009 ], [ -81.720414, 34.917153 ], [ -81.72075, 34.917249 ], [ -81.720862, 34.917263 ], [ -81.720939, 34.917284 ], [ -81.721081, 34.917315 ], [ -81.721368, 34.917347 ], [ -81.721493, 34.917358 ], [ -81.721573, 34.917371 ], [ -81.721691, 34.917372 ], [ -81.72179, 34.91739 ], [ -81.721911, 34.917409 ], [ -81.722023, 34.91743 ], [ -81.722099, 34.917442 ], [ -81.722185, 34.917451 ], [ -81.722265, 34.917459 ], [ -81.722315, 34.917465 ], [ -81.722422, 34.917472 ], [ -81.722537, 34.917481 ], [ -81.72267, 34.917487 ], [ -81.722793, 34.917497 ], [ -81.722945, 34.917503 ], [ -81.723077, 34.917506 ], [ -81.723235, 34.917511 ], [ -81.723464, 34.917521 ], [ -81.723578, 34.917526 ], [ -81.723747, 34.917547 ], [ -81.723821, 34.917561 ], [ -81.723931, 34.917599 ], [ -81.724005, 34.917633 ], [ -81.724085, 34.917666 ], [ -81.724172, 34.917712 ], [ -81.724253, 34.917766 ], [ -81.724287, 34.917791 ], [ -81.724349, 34.917836 ], [ -81.724401, 34.917883 ], [ -81.724485, 34.91797 ], [ -81.724586, 34.918078 ], [ -81.724644, 34.918145 ], [ -81.724729, 34.91825 ], [ -81.724804, 34.918359 ], [ -81.72484, 34.918427 ], [ -81.724887, 34.918543 ], [ -81.724904, 34.918614 ], [ -81.724915, 34.918677 ], [ -81.724927, 34.918752 ], [ -81.724938, 34.918815 ], [ -81.724955, 34.918894 ], [ -81.724969, 34.918969 ], [ -81.724985, 34.919035 ], [ -81.725028, 34.919159 ], [ -81.725038, 34.919205 ], [ -81.725045, 34.91924 ], [ -81.725068, 34.919333 ], [ -81.725119, 34.919507 ], [ -81.72514, 34.919584 ], [ -81.72517, 34.919665 ], [ -81.725208, 34.919746 ], [ -81.725235, 34.919813 ], [ -81.725271, 34.919898 ], [ -81.72531, 34.919981 ], [ -81.725353, 34.920054 ], [ -81.725388, 34.920117 ], [ -81.725405, 34.920144 ], [ -81.725427, 34.920176 ], [ -81.725485, 34.920273 ], [ -81.725654, 34.920447 ], [ -81.725754, 34.92055 ], [ -81.725807, 34.920594 ], [ -81.725861, 34.920643 ], [ -81.725993, 34.920761 ], [ -81.726087, 34.92084 ], [ -81.726154, 34.920899 ], [ -81.726209, 34.92095 ], [ -81.726357, 34.921041 ], [ -81.726394, 34.921058 ], [ -81.726481, 34.921096 ], [ -81.726574, 34.921125 ], [ -81.726672, 34.921151 ], [ -81.726747, 34.921168 ], [ -81.726777, 34.921175 ], [ -81.726869, 34.921205 ], [ -81.726961, 34.921223 ], [ -81.72696, 34.921322 ], [ -81.72696, 34.921349 ], [ -81.726973, 34.921428 ], [ -81.726976, 34.921449 ], [ -81.726997, 34.921472 ], [ -81.727038, 34.921519 ], [ -81.727125, 34.921562 ], [ -81.727193, 34.921593 ], [ -81.727287, 34.921645 ], [ -81.727346, 34.921686 ], [ -81.727379, 34.921724 ], [ -81.727397, 34.921745 ], [ -81.727424, 34.921777 ], [ -81.727468, 34.921834 ], [ -81.727531, 34.921931 ], [ -81.727589, 34.922007 ], [ -81.727637, 34.922065 ], [ -81.727708, 34.922135 ], [ -81.727809, 34.922192 ], [ -81.727878, 34.922228 ], [ -81.727975, 34.922248 ], [ -81.728077, 34.922244 ], [ -81.728193, 34.922246 ], [ -81.728295, 34.922265 ], [ -81.728448, 34.922318 ], [ -81.728524, 34.922336 ], [ -81.728557, 34.92234 ], [ -81.728779, 34.922368 ], [ -81.728889, 34.922368 ], [ -81.728971, 34.922344 ], [ -81.729038, 34.922299 ], [ -81.729156, 34.922186 ], [ -81.729229, 34.922094 ], [ -81.729315, 34.922028 ], [ -81.729391, 34.921993 ], [ -81.729512, 34.921947 ], [ -81.72959, 34.92192 ], [ -81.729744, 34.921876 ], [ -81.729854, 34.921838 ], [ -81.729932, 34.92182 ], [ -81.73, 34.921863 ], [ -81.73007, 34.921943 ], [ -81.730144, 34.922033 ], [ -81.730214, 34.922103 ], [ -81.730278, 34.922152 ], [ -81.730371, 34.922237 ], [ -81.730429, 34.922313 ], [ -81.730459, 34.922397 ], [ -81.730438, 34.922511 ], [ -81.730386, 34.922562 ], [ -81.730325, 34.922613 ], [ -81.73025, 34.922649 ], [ -81.730174, 34.922678 ], [ -81.7301, 34.92273 ], [ -81.730019, 34.922841 ], [ -81.729981, 34.922908 ], [ -81.729968, 34.92299 ], [ -81.729919, 34.923079 ], [ -81.729863, 34.923156 ], [ -81.729848, 34.923175 ], [ -81.729837, 34.923213 ], [ -81.729791, 34.923377 ], [ -81.729817, 34.923432 ], [ -81.729872, 34.923497 ], [ -81.729934, 34.923581 ], [ -81.730006, 34.923671 ], [ -81.730057, 34.92372 ], [ -81.730084, 34.923781 ], [ -81.730133, 34.923851 ], [ -81.73019, 34.923906 ], [ -81.730241, 34.923968 ], [ -81.730323, 34.924041 ], [ -81.730396, 34.924112 ], [ -81.730421, 34.92415 ], [ -81.73045, 34.924193 ], [ -81.730474, 34.924263 ], [ -81.730478, 34.924325 ], [ -81.730496, 34.924403 ], [ -81.730508, 34.924476 ], [ -81.730583, 34.924687 ], [ -81.730617, 34.924752 ], [ -81.730658, 34.924857 ], [ -81.730687, 34.92496 ], [ -81.7307, 34.925009 ], [ -81.730709, 34.925058 ], [ -81.730716, 34.925135 ], [ -81.730728, 34.925206 ], [ -81.73073, 34.925311 ], [ -81.730746, 34.925389 ], [ -81.730765, 34.925552 ], [ -81.730815, 34.925609 ], [ -81.730886, 34.925657 ], [ -81.730911, 34.925737 ], [ -81.731004, 34.925796 ], [ -81.7311, 34.925834 ], [ -81.731349, 34.926001 ], [ -81.731435, 34.926076 ], [ -81.73152, 34.92616 ], [ -81.731536, 34.926222 ], [ -81.731516, 34.926293 ], [ -81.731488, 34.92636 ], [ -81.731559, 34.926419 ], [ -81.731598, 34.926496 ], [ -81.731558, 34.926553 ], [ -81.73151, 34.926601 ], [ -81.731473, 34.926673 ], [ -81.73148, 34.926811 ], [ -81.731516, 34.926881 ], [ -81.73159, 34.926998 ], [ -81.731648, 34.927094 ], [ -81.731657, 34.927116 ], [ -81.731666, 34.927135 ], [ -81.731786, 34.927269 ], [ -81.731854, 34.927295 ], [ -81.731961, 34.927325 ], [ -81.732029, 34.927359 ], [ -81.732087, 34.927439 ], [ -81.732222, 34.927705 ], [ -81.732239, 34.927779 ], [ -81.732245, 34.927854 ], [ -81.732235, 34.927928 ], [ -81.732211, 34.927999 ], [ -81.732185, 34.92806 ], [ -81.732176, 34.928082 ], [ -81.732158, 34.928144 ], [ -81.732151, 34.928218 ], [ -81.732158, 34.928296 ], [ -81.732161, 34.928332 ], [ -81.73217, 34.928426 ], [ -81.732196, 34.9285 ], [ -81.732231, 34.928591 ], [ -81.732266, 34.928652 ], [ -81.732285, 34.928731 ], [ -81.732285, 34.928821 ], [ -81.732283, 34.928846 ], [ -81.732271, 34.928953 ], [ -81.732295, 34.92906 ], [ -81.732317, 34.929143 ], [ -81.732366, 34.929199 ], [ -81.732383, 34.92922 ], [ -81.732439, 34.929291 ], [ -81.7325, 34.929338 ], [ -81.732588, 34.929383 ], [ -81.732672, 34.929436 ], [ -81.732754, 34.929487 ], [ -81.732867, 34.929515 ], [ -81.732959, 34.929527 ], [ -81.732972, 34.929529 ], [ -81.733062, 34.929547 ], [ -81.733163, 34.929589 ], [ -81.733266, 34.929669 ], [ -81.733316, 34.929747 ], [ -81.733328, 34.929764 ], [ -81.733373, 34.929821 ], [ -81.73343, 34.929882 ], [ -81.733466, 34.929943 ], [ -81.733519, 34.930032 ], [ -81.733489, 34.930099 ], [ -81.733485, 34.930159 ], [ -81.733523, 34.930228 ], [ -81.733587, 34.930271 ], [ -81.733675, 34.930305 ], [ -81.733774, 34.930352 ], [ -81.733859, 34.93041 ], [ -81.73389, 34.930483 ], [ -81.733903, 34.930548 ], [ -81.733912, 34.93061 ], [ -81.733907, 34.930707 ], [ -81.733906, 34.930728 ], [ -81.733894, 34.93081 ], [ -81.73387, 34.930937 ], [ -81.733856, 34.931007 ], [ -81.733838, 34.931071 ], [ -81.733816, 34.931135 ], [ -81.733788, 34.931196 ], [ -81.733779, 34.931265 ], [ -81.733802, 34.931345 ], [ -81.733853, 34.931431 ], [ -81.733858, 34.93144 ], [ -81.733872, 34.931463 ], [ -81.733922, 34.931548 ], [ -81.733972, 34.931651 ], [ -81.734009, 34.931715 ], [ -81.73409, 34.931803 ], [ -81.73414, 34.931912 ], [ -81.734153, 34.931996 ], [ -81.734213, 34.932109 ], [ -81.734279, 34.93217 ], [ -81.734287, 34.93224 ], [ -81.734314, 34.932303 ], [ -81.734371, 34.932367 ], [ -81.734451, 34.93239 ], [ -81.734508, 34.932469 ], [ -81.73459, 34.932554 ], [ -81.734665, 34.932666 ], [ -81.734709, 34.932766 ], [ -81.734716, 34.932787 ], [ -81.734739, 34.93286 ], [ -81.734767, 34.933002 ], [ -81.734933, 34.933044 ], [ -81.734971, 34.933037 ], [ -81.741164, 34.93168 ], [ -81.747063, 34.930389 ], [ -81.74756, 34.930289 ], [ -81.749244, 34.929911 ], [ -81.752473, 34.931117 ], [ -81.75308, 34.93062 ], [ -81.753259, 34.930472 ], [ -81.753601, 34.930192 ], [ -81.753663, 34.930192 ], [ -81.753999, 34.930272 ], [ -81.754079, 34.930272 ], [ -81.754383, 34.930304 ], [ -81.754501, 34.930317 ], [ -81.754904, 34.93032 ], [ -81.755098, 34.930323 ], [ -81.755195, 34.930609 ], [ -81.75528, 34.930856 ], [ -81.75609, 34.93323 ], [ -81.756771, 34.935213 ], [ -81.757201, 34.936462 ], [ -81.765186, 34.959697 ], [ -81.766184, 34.962641 ], [ -81.770755, 34.975928 ], [ -81.775422, 34.989501 ], [ -81.775688, 34.990278 ], [ -81.778092, 34.997271 ], [ -81.781615, 35.007522 ], [ -81.78393, 35.014254 ], [ -81.785674, 35.019329 ], [ -81.785718, 35.019416 ], [ -81.786424, 35.020725 ], [ -81.786597, 35.021046 ], [ -81.786825, 35.021462 ], [ -81.786948, 35.021695 ], [ -81.788202, 35.024015 ], [ -81.788233, 35.024096 ], [ -81.790498, 35.028287 ], [ -81.794331, 35.035378 ], [ -81.797469, 35.035436 ], [ -81.801107, 35.035504 ], [ -81.802013, 35.035525 ], [ -81.805842, 35.035591 ], [ -81.807648, 35.035624 ], [ -81.807646, 35.035646 ], [ -81.807392, 35.039281 ], [ -81.80678, 35.048008 ], [ -81.806767, 35.048194 ], [ -81.806745, 35.048505 ], [ -81.806711, 35.048985 ], [ -81.806252, 35.055505 ], [ -81.806131, 35.057244 ], [ -81.808962, 35.062487 ], [ -81.809136, 35.062811 ], [ -81.809744, 35.063937 ], [ -81.809831, 35.064093 ], [ -81.810114, 35.064621 ], [ -81.811878, 35.067904 ], [ -81.813991, 35.071809 ], [ -81.815425, 35.074455 ], [ -81.816019, 35.07556 ], [ -81.817951, 35.079117 ], [ -81.821577, 35.085859 ], [ -81.821826, 35.086311 ], [ -81.823295, 35.088979 ], [ -81.823425, 35.089262 ], [ -81.823542, 35.089479 ], [ -81.823701, 35.089773 ], [ -81.823949, 35.090232 ], [ -81.824533, 35.091313 ], [ -81.824726, 35.09167 ], [ -81.824747, 35.091709 ], [ -81.825106, 35.092371 ], [ -81.825585, 35.093259 ], [ -81.825797, 35.093652 ], [ -81.826015, 35.094056 ], [ -81.826438, 35.094836 ], [ -81.82669, 35.095304 ], [ -81.826795, 35.095497 ], [ -81.826908, 35.09569 ], [ -81.826978, 35.09582 ], [ -81.828038, 35.097781 ], [ -81.828602, 35.098823 ], [ -81.830398, 35.102144 ], [ -81.833596, 35.108056 ], [ -81.836518, 35.113458 ], [ -81.838997, 35.118019 ], [ -81.839447, 35.118848 ], [ -81.839502, 35.118965 ], [ -81.839623, 35.119218 ], [ -81.839818, 35.119579 ], [ -81.840142, 35.120176 ], [ -81.840542, 35.120916 ], [ -81.840747, 35.121295 ], [ -81.840824, 35.121438 ], [ -81.841203, 35.122138 ], [ -81.841326, 35.122365 ], [ -81.841465, 35.122622 ], [ -81.841605, 35.122881 ], [ -81.841663, 35.122988 ], [ -81.841704, 35.123064 ], [ -81.841782, 35.123208 ], [ -81.841878, 35.123385 ], [ -81.841919, 35.123461 ], [ -81.841973, 35.123561 ], [ -81.842179, 35.123941 ], [ -81.842298, 35.124161 ], [ -81.842498, 35.124531 ], [ -81.842711, 35.124925 ], [ -81.842813, 35.125113 ], [ -81.842952, 35.12537 ], [ -81.843076, 35.125582 ], [ -81.843122, 35.125661 ], [ -81.844298, 35.127839 ], [ -81.847689, 35.134124 ], [ -81.847819, 35.134365 ], [ -81.847858, 35.134437 ], [ -81.848492, 35.135611 ], [ -81.850864, 35.140007 ], [ -81.850967, 35.140199 ], [ -81.851751, 35.14165 ], [ -81.85331, 35.144527 ], [ -81.853523, 35.144933 ], [ -81.853535, 35.144955 ], [ -81.85357, 35.145008 ], [ -81.853615, 35.145077 ], [ -81.853853, 35.145519 ], [ -81.854485, 35.146688 ], [ -81.854604, 35.146907 ], [ -81.855394, 35.148368 ], [ -81.855469, 35.148506 ], [ -81.855629, 35.148801 ], [ -81.856326, 35.15009 ], [ -81.85693, 35.151205 ], [ -81.857049, 35.151426 ], [ -81.857158, 35.151628 ], [ -81.857181, 35.151671 ], [ -81.85734, 35.151963 ], [ -81.85739, 35.152056 ], [ -81.857436, 35.15214 ], [ -81.857572, 35.152392 ], [ -81.857977, 35.153141 ], [ -81.859125, 35.155263 ], [ -81.859633, 35.156202 ], [ -81.860209, 35.157267 ], [ -81.860691, 35.158161 ], [ -81.86074, 35.158252 ], [ -81.860806, 35.158369 ], [ -81.862216, 35.160976 ], [ -81.863098, 35.162609 ], [ -81.864076, 35.164418 ], [ -81.865363, 35.166793 ], [ -81.865627, 35.16728 ], [ -81.86597, 35.167916 ], [ -81.872213, 35.179458 ], [ -81.872429, 35.179858 ], [ -81.874689, 35.184036 ], [ -81.874597, 35.184034 ], [ -81.874389, 35.184031 ], [ -81.871913, 35.183975 ], [ -81.870409, 35.183943 ], [ -81.869968, 35.183933 ], [ -81.86814, 35.183869 ], [ -81.86812, 35.183868 ], [ -81.857838, 35.183508 ], [ -81.857651, 35.183502 ], [ -81.857625, 35.183501 ], [ -81.850215, 35.183241 ], [ -81.850024, 35.183235 ], [ -81.849761, 35.183226 ], [ -81.849569, 35.183231 ], [ -81.84409, 35.183036 ], [ -81.84404, 35.183035 ], [ -81.840943, 35.182926 ], [ -81.840598, 35.182912 ], [ -81.840432, 35.182905 ], [ -81.836683, 35.182757 ], [ -81.834866, 35.182685 ], [ -81.83325, 35.182671 ], [ -81.828907, 35.182632 ], [ -81.820352, 35.182262 ], [ -81.81741, 35.182135 ], [ -81.815843, 35.182067 ], [ -81.815386, 35.182047 ], [ -81.814136, 35.181993 ], [ -81.812549, 35.181924 ], [ -81.8116, 35.18189 ], [ -81.809816, 35.181826 ], [ -81.807003, 35.181724 ], [ -81.806208, 35.181695 ], [ -81.805695, 35.181667 ], [ -81.804494, 35.181617 ], [ -81.803051, 35.18154 ], [ -81.801788, 35.181498 ], [ -81.799444, 35.181422 ], [ -81.798904, 35.181405 ], [ -81.797284, 35.181355 ], [ -81.796745, 35.181339 ], [ -81.796601, 35.181336 ], [ -81.796403, 35.181347 ], [ -81.796279, 35.181354 ], [ -81.795449, 35.181325 ], [ -81.793204, 35.181247 ], [ -81.787649, 35.181113 ], [ -81.783267, 35.181008 ], [ -81.780144, 35.180933 ], [ -81.77971, 35.18091 ], [ -81.778947, 35.180879 ], [ -81.778173, 35.180874 ], [ -81.777102, 35.180846 ], [ -81.774945, 35.18079 ], [ -81.768102, 35.180611 ], [ -81.768035, 35.180609 ], [ -81.765174, 35.180537 ], [ -81.763362, 35.18049 ], [ -81.759553, 35.180345 ], [ -81.753502, 35.180114 ], [ -81.749875, 35.180019 ], [ -81.743006, 35.179725 ], [ -81.74294, 35.179715 ], [ -81.742885, 35.17972 ], [ -81.740943, 35.179636 ], [ -81.724263, 35.179 ], [ -81.72418, 35.178996 ], [ -81.721599, 35.178901 ], [ -81.721051, 35.178886 ], [ -81.70863, 35.178446 ], [ -81.703233, 35.178254 ], [ -81.689546, 35.177656 ], [ -81.686588, 35.177535 ], [ -81.675511, 35.177079 ], [ -81.675458, 35.177077 ], [ -81.666299, 35.176701 ], [ -81.663849, 35.176616 ], [ -81.663738, 35.176612 ], [ -81.660863, 35.176495 ], [ -81.660651, 35.176486 ], [ -81.654566, 35.176239 ], [ -81.646264, 35.175903 ], [ -81.643509, 35.175807 ], [ -81.639078, 35.175652 ], [ -81.638961, 35.175648 ], [ -81.635967, 35.175544 ], [ -81.629628, 35.17527 ], [ -81.624724, 35.17505 ], [ -81.614793, 35.174608 ], [ -81.610193, 35.174402 ], [ -81.609544, 35.174374 ], [ -81.609001, 35.17435 ], [ -81.599282, 35.173915 ], [ -81.590429, 35.17352 ], [ -81.581665, 35.173129 ], [ -81.579618, 35.173038 ], [ -81.576589, 35.172903 ], [ -81.573535, 35.172766 ], [ -81.572807, 35.172741 ], [ -81.566327, 35.172518 ], [ -81.56389, 35.172435 ], [ -81.548368, 35.171903 ], [ -81.544436, 35.171767 ], [ -81.543339, 35.17173 ], [ -81.539542, 35.1716 ], [ -81.538115, 35.17155 ], [ -81.53708, 35.171516 ], [ -81.527878, 35.171198 ], [ -81.522105, 35.170991 ], [ -81.516867, 35.170805 ], [ -81.516558, 35.170793 ], [ -81.513385, 35.17068 ], [ -81.513333, 35.17067 ], [ -81.513277, 35.170664 ], [ -81.51303, 35.17065 ], [ -81.512142, 35.17063 ], [ -81.511977, 35.170626 ], [ -81.509658, 35.170568 ], [ -81.509201, 35.170552 ], [ -81.508488, 35.170525 ], [ -81.507486, 35.170486 ], [ -81.507013, 35.170468 ], [ -81.503835, 35.170399 ], [ -81.503417, 35.170378 ], [ -81.500479, 35.170254 ], [ -81.494471, 35.170001 ], [ -81.493339, 35.169945 ], [ -81.490234, 35.169816 ], [ -81.484495, 35.169593 ], [ -81.476083, 35.169266 ], [ -81.472043, 35.169108 ], [ -81.470014, 35.169024 ], [ -81.467663, 35.168929 ], [ -81.466871, 35.168856 ], [ -81.461617, 35.168644 ], [ -81.461408, 35.168641 ], [ -81.459753, 35.168617 ], [ -81.459501, 35.168603 ], [ -81.459114, 35.168573 ], [ -81.458773, 35.168565 ], [ -81.458456, 35.168533 ], [ -81.458291, 35.168475 ], [ -81.45809, 35.168445 ], [ -81.457423, 35.16839 ], [ -81.457026, 35.168409 ], [ -81.456104, 35.168439 ], [ -81.455502, 35.168416 ], [ -81.455456, 35.168414 ], [ -81.454961, 35.168374 ], [ -81.454351, 35.168349 ], [ -81.453749, 35.168311 ], [ -81.452829, 35.168284 ], [ -81.45249, 35.168274 ], [ -81.45243, 35.168274 ], [ -81.451643, 35.168275 ], [ -81.451411, 35.168265 ], [ -81.451035, 35.168249 ], [ -81.450568, 35.16823 ], [ -81.45032, 35.16822 ], [ -81.443487, 35.167942 ], [ -81.443174, 35.167942 ], [ -81.443143, 35.167942 ], [ -81.442956, 35.167941 ], [ -81.442742, 35.167928 ], [ -81.44176, 35.16787 ], [ -81.441222, 35.167849 ], [ -81.438475, 35.167736 ], [ -81.435838, 35.167628 ], [ -81.43377, 35.167544 ], [ -81.427562, 35.167452 ], [ -81.42746, 35.16745 ], [ -81.419745, 35.167335 ], [ -81.415397, 35.167291 ], [ -81.414317, 35.16728 ], [ -81.413743, 35.167274 ], [ -81.410321, 35.167239 ], [ -81.408382, 35.167219 ], [ -81.406923, 35.167139 ], [ -81.398865, 35.166664 ], [ -81.394899, 35.166425 ], [ -81.388526, 35.16605 ], [ -81.38601, 35.165903 ], [ -81.38562, 35.16588 ], [ -81.385134, 35.165851 ], [ -81.381626, 35.165643 ], [ -81.367086, 35.164908 ], [ -81.3666, 35.164883 ], [ -81.367209, 35.164404 ], [ -81.367594, 35.1641 ], [ -81.367778, 35.163957 ], [ -81.367957, 35.163818 ], [ -81.368149, 35.163669 ], [ -81.368338, 35.163521 ], [ -81.368484, 35.163407 ], [ -81.368651, 35.163278 ], [ -81.368855, 35.163119 ], [ -81.369009, 35.162999 ], [ -81.369231, 35.162826 ], [ -81.369404, 35.162691 ], [ -81.369557, 35.162572 ], [ -81.369858, 35.162337 ], [ -81.37007, 35.162172 ], [ -81.370282, 35.162007 ], [ -81.370824, 35.161585 ], [ -81.370919, 35.161511 ], [ -81.37142, 35.161121 ], [ -81.371841, 35.160793 ], [ -81.371963, 35.160698 ], [ -81.37226, 35.160467 ], [ -81.372629, 35.160179 ], [ -81.372972, 35.159912 ], [ -81.373326, 35.159636 ], [ -81.373829, 35.159245 ], [ -81.374123, 35.159016 ], [ -81.37451, 35.158714 ], [ -81.374847, 35.158452 ], [ -81.375234, 35.15815 ], [ -81.375702, 35.157786 ], [ -81.375931, 35.157604 ], [ -81.376047, 35.157517 ], [ -81.37654, 35.157133 ], [ -81.37671, 35.157 ], [ -81.376916, 35.15684 ], [ -81.377275, 35.15656 ], [ -81.377641, 35.156275 ], [ -81.377711, 35.156221 ], [ -81.378039, 35.155965 ], [ -81.378368, 35.155709 ], [ -81.378746, 35.155414 ], [ -81.379164, 35.155089 ], [ -81.379531, 35.154803 ], [ -81.380051, 35.154397 ], [ -81.3805, 35.154048 ], [ -81.380982, 35.153672 ], [ -81.381646, 35.153155 ], [ -81.382055, 35.152836 ], [ -81.382784, 35.152268 ], [ -81.383578, 35.15165 ], [ -81.384206, 35.15116 ], [ -81.384749, 35.150737 ], [ -81.385366, 35.150257 ], [ -81.386, 35.149762 ], [ -81.386605, 35.149291 ], [ -81.387192, 35.148833 ], [ -81.387441, 35.148639 ], [ -81.388006, 35.148199 ], [ -81.388172, 35.148075 ], [ -81.388545, 35.147779 ], [ -81.389353, 35.14715 ], [ -81.390065, 35.146595 ], [ -81.391271, 35.145655 ], [ -81.391943, 35.145131 ], [ -81.392201, 35.144933 ], [ -81.392913, 35.144375 ], [ -81.393718, 35.143747 ], [ -81.394705, 35.142978 ], [ -81.395295, 35.142519 ], [ -81.395601, 35.142279 ], [ -81.395895, 35.142051 ], [ -81.396334, 35.141708 ], [ -81.396824, 35.141327 ], [ -81.397441, 35.140846 ], [ -81.397836, 35.140537 ], [ -81.398543, 35.139986 ], [ -81.399207, 35.139469 ], [ -81.399779, 35.139023 ], [ -81.400206, 35.13869 ], [ -81.40096, 35.138102 ], [ -81.401435, 35.137732 ], [ -81.402521, 35.136886 ], [ -81.402531, 35.136739 ], [ -81.402588, 35.13592 ], [ -81.402643, 35.135139 ], [ -81.402692, 35.134443 ], [ -81.402729, 35.133914 ], [ -81.402756, 35.133522 ], [ -81.402796, 35.13295 ], [ -81.402839, 35.132343 ], [ -81.402877, 35.131795 ], [ -81.402915, 35.131259 ], [ -81.402966, 35.130517 ], [ -81.402987, 35.130217 ], [ -81.403051, 35.129316 ], [ -81.403082, 35.128871 ], [ -81.403121, 35.128307 ], [ -81.403155, 35.127819 ], [ -81.403186, 35.12738 ], [ -81.403225, 35.126827 ], [ -81.4033, 35.125745 ], [ -81.403329, 35.125334 ], [ -81.40339, 35.124472 ], [ -81.40343, 35.12389 ], [ -81.403476, 35.123242 ], [ -81.403552, 35.12229 ], [ -81.403571, 35.121877 ], [ -81.403611, 35.121312 ], [ -81.403657, 35.120647 ], [ -81.403722, 35.119722 ], [ -81.403757, 35.119159 ], [ -81.403925, 35.116816 ], [ -81.403984, 35.115983 ], [ -81.404024, 35.115408 ], [ -81.404094, 35.114405 ], [ -81.404146, 35.11366 ], [ -81.404196, 35.112945 ], [ -81.404232, 35.112427 ], [ -81.404277, 35.111785 ], [ -81.404307, 35.111364 ], [ -81.404356, 35.110656 ], [ -81.404402, 35.110006 ], [ -81.404489, 35.108753 ], [ -81.404525, 35.108232 ], [ -81.404545, 35.107943 ], [ -81.404623, 35.106832 ], [ -81.404656, 35.10632 ], [ -81.404673, 35.106113 ], [ -81.404725, 35.10538 ], [ -81.4048, 35.104306 ], [ -81.404857, 35.103504 ], [ -81.404913, 35.10269 ], [ -81.40498, 35.101742 ], [ -81.405025, 35.101094 ], [ -81.405064, 35.100531 ], [ -81.405102, 35.100001 ], [ -81.405155, 35.099233 ], [ -81.405212, 35.098415 ], [ -81.405261, 35.097723 ], [ -81.405308, 35.097044 ], [ -81.405348, 35.096472 ], [ -81.405387, 35.095914 ], [ -81.405423, 35.095397 ], [ -81.405492, 35.094416 ], [ -81.405535, 35.093801 ], [ -81.4056, 35.092905 ], [ -81.405617, 35.092631 ], [ -81.405659, 35.092029 ], [ -81.405708, 35.091324 ], [ -81.405755, 35.090656 ], [ -81.405812, 35.089841 ], [ -81.405846, 35.08936 ], [ -81.405897, 35.088624 ], [ -81.405991, 35.087277 ], [ -81.406041, 35.08656 ], [ -81.406052, 35.086404 ], [ -81.406085, 35.085942 ], [ -81.406126, 35.08535 ], [ -81.406144, 35.085057 ], [ -81.406157, 35.084912 ], [ -81.40618, 35.084583 ], [ -81.406215, 35.084081 ], [ -81.406279, 35.083157 ], [ -81.406299, 35.082874 ], [ -81.406319, 35.082589 ], [ -81.406372, 35.081826 ], [ -81.406409, 35.081306 ], [ -81.40644, 35.080856 ], [ -81.406474, 35.080371 ], [ -81.406518, 35.079746 ], [ -81.406562, 35.07911 ], [ -81.406574, 35.078956 ], [ -81.406602, 35.078543 ], [ -81.406624, 35.078221 ], [ -81.406626, 35.078204 ], [ -81.406714, 35.076954 ], [ -81.406764, 35.076237 ], [ -81.406793, 35.075819 ], [ -81.407036, 35.072328 ], [ -81.407053, 35.072085 ], [ -81.407071, 35.071859 ], [ -81.407325, 35.068193 ], [ -81.40735, 35.067804 ], [ -81.407404, 35.067077 ], [ -81.407499, 35.065704 ], [ -81.407595, 35.063864 ], [ -81.407608, 35.063631 ], [ -81.407662, 35.062619 ], [ -81.407733, 35.062479 ], [ -81.407772, 35.061812 ], [ -81.408684, 35.048751 ], [ -81.408768, 35.047693 ], [ -81.408816, 35.047077 ], [ -81.412372, 35.04714 ], [ -81.412897, 35.047154 ], [ -81.413329, 35.047159 ], [ -81.41354, 35.047163 ], [ -81.413935, 35.047168 ], [ -81.414878, 35.047187 ], [ -81.416594, 35.047215 ], [ -81.418919, 35.047256 ], [ -81.42103, 35.047293 ], [ -81.422466, 35.047319 ], [ -81.423687, 35.04734 ], [ -81.424988, 35.047363 ], [ -81.426364, 35.047388 ], [ -81.427599, 35.047409 ], [ -81.428128, 35.04742 ], [ -81.434495, 35.047393 ], [ -81.436882, 35.047438 ], [ -81.453579, 35.047755 ], [ -81.453617, 35.047752 ], [ -81.455557, 35.047798 ], [ -81.457168, 35.047837 ], [ -81.458452, 35.047867 ], [ -81.45846, 35.047859 ], [ -81.459899, 35.047902 ], [ -81.460984, 35.047927 ], [ -81.461401, 35.047938 ], [ -81.46153, 35.04794 ], [ -81.462175, 35.047955 ], [ -81.462586, 35.047965 ], [ -81.463876, 35.047996 ], [ -81.465866, 35.048043 ], [ -81.467153, 35.048074 ], [ -81.46819, 35.048098 ], [ -81.469214, 35.048122 ], [ -81.470631, 35.048156 ], [ -81.471311, 35.048172 ], [ -81.471346, 35.048173 ], [ -81.471389, 35.048085 ], [ -81.471662, 35.047804 ], [ -81.471959, 35.047661 ], [ -81.471987, 35.047651 ], [ -81.472168, 35.04761 ], [ -81.47227, 35.047477 ], [ -81.472219, 35.04724 ], [ -81.472397, 35.046751 ], [ -81.4724, 35.046411 ], [ -81.472345, 35.046067 ], [ -81.471983, 35.045098 ], [ -81.471959, 35.044599 ], [ -81.472401, 35.044211 ], [ -81.472804, 35.04375 ], [ -81.473417, 35.043361 ], [ -81.473439, 35.043349 ], [ -81.473722, 35.043253 ], [ -81.475635, 35.043108 ], [ -81.475919, 35.04313 ], [ -81.476123, 35.04317 ], [ -81.476295, 35.04316 ], [ -81.476787, 35.043199 ], [ -81.477079, 35.043116 ], [ -81.477302, 35.043103 ], [ -81.477461, 35.043059 ], [ -81.47751, 35.043046 ], [ -81.478123, 35.042965 ], [ -81.478533, 35.042731 ], [ -81.478576, 35.042552 ], [ -81.478558, 35.042434 ], [ -81.478539, 35.04231 ], [ -81.478385, 35.041926 ], [ -81.477878, 35.041666 ], [ -81.47747, 35.041242 ], [ -81.477467, 35.040832 ], [ -81.477626, 35.040501 ], [ -81.477643, 35.040477 ], [ -81.477905, 35.040226 ], [ -81.477936, 35.040212 ], [ -81.478212, 35.040085 ], [ -81.478699, 35.039978 ], [ -81.479063, 35.039881 ], [ -81.47955, 35.039764 ], [ -81.479789, 35.039604 ], [ -81.479942, 35.039487 ], [ -81.480313, 35.039412 ], [ -81.480523, 35.039323 ], [ -81.480956, 35.03901 ], [ -81.481126, 35.038729 ], [ -81.48124, 35.038242 ], [ -81.481282, 35.038176 ], [ -81.48129, 35.038084 ], [ -81.481398, 35.037879 ], [ -81.481694, 35.037363 ], [ -81.481783, 35.037207 ], [ -81.482046, 35.036933 ], [ -81.482308, 35.03678 ], [ -81.48274, 35.036621 ], [ -81.483062, 35.036562 ], [ -81.483764, 35.036433 ], [ -81.48397, 35.036369 ], [ -81.484432, 35.036227 ], [ -81.484756, 35.036005 ], [ -81.484808, 35.0359 ], [ -81.485546, 35.035606 ], [ -81.486254, 35.035456 ], [ -81.48696, 35.035119 ], [ -81.487007, 35.035089 ], [ -81.48716, 35.034954 ], [ -81.487269, 35.03472 ], [ -81.487251, 35.034125 ], [ -81.487253, 35.034065 ], [ -81.487284, 35.033721 ], [ -81.487315, 35.033615 ], [ -81.487377, 35.033456 ], [ -81.487377, 35.033408 ], [ -81.487453, 35.033151 ], [ -81.487377, 35.033066 ], [ -81.487266, 35.032952 ], [ -81.487246, 35.03292 ], [ -81.486965, 35.032607 ], [ -81.486948, 35.032582 ], [ -81.486858, 35.032349 ], [ -81.486833, 35.031962 ], [ -81.486875, 35.031768 ], [ -81.486933, 35.031509 ], [ -81.486977, 35.031298 ], [ -81.48704, 35.031012 ], [ -81.487145, 35.030872 ], [ -81.487605, 35.030601 ], [ -81.487995, 35.030311 ], [ -81.488205, 35.030155 ], [ -81.488237, 35.030103 ], [ -81.488427, 35.029794 ], [ -81.488554, 35.029445 ], [ -81.488548, 35.029092 ], [ -81.48824, 35.028122 ], [ -81.488222, 35.027991 ], [ -81.488182, 35.027706 ], [ -81.488286, 35.026868 ] ] ] ] } }
]
}
