{
"type": "FeatureCollection",
"name": "US.93A.AZ",
"crs": { "type": "name", "properties": { "name": "urn:ogc:def:crs:OGC:1.3:CRS84" } },
"features": [
{ "type": "Feature", "properties": { "NAME": "White Pine", "STUSPS": "NV" }, "geometry": { "type": "MultiPolygon", "coordinates": [ [ [ [ -114.721815, 40.121027 ], [ -114.718403, 40.121 ], [ -114.712638, 40.12096 ], [ -114.706873, 40.120921 ], [ -114.706421, 40.120917 ], [ -114.704698, 40.120906 ], [ -114.702976, 40.120894 ], [ -114.702868, 40.120893 ], [ -114.702759, 40.120892 ], [ -114.701068, 40.12088 ], [ -114.699378, 40.120869 ], [ -114.686634, 40.12076 ], [ -114.663146, 40.120767 ], [ -114.663017, 40.120767 ], [ -114.662652, 40.120767 ], [ -114.662525, 40.120765 ], [ -114.660301, 40.120729 ], [ -114.656829, 40.12064 ], [ -114.656769, 40.120638 ], [ -114.650754, 40.120453 ], [ -114.638082, 40.120237 ], [ -114.636645, 40.120208 ], [ -114.634236, 40.120171 ], [ -114.634131, 40.120169 ], [ -114.625857, 40.120025 ], [ -114.5981, 40.119789 ], [ -114.579003, 40.119618 ], [ -114.576159, 40.119593 ], [ -114.575239, 40.119585 ], [ -114.574212, 40.119581 ], [ -114.573395, 40.119574 ], [ -114.572411, 40.119566 ], [ -114.568854, 40.119535 ], [ -114.567282, 40.119522 ], [ -114.560378, 40.119442 ], [ -114.560354, 40.119442 ], [ -114.560264, 40.119441 ], [ -114.55432, 40.11937 ], [ -114.534323, 40.119139 ], [ -114.529719, 40.119087 ], [ -114.526058, 40.119058 ], [ -114.52216, 40.119026 ], [ -114.521651, 40.119023 ], [ -114.520634, 40.119016 ], [ -114.500852, 40.118883 ], [ -114.482357, 40.118848 ], [ -114.477979, 40.118841 ], [ -114.463815, 40.11872 ], [ -114.455238, 40.118667 ], [ -114.451712, 40.118647 ], [ -114.43337, 40.11854 ], [ -114.424473, 40.118416 ], [ -114.424355, 40.118416 ], [ -114.41872, 40.118338 ], [ -114.410708, 40.118228 ], [ -114.409286, 40.118212 ], [ -114.402982, 40.118139 ], [ -114.402692, 40.118136 ], [ -114.398071, 40.118064 ], [ -114.397993, 40.118063 ], [ -114.395529, 40.118037 ], [ -114.391574, 40.117996 ], [ -114.391049, 40.117989 ], [ -114.379531, 40.11787 ], [ -114.375849, 40.117895 ], [ -114.375698, 40.117884 ], [ -114.368629, 40.117346 ], [ -114.368394, 40.117328 ], [ -114.368294, 40.117332 ], [ -114.367311, 40.117539 ], [ -114.358937, 40.11761 ], [ -114.35793, 40.117639 ], [ -114.354222, 40.117754 ], [ -114.337909, 40.11753 ], [ -114.337726, 40.117529 ], [ -114.334256, 40.117493 ], [ -114.326975, 40.117418 ], [ -114.309674, 40.117252 ], [ -114.309519, 40.117252 ], [ -114.295886, 40.117117 ], [ -114.295521, 40.117113 ], [ -114.293029, 40.117091 ], [ -114.292229, 40.117084 ], [ -114.291749, 40.117079 ], [ -114.284281, 40.117007 ], [ -114.283173, 40.116996 ], [ -114.251633, 40.11669 ], [ -114.250844, 40.116714 ], [ -114.239229, 40.116677 ], [ -114.226658, 40.116744 ], [ -114.220237, 40.116778 ], [ -114.205436, 40.116753 ], [ -114.20535, 40.116753 ], [ -114.205085, 40.116755 ], [ -114.198772, 40.116798 ], [ -114.193701, 40.116794 ], [ -114.193667, 40.116794 ], [ -114.193619, 40.116794 ], [ -114.183935, 40.116788 ], [ -114.174768, 40.116793 ], [ -114.160264, 40.116807 ], [ -114.15098, 40.116816 ], [ -114.148318, 40.116819 ], [ -114.146509, 40.116811 ], [ -114.146153, 40.11682 ], [ -114.145, 40.116846 ], [ -114.143846, 40.11684 ], [ -114.129385, 40.116762 ], [ -114.129166, 40.116753 ], [ -114.126084, 40.116622 ], [ -114.125841, 40.116625 ], [ -114.118811, 40.116844 ], [ -114.109423, 40.116822 ], [ -114.107975, 40.116819 ], [ -114.098332, 40.116804 ], [ -114.097669, 40.116805 ], [ -114.096178, 40.116799 ], [ -114.095339, 40.116798 ], [ -114.087131, 40.116773 ], [ -114.083922, 40.116766 ], [ -114.080179, 40.116787 ], [ -114.072012, 40.116839 ], [ -114.065948, 40.11688 ], [ -114.058517, 40.116909 ], [ -114.054374, 40.116911 ], [ -114.053988, 40.116911 ], [ -114.053648, 40.116911 ], [ -114.053422, 40.116912 ], [ -114.053222, 40.116914 ], [ -114.048004, 40.116928 ], [ -114.047532, 40.116928 ], [ -114.046614, 40.116936 ], [ -114.046619, 40.115829 ], [ -114.046645, 40.110047 ], [ -114.046656, 40.106209 ], [ -114.046671, 40.103 ], [ -114.046679, 40.101188 ], [ -114.046685, 40.099672 ], [ -114.04669, 40.096168 ], [ -114.046709, 40.087656 ], [ -114.04671, 40.081025 ], [ -114.046708, 40.080178 ], [ -114.046703, 40.078375 ], [ -114.046702, 40.076407 ], [ -114.046695, 40.073203 ], [ -114.04669, 40.070185 ], [ -114.046684, 40.067039 ], [ -114.046691, 40.064273 ], [ -114.046697, 40.06337 ], [ -114.046679, 40.061668 ], [ -114.04668, 40.060512 ], [ -114.046673, 40.057745 ], [ -114.046671, 40.055922 ], [ -114.04667, 40.054416 ], [ -114.046689, 40.04986 ], [ -114.046694, 40.048685 ], [ -114.046729, 40.037741 ], [ -114.04673, 40.037394 ], [ -114.046753, 40.030325 ], [ -114.046754, 40.027129 ], [ -114.046768, 40.020572 ], [ -114.046782, 40.013861 ], [ -114.046783, 40.013664 ], [ -114.046794, 40.008913 ], [ -114.046795, 40.007106 ], [ -114.046803, 40.005262 ], [ -114.046802, 40.00473 ], [ -114.046806, 40.002926 ], [ -114.046812, 40.001761 ], [ -114.046829, 39.997108 ], [ -114.046843, 39.99379 ], [ -114.046896, 39.980589 ], [ -114.046936, 39.971929 ], [ -114.046954, 39.963133 ], [ -114.04698, 39.947234 ], [ -114.046981, 39.94151 ], [ -114.046985, 39.930173 ], [ -114.046987, 39.923293 ], [ -114.046994, 39.911513 ], [ -114.04702, 39.906808 ], [ -114.047026, 39.906097 ], [ -114.047025, 39.906037 ], [ -114.047026, 39.905923 ], [ -114.047042, 39.904061 ], [ -114.047114, 39.89552 ], [ -114.04712, 39.881093 ], [ -114.047164, 39.873347 ], [ -114.047165, 39.872785 ], [ -114.047165, 39.87253 ], [ -114.047167, 39.870079 ], [ -114.047169, 39.869263 ], [ -114.047169, 39.869197 ], [ -114.04717, 39.866984 ], [ -114.04717, 39.86675 ], [ -114.047174, 39.85333 ], [ -114.047176, 39.85207 ], [ -114.047181, 39.849739 ], [ -114.047217, 39.846973 ], [ -114.04744, 39.831285 ], [ -114.047598, 39.821013 ], [ -114.047685, 39.815645 ], [ -114.047766, 39.808439 ], [ -114.047835, 39.786968 ], [ -114.047839, 39.785508 ], [ -114.047839, 39.785438 ], [ -114.047839, 39.785375 ], [ -114.047855, 39.779402 ], [ -114.047839, 39.776029 ], [ -114.047792, 39.7699 ], [ -114.047726, 39.763588 ], [ -114.047633, 39.759521 ], [ -114.047292, 39.744414 ], [ -114.047224, 39.741213 ], [ -114.047148, 39.737494 ], [ -114.047084, 39.731848 ], [ -114.047005, 39.724798 ], [ -114.04691, 39.71652 ], [ -114.046839, 39.709111 ], [ -114.046963, 39.700436 ], [ -114.046968, 39.699396 ], [ -114.046999, 39.697503 ], [ -114.047041, 39.694787 ], [ -114.047055, 39.693562 ], [ -114.047082, 39.691455 ], [ -114.047133, 39.68799 ], [ -114.047173, 39.685041 ], [ -114.047198, 39.683244 ], [ -114.047209, 39.682211 ], [ -114.047238, 39.679905 ], [ -114.047266, 39.674467 ], [ -114.047273, 39.672215 ], [ -114.047294, 39.668856 ], [ -114.047301, 39.667585 ], [ -114.0473, 39.667529 ], [ -114.0473, 39.666928 ], [ -114.047338, 39.659504 ], [ -114.047373, 39.651088 ], [ -114.047392, 39.648816 ], [ -114.047413, 39.646414 ], [ -114.047444, 39.642882 ], [ -114.04748, 39.638332 ], [ -114.047544, 39.626775 ], [ -114.047547, 39.626085 ], [ -114.047551, 39.624941 ], [ -114.047551, 39.62483 ], [ -114.047554, 39.618996 ], [ -114.047556, 39.617052 ], [ -114.047549, 39.604405 ], [ -114.047542, 39.598031 ], [ -114.047546, 39.593456 ], [ -114.047553, 39.590822 ], [ -114.047565, 39.584147 ], [ -114.04758, 39.577217 ], [ -114.047581, 39.57689 ], [ -114.047587, 39.574207 ], [ -114.047594, 39.569251 ], [ -114.047601, 39.566235 ], [ -114.047606, 39.563575 ], [ -114.047614, 39.559873 ], [ -114.047617, 39.557731 ], [ -114.04762, 39.555511 ], [ -114.047622, 39.554455 ], [ -114.047627, 39.552383 ], [ -114.047629, 39.551459 ], [ -114.047638, 39.547724 ], [ -114.047641, 39.546952 ], [ -114.047647, 39.544005 ], [ -114.047649, 39.542742 ], [ -114.047654, 39.540223 ], [ -114.047649, 39.537524 ], [ -114.047678, 39.5331 ], [ -114.047682, 39.53205 ], [ -114.047696, 39.528477 ], [ -114.047759, 39.50977 ], [ -114.04777, 39.506391 ], [ -114.047783, 39.502266 ], [ -114.047823, 39.492326 ], [ -114.047824, 39.488768 ], [ -114.047827, 39.487553 ], [ -114.04783, 39.486457 ], [ -114.047831, 39.485541 ], [ -114.047836, 39.484024 ], [ -114.0479, 39.462327 ], [ -114.047894, 39.461852 ], [ -114.047905, 39.460422 ], [ -114.047916, 39.457628 ], [ -114.047919, 39.456167 ], [ -114.047923, 39.455766 ], [ -114.047934, 39.45218 ], [ -114.047943, 39.447707 ], [ -114.047946, 39.446768 ], [ -114.04795, 39.444929 ], [ -114.047975, 39.432197 ], [ -114.047979, 39.42911 ], [ -114.047984, 39.425016 ], [ -114.047988, 39.42267 ], [ -114.047989, 39.422267 ], [ -114.048068, 39.407269 ], [ -114.048073, 39.406717 ], [ -114.048089, 39.403303 ], [ -114.048099, 39.401322 ], [ -114.048102, 39.400128 ], [ -114.048103, 39.399686 ], [ -114.048119, 39.396639 ], [ -114.048134, 39.393674 ], [ -114.048138, 39.392805 ], [ -114.04816, 39.38871 ], [ -114.048174, 39.386006 ], [ -114.048181, 39.384432 ], [ -114.048189, 39.383595 ], [ -114.048193, 39.381587 ], [ -114.048208, 39.379423 ], [ -114.048215, 39.378363 ], [ -114.048221, 39.3753 ], [ -114.048239, 39.368532 ], [ -114.048244, 39.36649 ], [ -114.048247, 39.365608 ], [ -114.048253, 39.363699 ], [ -114.048269, 39.360113 ], [ -114.048277, 39.355577 ], [ -114.048285, 39.3526 ], [ -114.048287, 39.351895 ], [ -114.048319, 39.342812 ], [ -114.048317, 39.342457 ], [ -114.048318, 39.341875 ], [ -114.048321, 39.340522 ], [ -114.048325, 39.340243 ], [ -114.048343, 39.332135 ], [ -114.048344, 39.329585 ], [ -114.048354, 39.322627 ], [ -114.048361, 39.318427 ], [ -114.04837, 39.313603 ], [ -114.048372, 39.312428 ], [ -114.048375, 39.309588 ], [ -114.048377, 39.308579 ], [ -114.048385, 39.30547 ], [ -114.048393, 39.301256 ], [ -114.048398, 39.299375 ], [ -114.048401, 39.298487 ], [ -114.048407, 39.295728 ], [ -114.048417, 39.292272 ], [ -114.04842, 39.290465 ], [ -114.048425, 39.288224 ], [ -114.048427, 39.287221 ], [ -114.048431, 39.286435 ], [ -114.04844, 39.281006 ], [ -114.048456, 39.27519 ], [ -114.04846, 39.273574 ], [ -114.04847, 39.270682 ], [ -114.04847, 39.270592 ], [ -114.048477, 39.268817 ], [ -114.048481, 39.267226 ], [ -114.048492, 39.261384 ], [ -114.048495, 39.260169 ], [ -114.048496, 39.255682 ], [ -114.048496, 39.253236 ], [ -114.048496, 39.251839 ], [ -114.048496, 39.250266 ], [ -114.048497, 39.2474 ], [ -114.048499, 39.243754 ], [ -114.0485, 39.242508 ], [ -114.0485, 39.241932 ], [ -114.048502, 39.239588 ], [ -114.048503, 39.238487 ], [ -114.048512, 39.231379 ], [ -114.048511, 39.230564 ], [ -114.048511, 39.229826 ], [ -114.048518, 39.224797 ], [ -114.04853, 39.216661 ], [ -114.048533, 39.214642 ], [ -114.048539, 39.211145 ], [ -114.048542, 39.20935 ], [ -114.048544, 39.207935 ], [ -114.048545, 39.207336 ], [ -114.048547, 39.206378 ], [ -114.048551, 39.204357 ], [ -114.048558, 39.201447 ], [ -114.048531, 39.197855 ], [ -114.048542, 39.194931 ], [ -114.048538, 39.194539 ], [ -114.048557, 39.188111 ], [ -114.048557, 39.188074 ], [ -114.048558, 39.187967 ], [ -114.048562, 39.187649 ], [ -114.048564, 39.187543 ], [ -114.048553, 39.187432 ], [ -114.04856, 39.187102 ], [ -114.048563, 39.186992 ], [ -114.048564, 39.186335 ], [ -114.048569, 39.184364 ], [ -114.048572, 39.183708 ], [ -114.048573, 39.183407 ], [ -114.048576, 39.182506 ], [ -114.048578, 39.182206 ], [ -114.048601, 39.173715 ], [ -114.04861, 39.170689 ], [ -114.048625, 39.166643 ], [ -114.04863, 39.164417 ], [ -114.048633, 39.163396 ], [ -114.048641, 39.160336 ], [ -114.048645, 39.159317 ], [ -114.048647, 39.158697 ], [ -114.048653, 39.156838 ], [ -114.048656, 39.156219 ], [ -114.048658, 39.155484 ], [ -114.048666, 39.15328 ], [ -114.048669, 39.152546 ], [ -114.048672, 39.151672 ], [ -114.04868, 39.14905 ], [ -114.048684, 39.148177 ], [ -114.048685, 39.147649 ], [ -114.04869, 39.146065 ], [ -114.048693, 39.145538 ], [ -114.048693, 39.145416 ], [ -114.048694, 39.145049 ], [ -114.048695, 39.144928 ], [ -114.048697, 39.144162 ], [ -114.048705, 39.141864 ], [ -114.048708, 39.141099 ], [ -114.048707, 39.141024 ], [ -114.048704, 39.1408 ], [ -114.048703, 39.140726 ], [ -114.048719, 39.135115 ], [ -114.048723, 39.133734 ], [ -114.048726, 39.132436 ], [ -114.048739, 39.1271 ], [ -114.048744, 39.124956 ], [ -114.048751, 39.124443 ], [ -114.048764, 39.112374 ], [ -114.048808, 39.099956 ], [ -114.048823, 39.098521 ], [ -114.048813, 39.098447 ], [ -114.04881, 39.087848 ], [ -114.048811, 39.08777 ], [ -114.048844, 39.079152 ], [ -114.048846, 39.078851 ], [ -114.048855, 39.076398 ], [ -114.048864, 39.072841 ], [ -114.048881, 39.064228 ], [ -114.048888, 39.060495 ], [ -114.04889, 39.058927 ], [ -114.048891, 39.057112 ], [ -114.048897, 39.050635 ], [ -114.048899, 39.048286 ], [ -114.048903, 39.043592 ], [ -114.048903, 39.042389 ], [ -114.048919, 39.030504 ], [ -114.048931, 39.027526 ], [ -114.048933, 39.027207 ], [ -114.048946, 39.024169 ], [ -114.048949, 39.023634 ], [ -114.04895, 39.023463 ], [ -114.048956, 39.021905 ], [ -114.04896, 39.020928 ], [ -114.048963, 39.020295 ], [ -114.048967, 39.019567 ], [ -114.048967, 39.019403 ], [ -114.048968, 39.019265 ], [ -114.048978, 39.016958 ], [ -114.048997, 39.012521 ], [ -114.049025, 39.006552 ], [ -114.049026, 39.006008 ], [ -114.04903, 39.005383 ], [ -114.04906, 38.997156 ], [ -114.049094, 38.986258 ], [ -114.049141, 38.970483 ], [ -114.049171, 38.959577 ], [ -114.049254, 38.949597 ], [ -114.049273, 38.94725 ], [ -114.049298, 38.940575 ], [ -114.049297, 38.940259 ], [ -114.049317, 38.93936 ], [ -114.049331, 38.938576 ], [ -114.04932, 38.936323 ], [ -114.049358, 38.934748 ], [ -114.049323, 38.933906 ], [ -114.049325, 38.932641 ], [ -114.04933, 38.931576 ], [ -114.04934, 38.929449 ], [ -114.04934, 38.929334 ], [ -114.04939, 38.920789 ], [ -114.049387, 38.920149 ], [ -114.049394, 38.919845 ], [ -114.049402, 38.916007 ], [ -114.049453, 38.906641 ], [ -114.049476, 38.902754 ], [ -114.049493, 38.90043 ], [ -114.049571, 38.885122 ], [ -114.049579, 38.88348 ], [ -114.049579, 38.88202 ], [ -114.049579, 38.880184 ], [ -114.049587, 38.877776 ], [ -114.049594, 38.874649 ], [ -114.0496, 38.87206 ], [ -114.04962, 38.866562 ], [ -114.049638, 38.862051 ], [ -114.049646, 38.859779 ], [ -114.049651, 38.858978 ], [ -114.049655, 38.854002 ], [ -114.049655, 38.85221 ], [ -114.049653, 38.842255 ], [ -114.049649, 38.83811 ], [ -114.04963, 38.832056 ], [ -114.049632, 38.831923 ], [ -114.049629, 38.831224 ], [ -114.049625, 38.828408 ], [ -114.049628, 38.820017 ], [ -114.049613, 38.808369 ], [ -114.049612, 38.808182 ], [ -114.049603, 38.804425 ], [ -114.049593, 38.799973 ], [ -114.049596, 38.796626 ], [ -114.049613, 38.78767 ], [ -114.049621, 38.780105 ], [ -114.04962, 38.777365 ], [ -114.049618, 38.773157 ], [ -114.049614, 38.770179 ], [ -114.049618, 38.769106 ], [ -114.049623, 38.767872 ], [ -114.049626, 38.767117 ], [ -114.049692, 38.731192 ], [ -114.049692, 38.731162 ], [ -114.049695, 38.729873 ], [ -114.049699, 38.728164 ], [ -114.049721, 38.72019 ], [ -114.04973, 38.716713 ], [ -114.049751, 38.708261 ], [ -114.049756, 38.706232 ], [ -114.049767, 38.701615 ], [ -114.049773, 38.69922 ], [ -114.0498, 38.697835 ], [ -114.049815, 38.691097 ], [ -114.049829, 38.684097 ], [ -114.049829, 38.683833 ], [ -114.049831, 38.683042 ], [ -114.049832, 38.682779 ], [ -114.049807, 38.677365 ], [ -114.04996, 38.677365 ], [ -114.057902, 38.677361 ], [ -114.059203, 38.677359 ], [ -114.074511, 38.677352 ], [ -114.07603, 38.677353 ], [ -114.08282, 38.67735 ], [ -114.0883, 38.677348 ], [ -114.102412, 38.677342 ], [ -114.105457, 38.677341 ], [ -114.111161, 38.677338 ], [ -114.1113, 38.677338 ], [ -114.112818, 38.677339 ], [ -114.11314, 38.677335 ], [ -114.113202, 38.677335 ], [ -114.114754, 38.677337 ], [ -114.117382, 38.677334 ], [ -114.12023, 38.677335 ], [ -114.123135, 38.677336 ], [ -114.125942, 38.677323 ], [ -114.129097, 38.677321 ], [ -114.134481, 38.67732 ], [ -114.151459, 38.677317 ], [ -114.158503, 38.677317 ], [ -114.160307, 38.677461 ], [ -114.160522, 38.677459 ], [ -114.161052, 38.67745 ], [ -114.164282, 38.677546 ], [ -114.164808, 38.677614 ], [ -114.171663, 38.677504 ], [ -114.193809, 38.677482 ], [ -114.204434, 38.677471 ], [ -114.204697, 38.677469 ], [ -114.20472, 38.677469 ], [ -114.207657, 38.677447 ], [ -114.210315, 38.677442 ], [ -114.216837, 38.677428 ], [ -114.223654, 38.677416 ], [ -114.227851, 38.677407 ], [ -114.231825, 38.677399 ], [ -114.238909, 38.677385 ], [ -114.244017, 38.677374 ], [ -114.2498, 38.677363 ], [ -114.25082, 38.677345 ], [ -114.251647, 38.677357 ], [ -114.251824, 38.677358 ], [ -114.252161, 38.677356 ], [ -114.254871, 38.677346 ], [ -114.267404, 38.677345 ], [ -114.268712, 38.677345 ], [ -114.273475, 38.677346 ], [ -114.278306, 38.677345 ], [ -114.279463, 38.677345 ], [ -114.288394, 38.677345 ], [ -114.29433, 38.677345 ], [ -114.302327, 38.677346 ], [ -114.305349, 38.677346 ], [ -114.308717, 38.677346 ], [ -114.309474, 38.677346 ], [ -114.310698, 38.677346 ], [ -114.314628, 38.677347 ], [ -114.317032, 38.677347 ], [ -114.321016, 38.677347 ], [ -114.324104, 38.677347 ], [ -114.328379, 38.677346 ], [ -114.332486, 38.677346 ], [ -114.335203, 38.677345 ], [ -114.338006, 38.677345 ], [ -114.347307, 38.677344 ], [ -114.352588, 38.67735 ], [ -114.353054, 38.67735 ], [ -114.357743, 38.677353 ], [ -114.363287, 38.677357 ], [ -114.365163, 38.677358 ], [ -114.36761, 38.67736 ], [ -114.371719, 38.677362 ], [ -114.375036, 38.677364 ], [ -114.375836, 38.677365 ], [ -114.389566, 38.677356 ], [ -114.389673, 38.677356 ], [ -114.389816, 38.677356 ], [ -114.389958, 38.677356 ], [ -114.390133, 38.677356 ], [ -114.390308, 38.677356 ], [ -114.394523, 38.677352 ], [ -114.396729, 38.677351 ], [ -114.397806, 38.67735 ], [ -114.399935, 38.677347 ], [ -114.411386, 38.677341 ], [ -114.41373, 38.67734 ], [ -114.413939, 38.67734 ], [ -114.424871, 38.677333 ], [ -114.428864, 38.677331 ], [ -114.43153, 38.677329 ], [ -114.434546, 38.677327 ], [ -114.439114, 38.677325 ], [ -114.443109, 38.677323 ], [ -114.44467, 38.677322 ], [ -114.448282, 38.677319 ], [ -114.459709, 38.677312 ], [ -114.466891, 38.677308 ], [ -114.470926, 38.677306 ], [ -114.474228, 38.677344 ], [ -114.47424, 38.677344 ], [ -114.474563, 38.677344 ], [ -114.500831, 38.677373 ], [ -114.518421, 38.677365 ], [ -114.528606, 38.677361 ], [ -114.548165, 38.677353 ], [ -114.558796, 38.677349 ], [ -114.563961, 38.677355 ], [ -114.606608, 38.677331 ], [ -114.625944, 38.677396 ], [ -114.629524, 38.6774 ], [ -114.631229, 38.677397 ], [ -114.63167, 38.677401 ], [ -114.635295, 38.677401 ], [ -114.638417, 38.677407 ], [ -114.645309, 38.677428 ], [ -114.645431, 38.677419 ], [ -114.648148, 38.677377 ], [ -114.652711, 38.677368 ], [ -114.66466, 38.677368 ], [ -114.671054, 38.677363 ], [ -114.686712, 38.677354 ], [ -114.70477, 38.677374 ], [ -114.737495, 38.677346 ], [ -114.750839, 38.677334 ], [ -114.796822, 38.677304 ], [ -114.818345, 38.677333 ], [ -114.826959, 38.677334 ], [ -114.836333, 38.677335 ], [ -114.875785, 38.677298 ], [ -114.906426, 38.6773 ], [ -114.920957, 38.677302 ], [ -114.921107, 38.677302 ], [ -114.921503, 38.677302 ], [ -114.925239, 38.677303 ], [ -114.951037, 38.677309 ], [ -114.962002, 38.677312 ], [ -115.000846, 38.677322 ], [ -115.02525, 38.690596 ], [ -115.045614, 38.701666 ], [ -115.047568, 38.702716 ], [ -115.049033, 38.703504 ], [ -115.049426, 38.703715 ], [ -115.052773, 38.705514 ], [ -115.053138, 38.705711 ], [ -115.0552, 38.706819 ], [ -115.057612, 38.708119 ], [ -115.06062, 38.709752 ], [ -115.060651, 38.709769 ], [ -115.070573, 38.715157 ], [ -115.073385, 38.716681 ], [ -115.076488, 38.718381 ], [ -115.078517, 38.719485 ], [ -115.079037, 38.719773 ], [ -115.085381, 38.723248 ], [ -115.089373, 38.725351 ], [ -115.095622, 38.72871 ], [ -115.09604, 38.728935 ], [ -115.103436, 38.732923 ], [ -115.106523, 38.734587 ], [ -115.112345, 38.737726 ], [ -115.122877, 38.743404 ], [ -115.12585, 38.744604 ], [ -115.134788, 38.749942 ], [ -115.151236, 38.758755 ], [ -115.155846, 38.761244 ], [ -115.155883, 38.761264 ], [ -115.155971, 38.761286 ], [ -115.15725, 38.761944 ], [ -115.161951, 38.76448 ], [ -115.164441, 38.765824 ], [ -115.175156, 38.771605 ], [ -115.184343, 38.776562 ], [ -115.220596, 38.796123 ], [ -115.237279, 38.805124 ], [ -115.250855, 38.81241 ], [ -115.266707, 38.821168 ], [ -115.273874, 38.825192 ], [ -115.273902, 38.825209 ], [ -115.274874, 38.825753 ], [ -115.275081, 38.825866 ], [ -115.278296, 38.827549 ], [ -115.278319, 38.827561 ], [ -115.278334, 38.827569 ], [ -115.301049, 38.839806 ], [ -115.344468, 38.863047 ], [ -115.366694, 38.874938 ], [ -115.368786, 38.87602 ], [ -115.369303, 38.876294 ], [ -115.37586, 38.879697 ], [ -115.442434, 38.915414 ], [ -115.463105, 38.926496 ], [ -115.49753, 38.944964 ], [ -115.500865, 38.946924 ], [ -115.509616, 38.95162 ], [ -115.510161, 38.951912 ], [ -115.51031, 38.951991 ], [ -115.510437, 38.952059 ], [ -115.521996, 38.958264 ], [ -115.538072, 38.966893 ], [ -115.544781, 38.970494 ], [ -115.545837, 38.971082 ], [ -115.546651, 38.971521 ], [ -115.548939, 38.972779 ], [ -115.549467, 38.97307 ], [ -115.562547, 38.980263 ], [ -115.562781, 38.980392 ], [ -115.564731, 38.981464 ], [ -115.567885, 38.98321 ], [ -115.568275, 38.983412 ], [ -115.571137, 38.984937 ], [ -115.582585, 38.990877 ], [ -115.592596, 38.996119 ], [ -115.599878, 38.999933 ], [ -115.601585, 38.999933 ], [ -115.606531, 39.002591 ], [ -115.607621, 39.003177 ], [ -115.608149, 39.003461 ], [ -115.608375, 39.003579 ], [ -115.608513, 39.003654 ], [ -115.617829, 39.008667 ], [ -115.62133, 39.010551 ], [ -115.622508, 39.011184 ], [ -115.626766, 39.013579 ], [ -115.627061, 39.01374 ], [ -115.644623, 39.022978 ], [ -115.658689, 39.030377 ], [ -115.660353, 39.031252 ], [ -115.69757, 39.050926 ], [ -115.700766, 39.052612 ], [ -115.711239, 39.058135 ], [ -115.723836, 39.064778 ], [ -115.726313, 39.066047 ], [ -115.729354, 39.06765 ], [ -115.742633, 39.074647 ], [ -115.750827, 39.079636 ], [ -115.76451, 39.086831 ], [ -115.766155, 39.087696 ], [ -115.780242, 39.095218 ], [ -115.794823, 39.10294 ], [ -115.800072, 39.105724 ], [ -115.81864, 39.115622 ], [ -115.836145, 39.124931 ], [ -115.837099, 39.125435 ], [ -115.84256, 39.128325 ], [ -115.856388, 39.135644 ], [ -115.857078, 39.136009 ], [ -115.869545, 39.142617 ], [ -115.869672, 39.142676 ], [ -115.875874, 39.145428 ], [ -115.881835, 39.14855 ], [ -115.904659, 39.160577 ], [ -115.907071, 39.161848 ], [ -115.907072, 39.162655 ], [ -115.907078, 39.164948 ], [ -115.907078, 39.164985 ], [ -115.907113, 39.179347 ], [ -115.907125, 39.184079 ], [ -115.907101, 39.190087 ], [ -115.907101, 39.19011 ], [ -115.90711, 39.197108 ], [ -115.907133, 39.218076 ], [ -115.907137, 39.220851 ], [ -115.907149, 39.23159 ], [ -115.907161, 39.241836 ], [ -115.90717, 39.246788 ], [ -115.907299, 39.249948 ], [ -115.907381, 39.276924 ], [ -115.907435, 39.303432 ], [ -115.907485, 39.322864 ], [ -115.907485, 39.323044 ], [ -115.907485, 39.323057 ], [ -115.907523, 39.336864 ], [ -115.907525, 39.33766 ], [ -115.907545, 39.344656 ], [ -115.90758, 39.35787 ], [ -115.907607, 39.364025 ], [ -115.907603, 39.368027 ], [ -115.907206, 39.374932 ], [ -115.907233, 39.379337 ], [ -115.907239, 39.380189 ], [ -115.907265, 39.384044 ], [ -115.907244, 39.393819 ], [ -115.907241, 39.395678 ], [ -115.907302, 39.40831 ], [ -115.907306, 39.40893 ], [ -115.907321, 39.417294 ], [ -115.907325, 39.420042 ], [ -115.907332, 39.423834 ], [ -115.907452, 39.435039 ], [ -115.907458, 39.435682 ], [ -115.907486, 39.438198 ], [ -115.907616, 39.457992 ], [ -115.907621, 39.458741 ], [ -115.907659, 39.464432 ], [ -115.907224, 39.464298 ], [ -115.906572, 39.464164 ], [ -115.906223, 39.463423 ], [ -115.90583, 39.462513 ], [ -115.905133, 39.461772 ], [ -115.904176, 39.461301 ], [ -115.904131, 39.460256 ], [ -115.903955, 39.459177 ], [ -115.903693, 39.4583 ], [ -115.903213, 39.457526 ], [ -115.903473, 39.456581 ], [ -115.903167, 39.455705 ], [ -115.902558, 39.455267 ], [ -115.901383, 39.454459 ], [ -115.900296, 39.454191 ], [ -115.899339, 39.454192 ], [ -115.898339, 39.45389 ], [ -115.898166, 39.454497 ], [ -115.897949, 39.455037 ], [ -115.897342, 39.455746 ], [ -115.89656, 39.456388 ], [ -115.895996, 39.457366 ], [ -115.89552, 39.458614 ], [ -115.895044, 39.459998 ], [ -115.894784, 39.461077 ], [ -115.894046, 39.461584 ], [ -115.892655, 39.461585 ], [ -115.891003, 39.46179 ], [ -115.889656, 39.462297 ], [ -115.888786, 39.462905 ], [ -115.887699, 39.462906 ], [ -115.886134, 39.46311 ], [ -115.884657, 39.463618 ], [ -115.883701, 39.464293 ], [ -115.881876, 39.465442 ], [ -115.881094, 39.466016 ], [ -115.880312, 39.466118 ], [ -115.879094, 39.465715 ], [ -115.878493, 39.465716 ], [ -115.87705, 39.465717 ], [ -115.875886, 39.465718 ], [ -115.875316, 39.466413 ], [ -115.875359, 39.467018 ], [ -115.875533, 39.46769 ], [ -115.875545, 39.46779 ], [ -115.87562, 39.46843 ], [ -115.875446, 39.468901 ], [ -115.875316, 39.469035 ], [ -115.875054, 39.469305 ], [ -115.874315, 39.469338 ], [ -115.873339, 39.469399 ], [ -115.873264, 39.469404 ], [ -115.872139, 39.469474 ], [ -115.870921, 39.469777 ], [ -115.870268, 39.470046 ], [ -115.869745, 39.470988 ], [ -115.869441, 39.47203 ], [ -115.868929, 39.472643 ], [ -115.868922, 39.472652 ], [ -115.868896, 39.472683 ], [ -115.86857, 39.473073 ], [ -115.86796, 39.473981 ], [ -115.867917, 39.474855 ], [ -115.867829, 39.475729 ], [ -115.867699, 39.47657 ], [ -115.867524, 39.477142 ], [ -115.866784, 39.478084 ], [ -115.866523, 39.478622 ], [ -115.866566, 39.479765 ], [ -115.867828, 39.481378 ], [ -115.868654, 39.482656 ], [ -115.869481, 39.484539 ], [ -115.870307, 39.486052 ], [ -115.870264, 39.487128 ], [ -115.869893, 39.487364 ], [ -115.869883, 39.48738 ], [ -115.869654, 39.487531 ], [ -115.869088, 39.487557 ], [ -115.868957, 39.487563 ], [ -115.868914, 39.487565 ], [ -115.868785, 39.48759 ], [ -115.868702, 39.487606 ], [ -115.868597, 39.487626 ], [ -115.868395, 39.487665 ], [ -115.867707, 39.487798 ], [ -115.866802, 39.487973 ], [ -115.866303, 39.48807 ], [ -115.865858, 39.488233 ], [ -115.865656, 39.488308 ], [ -115.865638, 39.488315 ], [ -115.865627, 39.488319 ], [ -115.865576, 39.488338 ], [ -115.865389, 39.488407 ], [ -115.864867, 39.488911 ], [ -115.864562, 39.489786 ], [ -115.864551, 39.490143 ], [ -115.864545, 39.490341 ], [ -115.864518, 39.491198 ], [ -115.865171, 39.492139 ], [ -115.865214, 39.49298 ], [ -115.865116, 39.493052 ], [ -115.86443, 39.493552 ], [ -115.86308, 39.494157 ], [ -115.86173, 39.494595 ], [ -115.861392, 39.49465 ], [ -115.860293, 39.494831 ], [ -115.860261, 39.49484 ], [ -115.860239, 39.494846 ], [ -115.860201, 39.494857 ], [ -115.860176, 39.494864 ], [ -115.859031, 39.495167 ], [ -115.858521, 39.495593 ], [ -115.858508, 39.495604 ], [ -115.858399, 39.496133 ], [ -115.858379, 39.496229 ], [ -115.858374, 39.496253 ], [ -115.858372, 39.496262 ], [ -115.858334, 39.496443 ], [ -115.857594, 39.496916 ], [ -115.857202, 39.49742 ], [ -115.856374, 39.49806 ], [ -115.856308, 39.498079 ], [ -115.856258, 39.498093 ], [ -115.856246, 39.498096 ], [ -115.856124, 39.498132 ], [ -115.85591, 39.498194 ], [ -115.854981, 39.498463 ], [ -115.854285, 39.498632 ], [ -115.853675, 39.498564 ], [ -115.853369, 39.4988 ], [ -115.852847, 39.498968 ], [ -115.852542, 39.498968 ], [ -115.852541, 39.499929 ], [ -115.851773, 39.500939 ], [ -115.852643, 39.501405 ], [ -115.853329, 39.501859 ], [ -115.853602, 39.502039 ], [ -115.853869, 39.502419 ], [ -115.854213, 39.502909 ], [ -115.855824, 39.503942 ], [ -115.853923, 39.505326 ], [ -115.853102, 39.506 ], [ -115.852313, 39.507206 ], [ -115.852155, 39.507447 ], [ -115.852005, 39.507714 ], [ -115.851683, 39.508287 ], [ -115.851164, 39.508793 ], [ -115.844309, 39.508551 ], [ -115.842841, 39.509933 ], [ -115.842154, 39.511244 ], [ -115.84281, 39.51208 ], [ -115.842897, 39.51211 ], [ -115.843157, 39.5122 ], [ -115.844547, 39.512677 ], [ -115.844896, 39.512944 ], [ -115.84481, 39.51318 ], [ -115.842387, 39.514363 ], [ -115.841829, 39.514777 ], [ -115.841718, 39.51486 ], [ -115.841479, 39.515038 ], [ -115.841052, 39.516248 ], [ -115.841018, 39.518127 ], [ -115.840639, 39.520343 ], [ -115.839954, 39.522191 ], [ -115.838806, 39.523207 ], [ -115.838744, 39.523262 ], [ -115.838412, 39.523557 ], [ -115.838053, 39.523876 ], [ -115.834182, 39.532217 ], [ -115.833059, 39.534112 ], [ -115.83234, 39.535339 ], [ -115.831739, 39.536717 ], [ -115.831749, 39.538663 ], [ -115.830932, 39.540243 ], [ -115.83046, 39.541386 ], [ -115.830987, 39.542625 ], [ -115.832297, 39.54413 ], [ -115.832827, 39.546074 ], [ -115.833054, 39.548019 ], [ -115.832846, 39.549933 ], [ -115.833335, 39.552078 ], [ -115.834207, 39.55288 ], [ -115.835251, 39.553312 ], [ -115.837032, 39.553775 ], [ -115.83795, 39.554913 ], [ -115.838173, 39.556187 ], [ -115.836839, 39.558473 ], [ -115.835807, 39.560457 ], [ -115.835734, 39.563107 ], [ -115.834786, 39.564587 ], [ -115.834272, 39.566065 ], [ -115.833154, 39.568116 ], [ -115.831601, 39.570236 ], [ -115.829956, 39.571114 ], [ -115.828312, 39.572261 ], [ -115.827405, 39.573271 ], [ -115.82624, 39.574785 ], [ -115.824121, 39.576538 ], [ -115.821741, 39.578157 ], [ -115.821138, 39.579267 ], [ -115.820275, 39.580344 ], [ -115.819283, 39.58169 ], [ -115.819027, 39.582663 ], [ -115.819031, 39.583569 ], [ -115.818558, 39.584578 ], [ -115.816046, 39.585929 ], [ -115.816224, 39.586734 ], [ -115.815882, 39.587976 ], [ -115.815106, 39.58912 ], [ -115.814285, 39.590096 ], [ -115.814159, 39.590969 ], [ -115.813817, 39.592077 ], [ -115.813476, 39.593521 ], [ -115.814136, 39.595297 ], [ -115.813666, 39.596909 ], [ -115.81389, 39.598452 ], [ -115.814811, 39.600428 ], [ -115.815335, 39.600829 ], [ -115.816686, 39.601898 ], [ -115.817478, 39.604008 ], [ -115.818009, 39.606154 ], [ -115.818496, 39.608031 ], [ -115.818855, 39.610412 ], [ -115.819166, 39.611988 ], [ -115.818181, 39.614877 ], [ -115.818226, 39.615212 ], [ -115.819144, 39.616484 ], [ -115.819019, 39.617558 ], [ -115.818989, 39.620309 ], [ -115.819344, 39.621885 ], [ -115.820131, 39.622889 ], [ -115.821266, 39.624092 ], [ -115.82221, 39.624928 ], [ -115.822777, 39.625349 ], [ -115.823696, 39.627095 ], [ -115.824573, 39.628875 ], [ -115.825286, 39.633209 ], [ -115.825422, 39.634654 ], [ -115.825254, 39.636065 ], [ -115.82487, 39.638015 ], [ -115.825183, 39.6403 ], [ -115.825363, 39.641778 ], [ -115.826196, 39.643659 ], [ -115.827289, 39.645102 ], [ -115.82751, 39.646043 ], [ -115.826954, 39.648363 ], [ -115.826653, 39.649304 ], [ -115.825007, 39.651256 ], [ -115.82436, 39.652635 ], [ -115.823713, 39.654014 ], [ -115.823111, 39.655763 ], [ -115.823073, 39.657275 ], [ -115.823383, 39.658552 ], [ -115.824215, 39.660096 ], [ -115.823956, 39.660735 ], [ -115.823007, 39.662652 ], [ -115.823314, 39.663425 ], [ -115.824147, 39.665003 ], [ -115.824323, 39.665641 ], [ -115.823587, 39.666583 ], [ -115.822725, 39.668567 ], [ -115.822557, 39.670248 ], [ -115.823216, 39.671827 ], [ -115.823873, 39.673136 ], [ -115.824009, 39.674447 ], [ -115.823535, 39.675758 ], [ -115.823627, 39.677169 ], [ -115.824025, 39.678614 ], [ -115.823985, 39.679656 ], [ -115.824641, 39.680562 ], [ -115.824645, 39.681604 ], [ -115.824216, 39.683184 ], [ -115.824047, 39.684562 ], [ -115.824009, 39.68594 ], [ -115.824363, 39.687385 ], [ -115.825238, 39.688694 ], [ -115.825503, 39.689803 ], [ -115.82568, 39.690441 ], [ -115.826554, 39.691347 ], [ -115.826818, 39.69222 ], [ -115.827608, 39.693966 ], [ -115.829225, 39.695577 ], [ -115.829488, 39.696047 ], [ -115.829621, 39.696753 ], [ -115.829151, 39.698971 ], [ -115.828987, 39.70176 ], [ -115.828604, 39.703979 ], [ -115.829048, 39.706162 ], [ -115.8301, 39.708009 ], [ -115.831763, 39.710325 ], [ -115.832246, 39.71103 ], [ -115.830649, 39.714797 ], [ -115.830477, 39.715368 ], [ -115.830653, 39.715839 ], [ -115.833492, 39.717951 ], [ -115.833583, 39.718926 ], [ -115.833271, 39.728134 ], [ -115.833101, 39.729412 ], [ -115.831416, 39.732641 ], [ -115.831333, 39.733817 ], [ -115.830903, 39.735028 ], [ -115.829644, 39.736139 ], [ -115.82943, 39.737046 ], [ -115.828478, 39.73856 ], [ -115.826303, 39.739337 ], [ -115.825262, 39.740481 ], [ -115.824921, 39.742229 ], [ -115.824274, 39.744011 ], [ -115.822927, 39.745156 ], [ -115.821318, 39.74573 ], [ -115.818447, 39.746641 ], [ -115.817404, 39.747181 ], [ -115.817058, 39.748021 ], [ -115.816973, 39.748559 ], [ -115.816628, 39.749433 ], [ -115.816171, 39.749927 ], [ -115.815954, 39.750307 ], [ -115.815129, 39.75118 ], [ -115.814346, 39.751953 ], [ -115.812649, 39.752224 ], [ -115.812084, 39.752929 ], [ -115.812173, 39.753868 ], [ -115.812828, 39.755209 ], [ -115.812831, 39.75645 ], [ -115.812094, 39.75843 ], [ -115.810399, 39.760378 ], [ -115.810054, 39.761854 ], [ -115.810971, 39.763764 ], [ -115.812324, 39.765473 ], [ -115.812805, 39.766579 ], [ -115.81185, 39.768358 ], [ -115.81072, 39.769399 ], [ -115.811853, 39.770336 ], [ -115.812857, 39.771408 ], [ -115.813382, 39.772749 ], [ -115.812993, 39.774594 ], [ -115.813171, 39.775935 ], [ -115.81374, 39.778014 ], [ -115.813916, 39.778684 ], [ -115.810743, 39.782144 ], [ -115.811487, 39.78439 ], [ -115.81206, 39.788313 ], [ -115.811713, 39.789186 ], [ -115.81054, 39.790999 ], [ -115.810065, 39.79328 ], [ -115.810113, 39.795829 ], [ -115.81077, 39.798075 ], [ -115.811731, 39.79965 ], [ -115.812518, 39.801594 ], [ -115.812172, 39.80297 ], [ -115.812, 39.804211 ], [ -115.812265, 39.805921 ], [ -115.812877, 39.807429 ], [ -115.81336, 39.809608 ], [ -115.813362, 39.810749 ], [ -115.813668, 39.811184 ], [ -115.814585, 39.812424 ], [ -115.815634, 39.814334 ], [ -115.814416, 39.815208 ], [ -115.813546, 39.81645 ], [ -115.812724, 39.819839 ], [ -115.812598, 39.822355 ], [ -115.812471, 39.824535 ], [ -115.809333, 39.824506 ], [ -115.80916, 39.824976 ], [ -115.809118, 39.825848 ], [ -115.807987, 39.827393 ], [ -115.806248, 39.829475 ], [ -115.805248, 39.831187 ], [ -115.804117, 39.832631 ], [ -115.802288, 39.833505 ], [ -115.800807, 39.833643 ], [ -115.799543, 39.834148 ], [ -115.798717, 39.835088 ], [ -115.798762, 39.836161 ], [ -115.799461, 39.837535 ], [ -115.80003, 39.838943 ], [ -115.800339, 39.841056 ], [ -115.800036, 39.842666 ], [ -115.799559, 39.84431 ], [ -115.799038, 39.845552 ], [ -115.798299, 39.84676 ], [ -115.798737, 39.848671 ], [ -115.798565, 39.849812 ], [ -115.797477, 39.850887 ], [ -115.795648, 39.852399 ], [ -115.794864, 39.853104 ], [ -115.794865, 39.853942 ], [ -115.795042, 39.855351 ], [ -115.795306, 39.856927 ], [ -115.795874, 39.857697 ], [ -115.796704, 39.858702 ], [ -115.797011, 39.860245 ], [ -115.798016, 39.861585 ], [ -115.798323, 39.863094 ], [ -115.799111, 39.864971 ], [ -115.799941, 39.865808 ], [ -115.801293, 39.866376 ], [ -115.804304, 39.867881 ], [ -115.805135, 39.869087 ], [ -115.805267, 39.869824 ], [ -115.804832, 39.870865 ], [ -115.8037, 39.872107 ], [ -115.802263, 39.873384 ], [ -115.802178, 39.874256 ], [ -115.802333, 39.874928 ], [ -115.801552, 39.876505 ], [ -115.800987, 39.877379 ], [ -115.801207, 39.878688 ], [ -115.802344, 39.880061 ], [ -115.803, 39.880898 ], [ -115.802827, 39.882107 ], [ -115.802655, 39.883014 ], [ -115.802965, 39.885732 ], [ -115.804408, 39.887976 ], [ -115.805763, 39.889886 ], [ -115.805459, 39.890726 ], [ -115.805113, 39.892304 ], [ -115.805158, 39.893143 ], [ -115.805901, 39.893678 ], [ -115.807036, 39.89438 ], [ -115.807212, 39.895051 ], [ -115.807216, 39.897501 ], [ -115.807786, 39.899178 ], [ -115.807614, 39.900319 ], [ -115.80644, 39.902505 ], [ -115.805789, 39.90395 ], [ -115.802825, 39.905469 ], [ -115.802088, 39.907552 ], [ -115.801698, 39.909097 ], [ -115.801844, 39.909877 ], [ -115.801849, 39.909904 ], [ -115.80205, 39.910976 ], [ -115.802359, 39.912821 ], [ -115.802883, 39.913357 ], [ -115.805154, 39.91476 ], [ -115.805505, 39.915732 ], [ -115.805945, 39.91798 ], [ -115.806995, 39.919689 ], [ -115.808966, 39.92361 ], [ -115.810101, 39.924278 ], [ -115.811716, 39.924576 ], [ -115.812458, 39.924876 ], [ -115.81399, 39.926952 ], [ -115.816176, 39.929027 ], [ -115.817445, 39.931003 ], [ -115.81806, 39.932781 ], [ -115.816929, 39.934764 ], [ -115.816498, 39.93725 ], [ -115.816153, 39.9395 ], [ -115.815894, 39.941246 ], [ -115.815156, 39.942758 ], [ -115.815727, 39.944771 ], [ -115.815729, 39.945711 ], [ -115.815208, 39.94739 ], [ -115.814773, 39.948097 ], [ -115.814775, 39.948902 ], [ -115.815258, 39.950646 ], [ -115.816092, 39.952825 ], [ -115.816183, 39.954873 ], [ -115.816578, 39.956214 ], [ -115.817629, 39.957856 ], [ -115.818507, 39.959968 ], [ -115.819778, 39.962884 ], [ -115.82083, 39.964761 ], [ -115.822579, 39.966333 ], [ -115.823586, 39.967572 ], [ -115.823457, 39.968512 ], [ -115.823897, 39.970491 ], [ -115.824382, 39.972235 ], [ -115.823686, 39.973748 ], [ -115.823557, 39.97452 ], [ -115.824565, 39.976095 ], [ -115.825747, 39.977534 ], [ -115.826885, 39.978973 ], [ -115.827238, 39.980651 ], [ -115.827503, 39.981992 ], [ -115.828552, 39.982795 ], [ -115.830912, 39.983392 ], [ -115.833361, 39.984962 ], [ -115.833581, 39.986035 ], [ -115.834546, 39.987677 ], [ -115.834419, 39.989658 ], [ -115.834336, 39.991739 ], [ -115.834688, 39.992812 ], [ -115.835432, 39.993414 ], [ -115.835826, 39.99395 ], [ -115.835653, 39.994689 ], [ -115.834999, 39.995161 ], [ -115.833429, 39.996441 ], [ -115.831511, 39.998058 ], [ -115.831252, 39.9992 ], [ -115.831824, 39.999927 ], [ -115.832317, 40.001721 ], [ -115.831854, 40.004372 ], [ -115.831485, 40.007928 ], [ -115.832759, 40.009164 ], [ -115.83412, 40.010501 ], [ -115.835545, 40.014654 ], [ -115.835301, 40.017371 ], [ -115.834264, 40.01887 ], [ -115.834085, 40.019125 ], [ -115.833912, 40.019281 ], [ -115.831964, 40.021039 ], [ -115.828309, 40.022896 ], [ -115.827178, 40.023404 ], [ -115.826923, 40.024511 ], [ -115.82654, 40.026055 ], [ -115.827788, 40.029906 ], [ -115.828979, 40.03178 ], [ -115.830254, 40.033084 ], [ -115.830481, 40.034324 ], [ -115.829619, 40.036071 ], [ -115.829369, 40.037916 ], [ -115.8299, 40.039054 ], [ -115.831045, 40.040459 ], [ -115.832276, 40.041829 ], [ -115.833023, 40.042464 ], [ -115.833246, 40.043201 ], [ -115.829566, 40.048076 ], [ -115.827653, 40.049257 ], [ -115.826964, 40.050836 ], [ -115.82663, 40.053118 ], [ -115.827035, 40.054961 ], [ -115.827655, 40.056265 ], [ -115.827655, 40.056278 ], [ -115.827799, 40.058277 ], [ -115.827549, 40.060122 ], [ -115.827259, 40.062571 ], [ -115.827744, 40.063274 ], [ -115.829019, 40.064577 ], [ -115.83047, 40.066081 ], [ -115.831, 40.066951 ], [ -115.830485, 40.068395 ], [ -115.831541, 40.069498 ], [ -115.83286, 40.070835 ], [ -115.832783, 40.072411 ], [ -115.832537, 40.074894 ], [ -115.833518, 40.077908 ], [ -115.835236, 40.080048 ], [ -115.836637, 40.080513 ], [ -115.838558, 40.080338 ], [ -115.839261, 40.080839 ], [ -115.838436, 40.081747 ], [ -115.839067, 40.084461 ], [ -115.8368, 40.085375 ], [ -115.835493, 40.085916 ], [ -115.833147, 40.087903 ], [ -115.834227, 40.092661 ], [ -115.834975, 40.093329 ], [ -115.838839, 40.096166 ], [ -115.840203, 40.097569 ], [ -115.839729, 40.098577 ], [ -115.837944, 40.099589 ], [ -115.834677, 40.10111 ], [ -115.828485, 40.103312 ], [ -115.82683, 40.104256 ], [ -115.826703, 40.104412 ], [ -115.826476, 40.104691 ], [ -115.826239, 40.104983 ], [ -115.825356, 40.106073 ], [ -115.826855, 40.108212 ], [ -115.828536, 40.11099 ], [ -115.830289, 40.111991 ], [ -115.830643, 40.112659 ], [ -115.830211, 40.113331 ], [ -115.828861, 40.114308 ], [ -115.827597, 40.114882 ], [ -115.827495, 40.115612 ], [ -115.827432, 40.116068 ], [ -115.82739, 40.11636 ], [ -115.826125, 40.116767 ], [ -115.824602, 40.117746 ], [ -115.823777, 40.118822 ], [ -115.823786, 40.119995 ], [ -115.824056, 40.121202 ], [ -115.824977, 40.121735 ], [ -115.826599, 40.122466 ], [ -115.828661, 40.123566 ], [ -115.830838, 40.124927 ], [ -115.831321, 40.125158 ], [ -115.832109, 40.125255 ], [ -115.832591, 40.125387 ], [ -115.833118, 40.12572 ], [ -115.833952, 40.12622 ], [ -115.834438, 40.126888 ], [ -115.834969, 40.127842 ], [ -115.822202, 40.128143 ], [ -115.818411, 40.128142 ], [ -115.810122, 40.128137 ], [ -115.80998, 40.128137 ], [ -115.798138, 40.128132 ], [ -115.793651, 40.128113 ], [ -115.792205, 40.128084 ], [ -115.789533, 40.128027 ], [ -115.785134, 40.12809 ], [ -115.781844, 40.128298 ], [ -115.781747, 40.128304 ], [ -115.774715, 40.12855 ], [ -115.772939, 40.1285 ], [ -115.770673, 40.128456 ], [ -115.766051, 40.128349 ], [ -115.764355, 40.128315 ], [ -115.763918, 40.128246 ], [ -115.763275, 40.12824 ], [ -115.76315, 40.128263 ], [ -115.762892, 40.128313 ], [ -115.762158, 40.128304 ], [ -115.76127, 40.128338 ], [ -115.760759, 40.128323 ], [ -115.756315, 40.128231 ], [ -115.750889, 40.128161 ], [ -115.697707, 40.12779 ], [ -115.695032, 40.127765 ], [ -115.68065, 40.127702 ], [ -115.669649, 40.127655 ], [ -115.667846, 40.127649 ], [ -115.660929, 40.127623 ], [ -115.625884, 40.127842 ], [ -115.622622, 40.128322 ], [ -115.622204, 40.128321 ], [ -115.609181, 40.128262 ], [ -115.608593, 40.128259 ], [ -115.58472, 40.128144 ], [ -115.57696, 40.128158 ], [ -115.576779, 40.128158 ], [ -115.575901, 40.128159 ], [ -115.569775, 40.1281 ], [ -115.556389, 40.127972 ], [ -115.555901, 40.128048 ], [ -115.554202, 40.128025 ], [ -115.553844, 40.128059 ], [ -115.552711, 40.127993 ], [ -115.530398, 40.127954 ], [ -115.523055, 40.12794 ], [ -115.521809, 40.127937 ], [ -115.521653, 40.127949 ], [ -115.508205, 40.127832 ], [ -115.500879, 40.127903 ], [ -115.499375, 40.127095 ], [ -115.498646, 40.127052 ], [ -115.494288, 40.127018 ], [ -115.492416, 40.127032 ], [ -115.490479, 40.127016 ], [ -115.489674, 40.127056 ], [ -115.486841, 40.127032 ], [ -115.485847, 40.127023 ], [ -115.483833, 40.127013 ], [ -115.483805, 40.127209 ], [ -115.483135, 40.127224 ], [ -115.4831, 40.127039 ], [ -115.482528, 40.127034 ], [ -115.481389, 40.127024 ], [ -115.480774, 40.127018 ], [ -115.479808, 40.126991 ], [ -115.478798, 40.126982 ], [ -115.478157, 40.126976 ], [ -115.475611, 40.126954 ], [ -115.47035, 40.126894 ], [ -115.430668, 40.126571 ], [ -115.417193, 40.126458 ], [ -115.413699, 40.126428 ], [ -115.413634, 40.126428 ], [ -115.392803, 40.126254 ], [ -115.392637, 40.126256 ], [ -115.375873, 40.126112 ], [ -115.342915, 40.125062 ], [ -115.338657, 40.12493 ], [ -115.335423, 40.124932 ], [ -115.335159, 40.12493 ], [ -115.334944, 40.12493 ], [ -115.322678, 40.124434 ], [ -115.31767, 40.124262 ], [ -115.317007, 40.124238 ], [ -115.316639, 40.124224 ], [ -115.313668, 40.124129 ], [ -115.312796, 40.124084 ], [ -115.312603, 40.124077 ], [ -115.305066, 40.123811 ], [ -115.30497, 40.123808 ], [ -115.30484, 40.123803 ], [ -115.290066, 40.123394 ], [ -115.266582, 40.122631 ], [ -115.263729, 40.122543 ], [ -115.251214, 40.122554 ], [ -115.250872, 40.122579 ], [ -115.250872, 40.122398 ], [ -115.245841, 40.122333 ], [ -115.231818, 40.122487 ], [ -115.231765, 40.122488 ], [ -115.225494, 40.122557 ], [ -115.2241, 40.122612 ], [ -115.220538, 40.122729 ], [ -115.217711, 40.122694 ], [ -115.212803, 40.122585 ], [ -115.211206, 40.122708 ], [ -115.210788, 40.122701 ], [ -115.193671, 40.122484 ], [ -115.193314, 40.12248 ], [ -115.181321, 40.122474 ], [ -115.170116, 40.122516 ], [ -115.167041, 40.122511 ], [ -115.153769, 40.122491 ], [ -115.146894, 40.12248 ], [ -115.142475, 40.122473 ], [ -115.125868, 40.122302 ], [ -115.123263, 40.12244 ], [ -115.120485, 40.122529 ], [ -115.120148, 40.12254 ], [ -115.119964, 40.122528 ], [ -115.118819, 40.122533 ], [ -115.117499, 40.122562 ], [ -115.117321, 40.122555 ], [ -115.117027, 40.122581 ], [ -115.116667, 40.122563 ], [ -115.116304, 40.122554 ], [ -115.115469, 40.122572 ], [ -115.11414, 40.122581 ], [ -115.113591, 40.122598 ], [ -115.113015, 40.122577 ], [ -115.112397, 40.122576 ], [ -115.108928, 40.122618 ], [ -115.104726, 40.122683 ], [ -115.104592, 40.122685 ], [ -115.103246, 40.122678 ], [ -115.09936, 40.122698 ], [ -115.097591, 40.122688 ], [ -115.094423, 40.12273 ], [ -115.094018, 40.122741 ], [ -115.093884, 40.122745 ], [ -115.093741, 40.122745 ], [ -115.093566, 40.122744 ], [ -115.083479, 40.122591 ], [ -115.070738, 40.122543 ], [ -115.070659, 40.122543 ], [ -115.070225, 40.122541 ], [ -115.06056, 40.122505 ], [ -115.050198, 40.122466 ], [ -115.040628, 40.122432 ], [ -115.027469, 40.122383 ], [ -115.027245, 40.122382 ], [ -115.022743, 40.122358 ], [ -115.019391, 40.122319 ], [ -115.015483, 40.122319 ], [ -115.014156, 40.122363 ], [ -115.012176, 40.12243 ], [ -115.009561, 40.122474 ], [ -115.009094, 40.122365 ], [ -115.008664, 40.122275 ], [ -115.008234, 40.122298 ], [ -115.007909, 40.122393 ], [ -115.007667, 40.122449 ], [ -115.000864, 40.122753 ], [ -115.000159, 40.122749 ], [ -114.985144, 40.122673 ], [ -114.984993, 40.122672 ], [ -114.972241, 40.122609 ], [ -114.968812, 40.122547 ], [ -114.968475, 40.122544 ], [ -114.968404, 40.122543 ], [ -114.966722, 40.122534 ], [ -114.965619, 40.122526 ], [ -114.935531, 40.122312 ], [ -114.935088, 40.122307 ], [ -114.923841, 40.122147 ], [ -114.91461, 40.122289 ], [ -114.901825, 40.122082 ], [ -114.900928, 40.122037 ], [ -114.899462, 40.121964 ], [ -114.891231, 40.121679 ], [ -114.884957, 40.121481 ], [ -114.884805, 40.121477 ], [ -114.883763, 40.121445 ], [ -114.875861, 40.121773 ], [ -114.869648, 40.122164 ], [ -114.867163, 40.122321 ], [ -114.866808, 40.122337 ], [ -114.864346, 40.122447 ], [ -114.860955, 40.122358 ], [ -114.854301, 40.122182 ], [ -114.844804, 40.121932 ], [ -114.833511, 40.121635 ], [ -114.806482, 40.121108 ], [ -114.803836, 40.121097 ], [ -114.803624, 40.121096 ], [ -114.799712, 40.121081 ], [ -114.787054, 40.121034 ], [ -114.781772, 40.12099 ], [ -114.781045, 40.120984 ], [ -114.780656, 40.120981 ], [ -114.77683, 40.120949 ], [ -114.775621, 40.12094 ], [ -114.774193, 40.120929 ], [ -114.772715, 40.120923 ], [ -114.771604, 40.120918 ], [ -114.768504, 40.120905 ], [ -114.763428, 40.120883 ], [ -114.758694, 40.120854 ], [ -114.750858, 40.120731 ], [ -114.750858, 40.121402 ], [ -114.747557, 40.121268 ], [ -114.745709, 40.121337 ], [ -114.745114, 40.121246 ], [ -114.742946, 40.121197 ], [ -114.741437, 40.121183 ], [ -114.721815, 40.121027 ] ] ] ] } },
{ "type": "Feature", "properties": { "NAME": "Elko", "STUSPS": "NV" }, "geometry": { "type": "MultiPolygon", "coordinates": [ [ [ [ -114.972414, 41.997518 ], [ -114.964083, 41.997829 ], [ -114.954842, 41.998166 ], [ -114.948793, 41.998446 ], [ -114.946468, 41.998557 ], [ -114.944367, 41.998656 ], [ -114.94165, 41.998785 ], [ -114.936234, 41.999042 ], [ -114.930444, 41.999197 ], [ -114.92728, 41.999297 ], [ -114.924093, 41.9994 ], [ -114.921639, 41.999455 ], [ -114.921326, 41.999462 ], [ -114.918159, 41.999533 ], [ -114.917681, 41.999543 ], [ -114.914384, 41.999619 ], [ -114.910759, 41.999701 ], [ -114.907029, 41.999789 ], [ -114.900304, 41.999882 ], [ -114.89921, 41.999907 ], [ -114.898822, 41.999916 ], [ -114.898513, 41.999923 ], [ -114.897615, 41.999952 ], [ -114.894235, 42.00006 ], [ -114.891964, 42.000141 ], [ -114.886751, 42.000339 ], [ -114.881721, 42.000537 ], [ -114.875618, 42.000784 ], [ -114.871632, 42.000987 ], [ -114.870379, 42.001051 ], [ -114.864125, 42.001339 ], [ -114.862441, 42.001414 ], [ -114.85625, 42.001702 ], [ -114.851754, 42.001716 ], [ -114.847029, 42.001727 ], [ -114.846538, 42.001729 ], [ -114.846467, 42.001729 ], [ -114.831119, 42.001793 ], [ -114.823491, 42.001842 ], [ -114.816425, 42.001791 ], [ -114.808517, 42.001468 ], [ -114.807563, 42.001434 ], [ -114.804401, 42.001311 ], [ -114.797689, 42.001043 ], [ -114.797309, 42.001028 ], [ -114.7972, 42.001023 ], [ -114.797116, 42.001018 ], [ -114.796685, 42.001002 ], [ -114.792441, 42.000829 ], [ -114.778711, 42.000347 ], [ -114.768463, 41.999993 ], [ -114.763825, 41.999867 ], [ -114.760987, 41.999794 ], [ -114.760372, 41.999776 ], [ -114.754741, 41.999582 ], [ -114.754651, 41.999579 ], [ -114.754503, 41.999574 ], [ -114.751566, 41.999452 ], [ -114.750943, 41.999425 ], [ -114.749115, 41.999367 ], [ -114.745638, 41.999256 ], [ -114.744469, 41.999219 ], [ -114.743608, 41.999191 ], [ -114.742638, 41.999159 ], [ -114.740643, 41.99909 ], [ -114.739813, 41.999061 ], [ -114.737674, 41.998987 ], [ -114.736445, 41.998945 ], [ -114.735288, 41.998905 ], [ -114.734172, 41.998866 ], [ -114.731208, 41.998757 ], [ -114.729224, 41.998672 ], [ -114.724917, 41.998486 ], [ -114.72104, 41.998394 ], [ -114.720699, 41.998382 ], [ -114.719038, 41.998321 ], [ -114.717381, 41.99826 ], [ -114.715705, 41.998198 ], [ -114.713657, 41.998122 ], [ -114.711472, 41.998036 ], [ -114.709904, 41.99797 ], [ -114.706681, 41.997835 ], [ -114.704773, 41.997754 ], [ -114.703741, 41.997711 ], [ -114.701749, 41.99763 ], [ -114.694063, 41.997409 ], [ -114.688486, 41.997278 ], [ -114.682694, 41.997082 ], [ -114.680175, 41.997044 ], [ -114.677124, 41.996999 ], [ -114.674773, 41.99696 ], [ -114.672663, 41.996918 ], [ -114.669336, 41.996854 ], [ -114.668119, 41.99683 ], [ -114.667879, 41.996825 ], [ -114.664099, 41.996764 ], [ -114.66062, 41.996703 ], [ -114.654812, 41.996586 ], [ -114.652795, 41.996544 ], [ -114.651524, 41.996516 ], [ -114.650875, 41.996503 ], [ -114.648854, 41.996468 ], [ -114.643159, 41.996326 ], [ -114.640258, 41.996248 ], [ -114.638692, 41.99619 ], [ -114.636737, 41.996118 ], [ -114.635389, 41.99607 ], [ -114.625861, 41.995712 ], [ -114.62234, 41.99558 ], [ -114.621123, 41.995534 ], [ -114.620836, 41.995523 ], [ -114.617774, 41.995359 ], [ -114.613668, 41.99514 ], [ -114.612139, 41.995076 ], [ -114.61085, 41.995021 ], [ -114.607334, 41.994873 ], [ -114.603156, 41.994697 ], [ -114.600415, 41.994639 ], [ -114.598281, 41.994594 ], [ -114.594299, 41.994578 ], [ -114.593148, 41.994572 ], [ -114.592926, 41.994571 ], [ -114.590133, 41.994557 ], [ -114.589585, 41.994554 ], [ -114.588893, 41.99455 ], [ -114.587148, 41.994542 ], [ -114.586903, 41.99454 ], [ -114.586156, 41.994537 ], [ -114.584398, 41.994511 ], [ -114.584165, 41.994508 ], [ -114.578247, 41.994437 ], [ -114.576094, 41.994418 ], [ -114.56869, 41.994377 ], [ -114.563103, 41.994388 ], [ -114.562125, 41.99439 ], [ -114.555347, 41.99431 ], [ -114.54886, 41.994238 ], [ -114.546928, 41.994244 ], [ -114.542268, 41.994258 ], [ -114.540564, 41.994292 ], [ -114.540313, 41.994297 ], [ -114.53915, 41.99432 ], [ -114.538746, 41.994328 ], [ -114.538465, 41.994334 ], [ -114.538118, 41.994341 ], [ -114.537737, 41.994349 ], [ -114.537142, 41.994361 ], [ -114.536838, 41.994367 ], [ -114.535718, 41.994387 ], [ -114.534792, 41.994397 ], [ -114.533782, 41.994409 ], [ -114.532461, 41.994423 ], [ -114.531339, 41.994436 ], [ -114.530232, 41.994448 ], [ -114.526836, 41.994486 ], [ -114.524348, 41.994492 ], [ -114.521387, 41.9945 ], [ -114.520261, 41.99451 ], [ -114.518014, 41.994531 ], [ -114.517759, 41.994533 ], [ -114.517043, 41.994539 ], [ -114.515965, 41.994549 ], [ -114.515109, 41.994557 ], [ -114.514212, 41.994565 ], [ -114.509653, 41.994577 ], [ -114.504158, 41.994587 ], [ -114.501807, 41.99463 ], [ -114.500904, 41.994646 ], [ -114.49852, 41.994632 ], [ -114.494622, 41.994608 ], [ -114.49216, 41.994622 ], [ -114.489677, 41.994633 ], [ -114.482517, 41.994538 ], [ -114.480299, 41.994537 ], [ -114.475216, 41.994537 ], [ -114.467662, 41.994531 ], [ -114.46523, 41.994529 ], [ -114.45774, 41.994523 ], [ -114.446696, 41.994522 ], [ -114.441769, 41.99452 ], [ -114.44149, 41.994522 ], [ -114.43807, 41.99453 ], [ -114.434364, 41.994509 ], [ -114.42734, 41.994499 ], [ -114.421694, 41.994476 ], [ -114.420755, 41.994484 ], [ -114.42065, 41.99449 ], [ -114.417574, 41.994462 ], [ -114.414827, 41.994464 ], [ -114.408311, 41.994484 ], [ -114.40548, 41.994493 ], [ -114.405162, 41.994495 ], [ -114.404569, 41.994493 ], [ -114.403057, 41.994488 ], [ -114.398179, 41.994474 ], [ -114.397627, 41.994482 ], [ -114.396128, 41.99449 ], [ -114.37886, 41.994457 ], [ -114.377188, 41.994466 ], [ -114.369427, 41.994542 ], [ -114.367508, 41.994532 ], [ -114.361462, 41.994481 ], [ -114.361055, 41.994477 ], [ -114.36, 41.994468 ], [ -114.359435, 41.994464 ], [ -114.358553, 41.994472 ], [ -114.351448, 41.99453 ], [ -114.349749, 41.994538 ], [ -114.347846, 41.994531 ], [ -114.345331, 41.994523 ], [ -114.339858, 41.994504 ], [ -114.336741, 41.994485 ], [ -114.336151, 41.99448 ], [ -114.333018, 41.994464 ], [ -114.33275, 41.994461 ], [ -114.323748, 41.994427 ], [ -114.323595, 41.994427 ], [ -114.322557, 41.994423 ], [ -114.321438, 41.994418 ], [ -114.320482, 41.994415 ], [ -114.319509, 41.994412 ], [ -114.318904, 41.994412 ], [ -114.318113, 41.99441 ], [ -114.317387, 41.994409 ], [ -114.316764, 41.994408 ], [ -114.316193, 41.994407 ], [ -114.315596, 41.994406 ], [ -114.314364, 41.994403 ], [ -114.313108, 41.994401 ], [ -114.311257, 41.994397 ], [ -114.309965, 41.994395 ], [ -114.30867, 41.994393 ], [ -114.307958, 41.994392 ], [ -114.303677, 41.994389 ], [ -114.300401, 41.994385 ], [ -114.300026, 41.994384 ], [ -114.298742, 41.99438 ], [ -114.294816, 41.994364 ], [ -114.290348, 41.994352 ], [ -114.284504, 41.994349 ], [ -114.282023, 41.994431 ], [ -114.281799, 41.994441 ], [ -114.281855, 41.994214 ], [ -114.280635, 41.994218 ], [ -114.280243, 41.994219 ], [ -114.280189, 41.994218 ], [ -114.279594, 41.994221 ], [ -114.279525, 41.994221 ], [ -114.279374, 41.994221 ], [ -114.277971, 41.994226 ], [ -114.277939, 41.994226 ], [ -114.2778, 41.994226 ], [ -114.277618, 41.994227 ], [ -114.274121, 41.994238 ], [ -114.273878, 41.994239 ], [ -114.264852, 41.994268 ], [ -114.264519, 41.994269 ], [ -114.264228, 41.99427 ], [ -114.26394, 41.99427 ], [ -114.250855, 41.994314 ], [ -114.248444, 41.994284 ], [ -114.241471, 41.994198 ], [ -114.234654, 41.994114 ], [ -114.217721, 41.994114 ], [ -114.20174, 41.994108 ], [ -114.2015, 41.994107 ], [ -114.20126, 41.994107 ], [ -114.196906, 41.994098 ], [ -114.196501, 41.994097 ], [ -114.195156, 41.994095 ], [ -114.184918, 41.994075 ], [ -114.184822, 41.994076 ], [ -114.160877, 41.994029 ], [ -114.160405, 41.994028 ], [ -114.156811, 41.994021 ], [ -114.156788, 41.994021 ], [ -114.152952, 41.994014 ], [ -114.145338, 41.994008 ], [ -114.145182, 41.994008 ], [ -114.145053, 41.994007 ], [ -114.144467, 41.994006 ], [ -114.143208, 41.994005 ], [ -114.143087, 41.994005 ], [ -114.138896, 41.994001 ], [ -114.125958, 41.993989 ], [ -114.125851, 41.993989 ], [ -114.125851, 41.993936 ], [ -114.121603, 41.993943 ], [ -114.107781, 41.993965 ], [ -114.107728, 41.993965 ], [ -114.10765, 41.993904 ], [ -114.107637, 41.993894 ], [ -114.107528, 41.993831 ], [ -114.08585, 41.993948 ], [ -114.06191, 41.993939 ], [ -114.061895, 41.993797 ], [ -114.061622, 41.993797 ], [ -114.056529, 41.993803 ], [ -114.053581, 41.993807 ], [ -114.048257, 41.993814 ], [ -114.045295, 41.993802 ], [ -114.041477, 41.993873 ], [ -114.041441, 41.988116 ], [ -114.04144, 41.987914 ], [ -114.041401, 41.981953 ], [ -114.041387, 41.980414 ], [ -114.041383, 41.979889 ], [ -114.041384, 41.979828 ], [ -114.041382, 41.979705 ], [ -114.041383, 41.979623 ], [ -114.041382, 41.979532 ], [ -114.041381, 41.979261 ], [ -114.04138, 41.979058 ], [ -114.041378, 41.978836 ], [ -114.041376, 41.978144 ], [ -114.041374, 41.977717 ], [ -114.041362, 41.977437 ], [ -114.041243, 41.974598 ], [ -114.041123, 41.971664 ], [ -114.041038, 41.969657 ], [ -114.040935, 41.967202 ], [ -114.040808, 41.964158 ], [ -114.040805, 41.963913 ], [ -114.040218, 41.949878 ], [ -114.040196, 41.949364 ], [ -114.040177, 41.948805 ], [ -114.040246, 41.944461 ], [ -114.040268, 41.943092 ], [ -114.040275, 41.942647 ], [ -114.040331, 41.938668 ], [ -114.040384, 41.935825 ], [ -114.040387, 41.932634 ], [ -114.040305, 41.926635 ], [ -114.040304, 41.926547 ], [ -114.040302, 41.926415 ], [ -114.040293, 41.925388 ], [ -114.040293, 41.925371 ], [ -114.040285, 41.924906 ], [ -114.040261, 41.923514 ], [ -114.040253, 41.92305 ], [ -114.040198, 41.919613 ], [ -114.040036, 41.909303 ], [ -114.039982, 41.905867 ], [ -114.039951, 41.903939 ], [ -114.039964, 41.895995 ], [ -114.039978, 41.891345 ], [ -114.040147, 41.88583 ], [ -114.040227, 41.883092 ], [ -114.040318, 41.880225 ], [ -114.04042, 41.876987 ], [ -114.04041, 41.876086 ], [ -114.040396, 41.874776 ], [ -114.040363, 41.8717 ], [ -114.040289, 41.864656 ], [ -114.0403, 41.862478 ], [ -114.040315, 41.859407 ], [ -114.040323, 41.857532 ], [ -114.040351, 41.851912 ], [ -114.04036, 41.850038 ], [ -114.040365, 41.849363 ], [ -114.040368, 41.848918 ], [ -114.040375, 41.84801 ], [ -114.040298, 41.84575 ], [ -114.039932, 41.834933 ], [ -114.039888, 41.833632 ], [ -114.039891, 41.829319 ], [ -114.039897, 41.829151 ], [ -114.040177, 41.775203 ], [ -114.040119, 41.77411 ], [ -114.040057, 41.76887 ], [ -114.040037, 41.767292 ], [ -114.040037, 41.767226 ], [ -114.03999, 41.763241 ], [ -114.039962, 41.760339 ], [ -114.039957, 41.759875 ], [ -114.039879, 41.753266 ], [ -114.039868, 41.752683 ], [ -114.039868, 41.752653 ], [ -114.039854, 41.751619 ], [ -114.039726, 41.741913 ], [ -114.039707, 41.740817 ], [ -114.039717, 41.740275 ], [ -114.039784, 41.737197 ], [ -114.039841, 41.73459 ], [ -114.039863, 41.733129 ], [ -114.039852, 41.731701 ], [ -114.039791, 41.726755 ], [ -114.039783, 41.725998 ], [ -114.03971, 41.724541 ], [ -114.039623, 41.722687 ], [ -114.039623, 41.722495 ], [ -114.039463, 41.719178 ], [ -114.039461, 41.718874 ], [ -114.039578, 41.715513 ], [ -114.039619, 41.714313 ], [ -114.03972, 41.711839 ], [ -114.039752, 41.709423 ], [ -114.039768, 41.708671 ], [ -114.039824, 41.702422 ], [ -114.039834, 41.701193 ], [ -114.039852, 41.695261 ], [ -114.039842, 41.693579 ], [ -114.039829, 41.691173 ], [ -114.039802, 41.661217 ], [ -114.039805, 41.660824 ], [ -114.039804, 41.660558 ], [ -114.039766, 41.653034 ], [ -114.039764, 41.651667 ], [ -114.039753, 41.648917 ], [ -114.039799, 41.633212 ], [ -114.039813, 41.631709 ], [ -114.039861, 41.628069 ], [ -114.039908, 41.62442 ], [ -114.039936, 41.622295 ], [ -114.040016, 41.615224 ], [ -114.040025, 41.614895 ], [ -114.040121, 41.606945 ], [ -114.040164, 41.602529 ], [ -114.040168, 41.602387 ], [ -114.040244, 41.591789 ], [ -114.040246, 41.591603 ], [ -114.040246, 41.591376 ], [ -114.040348, 41.581797 ], [ -114.040467, 41.575051 ], [ -114.040492, 41.572147 ], [ -114.040486, 41.570273 ], [ -114.040493, 41.569092 ], [ -114.040493, 41.568376 ], [ -114.04054, 41.560563 ], [ -114.040663, 41.54133 ], [ -114.040715, 41.534082 ], [ -114.040715, 41.534048 ], [ -114.040735, 41.526208 ], [ -114.04073, 41.525963 ], [ -114.040727, 41.525021 ], [ -114.040359, 41.495807 ], [ -114.040342, 41.495437 ], [ -114.040317, 41.494257 ], [ -114.040298, 41.493404 ], [ -114.040295, 41.49246 ], [ -114.040293, 41.491971 ], [ -114.04029, 41.491199 ], [ -114.040289, 41.486183 ], [ -114.0403, 41.484539 ], [ -114.040324, 41.480083 ], [ -114.040335, 41.47932 ], [ -114.04039, 41.47167 ], [ -114.040415, 41.464801 ], [ -114.040413, 41.464654 ], [ -114.040415, 41.464238 ], [ -114.040454, 41.457869 ], [ -114.040437, 41.454936 ], [ -114.040446, 41.452926 ], [ -114.040442, 41.4466 ], [ -114.040469, 41.426338 ], [ -114.04047, 41.425736 ], [ -114.040467, 41.425014 ], [ -114.040488, 41.41042 ], [ -114.040488, 41.409845 ], [ -114.040491, 41.408632 ], [ -114.040495, 41.407568 ], [ -114.040479, 41.405845 ], [ -114.040488, 41.400672 ], [ -114.040519, 41.398965 ], [ -114.040534, 41.394877 ], [ -114.040524, 41.393576 ], [ -114.04054, 41.392251 ], [ -114.040546, 41.391346 ], [ -114.04059, 41.376598 ], [ -114.040586, 41.375664 ], [ -114.040604, 41.36892 ], [ -114.040598, 41.368202 ], [ -114.040584, 41.364873 ], [ -114.040581, 41.362773 ], [ -114.040569, 41.361303 ], [ -114.04057, 41.360009 ], [ -114.040528, 41.34197 ], [ -114.040566, 41.334139 ], [ -114.040589, 41.329845 ], [ -114.040616, 41.321329 ], [ -114.040742, 41.303121 ], [ -114.040781, 41.29924 ], [ -114.040854, 41.292756 ], [ -114.040854, 41.291989 ], [ -114.040923, 41.28635 ], [ -114.040959, 41.280005 ], [ -114.040959, 41.278664 ], [ -114.040978, 41.275676 ], [ -114.04099, 41.270791 ], [ -114.041035, 41.265544 ], [ -114.041102, 41.260205 ], [ -114.041166, 41.254145 ], [ -114.041165, 41.253774 ], [ -114.041189, 41.249171 ], [ -114.041188, 41.245437 ], [ -114.041189, 41.244603 ], [ -114.041189, 41.24453 ], [ -114.041192, 41.244381 ], [ -114.04123, 41.23577 ], [ -114.041242, 41.231601 ], [ -114.041297, 41.222508 ], [ -114.041299, 41.220117 ], [ -114.041317, 41.21289 ], [ -114.041318, 41.211539 ], [ -114.041319, 41.211481 ], [ -114.041323, 41.20878 ], [ -114.04133, 41.206692 ], [ -114.041326, 41.203331 ], [ -114.041355, 41.195401 ], [ -114.041369, 41.191271 ], [ -114.041364, 41.190989 ], [ -114.041376, 41.181575 ], [ -114.041317, 41.176286 ], [ -114.041295, 41.170272 ], [ -114.041267, 41.164361 ], [ -114.041229, 41.157223 ], [ -114.041229, 41.153683 ], [ -114.041295, 41.150112 ], [ -114.041362, 41.146436 ], [ -114.041425, 41.143102 ], [ -114.041502, 41.136496 ], [ -114.041499, 41.136396 ], [ -114.041528, 41.131396 ], [ -114.041547, 41.127492 ], [ -114.04156, 41.125226 ], [ -114.04157, 41.123425 ], [ -114.041556, 41.122504 ], [ -114.041555, 41.119425 ], [ -114.041542, 41.116701 ], [ -114.041547, 41.114831 ], [ -114.041521, 41.103928 ], [ -114.041695, 41.055791 ], [ -114.041695, 41.055588 ], [ -114.041809, 41.037304 ], [ -114.041815, 41.030705 ], [ -114.041846, 41.026027 ], [ -114.041851, 41.024789 ], [ -114.041861, 41.023749 ], [ -114.041794, 41.020902 ], [ -114.041819, 41.019505 ], [ -114.041829, 41.017874 ], [ -114.041948, 41.010251 ], [ -114.042016, 41.001562 ], [ -114.042029, 40.999896 ], [ -114.042043, 40.998326 ], [ -114.04206, 40.995644 ], [ -114.042062, 40.995003 ], [ -114.042095, 40.991534 ], [ -114.04209, 40.991312 ], [ -114.042144, 40.983517 ], [ -114.042153, 40.982138 ], [ -114.042175, 40.976978 ], [ -114.042199, 40.972192 ], [ -114.042203, 40.971213 ], [ -114.042204, 40.971132 ], [ -114.042219, 40.968065 ], [ -114.042222, 40.966817 ], [ -114.042231, 40.964428 ], [ -114.042232, 40.963912 ], [ -114.042245, 40.960793 ], [ -114.042246, 40.960294 ], [ -114.04226, 40.957159 ], [ -114.04226, 40.956675 ], [ -114.04227, 40.954665 ], [ -114.042274, 40.953524 ], [ -114.042275, 40.953057 ], [ -114.042276, 40.952297 ], [ -114.042281, 40.94989 ], [ -114.042292, 40.946259 ], [ -114.042293, 40.946018 ], [ -114.042292, 40.945671 ], [ -114.042302, 40.942092 ], [ -114.042307, 40.937574 ], [ -114.042317, 40.935177 ], [ -114.042318, 40.931829 ], [ -114.042321, 40.928888 ], [ -114.042329, 40.922686 ], [ -114.042373, 40.917578 ], [ -114.042379, 40.91693 ], [ -114.042477, 40.897577 ], [ -114.042482, 40.895605 ], [ -114.042487, 40.894343 ], [ -114.042492, 40.892582 ], [ -114.042494, 40.891977 ], [ -114.042494, 40.891819 ], [ -114.042502, 40.888352 ], [ -114.042511, 40.884725 ], [ -114.042519, 40.881098 ], [ -114.042523, 40.879827 ], [ -114.04254, 40.878084 ], [ -114.042546, 40.877479 ], [ -114.042573, 40.874458 ], [ -114.042637, 40.867649 ], [ -114.042674, 40.845903 ], [ -114.042779, 40.829422 ], [ -114.042779, 40.829358 ], [ -114.042798, 40.826958 ], [ -114.042792, 40.824501 ], [ -114.042794, 40.820231 ], [ -114.042821, 40.81663 ], [ -114.042838, 40.814396 ], [ -114.042847, 40.813193 ], [ -114.04288, 40.807395 ], [ -114.042886, 40.806129 ], [ -114.04288, 40.79954 ], [ -114.042876, 40.795858 ], [ -114.042876, 40.795614 ], [ -114.042876, 40.795593 ], [ -114.042875, 40.79535 ], [ -114.042874, 40.795071 ], [ -114.043046, 40.780326 ], [ -114.043047, 40.780264 ], [ -114.043066, 40.778729 ], [ -114.043093, 40.776894 ], [ -114.043094, 40.776844 ], [ -114.043147, 40.773089 ], [ -114.043195, 40.769673 ], [ -114.043246, 40.766057 ], [ -114.043249, 40.765834 ], [ -114.043271, 40.764267 ], [ -114.043277, 40.763889 ], [ -114.043279, 40.763749 ], [ -114.043283, 40.763438 ], [ -114.043287, 40.763203 ], [ -114.043298, 40.762431 ], [ -114.043302, 40.762207 ], [ -114.043352, 40.75881 ], [ -114.043356, 40.758583 ], [ -114.043374, 40.757355 ], [ -114.043385, 40.756592 ], [ -114.043391, 40.756197 ], [ -114.043401, 40.755552 ], [ -114.043402, 40.755466 ], [ -114.043406, 40.755189 ], [ -114.043409, 40.755069 ], [ -114.04341, 40.755013 ], [ -114.04341, 40.754984 ], [ -114.043411, 40.754934 ], [ -114.043484, 40.749823 ], [ -114.043512, 40.74794 ], [ -114.043515, 40.747712 ], [ -114.043533, 40.746507 ], [ -114.043544, 40.745715 ], [ -114.043565, 40.744428 ], [ -114.043615, 40.740827 ], [ -114.043618, 40.74069 ], [ -114.043622, 40.740389 ], [ -114.043624, 40.740263 ], [ -114.043626, 40.740097 ], [ -114.043627, 40.740044 ], [ -114.043635, 40.73961 ], [ -114.043654, 40.738142 ], [ -114.043657, 40.73799 ], [ -114.043686, 40.735861 ], [ -114.043689, 40.735776 ], [ -114.043692, 40.735586 ], [ -114.04371, 40.733125 ], [ -114.043718, 40.732067 ], [ -114.043718, 40.731965 ], [ -114.043722, 40.731488 ], [ -114.043722, 40.731403 ], [ -114.043728, 40.730467 ], [ -114.043737, 40.729113 ], [ -114.043746, 40.727847 ], [ -114.043752, 40.726855 ], [ -114.043762, 40.726034 ], [ -114.043793, 40.720918 ], [ -114.043806, 40.718956 ], [ -114.043808, 40.71873 ], [ -114.043815, 40.717894 ], [ -114.043834, 40.714941 ], [ -114.043856, 40.711711 ], [ -114.043857, 40.711483 ], [ -114.043869, 40.709714 ], [ -114.043874, 40.709185 ], [ -114.043881, 40.707908 ], [ -114.04389, 40.707004 ], [ -114.043898, 40.705562 ], [ -114.043907, 40.704236 ], [ -114.04393, 40.700844 ], [ -114.043931, 40.700614 ], [ -114.043943, 40.698904 ], [ -114.043946, 40.698407 ], [ -114.043954, 40.697221 ], [ -114.043956, 40.696992 ], [ -114.043964, 40.695034 ], [ -114.043978, 40.693599 ], [ -114.043982, 40.693162 ], [ -114.043989, 40.691975 ], [ -114.044002, 40.69012 ], [ -114.044003, 40.689977 ], [ -114.044004, 40.689755 ], [ -114.044007, 40.689277 ], [ -114.04401, 40.688856 ], [ -114.044027, 40.686081 ], [ -114.04405, 40.682461 ], [ -114.04409, 40.677496 ], [ -114.044108, 40.675222 ], [ -114.044139, 40.671599 ], [ -114.044161, 40.668958 ], [ -114.044393, 40.640812 ], [ -114.044394, 40.64075 ], [ -114.044404, 40.639578 ], [ -114.044441, 40.635102 ], [ -114.044449, 40.634058 ], [ -114.044465, 40.631984 ], [ -114.044467, 40.631739 ], [ -114.044496, 40.62836 ], [ -114.044497, 40.628289 ], [ -114.04452, 40.625583 ], [ -114.044529, 40.62474 ], [ -114.04467, 40.60742 ], [ -114.044792, 40.588853 ], [ -114.04485, 40.578953 ], [ -114.045283, 40.518228 ], [ -114.04536, 40.50703 ], [ -114.045361, 40.506763 ], [ -114.045374, 40.504983 ], [ -114.045376, 40.504601 ], [ -114.045396, 40.502153 ], [ -114.045393, 40.501883 ], [ -114.045397, 40.501629 ], [ -114.045398, 40.50149 ], [ -114.045401, 40.501087 ], [ -114.045401, 40.500984 ], [ -114.045405, 40.500393 ], [ -114.045407, 40.500112 ], [ -114.045408, 40.499907 ], [ -114.045409, 40.499759 ], [ -114.045413, 40.499291 ], [ -114.045415, 40.498865 ], [ -114.045423, 40.497978 ], [ -114.045443, 40.494848 ], [ -114.045444, 40.494745 ], [ -114.045458, 40.492809 ], [ -114.045467, 40.491525 ], [ -114.045477, 40.49008 ], [ -114.04545, 40.487245 ], [ -114.045451, 40.487066 ], [ -114.045458, 40.484398 ], [ -114.045332, 40.457793 ], [ -114.045327, 40.457386 ], [ -114.045256, 40.452658 ], [ -114.045245, 40.451932 ], [ -114.045227, 40.450646 ], [ -114.045218, 40.450077 ], [ -114.045215, 40.449892 ], [ -114.045202, 40.448956 ], [ -114.0452, 40.448821 ], [ -114.045171, 40.446869 ], [ -114.045117, 40.443229 ], [ -114.04507, 40.43992 ], [ -114.04507, 40.439605 ], [ -114.045069, 40.438861 ], [ -114.04507, 40.437818 ], [ -114.04507, 40.431611 ], [ -114.04507, 40.43082 ], [ -114.045246, 40.42898 ], [ -114.04534, 40.427994 ], [ -114.045622, 40.425058 ], [ -114.045671, 40.424544 ], [ -114.045689, 40.423157 ], [ -114.045723, 40.420754 ], [ -114.045764, 40.417698 ], [ -114.04578, 40.416483 ], [ -114.045833, 40.414018 ], [ -114.045856, 40.412999 ], [ -114.045913, 40.410395 ], [ -114.045922, 40.409955 ], [ -114.045992, 40.406773 ], [ -114.046001, 40.406333 ], [ -114.046081, 40.402709 ], [ -114.046099, 40.401848 ], [ -114.046088, 40.399528 ], [ -114.046088, 40.398834 ], [ -114.046083, 40.398551 ], [ -114.046088, 40.398274 ], [ -114.046038, 40.388999 ], [ -114.046037, 40.388967 ], [ -114.046036, 40.388796 ], [ -114.046036, 40.388713 ], [ -114.046035, 40.388453 ], [ -114.046075, 40.376816 ], [ -114.046091, 40.374168 ], [ -114.0461, 40.372736 ], [ -114.046078, 40.372506 ], [ -114.046051, 40.37114 ], [ -114.046053, 40.37037 ], [ -114.046073, 40.363958 ], [ -114.046081, 40.361821 ], [ -114.046081, 40.361803 ], [ -114.046081, 40.361752 ], [ -114.046082, 40.361735 ], [ -114.046082, 40.361599 ], [ -114.046086, 40.360501 ], [ -114.046086, 40.360392 ], [ -114.046087, 40.36025 ], [ -114.04609, 40.359348 ], [ -114.046095, 40.358114 ], [ -114.046097, 40.357383 ], [ -114.046099, 40.356908 ], [ -114.046103, 40.355192 ], [ -114.046105, 40.354462 ], [ -114.046106, 40.354038 ], [ -114.046108, 40.352767 ], [ -114.04611, 40.352344 ], [ -114.046112, 40.351351 ], [ -114.046118, 40.348375 ], [ -114.046121, 40.347383 ], [ -114.046131, 40.342747 ], [ -114.046136, 40.341009 ], [ -114.046155, 40.332189 ], [ -114.046156, 40.332159 ], [ -114.046162, 40.329419 ], [ -114.046178, 40.322537 ], [ -114.046178, 40.3212 ], [ -114.046181, 40.318461 ], [ -114.046182, 40.315483 ], [ -114.046187, 40.306551 ], [ -114.04619, 40.303574 ], [ -114.04619, 40.303498 ], [ -114.04619, 40.30327 ], [ -114.04619, 40.303195 ], [ -114.04619, 40.303166 ], [ -114.04619, 40.303079 ], [ -114.04619, 40.30305 ], [ -114.04619, 40.303021 ], [ -114.04619, 40.302934 ], [ -114.04619, 40.302905 ], [ -114.046191, 40.300422 ], [ -114.046197, 40.293363 ], [ -114.046193, 40.292974 ], [ -114.046172, 40.290588 ], [ -114.046172, 40.290492 ], [ -114.046179, 40.289246 ], [ -114.046208, 40.284081 ], [ -114.046208, 40.284052 ], [ -114.046217, 40.282866 ], [ -114.046245, 40.277838 ], [ -114.046274, 40.272631 ], [ -114.046314, 40.265625 ], [ -114.046314, 40.265494 ], [ -114.046317, 40.264989 ], [ -114.046303, 40.26166 ], [ -114.046273, 40.254928 ], [ -114.046334, 40.249933 ], [ -114.046299, 40.244493 ], [ -114.046256, 40.243216 ], [ -114.046257, 40.24295 ], [ -114.04626, 40.242755 ], [ -114.04626, 40.242636 ], [ -114.046368, 40.235104 ], [ -114.046371, 40.234942 ], [ -114.046372, 40.234864 ], [ -114.046374, 40.234656 ], [ -114.046396, 40.233138 ], [ -114.046418, 40.231738 ], [ -114.04648, 40.225447 ], [ -114.046492, 40.223231 ], [ -114.046508, 40.219312 ], [ -114.046543, 40.211388 ], [ -114.046558, 40.208878 ], [ -114.046563, 40.207325 ], [ -114.046573, 40.2037 ], [ -114.046584, 40.200076 ], [ -114.046522, 40.183899 ], [ -114.046434, 40.179152 ], [ -114.046433, 40.179095 ], [ -114.046432, 40.179036 ], [ -114.046409, 40.176511 ], [ -114.04646, 40.157602 ], [ -114.046462, 40.156732 ], [ -114.046461, 40.1555 ], [ -114.046473, 40.155333 ], [ -114.046475, 40.155306 ], [ -114.046564, 40.154056 ], [ -114.046456, 40.143255 ], [ -114.046484, 40.137606 ], [ -114.046489, 40.136693 ], [ -114.046489, 40.136641 ], [ -114.04649, 40.136573 ], [ -114.046496, 40.135218 ], [ -114.046517, 40.131154 ], [ -114.046524, 40.1298 ], [ -114.046527, 40.12914 ], [ -114.046537, 40.127163 ], [ -114.046541, 40.126556 ], [ -114.04654, 40.126505 ], [ -114.046502, 40.124935 ], [ -114.046585, 40.122456 ], [ -114.046602, 40.119201 ], [ -114.046614, 40.116936 ], [ -114.047532, 40.116928 ], [ -114.048004, 40.116928 ], [ -114.053222, 40.116914 ], [ -114.053422, 40.116912 ], [ -114.053648, 40.116911 ], [ -114.053988, 40.116911 ], [ -114.054374, 40.116911 ], [ -114.058517, 40.116909 ], [ -114.065948, 40.11688 ], [ -114.072012, 40.116839 ], [ -114.080179, 40.116787 ], [ -114.083922, 40.116766 ], [ -114.087131, 40.116773 ], [ -114.095339, 40.116798 ], [ -114.096178, 40.116799 ], [ -114.097669, 40.116805 ], [ -114.098332, 40.116804 ], [ -114.107975, 40.116819 ], [ -114.109423, 40.116822 ], [ -114.118811, 40.116844 ], [ -114.125841, 40.116625 ], [ -114.126084, 40.116622 ], [ -114.129166, 40.116753 ], [ -114.129385, 40.116762 ], [ -114.143846, 40.11684 ], [ -114.145, 40.116846 ], [ -114.146153, 40.11682 ], [ -114.146509, 40.116811 ], [ -114.148318, 40.116819 ], [ -114.15098, 40.116816 ], [ -114.160264, 40.116807 ], [ -114.174768, 40.116793 ], [ -114.183935, 40.116788 ], [ -114.193619, 40.116794 ], [ -114.193667, 40.116794 ], [ -114.193701, 40.116794 ], [ -114.198772, 40.116798 ], [ -114.205085, 40.116755 ], [ -114.20535, 40.116753 ], [ -114.205436, 40.116753 ], [ -114.220237, 40.116778 ], [ -114.226658, 40.116744 ], [ -114.239229, 40.116677 ], [ -114.250844, 40.116714 ], [ -114.251633, 40.11669 ], [ -114.283173, 40.116996 ], [ -114.284281, 40.117007 ], [ -114.291749, 40.117079 ], [ -114.292229, 40.117084 ], [ -114.293029, 40.117091 ], [ -114.295521, 40.117113 ], [ -114.295886, 40.117117 ], [ -114.309519, 40.117252 ], [ -114.309674, 40.117252 ], [ -114.326975, 40.117418 ], [ -114.334256, 40.117493 ], [ -114.337726, 40.117529 ], [ -114.337909, 40.11753 ], [ -114.354222, 40.117754 ], [ -114.35793, 40.117639 ], [ -114.358937, 40.11761 ], [ -114.367311, 40.117539 ], [ -114.368294, 40.117332 ], [ -114.368394, 40.117328 ], [ -114.368629, 40.117346 ], [ -114.375698, 40.117884 ], [ -114.375849, 40.117895 ], [ -114.379531, 40.11787 ], [ -114.391049, 40.117989 ], [ -114.391574, 40.117996 ], [ -114.395529, 40.118037 ], [ -114.397993, 40.118063 ], [ -114.398071, 40.118064 ], [ -114.402692, 40.118136 ], [ -114.402982, 40.118139 ], [ -114.409286, 40.118212 ], [ -114.410708, 40.118228 ], [ -114.41872, 40.118338 ], [ -114.424355, 40.118416 ], [ -114.424473, 40.118416 ], [ -114.43337, 40.11854 ], [ -114.451712, 40.118647 ], [ -114.455238, 40.118667 ], [ -114.463815, 40.11872 ], [ -114.477979, 40.118841 ], [ -114.482357, 40.118848 ], [ -114.500852, 40.118883 ], [ -114.520634, 40.119016 ], [ -114.521651, 40.119023 ], [ -114.52216, 40.119026 ], [ -114.526058, 40.119058 ], [ -114.529719, 40.119087 ], [ -114.534323, 40.119139 ], [ -114.55432, 40.11937 ], [ -114.560264, 40.119441 ], [ -114.560354, 40.119442 ], [ -114.560378, 40.119442 ], [ -114.567282, 40.119522 ], [ -114.568854, 40.119535 ], [ -114.572411, 40.119566 ], [ -114.573395, 40.119574 ], [ -114.574212, 40.119581 ], [ -114.575239, 40.119585 ], [ -114.576159, 40.119593 ], [ -114.579003, 40.119618 ], [ -114.5981, 40.119789 ], [ -114.625857, 40.120025 ], [ -114.634131, 40.120169 ], [ -114.634236, 40.120171 ], [ -114.636645, 40.120208 ], [ -114.638082, 40.120237 ], [ -114.650754, 40.120453 ], [ -114.656769, 40.120638 ], [ -114.656829, 40.12064 ], [ -114.660301, 40.120729 ], [ -114.662525, 40.120765 ], [ -114.662652, 40.120767 ], [ -114.663017, 40.120767 ], [ -114.663146, 40.120767 ], [ -114.686634, 40.12076 ], [ -114.699378, 40.120869 ], [ -114.701068, 40.12088 ], [ -114.702759, 40.120892 ], [ -114.702868, 40.120893 ], [ -114.702976, 40.120894 ], [ -114.704698, 40.120906 ], [ -114.706421, 40.120917 ], [ -114.706873, 40.120921 ], [ -114.712638, 40.12096 ], [ -114.718403, 40.121 ], [ -114.721815, 40.121027 ], [ -114.741437, 40.121183 ], [ -114.742946, 40.121197 ], [ -114.745114, 40.121246 ], [ -114.745709, 40.121337 ], [ -114.747557, 40.121268 ], [ -114.750858, 40.121402 ], [ -114.750858, 40.120731 ], [ -114.758694, 40.120854 ], [ -114.763428, 40.120883 ], [ -114.768504, 40.120905 ], [ -114.771604, 40.120918 ], [ -114.772715, 40.120923 ], [ -114.774193, 40.120929 ], [ -114.775621, 40.12094 ], [ -114.77683, 40.120949 ], [ -114.780656, 40.120981 ], [ -114.781045, 40.120984 ], [ -114.781772, 40.12099 ], [ -114.787054, 40.121034 ], [ -114.799712, 40.121081 ], [ -114.803624, 40.121096 ], [ -114.803836, 40.121097 ], [ -114.806482, 40.121108 ], [ -114.833511, 40.121635 ], [ -114.844804, 40.121932 ], [ -114.854301, 40.122182 ], [ -114.860955, 40.122358 ], [ -114.864346, 40.122447 ], [ -114.866808, 40.122337 ], [ -114.867163, 40.122321 ], [ -114.869648, 40.122164 ], [ -114.875861, 40.121773 ], [ -114.883763, 40.121445 ], [ -114.884805, 40.121477 ], [ -114.884957, 40.121481 ], [ -114.891231, 40.121679 ], [ -114.899462, 40.121964 ], [ -114.900928, 40.122037 ], [ -114.901825, 40.122082 ], [ -114.91461, 40.122289 ], [ -114.923841, 40.122147 ], [ -114.935088, 40.122307 ], [ -114.935531, 40.122312 ], [ -114.965619, 40.122526 ], [ -114.966722, 40.122534 ], [ -114.968404, 40.122543 ], [ -114.968475, 40.122544 ], [ -114.968812, 40.122547 ], [ -114.972241, 40.122609 ], [ -114.984993, 40.122672 ], [ -114.985144, 40.122673 ], [ -115.000159, 40.122749 ], [ -115.000864, 40.122753 ], [ -115.007667, 40.122449 ], [ -115.007909, 40.122393 ], [ -115.008234, 40.122298 ], [ -115.008664, 40.122275 ], [ -115.009094, 40.122365 ], [ -115.009561, 40.122474 ], [ -115.012176, 40.12243 ], [ -115.014156, 40.122363 ], [ -115.015483, 40.122319 ], [ -115.019391, 40.122319 ], [ -115.022743, 40.122358 ], [ -115.027245, 40.122382 ], [ -115.027469, 40.122383 ], [ -115.040628, 40.122432 ], [ -115.050198, 40.122466 ], [ -115.06056, 40.122505 ], [ -115.070225, 40.122541 ], [ -115.070659, 40.122543 ], [ -115.070738, 40.122543 ], [ -115.083479, 40.122591 ], [ -115.093566, 40.122744 ], [ -115.093741, 40.122745 ], [ -115.093884, 40.122745 ], [ -115.094018, 40.122741 ], [ -115.094423, 40.12273 ], [ -115.097591, 40.122688 ], [ -115.09936, 40.122698 ], [ -115.103246, 40.122678 ], [ -115.104592, 40.122685 ], [ -115.104726, 40.122683 ], [ -115.108928, 40.122618 ], [ -115.112397, 40.122576 ], [ -115.113015, 40.122577 ], [ -115.113591, 40.122598 ], [ -115.11414, 40.122581 ], [ -115.115469, 40.122572 ], [ -115.116304, 40.122554 ], [ -115.116667, 40.122563 ], [ -115.117027, 40.122581 ], [ -115.117321, 40.122555 ], [ -115.117499, 40.122562 ], [ -115.118819, 40.122533 ], [ -115.119964, 40.122528 ], [ -115.120148, 40.12254 ], [ -115.120485, 40.122529 ], [ -115.123263, 40.12244 ], [ -115.125868, 40.122302 ], [ -115.142475, 40.122473 ], [ -115.146894, 40.12248 ], [ -115.153769, 40.122491 ], [ -115.167041, 40.122511 ], [ -115.170116, 40.122516 ], [ -115.181321, 40.122474 ], [ -115.193314, 40.12248 ], [ -115.193671, 40.122484 ], [ -115.210788, 40.122701 ], [ -115.211206, 40.122708 ], [ -115.212803, 40.122585 ], [ -115.217711, 40.122694 ], [ -115.220538, 40.122729 ], [ -115.2241, 40.122612 ], [ -115.225494, 40.122557 ], [ -115.231765, 40.122488 ], [ -115.231818, 40.122487 ], [ -115.245841, 40.122333 ], [ -115.250872, 40.122398 ], [ -115.250872, 40.122579 ], [ -115.251214, 40.122554 ], [ -115.263729, 40.122543 ], [ -115.266582, 40.122631 ], [ -115.290066, 40.123394 ], [ -115.30484, 40.123803 ], [ -115.30497, 40.123808 ], [ -115.305066, 40.123811 ], [ -115.312603, 40.124077 ], [ -115.312796, 40.124084 ], [ -115.313668, 40.124129 ], [ -115.316639, 40.124224 ], [ -115.317007, 40.124238 ], [ -115.31767, 40.124262 ], [ -115.322678, 40.124434 ], [ -115.334944, 40.12493 ], [ -115.335159, 40.12493 ], [ -115.335423, 40.124932 ], [ -115.338657, 40.12493 ], [ -115.342915, 40.125062 ], [ -115.375873, 40.126112 ], [ -115.392637, 40.126256 ], [ -115.392803, 40.126254 ], [ -115.413634, 40.126428 ], [ -115.413699, 40.126428 ], [ -115.417193, 40.126458 ], [ -115.430668, 40.126571 ], [ -115.47035, 40.126894 ], [ -115.475611, 40.126954 ], [ -115.478157, 40.126976 ], [ -115.478798, 40.126982 ], [ -115.479808, 40.126991 ], [ -115.480774, 40.127018 ], [ -115.481389, 40.127024 ], [ -115.482528, 40.127034 ], [ -115.4831, 40.127039 ], [ -115.483135, 40.127224 ], [ -115.483805, 40.127209 ], [ -115.483833, 40.127013 ], [ -115.485847, 40.127023 ], [ -115.486841, 40.127032 ], [ -115.489674, 40.127056 ], [ -115.490479, 40.127016 ], [ -115.492416, 40.127032 ], [ -115.494288, 40.127018 ], [ -115.498646, 40.127052 ], [ -115.499375, 40.127095 ], [ -115.500879, 40.127903 ], [ -115.508205, 40.127832 ], [ -115.521653, 40.127949 ], [ -115.521809, 40.127937 ], [ -115.523055, 40.12794 ], [ -115.530398, 40.127954 ], [ -115.552711, 40.127993 ], [ -115.553844, 40.128059 ], [ -115.554202, 40.128025 ], [ -115.555901, 40.128048 ], [ -115.556389, 40.127972 ], [ -115.569775, 40.1281 ], [ -115.575901, 40.128159 ], [ -115.576779, 40.128158 ], [ -115.57696, 40.128158 ], [ -115.58472, 40.128144 ], [ -115.608593, 40.128259 ], [ -115.609181, 40.128262 ], [ -115.622204, 40.128321 ], [ -115.622622, 40.128322 ], [ -115.625884, 40.127842 ], [ -115.660929, 40.127623 ], [ -115.667846, 40.127649 ], [ -115.669649, 40.127655 ], [ -115.68065, 40.127702 ], [ -115.695032, 40.127765 ], [ -115.697707, 40.12779 ], [ -115.750889, 40.128161 ], [ -115.756315, 40.128231 ], [ -115.760759, 40.128323 ], [ -115.76127, 40.128338 ], [ -115.762158, 40.128304 ], [ -115.762892, 40.128313 ], [ -115.76315, 40.128263 ], [ -115.763275, 40.12824 ], [ -115.763918, 40.128246 ], [ -115.764355, 40.128315 ], [ -115.766051, 40.128349 ], [ -115.770673, 40.128456 ], [ -115.772939, 40.1285 ], [ -115.774715, 40.12855 ], [ -115.781747, 40.128304 ], [ -115.781844, 40.128298 ], [ -115.785134, 40.12809 ], [ -115.789533, 40.128027 ], [ -115.792205, 40.128084 ], [ -115.793651, 40.128113 ], [ -115.798138, 40.128132 ], [ -115.80998, 40.128137 ], [ -115.810122, 40.128137 ], [ -115.818411, 40.128142 ], [ -115.822202, 40.128143 ], [ -115.834969, 40.127842 ], [ -115.842803, 40.127659 ], [ -115.864949, 40.127834 ], [ -115.875893, 40.127977 ], [ -115.880607, 40.127982 ], [ -115.880706, 40.127982 ], [ -115.898809, 40.128003 ], [ -115.935339, 40.127738 ], [ -115.943075, 40.127682 ], [ -115.961583, 40.127688 ], [ -115.96561, 40.127691 ], [ -115.982187, 40.127697 ], [ -116.000897, 40.127376 ], [ -116.003358, 40.13648 ], [ -116.009051, 40.156387 ], [ -116.010323, 40.16084 ], [ -116.013346, 40.171413 ], [ -116.014236, 40.174521 ], [ -116.015063, 40.177413 ], [ -116.018347, 40.188518 ], [ -116.019223, 40.19148 ], [ -116.024386, 40.208936 ], [ -116.02448, 40.20925 ], [ -116.025018, 40.211072 ], [ -116.028534, 40.222743 ], [ -116.028922, 40.223704 ], [ -116.034541, 40.242318 ], [ -116.03677, 40.249923 ], [ -116.036869, 40.250214 ], [ -116.037296, 40.251618 ], [ -116.037524, 40.252519 ], [ -116.037636, 40.252909 ], [ -116.038046, 40.254339 ], [ -116.038518, 40.255928 ], [ -116.042247, 40.268811 ], [ -116.044566, 40.27682 ], [ -116.046991, 40.2852 ], [ -116.050962, 40.298917 ], [ -116.052613, 40.30462 ], [ -116.058404, 40.324623 ], [ -116.060047, 40.330299 ], [ -116.062342, 40.338225 ], [ -116.062356, 40.338273 ], [ -116.06352, 40.342132 ], [ -116.065998, 40.350674 ], [ -116.069596, 40.363079 ], [ -116.072684, 40.373727 ], [ -116.072653, 40.374921 ], [ -116.078008, 40.393115 ], [ -116.083677, 40.412855 ], [ -116.085402, 40.418849 ], [ -116.087528, 40.426236 ], [ -116.087844, 40.427332 ], [ -116.087897, 40.427515 ], [ -116.088662, 40.430173 ], [ -116.093461, 40.446842 ], [ -116.09367, 40.447568 ], [ -116.096406, 40.457075 ], [ -116.096843, 40.458592 ], [ -116.099607, 40.468197 ], [ -116.102963, 40.479855 ], [ -116.105399, 40.488339 ], [ -116.108739, 40.49992 ], [ -116.109589, 40.502891 ], [ -116.111298, 40.508107 ], [ -116.111568, 40.50877 ], [ -116.111607, 40.508897 ], [ -116.111621, 40.508937 ], [ -116.115318, 40.521688 ], [ -116.12077, 40.540218 ], [ -116.120747, 40.540226 ], [ -116.120818, 40.540423 ], [ -116.121003, 40.540941 ], [ -116.120951, 40.540952 ], [ -116.122565, 40.545889 ], [ -116.122575, 40.545922 ], [ -116.123248, 40.54759 ], [ -116.12594, 40.554256 ], [ -116.131246, 40.573229 ], [ -116.131567, 40.574374 ], [ -116.134705, 40.585601 ], [ -116.136877, 40.593365 ], [ -116.13709, 40.594123 ], [ -116.137157, 40.594362 ], [ -116.145701, 40.624918 ], [ -116.152417, 40.648623 ], [ -116.153209, 40.651808 ], [ -116.153783, 40.65362 ], [ -116.153846, 40.653816 ], [ -116.153929, 40.65408 ], [ -116.154123, 40.654693 ], [ -116.155857, 40.66016 ], [ -116.157506, 40.665355 ], [ -116.157834, 40.666389 ], [ -116.157595, 40.676224 ], [ -116.157595, 40.682368 ], [ -116.157596, 40.688893 ], [ -116.157621, 40.692516 ], [ -116.157705, 40.704121 ], [ -116.157695, 40.704706 ], [ -116.157675, 40.706088 ], [ -116.157653, 40.707473 ], [ -116.157717, 40.707994 ], [ -116.15772, 40.708659 ], [ -116.157724, 40.709072 ], [ -116.157724, 40.709391 ], [ -116.157733, 40.712441 ], [ -116.157735, 40.712835 ], [ -116.15776, 40.719975 ], [ -116.15778, 40.725575 ], [ -116.157799, 40.731195 ], [ -116.157825, 40.738157 ], [ -116.157837, 40.741668 ], [ -116.157847, 40.744706 ], [ -116.158078, 40.749916 ], [ -116.158055, 40.753351 ], [ -116.158056, 40.757954 ], [ -116.158057, 40.762639 ], [ -116.158061, 40.769941 ], [ -116.158062, 40.772373 ], [ -116.158063, 40.775612 ], [ -116.158065, 40.782027 ], [ -116.158066, 40.786197 ], [ -116.158069, 40.794062 ], [ -116.158069, 40.794222 ], [ -116.158075, 40.809223 ], [ -116.158059, 40.811147 ], [ -116.158065, 40.819499 ], [ -116.158071, 40.828749 ], [ -116.158076, 40.835103 ], [ -116.158078, 40.837945 ], [ -116.158078, 40.838405 ], [ -116.158083, 40.845518 ], [ -116.158087, 40.850947 ], [ -116.158097, 40.864078 ], [ -116.157954, 40.874914 ], [ -116.157962, 40.882298 ], [ -116.157963, 40.882908 ], [ -116.157968, 40.887027 ], [ -116.157976, 40.892309 ], [ -116.157976, 40.892563 ], [ -116.158009, 40.92014 ], [ -116.15802, 40.928796 ], [ -116.158031, 40.937455 ], [ -116.158043, 40.946396 ], [ -116.15806, 40.95975 ], [ -116.158078, 40.973141 ], [ -116.158124, 40.978521 ], [ -116.158081, 40.987591 ], [ -116.158079, 40.988095 ], [ -116.158077, 40.988747 ], [ -116.158076, 40.989122 ], [ -116.158075, 40.989555 ], [ -116.158069, 40.990964 ], [ -116.158037, 40.993984 ], [ -116.158037, 40.9949 ], [ -116.158037, 40.995105 ], [ -116.158025, 40.99724 ], [ -116.158015, 40.997673 ], [ -116.158046, 40.9981 ], [ -116.158005, 40.998148 ], [ -116.158035, 40.999155 ], [ -116.158155, 40.999912 ], [ -116.160144, 40.999912 ], [ -116.161658, 40.999912 ], [ -116.208136, 40.999911 ], [ -116.220277, 40.999911 ], [ -116.222511, 40.999911 ], [ -116.230514, 40.999911 ], [ -116.230545, 40.999911 ], [ -116.230788, 40.999911 ], [ -116.231035, 40.999908 ], [ -116.231102, 40.999912 ], [ -116.250927, 40.999911 ], [ -116.253502, 40.999911 ], [ -116.268421, 40.999911 ], [ -116.28584, 40.999911 ], [ -116.290814, 41.000078 ], [ -116.292794, 41.000077 ], [ -116.301676, 41.000076 ], [ -116.327097, 41.000077 ], [ -116.327774, 41.000075 ], [ -116.333636, 41.0001 ], [ -116.342375, 41.000136 ], [ -116.34424, 41.000144 ], [ -116.354231, 41.000183 ], [ -116.355539, 41.000188 ], [ -116.357387, 41.000196 ], [ -116.364964, 41.000246 ], [ -116.375922, 41.000355 ], [ -116.37985, 41.000352 ], [ -116.381526, 41.00035 ], [ -116.405107, 41.000161 ], [ -116.405324, 41.000159 ], [ -116.405711, 41.000156 ], [ -116.405792, 41.000155 ], [ -116.40587, 41.000155 ], [ -116.407786, 41.000143 ], [ -116.412765, 41.000109 ], [ -116.413903, 41.00011 ], [ -116.426407, 41.000127 ], [ -116.427229, 41.00013 ], [ -116.427687, 41.00013 ], [ -116.433605, 41.000137 ], [ -116.434048, 41.000137 ], [ -116.447936, 41.000153 ], [ -116.448508, 41.000154 ], [ -116.450428, 41.000156 ], [ -116.451606, 41.000158 ], [ -116.457704, 41.000165 ], [ -116.458679, 41.000166 ], [ -116.473077, 41.000178 ], [ -116.477386, 41.000182 ], [ -116.477567, 41.000182 ], [ -116.485161, 41.00019 ], [ -116.485838, 41.00019 ], [ -116.486223, 41.00019 ], [ -116.499351, 41.000199 ], [ -116.499448, 41.000199 ], [ -116.500926, 41.000252 ], [ -116.513418, 41.000242 ], [ -116.514501, 41.000241 ], [ -116.514811, 41.000241 ], [ -116.51715, 41.00024 ], [ -116.517184, 41.000227 ], [ -116.517409, 41.000227 ], [ -116.517485, 41.000234 ], [ -116.517832, 41.000234 ], [ -116.518239, 41.000234 ], [ -116.519246, 41.000234 ], [ -116.520059, 41.000214 ], [ -116.520358, 41.000233 ], [ -116.520637, 41.000298 ], [ -116.526393, 41.000117 ], [ -116.543126, 41.000239 ], [ -116.553192, 41.000313 ], [ -116.559612, 41.000302 ], [ -116.560484, 41.000317 ], [ -116.561795, 41.000341 ], [ -116.561918, 41.000344 ], [ -116.569549, 41.000357 ], [ -116.583607, 41.000387 ], [ -116.586786, 41.000398 ], [ -116.587361, 41.0004 ], [ -116.589088, 41.000406 ], [ -116.589664, 41.000409 ], [ -116.591128, 41.000414 ], [ -116.595523, 41.00043 ], [ -116.596988, 41.000436 ], [ -116.597789, 41.000433 ], [ -116.600195, 41.000426 ], [ -116.600997, 41.000424 ], [ -116.601688, 41.000421 ], [ -116.603763, 41.000416 ], [ -116.604455, 41.000415 ], [ -116.612025, 41.000357 ], [ -116.62593, 41.000252 ], [ -116.634735, 41.000236 ], [ -116.642306, 41.000223 ], [ -116.642353, 41.000223 ], [ -116.642494, 41.000223 ], [ -116.642542, 41.000223 ], [ -116.643039, 41.000221 ], [ -116.644532, 41.000219 ], [ -116.64503, 41.000218 ], [ -116.646468, 41.000215 ], [ -116.650785, 41.00021 ], [ -116.652224, 41.000208 ], [ -116.652884, 41.000206 ], [ -116.654864, 41.000203 ], [ -116.655525, 41.000202 ], [ -116.656928, 41.000199 ], [ -116.661139, 41.000193 ], [ -116.662543, 41.000192 ], [ -116.663397, 41.00019 ], [ -116.665959, 41.000185 ], [ -116.666814, 41.000184 ], [ -116.666879, 41.000184 ], [ -116.667077, 41.000185 ], [ -116.667143, 41.000186 ], [ -116.667507, 41.000185 ], [ -116.6686, 41.000184 ], [ -116.668965, 41.000184 ], [ -116.669658, 41.000182 ], [ -116.67174, 41.000179 ], [ -116.672434, 41.000178 ], [ -116.67311, 41.000176 ], [ -116.675139, 41.000173 ], [ -116.675816, 41.000173 ], [ -116.676666, 41.000173 ], [ -116.679216, 41.000176 ], [ -116.680067, 41.000178 ], [ -116.680498, 41.000178 ], [ -116.681794, 41.000179 ], [ -116.682226, 41.00018 ], [ -116.683245, 41.000181 ], [ -116.686303, 41.000184 ], [ -116.687323, 41.000185 ], [ -116.691396, 41.000188 ], [ -116.703615, 41.0002 ], [ -116.707689, 41.000204 ], [ -116.708118, 41.000205 ], [ -116.709407, 41.000209 ], [ -116.709837, 41.000211 ], [ -116.710115, 41.000211 ], [ -116.710952, 41.000212 ], [ -116.711231, 41.000213 ], [ -116.711746, 41.000214 ], [ -116.713293, 41.000217 ], [ -116.713809, 41.000219 ], [ -116.714701, 41.000221 ], [ -116.71738, 41.000227 ], [ -116.718273, 41.000229 ], [ -116.718296, 41.000229 ], [ -116.718366, 41.000229 ], [ -116.71839, 41.000229 ], [ -116.71852, 41.000229 ], [ -116.718716, 41.00023 ], [ -116.718911, 41.00023 ], [ -116.719042, 41.000231 ], [ -116.719115, 41.000231 ], [ -116.719225, 41.000231 ], [ -116.719334, 41.000231 ], [ -116.719408, 41.000231 ], [ -116.719679, 41.000231 ], [ -116.720494, 41.000233 ], [ -116.720766, 41.000234 ], [ -116.721564, 41.000235 ], [ -116.723961, 41.00024 ], [ -116.72476, 41.000242 ], [ -116.727608, 41.000244 ], [ -116.736152, 41.000251 ], [ -116.739001, 41.000254 ], [ -116.741864, 41.000255 ], [ -116.750453, 41.000259 ], [ -116.750929, 41.00026 ], [ -116.753316, 41.000247 ], [ -116.753945, 41.000247 ], [ -116.755832, 41.000247 ], [ -116.756462, 41.000247 ], [ -116.756897, 41.000246 ], [ -116.758204, 41.000246 ], [ -116.75864, 41.000246 ], [ -116.760186, 41.000245 ], [ -116.764826, 41.000245 ], [ -116.766373, 41.000245 ], [ -116.766412, 41.000245 ], [ -116.766563, 41.000242 ], [ -116.767133, 41.000231 ], [ -116.767235, 41.00023 ], [ -116.767324, 41.000231 ], [ -116.768141, 41.000229 ], [ -116.770595, 41.000226 ], [ -116.771413, 41.000225 ], [ -116.77235, 41.000223 ], [ -116.775163, 41.000221 ], [ -116.776101, 41.00022 ], [ -116.777484, 41.000218 ], [ -116.781636, 41.000214 ], [ -116.78302, 41.000213 ], [ -116.783087, 41.000213 ], [ -116.783288, 41.000213 ], [ -116.783356, 41.000213 ], [ -116.785365, 41.000231 ], [ -116.791392, 41.000285 ], [ -116.793401, 41.000304 ], [ -116.796011, 41.000315 ], [ -116.803841, 41.000349 ], [ -116.806452, 41.000361 ], [ -116.807089, 41.000365 ], [ -116.809001, 41.000379 ], [ -116.809639, 41.000384 ], [ -116.809979, 41.000385 ], [ -116.810999, 41.000391 ], [ -116.811282, 41.000393 ], [ -116.81134, 41.000393 ], [ -116.812961, 41.000403 ], [ -116.817263, 41.000432 ], [ -116.817824, 41.000435 ], [ -116.819446, 41.000445 ], [ -116.820366, 41.000448 ], [ -116.823126, 41.00046 ], [ -116.824046, 41.000464 ], [ -116.824836, 41.000469 ], [ -116.827208, 41.000487 ], [ -116.827999, 41.000493 ], [ -116.828966, 41.0005 ], [ -116.831868, 41.000521 ], [ -116.832836, 41.000528 ], [ -116.838899, 41.000501 ], [ -116.857089, 41.000422 ], [ -116.863153, 41.000396 ], [ -116.867639, 41.000376 ], [ -116.875937, 41.000341 ], [ -116.881098, 41.000319 ], [ -116.885585, 41.000301 ], [ -116.885935, 41.000299 ], [ -116.886988, 41.000295 ], [ -116.887339, 41.000294 ], [ -116.891152, 41.000278 ], [ -116.902593, 41.000234 ], [ -116.906407, 41.00022 ], [ -116.909636, 41.000207 ], [ -116.915239, 41.000184 ], [ -116.915272, 41.000184 ], [ -116.939758, 41.000152 ], [ -116.952328, 41.000135 ], [ -116.957337, 41.000128 ], [ -116.95901, 41.000125 ], [ -116.964032, 41.00012 ], [ -116.965706, 41.000119 ], [ -116.969914, 41.000114 ], [ -116.982538, 41.000103 ], [ -116.986747, 41.0001 ], [ -116.987966, 41.000098 ], [ -116.991624, 41.000093 ], [ -116.992844, 41.000092 ], [ -116.993094, 41.000091 ], [ -116.995178, 41.000139 ], [ -117.000941, 41.000272 ], [ -117.002181, 41.000275 ], [ -117.004517, 41.000281 ], [ -117.006264, 41.000285 ], [ -117.011507, 41.000299 ], [ -117.013255, 41.000304 ], [ -117.013421, 41.000264 ], [ -117.013501, 41.000257 ], [ -117.013769, 41.000237 ], [ -117.01411, 41.00032 ], [ -117.014245, 41.000312 ], [ -117.0144, 41.000303 ], [ -117.014483, 41.000254 ], [ -117.01527, 41.000254 ], [ -117.017631, 41.000254 ], [ -117.018419, 41.000254 ], [ -117.018417, 41.000947 ], [ -117.018415, 41.00222 ], [ -117.018415, 41.00238 ], [ -117.018415, 41.002476 ], [ -117.018415, 41.002586 ], [ -117.018412, 41.004769 ], [ -117.018404, 41.008751 ], [ -117.018403, 41.009567 ], [ -117.018399, 41.011596 ], [ -117.018396, 41.013255 ], [ -117.018393, 41.014914 ], [ -117.018386, 41.018962 ], [ -117.018367, 41.027218 ], [ -117.018368, 41.027376 ], [ -117.018366, 41.029986 ], [ -117.018366, 41.030068 ], [ -117.018366, 41.030247 ], [ -117.018365, 41.030966 ], [ -117.018359, 41.035186 ], [ -117.018358, 41.036277 ], [ -117.018358, 41.03633 ], [ -117.018358, 41.036407 ], [ -117.018358, 41.036578 ], [ -117.018358, 41.036716 ], [ -117.018357, 41.036787 ], [ -117.018357, 41.03681 ], [ -117.018357, 41.036892 ], [ -117.018355, 41.038107 ], [ -117.018356, 41.038272 ], [ -117.018354, 41.039711 ], [ -117.018347, 41.044067 ], [ -117.018346, 41.044346 ], [ -117.018335, 41.051619 ], [ -117.018327, 41.056396 ], [ -117.018327, 41.056504 ], [ -117.018324, 41.058449 ], [ -117.018324, 41.058682 ], [ -117.01832, 41.061756 ], [ -117.018316, 41.064401 ], [ -117.018311, 41.067306 ], [ -117.018311, 41.067449 ], [ -117.018308, 41.069381 ], [ -117.018308, 41.069459 ], [ -117.018308, 41.069497 ], [ -117.018308, 41.069507 ], [ -117.018308, 41.069533 ], [ -117.018307, 41.069561 ], [ -117.018307, 41.069738 ], [ -117.018307, 41.069971 ], [ -117.018307, 41.070106 ], [ -117.018307, 41.070179 ], [ -117.018307, 41.070256 ], [ -117.018295, 41.078105 ], [ -117.01829, 41.082104 ], [ -117.018288, 41.08301 ], [ -117.018288, 41.083105 ], [ -117.018288, 41.083119 ], [ -117.018288, 41.083226 ], [ -117.018288, 41.083243 ], [ -117.018287, 41.083261 ], [ -117.018287, 41.083296 ], [ -117.018287, 41.083353 ], [ -117.018287, 41.083533 ], [ -117.018287, 41.083605 ], [ -117.018287, 41.083644 ], [ -117.018287, 41.084717 ], [ -117.01828, 41.088692 ], [ -117.018268, 41.096503 ], [ -117.018262, 41.100682 ], [ -117.018256, 41.104415 ], [ -117.018256, 41.104529 ], [ -117.018246, 41.111096 ], [ -117.018232, 41.119838 ], [ -117.018225, 41.124186 ], [ -117.018224, 41.124764 ], [ -117.017994, 41.124864 ], [ -117.017976, 41.124871 ], [ -117.017965, 41.124876 ], [ -117.017951, 41.124882 ], [ -117.017903, 41.124904 ], [ -117.017903, 41.12727 ], [ -117.017903, 41.134123 ], [ -117.017904, 41.134265 ], [ -117.017903, 41.13442 ], [ -117.017903, 41.139971 ], [ -117.017904, 41.140173 ], [ -117.017904, 41.144136 ], [ -117.017904, 41.147506 ], [ -117.017904, 41.155927 ], [ -117.017904, 41.160136 ], [ -117.017904, 41.162213 ], [ -117.017904, 41.163027 ], [ -117.017904, 41.163567 ], [ -117.017909, 41.189448 ], [ -117.017904, 41.196535 ], [ -117.017904, 41.212374 ], [ -117.017905, 41.212552 ], [ -117.017905, 41.217403 ], [ -117.017905, 41.222947 ], [ -117.017905, 41.240262 ], [ -117.017905, 41.240361 ], [ -117.017905, 41.240459 ], [ -117.018413, 41.249901 ], [ -117.018661, 41.268256 ], [ -117.018708, 41.271778 ], [ -117.01871, 41.272031 ], [ -117.018711, 41.272086 ], [ -117.018714, 41.272277 ], [ -117.018699, 41.278213 ], [ -117.018698, 41.278602 ], [ -117.018698, 41.278646 ], [ -117.018698, 41.27881 ], [ -117.018697, 41.279318 ], [ -117.018696, 41.27974 ], [ -117.018696, 41.279788 ], [ -117.018696, 41.279823 ], [ -117.018695, 41.279855 ], [ -117.018695, 41.279866 ], [ -117.018695, 41.279975 ], [ -117.01869, 41.281614 ], [ -117.018667, 41.293763 ], [ -117.01867, 41.294127 ], [ -117.01867, 41.294148 ], [ -117.018666, 41.296331 ], [ -117.018643, 41.310685 ], [ -117.018619, 41.325681 ], [ -117.018617, 41.327343 ], [ -117.018434, 41.338029 ], [ -117.018441, 41.363476 ], [ -117.018441, 41.363561 ], [ -117.018441, 41.363659 ], [ -117.018307, 41.374899 ], [ -117.018272, 41.380756 ], [ -117.018271, 41.380965 ], [ -117.018228, 41.388326 ], [ -117.018193, 41.393835 ], [ -117.018147, 41.40173 ], [ -117.018131, 41.405963 ], [ -117.018113, 41.410914 ], [ -117.018031, 41.421663 ], [ -117.018026, 41.422461 ], [ -117.017853, 41.451986 ], [ -117.017794, 41.468585 ], [ -117.017778, 41.470738 ], [ -117.017774, 41.471346 ], [ -117.017774, 41.471363 ], [ -117.01777, 41.471963 ], [ -117.01769, 41.483255 ], [ -117.017687, 41.483641 ], [ -117.017608, 41.490696 ], [ -117.017595, 41.491852 ], [ -117.017594, 41.49195 ], [ -117.017593, 41.492467 ], [ -117.01759, 41.493387 ], [ -117.017588, 41.494101 ], [ -117.017588, 41.494204 ], [ -117.018264, 41.499897 ], [ -117.018254, 41.507868 ], [ -117.018231, 41.527916 ], [ -117.018198, 41.558576 ], [ -117.018184, 41.571604 ], [ -117.018184, 41.572155 ], [ -117.018184, 41.572704 ], [ -117.018168, 41.588595 ], [ -117.018177, 41.606324 ], [ -117.018176, 41.608117 ], [ -117.018173, 41.612615 ], [ -117.018166, 41.622189 ], [ -117.018165, 41.622419 ], [ -117.018485, 41.624895 ], [ -117.018503, 41.635829 ], [ -117.018542, 41.658542 ], [ -117.018542, 41.659174 ], [ -117.018543, 41.659806 ], [ -117.018544, 41.66028 ], [ -117.018545, 41.660753 ], [ -117.018546, 41.660849 ], [ -117.018546, 41.661029 ], [ -117.018546, 41.661209 ], [ -117.018547, 41.661609 ], [ -117.018548, 41.662009 ], [ -117.018548, 41.662122 ], [ -117.018548, 41.662236 ], [ -117.018548, 41.662376 ], [ -117.018548, 41.662517 ], [ -117.018548, 41.662769 ], [ -117.018549, 41.663022 ], [ -117.01855, 41.66315 ], [ -117.01855, 41.663278 ], [ -117.01856, 41.669229 ], [ -117.01856, 41.66949 ], [ -117.018561, 41.669751 ], [ -117.018562, 41.670301 ], [ -117.018564, 41.671216 ], [ -117.018565, 41.672131 ], [ -117.018566, 41.672424 ], [ -117.018566, 41.672716 ], [ -117.018567, 41.673385 ], [ -117.018572, 41.676138 ], [ -117.018575, 41.677734 ], [ -117.018593, 41.687471 ], [ -117.018602, 41.691958 ], [ -117.018623, 41.704555 ], [ -117.01863, 41.708326 ], [ -117.018634, 41.710106 ], [ -117.018634, 41.710234 ], [ -117.018592, 41.715314 ], [ -117.018596, 41.718289 ], [ -117.018613, 41.732384 ], [ -117.018619, 41.736785 ], [ -117.018622, 41.738805 ], [ -117.018634, 41.748874 ], [ -117.018635, 41.749893 ], [ -117.019022, 41.752906 ], [ -117.019032, 41.752985 ], [ -117.019279, 41.758426 ], [ -117.019472, 41.762665 ], [ -117.01952, 41.763724 ], [ -117.01952, 41.763749 ], [ -117.019524, 41.763812 ], [ -117.019525, 41.763825 ], [ -117.019524, 41.763848 ], [ -117.019516, 41.764261 ], [ -117.019512, 41.76571 ], [ -117.019432, 41.769808 ], [ -117.019283, 41.777402 ], [ -117.019271, 41.778002 ], [ -117.01927, 41.77808 ], [ -117.019259, 41.778655 ], [ -117.019258, 41.778739 ], [ -117.019258, 41.778759 ], [ -117.019258, 41.778783 ], [ -117.019257, 41.778834 ], [ -117.019256, 41.778885 ], [ -117.019261, 41.778911 ], [ -117.019264, 41.778925 ], [ -117.019255, 41.778939 ], [ -117.019251, 41.778962 ], [ -117.019253, 41.779027 ], [ -117.01925, 41.779229 ], [ -117.019248, 41.779379 ], [ -117.019209, 41.781867 ], [ -117.019137, 41.787054 ], [ -117.019097, 41.789882 ], [ -117.018999, 41.796925 ], [ -117.018886, 41.80468 ], [ -117.018891, 41.804696 ], [ -117.018876, 41.805816 ], [ -117.018874, 41.805956 ], [ -117.018873, 41.806021 ], [ -117.018873, 41.806049 ], [ -117.018873, 41.806062 ], [ -117.018851, 41.807701 ], [ -117.018583, 41.826989 ], [ -117.018576, 41.82749 ], [ -117.018575, 41.827521 ], [ -117.018574, 41.827613 ], [ -117.018569, 41.827957 ], [ -117.018569, 41.827989 ], [ -117.018447, 41.836751 ], [ -117.018355, 41.843471 ], [ -117.018295, 41.847771 ], [ -117.018272, 41.856842 ], [ -117.018253, 41.864309 ], [ -117.018254, 41.864341 ], [ -117.01836, 41.867596 ], [ -117.018366, 41.867773 ], [ -117.018182, 41.874891 ], [ -117.018062, 41.876072 ], [ -117.018271, 41.880507 ], [ -117.018274, 41.880571 ], [ -117.018339, 41.890498 ], [ -117.018401, 41.899852 ], [ -117.018495, 41.914088 ], [ -117.018521, 41.91713 ], [ -117.018523, 41.917336 ], [ -117.018364, 41.918829 ], [ -117.018353, 41.918936 ], [ -117.018393, 41.932911 ], [ -117.018397, 41.934194 ], [ -117.018397, 41.934212 ], [ -117.018398, 41.934234 ], [ -117.018398, 41.934273 ], [ -117.018398, 41.934324 ], [ -117.018398, 41.934369 ], [ -117.018398, 41.93441 ], [ -117.018399, 41.93472 ], [ -117.0184, 41.935097 ], [ -117.018402, 41.935808 ], [ -117.018406, 41.937253 ], [ -117.018418, 41.941595 ], [ -117.018442, 41.950842 ], [ -117.01846, 41.95741 ], [ -117.018485, 41.966678 ], [ -117.018488, 41.967725 ], [ -117.018488, 41.96778 ], [ -117.018365, 41.969705 ], [ -117.018364, 41.969724 ], [ -117.018333, 41.981677 ], [ -117.018323, 41.985957 ], [ -117.018323, 41.986013 ], [ -117.01829, 41.992692 ], [ -117.018204, 41.999715 ], [ -117.015534, 41.999317 ], [ -117.014908, 41.999269 ], [ -117.013952, 41.999193 ], [ -117.012825, 41.999075 ], [ -117.011811, 41.998968 ], [ -117.009646, 41.998821 ], [ -117.008908, 41.998756 ], [ -117.008065, 41.998742 ], [ -117.006827, 41.998739 ], [ -117.000958, 41.998761 ], [ -116.998623, 41.998769 ], [ -116.998006, 41.99877 ], [ -116.997639, 41.99877 ], [ -116.989423, 41.998779 ], [ -116.988742, 41.998782 ], [ -116.978995, 41.998825 ], [ -116.977258, 41.998825 ], [ -116.972643, 41.998825 ], [ -116.969334, 41.998826 ], [ -116.960301, 41.998831 ], [ -116.959213, 41.998831 ], [ -116.949105, 41.998759 ], [ -116.944675, 41.998715 ], [ -116.942168, 41.998752 ], [ -116.940305, 41.99878 ], [ -116.93561, 41.998849 ], [ -116.932562, 41.998896 ], [ -116.932188, 41.998895 ], [ -116.931345, 41.998893 ], [ -116.930455, 41.998891 ], [ -116.926644, 41.998877 ], [ -116.923871, 41.998867 ], [ -116.923848, 41.998867 ], [ -116.919437, 41.998851 ], [ -116.914282, 41.998854 ], [ -116.901095, 41.998851 ], [ -116.899199, 41.99884 ], [ -116.891632, 41.998796 ], [ -116.88783, 41.998774 ], [ -116.887683, 41.998776 ], [ -116.88139, 41.998822 ], [ -116.877246, 41.998778 ], [ -116.875964, 41.998765 ], [ -116.873293, 41.998755 ], [ -116.866789, 41.99873 ], [ -116.862274, 41.998712 ], [ -116.862234, 41.998712 ], [ -116.862144, 41.998712 ], [ -116.861028, 41.998707 ], [ -116.850985, 41.998662 ], [ -116.846421, 41.998638 ], [ -116.84184, 41.998613 ], [ -116.838223, 41.998594 ], [ -116.831317, 41.998568 ], [ -116.827843, 41.998557 ], [ -116.825105, 41.998547 ], [ -116.823079, 41.998524 ], [ -116.822206, 41.998522 ], [ -116.820466, 41.99852 ], [ -116.819749, 41.998518 ], [ -116.819468, 41.998515 ], [ -116.817614, 41.9985 ], [ -116.815682, 41.99845 ], [ -116.805773, 41.998434 ], [ -116.805638, 41.998434 ], [ -116.804127, 41.99843 ], [ -116.803236, 41.998429 ], [ -116.799811, 41.998423 ], [ -116.79965, 41.998423 ], [ -116.78877, 41.998375 ], [ -116.783772, 41.998341 ], [ -116.781382, 41.998325 ], [ -116.777317, 41.998297 ], [ -116.772448, 41.998292 ], [ -116.769769, 41.99829 ], [ -116.764555, 41.998231 ], [ -116.763575, 41.99822 ], [ -116.759685, 41.998201 ], [ -116.750664, 41.998154 ], [ -116.744425, 41.998116 ], [ -116.742585, 41.998099 ], [ -116.737456, 41.998055 ], [ -116.735838, 41.998039 ], [ -116.733721, 41.998058 ], [ -116.731084, 41.998083 ], [ -116.726271, 41.998007 ], [ -116.725869, 41.998001 ], [ -116.725602, 41.997997 ], [ -116.72452, 41.99798 ], [ -116.71345, 41.997984 ], [ -116.709505, 41.997954 ], [ -116.7094, 41.997953 ], [ -116.7093, 41.997953 ], [ -116.70527, 41.997923 ], [ -116.697532, 41.997864 ], [ -116.68588, 41.99784 ], [ -116.666327, 41.997825 ], [ -116.664486, 41.997817 ], [ -116.647082, 41.997782 ], [ -116.638496, 41.997687 ], [ -116.63526, 41.997678 ], [ -116.635231, 41.997676 ], [ -116.631288, 41.997664 ], [ -116.627568, 41.997614 ], [ -116.626801, 41.997603 ], [ -116.625692, 41.997588 ], [ -116.622574, 41.99759 ], [ -116.617863, 41.997591 ], [ -116.617382, 41.997592 ], [ -116.610635, 41.997621 ], [ -116.608077, 41.997623 ], [ -116.606257, 41.997555 ], [ -116.606057, 41.997546 ], [ -116.604651, 41.997575 ], [ -116.602973, 41.99756 ], [ -116.601502, 41.997588 ], [ -116.600831, 41.997599 ], [ -116.59418, 41.997549 ], [ -116.588226, 41.997534 ], [ -116.586948, 41.997531 ], [ -116.585966, 41.997528 ], [ -116.583677, 41.997522 ], [ -116.580993, 41.997491 ], [ -116.57845, 41.997448 ], [ -116.576917, 41.997416 ], [ -116.576393, 41.997413 ], [ -116.575641, 41.997412 ], [ -116.575363, 41.997411 ], [ -116.568701, 41.997397 ], [ -116.566733, 41.997393 ], [ -116.56367, 41.997387 ], [ -116.556382, 41.99737 ], [ -116.549444, 41.997356 ], [ -116.545955, 41.997349 ], [ -116.543038, 41.99734 ], [ -116.533535, 41.997315 ], [ -116.530452, 41.997309 ], [ -116.529979, 41.997307 ], [ -116.528659, 41.997303 ], [ -116.523951, 41.997292 ], [ -116.51909, 41.997291 ], [ -116.518175, 41.99729 ], [ -116.517959, 41.99729 ], [ -116.517475, 41.99729 ], [ -116.516605, 41.99729 ], [ -116.511248, 41.997288 ], [ -116.510537, 41.997276 ], [ -116.510517, 41.997276 ], [ -116.509795, 41.997264 ], [ -116.509048, 41.99728 ], [ -116.507987, 41.997279 ], [ -116.506224, 41.997291 ], [ -116.503885, 41.99729 ], [ -116.50335, 41.997298 ], [ -116.501741, 41.997334 ], [ -116.500906, 41.997353 ], [ -116.498188, 41.997443 ], [ -116.493737, 41.997365 ], [ -116.490485, 41.997311 ], [ -116.487018, 41.997255 ], [ -116.484389, 41.99721 ], [ -116.481682, 41.997187 ], [ -116.481446, 41.997184 ], [ -116.477231, 41.997148 ], [ -116.473695, 41.997105 ], [ -116.471093, 41.997095 ], [ -116.469397, 41.997041 ], [ -116.467134, 41.996991 ], [ -116.464899, 41.996959 ], [ -116.461986, 41.996927 ], [ -116.458695, 41.996913 ], [ -116.457658, 41.996908 ], [ -116.452228, 41.996816 ], [ -116.451524, 41.996813 ], [ -116.449145, 41.996805 ], [ -116.447902, 41.996784 ], [ -116.445957, 41.996749 ], [ -116.445553, 41.996742 ], [ -116.442328, 41.996706 ], [ -116.440954, 41.996683 ], [ -116.440679, 41.996679 ], [ -116.438793, 41.996645 ], [ -116.433502, 41.996702 ], [ -116.432186, 41.996696 ], [ -116.430391, 41.996688 ], [ -116.427657, 41.99671 ], [ -116.424705, 41.996746 ], [ -116.421424, 41.996731 ], [ -116.414038, 41.996738 ], [ -116.412809, 41.996711 ], [ -116.409882, 41.996648 ], [ -116.409555, 41.996641 ], [ -116.408774, 41.996624 ], [ -116.407672, 41.9966 ], [ -116.404964, 41.996541 ], [ -116.397503, 41.996447 ], [ -116.397298, 41.996444 ], [ -116.393121, 41.996461 ], [ -116.38921, 41.996477 ], [ -116.388322, 41.996481 ], [ -116.385261, 41.996493 ], [ -116.382638, 41.996485 ], [ -116.378176, 41.996472 ], [ -116.378088, 41.996421 ], [ -116.377923, 41.996324 ], [ -116.37773, 41.996324 ], [ -116.375941, 41.996321 ], [ -116.37405, 41.996311 ], [ -116.368477, 41.99628 ], [ -116.366445, 41.996365 ], [ -116.366429, 41.996373 ], [ -116.36214, 41.996566 ], [ -116.356823, 41.996744 ], [ -116.352973, 41.996874 ], [ -116.352077, 41.996904 ], [ -116.346625, 41.997045 ], [ -116.339276, 41.997237 ], [ -116.335028, 41.997267 ], [ -116.334654, 41.997268 ], [ -116.317339, 41.997147 ], [ -116.317179, 41.997143 ], [ -116.314496, 41.997069 ], [ -116.303994, 41.997216 ], [ -116.302417, 41.997238 ], [ -116.301112, 41.997244 ], [ -116.28294, 41.997332 ], [ -116.279251, 41.997351 ], [ -116.274259, 41.99738 ], [ -116.27247, 41.997391 ], [ -116.261793, 41.99733 ], [ -116.260303, 41.997322 ], [ -116.25764, 41.997361 ], [ -116.243962, 41.997651 ], [ -116.231194, 41.997663 ], [ -116.227373, 41.997667 ], [ -116.227152, 41.997667 ], [ -116.225462, 41.997669 ], [ -116.225413, 41.997669 ], [ -116.225245, 41.997669 ], [ -116.223856, 41.99767 ], [ -116.206229, 41.997684 ], [ -116.205381, 41.997685 ], [ -116.204533, 41.997686 ], [ -116.203778, 41.997687 ], [ -116.201028, 41.997683 ], [ -116.191003, 41.997698 ], [ -116.190932, 41.997698 ], [ -116.190857, 41.997698 ], [ -116.190456, 41.997698 ], [ -116.190061, 41.997698 ], [ -116.189584, 41.997699 ], [ -116.189482, 41.997699 ], [ -116.189435, 41.997699 ], [ -116.18042, 41.997693 ], [ -116.180262, 41.997693 ], [ -116.178215, 41.99769 ], [ -116.174866, 41.997688 ], [ -116.174799, 41.997687 ], [ -116.170362, 41.997633 ], [ -116.163931, 41.997555 ], [ -116.160833, 41.997508 ], [ -116.160685, 41.997511 ], [ -116.157931, 41.997547 ], [ -116.152535, 41.997616 ], [ -116.148149, 41.997673 ], [ -116.146857, 41.997667 ], [ -116.146759, 41.997667 ], [ -116.146665, 41.997667 ], [ -116.144359, 41.997665 ], [ -116.140363, 41.997662 ], [ -116.137904, 41.99766 ], [ -116.133749, 41.997656 ], [ -116.133287, 41.997656 ], [ -116.133245, 41.997656 ], [ -116.126421, 41.99765 ], [ -116.125933, 41.99765 ], [ -116.125274, 41.997648 ], [ -116.117684, 41.99762 ], [ -116.117621, 41.99762 ], [ -116.11501, 41.99761 ], [ -116.114905, 41.99761 ], [ -116.113208, 41.997604 ], [ -116.107056, 41.997582 ], [ -116.092622, 41.997529 ], [ -116.084526, 41.997499 ], [ -116.078596, 41.9975 ], [ -116.072666, 41.997501 ], [ -116.066625, 41.9975 ], [ -116.065991, 41.997462 ], [ -116.062612, 41.997262 ], [ -116.062577, 41.997262 ], [ -116.062528, 41.997263 ], [ -116.061298, 41.997182 ], [ -116.060695, 41.997145 ], [ -116.053878, 41.996748 ], [ -116.048515, 41.996471 ], [ -116.047136, 41.996344 ], [ -116.045373, 41.996331 ], [ -116.041936, 41.996339 ], [ -116.037949, 41.996348 ], [ -116.037746, 41.996349 ], [ -116.037744, 41.996363 ], [ -116.037724, 41.996349 ], [ -116.031551, 41.996362 ], [ -116.029502, 41.996367 ], [ -116.022168, 41.99642 ], [ -116.018139, 41.99642 ], [ -116.018111, 41.996422 ], [ -116.015164, 41.99642 ], [ -116.01273, 41.996418 ], [ -116.012649, 41.996416 ], [ -116.008034, 41.996413 ], [ -116.005045, 41.996444 ], [ -116.002974, 41.996465 ], [ -116.001823, 41.996477 ], [ -116.000929, 41.996485 ], [ -115.999132, 41.9965 ], [ -115.998198, 41.996507 ], [ -115.995767, 41.99653 ], [ -115.986799, 41.996523 ], [ -115.986335, 41.996513 ], [ -115.986169, 41.996512 ], [ -115.981709, 41.996474 ], [ -115.980203, 41.996461 ], [ -115.974682, 41.996462 ], [ -115.965867, 41.996385 ], [ -115.959042, 41.996438 ], [ -115.952587, 41.996423 ], [ -115.950455, 41.996418 ], [ -115.948664, 41.996478 ], [ -115.948653, 41.99649 ], [ -115.948631, 41.996479 ], [ -115.948305, 41.99649 ], [ -115.947691, 41.99651 ], [ -115.94639, 41.996553 ], [ -115.942748, 41.996571 ], [ -115.938492, 41.996592 ], [ -115.92968, 41.996674 ], [ -115.926375, 41.996705 ], [ -115.923187, 41.996771 ], [ -115.920471, 41.996828 ], [ -115.915976, 41.996928 ], [ -115.915255, 41.996948 ], [ -115.914058, 41.996957 ], [ -115.912457, 41.996971 ], [ -115.911652, 41.996973 ], [ -115.909272, 41.997119 ], [ -115.903708, 41.997166 ], [ -115.900612, 41.997144 ], [ -115.897006, 41.997118 ], [ -115.890261, 41.997172 ], [ -115.884211, 41.997111 ], [ -115.875921, 41.997081 ], [ -115.871723, 41.997042 ], [ -115.871325, 41.997038 ], [ -115.870572, 41.997031 ], [ -115.869727, 41.997023 ], [ -115.865956, 41.996988 ], [ -115.8649, 41.996977 ], [ -115.86059, 41.996932 ], [ -115.853463, 41.996807 ], [ -115.849404, 41.996789 ], [ -115.849128, 41.996788 ], [ -115.846137, 41.996776 ], [ -115.843125, 41.996779 ], [ -115.84278, 41.996779 ], [ -115.838972, 41.99683 ], [ -115.834935, 41.996865 ], [ -115.834082, 41.996872 ], [ -115.829846, 41.996909 ], [ -115.826097, 41.996903 ], [ -115.825624, 41.996902 ], [ -115.822947, 41.996898 ], [ -115.819056, 41.996896 ], [ -115.817473, 41.996895 ], [ -115.817044, 41.996895 ], [ -115.812059, 41.99696 ], [ -115.806586, 41.996949 ], [ -115.805618, 41.996947 ], [ -115.80345, 41.996923 ], [ -115.799563, 41.996881 ], [ -115.793658, 41.99694 ], [ -115.787935, 41.996911 ], [ -115.786664, 41.996904 ], [ -115.784535, 41.996893 ], [ -115.779704, 41.99696 ], [ -115.769353, 41.996964 ], [ -115.768613, 41.996961 ], [ -115.767271, 41.996958 ], [ -115.761994, 41.996942 ], [ -115.757542, 41.996934 ], [ -115.755639, 41.996932 ], [ -115.755324, 41.996931 ], [ -115.751015, 41.996852 ], [ -115.749891, 41.996831 ], [ -115.748045, 41.996797 ], [ -115.74057, 41.996853 ], [ -115.738995, 41.996865 ], [ -115.733245, 41.996859 ], [ -115.731127, 41.996867 ], [ -115.728607, 41.996876 ], [ -115.728244, 41.996877 ], [ -115.72573, 41.996886 ], [ -115.724543, 41.996891 ], [ -115.721055, 41.996905 ], [ -115.717986, 41.996917 ], [ -115.713189, 41.996893 ], [ -115.712477, 41.99689 ], [ -115.711034, 41.996882 ], [ -115.708821, 41.996871 ], [ -115.701886, 41.996908 ], [ -115.699477, 41.996882 ], [ -115.695907, 41.996843 ], [ -115.695417, 41.996841 ], [ -115.69192, 41.996823 ], [ -115.689873, 41.996813 ], [ -115.689457, 41.996811 ], [ -115.689393, 41.99681 ], [ -115.687821, 41.996802 ], [ -115.68099, 41.996822 ], [ -115.67973, 41.996825 ], [ -115.678588, 41.996841 ], [ -115.672752, 41.996917 ], [ -115.669416, 41.996917 ], [ -115.664969, 41.996917 ], [ -115.660792, 41.996918 ], [ -115.654968, 41.996919 ], [ -115.653264, 41.99692 ], [ -115.652991, 41.99692 ], [ -115.652728, 41.99692 ], [ -115.650621, 41.99692 ], [ -115.650289, 41.99692 ], [ -115.649963, 41.996921 ], [ -115.649599, 41.996921 ], [ -115.649367, 41.996921 ], [ -115.649188, 41.996921 ], [ -115.649086, 41.996921 ], [ -115.648524, 41.996921 ], [ -115.640747, 41.99692 ], [ -115.636719, 41.996922 ], [ -115.635732, 41.99692 ], [ -115.631617, 41.996922 ], [ -115.630567, 41.996922 ], [ -115.629842, 41.996922 ], [ -115.627742, 41.996922 ], [ -115.624883, 41.996922 ], [ -115.62339, 41.996922 ], [ -115.610998, 41.99692 ], [ -115.59172, 41.996915 ], [ -115.59114, 41.996915 ], [ -115.59087, 41.996914 ], [ -115.589666, 41.996906 ], [ -115.587902, 41.996896 ], [ -115.586629, 41.996884 ], [ -115.586405, 41.996884 ], [ -115.582441, 41.996856 ], [ -115.582125, 41.996854 ], [ -115.580904, 41.996845 ], [ -115.578272, 41.996866 ], [ -115.576911, 41.996877 ], [ -115.573194, 41.996906 ], [ -115.572206, 41.996905 ], [ -115.572149, 41.996905 ], [ -115.571205, 41.996904 ], [ -115.569975, 41.9969 ], [ -115.567304, 41.996893 ], [ -115.564152, 41.996888 ], [ -115.561191, 41.996898 ], [ -115.559425, 41.996887 ], [ -115.557053, 41.996896 ], [ -115.553923, 41.996888 ], [ -115.553662, 41.996887 ], [ -115.551992, 41.996867 ], [ -115.551052, 41.996856 ], [ -115.548075, 41.996861 ], [ -115.546037, 41.996875 ], [ -115.543363, 41.996877 ], [ -115.541404, 41.996887 ], [ -115.539937, 41.996892 ], [ -115.539176, 41.996895 ], [ -115.536973, 41.996865 ], [ -115.535403, 41.996882 ], [ -115.533768, 41.996826 ], [ -115.532811, 41.996854 ], [ -115.531901, 41.996881 ], [ -115.529978, 41.99687 ], [ -115.529603, 41.996868 ], [ -115.527044, 41.99687 ], [ -115.526752, 41.99687 ], [ -115.526193, 41.99687 ], [ -115.524893, 41.996874 ], [ -115.523814, 41.996877 ], [ -115.523241, 41.996879 ], [ -115.522134, 41.996882 ], [ -115.521775, 41.996882 ], [ -115.521744, 41.996881 ], [ -115.521252, 41.996882 ], [ -115.520105, 41.996879 ], [ -115.518354, 41.996858 ], [ -115.516887, 41.996839 ], [ -115.516582, 41.996849 ], [ -115.515327, 41.996877 ], [ -115.51345, 41.996884 ], [ -115.513261, 41.996885 ], [ -115.512623, 41.996886 ], [ -115.510251, 41.996889 ], [ -115.507305, 41.996911 ], [ -115.506247, 41.99692 ], [ -115.504598, 41.996936 ], [ -115.504198, 41.996931 ], [ -115.500929, 41.996889 ], [ -115.497644, 41.996831 ], [ -115.493859, 41.996815 ], [ -115.492117, 41.996808 ], [ -115.487027, 41.996787 ], [ -115.48654, 41.996785 ], [ -115.486433, 41.996784 ], [ -115.486326, 41.996784 ], [ -115.485887, 41.996782 ], [ -115.482705, 41.996768 ], [ -115.47439, 41.996772 ], [ -115.473781, 41.996768 ], [ -115.472822, 41.996764 ], [ -115.471633, 41.996757 ], [ -115.466913, 41.996732 ], [ -115.46124, 41.99671 ], [ -115.458266, 41.996725 ], [ -115.456693, 41.996733 ], [ -115.455023, 41.99674 ], [ -115.454789, 41.996739 ], [ -115.446289, 41.996693 ], [ -115.445939, 41.996689 ], [ -115.445139, 41.996679 ], [ -115.443533, 41.996665 ], [ -115.442156, 41.996662 ], [ -115.437211, 41.99663 ], [ -115.432513, 41.996601 ], [ -115.428963, 41.99663 ], [ -115.426731, 41.996599 ], [ -115.425412, 41.996602 ], [ -115.424982, 41.996604 ], [ -115.424865, 41.996604 ], [ -115.422829, 41.996579 ], [ -115.421533, 41.996561 ], [ -115.42015, 41.996565 ], [ -115.41902, 41.996564 ], [ -115.413707, 41.99653 ], [ -115.411906, 41.99652 ], [ -115.411606, 41.996518 ], [ -115.407377, 41.996495 ], [ -115.403131, 41.996511 ], [ -115.402546, 41.996514 ], [ -115.401393, 41.996513 ], [ -115.396785, 41.996513 ], [ -115.396582, 41.996513 ], [ -115.393715, 41.996492 ], [ -115.392448, 41.996483 ], [ -115.389368, 41.996476 ], [ -115.387984, 41.996474 ], [ -115.385906, 41.996467 ], [ -115.383737, 41.996459 ], [ -115.383118, 41.996457 ], [ -115.380717, 41.996449 ], [ -115.377162, 41.99643 ], [ -115.37461, 41.996428 ], [ -115.372946, 41.996423 ], [ -115.371033, 41.996411 ], [ -115.367341, 41.996388 ], [ -115.365958, 41.996379 ], [ -115.365369, 41.99638 ], [ -115.364279, 41.99638 ], [ -115.362116, 41.996381 ], [ -115.357726, 41.996318 ], [ -115.352449, 41.996317 ], [ -115.351872, 41.996316 ], [ -115.346858, 41.996326 ], [ -115.344882, 41.996313 ], [ -115.344376, 41.99631 ], [ -115.343822, 41.996306 ], [ -115.338332, 41.996366 ], [ -115.338158, 41.996367 ], [ -115.334782, 41.996365 ], [ -115.330976, 41.996396 ], [ -115.329989, 41.996384 ], [ -115.329615, 41.996384 ], [ -115.325926, 41.996368 ], [ -115.325517, 41.996367 ], [ -115.325086, 41.996367 ], [ -115.323684, 41.996395 ], [ -115.322779, 41.996413 ], [ -115.320203, 41.996411 ], [ -115.319047, 41.99641 ], [ -115.318498, 41.996424 ], [ -115.317546, 41.996444 ], [ -115.31376, 41.996395 ], [ -115.313485, 41.996385 ], [ -115.312767, 41.996394 ], [ -115.311655, 41.996409 ], [ -115.310705, 41.996368 ], [ -115.310062, 41.996367 ], [ -115.308951, 41.996366 ], [ -115.305789, 41.996364 ], [ -115.305105, 41.996362 ], [ -115.304933, 41.996365 ], [ -115.304222, 41.996361 ], [ -115.300387, 41.996355 ], [ -115.29863, 41.996358 ], [ -115.296745, 41.996331 ], [ -115.296216, 41.996323 ], [ -115.293143, 41.996332 ], [ -115.291642, 41.996337 ], [ -115.289743, 41.996335 ], [ -115.289279, 41.996335 ], [ -115.287982, 41.996334 ], [ -115.287716, 41.996331 ], [ -115.286556, 41.996315 ], [ -115.28459, 41.996321 ], [ -115.280151, 41.996334 ], [ -115.279448, 41.996338 ], [ -115.277303, 41.996346 ], [ -115.275907, 41.996371 ], [ -115.27514, 41.996333 ], [ -115.274473, 41.996345 ], [ -115.273639, 41.996339 ], [ -115.271334, 41.99633 ], [ -115.269248, 41.996322 ], [ -115.267124, 41.996326 ], [ -115.267032, 41.996326 ], [ -115.265411, 41.996298 ], [ -115.262369, 41.996335 ], [ -115.261708, 41.996338 ], [ -115.261005, 41.996336 ], [ -115.259772, 41.996293 ], [ -115.257576, 41.996315 ], [ -115.255783, 41.996314 ], [ -115.254908, 41.996271 ], [ -115.254796, 41.99627 ], [ -115.251027, 41.996297 ], [ -115.25003, 41.996307 ], [ -115.247952, 41.99633 ], [ -115.246613, 41.996331 ], [ -115.246195, 41.996331 ], [ -115.241813, 41.996323 ], [ -115.240268, 41.996322 ], [ -115.238186, 41.996331 ], [ -115.233209, 41.996347 ], [ -115.233022, 41.996347 ], [ -115.229947, 41.996358 ], [ -115.226585, 41.996373 ], [ -115.226033, 41.996376 ], [ -115.224258, 41.996379 ], [ -115.220763, 41.996376 ], [ -115.219421, 41.996371 ], [ -115.213994, 41.996351 ], [ -115.20997, 41.996346 ], [ -115.206268, 41.996335 ], [ -115.205406, 41.996332 ], [ -115.202067, 41.9963 ], [ -115.201373, 41.996292 ], [ -115.198363, 41.996292 ], [ -115.197713, 41.996291 ], [ -115.196829, 41.996291 ], [ -115.191944, 41.996281 ], [ -115.190948, 41.996279 ], [ -115.189956, 41.996278 ], [ -115.18584, 41.996265 ], [ -115.181883, 41.996258 ], [ -115.177589, 41.996248 ], [ -115.173273, 41.996235 ], [ -115.172725, 41.996239 ], [ -115.166842, 41.996268 ], [ -115.166719, 41.996267 ], [ -115.165309, 41.996253 ], [ -115.161893, 41.996216 ], [ -115.160351, 41.996224 ], [ -115.156504, 41.99624 ], [ -115.155483, 41.99624 ], [ -115.154169, 41.996239 ], [ -115.14978, 41.996236 ], [ -115.149424, 41.996237 ], [ -115.147743, 41.996246 ], [ -115.147305, 41.996247 ], [ -115.143376, 41.996265 ], [ -115.142717, 41.996263 ], [ -115.13856, 41.996247 ], [ -115.136038, 41.996235 ], [ -115.134733, 41.996231 ], [ -115.130808, 41.996206 ], [ -115.127805, 41.996187 ], [ -115.126706, 41.99618 ], [ -115.122565, 41.996154 ], [ -115.121667, 41.996148 ], [ -115.118774, 41.99613 ], [ -115.117677, 41.996129 ], [ -115.114199, 41.996128 ], [ -115.110322, 41.996129 ], [ -115.109808, 41.996128 ], [ -115.109464, 41.996131 ], [ -115.108277, 41.996135 ], [ -115.103541, 41.996159 ], [ -115.100418, 41.996141 ], [ -115.097185, 41.996121 ], [ -115.092428, 41.996115 ], [ -115.086936, 41.996158 ], [ -115.080992, 41.996163 ], [ -115.076313, 41.996142 ], [ -115.075093, 41.996134 ], [ -115.069421, 41.996137 ], [ -115.065127, 41.996177 ], [ -115.062879, 41.996198 ], [ -115.057343, 41.996205 ], [ -115.055721, 41.99621 ], [ -115.051992, 41.996219 ], [ -115.048376, 41.996293 ], [ -115.047323, 41.996276 ], [ -115.045313, 41.996239 ], [ -115.041837, 41.996249 ], [ -115.04041, 41.996259 ], [ -115.038255, 41.996279 ], [ -115.038157, 41.996279 ], [ -115.037492, 41.996245 ], [ -115.036784, 41.996245 ], [ -115.034003, 41.996245 ], [ -115.033002, 41.996245 ], [ -115.032007, 41.99626 ], [ -115.031718, 41.996264 ], [ -115.025748, 41.996352 ], [ -115.022967, 41.996432 ], [ -115.020737, 41.996496 ], [ -115.015773, 41.996552 ], [ -115.015594, 41.996554 ], [ -115.015418, 41.996556 ], [ -115.015109, 41.996559 ], [ -115.014887, 41.996562 ], [ -115.014605, 41.996571 ], [ -115.014066, 41.99659 ], [ -115.013765, 41.9966 ], [ -115.013385, 41.996613 ], [ -115.012399, 41.996647 ], [ -115.011507, 41.996678 ], [ -115.009858, 41.996734 ], [ -115.007937, 41.9968 ], [ -115.003053, 41.996976 ], [ -115.000992, 41.997136 ], [ -115.000973, 41.997138 ], [ -115.000052, 41.99721 ], [ -114.999925, 41.99722 ], [ -114.993499, 41.997565 ], [ -114.984142, 41.997505 ], [ -114.984117, 41.997505 ], [ -114.982996, 41.997498 ], [ -114.982817, 41.997497 ], [ -114.982538, 41.997495 ], [ -114.982153, 41.997493 ], [ -114.981515, 41.997489 ], [ -114.980912, 41.997485 ], [ -114.979529, 41.997476 ], [ -114.978955, 41.997473 ], [ -114.977357, 41.997473 ], [ -114.976005, 41.997474 ], [ -114.974713, 41.997475 ], [ -114.97355, 41.997476 ], [ -114.972414, 41.997518 ] ] ] ] } }
]
}
